log_id,badge_id,officer_name,rank,user_id,timestamp,spo2,pulse,temperature,latitude,longitude,altitude,accel_x,accel_y,accel_z,barometer,gyro_x,gyro_y,gyro_z,mag_x,mag_y,mag_z,bat_v,ir,red,time_delta,lat_delta,lon_delta,approx_speed_kmh,heart_rate,skin_temperature,target
11114,SO-0401,Head Constable Ramesh Mehta,Head Constable,32,2026-07-15 18:05:00+00:00,81.0,82.0,,21.1803012,72.9380508,22.799999237060547,-0.551,0.175,0.838,,0.0,0.0,0.0,,,,,0.0,0.0,0.0,0.0,0.0,0.0,82.0,36.5,0
11119,SO-0401,Head Constable Ramesh Mehta,Head Constable,32,2026-07-15 18:05:29+00:00,85.0,85.0,,21.180297,72.9380478,22.799999237060547,-0.847,0.342,-0.371,,0.0,0.0,0.0,,,,,0.0,0.0,29.0,-4.199999999343618e-06,-2.999999992425728e-06,0.07,85.0,36.5,0
11124,SO-0401,Head Constable Ramesh Mehta,Head Constable,32,2026-07-15 18:05:59+00:00,93.0,88.0,,21.1803056,72.9380489,22.799999237060547,-0.832,-0.25,0.521,,0.0,0.0,0.0,,,,,0.0,0.0,30.0,8.600000001024455e-06,1.099999991538425e-06,0.12,88.0,36.5,2
11129,SO-0401,Head Constable Ramesh Mehta,Head Constable,32,2026-07-15 18:06:29+00:00,98.0,88.0,,21.1803034,72.9380334,22.799999237060547,-0.817,-0.322,0.483,,0.0,0.0,0.0,,,,,0.0,0.0,30.0,-2.2000000008404186e-06,-1.5500000003498826e-05,0.19,88.0,36.5,2
11134,SO-0401,Head Constable Ramesh Mehta,Head Constable,32,2026-07-15 18:06:59+00:00,94.0,87.0,,21.1803019,72.9380513,22.799999237060547,-0.809,-0.399,0.432,,0.0,0.0,0.0,,,,,0.0,0.0,30.0,-1.4999999997655775e-06,1.790000000312375e-05,0.22,87.0,36.5,2
11139,SO-0401,Head Constable Ramesh Mehta,Head Constable,32,2026-07-15 18:07:29+00:00,99.0,88.0,,21.1803051,72.9380477,22.799999237060547,-0.764,-0.418,0.508,,0.0,0.0,0.0,,,,,0.0,0.0,30.0,3.200000001868375e-06,-3.5999999994373866e-06,0.06,88.0,36.5,2
11144,SO-0401,Head Constable Ramesh Mehta,Head Constable,32,2026-07-15 18:07:59+00:00,91.0,88.0,,21.1803014,72.9380484,22.799999237060547,-0.734,-0.355,0.592,,0.0,0.0,0.0,,,,,0.0,0.0,30.0,-3.700000000605996e-06,7.000000010748408e-07,0.05,88.0,36.5,2
11149,SO-0401,Head Constable Ramesh Mehta,Head Constable,32,2026-07-15 18:08:29+00:00,92.0,88.0,,21.1803033,72.9380527,22.799999237060547,-0.85,-0.416,0.426,,0.0,0.0,0.0,,,,,0.0,0.0,30.0,1.8999999973345896e-06,4.300000000512227e-06,0.06,88.0,36.5,2
11154,SO-0401,Head Constable Ramesh Mehta,Head Constable,32,2026-07-15 18:08:59+00:00,91.0,88.0,,21.1803,72.9380459,22.799999237060547,-0.592,-0.462,0.652,,0.0,0.0,0.0,,,,,0.0,0.0,30.0,-3.299999999484271e-06,-6.799999994200334e-06,0.1,88.0,36.5,2
11159,SO-0401,Head Constable Ramesh Mehta,Head Constable,32,2026-07-15 18:09:29+00:00,88.0,88.0,,21.1803043,72.9380529,22.799999237060547,-0.527,-0.487,0.726,,0.0,0.0,0.0,,,,,0.0,0.0,30.0,4.300000000512227e-06,6.999999996537554e-06,0.1,88.0,36.5,0
11164,SO-0401,Head Constable Ramesh Mehta,Head Constable,32,2026-07-15 18:09:59+00:00,89.0,88.0,,21.1802997,72.9380363,22.799999237060547,-0.411,-0.458,0.842,,0.0,0.0,0.0,,,,,0.0,0.0,30.0,-4.600000000465343e-06,-1.6600000009248106e-05,0.22,88.0,36.5,0
11169,SO-0401,Head Constable Ramesh Mehta,Head Constable,32,2026-07-15 18:10:29+00:00,98.0,88.0,,21.1802956,72.9380372,22.799999237060547,-0.301,-0.375,0.809,,0.0,0.0,0.0,,,,,0.0,0.0,30.0,-4.099999998175008e-06,9.000000034120603e-07,0.06,88.0,36.5,2
11175,SO-0401,Head Constable Ramesh Mehta,Head Constable,32,2026-07-15 18:10:59+00:00,82.0,88.0,,21.1802794,72.9379255,23.0,-0.37,-0.415,0.845,,0.0,0.0,0.0,,,,,0.0,0.0,30.0,-1.6200000001020953e-05,-0.0001116999999908,1.4,88.0,36.5,0
11181,SO-0401,Head Constable Ramesh Mehta,Head Constable,32,2026-07-15 18:11:29+00:00,89.0,88.0,,21.1803027,72.9380378,22.799999237060547,-0.341,-0.425,0.734,,0.0,0.0,0.0,,,,,0.0,0.0,30.0,2.3299999998727117e-05,0.0001122999999978,1.43,88.0,36.5,0
11186,SO-0401,Head Constable Ramesh Mehta,Head Constable,32,2026-07-15 18:11:59+00:00,99.0,85.0,,21.1803011,72.938044,22.799999237060547,-0.374,-0.351,0.767,,0.0,0.0,0.0,,,,,0.0,0.0,30.0,-1.5999999973814738e-06,6.2000000013995304e-06,0.08,85.0,36.5,2
11191,SO-0401,Head Constable Ramesh Mehta,Head Constable,32,2026-07-15 18:12:29+00:00,88.0,88.0,,21.1803003,72.9380462,22.799999237060547,-0.523,-0.482,0.71,,0.0,0.0,0.0,,,,,0.0,0.0,30.0,-8.000000022434506e-07,2.199999997287705e-06,0.03,88.0,36.5,0
11198,SO-0401,Head Constable Ramesh Mehta,Head Constable,32,2026-07-15 18:12:59+00:00,96.0,87.0,,21.1803011,72.9380426,22.799999237060547,-0.416,-0.407,0.857,,0.0,0.0,0.0,,,,,0.0,0.0,30.0,8.000000022434506e-07,-3.5999999994373866e-06,0.05,87.0,36.5,2
11204,SO-0401,Head Constable Ramesh Mehta,Head Constable,32,2026-07-15 18:13:29+00:00,88.0,88.0,,21.1803058,72.9380381,22.799999237060547,-0.369,-0.466,0.842,,0.0,0.0,0.0,,,,,0.0,0.0,30.0,4.699999998081239e-06,-4.500000002849447e-06,0.08,88.0,36.5,0
11210,SO-0401,Head Constable Ramesh Mehta,Head Constable,32,2026-07-15 18:13:59+00:00,95.0,88.0,,21.1803044,72.9380545,22.799999237060547,-0.416,-0.494,0.75,,0.0,0.0,0.0,,,,,0.0,0.0,30.0,-1.399999998596968e-06,1.6400000006910886e-05,0.2,88.0,36.5,2
11215,SO-0401,Head Constable Ramesh Mehta,Head Constable,32,2026-07-15 18:14:29+00:00,96.0,88.0,,21.1803064,72.938049,22.799999237060547,-0.592,-0.499,0.719,,0.0,0.0,0.0,,,,,0.0,0.0,30.0,1.999999998503199e-06,-5.50000000032469e-06,0.07,88.0,36.5,2
11221,SO-0401,Head Constable Ramesh Mehta,Head Constable,32,2026-07-15 18:14:59+00:00,97.0,86.0,,21.1803007,72.9380535,22.799999237060547,-0.542,-0.42,0.746,,0.0,0.0,0.0,,,,,0.0,0.0,30.0,-5.699999999109195e-06,4.499999988638592e-06,0.09,86.0,36.5,2
11228,SO-0401,Head Constable Ramesh Mehta,Head Constable,32,2026-07-15 18:15:29+00:00,100.0,88.0,,21.1803001,72.9380508,22.799999237060547,-0.54,-0.466,0.718,,0.0,0.0,0.0,,,,,0.0,0.0,30.0,-5.999999999062311e-07,-2.6999999960253263e-06,0.03,88.0,36.5,2
11234,SO-0401,Head Constable Ramesh Mehta,Head Constable,32,2026-07-15 18:16:00+00:00,83.0,88.0,,21.1803073,72.9380502,22.799999237060547,-0.601,0.017,-0.669,,0.0,0.0,0.0,,,,,0.0,0.0,31.0,7.199999998874773e-06,-5.999999928008037e-07,0.09,88.0,36.5,0
11240,SO-0401,Head Constable Ramesh Mehta,Head Constable,32,2026-07-15 18:16:30+00:00,91.0,87.0,,21.1803007,72.938054,22.799999237060547,-0.811,0.051,-0.56,,0.0,0.0,0.0,,,,,0.0,0.0,30.0,-6.599999998968542e-06,3.7999999875637513e-06,0.1,87.0,36.5,2
11246,SO-0401,Head Constable Ramesh Mehta,Head Constable,32,2026-07-15 18:17:00+00:00,86.0,88.0,,21.1803044,72.9380511,22.799999237060547,-0.852,-0.057,-0.483,,0.0,0.0,0.0,,,,,0.0,0.0,30.0,3.700000000605996e-06,-2.8999999983625457e-06,0.06,88.0,36.5,0
11252,SO-0401,Head Constable Ramesh Mehta,Head Constable,32,2026-07-15 18:17:31+00:00,80.0,87.0,,21.1803013,72.938053,22.799999237060547,-0.684,-0.474,0.577,,0.0,0.0,0.0,,,,,0.0,0.0,31.0,-3.1000000006997652e-06,1.900000000887303e-06,0.05,87.0,36.5,0
11258,SO-0401,Head Constable Ramesh Mehta,Head Constable,32,2026-07-15 18:17:59+00:00,86.0,88.0,,21.1803034,72.9380544,22.799999237060547,-0.652,-0.497,0.592,,0.0,0.0,0.0,,,,,0.0,0.0,28.0,2.099999999671809e-06,1.4000000021496817e-06,0.04,88.0,36.5,0
11264,SO-0401,Head Constable Ramesh Mehta,Head Constable,32,2026-07-15 18:18:29+00:00,93.0,88.0,,21.1803042,72.9380517,22.799999237060547,-0.982,-0.487,0.399,,0.0,0.0,0.0,,,,,0.0,0.0,30.0,7.999999986907369e-07,-2.6999999960253263e-06,0.04,88.0,36.5,2
11270,SO-0401,Head Constable Ramesh Mehta,Head Constable,32,2026-07-15 18:18:59+00:00,87.0,87.0,,21.1802938,72.9380611,22.799999237060547,-0.816,-0.416,-0.414,,0.0,0.0,0.0,,,,,0.0,0.0,30.0,-1.0399999997190434e-05,9.399999996162478e-06,0.18,87.0,36.5,0
11276,SO-0401,Head Constable Ramesh Mehta,Head Constable,32,2026-07-15 18:19:29+00:00,83.0,84.0,,21.180301,72.9380485,22.799999237060547,-0.8,-0.469,0.556,,0.0,0.0,0.0,,,,,0.0,0.0,30.0,7.199999998874773e-06,-1.260000000513628e-05,0.18,84.0,36.5,0
11282,SO-0401,Head Constable Ramesh Mehta,Head Constable,32,2026-07-15 18:19:59+00:00,90.0,85.0,,21.1802973,72.9380568,22.799999237060547,-0.826,0.404,0.381,,0.0,0.0,0.0,,,,,0.0,0.0,30.0,-3.700000000605996e-06,8.300000004624053e-06,0.11,85.0,36.5,0
11288,SO-0401,Head Constable Ramesh Mehta,Head Constable,32,2026-07-15 18:20:29+00:00,93.0,88.0,,21.1803025,72.9380583,22.799999237060547,-0.858,-0.141,-0.472,,0.0,0.0,0.0,,,,,0.0,0.0,30.0,5.200000000371574e-06,1.499999996212864e-06,0.07,88.0,36.5,2
11294,SO-0401,Head Constable Ramesh Mehta,Head Constable,32,2026-07-15 18:20:59+00:00,96.0,88.0,,21.180297,72.9380576,22.799999237060547,-0.848,-0.149,-0.483,,0.0,0.0,0.0,,,,,0.0,0.0,30.0,-5.50000000032469e-06,-7.000000010748408e-07,0.07,88.0,36.5,2
11300,SO-0401,Head Constable Ramesh Mehta,Head Constable,32,2026-07-15 18:21:29+00:00,98.0,88.0,,21.1803013,72.9380502,22.799999237060547,-0.885,0.021,-0.433,,0.0,0.0,0.0,,,,,0.0,0.0,30.0,4.300000000512227e-06,-7.399999987001138e-06,0.11,88.0,36.5,2
11306,SO-0401,Head Constable Ramesh Mehta,Head Constable,32,2026-07-15 18:21:59+00:00,100.0,87.0,,21.1802965,72.9380511,22.799999237060547,-0.571,0.259,0.787,,0.0,0.0,0.0,,,,,0.0,0.0,30.0,-4.799999999249849e-06,8.999999892012056e-07,0.06,87.0,36.5,2
11311,SO-0401,Head Constable Ramesh Mehta,Head Constable,32,2026-07-15 18:22:29+00:00,88.0,88.0,,21.1802968,72.9380548,22.799999237060547,0.265,-0.631,0.783,,0.0,0.0,0.0,,,,,0.0,0.0,30.0,2.999999999531156e-07,3.700000007711424e-06,0.05,88.0,36.5,0
11316,SO-0401,Head Constable Ramesh Mehta,Head Constable,32,2026-07-15 18:22:59+00:00,91.0,88.0,,21.180301,72.9380484,22.799999237060547,-0.525,-0.436,0.735,,0.0,0.0,0.0,,,,,0.0,0.0,30.0,4.199999999343618e-06,-6.40000000373675e-06,0.1,88.0,36.5,2
11323,SO-0401,Head Constable Ramesh Mehta,Head Constable,32,2026-07-15 18:23:29+00:00,88.0,88.0,,21.1803052,72.9380539,22.799999237060547,-0.797,-0.423,-0.394,,0.0,0.0,0.0,,,,,0.0,0.0,30.0,4.199999999343618e-06,5.50000000032469e-06,0.09,88.0,36.5,0
11328,SO-0401,Head Constable Ramesh Mehta,Head Constable,32,2026-07-15 18:23:59+00:00,93.0,82.0,,21.1803222,72.9380488,22.799999237060547,-0.787,-0.41,-0.406,,0.0,0.0,0.0,,,,,0.0,0.0,30.0,1.699999999971169e-05,-5.099999995650251e-06,0.24,82.0,36.5,2
11334,SO-0401,Head Constable Ramesh Mehta,Head Constable,32,2026-07-15 18:24:29+00:00,91.0,88.0,,21.1803012,72.9380562,22.799999237060547,-0.812,-0.423,-0.43,,0.0,0.0,0.0,,,,,0.0,0.0,30.0,-2.10000000002708e-05,7.400000001211993e-06,0.29,88.0,36.5,2
11340,SO-0401,Head Constable Ramesh Mehta,Head Constable,32,2026-07-15 18:24:59+00:00,89.0,88.0,,21.1803018,72.9380515,22.799999237060547,-0.937,-0.018,-0.513,,0.0,0.0,0.0,,,,,0.0,0.0,30.0,5.999999999062311e-07,-4.700000005186666e-06,0.06,88.0,36.5,0
11346,SO-0401,Head Constable Ramesh Mehta,Head Constable,32,2026-07-15 18:25:29+00:00,93.0,88.0,,21.1803014,72.9380537,22.799999237060547,0.182,-0.225,1.028,,0.0,0.0,0.0,,,,,0.0,0.0,30.0,-3.999999975690116e-07,2.199999997287705e-06,0.03,88.0,36.5,2
11352,SO-0401,Head Constable Ramesh Mehta,Head Constable,32,2026-07-15 18:25:59+00:00,86.0,88.0,,21.1803065,72.9380522,22.799999237060547,-0.683,-0.428,0.619,,0.0,0.0,0.0,,,,,0.0,0.0,30.0,5.099999999202964e-06,-1.499999996212864e-06,0.07,88.0,36.5,0
11358,SO-0401,Head Constable Ramesh Mehta,Head Constable,32,2026-07-15 18:26:29+00:00,94.0,81.0,,21.1803003,72.9380544,22.799999237060547,-0.699,-0.503,0.528,,0.0,0.0,0.0,,,,,0.0,0.0,30.0,-6.2000000013995304e-06,2.199999997287705e-06,0.09,81.0,36.5,2
11364,SO-0401,Head Constable Ramesh Mehta,Head Constable,32,2026-07-15 18:26:59+00:00,91.0,88.0,,21.180302,72.9380536,22.799999237060547,-0.555,-0.495,0.7,,0.0,0.0,0.0,,,,,0.0,0.0,30.0,1.7000000021027972e-06,-7.999999951380232e-07,0.02,88.0,36.5,2
11369,SO-0401,Head Constable Ramesh Mehta,Head Constable,32,2026-07-15 18:27:29+00:00,97.0,88.0,,21.1803094,72.9380512,22.799999237060547,-0.42,-0.47,0.747,,0.0,0.0,0.0,,,,,0.0,0.0,30.0,7.399999997659279e-06,-2.3999999996249244e-06,0.1,88.0,36.5,2
11376,SO-0401,Head Constable Ramesh Mehta,Head Constable,32,2026-07-15 18:27:59+00:00,80.0,88.0,,21.1802871,72.9380464,22.799999237060547,-0.784,-0.383,0.677,,0.0,0.0,0.0,,,,,0.0,0.0,30.0,-2.229999999769916e-05,-4.799999999249849e-06,0.3,88.0,36.5,0
11382,SO-0401,Head Constable Ramesh Mehta,Head Constable,32,2026-07-15 18:28:29+00:00,87.0,85.0,,21.1802996,72.9380548,22.799999237060547,-0.552,-0.485,0.682,,0.0,0.0,0.0,,,,,0.0,0.0,30.0,1.2500000000414955e-05,8.399999998687235e-06,0.2,85.0,36.5,0
11388,SO-0401,Head Constable Ramesh Mehta,Head Constable,32,2026-07-15 18:28:59+00:00,82.0,88.0,,21.1802985,72.9380511,22.799999237060547,-0.737,-0.487,0.485,,0.0,0.0,0.0,,,,,0.0,0.0,30.0,-1.100000002196566e-06,-3.700000007711424e-06,0.05,88.0,36.5,0
11393,SO-0401,Head Constable Ramesh Mehta,Head Constable,32,2026-07-15 18:29:29+00:00,90.0,87.0,,21.1803066,72.9380448,22.799999237060547,-0.516,0.103,0.911,,0.0,0.0,0.0,,,,,0.0,0.0,30.0,8.100000002286833e-06,-6.299999995462713e-06,0.13,87.0,36.5,0
11400,SO-0401,Head Constable Ramesh Mehta,Head Constable,32,2026-07-15 18:29:59+00:00,92.0,87.0,,21.1803022,72.9380525,22.799999237060547,-0.69,-0.471,0.545,,0.0,0.0,0.0,,,,,0.0,0.0,30.0,-4.400000001680837e-06,7.699999997612395e-06,0.11,87.0,36.5,2
11405,SO-0401,Head Constable Ramesh Mehta,Head Constable,32,2026-07-15 18:30:29+00:00,87.0,88.0,,21.1803234,72.9380359,22.799999237060547,-0.529,-0.444,0.689,,0.0,0.0,0.0,,,,,0.0,0.0,30.0,2.1199999999055308e-05,-1.659999999503725e-05,0.35,88.0,36.5,0
11411,SO-0401,Head Constable Ramesh Mehta,Head Constable,32,2026-07-15 18:30:59+00:00,85.0,88.0,,21.1803117,72.9380478,22.799999237060547,-0.605,-0.435,0.665,,0.0,0.0,0.0,,,,,0.0,0.0,30.0,-1.1699999998171506e-05,1.190000000406144e-05,0.21,88.0,36.5,0
11415,SO-0401,Head Constable Ramesh Mehta,Head Constable,32,2026-07-15 18:31:29+00:00,86.0,87.0,,21.1803044,72.9380456,22.799999237060547,-0.696,-0.469,0.554,,0.0,0.0,0.0,,,,,0.0,0.0,30.0,-7.300000000043383e-06,-2.2000000114985596e-06,0.1,87.0,36.5,0
11421,SO-0401,Head Constable Ramesh Mehta,Head Constable,32,2026-07-15 18:31:59+00:00,99.0,88.0,,21.1803135,72.9380451,22.799999237060547,-0.907,-0.007,-0.23,,0.0,0.0,0.0,,,,,0.0,0.0,30.0,9.099999999762076e-06,-4.999999987376214e-07,0.12,88.0,36.5,2
11426,SO-0401,Head Constable Ramesh Mehta,Head Constable,32,2026-07-15 18:32:29+00:00,92.0,85.0,,21.1802993,72.9380494,22.799999237060547,-0.764,-0.503,0.644,,0.0,0.0,0.0,,,,,0.0,0.0,30.0,-1.419999999896504e-05,4.300000000512227e-06,0.2,85.0,36.5,2
11431,SO-0401,Head Constable Ramesh Mehta,Head Constable,32,2026-07-15 18:32:59+00:00,92.0,85.0,,21.1803118,72.9380421,22.799999237060547,-0.432,-0.509,0.758,,0.0,0.0,0.0,,,,,0.0,0.0,30.0,1.2499999996862243e-05,-7.2999999929379555e-06,0.19,85.0,36.5,2
11436,SO-0401,Head Constable Ramesh Mehta,Head Constable,32,2026-07-15 18:33:29+00:00,99.0,88.0,,21.1803272,72.9380495,22.799999237060547,-0.781,-0.499,0.253,,0.0,0.0,0.0,,,,,0.0,0.0,30.0,1.5400000002330216e-05,7.400000001211993e-06,0.22,88.0,36.5,2
11440,SO-0401,Head Constable Ramesh Mehta,Head Constable,32,2026-07-15 18:33:59+00:00,82.0,87.0,,21.1803129,72.9380508,22.799999237060547,-1.109,0.171,-0.049,,0.0,0.0,0.0,,,,,0.0,0.0,30.0,-1.430000000013365e-05,1.2999999938756446e-06,0.19,87.0,36.5,0
11446,SO-0401,Head Constable Ramesh Mehta,Head Constable,32,2026-07-15 18:34:29+00:00,94.0,87.0,,21.180313,72.9380446,22.799999237060547,-0.967,0.188,-0.133,,0.0,0.0,0.0,,,,,0.0,0.0,30.0,1.0000000116860974e-07,-6.2000000013995304e-06,0.08,87.0,36.5,2
11451,SO-0401,Head Constable Ramesh Mehta,Head Constable,32,2026-07-15 18:34:59+00:00,99.0,86.0,,21.1803051,72.9380358,22.799999237060547,-0.552,-0.813,-0.196,,0.0,0.0,0.0,,,,,0.0,0.0,30.0,-7.899999999949614e-06,-8.800000003361674e-06,0.15,86.0,36.5,2
11456,SO-0401,Head Constable Ramesh Mehta,Head Constable,32,2026-07-15 18:35:29+00:00,81.0,88.0,,21.1803131,72.938064,22.799999237060547,-0.528,-0.512,0.691,,0.0,0.0,0.0,,,,,0.0,0.0,30.0,7.99999999756551e-06,2.820000000269829e-05,0.37,88.0,36.5,0
11462,SO-0401,Head Constable Ramesh Mehta,Head Constable,32,2026-07-15 18:35:59+00:00,93.0,85.0,,21.1803125,72.9380443,22.799999237060547,-0.601,-0.511,0.722,,0.0,0.0,0.0,,,,,0.0,0.0,30.0,-5.999999999062311e-07,-1.9699999995737016e-05,0.24,85.0,36.5,2
11468,SO-0401,Head Constable Ramesh Mehta,Head Constable,32,2026-07-15 18:36:29+00:00,96.0,88.0,,21.1803011,72.938049,22.799999237060547,-0.613,-0.524,0.604,,0.0,0.0,0.0,,,,,0.0,0.0,30.0,-1.139999999821839e-05,4.700000005186666e-06,0.16,88.0,36.5,2
11473,SO-0401,Head Constable Ramesh Mehta,Head Constable,32,2026-07-15 18:36:59+00:00,94.0,88.0,,21.1803085,72.9380433,22.799999237060547,-0.562,-0.515,0.649,,0.0,0.0,0.0,,,,,0.0,0.0,30.0,7.399999997659279e-06,-5.700000002661909e-06,0.12,88.0,36.5,2
11478,SO-0401,Head Constable Ramesh Mehta,Head Constable,32,2026-07-15 18:37:29+00:00,86.0,86.0,,21.1803062,72.9380473,22.799999237060547,-0.733,-0.507,0.472,,0.0,0.0,0.0,,,,,0.0,0.0,30.0,-2.2999999984563142e-06,3.999999989900971e-06,0.06,86.0,36.5,0
11484,SO-0401,Head Constable Ramesh Mehta,Head Constable,32,2026-07-15 18:37:59+00:00,84.0,88.0,,21.1802999,72.9380487,22.799999237060547,-0.772,0.492,0.372,,0.0,0.0,0.0,,,,,0.0,0.0,30.0,-6.2999999990154265e-06,1.4000000021496817e-06,0.09,88.0,36.5,0
11489,SO-0401,Head Constable Ramesh Mehta,Head Constable,32,2026-07-15 18:38:29+00:00,96.0,88.0,,21.1803026,72.9380536,22.799999237060547,-0.647,-0.473,0.604,,0.0,0.0,0.0,,,,,0.0,0.0,30.0,2.69999999957804e-06,4.900000007523886e-06,0.07,88.0,36.5,2
11494,SO-0401,Head Constable Ramesh Mehta,Head Constable,32,2026-07-15 18:38:59+00:00,93.0,88.0,,21.1803065,72.9380516,22.799999237060547,-0.675,-0.488,0.567,,0.0,0.0,0.0,,,,,0.0,0.0,30.0,3.899999999390502e-06,-2.00000000916134e-06,0.06,88.0,36.5,2
11499,SO-0401,Head Constable Ramesh Mehta,Head Constable,32,2026-07-15 18:39:29+00:00,99.0,77.0,,21.1803023,72.9380454,22.799999237060547,-0.978,0.186,-0.04,,0.0,0.0,0.0,,,,,0.0,0.0,30.0,-4.199999999343618e-06,-6.2000000013995304e-06,0.1,77.0,36.5,2
11504,SO-0401,Head Constable Ramesh Mehta,Head Constable,32,2026-07-15 18:39:59+00:00,91.0,87.0,,21.180299,72.9380511,22.799999237060547,-0.62,-0.559,-0.558,,0.0,0.0,0.0,,,,,0.0,0.0,30.0,-3.299999999484271e-06,5.700000002661909e-06,0.08,87.0,36.5,2
11509,SO-0401,Head Constable Ramesh Mehta,Head Constable,32,2026-07-15 18:40:29+00:00,91.0,88.0,,21.1803004,72.9380488,22.799999237060547,-0.905,-0.166,-0.374,,0.0,0.0,0.0,,,,,0.0,0.0,30.0,1.399999998596968e-06,-2.2999999913508873e-06,0.03,88.0,36.5,2
11514,SO-0401,Head Constable Ramesh Mehta,Head Constable,32,2026-07-15 18:40:59+00:00,91.0,88.0,,21.1803054,72.9380494,22.799999237060547,-0.831,0.37,0.399,,0.0,0.0,0.0,,,,,0.0,0.0,30.0,5.000000001587068e-06,5.999999928008037e-07,0.07,88.0,36.5,2
11519,SO-0401,Head Constable Ramesh Mehta,Head Constable,32,2026-07-15 18:41:29+00:00,94.0,88.0,,21.1802994,72.9380378,22.799999237060547,-0.718,-0.5,0.483,,0.0,0.0,0.0,,,,,0.0,0.0,30.0,-6.000000002615025e-06,-1.1599999993450185e-05,0.16,88.0,36.5,2
11523,SO-0401,Head Constable Ramesh Mehta,Head Constable,32,2026-07-15 18:41:59+00:00,95.0,81.0,,21.180293,72.9380386,22.799999237060547,-0.976,0.133,-0.018,,0.0,0.0,0.0,,,,,0.0,0.0,30.0,-6.400000000184036e-06,7.999999951380232e-07,0.09,81.0,36.5,2
11528,SO-0401,Head Constable Ramesh Mehta,Head Constable,32,2026-07-15 18:42:29+00:00,90.0,87.0,,21.180311,72.9380263,22.799999237060547,-0.733,-0.517,0.381,,0.0,0.0,0.0,,,,,0.0,0.0,30.0,1.8000000000739647e-05,-1.2299999994525024e-05,0.28,87.0,36.5,0
11533,SO-0401,Head Constable Ramesh Mehta,Head Constable,32,2026-07-15 18:42:59+00:00,94.0,88.0,,21.1802995,72.9380434,22.799999237060547,-0.885,-0.635,0.574,,0.0,0.0,0.0,,,,,0.0,0.0,30.0,-1.1499999999387e-05,1.7099999993774873e-05,0.26,88.0,36.5,2
11539,SO-0401,Head Constable Ramesh Mehta,Head Constable,32,2026-07-15 18:43:29+00:00,96.0,87.0,,21.1803157,72.9380466,22.799999237060547,-0.764,-0.486,0.44,,0.0,0.0,0.0,,,,,0.0,0.0,30.0,1.6200000001020953e-05,3.2000000089738023e-06,0.22,87.0,36.5,2
11544,SO-0401,Head Constable Ramesh Mehta,Head Constable,32,2026-07-15 18:43:59+00:00,90.0,88.0,,21.1803127,72.9380474,22.799999237060547,-0.551,-0.418,0.335,,0.0,0.0,0.0,,,,,0.0,0.0,30.0,-2.9999999995311555e-06,7.999999951380232e-07,0.04,88.0,36.5,0
11549,SO-0401,Head Constable Ramesh Mehta,Head Constable,32,2026-07-15 18:44:29+00:00,93.0,86.0,,21.1803022,72.938048,22.799999237060547,-0.676,-0.698,-0.141,,0.0,0.0,0.0,,,,,0.0,0.0,30.0,-1.0500000001911758e-05,5.999999928008037e-07,0.14,86.0,36.5,2
11554,SO-0401,Head Constable Ramesh Mehta,Head Constable,32,2026-07-15 18:44:59+00:00,98.0,87.0,,21.180302,72.9380411,22.799999237060547,0.536,-0.096,0.846,,0.0,0.0,0.0,,,,,0.0,0.0,30.0,-1.999999987845058e-07,-6.8999999882635166e-06,0.09,87.0,36.5,2
11559,SO-0401,Head Constable Ramesh Mehta,Head Constable,32,2026-07-15 18:45:29+00:00,95.0,88.0,,21.1803032,72.9380396,22.799999237060547,-0.612,-0.425,0.675,,0.0,0.0,0.0,,,,,0.0,0.0,30.0,1.1999999998124622e-06,-1.5000000104237188e-06,0.02,88.0,36.5,2
11564,SO-0401,Head Constable Ramesh Mehta,Head Constable,32,2026-07-15 18:45:59+00:00,96.0,86.0,,21.1803113,72.9380518,22.799999237060547,-0.449,-0.507,0.833,,0.0,0.0,0.0,,,,,0.0,0.0,30.0,8.09999999873412e-06,1.220000000046184e-05,0.19,86.0,36.5,2
11569,SO-0401,Head Constable Ramesh Mehta,Head Constable,32,2026-07-15 18:46:29+00:00,93.0,88.0,,21.1803065,72.9380453,22.799999237060547,-0.562,-0.104,0.832,,0.0,0.0,0.0,,,,,0.0,0.0,30.0,-4.799999999249849e-06,-6.499999997799932e-06,0.1,88.0,36.5,2
11574,SO-0401,Head Constable Ramesh Mehta,Head Constable,32,2026-07-15 18:46:59+00:00,100.0,87.0,,21.1803096,72.9380504,22.799999237060547,-0.471,-0.472,0.815,,0.0,0.0,0.0,,,,,0.0,0.0,30.0,3.1000000006997652e-06,5.099999995650251e-06,0.08,87.0,36.5,2
11579,SO-0401,Head Constable Ramesh Mehta,Head Constable,32,2026-07-15 18:47:29+00:00,100.0,88.0,,21.1803046,72.9380444,22.799999237060547,-0.622,-0.447,0.69,,0.0,0.0,0.0,,,,,0.0,0.0,30.0,-5.000000001587068e-06,-5.999999999062311e-06,0.1,88.0,36.5,2
11584,SO-0401,Head Constable Ramesh Mehta,Head Constable,32,2026-07-15 18:47:59+00:00,95.0,87.0,,21.1803118,72.9380482,22.799999237060547,-0.313,-0.525,0.488,,0.0,0.0,0.0,,,,,0.0,0.0,30.0,7.199999998874773e-06,3.800000001774606e-06,0.11,87.0,36.5,2
11589,SO-0401,Head Constable Ramesh Mehta,Head Constable,32,2026-07-15 18:48:29+00:00,91.0,88.0,,21.1803142,72.9380477,22.799999237060547,-0.535,-0.21,0.842,,0.0,0.0,0.0,,,,,0.0,0.0,30.0,2.400000003177638e-06,-4.999999987376214e-07,0.03,88.0,36.5,2
11594,SO-0401,Head Constable Ramesh Mehta,Head Constable,32,2026-07-15 18:48:59+00:00,86.0,83.0,,21.1803052,72.9380524,22.799999237060547,-0.79,0.695,-0.019,,0.0,0.0,0.0,,,,,0.0,0.0,30.0,-9.00000000214618e-06,4.700000005186666e-06,0.13,83.0,36.5,0
11599,SO-0401,Head Constable Ramesh Mehta,Head Constable,32,2026-07-15 18:49:29+00:00,90.0,88.0,,21.1803084,72.9380529,22.799999237060547,-0.898,0.132,0.458,,0.0,0.0,0.0,,,,,0.0,0.0,30.0,3.200000001868375e-06,4.999999987376214e-07,0.04,88.0,36.5,0
11604,SO-0401,Head Constable Ramesh Mehta,Head Constable,32,2026-07-15 18:49:59+00:00,94.0,88.0,,21.1803169,72.9380433,22.799999237060547,-0.549,-0.496,0.691,,0.0,0.0,0.0,,,,,0.0,0.0,30.0,8.499999999855845e-06,-9.599999998499698e-06,0.16,88.0,36.5,2
11609,SO-0401,Head Constable Ramesh Mehta,Head Constable,32,2026-07-15 18:50:29+00:00,89.0,88.0,,21.1803088,72.9380525,22.799999237060547,-0.84,-0.451,-0.258,,0.0,0.0,0.0,,,,,0.0,0.0,30.0,-8.100000002286833e-06,9.19999999382526e-06,0.16,88.0,36.5,0
11614,SO-0401,Head Constable Ramesh Mehta,Head Constable,32,2026-07-15 18:50:59+00:00,93.0,82.0,,21.1803058,72.9380489,22.799999237060547,-0.627,-0.372,0.672,,0.0,0.0,0.0,,,,,0.0,0.0,30.0,-2.9999999995311555e-06,-3.5999999994373866e-06,0.06,82.0,36.5,2
11619,SO-0401,Head Constable Ramesh Mehta,Head Constable,32,2026-07-15 18:51:29+00:00,85.0,80.0,,21.1803113,72.9380466,22.799999237060547,-0.668,-0.479,0.575,,0.0,0.0,0.0,,,,,0.0,0.0,30.0,5.50000000032469e-06,-2.2999999913508873e-06,0.08,80.0,36.5,0
11624,SO-0401,Head Constable Ramesh Mehta,Head Constable,32,2026-07-15 18:51:59+00:00,87.0,84.0,,21.1803131,72.938054,22.799999237060547,-0.519,-0.556,0.632,,0.0,0.0,0.0,,,,,0.0,0.0,30.0,1.7999999997186933e-06,7.399999987001138e-06,0.09,84.0,36.5,0
11628,SO-0401,Head Constable Ramesh Mehta,Head Constable,32,2026-07-15 18:52:29+00:00,82.0,87.0,,21.1803066,72.9380518,22.799999237060547,-0.692,-0.874,0.337,,0.0,0.0,0.0,,,,,0.0,0.0,30.0,-6.499999997799932e-06,-2.199999997287705e-06,0.09,87.0,36.5,0
11633,SO-0401,Head Constable Ramesh Mehta,Head Constable,32,2026-07-15 18:52:59+00:00,89.0,88.0,,21.1803024,72.9380493,22.799999237060547,-0.677,-0.512,0.624,,0.0,0.0,0.0,,,,,0.0,0.0,30.0,-4.200000002896331e-06,-2.4999999936881068e-06,0.06,88.0,36.5,0
11638,SO-0401,Head Constable Ramesh Mehta,Head Constable,32,2026-07-15 18:53:29+00:00,93.0,88.0,,21.1803007,72.9380519,22.799999237060547,-0.73,-0.413,0.557,,0.0,0.0,0.0,,,,,0.0,0.0,30.0,-1.6999999985500835e-06,2.600000001962144e-06,0.04,88.0,36.5,2
11643,SO-0401,Head Constable Ramesh Mehta,Head Constable,32,2026-07-15 18:53:59+00:00,85.0,88.0,,21.1803108,72.9380488,22.799999237060547,-0.656,0.134,0.75,,0.0,0.0,0.0,,,,,0.0,0.0,30.0,1.0100000000790033e-05,-3.1000000006997652e-06,0.14,88.0,36.5,0
11647,SO-0401,Head Constable Ramesh Mehta,Head Constable,32,2026-07-15 18:54:29+00:00,92.0,85.0,,21.1803104,72.9380501,22.799999237060547,-0.796,-0.153,0.591,,0.0,0.0,0.0,,,,,0.0,0.0,30.0,-4.000000011217253e-07,1.2999999938756446e-06,0.02,85.0,36.5,2
11651,SO-0401,Head Constable Ramesh Mehta,Head Constable,32,2026-07-15 18:54:59+00:00,97.0,88.0,,21.1803129,72.9380501,22.799999237060547,-0.995,0.05,0.12,,0.0,0.0,0.0,,,,,0.0,0.0,30.0,2.500000000793534e-06,0.0,0.03,88.0,36.5,2
11657,SO-0401,Head Constable Ramesh Mehta,Head Constable,32,2026-07-15 18:55:29+00:00,88.0,77.0,,21.1803044,72.9380526,22.799999237060547,-0.961,-0.047,-0.153,,0.0,0.0,0.0,,,,,0.0,0.0,30.0,-8.499999999855845e-06,2.5000000078989615e-06,0.12,77.0,36.5,0
11662,SO-0401,Head Constable Ramesh Mehta,Head Constable,32,2026-07-15 18:55:59+00:00,93.0,83.0,,21.1803019,72.9380512,22.799999237060547,-0.527,-0.206,0.845,,0.0,0.0,0.0,,,,,0.0,0.0,30.0,-2.500000000793534e-06,-1.4000000021496817e-06,0.04,83.0,36.5,2
11668,SO-0401,Head Constable Ramesh Mehta,Head Constable,32,2026-07-15 18:56:29+00:00,100.0,87.0,,21.1803068,72.9380494,22.799999237060547,-0.418,-0.226,0.897,,0.0,0.0,0.0,,,,,0.0,0.0,30.0,4.9000000004184585e-06,-1.8000000068241206e-06,0.07,87.0,36.5,2
11673,SO-0401,Head Constable Ramesh Mehta,Head Constable,32,2026-07-15 18:56:59+00:00,83.0,83.0,,21.1803048,72.9380432,22.799999237060547,-0.011,-0.071,0.95,,0.0,0.0,0.0,,,,,0.0,0.0,30.0,-2.0000000020559128e-06,-6.2000000013995304e-06,0.08,83.0,36.5,0
11678,SO-0401,Head Constable Ramesh Mehta,Head Constable,32,2026-07-15 18:57:29+00:00,100.0,85.0,,21.1803017,72.9380526,22.799999237060547,-0.465,-0.359,0.846,,0.0,0.0,0.0,,,,,0.0,0.0,30.0,-3.0999999971470515e-06,9.400000010373333e-06,0.12,85.0,36.5,2
11683,SO-0401,Head Constable Ramesh Mehta,Head Constable,32,2026-07-15 18:57:59+00:00,94.0,88.0,,21.1803139,72.9380469,22.799999237060547,-0.493,-0.375,0.816,,0.0,0.0,0.0,,,,,0.0,0.0,30.0,1.220000000046184e-05,-5.700000002661909e-06,0.18,88.0,36.5,2
11688,SO-0401,Head Constable Ramesh Mehta,Head Constable,32,2026-07-15 18:58:29+00:00,86.0,88.0,,21.1802707,72.9380657,22.799999237060547,-0.518,-0.354,0.8,,0.0,0.0,0.0,,,,,0.0,0.0,30.0,-4.3200000000354066e-05,1.8799999992324956e-05,0.62,88.0,36.5,0
11692,SO-0401,Head Constable Ramesh Mehta,Head Constable,32,2026-07-15 18:58:59+00:00,87.0,66.0,,21.1803004,72.9380489,22.799999237060547,-0.53,-0.418,0.762,,0.0,0.0,0.0,,,,,0.0,0.0,30.0,2.9699999998911153e-05,-1.679999999737447e-05,0.45,66.0,36.5,0
11697,SO-0401,Head Constable Ramesh Mehta,Head Constable,32,2026-07-15 18:59:29+00:00,99.0,88.0,,21.1803116,72.9380306,22.799999237060547,-0.546,-0.375,0.783,,0.0,0.0,0.0,,,,,0.0,0.0,30.0,1.1199999999433883e-05,-1.8299999993587335e-05,0.27,88.0,36.5,2
11702,SO-0401,Head Constable Ramesh Mehta,Head Constable,32,2026-07-15 18:59:59+00:00,94.0,88.0,,21.1803144,72.9380473,22.799999237060547,-0.389,-0.322,0.888,,0.0,0.0,0.0,,,,,0.0,0.0,30.0,2.8000000007466497e-06,1.6699999989100434e-05,0.21,88.0,36.5,2
11707,SO-0401,Head Constable Ramesh Mehta,Head Constable,32,2026-07-15 19:00:29+00:00,93.0,85.0,,21.1803063,72.9380504,22.799999237060547,-0.49,-0.373,0.814,,0.0,0.0,0.0,,,,,0.0,0.0,30.0,-8.09999999873412e-06,3.1000000006997652e-06,0.11,85.0,36.5,2
11712,SO-0401,Head Constable Ramesh Mehta,Head Constable,32,2026-07-15 19:00:59+00:00,81.0,88.0,,21.1803066,72.938049,22.799999237060547,-0.476,-0.43,0.801,,0.0,0.0,0.0,,,,,0.0,0.0,30.0,2.999999999531156e-07,-1.399999987938827e-06,0.02,88.0,36.5,0
11718,SO-0401,Head Constable Ramesh Mehta,Head Constable,32,2026-07-15 19:01:29+00:00,97.0,88.0,,21.180304,72.9380503,22.799999237060547,-0.361,-0.367,0.887,,0.0,0.0,0.0,,,,,0.0,0.0,30.0,-2.600000001962144e-06,1.2999999938756446e-06,0.04,88.0,36.5,2
11724,SO-0401,Head Constable Ramesh Mehta,Head Constable,32,2026-07-15 19:01:59+00:00,88.0,88.0,,21.1803019,72.9380462,22.799999237060547,0.062,-0.149,0.993,,0.0,0.0,0.0,,,,,0.0,0.0,30.0,-2.099999999671809e-06,-4.099999998175008e-06,0.06,88.0,36.5,0
11730,SO-0401,Head Constable Ramesh Mehta,Head Constable,32,2026-07-15 19:02:29+00:00,89.0,88.0,,21.1803142,72.938046,22.799999237060547,-0.456,-0.333,0.969,,0.0,0.0,0.0,,,,,0.0,0.0,30.0,1.2300000001630453e-05,-2.0000000233721948e-07,0.16,88.0,36.5,0
11737,SO-0401,Head Constable Ramesh Mehta,Head Constable,32,2026-07-15 19:02:59+00:00,90.0,88.0,,21.1803047,72.9380486,22.799999237060547,-0.618,0.044,0.809,,0.0,0.0,0.0,,,,,0.0,0.0,30.0,-9.5000000008838e-06,2.600000001962144e-06,0.13,88.0,36.5,0
11743,SO-0401,Head Constable Ramesh Mehta,Head Constable,32,2026-07-15 19:03:29+00:00,85.0,76.0,,21.1803081,72.9380434,22.799999237060547,-0.164,0.584,0.808,,0.0,0.0,0.0,,,,,0.0,0.0,30.0,3.4000000006528808e-06,-5.200000003924288e-06,0.08,76.0,36.5,0
11749,SO-0401,Head Constable Ramesh Mehta,Head Constable,32,2026-07-15 19:03:59+00:00,87.0,78.0,,21.1803094,72.9380496,22.799999237060547,-0.162,0.54,0.851,,0.0,0.0,0.0,,,,,0.0,0.0,30.0,1.2999999974283585e-06,6.2000000013995304e-06,0.08,78.0,36.5,0
11755,SO-0401,Head Constable Ramesh Mehta,Head Constable,32,2026-07-15 19:04:30+00:00,82.0,88.0,,21.1803064,72.9380506,22.799999237060547,-0.367,-0.383,0.893,,0.0,0.0,0.0,,,,,0.0,0.0,31.0,-2.9999999995311555e-06,9.999999974752427e-07,0.04,88.0,36.5,0
11761,SO-0401,Head Constable Ramesh Mehta,Head Constable,32,2026-07-15 19:04:59+00:00,99.0,88.0,,21.1803014,72.9380444,22.799999237060547,-0.442,0.536,0.725,,0.0,0.0,0.0,,,,,0.0,0.0,29.0,-4.9999999980343546e-06,-6.2000000013995304e-06,0.11,88.0,36.5,2
11767,SO-0401,Head Constable Ramesh Mehta,Head Constable,32,2026-07-15 19:05:29+00:00,89.0,88.0,,21.1803073,72.9380505,22.799999237060547,-0.489,-0.931,0.085,,0.0,0.0,0.0,,,,,0.0,0.0,30.0,5.899999997893701e-06,6.100000007336348e-06,0.11,88.0,36.5,0
11772,SO-0401,Head Constable Ramesh Mehta,Head Constable,32,2026-07-15 19:05:59+00:00,100.0,88.0,,21.1803022,72.9380519,22.799999237060547,-0.407,0.626,0.68,,0.0,0.0,0.0,,,,,0.0,0.0,30.0,-5.099999999202964e-06,1.4000000021496817e-06,0.07,88.0,36.5,2
11777,SO-0401,Head Constable Ramesh Mehta,Head Constable,32,2026-07-15 19:06:29+00:00,86.0,85.0,,21.1803033,72.9380497,22.799999237060547,-0.224,0.673,0.668,,0.0,0.0,0.0,,,,,0.0,0.0,30.0,1.0999999986438525e-06,-2.2000000114985596e-06,0.03,85.0,36.5,0
11782,SO-0401,Head Constable Ramesh Mehta,Head Constable,32,2026-07-15 19:06:59+00:00,100.0,86.0,,21.1803015,72.9380476,22.799999237060547,-0.349,0.352,1.367,,0.0,0.0,0.0,,,,,0.0,0.0,30.0,-1.7999999997186933e-06,-2.099999989013668e-06,0.04,86.0,36.5,2
11788,SO-0401,Head Constable Ramesh Mehta,Head Constable,32,2026-07-15 19:07:29+00:00,93.0,88.0,,21.1803112,72.9380332,22.799999237060547,-0.302,0.328,0.909,,0.0,0.0,0.0,,,,,0.0,0.0,30.0,9.699999999668307e-06,-1.4399999997749546e-05,0.22,88.0,36.5,2
11794,SO-0401,Head Constable Ramesh Mehta,Head Constable,32,2026-07-15 19:08:00+00:00,89.0,84.0,,21.1803043,72.9380495,22.799999237060547,-0.073,-0.361,1.02,,0.0,0.0,0.0,,,,,0.0,0.0,31.0,-6.899999998921658e-06,1.629999999863685e-05,0.22,84.0,36.5,0
11799,SO-0401,Head Constable Ramesh Mehta,Head Constable,32,2026-07-15 19:08:29+00:00,82.0,62.0,,21.180308,72.9380435,22.799999237060547,-0.339,-0.364,0.9,,0.0,0.0,0.0,,,,,0.0,0.0,29.0,3.700000000605996e-06,-5.999999999062311e-06,0.09,62.0,36.5,0
11805,SO-0401,Head Constable Ramesh Mehta,Head Constable,32,2026-07-15 19:08:59+00:00,82.0,87.0,,21.180309,72.9380445,22.799999237060547,-0.362,-0.377,0.891,,0.0,0.0,0.0,,,,,0.0,0.0,30.0,1.0000000010279564e-06,9.999999974752427e-07,0.02,87.0,36.5,0
11811,SO-0401,Head Constable Ramesh Mehta,Head Constable,32,2026-07-15 19:09:29+00:00,90.0,86.0,,21.1802988,72.9380468,22.799999237060547,-0.242,-0.308,0.964,,0.0,0.0,0.0,,,,,0.0,0.0,30.0,-1.0200000001958642e-05,2.2999999913508873e-06,0.14,86.0,36.5,0
11817,SO-0401,Head Constable Ramesh Mehta,Head Constable,32,2026-07-15 19:09:59+00:00,90.0,83.0,,21.180305,72.9380527,22.799999237060547,-0.367,-0.362,0.855,,0.0,0.0,0.0,,,,,0.0,0.0,30.0,6.2000000013995304e-06,5.900000004999129e-06,0.11,83.0,36.5,0
11822,SO-0401,Head Constable Ramesh Mehta,Head Constable,32,2026-07-15 19:10:29+00:00,90.0,87.0,,21.1803091,72.9380537,22.799999237060547,-0.208,0.688,1.04,,0.0,0.0,0.0,,,,,0.0,0.0,30.0,4.099999998175008e-06,9.999999974752427e-07,0.06,87.0,36.5,0
11826,SO-0401,Head Constable Ramesh Mehta,Head Constable,32,2026-07-15 19:10:59+00:00,85.0,88.0,,21.1803095,72.9380558,22.799999237060547,-0.886,0.049,0.448,,0.0,0.0,0.0,,,,,0.0,0.0,30.0,4.000000011217253e-07,2.1000000032245225e-06,0.03,88.0,36.5,0
11832,SO-0401,Head Constable Ramesh Mehta,Head Constable,32,2026-07-15 19:11:29+00:00,95.0,78.0,,21.1803111,72.9380546,22.799999237060547,-0.291,-0.325,0.93,,0.0,0.0,0.0,,,,,0.0,0.0,30.0,1.6000000009341877e-06,-1.1999999998124622e-06,0.03,78.0,36.5,2
11837,SO-0401,Head Constable Ramesh Mehta,Head Constable,32,2026-07-15 19:11:59+00:00,84.0,73.0,,21.1803058,72.9380505,22.799999237060547,-0.277,-0.358,0.92,,0.0,0.0,0.0,,,,,0.0,0.0,30.0,-5.300000001540184e-06,-4.099999998175008e-06,0.09,73.0,36.5,0
11842,SO-0401,Head Constable Ramesh Mehta,Head Constable,32,2026-07-15 19:12:29+00:00,88.0,88.0,,21.1803035,72.9380504,22.799999237060547,-0.372,-0.191,0.874,,0.0,0.0,0.0,,,,,0.0,0.0,30.0,-2.2999999984563142e-06,-1.000000082740371e-07,0.03,88.0,36.5,0
11847,SO-0401,Head Constable Ramesh Mehta,Head Constable,32,2026-07-15 19:12:59+00:00,85.0,88.0,,21.1803063,72.9380561,22.799999237060547,-0.172,-0.343,0.946,,0.0,0.0,0.0,,,,,0.0,0.0,30.0,2.8000000007466497e-06,5.700000002661909e-06,0.08,88.0,36.5,0
11852,SO-0401,Head Constable Ramesh Mehta,Head Constable,32,2026-07-15 19:13:29+00:00,82.0,88.0,,21.1802984,72.93805,22.799999237060547,-0.196,0.511,0.88,,0.0,0.0,0.0,,,,,0.0,0.0,30.0,-7.899999999949614e-06,-6.099999993125493e-06,0.13,88.0,36.5,0
11857,SO-0401,Head Constable Ramesh Mehta,Head Constable,32,2026-07-15 19:13:59+00:00,85.0,83.0,,21.1803031,72.9380497,22.799999237060547,0.011,0.133,0.55,,0.0,0.0,0.0,,,,,0.0,0.0,30.0,4.699999998081239e-06,-3.000000106112566e-07,0.06,83.0,36.5,0
11862,SO-0401,Head Constable Ramesh Mehta,Head Constable,32,2026-07-15 19:14:29+00:00,93.0,85.0,,21.180312,72.9380481,22.799999237060547,-0.33,-0.322,0.916,,0.0,0.0,0.0,,,,,0.0,0.0,30.0,8.90000000097757e-06,-1.5999999902760464e-06,0.12,85.0,36.5,2
11867,SO-0401,Head Constable Ramesh Mehta,Head Constable,32,2026-07-15 19:14:59+00:00,100.0,87.0,,21.1803083,72.9380486,22.799999237060547,-0.274,-0.387,0.911,,0.0,0.0,0.0,,,,,0.0,0.0,30.0,-3.700000000605996e-06,4.999999987376214e-07,0.05,87.0,36.5,2
11872,SO-0401,Head Constable Ramesh Mehta,Head Constable,32,2026-07-15 19:15:29+00:00,88.0,80.0,,21.1802989,72.9380474,22.799999237060547,-0.234,-0.979,0.057,,0.0,0.0,0.0,,,,,0.0,0.0,30.0,-9.399999999715192e-06,-1.1999999998124622e-06,0.13,80.0,36.5,0
11877,SO-0401,Head Constable Ramesh Mehta,Head Constable,32,2026-07-15 19:15:59+00:00,86.0,87.0,,21.1802964,72.9380305,22.799999237060547,-0.198,-0.985,0.137,,0.0,0.0,0.0,,,,,0.0,0.0,30.0,-2.500000000793534e-06,-1.6900000005648508e-05,0.21,87.0,36.5,0
11881,SO-0401,Head Constable Ramesh Mehta,Head Constable,32,2026-07-15 19:16:29+00:00,87.0,83.0,,21.1802982,72.9380333,22.799999237060547,-0.231,-0.968,0.149,,0.0,0.0,0.0,,,,,0.0,0.0,30.0,1.7999999997186933e-06,2.8000000042993634e-06,0.04,83.0,36.5,0
11887,SO-0401,Head Constable Ramesh Mehta,Head Constable,32,2026-07-15 19:17:00+00:00,89.0,88.0,,21.1803012,72.9380511,22.799999237060547,-0.511,-0.42,0.754,,0.0,0.0,0.0,,,,,0.0,0.0,31.0,2.9999999995311555e-06,1.7799999994849713e-05,0.22,88.0,36.5,0
11891,SO-0401,Head Constable Ramesh Mehta,Head Constable,32,2026-07-15 19:17:29+00:00,96.0,88.0,,21.1803004,72.9380529,22.799999237060547,-0.508,-0.431,0.78,,0.0,0.0,0.0,,,,,0.0,0.0,29.0,-7.999999986907369e-07,1.8000000068241206e-06,0.03,88.0,36.5,2
11897,SO-0401,Head Constable Ramesh Mehta,Head Constable,32,2026-07-15 19:17:59+00:00,98.0,88.0,,21.180306,72.9380483,22.799999237060547,-0.801,-0.079,0.607,,0.0,0.0,0.0,,,,,0.0,0.0,30.0,5.600000001493299e-06,-4.599999996912629e-06,0.09,88.0,36.5,2
11903,SO-0401,Head Constable Ramesh Mehta,Head Constable,32,2026-07-15 19:18:29+00:00,88.0,87.0,,21.1803121,72.9380475,22.799999237060547,-0.604,-0.097,0.806,,0.0,0.0,0.0,,,,,0.0,0.0,30.0,6.099999996678207e-06,-8.000000093488779e-07,0.08,87.0,36.5,0
11909,SO-0401,Head Constable Ramesh Mehta,Head Constable,32,2026-07-15 19:18:59+00:00,96.0,63.0,,21.1802999,72.9380505,22.799999237060547,0.005,1.023,0.981,,0.0,0.0,0.0,,,,,0.0,0.0,30.0,-1.2199999996909128e-05,3.000000006636583e-06,0.17,63.0,36.5,2
11915,SO-0401,Head Constable Ramesh Mehta,Head Constable,32,2026-07-15 19:19:29+00:00,89.0,88.0,,21.1802997,72.9380459,22.799999237060547,-0.469,0.817,-0.262,,0.0,0.0,0.0,,,,,0.0,0.0,30.0,-2.0000000233721948e-07,-4.599999996912629e-06,0.06,88.0,36.5,0
11920,SO-0401,Head Constable Ramesh Mehta,Head Constable,32,2026-07-15 19:19:59+00:00,89.0,71.0,,21.180306,72.9380427,22.799999237060547,0.188,0.778,-0.189,,0.0,0.0,0.0,,,,,0.0,0.0,30.0,6.30000000256814e-06,-3.2000000089738023e-06,0.09,71.0,36.5,0
11925,SO-0401,Head Constable Ramesh Mehta,Head Constable,32,2026-07-15 19:20:29+00:00,95.0,88.0,,21.1803084,72.9380499,22.799999237060547,-0.632,-0.227,0.76,,0.0,0.0,0.0,,,,,0.0,0.0,30.0,2.3999999996249244e-06,7.199999998874773e-06,0.09,88.0,36.5,2
11930,SO-0401,Head Constable Ramesh Mehta,Head Constable,32,2026-07-15 19:20:59+00:00,89.0,86.0,,21.1803007,72.9380515,22.799999237060547,-0.632,-0.213,0.769,,0.0,0.0,0.0,,,,,0.0,0.0,30.0,-7.700000001165108e-06,1.6000000044869012e-06,0.1,86.0,36.5,0
11935,SO-0401,Head Constable Ramesh Mehta,Head Constable,32,2026-07-15 19:21:29+00:00,90.0,88.0,,21.1803048,72.9380516,22.799999237060547,-0.615,-0.206,0.779,,0.0,0.0,0.0,,,,,0.0,0.0,30.0,4.099999998175008e-06,9.999999406318238e-08,0.05,88.0,36.5,0
11940,SO-0401,Head Constable Ramesh Mehta,Head Constable,32,2026-07-15 19:21:59+00:00,91.0,86.0,,21.180301,72.9380425,22.799999237060547,-0.266,0.955,0.023,,0.0,0.0,0.0,,,,,0.0,0.0,30.0,-3.799999998221893e-06,-9.099999999762076e-06,0.12,86.0,36.5,2
11946,SO-0401,Head Constable Ramesh Mehta,Head Constable,32,2026-07-15 19:22:29+00:00,92.0,88.0,,21.1803131,72.9380544,22.799999237060547,-0.207,0.963,0.013,,0.0,0.0,0.0,,,,,0.0,0.0,30.0,1.2099999999293232e-05,1.190000000406144e-05,0.22,88.0,36.5,2
11952,SO-0401,Head Constable Ramesh Mehta,Head Constable,32,2026-07-15 19:22:59+00:00,99.0,88.0,,21.1803034,72.9380275,22.799999237060547,-0.761,0.099,0.634,,0.0,0.0,0.0,,,,,0.0,0.0,30.0,-9.699999999668307e-06,-2.689999999461179e-05,0.36,88.0,36.5,2
11958,SO-0401,Head Constable Ramesh Mehta,Head Constable,32,2026-07-15 19:23:29+00:00,89.0,88.0,,21.180301,72.9380511,22.799999237060547,-0.692,0.151,0.725,,0.0,0.0,0.0,,,,,0.0,0.0,30.0,-2.3999999996249244e-06,2.3599999991574805e-05,0.29,88.0,36.5,0
11964,SO-0401,Head Constable Ramesh Mehta,Head Constable,32,2026-07-15 19:23:59+00:00,89.0,88.0,,21.1803105,72.9380516,22.799999237060547,-0.551,0.823,-0.041,,0.0,0.0,0.0,,,,,0.0,0.0,30.0,9.5000000008838e-06,4.999999987376214e-07,0.13,88.0,36.5,0
11970,SO-0401,Head Constable Ramesh Mehta,Head Constable,32,2026-07-15 19:24:29+00:00,84.0,88.0,,21.1803162,72.938054,22.799999237060547,-0.529,-0.148,0.862,,0.0,0.0,0.0,,,,,0.0,0.0,30.0,5.699999999109195e-06,2.3999999996249244e-06,0.08,88.0,36.5,0
11976,SO-0401,Head Constable Ramesh Mehta,Head Constable,32,2026-07-15 19:24:59+00:00,84.0,87.0,,21.1803064,72.9380509,22.799999237060547,-0.557,-0.153,0.846,,0.0,0.0,0.0,,,,,0.0,0.0,30.0,-9.800000000836915e-06,-3.1000000006997652e-06,0.14,87.0,36.5,0
11982,SO-0401,Head Constable Ramesh Mehta,Head Constable,32,2026-07-15 19:25:29+00:00,95.0,88.0,,21.1803203,72.9380415,22.799999237060547,-0.406,-0.318,0.981,,0.0,0.0,0.0,,,,,0.0,0.0,30.0,1.390000000256464e-05,-9.399999996162478e-06,0.22,88.0,36.5,2
11988,SO-0401,Head Constable Ramesh Mehta,Head Constable,32,2026-07-15 19:25:59+00:00,85.0,88.0,,21.1803077,72.9380495,22.799999237060547,-0.395,-0.304,0.898,,0.0,0.0,0.0,,,,,0.0,0.0,30.0,-1.2600000001583568e-05,8.000000008223651e-06,0.2,88.0,36.5,0
11994,SO-0401,Head Constable Ramesh Mehta,Head Constable,32,2026-07-15 19:26:29+00:00,100.0,87.0,,21.1803029,72.9380493,22.799999237060547,-0.679,0.538,0.391,,0.0,0.0,0.0,,,,,0.0,0.0,30.0,-4.799999999249849e-06,-2.0000000233721948e-07,0.06,87.0,36.5,2
12000,SO-0401,Head Constable Ramesh Mehta,Head Constable,32,2026-07-15 19:26:59+00:00,87.0,87.0,,21.1803117,72.9380489,22.799999237060547,-0.304,-0.297,1.029,,0.0,0.0,0.0,,,,,0.0,0.0,30.0,8.79999999980896e-06,-4.0000000467443897e-07,0.12,87.0,36.5,0
12006,SO-0401,Head Constable Ramesh Mehta,Head Constable,32,2026-07-15 19:27:29+00:00,86.0,87.0,,21.1803008,72.938052,22.799999237060547,-0.398,-0.335,0.946,,0.0,0.0,0.0,,,,,0.0,0.0,30.0,-1.089999999948077e-05,3.1000000006997652e-06,0.15,87.0,36.5,0
12012,SO-0401,Head Constable Ramesh Mehta,Head Constable,32,2026-07-15 19:27:59+00:00,83.0,86.0,,21.1803068,72.9380486,22.799999237060547,-0.526,-0.327,0.821,,0.0,0.0,0.0,,,,,0.0,0.0,30.0,5.999999999062311e-06,-3.399999997100167e-06,0.09,86.0,36.5,0
12018,SO-0401,Head Constable Ramesh Mehta,Head Constable,32,2026-07-15 19:28:29+00:00,91.0,58.0,,21.1803267,72.9380373,22.799999237060547,-0.503,-0.385,0.794,,0.0,0.0,0.0,,,,,0.0,0.0,30.0,1.9899999998074236e-05,-1.129999999704978e-05,0.3,58.0,36.5,2
12024,SO-0401,Head Constable Ramesh Mehta,Head Constable,32,2026-07-15 19:28:59+00:00,80.0,87.0,,21.1803056,72.9380357,22.799999237060547,-0.863,0.469,-0.11,,0.0,0.0,0.0,,,,,0.0,0.0,30.0,-2.1099999997886695e-05,-1.6000000044869012e-06,0.28,87.0,36.5,0
12030,SO-0401,Head Constable Ramesh Mehta,Head Constable,32,2026-07-15 19:29:29+00:00,83.0,88.0,,21.1803089,72.9380515,22.799999237060547,-0.364,-0.329,0.91,,0.0,0.0,0.0,,,,,0.0,0.0,30.0,3.299999999484271e-06,1.5799999999899228e-05,0.2,88.0,36.5,0
12036,SO-0401,Head Constable Ramesh Mehta,Head Constable,32,2026-07-15 19:29:59+00:00,98.0,87.0,,21.1803077,72.9380497,22.799999237060547,-0.026,-0.317,0.975,,0.0,0.0,0.0,,,,,0.0,0.0,30.0,-1.1999999998124622e-06,-1.8000000068241206e-06,0.03,87.0,36.5,2
12042,SO-0401,Head Constable Ramesh Mehta,Head Constable,32,2026-07-15 19:30:29+00:00,90.0,87.0,,21.1803137,72.9380467,22.799999237060547,-0.486,-0.361,0.824,,0.0,0.0,0.0,,,,,0.0,0.0,30.0,5.999999999062311e-06,-2.999999992425728e-06,0.09,87.0,36.5,0
12048,SO-0401,Head Constable Ramesh Mehta,Head Constable,32,2026-07-15 19:30:59+00:00,81.0,64.0,,21.1803013,72.9380514,22.799999237060547,-0.494,-0.352,0.829,,0.0,0.0,0.0,,,,,0.0,0.0,30.0,-1.2399999999246347e-05,4.700000005186666e-06,0.18,64.0,36.5,0
12054,SO-0401,Head Constable Ramesh Mehta,Head Constable,32,2026-07-15 19:31:29+00:00,85.0,55.0,,21.1803007,72.9380448,22.799999237060547,-0.493,-0.352,0.825,,0.0,0.0,0.0,,,,,0.0,0.0,30.0,-5.999999999062311e-07,-6.600000006073969e-06,0.08,55.0,36.5,0
12060,SO-0401,Head Constable Ramesh Mehta,Head Constable,32,2026-07-15 19:31:59+00:00,86.0,89.0,,21.1802666,72.9380682,22.799999237060547,-0.594,-0.361,0.752,,0.0,0.0,0.0,,,,,0.0,0.0,30.0,-3.410000000059199e-05,2.340000000344844e-05,0.54,89.0,36.5,0
12066,SO-0401,Head Constable Ramesh Mehta,Head Constable,32,2026-07-15 19:32:29+00:00,88.0,88.0,,21.1803024,72.9380541,22.799999237060547,-0.481,-0.415,0.812,,0.0,0.0,0.0,,,,,0.0,0.0,30.0,3.5799999999142074e-05,-1.4100000001349144e-05,0.51,88.0,36.5,0
12072,SO-0401,Head Constable Ramesh Mehta,Head Constable,32,2026-07-15 19:32:59+00:00,81.0,87.0,,21.1803075,72.9380443,22.799999237060547,-0.324,-0.369,0.878,,0.0,0.0,0.0,,,,,0.0,0.0,30.0,5.100000002755678e-06,-9.800000000836915e-06,0.14,87.0,36.5,0
12078,SO-0401,Head Constable Ramesh Mehta,Head Constable,32,2026-07-15 19:33:29+00:00,81.0,82.0,,21.1803055,72.9380529,22.799999237060547,-0.769,-0.694,0.458,,0.0,0.0,0.0,,,,,0.0,0.0,30.0,-2.0000000020559128e-06,8.600000001024455e-06,0.11,82.0,36.5,0
12084,SO-0401,Head Constable Ramesh Mehta,Head Constable,32,2026-07-15 19:33:59+00:00,82.0,87.0,,21.1803076,72.9380463,22.799999237060547,-0.403,-0.405,0.857,,0.0,0.0,0.0,,,,,0.0,0.0,30.0,2.099999999671809e-06,-6.600000006073969e-06,0.09,87.0,36.5,0
12090,SO-0401,Head Constable Ramesh Mehta,Head Constable,32,2026-07-15 19:34:29+00:00,90.0,86.0,,21.1803082,72.9380539,22.799999237060547,-0.501,-0.875,-0.14,,0.0,0.0,0.0,,,,,0.0,0.0,30.0,5.999999999062311e-07,7.600000003549212e-06,0.09,86.0,36.5,0
12096,SO-0401,Head Constable Ramesh Mehta,Head Constable,32,2026-07-15 19:34:59+00:00,96.0,88.0,,21.1803062,72.9380539,22.799999237060547,-0.826,0.522,0.242,,0.0,0.0,0.0,,,,,0.0,0.0,30.0,-1.999999998503199e-06,0.0,0.03,88.0,36.5,2
12102,SO-0401,Head Constable Ramesh Mehta,Head Constable,32,2026-07-15 19:35:29+00:00,87.0,88.0,,21.1803052,72.9380459,22.799999237060547,-0.77,-0.074,0.646,,0.0,0.0,0.0,,,,,0.0,0.0,30.0,-1.0000000010279564e-06,-7.999999994012796e-06,0.1,88.0,36.5,0
12108,SO-0401,Head Constable Ramesh Mehta,Head Constable,32,2026-07-15 19:35:59+00:00,89.0,86.0,,21.18031,72.9380406,22.799999237060547,-0.705,0.127,0.475,,0.0,0.0,0.0,,,,,0.0,0.0,30.0,4.799999999249849e-06,-5.300000012198325e-06,0.09,86.0,36.5,0
12114,SO-0401,Head Constable Ramesh Mehta,Head Constable,32,2026-07-15 19:36:29+00:00,91.0,88.0,,21.180311,72.9380438,22.799999237060547,-0.358,-0.86,-0.344,,0.0,0.0,0.0,,,,,0.0,0.0,30.0,1.0000000010279564e-06,3.2000000089738023e-06,0.04,88.0,36.5,2
12120,SO-0401,Head Constable Ramesh Mehta,Head Constable,32,2026-07-15 19:36:59+00:00,99.0,88.0,,21.1803171,72.938048,22.799999237060547,-0.312,-0.86,-0.517,,0.0,0.0,0.0,,,,,0.0,0.0,30.0,6.100000000230921e-06,4.19999999223819e-06,0.1,88.0,36.5,2
12126,SO-0401,Head Constable Ramesh Mehta,Head Constable,32,2026-07-15 19:37:29+00:00,87.0,87.0,,21.1803107,72.9380406,22.799999237060547,-0.941,0.312,-0.079,,0.0,0.0,0.0,,,,,0.0,0.0,30.0,-6.400000000184036e-06,-7.400000001211993e-06,0.13,87.0,36.5,0
12133,SO-0401,Head Constable Ramesh Mehta,Head Constable,32,2026-07-15 19:37:59+00:00,98.0,87.0,,21.1803151,72.938044,22.799999237060547,-0.485,-0.463,0.785,,0.0,0.0,0.0,,,,,0.0,0.0,30.0,4.400000001680837e-06,3.400000011311022e-06,0.07,87.0,36.5,2
12139,SO-0401,Head Constable Ramesh Mehta,Head Constable,32,2026-07-15 19:38:29+00:00,81.0,87.0,,21.180307,72.9380505,22.799999237060547,-0.598,-0.465,0.674,,0.0,0.0,0.0,,,,,0.0,0.0,30.0,-8.100000002286833e-06,6.499999997799932e-06,0.13,87.0,36.5,0
12144,SO-0401,Head Constable Ramesh Mehta,Head Constable,32,2026-07-15 19:38:59+00:00,94.0,84.0,,21.1803151,72.9380486,22.799999237060547,-0.602,-0.434,0.689,,0.0,0.0,0.0,,,,,0.0,0.0,30.0,8.100000002286833e-06,-1.900000000887303e-06,0.11,84.0,36.5,2
12150,SO-0401,Head Constable Ramesh Mehta,Head Constable,32,2026-07-15 19:39:29+00:00,83.0,85.0,,21.1803014,72.9380488,22.799999237060547,-0.479,-0.433,0.889,,0.0,0.0,0.0,,,,,0.0,0.0,30.0,-1.370000000022742e-05,2.0000000233721948e-07,0.18,85.0,36.5,0
12156,SO-0401,Head Constable Ramesh Mehta,Head Constable,32,2026-07-15 19:39:59+00:00,90.0,87.0,,21.1803007,72.9380479,22.799999237060547,-0.405,-0.406,0.879,,0.0,0.0,0.0,,,,,0.0,0.0,30.0,-7.000000010748408e-07,-9.000000034120603e-07,0.01,87.0,36.5,0
12162,SO-0401,Head Constable Ramesh Mehta,Head Constable,32,2026-07-15 19:40:29+00:00,94.0,88.0,,21.180301,72.9380492,22.799999237060547,-0.492,-0.401,0.703,,0.0,0.0,0.0,,,,,0.0,0.0,30.0,2.999999999531156e-07,1.2999999938756446e-06,0.02,88.0,36.5,2
12168,SO-0401,Head Constable Ramesh Mehta,Head Constable,32,2026-07-15 19:40:59+00:00,89.0,86.0,,21.1802999,72.9380443,22.799999237060547,-0.661,-0.446,0.689,,0.0,0.0,0.0,,,,,0.0,0.0,30.0,-1.0999999986438525e-06,-4.899999993313031e-06,0.06,86.0,36.5,0
12174,SO-0401,Head Constable Ramesh Mehta,Head Constable,32,2026-07-15 19:41:29+00:00,96.0,88.0,,21.1803205,72.9380547,22.799999237060547,-0.433,-0.433,0.801,,0.0,0.0,0.0,,,,,0.0,0.0,30.0,2.0599999999149077e-05,1.039999999363772e-05,0.3,88.0,36.5,2
12180,SO-0401,Head Constable Ramesh Mehta,Head Constable,32,2026-07-15 19:41:59+00:00,92.0,86.0,,21.1803057,72.9380496,22.799999237060547,-0.627,-0.449,0.671,,0.0,0.0,0.0,,,,,0.0,0.0,30.0,-1.4799999998871272e-05,-5.099999995650251e-06,0.21,86.0,36.5,2
12186,SO-0401,Head Constable Ramesh Mehta,Head Constable,32,2026-07-15 19:42:29+00:00,90.0,88.0,,21.1803084,72.9380515,22.799999237060547,-0.789,-0.391,0.573,,0.0,0.0,0.0,,,,,0.0,0.0,30.0,2.69999999957804e-06,1.900000000887303e-06,0.04,88.0,36.5,0
12192,SO-0401,Head Constable Ramesh Mehta,Head Constable,32,2026-07-15 19:42:59+00:00,84.0,85.0,,21.1803076,72.9380514,22.799999237060547,-0.604,-0.442,0.684,,0.0,0.0,0.0,,,,,0.0,0.0,30.0,-8.000000022434506e-07,-9.999999406318238e-08,0.01,85.0,36.5,0
12198,SO-0401,Head Constable Ramesh Mehta,Head Constable,32,2026-07-15 19:43:29+00:00,90.0,81.0,,21.1803069,72.9380512,22.799999237060547,-0.406,-0.391,0.866,,0.0,0.0,0.0,,,,,0.0,0.0,30.0,-6.999999975221272e-07,-2.0000000233721948e-07,0.01,81.0,36.5,0
12204,SO-0401,Head Constable Ramesh Mehta,Head Constable,32,2026-07-15 19:43:59+00:00,83.0,88.0,,21.1803075,72.9380428,22.799999237060547,-0.527,-0.391,0.783,,0.0,0.0,0.0,,,,,0.0,0.0,30.0,5.999999999062311e-07,-8.399999998687235e-06,0.1,88.0,36.5,0
12210,SO-0401,Head Constable Ramesh Mehta,Head Constable,32,2026-07-15 19:44:29+00:00,100.0,88.0,,21.1803012,72.9380491,22.799999237060547,-0.639,-0.446,0.65,,0.0,0.0,0.0,,,,,0.0,0.0,30.0,-6.30000000256814e-06,6.299999995462713e-06,0.11,88.0,36.5,2
12216,SO-0401,Head Constable Ramesh Mehta,Head Constable,32,2026-07-15 19:44:59+00:00,94.0,85.0,,21.1803003,72.9380467,22.799999237060547,-0.557,-0.302,0.775,,0.0,0.0,0.0,,,,,0.0,0.0,30.0,-8.999999998593466e-07,-2.3999999996249244e-06,0.03,85.0,36.5,2
12222,SO-0401,Head Constable Ramesh Mehta,Head Constable,32,2026-07-15 19:45:29+00:00,98.0,88.0,,21.1802997,72.9380472,22.799999237060547,-0.76,0.534,0.356,,0.0,0.0,0.0,,,,,0.0,0.0,30.0,-5.999999999062311e-07,4.999999987376214e-07,0.01,88.0,36.5,2
12227,SO-0401,Head Constable Ramesh Mehta,Head Constable,32,2026-07-15 19:45:59+00:00,84.0,88.0,,21.1803055,72.9380485,22.799999237060547,-0.75,0.522,0.385,,0.0,0.0,0.0,,,,,0.0,0.0,30.0,5.800000000277805e-06,1.2999999938756446e-06,0.08,88.0,36.5,0
12233,SO-0401,Head Constable Ramesh Mehta,Head Constable,32,2026-07-15 19:46:29+00:00,95.0,87.0,,21.1803048,72.9380474,22.799999237060547,-1.187,0.51,-0.38,,0.0,0.0,0.0,,,,,0.0,0.0,30.0,-7.000000010748408e-07,-1.099999991538425e-06,0.02,87.0,36.5,2
12239,SO-0401,Head Constable Ramesh Mehta,Head Constable,32,2026-07-15 19:46:59+00:00,91.0,71.0,,21.1803,72.9380502,22.799999237060547,-0.226,0.752,0.581,,0.0,0.0,0.0,,,,,0.0,0.0,30.0,-4.799999999249849e-06,2.8000000042993634e-06,0.07,71.0,36.5,2
12245,SO-0401,Head Constable Ramesh Mehta,Head Constable,32,2026-07-15 19:47:29+00:00,98.0,87.0,,21.1803047,72.9380494,22.799999237060547,-0.485,-0.229,-0.812,,0.0,0.0,0.0,,,,,0.0,0.0,30.0,4.700000001633953e-06,-8.000000093488779e-07,0.06,87.0,36.5,2
12251,SO-0401,Head Constable Ramesh Mehta,Head Constable,32,2026-07-15 19:47:59+00:00,100.0,80.0,,21.1803053,72.9380481,22.799999237060547,-0.76,0.62,-0.056,,0.0,0.0,0.0,,,,,0.0,0.0,30.0,5.999999999062311e-07,-1.2999999938756446e-06,0.02,80.0,36.5,2
12257,SO-0401,Head Constable Ramesh Mehta,Head Constable,32,2026-07-15 19:48:29+00:00,100.0,88.0,,21.1803102,72.9380456,22.799999237060547,-0.706,0.115,0.027,,0.0,0.0,0.0,,,,,0.0,0.0,30.0,4.9000000004184585e-06,-2.5000000078989615e-06,0.07,88.0,36.5,2
12263,SO-0401,Head Constable Ramesh Mehta,Head Constable,32,2026-07-15 19:48:59+00:00,88.0,,,21.180305,72.9380463,22.799999237060547,0.734,0.085,0.772,,0.0,0.0,0.0,,,,,0.0,0.0,30.0,-5.200000000371574e-06,7.000000010748408e-07,0.07,88.0,36.5,0
12269,SO-0401,Head Constable Ramesh Mehta,Head Constable,32,2026-07-15 19:49:29+00:00,92.0,72.0,,21.1803098,72.938048,22.799999237060547,0.377,-0.229,0.608,,0.0,0.0,0.0,,,,,0.0,0.0,30.0,4.799999999249849e-06,1.6999999985500835e-06,0.07,72.0,36.5,2
12275,SO-0401,Head Constable Ramesh Mehta,Head Constable,32,2026-07-15 19:49:59+00:00,92.0,74.0,,21.1803082,72.9380489,22.799999237060547,0.811,0.584,0.382,,0.0,0.0,0.0,,,,,0.0,0.0,30.0,-1.6000000009341877e-06,9.000000034120603e-07,0.02,74.0,36.5,2
12281,SO-0401,Head Constable Ramesh Mehta,Head Constable,32,2026-07-15 19:50:29+00:00,92.0,83.0,,21.1803084,72.938054,22.799999237060547,0.152,0.97,-0.414,,0.0,0.0,0.0,,,,,0.0,0.0,30.0,2.0000000233721948e-07,5.099999995650251e-06,0.06,83.0,36.5,2
12287,SO-0401,Head Constable Ramesh Mehta,Head Constable,32,2026-07-15 19:50:59+00:00,92.0,67.0,,21.1803057,72.9380497,22.799999237060547,0.342,1.114,0.413,,0.0,0.0,0.0,,,,,0.0,0.0,30.0,-2.69999999957804e-06,-4.300000000512227e-06,0.06,67.0,36.5,2
12293,SO-0401,Head Constable Ramesh Mehta,Head Constable,32,2026-07-15 19:51:29+00:00,90.0,82.0,,21.1803084,72.9380526,22.799999237060547,0.517,0.825,0.584,,0.0,0.0,0.0,,,,,0.0,0.0,30.0,2.69999999957804e-06,2.9000000125734005e-06,0.05,82.0,36.5,0
12299,SO-0401,Head Constable Ramesh Mehta,Head Constable,32,2026-07-15 19:51:59+00:00,90.0,62.0,,21.1802893,72.9380195,22.799999237060547,0.301,0.898,0.055,,0.0,0.0,0.0,,,,,0.0,0.0,30.0,-1.9100000002936213e-05,-3.3100000010222175e-05,0.48,62.0,36.5,0
12305,SO-0401,Head Constable Ramesh Mehta,Head Constable,32,2026-07-15 19:52:29+00:00,84.0,83.0,,21.1802942,72.9380141,22.799999237060547,0.342,0.411,0.939,,0.0,0.0,0.0,,,,,0.0,0.0,30.0,4.9000000004184585e-06,-5.3999999920506525e-06,0.09,83.0,36.5,0
12311,SO-0401,Head Constable Ramesh Mehta,Head Constable,32,2026-07-15 19:52:59+00:00,94.0,73.0,,21.1802787,72.9380019,22.799999237060547,0.799,0.027,-0.7,,0.0,0.0,0.0,,,,,0.0,0.0,30.0,-1.5499999999946112e-05,-1.220000000046184e-05,0.26,73.0,36.5,2
12317,SO-0401,Head Constable Ramesh Mehta,Head Constable,32,2026-07-15 19:53:29+00:00,81.0,84.0,,21.180201,72.9381,22.799999237060547,0.786,0.058,-0.463,,0.0,0.0,0.0,,,,,0.0,0.0,30.0,-7.769999999851507e-05,9.810000000243237e-05,1.6,84.0,36.5,0
12323,SO-0401,Head Constable Ramesh Mehta,Head Constable,32,2026-07-15 19:53:59+00:00,83.0,81.0,,21.1801915,72.9378358,22.799999237060547,1.053,0.33,-0.643,,0.0,0.0,0.0,,,,,0.0,0.0,30.0,-9.5000000008838e-06,-0.0002642000000037,3.28,81.0,36.5,0
12329,SO-0401,Head Constable Ramesh Mehta,Head Constable,32,2026-07-15 19:54:30+00:00,82.0,75.0,,21.1802162,72.9379054,22.799999237060547,0.704,-0.007,0.591,,0.0,0.0,0.0,,,,,0.0,0.0,31.0,2.47000000008768e-05,6.960000000333366e-05,0.9,75.0,36.5,0
12336,SO-0401,Head Constable Ramesh Mehta,Head Constable,32,2026-07-15 19:55:02+00:00,100.0,76.0,,21.1800395,72.9376387,22.0,1.124,0.187,-0.254,,0.0,0.0,0.0,,,,,0.0,0.0,32.0,-0.0001767000000008,-0.0002667000000116,3.81,76.0,36.5,2
12341,SO-0401,Head Constable Ramesh Mehta,Head Constable,32,2026-07-15 19:55:29+00:00,100.0,83.0,,21.1799813,72.9376205,22.0,0.783,-0.154,0.653,,0.0,0.0,0.0,,,,,0.0,0.0,27.0,-5.819999999800984e-05,-1.8199999999524152e-05,0.9,83.0,36.5,2
12347,SO-0401,Head Constable Ramesh Mehta,Head Constable,32,2026-07-15 19:55:59+00:00,99.0,87.0,,21.1801136,72.9377148,22.799999237060547,0.955,-0.006,-0.366,,0.0,0.0,0.0,,,,,0.0,0.0,30.0,0.000132299999997,9.430000000065776e-05,2.12,87.0,36.5,2
12353,SO-0401,Head Constable Ramesh Mehta,Head Constable,32,2026-07-15 19:56:29+00:00,93.0,81.0,,21.1801185,72.9379379,22.799999237060547,0.822,0.025,-0.555,,0.0,0.0,0.0,,,,,0.0,0.0,30.0,4.9000000004184585e-06,0.0002230999999994,2.77,81.0,36.5,2
12359,SO-0401,Head Constable Ramesh Mehta,Head Constable,32,2026-07-15 19:57:00+00:00,93.0,76.0,,21.1801486,72.9378639,22.799999237060547,0.793,0.024,-0.574,,0.0,0.0,0.0,,,,,0.0,0.0,31.0,3.010000000003288e-05,-7.399999999790907e-05,0.97,76.0,36.5,2
12365,SO-0401,Head Constable Ramesh Mehta,Head Constable,32,2026-07-15 19:57:30+00:00,83.0,83.0,,21.1801954,72.9378655,22.799999237060547,0.802,0.0,-0.59,,0.0,0.0,0.0,,,,,0.0,0.0,30.0,4.679999999979145e-05,1.6000000044869012e-06,0.62,83.0,36.5,0
12371,SO-0401,Head Constable Ramesh Mehta,Head Constable,32,2026-07-15 19:57:59+00:00,83.0,63.0,,21.1802213,72.937938,22.799999237060547,0.802,0.032,-0.573,,0.0,0.0,0.0,,,,,0.0,0.0,29.0,2.590000000068926e-05,7.250000000169621e-05,1.0,63.0,36.5,0
12376,SO-0401,Head Constable Ramesh Mehta,Head Constable,32,2026-07-15 19:58:29+00:00,85.0,80.0,,21.180165,72.9379581,23.0,0.899,-0.242,-0.37,,0.0,0.0,0.0,,,,,0.0,0.0,30.0,-5.6300000000675254e-05,2.0100000000411455e-05,0.79,80.0,36.5,0
12381,SO-0401,Head Constable Ramesh Mehta,Head Constable,32,2026-07-15 19:58:59+00:00,82.0,77.0,,21.1800484,72.9376867,22.0,0.93,-0.212,-0.316,,0.0,0.0,0.0,,,,,0.0,0.0,30.0,-0.0001165999999983,-0.0002714000000025,3.71,77.0,36.5,0
12386,SO-0401,Head Constable Ramesh Mehta,Head Constable,32,2026-07-15 19:59:29+00:00,85.0,73.0,,21.1800747,72.937671,22.799999237060547,0.914,-0.243,-0.346,,0.0,0.0,0.0,,,,,0.0,0.0,30.0,2.6299999998258272e-05,-1.5700000005836046e-05,0.4,73.0,36.5,0
12392,SO-0401,Head Constable Ramesh Mehta,Head Constable,32,2026-07-15 20:00:00+00:00,82.0,74.0,,21.1800134,72.9376039,22.0,1.069,0.519,-0.179,,0.0,0.0,0.0,,,,,0.0,0.0,31.0,-6.129999999870961e-05,-6.70999999954347e-05,1.13,74.0,36.5,0
12399,SO-0401,Head Constable Ramesh Mehta,Head Constable,32,2026-07-15 20:00:29+00:00,82.0,87.0,,21.1801068,72.9377714,22.700000762939453,0.822,0.036,-0.57,,0.0,0.0,0.0,,,,,0.0,0.0,29.0,9.34000000007984e-05,0.0001675000000034,2.51,87.0,36.5,0
12404,SO-0401,Head Constable Ramesh Mehta,Head Constable,32,2026-07-15 20:00:59+00:00,91.0,87.0,,21.1800955,72.9376805,22.799999237060547,0.8,0.016,-0.596,,0.0,0.0,0.0,,,,,0.0,0.0,30.0,-1.1300000000602496e-05,-9.090000000355758e-05,1.14,87.0,36.5,2
12409,SO-0401,Head Constable Ramesh Mehta,Head Constable,32,2026-07-15 20:01:29+00:00,97.0,88.0,,21.1801573,72.937792,22.799999237060547,0.868,0.255,-0.427,,0.0,0.0,0.0,,,,,0.0,0.0,30.0,6.180000000099994e-05,0.0001115000000027,1.61,88.0,36.5,2
12414,SO-0401,Head Constable Ramesh Mehta,Head Constable,32,2026-07-15 20:01:59+00:00,94.0,88.0,,21.1800677,72.9376665,22.799999237060547,0.475,0.827,0.326,,0.0,0.0,0.0,,,,,0.0,0.0,30.0,-8.960000000257651e-05,-0.0001254999999957,1.96,88.0,36.5,2
12419,SO-0401,Head Constable Ramesh Mehta,Head Constable,32,2026-07-15 20:02:29+00:00,96.0,85.0,,21.180056,72.9376479,22.0,0.755,0.018,-0.647,,0.0,0.0,0.0,,,,,0.0,0.0,30.0,-1.1699999998171506e-05,-1.860000000419859e-05,0.28,85.0,36.5,2
12424,SO-0401,Head Constable Ramesh Mehta,Head Constable,32,2026-07-15 20:03:00+00:00,83.0,87.0,,21.1802108,72.9377897,22.799999237060547,0.677,0.662,0.163,,0.0,0.0,0.0,,,,,0.0,0.0,31.0,0.0001548000000006,0.0001417999999944,2.62,87.0,36.5,0
12429,SO-0401,Head Constable Ramesh Mehta,Head Constable,32,2026-07-15 20:03:29+00:00,100.0,88.0,,21.1802555,72.9378889,23.0,0.694,0.829,-0.169,,0.0,0.0,0.0,,,,,0.0,0.0,29.0,4.470000000011965e-05,9.920000000818165e-05,1.42,88.0,36.5,2
12434,SO-0401,Head Constable Ramesh Mehta,Head Constable,32,2026-07-15 20:03:59+00:00,84.0,88.0,,21.1801076,72.9377186,22.799999237060547,0.848,0.036,-0.541,,0.0,0.0,0.0,,,,,0.0,0.0,30.0,-0.0001479000000017,-0.0001703000000077,2.89,88.0,36.5,0
12439,SO-0401,Head Constable Ramesh Mehta,Head Constable,32,2026-07-15 20:04:29+00:00,81.0,83.0,,21.1801264,72.9377486,22.799999237060547,0.807,0.053,-0.592,,0.0,0.0,0.0,,,,,0.0,0.0,30.0,1.8799999999430383e-05,3.000000000952241e-05,0.45,83.0,36.5,0
12444,SO-0401,Head Constable Ramesh Mehta,Head Constable,32,2026-07-15 20:04:59+00:00,81.0,86.0,,21.1801757,72.9378003,22.799999237060547,0.798,0.055,-0.588,,0.0,0.0,0.0,,,,,0.0,0.0,30.0,4.930000000058499e-05,5.170000000020991e-05,0.92,86.0,36.5,0
12449,SO-0401,Head Constable Ramesh Mehta,Head Constable,32,2026-07-15 20:05:29+00:00,83.0,86.0,,21.1801406,72.937777,22.799999237060547,0.802,0.063,-0.589,,0.0,0.0,0.0,,,,,0.0,0.0,30.0,-3.509999999806723e-05,-2.3300000009385254e-05,0.55,86.0,36.5,0
12454,SO-0401,Head Constable Ramesh Mehta,Head Constable,32,2026-07-15 20:05:59+00:00,87.0,86.0,,21.1801274,72.937841,22.799999237060547,0.167,-0.975,0.249,,0.0,0.0,0.0,,,,,0.0,0.0,30.0,-1.3200000001489798e-05,6.400000000894579e-05,0.81,86.0,36.5,0
12459,SO-0401,Head Constable Ramesh Mehta,Head Constable,32,2026-07-15 20:06:29+00:00,89.0,88.0,,21.1801417,72.9377321,22.799999237060547,0.878,-0.167,-0.441,,0.0,0.0,0.0,,,,,0.0,0.0,30.0,1.430000000013365e-05,-0.0001089000000007,1.37,88.0,36.5,0
12463,SO-0401,Head Constable Ramesh Mehta,Head Constable,32,2026-07-15 20:06:59+00:00,83.0,74.0,,21.180203,72.9378744,22.799999237060547,0.839,-0.166,-0.51,,0.0,0.0,0.0,,,,,0.0,0.0,30.0,6.129999999870961e-05,0.0001422999999931,1.95,74.0,36.5,0
12467,SO-0401,Head Constable Ramesh Mehta,Head Constable,32,2026-07-15 20:07:29+00:00,81.0,86.0,,21.1800828,72.9379097,22.0,0.866,-0.16,-0.49,,0.0,0.0,0.0,,,,,0.0,0.0,30.0,-0.0001201999999977,3.530000000750988e-05,1.66,86.0,36.5,0
12471,SO-0401,Head Constable Ramesh Mehta,Head Constable,32,2026-07-15 20:08:00+00:00,81.0,71.0,,21.1800539,72.9377504,22.0,0.834,-0.176,-0.523,,0.0,0.0,0.0,,,,,0.0,0.0,31.0,-2.8900000000220416e-05,-0.000159300000007,1.95,71.0,36.5,0
12474,SO-0401,Head Constable Ramesh Mehta,Head Constable,32,2026-07-15 20:08:29+00:00,84.0,56.0,,21.1800882,72.9377643,22.0,0.815,-0.154,-0.544,,0.0,0.0,0.0,,,,,0.0,0.0,29.0,3.4299999999376496e-05,1.3899999999011923e-05,0.51,56.0,36.5,0
12478,SO-0401,Head Constable Ramesh Mehta,Head Constable,32,2026-07-15 20:08:59+00:00,81.0,74.0,,21.1800473,72.9376409,22.799999237060547,0.833,-0.157,-0.517,,0.0,0.0,0.0,,,,,0.0,0.0,30.0,-4.090000000189775e-05,-0.0001233999999925,1.63,74.0,36.5,0
12482,SO-0401,Head Constable Ramesh Mehta,Head Constable,32,2026-07-15 20:09:30+00:00,82.0,88.0,,21.1800594,72.9376554,22.0,0.885,-0.115,-0.557,,0.0,0.0,0.0,,,,,0.0,0.0,31.0,1.2100000002845944e-05,1.4499999991812729e-05,0.23,88.0,36.5,0
12486,SO-0401,Head Constable Ramesh Mehta,Head Constable,32,2026-07-15 20:09:59+00:00,82.0,70.0,,21.1800081,72.9375958,22.0,0.809,-0.14,-0.566,,0.0,0.0,0.0,,,,,0.0,0.0,29.0,-5.13000000026409e-05,-5.9600000000159525e-05,1.04,70.0,36.5,0
12490,SO-0401,Head Constable Ramesh Mehta,Head Constable,32,2026-07-15 20:10:30+00:00,82.0,88.0,,21.1801332,72.9377758,22.799999237060547,0.802,-0.153,-0.571,,0.0,0.0,0.0,,,,,0.0,0.0,31.0,0.0001251000000017,0.0001800000000002,2.7,88.0,36.5,0
12494,SO-0401,Head Constable Ramesh Mehta,Head Constable,32,2026-07-15 20:10:59+00:00,83.0,80.0,,21.1800777,72.9379201,22.799999237060547,0.851,-0.164,-0.52,,0.0,0.0,0.0,,,,,0.0,0.0,29.0,-5.550000000198452e-05,0.0001443000000023,2.01,80.0,36.5,0
12498,SO-0401,Head Constable Ramesh Mehta,Head Constable,32,2026-07-15 20:11:29+00:00,83.0,83.0,,21.1800566,72.9376648,22.0,0.817,-0.161,-0.527,,0.0,0.0,0.0,,,,,0.0,0.0,30.0,-2.1099999997886695e-05,-0.0002553000000062,3.18,83.0,36.5,0
12502,SO-0401,Head Constable Ramesh Mehta,Head Constable,32,2026-07-15 20:12:01+00:00,89.0,82.0,,21.1800288,72.9376199,22.0,0.401,0.273,0.705,,0.0,0.0,0.0,,,,,0.0,0.0,32.0,-2.7800000001576564e-05,-4.489999999179872e-05,0.63,82.0,36.5,0
12506,SO-0401,Head Constable Ramesh Mehta,Head Constable,32,2026-07-15 20:12:29+00:00,86.0,78.0,,21.1800291,72.9376058,22.0,0.752,0.491,0.51,,0.0,0.0,0.0,,,,,0.0,0.0,28.0,2.999999999531156e-07,-1.4100000001349144e-05,0.19,78.0,36.5,0
12510,SO-0401,Head Constable Ramesh Mehta,Head Constable,32,2026-07-15 20:12:59+00:00,81.0,77.0,,21.1799926,72.9375842,22.0,0.741,-0.161,-0.642,,0.0,0.0,0.0,,,,,0.0,0.0,30.0,-3.6500000000216914e-05,-2.159999999662432e-05,0.56,77.0,36.5,0
12514,SO-0401,Head Constable Ramesh Mehta,Head Constable,32,2026-07-15 20:13:29+00:00,94.0,83.0,,21.1801213,72.9379418,22.799999237060547,0.846,-0.408,-0.33,,0.0,0.0,0.0,,,,,0.0,0.0,30.0,0.0001287000000012,0.0003576000000009,4.76,83.0,36.5,1
12518,SO-0401,Head Constable Ramesh Mehta,Head Constable,32,2026-07-15 20:13:59+00:00,92.0,88.0,,21.1801346,72.9378927,22.799999237060547,0.846,-0.304,-0.422,,0.0,0.0,0.0,,,,,0.0,0.0,30.0,1.3299999999105694e-05,-4.909999999824777e-05,0.64,88.0,36.5,2
12522,SO-0401,Head Constable Ramesh Mehta,Head Constable,32,2026-07-15 20:14:29+00:00,92.0,86.0,,21.1801373,72.9379096,22.799999237060547,0.892,-0.277,-0.34,,0.0,0.0,0.0,,,,,0.0,0.0,30.0,2.69999999957804e-06,1.6899999991437653e-05,0.21,86.0,36.5,2
12526,SO-0401,Head Constable Ramesh Mehta,Head Constable,32,2026-07-15 20:14:59+00:00,85.0,88.0,,21.1800608,72.9376567,22.799999237060547,0.899,-0.292,-0.328,,0.0,0.0,0.0,,,,,0.0,0.0,30.0,-7.64999999987026e-05,-0.0002528999999924,3.3,88.0,36.5,0
12530,SO-0401,Head Constable Ramesh Mehta,Head Constable,32,2026-07-15 20:15:29+00:00,85.0,86.0,,21.1800126,72.9376066,22.799999237060547,0.886,-0.215,-0.411,,0.0,0.0,0.0,,,,,0.0,0.0,30.0,-4.819999999838842e-05,-5.0100000009933865e-05,0.89,86.0,36.5,0
12533,SO-0401,Head Constable Ramesh Mehta,Head Constable,32,2026-07-15 20:15:59+00:00,85.0,87.0,,21.1801646,72.9379072,22.799999237060547,0.857,-0.269,-0.432,,0.0,0.0,0.0,,,,,0.0,0.0,30.0,0.0001519999999999,0.0003006000000027,4.25,87.0,36.5,0
12539,SO-0401,Head Constable Ramesh Mehta,Head Constable,32,2026-07-15 20:16:29+00:00,85.0,88.0,,21.1800574,72.9376667,22.0,0.776,-0.089,-0.598,,0.0,0.0,0.0,,,,,0.0,0.0,30.0,-0.0001072000000021,-0.0002405000000038,3.31,88.0,36.5,0
12544,SO-0401,Head Constable Ramesh Mehta,Head Constable,32,2026-07-15 20:16:59+00:00,85.0,87.0,,21.1800574,72.9376782,22.0,0.8,-0.092,-0.59,,0.0,0.0,0.0,,,,,0.0,0.0,30.0,0.0,1.1499999999387e-05,0.14,87.0,36.5,0
12549,SO-0401,Head Constable Ramesh Mehta,Head Constable,32,2026-07-15 20:17:29+00:00,81.0,75.0,,21.1801717,72.9378876,22.799999237060547,0.919,-0.011,-0.393,,0.0,0.0,0.0,,,,,0.0,0.0,30.0,0.0001142999999999,0.0002094000000028,3.01,75.0,36.5,0
12553,SO-0401,Head Constable Ramesh Mehta,Head Constable,32,2026-07-15 20:17:59+00:00,81.0,75.0,,21.180175,72.9377855,23.0,0.902,-0.04,-0.41,,0.0,0.0,0.0,,,,,0.0,0.0,30.0,3.299999999484271e-06,-0.0001020999999923,1.27,75.0,36.5,0
12557,SO-0401,Head Constable Ramesh Mehta,Head Constable,32,2026-07-15 20:18:29+00:00,97.0,88.0,,21.1800306,72.9376215,22.799999237060547,0.851,0.006,-0.518,,0.0,0.0,0.0,,,,,0.0,0.0,30.0,-0.0001443999999999,-0.000163999999998,2.8,88.0,36.5,2
12561,SO-0401,Head Constable Ramesh Mehta,Head Constable,32,2026-07-15 20:18:59+00:00,97.0,88.0,,21.1802278,72.9379063,22.799999237060547,0.83,0.074,-0.547,,0.0,0.0,0.0,,,,,0.0,0.0,30.0,0.0001972000000023,0.0002847999999886,4.41,88.0,36.5,2
12565,SO-0401,Head Constable Ramesh Mehta,Head Constable,32,2026-07-15 20:19:29+00:00,84.0,85.0,,21.1801349,72.9377867,22.799999237060547,0.829,0.081,-0.546,,0.0,0.0,0.0,,,,,0.0,0.0,30.0,-9.290000000206078e-05,-0.0001195999999907,1.93,85.0,36.5,0
12569,SO-0401,Head Constable Ramesh Mehta,Head Constable,32,2026-07-15 20:19:59+00:00,84.0,88.0,,21.180217,72.9378329,22.799999237060547,0.829,0.086,-0.547,,0.0,0.0,0.0,,,,,0.0,0.0,30.0,8.21000000001959e-05,4.619999999988522e-05,1.24,88.0,36.5,0
12576,SO-0401,Head Constable Ramesh Mehta,Head Constable,32,2026-07-15 20:20:29+00:00,84.0,88.0,,21.1802047,72.937834,22.799999237060547,0.822,0.084,-0.553,,0.0,0.0,0.0,,,,,0.0,0.0,30.0,-1.2299999998077736e-05,1.099999991538425e-06,0.16,88.0,36.5,0
12581,SO-0401,Head Constable Ramesh Mehta,Head Constable,32,2026-07-15 20:21:00+00:00,84.0,88.0,,21.18006,72.9376565,22.799999237060547,0.864,0.108,-0.492,,0.0,0.0,0.0,,,,,0.0,0.0,31.0,-0.0001446999999998,-0.0001774999999923,2.83,88.0,36.5,0
12586,SO-0401,Head Constable Ramesh Mehta,Head Constable,32,2026-07-15 20:21:29+00:00,93.0,88.0,,21.1800376,72.9376287,22.799999237060547,0.805,0.12,-0.568,,0.0,0.0,0.0,,,,,0.0,0.0,29.0,-2.2400000002420484e-05,-2.779999999802385e-05,0.47,88.0,36.5,2
12590,SO-0401,Head Constable Ramesh Mehta,Head Constable,32,2026-07-15 20:21:59+00:00,82.0,80.0,,21.1801223,72.9377919,22.799999237060547,0.821,0.122,-0.565,,0.0,0.0,0.0,,,,,0.0,0.0,30.0,8.470000000215805e-05,0.0001631999999887,2.32,80.0,36.5,0
12593,SO-0401,Head Constable Ramesh Mehta,Head Constable,32,2026-07-15 20:22:29+00:00,82.0,82.0,,21.1801354,72.9377604,22.799999237060547,0.815,0.123,-0.571,,0.0,0.0,0.0,,,,,0.0,0.0,30.0,1.3100000000321188e-05,-3.149999999152442e-05,0.43,82.0,36.5,0
12597,SO-0401,Head Constable Ramesh Mehta,Head Constable,32,2026-07-15 20:22:59+00:00,82.0,88.0,,21.1800635,72.9376716,22.799999237060547,0.77,0.209,-0.544,,0.0,0.0,0.0,,,,,0.0,0.0,30.0,-7.190000000178998e-05,-8.880000000033306e-05,1.46,88.0,36.5,0
12600,SO-0401,Head Constable Ramesh Mehta,Head Constable,32,2026-07-15 20:23:29+00:00,100.0,88.0,,21.1800482,72.9376379,22.0,0.917,-0.193,-0.36,,0.0,0.0,0.0,,,,,0.0,0.0,30.0,-1.5299999997608893e-05,-3.370000000302298e-05,0.47,88.0,36.5,2
12610,SO-0401,Head Constable Ramesh Mehta,Head Constable,32,2026-07-15 20:23:59+00:00,89.0,74.0,,21.18015,72.9377413,22.799999237060547,0.234,0.709,-0.642,,0.0,0.0,0.0,,,,,0.0,0.0,30.0,0.0001017999999994,0.0001034000000004,1.87,74.0,36.5,0
12614,SO-0401,Head Constable Ramesh Mehta,Head Constable,32,2026-07-15 20:24:29+00:00,83.0,71.0,,21.1801612,72.9377542,22.0,0.271,0.691,-0.642,,0.0,0.0,0.0,,,,,0.0,0.0,30.0,1.1199999999433883e-05,1.2900000001536682e-05,0.22,71.0,36.5,0
12618,SO-0401,Head Constable Ramesh Mehta,Head Constable,32,2026-07-15 20:24:59+00:00,85.0,80.0,,21.1802684,72.9379506,23.200000762939453,0.636,0.86,-0.209,,0.0,0.0,0.0,,,,,0.0,0.0,30.0,0.0001071999999986,0.0001963999999929,2.83,80.0,36.5,0
12623,SO-0401,Head Constable Ramesh Mehta,Head Constable,32,2026-07-15 20:25:29+00:00,82.0,81.0,,21.1800891,72.9377062,22.0,0.303,0.928,0.186,,0.0,0.0,0.0,,,,,0.0,0.0,30.0,-0.0001792999999992,-0.0002443999999997,3.86,81.0,36.5,0
12628,SO-0401,Head Constable Ramesh Mehta,Head Constable,32,2026-07-15 20:25:59+00:00,94.0,79.0,,21.1802171,72.9378551,23.0,0.56,0.678,0.52,,0.0,0.0,0.0,,,,,0.0,0.0,30.0,0.0001280000000001,0.0001488999999992,2.52,79.0,36.5,2
12634,SO-0401,Head Constable Ramesh Mehta,Head Constable,32,2026-07-15 20:26:29+00:00,88.0,79.0,,21.1801747,72.9378151,23.0,0.539,0.644,0.577,,0.0,0.0,0.0,,,,,0.0,0.0,30.0,-4.240000000166333e-05,-3.999999999848569e-05,0.75,79.0,36.5,0
12639,SO-0401,Head Constable Ramesh Mehta,Head Constable,32,2026-07-15 20:26:59+00:00,88.0,58.0,,21.1802296,72.9378297,23.0,-0.368,-0.263,0.886,,0.0,0.0,0.0,,,,,0.0,0.0,30.0,5.4900000002078286e-05,1.4600000000086766e-05,0.75,58.0,36.5,0
12644,SO-0401,Head Constable Ramesh Mehta,Head Constable,32,2026-07-15 20:27:29+00:00,88.0,71.0,,21.1801353,72.9377532,23.0,0.614,0.737,0.324,,0.0,0.0,0.0,,,,,0.0,0.0,30.0,-9.430000000065776e-05,-7.649999999159718e-05,1.58,71.0,36.5,0
12650,SO-0401,Head Constable Ramesh Mehta,Head Constable,32,2026-07-15 20:27:59+00:00,96.0,72.0,,21.1801252,72.9377375,22.799999237060547,0.179,0.79,0.023,,0.0,0.0,0.0,,,,,0.0,0.0,30.0,-1.0100000000790033e-05,-1.5700000005836046e-05,0.24,72.0,36.5,2
12656,SO-0401,Head Constable Ramesh Mehta,Head Constable,32,2026-07-15 20:28:29+00:00,92.0,82.0,,21.1802778,72.9380039,22.799999237060547,0.34,1.079,0.052,,0.0,0.0,0.0,,,,,0.0,0.0,30.0,0.0001525999999998,0.0002664000000009,3.88,82.0,36.5,2
12662,SO-0401,Head Constable Ramesh Mehta,Head Constable,32,2026-07-15 20:28:59+00:00,80.0,85.0,,21.1802972,72.9380261,22.799999237060547,0.409,0.901,0.154,,0.0,0.0,0.0,,,,,0.0,0.0,30.0,1.9399999999336615e-05,2.2200000003635975e-05,0.38,85.0,36.5,0
12668,SO-0401,Head Constable Ramesh Mehta,Head Constable,32,2026-07-15 20:29:29+00:00,81.0,68.0,,21.1802817,72.9380066,22.799999237060547,0.309,0.907,0.293,,0.0,0.0,0.0,,,,,0.0,0.0,30.0,-1.5499999999946112e-05,-1.950000000761065e-05,0.32,68.0,36.5,0
12674,SO-0401,Head Constable Ramesh Mehta,Head Constable,32,2026-07-15 20:29:59+00:00,83.0,73.0,,21.1802926,72.9380137,22.799999237060547,0.475,0.676,0.608,,0.0,0.0,0.0,,,,,0.0,0.0,30.0,1.0900000003033483e-05,7.100000004811591e-06,0.17,73.0,36.5,0
12680,SO-0401,Head Constable Ramesh Mehta,Head Constable,32,2026-07-15 20:30:29+00:00,97.0,85.0,,21.1802923,72.9380245,22.799999237060547,0.128,0.867,0.495,,0.0,0.0,0.0,,,,,0.0,0.0,30.0,-2.999999999531156e-07,1.079999999831216e-05,0.13,85.0,36.5,2
12686,SO-0401,Head Constable Ramesh Mehta,Head Constable,32,2026-07-15 20:30:59+00:00,97.0,85.0,,21.1802887,72.9380051,22.799999237060547,0.137,0.825,0.566,,0.0,0.0,0.0,,,,,0.0,0.0,30.0,-3.6000000029901003e-06,-1.9399999999336615e-05,0.25,85.0,36.5,2
12692,SO-0401,Head Constable Ramesh Mehta,Head Constable,32,2026-07-15 20:31:30+00:00,87.0,88.0,,21.1802793,72.9379672,22.799999237060547,0.59,0.474,0.703,,0.0,0.0,0.0,,,,,0.0,0.0,31.0,-9.399999999715192e-06,-3.789999999526117e-05,0.47,88.0,36.5,0
12698,SO-0401,Head Constable Ramesh Mehta,Head Constable,32,2026-07-15 20:31:59+00:00,88.0,87.0,,21.1802992,72.9380412,22.799999237060547,0.229,0.732,0.667,,0.0,0.0,0.0,,,,,0.0,0.0,29.0,1.990000000162695e-05,7.399999999790907e-05,0.99,87.0,36.5,0
12703,SO-0401,Head Constable Ramesh Mehta,Head Constable,32,2026-07-15 20:32:29+00:00,86.0,71.0,,21.1802967,72.9380264,22.799999237060547,0.496,0.595,0.681,,0.0,0.0,0.0,,,,,0.0,0.0,30.0,-2.500000000793534e-06,-1.4800000002423984e-05,0.19,71.0,36.5,0
12708,SO-0401,Head Constable Ramesh Mehta,Head Constable,32,2026-07-15 20:32:59+00:00,86.0,56.0,,21.1803047,72.9380423,22.799999237060547,0.353,0.261,0.994,,0.0,0.0,0.0,,,,,0.0,0.0,30.0,8.000000001118224e-06,1.5900000008173265e-05,0.22,56.0,36.5,0
12713,SO-0401,Head Constable Ramesh Mehta,Head Constable,32,2026-07-15 20:33:29+00:00,86.0,87.0,,21.1803001,72.9380476,22.799999237060547,0.555,0.025,-0.798,,0.0,0.0,0.0,,,,,0.0,0.0,30.0,-4.600000000465343e-06,5.29999999798747e-06,0.09,87.0,36.5,0
12720,SO-0401,Head Constable Ramesh Mehta,Head Constable,32,2026-07-15 20:33:59+00:00,97.0,86.0,,21.1803015,72.9380476,22.799999237060547,0.856,0.406,-0.302,,0.0,0.0,0.0,,,,,0.0,0.0,30.0,1.399999998596968e-06,0.0,0.02,86.0,36.5,2
12726,SO-0401,Head Constable Ramesh Mehta,Head Constable,32,2026-07-15 20:34:29+00:00,97.0,87.0,,21.1802986,72.9380426,22.799999237060547,0.953,0.254,-0.151,,0.0,0.0,0.0,,,,,0.0,0.0,30.0,-2.8999999983625457e-06,-5.000000001587068e-06,0.07,87.0,36.5,2
12732,SO-0401,Head Constable Ramesh Mehta,Head Constable,32,2026-07-15 20:34:59+00:00,87.0,88.0,,21.1803062,72.9380546,22.799999237060547,0.069,1.294,0.083,,0.0,0.0,0.0,,,,,0.0,0.0,30.0,7.599999999996499e-06,1.1999999998124622e-05,0.18,88.0,36.5,0
12738,SO-0401,Head Constable Ramesh Mehta,Head Constable,32,2026-07-15 20:35:29+00:00,99.0,86.0,,21.1803055,72.9380445,22.799999237060547,0.942,0.138,0.381,,0.0,0.0,0.0,,,,,0.0,0.0,30.0,-7.000000010748408e-07,-1.009999999723732e-05,0.13,86.0,36.5,2
12744,SO-0401,Head Constable Ramesh Mehta,Head Constable,32,2026-07-15 20:35:59+00:00,100.0,81.0,,21.1803082,72.9380447,22.799999237060547,0.896,-0.702,-0.397,,0.0,0.0,0.0,,,,,0.0,0.0,30.0,2.69999999957804e-06,2.0000000233721948e-07,0.04,81.0,36.5,2
12750,SO-0401,Head Constable Ramesh Mehta,Head Constable,32,2026-07-15 20:36:29+00:00,98.0,86.0,,21.1803081,72.9380562,22.799999237060547,0.085,0.433,0.907,,0.0,0.0,0.0,,,,,0.0,0.0,30.0,-9.999999761589606e-08,1.1499999999387e-05,0.14,86.0,36.5,2
12756,SO-0401,Head Constable Ramesh Mehta,Head Constable,32,2026-07-15 20:36:59+00:00,90.0,86.0,,21.1803033,72.9380446,22.799999237060547,0.864,-0.504,0.376,,0.0,0.0,0.0,,,,,0.0,0.0,30.0,-4.8000000028025624e-06,-1.1600000007661038e-05,0.16,86.0,36.5,0
12762,SO-0401,Head Constable Ramesh Mehta,Head Constable,32,2026-07-15 20:37:29+00:00,84.0,84.0,,21.180302,72.9380453,22.799999237060547,-0.339,-0.151,0.983,,0.0,0.0,0.0,,,,,0.0,0.0,30.0,-1.2999999974283585e-06,7.000000010748408e-07,0.02,84.0,36.5,0
12768,SO-0401,Head Constable Ramesh Mehta,Head Constable,32,2026-07-15 20:37:59+00:00,86.0,87.0,,21.1803041,72.9380473,22.799999237060547,0.194,-0.15,1.014,,0.0,0.0,0.0,,,,,0.0,0.0,30.0,2.099999999671809e-06,1.9999999949504854e-06,0.04,87.0,36.5,0
12774,SO-0401,Head Constable Ramesh Mehta,Head Constable,32,2026-07-15 20:38:29+00:00,83.0,88.0,,21.1803009,72.9380543,22.799999237060547,-0.138,-0.889,0.494,,0.0,0.0,0.0,,,,,0.0,0.0,30.0,-3.200000001868375e-06,7.000000010748408e-06,0.1,88.0,36.5,0
12780,SO-0401,Head Constable Ramesh Mehta,Head Constable,32,2026-07-15 20:38:59+00:00,83.0,88.0,,21.1803012,72.9380497,22.799999237060547,-0.135,-0.851,0.548,,0.0,0.0,0.0,,,,,0.0,0.0,30.0,2.999999999531156e-07,-4.600000011123484e-06,0.06,88.0,36.5,0
12786,SO-0401,Head Constable Ramesh Mehta,Head Constable,32,2026-07-15 20:39:29+00:00,83.0,78.0,,21.180302,72.9380503,22.799999237060547,-0.035,-0.866,0.554,,0.0,0.0,0.0,,,,,0.0,0.0,30.0,8.000000022434506e-07,6.000000070116585e-07,0.01,78.0,36.5,0
12792,SO-0401,Head Constable Ramesh Mehta,Head Constable,32,2026-07-15 20:39:59+00:00,83.0,75.0,,21.1803012,72.93805,22.799999237060547,-0.203,-0.907,0.417,,0.0,0.0,0.0,,,,,0.0,0.0,30.0,-8.000000022434506e-07,-2.999999964004019e-07,0.01,75.0,36.5,0
12798,SO-0401,Head Constable Ramesh Mehta,Head Constable,32,2026-07-15 20:40:30+00:00,83.0,88.0,,21.1803026,72.9380528,22.799999237060547,0.979,-0.145,-0.199,,0.0,0.0,0.0,,,,,0.0,0.0,31.0,1.4000000021496817e-06,2.7999999900885086e-06,0.04,88.0,36.5,0
12804,SO-0401,Head Constable Ramesh Mehta,Head Constable,32,2026-07-15 20:40:59+00:00,83.0,85.0,,21.1803062,72.9380491,22.799999237060547,-0.185,-0.915,0.388,,0.0,0.0,0.0,,,,,0.0,0.0,29.0,3.5999999994373866e-06,-3.699999993500569e-06,0.07,85.0,36.5,0
12811,SO-0401,Head Constable Ramesh Mehta,Head Constable,32,2026-07-15 20:41:29+00:00,86.0,88.0,,21.1803039,72.9380485,22.799999237060547,-0.257,-0.936,0.291,,0.0,0.0,0.0,,,,,0.0,0.0,30.0,-2.3000000020090283e-06,-6.000000070116585e-07,0.03,88.0,36.5,0
12818,SO-0401,Head Constable Ramesh Mehta,Head Constable,32,2026-07-15 20:41:59+00:00,86.0,85.0,,21.1803049,72.9380487,22.799999237060547,-0.245,-0.947,0.264,,0.0,0.0,0.0,,,,,0.0,0.0,30.0,1.0000000010279564e-06,2.0000000233721948e-07,0.01,85.0,36.5,0
12825,SO-0401,Head Constable Ramesh Mehta,Head Constable,32,2026-07-15 20:42:30+00:00,85.0,87.0,,21.1803029,72.9380417,22.799999237060547,1.019,-0.15,0.085,,0.0,0.0,0.0,,,,,0.0,0.0,31.0,-1.999999998503199e-06,-6.999999996537554e-06,0.09,87.0,36.5,0
12832,SO-0401,Head Constable Ramesh Mehta,Head Constable,32,2026-07-15 20:42:59+00:00,85.0,87.0,,21.1803018,72.9380358,22.799999237060547,0.59,1.454,2.0,,0.0,0.0,0.0,,,,,0.0,0.0,29.0,-1.100000002196566e-06,-5.900000004999129e-06,0.08,87.0,36.5,1
12839,SO-0401,Head Constable Ramesh Mehta,Head Constable,32,2026-07-15 20:43:29+00:00,85.0,81.0,,21.1803018,72.9380358,22.799999237060547,0.469,0.898,0.202,,0.0,0.0,0.0,,,,,0.0,0.0,30.0,0.0,0.0,0.0,81.0,36.5,1
12846,SO-0401,Head Constable Ramesh Mehta,Head Constable,32,2026-07-15 20:43:59+00:00,87.0,87.0,,21.180297,72.9380104,22.799999237060547,0.143,-0.971,0.278,,0.0,0.0,0.0,,,,,0.0,0.0,30.0,-4.799999999249849e-06,-2.539999999839893e-05,0.32,87.0,36.5,1
12853,SO-0401,Head Constable Ramesh Mehta,Head Constable,32,2026-07-15 20:44:29+00:00,87.0,81.0,,21.1803098,72.9380084,22.799999237060547,0.115,-0.969,0.289,,0.0,0.0,0.0,,,,,0.0,0.0,30.0,1.2800000000368073e-05,-1.9999999949504854e-06,0.17,81.0,36.5,1
12860,SO-0401,Head Constable Ramesh Mehta,Head Constable,32,2026-07-15 20:44:59+00:00,87.0,84.0,,21.1803007,72.9380095,22.799999237060547,0.133,-0.968,0.273,,0.0,0.0,0.0,,,,,0.0,0.0,30.0,-9.099999999762076e-06,1.1000000057492798e-06,0.12,84.0,36.5,1
12867,SO-0401,Head Constable Ramesh Mehta,Head Constable,32,2026-07-15 20:45:29+00:00,100.0,78.0,,21.1803112,72.9380398,22.799999237060547,0.492,0.733,-0.239,,0.0,0.0,0.0,,,,,0.0,0.0,30.0,1.0499999998359044e-05,3.0299999991711957e-05,0.4,78.0,36.5,2
12874,SO-0401,Head Constable Ramesh Mehta,Head Constable,32,2026-07-15 20:45:59+00:00,99.0,84.0,,21.1803115,72.9380429,22.799999237060547,0.729,0.31,0.171,,0.0,0.0,0.0,,,,,0.0,0.0,30.0,2.999999999531156e-07,3.1000000006997652e-06,0.04,84.0,36.5,2
12881,SO-0401,Head Constable Ramesh Mehta,Head Constable,32,2026-07-15 20:46:29+00:00,89.0,85.0,,21.1803014,72.9380498,22.799999237060547,-0.946,-0.329,0.414,,0.0,0.0,0.0,,,,,0.0,0.0,30.0,-1.009999999723732e-05,6.900000002474371e-06,0.16,85.0,36.5,0
12888,SO-0401,Head Constable Ramesh Mehta,Head Constable,32,2026-07-15 20:46:59+00:00,89.0,81.0,,21.1803038,72.9380409,22.799999237060547,0.41,0.891,0.208,,0.0,0.0,0.0,,,,,0.0,0.0,30.0,2.3999999996249244e-06,-8.899999997424857e-06,0.12,81.0,36.5,0
12895,SO-0401,Head Constable Ramesh Mehta,Head Constable,32,2026-07-15 20:47:29+00:00,83.0,87.0,,21.1803161,72.9380435,22.799999237060547,0.661,1.033,0.472,,0.0,0.0,0.0,,,,,0.0,0.0,30.0,1.2299999998077736e-05,2.600000001962144e-06,0.17,87.0,36.5,0
12902,SO-0401,Head Constable Ramesh Mehta,Head Constable,32,2026-07-15 20:47:59+00:00,89.0,86.0,,21.1803075,72.9380519,22.799999237060547,0.572,0.693,0.495,,0.0,0.0,0.0,,,,,0.0,0.0,30.0,-8.599999997471741e-06,8.399999998687235e-06,0.15,86.0,36.5,0
12909,SO-0401,Head Constable Ramesh Mehta,Head Constable,32,2026-07-15 20:48:29+00:00,89.0,68.0,,21.1803006,72.9380534,22.799999237060547,0.601,0.677,0.464,,0.0,0.0,0.0,,,,,0.0,0.0,30.0,-6.900000002474371e-06,1.499999996212864e-06,0.09,68.0,36.5,0
12916,SO-0401,Head Constable Ramesh Mehta,Head Constable,32,2026-07-15 20:48:59+00:00,89.0,88.0,,21.180309,72.9380406,22.799999237060547,1.073,0.83,0.001,,0.0,0.0,0.0,,,,,0.0,0.0,30.0,8.400000002239949e-06,-1.28000000074735e-05,0.19,88.0,36.5,0
12923,SO-0401,Head Constable Ramesh Mehta,Head Constable,32,2026-07-15 20:49:29+00:00,87.0,82.0,,21.1803026,72.9380416,22.799999237060547,0.465,0.859,0.243,,0.0,0.0,0.0,,,,,0.0,0.0,30.0,-6.400000000184036e-06,1.0000000116860974e-06,0.09,82.0,36.5,0
12930,SO-0401,Head Constable Ramesh Mehta,Head Constable,32,2026-07-15 20:49:59+00:00,81.0,85.0,,21.1803064,72.9380437,22.799999237060547,0.532,0.842,0.071,,0.0,0.0,0.0,,,,,0.0,0.0,30.0,3.799999998221893e-06,2.099999989013668e-06,0.06,85.0,36.5,0
12937,SO-0401,Head Constable Ramesh Mehta,Head Constable,32,2026-07-15 20:50:29+00:00,81.0,66.0,,21.1803141,72.9380497,22.799999237060547,0.285,0.943,-0.1,,0.0,0.0,0.0,,,,,0.0,0.0,30.0,7.700000001165108e-06,5.999999999062311e-06,0.13,66.0,36.5,0
12943,SO-0401,Head Constable Ramesh Mehta,Head Constable,32,2026-07-15 20:50:59+00:00,98.0,68.0,,21.1803064,72.9380475,22.799999237060547,0.391,0.887,0.275,,0.0,0.0,0.0,,,,,0.0,0.0,30.0,-7.700000001165108e-06,-2.199999997287705e-06,0.11,68.0,36.5,2
12950,SO-0401,Head Constable Ramesh Mehta,Head Constable,32,2026-07-15 20:51:29+00:00,98.0,72.0,,21.1803018,72.9380521,22.799999237060547,0.488,0.672,0.584,,0.0,0.0,0.0,,,,,0.0,0.0,30.0,-4.600000000465343e-06,4.599999996912629e-06,0.08,72.0,36.5,2
12957,SO-0401,Head Constable Ramesh Mehta,Head Constable,32,2026-07-15 20:51:59+00:00,98.0,70.0,,21.1803034,72.9380527,22.799999237060547,0.555,0.66,0.549,,0.0,0.0,0.0,,,,,0.0,0.0,30.0,1.6000000009341877e-06,6.000000070116585e-07,0.02,70.0,36.5,2
12964,SO-0401,Head Constable Ramesh Mehta,Head Constable,32,2026-07-15 20:52:29+00:00,90.0,87.0,,21.1803025,72.9380556,22.799999237060547,0.535,0.761,0.359,,0.0,0.0,0.0,,,,,0.0,0.0,30.0,-8.999999998593466e-07,2.8999999983625457e-06,0.04,87.0,36.5,0
12971,SO-0401,Head Constable Ramesh Mehta,Head Constable,32,2026-07-15 20:52:59+00:00,93.0,83.0,,21.1802992,72.9380334,22.799999237060547,0.135,0.836,0.556,,0.0,0.0,0.0,,,,,0.0,0.0,30.0,-3.299999999484271e-06,-2.2200000003635975e-05,0.28,83.0,36.5,2
12978,SO-0401,Head Constable Ramesh Mehta,Head Constable,32,2026-07-15 20:53:29+00:00,100.0,88.0,,21.1802978,72.9380561,22.799999237060547,0.465,0.861,0.286,,0.0,0.0,0.0,,,,,0.0,0.0,30.0,-1.399999998596968e-06,2.27000000023736e-05,0.28,88.0,36.5,2
12985,SO-0401,Head Constable Ramesh Mehta,Head Constable,32,2026-07-15 20:53:59+00:00,93.0,88.0,,21.1803014,72.9380457,22.799999237060547,0.807,0.544,0.28,,0.0,0.0,0.0,,,,,0.0,0.0,30.0,3.5999999994373866e-06,-1.039999999363772e-05,0.14,88.0,36.5,2
12992,SO-0401,Head Constable Ramesh Mehta,Head Constable,32,2026-07-15 20:54:29+00:00,82.0,86.0,,21.1802937,72.9380443,22.799999237060547,0.8,0.659,0.14,,0.0,0.0,0.0,,,,,0.0,0.0,30.0,-7.700000001165108e-06,-1.4000000021496817e-06,0.1,86.0,36.5,0
12999,SO-0401,Head Constable Ramesh Mehta,Head Constable,32,2026-07-15 20:54:59+00:00,84.0,68.0,,21.1803001,72.9380432,22.799999237060547,0.02,0.949,-0.488,,0.0,0.0,0.0,,,,,0.0,0.0,30.0,6.400000000184036e-06,-1.1000000057492798e-06,0.09,68.0,36.5,0
13006,SO-0401,Head Constable Ramesh Mehta,Head Constable,32,2026-07-15 20:55:29+00:00,88.0,73.0,,21.1803001,72.938048,22.799999237060547,0.34,0.989,0.46,,0.0,0.0,0.0,,,,,0.0,0.0,30.0,0.0,4.799999999249849e-06,0.06,73.0,36.5,0
13013,SO-0401,Head Constable Ramesh Mehta,Head Constable,32,2026-07-15 20:55:59+00:00,100.0,84.0,,21.1803016,72.9380492,22.799999237060547,0.619,0.655,-0.406,,0.0,0.0,0.0,,,,,0.0,0.0,30.0,1.4999999997655775e-06,1.1999999998124622e-06,0.02,84.0,36.5,2
13020,SO-0401,Head Constable Ramesh Mehta,Head Constable,32,2026-07-15 20:56:29+00:00,91.0,82.0,,21.180303,72.9380383,22.799999237060547,0.457,0.357,0.774,,0.0,0.0,0.0,,,,,0.0,0.0,30.0,1.399999998596968e-06,-1.0899999992375342e-05,0.14,82.0,36.5,2
13027,SO-0401,Head Constable Ramesh Mehta,Head Constable,32,2026-07-15 20:56:59+00:00,93.0,82.0,,21.1803087,72.9380477,22.799999237060547,0.725,0.058,-0.239,,0.0,0.0,0.0,,,,,0.0,0.0,30.0,5.700000002661909e-06,9.399999996162478e-06,0.14,82.0,36.5,2
13034,SO-0401,Head Constable Ramesh Mehta,Head Constable,32,2026-07-15 20:57:29+00:00,91.0,88.0,,21.1803083,72.9380537,22.799999237060547,0.385,0.913,0.132,,0.0,0.0,0.0,,,,,0.0,0.0,30.0,-4.000000011217253e-07,5.999999999062311e-06,0.07,88.0,36.5,2
13041,SO-0401,Head Constable Ramesh Mehta,Head Constable,32,2026-07-15 20:57:59+00:00,91.0,87.0,,21.1803009,72.9380452,22.799999237060547,0.567,0.359,-0.741,,0.0,0.0,0.0,,,,,0.0,0.0,30.0,-7.400000001211993e-06,-8.499999992750418e-06,0.14,87.0,36.5,2
13048,SO-0401,Head Constable Ramesh Mehta,Head Constable,32,2026-07-15 20:58:29+00:00,100.0,83.0,,21.1802997,72.9380399,22.799999237060547,0.283,0.889,0.378,,0.0,0.0,0.0,,,,,0.0,0.0,30.0,-1.1999999998124622e-06,-5.29999999798747e-06,0.07,83.0,36.5,2
13054,SO-0401,Head Constable Ramesh Mehta,Head Constable,32,2026-07-15 20:58:59+00:00,91.0,87.0,,21.1803055,72.9380577,22.799999237060547,0.692,0.724,0.015,,0.0,0.0,0.0,,,,,0.0,0.0,30.0,5.800000000277805e-06,1.7799999994849713e-05,0.23,87.0,36.5,2
13061,SO-0401,Head Constable Ramesh Mehta,Head Constable,32,2026-07-15 20:59:29+00:00,81.0,88.0,,21.1803014,72.9380532,22.799999237060547,0.693,0.724,-0.016,,0.0,0.0,0.0,,,,,0.0,0.0,30.0,-4.099999998175008e-06,-4.500000002849447e-06,0.08,88.0,36.5,0
13068,SO-0401,Head Constable Ramesh Mehta,Head Constable,32,2026-07-15 20:59:59+00:00,87.0,67.0,,21.1803023,72.938045,22.799999237060547,0.703,0.702,0.045,,0.0,0.0,0.0,,,,,0.0,0.0,30.0,8.999999998593466e-07,-8.199999996350016e-06,0.1,67.0,36.5,0
13075,SO-0401,Head Constable Ramesh Mehta,Head Constable,32,2026-07-15 21:00:29+00:00,83.0,87.0,,21.1803105,72.9380463,22.799999237060547,0.49,0.505,0.752,,0.0,0.0,0.0,,,,,0.0,0.0,30.0,8.19999999990273e-06,1.2999999938756446e-06,0.11,87.0,36.5,0
13082,SO-0401,Head Constable Ramesh Mehta,Head Constable,32,2026-07-15 21:00:59+00:00,90.0,83.0,,21.180303,72.9380283,22.799999237060547,0.149,0.183,0.65,,0.0,0.0,0.0,,,,,0.0,0.0,30.0,-7.500000002380602e-06,-1.7999999997186933e-05,0.24,83.0,36.5,0
13088,SO-0401,Head Constable Ramesh Mehta,Head Constable,32,2026-07-15 21:01:29+00:00,90.0,87.0,,21.1802952,72.9380274,22.799999237060547,0.354,0.893,0.28,,0.0,0.0,0.0,,,,,0.0,0.0,30.0,-7.799999998781004e-06,-9.000000034120603e-07,0.1,87.0,36.5,0
13094,SO-0401,Head Constable Ramesh Mehta,Head Constable,32,2026-07-15 21:01:59+00:00,95.0,87.0,,21.1803024,72.9380516,22.799999237060547,0.974,-0.052,0.329,,0.0,0.0,0.0,,,,,0.0,0.0,30.0,7.199999998874773e-06,2.4199999998586463e-05,0.32,87.0,36.5,2
13100,SO-0401,Head Constable Ramesh Mehta,Head Constable,32,2026-07-15 21:02:29+00:00,95.0,88.0,,21.1803063,72.9380428,22.799999237060547,0.437,-0.213,0.921,,0.0,0.0,0.0,,,,,0.0,0.0,30.0,3.900000002943216e-06,-8.79999998915082e-06,0.12,88.0,36.5,2
13106,SO-0401,Head Constable Ramesh Mehta,Head Constable,32,2026-07-15 21:02:59+00:00,100.0,87.0,,21.1802987,72.9380366,22.799999237060547,0.121,-0.147,0.74,,0.0,0.0,0.0,,,,,0.0,0.0,30.0,-7.599999999996499e-06,-6.2000000013995304e-06,0.13,87.0,36.5,2
13112,SO-0401,Head Constable Ramesh Mehta,Head Constable,32,2026-07-15 21:03:29+00:00,91.0,69.0,,21.1803143,72.9380362,22.799999237060547,0.756,0.575,-0.015,,0.0,0.0,0.0,,,,,0.0,0.0,30.0,1.559999999756201e-05,-4.0000000467443897e-07,0.21,69.0,36.5,2
13118,SO-0401,Head Constable Ramesh Mehta,Head Constable,32,2026-07-15 21:03:59+00:00,85.0,83.0,,21.1803143,72.938048,22.799999237060547,0.825,0.181,1.034,,0.0,0.0,0.0,,,,,0.0,0.0,30.0,0.0,1.1799999995787402e-05,0.15,83.0,36.5,0
13124,SO-0401,Head Constable Ramesh Mehta,Head Constable,32,2026-07-15 21:04:29+00:00,81.0,86.0,,21.1803013,72.9380541,22.799999237060547,0.572,0.065,0.844,,0.0,0.0,0.0,,,,,0.0,0.0,30.0,-1.2999999999152578e-05,6.100000007336348e-06,0.19,86.0,36.5,0
13130,SO-0401,Head Constable Ramesh Mehta,Head Constable,32,2026-07-15 21:04:59+00:00,95.0,73.0,,21.1803118,72.9380385,22.799999237060547,0.185,0.947,0.298,,0.0,0.0,0.0,,,,,0.0,0.0,30.0,1.0499999998359044e-05,-1.559999999756201e-05,0.24,73.0,36.5,2
13136,SO-0401,Head Constable Ramesh Mehta,Head Constable,32,2026-07-15 21:05:29+00:00,88.0,79.0,,21.1802943,72.9380248,22.799999237060547,0.66,0.113,-0.732,,0.0,0.0,0.0,,,,,0.0,0.0,30.0,-1.749999999844931e-05,-1.370000001088556e-05,0.29,79.0,36.5,0
13142,SO-0401,Head Constable Ramesh Mehta,Head Constable,32,2026-07-15 21:05:59+00:00,94.0,76.0,,21.1802825,72.9379451,22.799999237060547,0.845,-0.355,-0.02,,0.0,0.0,0.0,,,,,0.0,0.0,30.0,-1.1799999999340116e-05,-7.970000000057098e-05,1.0,76.0,36.5,2
13148,SO-0401,Head Constable Ramesh Mehta,Head Constable,32,2026-07-15 21:06:29+00:00,94.0,88.0,,21.1802784,72.9380125,22.799999237060547,0.971,-0.241,0.201,,0.0,0.0,0.0,,,,,0.0,0.0,30.0,-4.100000001727722e-06,6.740000000604596e-05,0.84,88.0,36.5,2
13154,SO-0401,Head Constable Ramesh Mehta,Head Constable,32,2026-07-15 21:06:59+00:00,94.0,82.0,,21.1802272,72.9380815,22.799999237060547,0.816,-0.28,0.265,,0.0,0.0,0.0,,,,,0.0,0.0,30.0,-5.1199999997919576e-05,6.8999999996322e-05,1.1,82.0,36.5,2
13160,SO-0401,Head Constable Ramesh Mehta,Head Constable,32,2026-07-15 21:07:29+00:00,94.0,86.0,,21.1802879,72.937976,22.799999237060547,0.904,-0.257,0.244,,0.0,0.0,0.0,,,,,0.0,0.0,30.0,6.069999999880338e-05,-0.0001054999999894,1.54,86.0,36.5,2
13166,SO-0401,Head Constable Ramesh Mehta,Head Constable,32,2026-07-15 21:07:59+00:00,94.0,84.0,,21.1801737,72.9378034,22.799999237060547,0.932,-0.311,0.074,,0.0,0.0,0.0,,,,,0.0,0.0,30.0,-0.0001141999999987,-0.000172599999999,2.63,84.0,36.5,2
13172,SO-0401,Head Constable Ramesh Mehta,Head Constable,32,2026-07-15 21:08:29+00:00,94.0,65.0,,21.1801805,72.9381091,23.700000762939453,0.044,0.565,0.782,,0.0,0.0,0.0,,,,,0.0,0.0,30.0,6.799999997753048e-06,0.0003056999999984,3.8,65.0,36.5,2
13178,SO-0401,Head Constable Ramesh Mehta,Head Constable,32,2026-07-15 21:08:59+00:00,96.0,69.0,,21.1802045,72.9379227,22.600000381469727,0.142,-0.761,-0.744,,0.0,0.0,0.0,,,,,0.0,0.0,30.0,2.399999999980196e-05,-0.000186400000004,2.34,69.0,36.5,2
13184,SO-0401,Head Constable Ramesh Mehta,Head Constable,32,2026-07-15 21:09:29+00:00,96.0,88.0,,21.1800748,72.9378159,22.0,0.042,-0.434,0.935,,0.0,0.0,0.0,,,,,0.0,0.0,30.0,-0.0001296999999986,-0.0001067999999975,2.18,88.0,36.5,2
13190,SO-0401,Head Constable Ramesh Mehta,Head Constable,32,2026-07-15 21:09:59+00:00,85.0,88.0,,21.179334,72.9380361,22.0,0.902,-0.521,0.429,,0.0,0.0,0.0,,,,,0.0,0.0,30.0,-0.000740799999999,0.0002202000000011,10.24,88.0,36.5,1
13196,SO-0401,Head Constable Ramesh Mehta,Head Constable,32,2026-07-15 21:10:33+00:00,85.0,88.0,,21.1786981,72.941643,22.0,0.835,-0.543,0.243,,0.0,0.0,0.0,,,,,0.0,0.0,34.0,-0.0006359000000024,0.003606899999994,40.23,88.0,36.5,1
13202,SO-0401,Head Constable Ramesh Mehta,Head Constable,32,2026-07-15 21:11:00+00:00,85.0,87.0,,21.1784232,72.9439228,25.100000381469727,0.746,-0.564,0.31,,0.0,0.0,0.0,,,,,0.0,0.0,27.0,-0.0002748999999973,0.0022797999999966,31.73,87.0,36.5,1
13208,SO-0401,Head Constable Ramesh Mehta,Head Constable,32,2026-07-15 21:11:32+00:00,85.0,88.0,,21.1771358,72.9461014,25.799999237060547,0.859,-0.594,0.118,,0.0,0.0,0.0,,,,,0.0,0.0,32.0,-0.0012874000000024,0.0021786000000076,30.03,88.0,36.5,1
13214,SO-0401,Head Constable Ramesh Mehta,Head Constable,32,2026-07-15 21:12:03+00:00,85.0,88.0,,21.1765604,72.9486198,25.799999237060547,0.873,-0.534,0.279,,0.0,0.0,0.0,,,,,0.0,0.0,31.0,-0.0005753999999988,0.0025183999999995,31.17,88.0,36.5,1
13220,SO-0401,Head Constable Ramesh Mehta,Head Constable,32,2026-07-15 21:12:32+00:00,85.0,87.0,,21.17662,72.9492973,25.600000381469727,0.866,-0.497,0.168,,0.0,0.0,0.0,,,,,0.0,0.0,29.0,5.9600000000159525e-05,0.0006774999999947,8.74,87.0,36.5,1
13226,SO-0401,Head Constable Ramesh Mehta,Head Constable,32,2026-07-15 21:13:02+00:00,88.0,83.0,,21.1763456,72.9497086,25.399999618530273,0.75,-0.517,0.176,,0.0,0.0,0.0,,,,,0.0,0.0,30.0,-0.0002743999999985,0.0004112999999961,6.28,83.0,36.5,1
13232,SO-0401,Head Constable Ramesh Mehta,Head Constable,32,2026-07-15 21:13:33+00:00,88.0,87.0,,21.1756883,72.9514436,25.700000762939453,0.581,-0.608,0.552,,0.0,0.0,0.0,,,,,0.0,0.0,31.0,-0.0006573000000003,0.0017350000000107,22.51,87.0,36.5,1
13238,SO-0401,Head Constable Ramesh Mehta,Head Constable,32,2026-07-15 21:14:02+00:00,90.0,84.0,,21.175466,72.9531377,23.0,0.767,-0.659,-0.25,,0.0,0.0,0.0,,,,,0.0,0.0,29.0,-0.0002223000000007,0.0016940999999945,21.98,84.0,36.5,1
13243,SO-0401,Head Constable Ramesh Mehta,Head Constable,32,2026-07-15 21:14:32+00:00,90.0,88.0,,21.1746293,72.9544509,23.0,0.956,-0.481,0.264,,0.0,0.0,0.0,,,,,0.0,0.0,30.0,-0.0008367000000006,0.0013131999999984,19.76,88.0,36.5,1
13250,SO-0401,Head Constable Ramesh Mehta,Head Constable,32,2026-07-15 21:15:02+00:00,83.0,87.0,,21.1737914,72.9568184,23.0,0.192,-0.465,0.87,,0.0,0.0,0.0,,,,,0.0,0.0,30.0,-0.0008379000000005,0.0023675000000054,31.45,87.0,36.5,1
13256,SO-0401,Head Constable Ramesh Mehta,Head Constable,32,2026-07-15 21:15:32+00:00,84.0,87.0,,21.1729146,72.9592758,23.100000381469727,0.293,-0.579,0.621,,0.0,0.0,0.0,,,,,0.0,0.0,30.0,-0.0008768000000003,0.0024573999999972,32.68,87.0,36.5,1
13262,SO-0401,Head Constable Ramesh Mehta,Head Constable,32,2026-07-15 21:16:03+00:00,84.0,88.0,,21.169879,72.9681597,26.0,0.214,-0.64,0.748,,0.0,0.0,0.0,,,,,0.0,0.0,31.0,-0.0030355999999969,0.0088839000000007,113.73,88.0,36.5,1
13269,SO-0401,Head Constable Ramesh Mehta,Head Constable,32,2026-07-15 21:16:32+00:00,84.0,88.0,,21.1702677,72.967186,26.200000762939453,0.513,-0.601,0.809,,0.0,0.0,0.0,,,,,0.0,0.0,29.0,0.0003886999999984,-0.0009737000000029,13.61,88.0,36.5,1
13276,SO-0401,Head Constable Ramesh Mehta,Head Constable,32,2026-07-15 21:17:03+00:00,84.0,88.0,,21.1697199,72.9697482,27.299999237060547,0.905,-0.508,0.115,,0.0,0.0,0.0,,,,,0.0,0.0,31.0,-0.0005477999999996,0.0025621999999998,31.6,88.0,36.5,1
13283,SO-0401,Head Constable Ramesh Mehta,Head Constable,32,2026-07-15 21:17:32+00:00,84.0,88.0,,21.1692716,72.9707259,27.299999237060547,0.892,-0.473,0.109,,0.0,0.0,0.0,,,,,0.0,0.0,29.0,-0.0004483000000021,0.000977700000007,14.0,88.0,36.5,1
13290,SO-0401,Head Constable Ramesh Mehta,Head Constable,32,2026-07-15 21:18:02+00:00,90.0,88.0,,21.168725,72.9721677,27.299999237060547,0.951,-0.557,-0.062,,0.0,0.0,0.0,,,,,0.0,0.0,30.0,-0.0005465999999998,0.0014417999999949,19.33,88.0,36.5,1
13296,SO-0401,Head Constable Ramesh Mehta,Head Constable,32,2026-07-15 21:18:32+00:00,86.0,88.0,,21.1678169,72.9757928,28.299999237060547,0.837,-0.424,0.065,,0.0,0.0,0.0,,,,,0.0,0.0,30.0,-0.0009081000000001,0.0036250999999936,46.63,88.0,36.5,1
15251,SO-0401,Head Constable Ramesh Mehta,Head Constable,32,2026-07-16 11:56:54+00:00,87.0,82.0,,21.1797225,72.9370134,22.799999237060547,-0.347,0.262,0.924,,0.0,0.0,0.0,,,,,0.0,0.0,52702.0,0.0119056000000021,-0.0387793999999956,0.0,82.0,36.5,0
15257,SO-0401,Head Constable Ramesh Mehta,Head Constable,32,2026-07-16 11:57:24+00:00,90.0,56.0,,21.1803011,72.9380516,22.799999237060547,-0.369,0.259,0.909,,0.0,0.0,0.0,,,,,0.0,0.0,30.0,0.0005786000000007,0.0010381999999964,15.02,56.0,36.5,1
15263,SO-0401,Head Constable Ramesh Mehta,Head Constable,32,2026-07-16 11:57:53+00:00,95.0,84.0,,21.1803,72.938051,22.799999237060547,-0.486,0.269,0.847,,0.0,0.0,0.0,,,,,0.0,0.0,29.0,-1.100000002196566e-06,-5.999999928008037e-07,0.02,84.0,36.5,2
15269,SO-0401,Head Constable Ramesh Mehta,Head Constable,32,2026-07-16 11:58:23+00:00,85.0,73.0,,21.1802995,72.9380477,22.799999237060547,-0.483,0.248,0.863,,0.0,0.0,0.0,,,,,0.0,0.0,30.0,-4.999999987376214e-07,-3.3000000030369847e-06,0.04,73.0,36.5,0
15275,SO-0401,Head Constable Ramesh Mehta,Head Constable,32,2026-07-16 11:58:53+00:00,83.0,83.0,,21.1802962,72.938045,22.799999237060547,-0.469,0.207,0.866,,0.0,0.0,0.0,,,,,0.0,0.0,30.0,-3.299999999484271e-06,-2.6999999960253263e-06,0.06,83.0,36.5,0
15281,SO-0401,Head Constable Ramesh Mehta,Head Constable,32,2026-07-16 11:59:23+00:00,83.0,76.0,,21.1803011,72.9380516,22.799999237060547,-0.29,0.283,0.927,,0.0,0.0,0.0,,,,,0.0,0.0,30.0,4.9000000004184585e-06,6.599999991863115e-06,0.1,76.0,36.5,0
15287,SO-0401,Head Constable Ramesh Mehta,Head Constable,32,2026-07-16 11:59:53+00:00,90.0,85.0,,21.1803016,72.9380445,22.799999237060547,-0.445,0.222,0.881,,0.0,0.0,0.0,,,,,0.0,0.0,30.0,4.999999987376214e-07,-7.099999990600736e-06,0.09,85.0,36.5,0
15293,SO-0401,Head Constable Ramesh Mehta,Head Constable,32,2026-07-16 12:00:23+00:00,82.0,86.0,,21.1802959,72.9380424,22.799999237060547,-0.536,0.242,0.829,,0.0,0.0,0.0,,,,,0.0,0.0,30.0,-5.699999999109195e-06,-2.1000000032245225e-06,0.08,86.0,36.5,0
15299,SO-0401,Head Constable Ramesh Mehta,Head Constable,32,2026-07-16 12:00:53+00:00,83.0,65.0,,21.1803021,72.9380483,22.799999237060547,-0.491,0.234,0.854,,0.0,0.0,0.0,,,,,0.0,0.0,30.0,6.199999997846817e-06,5.900000004999129e-06,0.11,65.0,36.5,0
15305,SO-0401,Head Constable Ramesh Mehta,Head Constable,32,2026-07-16 12:01:23+00:00,87.0,70.0,,21.1802998,72.9380436,22.799999237060547,-0.502,0.251,0.84,,0.0,0.0,0.0,,,,,0.0,0.0,30.0,-2.2999999984563142e-06,-4.700000005186666e-06,0.07,70.0,36.5,0
15311,SO-0401,Head Constable Ramesh Mehta,Head Constable,32,2026-07-16 12:01:54+00:00,83.0,70.0,,21.1797225,72.9370134,22.799999237060547,-0.525,0.295,0.813,,0.0,0.0,0.0,,,,,0.0,0.0,31.0,-0.0005772999999997,-0.0010302000000024,14.45,70.0,36.5,1
15317,SO-0401,Head Constable Ramesh Mehta,Head Constable,32,2026-07-16 12:02:24+00:00,86.0,57.0,,21.1803011,72.9380431,22.799999237060547,-0.516,0.208,0.853,,0.0,0.0,0.0,,,,,0.0,0.0,30.0,0.0005786000000007,0.0010297000000036,14.93,57.0,36.5,1
15323,SO-0401,Head Constable Ramesh Mehta,Head Constable,32,2026-07-16 12:02:53+00:00,95.0,87.0,,21.1803028,72.9380485,22.799999237060547,-0.533,0.448,-0.706,,0.0,0.0,0.0,,,,,0.0,0.0,29.0,1.6999999985500835e-06,5.3999999920506525e-06,0.07,87.0,36.5,2
15329,SO-0401,Head Constable Ramesh Mehta,Head Constable,32,2026-07-16 12:03:23+00:00,85.0,86.0,,21.1803027,72.9380478,22.799999237060547,0.739,0.109,1.165,,0.0,0.0,0.0,,,,,0.0,0.0,30.0,-1.0000000116860974e-07,-6.999999868639861e-07,0.01,86.0,36.5,0
15334,SO-0401,Head Constable Ramesh Mehta,Head Constable,32,2026-07-16 12:03:53+00:00,87.0,65.0,,21.1803015,72.938047,22.799999237060547,-0.3,-0.917,0.324,,0.0,0.0,0.0,,,,,0.0,0.0,30.0,-1.1999999998124622e-06,-8.000000093488779e-07,0.02,65.0,36.5,0
15339,SO-0401,Head Constable Ramesh Mehta,Head Constable,32,2026-07-16 12:04:23+00:00,91.0,87.0,,21.180297,72.9380426,22.799999237060547,-0.433,0.247,0.895,,0.0,0.0,0.0,,,,,0.0,0.0,30.0,-4.499999999296733e-06,-4.39999999457541e-06,0.08,87.0,36.5,2
15344,SO-0401,Head Constable Ramesh Mehta,Head Constable,32,2026-07-16 12:04:53+00:00,87.0,86.0,,21.1802975,72.9380425,22.799999237060547,-0.834,-0.065,0.553,,0.0,0.0,0.0,,,,,0.0,0.0,30.0,5.00000002290335e-07,-1.000000082740371e-07,0.01,86.0,36.5,0
15349,SO-0401,Head Constable Ramesh Mehta,Head Constable,32,2026-07-16 12:05:23+00:00,93.0,87.0,,21.1803093,72.9380374,22.799999237060547,-0.575,0.052,0.924,,0.0,0.0,0.0,,,,,0.0,0.0,30.0,1.1799999999340116e-05,-5.099999995650251e-06,0.17,87.0,36.5,2
15354,SO-0401,Head Constable Ramesh Mehta,Head Constable,32,2026-07-16 12:05:53+00:00,99.0,81.0,,21.1803017,72.9380479,22.799999237060547,-0.757,0.329,-0.597,,0.0,0.0,0.0,,,,,0.0,0.0,30.0,-7.599999999996499e-06,1.0500000001911758e-05,0.17,81.0,36.5,2
15359,SO-0401,Head Constable Ramesh Mehta,Head Constable,32,2026-07-16 12:06:23+00:00,86.0,83.0,,21.180303,72.9380411,22.799999237060547,-0.805,0.343,-0.43,,0.0,0.0,0.0,,,,,0.0,0.0,30.0,1.2999999974283585e-06,-6.799999994200334e-06,0.09,83.0,36.5,0
15364,SO-0401,Head Constable Ramesh Mehta,Head Constable,32,2026-07-16 12:06:54+00:00,98.0,79.0,,21.1806727,72.9392281,22.799999237060547,-0.518,0.148,0.865,,0.0,0.0,0.0,,,,,0.0,0.0,31.0,0.0003697000000002,0.0011869999999873,15.04,79.0,36.5,1
15369,SO-0401,Head Constable Ramesh Mehta,Head Constable,32,2026-07-16 12:07:24+00:00,84.0,86.0,,21.1803005,72.9380451,22.799999237060547,-0.507,0.144,0.861,,0.0,0.0,0.0,,,,,0.0,0.0,30.0,-0.0003721999999974,-0.0011829999999974,15.51,86.0,36.5,1
15374,SO-0401,Head Constable Ramesh Mehta,Head Constable,32,2026-07-16 12:07:53+00:00,81.0,81.0,,21.1803008,72.9380466,22.799999237060547,-0.525,0.141,0.859,,0.0,0.0,0.0,,,,,0.0,0.0,29.0,2.999999999531156e-07,1.5000000104237188e-06,0.02,81.0,36.5,0
15378,SO-0401,Head Constable Ramesh Mehta,Head Constable,32,2026-07-16 12:08:23+00:00,81.0,83.0,,21.1803001,72.9380453,22.799999237060547,-0.56,0.121,0.835,,0.0,0.0,0.0,,,,,0.0,0.0,30.0,-7.000000010748408e-07,-1.3000000080864993e-06,0.02,83.0,36.5,0
15383,SO-0401,Head Constable Ramesh Mehta,Head Constable,32,2026-07-16 12:08:53+00:00,88.0,80.0,,21.180301,72.9380572,22.799999237060547,-0.496,0.028,0.881,,0.0,0.0,0.0,,,,,0.0,0.0,30.0,8.999999998593466e-07,1.190000000406144e-05,0.15,80.0,36.5,0
15388,SO-0401,Head Constable Ramesh Mehta,Head Constable,32,2026-07-16 12:09:23+00:00,84.0,72.0,,21.1803033,72.9380476,22.799999237060547,-0.837,0.068,0.533,,0.0,0.0,0.0,,,,,0.0,0.0,30.0,2.2999999984563142e-06,-9.599999998499698e-06,0.12,72.0,36.5,0
15393,SO-0401,Head Constable Ramesh Mehta,Head Constable,32,2026-07-16 12:09:53+00:00,97.0,87.0,,21.1803029,72.9380512,22.799999237060547,-0.464,0.614,0.809,,0.0,0.0,0.0,,,,,0.0,0.0,30.0,-3.999999975690116e-07,3.5999999994373866e-06,0.05,87.0,36.5,2
15398,SO-0401,Head Constable Ramesh Mehta,Head Constable,32,2026-07-16 12:10:23+00:00,87.0,72.0,,21.180302,72.9380473,22.799999237060547,-0.319,-0.506,0.299,,0.0,0.0,0.0,,,,,0.0,0.0,30.0,-8.999999998593466e-07,-3.900000010048643e-06,0.05,72.0,36.5,0
15403,SO-0401,Head Constable Ramesh Mehta,Head Constable,32,2026-07-16 12:10:53+00:00,85.0,84.0,,21.1803001,72.938044,22.799999237060547,-0.135,-0.925,0.562,,0.0,0.0,0.0,,,,,0.0,0.0,30.0,-1.900000000887303e-06,-3.29999998882613e-06,0.05,84.0,36.5,0
15408,SO-0401,Head Constable Ramesh Mehta,Head Constable,32,2026-07-16 12:11:23+00:00,96.0,80.0,,21.1803023,72.9380401,22.799999237060547,-0.458,-0.883,-0.109,,0.0,0.0,0.0,,,,,0.0,0.0,30.0,2.2000000008404186e-06,-3.900000010048643e-06,0.06,80.0,36.5,2
16147,SO-0401,Head Constable Ramesh Mehta,Head Constable,32,2026-07-16 13:37:52+00:00,96.0,87.0,,21.1803016,72.9380499,22.799999237060547,-0.702,-0.186,-0.661,,0.0,0.0,0.0,,,,,0.0,0.0,5189.0,-7.000000010748408e-07,9.800000000836915e-06,0.0,87.0,36.5,2
16151,SO-0401,Head Constable Ramesh Mehta,Head Constable,32,2026-07-16 13:38:21+00:00,97.0,87.0,,21.1803011,72.9380497,22.799999237060547,-0.908,-0.299,0.154,,0.0,0.0,0.0,,,,,0.0,0.0,29.0,-4.999999987376214e-07,-2.0000000233721948e-07,0.01,87.0,36.5,2
16155,SO-0401,Head Constable Ramesh Mehta,Head Constable,32,2026-07-16 13:38:50+00:00,90.0,86.0,,21.1802663,72.9380251,22.799999237060547,-0.759,-0.306,0.581,,0.0,0.0,0.0,,,,,0.0,0.0,29.0,-3.480000000166683e-05,-2.4599999989050048e-05,0.57,86.0,36.5,0
16159,SO-0401,Head Constable Ramesh Mehta,Head Constable,32,2026-07-16 13:39:20+00:00,91.0,88.0,,21.1802979,72.9380459,22.799999237060547,-0.636,0.515,0.551,,0.0,0.0,0.0,,,,,0.0,0.0,30.0,3.1599999999798456e-05,2.0800000001486296e-05,0.49,88.0,36.5,2
16163,SO-0401,Head Constable Ramesh Mehta,Head Constable,32,2026-07-16 13:39:51+00:00,81.0,62.0,,21.1802912,72.9380427,22.799999237060547,-0.663,0.55,0.497,,0.0,0.0,0.0,,,,,0.0,0.0,31.0,-6.700000000137152e-06,-3.2000000089738023e-06,0.09,62.0,36.5,0
16167,SO-0401,Head Constable Ramesh Mehta,Head Constable,32,2026-07-16 13:40:21+00:00,89.0,87.0,,21.1802951,72.9380486,22.799999237060547,-0.653,0.209,0.739,,0.0,0.0,0.0,,,,,0.0,0.0,30.0,3.899999999390502e-06,5.900000004999129e-06,0.09,87.0,36.5,0
16171,SO-0401,Head Constable Ramesh Mehta,Head Constable,32,2026-07-16 13:40:51+00:00,88.0,88.0,,21.1802994,72.9380417,22.799999237060547,-0.628,0.277,0.747,,0.0,0.0,0.0,,,,,0.0,0.0,30.0,4.300000000512227e-06,-6.900000002474371e-06,0.1,88.0,36.5,0
16175,SO-0401,Head Constable Ramesh Mehta,Head Constable,32,2026-07-16 13:41:21+00:00,96.0,81.0,,21.1802941,72.9380378,22.799999237060547,-0.923,-0.358,0.028,,0.0,0.0,0.0,,,,,0.0,0.0,30.0,-5.29999999798747e-06,-3.8999999958377884e-06,0.09,81.0,36.5,2
16179,SO-0401,Head Constable Ramesh Mehta,Head Constable,32,2026-07-16 13:41:53+00:00,96.0,88.0,,21.1797225,72.9370134,22.799999237060547,-0.622,0.249,0.744,,0.0,0.0,0.0,,,,,0.0,0.0,32.0,-0.0005716000000006,-0.0010244000000056,13.9,88.0,36.5,1
16183,SO-0401,Head Constable Ramesh Mehta,Head Constable,32,2026-07-16 13:42:23+00:00,90.0,87.0,,21.1802784,72.938039,22.799999237060547,-0.504,0.56,0.668,,0.0,0.0,0.0,,,,,0.0,0.0,30.0,0.0005558999999983,0.0010256000000055,14.73,87.0,36.5,1
16187,SO-0401,Head Constable Ramesh Mehta,Head Constable,32,2026-07-16 13:42:51+00:00,93.0,88.0,,21.1803067,72.9380482,22.799999237060547,-0.595,0.182,0.833,,0.0,0.0,0.0,,,,,0.0,0.0,28.0,2.8300000000314185e-05,9.19999999382526e-06,0.42,88.0,36.5,2
16191,SO-0401,Head Constable Ramesh Mehta,Head Constable,32,2026-07-16 13:43:21+00:00,100.0,86.0,,21.1803072,72.9380445,22.799999237060547,-0.592,0.208,0.802,,0.0,0.0,0.0,,,,,0.0,0.0,30.0,5.00000002290335e-07,-3.699999993500569e-06,0.05,86.0,36.5,2
16195,SO-0401,Head Constable Ramesh Mehta,Head Constable,32,2026-07-16 13:43:51+00:00,97.0,87.0,,21.1803006,72.9380495,22.799999237060547,-0.635,0.234,0.748,,0.0,0.0,0.0,,,,,0.0,0.0,30.0,-6.600000002521256e-06,5.000000001587068e-06,0.11,87.0,36.5,2
16199,SO-0401,Head Constable Ramesh Mehta,Head Constable,32,2026-07-16 13:44:21+00:00,87.0,88.0,,21.1802373,72.9379573,22.799999237060547,-0.666,0.268,0.72,,0.0,0.0,0.0,,,,,0.0,0.0,30.0,-6.329999999721281e-05,-9.220000001164408e-05,1.42,88.0,36.5,0
16203,SO-0401,Head Constable Ramesh Mehta,Head Constable,32,2026-07-16 13:44:51+00:00,97.0,88.0,,21.180303,72.9380451,22.799999237060547,-0.611,0.258,0.763,,0.0,0.0,0.0,,,,,0.0,0.0,30.0,6.569999999683773e-05,8.780000000285781e-05,1.4,88.0,36.5,2
16207,SO-0401,Head Constable Ramesh Mehta,Head Constable,32,2026-07-16 13:45:21+00:00,100.0,78.0,,21.180306,72.9380481,22.799999237060547,-0.62,0.261,0.754,,0.0,0.0,0.0,,,,,0.0,0.0,30.0,3.000000003083869e-06,3.000000006636583e-06,0.05,78.0,36.5,2
16211,SO-0401,Head Constable Ramesh Mehta,Head Constable,32,2026-07-16 13:45:51+00:00,98.0,88.0,,21.1802993,72.9380516,22.799999237060547,-0.784,0.25,0.741,,0.0,0.0,0.0,,,,,0.0,0.0,30.0,-6.700000000137152e-06,3.4999999911633495e-06,0.1,88.0,36.5,2
16215,SO-0401,Head Constable Ramesh Mehta,Head Constable,32,2026-07-16 13:46:21+00:00,100.0,88.0,,21.1803022,72.938047,22.799999237060547,-0.645,0.243,0.738,,0.0,0.0,0.0,,,,,0.0,0.0,30.0,2.8999999983625457e-06,-4.599999996912629e-06,0.07,88.0,36.5,2
16219,SO-0401,Head Constable Ramesh Mehta,Head Constable,32,2026-07-16 13:46:53+00:00,100.0,88.0,,21.1808213,72.9336913,22.799999237060547,-0.624,0.254,0.748,,0.0,0.0,0.0,,,,,0.0,0.0,32.0,0.0005191000000017,-0.0043556999999907,51.13,88.0,36.5,1
16223,SO-0401,Head Constable Ramesh Mehta,Head Constable,32,2026-07-16 13:47:23+00:00,99.0,84.0,,21.1802957,72.9380512,22.799999237060547,-0.784,0.283,0.541,,0.0,0.0,0.0,,,,,0.0,0.0,30.0,-0.0005256000000031,0.0043598999999971,54.61,84.0,36.5,1
17084,SO-0401,Head Constable Ramesh Mehta,Head Constable,32,2026-07-16 15:18:33+00:00,87.0,84.0,,21.1802956,72.9380495,22.799999237060547,0.22,-0.797,-0.104,,0.0,0.0,0.0,,,,,0.0,0.0,5470.0,-9.999999761589606e-08,-1.6999999985500835e-06,0.0,84.0,36.5,0
17094,SO-0401,Head Constable Ramesh Mehta,Head Constable,32,2026-07-16 15:19:33+00:00,94.0,87.0,,21.1803008,72.9380448,22.799999237060547,0.893,0.358,0.541,,0.0,0.0,0.0,,,,,0.0,0.0,60.0,5.200000000371574e-06,-4.700000005186666e-06,0.05,87.0,36.5,2
17098,SO-0401,Head Constable Ramesh Mehta,Head Constable,32,2026-07-16 15:20:03+00:00,86.0,87.0,,21.1802972,72.9380488,22.799999237060547,0.802,0.28,-0.566,,0.0,0.0,0.0,,,,,0.0,0.0,30.0,-3.6000000029901003e-06,4.0000000041118255e-06,0.07,87.0,36.5,0
17100,SO-0401,Head Constable Ramesh Mehta,Head Constable,32,2026-07-16 15:20:33+00:00,100.0,88.0,,21.1803001,72.9380512,22.799999237060547,-0.286,0.017,1.172,,0.0,0.0,0.0,,,,,0.0,0.0,30.0,2.900000001915259e-06,2.3999999996249244e-06,0.05,88.0,36.5,2
17106,SO-0401,Head Constable Ramesh Mehta,Head Constable,32,2026-07-16 15:21:02+00:00,82.0,86.0,,21.1802998,72.9380448,22.799999237060547,0.872,0.175,-0.464,,0.0,0.0,0.0,,,,,0.0,0.0,29.0,-2.999999999531156e-07,-6.40000000373675e-06,0.08,86.0,36.5,0
17112,SO-0401,Head Constable Ramesh Mehta,Head Constable,32,2026-07-16 15:21:32+00:00,89.0,88.0,,21.1803054,72.9380513,22.799999237060547,0.875,0.121,-0.487,,0.0,0.0,0.0,,,,,0.0,0.0,30.0,5.600000001493299e-06,6.499999997799932e-06,0.11,88.0,36.5,0
17115,SO-0401,Head Constable Ramesh Mehta,Head Constable,32,2026-07-16 15:22:03+00:00,88.0,88.0,,21.1802989,72.9380391,22.799999237060547,0.908,0.269,-0.334,,0.0,0.0,0.0,,,,,0.0,0.0,31.0,-6.500000001352646e-06,-1.220000000046184e-05,0.17,88.0,36.5,0
17122,SO-0401,Head Constable Ramesh Mehta,Head Constable,32,2026-07-16 15:22:33+00:00,96.0,87.0,,21.1802495,72.9379964,22.799999237060547,0.705,0.602,-0.359,,0.0,0.0,0.0,,,,,0.0,0.0,30.0,-4.94000000017536e-05,-4.269999999451102e-05,0.85,87.0,36.5,2
17125,SO-0401,Head Constable Ramesh Mehta,Head Constable,32,2026-07-16 15:23:06+00:00,88.0,88.0,,21.180291,72.9380452,22.799999237060547,0.841,0.325,-0.432,,0.0,0.0,0.0,,,,,0.0,0.0,33.0,4.150000000180398e-05,4.8800000001847366e-05,0.75,88.0,36.5,0
17130,SO-0401,Head Constable Ramesh Mehta,Head Constable,32,2026-07-16 15:23:36+00:00,97.0,81.0,,21.180291,72.9380452,22.799999237060547,0.876,0.441,-0.366,,0.0,0.0,0.0,,,,,0.0,0.0,30.0,0.0,0.0,0.0,81.0,36.5,2
17135,SO-0401,Head Constable Ramesh Mehta,Head Constable,32,2026-07-16 15:24:06+00:00,97.0,72.0,,21.180291,72.9380507,22.799999237060547,0.321,-0.936,0.246,,0.0,0.0,0.0,,,,,0.0,0.0,30.0,0.0,5.50000000032469e-06,0.07,72.0,36.5,2
17140,SO-0401,Head Constable Ramesh Mehta,Head Constable,32,2026-07-16 15:24:36+00:00,93.0,75.0,,21.1802936,72.9380526,22.799999237060547,0.229,0.007,-1.063,,0.0,0.0,0.0,,,,,0.0,0.0,30.0,2.59999999840943e-06,1.900000000887303e-06,0.04,75.0,36.5,2
17145,SO-0401,Head Constable Ramesh Mehta,Head Constable,32,2026-07-16 15:25:03+00:00,86.0,75.0,,21.1802981,72.9380462,22.799999237060547,-0.762,0.223,0.592,,0.0,0.0,0.0,,,,,0.0,0.0,27.0,4.500000002849447e-06,-6.40000000373675e-06,0.11,75.0,36.5,0
17150,SO-0401,Head Constable Ramesh Mehta,Head Constable,32,2026-07-16 15:25:36+00:00,90.0,72.0,,21.1802981,72.9380462,22.799999237060547,0.784,0.019,-0.616,,0.0,0.0,0.0,,,,,0.0,0.0,33.0,0.0,0.0,0.0,72.0,36.5,0
17155,SO-0401,Head Constable Ramesh Mehta,Head Constable,32,2026-07-16 15:26:06+00:00,100.0,80.0,,21.1802942,72.9380501,22.799999237060547,0.586,0.738,-0.329,,0.0,0.0,0.0,,,,,0.0,0.0,30.0,-3.900000002943216e-06,3.8999999958377884e-06,0.07,80.0,36.5,2
17160,SO-0401,Head Constable Ramesh Mehta,Head Constable,32,2026-07-16 15:26:36+00:00,86.0,88.0,,21.1802941,72.9380502,22.799999237060547,0.845,0.313,-0.406,,0.0,0.0,0.0,,,,,0.0,0.0,30.0,-9.999999761589606e-08,1.000000082740371e-07,0.0,88.0,36.5,0
17165,SO-0401,Head Constable Ramesh Mehta,Head Constable,32,2026-07-16 15:27:06+00:00,85.0,88.0,,21.1802489,72.93794,23.0,0.827,0.276,-0.364,,0.0,0.0,0.0,,,,,0.0,0.0,30.0,-4.520000000240998e-05,-0.0001102000000088,1.5,88.0,36.5,0
17170,SO-0401,Head Constable Ramesh Mehta,Head Constable,32,2026-07-16 15:27:36+00:00,93.0,88.0,,21.1802954,72.9380443,22.799999237060547,0.827,0.323,-0.441,,0.0,0.0,0.0,,,,,0.0,0.0,30.0,4.649999999983834e-05,0.0001043000000038,1.44,88.0,36.5,2
17175,SO-0401,Head Constable Ramesh Mehta,Head Constable,32,2026-07-16 15:28:05+00:00,100.0,87.0,,21.1802874,72.9380415,22.799999237060547,-0.084,-0.79,0.756,,0.0,0.0,0.0,,,,,0.0,0.0,29.0,-7.99999999756551e-06,-2.8000000042993634e-06,0.12,87.0,36.5,2
17180,SO-0401,Head Constable Ramesh Mehta,Head Constable,32,2026-07-16 15:28:36+00:00,99.0,87.0,,21.1802938,72.9380507,22.799999237060547,0.883,0.255,-0.398,,0.0,0.0,0.0,,,,,0.0,0.0,31.0,6.400000000184036e-06,9.200000008036112e-06,0.14,87.0,36.5,2
17185,SO-0401,Head Constable Ramesh Mehta,Head Constable,32,2026-07-16 15:29:04+00:00,84.0,87.0,,21.1802973,72.9380534,22.799999237060547,0.659,0.255,-0.696,,0.0,0.0,0.0,,,,,0.0,0.0,28.0,3.499999998268777e-06,2.6999999960253263e-06,0.06,87.0,36.5,0
17190,SO-0401,Head Constable Ramesh Mehta,Head Constable,32,2026-07-16 15:29:36+00:00,96.0,88.0,,21.1803029,72.9380496,22.799999237060547,0.888,0.326,-0.327,,0.0,0.0,0.0,,,,,0.0,0.0,32.0,5.600000001493299e-06,-3.800000001774606e-06,0.08,88.0,36.5,2
17195,SO-0401,Head Constable Ramesh Mehta,Head Constable,32,2026-07-16 15:30:06+00:00,91.0,88.0,,21.1803029,72.9380496,22.799999237060547,0.861,0.377,-0.34,,0.0,0.0,0.0,,,,,0.0,0.0,30.0,0.0,0.0,0.0,88.0,36.5,2
17200,SO-0401,Head Constable Ramesh Mehta,Head Constable,32,2026-07-16 15:30:36+00:00,93.0,88.0,,21.1802975,72.9380539,22.799999237060547,0.703,0.246,-0.634,,0.0,0.0,0.0,,,,,0.0,0.0,30.0,-5.39999999915608e-06,4.300000000512227e-06,0.09,88.0,36.5,2
17205,SO-0401,Head Constable Ramesh Mehta,Head Constable,32,2026-07-16 15:31:06+00:00,85.0,88.0,,21.1802975,72.9380539,22.799999237060547,0.258,0.861,0.424,,0.0,0.0,0.0,,,,,0.0,0.0,30.0,0.0,0.0,0.0,88.0,36.5,0
17210,SO-0401,Head Constable Ramesh Mehta,Head Constable,32,2026-07-16 15:31:36+00:00,100.0,72.0,,21.1803014,72.938045,22.799999237060547,0.782,0.314,-0.505,,0.0,0.0,0.0,,,,,0.0,0.0,30.0,3.899999999390502e-06,-8.899999997424857e-06,0.12,72.0,36.5,2
17215,SO-0401,Head Constable Ramesh Mehta,Head Constable,32,2026-07-16 15:32:06+00:00,87.0,75.0,,21.1803019,72.938048,22.799999237060547,0.668,0.281,-0.662,,0.0,0.0,0.0,,,,,0.0,0.0,30.0,4.999999987376214e-07,2.999999992425728e-06,0.04,75.0,36.5,0
17220,SO-0401,Head Constable Ramesh Mehta,Head Constable,32,2026-07-16 15:32:36+00:00,94.0,82.0,,21.1802964,72.9380531,22.799999237060547,0.867,0.261,-0.325,,0.0,0.0,0.0,,,,,0.0,0.0,30.0,-5.50000000032469e-06,5.100000009861105e-06,0.1,82.0,36.5,2
17225,SO-0401,Head Constable Ramesh Mehta,Head Constable,32,2026-07-16 15:33:06+00:00,94.0,83.0,,21.1803025,72.9380492,22.799999237060547,0.767,0.258,-0.51,,0.0,0.0,0.0,,,,,0.0,0.0,30.0,6.100000000230921e-06,-3.900000010048643e-06,0.09,83.0,36.5,2
17230,SO-0401,Head Constable Ramesh Mehta,Head Constable,32,2026-07-16 15:33:36+00:00,89.0,88.0,,21.180296,72.9380534,22.799999237060547,0.493,0.233,-0.874,,0.0,0.0,0.0,,,,,0.0,0.0,30.0,-6.500000001352646e-06,4.200000006449045e-06,0.1,88.0,36.5,0
17235,SO-0401,Head Constable Ramesh Mehta,Head Constable,32,2026-07-16 15:34:06+00:00,81.0,74.0,,21.1803016,72.938049,22.799999237060547,0.833,0.187,-0.52,,0.0,0.0,0.0,,,,,0.0,0.0,30.0,5.600000001493299e-06,-4.39999999457541e-06,0.09,74.0,36.5,0
17240,SO-0401,Head Constable Ramesh Mehta,Head Constable,32,2026-07-16 15:34:37+00:00,95.0,87.0,,21.1803016,72.938049,22.799999237060547,0.76,0.19,-0.625,,0.0,0.0,0.0,,,,,0.0,0.0,31.0,0.0,0.0,0.0,87.0,36.5,2
17245,SO-0401,Head Constable Ramesh Mehta,Head Constable,32,2026-07-16 15:35:07+00:00,82.0,83.0,,21.1802943,72.9380523,22.799999237060547,0.853,0.166,-0.469,,0.0,0.0,0.0,,,,,0.0,0.0,30.0,-7.300000000043383e-06,3.29999998882613e-06,0.11,83.0,36.5,0
17250,SO-0401,Head Constable Ramesh Mehta,Head Constable,32,2026-07-16 15:35:37+00:00,91.0,76.0,,21.1803025,72.9380497,22.799999237060547,0.854,0.135,-0.548,,0.0,0.0,0.0,,,,,0.0,0.0,30.0,8.19999999990273e-06,-2.600000001962144e-06,0.11,76.0,36.5,2
17255,SO-0401,Head Constable Ramesh Mehta,Head Constable,32,2026-07-16 15:36:08+00:00,100.0,88.0,,21.180294,72.9380408,22.799999237060547,-0.11,0.356,1.154,,0.0,0.0,0.0,,,,,0.0,0.0,31.0,-8.499999999855845e-06,-8.899999997424857e-06,0.15,88.0,36.5,2
17260,SO-0401,Head Constable Ramesh Mehta,Head Constable,32,2026-07-16 15:36:38+00:00,99.0,88.0,,21.1803002,72.9380498,22.799999237060547,1.082,0.113,-0.357,,0.0,0.0,0.0,,,,,0.0,0.0,30.0,6.2000000013995304e-06,9.000000005698894e-06,0.14,88.0,36.5,2
17265,SO-0401,Head Constable Ramesh Mehta,Head Constable,32,2026-07-16 15:37:06+00:00,99.0,83.0,,21.1803029,72.9380497,22.799999237060547,1.029,0.095,-0.217,,0.0,0.0,0.0,,,,,0.0,0.0,28.0,2.69999999957804e-06,-1.000000082740371e-07,0.04,83.0,36.5,2
17270,SO-0401,Head Constable Ramesh Mehta,Head Constable,32,2026-07-16 15:37:38+00:00,81.0,86.0,,21.1803029,72.9380497,22.799999237060547,0.915,0.354,-0.178,,0.0,0.0,0.0,,,,,0.0,0.0,32.0,0.0,0.0,0.0,86.0,36.5,0
17275,SO-0401,Head Constable Ramesh Mehta,Head Constable,32,2026-07-16 15:38:08+00:00,91.0,87.0,,21.1803034,72.9380421,22.799999237060547,0.629,0.406,-0.648,,0.0,0.0,0.0,,,,,0.0,0.0,30.0,4.999999987376214e-07,-7.599999989338357e-06,0.09,87.0,36.5,2
17280,SO-0401,Head Constable Ramesh Mehta,Head Constable,32,2026-07-16 15:38:38+00:00,84.0,79.0,,21.1803034,72.9380421,22.799999237060547,0.84,0.356,-0.418,,0.0,0.0,0.0,,,,,0.0,0.0,30.0,0.0,0.0,0.0,79.0,36.5,0
17285,SO-0401,Head Constable Ramesh Mehta,Head Constable,32,2026-07-16 15:39:08+00:00,99.0,88.0,,21.1802942,72.9380421,22.799999237060547,0.776,0.326,-0.557,,0.0,0.0,0.0,,,,,0.0,0.0,30.0,-9.200000000930686e-06,0.0,0.12,88.0,36.5,2
17294,SO-0401,Head Constable Ramesh Mehta,Head Constable,32,2026-07-16 15:40:04+00:00,100.0,68.0,,21.1802463,72.9380227,22.799999237060547,0.996,0.271,-0.17,,0.0,0.0,0.0,,,,,0.0,0.0,56.0,-4.7899999998435305e-05,-1.9399999999336615e-05,0.37,68.0,36.5,2
17299,SO-0401,Head Constable Ramesh Mehta,Head Constable,32,2026-07-16 15:40:37+00:00,98.0,87.0,,21.1801859,72.9381252,23.700000762939453,0.738,-0.363,-0.83,,0.0,0.0,0.0,,,,,0.0,0.0,33.0,-6.039999999885026e-05,0.000102499999997,1.37,87.0,36.5,2
17304,SO-0401,Head Constable Ramesh Mehta,Head Constable,32,2026-07-16 15:41:08+00:00,100.0,75.0,,21.1802857,72.938061,22.799999237060547,0.383,-0.99,-0.32,,0.0,0.0,0.0,,,,,0.0,0.0,31.0,9.979999999742972e-05,-6.419999999707215e-05,1.5,75.0,36.5,2
17309,SO-0401,Head Constable Ramesh Mehta,Head Constable,32,2026-07-16 15:41:33+00:00,88.0,87.0,,21.1802264,72.9379987,22.799999237060547,0.207,0.415,1.027,,0.0,0.0,0.0,,,,,0.0,0.0,25.0,-5.930000000020641e-05,-6.23000000103957e-05,1.33,87.0,36.5,0
17314,SO-0401,Head Constable Ramesh Mehta,Head Constable,32,2026-07-16 15:42:07+00:00,100.0,88.0,,21.1801778,72.9381252,22.799999237060547,0.699,0.693,-0.109,,0.0,0.0,0.0,,,,,0.0,0.0,34.0,-4.8599999999510146e-05,0.0001265000000074,1.5,88.0,36.5,2
17319,SO-0401,Head Constable Ramesh Mehta,Head Constable,32,2026-07-16 15:42:38+00:00,89.0,88.0,,21.1801778,72.9381252,22.799999237060547,0.691,0.705,-0.149,,0.0,0.0,0.0,,,,,0.0,0.0,31.0,0.0,0.0,0.0,88.0,36.5,0
17324,SO-0401,Head Constable Ramesh Mehta,Head Constable,32,2026-07-16 15:43:08+00:00,87.0,80.0,,0.0,0.0,0.0,-0.245,-0.958,-0.188,,0.0,0.0,0.0,,,,,0.0,0.0,30.0,-21.1801778,-72.9381252,948902.64,80.0,36.5,1
17344,SO-0401,Head Constable Ramesh Mehta,Head Constable,32,2026-07-16 15:45:17+00:00,96.0,88.0,,21.1802892,72.9380432,22.799999237060547,0.122,-0.995,0.173,,0.0,0.0,0.0,,,,,0.0,0.0,129.0,21.1802892,72.9380432,220674.91,88.0,36.5,1
17350,SO-0401,Head Constable Ramesh Mehta,Head Constable,32,2026-07-16 15:45:47+00:00,82.0,82.0,,21.180185,72.938118,22.799999237060547,0.651,-0.042,-0.717,,0.0,0.0,0.0,,,,,0.0,0.0,30.0,-0.0001041999999991,7.480000000725795e-05,1.67,82.0,36.5,0
17355,SO-0401,Head Constable Ramesh Mehta,Head Constable,32,2026-07-16 15:46:17+00:00,99.0,87.0,,21.1802006,72.9380781,22.799999237060547,0.495,-0.006,-0.852,,0.0,0.0,0.0,,,,,0.0,0.0,30.0,1.559999999756201e-05,-3.990000000442251e-05,0.54,87.0,36.5,2
17360,SO-0401,Head Constable Ramesh Mehta,Head Constable,32,2026-07-16 15:46:47+00:00,95.0,88.0,,21.1802311,72.9379976,22.799999237060547,0.601,0.103,-0.845,,0.0,0.0,0.0,,,,,0.0,0.0,30.0,3.0500000001154604e-05,-8.0499999995709e-05,1.08,88.0,36.5,2
17365,SO-0401,Head Constable Ramesh Mehta,Head Constable,32,2026-07-16 15:47:17+00:00,100.0,87.0,,21.1802347,72.937991,22.799999237060547,-1.127,0.068,0.628,,0.0,0.0,0.0,,,,,0.0,0.0,30.0,3.5999999994373866e-06,-6.600000006073969e-06,0.09,87.0,36.5,2
17370,SO-0401,Head Constable Ramesh Mehta,Head Constable,32,2026-07-16 15:47:47+00:00,95.0,87.0,,21.1802301,72.937997,22.799999237060547,0.665,0.112,0.705,,0.0,0.0,0.0,,,,,0.0,0.0,30.0,-4.600000000465343e-06,5.999999999062311e-06,0.1,87.0,36.5,2
17375,SO-0401,Head Constable Ramesh Mehta,Head Constable,32,2026-07-16 15:48:17+00:00,99.0,81.0,,21.1802334,72.9379915,22.799999237060547,0.92,0.111,-0.308,,0.0,0.0,0.0,,,,,0.0,0.0,30.0,3.299999999484271e-06,-5.50000000032469e-06,0.08,81.0,36.5,2
17380,SO-0401,Head Constable Ramesh Mehta,Head Constable,32,2026-07-16 15:48:43+00:00,86.0,81.0,,21.1802504,72.9380133,22.799999237060547,0.892,0.129,-0.425,,0.0,0.0,0.0,,,,,0.0,0.0,26.0,1.699999999971169e-05,2.179999999896154e-05,0.41,81.0,36.5,0
17385,SO-0401,Head Constable Ramesh Mehta,Head Constable,32,2026-07-16 15:49:17+00:00,96.0,86.0,,21.1802368,72.9381102,22.799999237060547,0.792,0.27,-0.573,,0.0,0.0,0.0,,,,,0.0,0.0,34.0,-1.359999999905881e-05,9.690000000261988e-05,1.07,86.0,36.5,2
17394,SO-0401,Head Constable Ramesh Mehta,Head Constable,32,2026-07-16 15:49:47+00:00,96.0,87.0,,21.1802368,72.9381102,22.799999237060547,0.846,0.14,-0.472,,0.0,0.0,0.0,,,,,0.0,0.0,30.0,0.0,0.0,0.0,87.0,36.5,2
17395,SO-0401,Head Constable Ramesh Mehta,Head Constable,32,2026-07-16 15:50:15+00:00,87.0,73.0,,21.1802661,72.9378921,23.0,0.159,-1.073,0.028,,0.0,0.0,0.0,,,,,0.0,0.0,28.0,2.930000000134214e-05,-0.0002180999999978,2.93,73.0,36.5,0
17400,SO-0401,Head Constable Ramesh Mehta,Head Constable,32,2026-07-16 15:50:42+00:00,82.0,74.0,,21.1802756,72.9378655,23.0,0.145,-0.999,-0.109,,0.0,0.0,0.0,,,,,0.0,0.0,27.0,9.5000000008838e-06,-2.6599999998211388e-05,0.39,74.0,36.5,0
17404,SO-0401,Head Constable Ramesh Mehta,Head Constable,32,2026-07-16 15:51:12+00:00,86.0,75.0,,21.1802648,72.937898,23.0,0.112,-1.01,0.161,,0.0,0.0,0.0,,,,,0.0,0.0,30.0,-1.0800000001864872e-05,3.2500000003210516e-05,0.43,75.0,36.5,0
17413,SO-0401,Head Constable Ramesh Mehta,Head Constable,32,2026-07-16 15:51:47+00:00,90.0,70.0,,21.1802659,72.9378994,23.0,0.933,-0.484,-0.166,,0.0,0.0,0.0,,,,,0.0,0.0,35.0,1.0999999986438525e-06,1.4000000021496817e-06,0.02,70.0,36.5,0
17426,SO-0401,Head Constable Ramesh Mehta,Head Constable,32,2026-07-16 15:52:13+00:00,86.0,85.0,,21.1802655,72.9378956,23.0,0.813,0.531,0.244,,0.0,0.0,0.0,,,,,0.0,0.0,26.0,-3.999999975690116e-07,-3.800000001774606e-06,0.05,85.0,36.5,0
17422,SO-0401,Head Constable Ramesh Mehta,Head Constable,32,2026-07-16 15:52:48+00:00,100.0,88.0,,21.1802655,72.9378956,23.0,0.893,0.487,0.133,,0.0,0.0,0.0,,,,,0.0,0.0,35.0,0.0,0.0,0.0,88.0,36.5,2
17429,SO-0401,Head Constable Ramesh Mehta,Head Constable,32,2026-07-16 15:53:17+00:00,90.0,88.0,,21.1802888,72.9378943,23.0,0.441,-1.064,0.432,,0.0,0.0,0.0,,,,,0.0,0.0,29.0,2.3299999998727117e-05,-1.3000000080864993e-06,0.32,88.0,36.5,0
17435,SO-0401,Head Constable Ramesh Mehta,Head Constable,32,2026-07-16 15:53:47+00:00,89.0,81.0,,21.1802888,72.9378943,23.0,0.347,-0.905,0.215,,0.0,0.0,0.0,,,,,0.0,0.0,30.0,0.0,0.0,0.0,81.0,36.5,0
17465,SO-0401,Head Constable Ramesh Mehta,Head Constable,32,2026-07-16 15:56:17+00:00,97.0,87.0,,21.1802654,72.9378968,23.0,0.777,0.321,0.578,,0.0,0.0,0.0,,,,,0.0,0.0,150.0,-2.3399999999895726e-05,2.5000000078989615e-06,0.06,87.0,36.5,2
17472,SO-0401,Head Constable Ramesh Mehta,Head Constable,32,2026-07-16 15:56:48+00:00,82.0,84.0,,21.1802654,72.9378968,23.0,0.699,0.263,0.715,,0.0,0.0,0.0,,,,,0.0,0.0,31.0,0.0,0.0,0.0,84.0,36.5,0
17476,SO-0401,Head Constable Ramesh Mehta,Head Constable,32,2026-07-16 15:57:18+00:00,84.0,79.0,,21.1802959,72.9378954,23.0,0.938,0.281,-0.184,,0.0,0.0,0.0,,,,,0.0,0.0,30.0,3.0500000001154604e-05,-1.4000000021496817e-06,0.41,79.0,36.5,0
17483,SO-0401,Head Constable Ramesh Mehta,Head Constable,32,2026-07-16 15:57:48+00:00,92.0,88.0,,21.1802543,72.9378828,23.0,0.34,0.895,0.278,,0.0,0.0,0.0,,,,,0.0,0.0,30.0,-4.159999999941988e-05,-1.260000000513628e-05,0.58,88.0,36.5,2
17490,SO-0401,Head Constable Ramesh Mehta,Head Constable,32,2026-07-16 15:58:17+00:00,95.0,81.0,,21.1802659,72.9378932,23.0,0.332,0.919,0.184,,0.0,0.0,0.0,,,,,0.0,0.0,29.0,1.1599999997002897e-05,1.0400000007848575e-05,0.21,81.0,36.5,2
17497,SO-0401,Head Constable Ramesh Mehta,Head Constable,32,2026-07-16 15:58:48+00:00,89.0,74.0,,21.1803035,72.9378939,23.0,0.959,0.365,-0.435,,0.0,0.0,0.0,,,,,0.0,0.0,31.0,3.760000000241348e-05,7.000000010748408e-07,0.48,74.0,36.5,0
17504,SO-0401,Head Constable Ramesh Mehta,Head Constable,32,2026-07-16 15:59:17+00:00,91.0,84.0,,21.1802543,72.9378828,23.0,0.85,-0.212,-0.555,,0.0,0.0,0.0,,,,,0.0,0.0,29.0,-4.919999999941638e-05,-1.1100000008923416e-05,0.69,84.0,36.5,2
17511,SO-0401,Head Constable Ramesh Mehta,Head Constable,32,2026-07-16 15:59:47+00:00,93.0,86.0,,21.18029,72.9378943,23.0,0.805,-0.016,0.643,,0.0,0.0,0.0,,,,,0.0,0.0,30.0,3.5699999997973464e-05,1.1499999999387e-05,0.5,86.0,36.5,2
17518,SO-0401,Head Constable Ramesh Mehta,Head Constable,32,2026-07-16 16:00:17+00:00,100.0,88.0,,21.1802656,72.9378987,23.0,0.045,-0.252,0.935,,0.0,0.0,0.0,,,,,0.0,0.0,30.0,-2.4400000000923683e-05,4.4000000087862645e-06,0.33,88.0,36.5,2
17524,SO-0401,Head Constable Ramesh Mehta,Head Constable,32,2026-07-16 16:00:43+00:00,86.0,88.0,,21.180296,72.9378985,23.0,0.959,0.284,-0.117,,0.0,0.0,0.0,,,,,0.0,0.0,26.0,3.039999999998599e-05,-2.0000000233721948e-07,0.47,88.0,36.5,0
17532,SO-0401,Head Constable Ramesh Mehta,Head Constable,32,2026-07-16 16:01:17+00:00,99.0,80.0,,21.1802903,72.9378903,23.0,0.377,-0.132,0.954,,0.0,0.0,0.0,,,,,0.0,0.0,34.0,-5.699999999109195e-06,-8.199999996350016e-06,0.11,80.0,36.5,2
17539,SO-0401,Head Constable Ramesh Mehta,Head Constable,32,2026-07-16 16:01:47+00:00,97.0,86.0,,21.1802657,72.9378944,23.0,0.018,0.985,-0.063,,0.0,0.0,0.0,,,,,0.0,0.0,30.0,-2.459999999970819e-05,4.099999998175008e-06,0.33,86.0,36.5,2
17546,SO-0401,Head Constable Ramesh Mehta,Head Constable,32,2026-07-16 16:02:17+00:00,89.0,88.0,,21.1804619,72.9378789,23.0,0.954,0.342,-0.024,,0.0,0.0,0.0,,,,,0.0,0.0,30.0,0.0001962000000013,-1.5500000003498826e-05,2.62,88.0,36.5,0
17553,SO-0401,Head Constable Ramesh Mehta,Head Constable,32,2026-07-16 16:02:48+00:00,82.0,69.0,,21.1803097,72.9378796,23.0,1.041,0.215,0.579,,0.0,0.0,0.0,,,,,0.0,0.0,31.0,-0.0001522000000022,7.000000010748408e-07,1.96,69.0,36.5,0
17561,SO-0401,Head Constable Ramesh Mehta,Head Constable,32,2026-07-16 16:03:18+00:00,93.0,74.0,,21.1802594,72.9378958,23.0,0.96,-0.409,0.299,,0.0,0.0,0.0,,,,,0.0,0.0,30.0,-5.029999999806023e-05,1.6200000004573667e-05,0.7,74.0,36.5,2
17567,SO-0401,Head Constable Ramesh Mehta,Head Constable,32,2026-07-16 16:03:47+00:00,91.0,84.0,,21.1802554,72.9378831,23.0,0.725,0.271,0.778,,0.0,0.0,0.0,,,,,0.0,0.0,29.0,-4.000000000559112e-06,-1.2700000013410316e-05,0.17,84.0,36.5,2
17574,SO-0401,Head Constable Ramesh Mehta,Head Constable,32,2026-07-16 16:04:17+00:00,91.0,85.0,,21.1802654,72.9378968,23.0,0.875,0.249,0.418,,0.0,0.0,0.0,,,,,0.0,0.0,30.0,9.999999999621425e-06,1.370000001088556e-05,0.22,85.0,36.5,2
17581,SO-0401,Head Constable Ramesh Mehta,Head Constable,32,2026-07-16 16:04:47+00:00,88.0,80.0,,21.1802798,72.9378855,23.0,0.146,-0.757,-0.387,,0.0,0.0,0.0,,,,,0.0,0.0,30.0,1.440000000130226e-05,-1.1300000011260636e-05,0.24,80.0,36.5,0
17588,SO-0401,Head Constable Ramesh Mehta,Head Constable,32,2026-07-16 16:05:17+00:00,83.0,86.0,,21.1802613,72.9378964,23.0,-0.674,-0.568,-0.47,,0.0,0.0,0.0,,,,,0.0,0.0,30.0,-1.8499999999477268e-05,1.0900000006586197e-05,0.28,86.0,36.5,0
17595,SO-0401,Head Constable Ramesh Mehta,Head Constable,32,2026-07-16 16:05:48+00:00,83.0,88.0,,21.1802613,72.9378964,23.0,0.894,-0.141,-0.425,,0.0,0.0,0.0,,,,,0.0,0.0,31.0,0.0,0.0,0.0,88.0,36.5,0
17602,SO-0401,Head Constable Ramesh Mehta,Head Constable,32,2026-07-16 16:06:18+00:00,97.0,88.0,,21.1802828,72.9378904,23.0,0.821,0.182,-0.544,,0.0,0.0,0.0,,,,,0.0,0.0,30.0,2.1499999999008423e-05,-5.999999999062311e-06,0.3,88.0,36.5,2
17609,SO-0401,Head Constable Ramesh Mehta,Head Constable,32,2026-07-16 16:06:48+00:00,97.0,88.0,,21.1802867,72.9378908,23.0,0.864,0.239,-0.431,,0.0,0.0,0.0,,,,,0.0,0.0,30.0,3.899999999390502e-06,4.0000000467443897e-07,0.05,88.0,36.5,2
17615,SO-0401,Head Constable Ramesh Mehta,Head Constable,32,2026-07-16 16:07:15+00:00,93.0,88.0,,21.180282,72.9378868,23.0,0.869,0.196,-0.427,,0.0,0.0,0.0,,,,,0.0,0.0,27.0,-4.700000001633953e-06,-4.0000000041118255e-06,0.09,88.0,36.5,2
17623,SO-0401,Head Constable Ramesh Mehta,Head Constable,32,2026-07-16 16:07:48+00:00,98.0,88.0,,21.1802845,72.9378983,23.0,0.872,0.223,-0.529,,0.0,0.0,0.0,,,,,0.0,0.0,33.0,2.500000000793534e-06,1.1499999999387e-05,0.13,88.0,36.5,2
17630,SO-0401,Head Constable Ramesh Mehta,Head Constable,32,2026-07-16 16:08:18+00:00,83.0,81.0,,21.1802836,72.9379009,23.0,0.827,0.235,-0.455,,0.0,0.0,0.0,,,,,0.0,0.0,30.0,-8.999999998593466e-07,2.600000001962144e-06,0.03,81.0,36.5,0
17637,SO-0401,Head Constable Ramesh Mehta,Head Constable,32,2026-07-16 16:08:48+00:00,81.0,82.0,,21.1802661,72.9378921,23.0,0.657,0.159,-0.488,,0.0,0.0,0.0,,,,,0.0,0.0,30.0,-1.749999999844931e-05,-8.800000003361674e-06,0.26,82.0,36.5,0
17646,SO-0401,Head Constable Ramesh Mehta,Head Constable,32,2026-07-16 16:09:18+00:00,83.0,86.0,,21.1802661,72.9378921,23.0,0.762,0.141,-0.622,,0.0,0.0,0.0,,,,,0.0,0.0,30.0,0.0,0.0,0.0,86.0,36.5,0
17651,SO-0401,Head Constable Ramesh Mehta,Head Constable,32,2026-07-16 16:09:48+00:00,85.0,87.0,,21.1802616,72.9378773,23.0,0.782,-0.86,-0.153,,0.0,0.0,0.0,,,,,0.0,0.0,30.0,-4.499999999296733e-06,-1.4800000002423984e-05,0.19,87.0,36.5,0
17657,SO-0401,Head Constable Ramesh Mehta,Head Constable,32,2026-07-16 16:10:14+00:00,82.0,87.0,,21.1803516,72.9378265,23.0,0.869,0.165,-0.455,,0.0,0.0,0.0,,,,,0.0,0.0,26.0,9.000000000014552e-05,-5.079999999679785e-05,1.56,87.0,36.5,0
17665,SO-0401,Head Constable Ramesh Mehta,Head Constable,32,2026-07-16 16:10:48+00:00,92.0,85.0,,21.1803271,72.9378697,23.0,0.873,0.191,-0.421,,0.0,0.0,0.0,,,,,0.0,0.0,34.0,-2.4500000002092293e-05,4.319999999324864e-05,0.55,85.0,36.5,2
17672,SO-0401,Head Constable Ramesh Mehta,Head Constable,32,2026-07-16 16:11:17+00:00,89.0,88.0,,21.1802521,72.9378772,23.0,0.64,-1.48,1.569,,0.0,0.0,0.0,,,,,0.0,0.0,29.0,-7.499999999893703e-05,7.50000000948603e-06,1.04,88.0,36.5,1
17679,SO-0401,Head Constable Ramesh Mehta,Head Constable,32,2026-07-16 16:11:48+00:00,98.0,73.0,,21.1802521,72.9378772,23.0,0.601,0.244,0.699,,0.0,0.0,0.0,,,,,0.0,0.0,31.0,0.0,0.0,0.0,73.0,36.5,1
17687,SO-0401,Head Constable Ramesh Mehta,Head Constable,32,2026-07-16 16:12:17+00:00,98.0,84.0,,21.1802927,72.9378902,23.0,0.968,0.196,-0.112,,0.0,0.0,0.0,,,,,0.0,0.0,29.0,4.059999999839192e-05,1.2999999995599865e-05,0.58,84.0,36.5,1
17695,SO-0401,Head Constable Ramesh Mehta,Head Constable,32,2026-07-16 16:12:47+00:00,88.0,83.0,,21.1802655,72.9378956,23.0,0.504,-0.168,0.872,,0.0,0.0,0.0,,,,,0.0,0.0,30.0,-2.719999999811762e-05,5.400000006261507e-06,0.37,83.0,36.5,1
17702,SO-0401,Head Constable Ramesh Mehta,Head Constable,32,2026-07-16 16:13:15+00:00,100.0,87.0,,21.1802511,72.9378772,23.0,0.3,-0.022,0.991,,0.0,0.0,0.0,,,,,0.0,0.0,28.0,-1.440000000130226e-05,-1.8400000001861372e-05,0.32,87.0,36.5,1
17710,SO-0401,Head Constable Ramesh Mehta,Head Constable,32,2026-07-16 16:13:47+00:00,81.0,88.0,,21.180338,72.9378452,23.0,1.368,0.364,-0.296,,0.0,0.0,0.0,,,,,0.0,0.0,32.0,8.689999999944575e-05,-3.2000000004472895e-05,1.15,88.0,36.5,0
17717,SO-0401,Head Constable Ramesh Mehta,Head Constable,32,2026-07-16 16:14:18+00:00,96.0,87.0,,21.180338,72.9378452,23.0,0.899,-0.2,0.542,,0.0,0.0,0.0,,,,,0.0,0.0,31.0,0.0,0.0,0.0,87.0,36.5,2
17722,SO-0401,Head Constable Ramesh Mehta,Head Constable,32,2026-07-16 16:14:48+00:00,84.0,85.0,,21.1802887,72.9378852,23.0,0.708,-0.364,0.66,,0.0,0.0,0.0,,,,,0.0,0.0,30.0,-4.930000000058499e-05,3.999999999848569e-05,0.82,85.0,36.5,0
17727,SO-0401,Head Constable Ramesh Mehta,Head Constable,32,2026-07-16 16:15:15+00:00,83.0,69.0,,21.1802878,72.9378767,23.0,0.503,-0.779,0.502,,0.0,0.0,0.0,,,,,0.0,0.0,27.0,-8.999999998593466e-07,-8.499999992750418e-06,0.12,69.0,36.5,0
17734,SO-0401,Head Constable Ramesh Mehta,Head Constable,32,2026-07-16 16:15:48+00:00,94.0,78.0,,21.1803209,72.9378823,23.0,0.56,-0.915,-0.138,,0.0,0.0,0.0,,,,,0.0,0.0,33.0,3.310000000311675e-05,5.599999994387872e-06,0.41,78.0,36.5,2
17741,SO-0401,Head Constable Ramesh Mehta,Head Constable,32,2026-07-16 16:16:18+00:00,96.0,77.0,,21.1802664,72.9378928,23.0,0.216,-1.366,0.074,,0.0,0.0,0.0,,,,,0.0,0.0,30.0,-5.450000000095656e-05,1.0500000001911758e-05,0.74,77.0,36.5,2
17744,SO-0401,Head Constable Ramesh Mehta,Head Constable,32,2026-07-16 16:16:44+00:00,98.0,74.0,,21.1802655,72.9378979,23.0,0.472,-0.837,0.366,,0.0,0.0,0.0,,,,,0.0,0.0,26.0,-8.999999998593466e-07,5.099999995650251e-06,0.07,74.0,36.5,2
17752,SO-0401,Head Constable Ramesh Mehta,Head Constable,32,2026-07-16 16:17:17+00:00,100.0,81.0,,21.1802616,72.9378937,23.0,0.983,0.225,-0.253,,0.0,0.0,0.0,,,,,0.0,0.0,33.0,-3.899999999390502e-06,-4.19999999223819e-06,0.07,81.0,36.5,2
17759,SO-0401,Head Constable Ramesh Mehta,Head Constable,32,2026-07-16 16:17:48+00:00,100.0,84.0,,21.1802623,72.9378964,23.0,0.681,0.294,-0.57,,0.0,0.0,0.0,,,,,0.0,0.0,31.0,6.999999975221272e-07,2.6999999960253263e-06,0.03,84.0,36.5,2
17765,SO-0401,Head Constable Ramesh Mehta,Head Constable,32,2026-07-16 16:18:15+00:00,91.0,77.0,,21.1802627,72.9378961,23.0,0.94,0.202,-0.351,,0.0,0.0,0.0,,,,,0.0,0.0,27.0,4.000000011217253e-07,-2.999999964004019e-07,0.01,77.0,36.5,2
17769,SO-0401,Head Constable Ramesh Mehta,Head Constable,32,2026-07-16 16:18:48+00:00,90.0,88.0,,21.1802649,72.9378993,23.0,0.371,0.81,0.468,,0.0,0.0,0.0,,,,,0.0,0.0,33.0,2.2000000008404186e-06,3.1999999947629476e-06,0.04,88.0,36.5,0
17776,SO-0401,Head Constable Ramesh Mehta,Head Constable,32,2026-07-16 16:19:18+00:00,97.0,61.0,,21.1802612,72.9378928,23.0,-0.171,0.936,0.296,,0.0,0.0,0.0,,,,,0.0,0.0,30.0,-3.700000000605996e-06,-6.499999997799932e-06,0.09,61.0,36.5,2
17782,SO-0401,Head Constable Ramesh Mehta,Head Constable,32,2026-07-16 16:19:48+00:00,100.0,88.0,,21.1802644,72.9378989,23.0,0.616,0.169,-0.714,,0.0,0.0,0.0,,,,,0.0,0.0,30.0,3.1999999983156613e-06,6.099999993125493e-06,0.09,88.0,36.5,2
17787,SO-0401,Head Constable Ramesh Mehta,Head Constable,32,2026-07-16 16:20:15+00:00,100.0,88.0,,21.1802656,72.9378999,23.0,0.894,0.192,-0.414,,0.0,0.0,0.0,,,,,0.0,0.0,27.0,1.1999999998124622e-06,1.0000000116860974e-06,0.02,88.0,36.5,2
17794,SO-0401,Head Constable Ramesh Mehta,Head Constable,32,2026-07-16 16:20:48+00:00,97.0,68.0,,21.1802656,72.9378999,23.0,0.96,0.198,-0.243,,0.0,0.0,0.0,,,,,0.0,0.0,33.0,0.0,0.0,0.0,68.0,36.5,2
17800,SO-0401,Head Constable Ramesh Mehta,Head Constable,32,2026-07-16 16:21:18+00:00,95.0,78.0,,21.180305,72.937884,23.0,0.604,-0.784,0.185,,0.0,0.0,0.0,,,,,0.0,0.0,30.0,3.9400000002132174e-05,-1.5900000008173265e-05,0.56,78.0,36.5,2
17806,SO-0401,Head Constable Ramesh Mehta,Head Constable,32,2026-07-16 16:21:48+00:00,95.0,74.0,,21.1802709,72.9378896,30.5,0.45,-1.155,-0.325,,0.0,0.0,0.0,,,,,0.0,0.0,30.0,-3.410000000059199e-05,5.600000008598727e-06,0.46,74.0,36.5,2
17814,SO-0401,Head Constable Ramesh Mehta,Head Constable,32,2026-07-16 16:22:18+00:00,96.0,86.0,,21.1802656,72.9378987,23.0,0.583,0.107,-0.727,,0.0,0.0,0.0,,,,,0.0,0.0,30.0,-5.300000001540184e-06,9.099999999762076e-06,0.13,86.0,36.5,2
17817,SO-0401,Head Constable Ramesh Mehta,Head Constable,32,2026-07-16 16:22:44+00:00,99.0,67.0,,21.1802084,72.9380742,26.799999237060547,0.087,-0.709,-0.271,,0.0,0.0,0.0,,,,,0.0,0.0,26.0,-5.719999999698189e-05,0.0001754999999974,2.66,67.0,36.5,2
17826,SO-0401,Head Constable Ramesh Mehta,Head Constable,32,2026-07-16 16:23:18+00:00,92.0,80.0,,21.1802084,72.9380742,26.799999237060547,-0.392,-0.76,-0.038,,0.0,0.0,0.0,,,,,0.0,0.0,34.0,0.0,0.0,0.0,80.0,36.5,2
17830,SO-0401,Head Constable Ramesh Mehta,Head Constable,32,2026-07-16 16:23:48+00:00,88.0,69.0,,21.1804658,72.9381753,26.799999237060547,0.753,-1.084,-0.409,,0.0,0.0,0.0,,,,,0.0,0.0,30.0,0.0002573999999988,0.0001010999999948,3.65,69.0,36.5,0
17835,SO-0401,Head Constable Ramesh Mehta,Head Constable,32,2026-07-16 16:24:15+00:00,88.0,68.0,,21.18021,72.9380834,26.799999237060547,0.276,-0.678,0.078,,0.0,0.0,0.0,,,,,0.0,0.0,27.0,-0.0002558000000014,-9.190000000103282e-05,3.99,68.0,36.5,0
17842,SO-0401,Head Constable Ramesh Mehta,Head Constable,32,2026-07-16 16:24:47+00:00,93.0,82.0,,21.180285,72.9379016,23.0,1.244,-0.094,-0.514,,0.0,0.0,0.0,,,,,0.0,0.0,32.0,7.500000000248974e-05,-0.0001817999999929,2.31,82.0,36.5,2
17848,SO-0401,Head Constable Ramesh Mehta,Head Constable,32,2026-07-16 16:25:18+00:00,88.0,87.0,,21.1802976,72.9378986,23.0,0.748,-0.506,0.502,,0.0,0.0,0.0,,,,,0.0,0.0,31.0,1.2599999998030851e-05,-3.000000006636583e-06,0.17,87.0,36.5,0
17854,SO-0401,Head Constable Ramesh Mehta,Head Constable,32,2026-07-16 16:25:47+00:00,90.0,78.0,,21.180297,72.9379019,23.0,0.635,-0.578,0.585,,0.0,0.0,0.0,,,,,0.0,0.0,29.0,-5.999999999062311e-07,3.3000000030369847e-06,0.04,78.0,36.5,0
17862,SO-0401,Head Constable Ramesh Mehta,Head Constable,32,2026-07-16 16:26:18+00:00,100.0,71.0,,21.1802815,72.9378999,23.0,1.089,-0.688,0.592,,0.0,0.0,0.0,,,,,0.0,0.0,31.0,-1.5499999999946112e-05,-1.9999999949504854e-06,0.2,71.0,36.5,2
17866,SO-0401,Head Constable Ramesh Mehta,Head Constable,32,2026-07-16 16:26:48+00:00,98.0,85.0,,21.1802815,72.9378999,23.0,-0.024,-1.179,-0.259,,0.0,0.0,0.0,,,,,0.0,0.0,30.0,0.0,0.0,0.0,85.0,36.5,2
17872,SO-0401,Head Constable Ramesh Mehta,Head Constable,32,2026-07-16 16:27:18+00:00,100.0,88.0,,21.1809121,72.9378705,35.5,0.875,0.058,-0.314,,0.0,0.0,0.0,,,,,0.0,0.0,30.0,0.0006306000000009,-2.940000000251075e-05,8.41,88.0,36.5,1
17878,SO-0401,Head Constable Ramesh Mehta,Head Constable,32,2026-07-16 16:27:48+00:00,98.0,86.0,,21.1809121,72.9378705,35.5,0.145,0.663,0.209,,0.0,0.0,0.0,,,,,0.0,0.0,30.0,0.0,0.0,0.0,86.0,36.5,2
17884,SO-0401,Head Constable Ramesh Mehta,Head Constable,32,2026-07-16 16:28:18+00:00,90.0,68.0,,21.1809121,72.9378705,35.5,-0.007,-0.489,0.103,,0.0,0.0,0.0,,,,,0.0,0.0,30.0,0.0,0.0,0.0,68.0,36.5,1
17890,SO-0401,Head Constable Ramesh Mehta,Head Constable,32,2026-07-16 16:28:48+00:00,94.0,88.0,,21.1809121,72.9378705,35.5,0.765,-0.051,-0.638,,0.0,0.0,0.0,,,,,0.0,0.0,30.0,0.0,0.0,0.0,88.0,36.5,2
17896,SO-0401,Head Constable Ramesh Mehta,Head Constable,32,2026-07-16 16:29:20+00:00,91.0,66.0,,21.1809121,72.9378705,35.5,0.763,-0.015,-0.648,,0.0,0.0,0.0,,,,,0.0,0.0,32.0,0.0,0.0,0.0,66.0,36.5,2
17902,SO-0401,Head Constable Ramesh Mehta,Head Constable,32,2026-07-16 16:29:50+00:00,85.0,72.0,,21.1809121,72.9378705,35.5,0.742,-0.027,-0.613,,0.0,0.0,0.0,,,,,0.0,0.0,30.0,0.0,0.0,0.0,72.0,36.5,0
17908,SO-0401,Head Constable Ramesh Mehta,Head Constable,32,2026-07-16 16:30:20+00:00,83.0,86.0,,21.1809121,72.9378705,35.5,0.797,-0.074,-0.613,,0.0,0.0,0.0,,,,,0.0,0.0,30.0,0.0,0.0,0.0,86.0,36.5,0
17915,SO-0401,Head Constable Ramesh Mehta,Head Constable,32,2026-07-16 16:30:52+00:00,97.0,76.0,,21.1809121,72.9378705,35.5,-0.301,-0.753,-0.355,,0.0,0.0,0.0,,,,,0.0,0.0,32.0,0.0,0.0,0.0,76.0,36.5,2
17921,SO-0401,Head Constable Ramesh Mehta,Head Constable,32,2026-07-16 16:31:25+00:00,91.0,75.0,,21.1809121,72.9378705,35.5,0.786,-0.364,-0.461,,0.0,0.0,0.0,,,,,0.0,0.0,33.0,0.0,0.0,0.0,75.0,36.5,2
17928,SO-0401,Head Constable Ramesh Mehta,Head Constable,32,2026-07-16 16:32:00+00:00,88.0,63.0,,21.1809121,72.9378705,35.5,0.902,-0.444,-0.152,,0.0,0.0,0.0,,,,,0.0,0.0,35.0,0.0,0.0,0.0,63.0,36.5,0
17934,SO-0401,Head Constable Ramesh Mehta,Head Constable,32,2026-07-16 16:32:30+00:00,100.0,74.0,,21.1809121,72.9378705,35.5,0.918,-0.385,-0.231,,0.0,0.0,0.0,,,,,0.0,0.0,30.0,0.0,0.0,0.0,74.0,36.5,2
17940,SO-0401,Head Constable Ramesh Mehta,Head Constable,32,2026-07-16 16:32:58+00:00,98.0,60.0,,21.1802809,72.9378916,23.0,0.506,-1.007,-0.361,,0.0,0.0,0.0,,,,,0.0,0.0,28.0,-0.0006312000000008,2.1099999997886695e-05,9.01,60.0,36.5,1
17946,SO-0401,Head Constable Ramesh Mehta,Head Constable,32,2026-07-16 16:33:31+00:00,86.0,81.0,,21.1802749,72.9378937,23.0,0.693,0.3,0.605,,0.0,0.0,0.0,,,,,0.0,0.0,33.0,-5.999999999062311e-06,2.1000000032245225e-06,0.08,81.0,36.5,0
17952,SO-0401,Head Constable Ramesh Mehta,Head Constable,32,2026-07-16 16:34:04+00:00,81.0,71.0,,21.1802937,72.9378957,23.0,0.698,0.343,0.459,,0.0,0.0,0.0,,,,,0.0,0.0,33.0,1.8799999999430383e-05,1.9999999949504854e-06,0.23,71.0,36.5,0
17958,SO-0401,Head Constable Ramesh Mehta,Head Constable,32,2026-07-16 16:34:33+00:00,85.0,68.0,,21.1802857,72.9378875,23.0,0.679,-0.173,-0.677,,0.0,0.0,0.0,,,,,0.0,0.0,29.0,-8.000000001118224e-06,-8.199999996350016e-06,0.15,68.0,36.5,0
19270,SO-0401,Head Constable Ramesh Mehta,Head Constable,32,2026-07-16 19:31:46+00:00,90.0,88.0,,21.1520873,72.8718721,16.899999618530273,-0.086,0.63,0.779,,0.0,0.0,0.0,,,,,0.0,0.0,10633.0,-0.0281983999999972,-0.0660153999999977,0.0,88.0,36.5,0
19273,SO-0401,Head Constable Ramesh Mehta,Head Constable,32,2026-07-16 19:32:14+00:00,87.0,87.0,,21.157338,72.8769868,19.399999618530273,-0.179,0.028,1.005,,0.0,0.0,0.0,,,,,0.0,0.0,28.0,0.0052506999999977,0.0051146999999929,101.24,87.0,36.5,1
19276,SO-0401,Head Constable Ramesh Mehta,Head Constable,32,2026-07-16 19:32:44+00:00,83.0,73.0,,21.1573418,72.8769895,19.399999618530273,0.277,0.726,0.563,,0.0,0.0,0.0,,,,,0.0,0.0,30.0,3.800000001774606e-06,2.6999999960253263e-06,0.06,73.0,36.5,0
19279,SO-0401,Head Constable Ramesh Mehta,Head Constable,32,2026-07-16 19:33:14+00:00,98.0,87.0,,21.157341,72.8769768,19.399999618530273,0.013,0.019,1.033,,0.0,0.0,0.0,,,,,0.0,0.0,30.0,-8.000000022434506e-07,-1.2699999999199464e-05,0.16,87.0,36.5,2
19282,SO-0401,Head Constable Ramesh Mehta,Head Constable,32,2026-07-16 19:33:45+00:00,90.0,88.0,,21.1573225,72.8769533,19.399999618530273,-0.787,0.208,0.896,,0.0,0.0,0.0,,,,,0.0,0.0,31.0,-1.8499999999477268e-05,-2.3499999997511622e-05,0.37,88.0,36.5,0
19285,SO-0401,Head Constable Ramesh Mehta,Head Constable,32,2026-07-16 19:34:14+00:00,86.0,80.0,,21.1573237,72.876938,19.899999618530273,0.042,-0.107,0.902,,0.0,0.0,0.0,,,,,0.0,0.0,29.0,1.1999999998124622e-06,-1.5300000001161607e-05,0.2,80.0,36.5,0
19288,SO-0401,Head Constable Ramesh Mehta,Head Constable,32,2026-07-16 19:34:44+00:00,86.0,,,21.157343,72.8769955,19.399999618530273,0.284,-0.268,-0.942,,0.0,0.0,0.0,,,,,0.0,0.0,30.0,1.930000000172072e-05,5.750000001114586e-05,0.76,80.0,36.5,0
19979,SO-0401,Head Constable Ramesh Mehta,Head Constable,32,2026-07-16 22:37:20+00:00,91.0,85.0,,21.1573216,72.8769505,19.399999618530273,-0.837,-0.247,-0.307,,0.0,0.0,0.0,,,,,0.0,0.0,10956.0,-2.1400000001392527e-05,-4.500000000007276e-05,0.0,85.0,36.5,2
19982,SO-0401,Head Constable Ramesh Mehta,Head Constable,32,2026-07-16 22:37:49+00:00,91.0,86.0,,21.157351,72.8770055,19.399999618530273,-0.842,-0.357,-0.371,,0.0,0.0,0.0,,,,,0.0,0.0,29.0,2.9399999998958037e-05,5.499999998903604e-05,0.81,86.0,36.5,2
19985,SO-0401,Head Constable Ramesh Mehta,Head Constable,32,2026-07-16 22:38:20+00:00,86.0,87.0,,21.1573254,72.8769512,19.399999618530273,-0.878,-0.379,-0.116,,0.0,0.0,0.0,,,,,0.0,0.0,31.0,-2.559999999718343e-05,-5.4300000002172055e-05,0.73,87.0,36.5,0
19988,SO-0401,Head Constable Ramesh Mehta,Head Constable,32,2026-07-16 22:38:50+00:00,95.0,86.0,,21.1573294,72.8769595,19.399999618530273,-0.846,0.062,0.532,,0.0,0.0,0.0,,,,,0.0,0.0,30.0,3.999999997006398e-06,8.300000004624053e-06,0.12,86.0,36.5,2
19991,SO-0401,Head Constable Ramesh Mehta,Head Constable,32,2026-07-16 22:39:20+00:00,94.0,88.0,,21.1573256,72.8769508,19.399999618530273,-0.011,-0.958,-0.115,,0.0,0.0,0.0,,,,,0.0,0.0,30.0,-3.799999998221893e-06,-8.699999995087637e-06,0.12,88.0,36.5,2
19994,SO-0401,Head Constable Ramesh Mehta,Head Constable,32,2026-07-16 22:39:50+00:00,95.0,88.0,,21.1573264,72.8769591,19.399999618530273,-0.918,0.022,0.252,,0.0,0.0,0.0,,,,,0.0,0.0,30.0,7.999999986907369e-07,8.299999990413198e-06,0.1,88.0,36.5,2
19997,SO-0401,Head Constable Ramesh Mehta,Head Constable,32,2026-07-16 22:40:20+00:00,94.0,87.0,,21.1573303,72.876962,19.399999618530273,-0.887,-0.294,-0.329,,0.0,0.0,0.0,,,,,0.0,0.0,30.0,3.900000002943216e-06,2.9000000125734005e-06,0.06,87.0,36.5,2
20000,SO-0401,Head Constable Ramesh Mehta,Head Constable,32,2026-07-16 22:40:50+00:00,82.0,80.0,,21.1573291,72.8769595,19.399999618530273,-0.834,-0.195,-0.462,,0.0,0.0,0.0,,,,,0.0,0.0,30.0,-1.200000003365176e-06,-2.5000000078989615e-06,0.03,80.0,36.5,0
20003,SO-0401,Head Constable Ramesh Mehta,Head Constable,32,2026-07-16 22:41:20+00:00,90.0,85.0,,21.1573239,72.8769505,19.399999618530273,-0.799,-0.109,-0.539,,0.0,0.0,0.0,,,,,0.0,0.0,30.0,-5.19999999681886e-06,-8.999999991488039e-06,0.13,85.0,36.5,0
20006,SO-0401,Head Constable Ramesh Mehta,Head Constable,32,2026-07-16 22:41:50+00:00,93.0,88.0,,21.1573237,72.8769499,19.399999618530273,-0.92,-0.13,-0.345,,0.0,0.0,0.0,,,,,0.0,0.0,30.0,-2.0000000233721948e-07,-6.000000070116585e-07,0.01,88.0,36.5,2
20009,SO-0401,Head Constable Ramesh Mehta,Head Constable,32,2026-07-16 22:42:19+00:00,83.0,87.0,,21.1573324,72.8769836,19.399999618530273,-0.778,-0.272,-0.59,,0.0,0.0,0.0,,,,,0.0,0.0,29.0,8.700000002193065e-06,3.370000000302298e-05,0.45,87.0,36.5,0
20012,SO-0401,Head Constable Ramesh Mehta,Head Constable,32,2026-07-16 22:42:50+00:00,92.0,86.0,,21.1573303,72.8769566,19.399999618530273,-0.911,0.123,0.389,,0.0,0.0,0.0,,,,,0.0,0.0,31.0,-2.099999999671809e-06,-2.7000000002885827e-05,0.33,86.0,36.5,2
20015,SO-0401,Head Constable Ramesh Mehta,Head Constable,32,2026-07-16 22:43:20+00:00,84.0,86.0,,21.1573286,72.8769591,19.399999618530273,-0.99,0.103,-0.083,,0.0,0.0,0.0,,,,,0.0,0.0,30.0,-1.7000000021027972e-06,2.4999999936881068e-06,0.04,86.0,36.5,0
20018,SO-0401,Head Constable Ramesh Mehta,Head Constable,32,2026-07-16 22:43:50+00:00,82.0,88.0,,21.1573284,72.8769589,19.399999618530273,-0.906,-0.008,-0.387,,0.0,0.0,0.0,,,,,0.0,0.0,30.0,-1.999999987845058e-07,-1.9999998812636477e-07,0.0,88.0,36.5,0
20021,SO-0401,Head Constable Ramesh Mehta,Head Constable,32,2026-07-16 22:44:19+00:00,92.0,85.0,,21.1573234,72.8769527,19.399999618530273,-0.923,0.002,-0.315,,0.0,0.0,0.0,,,,,0.0,0.0,29.0,-5.000000001587068e-06,-6.2000000013995304e-06,0.11,85.0,36.5,2
20024,SO-0401,Head Constable Ramesh Mehta,Head Constable,32,2026-07-16 22:44:50+00:00,98.0,88.0,,21.157325,72.8769589,19.399999618530273,-0.427,0.712,0.565,,0.0,0.0,0.0,,,,,0.0,0.0,31.0,1.6000000009341877e-06,6.2000000013995304e-06,0.08,88.0,36.5,2
20027,SO-0401,Head Constable Ramesh Mehta,Head Constable,32,2026-07-16 22:45:20+00:00,99.0,88.0,,21.1573357,72.8769746,19.399999618530273,-0.568,0.599,0.61,,0.0,0.0,0.0,,,,,0.0,0.0,30.0,1.0700000000696264e-05,1.569999999162519e-05,0.24,88.0,36.5,2
20030,SO-0401,Head Constable Ramesh Mehta,Head Constable,32,2026-07-16 22:45:50+00:00,100.0,88.0,,21.1573307,72.8769613,19.399999618530273,-0.605,0.527,0.615,,0.0,0.0,0.0,,,,,0.0,0.0,30.0,-5.000000001587068e-06,-1.3299999992000268e-05,0.18,88.0,36.5,2
20033,SO-0401,Head Constable Ramesh Mehta,Head Constable,32,2026-07-16 22:46:20+00:00,98.0,87.0,,21.1573325,72.8769811,19.399999618530273,-0.16,0.792,0.592,,0.0,0.0,0.0,,,,,0.0,0.0,30.0,1.7999999997186933e-06,1.97999999898002e-05,0.25,87.0,36.5,2
20036,SO-0401,Head Constable Ramesh Mehta,Head Constable,32,2026-07-16 22:46:50+00:00,94.0,85.0,,21.1573258,72.8769521,19.399999618530273,-0.941,-0.042,0.134,,0.0,0.0,0.0,,,,,0.0,0.0,30.0,-6.700000000137152e-06,-2.8999999997836312e-05,0.37,85.0,36.5,2
20039,SO-0401,Head Constable Ramesh Mehta,Head Constable,32,2026-07-16 22:47:19+00:00,94.0,87.0,,21.1573237,72.8769496,19.399999618530273,-0.85,0.257,0.479,,0.0,0.0,0.0,,,,,0.0,0.0,29.0,-2.099999999671809e-06,-2.4999999936881068e-06,0.04,87.0,36.5,2
20042,SO-0401,Head Constable Ramesh Mehta,Head Constable,32,2026-07-16 22:47:50+00:00,93.0,87.0,,21.1573276,72.8769546,19.399999618530273,-0.834,-0.53,0.059,,0.0,0.0,0.0,,,,,0.0,0.0,31.0,3.899999999390502e-06,5.000000001587068e-06,0.08,87.0,36.5,2
20047,SO-0401,Head Constable Ramesh Mehta,Head Constable,32,2026-07-16 22:48:49+00:00,81.0,88.0,,21.157319,72.8769445,19.299999237060547,-0.536,-0.121,-0.639,,0.0,0.0,0.0,,,,,0.0,0.0,59.0,-8.599999997471741e-06,-1.0100000011448174e-05,0.09,88.0,36.5,0
20050,SO-0401,Head Constable Ramesh Mehta,Head Constable,32,2026-07-16 22:49:19+00:00,89.0,74.0,,21.1573206,72.8769457,19.299999237060547,-0.524,0.157,0.98,,0.0,0.0,0.0,,,,,0.0,0.0,30.0,1.5999999973814738e-06,1.1999999998124622e-06,0.03,74.0,36.5,0
20053,SO-0401,Head Constable Ramesh Mehta,Head Constable,32,2026-07-16 22:49:49+00:00,95.0,71.0,,21.1573205,72.8769448,19.299999237060547,-0.635,-0.362,0.704,,0.0,0.0,0.0,,,,,0.0,0.0,30.0,-9.999999761589606e-08,-8.999999892012056e-07,0.01,71.0,36.5,2
20056,SO-0401,Head Constable Ramesh Mehta,Head Constable,32,2026-07-16 22:50:19+00:00,81.0,83.0,,21.1573195,72.8769457,19.299999237060547,0.385,-0.159,-0.895,,0.0,0.0,0.0,,,,,0.0,0.0,30.0,-1.0000000010279564e-06,8.999999892012056e-07,0.02,83.0,36.5,0
20059,SO-0401,Head Constable Ramesh Mehta,Head Constable,32,2026-07-16 22:50:49+00:00,81.0,65.0,,21.1573201,72.8769455,19.299999237060547,0.31,-0.175,-0.906,,0.0,0.0,0.0,,,,,0.0,0.0,30.0,5.999999999062311e-07,-1.9999998812636477e-07,0.01,65.0,36.5,0
20062,SO-0401,Head Constable Ramesh Mehta,Head Constable,32,2026-07-16 22:51:20+00:00,87.0,81.0,,21.1573212,72.8769469,19.299999237060547,-0.512,0.15,0.875,,0.0,0.0,0.0,,,,,0.0,0.0,31.0,1.0999999986438525e-06,1.399999987938827e-06,0.02,81.0,36.5,0
20065,SO-0401,Head Constable Ramesh Mehta,Head Constable,32,2026-07-16 22:51:50+00:00,88.0,86.0,,21.157321,72.8769466,19.399999618530273,-0.486,0.179,0.889,,0.0,0.0,0.0,,,,,0.0,0.0,30.0,-1.999999987845058e-07,-2.999999964004019e-07,0.0,86.0,36.5,0
20068,SO-0401,Head Constable Ramesh Mehta,Head Constable,32,2026-07-16 22:52:19+00:00,83.0,88.0,,21.1573208,72.8769467,19.299999237060547,0.926,-0.373,0.2,,0.0,0.0,0.0,,,,,0.0,0.0,29.0,-1.999999987845058e-07,1.000000082740371e-07,0.0,88.0,36.5,0
20071,SO-0401,Head Constable Ramesh Mehta,Head Constable,32,2026-07-16 22:52:50+00:00,83.0,88.0,,21.1573238,72.8769537,19.399999618530273,0.888,-0.399,0.336,,0.0,0.0,0.0,,,,,0.0,0.0,31.0,2.9999999995311555e-06,6.999999996537554e-06,0.09,88.0,36.5,0
20074,SO-0401,Head Constable Ramesh Mehta,Head Constable,32,2026-07-16 22:53:19+00:00,83.0,75.0,,21.1573299,72.8769771,19.399999618530273,0.862,-0.429,0.359,,0.0,0.0,0.0,,,,,0.0,0.0,29.0,6.100000000230921e-06,2.340000000344844e-05,0.31,75.0,36.5,0
20077,SO-0401,Head Constable Ramesh Mehta,Head Constable,32,2026-07-16 22:53:50+00:00,93.0,87.0,,21.1573215,72.8769499,19.399999618530273,1.139,0.091,0.736,,0.0,0.0,0.0,,,,,0.0,0.0,31.0,-8.400000002239949e-06,-2.720000000522305e-05,0.34,87.0,36.5,2
20080,SO-0401,Head Constable Ramesh Mehta,Head Constable,32,2026-07-16 22:54:19+00:00,84.0,76.0,,21.1573222,72.8769501,19.399999618530273,1.001,0.128,0.149,,0.0,0.0,0.0,,,,,0.0,0.0,29.0,7.000000010748408e-07,2.0000000233721948e-07,0.01,76.0,36.5,0
20083,SO-0401,Head Constable Ramesh Mehta,Head Constable,32,2026-07-16 22:54:50+00:00,90.0,87.0,,21.1573227,72.8769503,19.399999618530273,1.141,0.025,0.567,,0.0,0.0,0.0,,,,,0.0,0.0,31.0,5.00000002290335e-07,2.0000000233721948e-07,0.01,87.0,36.5,0
20086,SO-0401,Head Constable Ramesh Mehta,Head Constable,32,2026-07-16 22:55:20+00:00,98.0,86.0,,21.1573219,72.8769478,19.399999618530273,0.986,0.168,-0.109,,0.0,0.0,0.0,,,,,0.0,0.0,30.0,-8.000000022434506e-07,-2.5000000078989615e-06,0.03,86.0,36.5,2
20089,SO-0401,Head Constable Ramesh Mehta,Head Constable,32,2026-07-16 22:55:50+00:00,97.0,88.0,,21.1573221,72.8769467,19.399999618530273,0.763,-0.111,0.692,,0.0,0.0,0.0,,,,,0.0,0.0,30.0,1.999999987845058e-07,-1.099999991538425e-06,0.01,88.0,36.5,2
20092,SO-0401,Head Constable Ramesh Mehta,Head Constable,32,2026-07-16 22:56:19+00:00,96.0,81.0,,21.1573266,72.8769634,19.399999618530273,-0.098,-0.216,1.028,,0.0,0.0,0.0,,,,,0.0,0.0,29.0,4.500000002849447e-06,1.6699999989100434e-05,0.22,81.0,36.5,2
20095,SO-0401,Head Constable Ramesh Mehta,Head Constable,32,2026-07-16 22:56:50+00:00,86.0,63.0,,21.1573275,72.8769625,19.399999618530273,0.642,-0.199,0.776,,0.0,0.0,0.0,,,,,0.0,0.0,31.0,8.999999998593466e-07,-8.999999892012056e-07,0.02,63.0,36.5,0
20098,SO-0401,Head Constable Ramesh Mehta,Head Constable,32,2026-07-16 22:57:19+00:00,95.0,84.0,,21.1573305,72.8769759,19.399999618530273,-0.929,-0.018,0.283,,0.0,0.0,0.0,,,,,0.0,0.0,29.0,2.9999999995311555e-06,1.3400000000274304e-05,0.18,84.0,36.5,2
20101,SO-0401,Head Constable Ramesh Mehta,Head Constable,32,2026-07-16 22:57:50+00:00,88.0,77.0,,21.1573629,72.8770091,19.399999618530273,0.994,0.085,0.145,,0.0,0.0,0.0,,,,,0.0,0.0,31.0,3.239999999848919e-05,3.31999999900745e-05,0.58,77.0,36.5,0
20104,SO-0401,Head Constable Ramesh Mehta,Head Constable,32,2026-07-16 22:58:19+00:00,100.0,78.0,,21.1573255,72.8769677,19.399999618530273,0.987,0.054,-0.11,,0.0,0.0,0.0,,,,,0.0,0.0,29.0,-3.740000000007626e-05,-4.140000000063537e-05,0.74,78.0,36.5,2
20107,SO-0401,Head Constable Ramesh Mehta,Head Constable,32,2026-07-16 22:58:50+00:00,82.0,80.0,,21.1573217,72.8769478,19.399999618530273,1.016,0.023,-0.058,,0.0,0.0,0.0,,,,,0.0,0.0,31.0,-3.799999998221893e-06,-1.9899999998074236e-05,0.24,80.0,36.5,0
20110,SO-0401,Head Constable Ramesh Mehta,Head Constable,32,2026-07-16 22:59:20+00:00,83.0,85.0,,21.1573222,72.8769509,19.399999618530273,1.001,0.018,-0.047,,0.0,0.0,0.0,,,,,0.0,0.0,30.0,4.999999987376214e-07,3.1000000006997652e-06,0.04,85.0,36.5,0
20113,SO-0401,Head Constable Ramesh Mehta,Head Constable,32,2026-07-16 22:59:50+00:00,82.0,84.0,,21.1573219,72.876948,19.399999618530273,0.98,0.047,-0.106,,0.0,0.0,0.0,,,,,0.0,0.0,30.0,-2.999999999531156e-07,-2.8999999983625457e-06,0.04,84.0,36.5,0
20116,SO-0401,Head Constable Ramesh Mehta,Head Constable,32,2026-07-16 23:00:19+00:00,92.0,85.0,,21.1573402,72.8769734,19.399999618530273,0.446,0.074,0.888,,0.0,0.0,0.0,,,,,0.0,0.0,29.0,1.830000000069276e-05,2.539999999839893e-05,0.41,85.0,36.5,2
20119,SO-0401,Head Constable Ramesh Mehta,Head Constable,32,2026-07-16 23:00:49+00:00,95.0,87.0,,21.1573226,72.8769565,19.299999237060547,-0.655,0.167,0.753,,0.0,0.0,0.0,,,,,0.0,0.0,30.0,-1.759999999961792e-05,-1.6899999991437653e-05,0.31,87.0,36.5,2
20122,SO-0401,Head Constable Ramesh Mehta,Head Constable,32,2026-07-16 23:01:20+00:00,85.0,83.0,,21.1573269,72.8769624,19.399999618530273,-0.077,-0.272,1.068,,0.0,0.0,0.0,,,,,0.0,0.0,31.0,4.300000000512227e-06,5.899999990788274e-06,0.09,83.0,36.5,0
20125,SO-0401,Head Constable Ramesh Mehta,Head Constable,32,2026-07-16 23:01:49+00:00,90.0,82.0,,21.1573249,72.876955,19.399999618530273,0.076,0.415,0.947,,0.0,0.0,0.0,,,,,0.0,0.0,29.0,-2.0000000020559128e-06,-7.400000001211993e-06,0.1,82.0,36.5,0
20128,SO-0401,Head Constable Ramesh Mehta,Head Constable,32,2026-07-16 23:02:20+00:00,85.0,84.0,,21.1573321,72.8769634,19.399999618530273,0.679,0.295,0.756,,0.0,0.0,0.0,,,,,0.0,0.0,31.0,7.200000002427487e-06,8.399999998687235e-06,0.14,84.0,36.5,0
20131,SO-0401,Head Constable Ramesh Mehta,Head Constable,32,2026-07-16 23:02:49+00:00,95.0,84.0,,21.1573276,72.876962,19.399999618530273,0.358,0.378,0.904,,0.0,0.0,0.0,,,,,0.0,0.0,29.0,-4.500000002849447e-06,-1.399999987938827e-06,0.06,84.0,36.5,2
20134,SO-0401,Head Constable Ramesh Mehta,Head Constable,32,2026-07-16 23:03:20+00:00,84.0,83.0,,21.1573222,72.8769496,19.399999618530273,-0.174,0.155,1.05,,0.0,0.0,0.0,,,,,0.0,0.0,31.0,-5.39999999915608e-06,-1.240000000279906e-05,0.16,83.0,36.5,0
20137,SO-0401,Head Constable Ramesh Mehta,Head Constable,32,2026-07-16 23:03:52+00:00,91.0,88.0,,21.1573199,72.8769459,19.399999618530273,-0.997,0.065,-0.002,,0.0,0.0,0.0,,,,,0.0,0.0,32.0,-2.2999999984563142e-06,-3.700000007711424e-06,0.05,88.0,36.5,2
20140,SO-0401,Head Constable Ramesh Mehta,Head Constable,32,2026-07-16 23:04:30+00:00,99.0,88.0,,21.1570983,72.878686,19.399999618530273,-0.527,-0.468,0.729,,0.0,0.0,0.0,,,,,0.0,0.0,38.0,-0.0002215999999997,0.0017401000000063,17.22,88.0,36.5,1
20143,SO-0401,Head Constable Ramesh Mehta,Head Constable,32,2026-07-16 23:05:00+00:00,100.0,84.0,,21.1573218,72.8769445,19.399999618530273,-0.76,-0.434,-0.357,,0.0,0.0,0.0,,,,,0.0,0.0,30.0,0.000223499999997,-0.0017415000000085,21.84,84.0,36.5,1
20146,SO-0401,Head Constable Ramesh Mehta,Head Constable,32,2026-07-16 23:05:31+00:00,83.0,88.0,,21.1573212,72.8769434,19.399999618530273,0.885,-0.319,0.356,,0.0,0.0,0.0,,,,,0.0,0.0,31.0,-5.999999999062311e-07,-1.099999991538425e-06,0.02,88.0,36.5,0
20149,SO-0401,Head Constable Ramesh Mehta,Head Constable,32,2026-07-16 23:06:01+00:00,94.0,88.0,,21.1573252,72.8769486,19.399999618530273,-0.619,-0.731,0.257,,0.0,0.0,0.0,,,,,0.0,0.0,30.0,4.000000000559112e-06,5.200000003924288e-06,0.08,88.0,36.5,2
20152,SO-0401,Head Constable Ramesh Mehta,Head Constable,32,2026-07-16 23:06:31+00:00,86.0,86.0,,21.1573204,72.8769473,19.399999618530273,-0.37,-0.479,0.806,,0.0,0.0,0.0,,,,,0.0,0.0,30.0,-4.799999999249849e-06,-1.3000000080864993e-06,0.07,86.0,36.5,0
20155,SO-0401,Head Constable Ramesh Mehta,Head Constable,32,2026-07-16 23:07:08+00:00,82.0,88.0,,21.1573227,72.8769478,19.399999618530273,1.028,0.052,0.031,,0.0,0.0,0.0,,,,,0.0,0.0,37.0,2.3000000020090283e-06,4.999999987376214e-07,0.03,88.0,36.5,0
20159,SO-0401,Head Constable Ramesh Mehta,Head Constable,32,2026-07-16 23:07:44+00:00,100.0,87.0,,21.157324,72.8769447,19.399999618530273,0.527,-0.073,0.915,,0.0,0.0,0.0,,,,,0.0,0.0,36.0,1.2999999974283585e-06,-3.1000000006997652e-06,0.04,87.0,36.5,2
20161,SO-0401,Head Constable Ramesh Mehta,Head Constable,32,2026-07-16 23:08:20+00:00,94.0,88.0,,21.1573269,72.8769443,19.399999618530273,0.65,-0.363,0.729,,0.0,0.0,0.0,,,,,0.0,0.0,36.0,2.900000001915259e-06,-3.9999999046358425e-07,0.03,88.0,36.5,2
20163,SO-0401,Head Constable Ramesh Mehta,Head Constable,32,2026-07-16 23:08:54+00:00,93.0,85.0,,21.1573243,72.8769432,19.399999618530273,-0.882,0.003,0.462,,0.0,0.0,0.0,,,,,0.0,0.0,34.0,-2.600000001962144e-06,-1.1000000057492798e-06,0.03,85.0,36.5,2
20165,SO-0401,Head Constable Ramesh Mehta,Head Constable,32,2026-07-16 23:09:30+00:00,88.0,87.0,,21.1573257,72.8769428,19.399999618530273,-0.719,0.287,0.651,,0.0,0.0,0.0,,,,,0.0,0.0,36.0,1.4000000021496817e-06,-4.0000000467443897e-07,0.02,87.0,36.5,0
20167,SO-0401,Head Constable Ramesh Mehta,Head Constable,32,2026-07-16 23:10:08+00:00,95.0,88.0,,21.1573254,72.8769414,19.399999618530273,-0.875,0.094,0.494,,0.0,0.0,0.0,,,,,0.0,0.0,38.0,-2.999999999531156e-07,-1.399999987938827e-06,0.01,88.0,36.5,2
20170,SO-0401,Head Constable Ramesh Mehta,Head Constable,32,2026-07-16 23:10:43+00:00,88.0,88.0,,21.1573246,72.8769465,19.399999618530273,-0.812,-0.1,0.583,,0.0,0.0,0.0,,,,,0.0,0.0,35.0,-8.000000022434506e-07,5.099999995650251e-06,0.06,88.0,36.5,0
20172,SO-0401,Head Constable Ramesh Mehta,Head Constable,32,2026-07-16 23:11:17+00:00,85.0,70.0,,21.1573237,72.8769414,19.399999618530273,-0.822,-0.118,0.565,,0.0,0.0,0.0,,,,,0.0,0.0,34.0,-8.999999998593466e-07,-5.099999995650251e-06,0.06,70.0,36.5,0
20174,SO-0401,Head Constable Ramesh Mehta,Head Constable,32,2026-07-16 23:11:52+00:00,93.0,87.0,,21.1573291,72.8769488,19.399999618530273,-0.944,-0.292,0.15,,0.0,0.0,0.0,,,,,0.0,0.0,35.0,5.39999999915608e-06,7.399999987001138e-06,0.1,87.0,36.5,2
20176,SO-0401,Head Constable Ramesh Mehta,Head Constable,32,2026-07-16 23:12:31+00:00,82.0,88.0,,21.157323,72.876946,19.399999618530273,0.912,-0.459,-0.114,,0.0,0.0,0.0,,,,,0.0,0.0,39.0,-6.099999996678207e-06,-2.7999999900885086e-06,0.07,88.0,36.5,0
20179,SO-0401,Head Constable Ramesh Mehta,Head Constable,32,2026-07-16 23:13:09+00:00,98.0,88.0,,21.157325,72.8769398,19.399999618530273,0.85,-0.437,0.371,,0.0,0.0,0.0,,,,,0.0,0.0,38.0,1.999999998503199e-06,-6.2000000013995304e-06,0.06,88.0,36.5,2
20181,SO-0401,Head Constable Ramesh Mehta,Head Constable,32,2026-07-16 23:13:44+00:00,97.0,88.0,,21.1573249,72.8769426,19.399999618530273,0.487,0.318,-0.753,,0.0,0.0,0.0,,,,,0.0,0.0,35.0,-1.0000000116860974e-07,2.8000000042993634e-06,0.03,88.0,36.5,2
20183,SO-0401,Head Constable Ramesh Mehta,Head Constable,32,2026-07-16 23:14:19+00:00,86.0,87.0,,21.1573239,72.876942,19.399999618530273,0.779,-0.167,0.661,,0.0,0.0,0.0,,,,,0.0,0.0,35.0,-9.999999974752427e-07,-6.000000070116585e-07,0.01,87.0,36.5,0
20185,SO-0401,Head Constable Ramesh Mehta,Head Constable,32,2026-07-16 23:14:55+00:00,95.0,86.0,,21.1573208,72.876947,19.399999618530273,-0.461,-0.882,-0.572,,0.0,0.0,0.0,,,,,0.0,0.0,36.0,-3.1000000006997652e-06,5.000000001587068e-06,0.06,86.0,36.5,2
20188,SO-0401,Head Constable Ramesh Mehta,Head Constable,32,2026-07-16 23:15:58+00:00,94.0,86.0,,21.1573233,72.8769442,19.299999237060547,-0.614,-0.508,-0.523,,0.0,0.0,0.0,,,,,0.0,0.0,63.0,2.500000000793534e-06,-2.8000000042993634e-06,0.02,86.0,36.5,2
20190,SO-0401,Head Constable Ramesh Mehta,Head Constable,32,2026-07-16 23:16:28+00:00,96.0,88.0,,21.1573232,72.8769487,19.399999618530273,-0.534,-0.552,-0.603,,0.0,0.0,0.0,,,,,0.0,0.0,30.0,-1.0000000116860974e-07,4.500000002849447e-06,0.06,88.0,36.5,2
20192,SO-0401,Head Constable Ramesh Mehta,Head Constable,32,2026-07-16 23:16:56+00:00,88.0,88.0,,21.1573261,72.8769434,19.399999618530273,-0.64,0.61,0.507,,0.0,0.0,0.0,,,,,0.0,0.0,28.0,2.8999999983625457e-06,-5.29999999798747e-06,0.08,88.0,36.5,0
20194,SO-0401,Head Constable Ramesh Mehta,Head Constable,32,2026-07-16 23:17:28+00:00,83.0,88.0,,21.1573261,72.8769434,19.399999618530273,-0.881,-0.209,-0.231,,0.0,0.0,0.0,,,,,0.0,0.0,32.0,0.0,0.0,0.0,88.0,36.5,0
20196,SO-0401,Head Constable Ramesh Mehta,Head Constable,32,2026-07-16 23:17:58+00:00,90.0,85.0,,21.1573141,72.8769559,19.299999237060547,-0.85,-0.454,0.046,,0.0,0.0,0.0,,,,,0.0,0.0,30.0,-1.1999999998124622e-05,1.2499999996862243e-05,0.22,85.0,36.5,0
20198,SO-0401,Head Constable Ramesh Mehta,Head Constable,32,2026-07-16 23:18:28+00:00,90.0,88.0,,21.1573245,72.87699,19.299999237060547,0.173,0.88,0.657,,0.0,0.0,0.0,,,,,0.0,0.0,30.0,1.0400000000743148e-05,3.410000000769742e-05,0.45,88.0,36.5,0
20200,SO-0401,Head Constable Ramesh Mehta,Head Constable,32,2026-07-16 23:18:58+00:00,97.0,87.0,,21.1573249,72.8769741,19.299999237060547,-0.781,0.615,0.478,,0.0,0.0,0.0,,,,,0.0,0.0,30.0,3.999999975690116e-07,-1.5900000008173265e-05,0.2,87.0,36.5,2
20202,SO-0401,Head Constable Ramesh Mehta,Head Constable,32,2026-07-16 23:19:26+00:00,100.0,88.0,,21.157318,72.8769486,19.299999237060547,0.772,0.015,-0.678,,0.0,0.0,0.0,,,,,0.0,0.0,28.0,-6.899999998921658e-06,-2.5499999992462108e-05,0.35,88.0,36.5,2
20204,SO-0401,Head Constable Ramesh Mehta,Head Constable,32,2026-07-16 23:19:58+00:00,97.0,87.0,,21.157318,72.8769486,19.299999237060547,0.384,0.894,-0.245,,0.0,0.0,0.0,,,,,0.0,0.0,32.0,0.0,0.0,0.0,87.0,36.5,2
20206,SO-0401,Head Constable Ramesh Mehta,Head Constable,32,2026-07-16 23:20:26+00:00,90.0,88.0,,21.15732,72.8769484,19.399999618530273,-0.303,0.913,-0.217,,0.0,0.0,0.0,,,,,0.0,0.0,28.0,1.999999998503199e-06,-2.0000000233721948e-07,0.03,88.0,36.5,0
20208,SO-0401,Head Constable Ramesh Mehta,Head Constable,32,2026-07-16 23:20:58+00:00,100.0,88.0,,21.157317,72.8769459,19.299999237060547,-0.258,0.926,-0.19,,0.0,0.0,0.0,,,,,0.0,0.0,32.0,-2.9999999995311555e-06,-2.5000000078989615e-06,0.05,88.0,36.5,2
20210,SO-0401,Head Constable Ramesh Mehta,Head Constable,32,2026-07-16 23:21:28+00:00,91.0,87.0,,21.157317,72.8769459,19.299999237060547,0.373,0.946,-0.301,,0.0,0.0,0.0,,,,,0.0,0.0,30.0,0.0,0.0,0.0,87.0,36.5,2
20212,SO-0401,Head Constable Ramesh Mehta,Head Constable,32,2026-07-16 23:21:56+00:00,90.0,88.0,,21.1573222,72.8769468,19.399999618530273,-0.166,0.998,-0.01,,0.0,0.0,0.0,,,,,0.0,0.0,28.0,5.200000000371574e-06,9.000000034120603e-07,0.08,88.0,36.5,0
20214,SO-0401,Head Constable Ramesh Mehta,Head Constable,32,2026-07-16 23:22:28+00:00,97.0,88.0,,21.1573207,72.8769518,19.299999237060547,-0.627,0.175,0.743,,0.0,0.0,0.0,,,,,0.0,0.0,32.0,-1.4999999997655775e-06,5.000000001587068e-06,0.06,88.0,36.5,2
20216,SO-0401,Head Constable Ramesh Mehta,Head Constable,32,2026-07-16 23:22:56+00:00,89.0,88.0,,21.1573199,72.8769492,19.399999618530273,-0.842,0.299,0.48,,0.0,0.0,0.0,,,,,0.0,0.0,28.0,-7.999999986907369e-07,-2.600000001962144e-06,0.04,88.0,36.5,0
20218,SO-0401,Head Constable Ramesh Mehta,Head Constable,32,2026-07-16 23:23:28+00:00,98.0,88.0,,21.1573199,72.8769492,19.399999618530273,-0.577,0.22,0.824,,0.0,0.0,0.0,,,,,0.0,0.0,32.0,0.0,0.0,0.0,88.0,36.5,2
20220,SO-0401,Head Constable Ramesh Mehta,Head Constable,32,2026-07-16 23:23:58+00:00,100.0,88.0,,21.1573246,72.8769446,19.299999237060547,-0.673,0.283,0.692,,0.0,0.0,0.0,,,,,0.0,0.0,30.0,4.699999998081239e-06,-4.599999996912629e-06,0.08,88.0,36.5,2
20222,SO-0401,Head Constable Ramesh Mehta,Head Constable,32,2026-07-16 23:24:28+00:00,100.0,88.0,,21.1573252,72.8769371,19.399999618530273,-0.868,1.29,0.66,,0.0,0.0,0.0,,,,,0.0,0.0,30.0,5.999999999062311e-07,-7.499999995275175e-06,0.09,88.0,36.5,2
20224,SO-0401,Head Constable Ramesh Mehta,Head Constable,32,2026-07-16 23:24:58+00:00,83.0,88.0,,21.1573238,72.8769356,19.299999237060547,0.706,-0.722,-0.077,,0.0,0.0,0.0,,,,,0.0,0.0,30.0,-1.399999998596968e-06,-1.5000000104237188e-06,0.03,88.0,36.5,0
20226,SO-0401,Head Constable Ramesh Mehta,Head Constable,32,2026-07-16 23:25:26+00:00,88.0,82.0,,21.1573209,72.8769379,19.399999618530273,0.727,-0.709,-0.018,,0.0,0.0,0.0,,,,,0.0,0.0,28.0,-2.900000001915259e-06,2.300000005561742e-06,0.05,82.0,36.5,0
20228,SO-0401,Head Constable Ramesh Mehta,Head Constable,32,2026-07-16 23:25:56+00:00,82.0,78.0,,21.1573203,72.8769409,19.399999618530273,0.727,-0.711,0.033,,0.0,0.0,0.0,,,,,0.0,0.0,30.0,-5.999999999062311e-07,2.999999992425728e-06,0.04,78.0,36.5,0
20230,SO-0401,Head Constable Ramesh Mehta,Head Constable,32,2026-07-16 23:26:28+00:00,83.0,80.0,,21.1573238,72.8769384,19.399999618530273,0.719,-0.705,-0.086,,0.0,0.0,0.0,,,,,0.0,0.0,32.0,3.5000000018214905e-06,-2.4999999936881068e-06,0.05,80.0,36.5,0
20232,SO-0401,Head Constable Ramesh Mehta,Head Constable,32,2026-07-16 23:26:58+00:00,84.0,64.0,,21.1573238,72.8769384,19.399999618530273,0.725,-0.711,0.038,,0.0,0.0,0.0,,,,,0.0,0.0,30.0,0.0,0.0,0.0,64.0,36.5,0
20234,SO-0401,Head Constable Ramesh Mehta,Head Constable,32,2026-07-16 23:27:28+00:00,82.0,55.0,,21.1573209,72.8769405,19.399999618530273,0.727,-0.706,-0.01,,0.0,0.0,0.0,,,,,0.0,0.0,30.0,-2.900000001915259e-06,2.1000000032245225e-06,0.05,55.0,36.5,0
20236,SO-0401,Head Constable Ramesh Mehta,Head Constable,32,2026-07-16 23:27:58+00:00,87.0,70.0,,21.1573209,72.8769369,18.799999237060547,0.725,-0.7,-0.015,,0.0,0.0,0.0,,,,,0.0,0.0,30.0,0.0,-3.5999999994373866e-06,0.04,70.0,36.5,0
20238,SO-0401,Head Constable Ramesh Mehta,Head Constable,32,2026-07-16 23:28:28+00:00,80.0,85.0,,21.1573209,72.8769369,18.799999237060547,0.729,-0.701,-0.088,,0.0,0.0,0.0,,,,,0.0,0.0,30.0,0.0,0.0,0.0,85.0,36.5,0
20240,SO-0401,Head Constable Ramesh Mehta,Head Constable,32,2026-07-16 23:28:58+00:00,81.0,75.0,,21.1573238,72.8769435,19.399999618530273,0.708,-0.701,-0.134,,0.0,0.0,0.0,,,,,0.0,0.0,30.0,2.900000001915259e-06,6.599999991863115e-06,0.09,75.0,36.5,0
20242,SO-0401,Head Constable Ramesh Mehta,Head Constable,32,2026-07-16 23:29:28+00:00,81.0,76.0,,21.1573268,72.8769413,19.399999618530273,0.708,-0.701,-0.14,,0.0,0.0,0.0,,,,,0.0,0.0,30.0,2.9999999995311555e-06,-2.199999997287705e-06,0.05,76.0,36.5,0
20244,SO-0401,Head Constable Ramesh Mehta,Head Constable,32,2026-07-16 23:29:58+00:00,92.0,61.0,,21.1573257,72.876943,19.399999618530273,-0.296,-0.924,0.315,,0.0,0.0,0.0,,,,,0.0,0.0,30.0,-1.0999999986438525e-06,1.6999999985500835e-06,0.03,61.0,36.5,2
31519,SO-0401,Head Constable Ramesh Mehta,Head Constable,32,2026-07-19 16:21:38+00:00,82.0,84.0,,21.1802997,72.9380513,22.799999237060547,0.479,0.871,-0.033,,0.0,0.0,0.0,,,,,0.0,0.0,233500.0,0.0229739999999978,0.0611083000000007,0.0,84.0,36.5,0
37219,SO-0401,Head Constable Ramesh Mehta,Head Constable,32,2026-07-20 20:24:13+00:00,92.0,88.0,,21.179963,72.937885,23.0,-0.88,-0.046,-0.465,,0.0,0.0,0.0,,,,,0.0,0.0,100955.0,-0.0003366999999983,-0.0001663000000036,0.0,88.0,36.5,2
37224,SO-0401,Head Constable Ramesh Mehta,Head Constable,32,2026-07-20 20:24:42+00:00,82.0,82.0,,21.180199,72.9379673,22.799999237060547,-0.313,-0.552,0.882,,0.0,0.0,0.0,,,,,0.0,0.0,29.0,0.000236000000001,8.230000000253312e-05,3.42,82.0,36.5,0
37229,SO-0401,Head Constable Ramesh Mehta,Head Constable,32,2026-07-20 20:25:13+00:00,84.0,85.0,,21.1801919,72.9380259,22.799999237060547,-0.502,-0.044,0.878,,0.0,0.0,0.0,,,,,0.0,0.0,31.0,-7.100000001258877e-06,5.860000000268428e-05,0.71,85.0,36.5,0
37235,SO-0401,Head Constable Ramesh Mehta,Head Constable,32,2026-07-20 20:25:43+00:00,84.0,88.0,,21.1801361,72.9381099,22.799999237060547,-0.514,-0.583,-0.096,,0.0,0.0,0.0,,,,,0.0,0.0,30.0,-5.580000000193763e-05,8.400000000108321e-05,1.28,88.0,36.5,0
37241,SO-0401,Head Constable Ramesh Mehta,Head Constable,32,2026-07-20 20:26:12+00:00,86.0,87.0,,21.1798057,72.9379129,22.799999237060547,-0.379,0.075,0.959,,0.0,0.0,0.0,,,,,0.0,0.0,29.0,-0.0003303999999992,-0.000197,5.21,87.0,36.5,1
37247,SO-0401,Head Constable Ramesh Mehta,Head Constable,32,2026-07-20 20:26:43+00:00,87.0,83.0,,21.1799168,72.9379528,22.799999237060547,-0.825,-0.709,0.066,,0.0,0.0,0.0,,,,,0.0,0.0,31.0,0.0001111000000015,3.990000000442251e-05,1.51,83.0,36.5,0
37252,SO-0401,Head Constable Ramesh Mehta,Head Constable,32,2026-07-20 20:27:11+00:00,94.0,87.0,,21.1799923,72.9381176,22.799999237060547,-0.915,-0.146,0.217,,0.0,0.0,0.0,,,,,0.0,0.0,28.0,7.549999999767465e-05,0.0001647999999931,2.44,87.0,36.5,2
37259,SO-0401,Head Constable Ramesh Mehta,Head Constable,32,2026-07-20 20:27:42+00:00,94.0,86.0,,21.1797971,72.937998,22.799999237060547,-0.478,0.424,0.778,,0.0,0.0,0.0,,,,,0.0,0.0,31.0,-0.0001952000000002,-0.0001196000000049,2.9,86.0,36.5,2
37265,SO-0401,Head Constable Ramesh Mehta,Head Constable,32,2026-07-20 20:28:11+00:00,100.0,86.0,,21.1795021,72.9387777,22.799999237060547,-0.997,0.204,-0.274,,0.0,0.0,0.0,,,,,0.0,0.0,29.0,-0.0002949999999977,0.0007797000000095,10.81,86.0,36.5,1
37270,SO-0401,Head Constable Ramesh Mehta,Head Constable,32,2026-07-20 20:28:41+00:00,96.0,88.0,,21.1786813,72.9415747,22.799999237060547,-0.879,0.592,-0.134,,0.0,0.0,0.0,,,,,0.0,0.0,30.0,-0.0008207999999996,0.002797000000001,36.42,88.0,36.5,1
37277,SO-0401,Head Constable Ramesh Mehta,Head Constable,32,2026-07-20 20:29:11+00:00,99.0,88.0,,21.1776909,72.945044,26.5,-0.954,0.486,-0.103,,0.0,0.0,0.0,,,,,0.0,0.0,30.0,-0.0009903999999991,0.0034692999999919,45.07,88.0,36.5,1
37283,SO-0401,Head Constable Ramesh Mehta,Head Constable,32,2026-07-20 20:29:42+00:00,83.0,88.0,,21.1767802,72.9480589,26.0,-0.922,0.541,0.076,,0.0,0.0,0.0,,,,,0.0,0.0,31.0,-0.0009107000000021,0.0030149000000108,38.1,88.0,36.5,1
37289,SO-0401,Head Constable Ramesh Mehta,Head Constable,32,2026-07-20 20:30:11+00:00,83.0,85.0,,21.176228,72.949493,26.200000762939453,-0.562,0.569,0.692,,0.0,0.0,0.0,,,,,0.0,0.0,29.0,-0.0005522000000013,0.0014340999999973,19.94,85.0,36.5,1
37295,SO-0401,Head Constable Ramesh Mehta,Head Constable,32,2026-07-20 20:30:42+00:00,84.0,86.0,,21.17602,72.9502376,25.600000381469727,-1.147,0.694,-0.026,,0.0,0.0,0.0,,,,,0.0,0.0,31.0,-0.000207999999997,0.0007445999999902,9.34,86.0,36.5,1
37301,SO-0401,Head Constable Ramesh Mehta,Head Constable,32,2026-07-20 20:31:11+00:00,87.0,88.0,,21.1747302,72.9538276,25.5,-0.934,0.225,-0.076,,0.0,0.0,0.0,,,,,0.0,0.0,29.0,-0.0012898000000021,0.0035900000000026,49.44,88.0,36.5,1
37307,SO-0401,Head Constable Ramesh Mehta,Head Constable,32,2026-07-20 20:31:41+00:00,83.0,88.0,,21.174001,72.9564242,23.600000381469727,-0.844,0.443,-0.08,,0.0,0.0,0.0,,,,,0.0,0.0,30.0,-0.0007291999999985,0.0025966000000039,33.68,88.0,36.5,1
37313,SO-0401,Head Constable Ramesh Mehta,Head Constable,32,2026-07-20 20:32:12+00:00,82.0,88.0,,21.1727315,72.9598592,23.100000381469727,-0.868,0.45,-0.15,,0.0,0.0,0.0,,,,,0.0,0.0,31.0,-0.0012694999999993,0.003434999999996,44.42,88.0,36.5,1
37318,SO-0401,Head Constable Ramesh Mehta,Head Constable,32,2026-07-20 20:32:43+00:00,88.0,73.0,,21.1709592,72.9640148,26.399999618530273,0.97,0.435,0.365,,0.0,0.0,0.0,,,,,0.0,0.0,31.0,-0.0017723000000025,0.0041556000000042,54.93,73.0,36.5,1
37325,SO-0401,Head Constable Ramesh Mehta,Head Constable,32,2026-07-20 20:33:12+00:00,92.0,87.0,,21.1700175,72.968047,26.399999618530273,0.836,0.401,0.38,,0.0,0.0,0.0,,,,,0.0,0.0,29.0,-0.0009416999999984,0.0040321999999974,53.41,87.0,36.5,1
37331,SO-0401,Head Constable Ramesh Mehta,Head Constable,32,2026-07-20 20:33:42+00:00,100.0,88.0,,21.1690955,72.9709038,25.700000762939453,-0.665,0.573,-0.122,,0.0,0.0,0.0,,,,,0.0,0.0,30.0,-0.0009219999999992,0.0028568000000035,37.55,88.0,36.5,1
37337,SO-0401,Head Constable Ramesh Mehta,Head Constable,32,2026-07-20 20:34:12+00:00,97.0,88.0,,21.1680552,72.9744096,27.200000762939453,-0.914,0.518,-0.074,,0.0,0.0,0.0,,,,,0.0,0.0,30.0,-0.0010402999999996,0.0035057999999992,45.7,88.0,36.5,1
37343,SO-0401,Head Constable Ramesh Mehta,Head Constable,32,2026-07-20 20:34:42+00:00,97.0,88.0,,21.1668237,72.9778107,27.299999237060547,-0.932,0.439,-0.045,,0.0,0.0,0.0,,,,,0.0,0.0,30.0,-0.0012315000000029,0.0034011000000049,45.32,88.0,36.5,1
37349,SO-0401,Head Constable Ramesh Mehta,Head Constable,32,2026-07-20 20:35:12+00:00,98.0,88.0,,21.1655565,72.9816182,28.5,-0.812,0.518,-0.16,,0.0,0.0,0.0,,,,,0.0,0.0,30.0,-0.0012671999999973,0.0038074999999935,50.22,88.0,36.5,1
37355,SO-0401,Head Constable Ramesh Mehta,Head Constable,32,2026-07-20 20:35:42+00:00,94.0,88.0,,21.1644583,72.9852273,28.600000381469727,-0.803,0.519,-0.134,,0.0,0.0,0.0,,,,,0.0,0.0,30.0,-0.0010982000000012,0.0036091000000055,47.16,88.0,36.5,1
37361,SO-0401,Head Constable Ramesh Mehta,Head Constable,32,2026-07-20 20:36:11+00:00,91.0,88.0,,21.1640114,72.9867073,31.299999237060547,-0.865,0.555,0.111,,0.0,0.0,0.0,,,,,0.0,0.0,29.0,-0.0004469,0.0014800000000008,19.99,88.0,36.5,1
37367,SO-0401,Head Constable Ramesh Mehta,Head Constable,32,2026-07-20 20:36:41+00:00,81.0,87.0,,21.1630654,72.9890723,29.799999237060547,-0.844,0.494,-0.119,,0.0,0.0,0.0,,,,,0.0,0.0,30.0,-0.000945999999999,0.0023649999999975,31.97,87.0,36.5,1
37373,SO-0401,Head Constable Ramesh Mehta,Head Constable,32,2026-07-20 20:37:12+00:00,99.0,88.0,,21.1620874,72.9911815,30.0,-0.871,0.44,-0.025,,0.0,0.0,0.0,,,,,0.0,0.0,31.0,-0.0009779999999999,0.0021091999999924,28.32,88.0,36.5,1
38819,SO-0401,Head Constable Ramesh Mehta,Head Constable,32,2026-07-21 07:32:05+00:00,87.0,88.0,,21.1344188,73.1177881,36.5,0.976,-0.057,0.299,,0.0,0.0,0.0,,,,,0.0,0.0,39293.0,-0.0276686000000019,0.1266066000000023,0.0,88.0,36.5,0
38820,SO-0401,Head Constable Ramesh Mehta,Head Constable,32,2026-07-21 07:32:35+00:00,93.0,87.0,,21.1344188,73.1177694,36.5,1.342,-0.031,0.227,,0.0,0.0,0.0,,,,,0.0,0.0,30.0,0.0,-1.8699999998261777e-05,0.23,87.0,36.5,2
38821,SO-0401,Head Constable Ramesh Mehta,Head Constable,32,2026-07-21 07:33:05+00:00,100.0,88.0,,21.1344013,73.1178054,36.5,0.76,0.131,-0.629,,0.0,0.0,0.0,,,,,0.0,0.0,30.0,-1.749999999844931e-05,3.5999999994373866e-05,0.5,88.0,36.5,2
38822,SO-0401,Head Constable Ramesh Mehta,Head Constable,32,2026-07-21 07:33:35+00:00,100.0,88.0,,21.1344179,73.117828,36.5,0.471,0.039,-0.968,,0.0,0.0,0.0,,,,,0.0,0.0,30.0,1.6599999998589965e-05,2.2600000008310417e-05,0.36,88.0,36.5,2
39287,SO-0401,Head Constable Ramesh Mehta,Head Constable,32,2026-07-21 12:33:47+00:00,98.0,88.0,,21.1802967,72.9380447,22.799999237060547,0.687,-0.143,0.756,,0.0,0.0,0.0,,,,,0.0,0.0,18012.0,0.0458788000000005,-0.1797832999999968,0.0,88.0,36.5,2
39290,SO-0401,Head Constable Ramesh Mehta,Head Constable,32,2026-07-21 12:34:19+00:00,99.0,65.0,,21.180264,72.9380192,22.799999237060547,0.348,1.026,0.055,,0.0,0.0,0.0,,,,,0.0,0.0,32.0,-3.269999999844231e-05,-2.5500000006672963e-05,0.5,65.0,36.5,2
39293,SO-0401,Head Constable Ramesh Mehta,Head Constable,32,2026-07-21 12:34:49+00:00,80.0,77.0,,21.1802973,72.938043,22.799999237060547,0.3,0.902,-0.242,,0.0,0.0,0.0,,,,,0.0,0.0,30.0,3.329999999834854e-05,2.3799999993912024e-05,0.53,77.0,36.5,0
39296,SO-0401,Head Constable Ramesh Mehta,Head Constable,32,2026-07-21 12:35:19+00:00,99.0,87.0,,21.1802873,72.9380369,22.799999237060547,0.542,0.14,0.891,,0.0,0.0,0.0,,,,,0.0,0.0,30.0,-9.999999999621425e-06,-6.099999993125493e-06,0.15,87.0,36.5,2
39299,SO-0401,Head Constable Ramesh Mehta,Head Constable,32,2026-07-21 12:35:49+00:00,80.0,88.0,,21.1802921,72.9380341,22.799999237060547,0.633,0.078,0.843,,0.0,0.0,0.0,,,,,0.0,0.0,30.0,4.799999999249849e-06,-2.8000000042993634e-06,0.07,88.0,36.5,0
39302,SO-0401,Head Constable Ramesh Mehta,Head Constable,32,2026-07-21 12:36:19+00:00,96.0,87.0,,21.1803037,72.9380474,22.799999237060547,0.539,0.004,0.902,,0.0,0.0,0.0,,,,,0.0,0.0,30.0,1.160000000055561e-05,1.330000000621112e-05,0.23,87.0,36.5,2
39306,SO-0401,Head Constable Ramesh Mehta,Head Constable,32,2026-07-21 12:36:49+00:00,90.0,88.0,,21.180247,72.9379789,22.799999237060547,0.63,-0.019,0.836,,0.0,0.0,0.0,,,,,0.0,0.0,30.0,-5.6699999998244266e-05,-6.849999999758438e-05,1.14,88.0,36.5,0
39310,SO-0401,Head Constable Ramesh Mehta,Head Constable,32,2026-07-21 12:37:19+00:00,93.0,86.0,,21.1802904,72.9380446,22.799999237060547,0.576,0.029,0.869,,0.0,0.0,0.0,,,,,0.0,0.0,30.0,4.339999999913857e-05,6.569999999328502e-05,1.0,86.0,36.5,2
39314,SO-0401,Head Constable Ramesh Mehta,Head Constable,32,2026-07-21 12:37:49+00:00,94.0,85.0,,21.1802985,72.9380478,22.799999237060547,1.133,0.011,-0.13,,0.0,0.0,0.0,,,,,0.0,0.0,30.0,8.09999999873412e-06,3.2000000089738023e-06,0.11,85.0,36.5,2
39318,SO-0401,Head Constable Ramesh Mehta,Head Constable,32,2026-07-21 12:38:19+00:00,92.0,86.0,,21.180289,72.9380407,22.799999237060547,0.777,-0.077,-0.638,,0.0,0.0,0.0,,,,,0.0,0.0,30.0,-9.5000000008838e-06,-7.100000004811591e-06,0.15,86.0,36.5,2
39322,SO-0401,Head Constable Ramesh Mehta,Head Constable,32,2026-07-21 12:38:49+00:00,93.0,62.0,,21.1802971,72.9380428,22.799999237060547,0.984,-0.328,0.297,,0.0,0.0,0.0,,,,,0.0,0.0,30.0,8.100000002286833e-06,2.1000000032245225e-06,0.11,62.0,36.5,2
39326,SO-0401,Head Constable Ramesh Mehta,Head Constable,32,2026-07-21 12:39:19+00:00,83.0,86.0,,21.1802945,72.9380489,22.799999237060547,-0.257,0.155,1.113,,0.0,0.0,0.0,,,,,0.0,0.0,30.0,-2.600000001962144e-06,6.099999993125493e-06,0.08,86.0,36.5,0
39330,SO-0401,Head Constable Ramesh Mehta,Head Constable,32,2026-07-21 12:39:49+00:00,100.0,86.0,,21.1802757,72.9380338,22.799999237060547,0.974,-0.03,0.355,,0.0,0.0,0.0,,,,,0.0,0.0,30.0,-1.8799999999430383e-05,-1.5099999998824389e-05,0.31,86.0,36.5,2
39334,SO-0401,Head Constable Ramesh Mehta,Head Constable,32,2026-07-21 12:40:19+00:00,84.0,86.0,,21.1802975,72.9380433,22.799999237060547,0.785,-0.324,0.572,,0.0,0.0,0.0,,,,,0.0,0.0,30.0,2.1800000002514253e-05,9.500000004436515e-06,0.31,86.0,36.5,0
39338,SO-0401,Head Constable Ramesh Mehta,Head Constable,32,2026-07-21 12:40:49+00:00,96.0,88.0,,21.1803072,72.9380389,22.799999237060547,0.855,-0.18,-0.559,,0.0,0.0,0.0,,,,,0.0,0.0,30.0,9.699999999668307e-06,-4.4000000087862645e-06,0.14,88.0,36.5,2
39342,SO-0401,Head Constable Ramesh Mehta,Head Constable,32,2026-07-21 12:41:19+00:00,88.0,88.0,,21.1802989,72.9380403,22.799999237060547,0.899,-0.124,-0.393,,0.0,0.0,0.0,,,,,0.0,0.0,30.0,-8.30000000107134e-06,1.4000000021496817e-06,0.11,88.0,36.5,0
39346,SO-0401,Head Constable Ramesh Mehta,Head Constable,32,2026-07-21 12:41:49+00:00,99.0,87.0,,21.1802489,72.9379981,22.799999237060547,0.836,-0.055,0.594,,0.0,0.0,0.0,,,,,0.0,0.0,30.0,-5.000000000165983e-05,-4.219999999577339e-05,0.85,87.0,36.5,2
39350,SO-0401,Head Constable Ramesh Mehta,Head Constable,32,2026-07-21 12:42:19+00:00,97.0,82.0,,21.1802942,72.9380344,22.799999237060547,0.992,0.075,-0.102,,0.0,0.0,0.0,,,,,0.0,0.0,30.0,4.5300000000025875e-05,3.630000000498512e-05,0.75,82.0,36.5,2
39354,SO-0401,Head Constable Ramesh Mehta,Head Constable,32,2026-07-21 12:42:49+00:00,82.0,87.0,,21.1802971,72.9380538,22.799999237060547,0.767,-0.384,0.575,,0.0,0.0,0.0,,,,,0.0,0.0,30.0,2.900000001915259e-06,1.9399999999336615e-05,0.24,87.0,36.5,0
39358,SO-0401,Head Constable Ramesh Mehta,Head Constable,32,2026-07-21 12:43:19+00:00,100.0,88.0,,21.1802751,72.9380312,22.799999237060547,0.659,-0.058,0.819,,0.0,0.0,0.0,,,,,0.0,0.0,30.0,-2.200000000129876e-05,-2.2600000008310417e-05,0.41,88.0,36.5,2
39362,SO-0401,Head Constable Ramesh Mehta,Head Constable,32,2026-07-21 12:43:49+00:00,93.0,88.0,,21.1802924,72.9380477,22.799999237060547,0.574,-0.154,0.812,,0.0,0.0,0.0,,,,,0.0,0.0,30.0,1.7299999999664806e-05,1.650000000097407e-05,0.31,88.0,36.5,2
39366,SO-0401,Head Constable Ramesh Mehta,Head Constable,32,2026-07-21 12:44:19+00:00,82.0,88.0,,21.1802847,72.9380429,22.799999237060547,0.442,-0.141,0.835,,0.0,0.0,0.0,,,,,0.0,0.0,30.0,-7.699999997612395e-06,-4.799999999249849e-06,0.12,88.0,36.5,0
39370,SO-0401,Head Constable Ramesh Mehta,Head Constable,32,2026-07-21 12:44:49+00:00,89.0,88.0,,21.1802993,72.9380492,22.799999237060547,0.688,-0.203,0.956,,0.0,0.0,0.0,,,,,0.0,0.0,30.0,1.4600000000086766e-05,6.299999995462713e-06,0.21,88.0,36.5,0
39374,SO-0401,Head Constable Ramesh Mehta,Head Constable,32,2026-07-21 12:45:19+00:00,92.0,88.0,,21.1803045,72.9380472,22.799999237060547,0.635,-0.04,0.833,,0.0,0.0,0.0,,,,,0.0,0.0,30.0,5.19999999681886e-06,-1.9999999949504854e-06,0.07,88.0,36.5,2
39378,SO-0401,Head Constable Ramesh Mehta,Head Constable,32,2026-07-21 12:45:49+00:00,91.0,88.0,,21.1802495,72.9379953,22.799999237060547,0.754,-0.235,0.754,,0.0,0.0,0.0,,,,,0.0,0.0,30.0,-5.499999999969418e-05,-5.190000000254713e-05,0.98,88.0,36.5,2
39382,SO-0401,Head Constable Ramesh Mehta,Head Constable,32,2026-07-21 12:46:19+00:00,89.0,88.0,,21.1802968,72.9380545,22.799999237060547,0.496,-0.159,0.909,,0.0,0.0,0.0,,,,,0.0,0.0,30.0,4.730000000208179e-05,5.920000000969594e-05,0.97,88.0,36.5,0
39386,SO-0401,Head Constable Ramesh Mehta,Head Constable,32,2026-07-21 12:46:49+00:00,83.0,88.0,,21.1802929,72.9380542,22.799999237060547,0.631,-0.031,0.826,,0.0,0.0,0.0,,,,,0.0,0.0,30.0,-3.899999999390502e-06,-3.000000106112566e-07,0.05,88.0,36.5,0
39389,SO-0401,Head Constable Ramesh Mehta,Head Constable,32,2026-07-21 12:47:19+00:00,91.0,88.0,,21.1802941,72.9380522,22.799999237060547,0.664,-0.065,0.807,,0.0,0.0,0.0,,,,,0.0,0.0,30.0,1.1999999998124622e-06,-1.9999999949504854e-06,0.03,88.0,36.5,2
39393,SO-0401,Head Constable Ramesh Mehta,Head Constable,32,2026-07-21 12:47:49+00:00,89.0,80.0,,21.1802581,72.9379719,22.799999237060547,0.516,-0.207,0.877,,0.0,0.0,0.0,,,,,0.0,0.0,30.0,-3.600000000147929e-05,-8.030000000758264e-05,1.11,80.0,36.5,0
39397,SO-0401,Head Constable Ramesh Mehta,Head Constable,32,2026-07-21 12:48:19+00:00,82.0,85.0,,21.1802984,72.9380518,22.799999237060547,1.031,-0.482,0.406,,0.0,0.0,0.0,,,,,0.0,0.0,30.0,4.030000000199152e-05,7.99000000029082e-05,1.13,85.0,36.5,0
39401,SO-0401,Head Constable Ramesh Mehta,Head Constable,32,2026-07-21 12:48:49+00:00,94.0,88.0,,21.1802969,72.9380463,22.799999237060547,0.591,-0.038,0.86,,0.0,0.0,0.0,,,,,0.0,0.0,30.0,-1.5000000033182914e-06,-5.50000000032469e-06,0.07,88.0,36.5,2
39405,SO-0401,Head Constable Ramesh Mehta,Head Constable,32,2026-07-21 12:49:19+00:00,90.0,88.0,,21.1802927,72.938045,22.799999237060547,0.51,-0.028,0.885,,0.0,0.0,0.0,,,,,0.0,0.0,30.0,-4.199999999343618e-06,-1.2999999938756446e-06,0.06,88.0,36.5,0
39409,SO-0401,Head Constable Ramesh Mehta,Head Constable,32,2026-07-21 12:49:49+00:00,89.0,88.0,,21.1802904,72.9380452,22.799999237060547,0.626,-0.259,0.8,,0.0,0.0,0.0,,,,,0.0,0.0,30.0,-2.2999999984563142e-06,2.0000000233721948e-07,0.03,88.0,36.5,0
39413,SO-0401,Head Constable Ramesh Mehta,Head Constable,32,2026-07-21 12:50:19+00:00,91.0,88.0,,21.1802999,72.9380387,22.799999237060547,0.593,-0.218,0.787,,0.0,0.0,0.0,,,,,0.0,0.0,30.0,9.5000000008838e-06,-6.499999997799932e-06,0.15,88.0,36.5,2
39417,SO-0401,Head Constable Ramesh Mehta,Head Constable,32,2026-07-21 12:50:49+00:00,95.0,88.0,,21.1802943,72.9380433,22.799999237060547,0.543,-0.269,0.794,,0.0,0.0,0.0,,,,,0.0,0.0,30.0,-5.600000001493299e-06,4.599999996912629e-06,0.09,88.0,36.5,2
39421,SO-0401,Head Constable Ramesh Mehta,Head Constable,32,2026-07-21 12:51:19+00:00,100.0,82.0,,21.180294,72.9380394,22.799999237060547,0.575,-0.037,0.844,,0.0,0.0,0.0,,,,,0.0,0.0,30.0,-2.999999999531156e-07,-3.900000010048643e-06,0.05,82.0,36.5,2
39425,SO-0401,Head Constable Ramesh Mehta,Head Constable,32,2026-07-21 12:51:49+00:00,93.0,85.0,,21.1802953,72.9380511,22.799999237060547,0.509,-0.185,0.787,,0.0,0.0,0.0,,,,,0.0,0.0,30.0,1.300000000981072e-06,1.170000000172422e-05,0.15,85.0,36.5,2
39429,SO-0401,Head Constable Ramesh Mehta,Head Constable,32,2026-07-21 12:52:19+00:00,99.0,80.0,,21.1803016,72.9380515,22.799999237060547,0.46,-0.018,0.743,,0.0,0.0,0.0,,,,,0.0,0.0,30.0,6.2999999990154265e-06,4.0000000467443897e-07,0.08,80.0,36.5,2
39433,SO-0401,Head Constable Ramesh Mehta,Head Constable,32,2026-07-21 12:52:49+00:00,90.0,87.0,,21.1802852,72.9380422,22.799999237060547,0.757,-0.151,0.678,,0.0,0.0,0.0,,,,,0.0,0.0,30.0,-1.639999999980546e-05,-9.300000002099296e-06,0.25,87.0,36.5,0
39437,SO-0401,Head Constable Ramesh Mehta,Head Constable,32,2026-07-21 12:53:19+00:00,88.0,87.0,,21.1802458,72.9380132,22.799999237060547,0.827,-0.183,0.527,,0.0,0.0,0.0,,,,,0.0,0.0,30.0,-3.939999999857946e-05,-2.8999999997836312e-05,0.64,87.0,36.5,0
39441,SO-0401,Head Constable Ramesh Mehta,Head Constable,32,2026-07-21 12:53:49+00:00,99.0,87.0,,21.180297,72.9380415,22.799999237060547,0.546,-0.155,0.865,,0.0,0.0,0.0,,,,,0.0,0.0,30.0,5.1199999997919576e-05,2.829999999676147e-05,0.77,87.0,36.5,2
39445,SO-0401,Head Constable Ramesh Mehta,Head Constable,32,2026-07-21 12:54:19+00:00,97.0,88.0,,21.1802764,72.9380343,22.799999237060547,0.685,0.019,0.804,,0.0,0.0,0.0,,,,,0.0,0.0,30.0,-2.0599999999149077e-05,-7.199999998874773e-06,0.29,88.0,36.5,2
39449,SO-0401,Head Constable Ramesh Mehta,Head Constable,32,2026-07-21 12:54:49+00:00,93.0,88.0,,21.1802949,72.9380534,22.799999237060547,0.518,-0.064,0.909,,0.0,0.0,0.0,,,,,0.0,0.0,30.0,1.8499999999477268e-05,1.9100000002936213e-05,0.34,88.0,36.5,2
39453,SO-0401,Head Constable Ramesh Mehta,Head Constable,32,2026-07-21 12:55:19+00:00,95.0,88.0,,21.180295,72.9380506,22.799999237060547,-0.986,0.14,0.072,,0.0,0.0,0.0,,,,,0.0,0.0,30.0,1.0000000116860974e-07,-2.8000000042993634e-06,0.03,88.0,36.5,2
39457,SO-0401,Head Constable Ramesh Mehta,Head Constable,32,2026-07-21 12:55:49+00:00,85.0,75.0,,21.1803057,72.9380423,22.799999237060547,1.004,0.421,-0.259,,0.0,0.0,0.0,,,,,0.0,0.0,30.0,1.0700000000696264e-05,-8.299999990413198e-06,0.18,75.0,36.5,0
39461,SO-0401,Head Constable Ramesh Mehta,Head Constable,32,2026-07-21 12:56:19+00:00,85.0,83.0,,21.1803002,72.9380482,22.799999237060547,0.59,0.8,0.047,,0.0,0.0,0.0,,,,,0.0,0.0,30.0,-5.50000000032469e-06,5.899999990788274e-06,0.1,83.0,36.5,0
39466,SO-0401,Head Constable Ramesh Mehta,Head Constable,32,2026-07-21 12:56:49+00:00,100.0,85.0,,21.180292,72.9380495,22.799999237060547,1.945,0.474,0.415,,0.0,0.0,0.0,,,,,0.0,0.0,30.0,-8.19999999990273e-06,1.3000000080864993e-06,0.11,85.0,36.5,1
39471,SO-0401,Head Constable Ramesh Mehta,Head Constable,32,2026-07-21 12:57:19+00:00,100.0,81.0,,21.1802639,72.9380281,22.799999237060547,0.336,0.939,0.468,,0.0,0.0,0.0,,,,,0.0,0.0,30.0,-2.810000000152968e-05,-2.1400000008497955e-05,0.46,81.0,36.5,1
39476,SO-0401,Head Constable Ramesh Mehta,Head Constable,32,2026-07-21 12:57:49+00:00,100.0,69.0,,21.1803016,72.9380538,22.799999237060547,0.255,1.02,-0.251,,0.0,0.0,0.0,,,,,0.0,0.0,30.0,3.770000000002938e-05,2.5700000009010185e-05,0.6,69.0,36.5,1
39481,SO-0401,Head Constable Ramesh Mehta,Head Constable,32,2026-07-21 12:58:19+00:00,100.0,74.0,,21.1802713,72.9380336,22.799999237060547,0.375,0.99,-0.089,,0.0,0.0,0.0,,,,,0.0,0.0,30.0,-3.0299999998817384e-05,-2.0200000008685493e-05,0.48,74.0,36.5,1
39486,SO-0401,Head Constable Ramesh Mehta,Head Constable,32,2026-07-21 12:58:50+00:00,93.0,85.0,,21.1802966,72.938047,22.799999237060547,0.353,1.03,0.482,,0.0,0.0,0.0,,,,,0.0,0.0,31.0,2.5299999997230316e-05,1.3400000000274304e-05,0.36,85.0,36.5,1
39491,SO-0401,Head Constable Ramesh Mehta,Head Constable,32,2026-07-21 12:59:19+00:00,88.0,82.0,,21.1802697,72.9380289,22.799999237060547,0.347,0.919,-0.113,,0.0,0.0,0.0,,,,,0.0,0.0,29.0,-2.6899999998164503e-05,-1.8099999991250115e-05,0.44,82.0,36.5,0
39494,SO-0401,Head Constable Ramesh Mehta,Head Constable,32,2026-07-21 12:59:49+00:00,88.0,88.0,,21.1802992,72.9380527,22.799999237060547,0.608,0.747,0.308,,0.0,0.0,0.0,,,,,0.0,0.0,30.0,2.9500000000126647e-05,2.3799999993912024e-05,0.49,88.0,36.5,0
39497,SO-0401,Head Constable Ramesh Mehta,Head Constable,32,2026-07-21 13:00:19+00:00,88.0,76.0,,21.1803,72.9380511,22.799999237060547,0.284,0.946,0.171,,0.0,0.0,0.0,,,,,0.0,0.0,30.0,7.999999986907369e-07,-1.6000000044869012e-06,0.02,76.0,36.5,0
39499,SO-0401,Head Constable Ramesh Mehta,Head Constable,32,2026-07-21 13:00:49+00:00,88.0,61.0,,21.1802969,72.9380487,22.799999237060547,0.315,0.933,0.164,,0.0,0.0,0.0,,,,,0.0,0.0,30.0,-3.1000000006997652e-06,-2.3999999996249244e-06,0.05,61.0,36.5,0
39501,SO-0401,Head Constable Ramesh Mehta,Head Constable,32,2026-07-21 13:01:19+00:00,88.0,85.0,,21.1803022,72.9380529,22.799999237060547,0.307,0.942,0.07,,0.0,0.0,0.0,,,,,0.0,0.0,30.0,5.300000001540184e-06,4.200000006449045e-06,0.09,85.0,36.5,0
39503,SO-0401,Head Constable Ramesh Mehta,Head Constable,32,2026-07-21 13:01:49+00:00,88.0,87.0,,21.1802992,72.9380503,22.799999237060547,0.405,0.904,0.079,,0.0,0.0,0.0,,,,,0.0,0.0,30.0,-2.9999999995311555e-06,-2.600000001962144e-06,0.05,87.0,36.5,0
39505,SO-0401,Head Constable Ramesh Mehta,Head Constable,32,2026-07-21 13:02:19+00:00,88.0,72.0,,21.1803006,72.9380541,22.799999237060547,0.748,0.79,-0.375,,0.0,0.0,0.0,,,,,0.0,0.0,30.0,1.399999998596968e-06,3.800000001774606e-06,0.05,72.0,36.5,0
39507,SO-0401,Head Constable Ramesh Mehta,Head Constable,32,2026-07-21 13:02:49+00:00,88.0,84.0,,21.1802951,72.9380508,22.799999237060547,0.338,0.937,0.103,,0.0,0.0,0.0,,,,,0.0,0.0,30.0,-5.50000000032469e-06,-3.3000000030369847e-06,0.08,84.0,36.5,0
39509,SO-0401,Head Constable Ramesh Mehta,Head Constable,32,2026-07-21 13:03:19+00:00,88.0,87.0,,21.1803041,72.9380533,22.799999237060547,0.301,0.934,0.171,,0.0,0.0,0.0,,,,,0.0,0.0,30.0,9.00000000214618e-06,2.5000000078989615e-06,0.12,87.0,36.5,0
39511,SO-0401,Head Constable Ramesh Mehta,Head Constable,32,2026-07-21 13:03:49+00:00,88.0,88.0,,21.1802992,72.9380524,22.799999237060547,0.211,0.96,0.181,,0.0,0.0,0.0,,,,,0.0,0.0,30.0,-4.9000000004184585e-06,-9.000000034120603e-07,0.07,88.0,36.5,0
39514,SO-0401,Head Constable Ramesh Mehta,Head Constable,32,2026-07-21 13:04:19+00:00,88.0,87.0,,21.1802961,72.9380555,22.799999237060547,0.294,0.769,-0.531,,0.0,0.0,0.0,,,,,0.0,0.0,30.0,-3.1000000006997652e-06,3.1000000006997652e-06,0.06,87.0,36.5,0
39517,SO-0401,Head Constable Ramesh Mehta,Head Constable,32,2026-07-21 13:04:49+00:00,88.0,88.0,,21.180291,72.9380435,22.799999237060547,0.27,0.948,0.136,,0.0,0.0,0.0,,,,,0.0,0.0,30.0,-5.099999999202964e-06,-1.1999999998124622e-05,0.16,88.0,36.5,0
39519,SO-0401,Head Constable Ramesh Mehta,Head Constable,32,2026-07-21 13:05:19+00:00,88.0,86.0,,21.1803,72.9380588,22.799999237060547,0.268,0.941,0.192,,0.0,0.0,0.0,,,,,0.0,0.0,30.0,8.999999998593466e-06,1.5299999986950752e-05,0.22,86.0,36.5,0
39521,SO-0401,Head Constable Ramesh Mehta,Head Constable,32,2026-07-21 13:05:49+00:00,88.0,88.0,,21.1802991,72.9380501,22.799999237060547,0.267,0.953,0.126,,0.0,0.0,0.0,,,,,0.0,0.0,30.0,-8.999999998593466e-07,-8.699999995087637e-06,0.11,88.0,36.5,0
39523,SO-0401,Head Constable Ramesh Mehta,Head Constable,32,2026-07-21 13:06:19+00:00,88.0,79.0,,21.1802952,72.9380565,22.799999237060547,0.258,0.943,0.201,,0.0,0.0,0.0,,,,,0.0,0.0,30.0,-3.899999999390502e-06,6.40000000373675e-06,0.09,79.0,36.5,0
39525,SO-0401,Head Constable Ramesh Mehta,Head Constable,32,2026-07-21 13:06:49+00:00,88.0,83.0,,21.1803005,72.9380507,22.799999237060547,0.344,0.933,0.087,,0.0,0.0,0.0,,,,,0.0,0.0,30.0,5.300000001540184e-06,-5.7999999967250915e-06,0.1,83.0,36.5,0
39527,SO-0401,Head Constable Ramesh Mehta,Head Constable,32,2026-07-21 13:07:19+00:00,96.0,79.0,,21.1802983,72.9380523,22.799999237060547,0.392,0.909,0.103,,0.0,0.0,0.0,,,,,0.0,0.0,30.0,-2.2000000008404186e-06,1.5999999902760464e-06,0.04,79.0,36.5,2
39529,SO-0401,Head Constable Ramesh Mehta,Head Constable,32,2026-07-21 13:07:49+00:00,96.0,87.0,,21.1802946,72.9380551,22.799999237060547,0.332,0.69,0.673,,0.0,0.0,0.0,,,,,0.0,0.0,30.0,-3.700000000605996e-06,2.8000000042993634e-06,0.06,87.0,36.5,2
39531,SO-0401,Head Constable Ramesh Mehta,Head Constable,32,2026-07-21 13:08:19+00:00,96.0,84.0,,21.1802984,72.9380521,22.799999237060547,0.4,0.894,0.168,,0.0,0.0,0.0,,,,,0.0,0.0,30.0,3.800000001774606e-06,-3.000000006636583e-06,0.06,84.0,36.5,2
39533,SO-0401,Head Constable Ramesh Mehta,Head Constable,32,2026-07-21 13:08:49+00:00,85.0,88.0,,21.1802992,72.9380565,22.799999237060547,0.357,0.929,0.039,,0.0,0.0,0.0,,,,,0.0,0.0,30.0,7.999999986907369e-07,4.4000000087862645e-06,0.06,88.0,36.5,0
39535,SO-0401,Head Constable Ramesh Mehta,Head Constable,32,2026-07-21 13:09:19+00:00,82.0,88.0,,21.1803013,72.9380539,22.799999237060547,0.398,0.912,0.081,,0.0,0.0,0.0,,,,,0.0,0.0,30.0,2.099999999671809e-06,-2.600000001962144e-06,0.04,88.0,36.5,0
39537,SO-0401,Head Constable Ramesh Mehta,Head Constable,32,2026-07-21 13:09:49+00:00,81.0,88.0,,21.1803021,72.938057,22.799999237060547,0.371,0.927,0.06,,0.0,0.0,0.0,,,,,0.0,0.0,30.0,7.999999986907369e-07,3.1000000006997652e-06,0.04,88.0,36.5,0
39539,SO-0401,Head Constable Ramesh Mehta,Head Constable,32,2026-07-21 13:10:19+00:00,85.0,81.0,,21.180285,72.9380403,22.799999237060547,0.263,0.952,0.116,,0.0,0.0,0.0,,,,,0.0,0.0,30.0,-1.7099999997327586e-05,-1.670000000331129e-05,0.31,81.0,36.5,0
39541,SO-0401,Head Constable Ramesh Mehta,Head Constable,32,2026-07-21 13:10:49+00:00,86.0,67.0,,21.180287,72.9380511,22.799999237060547,0.337,0.925,0.108,,0.0,0.0,0.0,,,,,0.0,0.0,30.0,1.999999998503199e-06,1.079999999831216e-05,0.14,67.0,36.5,0
39543,SO-0401,Head Constable Ramesh Mehta,Head Constable,32,2026-07-21 13:11:19+00:00,100.0,88.0,,21.1802937,72.9380447,22.799999237060547,0.625,0.698,0.401,,0.0,0.0,0.0,,,,,0.0,0.0,30.0,6.700000000137152e-06,-6.399999989525895e-06,0.12,88.0,36.5,2
39545,SO-0401,Head Constable Ramesh Mehta,Head Constable,32,2026-07-21 13:11:49+00:00,88.0,88.0,,21.1802953,72.9380461,22.799999237060547,0.641,0.707,0.344,,0.0,0.0,0.0,,,,,0.0,0.0,30.0,1.6000000009341877e-06,1.399999987938827e-06,0.03,88.0,36.5,0
39547,SO-0401,Head Constable Ramesh Mehta,Head Constable,32,2026-07-21 13:12:19+00:00,82.0,88.0,,21.1802911,72.9380434,22.799999237060547,0.256,0.957,0.152,,0.0,0.0,0.0,,,,,0.0,0.0,30.0,-4.199999999343618e-06,-2.6999999960253263e-06,0.07,88.0,36.5,0
39549,SO-0401,Head Constable Ramesh Mehta,Head Constable,32,2026-07-21 13:12:49+00:00,90.0,52.0,,21.1802812,72.9380381,22.799999237060547,0.285,0.952,0.083,,0.0,0.0,0.0,,,,,0.0,0.0,30.0,-9.900000002005528e-06,-5.29999999798747e-06,0.15,52.0,36.5,0
39551,SO-0401,Head Constable Ramesh Mehta,Head Constable,32,2026-07-21 13:13:19+00:00,100.0,86.0,,21.1802989,72.9380484,22.799999237060547,0.547,0.803,0.278,,0.0,0.0,0.0,,,,,0.0,0.0,30.0,1.770000000078653e-05,1.0299999999574538e-05,0.27,86.0,36.5,2
39553,SO-0401,Head Constable Ramesh Mehta,Head Constable,32,2026-07-21 13:13:48+00:00,82.0,88.0,,21.1802884,72.9380398,22.799999237060547,0.575,0.815,0.231,,0.0,0.0,0.0,,,,,0.0,0.0,29.0,-1.0500000001911758e-05,-8.600000001024455e-06,0.18,88.0,36.5,0
39555,SO-0401,Head Constable Ramesh Mehta,Head Constable,32,2026-07-21 13:14:19+00:00,84.0,88.0,,21.1803,72.9380534,22.799999237060547,0.489,0.837,0.257,,0.0,0.0,0.0,,,,,0.0,0.0,31.0,1.160000000055561e-05,1.3600000002611525e-05,0.22,88.0,36.5,0
39557,SO-0401,Head Constable Ramesh Mehta,Head Constable,32,2026-07-21 13:14:52+00:00,86.0,88.0,,21.1800831,72.9370134,22.799999237060547,0.5,0.83,0.251,,0.0,0.0,0.0,,,,,0.0,0.0,33.0,-0.000216899999998,-0.0010400000000032,12.03,88.0,36.5,1
39559,SO-0401,Head Constable Ramesh Mehta,Head Constable,32,2026-07-21 13:15:19+00:00,87.0,86.0,,21.1802981,72.9380526,22.799999237060547,0.516,0.821,0.255,,0.0,0.0,0.0,,,,,0.0,0.0,27.0,0.0002150000000007,0.0010392000000081,14.69,86.0,36.5,1
39561,SO-0401,Head Constable Ramesh Mehta,Head Constable,32,2026-07-21 13:15:49+00:00,84.0,87.0,,21.1802965,72.9380462,22.799999237060547,0.345,0.921,0.054,,0.0,0.0,0.0,,,,,0.0,0.0,30.0,-1.6000000009341877e-06,-6.40000000373675e-06,0.08,87.0,36.5,0
39563,SO-0401,Head Constable Ramesh Mehta,Head Constable,32,2026-07-21 13:16:19+00:00,86.0,87.0,,21.1802986,72.9380516,22.799999237060547,0.767,0.64,-0.233,,0.0,0.0,0.0,,,,,0.0,0.0,30.0,2.099999999671809e-06,5.3999999920506525e-06,0.07,87.0,36.5,0
39565,SO-0401,Head Constable Ramesh Mehta,Head Constable,32,2026-07-21 13:16:49+00:00,86.0,87.0,,21.180295,72.938056,22.799999237060547,0.61,0.742,0.347,,0.0,0.0,0.0,,,,,0.0,0.0,30.0,-3.5999999994373866e-06,4.4000000087862645e-06,0.07,87.0,36.5,0
39568,SO-0401,Head Constable Ramesh Mehta,Head Constable,32,2026-07-21 13:17:19+00:00,96.0,82.0,,21.1802654,72.9380294,22.799999237060547,0.199,0.784,0.057,,0.0,0.0,0.0,,,,,0.0,0.0,30.0,-2.9600000001295257e-05,-2.6599999998211388e-05,0.51,82.0,36.5,2
39571,SO-0401,Head Constable Ramesh Mehta,Head Constable,32,2026-07-21 13:17:49+00:00,92.0,73.0,,21.1802868,72.9380453,22.799999237060547,0.276,-0.289,0.843,,0.0,0.0,0.0,,,,,0.0,0.0,30.0,2.1400000001392527e-05,1.589999999396241e-05,0.35,73.0,36.5,2
39574,SO-0401,Head Constable Ramesh Mehta,Head Constable,32,2026-07-21 13:18:19+00:00,92.0,88.0,,21.1802865,72.9380416,22.799999237060547,0.453,-0.093,0.944,,0.0,0.0,0.0,,,,,0.0,0.0,30.0,-2.999999999531156e-07,-3.699999993500569e-06,0.05,88.0,36.5,2
39577,SO-0401,Head Constable Ramesh Mehta,Head Constable,32,2026-07-21 13:18:49+00:00,87.0,88.0,,21.1802704,72.9380244,22.799999237060547,0.612,0.051,0.838,,0.0,0.0,0.0,,,,,0.0,0.0,30.0,-1.6099999999852344e-05,-1.720000000204891e-05,0.3,88.0,36.5,0
39580,SO-0401,Head Constable Ramesh Mehta,Head Constable,32,2026-07-21 13:19:19+00:00,100.0,88.0,,21.1803207,72.9380392,22.799999237060547,0.184,-1.063,0.147,,0.0,0.0,0.0,,,,,0.0,0.0,30.0,5.029999999806023e-05,1.4800000002423984e-05,0.69,88.0,36.5,2
39583,SO-0401,Head Constable Ramesh Mehta,Head Constable,32,2026-07-21 13:19:49+00:00,92.0,88.0,,21.1802718,72.9380254,22.799999237060547,0.266,-0.932,0.134,,0.0,0.0,0.0,,,,,0.0,0.0,30.0,-4.889999999946326e-05,-1.3800000004948744e-05,0.67,88.0,36.5,2
39586,SO-0401,Head Constable Ramesh Mehta,Head Constable,32,2026-07-21 13:20:19+00:00,84.0,85.0,,21.1803,72.9380481,22.799999237060547,0.289,-0.918,0.168,,0.0,0.0,0.0,,,,,0.0,0.0,30.0,2.8199999999145575e-05,2.27000000023736e-05,0.47,85.0,36.5,0
39589,SO-0401,Head Constable Ramesh Mehta,Head Constable,32,2026-07-21 13:20:49+00:00,94.0,87.0,,21.1802968,72.938049,22.799999237060547,0.959,-0.298,0.239,,0.0,0.0,0.0,,,,,0.0,0.0,30.0,-3.1999999983156613e-06,9.000000034120603e-07,0.04,87.0,36.5,2
39592,SO-0401,Head Constable Ramesh Mehta,Head Constable,32,2026-07-21 13:21:19+00:00,89.0,68.0,,21.1802975,72.938054,22.799999237060547,0.168,0.893,-0.367,,0.0,0.0,0.0,,,,,0.0,0.0,30.0,7.000000010748408e-07,4.9999999873762135e-06,0.06,68.0,36.5,0
39594,SO-0401,Head Constable Ramesh Mehta,Head Constable,32,2026-07-21 13:21:49+00:00,89.0,84.0,,21.1803045,72.9380576,22.799999237060547,0.336,1.062,-0.02,,0.0,0.0,0.0,,,,,0.0,0.0,30.0,6.999999996537554e-06,3.5999999994373866e-06,0.1,84.0,36.5,0
39598,SO-0401,Head Constable Ramesh Mehta,Head Constable,32,2026-07-21 13:22:19+00:00,94.0,83.0,,21.1802992,72.9380556,22.799999237060547,0.833,0.602,0.103,,0.0,0.0,0.0,,,,,0.0,0.0,30.0,-5.29999999798747e-06,-1.9999999949504854e-06,0.07,83.0,36.5,2
39602,SO-0401,Head Constable Ramesh Mehta,Head Constable,32,2026-07-21 13:22:49+00:00,89.0,87.0,,21.1802929,72.9380319,22.799999237060547,0.54,0.955,0.023,,0.0,0.0,0.0,,,,,0.0,0.0,30.0,-6.2999999990154265e-06,-2.369999999984884e-05,0.31,87.0,36.5,0
39606,SO-0401,Head Constable Ramesh Mehta,Head Constable,32,2026-07-21 13:23:19+00:00,95.0,85.0,,21.180322,72.9380608,22.799999237060547,0.556,0.756,0.375,,0.0,0.0,0.0,,,,,0.0,0.0,30.0,2.909999999900492e-05,2.890000000377313e-05,0.53,85.0,36.5,2
39610,SO-0401,Head Constable Ramesh Mehta,Head Constable,32,2026-07-21 13:23:49+00:00,95.0,87.0,,21.1802845,72.9379278,22.799999237060547,0.549,0.766,0.364,,0.0,0.0,0.0,,,,,0.0,0.0,30.0,-3.750000000124487e-05,-0.0001330000000052,1.73,87.0,36.5,2
39614,SO-0401,Head Constable Ramesh Mehta,Head Constable,32,2026-07-21 13:24:19+00:00,84.0,84.0,,21.1803018,72.9380036,22.799999237060547,0.327,0.722,-0.58,,0.0,0.0,0.0,,,,,0.0,0.0,30.0,1.7299999999664806e-05,7.580000000473319e-05,0.97,84.0,36.5,0
39618,SO-0401,Head Constable Ramesh Mehta,Head Constable,32,2026-07-21 13:24:49+00:00,84.0,85.0,,21.1802558,72.938006,23.0,0.251,0.779,-0.54,,0.0,0.0,0.0,,,,,0.0,0.0,30.0,-4.5999999997548e-05,2.3999999996249244e-06,0.61,85.0,36.5,0
39622,SO-0401,Head Constable Ramesh Mehta,Head Constable,32,2026-07-21 13:25:19+00:00,84.0,88.0,,21.1802884,72.9379646,22.799999237060547,0.277,0.784,-0.52,,0.0,0.0,0.0,,,,,0.0,0.0,30.0,3.25999999972737e-05,-4.140000000063537e-05,0.67,88.0,36.5,0
39626,SO-0401,Head Constable Ramesh Mehta,Head Constable,32,2026-07-21 13:25:49+00:00,84.0,87.0,,21.1802857,72.9379959,22.799999237060547,0.279,0.793,-0.507,,0.0,0.0,0.0,,,,,0.0,0.0,30.0,-2.69999999957804e-06,3.1300000003398054e-05,0.39,87.0,36.5,0
39630,SO-0401,Head Constable Ramesh Mehta,Head Constable,32,2026-07-21 13:26:19+00:00,97.0,58.0,,21.1802464,72.9379604,22.799999237060547,0.275,0.93,-0.062,,0.0,0.0,0.0,,,,,0.0,0.0,30.0,-3.929999999741085e-05,-3.55000000098471e-05,0.68,58.0,36.5,2
39634,SO-0401,Head Constable Ramesh Mehta,Head Constable,32,2026-07-21 13:26:49+00:00,97.0,83.0,,21.1802786,72.9380499,22.799999237060547,0.301,0.99,-0.099,,0.0,0.0,0.0,,,,,0.0,0.0,30.0,3.219999999970469e-05,8.95000000014079e-05,1.19,83.0,36.5,2
39638,SO-0401,Head Constable Ramesh Mehta,Head Constable,32,2026-07-21 13:27:19+00:00,97.0,86.0,,21.1802466,72.9379642,22.799999237060547,-0.135,0.924,-0.229,,0.0,0.0,0.0,,,,,0.0,0.0,30.0,-3.200000000092018e-05,-8.569999999963329e-05,1.15,86.0,36.5,2
39642,SO-0401,Head Constable Ramesh Mehta,Head Constable,32,2026-07-21 13:27:49+00:00,82.0,88.0,,21.1802683,72.9379337,22.799999237060547,0.484,0.807,-0.243,,0.0,0.0,0.0,,,,,0.0,0.0,30.0,2.1700000001345643e-05,-3.0499999994049176e-05,0.48,88.0,36.5,0
39646,SO-0401,Head Constable Ramesh Mehta,Head Constable,32,2026-07-21 13:28:19+00:00,82.0,83.0,,21.1802898,72.9379968,22.799999237060547,0.602,0.702,0.415,,0.0,0.0,0.0,,,,,0.0,0.0,30.0,2.1499999999008423e-05,6.309999999132287e-05,0.83,83.0,36.5,0
39649,SO-0401,Head Constable Ramesh Mehta,Head Constable,32,2026-07-21 13:28:49+00:00,82.0,88.0,,21.1802935,72.9379682,22.799999237060547,0.7,0.625,0.443,,0.0,0.0,0.0,,,,,0.0,0.0,30.0,3.700000000605996e-06,-2.8599999993161873e-05,0.36,88.0,36.5,0
39652,SO-0401,Head Constable Ramesh Mehta,Head Constable,32,2026-07-21 13:29:19+00:00,81.0,88.0,,21.1802869,72.9379996,22.799999237060547,0.91,0.485,-0.046,,0.0,0.0,0.0,,,,,0.0,0.0,30.0,-6.600000002521256e-06,3.1399999997461236e-05,0.4,88.0,36.5,0
39655,SO-0401,Head Constable Ramesh Mehta,Head Constable,32,2026-07-21 13:29:49+00:00,81.0,88.0,,21.1802633,72.9379047,23.0,0.41,0.863,0.0,,0.0,0.0,0.0,,,,,0.0,0.0,30.0,-2.3599999998680232e-05,-9.489999999345856e-05,1.22,88.0,36.5,0
39659,SO-0401,Head Constable Ramesh Mehta,Head Constable,32,2026-07-21 13:30:19+00:00,81.0,87.0,,21.1802646,72.9379052,23.0,0.317,0.941,-0.042,,0.0,0.0,0.0,,,,,0.0,0.0,30.0,1.300000000981072e-06,4.999999987376214e-07,0.02,87.0,36.5,0
39663,SO-0401,Head Constable Ramesh Mehta,Head Constable,32,2026-07-21 13:30:49+00:00,93.0,87.0,,21.1802992,72.9379655,23.0,0.543,0.864,0.046,,0.0,0.0,0.0,,,,,0.0,0.0,30.0,3.459999999932961e-05,6.0300000001234366e-05,0.88,87.0,36.5,2
39667,SO-0401,Head Constable Ramesh Mehta,Head Constable,32,2026-07-21 13:31:20+00:00,86.0,66.0,,21.1802961,72.9380529,22.799999237060547,1.022,0.211,-0.045,,0.0,0.0,0.0,,,,,0.0,0.0,31.0,-3.1000000006997652e-06,8.739999999818338e-05,1.05,66.0,36.5,0
39671,SO-0401,Head Constable Ramesh Mehta,Head Constable,32,2026-07-21 13:31:49+00:00,86.0,80.0,,21.1802404,72.9380559,23.0,0.689,0.709,0.268,,0.0,0.0,0.0,,,,,0.0,0.0,29.0,-5.570000000076902e-05,2.999999992425728e-06,0.77,80.0,36.5,0
39675,SO-0401,Head Constable Ramesh Mehta,Head Constable,32,2026-07-21 13:32:19+00:00,86.0,87.0,,21.1802586,72.9380164,23.0,1.006,-0.087,0.028,,0.0,0.0,0.0,,,,,0.0,0.0,30.0,1.8199999999524152e-05,-3.949999999974807e-05,0.55,87.0,36.5,0
39679,SO-0401,Head Constable Ramesh Mehta,Head Constable,32,2026-07-21 13:32:49+00:00,93.0,82.0,,21.1802814,72.9379986,22.799999237060547,-0.275,0.122,0.058,,0.0,0.0,0.0,,,,,0.0,0.0,30.0,2.2799999999989495e-05,-1.7799999994849713e-05,0.38,82.0,36.5,2
39683,SO-0401,Head Constable Ramesh Mehta,Head Constable,32,2026-07-21 13:33:19+00:00,98.0,75.0,,21.1801925,72.938104,22.799999237060547,0.54,0.691,0.419,,0.0,0.0,0.0,,,,,0.0,0.0,30.0,-8.889999999794895e-05,0.0001053999999953,1.77,75.0,36.5,2
39686,SO-0401,Head Constable Ramesh Mehta,Head Constable,32,2026-07-21 13:33:49+00:00,98.0,88.0,,21.1802746,72.9379817,22.799999237060547,0.571,0.647,0.187,,0.0,0.0,0.0,,,,,0.0,0.0,30.0,8.21000000001959e-05,-0.000122300000001,1.87,88.0,36.5,2
39690,SO-0401,Head Constable Ramesh Mehta,Head Constable,32,2026-07-21 13:34:19+00:00,98.0,84.0,,21.1802796,72.9380337,22.799999237060547,1.356,0.264,-0.702,,0.0,0.0,0.0,,,,,0.0,0.0,30.0,4.9999999980343546e-06,5.200000001082117e-05,0.65,84.0,36.5,1
39693,SO-0401,Head Constable Ramesh Mehta,Head Constable,32,2026-07-21 13:34:49+00:00,98.0,86.0,,21.1802495,72.9380115,22.799999237060547,0.554,0.719,0.453,,0.0,0.0,0.0,,,,,0.0,0.0,30.0,-3.010000000003288e-05,-2.2200000003635975e-05,0.49,86.0,36.5,1
39697,SO-0401,Head Constable Ramesh Mehta,Head Constable,32,2026-07-21 13:35:19+00:00,87.0,87.0,,21.1803003,72.9380432,22.799999237060547,0.72,0.341,0.011,,0.0,0.0,0.0,,,,,0.0,0.0,30.0,5.0800000000350565e-05,3.169999999386164e-05,0.78,87.0,36.5,0
39701,SO-0401,Head Constable Ramesh Mehta,Head Constable,32,2026-07-21 13:35:49+00:00,87.0,87.0,,21.180282,72.9379856,22.799999237060547,0.476,0.737,-0.166,,0.0,0.0,0.0,,,,,0.0,0.0,30.0,-1.830000000069276e-05,-5.7599999990998185e-05,0.76,87.0,36.5,0
39705,SO-0401,Head Constable Ramesh Mehta,Head Constable,32,2026-07-21 13:36:19+00:00,92.0,88.0,,21.1802604,72.9380111,22.799999237060547,0.808,-0.12,0.617,,0.0,0.0,0.0,,,,,0.0,0.0,30.0,-2.159999999662432e-05,2.5499999992462108e-05,0.43,88.0,36.5,2
39708,SO-0401,Head Constable Ramesh Mehta,Head Constable,32,2026-07-21 13:36:49+00:00,100.0,87.0,,21.1802806,72.9380142,22.799999237060547,0.821,-0.121,0.629,,0.0,0.0,0.0,,,,,0.0,0.0,30.0,2.019999999802735e-05,3.1000000006997652e-06,0.27,87.0,36.5,2
39711,SO-0401,Head Constable Ramesh Mehta,Head Constable,32,2026-07-21 13:37:19+00:00,84.0,85.0,,21.180286,72.9380101,22.799999237060547,0.659,0.596,0.503,,0.0,0.0,0.0,,,,,0.0,0.0,30.0,5.39999999915608e-06,-4.099999998175008e-06,0.09,85.0,36.5,0
39714,SO-0401,Head Constable Ramesh Mehta,Head Constable,32,2026-07-21 13:37:49+00:00,83.0,88.0,,21.1802856,72.9380069,22.799999237060547,0.685,0.712,0.265,,0.0,0.0,0.0,,,,,0.0,0.0,30.0,-3.999999975690116e-07,-3.1999999947629476e-06,0.04,88.0,36.5,0
39717,SO-0401,Head Constable Ramesh Mehta,Head Constable,32,2026-07-21 13:38:19+00:00,83.0,88.0,,21.1802843,72.9380116,22.799999237060547,0.711,0.623,0.365,,0.0,0.0,0.0,,,,,0.0,0.0,30.0,-1.300000000981072e-06,4.699999990975812e-06,0.06,88.0,36.5,0
39720,SO-0401,Head Constable Ramesh Mehta,Head Constable,32,2026-07-21 13:38:49+00:00,93.0,86.0,,21.1802544,72.9380181,22.799999237060547,0.284,0.773,0.59,,0.0,0.0,0.0,,,,,0.0,0.0,30.0,-2.9900000001248372e-05,6.499999997799932e-06,0.41,86.0,36.5,2
39723,SO-0401,Head Constable Ramesh Mehta,Head Constable,32,2026-07-21 13:39:19+00:00,93.0,87.0,,21.1802812,72.9380113,22.799999237060547,0.539,0.695,0.509,,0.0,0.0,0.0,,,,,0.0,0.0,30.0,2.6800000000548607e-05,-6.799999994200334e-06,0.37,87.0,36.5,2
39727,SO-0401,Head Constable Ramesh Mehta,Head Constable,32,2026-07-21 13:39:49+00:00,84.0,88.0,,21.1802855,72.9379996,22.799999237060547,0.851,0.069,-0.509,,0.0,0.0,0.0,,,,,0.0,0.0,30.0,4.300000000512227e-06,-1.170000000172422e-05,0.16,88.0,36.5,0
39730,SO-0401,Head Constable Ramesh Mehta,Head Constable,32,2026-07-21 13:40:19+00:00,84.0,86.0,,21.1802766,72.9379941,22.799999237060547,-0.078,1.046,0.385,,0.0,0.0,0.0,,,,,0.0,0.0,30.0,-8.90000000097757e-06,-5.50000000032469e-06,0.14,86.0,36.5,0
39734,SO-0401,Head Constable Ramesh Mehta,Head Constable,32,2026-07-21 13:40:49+00:00,94.0,87.0,,21.1802553,72.9380198,22.799999237060547,0.774,0.236,0.646,,0.0,0.0,0.0,,,,,0.0,0.0,30.0,-2.130000000022392e-05,2.5700000009010185e-05,0.43,87.0,36.5,2
39738,SO-0401,Head Constable Ramesh Mehta,Head Constable,32,2026-07-21 13:41:19+00:00,87.0,87.0,,21.1802708,72.9380341,22.799999237060547,0.885,0.167,0.508,,0.0,0.0,0.0,,,,,0.0,0.0,30.0,1.5499999999946112e-05,1.429999998947551e-05,0.27,87.0,36.5,0
39741,SO-0401,Head Constable Ramesh Mehta,Head Constable,32,2026-07-21 13:41:49+00:00,88.0,73.0,,21.1802848,72.9380287,22.799999237060547,0.83,0.302,0.524,,0.0,0.0,0.0,,,,,0.0,0.0,30.0,1.4000000000180536e-05,-5.3999999920506525e-06,0.2,73.0,36.5,0
39743,SO-0401,Head Constable Ramesh Mehta,Head Constable,32,2026-07-21 13:42:19+00:00,82.0,88.0,,21.1802706,72.9380267,22.799999237060547,0.407,-0.041,0.966,,0.0,0.0,0.0,,,,,0.0,0.0,30.0,-1.419999999896504e-05,-2.00000000916134e-06,0.19,88.0,36.5,0
39747,SO-0401,Head Constable Ramesh Mehta,Head Constable,32,2026-07-21 13:42:49+00:00,82.0,88.0,,21.1802539,72.9380227,22.799999237060547,0.552,-0.102,0.88,,0.0,0.0,0.0,,,,,0.0,0.0,30.0,-1.6699999999758575e-05,-3.999999989900971e-06,0.23,88.0,36.5,0
39751,SO-0401,Head Constable Ramesh Mehta,Head Constable,32,2026-07-21 13:43:19+00:00,92.0,86.0,,21.180257,72.9380227,22.799999237060547,0.544,0.857,-0.191,,0.0,0.0,0.0,,,,,0.0,0.0,30.0,3.1000000006997652e-06,0.0,0.04,86.0,36.5,2
39755,SO-0401,Head Constable Ramesh Mehta,Head Constable,32,2026-07-21 13:43:49+00:00,88.0,88.0,,21.1802804,72.9380291,22.799999237060547,0.788,-0.342,0.425,,0.0,0.0,0.0,,,,,0.0,0.0,30.0,2.3399999999895726e-05,6.399999989525895e-06,0.32,88.0,36.5,0
39759,SO-0401,Head Constable Ramesh Mehta,Head Constable,32,2026-07-21 13:44:19+00:00,89.0,87.0,,21.1802676,72.9380314,22.799999237060547,0.792,-0.278,0.9,,0.0,0.0,0.0,,,,,0.0,0.0,30.0,-1.2800000000368073e-05,2.300000005561742e-06,0.17,87.0,36.5,0
39762,SO-0401,Head Constable Ramesh Mehta,Head Constable,32,2026-07-21 13:44:49+00:00,87.0,72.0,,21.1802821,72.938042,22.799999237060547,1.065,-0.189,-0.105,,0.0,0.0,0.0,,,,,0.0,0.0,30.0,1.4499999998918156e-05,1.059999999597494e-05,0.23,72.0,36.5,0
39766,SO-0401,Head Constable Ramesh Mehta,Head Constable,32,2026-07-21 13:45:19+00:00,100.0,88.0,,21.1802537,72.9380191,22.799999237060547,-0.034,-0.221,1.095,,0.0,0.0,0.0,,,,,0.0,0.0,30.0,-2.839999999793008e-05,-2.2899999990499964e-05,0.47,88.0,36.5,2
39771,SO-0401,Head Constable Ramesh Mehta,Head Constable,32,2026-07-21 13:45:49+00:00,86.0,85.0,,21.1802614,72.9380145,22.799999237060547,1.168,-0.2,0.174,,0.0,0.0,0.0,,,,,0.0,0.0,30.0,7.699999997612395e-06,-4.600000011123484e-06,0.12,85.0,36.5,0
39775,SO-0401,Head Constable Ramesh Mehta,Head Constable,32,2026-07-21 13:46:19+00:00,81.0,84.0,,21.1802672,72.9380038,22.799999237060547,0.29,-0.364,0.562,,0.0,0.0,0.0,,,,,0.0,0.0,30.0,5.800000000277805e-06,-1.0699999990038124e-05,0.15,84.0,36.5,0
39780,SO-0401,Head Constable Ramesh Mehta,Head Constable,32,2026-07-21 13:46:49+00:00,81.0,83.0,,21.1802451,72.9380184,22.799999237060547,0.403,-0.215,0.929,,0.0,0.0,0.0,,,,,0.0,0.0,30.0,-2.2099999998914654e-05,1.4600000000086766e-05,0.35,83.0,36.5,0
39785,SO-0401,Head Constable Ramesh Mehta,Head Constable,32,2026-07-21 13:47:19+00:00,87.0,83.0,,21.1802502,72.938014,22.799999237060547,0.929,-0.205,-0.376,,0.0,0.0,0.0,,,,,0.0,0.0,30.0,5.099999999202964e-06,-4.4000000087862645e-06,0.09,83.0,36.5,0
39790,SO-0401,Head Constable Ramesh Mehta,Head Constable,32,2026-07-21 13:47:49+00:00,86.0,83.0,,21.1802539,72.9380031,22.799999237060547,0.685,-0.256,0.561,,0.0,0.0,0.0,,,,,0.0,0.0,30.0,3.700000000605996e-06,-1.0899999992375342e-05,0.14,83.0,36.5,0
39795,SO-0401,Head Constable Ramesh Mehta,Head Constable,32,2026-07-21 13:48:19+00:00,88.0,87.0,,21.1802579,72.9380072,22.799999237060547,0.566,-0.262,0.842,,0.0,0.0,0.0,,,,,0.0,0.0,30.0,4.000000000559112e-06,4.099999998175008e-06,0.07,87.0,36.5,0
39799,SO-0401,Head Constable Ramesh Mehta,Head Constable,32,2026-07-21 13:48:49+00:00,86.0,84.0,,21.1802512,72.9380137,22.799999237060547,0.571,-0.12,0.887,,0.0,0.0,0.0,,,,,0.0,0.0,30.0,-6.700000000137152e-06,6.499999997799932e-06,0.12,84.0,36.5,0
39803,SO-0401,Head Constable Ramesh Mehta,Head Constable,32,2026-07-21 13:49:19+00:00,96.0,88.0,,21.1802509,72.9380125,22.799999237060547,0.655,-0.341,0.746,,0.0,0.0,0.0,,,,,0.0,0.0,30.0,-2.999999999531156e-07,-1.1999999998124622e-06,0.02,88.0,36.5,2
39808,SO-0401,Head Constable Ramesh Mehta,Head Constable,32,2026-07-21 13:49:49+00:00,89.0,88.0,,21.1802527,72.938015,22.799999237060547,0.924,-0.246,0.007,,0.0,0.0,0.0,,,,,0.0,0.0,30.0,1.7999999997186933e-06,2.4999999936881068e-06,0.04,88.0,36.5,0
39813,SO-0401,Head Constable Ramesh Mehta,Head Constable,32,2026-07-21 13:50:19+00:00,88.0,79.0,,21.1802628,72.9380119,22.799999237060547,0.406,-0.365,0.906,,0.0,0.0,0.0,,,,,0.0,0.0,30.0,1.0100000000790033e-05,-3.0999999864889105e-06,0.14,79.0,36.5,0
39817,SO-0401,Head Constable Ramesh Mehta,Head Constable,32,2026-07-21 13:50:49+00:00,89.0,88.0,,21.1802585,72.9380123,22.799999237060547,-0.21,-0.153,1.237,,0.0,0.0,0.0,,,,,0.0,0.0,30.0,-4.300000000512227e-06,3.9999999046358425e-07,0.06,88.0,36.5,0
39821,SO-0401,Head Constable Ramesh Mehta,Head Constable,32,2026-07-21 13:51:19+00:00,89.0,85.0,,21.1802642,72.9380087,22.799999237060547,-0.006,-0.267,0.946,,0.0,0.0,0.0,,,,,0.0,0.0,30.0,5.699999999109195e-06,-3.5999999994373866e-06,0.09,85.0,36.5,0
39826,SO-0401,Head Constable Ramesh Mehta,Head Constable,32,2026-07-21 13:51:49+00:00,86.0,86.0,,21.1802637,72.9380129,22.799999237060547,0.335,-0.375,0.925,,0.0,0.0,0.0,,,,,0.0,0.0,30.0,-4.999999987376214e-07,4.200000006449045e-06,0.05,86.0,36.5,0
39830,SO-0401,Head Constable Ramesh Mehta,Head Constable,32,2026-07-21 13:52:19+00:00,96.0,87.0,,21.1802637,72.9380023,22.799999237060547,0.518,-0.317,0.85,,0.0,0.0,0.0,,,,,0.0,0.0,30.0,0.0,-1.0600000010185797e-05,0.13,87.0,36.5,2
39834,SO-0401,Head Constable Ramesh Mehta,Head Constable,32,2026-07-21 13:52:49+00:00,91.0,74.0,,21.1802581,72.937889,23.0,0.01,0.339,0.978,,0.0,0.0,0.0,,,,,0.0,0.0,30.0,-5.600000001493299e-06,-0.0001132999999953,1.41,74.0,36.5,2
39838,SO-0401,Head Constable Ramesh Mehta,Head Constable,32,2026-07-21 13:53:19+00:00,91.0,84.0,,21.1802788,72.9380111,22.799999237060547,0.709,0.031,-0.412,,0.0,0.0,0.0,,,,,0.0,0.0,30.0,2.0700000000317686e-05,0.0001220999999986,1.54,84.0,36.5,2
39842,SO-0401,Head Constable Ramesh Mehta,Head Constable,32,2026-07-21 13:53:49+00:00,85.0,86.0,,21.1802603,72.9380111,22.799999237060547,0.558,-0.888,-0.228,,0.0,0.0,0.0,,,,,0.0,0.0,30.0,-1.8499999999477268e-05,0.0,0.25,86.0,36.5,0
39847,SO-0401,Head Constable Ramesh Mehta,Head Constable,32,2026-07-21 13:54:19+00:00,85.0,59.0,,21.180263,72.9380065,22.799999237060547,0.292,0.934,-0.145,,0.0,0.0,0.0,,,,,0.0,0.0,30.0,2.69999999957804e-06,-4.599999996912629e-06,0.07,59.0,36.5,0
39852,SO-0401,Head Constable Ramesh Mehta,Head Constable,32,2026-07-21 13:54:49+00:00,82.0,86.0,,21.1802936,72.938056,22.799999237060547,0.309,0.76,0.093,,0.0,0.0,0.0,,,,,0.0,0.0,30.0,3.05999999987705e-05,4.9500000002922206e-05,0.74,86.0,36.5,0
39857,SO-0401,Head Constable Ramesh Mehta,Head Constable,32,2026-07-21 13:55:19+00:00,84.0,88.0,,21.1803052,72.9380539,22.799999237060547,0.827,0.263,-0.576,,0.0,0.0,0.0,,,,,0.0,0.0,30.0,1.160000000055561e-05,-2.1000000032245225e-06,0.16,88.0,36.5,0
39862,SO-0401,Head Constable Ramesh Mehta,Head Constable,32,2026-07-21 13:55:49+00:00,86.0,88.0,,21.1802531,72.9380036,22.799999237060547,-0.708,1.071,-0.499,,0.0,0.0,0.0,,,,,0.0,0.0,30.0,-5.209999999777892e-05,-5.029999999806023e-05,0.93,88.0,36.5,0
39867,SO-0401,Head Constable Ramesh Mehta,Head Constable,32,2026-07-21 13:56:19+00:00,84.0,87.0,,21.1802776,72.9380346,22.799999237060547,0.248,-0.264,0.967,,0.0,0.0,0.0,,,,,0.0,0.0,30.0,2.449999999853958e-05,3.09999999927868e-05,0.5,87.0,36.5,0
39872,SO-0401,Head Constable Ramesh Mehta,Head Constable,32,2026-07-21 13:56:49+00:00,83.0,84.0,,21.1802943,72.9380486,22.799999237060547,0.25,-0.193,0.964,,0.0,0.0,0.0,,,,,0.0,0.0,30.0,1.6699999999758575e-05,1.4000000007285962e-05,0.28,84.0,36.5,0
39877,SO-0401,Head Constable Ramesh Mehta,Head Constable,32,2026-07-21 13:57:19+00:00,99.0,85.0,,21.1802918,72.9380502,22.799999237060547,0.59,0.056,0.85,,0.0,0.0,0.0,,,,,0.0,0.0,30.0,-2.500000000793534e-06,1.6000000044869012e-06,0.04,85.0,36.5,2
39882,SO-0401,Head Constable Ramesh Mehta,Head Constable,32,2026-07-21 13:57:49+00:00,93.0,87.0,,21.1802555,72.9380052,22.799999237060547,0.211,-0.251,0.991,,0.0,0.0,0.0,,,,,0.0,0.0,30.0,-3.6299999997879695e-05,-4.500000000007276e-05,0.74,87.0,36.5,2
39887,SO-0401,Head Constable Ramesh Mehta,Head Constable,32,2026-07-21 13:58:19+00:00,86.0,88.0,,21.1802877,72.938044,22.799999237060547,0.274,-0.301,0.946,,0.0,0.0,0.0,,,,,0.0,0.0,30.0,3.219999999970469e-05,3.879999999867323e-05,0.65,88.0,36.5,0
39892,SO-0401,Head Constable Ramesh Mehta,Head Constable,32,2026-07-21 13:58:49+00:00,85.0,86.0,,21.1803052,72.9380535,22.799999237060547,1.579,-0.261,0.322,,0.0,0.0,0.0,,,,,0.0,0.0,30.0,1.749999999844931e-05,9.49999999022566e-06,0.26,86.0,36.5,0
39897,SO-0401,Head Constable Ramesh Mehta,Head Constable,32,2026-07-21 13:59:19+00:00,99.0,85.0,,21.1803124,72.9380536,22.799999237060547,0.817,-0.033,0.594,,0.0,0.0,0.0,,,,,0.0,0.0,30.0,7.199999998874773e-06,1.000000082740371e-07,0.1,85.0,36.5,2
39902,SO-0401,Head Constable Ramesh Mehta,Head Constable,32,2026-07-21 13:59:49+00:00,89.0,88.0,,21.1802984,72.9380533,22.799999237060547,0.528,0.2,0.892,,0.0,0.0,0.0,,,,,0.0,0.0,30.0,-1.399999999662782e-05,-2.999999964004019e-07,0.19,88.0,36.5,0
39907,SO-0401,Head Constable Ramesh Mehta,Head Constable,32,2026-07-21 14:00:19+00:00,81.0,87.0,,21.1802725,72.9380338,22.799999237060547,0.518,-0.072,0.836,,0.0,0.0,0.0,,,,,0.0,0.0,30.0,-2.590000000068926e-05,-1.950000000761065e-05,0.42,87.0,36.5,0
39912,SO-0401,Head Constable Ramesh Mehta,Head Constable,32,2026-07-21 14:00:49+00:00,91.0,88.0,,21.180258,72.9380232,22.799999237060547,0.525,0.086,0.906,,0.0,0.0,0.0,,,,,0.0,0.0,30.0,-1.450000000247087e-05,-1.059999999597494e-05,0.23,88.0,36.5,2
39916,SO-0401,Head Constable Ramesh Mehta,Head Constable,32,2026-07-21 14:01:19+00:00,91.0,88.0,,21.1803018,72.9380547,22.799999237060547,0.542,-0.015,0.885,,0.0,0.0,0.0,,,,,0.0,0.0,30.0,4.38000000002603e-05,3.149999999152442e-05,0.7,88.0,36.5,2
39922,SO-0401,Head Constable Ramesh Mehta,Head Constable,32,2026-07-21 14:01:49+00:00,87.0,88.0,,21.1803001,72.9380532,22.799999237060547,0.521,0.091,0.889,,0.0,0.0,0.0,,,,,0.0,0.0,30.0,-1.6999999985500835e-06,-1.499999996212864e-06,0.03,88.0,36.5,0
39927,SO-0401,Head Constable Ramesh Mehta,Head Constable,32,2026-07-21 14:02:19+00:00,85.0,88.0,,21.1802982,72.9380557,22.799999237060547,0.176,-0.152,0.937,,0.0,0.0,0.0,,,,,0.0,0.0,30.0,-1.900000000887303e-06,2.5000000078989615e-06,0.04,88.0,36.5,0
39932,SO-0401,Head Constable Ramesh Mehta,Head Constable,32,2026-07-21 14:02:49+00:00,90.0,88.0,,21.1803016,72.9380565,22.799999237060547,0.551,0.007,0.886,,0.0,0.0,0.0,,,,,0.0,0.0,30.0,3.4000000006528808e-06,7.999999951380232e-07,0.05,88.0,36.5,0
39937,SO-0401,Head Constable Ramesh Mehta,Head Constable,32,2026-07-21 14:03:19+00:00,83.0,87.0,,21.1802936,72.9380523,22.799999237060547,0.531,-0.165,0.909,,0.0,0.0,0.0,,,,,0.0,0.0,30.0,-8.000000001118224e-06,-4.200000006449045e-06,0.12,87.0,36.5,0
39942,SO-0401,Head Constable Ramesh Mehta,Head Constable,32,2026-07-21 14:03:49+00:00,94.0,87.0,,21.1802992,72.9380541,22.799999237060547,0.55,0.098,0.887,,0.0,0.0,0.0,,,,,0.0,0.0,30.0,5.600000001493299e-06,1.8000000068241206e-06,0.08,87.0,36.5,2
39947,SO-0401,Head Constable Ramesh Mehta,Head Constable,32,2026-07-21 14:04:19+00:00,89.0,88.0,,21.1803183,72.938049,22.799999237060547,0.436,-0.178,0.959,,0.0,0.0,0.0,,,,,0.0,0.0,30.0,1.90999999993835e-05,-5.099999995650251e-06,0.26,88.0,36.5,0
39952,SO-0401,Head Constable Ramesh Mehta,Head Constable,32,2026-07-21 14:04:49+00:00,87.0,88.0,,21.1803033,72.9380527,22.799999237060547,0.502,-0.118,0.885,,0.0,0.0,0.0,,,,,0.0,0.0,30.0,-1.5000000001208493e-05,3.699999993500569e-06,0.21,88.0,36.5,0
39957,SO-0401,Head Constable Ramesh Mehta,Head Constable,32,2026-07-21 14:05:19+00:00,100.0,88.0,,21.1803007,72.9380513,22.799999237060547,0.511,0.023,0.904,,0.0,0.0,0.0,,,,,0.0,0.0,30.0,-2.59999999840943e-06,-1.4000000021496817e-06,0.04,88.0,36.5,2
39962,SO-0401,Head Constable Ramesh Mehta,Head Constable,32,2026-07-21 14:05:49+00:00,91.0,88.0,,21.1802911,72.9380437,22.799999237060547,-0.041,-0.102,1.062,,0.0,0.0,0.0,,,,,0.0,0.0,30.0,-9.599999998499698e-06,-7.600000003549212e-06,0.16,88.0,36.5,2
39967,SO-0401,Head Constable Ramesh Mehta,Head Constable,32,2026-07-21 14:06:19+00:00,89.0,88.0,,21.180274,72.9380352,22.799999237060547,0.468,-0.001,1.103,,0.0,0.0,0.0,,,,,0.0,0.0,30.0,-1.71000000008803e-05,-8.499999992750418e-06,0.25,88.0,36.5,0
39972,SO-0401,Head Constable Ramesh Mehta,Head Constable,32,2026-07-21 14:06:49+00:00,85.0,88.0,,21.180278,72.938032,22.799999237060547,0.371,0.113,0.952,,0.0,0.0,0.0,,,,,0.0,0.0,30.0,4.000000000559112e-06,-3.1999999947629476e-06,0.07,88.0,36.5,0
39977,SO-0401,Head Constable Ramesh Mehta,Head Constable,32,2026-07-21 14:07:19+00:00,82.0,81.0,,21.1803248,72.9380469,22.799999237060547,0.446,0.177,0.923,,0.0,0.0,0.0,,,,,0.0,0.0,30.0,4.679999999979145e-05,1.4899999996487168e-05,0.65,81.0,36.5,0
39982,SO-0401,Head Constable Ramesh Mehta,Head Constable,32,2026-07-21 14:07:49+00:00,94.0,86.0,,21.1802976,72.9380486,22.799999237060547,0.942,0.173,-0.293,,0.0,0.0,0.0,,,,,0.0,0.0,30.0,-2.7200000001670332e-05,1.6999999985500835e-06,0.36,86.0,36.5,2
45043,SO-0401,Head Constable Ramesh Mehta,Head Constable,32,2026-07-22 20:18:51+00:00,91.0,65.0,,21.1802631,72.9380185,22.799999237060547,-0.719,-0.564,-0.482,,0.0,0.0,0.0,,,,,0.0,0.0,108662.0,-3.4499999998161e-05,-3.0100000003585592e-05,0.0,65.0,36.5,2
45044,SO-0401,Head Constable Ramesh Mehta,Head Constable,32,2026-07-22 20:19:20+00:00,93.0,84.0,,21.1802761,72.938035,22.799999237060547,-1.324,-0.336,-0.645,,0.0,0.0,0.0,,,,,0.0,0.0,29.0,1.2999999999152578e-05,1.650000000097407e-05,0.28,84.0,36.5,2
45045,SO-0401,Head Constable Ramesh Mehta,Head Constable,32,2026-07-22 20:19:50+00:00,88.0,82.0,,21.1802724,72.9380209,22.799999237060547,-0.441,-0.668,-0.575,,0.0,0.0,0.0,,,,,0.0,0.0,30.0,-3.700000000605996e-06,-1.4100000001349144e-05,0.18,82.0,36.5,0
45047,SO-0401,Head Constable Ramesh Mehta,Head Constable,32,2026-07-22 20:20:19+00:00,93.0,80.0,,21.1802693,72.9380302,22.799999237060547,-0.424,-0.601,-0.723,,0.0,0.0,0.0,,,,,0.0,0.0,29.0,-3.1000000006997652e-06,9.300000002099296e-06,0.13,80.0,36.5,2
45049,SO-0401,Head Constable Ramesh Mehta,Head Constable,32,2026-07-22 20:20:49+00:00,84.0,79.0,,21.1802935,72.9380429,22.799999237060547,-0.539,-0.78,0.134,,0.0,0.0,0.0,,,,,0.0,0.0,30.0,2.4200000002139177e-05,1.2699999999199464e-05,0.36,79.0,36.5,0
45050,SO-0401,Head Constable Ramesh Mehta,Head Constable,32,2026-07-22 20:21:19+00:00,91.0,62.0,,21.1802925,72.9380483,22.799999237060547,-0.592,-0.185,-0.816,,0.0,0.0,0.0,,,,,0.0,0.0,30.0,-1.0000000010279564e-06,5.400000006261507e-06,0.07,62.0,36.5,2
45051,SO-0401,Head Constable Ramesh Mehta,Head Constable,32,2026-07-22 20:21:52+00:00,90.0,76.0,,21.1802925,72.9380483,22.799999237060547,-0.634,-0.752,0.379,,0.0,0.0,0.0,,,,,0.0,0.0,33.0,0.0,0.0,0.0,76.0,36.5,0
45052,SO-0401,Head Constable Ramesh Mehta,Head Constable,32,2026-07-22 20:22:19+00:00,99.0,83.0,,21.180303,72.9380427,22.799999237060547,-1.08,0.171,0.5,,0.0,0.0,0.0,,,,,0.0,0.0,27.0,1.0499999998359044e-05,-5.600000008598727e-06,0.17,83.0,36.5,2
45053,SO-0401,Head Constable Ramesh Mehta,Head Constable,32,2026-07-22 20:22:49+00:00,95.0,84.0,,21.1802573,72.9380231,22.799999237060547,-1.02,0.023,0.246,,0.0,0.0,0.0,,,,,0.0,0.0,30.0,-4.569999999759489e-05,-1.960000000167383e-05,0.66,84.0,36.5,2
45054,SO-0401,Head Constable Ramesh Mehta,Head Constable,32,2026-07-22 20:23:19+00:00,87.0,80.0,,21.1803045,72.9380493,22.799999237060547,-0.011,-0.922,0.156,,0.0,0.0,0.0,,,,,0.0,0.0,30.0,4.7199999997360464e-05,2.6200000007747803e-05,0.71,80.0,36.5,0
45055,SO-0401,Head Constable Ramesh Mehta,Head Constable,32,2026-07-22 20:23:49+00:00,87.0,62.0,,21.1803032,72.9380465,22.799999237060547,-0.698,0.121,-0.324,,0.0,0.0,0.0,,,,,0.0,0.0,30.0,-1.2999999974283585e-06,-2.8000000042993634e-06,0.04,62.0,36.5,0
45056,SO-0401,Head Constable Ramesh Mehta,Head Constable,32,2026-07-22 20:24:19+00:00,82.0,80.0,,21.1802982,72.9380494,22.799999237060547,-0.967,0.562,0.205,,0.0,0.0,0.0,,,,,0.0,0.0,30.0,-5.000000001587068e-06,2.8999999983625457e-06,0.08,80.0,36.5,0
45057,SO-0401,Head Constable Ramesh Mehta,Head Constable,32,2026-07-22 20:24:49+00:00,88.0,83.0,,21.1802633,72.9379993,22.799999237060547,0.193,1.046,-0.108,,0.0,0.0,0.0,,,,,0.0,0.0,30.0,-3.489999999928273e-05,-5.009999999572301e-05,0.78,83.0,36.5,0
45058,SO-0401,Head Constable Ramesh Mehta,Head Constable,32,2026-07-22 20:25:19+00:00,88.0,88.0,,21.1802174,72.9378979,22.799999237060547,-0.539,-1.49,0.315,,0.0,0.0,0.0,,,,,0.0,0.0,30.0,-4.5899999999932106e-05,-0.0001014000000054,1.4,88.0,36.5,0
45059,SO-0401,Head Constable Ramesh Mehta,Head Constable,32,2026-07-22 20:25:49+00:00,85.0,56.0,,21.1801552,72.9377893,22.799999237060547,-0.727,-0.635,0.164,,0.0,0.0,0.0,,,,,0.0,0.0,30.0,-6.219999999856896e-05,-0.0001085999999901,1.58,56.0,36.5,0
45060,SO-0401,Head Constable Ramesh Mehta,Head Constable,32,2026-07-22 20:26:19+00:00,89.0,88.0,,21.1800942,72.9377334,22.799999237060547,-0.272,0.753,0.672,,0.0,0.0,0.0,,,,,0.0,0.0,30.0,-6.100000000230921e-05,-5.590000000665896e-05,1.07,88.0,36.5,0
45061,SO-0401,Head Constable Ramesh Mehta,Head Constable,32,2026-07-22 20:26:52+00:00,96.0,88.0,,21.1789461,72.9399663,22.799999237060547,-0.776,0.591,0.048,,0.0,0.0,0.0,,,,,0.0,0.0,33.0,-0.0011480999999982,0.0022328999999956,28.79,88.0,36.5,1
45062,SO-0401,Head Constable Ramesh Mehta,Head Constable,32,2026-07-22 20:27:22+00:00,98.0,88.0,,21.1788698,72.9392281,22.799999237060547,-0.879,0.645,-0.166,,0.0,0.0,0.0,,,,,0.0,0.0,30.0,-7.62999999999181e-05,-0.0007382000000006,9.23,88.0,36.5,1
45063,SO-0401,Head Constable Ramesh Mehta,Head Constable,32,2026-07-22 20:27:49+00:00,88.0,89.0,,21.1788928,72.940977,22.700000762939453,-0.738,0.543,-0.093,,0.0,0.0,0.0,,,,,0.0,0.0,27.0,2.2999999998774e-05,0.0017489000000097,24.14,89.0,36.5,1
45064,SO-0401,Head Constable Ramesh Mehta,Head Constable,32,2026-07-22 20:28:20+00:00,83.0,88.0,,21.1783125,72.94317,24.0,-0.735,0.521,-0.152,,0.0,0.0,0.0,,,,,0.0,0.0,31.0,-0.0005802999999993,0.0021929999999912,27.4,88.0,36.5,1
45065,SO-0401,Head Constable Ramesh Mehta,Head Constable,32,2026-07-22 20:28:50+00:00,84.0,85.0,,21.1775765,72.9454728,22.700000762939453,-0.783,0.575,0.117,,0.0,0.0,0.0,,,,,0.0,0.0,30.0,-0.0007359999999998,0.0023028000000095,30.24,85.0,36.5,1
45066,SO-0401,Head Constable Ramesh Mehta,Head Constable,32,2026-07-22 20:29:20+00:00,87.0,86.0,,21.1767308,72.9477589,22.700000762939453,-0.815,0.51,-0.143,,0.0,0.0,0.0,,,,,0.0,0.0,30.0,-0.0008456999999992,0.002286099999992,30.55,86.0,36.5,1
45067,SO-0401,Head Constable Ramesh Mehta,Head Constable,32,2026-07-22 20:29:47+00:00,96.0,88.0,,21.1765116,72.9494874,25.600000381469727,-0.656,0.66,-0.028,,0.0,0.0,0.0,,,,,0.0,0.0,27.0,-0.0002192,0.0017284999999986,24.08,88.0,36.5,1
45068,SO-0401,Head Constable Ramesh Mehta,Head Constable,32,2026-07-22 20:30:21+00:00,100.0,88.0,,21.1760631,72.9505149,25.299999237060547,-0.785,0.532,0.09,,0.0,0.0,0.0,,,,,0.0,0.0,34.0,-0.0004485000000009,0.0010275000000063,12.43,88.0,36.5,1
45069,SO-0401,Head Constable Ramesh Mehta,Head Constable,32,2026-07-22 20:30:50+00:00,81.0,87.0,,21.1749613,72.9534127,25.299999237060547,-0.762,0.517,-0.006,,0.0,0.0,0.0,,,,,0.0,0.0,29.0,-0.0011018000000007,0.0028977999999995,40.21,87.0,36.5,1
45070,SO-0401,Head Constable Ramesh Mehta,Head Constable,32,2026-07-22 20:31:20+00:00,80.0,86.0,,21.1742151,72.9553866,25.299999237060547,-0.792,0.585,-0.08,,0.0,0.0,0.0,,,,,0.0,0.0,30.0,-0.0007461999999982,0.0019738999999958,26.46,86.0,36.5,1
45072,SO-0401,Head Constable Ramesh Mehta,Head Constable,32,2026-07-22 20:31:50+00:00,82.0,88.0,,21.1734832,72.9575938,23.399999618530273,-0.792,0.563,-0.16,,0.0,0.0,0.0,,,,,0.0,0.0,30.0,-0.0007319000000016,0.0022072000000008,29.1,88.0,36.5,1
45074,SO-0401,Head Constable Ramesh Mehta,Head Constable,32,2026-07-22 20:32:20+00:00,100.0,88.0,,21.1724814,72.9597001,24.799999237060547,-0.837,0.496,-0.172,,0.0,0.0,0.0,,,,,0.0,0.0,30.0,-0.0010018000000009,0.0021063000000083,29.37,88.0,36.5,1
45076,SO-0401,Head Constable Ramesh Mehta,Head Constable,32,2026-07-22 20:32:52+00:00,84.0,88.0,,21.1729957,72.9591593,25.100000381469727,-0.765,0.56,-0.268,,0.0,0.0,0.0,,,,,0.0,0.0,32.0,0.0005143000000025,-0.0005408000000102,8.99,88.0,36.5,1
45078,SO-0401,Head Constable Ramesh Mehta,Head Constable,32,2026-07-22 20:33:21+00:00,83.0,88.0,,21.1707847,72.9657109,27.600000381469727,-0.762,0.671,0.056,,0.0,0.0,0.0,,,,,0.0,0.0,29.0,-0.0022110000000026,0.0065516000000087,89.53,88.0,36.5,1
45080,SO-0401,Head Constable Ramesh Mehta,Head Constable,32,2026-07-22 20:33:50+00:00,81.0,88.0,,21.1697691,72.9685234,27.600000381469727,-0.814,0.577,-0.071,,0.0,0.0,0.0,,,,,0.0,0.0,29.0,-0.0010155999999987,0.0028124999999903,38.75,88.0,36.5,1
45083,SO-0401,Head Constable Ramesh Mehta,Head Constable,32,2026-07-22 20:34:20+00:00,82.0,88.0,,21.1691166,72.9709023,25.600000381469727,-0.705,0.526,0.029,,0.0,0.0,0.0,,,,,0.0,0.0,30.0,-0.000652500000001,0.0023789000000107,30.8,88.0,36.5,1
45085,SO-0401,Head Constable Ramesh Mehta,Head Constable,32,2026-07-22 20:34:51+00:00,88.0,88.0,,21.1680687,72.9732465,27.700000762939453,-0.909,0.481,-0.033,,0.0,0.0,0.0,,,,,0.0,0.0,31.0,-0.0010478999999996,0.002344199999996,31.25,88.0,36.5,1
45087,SO-0401,Head Constable Ramesh Mehta,Head Constable,32,2026-07-22 20:35:20+00:00,85.0,88.0,,21.1669672,72.9772823,27.700000762939453,-0.582,0.669,0.465,,0.0,0.0,0.0,,,,,0.0,0.0,29.0,-0.0011015000000007,0.0040357999999969,54.03,88.0,36.5,1
45090,SO-0401,Head Constable Ramesh Mehta,Head Constable,32,2026-07-22 20:35:50+00:00,84.0,88.0,,21.1661302,72.9801105,27.700000762939453,-0.898,0.533,0.0,,0.0,0.0,0.0,,,,,0.0,0.0,30.0,-0.000836999999997,0.0028281999999961,36.86,88.0,36.5,1
45093,SO-0401,Head Constable Ramesh Mehta,Head Constable,32,2026-07-22 20:36:20+00:00,92.0,88.0,,21.1652164,72.9828761,28.399999618530273,-0.379,0.628,0.673,,0.0,0.0,0.0,,,,,0.0,0.0,30.0,-0.0009138000000028,0.0027656000000035,36.45,88.0,36.5,1
45095,SO-0401,Head Constable Ramesh Mehta,Head Constable,32,2026-07-22 20:36:50+00:00,81.0,88.0,,21.1641838,72.9856173,29.5,-0.899,0.433,-0.062,,0.0,0.0,0.0,,,,,0.0,0.0,30.0,-0.0010325999999984,0.0027412000000026,36.72,88.0,36.5,1
45097,SO-0401,Head Constable Ramesh Mehta,Head Constable,32,2026-07-22 20:37:20+00:00,81.0,88.0,,21.1632107,72.9877058,30.700000762939453,-0.857,0.429,-0.049,,0.0,0.0,0.0,,,,,0.0,0.0,30.0,-0.0009730999999995,0.0020884999999992,29.0,88.0,36.5,1
45099,SO-0401,Head Constable Ramesh Mehta,Head Constable,32,2026-07-22 20:37:50+00:00,81.0,88.0,,21.162545,72.9899397,30.700000762939453,-0.805,0.494,-0.162,,0.0,0.0,0.0,,,,,0.0,0.0,30.0,-0.0006656999999989,0.0022338999999931,29.13,88.0,36.5,1
45101,SO-0401,Head Constable Ramesh Mehta,Head Constable,32,2026-07-22 20:38:21+00:00,87.0,88.0,,21.1618056,72.9910461,30.700000762939453,-0.858,0.477,-0.219,,0.0,0.0,0.0,,,,,0.0,0.0,31.0,-0.0007394000000005,0.0011064000000118,16.36,88.0,36.5,1
45103,SO-0401,Head Constable Ramesh Mehta,Head Constable,32,2026-07-22 20:38:51+00:00,83.0,88.0,,21.1605267,72.9938733,30.700000762939453,-0.783,0.509,-0.178,,0.0,0.0,0.0,,,,,0.0,0.0,30.0,-0.0012789000000026,0.0028271999999986,39.03,88.0,36.5,1
45105,SO-0401,Head Constable Ramesh Mehta,Head Constable,32,2026-07-22 20:39:20+00:00,100.0,88.0,,21.1592498,72.9965809,30.700000762939453,-0.881,0.646,-0.012,,0.0,0.0,0.0,,,,,0.0,0.0,29.0,-0.001276899999997,0.0027075999999937,38.99,88.0,36.5,1
45107,SO-0401,Head Constable Ramesh Mehta,Head Constable,32,2026-07-22 20:39:50+00:00,84.0,88.0,,21.1580008,72.9986923,31.899999618530273,-0.9,0.493,-0.402,,0.0,0.0,0.0,,,,,0.0,0.0,30.0,-0.0012490000000013,0.0021114000000039,31.06,88.0,36.5,1
45109,SO-0401,Head Constable Ramesh Mehta,Head Constable,32,2026-07-22 20:40:20+00:00,87.0,88.0,,21.1570276,73.0007622,31.899999618530273,-0.796,0.487,-0.154,,0.0,0.0,0.0,,,,,0.0,0.0,30.0,-0.0009732000000006,0.002069899999995,28.79,88.0,36.5,1
45111,SO-0401,Head Constable Ramesh Mehta,Head Constable,32,2026-07-22 20:40:50+00:00,100.0,88.0,,21.1558839,73.0032511,31.899999618530273,-0.714,0.647,0.093,,0.0,0.0,0.0,,,,,0.0,0.0,30.0,-0.0011437,0.002488900000003,34.47,88.0,36.5,1
45113,SO-0401,Head Constable Ramesh Mehta,Head Constable,32,2026-07-22 20:41:21+00:00,98.0,88.0,,21.1544199,73.0061713,32.10000038146973,-0.811,0.638,-0.186,,0.0,0.0,0.0,,,,,0.0,0.0,31.0,-0.0014639999999985,0.0029202000000054,39.85,88.0,36.5,1
45115,SO-0401,Head Constable Ramesh Mehta,Head Constable,32,2026-07-22 20:41:50+00:00,84.0,86.0,,21.1532652,73.0081974,32.0,-0.266,0.779,0.685,,0.0,0.0,0.0,,,,,0.0,0.0,29.0,-0.0011547000000007,0.0020260999999948,30.51,86.0,36.5,1
45117,SO-0401,Head Constable Ramesh Mehta,Head Constable,32,2026-07-22 20:42:20+00:00,82.0,87.0,,21.1514378,73.0114086,33.5,-0.897,0.552,-0.085,,0.0,0.0,0.0,,,,,0.0,0.0,30.0,-0.0018273999999998,0.0032111999999955,46.73,87.0,36.5,1
45119,SO-0401,Head Constable Ramesh Mehta,Head Constable,32,2026-07-22 20:42:50+00:00,80.0,88.0,,21.1494577,73.0153056,32.29999923706055,-0.458,0.663,0.779,,0.0,0.0,0.0,,,,,0.0,0.0,30.0,-0.0019801000000008,0.0038970000000091,55.13,88.0,36.5,1
45121,SO-0401,Head Constable Ramesh Mehta,Head Constable,32,2026-07-22 20:43:21+00:00,93.0,88.0,,21.1476088,73.0190908,32.29999923706055,-0.365,0.521,0.743,,0.0,0.0,0.0,,,,,0.0,0.0,31.0,-0.0018488999999988,0.0037851999999958,51.36,88.0,36.5,1
45123,SO-0401,Head Constable Ramesh Mehta,Head Constable,32,2026-07-22 20:43:51+00:00,84.0,88.0,,21.1453876,73.0229504,32.29999923706055,-0.673,0.539,0.087,,0.0,0.0,0.0,,,,,0.0,0.0,30.0,-0.002221200000001,0.0038595999999984,56.34,88.0,36.5,1
45125,SO-0401,Head Constable Ramesh Mehta,Head Constable,32,2026-07-22 20:44:20+00:00,85.0,88.0,,21.1430623,73.0260388,32.29999923706055,-0.827,0.542,-0.215,,0.0,0.0,0.0,,,,,0.0,0.0,29.0,-0.0023252999999989,0.0030883999999957,51.01,88.0,36.5,1
45127,SO-0401,Head Constable Ramesh Mehta,Head Constable,32,2026-07-22 20:44:50+00:00,81.0,88.0,,21.1415501,73.0294823,32.29999923706055,-0.754,0.479,-0.065,,0.0,0.0,0.0,,,,,0.0,0.0,30.0,-0.0015122000000005,0.003443500000003,47.28,88.0,36.5,1
45129,SO-0401,Head Constable Ramesh Mehta,Head Constable,32,2026-07-22 20:45:21+00:00,83.0,88.0,,21.1396835,73.0322097,32.29999923706055,-0.752,0.871,-0.064,,0.0,0.0,0.0,,,,,0.0,0.0,31.0,-0.0018665999999996,0.0027273999999977,40.67,88.0,36.5,1
45131,SO-0401,Head Constable Ramesh Mehta,Head Constable,32,2026-07-22 20:45:51+00:00,81.0,88.0,,21.1377251,73.035809,32.29999923706055,-0.894,0.505,-0.235,,0.0,0.0,0.0,,,,,0.0,0.0,30.0,-0.0019583999999994,0.0035993000000047,51.76,88.0,36.5,1
45133,SO-0401,Head Constable Ramesh Mehta,Head Constable,32,2026-07-22 20:46:21+00:00,83.0,88.0,,21.1364085,73.0392272,32.70000076293945,-0.894,0.506,-0.193,,0.0,0.0,0.0,,,,,0.0,0.0,30.0,-0.0013165999999991,0.0034181999999987,45.94,88.0,36.5,1
45135,SO-0401,Head Constable Ramesh Mehta,Head Constable,32,2026-07-22 20:46:51+00:00,83.0,88.0,,21.1352791,73.0421106,32.39999961853027,-0.852,0.503,0.012,,0.0,0.0,0.0,,,,,0.0,0.0,30.0,-0.0011293999999999,0.0028834000000017,38.85,88.0,36.5,1
45137,SO-0401,Head Constable Ramesh Mehta,Head Constable,32,2026-07-22 20:47:20+00:00,85.0,88.0,,21.1335864,73.0448842,32.39999961853027,-0.953,0.355,-0.266,,0.0,0.0,0.0,,,,,0.0,0.0,29.0,-0.0016927000000031,0.0027735999999976,42.59,88.0,36.5,1
45139,SO-0401,Head Constable Ramesh Mehta,Head Constable,32,2026-07-22 20:47:51+00:00,89.0,88.0,,21.132785,73.0478536,30.600000381469727,-0.812,0.435,-0.193,,0.0,0.0,0.0,,,,,0.0,0.0,31.0,-0.0008014000000002,0.0029693999999977,37.16,88.0,36.5,1
45141,SO-0401,Head Constable Ramesh Mehta,Head Constable,32,2026-07-22 20:48:20+00:00,84.0,88.0,,21.1313628,73.0519431,30.600000381469727,-0.879,0.51,-0.162,,0.0,0.0,0.0,,,,,0.0,0.0,29.0,-0.0014221999999968,0.0040895000000062,56.08,88.0,36.5,1
45143,SO-0401,Head Constable Ramesh Mehta,Head Constable,32,2026-07-22 20:48:50+00:00,91.0,88.0,,21.1298292,73.0562803,30.600000381469727,-0.878,0.479,-0.226,,0.0,0.0,0.0,,,,,0.0,0.0,30.0,-0.0015336000000019,0.0043371999999948,57.62,88.0,36.5,1
45145,SO-0401,Head Constable Ramesh Mehta,Head Constable,32,2026-07-22 20:49:20+00:00,82.0,88.0,,21.1282759,73.0600971,30.600000381469727,-0.783,0.535,-0.211,,0.0,0.0,0.0,,,,,0.0,0.0,30.0,-0.0015533000000012,0.0038167999999956,51.73,88.0,36.5,1
45147,SO-0401,Head Constable Ramesh Mehta,Head Constable,32,2026-07-22 20:49:50+00:00,97.0,88.0,,21.12691,73.0647063,32.89999961853027,-0.528,0.495,0.728,,0.0,0.0,0.0,,,,,0.0,0.0,30.0,-0.0013658999999996,0.0046092000000044,60.07,88.0,36.5,1
45149,SO-0401,Head Constable Ramesh Mehta,Head Constable,32,2026-07-22 20:50:20+00:00,87.0,87.0,,21.1254902,73.0692819,32.89999961853027,-0.744,0.498,-0.301,,0.0,0.0,0.0,,,,,0.0,0.0,30.0,-0.0014197999999971,0.0045755999999954,59.9,87.0,36.5,1
45151,SO-0401,Head Constable Ramesh Mehta,Head Constable,32,2026-07-22 20:50:52+00:00,92.0,88.0,,21.1252599,73.0702265,35.69999980926514,-0.783,0.522,-0.183,,0.0,0.0,0.0,,,,,0.0,0.0,32.0,-0.0002303000000019,0.000944600000011,11.37,88.0,36.5,1
45153,SO-0401,Head Constable Ramesh Mehta,Head Constable,32,2026-07-22 20:51:21+00:00,85.0,88.0,,21.1228838,73.0781413,35.60000038146973,-0.802,0.522,-0.201,,0.0,0.0,0.0,,,,,0.0,0.0,29.0,-0.0023760999999993,0.0079147999999946,106.84,88.0,36.5,1
45155,SO-0401,Head Constable Ramesh Mehta,Head Constable,32,2026-07-22 20:51:50+00:00,80.0,88.0,,21.1215169,73.0816947,35.60000038146973,-0.843,0.57,-0.25,,0.0,0.0,0.0,,,,,0.0,0.0,29.0,-0.0013669000000007,0.0035534000000012,49.39,88.0,36.5,1
45157,SO-0401,Head Constable Ramesh Mehta,Head Constable,32,2026-07-22 20:52:20+00:00,86.0,88.0,,21.1204018,73.0858169,35.60000038146973,-0.844,0.52,-0.023,,0.0,0.0,0.0,,,,,0.0,0.0,30.0,-0.0011150999999998,0.0041221999999976,53.31,88.0,36.5,1
45159,SO-0401,Head Constable Ramesh Mehta,Head Constable,32,2026-07-22 20:52:50+00:00,87.0,87.0,,21.121347,73.0875538,36.80000019073486,-0.78,0.575,-0.06,,0.0,0.0,0.0,,,,,0.0,0.0,30.0,0.0009452000000003,0.0017368999999973,24.98,87.0,36.5,1
45161,SO-0401,Head Constable Ramesh Mehta,Head Constable,32,2026-07-22 20:53:20+00:00,93.0,88.0,,21.1239514,73.0886147,36.80000019073486,-0.988,0.426,-0.198,,0.0,0.0,0.0,,,,,0.0,0.0,30.0,0.0026043999999991,0.0010608999999988,37.11,88.0,36.5,1
45163,SO-0401,Head Constable Ramesh Mehta,Head Constable,32,2026-07-22 20:53:50+00:00,83.0,88.0,,21.125811,73.0914243,36.80000019073486,-0.758,0.543,-0.173,,0.0,0.0,0.0,,,,,0.0,0.0,30.0,0.0018595999999995,0.0028096000000061,42.8,88.0,36.5,1
45165,SO-0401,Head Constable Ramesh Mehta,Head Constable,32,2026-07-22 20:54:20+00:00,85.0,88.0,,21.1272892,73.0939734,35.10000038146973,-0.816,0.597,-0.209,,0.0,0.0,0.0,,,,,0.0,0.0,30.0,0.001478200000001,0.0025490999999959,37.29,88.0,36.5,1
45167,SO-0401,Head Constable Ramesh Mehta,Head Constable,32,2026-07-22 20:54:50+00:00,82.0,88.0,,21.1286634,73.0967096,35.10000038146973,-0.486,0.703,0.724,,0.0,0.0,0.0,,,,,0.0,0.0,30.0,0.0013742000000007,0.002736200000001,38.6,88.0,36.5,1
45169,SO-0401,Head Constable Ramesh Mehta,Head Constable,32,2026-07-22 20:55:20+00:00,89.0,87.0,,21.1300478,73.0986227,35.69999980926514,-0.55,0.622,0.651,,0.0,0.0,0.0,,,,,0.0,0.0,30.0,0.0013843999999991,0.0019131000000101,30.08,87.0,36.5,1
45171,SO-0401,Head Constable Ramesh Mehta,Head Constable,32,2026-07-22 20:55:50+00:00,82.0,88.0,,21.1314989,73.1012718,37.19999980926514,-0.907,0.485,-0.119,,0.0,0.0,0.0,,,,,0.0,0.0,30.0,0.0014511000000005,0.0026490999999992,38.16,88.0,36.5,1
45173,SO-0401,Head Constable Ramesh Mehta,Head Constable,32,2026-07-22 20:56:20+00:00,83.0,87.0,,21.132079,73.1029913,38.19999980926514,-0.861,0.533,-0.148,,0.0,0.0,0.0,,,,,0.0,0.0,30.0,0.0005801000000005,0.0017194999999929,22.71,87.0,36.5,1
45175,SO-0401,Head Constable Ramesh Mehta,Head Constable,32,2026-07-22 20:56:50+00:00,84.0,88.0,,21.1328351,73.1049897,37.60000038146973,0.357,0.412,0.614,,0.0,0.0,0.0,,,,,0.0,0.0,30.0,0.0007561000000002,0.001998400000005,26.79,88.0,36.5,1
45177,SO-0401,Head Constable Ramesh Mehta,Head Constable,32,2026-07-22 20:57:21+00:00,99.0,88.0,,21.1332547,73.1059078,37.0,-0.732,0.442,-0.007,,0.0,0.0,0.0,,,,,0.0,0.0,31.0,0.0004195999999971,0.0009180999999927,12.29,88.0,36.5,1
45179,SO-0401,Head Constable Ramesh Mehta,Head Constable,32,2026-07-22 20:57:50+00:00,100.0,88.0,,21.1341653,73.1078609,37.0,-0.199,0.68,0.787,,0.0,0.0,0.0,,,,,0.0,0.0,29.0,0.0009106000000009,0.0019531000000085,28.06,88.0,36.5,1
45181,SO-0401,Head Constable Ramesh Mehta,Head Constable,32,2026-07-22 20:58:20+00:00,97.0,88.0,,21.1344929,73.1095111,37.0,-0.147,0.643,0.788,,0.0,0.0,0.0,,,,,0.0,0.0,30.0,0.000327600000002,0.0016502000000002,20.96,88.0,36.5,1
45183,SO-0401,Head Constable Ramesh Mehta,Head Constable,32,2026-07-22 20:58:50+00:00,100.0,88.0,,21.1328475,73.1106535,35.80000019073486,-0.807,0.457,-0.06,,0.0,0.0,0.0,,,,,0.0,0.0,30.0,-0.001645400000001,0.0011423999999919,26.11,88.0,36.5,1
45185,SO-0401,Head Constable Ramesh Mehta,Head Constable,32,2026-07-22 20:59:21+00:00,85.0,88.0,,21.1325813,73.1117419,35.69999980926514,-0.74,0.558,-0.18,,0.0,0.0,0.0,,,,,0.0,0.0,31.0,-0.0002662000000022,0.0010884000000004,13.53,88.0,36.5,1
45187,SO-0401,Head Constable Ramesh Mehta,Head Constable,32,2026-07-22 20:59:50+00:00,83.0,87.0,,21.1329124,73.1131392,35.69999980926514,-0.83,0.532,-0.206,,0.0,0.0,0.0,,,,,0.0,0.0,29.0,0.0003311000000003,0.0013973000000078,18.53,87.0,36.5,1
45189,SO-0401,Head Constable Ramesh Mehta,Head Constable,32,2026-07-22 21:00:20+00:00,93.0,88.0,,21.1328933,73.1147153,35.69999980926514,-0.831,0.526,-0.106,,0.0,0.0,0.0,,,,,0.0,0.0,30.0,-1.90999999993835e-05,0.001576099999994,19.58,88.0,36.5,1
45191,SO-0401,Head Constable Ramesh Mehta,Head Constable,32,2026-07-22 21:00:50+00:00,86.0,88.0,,21.1332513,73.11589,36.19999980926514,-0.348,0.498,0.545,,0.0,0.0,0.0,,,,,0.0,0.0,30.0,0.000358000000002,0.0011746999999928,15.35,88.0,36.5,1
45193,SO-0401,Head Constable Ramesh Mehta,Head Constable,32,2026-07-22 21:01:21+00:00,89.0,88.0,,21.1345042,73.1158165,36.30000019073486,-0.518,0.338,1.063,,0.0,0.0,0.0,,,,,0.0,0.0,31.0,0.0012528999999972,-7.349999999917145e-05,16.17,88.0,36.5,1
45195,SO-0401,Head Constable Ramesh Mehta,Head Constable,32,2026-07-22 21:01:51+00:00,100.0,84.0,,21.1345641,73.1173742,36.40000057220459,-0.771,0.532,-0.122,,0.0,0.0,0.0,,,,,0.0,0.0,30.0,5.990000000011264e-05,0.0015577000000064,19.37,84.0,36.5,1
45197,SO-0401,Head Constable Ramesh Mehta,Head Constable,32,2026-07-22 21:02:21+00:00,86.0,88.0,,21.1351897,73.1183302,36.40000057220459,-0.683,0.621,0.033,,0.0,0.0,0.0,,,,,0.0,0.0,30.0,0.0006256000000028,0.0009560000000021,14.51,88.0,36.5,1
45199,SO-0401,Head Constable Ramesh Mehta,Head Constable,32,2026-07-22 21:02:51+00:00,100.0,88.0,,21.1364888,73.118629,36.0,-0.857,0.474,-0.104,,0.0,0.0,0.0,,,,,0.0,0.0,30.0,0.0012990999999971,0.0002987999999959,17.7,88.0,36.5,1
45201,SO-0401,Head Constable Ramesh Mehta,Head Constable,32,2026-07-22 21:03:20+00:00,89.0,88.0,,21.1373165,73.1187414,36.19999980926514,-0.12,0.448,0.768,,0.0,0.0,0.0,,,,,0.0,0.0,29.0,0.000827700000002,0.0001124000000061,11.5,88.0,36.5,1
45203,SO-0401,Head Constable Ramesh Mehta,Head Constable,32,2026-07-22 21:03:51+00:00,84.0,87.0,,21.1371363,73.1189634,36.19999980926514,-0.622,0.582,0.776,,0.0,0.0,0.0,,,,,0.0,0.0,31.0,-0.000180199999999,0.0002219999999937,3.54,87.0,36.5,0
45205,SO-0401,Head Constable Ramesh Mehta,Head Constable,32,2026-07-22 21:04:20+00:00,98.0,88.0,,21.1373453,73.1188293,36.10000038146973,-0.13,0.352,0.522,,0.0,0.0,0.0,,,,,0.0,0.0,29.0,0.0002089999999981,-0.0001340999999968,3.36,88.0,36.5,2
45207,SO-0401,Head Constable Ramesh Mehta,Head Constable,32,2026-07-22 21:04:50+00:00,84.0,88.0,,21.1363217,73.118416,36.90000057220459,-0.871,0.558,-0.158,,0.0,0.0,0.0,,,,,0.0,0.0,30.0,-0.0010235999999999,-0.0004133000000052,14.57,88.0,36.5,1
45209,SO-0401,Head Constable Ramesh Mehta,Head Constable,32,2026-07-22 21:05:20+00:00,89.0,88.0,,21.1348142,73.1182529,36.19999980926514,-0.799,0.374,-0.052,,0.0,0.0,0.0,,,,,0.0,0.0,30.0,-0.0015074999999988,-0.0001630999999946,20.18,88.0,36.5,1
45211,SO-0401,Head Constable Ramesh Mehta,Head Constable,32,2026-07-22 21:05:50+00:00,93.0,88.0,,21.1344747,73.117763,35.60000038146973,-0.644,0.91,0.355,,0.0,0.0,0.0,,,,,0.0,0.0,30.0,-0.0003395000000026,-0.0004899000000051,7.58,88.0,36.5,1
45213,SO-0401,Head Constable Ramesh Mehta,Head Constable,32,2026-07-22 21:06:20+00:00,87.0,77.0,,21.1345454,73.1177942,39.80000019073486,-0.524,0.553,0.727,,0.0,0.0,0.0,,,,,0.0,0.0,30.0,7.070000000197751e-05,3.120000000933487e-05,1.02,77.0,36.5,0
45215,SO-0401,Head Constable Ramesh Mehta,Head Constable,32,2026-07-22 21:06:50+00:00,81.0,82.0,,21.1345161,73.1178036,39.80000019073486,-0.237,0.428,0.922,,0.0,0.0,0.0,,,,,0.0,0.0,30.0,-2.930000000134214e-05,9.399999996162478e-06,0.41,82.0,36.5,0
45217,SO-0401,Head Constable Ramesh Mehta,Head Constable,32,2026-07-22 21:07:21+00:00,97.0,85.0,,21.1344612,73.1177987,36.10000038146973,-0.794,-0.318,-0.602,,0.0,0.0,0.0,,,,,0.0,0.0,31.0,-5.489999999852557e-05,-4.900000007523886e-06,0.71,85.0,36.5,2
51556,SO-0401,Head Constable Ramesh Mehta,Head Constable,32,2026-07-24 19:54:29+00:00,89.0,84.0,,21.1800015,72.9375599,22.0,1.262,0.564,0.581,,0.0,0.0,0.0,,,,,0.0,0.0,168428.0,0.0455402999999989,-0.1802387999999979,0.0,84.0,36.5,0
51560,SO-0401,Head Constable Ramesh Mehta,Head Constable,32,2026-07-24 19:54:59+00:00,86.0,87.0,,21.1802982,72.9380482,22.799999237060547,-0.01,1.093,0.358,,0.0,0.0,0.0,,,,,0.0,0.0,30.0,0.0002966999999998,0.0004883000000006,7.24,87.0,36.5,1
51564,SO-0401,Head Constable Ramesh Mehta,Head Constable,32,2026-07-24 19:55:29+00:00,94.0,88.0,,21.1803009,72.9380502,22.799999237060547,-0.258,1.708,0.034,,0.0,0.0,0.0,,,,,0.0,0.0,30.0,2.69999999957804e-06,2.00000000916134e-06,0.04,88.0,36.5,2
51568,SO-0401,Head Constable Ramesh Mehta,Head Constable,32,2026-07-24 19:55:57+00:00,94.0,78.0,,21.1803009,72.9380502,22.799999237060547,0.994,0.271,-0.661,,0.0,0.0,0.0,,,,,0.0,0.0,28.0,0.0,0.0,0.0,78.0,36.5,2
51575,SO-0401,Head Constable Ramesh Mehta,Head Constable,32,2026-07-24 19:56:56+00:00,84.0,78.0,,21.1801789,72.9380458,23.700000762939453,0.849,0.418,0.348,,0.0,0.0,0.0,,,,,0.0,0.0,59.0,-0.0001219999999975,-4.4000000087862645e-06,0.83,78.0,36.5,0
51579,SO-0401,Head Constable Ramesh Mehta,Head Constable,32,2026-07-24 19:57:31+00:00,84.0,80.0,,21.1797225,72.9370134,23.700000762939453,0.816,-0.513,0.171,,0.0,0.0,0.0,,,,,0.0,0.0,35.0,-0.0004564000000009,-0.0010323999999997,12.16,80.0,36.5,1
51583,SO-0401,Head Constable Ramesh Mehta,Head Constable,32,2026-07-24 19:57:59+00:00,86.0,86.0,,21.1802092,72.9381146,23.700000762939453,-0.217,0.811,-0.021,,0.0,0.0,0.0,,,,,0.0,0.0,28.0,0.0004866999999997,0.0011012000000079,16.22,86.0,36.5,1
51587,SO-0401,Head Constable Ramesh Mehta,Head Constable,32,2026-07-24 19:58:30+00:00,86.0,86.0,,21.1803015,72.9380491,22.799999237060547,-0.076,1.033,0.653,,0.0,0.0,0.0,,,,,0.0,0.0,31.0,9.229999999860183e-05,-6.550000000515865e-05,1.43,86.0,36.5,0
51591,SO-0401,Head Constable Ramesh Mehta,Head Constable,32,2026-07-24 19:58:59+00:00,86.0,,,21.18026,72.9380631,22.799999237060547,0.659,0.48,0.959,,0.0,0.0,0.0,,,,,0.0,0.0,29.0,-4.149999999825127e-05,1.3999999993075107e-05,0.6,86.0,36.5,0
51607,SO-0401,Head Constable Ramesh Mehta,Head Constable,32,2026-07-24 20:01:27+00:00,89.0,88.0,,21.1802911,72.9380507,22.799999237060547,0.758,0.437,0.52,,0.0,0.0,0.0,,,,,0.0,0.0,148.0,3.1100000001060835e-05,-1.2399999988588206e-05,0.09,88.0,36.5,0
51611,SO-0401,Head Constable Ramesh Mehta,Head Constable,32,2026-07-24 20:01:57+00:00,99.0,85.0,,21.1802964,72.9380206,22.799999237060547,0.721,-0.322,0.635,,0.0,0.0,0.0,,,,,0.0,0.0,30.0,5.29999999798747e-06,-3.0100000003585592e-05,0.38,85.0,36.5,2
51615,SO-0401,Head Constable Ramesh Mehta,Head Constable,32,2026-07-24 20:02:27+00:00,93.0,88.0,,21.1802939,72.9380012,22.600000381469727,0.8,-0.18,0.544,,0.0,0.0,0.0,,,,,0.0,0.0,30.0,-2.500000000793534e-06,-1.9399999999336615e-05,0.24,88.0,36.5,2
51619,SO-0401,Head Constable Ramesh Mehta,Head Constable,32,2026-07-24 20:02:57+00:00,89.0,84.0,,21.1802969,72.9380366,22.799999237060547,0.4,0.911,0.09,,0.0,0.0,0.0,,,,,0.0,0.0,30.0,2.9999999995311555e-06,3.540000000157306e-05,0.44,84.0,36.5,0
51623,SO-0401,Head Constable Ramesh Mehta,Head Constable,32,2026-07-24 20:03:27+00:00,89.0,88.0,,21.1803088,72.9380284,22.799999237060547,0.385,0.911,0.12,,0.0,0.0,0.0,,,,,0.0,0.0,30.0,1.1900000000508726e-05,-8.20000001056087e-06,0.19,88.0,36.5,0
51627,SO-0401,Head Constable Ramesh Mehta,Head Constable,32,2026-07-24 20:03:57+00:00,89.0,83.0,,21.1802992,72.9380343,22.799999237060547,0.461,0.88,0.097,,0.0,0.0,0.0,,,,,0.0,0.0,30.0,-9.599999998499698e-06,5.900000004999129e-06,0.15,83.0,36.5,0
51631,SO-0401,Head Constable Ramesh Mehta,Head Constable,32,2026-07-24 20:04:27+00:00,89.0,85.0,,21.1802933,72.9380004,22.600000381469727,0.497,0.857,0.098,,0.0,0.0,0.0,,,,,0.0,0.0,30.0,-5.900000001446415e-06,-3.389999999114934e-05,0.43,85.0,36.5,0
51635,SO-0401,Head Constable Ramesh Mehta,Head Constable,32,2026-07-24 20:04:57+00:00,89.0,55.0,,21.1802909,72.9380116,22.600000381469727,0.497,0.857,0.064,,0.0,0.0,0.0,,,,,0.0,0.0,30.0,-2.3999999996249244e-06,1.1199999988775744e-05,0.14,55.0,36.5,0
51639,SO-0401,Head Constable Ramesh Mehta,Head Constable,32,2026-07-24 20:05:27+00:00,87.0,88.0,,21.1802907,72.9380058,22.600000381469727,0.625,0.689,0.349,,0.0,0.0,0.0,,,,,0.0,0.0,30.0,-1.999999987845058e-07,-5.7999999967250915e-06,0.07,88.0,36.5,0
51643,SO-0401,Head Constable Ramesh Mehta,Head Constable,32,2026-07-24 20:06:01+00:00,90.0,87.0,,21.1800068,72.9362752,22.600000381469727,0.705,0.841,-0.125,,0.0,0.0,0.0,,,,,0.0,0.0,34.0,-0.0002838999999994,-0.0017306000000019,19.26,87.0,36.5,1
51647,SO-0401,Head Constable Ramesh Mehta,Head Constable,32,2026-07-24 20:06:27+00:00,90.0,77.0,,21.180288,72.9379996,22.600000381469727,0.663,0.658,0.3,,0.0,0.0,0.0,,,,,0.0,0.0,26.0,0.0002811999999998,0.0017244000000005,25.09,77.0,36.5,1
51651,SO-0401,Head Constable Ramesh Mehta,Head Constable,32,2026-07-24 20:06:57+00:00,95.0,88.0,,21.1802888,72.9380009,22.600000381469727,0.66,0.599,0.307,,0.0,0.0,0.0,,,,,0.0,0.0,30.0,7.999999986907369e-07,1.3000000080864993e-06,0.02,88.0,36.5,2
51655,SO-0401,Head Constable Ramesh Mehta,Head Constable,32,2026-07-24 20:07:27+00:00,93.0,88.0,,21.1802884,72.9379994,22.600000381469727,0.605,0.76,0.274,,0.0,0.0,0.0,,,,,0.0,0.0,30.0,-4.000000011217253e-07,-1.5000000104237188e-06,0.02,88.0,36.5,2
51659,SO-0401,Head Constable Ramesh Mehta,Head Constable,32,2026-07-24 20:07:57+00:00,85.0,80.0,,21.1802937,72.9380298,22.799999237060547,0.294,0.928,0.02,,0.0,0.0,0.0,,,,,0.0,0.0,30.0,5.300000001540184e-06,3.039999999998599e-05,0.38,80.0,36.5,0
51663,SO-0401,Head Constable Ramesh Mehta,Head Constable,32,2026-07-24 20:08:27+00:00,93.0,85.0,,21.1802911,72.9380082,22.600000381469727,0.685,0.67,0.309,,0.0,0.0,0.0,,,,,0.0,0.0,30.0,-2.59999999840943e-06,-2.159999999662432e-05,0.27,85.0,36.5,2
51667,SO-0401,Head Constable Ramesh Mehta,Head Constable,32,2026-07-24 20:08:57+00:00,93.0,87.0,,21.1802907,72.9380057,22.600000381469727,0.391,0.749,0.514,,0.0,0.0,0.0,,,,,0.0,0.0,30.0,-4.000000011217253e-07,-2.4999999936881068e-06,0.03,87.0,36.5,2
51671,SO-0401,Head Constable Ramesh Mehta,Head Constable,32,2026-07-24 20:09:27+00:00,88.0,85.0,,21.1802919,72.9380278,22.799999237060547,0.98,0.657,0.145,,0.0,0.0,0.0,,,,,0.0,0.0,30.0,1.1999999998124622e-06,2.209999999536194e-05,0.27,85.0,36.5,0
51675,SO-0401,Head Constable Ramesh Mehta,Head Constable,32,2026-07-24 20:09:57+00:00,96.0,71.0,,21.1803061,72.9380536,22.799999237060547,-0.528,0.896,-0.155,,0.0,0.0,0.0,,,,,0.0,0.0,30.0,1.419999999896504e-05,2.5800000003073364e-05,0.37,71.0,36.5,2
51679,SO-0401,Head Constable Ramesh Mehta,Head Constable,32,2026-07-24 20:10:27+00:00,92.0,88.0,,21.1803164,72.9380471,22.799999237060547,1.004,-0.074,0.038,,0.0,0.0,0.0,,,,,0.0,0.0,30.0,1.0299999999574538e-05,-6.499999997799932e-06,0.16,88.0,36.5,2
51683,SO-0401,Head Constable Ramesh Mehta,Head Constable,32,2026-07-24 20:10:57+00:00,85.0,85.0,,21.1803064,72.9380526,22.799999237060547,0.993,-0.099,0.029,,0.0,0.0,0.0,,,,,0.0,0.0,30.0,-9.999999999621425e-06,5.50000000032469e-06,0.15,85.0,36.5,0
51687,SO-0401,Head Constable Ramesh Mehta,Head Constable,32,2026-07-24 20:11:27+00:00,100.0,88.0,,21.1803032,72.9380535,22.799999237060547,1.004,-0.079,0.035,,0.0,0.0,0.0,,,,,0.0,0.0,30.0,-3.1999999983156613e-06,8.999999892012056e-07,0.04,88.0,36.5,2
51690,SO-0401,Head Constable Ramesh Mehta,Head Constable,32,2026-07-24 20:11:57+00:00,94.0,88.0,,21.1803015,72.9380255,22.799999237060547,1.011,-0.085,0.033,,0.0,0.0,0.0,,,,,0.0,0.0,30.0,-1.7000000021027972e-06,-2.800000000036107e-05,0.35,88.0,36.5,2
51695,SO-0401,Head Constable Ramesh Mehta,Head Constable,32,2026-07-24 20:12:27+00:00,91.0,87.0,,21.1802944,72.9380186,22.799999237060547,1.006,-0.084,0.031,,0.0,0.0,0.0,,,,,0.0,0.0,30.0,-7.099999997706163e-06,-6.8999999882635166e-06,0.13,87.0,36.5,2
51699,SO-0401,Head Constable Ramesh Mehta,Head Constable,32,2026-07-24 20:12:57+00:00,98.0,88.0,,21.1803087,72.9380464,22.799999237060547,1.001,-0.08,0.03,,0.0,0.0,0.0,,,,,0.0,0.0,30.0,1.430000000013365e-05,2.779999999802385e-05,0.39,88.0,36.5,2
51703,SO-0401,Head Constable Ramesh Mehta,Head Constable,32,2026-07-24 20:13:27+00:00,94.0,88.0,,21.1803009,72.938043,22.799999237060547,1.007,-0.074,0.024,,0.0,0.0,0.0,,,,,0.0,0.0,30.0,-7.800000002333718e-06,-3.400000011311022e-06,0.11,88.0,36.5,2
51707,SO-0401,Head Constable Ramesh Mehta,Head Constable,32,2026-07-24 20:13:57+00:00,84.0,87.0,,21.1803004,72.9380245,22.799999237060547,1.004,-0.068,0.029,,0.0,0.0,0.0,,,,,0.0,0.0,30.0,-4.999999987376214e-07,-1.849999999592455e-05,0.23,87.0,36.5,0
51711,SO-0401,Head Constable Ramesh Mehta,Head Constable,32,2026-07-24 20:14:27+00:00,100.0,87.0,,21.1802859,72.9379964,22.799999237060547,0.998,-0.061,0.026,,0.0,0.0,0.0,,,,,0.0,0.0,30.0,-1.4499999998918156e-05,-2.8099999994424252e-05,0.4,87.0,36.5,2
51715,SO-0401,Head Constable Ramesh Mehta,Head Constable,32,2026-07-24 20:14:57+00:00,85.0,88.0,,21.1802958,72.938048,22.799999237060547,1.006,-0.071,0.025,,0.0,0.0,0.0,,,,,0.0,0.0,30.0,9.899999998452811e-06,5.1599999991935874e-05,0.65,88.0,36.5,0
51719,SO-0401,Head Constable Ramesh Mehta,Head Constable,32,2026-07-24 20:15:27+00:00,91.0,88.0,,21.1802958,72.9380336,22.799999237060547,1.003,-0.101,0.074,,0.0,0.0,0.0,,,,,0.0,0.0,30.0,0.0,-1.4399999997749546e-05,0.18,88.0,36.5,2
51723,SO-0401,Head Constable Ramesh Mehta,Head Constable,32,2026-07-24 20:15:58+00:00,91.0,88.0,,21.1802964,72.938037,22.799999237060547,1.001,-0.085,0.011,,0.0,0.0,0.0,,,,,0.0,0.0,31.0,5.999999999062311e-07,3.399999997100167e-06,0.04,88.0,36.5,2
51727,SO-0401,Head Constable Ramesh Mehta,Head Constable,32,2026-07-24 20:16:27+00:00,91.0,88.0,,21.1802805,72.9380273,22.799999237060547,1.0,-0.06,0.184,,0.0,0.0,0.0,,,,,0.0,0.0,29.0,-1.5900000001067838e-05,-9.69999999256288e-06,0.25,88.0,36.5,2
51731,SO-0401,Head Constable Ramesh Mehta,Head Constable,32,2026-07-24 20:16:57+00:00,82.0,88.0,,21.1802644,72.9380143,22.799999237060547,0.042,-1.006,-0.017,,0.0,0.0,0.0,,,,,0.0,0.0,30.0,-1.6099999999852344e-05,-1.2999999995599865e-05,0.27,88.0,36.5,0
51735,SO-0401,Head Constable Ramesh Mehta,Head Constable,32,2026-07-24 20:17:28+00:00,85.0,88.0,,21.1802907,72.9380292,22.799999237060547,0.047,-1.006,-0.088,,0.0,0.0,0.0,,,,,0.0,0.0,31.0,2.6300000001810982e-05,1.4899999996487168e-05,0.38,88.0,36.5,0
51739,SO-0401,Head Constable Ramesh Mehta,Head Constable,32,2026-07-24 20:17:57+00:00,83.0,88.0,,21.1803001,72.9380395,22.799999237060547,1.008,-0.069,0.017,,0.0,0.0,0.0,,,,,0.0,0.0,29.0,9.399999999715192e-06,1.0299999999574538e-05,0.19,88.0,36.5,0
51743,SO-0401,Head Constable Ramesh Mehta,Head Constable,32,2026-07-24 20:18:27+00:00,87.0,88.0,,21.1802818,72.938021,22.799999237060547,0.698,0.139,0.746,,0.0,0.0,0.0,,,,,0.0,0.0,30.0,-1.830000000069276e-05,-1.849999999592455e-05,0.33,88.0,36.5,0
51746,SO-0401,Head Constable Ramesh Mehta,Head Constable,32,2026-07-24 20:18:57+00:00,100.0,88.0,,21.180263,72.9380128,22.799999237060547,0.597,-0.116,0.841,,0.0,0.0,0.0,,,,,0.0,0.0,30.0,-1.8799999999430383e-05,-8.20000001056087e-06,0.27,88.0,36.5,2
51749,SO-0401,Head Constable Ramesh Mehta,Head Constable,32,2026-07-24 20:19:27+00:00,100.0,80.0,,21.1802862,72.9380277,22.799999237060547,0.415,-0.192,0.949,,0.0,0.0,0.0,,,,,0.0,0.0,30.0,2.320000000111122e-05,1.4900000010698022e-05,0.36,80.0,36.5,2
51752,SO-0401,Head Constable Ramesh Mehta,Head Constable,32,2026-07-24 20:19:57+00:00,100.0,87.0,,21.1803123,72.9380441,22.799999237060547,0.594,-0.023,0.857,,0.0,0.0,0.0,,,,,0.0,0.0,30.0,2.6099999999473766e-05,1.6399999992700032e-05,0.4,87.0,36.5,2
51755,SO-0401,Head Constable Ramesh Mehta,Head Constable,32,2026-07-24 20:20:27+00:00,86.0,87.0,,21.1803013,72.938044,22.799999237060547,0.9,-0.035,0.496,,0.0,0.0,0.0,,,,,0.0,0.0,30.0,-1.100000000064938e-05,-9.999999406318238e-08,0.15,87.0,36.5,0
51758,SO-0401,Head Constable Ramesh Mehta,Head Constable,32,2026-07-24 20:20:57+00:00,99.0,88.0,,21.1803013,72.938044,22.799999237060547,0.704,-0.029,0.649,,0.0,0.0,0.0,,,,,0.0,0.0,30.0,0.0,0.0,0.0,88.0,36.5,2
51761,SO-0401,Head Constable Ramesh Mehta,Head Constable,32,2026-07-24 20:21:27+00:00,84.0,88.0,,21.1802943,72.9380067,22.799999237060547,-0.984,0.009,-0.152,,0.0,0.0,0.0,,,,,0.0,0.0,30.0,-7.000000000090267e-06,-3.7300000002460365e-05,0.47,88.0,36.5,0
51764,SO-0401,Head Constable Ramesh Mehta,Head Constable,32,2026-07-24 20:21:57+00:00,100.0,88.0,,21.1802987,72.938055,22.799999237060547,0.236,0.788,0.124,,0.0,0.0,0.0,,,,,0.0,0.0,30.0,4.400000001680837e-06,4.8300000003109744e-05,0.6,88.0,36.5,2
51767,SO-0401,Head Constable Ramesh Mehta,Head Constable,32,2026-07-24 20:22:27+00:00,83.0,87.0,,21.1802454,72.9380149,22.799999237060547,0.34,0.688,-0.209,,0.0,0.0,0.0,,,,,0.0,0.0,30.0,-5.33000000011441e-05,-4.010000000675973e-05,0.87,87.0,36.5,0
51770,SO-0401,Head Constable Ramesh Mehta,Head Constable,32,2026-07-24 20:22:59+00:00,91.0,83.0,,21.180305,72.9380467,22.799999237060547,0.345,1.038,-0.023,,0.0,0.0,0.0,,,,,0.0,0.0,32.0,5.9600000000159525e-05,3.1800000002135675e-05,0.83,83.0,36.5,2
51773,SO-0401,Head Constable Ramesh Mehta,Head Constable,32,2026-07-24 20:23:27+00:00,92.0,85.0,,21.1802592,72.9379842,22.799999237060547,0.252,0.95,0.119,,0.0,0.0,0.0,,,,,0.0,0.0,28.0,-4.580000000231621e-05,-6.249999999852207e-05,1.06,85.0,36.5,2
51776,SO-0401,Head Constable Ramesh Mehta,Head Constable,32,2026-07-24 20:23:57+00:00,91.0,85.0,,21.1802058,72.9380638,23.0,0.011,0.462,-0.019,,0.0,0.0,0.0,,,,,0.0,0.0,30.0,-5.3399999998759995e-05,7.959999999229694e-05,1.22,85.0,36.5,2
51779,SO-0401,Head Constable Ramesh Mehta,Head Constable,32,2026-07-24 20:24:28+00:00,86.0,69.0,,21.1802188,72.9378982,22.799999237060547,1.146,-0.922,0.231,,0.0,0.0,0.0,,,,,0.0,0.0,31.0,1.2999999999152578e-05,-0.0001655999999883,2.0,69.0,36.5,1
51782,SO-0401,Head Constable Ramesh Mehta,Head Constable,32,2026-07-24 20:24:58+00:00,98.0,85.0,,21.1802382,72.9378618,22.799999237060547,0.257,-0.062,0.068,,0.0,0.0,0.0,,,,,0.0,0.0,30.0,1.9400000002889328e-05,-3.640000001325916e-05,0.52,85.0,36.5,1
51785,SO-0401,Head Constable Ramesh Mehta,Head Constable,32,2026-07-24 20:25:29+00:00,100.0,84.0,,21.1794881,72.938548,22.799999237060547,0.275,-0.569,0.81,,0.0,0.0,0.0,,,,,0.0,0.0,31.0,-0.0007501000000011,0.000686200000004,12.71,84.0,36.5,1
51788,SO-0401,Head Constable Ramesh Mehta,Head Constable,32,2026-07-24 20:25:58+00:00,95.0,88.0,,21.1785521,72.9400355,24.0,0.778,-0.569,0.329,,0.0,0.0,0.0,,,,,0.0,0.0,29.0,-0.0009359999999993,0.001487499999996,23.06,88.0,36.5,1
51791,SO-0401,Head Constable Ramesh Mehta,Head Constable,32,2026-07-24 20:26:27+00:00,90.0,87.0,,21.1777052,72.9435984,22.700000762939453,0.745,-0.503,-0.048,,0.0,0.0,0.0,,,,,0.0,0.0,29.0,-0.0008469000000026,0.0035629000000056,47.25,87.0,36.5,1
51795,SO-0401,Head Constable Ramesh Mehta,Head Constable,32,2026-07-24 20:26:57+00:00,82.0,88.0,,21.1771747,72.9470507,25.600000381469727,0.317,-0.5,0.751,,0.0,0.0,0.0,,,,,0.0,0.0,30.0,-0.0005304999999999,0.0034523000000064,43.46,88.0,36.5,1
51799,SO-0401,Head Constable Ramesh Mehta,Head Constable,32,2026-07-24 20:27:27+00:00,87.0,88.0,,21.1765321,72.9493355,25.399999618530273,0.911,-0.421,0.031,,0.0,0.0,0.0,,,,,0.0,0.0,30.0,-0.000642599999999,0.0022847999999981,29.64,88.0,36.5,1
51803,SO-0401,Head Constable Ramesh Mehta,Head Constable,32,2026-07-24 20:27:57+00:00,84.0,88.0,,21.1757669,72.9500055,25.5,1.022,-0.339,0.217,,0.0,0.0,0.0,,,,,0.0,0.0,30.0,-0.0007652,0.0006699999999995,13.16,88.0,36.5,1
51807,SO-0401,Head Constable Ramesh Mehta,Head Constable,32,2026-07-24 20:28:27+00:00,87.0,88.0,,21.1755883,72.9525678,24.799999237060547,0.892,-0.469,-0.025,,0.0,0.0,0.0,,,,,0.0,0.0,30.0,-0.0001785999999981,0.0025622999999939,31.92,88.0,36.5,1
51811,SO-0401,Head Constable Ramesh Mehta,Head Constable,32,2026-07-24 20:28:57+00:00,87.0,88.0,,21.1743796,72.9550994,24.799999237060547,0.908,-0.357,0.391,,0.0,0.0,0.0,,,,,0.0,0.0,30.0,-0.0012086999999993,0.0025315999999975,35.33,88.0,36.5,1
51815,SO-0401,Head Constable Ramesh Mehta,Head Constable,32,2026-07-24 20:29:27+00:00,88.0,88.0,,21.1733649,72.9585345,25.100000381469727,0.935,-0.427,0.034,,0.0,0.0,0.0,,,,,0.0,0.0,30.0,-0.0010147000000024,0.0034351000000043,44.76,88.0,36.5,1
51819,SO-0401,Head Constable Ramesh Mehta,Head Constable,32,2026-07-24 20:29:57+00:00,100.0,88.0,,21.1716394,72.9615955,25.5,0.787,-0.445,-0.074,,0.0,0.0,0.0,,,,,0.0,0.0,30.0,-0.0017254999999991,0.0030610000000024,44.43,88.0,36.5,1
51823,SO-0401,Head Constable Ramesh Mehta,Head Constable,32,2026-07-24 20:30:27+00:00,100.0,88.0,,21.1707487,72.9646727,27.600000381469727,0.913,-0.445,0.08,,0.0,0.0,0.0,,,,,0.0,0.0,30.0,-0.0008906999999993,0.0030771999999927,40.02,88.0,36.5,1
51827,SO-0401,Head Constable Ramesh Mehta,Head Constable,32,2026-07-24 20:31:00+00:00,100.0,88.0,,21.1701432,72.9678507,27.600000381469727,0.875,-0.593,-0.118,,0.0,0.0,0.0,,,,,0.0,0.0,33.0,-0.0006055000000024,0.0031780000000054,36.63,88.0,36.5,1
51831,SO-0401,Head Constable Ramesh Mehta,Head Constable,32,2026-07-24 20:31:28+00:00,100.0,88.0,,21.1696471,72.9697998,28.0,0.851,-0.345,0.5,,0.0,0.0,0.0,,,,,0.0,0.0,28.0,-0.0004960999999994,0.0019491000000044,26.89,88.0,36.5,1
51835,SO-0401,Head Constable Ramesh Mehta,Head Constable,32,2026-07-24 20:31:59+00:00,86.0,88.0,,21.1686629,72.9719021,29.600000381469727,0.912,-0.484,0.016,,0.0,0.0,0.0,,,,,0.0,0.0,31.0,-0.0009841999999977,0.00210229999999,28.28,88.0,36.5,1
51839,SO-0401,Head Constable Ramesh Mehta,Head Constable,32,2026-07-24 20:32:30+00:00,88.0,88.0,,21.1679278,72.9747931,26.600000381469727,0.47,-0.473,0.866,,0.0,0.0,0.0,,,,,0.0,0.0,31.0,-0.0007350999999999,0.0028910000000053,36.02,88.0,36.5,1
51843,SO-0401,Head Constable Ramesh Mehta,Head Constable,32,2026-07-24 20:32:57+00:00,95.0,88.0,,21.1675588,72.9761122,27.899999618530273,0.917,-0.589,0.211,,0.0,0.0,0.0,,,,,0.0,0.0,27.0,-0.0003690000000027,0.0013191000000034,19.01,88.0,36.5,1
51847,SO-0401,Head Constable Ramesh Mehta,Head Constable,32,2026-07-24 20:33:27+00:00,97.0,87.0,,21.1663362,72.9799557,28.399999618530273,0.866,-0.592,0.285,,0.0,0.0,0.0,,,,,0.0,0.0,30.0,-0.0012225999999984,0.0038435000000021,50.44,87.0,36.5,1
51851,SO-0401,Head Constable Ramesh Mehta,Head Constable,32,2026-07-24 20:33:57+00:00,93.0,87.0,,21.1649465,72.9833834,29.299999237060547,0.92,-0.566,-0.209,,0.0,0.0,0.0,,,,,0.0,0.0,30.0,-0.0013897000000007,0.0034276999999889,46.43,87.0,36.5,1
51855,SO-0401,Head Constable Ramesh Mehta,Head Constable,32,2026-07-24 20:34:27+00:00,90.0,77.0,,21.1638784,72.9858156,29.799999237060547,0.856,-0.546,0.218,,0.0,0.0,0.0,,,,,0.0,0.0,30.0,-0.0010680999999976,0.0024322000000012,33.39,77.0,36.5,1
51859,SO-0401,Head Constable Ramesh Mehta,Head Constable,32,2026-07-24 20:35:00+00:00,83.0,85.0,,21.1629092,72.989382,29.799999237060547,0.879,-0.353,0.177,,0.0,0.0,0.0,,,,,0.0,0.0,33.0,-0.0009692000000001,0.003566400000011,41.95,85.0,36.5,1
51863,SO-0401,Head Constable Ramesh Mehta,Head Constable,32,2026-07-24 20:35:27+00:00,86.0,80.0,,21.1617369,72.991073,30.700000762939453,0.787,-0.524,0.225,,0.0,0.0,0.0,,,,,0.0,0.0,27.0,-0.0011723000000003,0.0016909999999938,29.08,80.0,36.5,1
51867,SO-0401,Head Constable Ramesh Mehta,Head Constable,32,2026-07-24 20:35:58+00:00,90.0,74.0,,21.1603122,72.9945894,30.700000762939453,0.906,-0.519,0.238,,0.0,0.0,0.0,,,,,0.0,0.0,31.0,-0.0014247000000011,0.0035163999999952,46.09,74.0,36.5,1
51871,SO-0401,Head Constable Ramesh Mehta,Head Constable,32,2026-07-24 20:36:27+00:00,95.0,87.0,,21.1593652,72.9969776,31.899999618530273,0.509,-0.856,0.193,,0.0,0.0,0.0,,,,,0.0,0.0,29.0,-0.000947,0.0023881999999986,33.35,87.0,36.5,1
51875,SO-0401,Head Constable Ramesh Mehta,Head Constable,32,2026-07-24 20:36:57+00:00,100.0,82.0,,21.1584772,72.9988401,32.60000038146973,0.778,-0.552,-0.047,,0.0,0.0,0.0,,,,,0.0,0.0,30.0,-0.0008879999999997,0.0018625000000014,25.98,82.0,36.5,1
51879,SO-0401,Head Constable Ramesh Mehta,Head Constable,32,2026-07-24 20:37:27+00:00,96.0,78.0,,21.1568136,73.0015999,32.60000038146973,0.885,-0.414,0.24,,0.0,0.0,0.0,,,,,0.0,0.0,30.0,-0.0016636000000005,0.0027598000000068,40.82,78.0,36.5,1
51883,SO-0401,Head Constable Ramesh Mehta,Head Constable,32,2026-07-24 20:37:59+00:00,81.0,74.0,,21.1556398,73.0037799,32.60000038146973,0.826,-0.478,0.326,,0.0,0.0,0.0,,,,,0.0,0.0,32.0,-0.0011738000000001,0.0021799999999956,29.31,74.0,36.5,1
51887,SO-0401,Head Constable Ramesh Mehta,Head Constable,32,2026-07-24 20:38:27+00:00,81.0,81.0,,21.1546663,73.0061646,32.0,0.856,-0.505,0.267,,0.0,0.0,0.0,,,,,0.0,0.0,28.0,-0.0009735000000006,0.0023847000000074,34.64,81.0,36.5,1
51891,SO-0401,Head Constable Ramesh Mehta,Head Constable,32,2026-07-24 20:38:57+00:00,85.0,73.0,,21.1536608,73.0079144,32.89999961853027,0.396,-0.723,0.493,,0.0,0.0,0.0,,,,,0.0,0.0,30.0,-0.0010054999999979,0.0017497999999989,25.53,73.0,36.5,1
51895,SO-0401,Head Constable Ramesh Mehta,Head Constable,32,2026-07-24 20:39:30+00:00,83.0,87.0,,21.1517671,73.0115233,32.89999961853027,0.846,-0.488,0.495,,0.0,0.0,0.0,,,,,0.0,0.0,33.0,-0.0018937000000001,0.003608899999989,46.76,87.0,36.5,1
51899,SO-0401,Head Constable Ramesh Mehta,Head Constable,32,2026-07-24 20:40:00+00:00,83.0,86.0,,21.1496079,73.0155207,32.89999961853027,0.961,-0.426,0.297,,0.0,0.0,0.0,,,,,0.0,0.0,30.0,-0.0021592000000012,0.0039974000000029,57.38,86.0,36.5,1
51903,SO-0401,Head Constable Ramesh Mehta,Head Constable,32,2026-07-24 20:40:27+00:00,84.0,86.0,,21.1482564,73.0177281,30.399999618530273,0.839,-0.381,0.298,,0.0,0.0,0.0,,,,,0.0,0.0,27.0,-0.0013514999999983,0.0022074000000031,36.45,86.0,36.5,1
51907,SO-0401,Head Constable Ramesh Mehta,Head Constable,32,2026-07-24 20:40:59+00:00,91.0,87.0,,21.1453565,73.0230477,30.399999618530273,0.852,-0.698,0.281,,0.0,0.0,0.0,,,,,0.0,0.0,32.0,-0.0028999000000027,0.005319600000007,71.76,87.0,36.5,1
51911,SO-0401,Head Constable Ramesh Mehta,Head Constable,32,2026-07-24 20:41:30+00:00,100.0,85.0,,21.1428306,73.026958,30.399999618530273,0.869,-0.362,0.165,,0.0,0.0,0.0,,,,,0.0,0.0,31.0,-0.0025258999999984,0.0039102999999869,57.18,85.0,36.5,1
51915,SO-0401,Head Constable Ramesh Mehta,Head Constable,32,2026-07-24 20:41:59+00:00,81.0,83.0,,21.1411558,73.0301403,30.399999618530273,0.809,-0.529,0.006,,0.0,0.0,0.0,,,,,0.0,0.0,29.0,-0.0016747999999999,0.0031823000000059,46.95,83.0,36.5,1
51919,SO-0401,Head Constable Ramesh Mehta,Head Constable,32,2026-07-24 20:42:29+00:00,81.0,83.0,,21.1396011,73.0331043,32.10000038146973,0.892,-0.48,0.214,,0.0,0.0,0.0,,,,,0.0,0.0,30.0,-0.0015546999999997,0.0029640000000057,42.24,83.0,36.5,1
51923,SO-0401,Head Constable Ramesh Mehta,Head Constable,32,2026-07-24 20:42:59+00:00,81.0,79.0,,21.1376935,73.0361315,32.10000038146973,0.912,-0.507,0.197,,0.0,0.0,0.0,,,,,0.0,0.0,30.0,-0.0019075999999991,0.0030271999999911,45.38,79.0,36.5,1
51927,SO-0401,Head Constable Ramesh Mehta,Head Constable,32,2026-07-24 20:43:27+00:00,91.0,87.0,,21.1363802,73.0392292,34.80000019073486,0.937,-0.393,0.16,,0.0,0.0,0.0,,,,,0.0,0.0,28.0,-0.0013132999999996,0.0030976999999978,45.29,87.0,36.5,1
51930,SO-0401,Head Constable Ramesh Mehta,Head Constable,32,2026-07-24 20:43:57+00:00,84.0,80.0,,21.1351436,73.0414279,31.700000762939453,0.866,-0.584,0.267,,0.0,0.0,0.0,,,,,0.0,0.0,30.0,-0.0012366000000021,0.0021987000000081,31.89,80.0,36.5,1
51934,SO-0401,Head Constable Ramesh Mehta,Head Constable,32,2026-07-24 20:44:27+00:00,83.0,79.0,,21.1335836,73.0446408,31.5,0.708,-0.637,0.172,,0.0,0.0,0.0,,,,,0.0,0.0,30.0,-0.0015599999999977,0.003212899999994,44.99,79.0,36.5,1
51938,SO-0401,Head Constable Ramesh Mehta,Head Constable,32,2026-07-24 20:44:57+00:00,84.0,84.0,,21.1320661,73.0486145,32.10000038146973,0.905,-0.601,0.126,,0.0,0.0,0.0,,,,,0.0,0.0,30.0,-0.001517500000002,0.003973700000003,53.34,84.0,36.5,1
51942,SO-0401,Head Constable Ramesh Mehta,Head Constable,32,2026-07-24 20:45:29+00:00,89.0,67.0,,21.1306539,73.0540619,32.10000038146973,0.381,-0.563,0.84,,0.0,0.0,0.0,,,,,0.0,0.0,32.0,-0.0014122000000007,0.0054473999999942,65.84,67.0,36.5,1
51946,SO-0401,Head Constable Ramesh Mehta,Head Constable,32,2026-07-24 20:45:59+00:00,83.0,78.0,,21.1288777,73.0591846,32.10000038146973,0.82,-0.464,0.203,,0.0,0.0,0.0,,,,,0.0,0.0,30.0,-0.0017761999999983,0.0051227000000011,67.89,78.0,36.5,1
51950,SO-0401,Head Constable Ramesh Mehta,Head Constable,32,2026-07-24 20:46:29+00:00,83.0,78.0,,21.1268731,73.0643891,34.40000057220459,0.817,-0.426,0.166,,0.0,0.0,0.0,,,,,0.0,0.0,30.0,-0.0020045999999993,0.0052045000000049,69.94,78.0,36.5,1
51954,SO-0401,Head Constable Ramesh Mehta,Head Constable,32,2026-07-24 20:46:58+00:00,86.0,83.0,,21.1254288,73.069844,34.40000057220459,0.885,-0.573,0.13,,0.0,0.0,0.0,,,,,0.0,0.0,29.0,-0.0014442999999992,0.0054549000000037,72.86,83.0,36.5,1
51958,SO-0401,Head Constable Ramesh Mehta,Head Constable,32,2026-07-24 20:47:27+00:00,84.0,85.0,,21.1237188,73.0754297,34.40000057220459,-1.036,-0.312,0.086,,0.0,0.0,0.0,,,,,0.0,0.0,29.0,-0.0017100000000027,0.0055856999999974,75.54,85.0,36.5,1
51962,SO-0401,Head Constable Ramesh Mehta,Head Constable,32,2026-07-24 20:47:57+00:00,85.0,88.0,,21.1230399,73.0800695,35.60000038146973,-0.771,-0.496,0.376,,0.0,0.0,0.0,,,,,0.0,0.0,30.0,-0.0006789000000004,0.0046397999999925,58.34,88.0,36.5,1
51966,SO-0401,Head Constable Ramesh Mehta,Head Constable,32,2026-07-24 20:48:27+00:00,83.0,88.0,,21.1207594,73.0852566,37.19999980926514,0.98,-0.51,0.377,,0.0,0.0,0.0,,,,,0.0,0.0,30.0,-0.0022804999999976,0.0051871000000005,71.23,88.0,36.5,1
51970,SO-0401,Head Constable Ramesh Mehta,Head Constable,32,2026-07-24 20:48:57+00:00,89.0,84.0,,21.1207505,73.0856582,36.80000019073486,0.9,-0.62,0.259,,0.0,0.0,0.0,,,,,0.0,0.0,30.0,-8.90000000097757e-06,0.0004016000000035,4.99,84.0,36.5,1
51974,SO-0401,Head Constable Ramesh Mehta,Head Constable,32,2026-07-24 20:49:27+00:00,97.0,87.0,,21.1238555,73.0897386,36.90000057220459,0.107,-0.663,0.767,,0.0,0.0,0.0,,,,,0.0,0.0,30.0,0.0031050000000014,0.0040804000000065,65.42,87.0,36.5,1
51978,SO-0401,Head Constable Ramesh Mehta,Head Constable,32,2026-07-24 20:49:57+00:00,83.0,87.0,,21.1264008,73.0924098,34.80000019073486,0.541,-0.419,0.238,,0.0,0.0,0.0,,,,,0.0,0.0,30.0,0.0025452999999977,0.0026711999999946,47.44,87.0,36.5,1
51982,SO-0401,Head Constable Ramesh Mehta,Head Constable,32,2026-07-24 20:50:26+00:00,89.0,78.0,,21.1275512,73.0948833,34.0,0.93,-0.494,0.249,,0.0,0.0,0.0,,,,,0.0,0.0,29.0,0.0011504000000002,0.0024735000000077,35.52,78.0,36.5,1
51986,SO-0401,Head Constable Ramesh Mehta,Head Constable,32,2026-07-24 20:50:57+00:00,84.0,88.0,,21.1289819,73.0970846,36.5,0.077,-1.005,0.241,,0.0,0.0,0.0,,,,,0.0,0.0,31.0,0.0014307000000002,0.0022012999999958,32.25,88.0,36.5,1
51990,SO-0401,Head Constable Ramesh Mehta,Head Constable,32,2026-07-24 20:51:29+00:00,91.0,87.0,,21.130938,73.0995842,36.5,0.883,-0.417,0.452,,0.0,0.0,0.0,,,,,0.0,0.0,32.0,0.001956100000001,0.002499599999993,38.0,87.0,36.5,1
51994,SO-0401,Head Constable Ramesh Mehta,Head Constable,32,2026-07-24 20:51:57+00:00,89.0,79.0,,21.1317636,73.1022481,38.0,0.82,-0.517,0.351,,0.0,0.0,0.0,,,,,0.0,0.0,28.0,0.0008255999999988,0.0026639000000017,37.36,79.0,36.5,1
51998,SO-0401,Head Constable Ramesh Mehta,Head Constable,32,2026-07-24 20:52:27+00:00,100.0,88.0,,21.1322738,73.1037174,38.0,0.838,-0.606,0.156,,0.0,0.0,0.0,,,,,0.0,0.0,30.0,0.0005102000000007,0.0014692999999965,19.47,88.0,36.5,1
52002,SO-0401,Head Constable Ramesh Mehta,Head Constable,32,2026-07-24 20:52:57+00:00,83.0,88.0,,21.1331998,73.105517,37.10000038146973,1.038,-0.432,0.116,,0.0,0.0,0.0,,,,,0.0,0.0,30.0,0.0009259999999997,0.0017996000000124,25.53,88.0,36.5,1
52006,SO-0401,Head Constable Ramesh Mehta,Head Constable,32,2026-07-24 20:53:29+00:00,86.0,88.0,,21.1337703,73.1069565,38.60000038146973,0.834,-0.308,0.151,,0.0,0.0,0.0,,,,,0.0,0.0,32.0,0.0005704999999984,0.0014394999999893,18.21,88.0,36.5,1
52010,SO-0401,Head Constable Ramesh Mehta,Head Constable,32,2026-07-24 20:53:57+00:00,82.0,88.0,,21.1343632,73.1087648,36.90000057220459,0.388,-0.573,0.729,,0.0,0.0,0.0,,,,,0.0,0.0,28.0,0.0005929000000008,0.0018083000000075,25.51,88.0,36.5,1
52014,SO-0401,Head Constable Ramesh Mehta,Head Constable,32,2026-07-24 20:54:27+00:00,100.0,88.0,,21.133878,73.1098364,42.5,0.045,-0.594,0.908,,0.0,0.0,0.0,,,,,0.0,0.0,30.0,-0.0004851999999999,0.001071600000003,14.8,88.0,36.5,1
52018,SO-0401,Head Constable Ramesh Mehta,Head Constable,32,2026-07-24 20:54:57+00:00,81.0,87.0,,21.1324379,73.11075,34.90000057220459,0.194,-0.374,0.913,,0.0,0.0,0.0,,,,,0.0,0.0,30.0,-0.0014400999999999,0.0009135999999898,22.29,87.0,36.5,1
52022,SO-0401,Head Constable Ramesh Mehta,Head Constable,32,2026-07-24 20:55:27+00:00,92.0,85.0,,21.132741,73.1128836,35.90000057220459,0.903,-0.257,0.024,,0.0,0.0,0.0,,,,,0.0,0.0,30.0,0.0003031,0.0021336000000076,26.81,85.0,36.5,1
52025,SO-0401,Head Constable Ramesh Mehta,Head Constable,32,2026-07-24 20:56:00+00:00,92.0,88.0,,21.1328781,73.1153289,35.90000057220459,0.888,-0.458,0.166,,0.0,0.0,0.0,,,,,0.0,0.0,33.0,0.0001370999999998,0.0024452999999908,27.66,88.0,36.5,1
52029,SO-0401,Head Constable Ramesh Mehta,Head Constable,32,2026-07-24 20:56:27+00:00,92.0,86.0,,21.1336098,73.1158015,36.80000019073486,0.936,-0.548,-0.165,,0.0,0.0,0.0,,,,,0.0,0.0,27.0,0.0007316999999993,0.000472600000009,12.64,86.0,36.5,1
52032,SO-0401,Head Constable Ramesh Mehta,Head Constable,32,2026-07-24 20:56:57+00:00,86.0,86.0,,21.1345407,73.1162734,36.69999980926514,0.78,-0.474,0.277,,0.0,0.0,0.0,,,,,0.0,0.0,30.0,0.0009309000000001,0.0004718999999937,13.72,86.0,36.5,1
52036,SO-0401,Head Constable Ramesh Mehta,Head Constable,32,2026-07-24 20:57:27+00:00,84.0,88.0,,21.1343643,73.1177303,36.69999980926514,0.332,-0.591,0.742,,0.0,0.0,0.0,,,,,0.0,0.0,30.0,-0.0001763999999973,0.0014569000000079,18.25,88.0,36.5,1
52040,SO-0401,Head Constable Ramesh Mehta,Head Constable,32,2026-07-24 20:58:00+00:00,84.0,76.0,,21.1345385,73.1178299,39.19999980926514,0.803,0.026,0.637,,0.0,0.0,0.0,,,,,0.0,0.0,33.0,0.0001742,9.959999999864522e-05,2.39,76.0,36.5,0
52044,SO-0401,Head Constable Ramesh Mehta,Head Constable,32,2026-07-24 20:58:29+00:00,86.0,75.0,,21.134499,73.1178316,38.30000019073486,0.567,1.105,0.384,,0.0,0.0,0.0,,,,,0.0,0.0,29.0,-3.949999999974807e-05,1.6999999985500835e-06,0.54,75.0,36.5,0
52047,SO-0401,Head Constable Ramesh Mehta,Head Constable,32,2026-07-24 20:58:57+00:00,92.0,87.0,,21.1344492,73.1177345,38.30000019073486,0.012,0.736,0.047,,0.0,0.0,0.0,,,,,0.0,0.0,28.0,-4.980000000287532e-05,-9.710000000495712e-05,1.47,87.0,36.5,2
52050,SO-0401,Head Constable Ramesh Mehta,Head Constable,32,2026-07-24 20:59:27+00:00,86.0,88.0,,21.1343971,73.1176799,36.30000019073486,-0.067,1.023,0.06,,0.0,0.0,0.0,,,,,0.0,0.0,30.0,-5.209999999777892e-05,-5.459999999857246e-05,0.97,88.0,36.5,0
52054,SO-0401,Head Constable Ramesh Mehta,Head Constable,32,2026-07-24 20:59:57+00:00,83.0,86.0,,21.134443,73.1179209,36.5,1.511,0.081,-0.015,,0.0,0.0,0.0,,,,,0.0,0.0,30.0,4.5899999999932106e-05,0.0002410000000026,3.06,86.0,36.5,0
52058,SO-0401,Head Constable Ramesh Mehta,Head Constable,32,2026-07-24 21:00:27+00:00,85.0,59.0,,21.1344006,73.1177857,36.5,1.034,0.028,0.183,,0.0,0.0,0.0,,,,,0.0,0.0,30.0,-4.240000000166333e-05,-0.0001352000000025,1.77,59.0,36.5,0
52062,SO-0401,Head Constable Ramesh Mehta,Head Constable,32,2026-07-24 21:01:01+00:00,87.0,,,21.1357606,73.1200235,36.5,0.705,-0.075,-0.695,,0.0,0.0,0.0,,,,,0.0,0.0,34.0,0.0013600000000018,0.0022378000000031,29.28,59.0,36.5,1
57752,SO-0401,Head Constable Ramesh Mehta,Head Constable,32,2026-07-26 18:06:23+00:00,91.0,88.0,,21.180291,72.9380489,22.700000762939453,-0.557,0.261,0.781,,0.0,0.0,0.0,,,,,0.0,0.0,162322.0,0.0445303999999993,-0.1819746000000037,0.0,88.0,36.5,2
57756,SO-0401,Head Constable Ramesh Mehta,Head Constable,32,2026-07-26 18:06:53+00:00,86.0,88.0,,21.180293,72.9380572,22.799999237060547,-0.586,0.309,0.672,,0.0,0.0,0.0,,,,,0.0,0.0,30.0,1.999999998503199e-06,8.300000004624053e-06,0.11,88.0,36.5,0
57761,SO-0401,Head Constable Ramesh Mehta,Head Constable,32,2026-07-26 18:07:23+00:00,95.0,88.0,,21.1802916,72.9380489,22.799999237060547,-0.63,0.387,0.682,,0.0,0.0,0.0,,,,,0.0,0.0,30.0,-1.399999998596968e-06,-8.300000004624053e-06,0.1,88.0,36.5,2
57795,SO-0401,Head Constable Ramesh Mehta,Head Constable,32,2026-07-26 18:16:25+00:00,89.0,88.0,,21.1802825,72.938044,22.799999237060547,0.0,-0.02,1.031,,0.0,0.0,0.0,,,,,0.0,0.0,542.0,-9.099999999762076e-06,-4.899999993313031e-06,0.0,88.0,36.5,0
64819,SO-0401,Head Constable Ramesh Mehta,Head Constable,32,2026-07-29 13:39:40+00:00,100.0,87.0,,21.180288,72.9380493,22.799999237060547,-0.501,-0.028,0.564,,0.0,0.0,0.0,,,,,0.0,0.0,242595.0,5.50000000032469e-06,5.29999999798747e-06,0.0,87.0,36.5,2
64822,SO-0401,Head Constable Ramesh Mehta,Head Constable,32,2026-07-29 13:40:10+00:00,83.0,88.0,,21.1803017,72.9379925,22.700000762939453,-0.714,-0.07,0.735,,0.0,0.0,0.0,,,,,0.0,0.0,30.0,1.370000000022742e-05,-5.680000001007102e-05,0.73,88.0,36.5,0
64825,SO-0401,Head Constable Ramesh Mehta,Head Constable,32,2026-07-29 13:40:40+00:00,95.0,88.0,,21.1802885,72.9380548,22.799999237060547,-0.836,0.045,0.581,,0.0,0.0,0.0,,,,,0.0,0.0,30.0,-1.3200000001489798e-05,6.23000000103957e-05,0.79,88.0,36.5,2
64830,SO-0401,Head Constable Ramesh Mehta,Head Constable,32,2026-07-29 13:41:10+00:00,83.0,88.0,,21.1802914,72.9380508,22.799999237060547,-0.87,0.106,0.599,,0.0,0.0,0.0,,,,,0.0,0.0,30.0,2.900000001915259e-06,-4.0000000041118255e-06,0.06,88.0,36.5,0
64834,SO-0401,Head Constable Ramesh Mehta,Head Constable,32,2026-07-29 13:41:41+00:00,99.0,84.0,,21.1802874,72.9380522,22.799999237060547,-0.912,0.261,0.715,,0.0,0.0,0.0,,,,,0.0,0.0,31.0,-4.000000000559112e-06,1.4000000021496817e-06,0.05,84.0,36.5,2
64838,SO-0401,Head Constable Ramesh Mehta,Head Constable,32,2026-07-29 13:42:12+00:00,98.0,88.0,,21.180296,72.938048,22.799999237060547,-0.911,0.268,-0.045,,0.0,0.0,0.0,,,,,0.0,0.0,31.0,8.599999997471741e-06,-4.200000006449045e-06,0.12,88.0,36.5,2
64842,SO-0401,Head Constable Ramesh Mehta,Head Constable,32,2026-07-29 13:42:40+00:00,88.0,88.0,,21.1802914,72.93805,22.799999237060547,-0.629,-0.124,0.816,,0.0,0.0,0.0,,,,,0.0,0.0,28.0,-4.599999996912629e-06,2.00000000916134e-06,0.07,88.0,36.5,0
64846,SO-0401,Head Constable Ramesh Mehta,Head Constable,32,2026-07-29 13:43:10+00:00,91.0,88.0,,21.180266,72.9380152,22.799999237060547,-0.739,-0.187,0.681,,0.0,0.0,0.0,,,,,0.0,0.0,30.0,-2.540000000195164e-05,-3.480000000877226e-05,0.55,88.0,36.5,2
64850,SO-0401,Head Constable Ramesh Mehta,Head Constable,32,2026-07-29 13:43:40+00:00,84.0,88.0,,21.1802905,72.9380418,22.799999237060547,-0.932,-0.26,0.175,,0.0,0.0,0.0,,,,,0.0,0.0,30.0,2.4500000002092293e-05,2.6599999998211388e-05,0.46,88.0,36.5,0
64854,SO-0401,Head Constable Ramesh Mehta,Head Constable,32,2026-07-29 13:44:11+00:00,94.0,88.0,,21.1802617,72.9380034,22.799999237060547,-0.968,0.252,0.042,,0.0,0.0,0.0,,,,,0.0,0.0,31.0,-2.880000000260452e-05,-3.839999999399879e-05,0.59,88.0,36.5,2
64858,SO-0401,Head Constable Ramesh Mehta,Head Constable,32,2026-07-29 13:44:40+00:00,83.0,86.0,,21.1802916,72.9380451,22.799999237060547,-0.631,0.386,0.102,,0.0,0.0,0.0,,,,,0.0,0.0,29.0,2.9900000001248372e-05,4.1699999997035775e-05,0.68,86.0,36.5,0
64862,SO-0401,Head Constable Ramesh Mehta,Head Constable,32,2026-07-29 13:45:10+00:00,91.0,88.0,,21.1802858,72.9380545,22.799999237060547,-0.537,-0.597,0.419,,0.0,0.0,0.0,,,,,0.0,0.0,30.0,-5.800000000277805e-06,9.400000010373333e-06,0.14,88.0,36.5,2
64866,SO-0401,Head Constable Ramesh Mehta,Head Constable,32,2026-07-29 13:45:40+00:00,93.0,88.0,,21.1802916,72.9380529,22.799999237060547,-0.778,-0.205,0.628,,0.0,0.0,0.0,,,,,0.0,0.0,30.0,5.800000000277805e-06,-1.6000000044869012e-06,0.08,88.0,36.5,2
64870,SO-0401,Head Constable Ramesh Mehta,Head Constable,32,2026-07-29 13:46:10+00:00,95.0,85.0,,21.1802934,72.9380534,22.799999237060547,-0.78,-0.212,0.623,,0.0,0.0,0.0,,,,,0.0,0.0,30.0,1.7999999997186933e-06,4.999999987376214e-07,0.02,85.0,36.5,2
64874,SO-0401,Head Constable Ramesh Mehta,Head Constable,32,2026-07-29 13:46:40+00:00,95.0,88.0,,21.1802921,72.9380507,22.799999237060547,-0.625,-0.674,0.434,,0.0,0.0,0.0,,,,,0.0,0.0,30.0,-1.300000000981072e-06,-2.6999999960253263e-06,0.04,88.0,36.5,2
64878,SO-0401,Head Constable Ramesh Mehta,Head Constable,32,2026-07-29 13:47:10+00:00,93.0,86.0,,21.1802891,72.9380439,22.799999237060547,-0.704,-0.593,0.234,,0.0,0.0,0.0,,,,,0.0,0.0,30.0,-2.9999999995311555e-06,-6.800000008411189e-06,0.09,86.0,36.5,2
64883,SO-0401,Head Constable Ramesh Mehta,Head Constable,32,2026-07-29 13:47:40+00:00,85.0,71.0,,21.1802712,72.9379817,22.799999237060547,-0.148,-0.914,-0.143,,0.0,0.0,0.0,,,,,0.0,0.0,30.0,-1.7899999999571037e-05,-6.220000000212167e-05,0.81,71.0,36.5,0
64885,SO-0401,Head Constable Ramesh Mehta,Head Constable,32,2026-07-29 13:48:10+00:00,81.0,84.0,,21.1803086,72.9380063,22.700000762939453,-0.765,-0.04,-0.843,,0.0,0.0,0.0,,,,,0.0,0.0,30.0,3.740000000007626e-05,2.4600000003260906e-05,0.58,84.0,36.5,0
64890,SO-0401,Head Constable Ramesh Mehta,Head Constable,32,2026-07-29 13:48:40+00:00,87.0,88.0,,21.1802719,72.9380232,22.700000762939453,-0.937,0.445,-0.445,,0.0,0.0,0.0,,,,,0.0,0.0,30.0,-3.669999999900142e-05,1.6900000005648508e-05,0.53,88.0,36.5,0
64893,SO-0401,Head Constable Ramesh Mehta,Head Constable,32,2026-07-29 13:49:10+00:00,94.0,88.0,,21.1802668,72.9380235,22.700000762939453,-0.718,0.053,-0.627,,0.0,0.0,0.0,,,,,0.0,0.0,30.0,-5.100000002755678e-06,2.999999964004019e-07,0.07,88.0,36.5,2
64898,SO-0401,Head Constable Ramesh Mehta,Head Constable,32,2026-07-29 13:49:40+00:00,89.0,88.0,,21.1802591,72.9380206,22.700000762939453,-0.87,-0.015,-0.432,,0.0,0.0,0.0,,,,,0.0,0.0,30.0,-7.699999997612395e-06,-2.8999999983625457e-06,0.11,88.0,36.5,0
64902,SO-0401,Head Constable Ramesh Mehta,Head Constable,32,2026-07-29 13:50:10+00:00,87.0,87.0,,21.1802622,72.9380203,22.700000762939453,-0.676,0.009,0.719,,0.0,0.0,0.0,,,,,0.0,0.0,30.0,3.1000000006997652e-06,-2.999999964004019e-07,0.04,87.0,36.5,0
64906,SO-0401,Head Constable Ramesh Mehta,Head Constable,32,2026-07-29 13:50:40+00:00,85.0,86.0,,21.1802615,72.9380188,22.700000762939453,1.334,-0.019,1.471,,0.0,0.0,0.0,,,,,0.0,0.0,30.0,-7.000000010748408e-07,-1.5000000104237188e-06,0.02,86.0,36.5,1
64910,SO-0401,Head Constable Ramesh Mehta,Head Constable,32,2026-07-29 13:51:10+00:00,83.0,88.0,,21.1802627,72.9380207,22.700000762939453,-0.861,0.03,0.542,,0.0,0.0,0.0,,,,,0.0,0.0,30.0,1.1999999998124622e-06,1.900000000887303e-06,0.03,88.0,36.5,1
64914,SO-0401,Head Constable Ramesh Mehta,Head Constable,32,2026-07-29 13:51:40+00:00,92.0,83.0,,21.1802586,72.9380261,22.700000762939453,-0.29,-0.995,-0.021,,0.0,0.0,0.0,,,,,0.0,0.0,30.0,-4.100000001727722e-06,5.400000006261507e-06,0.09,83.0,36.5,1
64917,SO-0401,Head Constable Ramesh Mehta,Head Constable,32,2026-07-29 13:52:10+00:00,84.0,80.0,,21.1802712,72.938004,22.700000762939453,-0.286,-1.007,-0.524,,0.0,0.0,0.0,,,,,0.0,0.0,30.0,1.2600000001583568e-05,-2.209999999536194e-05,0.32,80.0,36.5,1
64922,SO-0401,Head Constable Ramesh Mehta,Head Constable,32,2026-07-29 13:52:40+00:00,84.0,85.0,,21.1802593,72.9380236,22.700000762939453,-0.558,-0.624,0.61,,0.0,0.0,0.0,,,,,0.0,0.0,30.0,-1.1900000000508726e-05,1.959999998746298e-05,0.29,85.0,36.5,1
64925,SO-0401,Head Constable Ramesh Mehta,Head Constable,32,2026-07-29 13:53:10+00:00,83.0,86.0,,21.1803039,72.9380107,22.700000762939453,-0.599,-0.648,0.527,,0.0,0.0,0.0,,,,,0.0,0.0,30.0,4.4599999998951034e-05,-1.2899999987325828e-05,0.62,86.0,36.5,0
64928,SO-0401,Head Constable Ramesh Mehta,Head Constable,32,2026-07-29 13:53:40+00:00,84.0,78.0,,21.1803039,72.9380107,22.700000762939453,-0.326,-0.956,-0.117,,0.0,0.0,0.0,,,,,0.0,0.0,30.0,0.0,0.0,0.0,78.0,36.5,0
64931,SO-0401,Head Constable Ramesh Mehta,Head Constable,32,2026-07-29 13:54:10+00:00,97.0,87.0,,21.1802596,72.9380196,22.700000762939453,-0.796,-0.547,0.317,,0.0,0.0,0.0,,,,,0.0,0.0,30.0,-4.429999999899792e-05,8.899999997424857e-06,0.6,87.0,36.5,2
64934,SO-0401,Head Constable Ramesh Mehta,Head Constable,32,2026-07-29 13:54:40+00:00,87.0,88.0,,21.1802666,72.9380246,22.799999237060547,-0.271,-0.442,0.58,,0.0,0.0,0.0,,,,,0.0,0.0,30.0,7.000000000090267e-06,5.000000001587068e-06,0.11,88.0,36.5,0
64940,SO-0401,Head Constable Ramesh Mehta,Head Constable,32,2026-07-29 13:55:10+00:00,88.0,86.0,,21.1802577,72.9380217,22.700000762939453,-0.607,-0.301,0.724,,0.0,0.0,0.0,,,,,0.0,0.0,30.0,-8.90000000097757e-06,-2.9000000125734005e-06,0.12,86.0,36.5,0
64943,SO-0401,Head Constable Ramesh Mehta,Head Constable,32,2026-07-29 13:55:40+00:00,95.0,86.0,,21.1802747,72.938032,22.700000762939453,-0.687,0.591,-0.317,,0.0,0.0,0.0,,,,,0.0,0.0,30.0,1.699999999971169e-05,1.0300000013785391e-05,0.26,86.0,36.5,2
64945,SO-0401,Head Constable Ramesh Mehta,Head Constable,32,2026-07-29 13:56:10+00:00,91.0,85.0,,21.1802558,72.938007,22.700000762939453,-0.807,0.387,0.46,,0.0,0.0,0.0,,,,,0.0,0.0,30.0,-1.889999999704628e-05,-2.500000000793534e-05,0.4,85.0,36.5,2
64950,SO-0401,Head Constable Ramesh Mehta,Head Constable,32,2026-07-29 13:56:40+00:00,96.0,88.0,,21.180281,72.9380212,22.700000762939453,-0.359,0.386,0.761,,0.0,0.0,0.0,,,,,0.0,0.0,30.0,2.519999999961442e-05,1.4199999995412329e-05,0.38,88.0,36.5,2
64953,SO-0401,Head Constable Ramesh Mehta,Head Constable,32,2026-07-29 13:57:10+00:00,87.0,81.0,,21.1802843,72.9380206,22.700000762939453,-0.983,0.156,-0.06,,0.0,0.0,0.0,,,,,0.0,0.0,30.0,3.299999999484271e-06,-5.999999928008037e-07,0.04,81.0,36.5,0
64956,SO-0401,Head Constable Ramesh Mehta,Head Constable,32,2026-07-29 13:57:40+00:00,89.0,88.0,,21.180265,72.938026,22.700000762939453,-0.897,0.538,-0.309,,0.0,0.0,0.0,,,,,0.0,0.0,30.0,-1.930000000172072e-05,5.3999999920506525e-06,0.27,88.0,36.5,0
64958,SO-0401,Head Constable Ramesh Mehta,Head Constable,32,2026-07-29 13:58:10+00:00,90.0,88.0,,21.1802678,72.9380266,22.700000762939453,-0.811,0.09,0.612,,0.0,0.0,0.0,,,,,0.0,0.0,30.0,2.8000000007466497e-06,6.000000070116585e-07,0.04,88.0,36.5,0
64963,SO-0401,Head Constable Ramesh Mehta,Head Constable,32,2026-07-29 13:58:40+00:00,83.0,87.0,,21.1802678,72.9380266,22.700000762939453,-0.332,0.737,-0.399,,0.0,0.0,0.0,,,,,0.0,0.0,30.0,0.0,0.0,0.0,87.0,36.5,0
74425,SO-0401,Head Constable Ramesh Mehta,Head Constable,32,2026-08-02 17:23:30+00:00,95.0,88.0,,21.1802939,72.9380426,23.0,1.094,0.321,-0.011,,0.0,0.0,0.0,,,,,0.0,0.0,357890.0,2.6099999999473766e-05,1.6000000002236447e-05,0.0,88.0,36.5,2
74428,SO-0401,Head Constable Ramesh Mehta,Head Constable,32,2026-08-02 17:24:00+00:00,92.0,88.0,,21.1803041,72.9380445,23.0,0.927,0.005,0.469,,0.0,0.0,0.0,,,,,0.0,0.0,30.0,1.0200000001958642e-05,1.900000000887303e-06,0.14,88.0,36.5,2
87248,SO-0401,Head Constable Ramesh Mehta,Head Constable,32,2026-08-10 14:28:30+00:00,87.0,86.0,,21.1802949,72.9380279,23.0,-0.803,-0.143,-0.53,,0.0,0.0,0.0,,,,,0.0,0.0,680670.0,-9.200000000930686e-06,-1.6600000009248106e-05,0.0,86.0,36.5,0
87250,SO-0401,Head Constable Ramesh Mehta,Head Constable,32,2026-08-10 14:29:00+00:00,91.0,84.0,,21.1802585,72.9380189,23.0,-1.069,-0.076,-0.389,,0.0,0.0,0.0,,,,,0.0,0.0,30.0,-3.6399999999048305e-05,-8.999999991488039e-06,0.5,84.0,36.5,2
87252,SO-0401,Head Constable Ramesh Mehta,Head Constable,32,2026-08-10 14:29:30+00:00,82.0,82.0,,21.1803147,72.9380394,23.0,-0.034,-0.991,0.295,,0.0,0.0,0.0,,,,,0.0,0.0,30.0,5.619999999950665e-05,2.049999999087504e-05,0.79,82.0,36.5,0
87254,SO-0401,Head Constable Ramesh Mehta,Head Constable,32,2026-08-10 14:30:01+00:00,85.0,87.0,,21.1802746,72.9380225,23.0,-0.233,-0.481,0.868,,0.0,0.0,0.0,,,,,0.0,0.0,31.0,-4.00999999996543e-05,-1.6899999991437653e-05,0.56,87.0,36.5,0
87256,SO-0401,Head Constable Ramesh Mehta,Head Constable,32,2026-08-10 14:30:30+00:00,96.0,70.0,,21.1803067,72.9380262,23.0,-0.78,-0.559,-0.442,,0.0,0.0,0.0,,,,,0.0,0.0,29.0,3.209999999853608e-05,3.699999993500569e-06,0.44,70.0,36.5,2
87258,SO-0401,Head Constable Ramesh Mehta,Head Constable,32,2026-08-10 14:31:00+00:00,81.0,87.0,,21.1802576,72.93802,23.0,-0.935,-0.309,-0.478,,0.0,0.0,0.0,,,,,0.0,0.0,30.0,-4.909999999824777e-05,-6.2000000013995304e-06,0.66,87.0,36.5,0
87260,SO-0401,Head Constable Ramesh Mehta,Head Constable,32,2026-08-10 14:31:30+00:00,86.0,83.0,,21.1803185,72.9380295,23.0,-0.245,-0.958,-0.149,,0.0,0.0,0.0,,,,,0.0,0.0,30.0,6.089999999758789e-05,9.500000004436515e-06,0.82,83.0,36.5,0
87262,SO-0401,Head Constable Ramesh Mehta,Head Constable,32,2026-08-10 14:32:00+00:00,81.0,84.0,,21.1803038,72.9380451,23.0,-0.181,-0.987,-0.056,,0.0,0.0,0.0,,,,,0.0,0.0,30.0,-1.4699999997702662e-05,1.559999999756201e-05,0.28,84.0,36.5,0
87264,SO-0401,Head Constable Ramesh Mehta,Head Constable,32,2026-08-10 14:32:30+00:00,90.0,88.0,,21.1802845,72.9380388,23.0,-0.611,-0.3,0.741,,0.0,0.0,0.0,,,,,0.0,0.0,30.0,-1.930000000172072e-05,-6.299999995462713e-06,0.27,88.0,36.5,0
87266,SO-0401,Head Constable Ramesh Mehta,Head Constable,32,2026-08-10 14:33:00+00:00,81.0,86.0,,21.1802996,72.9380401,23.0,-0.857,-0.31,-0.332,,0.0,0.0,0.0,,,,,0.0,0.0,30.0,1.51000000023771e-05,1.2999999938756446e-06,0.2,86.0,36.5,0
87268,SO-0401,Head Constable Ramesh Mehta,Head Constable,32,2026-08-10 14:33:30+00:00,94.0,87.0,,21.1802965,72.9380312,23.0,-0.646,-0.672,0.491,,0.0,0.0,0.0,,,,,0.0,0.0,30.0,-3.1000000006997652e-06,-8.899999997424857e-06,0.12,87.0,36.5,2
87270,SO-0401,Head Constable Ramesh Mehta,Head Constable,32,2026-08-10 14:34:00+00:00,89.0,86.0,,21.1802857,72.9380361,23.0,0.368,-1.132,-0.242,,0.0,0.0,0.0,,,,,0.0,0.0,30.0,-1.0800000001864872e-05,4.900000007523886e-06,0.16,86.0,36.5,0
87272,SO-0401,Head Constable Ramesh Mehta,Head Constable,32,2026-08-10 14:34:30+00:00,89.0,77.0,,21.1802872,72.9380364,23.0,0.257,0.109,0.913,,0.0,0.0,0.0,,,,,0.0,0.0,30.0,1.4999999997655775e-06,2.999999964004019e-07,0.02,77.0,36.5,0
87274,SO-0401,Head Constable Ramesh Mehta,Head Constable,32,2026-08-10 14:35:00+00:00,91.0,85.0,,21.1803031,72.9380461,23.0,-1.255,0.089,-0.021,,0.0,0.0,0.0,,,,,0.0,0.0,30.0,1.5900000001067838e-05,9.69999999256288e-06,0.24,85.0,36.5,2
87276,SO-0401,Head Constable Ramesh Mehta,Head Constable,32,2026-08-10 14:35:30+00:00,86.0,76.0,,21.1802864,72.9380344,23.0,-0.006,0.986,0.071,,0.0,0.0,0.0,,,,,0.0,0.0,30.0,-1.6699999999758575e-05,-1.1699999987513364e-05,0.27,76.0,36.5,0
87278,SO-0401,Head Constable Ramesh Mehta,Head Constable,32,2026-08-10 14:36:00+00:00,81.0,87.0,,21.180286,72.9380392,23.0,-0.432,0.886,0.051,,0.0,0.0,0.0,,,,,0.0,0.0,30.0,-4.000000011217253e-07,4.799999999249849e-06,0.06,87.0,36.5,0
87280,SO-0401,Head Constable Ramesh Mehta,Head Constable,32,2026-08-10 14:36:30+00:00,86.0,87.0,,21.1802969,72.9380338,23.0,-1.076,-0.469,0.232,,0.0,0.0,0.0,,,,,0.0,0.0,30.0,1.089999999948077e-05,-5.400000006261507e-06,0.16,87.0,36.5,0
87282,SO-0401,Head Constable Ramesh Mehta,Head Constable,32,2026-08-10 14:37:00+00:00,81.0,76.0,,21.1802986,72.9380423,23.0,-0.431,0.075,0.921,,0.0,0.0,0.0,,,,,0.0,0.0,30.0,1.7000000021027972e-06,8.500000006961272e-06,0.11,76.0,36.5,0
87284,SO-0401,Head Constable Ramesh Mehta,Head Constable,32,2026-08-10 14:37:30+00:00,81.0,67.0,,21.180305,72.9380449,23.0,-0.484,0.063,0.914,,0.0,0.0,0.0,,,,,0.0,0.0,30.0,6.400000000184036e-06,2.599999987751289e-06,0.09,67.0,36.5,0
87286,SO-0401,Head Constable Ramesh Mehta,Head Constable,32,2026-08-10 14:38:00+00:00,82.0,81.0,,21.1803029,72.9380413,23.0,-0.537,0.042,0.96,,0.0,0.0,0.0,,,,,0.0,0.0,30.0,-2.099999999671809e-06,-3.5999999994373866e-06,0.05,81.0,36.5,0
87288,SO-0401,Head Constable Ramesh Mehta,Head Constable,32,2026-08-10 14:38:30+00:00,81.0,59.0,,21.180296,72.9380336,23.0,-0.521,0.069,0.882,,0.0,0.0,0.0,,,,,0.0,0.0,30.0,-6.900000002474371e-06,-7.699999997612395e-06,0.13,59.0,36.5,0
87290,SO-0401,Head Constable Ramesh Mehta,Head Constable,32,2026-08-10 14:39:00+00:00,82.0,73.0,,21.180303,72.9380445,23.0,-0.505,0.062,0.898,,0.0,0.0,0.0,,,,,0.0,0.0,30.0,7.000000000090267e-06,1.0900000006586197e-05,0.16,73.0,36.5,0
87292,SO-0401,Head Constable Ramesh Mehta,Head Constable,32,2026-08-10 14:39:30+00:00,82.0,76.0,,21.1802962,72.938041,23.0,-0.495,0.048,0.914,,0.0,0.0,0.0,,,,,0.0,0.0,30.0,-6.799999997753048e-06,-3.500000005374204e-06,0.1,76.0,36.5,0
87294,SO-0401,Head Constable Ramesh Mehta,Head Constable,32,2026-08-10 14:40:00+00:00,85.0,79.0,,21.1802983,72.938048,23.0,-0.479,0.003,0.91,,0.0,0.0,0.0,,,,,0.0,0.0,30.0,2.099999999671809e-06,6.999999996537554e-06,0.09,79.0,36.5,0
87296,SO-0401,Head Constable Ramesh Mehta,Head Constable,32,2026-08-10 14:40:30+00:00,82.0,82.0,,21.1803033,72.9380424,23.0,-0.488,0.033,0.907,,0.0,0.0,0.0,,,,,0.0,0.0,30.0,4.9999999980343546e-06,-5.599999994387872e-06,0.1,82.0,36.5,0
87298,SO-0401,Head Constable Ramesh Mehta,Head Constable,32,2026-08-10 14:41:00+00:00,81.0,72.0,,21.1803011,72.938039,23.0,-0.486,-0.041,0.91,,0.0,0.0,0.0,,,,,0.0,0.0,30.0,-2.199999997287705e-06,-3.399999997100167e-06,0.05,72.0,36.5,0
87300,SO-0401,Head Constable Ramesh Mehta,Head Constable,32,2026-08-10 14:41:30+00:00,97.0,75.0,,21.1803018,72.9380455,23.0,-0.621,-0.113,0.802,,0.0,0.0,0.0,,,,,0.0,0.0,30.0,6.999999975221272e-07,6.499999997799932e-06,0.08,75.0,36.5,2
87302,SO-0401,Head Constable Ramesh Mehta,Head Constable,32,2026-08-10 14:42:00+00:00,86.0,88.0,,21.1802749,72.9380247,23.0,-0.334,-0.229,0.946,,0.0,0.0,0.0,,,,,0.0,0.0,30.0,-2.6899999998164503e-05,-2.0800000001486296e-05,0.44,88.0,36.5,0
87304,SO-0401,Head Constable Ramesh Mehta,Head Constable,32,2026-08-10 14:42:30+00:00,84.0,75.0,,21.1802687,72.938027,23.0,-0.631,-0.068,0.817,,0.0,0.0,0.0,,,,,0.0,0.0,30.0,-6.2000000013995304e-06,2.300000005561742e-06,0.09,75.0,36.5,0
87306,SO-0401,Head Constable Ramesh Mehta,Head Constable,32,2026-08-10 14:43:00+00:00,88.0,84.0,,21.1802857,72.9380232,23.0,-0.491,-0.086,0.876,,0.0,0.0,0.0,,,,,0.0,0.0,30.0,1.699999999971169e-05,-3.800000001774606e-06,0.23,84.0,36.5,0
87308,SO-0401,Head Constable Ramesh Mehta,Head Constable,32,2026-08-10 14:43:30+00:00,86.0,85.0,,21.1803027,72.9380409,23.0,-0.566,-0.138,0.782,,0.0,0.0,0.0,,,,,0.0,0.0,30.0,1.699999999971169e-05,1.770000000078653e-05,0.32,85.0,36.5,0
87310,SO-0401,Head Constable Ramesh Mehta,Head Constable,32,2026-08-10 14:44:00+00:00,82.0,84.0,,21.1802806,72.9380323,23.0,-0.646,-0.145,0.764,,0.0,0.0,0.0,,,,,0.0,0.0,30.0,-2.2099999998914654e-05,-8.600000001024455e-06,0.31,84.0,36.5,0
87312,SO-0401,Head Constable Ramesh Mehta,Head Constable,32,2026-08-10 14:44:30+00:00,83.0,84.0,,21.1802928,72.9380408,23.0,-0.658,-0.147,0.76,,0.0,0.0,0.0,,,,,0.0,0.0,30.0,1.220000000046184e-05,8.499999992750418e-06,0.19,84.0,36.5,0
87314,SO-0401,Head Constable Ramesh Mehta,Head Constable,32,2026-08-10 14:45:00+00:00,81.0,76.0,,21.1803016,72.9380474,23.0,-0.627,-0.129,0.822,,0.0,0.0,0.0,,,,,0.0,0.0,30.0,8.79999999980896e-06,6.600000006073969e-06,0.14,76.0,36.5,0
87316,SO-0401,Head Constable Ramesh Mehta,Head Constable,32,2026-08-10 14:45:30+00:00,80.0,75.0,,21.1803027,72.938044,23.0,-0.622,-0.113,0.801,,0.0,0.0,0.0,,,,,0.0,0.0,30.0,1.0999999986438525e-06,-3.399999997100167e-06,0.04,75.0,36.5,0
87318,SO-0401,Head Constable Ramesh Mehta,Head Constable,32,2026-08-10 14:46:00+00:00,82.0,80.0,,21.1802925,72.938044,23.0,-0.526,-0.144,0.871,,0.0,0.0,0.0,,,,,0.0,0.0,30.0,-1.0199999998405929e-05,0.0,0.14,80.0,36.5,0
87320,SO-0401,Head Constable Ramesh Mehta,Head Constable,32,2026-08-10 14:46:30+00:00,94.0,88.0,,21.1802997,72.9380469,23.0,-0.383,-0.24,0.928,,0.0,0.0,0.0,,,,,0.0,0.0,30.0,7.199999998874773e-06,2.8999999983625457e-06,0.1,88.0,36.5,2
87322,SO-0401,Head Constable Ramesh Mehta,Head Constable,32,2026-08-10 14:47:00+00:00,82.0,84.0,,21.1802996,72.9380452,23.0,-0.474,-0.146,0.902,,0.0,0.0,0.0,,,,,0.0,0.0,30.0,-9.999999761589606e-08,-1.6999999985500835e-06,0.02,84.0,36.5,0
87324,SO-0401,Head Constable Ramesh Mehta,Head Constable,32,2026-08-10 14:47:30+00:00,85.0,78.0,,21.1802971,72.9380469,23.0,-0.483,-0.131,0.903,,0.0,0.0,0.0,,,,,0.0,0.0,30.0,-2.500000000793534e-06,1.6999999985500835e-06,0.04,78.0,36.5,0
87326,SO-0401,Head Constable Ramesh Mehta,Head Constable,32,2026-08-10 14:48:00+00:00,81.0,78.0,,21.1802882,72.9380399,23.0,-0.507,-0.107,0.876,,0.0,0.0,0.0,,,,,0.0,0.0,30.0,-8.90000000097757e-06,-6.999999996537554e-06,0.15,78.0,36.5,0
87328,SO-0401,Head Constable Ramesh Mehta,Head Constable,32,2026-08-10 14:48:30+00:00,82.0,58.0,,21.1802874,72.9380379,23.0,-0.512,-0.111,0.885,,0.0,0.0,0.0,,,,,0.0,0.0,30.0,-7.999999986907369e-07,-2.00000000916134e-06,0.03,58.0,36.5,0
87330,SO-0401,Head Constable Ramesh Mehta,Head Constable,32,2026-08-10 14:49:00+00:00,82.0,69.0,,21.1802961,72.9380457,23.0,-0.366,-0.323,0.911,,0.0,0.0,0.0,,,,,0.0,0.0,30.0,8.699999998640351e-06,7.800000005886432e-06,0.15,69.0,36.5,0
91107,SO-0401,Head Constable Ramesh Mehta,Head Constable,32,2026-08-13 19:53:03+00:00,86.0,84.0,,21.1802585,72.9379033,23.0,0.986,-0.094,-0.161,,0.0,0.0,0.0,,,,,0.0,0.0,277443.0,-3.759999999886077e-05,-0.0001424000000014,0.0,84.0,36.5,0
91108,SO-0401,Head Constable Ramesh Mehta,Head Constable,32,2026-08-13 19:53:33+00:00,87.0,67.0,,21.1801996,72.937831,23.0,0.404,1.176,0.291,,0.0,0.0,0.0,,,,,0.0,0.0,30.0,-5.889999999908469e-05,-7.229999999935899e-05,1.19,67.0,36.5,0
91109,SO-0401,Head Constable Ramesh Mehta,Head Constable,32,2026-08-13 19:54:03+00:00,87.0,68.0,,21.1802762,72.9379329,23.0,0.694,0.772,-0.432,,0.0,0.0,0.0,,,,,0.0,0.0,30.0,7.659999999987122e-05,0.0001019000000042,1.63,68.0,36.5,0
91110,SO-0401,Head Constable Ramesh Mehta,Head Constable,32,2026-08-13 19:54:33+00:00,94.0,71.0,,21.1802585,72.9379262,23.0,1.54,0.146,0.149,,0.0,0.0,0.0,,,,,0.0,0.0,30.0,-1.770000000078653e-05,-6.700000000137152e-06,0.25,71.0,36.5,2
91111,SO-0401,Head Constable Ramesh Mehta,Head Constable,32,2026-08-13 19:55:03+00:00,97.0,87.0,,21.180292,72.9379682,23.0,1.122,-0.038,-0.297,,0.0,0.0,0.0,,,,,0.0,0.0,30.0,3.350000000068576e-05,4.199999999343618e-05,0.69,87.0,36.5,2
91112,SO-0401,Head Constable Ramesh Mehta,Head Constable,32,2026-08-13 19:55:33+00:00,89.0,86.0,,21.1803007,72.9379961,22.700000762939453,0.385,0.78,0.183,,0.0,0.0,0.0,,,,,0.0,0.0,30.0,8.699999998640351e-06,2.7900000006297887e-05,0.37,86.0,36.5,0
91113,SO-0401,Head Constable Ramesh Mehta,Head Constable,32,2026-08-13 19:56:03+00:00,89.0,56.0,,21.1803007,72.9379961,22.700000762939453,-0.349,0.592,0.106,,0.0,0.0,0.0,,,,,0.0,0.0,30.0,0.0,0.0,0.0,56.0,36.5,0
91114,SO-0401,Head Constable Ramesh Mehta,Head Constable,32,2026-08-13 19:56:37+00:00,85.0,82.0,,21.1803007,72.9379961,22.700000762939453,-0.085,0.42,0.649,,0.0,0.0,0.0,,,,,0.0,0.0,34.0,0.0,0.0,0.0,82.0,36.5,1
91115,SO-0401,Head Constable Ramesh Mehta,Head Constable,32,2026-08-13 19:57:04+00:00,92.0,86.0,,21.1802692,72.9379307,23.0,0.679,0.237,-0.563,,0.0,0.0,0.0,,,,,0.0,0.0,27.0,-3.1499999998629846e-05,-6.540000001109547e-05,1.02,86.0,36.5,2
91116,SO-0401,Head Constable Ramesh Mehta,Head Constable,32,2026-08-13 19:57:33+00:00,84.0,84.0,,21.1803055,72.9380044,22.700000762939453,1.014,0.02,-0.007,,0.0,0.0,0.0,,,,,0.0,0.0,29.0,3.6299999997879695e-05,7.370000000150867e-05,1.07,84.0,36.5,0
91117,SO-0401,Head Constable Ramesh Mehta,Head Constable,32,2026-08-13 19:58:04+00:00,81.0,88.0,,21.1803193,72.9380027,22.799999237060547,1.003,0.022,-0.037,,0.0,0.0,0.0,,,,,0.0,0.0,31.0,1.3800000001396027e-05,-1.6999999985500835e-06,0.18,88.0,36.5,0
91118,SO-0401,Head Constable Ramesh Mehta,Head Constable,32,2026-08-13 19:58:33+00:00,87.0,88.0,,21.1802977,72.9379851,22.799999237060547,1.002,0.004,-0.05,,0.0,0.0,0.0,,,,,0.0,0.0,29.0,-2.1600000000177033e-05,-1.7599999992512494e-05,0.37,88.0,36.5,0
91119,SO-0401,Head Constable Ramesh Mehta,Head Constable,32,2026-08-13 19:59:03+00:00,92.0,86.0,,21.1802565,72.9379806,22.799999237060547,1.003,-0.014,-0.022,,0.0,0.0,0.0,,,,,0.0,0.0,30.0,-4.120000000185087e-05,-4.500000002849447e-06,0.55,86.0,36.5,2
91120,SO-0401,Head Constable Ramesh Mehta,Head Constable,32,2026-08-13 19:59:33+00:00,88.0,87.0,,21.180292,72.9379944,22.799999237060547,1.012,-0.023,-0.019,,0.0,0.0,0.0,,,,,0.0,0.0,30.0,3.550000000274167e-05,1.3799999990737888e-05,0.5,87.0,36.5,0
91121,SO-0401,Head Constable Ramesh Mehta,Head Constable,32,2026-08-13 20:00:03+00:00,85.0,58.0,,21.1802865,72.9379864,22.799999237060547,1.003,-0.029,-0.024,,0.0,0.0,0.0,,,,,0.0,0.0,30.0,-5.50000000032469e-06,-7.999999994012796e-06,0.12,58.0,36.5,0
91122,SO-0401,Head Constable Ramesh Mehta,Head Constable,32,2026-08-13 20:00:33+00:00,87.0,73.0,,21.1802831,72.9379824,22.799999237060547,0.998,-0.042,-0.039,,0.0,0.0,0.0,,,,,0.0,0.0,30.0,-3.4000000006528808e-06,-4.0000000041118255e-06,0.07,73.0,36.5,0
91123,SO-0401,Head Constable Ramesh Mehta,Head Constable,32,2026-08-13 20:01:03+00:00,90.0,85.0,,21.1802769,72.9379853,22.799999237060547,1.009,-0.036,-0.009,,0.0,0.0,0.0,,,,,0.0,0.0,30.0,-6.2000000013995304e-06,2.8999999983625457e-06,0.09,85.0,36.5,0
91124,SO-0401,Head Constable Ramesh Mehta,Head Constable,32,2026-08-13 20:01:33+00:00,87.0,65.0,,21.1802508,72.9379835,22.799999237060547,1.008,-0.014,-0.051,,0.0,0.0,0.0,,,,,0.0,0.0,30.0,-2.6099999999473766e-05,-1.799999992613266e-06,0.35,65.0,36.5,0
91125,SO-0401,Head Constable Ramesh Mehta,Head Constable,32,2026-08-13 20:02:03+00:00,87.0,70.0,,21.1802662,72.9379468,22.799999237060547,0.974,0.221,-0.078,,0.0,0.0,0.0,,,,,0.0,0.0,30.0,1.5399999998777503e-05,-3.669999999544871e-05,0.5,70.0,36.5,0
91126,SO-0401,Head Constable Ramesh Mehta,Head Constable,32,2026-08-13 20:02:33+00:00,92.0,88.0,,21.1803016,72.9379893,22.799999237060547,0.994,0.007,-0.215,,0.0,0.0,0.0,,,,,0.0,0.0,30.0,3.540000000157306e-05,4.24999999921738e-05,0.71,88.0,36.5,2
91127,SO-0401,Head Constable Ramesh Mehta,Head Constable,32,2026-08-13 20:03:04+00:00,100.0,88.0,,21.1802998,72.9379902,22.799999237060547,0.954,-0.003,-0.238,,0.0,0.0,0.0,,,,,0.0,0.0,31.0,-1.7999999997186933e-06,9.000000034120603e-07,0.03,88.0,36.5,2
91128,SO-0401,Head Constable Ramesh Mehta,Head Constable,32,2026-08-13 20:03:33+00:00,89.0,85.0,,21.1802847,72.9380376,22.799999237060547,0.66,0.239,-0.098,,0.0,0.0,0.0,,,,,0.0,0.0,29.0,-1.5099999998824389e-05,4.739999999969768e-05,0.64,85.0,36.5,0
91129,SO-0401,Head Constable Ramesh Mehta,Head Constable,32,2026-08-13 20:04:03+00:00,90.0,88.0,,21.180285,72.9380388,22.799999237060547,0.992,-0.159,0.398,,0.0,0.0,0.0,,,,,0.0,0.0,30.0,2.999999999531156e-07,1.1999999998124622e-06,0.02,88.0,36.5,0
91130,SO-0401,Head Constable Ramesh Mehta,Head Constable,32,2026-08-13 20:04:33+00:00,97.0,88.0,,21.1802902,72.9380389,22.799999237060547,0.462,0.113,0.924,,0.0,0.0,0.0,,,,,0.0,0.0,30.0,5.200000000371574e-06,9.999999406318238e-08,0.07,88.0,36.5,2
91131,SO-0401,Head Constable Ramesh Mehta,Head Constable,32,2026-08-13 20:05:03+00:00,84.0,86.0,,21.1802819,72.9380362,22.799999237060547,0.906,-0.036,-0.421,,0.0,0.0,0.0,,,,,0.0,0.0,30.0,-8.30000000107134e-06,-2.6999999960253263e-06,0.12,86.0,36.5,0
91132,SO-0401,Head Constable Ramesh Mehta,Head Constable,32,2026-08-13 20:05:33+00:00,86.0,87.0,,21.1802933,72.9380427,22.799999237060547,0.423,-0.792,-0.436,,0.0,0.0,0.0,,,,,0.0,0.0,30.0,1.139999999821839e-05,6.499999997799932e-06,0.17,87.0,36.5,0
91133,SO-0401,Head Constable Ramesh Mehta,Head Constable,32,2026-08-13 20:06:03+00:00,95.0,86.0,,21.1802917,72.9380346,22.799999237060547,0.295,-0.95,-0.08,,0.0,0.0,0.0,,,,,0.0,0.0,30.0,-1.5999999973814738e-06,-8.100000002286833e-06,0.1,86.0,36.5,2
91134,SO-0401,Head Constable Ramesh Mehta,Head Constable,32,2026-08-13 20:06:33+00:00,87.0,86.0,,21.1802957,72.9380426,22.799999237060547,0.271,0.928,-0.179,,0.0,0.0,0.0,,,,,0.0,0.0,30.0,3.999999997006398e-06,8.000000008223651e-06,0.11,86.0,36.5,0
91135,SO-0401,Head Constable Ramesh Mehta,Head Constable,32,2026-08-13 20:07:03+00:00,84.0,86.0,,21.1802777,72.9380282,22.799999237060547,0.408,0.107,0.952,,0.0,0.0,0.0,,,,,0.0,0.0,30.0,-1.7999999997186933e-05,-1.4399999997749546e-05,0.3,86.0,36.5,0
91136,SO-0401,Head Constable Ramesh Mehta,Head Constable,32,2026-08-13 20:07:33+00:00,88.0,85.0,,21.1802762,72.938031,22.799999237060547,-0.253,-0.983,-0.059,,0.0,0.0,0.0,,,,,0.0,0.0,30.0,-1.4999999997655775e-06,2.7999999900885086e-06,0.04,85.0,36.5,0
91137,SO-0401,Head Constable Ramesh Mehta,Head Constable,32,2026-08-13 20:08:03+00:00,100.0,84.0,,21.1802866,72.9380377,22.799999237060547,0.864,0.12,0.55,,0.0,0.0,0.0,,,,,0.0,0.0,30.0,1.0399999997190434e-05,6.700000000137152e-06,0.16,84.0,36.5,2
91138,SO-0401,Head Constable Ramesh Mehta,Head Constable,32,2026-08-13 20:08:34+00:00,91.0,88.0,,21.1802846,72.9380358,22.799999237060547,0.997,-0.029,-0.044,,0.0,0.0,0.0,,,,,0.0,0.0,31.0,-1.999999998503199e-06,-1.900000000887303e-06,0.03,88.0,36.5,2
91139,SO-0401,Head Constable Ramesh Mehta,Head Constable,32,2026-08-13 20:09:03+00:00,88.0,88.0,,21.180289,72.9380247,22.799999237060547,0.632,-0.069,-0.75,,0.0,0.0,0.0,,,,,0.0,0.0,29.0,4.3999999981281235e-06,-1.1099999994712562e-05,0.15,88.0,36.5,0
91140,SO-0401,Head Constable Ramesh Mehta,Head Constable,32,2026-08-13 20:09:33+00:00,88.0,87.0,,21.1803084,72.9380336,22.799999237060547,0.33,0.141,0.961,,0.0,0.0,0.0,,,,,0.0,0.0,30.0,1.9400000002889328e-05,8.899999997424857e-06,0.28,87.0,36.5,0
91141,SO-0401,Head Constable Ramesh Mehta,Head Constable,32,2026-08-13 20:10:03+00:00,83.0,88.0,,21.1803138,72.9380455,22.799999237060547,0.496,0.197,0.885,,0.0,0.0,0.0,,,,,0.0,0.0,30.0,5.39999999915608e-06,1.190000000406144e-05,0.16,88.0,36.5,0
91142,SO-0401,Head Constable Ramesh Mehta,Head Constable,32,2026-08-13 20:10:33+00:00,83.0,67.0,,21.180307,72.9380414,22.799999237060547,-0.299,0.719,0.691,,0.0,0.0,0.0,,,,,0.0,0.0,30.0,-6.8000000013057615e-06,-4.099999998175008e-06,0.1,67.0,36.5,0
91143,SO-0401,Head Constable Ramesh Mehta,Head Constable,32,2026-08-13 20:11:03+00:00,94.0,78.0,,21.1802974,72.9380497,22.799999237060547,-0.69,0.855,-0.228,,0.0,0.0,0.0,,,,,0.0,0.0,30.0,-9.599999998499698e-06,8.299999990413198e-06,0.16,78.0,36.5,2
91144,SO-0401,Head Constable Ramesh Mehta,Head Constable,32,2026-08-13 20:11:34+00:00,96.0,88.0,,21.1802771,72.9380258,22.799999237060547,0.498,-0.132,0.896,,0.0,0.0,0.0,,,,,0.0,0.0,31.0,-2.029999999919596e-05,-2.3899999987975207e-05,0.39,88.0,36.5,2
91145,SO-0401,Head Constable Ramesh Mehta,Head Constable,32,2026-08-13 20:12:06+00:00,88.0,82.0,,21.1802939,72.9380402,22.799999237060547,0.504,-0.144,0.895,,0.0,0.0,0.0,,,,,0.0,0.0,32.0,1.679999999737447e-05,1.4399999997749546e-05,0.27,82.0,36.5,0
91146,SO-0401,Head Constable Ramesh Mehta,Head Constable,32,2026-08-13 20:12:36+00:00,88.0,84.0,,21.1802929,72.9380417,22.799999237060547,0.449,-0.133,0.95,,0.0,0.0,0.0,,,,,0.0,0.0,30.0,-9.999999974752427e-07,1.499999996212864e-06,0.02,84.0,36.5,0
91147,SO-0401,Head Constable Ramesh Mehta,Head Constable,32,2026-08-13 20:13:06+00:00,87.0,82.0,,21.1802919,72.9380417,22.799999237060547,0.407,-0.171,0.95,,0.0,0.0,0.0,,,,,0.0,0.0,30.0,-1.0000000010279564e-06,0.0,0.01,82.0,36.5,0
91148,SO-0401,Head Constable Ramesh Mehta,Head Constable,32,2026-08-13 20:13:36+00:00,88.0,87.0,,21.1802768,72.9380323,22.799999237060547,0.829,0.134,0.595,,0.0,0.0,0.0,,,,,0.0,0.0,30.0,-1.5099999998824389e-05,-9.399999996162478e-06,0.23,87.0,36.5,0
91149,SO-0401,Head Constable Ramesh Mehta,Head Constable,32,2026-08-13 20:14:06+00:00,85.0,84.0,,21.1802816,72.9380209,22.799999237060547,0.83,0.125,0.612,,0.0,0.0,0.0,,,,,0.0,0.0,30.0,4.799999999249849e-06,-1.1400000005323818e-05,0.16,84.0,36.5,0
91150,SO-0401,Head Constable Ramesh Mehta,Head Constable,32,2026-08-13 20:14:36+00:00,92.0,86.0,,21.1802988,72.9380474,22.799999237060547,0.79,0.152,0.654,,0.0,0.0,0.0,,,,,0.0,0.0,30.0,1.7199999998496196e-05,2.6500000004148205e-05,0.4,86.0,36.5,2
91151,SO-0401,Head Constable Ramesh Mehta,Head Constable,32,2026-08-13 20:15:07+00:00,92.0,86.0,,21.1802988,72.9380474,22.799999237060547,0.998,-0.084,0.133,,0.0,0.0,0.0,,,,,0.0,0.0,31.0,0.0,0.0,0.0,86.0,36.5,2
91152,SO-0401,Head Constable Ramesh Mehta,Head Constable,32,2026-08-13 20:15:36+00:00,92.0,82.0,,21.1802728,72.9380279,22.799999237060547,0.444,0.05,0.943,,0.0,0.0,0.0,,,,,0.0,0.0,29.0,-2.5999999998305157e-05,-1.950000000761065e-05,0.44,82.0,36.5,2
91153,SO-0401,Head Constable Ramesh Mehta,Head Constable,32,2026-08-13 20:16:06+00:00,92.0,51.0,,21.1802897,72.9380365,22.799999237060547,0.327,-0.942,0.197,,0.0,0.0,0.0,,,,,0.0,0.0,30.0,1.689999999854308e-05,8.600000001024455e-06,0.25,51.0,36.5,2
91154,SO-0401,Head Constable Ramesh Mehta,Head Constable,32,2026-08-13 20:16:36+00:00,82.0,88.0,,21.1802955,72.9380485,22.799999237060547,0.499,-0.155,0.936,,0.0,0.0,0.0,,,,,0.0,0.0,30.0,5.800000000277805e-06,1.1999999998124622e-05,0.17,88.0,36.5,0
91155,SO-0401,Head Constable Ramesh Mehta,Head Constable,32,2026-08-13 20:17:05+00:00,82.0,87.0,,21.1802939,72.9380467,22.799999237060547,0.497,-0.14,0.908,,0.0,0.0,0.0,,,,,0.0,0.0,29.0,-1.6000000009341877e-06,-1.799999992613266e-06,0.03,87.0,36.5,0
91156,SO-0401,Head Constable Ramesh Mehta,Head Constable,32,2026-08-13 20:17:36+00:00,81.0,88.0,,21.1802864,72.9380405,22.799999237060547,0.542,-0.304,0.816,,0.0,0.0,0.0,,,,,0.0,0.0,31.0,-7.499999998827889e-06,-6.2000000013995304e-06,0.12,88.0,36.5,0
91157,SO-0401,Head Constable Ramesh Mehta,Head Constable,32,2026-08-13 20:18:05+00:00,97.0,58.0,,21.1802956,72.9380438,22.799999237060547,0.472,-0.101,1.018,,0.0,0.0,0.0,,,,,0.0,0.0,29.0,9.200000000930686e-06,3.3000000030369847e-06,0.13,58.0,36.5,2
91158,SO-0401,Head Constable Ramesh Mehta,Head Constable,32,2026-08-13 20:18:35+00:00,87.0,88.0,,21.1802959,72.9380475,22.799999237060547,0.458,-0.137,0.923,,0.0,0.0,0.0,,,,,0.0,0.0,30.0,2.999999999531156e-07,3.699999993500569e-06,0.05,88.0,36.5,0
91159,SO-0401,Head Constable Ramesh Mehta,Head Constable,32,2026-08-13 20:19:06+00:00,92.0,88.0,,21.1802956,72.9380461,22.799999237060547,0.431,-0.224,0.934,,0.0,0.0,0.0,,,,,0.0,0.0,31.0,-2.999999999531156e-07,-1.4000000021496817e-06,0.02,88.0,36.5,2
91160,SO-0401,Head Constable Ramesh Mehta,Head Constable,32,2026-08-13 20:19:36+00:00,94.0,88.0,,21.1802924,72.9380463,22.799999237060547,0.539,-0.234,0.857,,0.0,0.0,0.0,,,,,0.0,0.0,30.0,-3.200000001868375e-06,2.0000000233721948e-07,0.04,88.0,36.5,2
91161,SO-0401,Head Constable Ramesh Mehta,Head Constable,32,2026-08-13 20:20:06+00:00,94.0,87.0,,21.1802923,72.9380431,22.799999237060547,0.15,-0.963,0.302,,0.0,0.0,0.0,,,,,0.0,0.0,30.0,-9.999999761589606e-08,-3.1999999947629476e-06,0.04,87.0,36.5,2
91162,SO-0401,Head Constable Ramesh Mehta,Head Constable,32,2026-08-13 20:20:35+00:00,89.0,88.0,,21.1802892,72.9380428,22.799999237060547,-0.037,-0.965,0.339,,0.0,0.0,0.0,,,,,0.0,0.0,29.0,-3.1000000006997652e-06,-2.999999964004019e-07,0.04,88.0,36.5,0
91163,SO-0401,Head Constable Ramesh Mehta,Head Constable,32,2026-08-13 20:21:07+00:00,97.0,81.0,,21.1802892,72.9380428,22.799999237060547,0.247,-0.974,0.186,,0.0,0.0,0.0,,,,,0.0,0.0,32.0,0.0,0.0,0.0,81.0,36.5,2
91164,SO-0401,Head Constable Ramesh Mehta,Head Constable,32,2026-08-13 20:21:35+00:00,93.0,82.0,,21.1802955,72.9380491,22.799999237060547,0.998,-0.029,-0.02,,0.0,0.0,0.0,,,,,0.0,0.0,28.0,6.2999999990154265e-06,6.299999995462713e-06,0.12,82.0,36.5,2
91165,SO-0401,Head Constable Ramesh Mehta,Head Constable,32,2026-08-13 20:22:05+00:00,93.0,88.0,,21.1802729,72.9380302,22.799999237060547,0.313,0.89,0.33,,0.0,0.0,0.0,,,,,0.0,0.0,30.0,-2.260000000120499e-05,-1.8900000000598993e-05,0.38,88.0,36.5,2
91166,SO-0401,Head Constable Ramesh Mehta,Head Constable,32,2026-08-13 20:22:35+00:00,99.0,86.0,,21.1802889,72.9380403,22.799999237060547,1.017,0.26,0.363,,0.0,0.0,0.0,,,,,0.0,0.0,30.0,1.6000000002236447e-05,1.009999999723732e-05,0.25,86.0,36.5,2
91167,SO-0401,Head Constable Ramesh Mehta,Head Constable,32,2026-08-13 20:23:06+00:00,93.0,86.0,,21.1802936,72.9380468,22.799999237060547,0.864,0.262,0.488,,0.0,0.0,0.0,,,,,0.0,0.0,31.0,4.699999998081239e-06,6.499999997799932e-06,0.1,86.0,36.5,2
91168,SO-0401,Head Constable Ramesh Mehta,Head Constable,32,2026-08-13 20:23:35+00:00,89.0,88.0,,21.1802713,72.9380257,22.799999237060547,0.502,0.128,0.895,,0.0,0.0,0.0,,,,,0.0,0.0,29.0,-2.229999999769916e-05,-2.1099999997886695e-05,0.41,88.0,36.5,0
91169,SO-0401,Head Constable Ramesh Mehta,Head Constable,32,2026-08-13 20:24:06+00:00,89.0,88.0,,21.1802833,72.9380377,22.799999237060547,0.513,0.134,0.891,,0.0,0.0,0.0,,,,,0.0,0.0,31.0,1.1999999998124622e-05,1.1999999998124622e-05,0.21,88.0,36.5,0
91170,SO-0401,Head Constable Ramesh Mehta,Head Constable,32,2026-08-13 20:24:36+00:00,89.0,68.0,,21.1802923,72.9380445,22.799999237060547,1.05,1.137,1.114,,0.0,0.0,0.0,,,,,0.0,0.0,30.0,9.00000000214618e-06,6.800000008411189e-06,0.15,68.0,36.5,1
91171,SO-0401,Head Constable Ramesh Mehta,Head Constable,32,2026-08-13 20:25:06+00:00,97.0,87.0,,21.1802954,72.938049,22.799999237060547,0.748,-0.167,0.705,,0.0,0.0,0.0,,,,,0.0,0.0,30.0,3.0999999971470515e-06,4.500000002849447e-06,0.07,87.0,36.5,1
91172,SO-0401,Head Constable Ramesh Mehta,Head Constable,32,2026-08-13 20:25:36+00:00,88.0,87.0,,21.1803,72.9380421,22.799999237060547,1.018,0.174,-0.257,,0.0,0.0,0.0,,,,,0.0,0.0,30.0,4.600000000465343e-06,-6.900000002474371e-06,0.11,87.0,36.5,1
91173,SO-0401,Head Constable Ramesh Mehta,Head Constable,32,2026-08-13 20:26:06+00:00,88.0,88.0,,21.1802994,72.9380423,22.799999237060547,0.939,0.012,-0.255,,0.0,0.0,0.0,,,,,0.0,0.0,30.0,-5.999999999062311e-07,2.0000000233721948e-07,0.01,88.0,36.5,1
91174,SO-0401,Head Constable Ramesh Mehta,Head Constable,32,2026-08-13 20:26:35+00:00,100.0,87.0,,21.1802864,72.9380399,22.799999237060547,0.564,-0.011,0.869,,0.0,0.0,0.0,,,,,0.0,0.0,29.0,-1.2999999999152578e-05,-2.3999999996249244e-06,0.18,87.0,36.5,1
91175,SO-0401,Head Constable Ramesh Mehta,Head Constable,32,2026-08-13 20:27:04+00:00,96.0,84.0,,21.1802695,72.9380289,22.799999237060547,0.656,0.313,-0.643,,0.0,0.0,0.0,,,,,0.0,0.0,29.0,-1.689999999854308e-05,-1.100000000064938e-05,0.27,84.0,36.5,2
91176,SO-0401,Head Constable Ramesh Mehta,Head Constable,32,2026-08-13 20:27:34+00:00,96.0,80.0,,21.1802995,72.9380369,22.799999237060547,0.437,0.88,0.216,,0.0,0.0,0.0,,,,,0.0,0.0,30.0,2.999999999886427e-05,7.999999994012796e-06,0.41,80.0,36.5,2
91177,SO-0401,Head Constable Ramesh Mehta,Head Constable,32,2026-08-13 20:28:04+00:00,83.0,79.0,,21.1802654,72.9379857,22.799999237060547,0.532,1.028,0.104,,0.0,0.0,0.0,,,,,0.0,0.0,30.0,-3.410000000059199e-05,-5.120000000147229e-05,0.78,79.0,36.5,0
91178,SO-0401,Head Constable Ramesh Mehta,Head Constable,32,2026-08-13 20:28:34+00:00,89.0,70.0,,21.1802169,72.9379371,22.799999237060547,0.789,0.761,-0.365,,0.0,0.0,0.0,,,,,0.0,0.0,30.0,-4.8499999998341536e-05,-4.8599999999510146e-05,0.88,70.0,36.5,0
91179,SO-0401,Head Constable Ramesh Mehta,Head Constable,32,2026-08-13 20:29:04+00:00,92.0,56.0,,21.1801294,72.9378204,22.799999237060547,0.255,-0.586,0.826,,0.0,0.0,0.0,,,,,0.0,0.0,30.0,-8.75000000029047e-05,-0.0001166999999924,1.86,56.0,36.5,2
91180,SO-0401,Head Constable Ramesh Mehta,Head Constable,32,2026-08-13 20:29:37+00:00,92.0,87.0,,21.1801021,72.9377061,22.799999237060547,0.118,-1.025,-0.274,,0.0,0.0,0.0,,,,,0.0,0.0,33.0,-2.729999999928623e-05,-0.000114300000007,1.33,87.0,36.5,2
91181,SO-0401,Head Constable Ramesh Mehta,Head Constable,32,2026-08-13 20:30:06+00:00,100.0,87.0,,21.1801233,72.9378156,22.799999237060547,0.88,-0.132,0.541,,0.0,0.0,0.0,,,,,0.0,0.0,29.0,2.120000000260802e-05,0.0001094999999935,1.44,87.0,36.5,2
91182,SO-0401,Head Constable Ramesh Mehta,Head Constable,32,2026-08-13 20:30:36+00:00,89.0,88.0,,21.1801865,72.9379141,22.799999237060547,0.858,-0.141,0.542,,0.0,0.0,0.0,,,,,0.0,0.0,30.0,6.319999999959691e-05,9.85000000071068e-05,1.49,88.0,36.5,0
91183,SO-0401,Head Constable Ramesh Mehta,Head Constable,32,2026-08-13 20:31:05+00:00,97.0,88.0,,21.1800765,72.9378925,22.799999237060547,0.629,-0.382,0.745,,0.0,0.0,0.0,,,,,0.0,0.0,29.0,-0.0001100000000029,-2.159999999662432e-05,1.54,88.0,36.5,2
91184,SO-0401,Head Constable Ramesh Mehta,Head Constable,32,2026-08-13 20:31:36+00:00,84.0,88.0,,21.1802251,72.9379314,22.799999237060547,0.871,-0.459,0.276,,0.0,0.0,0.0,,,,,0.0,0.0,31.0,0.0001486000000028,3.889999999273641e-05,1.97,88.0,36.5,0
91185,SO-0401,Head Constable Ramesh Mehta,Head Constable,32,2026-08-13 20:32:06+00:00,84.0,86.0,,21.1802035,72.9379423,23.0,-0.301,-0.616,0.767,,0.0,0.0,0.0,,,,,0.0,0.0,30.0,-2.1600000000177033e-05,1.0900000006586197e-05,0.32,86.0,36.5,0
91186,SO-0401,Head Constable Ramesh Mehta,Head Constable,32,2026-08-13 20:32:35+00:00,94.0,83.0,,21.1801754,72.9379856,22.799999237060547,0.549,-0.17,0.871,,0.0,0.0,0.0,,,,,0.0,0.0,29.0,-2.810000000152968e-05,4.330000000152267e-05,0.68,83.0,36.5,2
91187,SO-0401,Head Constable Ramesh Mehta,Head Constable,32,2026-08-13 20:33:36+00:00,85.0,88.0,,21.1801733,72.9378027,22.799999237060547,0.221,-0.46,0.897,,0.0,0.0,0.0,,,,,0.0,0.0,61.0,-2.099999999671809e-06,-0.0001828999999986,1.12,88.0,36.5,0
91188,SO-0401,Head Constable Ramesh Mehta,Head Constable,32,2026-08-13 20:34:07+00:00,99.0,84.0,,21.1808764,72.9307384,22.799999237060547,0.277,-0.7,0.717,,0.0,0.0,0.0,,,,,0.0,0.0,31.0,0.000703099999999,-0.0070643000000103,85.4,84.0,36.5,1
91189,SO-0401,Head Constable Ramesh Mehta,Head Constable,32,2026-08-13 20:34:35+00:00,95.0,88.0,,21.1794365,72.9385998,22.799999237060547,0.257,-0.493,0.901,,0.0,0.0,0.0,,,,,0.0,0.0,28.0,-0.0014398999999976,0.0078614000000101,106.62,88.0,36.5,1
91190,SO-0401,Head Constable Ramesh Mehta,Head Constable,32,2026-08-13 20:35:06+00:00,85.0,88.0,,21.179435,72.9386099,22.799999237060547,0.575,-0.365,0.78,,0.0,0.0,0.0,,,,,0.0,0.0,31.0,-1.4999999997655775e-06,1.009999999723732e-05,0.12,88.0,36.5,0
91191,SO-0401,Head Constable Ramesh Mehta,Head Constable,32,2026-08-13 20:35:36+00:00,98.0,88.0,,21.1794008,72.9386985,22.799999237060547,0.509,-0.017,0.67,,0.0,0.0,0.0,,,,,0.0,0.0,30.0,-3.42000000017606e-05,8.859999999799584e-05,1.19,88.0,36.5,2
91192,SO-0401,Head Constable Ramesh Mehta,Head Constable,32,2026-08-13 20:36:06+00:00,89.0,88.0,,21.1786033,72.9418234,24.100000381469727,0.858,-0.461,-0.01,,0.0,0.0,0.0,,,,,0.0,0.0,30.0,-0.0007975000000008,0.003124900000003,40.24,88.0,36.5,1
91193,SO-0401,Head Constable Ramesh Mehta,Head Constable,32,2026-08-13 20:36:35+00:00,89.0,87.0,,21.1781917,72.9438899,27.399999618530273,0.887,-0.382,-0.034,,0.0,0.0,0.0,,,,,0.0,0.0,29.0,-0.0004115999999996,0.0020664999999979,27.15,87.0,36.5,1
91194,SO-0401,Head Constable Ramesh Mehta,Head Constable,32,2026-08-13 20:37:05+00:00,89.0,88.0,,21.177155,72.9465557,27.399999618530273,0.815,-0.487,-0.015,,0.0,0.0,0.0,,,,,0.0,0.0,30.0,-0.0010367000000002,0.0026658000000026,35.88,88.0,36.5,1
91195,SO-0401,Head Constable Ramesh Mehta,Head Constable,32,2026-08-13 20:37:36+00:00,89.0,88.0,,21.176661,72.9485732,26.200000762939453,0.671,-0.157,0.081,,0.0,0.0,0.0,,,,,0.0,0.0,31.0,-0.0004939999999997,0.0020174999999937,25.07,88.0,36.5,1
91196,SO-0401,Head Constable Ramesh Mehta,Head Constable,32,2026-08-13 20:38:05+00:00,86.0,88.0,,21.1762527,72.9498544,24.799999237060547,0.802,-0.641,0.247,,0.0,0.0,0.0,,,,,0.0,0.0,29.0,-0.0004083000000001,0.0012812000000081,17.4,88.0,36.5,1
91197,SO-0401,Head Constable Ramesh Mehta,Head Constable,32,2026-08-13 20:38:35+00:00,84.0,88.0,,21.1753678,72.9526155,25.0,0.919,-0.465,0.033,,0.0,0.0,0.0,,,,,0.0,0.0,30.0,-0.000884899999999,0.0027610999999865,36.27,88.0,36.5,1
91198,SO-0401,Head Constable Ramesh Mehta,Head Constable,32,2026-08-13 20:39:05+00:00,95.0,87.0,,21.1751576,72.9533241,23.600000381469727,0.357,-0.324,0.858,,0.0,0.0,0.0,,,,,0.0,0.0,30.0,-0.0002102000000014,0.00070860000001,9.24,87.0,36.5,1
91199,SO-0401,Head Constable Ramesh Mehta,Head Constable,32,2026-08-13 20:39:35+00:00,85.0,87.0,,21.1749838,72.9536623,23.600000381469727,0.4,-0.77,0.557,,0.0,0.0,0.0,,,,,0.0,0.0,30.0,-0.0001737999999988,0.0003382000000016,4.8,87.0,36.5,1
91200,SO-0401,Head Constable Ramesh Mehta,Head Constable,32,2026-08-13 20:40:05+00:00,91.0,88.0,,21.1748208,72.9540939,23.600000381469727,0.738,-0.336,0.188,,0.0,0.0,0.0,,,,,0.0,0.0,30.0,-0.0001630000000005,0.0004315999999988,5.78,88.0,36.5,1
91201,SO-0401,Head Constable Ramesh Mehta,Head Constable,32,2026-08-13 20:40:35+00:00,81.0,88.0,,21.1740669,72.9563871,23.200000762939453,0.871,-0.398,0.069,,0.0,0.0,0.0,,,,,0.0,0.0,30.0,-0.0007538999999994,0.0022931999999968,30.2,88.0,36.5,1
91202,SO-0401,Head Constable Ramesh Mehta,Head Constable,32,2026-08-13 20:41:06+00:00,86.0,87.0,,21.1733591,72.9583659,24.299999237060547,0.949,-0.433,0.103,,0.0,0.0,0.0,,,,,0.0,0.0,31.0,-0.0007078000000007,0.0019788000000033,25.48,87.0,36.5,1
91203,SO-0401,Head Constable Ramesh Mehta,Head Constable,32,2026-08-13 20:41:35+00:00,91.0,85.0,,21.1724932,72.9607954,24.299999237060547,0.827,-0.4,-0.051,,0.0,0.0,0.0,,,,,0.0,0.0,29.0,-0.0008658999999973,0.0024294999999909,33.42,85.0,36.5,1
91204,SO-0401,Head Constable Ramesh Mehta,Head Constable,32,2026-08-13 20:42:06+00:00,84.0,88.0,,21.1706828,72.9645449,28.600000381469727,0.855,-0.653,-0.033,,0.0,0.0,0.0,,,,,0.0,0.0,31.0,-0.0018104000000001,0.003749500000012,50.75,88.0,36.5,1
91205,SO-0401,Head Constable Ramesh Mehta,Head Constable,32,2026-08-13 20:42:35+00:00,83.0,88.0,,21.1701093,72.967692,28.600000381469727,1.014,-0.329,0.082,,0.0,0.0,0.0,,,,,0.0,0.0,29.0,-0.0005735000000015,0.0031470999999925,41.2,88.0,36.5,1
91206,SO-0401,Head Constable Ramesh Mehta,Head Constable,32,2026-08-13 20:43:05+00:00,87.0,85.0,,21.16924,72.9705203,25.700000762939453,0.884,-0.674,0.26,,0.0,0.0,0.0,,,,,0.0,0.0,30.0,-0.0008693000000015,0.0028283000000044,36.99,85.0,36.5,1
91207,SO-0401,Head Constable Ramesh Mehta,Head Constable,32,2026-08-13 20:43:35+00:00,87.0,88.0,,21.1685946,72.9727259,27.0,0.844,-0.426,-0.108,,0.0,0.0,0.0,,,,,0.0,0.0,30.0,-0.0006453999999997,0.0022055999999963,28.71,88.0,36.5,1
91208,SO-0401,Head Constable Ramesh Mehta,Head Constable,32,2026-08-13 20:44:06+00:00,87.0,88.0,,21.1677726,72.9761548,30.5,0.817,-0.41,-0.118,,0.0,0.0,0.0,,,,,0.0,0.0,31.0,-0.0008219999999994,0.0034289000000029,42.56,88.0,36.5,1
91209,SO-0401,Head Constable Ramesh Mehta,Head Constable,32,2026-08-13 20:44:35+00:00,87.0,87.0,,21.1664973,72.9787473,30.5,0.486,-0.651,0.635,,0.0,0.0,0.0,,,,,0.0,0.0,29.0,-0.0012752999999996,0.0025924999999915,37.66,87.0,36.5,1
91210,SO-0401,Head Constable Ramesh Mehta,Head Constable,32,2026-08-13 20:45:06+00:00,84.0,88.0,,21.1656279,72.9816778,28.399999618530273,1.083,-0.496,-0.078,,0.0,0.0,0.0,,,,,0.0,0.0,31.0,-0.0008693999999991,0.002930500000005,36.97,88.0,36.5,1
91211,SO-0401,Head Constable Ramesh Mehta,Head Constable,32,2026-08-13 20:45:36+00:00,84.0,86.0,,21.1646795,72.9844588,29.299999237060547,0.872,-0.355,0.0,,0.0,0.0,0.0,,,,,0.0,0.0,30.0,-0.0009484000000021,0.0027809999999988,36.78,86.0,36.5,1
91212,SO-0401,Head Constable Ramesh Mehta,Head Constable,32,2026-08-13 20:46:05+00:00,86.0,87.0,,21.1638899,72.9859657,30.200000762939453,0.751,-0.725,0.41,,0.0,0.0,0.0,,,,,0.0,0.0,29.0,-0.0007895999999973,0.0015068999999954,22.21,87.0,36.5,1
91213,SO-0401,Head Constable Ramesh Mehta,Head Constable,32,2026-08-13 20:46:35+00:00,86.0,87.0,,21.163096,72.989125,30.200000762939453,0.86,-0.405,0.1,,0.0,0.0,0.0,,,,,0.0,0.0,30.0,-0.0007939000000014,0.0031593000000071,40.64,87.0,36.5,1
91214,SO-0401,Head Constable Ramesh Mehta,Head Constable,32,2026-08-13 20:47:05+00:00,96.0,88.0,,21.1623931,72.99037,30.200000762939453,0.002,-0.607,0.81,,0.0,0.0,0.0,,,,,0.0,0.0,30.0,-0.0007029000000002,0.0012449999999972,18.08,88.0,36.5,1
91215,SO-0401,Head Constable Ramesh Mehta,Head Constable,32,2026-08-13 20:47:36+00:00,87.0,88.0,,21.1613536,72.9922151,31.100000381469727,0.858,-0.384,0.08,,0.0,0.0,0.0,,,,,0.0,0.0,31.0,-0.0010394999999974,0.001845099999997,25.91,88.0,36.5,1
91216,SO-0401,Head Constable Ramesh Mehta,Head Constable,32,2026-08-13 20:48:05+00:00,90.0,88.0,,21.1601821,72.9948614,31.100000381469727,0.976,-0.477,0.073,,0.0,0.0,0.0,,,,,0.0,0.0,29.0,-0.0011715000000016,0.0026463000000092,37.64,88.0,36.5,1
91217,SO-0401,Head Constable Ramesh Mehta,Head Constable,32,2026-08-13 20:48:35+00:00,90.0,88.0,,21.1587153,72.997718,31.100000381469727,0.823,-0.514,0.199,,0.0,0.0,0.0,,,,,0.0,0.0,30.0,-0.0014667999999993,0.0028566000000012,40.51,88.0,36.5,1
91218,SO-0401,Head Constable Ramesh Mehta,Head Constable,32,2026-08-13 20:49:04+00:00,85.0,88.0,,21.158405,72.9981818,31.799999237060547,0.838,-0.519,0.108,,0.0,0.0,0.0,,,,,0.0,0.0,29.0,-0.0003103000000024,0.0004637999999914,7.33,88.0,36.5,1
91219,SO-0401,Head Constable Ramesh Mehta,Head Constable,32,2026-08-13 20:49:34+00:00,89.0,88.0,,21.1583193,72.9987685,31.799999237060547,0.927,-0.387,0.043,,0.0,0.0,0.0,,,,,0.0,0.0,30.0,-8.569999999963329e-05,0.0005866999999994,7.38,88.0,36.5,1
91220,SO-0401,Head Constable Ramesh Mehta,Head Constable,32,2026-08-13 20:50:04+00:00,92.0,88.0,,21.1580116,72.9991245,32.60000038146973,0.95,-0.299,0.003,,0.0,0.0,0.0,,,,,0.0,0.0,30.0,-0.0003077000000004,0.0003559999999964,6.03,88.0,36.5,1
91221,SO-0401,Head Constable Ramesh Mehta,Head Constable,32,2026-08-13 20:50:35+00:00,98.0,87.0,,21.1569538,73.0014218,32.0,0.706,-0.258,-0.083,,0.0,0.0,0.0,,,,,0.0,0.0,31.0,-0.0010577999999981,0.0022973000000092,30.8,87.0,36.5,1
91222,SO-0401,Head Constable Ramesh Mehta,Head Constable,32,2026-08-13 20:51:05+00:00,82.0,88.0,,21.1550635,73.0050222,32.0,0.934,-0.56,-0.211,,0.0,0.0,0.0,,,,,0.0,0.0,30.0,-0.0018902999999994,0.0036003999999962,51.32,88.0,36.5,1
91223,SO-0401,Head Constable Ramesh Mehta,Head Constable,32,2026-08-13 20:51:34+00:00,83.0,87.0,,21.1537905,73.0073601,32.20000076293945,0.933,-0.232,-0.06,,0.0,0.0,0.0,,,,,0.0,0.0,29.0,-0.0012730000000011,0.0023379000000005,34.79,87.0,36.5,1
91224,SO-0401,Head Constable Ramesh Mehta,Head Constable,32,2026-08-13 20:52:05+00:00,84.0,84.0,,21.1535519,73.0079476,34.10000038146973,0.922,-0.425,-0.026,,0.0,0.0,0.0,,,,,0.0,0.0,31.0,-0.0002385999999994,0.0005874999999946,7.7,84.0,36.5,1
91225,SO-0401,Head Constable Ramesh Mehta,Head Constable,32,2026-08-13 20:52:35+00:00,95.0,88.0,,21.1526048,73.009659,33.29999923706055,0.8,-0.625,0.137,,0.0,0.0,0.0,,,,,0.0,0.0,30.0,-0.0009471000000011,0.0017114000000049,24.72,88.0,36.5,1
91226,SO-0401,Head Constable Ramesh Mehta,Head Constable,32,2026-08-13 20:53:05+00:00,88.0,87.0,,21.1508938,73.0130309,46.99999988079071,0.589,-0.647,0.496,,0.0,0.0,0.0,,,,,0.0,0.0,30.0,-0.0017110000000002,0.0033719000000047,47.68,87.0,36.5,1
91227,SO-0401,Head Constable Ramesh Mehta,Head Constable,32,2026-08-13 20:53:37+00:00,81.0,88.0,,21.1509856,73.011563,46.99999988079071,0.915,-0.58,-0.214,,0.0,0.0,0.0,,,,,0.0,0.0,32.0,9.17999999998642e-05,-0.0014679000000086,17.13,88.0,36.5,1
91228,SO-0401,Head Constable Ramesh Mehta,Head Constable,32,2026-08-13 20:54:05+00:00,81.0,88.0,,21.1473017,73.0196244,46.99999988079071,0.91,-0.424,-0.102,,0.0,0.0,0.0,,,,,0.0,0.0,28.0,-0.0036838999999986,0.0080614000000025,119.48,88.0,36.5,1
91229,SO-0401,Head Constable Ramesh Mehta,Head Constable,32,2026-08-13 20:54:35+00:00,84.0,88.0,,21.1456216,73.0224968,46.99999988079071,0.976,-0.532,-0.066,,0.0,0.0,0.0,,,,,0.0,0.0,30.0,-0.0016801000000015,0.0028724000000011,42.12,88.0,36.5,1
91230,SO-0401,Head Constable Ramesh Mehta,Head Constable,32,2026-08-13 20:55:05+00:00,84.0,88.0,,21.1436005,73.0255952,32.29999923706055,0.769,-0.508,-0.13,,0.0,0.0,0.0,,,,,0.0,0.0,30.0,-0.0020210999999967,0.0030983999999989,46.97,88.0,36.5,1
91854,SO-0401,Head Constable Ramesh Mehta,Head Constable,32,2026-08-14 13:56:51+00:00,95.0,86.0,,21.1802918,72.9380429,22.799999237060547,0.221,0.265,0.989,,0.0,0.0,0.0,,,,,0.0,0.0,61306.0,0.0366912999999975,-0.0875522999999987,0.0,86.0,36.5,2
91858,SO-0401,Head Constable Ramesh Mehta,Head Constable,32,2026-08-14 13:57:20+00:00,84.0,86.0,,21.1802877,72.9380365,22.799999237060547,0.41,0.17,0.947,,0.0,0.0,0.0,,,,,0.0,0.0,29.0,-4.099999998175008e-06,-6.40000000373675e-06,0.1,86.0,36.5,0
91862,SO-0401,Head Constable Ramesh Mehta,Head Constable,32,2026-08-14 13:57:50+00:00,90.0,85.0,,21.1802964,72.9380449,22.799999237060547,0.858,0.233,0.437,,0.0,0.0,0.0,,,,,0.0,0.0,30.0,8.699999998640351e-06,8.399999998687235e-06,0.16,85.0,36.5,0
91866,SO-0401,Head Constable Ramesh Mehta,Head Constable,32,2026-08-14 13:58:20+00:00,82.0,87.0,,21.180287,72.9380391,22.799999237060547,0.835,0.199,0.622,,0.0,0.0,0.0,,,,,0.0,0.0,30.0,-9.399999999715192e-06,-5.7999999967250915e-06,0.14,87.0,36.5,0
92664,SO-0401,Head Constable Ramesh Mehta,Head Constable,32,2026-08-14 17:28:30+00:00,88.0,87.0,,21.1802545,72.9380097,22.799999237060547,0.997,-0.026,0.118,,0.0,0.0,0.0,,,,,0.0,0.0,12610.0,-3.24999999996578e-05,-2.940000000251075e-05,0.0,87.0,36.5,0
92666,SO-0401,Head Constable Ramesh Mehta,Head Constable,32,2026-08-14 17:29:00+00:00,88.0,81.0,,21.1802913,72.9380402,22.799999237060547,0.344,0.813,0.571,,0.0,0.0,0.0,,,,,0.0,0.0,30.0,3.680000000017003e-05,3.050000000826003e-05,0.62,81.0,36.5,0
92668,SO-0401,Head Constable Ramesh Mehta,Head Constable,32,2026-08-14 17:29:30+00:00,92.0,77.0,,21.1802934,72.9380425,22.799999237060547,0.884,0.799,-0.075,,0.0,0.0,0.0,,,,,0.0,0.0,30.0,2.099999999671809e-06,2.2999999913508873e-06,0.04,77.0,36.5,2
92670,SO-0401,Head Constable Ramesh Mehta,Head Constable,32,2026-08-14 17:30:00+00:00,83.0,86.0,,21.1803049,72.9380475,22.799999237060547,0.801,0.479,-0.239,,0.0,0.0,0.0,,,,,0.0,0.0,30.0,1.1499999999387e-05,5.000000001587068e-06,0.17,86.0,36.5,0
92672,SO-0401,Head Constable Ramesh Mehta,Head Constable,32,2026-08-14 17:30:30+00:00,83.0,87.0,,21.1802974,72.9380463,22.799999237060547,0.312,0.899,0.384,,0.0,0.0,0.0,,,,,0.0,0.0,30.0,-7.499999998827889e-06,-1.1999999998124622e-06,0.1,87.0,36.5,0
92674,SO-0401,Head Constable Ramesh Mehta,Head Constable,32,2026-08-14 17:31:00+00:00,89.0,87.0,,21.180296,72.9380479,22.799999237060547,0.807,0.484,0.488,,0.0,0.0,0.0,,,,,0.0,0.0,30.0,-1.4000000021496817e-06,1.6000000044869012e-06,0.03,87.0,36.5,0
92676,SO-0401,Head Constable Ramesh Mehta,Head Constable,32,2026-08-14 17:31:30+00:00,83.0,86.0,,21.1803041,72.9380478,22.799999237060547,0.417,-0.079,0.814,,0.0,0.0,0.0,,,,,0.0,0.0,30.0,8.100000002286833e-06,-9.999999406318238e-08,0.11,86.0,36.5,0
92678,SO-0401,Head Constable Ramesh Mehta,Head Constable,32,2026-08-14 17:32:00+00:00,89.0,87.0,,21.1802986,72.9380484,22.799999237060547,0.26,0.099,0.992,,0.0,0.0,0.0,,,,,0.0,0.0,30.0,-5.50000000032469e-06,5.999999928008037e-07,0.07,87.0,36.5,0
92680,SO-0401,Head Constable Ramesh Mehta,Head Constable,32,2026-08-14 17:32:30+00:00,88.0,68.0,,21.1802999,72.9380504,22.799999237060547,0.32,0.051,0.982,,0.0,0.0,0.0,,,,,0.0,0.0,30.0,1.300000000981072e-06,1.9999999949504854e-06,0.03,68.0,36.5,0
92682,SO-0401,Head Constable Ramesh Mehta,Head Constable,32,2026-08-14 17:33:00+00:00,90.0,88.0,,21.1803032,72.9380502,22.799999237060547,0.42,0.01,0.953,,0.0,0.0,0.0,,,,,0.0,0.0,30.0,3.299999999484271e-06,-1.9999998812636477e-07,0.04,88.0,36.5,0
92684,SO-0401,Head Constable Ramesh Mehta,Head Constable,32,2026-08-14 17:33:30+00:00,85.0,78.0,,21.1803025,72.9380449,22.799999237060547,0.412,0.014,0.968,,0.0,0.0,0.0,,,,,0.0,0.0,30.0,-7.000000010748408e-07,-5.300000012198325e-06,0.07,78.0,36.5,0
93946,SO-0401,Head Constable Ramesh Mehta,Head Constable,32,2026-08-15 13:09:48+00:00,85.0,66.0,,21.1799996,72.9375967,22.799999237060547,0.673,0.104,-0.562,,0.0,0.0,0.0,,,,,0.0,0.0,70578.0,-0.0003029000000012,-0.0004481999999939,0.0,66.0,36.5,0
93947,SO-0401,Head Constable Ramesh Mehta,Head Constable,32,2026-08-15 13:10:20+00:00,85.0,87.0,,21.1797325,72.9384328,22.799999237060547,1.024,-0.176,0.124,,0.0,0.0,0.0,,,,,0.0,0.0,32.0,-0.0002670999999985,0.0008361000000007,10.29,87.0,36.5,1
93948,SO-0401,Head Constable Ramesh Mehta,Head Constable,32,2026-08-15 13:10:48+00:00,95.0,78.0,,21.1793334,72.9390305,22.600000381469727,1.046,-0.273,-0.008,,0.0,0.0,0.0,,,,,0.0,0.0,28.0,-0.0003990999999992,0.0005977000000001,9.78,78.0,36.5,1
93949,SO-0401,Head Constable Ramesh Mehta,Head Constable,32,2026-08-15 13:11:18+00:00,83.0,59.0,,21.1785605,72.9418737,22.600000381469727,0.917,-0.2,0.099,,0.0,0.0,0.0,,,,,0.0,0.0,30.0,-0.0007729000000011,0.0028432000000009,36.79,59.0,36.5,1
93950,SO-0401,Head Constable Ramesh Mehta,Head Constable,32,2026-08-15 13:11:48+00:00,95.0,87.0,,21.1774621,72.9452938,26.200000762939453,0.97,-0.194,-0.054,,0.0,0.0,0.0,,,,,0.0,0.0,30.0,-0.0010984,0.0034200999999995,44.93,87.0,36.5,1
93951,SO-0401,Head Constable Ramesh Mehta,Head Constable,32,2026-08-15 13:12:18+00:00,85.0,82.0,,21.1765141,72.9487011,26.200000762939453,0.948,-0.043,0.027,,0.0,0.0,0.0,,,,,0.0,0.0,30.0,-0.000948000000001,0.0034072999999921,44.17,82.0,36.5,1
93952,SO-0401,Head Constable Ramesh Mehta,Head Constable,32,2026-08-15 13:12:48+00:00,83.0,76.0,,21.1761604,72.9503143,24.899999618530273,1.027,-0.089,-0.038,,0.0,0.0,0.0,,,,,0.0,0.0,30.0,-0.000353699999998,0.0016132000000084,20.58,76.0,36.5,1
93953,SO-0401,Head Constable Ramesh Mehta,Head Constable,32,2026-08-15 13:13:18+00:00,82.0,72.0,,21.1753485,72.9526622,24.899999618530273,0.98,-0.07,0.024,,0.0,0.0,0.0,,,,,0.0,0.0,30.0,-0.0008119000000021,0.0023479000000037,31.1,72.0,36.5,1
93954,SO-0401,Head Constable Ramesh Mehta,Head Constable,32,2026-08-15 13:13:48+00:00,83.0,86.0,,21.1748365,72.9544633,22.899999618530273,0.915,-0.076,0.083,,0.0,0.0,0.0,,,,,0.0,0.0,30.0,-0.0005119999999969,0.0018010999999944,23.39,86.0,36.5,1
93955,SO-0401,Head Constable Ramesh Mehta,Head Constable,32,2026-08-15 13:14:18+00:00,92.0,87.0,,21.1740141,72.956641,22.700000762939453,0.929,-0.221,-0.156,,0.0,0.0,0.0,,,,,0.0,0.0,30.0,-0.0008224000000005,0.0021777000000042,29.18,87.0,36.5,1
93956,SO-0401,Head Constable Ramesh Mehta,Head Constable,32,2026-08-15 13:14:48+00:00,91.0,73.0,,21.1731526,72.9590444,26.100000381469727,0.937,-0.134,-0.193,,0.0,0.0,0.0,,,,,0.0,0.0,30.0,-0.0008614999999991,0.0024033999999915,31.98,73.0,36.5,1
93957,SO-0401,Head Constable Ramesh Mehta,Head Constable,32,2026-08-15 13:15:18+00:00,90.0,79.0,,21.1722049,72.9609728,25.5,0.935,-0.303,-0.145,,0.0,0.0,0.0,,,,,0.0,0.0,30.0,-0.0009477000000011,0.001928399999997,27.08,79.0,36.5,1
93958,SO-0401,Head Constable Ramesh Mehta,Head Constable,32,2026-08-15 13:15:48+00:00,93.0,87.0,,21.1719265,72.9616191,25.600000381469727,0.954,-0.261,0.12,,0.0,0.0,0.0,,,,,0.0,0.0,30.0,-0.0002783999999991,0.0006462999999996,8.84,87.0,36.5,1
93959,SO-0401,Head Constable Ramesh Mehta,Head Constable,32,2026-08-15 13:16:18+00:00,81.0,87.0,,21.1713273,72.9639573,25.600000381469727,0.971,-0.192,-0.096,,0.0,0.0,0.0,,,,,0.0,0.0,30.0,-0.0005991999999999,0.0023382000000111,30.12,87.0,36.5,1
93960,SO-0401,Head Constable Ramesh Mehta,Head Constable,32,2026-08-15 13:16:48+00:00,90.0,75.0,,21.1709359,72.9629425,26.299999237060547,0.389,0.183,-0.499,,0.0,0.0,0.0,,,,,0.0,0.0,30.0,-0.0003914000000015,-0.0010148000000071,13.64,75.0,36.5,1
93961,SO-0401,Head Constable Ramesh Mehta,Head Constable,32,2026-08-15 13:17:19+00:00,91.0,69.0,,21.1709817,72.9629647,25.5,0.422,1.416,-0.435,,0.0,0.0,0.0,,,,,0.0,0.0,31.0,4.5799999998763496e-05,2.2200000003635975e-05,0.65,69.0,36.5,2
93962,SO-0401,Head Constable Ramesh Mehta,Head Constable,32,2026-08-15 13:17:48+00:00,85.0,75.0,,21.1709816,72.9629736,26.299999237060547,0.653,0.776,0.386,,0.0,0.0,0.0,,,,,0.0,0.0,29.0,-9.999999761589606e-08,8.899999997424857e-06,0.11,75.0,36.5,0
93963,SO-0401,Head Constable Ramesh Mehta,Head Constable,32,2026-08-15 13:18:18+00:00,92.0,70.0,,21.1709898,72.9630555,26.299999237060547,1.073,0.083,0.131,,0.0,0.0,0.0,,,,,0.0,0.0,30.0,8.19999999990273e-06,8.189999999785869e-05,1.02,70.0,36.5,2
93964,SO-0401,Head Constable Ramesh Mehta,Head Constable,32,2026-08-15 13:18:48+00:00,90.0,88.0,,21.1710101,72.963019,25.299999237060547,0.799,-0.119,0.626,,0.0,0.0,0.0,,,,,0.0,0.0,30.0,2.029999999919596e-05,-3.649999999311149e-05,0.53,88.0,36.5,0
93965,SO-0401,Head Constable Ramesh Mehta,Head Constable,32,2026-08-15 13:19:18+00:00,82.0,83.0,,21.1710088,72.9630089,26.299999237060547,1.003,-0.045,-0.016,,0.0,0.0,0.0,,,,,0.0,0.0,30.0,-1.300000000981072e-06,-1.009999999723732e-05,0.13,83.0,36.5,0
93966,SO-0401,Head Constable Ramesh Mehta,Head Constable,32,2026-08-15 13:19:48+00:00,88.0,77.0,,21.1709986,72.9629953,26.299999237060547,0.994,-0.051,-0.072,,0.0,0.0,0.0,,,,,0.0,0.0,30.0,-1.0199999998405929e-05,-1.3600000002611525e-05,0.22,77.0,36.5,0
93967,SO-0401,Head Constable Ramesh Mehta,Head Constable,32,2026-08-15 13:20:18+00:00,81.0,76.0,,21.171008,72.9630075,26.299999237060547,0.998,-0.051,-0.067,,0.0,0.0,0.0,,,,,0.0,0.0,30.0,9.399999999715192e-06,1.220000000046184e-05,0.2,76.0,36.5,0
93968,SO-0401,Head Constable Ramesh Mehta,Head Constable,32,2026-08-15 13:20:48+00:00,83.0,79.0,,21.171007,72.9630167,25.5,1.0,-0.048,-0.039,,0.0,0.0,0.0,,,,,0.0,0.0,30.0,-1.0000000010279564e-06,9.19999999382526e-06,0.12,79.0,36.5,0
93969,SO-0401,Head Constable Ramesh Mehta,Head Constable,32,2026-08-15 13:21:18+00:00,81.0,85.0,,21.1709996,72.9629879,26.299999237060547,0.999,-0.082,0.03,,0.0,0.0,0.0,,,,,0.0,0.0,30.0,-7.400000001211993e-06,-2.8799999995499093e-05,0.37,85.0,36.5,0
93970,SO-0401,Head Constable Ramesh Mehta,Head Constable,32,2026-08-15 13:21:48+00:00,100.0,85.0,,21.1709652,72.9630113,26.299999237060547,1.005,-0.098,0.014,,0.0,0.0,0.0,,,,,0.0,0.0,30.0,-3.439999999699239e-05,2.340000000344844e-05,0.54,85.0,36.5,2
93971,SO-0401,Head Constable Ramesh Mehta,Head Constable,32,2026-08-15 13:22:18+00:00,84.0,77.0,,21.1710144,72.9629997,25.299999237060547,1.001,-0.069,-0.115,,0.0,0.0,0.0,,,,,0.0,0.0,30.0,4.919999999941638e-05,-1.1600000007661038e-05,0.67,77.0,36.5,0
93972,SO-0401,Head Constable Ramesh Mehta,Head Constable,32,2026-08-15 13:22:48+00:00,92.0,86.0,,21.171008,72.9630023,25.399999618530273,0.125,-0.045,0.985,,0.0,0.0,0.0,,,,,0.0,0.0,30.0,-6.400000000184036e-06,2.600000001962144e-06,0.09,86.0,36.5,2
93973,SO-0401,Head Constable Ramesh Mehta,Head Constable,32,2026-08-15 13:23:18+00:00,92.0,79.0,,21.1709983,72.9630396,26.299999237060547,0.827,-0.293,0.53,,0.0,0.0,0.0,,,,,0.0,0.0,30.0,-9.699999999668307e-06,3.7300000002460365e-05,0.48,79.0,36.5,2
93974,SO-0401,Head Constable Ramesh Mehta,Head Constable,32,2026-08-15 13:23:48+00:00,94.0,83.0,,21.1709983,72.9630417,26.299999237060547,0.521,-0.196,0.876,,0.0,0.0,0.0,,,,,0.0,0.0,30.0,0.0,2.1000000032245225e-06,0.03,83.0,36.5,2
93975,SO-0401,Head Constable Ramesh Mehta,Head Constable,32,2026-08-15 13:24:18+00:00,82.0,81.0,,21.1710047,72.9630391,26.299999237060547,0.423,-0.029,0.872,,0.0,0.0,0.0,,,,,0.0,0.0,30.0,6.400000000184036e-06,-2.600000001962144e-06,0.09,81.0,36.5,0
93976,SO-0401,Head Constable Ramesh Mehta,Head Constable,32,2026-08-15 13:24:48+00:00,92.0,87.0,,21.1709983,72.9630396,26.299999237060547,0.596,-0.519,-0.029,,0.0,0.0,0.0,,,,,0.0,0.0,30.0,-6.400000000184036e-06,4.999999987376214e-07,0.09,87.0,36.5,2
93977,SO-0401,Head Constable Ramesh Mehta,Head Constable,32,2026-08-15 13:25:18+00:00,87.0,86.0,,21.1710097,72.9630147,25.5,0.609,-0.37,0.61,,0.0,0.0,0.0,,,,,0.0,0.0,30.0,1.139999999821839e-05,-2.4899999999661304e-05,0.34,86.0,36.5,0
93978,SO-0401,Head Constable Ramesh Mehta,Head Constable,32,2026-08-15 13:25:48+00:00,87.0,81.0,,21.1709959,72.9630426,26.299999237060547,-0.3,0.041,0.927,,0.0,0.0,0.0,,,,,0.0,0.0,30.0,-1.3799999997843315e-05,2.7899999992087032e-05,0.39,81.0,36.5,0
93979,SO-0401,Head Constable Ramesh Mehta,Head Constable,32,2026-08-15 13:26:18+00:00,91.0,85.0,,21.1709903,72.9630536,26.299999237060547,0.644,-0.492,-0.462,,0.0,0.0,0.0,,,,,0.0,0.0,30.0,-5.600000001493299e-06,1.100000000064938e-05,0.16,85.0,36.5,2
93980,SO-0401,Head Constable Ramesh Mehta,Head Constable,32,2026-08-15 13:26:48+00:00,90.0,87.0,,21.1710249,72.9630055,25.5,0.747,-0.13,0.967,,0.0,0.0,0.0,,,,,0.0,0.0,30.0,3.459999999932961e-05,-4.8100000000772525e-05,0.75,87.0,36.5,0
93981,SO-0401,Head Constable Ramesh Mehta,Head Constable,32,2026-08-15 13:27:18+00:00,83.0,85.0,,21.170986,72.9630365,26.299999237060547,0.863,-0.164,-0.358,,0.0,0.0,0.0,,,,,0.0,0.0,30.0,-3.889999999984184e-05,3.100000000699765e-05,0.65,85.0,36.5,0
93982,SO-0401,Head Constable Ramesh Mehta,Head Constable,32,2026-08-15 13:27:48+00:00,100.0,87.0,,21.1710281,72.9629969,25.5,0.749,-0.07,1.061,,0.0,0.0,0.0,,,,,0.0,0.0,30.0,4.2100000001710214e-05,-3.960000000802211e-05,0.75,87.0,36.5,2
93983,SO-0401,Head Constable Ramesh Mehta,Head Constable,32,2026-08-15 13:28:18+00:00,88.0,79.0,,21.171028,72.9630114,25.5,0.677,-0.592,-0.225,,0.0,0.0,0.0,,,,,0.0,0.0,30.0,-1.0000000116860974e-07,1.4500000006023583e-05,0.18,79.0,36.5,0
93984,SO-0401,Head Constable Ramesh Mehta,Head Constable,32,2026-08-15 13:28:48+00:00,84.0,86.0,,21.1710171,72.963008,25.5,0.738,-0.509,-0.369,,0.0,0.0,0.0,,,,,0.0,0.0,30.0,-1.089999999948077e-05,-3.399999997100167e-06,0.15,86.0,36.5,0
93985,SO-0401,Head Constable Ramesh Mehta,Head Constable,32,2026-08-15 13:29:18+00:00,85.0,79.0,,21.1709863,72.9630634,26.299999237060547,0.896,-0.433,-0.012,,0.0,0.0,0.0,,,,,0.0,0.0,30.0,-3.080000000110772e-05,5.539999999371048e-05,0.8,79.0,36.5,0
93986,SO-0401,Head Constable Ramesh Mehta,Head Constable,32,2026-08-15 13:29:48+00:00,86.0,71.0,,21.1710237,72.9630001,25.5,0.741,-0.042,1.031,,0.0,0.0,0.0,,,,,0.0,0.0,30.0,3.740000000007626e-05,-6.32999999936601e-05,0.93,71.0,36.5,0
93987,SO-0401,Head Constable Ramesh Mehta,Head Constable,32,2026-08-15 13:30:18+00:00,87.0,87.0,,21.1710309,72.9630066,25.5,0.339,-0.077,0.945,,0.0,0.0,0.0,,,,,0.0,0.0,30.0,7.200000002427487e-06,6.499999997799932e-06,0.13,87.0,36.5,0
93988,SO-0401,Head Constable Ramesh Mehta,Head Constable,32,2026-08-15 13:30:48+00:00,87.0,87.0,,21.1710163,72.9630021,25.5,0.707,-0.434,-0.107,,0.0,0.0,0.0,,,,,0.0,0.0,30.0,-1.4600000000086766e-05,-4.500000002849447e-06,0.2,87.0,36.5,0
93989,SO-0401,Head Constable Ramesh Mehta,Head Constable,32,2026-08-15 13:31:18+00:00,87.0,78.0,,21.1710287,72.9629755,25.5,0.554,-0.127,0.885,,0.0,0.0,0.0,,,,,0.0,0.0,30.0,1.2399999999246347e-05,-2.6599999998211388e-05,0.37,78.0,36.5,0
93990,SO-0401,Head Constable Ramesh Mehta,Head Constable,32,2026-08-15 13:31:48+00:00,87.0,81.0,,21.1710337,72.962987,25.5,0.602,-0.143,0.892,,0.0,0.0,0.0,,,,,0.0,0.0,30.0,4.9999999980343546e-06,1.1499999999387e-05,0.16,81.0,36.5,0
93991,SO-0401,Head Constable Ramesh Mehta,Head Constable,32,2026-08-15 13:32:18+00:00,82.0,87.0,,21.1710369,72.9629846,25.399999618530273,0.621,-0.792,0.134,,0.0,0.0,0.0,,,,,0.0,0.0,30.0,3.200000001868375e-06,-2.3999999996249244e-06,0.05,87.0,36.5,0
93992,SO-0401,Head Constable Ramesh Mehta,Head Constable,32,2026-08-15 13:32:48+00:00,82.0,88.0,,21.1710141,72.9630102,25.299999237060547,0.613,-0.788,0.223,,0.0,0.0,0.0,,,,,0.0,0.0,30.0,-2.2799999999989495e-05,2.5600000000736145e-05,0.44,88.0,36.5,0
93993,SO-0401,Head Constable Ramesh Mehta,Head Constable,32,2026-08-15 13:33:18+00:00,82.0,83.0,,21.1710141,72.9630097,25.299999237060547,0.555,-0.788,0.222,,0.0,0.0,0.0,,,,,0.0,0.0,30.0,0.0,-4.999999987376214e-07,0.01,83.0,36.5,0
93994,SO-0401,Head Constable Ramesh Mehta,Head Constable,32,2026-08-15 13:33:48+00:00,82.0,76.0,,21.1710321,72.9629908,25.5,0.588,-0.789,0.222,,0.0,0.0,0.0,,,,,0.0,0.0,30.0,1.8000000000739647e-05,-1.8900000000598993e-05,0.34,76.0,36.5,0
93995,SO-0401,Head Constable Ramesh Mehta,Head Constable,32,2026-08-15 13:34:18+00:00,82.0,86.0,,21.1710055,72.9630231,26.299999237060547,0.38,0.873,0.281,,0.0,0.0,0.0,,,,,0.0,0.0,30.0,-2.66000000017641e-05,3.23000000008733e-05,0.54,86.0,36.5,0
93996,SO-0401,Head Constable Ramesh Mehta,Head Constable,32,2026-08-15 13:34:48+00:00,86.0,70.0,,21.170995,72.9630143,25.5,0.804,0.428,0.509,,0.0,0.0,0.0,,,,,0.0,0.0,30.0,-1.0499999998359044e-05,-8.800000003361674e-06,0.18,70.0,36.5,0
93997,SO-0401,Head Constable Ramesh Mehta,Head Constable,32,2026-08-15 13:35:18+00:00,86.0,83.0,,21.171004,72.9630356,26.299999237060547,0.767,-0.659,0.201,,0.0,0.0,0.0,,,,,0.0,0.0,30.0,8.999999998593466e-06,2.130000000022392e-05,0.29,83.0,36.5,0
93998,SO-0401,Head Constable Ramesh Mehta,Head Constable,32,2026-08-15 13:35:48+00:00,82.0,77.0,,21.1709886,72.963058,26.299999237060547,0.95,-0.041,-0.308,,0.0,0.0,0.0,,,,,0.0,0.0,30.0,-1.5399999998777503e-05,2.2400000005973197e-05,0.35,77.0,36.5,0
93999,SO-0401,Head Constable Ramesh Mehta,Head Constable,32,2026-08-15 13:36:18+00:00,82.0,80.0,,21.1709736,72.9629687,26.299999237060547,1.379,0.928,0.743,,0.0,0.0,0.0,,,,,0.0,0.0,30.0,-1.5000000001208493e-05,-8.929999999907068e-05,1.13,80.0,36.5,1
94000,SO-0401,Head Constable Ramesh Mehta,Head Constable,32,2026-08-15 13:36:48+00:00,98.0,87.0,,21.1710169,72.9630109,26.299999237060547,0.463,0.753,0.5,,0.0,0.0,0.0,,,,,0.0,0.0,30.0,4.330000000152267e-05,4.219999999577339e-05,0.78,87.0,36.5,1
94001,SO-0401,Head Constable Ramesh Mehta,Head Constable,32,2026-08-15 13:37:18+00:00,91.0,84.0,,21.1710044,72.9630033,25.5,0.801,0.668,0.113,,0.0,0.0,0.0,,,,,0.0,0.0,30.0,-1.2500000000414955e-05,-7.600000003549212e-06,0.19,84.0,36.5,1
94002,SO-0401,Head Constable Ramesh Mehta,Head Constable,32,2026-08-15 13:37:48+00:00,84.0,85.0,,21.171002,72.9630285,25.299999237060547,0.911,0.141,0.804,,0.0,0.0,0.0,,,,,0.0,0.0,30.0,-2.3999999996249244e-06,2.5199999996061703e-05,0.31,85.0,36.5,1
94003,SO-0401,Head Constable Ramesh Mehta,Head Constable,32,2026-08-15 13:38:18+00:00,89.0,86.0,,21.1710154,72.9630083,25.299999237060547,0.978,-0.031,0.03,,0.0,0.0,0.0,,,,,0.0,0.0,30.0,1.3400000000274304e-05,-2.019999999447464e-05,0.31,86.0,36.5,1
94004,SO-0401,Head Constable Ramesh Mehta,Head Constable,32,2026-08-15 13:38:48+00:00,85.0,79.0,,21.1710119,72.9629936,25.299999237060547,1.016,-0.164,0.2,,0.0,0.0,0.0,,,,,0.0,0.0,30.0,-3.5000000018214905e-06,-1.4699999994149948e-05,0.19,79.0,36.5,0
94005,SO-0401,Head Constable Ramesh Mehta,Head Constable,32,2026-08-15 13:39:18+00:00,97.0,86.0,,21.1715737,72.9628501,25.299999237060547,0.626,0.119,0.765,,0.0,0.0,0.0,,,,,0.0,0.0,30.0,0.0005617999999998,-0.0001435000000071,7.69,86.0,36.5,1
94006,SO-0401,Head Constable Ramesh Mehta,Head Constable,32,2026-08-15 13:39:48+00:00,83.0,87.0,,21.1717291,72.9620296,28.100000381469727,0.751,0.065,0.679,,0.0,0.0,0.0,,,,,0.0,0.0,30.0,0.0001554000000005,-0.0008205000000032,10.4,87.0,36.5,1
94007,SO-0401,Head Constable Ramesh Mehta,Head Constable,32,2026-08-15 13:40:18+00:00,90.0,71.0,,21.1721297,72.9605584,25.399999618530273,1.066,-0.112,0.147,,0.0,0.0,0.0,,,,,0.0,0.0,30.0,0.0004005999999989,-0.0014711999999974,19.04,71.0,36.5,1
94008,SO-0401,Head Constable Ramesh Mehta,Head Constable,32,2026-08-15 13:40:48+00:00,91.0,86.0,,21.173063,72.9580619,24.799999237060547,0.99,-0.013,0.213,,0.0,0.0,0.0,,,,,0.0,0.0,30.0,0.0009332999999998,-0.0024964999999923,33.41,86.0,36.5,1
94009,SO-0401,Head Constable Ramesh Mehta,Head Constable,32,2026-08-15 13:41:18+00:00,94.0,79.0,,21.1746581,72.9546857,23.100000381469727,0.961,0.07,0.108,,0.0,0.0,0.0,,,,,0.0,0.0,30.0,0.0015950999999994,-0.0033762000000052,47.01,79.0,36.5,1
94010,SO-0401,Head Constable Ramesh Mehta,Head Constable,32,2026-08-15 13:41:48+00:00,82.0,79.0,,21.1745877,72.953623,23.100000381469727,1.043,0.022,0.254,,0.0,0.0,0.0,,,,,0.0,0.0,30.0,-7.039999999847169e-05,-0.0010627000000056,13.23,79.0,36.5,1
94011,SO-0401,Head Constable Ramesh Mehta,Head Constable,32,2026-08-15 13:42:18+00:00,89.0,87.0,,21.1761668,72.9491647,25.600000381469727,0.602,0.231,0.16,,0.0,0.0,0.0,,,,,0.0,0.0,30.0,0.0015791000000007,-0.004458299999996,59.24,87.0,36.5,1
94012,SO-0401,Head Constable Ramesh Mehta,Head Constable,32,2026-08-15 13:42:48+00:00,85.0,78.0,,21.177151,72.94732,26.100000381469727,0.922,0.046,0.244,,0.0,0.0,0.0,,,,,0.0,0.0,30.0,0.0009841999999977,-0.0018446999999923,26.4,78.0,36.5,1
94013,SO-0401,Head Constable Ramesh Mehta,Head Constable,32,2026-08-15 13:43:18+00:00,98.0,88.0,,21.1780534,72.9439187,27.100000381469727,1.005,-0.051,0.148,,0.0,0.0,0.0,,,,,0.0,0.0,30.0,0.000902400000001,-0.0034013000000072,43.93,88.0,36.5,1
94014,SO-0401,Head Constable Ramesh Mehta,Head Constable,32,2026-08-15 13:43:50+00:00,84.0,87.0,,21.1792585,72.9396522,27.100000381469727,0.976,0.045,0.286,,0.0,0.0,0.0,,,,,0.0,0.0,32.0,0.0012050999999999,-0.0042664999999999,51.91,87.0,36.5,1
94015,SO-0401,Head Constable Ramesh Mehta,Head Constable,32,2026-08-15 13:44:19+00:00,83.0,85.0,,21.1796109,72.9386091,27.100000381469727,0.96,0.035,0.292,,0.0,0.0,0.0,,,,,0.0,0.0,29.0,0.0003524000000005,-0.0010431000000039,14.26,85.0,36.5,1
94016,SO-0401,Head Constable Ramesh Mehta,Head Constable,32,2026-08-15 13:44:50+00:00,90.0,84.0,,21.1796243,72.9385006,27.100000381469727,0.74,0.228,0.655,,0.0,0.0,0.0,,,,,0.0,0.0,31.0,1.3400000000274304e-05,-0.000108499999996,1.32,84.0,36.5,0
94017,SO-0401,Head Constable Ramesh Mehta,Head Constable,32,2026-08-15 13:45:20+00:00,81.0,85.0,,21.1798991,72.9379314,23.0,0.407,0.493,0.902,,0.0,0.0,0.0,,,,,0.0,0.0,30.0,0.0002747999999996,-0.000569200000001,7.96,85.0,36.5,1
94018,SO-0401,Head Constable Ramesh Mehta,Head Constable,32,2026-08-15 13:45:48+00:00,87.0,81.0,,21.1802484,72.9378758,23.0,0.685,0.164,0.761,,0.0,0.0,0.0,,,,,0.0,0.0,28.0,0.0003492999999998,-5.55999999960477e-05,5.04,81.0,36.5,1
94019,SO-0401,Head Constable Ramesh Mehta,Head Constable,32,2026-08-15 13:46:18+00:00,89.0,87.0,,21.1800198,72.9376272,22.799999237060547,0.307,0.708,-0.377,,0.0,0.0,0.0,,,,,0.0,0.0,30.0,-0.0002285999999998,-0.0002486000000061,4.34,87.0,36.5,0
94020,SO-0401,Head Constable Ramesh Mehta,Head Constable,32,2026-08-15 13:46:49+00:00,88.0,73.0,,21.1801894,72.9378933,22.799999237060547,1.034,0.1,-0.391,,0.0,0.0,0.0,,,,,0.0,0.0,31.0,0.0001695999999995,0.0002661000000045,3.87,73.0,36.5,0
94021,SO-0401,Head Constable Ramesh Mehta,Head Constable,32,2026-08-15 13:47:18+00:00,88.0,76.0,,21.1802747,72.9379713,22.799999237060547,0.257,1.024,0.166,,0.0,0.0,0.0,,,,,0.0,0.0,29.0,8.529999999851157e-05,7.80000000020209e-05,1.54,76.0,36.5,0
94022,SO-0401,Head Constable Ramesh Mehta,Head Constable,32,2026-08-15 13:47:47+00:00,88.0,76.0,,21.1802955,72.9380452,22.799999237060547,0.562,0.937,-0.333,,0.0,0.0,0.0,,,,,0.0,0.0,29.0,2.0800000001486296e-05,7.390000000384589e-05,0.99,76.0,36.5,0
94023,SO-0401,Head Constable Ramesh Mehta,Head Constable,32,2026-08-15 13:48:18+00:00,84.0,71.0,,21.1802706,72.9380317,22.799999237060547,1.016,-0.31,0.05,,0.0,0.0,0.0,,,,,0.0,0.0,31.0,-2.4899999999661304e-05,-1.350000000854834e-05,0.36,71.0,36.5,0
94024,SO-0401,Head Constable Ramesh Mehta,Head Constable,32,2026-08-15 13:48:48+00:00,87.0,85.0,,21.1802992,72.93805,22.799999237060547,0.78,0.336,-0.131,,0.0,0.0,0.0,,,,,0.0,0.0,30.0,2.86000000002673e-05,1.830000000779819e-05,0.44,85.0,36.5,0
94025,SO-0401,Head Constable Ramesh Mehta,Head Constable,32,2026-08-15 13:49:18+00:00,88.0,87.0,,21.1802801,72.9380372,22.799999237060547,0.875,-0.215,0.453,,0.0,0.0,0.0,,,,,0.0,0.0,30.0,-1.90999999993835e-05,-1.28000000074735e-05,0.3,87.0,36.5,0
94026,SO-0401,Head Constable Ramesh Mehta,Head Constable,32,2026-08-15 13:49:48+00:00,89.0,70.0,,21.180286,72.9380313,22.799999237060547,0.443,0.72,0.49,,0.0,0.0,0.0,,,,,0.0,0.0,30.0,5.899999997893701e-06,-5.899999990788274e-06,0.11,70.0,36.5,0
94027,SO-0401,Head Constable Ramesh Mehta,Head Constable,32,2026-08-15 13:50:18+00:00,86.0,86.0,,21.180296,72.938039,22.799999237060547,1.042,-0.264,-0.098,,0.0,0.0,0.0,,,,,0.0,0.0,30.0,9.999999999621425e-06,7.699999997612395e-06,0.16,86.0,36.5,0
94028,SO-0401,Head Constable Ramesh Mehta,Head Constable,32,2026-08-15 13:50:48+00:00,86.0,88.0,,21.1802914,72.9380398,22.799999237060547,0.475,0.276,0.836,,0.0,0.0,0.0,,,,,0.0,0.0,30.0,-4.599999996912629e-06,7.999999951380232e-07,0.06,88.0,36.5,0
94029,SO-0401,Head Constable Ramesh Mehta,Head Constable,32,2026-08-15 13:51:18+00:00,99.0,87.0,,21.1802983,72.938049,22.799999237060547,0.562,0.323,0.803,,0.0,0.0,0.0,,,,,0.0,0.0,30.0,6.899999998921658e-06,9.200000008036112e-06,0.15,87.0,36.5,2
94030,SO-0401,Head Constable Ramesh Mehta,Head Constable,32,2026-08-15 13:51:48+00:00,99.0,87.0,,21.1802971,72.9380457,22.799999237060547,0.507,0.303,0.841,,0.0,0.0,0.0,,,,,0.0,0.0,30.0,-1.1999999998124622e-06,-3.3000000030369847e-06,0.04,87.0,36.5,2
94031,SO-0401,Head Constable Ramesh Mehta,Head Constable,32,2026-08-15 13:52:18+00:00,81.0,82.0,,21.1802973,72.9380483,22.799999237060547,0.477,0.299,0.855,,0.0,0.0,0.0,,,,,0.0,0.0,30.0,1.999999987845058e-07,2.600000001962144e-06,0.03,82.0,36.5,0
94032,SO-0401,Head Constable Ramesh Mehta,Head Constable,32,2026-08-15 13:52:48+00:00,90.0,88.0,,21.1802951,72.938046,22.799999237060547,0.83,0.076,0.604,,0.0,0.0,0.0,,,,,0.0,0.0,30.0,-2.2000000008404186e-06,-2.300000005561742e-06,0.04,88.0,36.5,0
94033,SO-0401,Head Constable Ramesh Mehta,Head Constable,32,2026-08-15 13:53:18+00:00,82.0,88.0,,21.1802583,72.9380175,22.799999237060547,1.006,-0.048,0.074,,0.0,0.0,0.0,,,,,0.0,0.0,30.0,-3.680000000017003e-05,-2.849999999909869e-05,0.6,88.0,36.5,0
94034,SO-0401,Head Constable Ramesh Mehta,Head Constable,32,2026-08-15 13:53:48+00:00,86.0,88.0,,21.1802954,72.9380445,22.799999237060547,0.535,0.137,0.876,,0.0,0.0,0.0,,,,,0.0,0.0,30.0,3.7100000000123146e-05,2.7000000002885827e-05,0.6,88.0,36.5,0
94035,SO-0401,Head Constable Ramesh Mehta,Head Constable,32,2026-08-15 13:54:18+00:00,86.0,68.0,,21.1802962,72.9380508,22.799999237060547,0.01,-0.897,0.492,,0.0,0.0,0.0,,,,,0.0,0.0,30.0,8.000000022434506e-07,6.299999995462713e-06,0.08,68.0,36.5,0
94036,SO-0401,Head Constable Ramesh Mehta,Head Constable,32,2026-08-15 13:54:48+00:00,86.0,66.0,,21.1803031,72.9380398,22.799999237060547,-0.047,-0.929,0.427,,0.0,0.0,0.0,,,,,0.0,0.0,30.0,6.899999998921658e-06,-1.100000000064938e-05,0.16,66.0,36.5,0
94037,SO-0401,Head Constable Ramesh Mehta,Head Constable,32,2026-08-15 13:55:18+00:00,86.0,79.0,,21.1802973,72.9380416,22.799999237060547,-0.028,-0.918,0.45,,0.0,0.0,0.0,,,,,0.0,0.0,30.0,-5.800000000277805e-06,1.8000000068241206e-06,0.08,79.0,36.5,0
94038,SO-0401,Head Constable Ramesh Mehta,Head Constable,32,2026-08-15 13:55:48+00:00,86.0,77.0,,21.1803025,72.9380479,22.799999237060547,0.004,-0.911,0.458,,0.0,0.0,0.0,,,,,0.0,0.0,30.0,5.200000000371574e-06,6.299999995462713e-06,0.1,77.0,36.5,0
94039,SO-0401,Head Constable Ramesh Mehta,Head Constable,32,2026-08-15 13:56:18+00:00,100.0,88.0,,21.1803008,72.9380452,22.799999237060547,0.137,-0.876,0.462,,0.0,0.0,0.0,,,,,0.0,0.0,30.0,-1.6999999985500835e-06,-2.6999999960253263e-06,0.04,88.0,36.5,2
94040,SO-0401,Head Constable Ramesh Mehta,Head Constable,32,2026-08-15 13:56:48+00:00,94.0,83.0,,21.1803018,72.9380411,22.799999237060547,0.319,-0.951,0.175,,0.0,0.0,0.0,,,,,0.0,0.0,30.0,9.999999974752427e-07,-4.099999998175008e-06,0.05,83.0,36.5,2
94041,SO-0401,Head Constable Ramesh Mehta,Head Constable,32,2026-08-15 13:57:18+00:00,82.0,81.0,,21.1802789,72.9380317,22.799999237060547,0.495,0.123,0.906,,0.0,0.0,0.0,,,,,0.0,0.0,30.0,-2.289999999760539e-05,-9.400000010373333e-06,0.33,81.0,36.5,0
94042,SO-0401,Head Constable Ramesh Mehta,Head Constable,32,2026-08-15 13:57:48+00:00,82.0,84.0,,21.180312,72.9380297,22.799999237060547,0.99,-0.136,0.009,,0.0,0.0,0.0,,,,,0.0,0.0,30.0,3.3099999999564034e-05,-1.9999999949504854e-06,0.44,84.0,36.5,0
94043,SO-0401,Head Constable Ramesh Mehta,Head Constable,32,2026-08-15 13:58:18+00:00,82.0,88.0,,21.1803061,72.9380386,22.799999237060547,0.993,-0.123,-0.01,,0.0,0.0,0.0,,,,,0.0,0.0,30.0,-5.900000001446415e-06,8.899999997424857e-06,0.14,88.0,36.5,0
94044,SO-0401,Head Constable Ramesh Mehta,Head Constable,32,2026-08-15 13:58:48+00:00,82.0,85.0,,21.1803128,72.9380293,22.799999237060547,0.997,-0.043,-0.044,,0.0,0.0,0.0,,,,,0.0,0.0,30.0,6.700000000137152e-06,-9.300000002099296e-06,0.15,85.0,36.5,0
94045,SO-0401,Head Constable Ramesh Mehta,Head Constable,32,2026-08-15 13:59:18+00:00,86.0,86.0,,21.1802626,72.9380209,22.799999237060547,-0.017,0.545,0.929,,0.0,0.0,0.0,,,,,0.0,0.0,30.0,-5.0200000000444334e-05,-8.399999998687235e-06,0.68,86.0,36.5,0
94046,SO-0401,Head Constable Ramesh Mehta,Head Constable,32,2026-08-15 13:59:48+00:00,86.0,80.0,,21.1802696,72.9379668,22.799999237060547,0.738,0.255,0.671,,0.0,0.0,0.0,,,,,0.0,0.0,30.0,7.000000000090267e-06,-5.409999999983483e-05,0.68,80.0,36.5,0
94047,SO-0401,Head Constable Ramesh Mehta,Head Constable,32,2026-08-15 14:00:18+00:00,86.0,88.0,,21.1802459,72.9378914,23.0,0.592,0.668,0.468,,0.0,0.0,0.0,,,,,0.0,0.0,30.0,-2.369999999984884e-05,-7.540000000005875e-05,0.99,88.0,36.5,0
94048,SO-0401,Head Constable Ramesh Mehta,Head Constable,32,2026-08-15 14:00:48+00:00,92.0,88.0,,21.1802475,72.9378879,23.0,0.804,0.589,0.009,,0.0,0.0,0.0,,,,,0.0,0.0,30.0,1.6000000009341877e-06,-3.4999999911633495e-06,0.05,88.0,36.5,2
94049,SO-0401,Head Constable Ramesh Mehta,Head Constable,32,2026-08-15 14:01:18+00:00,93.0,88.0,,21.1802443,72.9378921,23.0,0.544,0.844,0.416,,0.0,0.0,0.0,,,,,0.0,0.0,30.0,-3.200000001868375e-06,4.19999999223819e-06,0.07,88.0,36.5,2
94050,SO-0401,Head Constable Ramesh Mehta,Head Constable,32,2026-08-15 14:01:48+00:00,86.0,86.0,,21.1802439,72.9378912,23.0,0.77,0.578,-0.294,,0.0,0.0,0.0,,,,,0.0,0.0,30.0,-3.999999975690116e-07,-9.000000034120603e-07,0.01,86.0,36.5,0
94051,SO-0401,Head Constable Ramesh Mehta,Head Constable,32,2026-08-15 14:02:18+00:00,95.0,87.0,,21.1802435,72.9378842,23.0,0.788,0.606,-0.12,,0.0,0.0,0.0,,,,,0.0,0.0,30.0,-4.000000011217253e-07,-6.999999996537554e-06,0.09,87.0,36.5,2
94052,SO-0401,Head Constable Ramesh Mehta,Head Constable,32,2026-08-15 14:02:48+00:00,98.0,79.0,,21.1802527,72.9379887,22.799999237060547,0.288,0.917,0.147,,0.0,0.0,0.0,,,,,0.0,0.0,30.0,9.200000000930686e-06,0.0001045000000061,1.3,79.0,36.5,2
94053,SO-0401,Head Constable Ramesh Mehta,Head Constable,32,2026-08-15 14:03:18+00:00,98.0,87.0,,21.1802623,72.9380048,22.799999237060547,0.346,0.957,0.315,,0.0,0.0,0.0,,,,,0.0,0.0,30.0,9.599999998499698e-06,1.609999999629963e-05,0.24,87.0,36.5,2
94054,SO-0401,Head Constable Ramesh Mehta,Head Constable,32,2026-08-15 14:03:48+00:00,93.0,88.0,,21.1802667,72.9380219,22.799999237060547,0.412,0.89,0.197,,0.0,0.0,0.0,,,,,0.0,0.0,30.0,4.400000001680837e-06,1.7099999993774873e-05,0.22,88.0,36.5,2
94055,SO-0401,Head Constable Ramesh Mehta,Head Constable,32,2026-08-15 14:04:18+00:00,92.0,86.0,,21.18028,72.9380328,22.799999237060547,0.486,0.614,-0.398,,0.0,0.0,0.0,,,,,0.0,0.0,30.0,1.3299999999105694e-05,1.0900000006586197e-05,0.22,86.0,36.5,2
94056,SO-0401,Head Constable Ramesh Mehta,Head Constable,32,2026-08-15 14:04:48+00:00,90.0,83.0,,21.1803068,72.9380475,22.799999237060547,0.955,0.213,-0.69,,0.0,0.0,0.0,,,,,0.0,0.0,30.0,2.6800000000548607e-05,1.4699999994149948e-05,0.4,83.0,36.5,0
94057,SO-0401,Head Constable Ramesh Mehta,Head Constable,32,2026-08-15 14:05:18+00:00,91.0,81.0,,21.1803002,72.9380458,22.799999237060547,0.583,0.206,0.822,,0.0,0.0,0.0,,,,,0.0,0.0,30.0,-6.599999998968542e-06,-1.6999999985500835e-06,0.09,81.0,36.5,2
94058,SO-0401,Head Constable Ramesh Mehta,Head Constable,32,2026-08-15 14:05:48+00:00,88.0,74.0,,21.1803017,72.9380462,22.799999237060547,0.573,0.176,0.833,,0.0,0.0,0.0,,,,,0.0,0.0,30.0,1.4999999997655775e-06,4.0000000467443897e-07,0.02,74.0,36.5,0
94059,SO-0401,Head Constable Ramesh Mehta,Head Constable,32,2026-08-15 14:06:18+00:00,85.0,88.0,,21.1803025,72.9380482,22.799999237060547,0.576,0.228,0.862,,0.0,0.0,0.0,,,,,0.0,0.0,30.0,7.999999986907369e-07,1.9999999949504854e-06,0.03,88.0,36.5,0
94060,SO-0401,Head Constable Ramesh Mehta,Head Constable,32,2026-08-15 14:06:48+00:00,87.0,88.0,,21.1803011,72.9380494,22.799999237060547,0.593,0.178,0.825,,0.0,0.0,0.0,,,,,0.0,0.0,30.0,-1.399999998596968e-06,1.1999999998124622e-06,0.02,88.0,36.5,0
94062,SO-0401,Head Constable Ramesh Mehta,Head Constable,32,2026-08-15 14:07:18+00:00,88.0,65.0,,21.1802898,72.9380329,22.799999237060547,0.225,0.996,0.164,,0.0,0.0,0.0,,,,,0.0,0.0,30.0,-1.1300000000602496e-05,-1.650000000097407e-05,0.25,65.0,36.5,0
94064,SO-0401,Head Constable Ramesh Mehta,Head Constable,32,2026-08-15 14:07:48+00:00,88.0,77.0,,21.1802994,72.938049,22.799999237060547,0.986,-0.224,0.503,,0.0,0.0,0.0,,,,,0.0,0.0,30.0,9.599999998499698e-06,1.6100000010510485e-05,0.24,77.0,36.5,0
94066,SO-0401,Head Constable Ramesh Mehta,Head Constable,32,2026-08-15 14:08:18+00:00,85.0,84.0,,21.1803039,72.938046,22.799999237060547,1.064,-0.215,0.55,,0.0,0.0,0.0,,,,,0.0,0.0,30.0,4.499999999296733e-06,-3.000000006636583e-06,0.07,84.0,36.5,0
94068,SO-0401,Head Constable Ramesh Mehta,Head Constable,32,2026-08-15 14:08:48+00:00,88.0,65.0,,21.1802957,72.9380429,22.799999237060547,0.46,0.265,0.888,,0.0,0.0,0.0,,,,,0.0,0.0,30.0,-8.19999999990273e-06,-3.1000000006997652e-06,0.12,65.0,36.5,0
94070,SO-0401,Head Constable Ramesh Mehta,Head Constable,32,2026-08-15 14:09:18+00:00,100.0,83.0,,21.1803027,72.938048,22.799999237060547,0.453,0.298,0.864,,0.0,0.0,0.0,,,,,0.0,0.0,30.0,7.000000000090267e-06,5.099999995650251e-06,0.11,83.0,36.5,2
94072,SO-0401,Head Constable Ramesh Mehta,Head Constable,32,2026-08-15 14:09:48+00:00,100.0,52.0,,21.1803016,72.9380515,22.799999237060547,0.484,0.306,0.854,,0.0,0.0,0.0,,,,,0.0,0.0,30.0,-1.0999999986438525e-06,3.500000005374204e-06,0.05,52.0,36.5,2
94074,SO-0401,Head Constable Ramesh Mehta,Head Constable,32,2026-08-15 14:10:18+00:00,100.0,73.0,,21.1802997,72.9380503,22.799999237060547,0.497,0.313,0.844,,0.0,0.0,0.0,,,,,0.0,0.0,30.0,-1.900000000887303e-06,-1.1999999998124622e-06,0.03,73.0,36.5,2
94076,SO-0401,Head Constable Ramesh Mehta,Head Constable,32,2026-08-15 14:10:48+00:00,83.0,73.0,,21.1802994,72.938051,22.799999237060547,0.467,0.311,0.865,,0.0,0.0,0.0,,,,,0.0,0.0,30.0,-2.999999999531156e-07,7.000000010748408e-07,0.01,73.0,36.5,0
94078,SO-0401,Head Constable Ramesh Mehta,Head Constable,32,2026-08-15 14:11:18+00:00,83.0,70.0,,21.1802981,72.938047,22.799999237060547,0.499,0.299,0.853,,0.0,0.0,0.0,,,,,0.0,0.0,30.0,-1.2999999974283585e-06,-4.0000000041118255e-06,0.05,70.0,36.5,0
94080,SO-0401,Head Constable Ramesh Mehta,Head Constable,32,2026-08-15 14:11:48+00:00,84.0,84.0,,21.1803019,72.9380488,22.799999237060547,0.585,0.238,0.8,,0.0,0.0,0.0,,,,,0.0,0.0,30.0,3.799999998221893e-06,1.8000000068241206e-06,0.06,84.0,36.5,0
94082,SO-0401,Head Constable Ramesh Mehta,Head Constable,32,2026-08-15 14:12:18+00:00,84.0,85.0,,21.1802982,72.9380503,22.799999237060547,0.529,0.299,0.836,,0.0,0.0,0.0,,,,,0.0,0.0,30.0,-3.700000000605996e-06,1.499999996212864e-06,0.05,85.0,36.5,0
94084,SO-0401,Head Constable Ramesh Mehta,Head Constable,32,2026-08-15 14:12:48+00:00,84.0,80.0,,21.1802969,72.9380454,22.799999237060547,0.818,-0.184,0.545,,0.0,0.0,0.0,,,,,0.0,0.0,30.0,-1.300000000981072e-06,-4.900000007523886e-06,0.06,80.0,36.5,0
94085,SO-0401,Head Constable Ramesh Mehta,Head Constable,32,2026-08-15 14:13:18+00:00,84.0,83.0,,21.1803036,72.9380444,22.799999237060547,0.485,0.237,0.869,,0.0,0.0,0.0,,,,,0.0,0.0,30.0,6.700000000137152e-06,-9.999999974752427e-07,0.09,83.0,36.5,0
94086,SO-0401,Head Constable Ramesh Mehta,Head Constable,32,2026-08-15 14:13:48+00:00,85.0,83.0,,21.1803022,72.938052,22.799999237060547,0.493,0.307,0.854,,0.0,0.0,0.0,,,,,0.0,0.0,30.0,-1.399999998596968e-06,7.600000003549212e-06,0.1,83.0,36.5,0
94087,SO-0401,Head Constable Ramesh Mehta,Head Constable,32,2026-08-15 14:14:18+00:00,85.0,83.0,,21.1802986,72.9380508,22.799999237060547,0.471,0.301,0.855,,0.0,0.0,0.0,,,,,0.0,0.0,30.0,-3.5999999994373866e-06,-1.1999999998124622e-06,0.05,83.0,36.5,0
94088,SO-0401,Head Constable Ramesh Mehta,Head Constable,32,2026-08-15 14:14:48+00:00,84.0,76.0,,21.1802964,72.93805,22.799999237060547,0.494,0.285,0.85,,0.0,0.0,0.0,,,,,0.0,0.0,30.0,-2.2000000008404186e-06,-7.999999951380232e-07,0.03,76.0,36.5,0
94089,SO-0401,Head Constable Ramesh Mehta,Head Constable,32,2026-08-15 14:15:18+00:00,84.0,77.0,,21.1803058,72.9380482,22.799999237060547,0.483,0.285,0.872,,0.0,0.0,0.0,,,,,0.0,0.0,30.0,9.399999999715192e-06,-1.8000000068241206e-06,0.13,77.0,36.5,0
94090,SO-0401,Head Constable Ramesh Mehta,Head Constable,32,2026-08-15 14:15:48+00:00,84.0,69.0,,21.1803028,72.9380521,22.799999237060547,0.483,0.295,0.865,,0.0,0.0,0.0,,,,,0.0,0.0,30.0,-2.9999999995311555e-06,3.8999999958377884e-06,0.06,69.0,36.5,0
94091,SO-0401,Head Constable Ramesh Mehta,Head Constable,32,2026-08-15 14:16:18+00:00,83.0,87.0,,21.1803015,72.9380509,22.799999237060547,0.483,0.29,0.85,,0.0,0.0,0.0,,,,,0.0,0.0,30.0,-1.300000000981072e-06,-1.1999999998124622e-06,0.02,87.0,36.5,0
94092,SO-0401,Head Constable Ramesh Mehta,Head Constable,32,2026-08-15 14:16:48+00:00,81.0,86.0,,21.1802976,72.9380502,22.799999237060547,0.501,0.306,0.844,,0.0,0.0,0.0,,,,,0.0,0.0,30.0,-3.899999999390502e-06,-6.999999868639861e-07,0.05,86.0,36.5,0
94093,SO-0401,Head Constable Ramesh Mehta,Head Constable,32,2026-08-15 14:17:18+00:00,82.0,74.0,,21.1803,72.9380466,22.799999237060547,0.507,0.301,0.838,,0.0,0.0,0.0,,,,,0.0,0.0,30.0,2.3999999996249244e-06,-3.5999999994373866e-06,0.05,74.0,36.5,0
94094,SO-0401,Head Constable Ramesh Mehta,Head Constable,32,2026-08-15 14:17:48+00:00,81.0,86.0,,21.1802997,72.9380376,22.799999237060547,0.51,0.285,0.834,,0.0,0.0,0.0,,,,,0.0,0.0,30.0,-2.999999999531156e-07,-9.000000005698894e-06,0.11,86.0,36.5,0
94095,SO-0401,Head Constable Ramesh Mehta,Head Constable,32,2026-08-15 14:18:18+00:00,82.0,86.0,,21.1803269,72.9380206,22.799999237060547,0.283,0.137,0.755,,0.0,0.0,0.0,,,,,0.0,0.0,30.0,2.7200000001670332e-05,-1.699999999971169e-05,0.42,86.0,36.5,0
94096,SO-0401,Head Constable Ramesh Mehta,Head Constable,32,2026-08-15 14:18:48+00:00,86.0,65.0,,21.1803066,72.9380421,22.799999237060547,0.534,0.259,0.85,,0.0,0.0,0.0,,,,,0.0,0.0,30.0,-2.029999999919596e-05,2.1500000002561137e-05,0.38,65.0,36.5,0
94097,SO-0401,Head Constable Ramesh Mehta,Head Constable,32,2026-08-15 14:19:18+00:00,83.0,78.0,,21.1803004,72.9380505,22.799999237060547,0.501,0.28,0.853,,0.0,0.0,0.0,,,,,0.0,0.0,30.0,-6.2000000013995304e-06,8.399999998687235e-06,0.13,78.0,36.5,0
94098,SO-0401,Head Constable Ramesh Mehta,Head Constable,32,2026-08-15 14:19:48+00:00,85.0,87.0,,21.1802991,72.9380435,22.799999237060547,0.468,0.293,0.857,,0.0,0.0,0.0,,,,,0.0,0.0,30.0,-1.300000000981072e-06,-6.999999996537554e-06,0.09,87.0,36.5,0
