log_id,badge_id,officer_name,rank,user_id,timestamp,spo2,pulse,temperature,latitude,longitude,altitude,accel_x,accel_y,accel_z,barometer,gyro_x,gyro_y,gyro_z,mag_x,mag_y,mag_z,bat_v,ir,red,time_delta,lat_delta,lon_delta,approx_speed_kmh,heart_rate,skin_temperature,target
46057,SO-0502,PI Nilesh Chauhan,PI,36,2026-07-23 12:15:35+00:00,98.0,79.0,,21.2557147,73.3021502,48.0,-0.477,-0.822,-0.136,,0.0,0.0,0.0,,,,,0.0,0.0,0.0,0.0,0.0,0.0,79.0,36.5,2
46061,SO-0502,PI Nilesh Chauhan,PI,36,2026-07-23 12:16:01+00:00,87.0,84.0,,21.2530005,73.2990359,30.171752612064154,-0.41,-0.806,-0.32,,0.0,0.0,0.0,,,,,0.0,0.0,26.0,-0.0027141999999997,-0.0031142999999929,62.35,84.0,36.5,1
46066,SO-0502,PI Nilesh Chauhan,PI,36,2026-07-23 12:16:31+00:00,93.0,88.0,,21.2530011,73.2990363,30.202932684897405,-0.464,-0.778,-0.271,,0.0,0.0,0.0,,,,,0.0,0.0,30.0,5.999999999062311e-07,3.9999999046358425e-07,0.01,88.0,36.5,2
46073,SO-0502,PI Nilesh Chauhan,PI,36,2026-07-23 12:17:05+00:00,86.0,88.0,,21.2530227,73.2990581,31.449206385313175,-0.495,-0.79,-0.213,,0.0,0.0,0.0,,,,,0.0,0.0,34.0,2.1600000000177033e-05,2.179999999896154e-05,0.35,88.0,36.5,0
46078,SO-0502,PI Nilesh Chauhan,PI,36,2026-07-23 12:17:31+00:00,85.0,71.0,,21.25295,73.2990771,40.43811640854375,0.231,-0.219,0.293,,0.0,0.0,0.0,,,,,0.0,0.0,26.0,-7.270000000048071e-05,1.900000000887303e-05,1.15,71.0,36.5,0
46083,SO-0502,PI Nilesh Chauhan,PI,36,2026-07-23 12:18:05+00:00,100.0,88.0,,21.2529006,73.2989175,37.354085114168925,-0.54,-0.435,0.78,,0.0,0.0,0.0,,,,,0.0,0.0,34.0,-4.939999999820088e-05,-0.0001596000000034,1.91,88.0,36.5,2
46088,SO-0502,PI Nilesh Chauhan,PI,36,2026-07-23 12:18:30+00:00,100.0,84.0,,21.2530159,73.2990318,36.0,-0.152,0.099,1.141,,0.0,0.0,0.0,,,,,0.0,0.0,25.0,0.0001153000000009,0.0001142999999927,2.55,84.0,36.5,2
46093,SO-0502,PI Nilesh Chauhan,PI,36,2026-07-23 12:19:01+00:00,86.0,87.0,,21.2567606,73.3017816,37.25155747712569,-0.255,-0.19,1.069,,0.0,0.0,0.0,,,,,0.0,0.0,31.0,0.0037446999999986,0.0027498000000036,59.23,87.0,36.5,1
46098,SO-0502,PI Nilesh Chauhan,PI,36,2026-07-23 12:19:31+00:00,86.0,88.0,,21.2567606,73.3017816,37.39372241487084,0.45,-0.744,0.559,,0.0,0.0,0.0,,,,,0.0,0.0,30.0,0.0,0.0,0.0,88.0,36.5,0
46103,SO-0502,PI Nilesh Chauhan,PI,36,2026-07-23 12:20:02+00:00,86.0,88.0,,21.2530243,73.2990098,31.50469821412716,0.116,-0.857,0.59,,0.0,0.0,0.0,,,,,0.0,0.0,31.0,-0.0037362999999999,-0.0027718000000049,59.3,88.0,36.5,1
46107,SO-0502,PI Nilesh Chauhan,PI,36,2026-07-23 12:20:31+00:00,82.0,88.0,,21.2567606,73.3017816,31.68597401693222,-0.207,-0.855,0.563,,0.0,0.0,0.0,,,,,0.0,0.0,29.0,0.0037362999999999,0.0027718000000049,63.39,88.0,36.5,1
46111,SO-0502,PI Nilesh Chauhan,PI,36,2026-07-23 12:21:02+00:00,82.0,88.0,,21.2531594,73.2991148,32.0,-0.215,-0.868,0.511,,0.0,0.0,0.0,,,,,0.0,0.0,31.0,-0.0036011999999985,-0.0026668,57.12,88.0,36.5,1
46118,SO-0502,PI Nilesh Chauhan,PI,36,2026-07-23 12:21:35+00:00,92.0,87.0,,21.25311,73.2990282,32.0,-0.341,-0.56,0.862,,0.0,0.0,0.0,,,,,0.0,0.0,33.0,-4.94000000017536e-05,-8.660000000304535e-05,1.18,87.0,36.5,2
46123,SO-0502,PI Nilesh Chauhan,PI,36,2026-07-23 12:22:05+00:00,98.0,85.0,,21.2531801,73.2989367,40.73461074247405,-0.577,-0.583,0.677,,0.0,0.0,0.0,,,,,0.0,0.0,30.0,7.010000000207128e-05,-9.149999999635838e-05,1.5,85.0,36.5,2
46129,SO-0502,PI Nilesh Chauhan,PI,36,2026-07-23 12:22:32+00:00,98.0,88.0,,21.2530214,73.299034,42.35303983725197,-0.417,-0.786,0.553,,0.0,0.0,0.0,,,,,0.0,0.0,27.0,-0.0001587,9.730000000729432e-05,2.73,88.0,36.5,2
46135,SO-0502,PI Nilesh Chauhan,PI,36,2026-07-23 12:23:00+00:00,88.0,88.0,,21.252935,73.298978,48.49999997019768,0.145,-0.782,0.729,,0.0,0.0,0.0,,,,,0.0,0.0,28.0,-8.640000000070813e-05,-5.600000000072214e-05,1.46,88.0,36.5,0
46141,SO-0502,PI Nilesh Chauhan,PI,36,2026-07-23 12:23:31+00:00,95.0,82.0,,21.2567606,73.3017816,42.42756057748852,0.102,-0.84,0.591,,0.0,0.0,0.0,,,,,0.0,0.0,31.0,0.0038255999999989,0.0028035999999929,60.47,82.0,36.5,1
46147,SO-0502,PI Nilesh Chauhan,PI,36,2026-07-23 12:24:02+00:00,99.0,88.0,,21.2529833,73.2989871,42.416461702910425,0.385,-0.604,0.74,,0.0,0.0,0.0,,,,,0.0,0.0,31.0,-0.0037772999999994,-0.0027944999999931,59.89,88.0,36.5,1
50340,SO-0502,PI Nilesh Chauhan,PI,36,2026-07-24 15:40:02+00:00,93.0,84.0,,21.2589898,73.3095883,50.20000004768371,-0.449,-0.763,0.704,,0.0,0.0,0.0,,,,,0.0,0.0,98160.0,0.006006499999998,0.0106011999999964,0.0,84.0,36.5,2
50346,SO-0502,PI Nilesh Chauhan,PI,36,2026-07-24 15:40:32+00:00,84.0,87.0,,21.2590131,73.3096142,50.09999990463257,-0.824,-0.419,0.443,,0.0,0.0,0.0,,,,,0.0,0.0,30.0,2.330000000227983e-05,2.5899999997136547e-05,0.46,87.0,36.5,0
50352,SO-0502,PI Nilesh Chauhan,PI,36,2026-07-24 15:41:02+00:00,87.0,80.0,,21.2590512,73.3096953,50.20000004768371,-0.92,-0.322,0.123,,0.0,0.0,0.0,,,,,0.0,0.0,30.0,3.809999999759839e-05,8.110000000272066e-05,1.16,80.0,36.5,0
50358,SO-0502,PI Nilesh Chauhan,PI,36,2026-07-24 15:41:32+00:00,88.0,52.0,,21.2583373,73.3097356,51.70000004768371,-0.937,-0.321,0.106,,0.0,0.0,0.0,,,,,0.0,0.0,30.0,-0.0007138999999973,4.029999999488609e-05,9.52,52.0,36.5,1
50364,SO-0502,PI Nilesh Chauhan,PI,36,2026-07-24 15:42:02+00:00,95.0,88.0,,21.2587021,73.3095617,50.20000004768371,-0.689,0.222,0.819,,0.0,0.0,0.0,,,,,0.0,0.0,30.0,0.0003647999999998,-0.0001738999999929,5.35,88.0,36.5,1
50370,SO-0502,PI Nilesh Chauhan,PI,36,2026-07-24 15:42:32+00:00,95.0,68.0,,21.2589601,73.309594,50.20000004768371,-0.979,0.066,0.378,,0.0,0.0,0.0,,,,,0.0,0.0,30.0,0.0002579999999987,3.23000000008733e-05,3.46,68.0,36.5,2
50376,SO-0502,PI Nilesh Chauhan,PI,36,2026-07-24 15:43:02+00:00,87.0,83.0,,21.2589779,73.3095796,50.20000004768371,1.016,-0.451,1.857,,0.0,0.0,0.0,,,,,0.0,0.0,30.0,1.780000000195514e-05,-1.4399999997749546e-05,0.3,83.0,36.5,1
50382,SO-0502,PI Nilesh Chauhan,PI,36,2026-07-24 15:43:32+00:00,81.0,88.0,,21.2589745,73.309601,50.09999990463257,0.563,-0.05,1.709,,0.0,0.0,0.0,,,,,0.0,0.0,30.0,-3.4000000006528808e-06,2.13999999942871e-05,0.28,88.0,36.5,1
50388,SO-0502,PI Nilesh Chauhan,PI,36,2026-07-24 15:44:02+00:00,87.0,88.0,,21.2589987,73.3095943,50.09999990463257,-0.433,0.088,1.013,,0.0,0.0,0.0,,,,,0.0,0.0,30.0,2.4199999998586463e-05,-6.700000000137152e-06,0.33,88.0,36.5,1
50394,SO-0502,PI Nilesh Chauhan,PI,36,2026-07-24 15:44:32+00:00,85.0,88.0,,21.2589959,73.3095993,50.09999990463257,-0.396,0.116,1.031,,0.0,0.0,0.0,,,,,0.0,0.0,30.0,-2.8000000007466497e-06,5.000000001587068e-06,0.07,88.0,36.5,1
50399,SO-0502,PI Nilesh Chauhan,PI,36,2026-07-24 15:45:02+00:00,92.0,84.0,,21.2590087,73.3095873,50.09999990463257,-0.464,0.137,1.0,,0.0,0.0,0.0,,,,,0.0,0.0,30.0,1.2800000000368073e-05,-1.1999999998124622e-05,0.23,84.0,36.5,1
50403,SO-0502,PI Nilesh Chauhan,PI,36,2026-07-24 15:45:32+00:00,85.0,88.0,,21.258979,73.3095813,50.09999990463257,-0.361,0.143,1.041,,0.0,0.0,0.0,,,,,0.0,0.0,30.0,-2.9699999998911153e-05,-5.999999999062311e-06,0.4,88.0,36.5,0
50408,SO-0502,PI Nilesh Chauhan,PI,36,2026-07-24 15:46:02+00:00,82.0,84.0,,21.2590047,73.3095897,50.20000004768371,-0.552,0.097,0.934,,0.0,0.0,0.0,,,,,0.0,0.0,30.0,2.569999999835204e-05,8.399999998687235e-06,0.36,84.0,36.5,0
50413,SO-0502,PI Nilesh Chauhan,PI,36,2026-07-24 15:46:33+00:00,87.0,88.0,,21.2590241,73.3095907,50.09999990463257,-0.479,0.135,0.989,,0.0,0.0,0.0,,,,,0.0,0.0,31.0,1.9400000002889328e-05,9.999999974752427e-07,0.25,88.0,36.5,0
50418,SO-0502,PI Nilesh Chauhan,PI,36,2026-07-24 15:47:02+00:00,87.0,88.0,,21.2590075,73.3095691,50.09999990463257,-0.717,-0.685,0.184,,0.0,0.0,0.0,,,,,0.0,0.0,29.0,-1.660000000214268e-05,-2.159999999662432e-05,0.37,88.0,36.5,0
50423,SO-0502,PI Nilesh Chauhan,PI,36,2026-07-24 15:47:32+00:00,82.0,84.0,,21.2581903,73.310514,50.90000009536743,-0.044,0.018,1.109,,0.0,0.0,0.0,,,,,0.0,0.0,30.0,-0.0008172000000001,0.0009448999999932,16.34,84.0,36.5,1
50428,SO-0502,PI Nilesh Chauhan,PI,36,2026-07-24 15:48:01+00:00,88.0,86.0,,21.2574423,73.3105531,52.0,-0.511,0.011,0.991,,0.0,0.0,0.0,,,,,0.0,0.0,29.0,-0.0007479999999979,3.9100000009284486e-05,10.32,86.0,36.5,1
50433,SO-0502,PI Nilesh Chauhan,PI,36,2026-07-24 15:48:33+00:00,99.0,84.0,,21.2555475,73.3108183,54.90000009536743,-0.125,-0.124,1.135,,0.0,0.0,0.0,,,,,0.0,0.0,32.0,-0.0018948000000023,0.0002651999999869,23.88,84.0,36.5,1
50438,SO-0502,PI Nilesh Chauhan,PI,36,2026-07-24 15:49:03+00:00,86.0,79.0,,21.2537123,73.3070229,54.90000009536743,-0.363,-0.13,0.839,,0.0,0.0,0.0,,,,,0.0,0.0,30.0,-0.0018351999999985,-0.0037953999999871,54.72,79.0,36.5,1
50443,SO-0502,PI Nilesh Chauhan,PI,36,2026-07-24 15:49:36+00:00,90.0,81.0,,21.2532739,73.3065724,54.90000009536743,-0.94,-0.242,0.467,,0.0,0.0,0.0,,,,,0.0,0.0,33.0,-0.0004384000000001,-0.0004505000000136,7.49,81.0,36.5,1
50448,SO-0502,PI Nilesh Chauhan,PI,36,2026-07-24 15:50:05+00:00,94.0,86.0,,21.2488264,73.3052182,54.90000009536743,-0.864,-0.184,0.531,,0.0,0.0,0.0,,,,,0.0,0.0,29.0,-0.0044475000000012,-0.0013541999999944,63.89,86.0,36.5,1
50564,SO-0502,PI Nilesh Chauhan,PI,36,2026-07-24 16:05:35+00:00,92.0,,,21.1841237,73.2829027,51.40000009536743,-1.162,0.021,-0.017,,0.0,0.0,0.0,,,,,0.0,0.0,930.0,-0.064702699999998,-0.0223155000000048,0.0,86.0,36.5,2
50569,SO-0502,PI Nilesh Chauhan,PI,36,2026-07-24 16:06:05+00:00,100.0,87.0,,21.1840783,73.2828419,51.40000009536743,-0.944,-0.458,0.136,,0.0,0.0,0.0,,,,,0.0,0.0,30.0,-4.5400000001194485e-05,-6.079999999997199e-05,0.99,87.0,36.5,2
50574,SO-0502,PI Nilesh Chauhan,PI,36,2026-07-24 16:06:33+00:00,97.0,88.0,,21.1841084,73.2828414,51.40000009536743,-0.915,-0.641,0.257,,0.0,0.0,0.0,,,,,0.0,0.0,28.0,3.010000000003288e-05,-4.999999987376214e-07,0.43,88.0,36.5,2
50579,SO-0502,PI Nilesh Chauhan,PI,36,2026-07-24 16:07:05+00:00,97.0,80.0,,21.1841534,73.2828856,51.40000009536743,0.753,0.701,0.028,,0.0,0.0,0.0,,,,,0.0,0.0,32.0,4.500000000007276e-05,4.4200000004934736e-05,0.78,80.0,36.5,2
50583,SO-0502,PI Nilesh Chauhan,PI,36,2026-07-24 16:07:34+00:00,100.0,84.0,,21.1840831,73.2828566,51.40000009536743,-0.806,-0.625,0.239,,0.0,0.0,0.0,,,,,0.0,0.0,29.0,-7.030000000085579e-05,-2.8999999997836312e-05,1.04,84.0,36.5,2
50587,SO-0502,PI Nilesh Chauhan,PI,36,2026-07-24 16:08:03+00:00,94.0,88.0,,21.1840926,73.2828167,51.40000009536743,-0.217,-0.629,0.852,,0.0,0.0,0.0,,,,,0.0,0.0,29.0,9.5000000008838e-06,-3.990000000442251e-05,0.55,88.0,36.5,2
50590,SO-0502,PI Nilesh Chauhan,PI,36,2026-07-24 16:08:33+00:00,100.0,88.0,,21.1840733,73.2828336,51.40000009536743,-0.236,-0.667,0.809,,0.0,0.0,0.0,,,,,0.0,0.0,30.0,-1.9299999998168005e-05,1.6900000005648508e-05,0.34,88.0,36.5,2
50593,SO-0502,PI Nilesh Chauhan,PI,36,2026-07-24 16:09:03+00:00,85.0,84.0,,21.1844317,73.2829714,51.40000009536743,1.29,-0.337,0.953,,0.0,0.0,0.0,,,,,0.0,0.0,30.0,0.0003583999999996,0.0001377999999903,5.09,84.0,36.5,1
50596,SO-0502,PI Nilesh Chauhan,PI,36,2026-07-24 16:09:33+00:00,83.0,88.0,,21.186758,73.2841494,51.40000009536743,-0.013,-0.369,0.954,,0.0,0.0,0.0,,,,,0.0,0.0,30.0,0.0023263,0.0011780000000101,34.51,88.0,36.5,1
50599,SO-0502,PI Nilesh Chauhan,PI,36,2026-07-24 16:10:03+00:00,89.0,85.0,,21.1890035,73.2850813,53.128501413053186,-0.563,-0.762,-0.305,,0.0,0.0,0.0,,,,,0.0,0.0,30.0,0.0022454999999972,0.0009318999999976,32.23,85.0,36.5,1
50602,SO-0502,PI Nilesh Chauhan,PI,36,2026-07-24 16:10:33+00:00,89.0,88.0,,21.1916255,73.2865148,54.72674918984066,-0.555,-0.715,-0.35,,0.0,0.0,0.0,,,,,0.0,0.0,30.0,0.0026220000000023,0.0014335000000045,39.52,88.0,36.5,1
50605,SO-0502,PI Nilesh Chauhan,PI,36,2026-07-24 16:11:06+00:00,89.0,88.0,,21.1941982,73.2878718,56.452746235338594,-0.738,-0.128,0.868,,0.0,0.0,0.0,,,,,0.0,0.0,33.0,0.0025726999999982,0.0013569999999987,34.98,88.0,36.5,1
50608,SO-0502,PI Nilesh Chauhan,PI,36,2026-07-24 16:11:33+00:00,100.0,88.0,,21.1966368,73.2883495,58.62078048592113,-0.824,-0.632,0.048,,0.0,0.0,0.0,,,,,0.0,0.0,27.0,0.0024386000000014,0.0004776999999904,36.73,88.0,36.5,1
50611,SO-0502,PI Nilesh Chauhan,PI,36,2026-07-24 16:12:03+00:00,98.0,88.0,,21.1992864,73.2887391,41.08193276538137,-0.778,-0.64,0.01,,0.0,0.0,0.0,,,,,0.0,0.0,30.0,0.002649599999998,0.0003896000000054,35.65,88.0,36.5,1
50614,SO-0502,PI Nilesh Chauhan,PI,36,2026-07-24 16:12:33+00:00,98.0,86.0,,21.2021734,73.2881801,38.6098203905558,-0.799,-0.618,-0.028,,0.0,0.0,0.0,,,,,0.0,0.0,30.0,0.0028870000000011,-0.0005589999999955,39.12,86.0,36.5,1
50619,SO-0502,PI Nilesh Chauhan,PI,36,2026-07-24 16:13:04+00:00,100.0,88.0,,21.2050817,73.2874808,36.17595474269402,-0.778,-0.632,0.012,,0.0,0.0,0.0,,,,,0.0,0.0,31.0,0.0029083000000014,-0.0006993000000079,38.49,88.0,36.5,1
50623,SO-0502,PI Nilesh Chauhan,PI,36,2026-07-24 16:13:33+00:00,90.0,84.0,,21.2078111,73.2878721,35.813286830962426,-0.746,-0.639,-0.012,,0.0,0.0,0.0,,,,,0.0,0.0,29.0,0.0027293999999997,0.0003913000000039,37.97,84.0,36.5,1
50627,SO-0502,PI Nilesh Chauhan,PI,36,2026-07-24 16:14:03+00:00,85.0,84.0,,21.210418,73.2886295,36.12731617555281,-0.771,-0.661,0.007,,0.0,0.0,0.0,,,,,0.0,0.0,30.0,0.0026068999999999,0.0007573999999976,36.07,84.0,36.5,1
50630,SO-0502,PI Nilesh Chauhan,PI,36,2026-07-24 16:14:33+00:00,94.0,85.0,,21.2130475,73.2893348,36.45616054098272,-0.745,-0.65,0.067,,0.0,0.0,0.0,,,,,0.0,0.0,30.0,0.0026294999999976,0.000705300000007,36.19,85.0,36.5,1
50633,SO-0502,PI Nilesh Chauhan,PI,36,2026-07-24 16:15:03+00:00,84.0,83.0,,21.2155459,73.289748,36.98910544289055,-0.927,-0.192,0.311,,0.0,0.0,0.0,,,,,0.0,0.0,30.0,0.0024984000000003,0.000413199999997,33.7,83.0,36.5,1
50636,SO-0502,PI Nilesh Chauhan,PI,36,2026-07-24 16:15:34+00:00,93.0,84.0,,21.2180797,73.2901201,37.57971887895354,-0.334,-0.859,0.453,,0.0,0.0,0.0,,,,,0.0,0.0,31.0,0.0025338000000019,0.0003720999999927,32.99,84.0,36.5,1
50639,SO-0502,PI Nilesh Chauhan,PI,36,2026-07-24 16:16:03+00:00,87.0,86.0,,21.2201957,73.2904395,35.12817169683467,-0.362,-0.105,1.081,,0.0,0.0,0.0,,,,,0.0,0.0,29.0,0.0021160000000008,0.0003194000000092,29.47,86.0,36.5,1
50642,SO-0502,PI Nilesh Chauhan,PI,36,2026-07-24 16:16:33+00:00,87.0,87.0,,21.2226196,73.2908235,33.99964809852426,-0.691,-0.681,0.25,,0.0,0.0,0.0,,,,,0.0,0.0,30.0,0.0024239000000001,0.0003839999999968,32.66,87.0,36.5,1
50645,SO-0502,PI Nilesh Chauhan,PI,36,2026-07-24 16:17:03+00:00,85.0,85.0,,21.2249689,73.2909967,31.4550669172431,-0.706,-0.749,0.147,,0.0,0.0,0.0,,,,,0.0,0.0,30.0,0.0023492999999987,0.0001731999999918,31.37,85.0,36.5,1
50648,SO-0502,PI Nilesh Chauhan,PI,36,2026-07-24 16:17:32+00:00,85.0,87.0,,21.2278256,73.2923184,31.79060202544906,-0.66,-0.788,0.056,,0.0,0.0,0.0,,,,,0.0,0.0,29.0,0.0028566999999988,0.0013217000000054,43.13,87.0,36.5,1
50651,SO-0502,PI Nilesh Chauhan,PI,36,2026-07-24 16:18:03+00:00,91.0,86.0,,21.2296865,73.2925408,30.75022162475588,-0.561,-0.77,0.032,,0.0,0.0,0.0,,,,,0.0,0.0,31.0,0.0018609000000004,0.0002223999999984,24.15,86.0,36.5,1
50655,SO-0502,PI Nilesh Chauhan,PI,36,2026-07-24 16:18:33+00:00,83.0,84.0,,21.2317168,73.2934978,29.2329396409952,-0.528,-0.897,0.055,,0.0,0.0,0.0,,,,,0.0,0.0,30.0,0.0020303000000012,0.0009569999999996,29.73,84.0,36.5,1
50659,SO-0502,PI Nilesh Chauhan,PI,36,2026-07-24 16:19:03+00:00,95.0,76.0,,21.2333766,73.2951646,27.29129373707667,-0.431,-0.887,0.034,,0.0,0.0,0.0,,,,,0.0,0.0,30.0,0.0016597999999987,0.0016668000000095,30.84,76.0,36.5,1
50663,SO-0502,PI Nilesh Chauhan,PI,36,2026-07-24 16:19:33+00:00,91.0,88.0,,21.2348294,73.296847,26.767927210373557,-0.488,-0.898,0.007,,0.0,0.0,0.0,,,,,0.0,0.0,30.0,0.0014527999999991,0.0016823999999928,29.07,88.0,36.5,1
50667,SO-0502,PI Nilesh Chauhan,PI,36,2026-07-24 16:20:03+00:00,87.0,86.0,,21.2364011,73.2982824,27.794093595852843,-0.446,-0.878,0.028,,0.0,0.0,0.0,,,,,0.0,0.0,30.0,0.0015716999999995,0.0014354000000054,27.95,86.0,36.5,1
50671,SO-0502,PI Nilesh Chauhan,PI,36,2026-07-24 16:20:34+00:00,92.0,84.0,,21.2382102,73.2997836,28.26311828329355,-0.512,-0.873,0.06,,0.0,0.0,0.0,,,,,0.0,0.0,31.0,0.0018091000000026,0.0015011999999927,29.91,84.0,36.5,1
50675,SO-0502,PI Nilesh Chauhan,PI,36,2026-07-24 16:21:02+00:00,95.0,88.0,,21.2404683,73.300331,28.172797351459423,-0.562,-0.89,-0.046,,0.0,0.0,0.0,,,,,0.0,0.0,28.0,0.0022580999999988,0.000547400000002,33.1,88.0,36.5,1
50679,SO-0502,PI Nilesh Chauhan,PI,36,2026-07-24 16:21:32+00:00,89.0,76.0,,21.2417227,73.2999433,26.854536626009462,0.079,-0.326,1.045,,0.0,0.0,0.0,,,,,0.0,0.0,30.0,0.0012544000000005,-0.0003877000000045,17.44,76.0,36.5,1
50684,SO-0502,PI Nilesh Chauhan,PI,36,2026-07-24 16:22:05+00:00,82.0,83.0,,21.2428047,73.3003813,35.400492711060195,-0.555,-0.107,0.859,,0.0,0.0,0.0,,,,,0.0,0.0,33.0,0.0010820000000002,0.0004380000000026,14.07,83.0,36.5,1
50687,SO-0502,PI Nilesh Chauhan,PI,36,2026-07-24 16:22:33+00:00,90.0,82.0,,21.244299,73.3014569,38.25353315944622,-1.078,-0.659,0.483,,0.0,0.0,0.0,,,,,0.0,0.0,28.0,0.0014943000000009,0.0010756000000071,25.99,82.0,36.5,1
50691,SO-0502,PI Nilesh Chauhan,PI,36,2026-07-24 16:23:05+00:00,81.0,82.0,,21.245939,73.3028469,38.318521083731014,-0.242,-0.282,1.175,,0.0,0.0,0.0,,,,,0.0,0.0,32.0,0.0016399999999983,0.0013900000000006,26.49,82.0,36.5,1
50696,SO-0502,PI Nilesh Chauhan,PI,36,2026-07-24 16:23:35+00:00,81.0,88.0,,21.2475483,73.3041348,38.96102975503089,-0.41,-0.063,1.063,,0.0,0.0,0.0,,,,,0.0,0.0,30.0,0.0016092999999983,0.0012878999999941,27.12,88.0,36.5,1
50699,SO-0502,PI Nilesh Chauhan,PI,36,2026-07-24 16:24:02+00:00,89.0,86.0,,21.2491648,73.305478,36.99577318325683,-0.64,-0.602,0.389,,0.0,0.0,0.0,,,,,0.0,0.0,27.0,0.0016165000000007,0.0013431999999937,30.71,86.0,36.5,1
50703,SO-0502,PI Nilesh Chauhan,PI,36,2026-07-24 16:24:34+00:00,86.0,69.0,,21.2512043,73.3072942,36.23446364935697,-0.348,-0.205,0.949,,0.0,0.0,0.0,,,,,0.0,0.0,32.0,0.0020395000000021,0.0018162000000074,33.63,69.0,36.5,1
50707,SO-0502,PI Nilesh Chauhan,PI,36,2026-07-24 16:25:03+00:00,82.0,87.0,,21.252922,73.3089335,36.561478835625024,-0.551,-0.765,-0.148,,0.0,0.0,0.0,,,,,0.0,0.0,29.0,0.0017177000000003,0.0016392999999936,32.23,87.0,36.5,1
50711,SO-0502,PI Nilesh Chauhan,PI,36,2026-07-24 16:25:32+00:00,81.0,87.0,,21.254858,73.3100478,37.724918489697274,-0.482,-0.869,-0.17,,0.0,0.0,0.0,,,,,0.0,0.0,29.0,0.001935999999997,0.0011143000000117,30.54,87.0,36.5,1
50715,SO-0502,PI Nilesh Chauhan,PI,36,2026-07-24 16:26:02+00:00,98.0,86.0,,21.2581326,73.3105274,36.09656515402503,-0.521,-0.842,-0.128,,0.0,0.0,0.0,,,,,0.0,0.0,30.0,0.003274600000001,0.0004795999999913,44.05,86.0,36.5,1
50719,SO-0502,PI Nilesh Chauhan,PI,36,2026-07-24 16:26:32+00:00,82.0,86.0,,21.2585325,73.3099722,51.59999990463257,-0.424,-0.208,0.934,,0.0,0.0,0.0,,,,,0.0,0.0,30.0,0.0003999000000014,-0.0005551999999937,8.92,86.0,36.5,1
50723,SO-0502,PI Nilesh Chauhan,PI,36,2026-07-24 16:27:02+00:00,82.0,87.0,,21.2592811,73.3093403,32.83019860432063,0.14,0.062,0.999,,0.0,0.0,0.0,,,,,0.0,0.0,30.0,0.0007485999999978,-0.0006319000000019,12.88,87.0,36.5,1
50727,SO-0502,PI Nilesh Chauhan,PI,36,2026-07-24 16:27:33+00:00,95.0,88.0,,21.2601567,73.3071259,48.60000002384186,-0.746,0.046,0.832,,0.0,0.0,0.0,,,,,0.0,0.0,31.0,0.0008756000000005,-0.0022143999999997,29.85,88.0,36.5,1
50731,SO-0502,PI Nilesh Chauhan,PI,36,2026-07-24 16:28:03+00:00,82.0,88.0,,21.2601443,73.3064694,48.90000003576279,-0.908,-0.262,0.414,,0.0,0.0,0.0,,,,,0.0,0.0,30.0,-1.2399999999246347e-05,-0.0006565000000051,8.47,88.0,36.5,1
50735,SO-0502,PI Nilesh Chauhan,PI,36,2026-07-24 16:28:32+00:00,87.0,88.0,,21.2601774,73.3064446,49.0,-0.216,-0.912,0.322,,0.0,0.0,0.0,,,,,0.0,0.0,29.0,3.3099999999564034e-05,-2.4799999991387267e-05,0.56,88.0,36.5,0
50739,SO-0502,PI Nilesh Chauhan,PI,36,2026-07-24 16:29:03+00:00,99.0,88.0,,21.2596295,73.3057763,49.79999995231629,-0.028,-0.252,1.043,,0.0,0.0,0.0,,,,,0.0,0.0,31.0,-0.0005479000000008,-0.0006683000000009,10.93,88.0,36.5,1
50743,SO-0502,PI Nilesh Chauhan,PI,36,2026-07-24 16:29:32+00:00,84.0,88.0,,21.2597012,73.3046877,50.59999990463257,-0.106,-0.435,1.021,,0.0,0.0,0.0,,,,,0.0,0.0,29.0,7.169999999945276e-05,-0.0010886000000027,14.56,88.0,36.5,1
50747,SO-0502,PI Nilesh Chauhan,PI,36,2026-07-24 16:30:02+00:00,90.0,68.0,,21.2585267,73.3031721,52.0,-0.136,-0.459,1.052,,0.0,0.0,0.0,,,,,0.0,0.0,30.0,-0.0011744999999976,-0.0015156000000047,25.04,68.0,36.5,1
50751,SO-0502,PI Nilesh Chauhan,PI,36,2026-07-24 16:30:32+00:00,82.0,88.0,,21.2586628,73.3030882,50.59999990463257,-0.847,-0.688,0.085,,0.0,0.0,0.0,,,,,0.0,0.0,30.0,0.0001360999999988,-8.389999999280917e-05,2.11,88.0,36.5,0
50755,SO-0502,PI Nilesh Chauhan,PI,36,2026-07-24 16:31:03+00:00,81.0,89.0,,21.2579153,73.3024234,50.5,-0.535,-0.692,-0.314,,0.0,0.0,0.0,,,,,0.0,0.0,31.0,-0.0007474999999992,-0.0006648000000097,12.72,89.0,36.5,1
50759,SO-0502,PI Nilesh Chauhan,PI,36,2026-07-24 16:31:32+00:00,90.0,81.0,,21.2570801,73.3018413,51.29999995231629,-0.127,-0.403,1.115,,0.0,0.0,0.0,,,,,0.0,0.0,29.0,-0.0008352000000009,-0.0005820999999883,13.88,81.0,36.5,1
50763,SO-0502,PI Nilesh Chauhan,PI,36,2026-07-24 16:32:02+00:00,81.0,83.0,,21.2566692,73.3019105,53.40000009536743,0.415,-0.082,1.027,,0.0,0.0,0.0,,,,,0.0,0.0,30.0,-0.0004108999999985,6.919999999865922e-05,5.55,83.0,36.5,1
50767,SO-0502,PI Nilesh Chauhan,PI,36,2026-07-24 16:32:32+00:00,83.0,87.0,,21.2566333,73.3020401,53.40000009536743,-0.63,-0.701,-0.046,,0.0,0.0,0.0,,,,,0.0,0.0,30.0,-3.5900000000310683e-05,0.0001295999999939,1.74,87.0,36.5,0
50770,SO-0502,PI Nilesh Chauhan,PI,36,2026-07-24 16:33:02+00:00,96.0,88.0,,21.2566383,73.301953,53.40000009536743,0.358,-0.474,1.008,,0.0,0.0,0.0,,,,,0.0,0.0,30.0,4.9999999980343546e-06,-8.710000000178297e-05,1.13,88.0,36.5,2
50773,SO-0502,PI Nilesh Chauhan,PI,36,2026-07-24 16:33:32+00:00,82.0,87.0,,21.2566531,73.3020045,53.69999980926514,-1.22,0.198,0.681,,0.0,0.0,0.0,,,,,0.0,0.0,30.0,1.4800000002423984e-05,5.149999999787269e-05,0.69,87.0,36.5,0
50776,SO-0502,PI Nilesh Chauhan,PI,36,2026-07-24 16:34:02+00:00,89.0,86.0,,21.2566699,73.3019354,56.94610639444306,0.289,-0.852,0.397,,0.0,0.0,0.0,,,,,0.0,0.0,30.0,1.679999999737447e-05,-6.909999999038519e-05,0.92,86.0,36.5,0
50779,SO-0502,PI Nilesh Chauhan,PI,36,2026-07-24 16:34:32+00:00,81.0,86.0,,21.2566428,73.3018415,53.40000009536743,-0.201,-0.788,0.666,,0.0,0.0,0.0,,,,,0.0,0.0,30.0,-2.709999999694901e-05,-9.390000001019416e-05,1.26,86.0,36.5,0
50782,SO-0502,PI Nilesh Chauhan,PI,36,2026-07-24 16:35:02+00:00,84.0,88.0,,21.2566475,73.3019575,53.40000009536743,-0.538,0.064,0.931,,0.0,0.0,0.0,,,,,0.0,0.0,30.0,4.699999998081239e-06,0.0001160000000055,1.5,88.0,36.5,0
50785,SO-0502,PI Nilesh Chauhan,PI,36,2026-07-24 16:35:32+00:00,83.0,86.0,,21.2566679,73.3019365,53.40000009536743,-0.708,0.017,0.794,,0.0,0.0,0.0,,,,,0.0,0.0,30.0,2.040000000036457e-05,-2.1000000003823516e-05,0.38,86.0,36.5,0
50788,SO-0502,PI Nilesh Chauhan,PI,36,2026-07-24 16:36:02+00:00,81.0,84.0,,21.2566077,73.3020473,53.69999980926514,-0.712,0.025,0.792,,0.0,0.0,0.0,,,,,0.0,0.0,30.0,-6.020000000006576e-05,0.0001108000000016,1.64,84.0,36.5,0
50791,SO-0502,PI Nilesh Chauhan,PI,36,2026-07-24 16:36:32+00:00,82.0,87.0,,21.2565941,73.3019899,53.69999980926514,-0.854,0.099,0.605,,0.0,0.0,0.0,,,,,0.0,0.0,30.0,-1.359999999905881e-05,-5.740000000287182e-05,0.76,87.0,36.5,0
50794,SO-0502,PI Nilesh Chauhan,PI,36,2026-07-24 16:37:02+00:00,90.0,88.0,,21.2566418,73.3019856,53.40000009536743,-0.905,0.106,0.531,,0.0,0.0,0.0,,,,,0.0,0.0,30.0,4.76999999996508e-05,-4.300000000512227e-06,0.64,88.0,36.5,0
50796,SO-0502,PI Nilesh Chauhan,PI,36,2026-07-24 16:37:32+00:00,87.0,88.0,,21.2566489,73.3019914,53.69999980926514,0.093,-0.403,1.033,,0.0,0.0,0.0,,,,,0.0,0.0,30.0,7.099999997706163e-06,5.800000010935946e-06,0.12,88.0,36.5,0
50798,SO-0502,PI Nilesh Chauhan,PI,36,2026-07-24 16:38:02+00:00,88.0,80.0,,21.2566498,73.3019786,53.69999980926514,-1.013,-0.117,0.934,,0.0,0.0,0.0,,,,,0.0,0.0,30.0,9.000000034120603e-07,-1.28000000074735e-05,0.17,80.0,36.5,0
50800,SO-0502,PI Nilesh Chauhan,PI,36,2026-07-24 16:38:32+00:00,86.0,88.0,,21.2566136,73.301964,53.69999980926514,0.005,-0.391,1.009,,0.0,0.0,0.0,,,,,0.0,0.0,30.0,-3.62000000002638e-05,-1.4600000000086766e-05,0.52,88.0,36.5,0
50802,SO-0502,PI Nilesh Chauhan,PI,36,2026-07-24 16:39:02+00:00,82.0,83.0,,21.2566272,73.30181,53.40000009536743,-1.011,-0.128,-0.198,,0.0,0.0,0.0,,,,,0.0,0.0,30.0,1.359999999905881e-05,-0.0001539999999948,1.99,83.0,36.5,0
50804,SO-0502,PI Nilesh Chauhan,PI,36,2026-07-24 16:39:32+00:00,87.0,87.0,,21.2562294,73.3016164,53.0,-0.581,-0.981,-0.976,,0.0,0.0,0.0,,,,,0.0,0.0,30.0,-0.0003978000000017,-0.0001936000000029,5.86,87.0,36.5,1
50806,SO-0502,PI Nilesh Chauhan,PI,36,2026-07-24 16:40:02+00:00,95.0,87.0,,21.2562349,73.3016237,53.40000009536743,-0.762,-0.486,0.464,,0.0,0.0,0.0,,,,,0.0,0.0,30.0,5.50000000032469e-06,7.2999999929379555e-06,0.12,87.0,36.5,2
50808,SO-0502,PI Nilesh Chauhan,PI,36,2026-07-24 16:40:32+00:00,83.0,61.0,,21.2562244,73.3016168,53.80000019073486,-1.07,-0.663,0.453,,0.0,0.0,0.0,,,,,0.0,0.0,30.0,-1.0499999998359044e-05,-6.8999999882635166e-06,0.17,61.0,36.5,0
50810,SO-0502,PI Nilesh Chauhan,PI,36,2026-07-24 16:41:02+00:00,84.0,88.0,,21.2546785,73.3009091,53.0,0.665,0.104,0.989,,0.0,0.0,0.0,,,,,0.0,0.0,30.0,-0.0015458999999999,-0.0007077000000066,22.52,88.0,36.5,1
50812,SO-0502,PI Nilesh Chauhan,PI,36,2026-07-24 16:41:32+00:00,87.0,85.0,,21.253726,73.2997649,52.90000009536743,0.039,-0.543,0.928,,0.0,0.0,0.0,,,,,0.0,0.0,30.0,-0.0009525000000003,-0.0011441999999988,19.46,85.0,36.5,1
50814,SO-0502,PI Nilesh Chauhan,PI,36,2026-07-24 16:42:02+00:00,97.0,88.0,,21.254026,73.2984475,52.90000009536743,-0.302,-0.638,0.962,,0.0,0.0,0.0,,,,,0.0,0.0,30.0,0.0002999999999993,-0.0013174000000049,17.45,88.0,36.5,1
50816,SO-0502,PI Nilesh Chauhan,PI,36,2026-07-24 16:42:32+00:00,86.0,83.0,,21.2545869,73.2969402,52.90000009536743,-0.758,-0.363,0.827,,0.0,0.0,0.0,,,,,0.0,0.0,30.0,0.0005608999999999,-0.0015073000000001,20.83,83.0,36.5,1
50818,SO-0502,PI Nilesh Chauhan,PI,36,2026-07-24 16:43:02+00:00,87.0,85.0,,21.2556934,73.2967692,51.59999990463257,0.818,-0.613,1.675,,0.0,0.0,0.0,,,,,0.0,0.0,30.0,0.0011064999999987,-0.0001709999999945,14.9,85.0,36.5,1
50820,SO-0502,PI Nilesh Chauhan,PI,36,2026-07-24 16:43:32+00:00,88.0,75.0,,21.2566367,73.2973571,55.02103189323927,0.318,-0.341,0.995,,0.0,0.0,0.0,,,,,0.0,0.0,30.0,0.0009433000000029,0.0005878999999993,14.68,75.0,36.5,1
50822,SO-0502,PI Nilesh Chauhan,PI,36,2026-07-24 16:44:02+00:00,81.0,84.0,,21.2576861,73.2985891,53.0,-0.697,-0.665,-0.164,,0.0,0.0,0.0,,,,,0.0,0.0,30.0,0.0010493999999994,0.0012320000000016,21.16,84.0,36.5,1
50823,SO-0502,PI Nilesh Chauhan,PI,36,2026-07-24 16:44:32+00:00,97.0,84.0,,21.2576863,73.2985879,53.0,0.19,-0.306,0.941,,0.0,0.0,0.0,,,,,0.0,0.0,30.0,1.999999987845058e-07,-1.1999999998124622e-06,0.02,84.0,36.5,1
50824,SO-0502,PI Nilesh Chauhan,PI,36,2026-07-24 17:42:03+00:00,86.0,62.0,,21.2567174,73.2973339,51.29999995231629,-0.677,-0.573,0.277,,0.0,0.0,0.0,,,,,0.0,0.0,3451.0,-0.0009689000000001,-0.0012540000000029,0.0,62.0,36.5,1
50825,SO-0502,PI Nilesh Chauhan,PI,36,2026-07-24 17:42:32+00:00,92.0,87.0,,21.2576866,73.2985867,50.09999990463257,-0.496,-0.444,1.299,,0.0,0.0,0.0,,,,,0.0,0.0,29.0,0.0009692000000001,0.0012528000000031,21.4,87.0,36.5,1
50826,SO-0502,PI Nilesh Chauhan,PI,36,2026-07-24 17:43:03+00:00,86.0,85.0,,21.2587261,73.3008035,48.60000002384186,-0.591,-0.353,0.826,,0.0,0.0,0.0,,,,,0.0,0.0,31.0,0.0010395000000009,0.0022167999999993,30.74,85.0,36.5,1
50827,SO-0502,PI Nilesh Chauhan,PI,36,2026-07-24 17:43:32+00:00,97.0,85.0,,21.2590416,73.3027529,48.60000002384186,-0.232,0.295,1.01,,0.0,0.0,0.0,,,,,0.0,0.0,29.0,0.0003154999999992,0.0019494000000008,26.37,85.0,36.5,1
50828,SO-0502,PI Nilesh Chauhan,PI,36,2026-07-24 17:44:02+00:00,82.0,80.0,,21.2600315,73.3019286,49.5,0.599,0.432,0.652,,0.0,0.0,0.0,,,,,0.0,0.0,30.0,0.0009899000000004,-0.0008243000000049,16.94,80.0,36.5,1
50829,SO-0502,PI Nilesh Chauhan,PI,36,2026-07-24 17:44:35+00:00,83.0,84.0,,21.260775,73.3016656,49.10000002384186,-0.963,0.252,-0.359,,0.0,0.0,0.0,,,,,0.0,0.0,33.0,0.0007434999999986,-0.0002629999999896,9.52,84.0,36.5,1
50831,SO-0502,PI Nilesh Chauhan,PI,36,2026-07-24 17:45:06+00:00,90.0,70.0,,21.2576945,73.3003075,49.10000002384186,-0.449,0.579,0.024,,0.0,0.0,0.0,,,,,0.0,0.0,31.0,-0.0030804999999993,-0.0013581000000044,43.18,70.0,36.5,1
50833,SO-0502,PI Nilesh Chauhan,PI,36,2026-07-24 17:45:32+00:00,89.0,88.0,,21.260724,73.3018204,49.5,-0.551,0.538,-0.551,,0.0,0.0,0.0,,,,,0.0,0.0,26.0,0.0030295000000002,0.0015128999999944,51.72,88.0,36.5,1
50835,SO-0502,PI Nilesh Chauhan,PI,36,2026-07-24 17:46:06+00:00,90.0,88.0,,21.260724,73.3018204,49.10000002384186,-0.049,0.705,0.789,,0.0,0.0,0.0,,,,,0.0,0.0,34.0,0.0,0.0,0.0,88.0,36.5,0
50837,SO-0502,PI Nilesh Chauhan,PI,36,2026-07-24 17:46:32+00:00,93.0,88.0,,21.2607486,73.3018908,49.5,-0.323,0.541,0.206,,0.0,0.0,0.0,,,,,0.0,0.0,26.0,2.459999999970819e-05,7.039999999847169e-05,1.11,88.0,36.5,2
50839,SO-0502,PI Nilesh Chauhan,PI,36,2026-07-24 17:47:02+00:00,87.0,87.0,,21.2607486,73.3018908,49.5,-0.2,0.195,1.063,,0.0,0.0,0.0,,,,,0.0,0.0,30.0,0.0,0.0,0.0,87.0,36.5,0
50841,SO-0502,PI Nilesh Chauhan,PI,36,2026-07-24 17:47:35+00:00,86.0,86.0,,21.2605961,73.3019144,51.79999995231629,-0.824,-0.194,-0.455,,0.0,0.0,0.0,,,,,0.0,0.0,33.0,-0.0001524999999986,2.360000000578566e-05,1.87,86.0,36.5,0
50843,SO-0502,PI Nilesh Chauhan,PI,36,2026-07-24 17:48:05+00:00,91.0,87.0,,21.2606871,73.3019186,51.79999995231629,-0.483,0.013,0.953,,0.0,0.0,0.0,,,,,0.0,0.0,30.0,9.099999999762076e-05,4.19999999223819e-06,1.21,87.0,36.5,2
50845,SO-0502,PI Nilesh Chauhan,PI,36,2026-07-24 17:48:32+00:00,91.0,87.0,,21.2606871,73.3019186,51.79999995231629,-0.518,0.668,0.641,,0.0,0.0,0.0,,,,,0.0,0.0,27.0,0.0,0.0,0.0,87.0,36.5,2
50847,SO-0502,PI Nilesh Chauhan,PI,36,2026-07-24 17:49:03+00:00,97.0,88.0,,21.2605528,73.3020226,51.59999990463257,-0.905,-0.321,0.587,,0.0,0.0,0.0,,,,,0.0,0.0,31.0,-0.0001342999999991,0.0001040000000074,2.16,88.0,36.5,2
50849,SO-0502,PI Nilesh Chauhan,PI,36,2026-07-24 17:49:34+00:00,88.0,88.0,,21.260551,73.3020552,51.59999990463257,-0.71,-0.04,0.81,,0.0,0.0,0.0,,,,,0.0,0.0,31.0,-1.7999999997186933e-06,3.25999999972737e-05,0.41,88.0,36.5,0
50851,SO-0502,PI Nilesh Chauhan,PI,36,2026-07-24 17:50:02+00:00,88.0,88.0,,21.2605526,73.3020574,51.59999990463257,-0.875,0.367,-0.298,,0.0,0.0,0.0,,,,,0.0,0.0,28.0,1.6000000009341877e-06,2.199999997287705e-06,0.04,88.0,36.5,0
50853,SO-0502,PI Nilesh Chauhan,PI,36,2026-07-24 17:50:32+00:00,100.0,88.0,,21.2604364,73.3024135,49.79999995231629,-1.207,0.994,0.107,,0.0,0.0,0.0,,,,,0.0,0.0,30.0,-0.0001162000000007,0.0003561000000047,4.85,88.0,36.5,1
50855,SO-0502,PI Nilesh Chauhan,PI,36,2026-07-24 17:51:05+00:00,96.0,88.0,,21.2606908,73.3018737,49.79999995231629,-0.251,0.856,0.084,,0.0,0.0,0.0,,,,,0.0,0.0,33.0,0.0002543999999993,-0.0005397999999985,7.04,88.0,36.5,1
50857,SO-0502,PI Nilesh Chauhan,PI,36,2026-07-24 17:51:32+00:00,93.0,80.0,,21.2606908,73.3018737,49.79999995231629,-0.246,0.537,-0.7,,0.0,0.0,0.0,,,,,0.0,0.0,27.0,0.0,0.0,0.0,80.0,36.5,2
50859,SO-0502,PI Nilesh Chauhan,PI,36,2026-07-24 17:52:03+00:00,84.0,86.0,,21.2607846,73.3018812,51.59999990463257,-0.466,-0.193,0.939,,0.0,0.0,0.0,,,,,0.0,0.0,31.0,9.380000000192013e-05,7.499999995275175e-06,1.21,86.0,36.5,0
50861,SO-0502,PI Nilesh Chauhan,PI,36,2026-07-24 17:52:32+00:00,83.0,88.0,,21.2574081,73.3010446,49.79999995231629,0.012,0.682,0.868,,0.0,0.0,0.0,,,,,0.0,0.0,29.0,-0.0033765000000016,-0.0008365999999995,47.85,88.0,36.5,1
50863,SO-0502,PI Nilesh Chauhan,PI,36,2026-07-24 17:53:05+00:00,93.0,88.0,,21.2606185,73.3018414,49.79999995231629,-0.696,0.635,0.339,,0.0,0.0,0.0,,,,,0.0,0.0,33.0,0.0032104000000003,0.0007968000000033,39.98,88.0,36.5,1
50865,SO-0502,PI Nilesh Chauhan,PI,36,2026-07-24 17:53:32+00:00,93.0,87.0,,21.2606185,73.3018414,49.79999995231629,-0.701,0.636,0.365,,0.0,0.0,0.0,,,,,0.0,0.0,27.0,0.0,0.0,0.0,87.0,36.5,2
50867,SO-0502,PI Nilesh Chauhan,PI,36,2026-07-24 17:54:03+00:00,100.0,88.0,,21.2607751,73.3018798,49.79999995231629,-0.185,1.318,0.314,,0.0,0.0,0.0,,,,,0.0,0.0,31.0,0.0001566000000003,3.839999999399879e-05,2.07,88.0,36.5,2
50869,SO-0502,PI Nilesh Chauhan,PI,36,2026-07-24 17:54:32+00:00,95.0,88.0,,21.2574081,73.3010446,49.79999995231629,-0.855,0.191,-0.427,,0.0,0.0,0.0,,,,,0.0,0.0,29.0,-0.0033670000000007,-0.0008351999999973,47.71,88.0,36.5,1
50872,SO-0502,PI Nilesh Chauhan,PI,36,2026-07-24 17:55:03+00:00,92.0,88.0,,21.2604489,73.3018789,49.79999995231629,-0.861,0.212,-0.329,,0.0,0.0,0.0,,,,,0.0,0.0,31.0,0.0030408000000008,0.0008343000000081,40.56,88.0,36.5,1
50875,SO-0502,PI Nilesh Chauhan,PI,36,2026-07-24 17:55:33+00:00,81.0,88.0,,21.2607258,73.3019363,49.79999995231629,-0.104,0.868,0.576,,0.0,0.0,0.0,,,,,0.0,0.0,30.0,0.0002768999999993,5.7399999988660966e-05,3.76,88.0,36.5,0
50877,SO-0502,PI Nilesh Chauhan,PI,36,2026-07-24 17:56:03+00:00,93.0,88.0,,21.2608285,73.3018954,49.79999995231629,-0.206,0.865,0.553,,0.0,0.0,0.0,,,,,0.0,0.0,30.0,0.0001026999999993,-4.08999999876869e-05,1.47,88.0,36.5,2
50879,SO-0502,PI Nilesh Chauhan,PI,36,2026-07-24 17:56:33+00:00,89.0,70.0,,21.2607449,73.3019306,51.79999995231629,-0.206,0.859,0.567,,0.0,0.0,0.0,,,,,0.0,0.0,30.0,-8.359999999996148e-05,3.519999999923584e-05,1.2,70.0,36.5,0
50881,SO-0502,PI Nilesh Chauhan,PI,36,2026-07-24 17:57:02+00:00,91.0,85.0,,21.2574081,73.3010446,51.79999995231629,-0.187,0.862,0.572,,0.0,0.0,0.0,,,,,0.0,0.0,29.0,-0.0033367999999995,-0.0008860000000083,47.47,85.0,36.5,1
50883,SO-0502,PI Nilesh Chauhan,PI,36,2026-07-24 17:57:33+00:00,89.0,88.0,,21.2607392,73.3018805,51.79999995231629,-0.536,0.209,-0.662,,0.0,0.0,0.0,,,,,0.0,0.0,31.0,0.0033311000000004,0.0008358999999984,44.19,88.0,36.5,1
50885,SO-0502,PI Nilesh Chauhan,PI,36,2026-07-24 17:58:02+00:00,100.0,88.0,,21.2607392,73.3018805,47.86549666621963,-0.728,0.414,0.704,,0.0,0.0,0.0,,,,,0.0,0.0,29.0,0.0,0.0,0.0,88.0,36.5,2
50887,SO-0502,PI Nilesh Chauhan,PI,36,2026-07-24 17:58:36+00:00,82.0,87.0,,21.2607392,73.3018805,49.79999995231629,-1.254,-0.136,-0.199,,0.0,0.0,0.0,,,,,0.0,0.0,34.0,0.0,0.0,0.0,87.0,36.5,0
50889,SO-0502,PI Nilesh Chauhan,PI,36,2026-07-24 17:59:02+00:00,92.0,88.0,,21.2605793,73.3018014,49.10000002384186,-0.668,-0.103,-0.719,,0.0,0.0,0.0,,,,,0.0,0.0,26.0,-0.0001598999999998,-7.909999999355932e-05,2.72,88.0,36.5,2
50891,SO-0502,PI Nilesh Chauhan,PI,36,2026-07-24 17:59:34+00:00,83.0,88.0,,21.260673,73.301875,51.79999995231629,-0.587,0.05,-0.675,,0.0,0.0,0.0,,,,,0.0,0.0,32.0,9.370000000075152e-05,7.359999999323463e-05,1.47,88.0,36.5,0
50893,SO-0502,PI Nilesh Chauhan,PI,36,2026-07-24 18:00:02+00:00,84.0,88.0,,21.260679,73.3018797,51.79999995231629,-0.481,-0.012,-0.792,,0.0,0.0,0.0,,,,,0.0,0.0,28.0,5.999999999062311e-06,4.700000005186666e-06,0.11,88.0,36.5,0
50895,SO-0502,PI Nilesh Chauhan,PI,36,2026-07-24 18:00:35+00:00,81.0,84.0,,21.2607441,73.3018966,51.59999990463257,-0.467,-0.002,-0.8,,0.0,0.0,0.0,,,,,0.0,0.0,33.0,6.510000000048421e-05,1.6900000005648508e-05,0.81,84.0,36.5,0
50897,SO-0502,PI Nilesh Chauhan,PI,36,2026-07-24 18:01:02+00:00,91.0,86.0,,21.2607502,73.3018724,51.59999990463257,-0.081,-0.034,-0.886,,0.0,0.0,0.0,,,,,0.0,0.0,27.0,6.100000000230921e-06,-2.420000001279732e-05,0.36,86.0,36.5,2
50899,SO-0502,PI Nilesh Chauhan,PI,36,2026-07-24 18:01:34+00:00,95.0,87.0,,21.2607503,73.3019369,50.70000004768371,-0.831,-0.08,-0.873,,0.0,0.0,0.0,,,,,0.0,0.0,32.0,1.0000000116860974e-07,6.450000000768341e-05,0.78,87.0,36.5,2
50901,SO-0502,PI Nilesh Chauhan,PI,36,2026-07-24 18:02:02+00:00,95.0,83.0,,21.2607755,73.3018927,50.70000004768371,0.205,0.847,0.673,,0.0,0.0,0.0,,,,,0.0,0.0,28.0,2.519999999961442e-05,-4.4200000004934736e-05,0.71,83.0,36.5,2
50903,SO-0502,PI Nilesh Chauhan,PI,36,2026-07-24 18:02:33+00:00,95.0,65.0,,21.2606862,73.3018663,53.91411472775735,0.351,0.788,0.575,,0.0,0.0,0.0,,,,,0.0,0.0,31.0,-8.930000000262339e-05,-2.6399999995874168e-05,1.2,65.0,36.5,2
50906,SO-0502,PI Nilesh Chauhan,PI,36,2026-07-24 18:03:03+00:00,82.0,85.0,,21.2605721,73.3018757,50.70000004768371,0.046,0.841,0.673,,0.0,0.0,0.0,,,,,0.0,0.0,30.0,-0.0001140999999975,9.399999996162478e-06,1.52,85.0,36.5,0
50909,SO-0502,PI Nilesh Chauhan,PI,36,2026-07-24 18:03:32+00:00,84.0,88.0,,21.2605748,73.3018526,49.10000002384186,0.114,0.858,0.612,,0.0,0.0,0.0,,,,,0.0,0.0,29.0,2.69999999957804e-06,-2.3099999992837184e-05,0.31,88.0,36.5,0
50912,SO-0502,PI Nilesh Chauhan,PI,36,2026-07-24 18:04:03+00:00,84.0,87.0,,21.2605868,73.3019021,49.5,-0.777,0.147,-0.561,,0.0,0.0,0.0,,,,,0.0,0.0,31.0,1.1999999998124622e-05,4.9500000002922206e-05,0.64,87.0,36.5,0
50915,SO-0502,PI Nilesh Chauhan,PI,36,2026-07-24 18:04:32+00:00,91.0,87.0,,21.260641,73.301877,51.59999990463257,0.379,1.098,0.76,,0.0,0.0,0.0,,,,,0.0,0.0,29.0,5.4200000001003446e-05,-2.5100000001998524e-05,0.82,87.0,36.5,2
50918,SO-0502,PI Nilesh Chauhan,PI,36,2026-07-24 18:05:03+00:00,88.0,88.0,,21.2607316,73.3018553,51.59999990463257,0.059,0.865,0.609,,0.0,0.0,0.0,,,,,0.0,0.0,31.0,9.060000000005176e-05,-2.1700000004898357e-05,1.2,88.0,36.5,0
50921,SO-0502,PI Nilesh Chauhan,PI,36,2026-07-24 18:05:33+00:00,88.0,87.0,,21.2607858,73.3018561,51.59999990463257,0.037,0.87,0.587,,0.0,0.0,0.0,,,,,0.0,0.0,30.0,5.4200000001003446e-05,7.999999951380232e-07,0.72,87.0,36.5,0
50924,SO-0502,PI Nilesh Chauhan,PI,36,2026-07-24 18:06:02+00:00,88.0,88.0,,21.2607858,73.3018561,51.59999990463257,0.159,0.839,0.634,,0.0,0.0,0.0,,,,,0.0,0.0,29.0,0.0,0.0,0.0,88.0,36.5,0
50927,SO-0502,PI Nilesh Chauhan,PI,36,2026-07-24 18:06:33+00:00,88.0,88.0,,21.2606617,73.3018619,51.32833382800098,0.256,0.816,0.597,,0.0,0.0,0.0,,,,,0.0,0.0,31.0,-0.0001241000000007,5.800000010935946e-06,1.6,88.0,36.5,0
50930,SO-0502,PI Nilesh Chauhan,PI,36,2026-07-24 18:07:02+00:00,88.0,86.0,,21.2606603,73.301862,52.80000019073486,-0.963,0.389,-0.398,,0.0,0.0,0.0,,,,,0.0,0.0,29.0,-1.399999998596968e-06,9.999999406318238e-08,0.02,86.0,36.5,0
50933,SO-0502,PI Nilesh Chauhan,PI,36,2026-07-24 18:07:31+00:00,83.0,88.0,,21.2606285,73.3018694,51.59999990463257,-0.992,0.098,-0.047,,0.0,0.0,0.0,,,,,0.0,0.0,29.0,-3.1800000002135675e-05,7.400000001211993e-06,0.45,88.0,36.5,0
50936,SO-0502,PI Nilesh Chauhan,PI,36,2026-07-24 18:08:02+00:00,87.0,83.0,,21.2606265,73.3018698,49.10000002384186,-0.127,1.579,0.082,,0.0,0.0,0.0,,,,,0.0,0.0,31.0,-1.999999998503199e-06,4.0000000467443897e-07,0.03,83.0,36.5,0
50939,SO-0502,PI Nilesh Chauhan,PI,36,2026-07-24 18:08:32+00:00,87.0,52.0,,21.2606265,73.3018698,56.178840232048174,0.216,0.97,-0.111,,0.0,0.0,0.0,,,,,0.0,0.0,30.0,0.0,0.0,0.0,52.0,36.5,0
50942,SO-0502,PI Nilesh Chauhan,PI,36,2026-07-24 18:09:02+00:00,87.0,,,21.2608518,73.3018157,54.47622556821253,-0.469,1.015,0.282,,0.0,0.0,0.0,,,,,0.0,0.0,30.0,0.0002253000000003,-5.409999999983483e-05,3.08,52.0,36.5,0
50945,SO-0502,PI Nilesh Chauhan,PI,36,2026-07-24 18:09:35+00:00,95.0,84.0,,21.2608589,73.3019277,55.83576446152978,-0.762,-0.974,-0.211,,0.0,0.0,0.0,,,,,0.0,0.0,33.0,7.099999997706163e-06,0.0001119999999872,1.32,84.0,36.5,2
50948,SO-0502,PI Nilesh Chauhan,PI,36,2026-07-24 18:10:02+00:00,88.0,81.0,,21.2609234,73.3018194,55.495110052710146,-0.566,-0.004,0.597,,0.0,0.0,0.0,,,,,0.0,0.0,27.0,6.450000000057798e-05,-0.0001082999999937,1.82,81.0,36.5,0
50951,SO-0502,PI Nilesh Chauhan,PI,36,2026-07-24 18:10:32+00:00,84.0,88.0,,21.2609245,73.3018195,55.80127485074803,-0.227,-0.505,0.709,,0.0,0.0,0.0,,,,,0.0,0.0,30.0,1.100000002196566e-06,9.999999406318238e-08,0.01,88.0,36.5,0
50954,SO-0502,PI Nilesh Chauhan,PI,36,2026-07-24 18:11:06+00:00,94.0,88.0,,21.2605604,73.3026195,54.88532873940716,-1.351,-0.069,0.163,,0.0,0.0,0.0,,,,,0.0,0.0,34.0,-0.0003641000000023,0.0008000000000123,10.06,88.0,36.5,1
50957,SO-0502,PI Nilesh Chauhan,PI,36,2026-07-24 18:11:32+00:00,93.0,88.0,,21.2609215,73.3018192,55.17879600202773,-0.627,-0.203,-0.893,,0.0,0.0,0.0,,,,,0.0,0.0,26.0,0.0003610999999992,-0.0008003000000087,13.14,88.0,36.5,1
50960,SO-0502,PI Nilesh Chauhan,PI,36,2026-07-24 18:12:02+00:00,81.0,88.0,,21.2609276,73.301821,54.76970909648835,-0.841,-0.293,0.541,,0.0,0.0,0.0,,,,,0.0,0.0,30.0,6.100000000230921e-06,1.8000000068241206e-06,0.08,88.0,36.5,0
50963,SO-0502,PI Nilesh Chauhan,PI,36,2026-07-24 18:12:32+00:00,89.0,88.0,,21.2609254,73.3018197,54.31057203588844,-0.302,0.098,1.147,,0.0,0.0,0.0,,,,,0.0,0.0,30.0,-2.199999997287705e-06,-1.3000000080864993e-06,0.03,88.0,36.5,0
50966,SO-0502,PI Nilesh Chauhan,PI,36,2026-07-24 18:13:02+00:00,87.0,86.0,,21.2609222,73.3018193,53.98695011806964,-0.986,0.158,0.041,,0.0,0.0,0.0,,,,,0.0,0.0,30.0,-3.200000001868375e-06,-3.9999999046358425e-07,0.04,86.0,36.5,0
50969,SO-0502,PI Nilesh Chauhan,PI,36,2026-07-24 18:13:32+00:00,95.0,50.0,,21.2609082,73.301819,53.90287386762634,-0.322,-0.268,0.996,,0.0,0.0,0.0,,,,,0.0,0.0,30.0,-1.4000000000180536e-05,-3.000000106112566e-07,0.19,50.0,36.5,2
50972,SO-0502,PI Nilesh Chauhan,PI,36,2026-07-24 18:14:02+00:00,86.0,88.0,,21.2609258,73.3018199,53.58343805942022,-0.78,-0.598,-0.069,,0.0,0.0,0.0,,,,,0.0,0.0,30.0,1.759999999961792e-05,9.000000034120603e-07,0.23,88.0,36.5,0
50975,SO-0502,PI Nilesh Chauhan,PI,36,2026-07-24 18:14:33+00:00,86.0,88.0,,21.2608527,73.3018151,52.80000019073486,-0.781,-0.552,-0.146,,0.0,0.0,0.0,,,,,0.0,0.0,31.0,-7.309999999804973e-05,-4.799999999249849e-06,0.94,88.0,36.5,0
50978,SO-0502,PI Nilesh Chauhan,PI,36,2026-07-24 18:15:02+00:00,86.0,88.0,,21.2608523,73.301817,52.80000019073486,-0.786,-0.547,-0.119,,0.0,0.0,0.0,,,,,0.0,0.0,29.0,-4.000000011217253e-07,1.900000000887303e-06,0.03,88.0,36.5,0
50981,SO-0502,PI Nilesh Chauhan,PI,36,2026-07-24 18:15:32+00:00,94.0,86.0,,21.2609187,73.3018189,52.80000019073486,-0.738,-0.585,-0.203,,0.0,0.0,0.0,,,,,0.0,0.0,30.0,6.640000000146529e-05,1.900000000887303e-06,0.88,86.0,36.5,2
50984,SO-0502,PI Nilesh Chauhan,PI,36,2026-07-24 18:16:02+00:00,95.0,86.0,,21.2609246,73.3018162,52.80000019073486,-0.855,-0.535,-0.056,,0.0,0.0,0.0,,,,,0.0,0.0,30.0,5.899999997893701e-06,-2.6999999960253263e-06,0.09,86.0,36.5,2
50987,SO-0502,PI Nilesh Chauhan,PI,36,2026-07-24 18:16:32+00:00,100.0,88.0,,21.2608529,73.3018221,52.80000019073486,-0.6,0.156,0.863,,0.0,0.0,0.0,,,,,0.0,0.0,30.0,-7.169999999945276e-05,5.899999990788274e-06,0.96,88.0,36.5,2
50990,SO-0502,PI Nilesh Chauhan,PI,36,2026-07-24 18:17:02+00:00,87.0,87.0,,21.2609261,73.3018386,51.59999990463257,-0.664,0.135,0.824,,0.0,0.0,0.0,,,,,0.0,0.0,30.0,7.319999999921833e-05,1.650000000097407e-05,1.0,87.0,36.5,0
50993,SO-0502,PI Nilesh Chauhan,PI,36,2026-07-24 18:17:32+00:00,92.0,85.0,,21.2609254,73.3018197,52.80000019073486,-0.727,0.573,-0.346,,0.0,0.0,0.0,,,,,0.0,0.0,30.0,-6.999999975221272e-07,-1.8900000000598993e-05,0.24,85.0,36.5,2
50996,SO-0502,PI Nilesh Chauhan,PI,36,2026-07-24 18:18:02+00:00,87.0,88.0,,21.2609245,73.3018195,49.60000002384186,0.056,0.666,0.853,,0.0,0.0,0.0,,,,,0.0,0.0,30.0,-8.999999998593466e-07,-2.0000000233721948e-07,0.01,88.0,36.5,0
50999,SO-0502,PI Nilesh Chauhan,PI,36,2026-07-24 18:18:33+00:00,90.0,87.0,,21.2609245,73.3018195,49.60000002384186,-0.434,-0.774,0.564,,0.0,0.0,0.0,,,,,0.0,0.0,31.0,0.0,0.0,0.0,87.0,36.5,0
51002,SO-0502,PI Nilesh Chauhan,PI,36,2026-07-24 18:19:06+00:00,84.0,87.0,,21.2608262,73.3021735,49.60000002384186,-0.821,-0.635,0.067,,0.0,0.0,0.0,,,,,0.0,0.0,33.0,-9.830000000121686e-05,0.0003540000000015,4.32,87.0,36.5,0
51005,SO-0502,PI Nilesh Chauhan,PI,36,2026-07-24 18:19:32+00:00,88.0,87.0,,21.2608235,73.3021831,49.60000002384186,-0.784,-0.59,-0.079,,0.0,0.0,0.0,,,,,0.0,0.0,26.0,-2.69999999957804e-06,9.599999998499698e-06,0.15,87.0,36.5,0
51008,SO-0502,PI Nilesh Chauhan,PI,36,2026-07-24 18:20:02+00:00,88.0,88.0,,21.2609279,73.3018194,49.60000002384186,-0.828,-0.579,-0.029,,0.0,0.0,0.0,,,,,0.0,0.0,30.0,0.0001043999999978,-0.000363699999994,4.89,88.0,36.5,1
51011,SO-0502,PI Nilesh Chauhan,PI,36,2026-07-24 18:20:32+00:00,88.0,88.0,,21.2608527,73.3018151,49.60000002384186,-0.741,-0.666,0.111,,0.0,0.0,0.0,,,,,0.0,0.0,30.0,-7.519999999772153e-05,-4.300000000512227e-06,1.0,88.0,36.5,0
51014,SO-0502,PI Nilesh Chauhan,PI,36,2026-07-24 18:21:02+00:00,85.0,88.0,,21.2609058,73.3018463,49.60000002384186,-0.773,-0.276,-0.44,,0.0,0.0,0.0,,,,,0.0,0.0,30.0,5.309999999880688e-05,3.119999999512402e-05,0.81,88.0,36.5,0
51017,SO-0502,PI Nilesh Chauhan,PI,36,2026-07-24 18:21:32+00:00,85.0,88.0,,21.2608523,73.301817,49.60000002384186,-0.045,-0.872,0.565,,0.0,0.0,0.0,,,,,0.0,0.0,30.0,-5.3499999999928605e-05,-2.929999999423671e-05,0.81,88.0,36.5,0
51020,SO-0502,PI Nilesh Chauhan,PI,36,2026-07-24 18:22:06+00:00,89.0,85.0,,21.2608523,73.301817,49.60000002384186,-0.213,-0.882,0.495,,0.0,0.0,0.0,,,,,0.0,0.0,34.0,0.0,0.0,0.0,85.0,36.5,0
51023,SO-0502,PI Nilesh Chauhan,PI,36,2026-07-24 18:22:32+00:00,81.0,86.0,,21.2609542,73.3019281,50.7430489295588,-0.03,-0.881,0.577,,0.0,0.0,0.0,,,,,0.0,0.0,26.0,0.0001019000000006,0.000111099999998,2.28,86.0,36.5,0
51026,SO-0502,PI Nilesh Chauhan,PI,36,2026-07-24 18:23:02+00:00,81.0,74.0,,21.2608924,73.3018161,49.60000002384186,-0.001,-0.901,0.536,,0.0,0.0,0.0,,,,,0.0,0.0,30.0,-6.180000000099994e-05,-0.0001120000000014,1.66,74.0,36.5,0
51029,SO-0502,PI Nilesh Chauhan,PI,36,2026-07-24 18:23:32+00:00,81.0,88.0,,21.260906,73.3018712,49.86061668809669,-0.451,-0.796,0.45,,0.0,0.0,0.0,,,,,0.0,0.0,30.0,1.359999999905881e-05,5.509999999731008e-05,0.73,88.0,36.5,0
51032,SO-0502,PI Nilesh Chauhan,PI,36,2026-07-24 18:24:02+00:00,81.0,88.0,,21.2608935,73.301816,52.80000019073486,-0.035,-0.865,0.602,,0.0,0.0,0.0,,,,,0.0,0.0,30.0,-1.2499999996862243e-05,-5.519999999137326e-05,0.73,88.0,36.5,0
51035,SO-0502,PI Nilesh Chauhan,PI,36,2026-07-24 18:24:33+00:00,85.0,88.0,,21.260834,73.3018524,49.08455087444091,-0.306,-0.881,0.401,,0.0,0.0,0.0,,,,,0.0,0.0,31.0,-5.950000000254363e-05,3.6399999999048305e-05,0.89,88.0,36.5,0
51038,SO-0502,PI Nilesh Chauhan,PI,36,2026-07-24 18:25:02+00:00,88.0,88.0,,21.2608949,73.3018154,52.80000019073486,-0.449,-0.841,0.409,,0.0,0.0,0.0,,,,,0.0,0.0,29.0,6.09000000011406e-05,-3.700000000605996e-05,0.97,88.0,36.5,0
51041,SO-0502,PI Nilesh Chauhan,PI,36,2026-07-24 18:25:32+00:00,84.0,88.0,,21.2608518,73.3018157,51.59999990463257,-0.438,-0.801,0.414,,0.0,0.0,0.0,,,,,0.0,0.0,30.0,-4.3099999999185457e-05,3.000000106112566e-07,0.57,88.0,36.5,0
51044,SO-0502,PI Nilesh Chauhan,PI,36,2026-07-24 18:26:02+00:00,84.0,87.0,,21.2608367,73.3018591,52.80000019073486,-0.049,-0.868,0.568,,0.0,0.0,0.0,,,,,0.0,0.0,30.0,-1.51000000023771e-05,4.339999999558586e-05,0.59,87.0,36.5,0
51047,SO-0502,PI Nilesh Chauhan,PI,36,2026-07-24 18:26:32+00:00,89.0,88.0,,21.2608942,73.3018162,49.73851572839695,-0.891,-0.093,0.531,,0.0,0.0,0.0,,,,,0.0,0.0,30.0,5.750000000048772e-05,-4.289999999684824e-05,0.94,88.0,36.5,0
51050,SO-0502,PI Nilesh Chauhan,PI,36,2026-07-24 18:27:02+00:00,88.0,84.0,,21.2608526,73.3018158,50.68216593365304,-0.909,-0.131,-0.302,,0.0,0.0,0.0,,,,,0.0,0.0,30.0,-4.159999999941988e-05,-4.0000000467443897e-07,0.55,84.0,36.5,0
51053,SO-0502,PI Nilesh Chauhan,PI,36,2026-07-24 18:27:32+00:00,82.0,87.0,,21.2609176,73.3018191,52.80000019073486,-0.925,-0.077,-0.261,,0.0,0.0,0.0,,,,,0.0,0.0,30.0,6.49999999993156e-05,3.3000000030369847e-06,0.87,87.0,36.5,0
51056,SO-0502,PI Nilesh Chauhan,PI,36,2026-07-24 18:28:02+00:00,84.0,88.0,,21.2609241,73.3018195,52.80000019073486,-1.137,0.09,0.375,,0.0,0.0,0.0,,,,,0.0,0.0,30.0,6.500000001352646e-06,3.9999999046358425e-07,0.09,88.0,36.5,0
51059,SO-0502,PI Nilesh Chauhan,PI,36,2026-07-24 18:28:32+00:00,96.0,87.0,,21.2608522,73.3018181,49.60000002384186,-0.996,0.062,0.099,,0.0,0.0,0.0,,,,,0.0,0.0,30.0,-7.190000000178998e-05,-1.399999987938827e-06,0.96,87.0,36.5,2
51062,SO-0502,PI Nilesh Chauhan,PI,36,2026-07-24 18:29:02+00:00,100.0,87.0,,21.2609212,73.3018193,49.60000002384186,-0.996,0.089,0.097,,0.0,0.0,0.0,,,,,0.0,0.0,30.0,6.899999999987472e-05,1.1999999998124622e-06,0.92,87.0,36.5,2
51065,SO-0502,PI Nilesh Chauhan,PI,36,2026-07-24 18:29:32+00:00,91.0,84.0,,21.2608522,73.3018181,49.60000002384186,0.024,0.802,0.863,,0.0,0.0,0.0,,,,,0.0,0.0,30.0,-6.899999999987472e-05,-1.1999999998124622e-06,0.92,84.0,36.5,2
51068,SO-0502,PI Nilesh Chauhan,PI,36,2026-07-24 18:30:02+00:00,94.0,85.0,,21.2609176,73.3018191,49.60000002384186,0.029,0.494,0.984,,0.0,0.0,0.0,,,,,0.0,0.0,30.0,6.540000000043733e-05,9.999999974752427e-07,0.87,85.0,36.5,2
51071,SO-0502,PI Nilesh Chauhan,PI,36,2026-07-24 18:30:32+00:00,91.0,86.0,,21.2608522,73.3018181,49.60000002384186,-0.553,-0.734,0.256,,0.0,0.0,0.0,,,,,0.0,0.0,30.0,-6.540000000043733e-05,-9.999999974752427e-07,0.87,86.0,36.5,2
51074,SO-0502,PI Nilesh Chauhan,PI,36,2026-07-24 18:31:02+00:00,86.0,77.0,,21.2609167,73.301819,49.60000002384186,-0.803,0.042,0.681,,0.0,0.0,0.0,,,,,0.0,0.0,30.0,6.450000000057798e-05,8.999999892012056e-07,0.86,77.0,36.5,0
51077,SO-0502,PI Nilesh Chauhan,PI,36,2026-07-24 18:31:32+00:00,81.0,88.0,,21.2609254,73.3018197,49.60000002384186,-0.276,0.391,0.941,,0.0,0.0,0.0,,,,,0.0,0.0,30.0,8.700000002193065e-06,7.000000010748408e-07,0.12,88.0,36.5,0
51080,SO-0502,PI Nilesh Chauhan,PI,36,2026-07-24 18:32:02+00:00,84.0,88.0,,21.2609167,73.301819,49.60000002384186,-0.661,-0.041,0.839,,0.0,0.0,0.0,,,,,0.0,0.0,30.0,-8.700000002193065e-06,-7.000000010748408e-07,0.12,88.0,36.5,0
51083,SO-0502,PI Nilesh Chauhan,PI,36,2026-07-24 18:32:36+00:00,85.0,88.0,,21.2609167,73.301819,49.60000002384186,-0.989,-0.22,0.002,,0.0,0.0,0.0,,,,,0.0,0.0,34.0,0.0,0.0,0.0,88.0,36.5,0
51086,SO-0502,PI Nilesh Chauhan,PI,36,2026-07-24 18:33:02+00:00,88.0,84.0,,21.2608944,73.301863,49.60000002384186,0.157,0.701,1.416,,0.0,0.0,0.0,,,,,0.0,0.0,26.0,-2.229999999769916e-05,4.400000000259752e-05,0.74,84.0,36.5,0
51089,SO-0502,PI Nilesh Chauhan,PI,36,2026-07-24 18:33:32+00:00,94.0,88.0,,21.2609227,73.3018195,49.60000002384186,-0.652,-0.701,-0.167,,0.0,0.0,0.0,,,,,0.0,0.0,30.0,2.829999999676147e-05,-4.3500000003859896e-05,0.68,88.0,36.5,2
51092,SO-0502,PI Nilesh Chauhan,PI,36,2026-07-24 18:34:02+00:00,91.0,88.0,,21.2609258,73.3018199,49.60000002384186,-0.587,-0.698,-0.28,,0.0,0.0,0.0,,,,,0.0,0.0,30.0,3.1000000006997652e-06,4.0000000467443897e-07,0.04,88.0,36.5,2
51095,SO-0502,PI Nilesh Chauhan,PI,36,2026-07-24 18:34:32+00:00,90.0,87.0,,21.2609209,73.3018192,49.60000002384186,-0.638,-0.708,-0.18,,0.0,0.0,0.0,,,,,0.0,0.0,30.0,-4.9000000004184585e-06,-7.000000010748408e-07,0.07,87.0,36.5,0
51098,SO-0502,PI Nilesh Chauhan,PI,36,2026-07-24 18:35:02+00:00,100.0,87.0,,21.2608526,73.3018158,49.60000002384186,-0.594,-0.721,-0.242,,0.0,0.0,0.0,,,,,0.0,0.0,30.0,-6.829999999879988e-05,-3.399999997100167e-06,0.91,87.0,36.5,2
51101,SO-0502,PI Nilesh Chauhan,PI,36,2026-07-24 18:35:32+00:00,90.0,88.0,,21.2609167,73.3018182,49.60000002384186,-0.618,-0.737,-0.167,,0.0,0.0,0.0,,,,,0.0,0.0,30.0,6.409999999945626e-05,2.3999999996249244e-06,0.85,88.0,36.5,0
51104,SO-0502,PI Nilesh Chauhan,PI,36,2026-07-24 18:36:02+00:00,90.0,87.0,,21.2609251,73.3018184,49.60000002384186,-0.632,-0.733,-0.159,,0.0,0.0,0.0,,,,,0.0,0.0,30.0,8.400000002239949e-06,2.0000000233721948e-07,0.11,87.0,36.5,0
51107,SO-0502,PI Nilesh Chauhan,PI,36,2026-07-24 18:36:32+00:00,94.0,79.0,,21.2609133,73.3018181,49.60000002384186,-0.563,-0.729,-0.236,,0.0,0.0,0.0,,,,,0.0,0.0,30.0,-1.180000000289283e-05,-2.999999964004019e-07,0.16,79.0,36.5,2
51110,SO-0502,PI Nilesh Chauhan,PI,36,2026-07-24 18:37:02+00:00,95.0,86.0,,21.2608527,73.3018151,49.60000002384186,-0.605,-0.739,-0.215,,0.0,0.0,0.0,,,,,0.0,0.0,30.0,-6.059999999763477e-05,-3.000000006636583e-06,0.81,86.0,36.5,2
51113,SO-0502,PI Nilesh Chauhan,PI,36,2026-07-24 18:37:32+00:00,89.0,88.0,,21.2608321,73.3018509,49.60000002384186,-0.59,-0.749,-0.178,,0.0,0.0,0.0,,,,,0.0,0.0,30.0,-2.060000000270179e-05,3.58000000062475e-05,0.54,88.0,36.5,0
51116,SO-0502,PI Nilesh Chauhan,PI,36,2026-07-24 18:38:02+00:00,87.0,83.0,,21.2609253,73.3018197,49.60000002384186,-0.559,-0.766,-0.185,,0.0,0.0,0.0,,,,,0.0,0.0,30.0,9.32000000020139e-05,-3.120000000933487e-05,1.31,83.0,36.5,0
51119,SO-0502,PI Nilesh Chauhan,PI,36,2026-07-24 18:38:36+00:00,84.0,87.0,,21.2609253,73.3018197,49.60000002384186,-0.527,-0.819,-0.114,,0.0,0.0,0.0,,,,,0.0,0.0,34.0,0.0,0.0,0.0,87.0,36.5,0
51122,SO-0502,PI Nilesh Chauhan,PI,36,2026-07-24 18:39:02+00:00,87.0,88.0,,21.2608788,73.3018173,49.60000002384186,-0.494,-0.817,-0.145,,0.0,0.0,0.0,,,,,0.0,0.0,26.0,-4.649999999983834e-05,-2.3999999996249244e-06,0.72,88.0,36.5,0
51125,SO-0502,PI Nilesh Chauhan,PI,36,2026-07-24 18:39:32+00:00,93.0,88.0,,21.2609253,73.3018318,49.60000002384186,-0.504,-0.825,-0.118,,0.0,0.0,0.0,,,,,0.0,0.0,30.0,4.649999999983834e-05,1.4500000006023583e-05,0.65,88.0,36.5,2
51128,SO-0502,PI Nilesh Chauhan,PI,36,2026-07-24 18:40:06+00:00,83.0,88.0,,21.2609253,73.3018318,49.60000002384186,-0.719,0.295,0.715,,0.0,0.0,0.0,,,,,0.0,0.0,34.0,0.0,0.0,0.0,88.0,36.5,0
51131,SO-0502,PI Nilesh Chauhan,PI,36,2026-07-24 18:40:32+00:00,91.0,85.0,,21.2609262,73.3018204,49.60000002384186,-0.604,0.378,0.794,,0.0,0.0,0.0,,,,,0.0,0.0,26.0,8.999999998593466e-07,-1.1400000005323818e-05,0.17,85.0,36.5,2
51134,SO-0502,PI Nilesh Chauhan,PI,36,2026-07-24 18:41:02+00:00,85.0,88.0,,21.2609204,73.3018304,49.60000002384186,-0.92,0.151,-0.263,,0.0,0.0,0.0,,,,,0.0,0.0,30.0,-5.800000000277805e-06,1.0000000003174137e-05,0.15,88.0,36.5,0
51137,SO-0502,PI Nilesh Chauhan,PI,36,2026-07-24 18:41:32+00:00,88.0,88.0,,21.260895,73.3018469,49.60000002384186,-0.566,0.564,0.693,,0.0,0.0,0.0,,,,,0.0,0.0,30.0,-2.539999999839893e-05,1.650000000097407e-05,0.4,88.0,36.5,0
51140,SO-0502,PI Nilesh Chauhan,PI,36,2026-07-24 18:42:02+00:00,91.0,88.0,,21.2608522,73.3018181,51.59999990463257,-0.827,0.163,0.673,,0.0,0.0,0.0,,,,,0.0,0.0,30.0,-4.2800000002785055e-05,-2.8799999995499093e-05,0.68,88.0,36.5,2
51143,SO-0502,PI Nilesh Chauhan,PI,36,2026-07-24 18:42:32+00:00,91.0,85.0,,21.2609269,73.301821,49.60000002384186,-0.772,0.279,0.652,,0.0,0.0,0.0,,,,,0.0,0.0,30.0,7.470000000253663e-05,2.8999999983625457e-06,1.0,85.0,36.5,2
51146,SO-0502,PI Nilesh Chauhan,PI,36,2026-07-24 18:43:02+00:00,83.0,84.0,,21.2608527,73.3018151,49.57885296633768,-0.784,0.163,0.668,,0.0,0.0,0.0,,,,,0.0,0.0,30.0,-7.420000000024629e-05,-5.900000004999129e-06,0.99,84.0,36.5,0
51149,SO-0502,PI Nilesh Chauhan,PI,36,2026-07-24 18:43:32+00:00,82.0,88.0,,21.2609288,73.3018193,49.60000002384186,-0.886,0.163,0.53,,0.0,0.0,0.0,,,,,0.0,0.0,30.0,7.609999999758088e-05,4.200000006449045e-06,1.02,88.0,36.5,0
51152,SO-0502,PI Nilesh Chauhan,PI,36,2026-07-24 18:44:02+00:00,91.0,84.0,,21.2609128,73.3018188,49.60000002384186,-0.927,0.132,0.426,,0.0,0.0,0.0,,,,,0.0,0.0,30.0,-1.5999999998683734e-05,-4.999999987376214e-07,0.21,84.0,36.5,2
51155,SO-0502,PI Nilesh Chauhan,PI,36,2026-07-24 18:44:32+00:00,82.0,88.0,,21.2609245,73.3018195,49.60000002384186,0.647,0.201,0.85,,0.0,0.0,0.0,,,,,0.0,0.0,30.0,1.170000000172422e-05,6.999999868639861e-07,0.16,88.0,36.5,0
51158,SO-0502,PI Nilesh Chauhan,PI,36,2026-07-24 18:45:02+00:00,83.0,88.0,,21.2608527,73.3018151,49.60000002384186,-0.68,0.319,0.74,,0.0,0.0,0.0,,,,,0.0,0.0,30.0,-7.180000000062137e-05,-4.39999999457541e-06,0.96,88.0,36.5,0
51161,SO-0502,PI Nilesh Chauhan,PI,36,2026-07-24 18:45:32+00:00,90.0,88.0,,21.2607137,73.3021519,49.60000002384186,-0.711,-0.611,-0.25,,0.0,0.0,0.0,,,,,0.0,0.0,30.0,-0.0001390000000007,0.0003367999999994,4.72,88.0,36.5,1
51164,SO-0502,PI Nilesh Chauhan,PI,36,2026-07-24 18:46:02+00:00,90.0,85.0,,21.2609193,73.3018182,49.60000002384186,-0.469,-0.734,-0.387,,0.0,0.0,0.0,,,,,0.0,0.0,30.0,0.000205600000001,-0.0003336999999987,5.1,85.0,36.5,1
51167,SO-0502,PI Nilesh Chauhan,PI,36,2026-07-24 18:46:32+00:00,99.0,80.0,,21.2609227,73.3018195,49.60000002384186,-0.796,0.245,0.613,,0.0,0.0,0.0,,,,,0.0,0.0,30.0,3.399999997100167e-06,1.2999999938756446e-06,0.05,80.0,36.5,2
51170,SO-0502,PI Nilesh Chauhan,PI,36,2026-07-24 18:47:02+00:00,89.0,88.0,,21.2609244,73.3018196,49.60000002384186,-0.638,-0.691,-0.245,,0.0,0.0,0.0,,,,,0.0,0.0,30.0,1.7000000021027972e-06,1.000000082740371e-07,0.02,88.0,36.5,0
51173,SO-0502,PI Nilesh Chauhan,PI,36,2026-07-24 18:47:32+00:00,89.0,84.0,,21.2609227,73.3018195,49.60000002384186,-0.631,-0.725,-0.155,,0.0,0.0,0.0,,,,,0.0,0.0,30.0,-1.7000000021027972e-06,-1.000000082740371e-07,0.02,84.0,36.5,0
51176,SO-0502,PI Nilesh Chauhan,PI,36,2026-07-24 18:48:02+00:00,87.0,87.0,,21.260924,73.3018196,49.60000002384186,-0.613,0.838,0.068,,0.0,0.0,0.0,,,,,0.0,0.0,30.0,1.300000000981072e-06,1.000000082740371e-07,0.02,87.0,36.5,0
51179,SO-0502,PI Nilesh Chauhan,PI,36,2026-07-24 18:48:32+00:00,85.0,88.0,,21.2609095,73.3018321,49.60000002384186,-0.89,0.459,0.087,,0.0,0.0,0.0,,,,,0.0,0.0,30.0,-1.4499999998918156e-05,1.2499999996862243e-05,0.25,88.0,36.5,0
51182,SO-0502,PI Nilesh Chauhan,PI,36,2026-07-24 18:49:02+00:00,98.0,86.0,,21.2608527,73.3018151,49.60000002384186,-0.952,-0.07,0.428,,0.0,0.0,0.0,,,,,0.0,0.0,30.0,-5.679999999941288e-05,-1.699999999971169e-05,0.79,86.0,36.5,2
51185,SO-0502,PI Nilesh Chauhan,PI,36,2026-07-24 18:49:32+00:00,83.0,84.0,,21.2608522,73.3018192,49.60000002384186,-0.129,-0.107,-0.843,,0.0,0.0,0.0,,,,,0.0,0.0,30.0,-5.00000002290335e-07,4.099999998175008e-06,0.05,84.0,36.5,0
51188,SO-0502,PI Nilesh Chauhan,PI,36,2026-07-24 18:50:02+00:00,81.0,88.0,,21.2608522,73.3018181,49.60000002384186,-0.983,-0.068,-0.055,,0.0,0.0,0.0,,,,,0.0,0.0,30.0,0.0,-1.099999991538425e-06,0.01,88.0,36.5,0
51191,SO-0502,PI Nilesh Chauhan,PI,36,2026-07-24 18:50:32+00:00,83.0,84.0,,21.2608526,73.3018158,48.80807820940976,-0.987,-0.032,0.039,,0.0,0.0,0.0,,,,,0.0,0.0,30.0,4.000000011217253e-07,-2.300000005561742e-06,0.03,84.0,36.5,0
51194,SO-0502,PI Nilesh Chauhan,PI,36,2026-07-24 18:51:02+00:00,80.0,88.0,,21.2608523,73.301817,48.4845637093035,-0.964,-0.047,-0.05,,0.0,0.0,0.0,,,,,0.0,0.0,30.0,-2.999999999531156e-07,1.1999999998124622e-06,0.02,88.0,36.5,0
51197,SO-0502,PI Nilesh Chauhan,PI,36,2026-07-24 18:51:32+00:00,93.0,88.0,,21.2608523,73.301817,48.20440575620967,-0.824,0.268,0.599,,0.0,0.0,0.0,,,,,0.0,0.0,30.0,0.0,0.0,0.0,88.0,36.5,2
51200,SO-0502,PI Nilesh Chauhan,PI,36,2026-07-24 18:52:02+00:00,92.0,88.0,,21.2608321,73.3018509,48.83662419077069,-0.667,0.161,0.847,,0.0,0.0,0.0,,,,,0.0,0.0,30.0,-2.0200000001580065e-05,3.39000000053602e-05,0.51,88.0,36.5,2
51203,SO-0502,PI Nilesh Chauhan,PI,36,2026-07-24 18:52:32+00:00,81.0,88.0,,21.2608526,73.3018158,48.60085837035069,-0.524,-0.547,-0.557,,0.0,0.0,0.0,,,,,0.0,0.0,30.0,2.050000000153318e-05,-3.510000000517266e-05,0.53,88.0,36.5,0
51206,SO-0502,PI Nilesh Chauhan,PI,36,2026-07-24 18:53:02+00:00,85.0,88.0,,21.2608526,73.3018158,48.587642988758034,-0.282,-0.673,-0.592,,0.0,0.0,0.0,,,,,0.0,0.0,30.0,0.0,0.0,0.0,88.0,36.5,0
51209,SO-0502,PI Nilesh Chauhan,PI,36,2026-07-24 18:53:36+00:00,85.0,87.0,,21.2608532,73.3018171,48.14097503393802,-0.324,-0.566,-0.652,,0.0,0.0,0.0,,,,,0.0,0.0,34.0,5.999999999062311e-07,1.2999999938756446e-06,0.02,87.0,36.5,0
51212,SO-0502,PI Nilesh Chauhan,PI,36,2026-07-24 18:54:06+00:00,86.0,88.0,,21.2608527,73.3018151,48.51046556586596,-0.334,-0.588,-0.646,,0.0,0.0,0.0,,,,,0.0,0.0,30.0,-4.999999987376214e-07,-1.9999999949504854e-06,0.03,88.0,36.5,0
51215,SO-0502,PI Nilesh Chauhan,PI,36,2026-07-24 18:54:36+00:00,85.0,88.0,,21.2608526,73.3018158,48.69073669453428,-0.36,-0.59,-0.608,,0.0,0.0,0.0,,,,,0.0,0.0,30.0,-1.0000000116860974e-07,7.000000010748408e-07,0.01,88.0,36.5,0
51218,SO-0502,PI Nilesh Chauhan,PI,36,2026-07-24 18:55:02+00:00,85.0,88.0,,21.2608523,73.301817,48.3899608583545,-0.435,-0.345,-0.717,,0.0,0.0,0.0,,,,,0.0,0.0,26.0,-2.999999999531156e-07,1.1999999998124622e-06,0.02,88.0,36.5,0
51221,SO-0502,PI Nilesh Chauhan,PI,36,2026-07-24 18:55:32+00:00,95.0,88.0,,21.2608523,73.301817,48.4132190714742,-0.294,-0.275,-0.821,,0.0,0.0,0.0,,,,,0.0,0.0,30.0,0.0,0.0,0.0,88.0,36.5,2
51224,SO-0502,PI Nilesh Chauhan,PI,36,2026-07-24 18:56:02+00:00,90.0,77.0,,21.2608526,73.3018213,48.50942416665981,-0.753,-0.437,1.038,,0.0,0.0,0.0,,,,,0.0,0.0,30.0,2.999999999531156e-07,4.300000000512227e-06,0.06,77.0,36.5,0
51227,SO-0502,PI Nilesh Chauhan,PI,36,2026-07-24 18:56:32+00:00,100.0,87.0,,21.2608526,73.3018213,48.43489155394795,0.771,0.162,-0.553,,0.0,0.0,0.0,,,,,0.0,0.0,30.0,0.0,0.0,0.0,87.0,36.5,2
51229,SO-0502,PI Nilesh Chauhan,PI,36,2026-07-24 18:57:02+00:00,89.0,75.0,,21.2608522,73.3018192,48.4237910073208,-0.311,0.776,0.665,,0.0,0.0,0.0,,,,,0.0,0.0,30.0,-4.000000011217253e-07,-2.1000000032245225e-06,0.03,75.0,36.5,0
51233,SO-0502,PI Nilesh Chauhan,PI,36,2026-07-24 18:57:32+00:00,88.0,83.0,,21.2608522,73.3018181,50.87777874066171,-0.132,0.421,0.966,,0.0,0.0,0.0,,,,,0.0,0.0,30.0,0.0,-1.099999991538425e-06,0.01,83.0,36.5,0
51269,SO-0502,PI Nilesh Chauhan,PI,36,2026-07-24 19:06:32+00:00,83.0,84.0,,21.2608588,73.3018154,52.5,-0.56,-0.276,-0.846,,0.0,0.0,0.0,,,,,0.0,0.0,540.0,6.600000002521256e-06,-2.700000010236181e-06,0.0,84.0,36.5,0
51272,SO-0502,PI Nilesh Chauhan,PI,36,2026-07-24 19:07:02+00:00,91.0,88.0,,21.2608675,73.3017919,52.09999990463257,-0.736,-0.609,0.184,,0.0,0.0,0.0,,,,,0.0,0.0,30.0,8.699999998640351e-06,-2.3499999997511622e-05,0.32,88.0,36.5,2
51275,SO-0502,PI Nilesh Chauhan,PI,36,2026-07-24 19:07:32+00:00,87.0,60.0,,21.2608629,73.3018072,52.80000019073486,-0.417,0.41,0.193,,0.0,0.0,0.0,,,,,0.0,0.0,30.0,-4.600000000465343e-06,1.5300000001161607e-05,0.21,60.0,36.5,0
51278,SO-0502,PI Nilesh Chauhan,PI,36,2026-07-24 19:08:02+00:00,87.0,,,21.2608526,73.3018158,48.27941008450156,0.028,1.602,0.22,,0.0,0.0,0.0,,,,,0.0,0.0,30.0,-1.0299999999574538e-05,8.600000001024455e-06,0.18,60.0,36.5,1
51281,SO-0502,PI Nilesh Chauhan,PI,36,2026-07-24 19:08:35+00:00,83.0,88.0,,21.2606418,73.3018083,44.48202759834899,-0.152,0.18,0.158,,0.0,0.0,0.0,,,,,0.0,0.0,33.0,-0.0002108000000013,-7.499999995275175e-06,2.55,88.0,36.5,1
51284,SO-0502,PI Nilesh Chauhan,PI,36,2026-07-24 19:09:02+00:00,83.0,,,21.2606409,73.3018084,39.86129739077592,-0.811,-0.142,0.622,,0.0,0.0,0.0,,,,,0.0,0.0,27.0,-8.999999998593466e-07,9.999999406318238e-08,0.01,88.0,36.5,1
51286,SO-0502,PI Nilesh Chauhan,PI,36,2026-07-24 19:09:32+00:00,91.0,88.0,,21.2606409,73.3018084,41.330996979932,-0.347,0.588,0.138,,0.0,0.0,0.0,,,,,0.0,0.0,30.0,0.0,0.0,0.0,88.0,36.5,1
51290,SO-0502,PI Nilesh Chauhan,PI,36,2026-07-24 19:10:03+00:00,94.0,88.0,,21.2596499,73.3023465,42.245906094076645,-0.306,-0.481,0.844,,0.0,0.0,0.0,,,,,0.0,0.0,31.0,-0.000990999999999,0.0005380999999999,14.43,88.0,36.5,1
51293,SO-0502,PI Nilesh Chauhan,PI,36,2026-07-24 19:10:32+00:00,89.0,87.0,,21.2586473,73.3031156,43.23536340654317,-0.261,0.645,0.914,,0.0,0.0,0.0,,,,,0.0,0.0,29.0,-0.0010025999999996,0.0007690999999994,17.21,87.0,36.5,1
51296,SO-0502,PI Nilesh Chauhan,PI,36,2026-07-24 19:11:02+00:00,93.0,88.0,,21.259463,73.304496,43.45991247468146,-1.012,-0.077,0.12,,0.0,0.0,0.0,,,,,0.0,0.0,30.0,0.0008157000000004,0.0013804000000021,20.86,88.0,36.5,1
51299,SO-0502,PI Nilesh Chauhan,PI,36,2026-07-24 19:11:35+00:00,92.0,88.0,,21.2601862,73.3067693,41.21661156126973,-1.038,-0.258,0.251,,0.0,0.0,0.0,,,,,0.0,0.0,33.0,0.0007231999999994,0.0022732999999988,28.06,88.0,36.5,1
51301,SO-0502,PI Nilesh Chauhan,PI,36,2026-07-24 19:12:02+00:00,100.0,65.0,,21.2594608,73.3093304,42.0137637367196,-0.487,0.279,0.962,,0.0,0.0,0.0,,,,,0.0,0.0,27.0,-0.0007254000000003,0.002561099999994,38.24,65.0,36.5,1
51305,SO-0502,PI Nilesh Chauhan,PI,36,2026-07-24 19:12:33+00:00,82.0,87.0,,21.2619331,73.3100192,40.60019349180274,-0.648,0.569,0.804,,0.0,0.0,0.0,,,,,0.0,0.0,31.0,0.0024723000000008,0.000688800000006,33.01,87.0,36.5,1
51308,SO-0502,PI Nilesh Chauhan,PI,36,2026-07-24 19:13:02+00:00,87.0,88.0,,21.2633893,73.3106415,42.898245863156546,0.642,0.471,0.632,,0.0,0.0,0.0,,,,,0.0,0.0,29.0,0.0014561999999997,0.0006223000000034,21.72,88.0,36.5,1
51311,SO-0502,PI Nilesh Chauhan,PI,36,2026-07-24 19:13:32+00:00,93.0,87.0,,21.2636007,73.3091388,50.70000004768371,-0.038,0.422,1.13,,0.0,0.0,0.0,,,,,0.0,0.0,30.0,0.0002114000000013,-0.0015027000000031,19.58,87.0,36.5,1
51314,SO-0502,PI Nilesh Chauhan,PI,36,2026-07-24 19:14:02+00:00,89.0,88.0,,21.2649265,73.309134,51.5,-0.686,0.152,0.863,,0.0,0.0,0.0,,,,,0.0,0.0,30.0,0.0013258,-4.799999999249849e-06,17.66,88.0,36.5,1
51317,SO-0502,PI Nilesh Chauhan,PI,36,2026-07-24 19:14:32+00:00,86.0,68.0,,21.2651744,73.3095073,50.70000004768371,-0.878,-0.082,-0.399,,0.0,0.0,0.0,,,,,0.0,0.0,30.0,0.0002478999999979,0.0003733000000067,5.84,68.0,36.5,1
51320,SO-0502,PI Nilesh Chauhan,PI,36,2026-07-24 19:15:02+00:00,90.0,,,21.2651729,73.3095041,53.5,-0.277,1.314,-0.04,,0.0,0.0,0.0,,,,,0.0,0.0,30.0,-1.4999999997655775e-06,-3.2000000089738023e-06,0.05,68.0,36.5,0
51323,SO-0502,PI Nilesh Chauhan,PI,36,2026-07-24 19:15:32+00:00,90.0,,,21.2651797,73.3095084,53.5,-0.482,-0.581,0.597,,0.0,0.0,0.0,,,,,0.0,0.0,30.0,6.8000000013057615e-06,4.300000000512227e-06,0.11,68.0,36.5,0
51326,SO-0502,PI Nilesh Chauhan,PI,36,2026-07-24 19:16:02+00:00,98.0,88.0,,21.2651745,73.3095012,53.5,-0.679,0.451,0.666,,0.0,0.0,0.0,,,,,0.0,0.0,30.0,-5.200000000371574e-06,-7.199999998874773e-06,0.12,88.0,36.5,2
51329,SO-0502,PI Nilesh Chauhan,PI,36,2026-07-24 19:16:32+00:00,84.0,88.0,,21.2651785,73.3095074,53.5,-0.893,0.353,0.443,,0.0,0.0,0.0,,,,,0.0,0.0,30.0,4.000000000559112e-06,6.2000000013995304e-06,0.1,88.0,36.5,0
51332,SO-0502,PI Nilesh Chauhan,PI,36,2026-07-24 19:17:02+00:00,87.0,88.0,,21.2651802,73.3095082,53.5,-0.859,0.24,0.471,,0.0,0.0,0.0,,,,,0.0,0.0,30.0,1.6999999985500835e-06,7.999999951380232e-07,0.02,88.0,36.5,0
51335,SO-0502,PI Nilesh Chauhan,PI,36,2026-07-24 19:17:32+00:00,100.0,86.0,,21.2651802,73.3095082,53.5,-0.362,0.16,0.713,,0.0,0.0,0.0,,,,,0.0,0.0,30.0,0.0,0.0,0.0,86.0,36.5,2
51338,SO-0502,PI Nilesh Chauhan,PI,36,2026-07-24 19:18:02+00:00,83.0,87.0,,21.2651788,73.3095075,53.5,-0.872,0.558,-0.213,,0.0,0.0,0.0,,,,,0.0,0.0,30.0,-1.399999998596968e-06,-7.000000010748408e-07,0.02,87.0,36.5,0
51341,SO-0502,PI Nilesh Chauhan,PI,36,2026-07-24 19:18:32+00:00,85.0,88.0,,21.2651802,73.309508,53.5,-0.736,0.474,0.638,,0.0,0.0,0.0,,,,,0.0,0.0,30.0,1.399999998596968e-06,4.999999987376214e-07,0.02,88.0,36.5,0
51344,SO-0502,PI Nilesh Chauhan,PI,36,2026-07-24 19:19:02+00:00,93.0,89.0,,21.2651802,73.309508,53.5,-0.456,0.208,-0.722,,0.0,0.0,0.0,,,,,0.0,0.0,30.0,0.0,0.0,0.0,89.0,36.5,2
51347,SO-0502,PI Nilesh Chauhan,PI,36,2026-07-24 19:19:32+00:00,89.0,85.0,,21.2651799,73.3095079,53.5,-0.783,0.466,0.482,,0.0,0.0,0.0,,,,,0.0,0.0,30.0,-2.999999999531156e-07,-9.999999406318238e-08,0.0,85.0,36.5,0
51350,SO-0502,PI Nilesh Chauhan,PI,36,2026-07-24 19:20:02+00:00,90.0,83.0,,21.2651799,73.3095079,53.5,-0.579,0.679,0.491,,0.0,0.0,0.0,,,,,0.0,0.0,30.0,0.0,0.0,0.0,83.0,36.5,0
51353,SO-0502,PI Nilesh Chauhan,PI,36,2026-07-24 19:20:32+00:00,92.0,87.0,,21.2651802,73.309508,53.5,-0.324,0.716,0.776,,0.0,0.0,0.0,,,,,0.0,0.0,30.0,2.999999999531156e-07,9.999999406318238e-08,0.0,87.0,36.5,2
51356,SO-0502,PI Nilesh Chauhan,PI,36,2026-07-24 19:21:02+00:00,87.0,88.0,,21.2651799,73.3095079,53.5,-0.864,0.479,-0.058,,0.0,0.0,0.0,,,,,0.0,0.0,30.0,-2.999999999531156e-07,-9.999999406318238e-08,0.0,88.0,36.5,0
51359,SO-0502,PI Nilesh Chauhan,PI,36,2026-07-24 19:21:32+00:00,92.0,85.0,,21.2651802,73.309508,53.5,-0.417,0.668,0.707,,0.0,0.0,0.0,,,,,0.0,0.0,30.0,2.999999999531156e-07,9.999999406318238e-08,0.0,85.0,36.5,2
51362,SO-0502,PI Nilesh Chauhan,PI,36,2026-07-24 19:22:02+00:00,99.0,87.0,,21.2651802,73.309508,53.5,-0.409,0.656,0.732,,0.0,0.0,0.0,,,,,0.0,0.0,30.0,0.0,0.0,0.0,87.0,36.5,2
51365,SO-0502,PI Nilesh Chauhan,PI,36,2026-07-24 19:22:32+00:00,85.0,88.0,,21.2651802,73.3095082,53.5,-0.554,0.502,0.758,,0.0,0.0,0.0,,,,,0.0,0.0,30.0,0.0,2.0000000233721948e-07,0.0,88.0,36.5,0
51368,SO-0502,PI Nilesh Chauhan,PI,36,2026-07-24 19:23:02+00:00,90.0,77.0,,21.2651799,73.3095079,53.5,-0.726,0.444,0.6,,0.0,0.0,0.0,,,,,0.0,0.0,30.0,-2.999999999531156e-07,-2.999999964004019e-07,0.01,77.0,36.5,0
51371,SO-0502,PI Nilesh Chauhan,PI,36,2026-07-24 19:23:32+00:00,88.0,81.0,,21.2651791,73.3095077,53.5,-0.745,0.439,0.584,,0.0,0.0,0.0,,,,,0.0,0.0,30.0,-7.999999986907369e-07,-2.0000000233721948e-07,0.01,81.0,36.5,0
51374,SO-0502,PI Nilesh Chauhan,PI,36,2026-07-24 19:24:02+00:00,83.0,88.0,,21.2651802,73.309508,53.5,-0.301,0.699,0.756,,0.0,0.0,0.0,,,,,0.0,0.0,30.0,1.0999999986438525e-06,2.999999964004019e-07,0.02,88.0,36.5,0
51377,SO-0502,PI Nilesh Chauhan,PI,36,2026-07-24 19:24:32+00:00,89.0,88.0,,21.26518,73.3095084,53.5,-0.342,-0.112,0.95,,0.0,0.0,0.0,,,,,0.0,0.0,30.0,-1.999999987845058e-07,4.0000000467443897e-07,0.01,88.0,36.5,0
51380,SO-0502,PI Nilesh Chauhan,PI,36,2026-07-24 19:25:02+00:00,89.0,,,21.2651795,73.3095078,53.5,0.351,-0.542,-0.669,,0.0,0.0,0.0,,,,,0.0,0.0,30.0,-5.00000002290335e-07,-5.999999928008037e-07,0.01,88.0,36.5,0
51383,SO-0502,PI Nilesh Chauhan,PI,36,2026-07-24 19:25:32+00:00,90.0,88.0,,21.2651725,73.3095281,53.5,-0.726,-0.018,-0.859,,0.0,0.0,0.0,,,,,0.0,0.0,30.0,-7.000000000090267e-06,2.029999998853782e-05,0.28,88.0,36.5,0
51386,SO-0502,PI Nilesh Chauhan,PI,36,2026-07-24 19:26:02+00:00,84.0,88.0,,21.2651797,73.3095084,53.5,-0.775,0.374,0.583,,0.0,0.0,0.0,,,,,0.0,0.0,30.0,7.200000002427487e-06,-1.9699999995737016e-05,0.27,88.0,36.5,0
51389,SO-0502,PI Nilesh Chauhan,PI,36,2026-07-24 19:26:32+00:00,86.0,86.0,,21.2651788,73.3095075,53.5,-0.752,0.394,0.621,,0.0,0.0,0.0,,,,,0.0,0.0,30.0,-8.999999998593466e-07,-9.000000034120603e-07,0.02,86.0,36.5,0
51392,SO-0502,PI Nilesh Chauhan,PI,36,2026-07-24 19:27:02+00:00,92.0,88.0,,21.2651791,73.3095077,53.5,-0.675,0.516,0.613,,0.0,0.0,0.0,,,,,0.0,0.0,30.0,2.999999999531156e-07,2.0000000233721948e-07,0.0,88.0,36.5,2
51395,SO-0502,PI Nilesh Chauhan,PI,36,2026-07-24 19:27:32+00:00,97.0,85.0,,21.26518,73.3095084,51.37607902773735,-0.354,-0.351,-0.808,,0.0,0.0,0.0,,,,,0.0,0.0,30.0,8.999999998593466e-07,7.000000010748408e-07,0.02,85.0,36.5,2
51398,SO-0502,PI Nilesh Chauhan,PI,36,2026-07-24 19:28:02+00:00,93.0,88.0,,21.2651717,73.3095279,53.5,-0.71,0.185,-0.594,,0.0,0.0,0.0,,,,,0.0,0.0,30.0,-8.30000000107134e-06,1.950000000761065e-05,0.27,88.0,36.5,2
51401,SO-0502,PI Nilesh Chauhan,PI,36,2026-07-24 19:28:32+00:00,99.0,87.0,,21.2651853,73.3095041,53.5,0.3,0.867,0.529,,0.0,0.0,0.0,,,,,0.0,0.0,30.0,1.359999999905881e-05,-2.380000000812288e-05,0.36,87.0,36.5,2
51404,SO-0502,PI Nilesh Chauhan,PI,36,2026-07-24 19:29:02+00:00,90.0,88.0,,21.2651803,73.3095122,53.5,-0.459,-0.193,-0.767,,0.0,0.0,0.0,,,,,0.0,0.0,30.0,-4.9999999980343546e-06,8.100000002286833e-06,0.12,88.0,36.5,0
51407,SO-0502,PI Nilesh Chauhan,PI,36,2026-07-24 19:29:32+00:00,87.0,68.0,,21.2651797,73.3095084,53.5,-0.51,0.147,-0.739,,0.0,0.0,0.0,,,,,0.0,0.0,30.0,-5.999999999062311e-07,-3.800000001774606e-06,0.05,68.0,36.5,0
51410,SO-0502,PI Nilesh Chauhan,PI,36,2026-07-24 19:30:02+00:00,84.0,83.0,,21.2651791,73.3095077,53.5,-0.479,0.192,-0.777,,0.0,0.0,0.0,,,,,0.0,0.0,30.0,-5.999999999062311e-07,-7.000000010748408e-07,0.01,83.0,36.5,0
51413,SO-0502,PI Nilesh Chauhan,PI,36,2026-07-24 19:30:32+00:00,82.0,88.0,,21.2651791,73.3095077,53.5,-0.719,0.31,-0.595,,0.0,0.0,0.0,,,,,0.0,0.0,30.0,0.0,0.0,0.0,88.0,36.5,0
64347,SO-0502,PI Nilesh Chauhan,PI,36,2026-07-29 12:29:12+00:00,94.0,82.0,,21.2595372,73.3048266,50.5,-0.693,-0.694,-0.032,,0.0,0.0,0.0,,,,,0.0,0.0,406720.0,-0.0056419000000005,-0.0046810999999991,0.0,82.0,36.5,2
64351,SO-0502,PI Nilesh Chauhan,PI,36,2026-07-29 12:29:42+00:00,94.0,83.0,,21.2598983,73.306874,49.10000002384186,-1.108,-0.692,0.187,,0.0,0.0,0.0,,,,,0.0,0.0,30.0,0.0003610999999992,0.002047399999995,26.84,83.0,36.5,1
64355,SO-0502,PI Nilesh Chauhan,PI,36,2026-07-29 12:30:11+00:00,90.0,88.0,,21.2599828,73.3070904,48.39999994635582,-0.832,-0.41,0.548,,0.0,0.0,0.0,,,,,0.0,0.0,29.0,8.449999999982083e-05,0.0002164000000135,3.11,88.0,36.5,0
64359,SO-0502,PI Nilesh Chauhan,PI,36,2026-07-29 12:30:41+00:00,88.0,74.0,,21.2598338,73.3071513,46.46323204752619,0.264,1.295,0.254,,0.0,0.0,0.0,,,,,0.0,0.0,30.0,-0.0001490000000003,6.089999999403517e-05,2.13,74.0,36.5,0
64363,SO-0502,PI Nilesh Chauhan,PI,36,2026-07-29 12:31:11+00:00,87.0,83.0,,21.2598593,73.3070988,48.39999994635582,-1.15,-0.325,-0.345,,0.0,0.0,0.0,,,,,0.0,0.0,30.0,2.5499999999567535e-05,-5.2499999995347935e-05,0.76,83.0,36.5,0
64366,SO-0502,PI Nilesh Chauhan,PI,36,2026-07-29 12:31:41+00:00,88.0,85.0,,21.2597499,73.3071634,47.599999994039536,-0.857,0.298,-0.455,,0.0,0.0,0.0,,,,,0.0,0.0,30.0,-0.0001093999999994,6.459999998753574e-05,1.68,85.0,36.5,0
64369,SO-0502,PI Nilesh Chauhan,PI,36,2026-07-29 12:32:11+00:00,84.0,88.0,,21.2599804,73.3070244,48.39999994635582,-0.532,-0.218,0.786,,0.0,0.0,0.0,,,,,0.0,0.0,30.0,0.0002305000000006,-0.0001389999999901,3.56,88.0,36.5,0
64372,SO-0502,PI Nilesh Chauhan,PI,36,2026-07-29 12:32:41+00:00,88.0,80.0,,21.2598486,73.3071171,48.29999992251396,-0.569,-0.279,0.882,,0.0,0.0,0.0,,,,,0.0,0.0,30.0,-0.0001317999999983,9.269999999617085e-05,2.12,80.0,36.5,0
64376,SO-0502,PI Nilesh Chauhan,PI,36,2026-07-29 12:33:11+00:00,96.0,88.0,,21.260126,73.3071168,47.79999992251396,0.374,0.306,0.966,,0.0,0.0,0.0,,,,,0.0,0.0,30.0,0.000277399999998,-2.999999964004019e-07,3.69,88.0,36.5,2
64379,SO-0502,PI Nilesh Chauhan,PI,36,2026-07-29 12:33:41+00:00,92.0,83.0,,21.2600191,73.307082,48.39999994635582,-0.531,-0.124,-0.688,,0.0,0.0,0.0,,,,,0.0,0.0,30.0,-0.0001068999999986,-3.480000000877226e-05,1.49,83.0,36.5,2
64383,SO-0502,PI Nilesh Chauhan,PI,36,2026-07-29 12:34:11+00:00,86.0,78.0,,21.2599253,73.3071207,48.20000001788139,-0.17,-0.6,0.642,,0.0,0.0,0.0,,,,,0.0,0.0,30.0,-9.380000000192013e-05,3.870000000461005e-05,1.35,78.0,36.5,0
64387,SO-0502,PI Nilesh Chauhan,PI,36,2026-07-29 12:34:41+00:00,89.0,88.0,,21.2598026,73.3071137,48.29999992251396,-0.286,-0.016,1.092,,0.0,0.0,0.0,,,,,0.0,0.0,30.0,-0.0001226999999985,-6.999999996537554e-06,1.64,88.0,36.5,0
64391,SO-0502,PI Nilesh Chauhan,PI,36,2026-07-29 12:35:11+00:00,82.0,88.0,,21.2600717,73.3071309,47.79999992251396,-0.005,-0.891,0.405,,0.0,0.0,0.0,,,,,0.0,0.0,30.0,0.0002691000000005,1.720000000204891e-05,3.59,88.0,36.5,0
64395,SO-0502,PI Nilesh Chauhan,PI,36,2026-07-29 12:35:41+00:00,90.0,84.0,,21.2598975,73.3071095,47.99999997615814,-0.512,-0.223,-0.775,,0.0,0.0,0.0,,,,,0.0,0.0,30.0,-0.0001742,-2.1400000008497955e-05,2.34,84.0,36.5,0
64400,SO-0502,PI Nilesh Chauhan,PI,36,2026-07-29 12:36:11+00:00,87.0,88.0,,21.259862,73.3070704,48.39999994635582,0.027,0.235,1.061,,0.0,0.0,0.0,,,,,0.0,0.0,30.0,-3.550000000274167e-05,-3.909999999507363e-05,0.69,88.0,36.5,0
64404,SO-0502,PI Nilesh Chauhan,PI,36,2026-07-29 12:36:41+00:00,99.0,79.0,,21.2598738,73.307081,52.27092787158318,-0.536,0.816,0.009,,0.0,0.0,0.0,,,,,0.0,0.0,30.0,1.180000000289283e-05,1.059999999597494e-05,0.21,79.0,36.5,2
64407,SO-0502,PI Nilesh Chauhan,PI,36,2026-07-29 12:37:11+00:00,99.0,79.0,,21.2597483,73.306791,49.10000002384186,-0.893,0.001,1.618,,0.0,0.0,0.0,,,,,0.0,0.0,30.0,-0.0001255000000028,-0.0002899999999925,4.1,79.0,36.5,1
64411,SO-0502,PI Nilesh Chauhan,PI,36,2026-07-29 12:37:41+00:00,96.0,,,21.2597483,73.306791,46.16269862132478,-0.956,0.964,-0.207,,0.0,0.0,0.0,,,,,0.0,0.0,30.0,0.0,0.0,0.0,79.0,36.5,1
64415,SO-0502,PI Nilesh Chauhan,PI,36,2026-07-29 12:38:11+00:00,80.0,82.0,,21.2598832,73.3071396,48.60000002384186,-0.683,0.575,0.759,,0.0,0.0,0.0,,,,,0.0,0.0,30.0,0.0001349000000026,0.0003485999999952,4.84,82.0,36.5,1
64420,SO-0502,PI Nilesh Chauhan,PI,36,2026-07-29 12:38:41+00:00,92.0,84.0,,21.2597345,73.3071503,47.599999994039536,-0.349,0.157,1.021,,0.0,0.0,0.0,,,,,0.0,0.0,30.0,-0.0001487000000004,1.0700000004248976e-05,1.99,84.0,36.5,2
64423,SO-0502,PI Nilesh Chauhan,PI,36,2026-07-29 12:39:11+00:00,93.0,87.0,,21.259777,73.3071517,48.39999994635582,-0.903,-0.121,0.491,,0.0,0.0,0.0,,,,,0.0,0.0,30.0,4.2499999999279225e-05,1.4000000021496817e-06,0.57,87.0,36.5,2
64428,SO-0502,PI Nilesh Chauhan,PI,36,2026-07-29 12:39:41+00:00,96.0,88.0,,21.2597216,73.3071836,47.599999994039536,-0.583,0.31,0.859,,0.0,0.0,0.0,,,,,0.0,0.0,30.0,-5.540000000081591e-05,3.189999999619886e-05,0.84,88.0,36.5,2
64432,SO-0502,PI Nilesh Chauhan,PI,36,2026-07-29 12:40:11+00:00,83.0,88.0,,21.2597588,73.3071941,47.599999994039536,-0.948,0.099,0.393,,0.0,0.0,0.0,,,,,0.0,0.0,30.0,3.7200000001291755e-05,1.0500000001911758e-05,0.51,88.0,36.5,0
64436,SO-0502,PI Nilesh Chauhan,PI,36,2026-07-29 12:40:46+00:00,81.0,88.0,,21.2599091,73.3070475,48.39999994635582,-0.711,0.062,0.812,,0.0,0.0,0.0,,,,,0.0,0.0,35.0,0.0001503000000013,-0.0001466000000078,2.36,88.0,36.5,0
64439,SO-0502,PI Nilesh Chauhan,PI,36,2026-07-29 12:41:11+00:00,81.0,88.0,,21.2597444,73.3071487,47.599999994039536,-0.719,0.063,0.806,,0.0,0.0,0.0,,,,,0.0,0.0,25.0,-0.0001647000000026,0.0001012000000031,3.06,88.0,36.5,0
64443,SO-0502,PI Nilesh Chauhan,PI,36,2026-07-29 12:41:41+00:00,85.0,88.0,,21.2597293,73.3072047,58.44773890467951,-0.604,0.204,0.381,,0.0,0.0,0.0,,,,,0.0,0.0,30.0,-1.5099999998824389e-05,5.600000000072214e-05,0.75,88.0,36.5,0
64449,SO-0502,PI Nilesh Chauhan,PI,36,2026-07-29 12:42:11+00:00,88.0,87.0,,21.2598703,73.3071482,47.79999992251396,-0.425,0.737,0.64,,0.0,0.0,0.0,,,,,0.0,0.0,30.0,0.0001409999999992,-5.649999999945976e-05,2.01,87.0,36.5,0
64454,SO-0502,PI Nilesh Chauhan,PI,36,2026-07-29 12:42:42+00:00,100.0,88.0,,21.2597598,73.3071823,47.599999994039536,-0.398,0.759,0.638,,0.0,0.0,0.0,,,,,0.0,0.0,31.0,-0.0001104999999981,3.409999999348656e-05,1.49,88.0,36.5,2
64458,SO-0502,PI Nilesh Chauhan,PI,36,2026-07-29 12:43:11+00:00,84.0,87.0,,21.259722,73.3071864,47.599999994039536,-0.241,0.776,0.692,,0.0,0.0,0.0,,,,,0.0,0.0,29.0,-3.7800000001197986e-05,4.100000012385863e-06,0.52,87.0,36.5,0
64463,SO-0502,PI Nilesh Chauhan,PI,36,2026-07-29 12:43:41+00:00,86.0,71.0,,21.2597543,73.3071635,48.39999994635582,-0.733,0.596,0.573,,0.0,0.0,0.0,,,,,0.0,0.0,30.0,3.23000000008733e-05,-2.290000000471082e-05,0.52,71.0,36.5,0
64468,SO-0502,PI Nilesh Chauhan,PI,36,2026-07-29 12:44:11+00:00,96.0,88.0,,21.2598054,73.3071407,48.39999994635582,-0.764,0.61,0.32,,0.0,0.0,0.0,,,,,0.0,0.0,30.0,5.110000000030368e-05,-2.279999999643678e-05,0.74,88.0,36.5,2
64473,SO-0502,PI Nilesh Chauhan,PI,36,2026-07-29 12:44:41+00:00,94.0,86.0,,21.2598386,73.3071118,48.39999994635582,-0.498,0.764,0.514,,0.0,0.0,0.0,,,,,0.0,0.0,30.0,3.319999999717993e-05,-2.890000000377313e-05,0.58,86.0,36.5,2
64478,SO-0502,PI Nilesh Chauhan,PI,36,2026-07-29 12:45:11+00:00,93.0,86.0,,21.2597554,73.3071733,47.599999994039536,-0.302,0.784,0.628,,0.0,0.0,0.0,,,,,0.0,0.0,30.0,-8.319999999883976e-05,6.150000000104683e-05,1.36,86.0,36.5,2
64483,SO-0502,PI Nilesh Chauhan,PI,36,2026-07-29 12:45:41+00:00,94.0,87.0,,21.2599728,73.3071049,47.79999992251396,-0.334,0.776,0.634,,0.0,0.0,0.0,,,,,0.0,0.0,30.0,0.0002174000000003,-6.84000000035212e-05,3.03,87.0,36.5,2
64489,SO-0502,PI Nilesh Chauhan,PI,36,2026-07-29 12:46:11+00:00,88.0,88.0,,21.259732,73.3071734,47.599999994039536,-0.741,0.117,0.767,,0.0,0.0,0.0,,,,,0.0,0.0,30.0,-0.0002408000000002,6.849999999758438e-05,3.33,88.0,36.5,0
64493,SO-0502,PI Nilesh Chauhan,PI,36,2026-07-29 12:46:41+00:00,95.0,80.0,,21.2597483,73.3071896,47.599999994039536,-0.541,0.177,0.933,,0.0,0.0,0.0,,,,,0.0,0.0,30.0,1.629999999863685e-05,1.6200000004573667e-05,0.3,80.0,36.5,2
64497,SO-0502,PI Nilesh Chauhan,PI,36,2026-07-29 12:47:11+00:00,86.0,88.0,,21.2597602,73.3071473,47.599999994039536,0.615,-0.532,0.181,,0.0,0.0,0.0,,,,,0.0,0.0,30.0,1.1900000000508726e-05,-4.230000000404743e-05,0.57,88.0,36.5,0
64503,SO-0502,PI Nilesh Chauhan,PI,36,2026-07-29 12:47:41+00:00,86.0,88.0,,21.2597514,73.3071511,47.79999992251396,-0.997,-0.025,0.252,,0.0,0.0,0.0,,,,,0.0,0.0,30.0,-8.79999999980896e-06,3.800000001774606e-06,0.13,88.0,36.5,0
64509,SO-0502,PI Nilesh Chauhan,PI,36,2026-07-29 12:48:11+00:00,91.0,87.0,,21.2597477,73.3071557,47.599999994039536,-0.51,0.273,0.92,,0.0,0.0,0.0,,,,,0.0,0.0,30.0,-3.700000000605996e-06,4.599999996912629e-06,0.08,87.0,36.5,2
64513,SO-0502,PI Nilesh Chauhan,PI,36,2026-07-29 12:48:41+00:00,89.0,86.0,,21.2598365,73.3071178,48.39999994635582,-0.519,0.032,0.934,,0.0,0.0,0.0,,,,,0.0,0.0,30.0,8.880000000033306e-05,-3.789999999526117e-05,1.28,86.0,36.5,0
64518,SO-0502,PI Nilesh Chauhan,PI,36,2026-07-29 12:49:11+00:00,95.0,86.0,,21.2599596,73.3069789,48.60000002384186,-0.531,0.872,0.112,,0.0,0.0,0.0,,,,,0.0,0.0,30.0,0.0001230999999997,-0.000138899999996,2.43,86.0,36.5,2
64523,SO-0502,PI Nilesh Chauhan,PI,36,2026-07-29 12:49:41+00:00,85.0,88.0,,21.2597697,73.3071884,47.599999994039536,-0.847,0.292,0.507,,0.0,0.0,0.0,,,,,0.0,0.0,30.0,-0.0001898999999987,0.0002094999999968,3.7,88.0,36.5,0
64529,SO-0502,PI Nilesh Chauhan,PI,36,2026-07-29 12:50:11+00:00,85.0,85.0,,21.2597549,73.3071889,47.599999994039536,-0.891,-0.042,-0.23,,0.0,0.0,0.0,,,,,0.0,0.0,30.0,-1.4799999998871272e-05,4.999999987376214e-07,0.2,85.0,36.5,0
64533,SO-0502,PI Nilesh Chauhan,PI,36,2026-07-29 12:50:41+00:00,91.0,88.0,,21.2597455,73.3071665,47.599999994039536,-0.983,0.117,-0.188,,0.0,0.0,0.0,,,,,0.0,0.0,30.0,-9.399999999715192e-06,-2.2400000005973197e-05,0.31,88.0,36.5,2
64539,SO-0502,PI Nilesh Chauhan,PI,36,2026-07-29 12:51:11+00:00,82.0,88.0,,21.2597407,73.3071496,47.599999994039536,-0.76,0.231,0.718,,0.0,0.0,0.0,,,,,0.0,0.0,30.0,-4.8000000028025624e-06,-1.6899999991437653e-05,0.23,88.0,36.5,0
64543,SO-0502,PI Nilesh Chauhan,PI,36,2026-07-29 12:51:41+00:00,87.0,88.0,,21.259998,73.3071268,47.79999992251396,-0.24,0.66,1.194,,0.0,0.0,0.0,,,,,0.0,0.0,30.0,0.0002573000000012,-2.279999999643678e-05,3.44,88.0,36.5,0
64548,SO-0502,PI Nilesh Chauhan,PI,36,2026-07-29 12:52:11+00:00,95.0,88.0,,21.2597263,73.3071776,47.599999994039536,-0.626,-0.621,-0.462,,0.0,0.0,0.0,,,,,0.0,0.0,30.0,-0.0002716999999989,5.079999999679785e-05,3.68,88.0,36.5,2
64554,SO-0502,PI Nilesh Chauhan,PI,36,2026-07-29 12:52:41+00:00,80.0,88.0,,21.25981,73.3071138,47.79999992251396,-0.427,-0.682,-0.491,,0.0,0.0,0.0,,,,,0.0,0.0,30.0,8.370000000113009e-05,-6.380000000660857e-05,1.39,88.0,36.5,0
64559,SO-0502,PI Nilesh Chauhan,PI,36,2026-07-29 12:53:11+00:00,86.0,88.0,,21.2597855,73.307136,47.599999994039536,-0.173,-0.963,0.279,,0.0,0.0,0.0,,,,,0.0,0.0,30.0,-2.4500000002092293e-05,2.2200000003635975e-05,0.43,88.0,36.5,0
64563,SO-0502,PI Nilesh Chauhan,PI,36,2026-07-29 12:53:41+00:00,82.0,88.0,,21.2597486,73.3071502,47.599999994039536,-0.542,-0.685,-0.362,,0.0,0.0,0.0,,,,,0.0,0.0,30.0,-3.6899999997785926e-05,1.4199999995412329e-05,0.52,88.0,36.5,0
64568,SO-0502,PI Nilesh Chauhan,PI,36,2026-07-29 12:54:11+00:00,90.0,88.0,,21.2597974,73.3071638,47.599999994039536,-0.818,-0.548,-0.014,,0.0,0.0,0.0,,,,,0.0,0.0,30.0,4.879999999829465e-05,1.3600000002611525e-05,0.67,88.0,36.5,0
64574,SO-0502,PI Nilesh Chauhan,PI,36,2026-07-29 12:54:41+00:00,93.0,68.0,,21.2597445,73.3071935,47.599999994039536,-0.846,0.316,0.553,,0.0,0.0,0.0,,,,,0.0,0.0,30.0,-5.2900000000022374e-05,2.9699999998911153e-05,0.8,68.0,36.5,2
64578,SO-0502,PI Nilesh Chauhan,PI,36,2026-07-29 12:55:11+00:00,88.0,88.0,,21.2598941,73.3071664,47.79999992251396,-0.178,0.099,-0.887,,0.0,0.0,0.0,,,,,0.0,0.0,30.0,0.0001496000000003,-2.709999999694901e-05,2.02,88.0,36.5,0
64583,SO-0502,PI Nilesh Chauhan,PI,36,2026-07-29 12:55:41+00:00,89.0,85.0,,21.2598096,73.3071602,47.79999992251396,-0.736,-0.415,-0.022,,0.0,0.0,0.0,,,,,0.0,0.0,30.0,-8.449999999982083e-05,-6.2000000013995304e-06,1.13,85.0,36.5,0
64588,SO-0502,PI Nilesh Chauhan,PI,36,2026-07-29 12:56:11+00:00,93.0,,,21.2598284,73.3071252,48.29999992251396,0.116,-0.908,-0.063,,0.0,0.0,0.0,,,,,0.0,0.0,30.0,1.8799999999430383e-05,-3.499999999689862e-05,0.52,85.0,36.5,2
64591,SO-0502,PI Nilesh Chauhan,PI,36,2026-07-29 12:56:41+00:00,93.0,84.0,,21.2600297,73.3070659,48.39999994635582,-0.116,1.231,0.135,,0.0,0.0,0.0,,,,,0.0,0.0,30.0,0.0002013000000005,-5.930000000375912e-05,2.79,84.0,36.5,2
64595,SO-0502,PI Nilesh Chauhan,PI,36,2026-07-29 12:57:11+00:00,96.0,85.0,,21.2600204,73.3070511,48.39999994635582,-0.008,0.959,0.151,,0.0,0.0,0.0,,,,,0.0,0.0,30.0,-9.300000002099296e-06,-1.4800000002423984e-05,0.23,85.0,36.5,2
64599,SO-0502,PI Nilesh Chauhan,PI,36,2026-07-29 12:57:41+00:00,91.0,86.0,,21.259956,73.3070296,48.60000002384186,-0.083,0.996,0.141,,0.0,0.0,0.0,,,,,0.0,0.0,30.0,-6.439999999940937e-05,-2.149999998835028e-05,0.9,86.0,36.5,2
64604,SO-0502,PI Nilesh Chauhan,PI,36,2026-07-29 12:58:11+00:00,86.0,88.0,,21.2599112,73.3070693,48.39999994635582,-0.01,1.003,0.105,,0.0,0.0,0.0,,,,,0.0,0.0,30.0,-4.479999999773554e-05,3.9699999987874435e-05,0.79,88.0,36.5,0
64607,SO-0502,PI Nilesh Chauhan,PI,36,2026-07-29 12:58:41+00:00,99.0,84.0,,21.2600863,73.306812,48.60000002384186,0.0,1.01,0.116,,0.0,0.0,0.0,,,,,0.0,0.0,30.0,0.0001750999999998,-0.0002573000000012,4.06,84.0,36.5,2
64611,SO-0502,PI Nilesh Chauhan,PI,36,2026-07-29 12:59:11+00:00,90.0,80.0,,21.259956,73.30695,48.60000002384186,0.166,0.984,-0.009,,0.0,0.0,0.0,,,,,0.0,0.0,30.0,-0.0001303000000021,0.0001380000000068,2.49,80.0,36.5,0
64615,SO-0502,PI Nilesh Chauhan,PI,36,2026-07-29 12:59:41+00:00,95.0,84.0,,21.2599346,73.3070277,48.39999994635582,-0.549,0.738,0.513,,0.0,0.0,0.0,,,,,0.0,0.0,30.0,-2.1399999997839817e-05,7.77000000056205e-05,1.04,84.0,36.5,2
64619,SO-0502,PI Nilesh Chauhan,PI,36,2026-07-29 13:00:11+00:00,91.0,88.0,,21.2600523,73.3069286,48.60000002384186,-0.198,0.992,0.139,,0.0,0.0,0.0,,,,,0.0,0.0,30.0,0.0001177000000005,-9.90999999999076e-05,2.02,88.0,36.5,2
64624,SO-0502,PI Nilesh Chauhan,PI,36,2026-07-29 13:00:41+00:00,99.0,84.0,,21.2598965,73.3070534,48.60000002384186,-1.299,-0.861,0.761,,0.0,0.0,0.0,,,,,0.0,0.0,30.0,-0.0001558000000017,0.0001247999999947,2.63,84.0,36.5,2
64628,SO-0502,PI Nilesh Chauhan,PI,36,2026-07-29 13:01:11+00:00,96.0,88.0,,21.2598793,73.3071347,48.39999994635582,-0.396,0.847,0.479,,0.0,0.0,0.0,,,,,0.0,0.0,30.0,-1.7199999998496196e-05,8.130000000505788e-05,1.07,88.0,36.5,2
64632,SO-0502,PI Nilesh Chauhan,PI,36,2026-07-29 13:01:41+00:00,83.0,85.0,,21.2598672,73.306986,48.39999994635582,-0.796,0.593,0.06,,0.0,0.0,0.0,,,,,0.0,0.0,30.0,-1.2100000002845944e-05,-0.0001487000000111,1.92,85.0,36.5,0
64636,SO-0502,PI Nilesh Chauhan,PI,36,2026-07-29 13:02:11+00:00,88.0,88.0,,21.2600328,73.3071931,48.20000001788139,-0.755,0.641,0.234,,0.0,0.0,0.0,,,,,0.0,0.0,30.0,0.0001656000000025,0.0002071000000114,3.46,88.0,36.5,0
64639,SO-0502,PI Nilesh Chauhan,PI,36,2026-07-29 13:02:41+00:00,91.0,78.0,,21.2601133,73.3068575,48.60000002384186,-0.606,0.748,0.377,,0.0,0.0,0.0,,,,,0.0,0.0,30.0,8.049999999926172e-05,-0.0003355999999996,4.46,78.0,36.5,2
64644,SO-0502,PI Nilesh Chauhan,PI,36,2026-07-29 13:03:11+00:00,89.0,88.0,,21.2600414,73.3070598,48.39999994635582,-0.487,0.855,-0.018,,0.0,0.0,0.0,,,,,0.0,0.0,30.0,-7.190000000178998e-05,0.0002022999999979,2.78,88.0,36.5,0
64647,SO-0502,PI Nilesh Chauhan,PI,36,2026-07-29 13:03:41+00:00,88.0,84.0,,21.2600526,73.3071776,48.29999992251396,-0.83,0.119,0.664,,0.0,0.0,0.0,,,,,0.0,0.0,30.0,1.12000000029866e-05,0.0001177999999981,1.53,84.0,36.5,0
64652,SO-0502,PI Nilesh Chauhan,PI,36,2026-07-29 13:04:11+00:00,81.0,79.0,,21.2600433,73.3071206,48.39999994635582,-0.564,0.125,-0.17,,0.0,0.0,0.0,,,,,0.0,0.0,30.0,-9.300000002099296e-06,-5.699999999819738e-05,0.75,79.0,36.5,0
64655,SO-0502,PI Nilesh Chauhan,PI,36,2026-07-29 13:04:41+00:00,91.0,87.0,,21.2599482,73.3070852,48.20000001788139,-0.349,0.948,0.041,,0.0,0.0,0.0,,,,,0.0,0.0,30.0,-9.509999999934848e-05,-3.540000000157306e-05,1.35,87.0,36.5,2
64660,SO-0502,PI Nilesh Chauhan,PI,36,2026-07-29 13:05:11+00:00,89.0,85.0,,21.2599984,73.3071522,48.29999992251396,-0.623,0.478,-0.515,,0.0,0.0,0.0,,,,,0.0,0.0,30.0,5.0200000000444334e-05,6.700000000137152e-05,1.09,85.0,36.5,0
64663,SO-0502,PI Nilesh Chauhan,PI,36,2026-07-29 13:05:41+00:00,99.0,88.0,,21.2599295,73.3071096,48.29999992251396,-0.27,0.962,0.098,,0.0,0.0,0.0,,,,,0.0,0.0,30.0,-6.890000000225882e-05,-4.2600000000447835e-05,1.07,88.0,36.5,2
64667,SO-0502,PI Nilesh Chauhan,PI,36,2026-07-29 13:06:11+00:00,89.0,86.0,,21.260103,73.3072347,48.20000001788139,-0.956,0.074,-0.252,,0.0,0.0,0.0,,,,,0.0,0.0,30.0,0.0001735000000024,0.0001250999999911,2.82,86.0,36.5,0
64672,SO-0502,PI Nilesh Chauhan,PI,36,2026-07-29 13:06:41+00:00,82.0,87.0,,21.2599533,73.3072263,48.29999992251396,-0.665,-0.739,0.104,,0.0,0.0,0.0,,,,,0.0,0.0,30.0,-0.0001497000000014,-8.399999998687235e-06,2.0,87.0,36.5,0
64676,SO-0502,PI Nilesh Chauhan,PI,36,2026-07-29 13:07:11+00:00,82.0,87.0,,21.2600133,73.3071426,48.29999992251396,-0.771,-0.041,0.73,,0.0,0.0,0.0,,,,,0.0,0.0,30.0,6.000000000128125e-05,-8.369999999047195e-05,1.34,87.0,36.5,0
64679,SO-0502,PI Nilesh Chauhan,PI,36,2026-07-29 13:07:41+00:00,82.0,87.0,,21.2599335,73.3071012,48.39999994635582,-0.84,-0.209,0.599,,0.0,0.0,0.0,,,,,0.0,0.0,30.0,-7.980000000173959e-05,-4.140000000063537e-05,1.19,87.0,36.5,0
64683,SO-0502,PI Nilesh Chauhan,PI,36,2026-07-29 13:08:11+00:00,82.0,88.0,,21.2601118,73.3071563,48.39999994635582,-2.0,-0.482,0.608,,0.0,0.0,0.0,,,,,0.0,0.0,30.0,0.0001783000000017,5.509999999731008e-05,2.48,88.0,36.5,1
64688,SO-0502,PI Nilesh Chauhan,PI,36,2026-07-29 13:08:44+00:00,85.0,88.0,,21.2598859,73.3083782,48.39999994635582,-0.701,-0.216,0.85,,0.0,0.0,0.0,,,,,0.0,0.0,33.0,-0.0002259000000002,0.0012219000000044,14.59,88.0,36.5,1
64692,SO-0502,PI Nilesh Chauhan,PI,36,2026-07-29 13:09:14+00:00,81.0,88.0,,21.2595083,73.3093912,48.39999994635582,-0.732,-0.193,0.728,,0.0,0.0,0.0,,,,,0.0,0.0,30.0,-0.0003776000000002,0.0010129999999861,14.0,88.0,36.5,1
64696,SO-0502,PI Nilesh Chauhan,PI,36,2026-07-29 13:09:45+00:00,80.0,88.0,,21.2592783,73.3095313,49.39999997615814,-0.642,-0.207,0.843,,0.0,0.0,0.0,,,,,0.0,0.0,31.0,-0.0002300000000019,0.00014010000001,3.44,88.0,36.5,1
64698,SO-0502,PI Nilesh Chauhan,PI,36,2026-07-29 13:10:11+00:00,81.0,88.0,,21.2591222,73.3095684,50.09999990463257,-0.973,-0.271,0.246,,0.0,0.0,0.0,,,,,0.0,0.0,26.0,-0.0001560999999981,3.7100000000123146e-05,2.46,88.0,36.5,1
64700,SO-0502,PI Nilesh Chauhan,PI,36,2026-07-29 13:10:41+00:00,98.0,87.0,,21.2593813,73.3035196,50.09999990463257,-0.868,-0.482,-0.027,,0.0,0.0,0.0,,,,,0.0,0.0,30.0,0.0002591000000009,-0.006048800000002,78.09,87.0,36.5,1
64702,SO-0502,PI Nilesh Chauhan,PI,36,2026-07-29 13:11:11+00:00,82.0,79.0,,21.2591282,73.3096196,50.09999990463257,-0.907,-0.389,-0.084,,0.0,0.0,0.0,,,,,0.0,0.0,30.0,-0.0002531000000018,0.0061000000000035,78.75,79.0,36.5,1
64704,SO-0502,PI Nilesh Chauhan,PI,36,2026-07-29 13:11:41+00:00,90.0,88.0,,21.2590289,73.3095891,50.09999990463257,-0.896,-0.429,-0.053,,0.0,0.0,0.0,,,,,0.0,0.0,30.0,-9.92999999986921e-05,-3.050000000826003e-05,1.38,88.0,36.5,0
64706,SO-0502,PI Nilesh Chauhan,PI,36,2026-07-29 13:12:11+00:00,82.0,88.0,,21.2590675,73.3095736,50.09999990463257,-0.844,-0.613,-0.094,,0.0,0.0,0.0,,,,,0.0,0.0,30.0,3.859999999988872e-05,-1.5500000003498826e-05,0.55,88.0,36.5,0
64708,SO-0502,PI Nilesh Chauhan,PI,36,2026-07-29 13:12:41+00:00,80.0,88.0,,21.2590902,73.3096129,50.09999990463257,-0.821,-0.58,-0.019,,0.0,0.0,0.0,,,,,0.0,0.0,30.0,2.269999999882089e-05,3.9300000011621705e-05,0.59,88.0,36.5,0
64710,SO-0502,PI Nilesh Chauhan,PI,36,2026-07-29 13:13:11+00:00,82.0,88.0,,21.2590428,73.3095858,50.09999990463257,-0.799,-0.588,-0.035,,0.0,0.0,0.0,,,,,0.0,0.0,30.0,-4.739999999969768e-05,-2.7100000011159864e-05,0.72,88.0,36.5,0
64712,SO-0502,PI Nilesh Chauhan,PI,36,2026-07-29 13:13:41+00:00,88.0,87.0,,21.2589982,73.3095313,50.09999990463257,-0.853,-0.473,-0.045,,0.0,0.0,0.0,,,,,0.0,0.0,30.0,-4.4599999998951034e-05,-5.449999999029842e-05,0.92,87.0,36.5,0
64714,SO-0502,PI Nilesh Chauhan,PI,36,2026-07-29 13:14:11+00:00,82.0,88.0,,21.2590296,73.3095648,50.09999990463257,-0.857,-0.483,-0.064,,0.0,0.0,0.0,,,,,0.0,0.0,30.0,3.140000000101395e-05,3.350000000068576e-05,0.6,88.0,36.5,0
64716,SO-0502,PI Nilesh Chauhan,PI,36,2026-07-29 13:14:43+00:00,81.0,86.0,,21.259004,73.3095642,50.09999990463257,-0.842,-0.522,-0.085,,0.0,0.0,0.0,,,,,0.0,0.0,32.0,-2.5600000000736145e-05,-6.000000070116585e-07,0.32,86.0,36.5,0
64718,SO-0502,PI Nilesh Chauhan,PI,36,2026-07-29 13:15:11+00:00,84.0,88.0,,21.2589944,73.3095406,50.09999990463257,-0.773,-0.543,-0.057,,0.0,0.0,0.0,,,,,0.0,0.0,28.0,-9.600000002052411e-06,-2.3599999991574805e-05,0.35,88.0,36.5,0
64720,SO-0502,PI Nilesh Chauhan,PI,36,2026-07-29 13:15:43+00:00,81.0,88.0,,21.2589948,73.3095584,50.09999990463257,0.684,-0.045,0.865,,0.0,0.0,0.0,,,,,0.0,0.0,32.0,4.000000011217253e-07,1.7799999994849713e-05,0.22,88.0,36.5,0
64722,SO-0502,PI Nilesh Chauhan,PI,36,2026-07-29 13:16:11+00:00,84.0,85.0,,21.2590757,73.3095686,50.09999990463257,-0.917,-0.379,-0.079,,0.0,0.0,0.0,,,,,0.0,0.0,28.0,8.090000000038344e-05,1.0200000005511356e-05,1.16,85.0,36.5,0
64724,SO-0502,PI Nilesh Chauhan,PI,36,2026-07-29 13:16:41+00:00,88.0,88.0,,21.2591004,73.3095891,50.09999990463257,-0.929,-0.367,-0.016,,0.0,0.0,0.0,,,,,0.0,0.0,30.0,2.47000000008768e-05,2.049999999087504e-05,0.42,88.0,36.5,0
64726,SO-0502,PI Nilesh Chauhan,PI,36,2026-07-29 13:17:11+00:00,87.0,88.0,,21.2590207,73.3095846,50.09999990463257,-0.762,-0.656,0.069,,0.0,0.0,0.0,,,,,0.0,0.0,30.0,-7.970000000057098e-05,-4.500000002849447e-06,1.06,88.0,36.5,0
64728,SO-0502,PI Nilesh Chauhan,PI,36,2026-07-29 13:17:41+00:00,87.0,88.0,,21.2590464,73.3095839,50.09999990463257,-0.713,-0.679,0.111,,0.0,0.0,0.0,,,,,0.0,0.0,30.0,2.569999999835204e-05,-6.999999868639861e-07,0.34,88.0,36.5,0
64730,SO-0502,PI Nilesh Chauhan,PI,36,2026-07-29 13:18:11+00:00,87.0,88.0,,21.2590355,73.3095737,50.09999990463257,-0.737,-0.667,0.15,,0.0,0.0,0.0,,,,,0.0,0.0,30.0,-1.089999999948077e-05,-1.0200000005511356e-05,0.2,88.0,36.5,0
64732,SO-0502,PI Nilesh Chauhan,PI,36,2026-07-29 13:18:41+00:00,83.0,88.0,,21.2590477,73.3095591,50.09999990463257,-0.751,-0.667,0.16,,0.0,0.0,0.0,,,,,0.0,0.0,30.0,1.220000000046184e-05,-1.4600000000086766e-05,0.25,88.0,36.5,0
64734,SO-0502,PI Nilesh Chauhan,PI,36,2026-07-29 13:19:11+00:00,90.0,88.0,,21.2590384,73.3095752,50.09999990463257,-0.515,0.085,0.881,,0.0,0.0,0.0,,,,,0.0,0.0,30.0,-9.299999998546582e-06,1.609999999629963e-05,0.24,88.0,36.5,0
64736,SO-0502,PI Nilesh Chauhan,PI,36,2026-07-29 13:19:41+00:00,89.0,88.0,,21.2590622,73.3095709,50.09999990463257,-0.705,-0.018,0.818,,0.0,0.0,0.0,,,,,0.0,0.0,30.0,2.3799999997464735e-05,-4.300000000512227e-06,0.32,88.0,36.5,0
64738,SO-0502,PI Nilesh Chauhan,PI,36,2026-07-29 13:20:11+00:00,97.0,88.0,,21.2590139,73.3095433,50.09999990463257,-0.654,-0.044,0.759,,0.0,0.0,0.0,,,,,0.0,0.0,30.0,-4.829999999955703e-05,-2.759999999568663e-05,0.74,88.0,36.5,2
64740,SO-0502,PI Nilesh Chauhan,PI,36,2026-07-29 13:20:41+00:00,93.0,88.0,,21.2590881,73.309595,50.09999990463257,-0.149,-1.017,0.422,,0.0,0.0,0.0,,,,,0.0,0.0,30.0,7.420000000024629e-05,5.170000000020991e-05,1.19,88.0,36.5,2
64741,SO-0502,PI Nilesh Chauhan,PI,36,2026-07-29 13:21:11+00:00,81.0,88.0,,21.2590023,73.3096062,50.20000004768371,-0.111,0.204,1.063,,0.0,0.0,0.0,,,,,0.0,0.0,30.0,-8.58000000008019e-05,1.12000000029866e-05,1.15,88.0,36.5,0
64742,SO-0502,PI Nilesh Chauhan,PI,36,2026-07-29 13:21:41+00:00,87.0,88.0,,21.2577752,73.3107091,52.09999990463257,-0.088,0.21,1.089,,0.0,0.0,0.0,,,,,0.0,0.0,30.0,-0.0012270999999977,0.0011028999999922,21.67,88.0,36.5,1
64743,SO-0502,PI Nilesh Chauhan,PI,36,2026-07-29 13:22:11+00:00,87.0,88.0,,21.2564323,73.3105739,55.18250656334561,-0.104,0.186,1.155,,0.0,0.0,0.0,,,,,0.0,0.0,30.0,-0.0013429000000009,-0.0001352000000025,17.97,88.0,36.5,1
64745,SO-0502,PI Nilesh Chauhan,PI,36,2026-07-29 13:22:41+00:00,86.0,88.0,,21.2551233,73.3101288,54.90000009536743,0.158,-0.937,0.376,,0.0,0.0,0.0,,,,,0.0,0.0,30.0,-0.0013089999999991,-0.0004450999999932,18.36,88.0,36.5,1
64747,SO-0502,PI Nilesh Chauhan,PI,36,2026-07-29 13:23:11+00:00,83.0,84.0,,21.2551693,73.310172,54.90000009536743,-0.666,-0.156,0.824,,0.0,0.0,0.0,,,,,0.0,0.0,30.0,4.5999999997548e-05,4.319999999324864e-05,0.83,84.0,36.5,0
64749,SO-0502,PI Nilesh Chauhan,PI,36,2026-07-29 13:23:45+00:00,87.0,82.0,,21.2524771,73.3085939,54.90000009536743,-0.389,-0.075,0.937,,0.0,0.0,0.0,,,,,0.0,0.0,34.0,-0.0026921999999984,-0.001578099999989,36.38,82.0,36.5,1
64751,SO-0502,PI Nilesh Chauhan,PI,36,2026-07-29 13:24:14+00:00,94.0,88.0,,21.2499352,73.3061987,54.90000009536743,-0.941,-0.166,0.526,,0.0,0.0,0.0,,,,,0.0,0.0,29.0,-0.0025419000000006,-0.0023952000000093,47.41,88.0,36.5,1
64753,SO-0502,PI Nilesh Chauhan,PI,36,2026-07-29 13:24:43+00:00,81.0,88.0,,21.2468895,73.3041854,57.69624507652861,-0.66,-0.188,0.515,,0.0,0.0,0.0,,,,,0.0,0.0,29.0,-0.0030456999999977,-0.0020133000000015,49.83,88.0,36.5,1
64755,SO-0502,PI Nilesh Chauhan,PI,36,2026-07-29 13:25:14+00:00,81.0,88.0,,21.2436428,73.3009972,57.50175704298485,-1.143,-0.328,0.617,,0.0,0.0,0.0,,,,,0.0,0.0,31.0,-0.0032467000000018,-0.0031881999999967,57.75,88.0,36.5,1
64757,SO-0502,PI Nilesh Chauhan,PI,36,2026-07-29 13:25:46+00:00,82.0,88.0,,21.2417829,73.2999168,51.85298217007562,-0.909,-0.345,0.385,,0.0,0.0,0.0,,,,,0.0,0.0,32.0,-0.0018598999999994,-0.0010803999999922,26.65,88.0,36.5,1
64759,SO-0502,PI Nilesh Chauhan,PI,36,2026-07-29 13:26:11+00:00,92.0,88.0,,21.2401264,73.3007377,53.05226198897353,-0.847,-0.294,0.418,,0.0,0.0,0.0,,,,,0.0,0.0,25.0,-0.0016564999999992,0.0008208999999936,29.37,88.0,36.5,1
64761,SO-0502,PI Nilesh Chauhan,PI,36,2026-07-29 13:26:46+00:00,94.0,88.0,,21.23888,73.299939,53.104164370812725,-0.903,-0.366,0.175,,0.0,0.0,0.0,,,,,0.0,0.0,35.0,-0.0012463999999994,-0.0007987000000042,16.75,88.0,36.5,1
64763,SO-0502,PI Nilesh Chauhan,PI,36,2026-07-29 13:27:16+00:00,82.0,85.0,,21.23888,73.299939,55.27621364787771,-0.784,-0.352,0.623,,0.0,0.0,0.0,,,,,0.0,0.0,30.0,0.0,0.0,0.0,85.0,36.5,0
64765,SO-0502,PI Nilesh Chauhan,PI,36,2026-07-29 13:27:45+00:00,81.0,88.0,,21.2348195,73.3115518,55.74523918430316,0.489,-0.431,0.71,,0.0,0.0,0.0,,,,,0.0,0.0,29.0,-0.0040605000000013,0.0116128000000088,164.73,88.0,36.5,1
64767,SO-0502,PI Nilesh Chauhan,PI,36,2026-07-29 13:28:11+00:00,81.0,88.0,,21.2346097,73.3140218,55.90000009536743,0.5,-0.219,0.956,,0.0,0.0,0.0,,,,,0.0,0.0,26.0,-0.0002098000000003,0.0024700000000024,36.9,88.0,36.5,1
64769,SO-0502,PI Nilesh Chauhan,PI,36,2026-07-29 13:28:46+00:00,89.0,88.0,,21.2346097,73.3140218,55.90000009536743,-0.025,0.01,1.112,,0.0,0.0,0.0,,,,,0.0,0.0,35.0,0.0,0.0,0.0,88.0,36.5,0
64771,SO-0502,PI Nilesh Chauhan,PI,36,2026-07-29 13:29:16+00:00,86.0,88.0,,21.2346067,73.3169898,53.59999990463257,-0.599,-0.142,0.938,,0.0,0.0,0.0,,,,,0.0,0.0,30.0,-2.9999999995311555e-06,0.0029679999999956,38.28,88.0,36.5,1
64773,SO-0502,PI Nilesh Chauhan,PI,36,2026-07-29 13:29:42+00:00,87.0,86.0,,21.2347434,73.3181055,53.59999990463257,-0.563,-0.081,0.902,,0.0,0.0,0.0,,,,,0.0,0.0,26.0,0.0001366999999987,0.0011156999999997,16.74,86.0,36.5,1
64775,SO-0502,PI Nilesh Chauhan,PI,36,2026-07-29 13:30:14+00:00,84.0,88.0,,21.2348652,73.3181533,53.59999990463257,-0.888,-0.059,0.587,,0.0,0.0,0.0,,,,,0.0,0.0,32.0,0.0001218000000022,4.780000000437212e-05,1.63,88.0,36.5,0
64777,SO-0502,PI Nilesh Chauhan,PI,36,2026-07-29 13:30:41+00:00,87.0,88.0,,21.2347415,73.3181021,53.59999990463257,0.215,-0.947,0.369,,0.0,0.0,0.0,,,,,0.0,0.0,27.0,-0.0001237000000031,-5.120000000147229e-05,1.97,88.0,36.5,0
64779,SO-0502,PI Nilesh Chauhan,PI,36,2026-07-29 13:31:14+00:00,92.0,88.0,,21.2345393,73.3163328,55.90000009536743,-0.377,-0.636,0.739,,0.0,0.0,0.0,,,,,0.0,0.0,33.0,-0.0002021999999968,-0.0017693000000065,20.89,88.0,36.5,1
64781,SO-0502,PI Nilesh Chauhan,PI,36,2026-07-29 13:31:41+00:00,80.0,88.0,,21.2345911,73.3146296,54.90000009536743,-0.53,-0.414,0.827,,0.0,0.0,0.0,,,,,0.0,0.0,27.0,5.179999999782581e-05,-0.0017031999999943,24.42,88.0,36.5,1
64783,SO-0502,PI Nilesh Chauhan,PI,36,2026-07-29 13:32:16+00:00,89.0,87.0,,21.234632,73.3150482,54.90000009536743,-0.632,-0.698,0.586,,0.0,0.0,0.0,,,,,0.0,0.0,35.0,4.090000000189775e-05,0.0004186000000032,4.65,87.0,36.5,1
64785,SO-0502,PI Nilesh Chauhan,PI,36,2026-07-29 13:32:44+00:00,80.0,88.0,,21.2352392,73.3097583,54.90000009536743,-0.677,-0.274,0.784,,0.0,0.0,0.0,,,,,0.0,0.0,28.0,0.0006071999999974,-0.0052899000000081,73.61,88.0,36.5,1
64787,SO-0502,PI Nilesh Chauhan,PI,36,2026-07-29 13:33:14+00:00,86.0,88.0,,21.2366856,73.3058302,54.90000009536743,-0.615,-0.575,0.712,,0.0,0.0,0.0,,,,,0.0,0.0,30.0,0.0014464000000025,-0.0039280999999959,54.2,88.0,36.5,1
64789,SO-0502,PI Nilesh Chauhan,PI,36,2026-07-29 13:33:44+00:00,86.0,88.0,,21.2393432,73.3018092,54.90000009536743,-0.425,-0.454,0.856,,0.0,0.0,0.0,,,,,0.0,0.0,30.0,0.0026575999999991,-0.0040210000000087,62.79,88.0,36.5,1
64791,SO-0502,PI Nilesh Chauhan,PI,36,2026-07-29 13:34:11+00:00,84.0,88.0,,21.2409489,73.3003312,51.929176850490734,-0.727,-0.323,0.772,,0.0,0.0,0.0,,,,,0.0,0.0,27.0,0.0016056999999989,-0.0014779999999916,31.83,88.0,36.5,1
64793,SO-0502,PI Nilesh Chauhan,PI,36,2026-07-29 13:34:44+00:00,81.0,88.0,,21.2434782,73.3007844,54.90000009536743,-0.127,0.105,1.037,,0.0,0.0,0.0,,,,,0.0,0.0,33.0,0.002529299999999,0.0004531999999954,31.09,88.0,36.5,1
64795,SO-0502,PI Nilesh Chauhan,PI,36,2026-07-29 13:35:15+00:00,87.0,88.0,,21.2467026,73.3034476,55.90000009536743,-0.213,0.066,1.165,,0.0,0.0,0.0,,,,,0.0,0.0,31.0,0.0032244000000005,0.0026632000000006,53.22,88.0,36.5,1
64797,SO-0502,PI Nilesh Chauhan,PI,36,2026-07-29 13:35:44+00:00,85.0,88.0,,21.2489747,73.3053672,54.90000009536743,0.104,-0.258,1.118,,0.0,0.0,0.0,,,,,0.0,0.0,29.0,0.0022721000000025,0.0019196000000079,40.45,88.0,36.5,1
64799,SO-0502,PI Nilesh Chauhan,PI,36,2026-07-29 13:36:14+00:00,84.0,87.0,,21.2516576,73.3077453,54.90000009536743,-0.691,-0.689,0.287,,0.0,0.0,0.0,,,,,0.0,0.0,30.0,0.0026828999999999,0.0023780999999871,47.09,87.0,36.5,1
64801,SO-0502,PI Nilesh Chauhan,PI,36,2026-07-29 13:36:45+00:00,81.0,88.0,,21.2524192,73.308325,53.1171215568325,0.946,-0.118,0.365,,0.0,0.0,0.0,,,,,0.0,0.0,31.0,0.000761599999997,0.0005797000000029,12.2,88.0,36.5,1
64804,SO-0502,PI Nilesh Chauhan,PI,36,2026-07-29 13:37:15+00:00,87.0,74.0,,21.2523779,73.308324,52.91324287687448,0.839,-0.137,0.642,,0.0,0.0,0.0,,,,,0.0,0.0,30.0,-4.129999999946676e-05,-9.999999974752427e-07,0.55,74.0,36.5,0
64807,SO-0502,PI Nilesh Chauhan,PI,36,2026-07-29 13:37:46+00:00,81.0,86.0,,21.2509701,73.3087835,53.06970747901639,0.9,-0.204,-0.27,,0.0,0.0,0.0,,,,,0.0,0.0,31.0,-0.001407799999999,0.0004595000000051,19.03,86.0,36.5,1
64810,SO-0502,PI Nilesh Chauhan,PI,36,2026-07-29 13:38:15+00:00,98.0,88.0,,21.2523434,73.3082428,52.86635673224197,0.966,-0.164,0.189,,0.0,0.0,0.0,,,,,0.0,0.0,29.0,0.0013733000000009,-0.0005407000000019,20.25,88.0,36.5,1
64813,SO-0502,PI Nilesh Chauhan,PI,36,2026-07-29 13:38:46+00:00,87.0,86.0,,21.2509701,73.3087835,52.94695891416043,0.954,-0.141,0.253,,0.0,0.0,0.0,,,,,0.0,0.0,31.0,-0.0013733000000009,0.0005407000000019,18.95,86.0,36.5,1
64816,SO-0502,PI Nilesh Chauhan,PI,36,2026-07-29 13:39:14+00:00,85.0,88.0,,21.2521033,73.3084081,52.681479529440736,0.222,-0.003,1.068,,0.0,0.0,0.0,,,,,0.0,0.0,28.0,0.0011332000000017,-0.00037540000001,16.98,88.0,36.5,1
64820,SO-0502,PI Nilesh Chauhan,PI,36,2026-07-29 13:39:44+00:00,85.0,87.0,,21.2523444,73.3082212,52.891676951502234,0.269,-0.061,1.057,,0.0,0.0,0.0,,,,,0.0,0.0,30.0,0.0002410999999966,-0.0001868999999885,4.02,87.0,36.5,0
64823,SO-0502,PI Nilesh Chauhan,PI,36,2026-07-29 13:40:12+00:00,83.0,88.0,,21.252328,73.3083388,52.28322481833831,-0.598,-0.378,0.803,,0.0,0.0,0.0,,,,,0.0,0.0,28.0,-1.639999999980546e-05,0.0001175999999958,1.64,88.0,36.5,0
64826,SO-0502,PI Nilesh Chauhan,PI,36,2026-07-29 13:40:43+00:00,89.0,85.0,,21.2523706,73.3083723,53.25198969636375,-0.548,-0.813,-0.019,,0.0,0.0,0.0,,,,,0.0,0.0,31.0,4.2600000000447835e-05,3.350000000068576e-05,0.69,85.0,36.5,0
64831,SO-0502,PI Nilesh Chauhan,PI,36,2026-07-29 13:41:13+00:00,85.0,88.0,,21.2523359,73.3083077,52.9848896141082,-0.533,-0.378,0.855,,0.0,0.0,0.0,,,,,0.0,0.0,30.0,-3.470000000049822e-05,-6.46000000017466e-05,0.95,88.0,36.5,0
64835,SO-0502,PI Nilesh Chauhan,PI,36,2026-07-29 13:41:43+00:00,89.0,88.0,,21.2523534,73.308304,52.77683160803923,-0.543,-0.38,0.845,,0.0,0.0,0.0,,,,,0.0,0.0,30.0,1.7500000002002025e-05,-3.699999993500569e-06,0.24,88.0,36.5,0
64839,SO-0502,PI Nilesh Chauhan,PI,36,2026-07-29 13:42:13+00:00,81.0,88.0,,21.2523275,73.308312,52.81214539124619,-0.501,-0.383,0.864,,0.0,0.0,0.0,,,,,0.0,0.0,30.0,-2.590000000068926e-05,7.999999994012796e-06,0.36,88.0,36.5,0
64843,SO-0502,PI Nilesh Chauhan,PI,36,2026-07-29 13:42:43+00:00,85.0,88.0,,21.2523026,73.3083303,52.28544424637758,-0.44,-0.766,0.514,,0.0,0.0,0.0,,,,,0.0,0.0,30.0,-2.4899999999661304e-05,1.8299999993587335e-05,0.41,88.0,36.5,0
64847,SO-0502,PI Nilesh Chauhan,PI,36,2026-07-29 13:43:13+00:00,85.0,88.0,,21.2523638,73.3083043,52.5752024467225,-0.779,-0.755,0.111,,0.0,0.0,0.0,,,,,0.0,0.0,30.0,6.120000000109371e-05,-2.599999999119973e-05,0.88,88.0,36.5,0
64851,SO-0502,PI Nilesh Chauhan,PI,36,2026-07-29 13:43:43+00:00,84.0,88.0,,21.2523359,73.3083878,52.49143498195318,0.95,-0.214,-0.104,,0.0,0.0,0.0,,,,,0.0,0.0,30.0,-2.7900000002745173e-05,8.350000000234559e-05,1.14,88.0,36.5,0
64855,SO-0502,PI Nilesh Chauhan,PI,36,2026-07-29 13:44:13+00:00,91.0,88.0,,21.2523857,73.3083746,52.00464727697937,-1.157,0.043,-0.098,,0.0,0.0,0.0,,,,,0.0,0.0,30.0,4.980000000287532e-05,-1.320000001214794e-05,0.68,88.0,36.5,2
64859,SO-0502,PI Nilesh Chauhan,PI,36,2026-07-29 13:44:44+00:00,82.0,87.0,,21.2523147,73.3083159,51.5,0.107,0.149,1.099,,0.0,0.0,0.0,,,,,0.0,0.0,31.0,-7.100000000193063e-05,-5.8699999996747465e-05,1.17,87.0,36.5,0
64863,SO-0502,PI Nilesh Chauhan,PI,36,2026-07-29 13:45:15+00:00,91.0,88.0,,21.2523022,73.3083453,51.5,-0.609,-0.468,0.271,,0.0,0.0,0.0,,,,,0.0,0.0,31.0,-1.2500000000414955e-05,2.940000000251075e-05,0.4,88.0,36.5,2
64867,SO-0502,PI Nilesh Chauhan,PI,36,2026-07-29 13:45:46+00:00,93.0,88.0,,21.2551692,73.3101714,54.90000009536743,-0.608,-0.516,0.609,,0.0,0.0,0.0,,,,,0.0,0.0,31.0,0.0028670000000019,0.0018261000000023,43.42,88.0,36.5,1
64871,SO-0502,PI Nilesh Chauhan,PI,36,2026-07-29 13:46:11+00:00,94.0,81.0,,21.2565649,73.3105865,53.09999990463257,-0.705,-0.85,-0.25,,0.0,0.0,0.0,,,,,0.0,0.0,25.0,0.0013956999999997,0.0004150999999978,23.22,81.0,36.5,1
64875,SO-0502,PI Nilesh Chauhan,PI,36,2026-07-29 13:46:41+00:00,91.0,88.0,,21.2581986,73.3105086,51.70000004768371,-0.837,-0.406,0.43,,0.0,0.0,0.0,,,,,0.0,0.0,30.0,0.0016336999999992,-7.789999999374686e-05,21.78,88.0,36.5,1
64879,SO-0502,PI Nilesh Chauhan,PI,36,2026-07-29 13:47:11+00:00,82.0,86.0,,21.2590295,73.3096238,50.09999990463257,-0.82,-0.419,0.475,,0.0,0.0,0.0,,,,,0.0,0.0,30.0,0.0008309000000004,-0.0008848000000085,15.9,86.0,36.5,1
64882,SO-0502,PI Nilesh Chauhan,PI,36,2026-07-29 13:47:41+00:00,90.0,88.0,,21.2592858,73.3092169,49.39999997615814,-0.845,-0.421,0.368,,0.0,0.0,0.0,,,,,0.0,0.0,30.0,0.0002563000000002,-0.0004069000000015,6.26,88.0,36.5,1
64886,SO-0502,PI Nilesh Chauhan,PI,36,2026-07-29 13:48:14+00:00,94.0,88.0,,21.2614901,73.3099816,49.39999997615814,-0.772,-0.406,0.336,,0.0,0.0,0.0,,,,,0.0,0.0,33.0,0.0022042999999989,0.0007647000000048,28.16,88.0,36.5,1
64891,SO-0502,PI Nilesh Chauhan,PI,36,2026-07-29 13:48:41+00:00,93.0,88.0,,21.2649203,73.311493,52.5,-0.83,-0.448,0.469,,0.0,0.0,0.0,,,,,0.0,0.0,27.0,0.0034302000000003,0.0015113999999982,55.19,88.0,36.5,1
64894,SO-0502,PI Nilesh Chauhan,PI,36,2026-07-29 13:49:16+00:00,91.0,85.0,,21.2598609,73.3109946,56.85798825565081,-0.958,-0.058,0.634,,0.0,0.0,0.0,,,,,0.0,0.0,35.0,-0.0050594000000003,-0.0004983999999979,58.03,85.0,36.5,1
64899,SO-0502,PI Nilesh Chauhan,PI,36,2026-07-29 13:49:42+00:00,90.0,88.0,,21.2728411,73.3147586,56.30000019073486,-1.217,-0.074,1.327,,0.0,0.0,0.0,,,,,0.0,0.0,26.0,0.0129802000000012,0.0037640000000038,207.21,88.0,36.5,1
64903,SO-0502,PI Nilesh Chauhan,PI,36,2026-07-29 13:50:15+00:00,90.0,77.0,,21.277905,73.3165321,56.30000019073486,-0.754,-0.19,0.73,,0.0,0.0,0.0,,,,,0.0,0.0,33.0,0.0050638999999996,0.0017734999999987,64.75,77.0,36.5,1
64907,SO-0502,PI Nilesh Chauhan,PI,36,2026-07-29 13:50:41+00:00,81.0,88.0,,21.2823059,73.3174846,56.40000057220459,-0.643,-0.094,0.892,,0.0,0.0,0.0,,,,,0.0,0.0,26.0,0.0044009000000002,0.0009524999999968,69.11,88.0,36.5,1
64911,SO-0502,PI Nilesh Chauhan,PI,36,2026-07-29 13:51:15+00:00,93.0,88.0,,21.2859021,73.3166677,60.19154638991748,-0.939,-0.264,0.357,,0.0,0.0,0.0,,,,,0.0,0.0,34.0,0.0035962000000004,-0.0008169000000037,43.28,88.0,36.5,1
64915,SO-0502,PI Nilesh Chauhan,PI,36,2026-07-29 13:51:46+00:00,95.0,88.0,,21.2881018,73.3173622,61.2388550956143,-0.607,-0.665,0.644,,0.0,0.0,0.0,,,,,0.0,0.0,31.0,0.0021996999999984,0.0006945000000087,29.65,88.0,36.5,1
64918,SO-0502,PI Nilesh Chauhan,PI,36,2026-07-29 13:52:11+00:00,86.0,88.0,,21.2901485,73.3176283,61.50000095367432,-0.009,-1.002,0.127,,0.0,0.0,0.0,,,,,0.0,0.0,25.0,0.002046700000001,0.0002660999999903,32.97,88.0,36.5,1
64923,SO-0502,PI Nilesh Chauhan,PI,36,2026-07-29 13:52:43+00:00,93.0,87.0,,21.2941517,73.3188155,64.17208596129123,-0.071,-1.061,0.529,,0.0,0.0,0.0,,,,,0.0,0.0,32.0,0.0040031999999996,0.0011872000000039,52.01,87.0,36.5,1
64926,SO-0502,PI Nilesh Chauhan,PI,36,2026-07-29 13:53:14+00:00,89.0,88.0,,21.2965778,73.3194568,65.55177797210823,-0.088,-0.89,0.148,,0.0,0.0,0.0,,,,,0.0,0.0,31.0,0.0024261000000009,0.000641299999998,32.28,88.0,36.5,1
64929,SO-0502,PI Nilesh Chauhan,PI,36,2026-07-29 13:53:42+00:00,90.0,88.0,,21.2989488,73.3200414,67.16229346724529,-0.453,-0.81,0.481,,0.0,0.0,0.0,,,,,0.0,0.0,28.0,0.0023710000000001,0.0005845999999962,34.79,88.0,36.5,1
64932,SO-0502,PI Nilesh Chauhan,PI,36,2026-07-29 13:54:14+00:00,81.0,88.0,,21.3017099,73.3208889,70.1334621693523,-0.125,-0.803,0.554,,0.0,0.0,0.0,,,,,0.0,0.0,32.0,0.0027610999999971,0.0008475000000061,35.97,88.0,36.5,1
64935,SO-0502,PI Nilesh Chauhan,PI,36,2026-07-29 13:54:44+00:00,81.0,88.0,,21.3056939,73.3219428,73.68690920244958,-0.743,-0.232,0.679,,0.0,0.0,0.0,,,,,0.0,0.0,30.0,0.0039840000000026,0.0010539000000022,54.78,88.0,36.5,1
64941,SO-0502,PI Nilesh Chauhan,PI,36,2026-07-29 13:55:14+00:00,100.0,80.0,,21.3098423,73.3230462,70.74239173699729,-0.866,-0.281,-0.048,,0.0,0.0,0.0,,,,,0.0,0.0,30.0,0.0041483999999982,0.0011033999999909,57.06,80.0,36.5,1
64944,SO-0502,PI Nilesh Chauhan,PI,36,2026-07-29 13:55:41+00:00,84.0,86.0,,21.3115828,73.3241488,71.61465803089806,-0.891,-0.292,0.032,,0.0,0.0,0.0,,,,,0.0,0.0,27.0,0.0017405000000003,0.00110260000001,30.22,86.0,36.5,1
64946,SO-0502,PI Nilesh Chauhan,PI,36,2026-07-29 13:56:12+00:00,95.0,88.0,,21.3136964,73.3240655,71.96580715070223,-0.753,-0.203,-0.01,,0.0,0.0,0.0,,,,,0.0,0.0,31.0,0.0021136000000012,-8.330000000000837e-05,27.26,88.0,36.5,1
64951,SO-0502,PI Nilesh Chauhan,PI,36,2026-07-29 13:56:44+00:00,82.0,88.0,,21.3136644,73.32409,71.69808765099256,-0.763,-0.204,0.719,,0.0,0.0,0.0,,,,,0.0,0.0,32.0,-3.200000000092018e-05,2.4499999994986865e-05,0.5,88.0,36.5,0
64954,SO-0502,PI Nilesh Chauhan,PI,36,2026-07-29 13:57:15+00:00,82.0,88.0,,21.313721,73.3240575,71.87234199976089,-0.767,-0.208,0.693,,0.0,0.0,0.0,,,,,0.0,0.0,31.0,5.660000000062837e-05,-3.2500000003210516e-05,0.83,88.0,36.5,0
64957,SO-0502,PI Nilesh Chauhan,PI,36,2026-07-29 13:57:44+00:00,83.0,88.0,,21.3137328,73.3240911,71.63577937719293,-0.548,-0.818,0.383,,0.0,0.0,0.0,,,,,0.0,0.0,29.0,1.1799999999340116e-05,3.3600000008959796e-05,0.48,88.0,36.5,0
64959,SO-0502,PI Nilesh Chauhan,PI,36,2026-07-29 13:58:14+00:00,84.0,88.0,,21.3137127,73.3240965,71.653732562329,0.304,-0.015,1.04,,0.0,0.0,0.0,,,,,0.0,0.0,30.0,-2.0100000000411455e-05,5.3999999920506525e-06,0.28,88.0,36.5,0
64964,SO-0502,PI Nilesh Chauhan,PI,36,2026-07-29 13:58:43+00:00,80.0,88.0,,21.3134861,73.324172,72.32700406134097,0.429,0.052,1.095,,0.0,0.0,0.0,,,,,0.0,0.0,29.0,-0.0002266000000012,7.550000000833279e-05,3.28,88.0,36.5,0
64967,SO-0502,PI Nilesh Chauhan,PI,36,2026-07-29 13:59:12+00:00,83.0,88.0,,21.3137625,73.324178,71.64000365267677,-0.884,-0.404,0.262,,0.0,0.0,0.0,,,,,0.0,0.0,29.0,0.0002764000000006,5.999999999062311e-06,3.81,88.0,36.5,0
64969,SO-0502,PI Nilesh Chauhan,PI,36,2026-07-29 13:59:42+00:00,83.0,86.0,,21.3136482,73.3240639,72.05399271597202,-0.876,-0.406,0.364,,0.0,0.0,0.0,,,,,0.0,0.0,30.0,-0.0001142999999999,-0.0001141000000046,2.12,86.0,36.5,0
64970,SO-0502,PI Nilesh Chauhan,PI,36,2026-07-29 14:00:12+00:00,83.0,88.0,,21.3136899,73.3240653,72.00382716376154,-0.843,-0.539,0.328,,0.0,0.0,0.0,,,,,0.0,0.0,30.0,4.170000000058849e-05,1.4000000021496817e-06,0.56,88.0,36.5,0
64971,SO-0502,PI Nilesh Chauhan,PI,36,2026-07-29 14:00:42+00:00,83.0,88.0,,21.3136929,73.324088,72.15802116209196,-0.87,-0.459,0.288,,0.0,0.0,0.0,,,,,0.0,0.0,30.0,2.9999999995311555e-06,2.27000000023736e-05,0.3,88.0,36.5,0
64973,SO-0502,PI Nilesh Chauhan,PI,36,2026-07-29 14:01:12+00:00,83.0,87.0,,21.3135942,73.3241358,71.84963593001217,-0.882,-0.422,0.301,,0.0,0.0,0.0,,,,,0.0,0.0,30.0,-9.869999999878588e-05,4.779999999016127e-05,1.45,87.0,36.5,0
64975,SO-0502,PI Nilesh Chauhan,PI,36,2026-07-29 14:01:42+00:00,85.0,88.0,,21.3136986,73.324046,72.18336838530544,-0.982,-0.37,0.349,,0.0,0.0,0.0,,,,,0.0,0.0,30.0,0.0001043999999978,-8.97999999978083e-05,1.81,88.0,36.5,0
64977,SO-0502,PI Nilesh Chauhan,PI,36,2026-07-29 14:02:12+00:00,92.0,86.0,,21.3136925,73.3240374,72.4526872458147,-0.692,-0.722,0.133,,0.0,0.0,0.0,,,,,0.0,0.0,30.0,-6.100000000230921e-06,-8.600000001024455e-06,0.14,86.0,36.5,2
64979,SO-0502,PI Nilesh Chauhan,PI,36,2026-07-29 14:02:42+00:00,94.0,87.0,,21.3137066,73.3240655,72.41730565938704,-0.786,-0.623,0.127,,0.0,0.0,0.0,,,,,0.0,0.0,30.0,1.4100000001349144e-05,2.8100000008635103e-05,0.41,87.0,36.5,2
64983,SO-0502,PI Nilesh Chauhan,PI,36,2026-07-29 14:03:14+00:00,99.0,88.0,,21.3137204,73.3240859,72.41308100207846,-1.017,-0.272,1.183,,0.0,0.0,0.0,,,,,0.0,0.0,32.0,1.3800000001396027e-05,2.0399999996811857e-05,0.3,88.0,36.5,2
64985,SO-0502,PI Nilesh Chauhan,PI,36,2026-07-29 14:03:42+00:00,82.0,86.0,,21.3135481,73.3240527,72.56622615544555,-0.469,-0.744,0.625,,0.0,0.0,0.0,,,,,0.0,0.0,28.0,-0.0001723000000026,-3.320000000428536e-05,2.5,86.0,36.5,0
64987,SO-0502,PI Nilesh Chauhan,PI,36,2026-07-29 14:04:12+00:00,84.0,86.0,,21.3137845,73.3240322,73.46666919459977,-0.651,-0.109,0.64,,0.0,0.0,0.0,,,,,0.0,0.0,30.0,0.0002364000000021,-2.049999999087504e-05,3.16,86.0,36.5,0
64990,SO-0502,PI Nilesh Chauhan,PI,36,2026-07-29 14:04:42+00:00,83.0,88.0,,21.3137973,73.3241664,72.3687222256415,-0.672,0.091,0.843,,0.0,0.0,0.0,,,,,0.0,0.0,30.0,1.2800000000368073e-05,0.0001341999999908,1.74,88.0,36.5,0
64993,SO-0502,PI Nilesh Chauhan,PI,36,2026-07-29 14:05:12+00:00,92.0,88.0,,21.3136236,73.3240805,72.49018132461947,-0.715,-0.287,0.751,,0.0,0.0,0.0,,,,,0.0,0.0,30.0,-0.0001737000000012,-8.590000000197051e-05,2.57,88.0,36.5,2
64995,SO-0502,PI Nilesh Chauhan,PI,36,2026-07-29 14:05:42+00:00,91.0,86.0,,21.3136713,73.3241073,72.71356492870618,-0.74,-0.066,0.792,,0.0,0.0,0.0,,,,,0.0,0.0,30.0,4.76999999996508e-05,2.6800000000548607e-05,0.72,86.0,36.5,2
64997,SO-0502,PI Nilesh Chauhan,PI,36,2026-07-29 14:06:12+00:00,96.0,86.0,,21.3136767,73.3241057,73.01247499794516,-0.419,-0.067,1.0,,0.0,0.0,0.0,,,,,0.0,0.0,30.0,5.39999999915608e-06,-1.5999999902760464e-06,0.07,86.0,36.5,2
64999,SO-0502,PI Nilesh Chauhan,PI,36,2026-07-29 14:06:42+00:00,98.0,87.0,,21.3136399,73.3240521,72.86513110358345,-0.886,-0.375,0.378,,0.0,0.0,0.0,,,,,0.0,0.0,30.0,-3.680000000017003e-05,-5.3600000001097214e-05,0.85,87.0,36.5,2
65001,SO-0502,PI Nilesh Chauhan,PI,36,2026-07-29 14:07:12+00:00,91.0,82.0,,21.3138228,73.3241652,73.23006271292837,-0.896,-0.353,0.52,,0.0,0.0,0.0,,,,,0.0,0.0,30.0,0.0001829000000022,0.0001130999999929,2.84,82.0,36.5,2
65003,SO-0502,PI Nilesh Chauhan,PI,36,2026-07-29 14:07:42+00:00,94.0,88.0,,21.3135429,73.3241186,72.91477356736829,-0.718,-0.038,0.726,,0.0,0.0,0.0,,,,,0.0,0.0,30.0,-0.0002798999999988,-4.6599999990348806e-05,3.78,88.0,36.5,2
65005,SO-0502,PI Nilesh Chauhan,PI,36,2026-07-29 14:08:12+00:00,90.0,88.0,,21.3137104,73.3240449,72.87991819048932,-0.946,0.062,0.444,,0.0,0.0,0.0,,,,,0.0,0.0,30.0,0.0001674999999998,-7.370000000150867e-05,2.43,88.0,36.5,0
65008,SO-0502,PI Nilesh Chauhan,PI,36,2026-07-29 14:08:42+00:00,82.0,86.0,,21.3137466,73.3240494,73.03412789767745,-0.391,0.091,1.015,,0.0,0.0,0.0,,,,,0.0,0.0,30.0,3.62000000002638e-05,4.500000002849447e-06,0.49,86.0,36.5,0
65011,SO-0502,PI Nilesh Chauhan,PI,36,2026-07-29 14:09:12+00:00,81.0,84.0,,21.3137527,73.3240778,73.08535570679305,-0.991,-0.128,0.166,,0.0,0.0,0.0,,,,,0.0,0.0,30.0,6.099999996678207e-06,2.8399999990824657e-05,0.38,84.0,36.5,0
65014,SO-0502,PI Nilesh Chauhan,PI,36,2026-07-29 14:09:42+00:00,100.0,87.0,,21.3137706,73.3241641,73.18781224048115,-0.942,-0.276,-0.179,,0.0,0.0,0.0,,,,,0.0,0.0,30.0,1.790000000312375e-05,8.630000000664495e-05,1.14,87.0,36.5,2
65019,SO-0502,PI Nilesh Chauhan,PI,36,2026-07-29 14:10:12+00:00,96.0,86.0,,21.3136652,73.3241311,73.03080074247441,-0.871,-0.257,-0.285,,0.0,0.0,0.0,,,,,0.0,0.0,30.0,-0.0001054000000024,-3.300000000194814e-05,1.47,86.0,36.5,2
65023,SO-0502,PI Nilesh Chauhan,PI,36,2026-07-29 14:10:44+00:00,100.0,85.0,,21.3133801,73.3240019,73.54416097523293,-0.896,-0.55,-0.114,,0.0,0.0,0.0,,,,,0.0,0.0,32.0,-0.0002850999999992,-0.0001292000000034,3.89,85.0,36.5,2
65026,SO-0502,PI Nilesh Chauhan,PI,36,2026-07-29 14:11:13+00:00,91.0,87.0,,21.3134913,73.3240312,71.96667934138975,-0.532,-0.686,-0.487,,0.0,0.0,0.0,,,,,0.0,0.0,29.0,0.0001111999999992,2.929999999423671e-05,1.58,87.0,36.5,2
65029,SO-0502,PI Nilesh Chauhan,PI,36,2026-07-29 14:11:41+00:00,94.0,68.0,,21.3068026,73.3224666,74.46611318702529,-1.229,-0.299,-0.113,,0.0,0.0,0.0,,,,,0.0,0.0,28.0,-0.0066886999999979,-0.0015645999999946,97.88,68.0,36.5,1
65031,SO-0502,PI Nilesh Chauhan,PI,36,2026-07-29 14:12:11+00:00,87.0,82.0,,21.3028366,73.3209564,72.20000076293945,-0.873,-0.271,0.073,,0.0,0.0,0.0,,,,,0.0,0.0,30.0,-0.0039660000000019,-0.0015101999999984,56.3,82.0,36.5,1
65035,SO-0502,PI Nilesh Chauhan,PI,36,2026-07-29 14:12:41+00:00,85.0,84.0,,21.2988351,73.3201949,65.54800649232811,-0.601,-0.579,-0.432,,0.0,0.0,0.0,,,,,0.0,0.0,30.0,-0.0040014999999975,-0.0007614999999958,54.2,84.0,36.5,1
65038,SO-0502,PI Nilesh Chauhan,PI,36,2026-07-29 14:13:13+00:00,96.0,83.0,,21.2952934,73.3191427,67.80000114440918,-0.97,0.006,0.3,,0.0,0.0,0.0,,,,,0.0,0.0,32.0,-0.003541700000003,-0.0010522000000037,46.02,83.0,36.5,1
65041,SO-0502,PI Nilesh Chauhan,PI,36,2026-07-29 14:13:42+00:00,98.0,83.0,,21.2911322,73.3180426,63.22440783238196,-0.894,-0.426,0.566,,0.0,0.0,0.0,,,,,0.0,0.0,29.0,-0.0041611999999986,-0.0011001000000021,59.19,83.0,36.5,1
65044,SO-0502,PI Nilesh Chauhan,PI,36,2026-07-29 14:14:11+00:00,99.0,88.0,,21.2869826,73.3173662,63.40000057220459,-0.714,-0.038,0.861,,0.0,0.0,0.0,,,,,0.0,0.0,29.0,-0.004149599999998,-0.0006764000000032,57.89,88.0,36.5,1
65047,SO-0502,PI Nilesh Chauhan,PI,36,2026-07-29 14:14:41+00:00,91.0,86.0,,21.2849075,73.3169707,59.80000019073486,0.038,-0.171,1.157,,0.0,0.0,0.0,,,,,0.0,0.0,30.0,-0.0020751000000025,-0.0003954999999962,28.11,86.0,36.5,1
65050,SO-0502,PI Nilesh Chauhan,PI,36,2026-07-29 14:15:11+00:00,91.0,87.0,,0.0,0.0,0.0,-0.735,-0.451,-0.414,,0.0,0.0,0.0,,,,,0.0,0.0,30.0,-21.2849075,-73.3169707,987196.19,87.0,36.5,1
65061,SO-0502,PI Nilesh Chauhan,PI,36,2026-07-29 14:17:43+00:00,99.0,83.0,,21.2849112,73.3169786,59.80000019073486,-1.309,-0.047,-0.279,,0.0,0.0,0.0,,,,,0.0,0.0,152.0,21.2849112,73.3169786,194841.38,83.0,36.5,1
65063,SO-0502,PI Nilesh Chauhan,PI,36,2026-07-29 14:18:11+00:00,93.0,88.0,,21.2849097,73.3169763,59.80000019073486,-0.274,0.097,1.094,,0.0,0.0,0.0,,,,,0.0,0.0,28.0,-1.4999999997655775e-06,-2.300000005561742e-06,0.04,88.0,36.5,2
65065,SO-0502,PI Nilesh Chauhan,PI,36,2026-07-29 14:18:41+00:00,84.0,87.0,,21.284911,73.3169743,57.66639843311387,-1.015,-0.05,0.08,,0.0,0.0,0.0,,,,,0.0,0.0,30.0,1.300000000981072e-06,-1.9999999949504854e-06,0.03,87.0,36.5,0
65067,SO-0502,PI Nilesh Chauhan,PI,36,2026-07-29 14:19:11+00:00,91.0,88.0,,21.2849096,73.3169699,59.80000019073486,-0.504,-0.368,0.88,,0.0,0.0,0.0,,,,,0.0,0.0,30.0,-1.4000000021496817e-06,-4.39999999457541e-06,0.06,88.0,36.5,2
65069,SO-0502,PI Nilesh Chauhan,PI,36,2026-07-29 14:19:41+00:00,92.0,86.0,,21.2849093,73.3169793,59.80000019073486,-0.888,0.663,0.217,,0.0,0.0,0.0,,,,,0.0,0.0,30.0,-2.999999999531156e-07,9.399999996162478e-06,0.12,86.0,36.5,2
65071,SO-0502,PI Nilesh Chauhan,PI,36,2026-07-29 14:20:11+00:00,92.0,86.0,,21.2849127,73.3169748,59.80000019073486,-0.521,-0.441,0.741,,0.0,0.0,0.0,,,,,0.0,0.0,30.0,3.4000000006528808e-06,-4.500000002849447e-06,0.07,86.0,36.5,2
65073,SO-0502,PI Nilesh Chauhan,PI,36,2026-07-29 14:20:41+00:00,88.0,79.0,,21.2849097,73.3169697,59.80000019073486,-0.128,0.963,0.312,,0.0,0.0,0.0,,,,,0.0,0.0,30.0,-2.9999999995311555e-06,-5.099999995650251e-06,0.08,79.0,36.5,0
65075,SO-0502,PI Nilesh Chauhan,PI,36,2026-07-29 14:21:11+00:00,86.0,86.0,,21.2848982,73.3169774,59.80000019073486,0.104,0.953,0.356,,0.0,0.0,0.0,,,,,0.0,0.0,30.0,-1.1499999999387e-05,7.699999997612395e-06,0.18,86.0,36.5,0
65077,SO-0502,PI Nilesh Chauhan,PI,36,2026-07-29 14:21:41+00:00,95.0,79.0,,21.284907,73.3169727,59.80000019073486,-0.515,0.791,0.417,,0.0,0.0,0.0,,,,,0.0,0.0,30.0,8.79999999980896e-06,-4.700000005186666e-06,0.13,79.0,36.5,2
65081,SO-0502,PI Nilesh Chauhan,PI,36,2026-07-29 14:22:11+00:00,87.0,86.0,,21.2849127,73.3169749,59.80000019073486,-0.656,-0.256,0.774,,0.0,0.0,0.0,,,,,0.0,0.0,30.0,5.699999999109195e-06,2.2000000114985596e-06,0.08,86.0,36.5,0
65084,SO-0502,PI Nilesh Chauhan,PI,36,2026-07-29 14:22:41+00:00,89.0,83.0,,21.2849127,73.3169747,59.80000019073486,-0.886,-0.166,-0.362,,0.0,0.0,0.0,,,,,0.0,0.0,30.0,0.0,-2.0000000233721948e-07,0.0,83.0,36.5,0
65086,SO-0502,PI Nilesh Chauhan,PI,36,2026-07-29 14:23:11+00:00,88.0,85.0,,21.2848921,73.3169806,59.70000076293945,-1.031,0.405,0.656,,0.0,0.0,0.0,,,,,0.0,0.0,30.0,-2.0599999999149077e-05,5.899999990788274e-06,0.28,85.0,36.5,0
65090,SO-0502,PI Nilesh Chauhan,PI,36,2026-07-29 14:23:41+00:00,85.0,88.0,,21.2848952,73.3169531,59.80000019073486,-0.919,-0.033,0.118,,0.0,0.0,0.0,,,,,0.0,0.0,30.0,3.1000000006997652e-06,-2.7499999987412593e-05,0.36,88.0,36.5,0
65092,SO-0502,PI Nilesh Chauhan,PI,36,2026-07-29 14:24:11+00:00,91.0,88.0,,21.2849041,73.3169739,59.80000019073486,-0.961,0.059,0.404,,0.0,0.0,0.0,,,,,0.0,0.0,30.0,8.899999997424857e-06,2.079999998727544e-05,0.29,88.0,36.5,2
65094,SO-0502,PI Nilesh Chauhan,PI,36,2026-07-29 14:24:41+00:00,88.0,87.0,,21.2842808,73.3169502,58.90000057220459,-0.969,-0.191,0.1,,0.0,0.0,0.0,,,,,0.0,0.0,30.0,-0.0006232999999973,-2.369999999984884e-05,8.31,87.0,36.5,1
65095,SO-0502,PI Nilesh Chauhan,PI,36,2026-07-29 14:25:15+00:00,94.0,85.0,,21.2795532,73.3173256,58.90000057220459,-0.904,-0.117,0.42,,0.0,0.0,0.0,,,,,0.0,0.0,34.0,-0.0047276000000024,0.00037540000001,55.73,85.0,36.5,1
65097,SO-0502,PI Nilesh Chauhan,PI,36,2026-07-29 14:25:41+00:00,94.0,88.0,,21.2743463,73.3150899,58.90000057220459,-0.91,0.004,0.402,,0.0,0.0,0.0,,,,,0.0,0.0,26.0,-0.0052068999999974,-0.0022356999999999,86.67,88.0,36.5,1
65099,SO-0502,PI Nilesh Chauhan,PI,36,2026-07-29 14:26:11+00:00,90.0,88.0,,21.273832,73.3149146,56.69999980926514,-0.838,-0.042,0.388,,0.0,0.0,0.0,,,,,0.0,0.0,30.0,-0.0005143000000025,-0.0001753000000093,7.21,88.0,36.5,1
65100,SO-0502,PI Nilesh Chauhan,PI,36,2026-07-29 14:26:45+00:00,97.0,88.0,,21.2703084,73.3141078,57.0,-0.629,0.0,0.788,,0.0,0.0,0.0,,,,,0.0,0.0,34.0,-0.0035235999999976,-0.0008067999999923,42.42,88.0,36.5,1
65101,SO-0502,PI Nilesh Chauhan,PI,36,2026-07-29 14:27:16+00:00,90.0,88.0,,21.2645554,73.3109946,56.69999980926514,-0.749,0.027,0.708,,0.0,0.0,0.0,,,,,0.0,0.0,31.0,-0.0057530000000021,-0.0031132000000013,83.72,88.0,36.5,1
65102,SO-0502,PI Nilesh Chauhan,PI,36,2026-07-29 14:27:42+00:00,94.0,88.0,,21.2650225,73.3118141,54.19722586594958,-0.65,0.12,0.864,,0.0,0.0,0.0,,,,,0.0,0.0,26.0,0.0004671000000016,0.0008195000000057,14.15,88.0,36.5,1
65104,SO-0502,PI Nilesh Chauhan,PI,36,2026-07-29 14:28:14+00:00,91.0,84.0,,21.2617087,73.3100188,50.01400147515832,-0.177,0.145,1.092,,0.0,0.0,0.0,,,,,0.0,0.0,32.0,-0.0033138000000008,-0.0017953000000119,46.73,84.0,36.5,1
65105,SO-0502,PI Nilesh Chauhan,PI,36,2026-07-29 14:28:42+00:00,92.0,88.0,,21.2596468,73.308649,50.63721980597822,-0.229,0.136,1.135,,0.0,0.0,0.0,,,,,0.0,0.0,28.0,-0.002061900000001,-0.0013697999999919,34.99,88.0,36.5,1
65106,SO-0502,PI Nilesh Chauhan,PI,36,2026-07-29 14:29:16+00:00,98.0,87.0,,21.2602038,73.3067353,48.69999998807907,-0.279,0.012,1.091,,0.0,0.0,0.0,,,,,0.0,0.0,34.0,0.0005570000000005,-0.0019137000000029,22.74,87.0,36.5,1
65107,SO-0502,PI Nilesh Chauhan,PI,36,2026-07-29 14:29:41+00:00,100.0,88.0,,21.2599523,73.3066191,48.69999998807907,-0.25,0.104,1.053,,0.0,0.0,0.0,,,,,0.0,0.0,25.0,-0.0002515000000009,-0.0001161999999936,4.4,88.0,36.5,2
65108,SO-0502,PI Nilesh Chauhan,PI,36,2026-07-29 14:30:11+00:00,100.0,86.0,,21.2593139,73.3044227,50.59999990463257,-0.219,-0.86,0.551,,0.0,0.0,0.0,,,,,0.0,0.0,30.0,-0.0006383999999997,-0.0021964000000025,29.58,86.0,36.5,1
65109,SO-0502,PI Nilesh Chauhan,PI,36,2026-07-29 14:30:42+00:00,82.0,84.0,,21.2576274,73.3023653,51.29999995231629,-0.432,-0.763,0.533,,0.0,0.0,0.0,,,,,0.0,0.0,31.0,-0.0016864999999981,-0.0020573999999982,33.65,84.0,36.5,1
65110,SO-0502,PI Nilesh Chauhan,PI,36,2026-07-29 14:31:11+00:00,99.0,88.0,,21.2579459,73.3023992,50.40000009536743,-0.62,0.022,0.963,,0.0,0.0,0.0,,,,,0.0,0.0,29.0,0.0003184999999987,3.389999999114934e-05,4.41,88.0,36.5,2
65111,SO-0502,PI Nilesh Chauhan,PI,36,2026-07-29 14:31:41+00:00,80.0,87.0,,21.2573557,73.3015405,51.29999995231629,-0.716,-0.037,0.835,,0.0,0.0,0.0,,,,,0.0,0.0,30.0,-0.0005901999999977,-0.0008586999999948,13.58,87.0,36.5,1
65112,SO-0502,PI Nilesh Chauhan,PI,36,2026-07-29 14:32:12+00:00,85.0,88.0,,21.2565218,73.3019511,53.69999980926514,-0.325,0.164,1.108,,0.0,0.0,0.0,,,,,0.0,0.0,31.0,-0.0008338999999999,0.000410599999995,11.91,88.0,36.5,1
65113,SO-0502,PI Nilesh Chauhan,PI,36,2026-07-29 14:32:41+00:00,83.0,86.0,,21.2554988,73.3013294,53.200000286102295,-0.537,0.24,0.874,,0.0,0.0,0.0,,,,,0.0,0.0,29.0,-0.0010229999999999,-0.0006216999999963,16.36,86.0,36.5,1
65114,SO-0502,PI Nilesh Chauhan,PI,36,2026-07-29 14:33:11+00:00,90.0,82.0,,21.2542384,73.3003974,53.09999990463257,-0.601,0.164,0.831,,0.0,0.0,0.0,,,,,0.0,0.0,30.0,-0.0012604000000031,-0.0009320000000059,20.65,82.0,36.5,1
65115,SO-0502,PI Nilesh Chauhan,PI,36,2026-07-29 14:33:42+00:00,97.0,84.0,,21.2540461,73.299939,53.09999990463257,-0.469,0.368,0.866,,0.0,0.0,0.0,,,,,0.0,0.0,31.0,-0.0001922999999983,-0.0004583999999994,6.24,84.0,36.5,1
65117,SO-0502,PI Nilesh Chauhan,PI,36,2026-07-29 14:34:11+00:00,91.0,78.0,,21.2540461,73.299939,53.09999990463257,-0.256,0.23,1.073,,0.0,0.0,0.0,,,,,0.0,0.0,29.0,0.0,0.0,0.0,78.0,36.5,2
65118,SO-0502,PI Nilesh Chauhan,PI,36,2026-07-29 14:34:46+00:00,93.0,84.0,,21.2530555,73.2995288,53.200000286102295,-0.987,0.086,0.385,,0.0,0.0,0.0,,,,,0.0,0.0,35.0,-0.0009906000000015,-0.0004101999999903,12.19,84.0,36.5,1
65119,SO-0502,PI Nilesh Chauhan,PI,36,2026-07-29 14:35:11+00:00,91.0,88.0,,21.2540461,73.299939,53.09999990463257,-0.838,0.01,0.451,,0.0,0.0,0.0,,,,,0.0,0.0,25.0,0.0009906000000015,0.0004101999999903,17.06,88.0,36.5,1
65120,SO-0502,PI Nilesh Chauhan,PI,36,2026-07-29 14:35:46+00:00,88.0,87.0,,21.2514934,73.3032557,53.09999990463257,-0.658,0.197,0.799,,0.0,0.0,0.0,,,,,0.0,0.0,35.0,-0.0025526999999989,0.0033166999999991,46.84,87.0,36.5,1
65121,SO-0502,PI Nilesh Chauhan,PI,36,2026-07-29 14:36:16+00:00,87.0,88.0,,21.2514934,73.3032557,53.09999990463257,-0.309,0.292,1.031,,0.0,0.0,0.0,,,,,0.0,0.0,30.0,0.0,0.0,0.0,88.0,36.5,0
65122,SO-0502,PI Nilesh Chauhan,PI,36,2026-07-29 14:36:43+00:00,82.0,88.0,,21.2530464,73.2995886,53.09999990463257,-0.354,0.238,1.0,,0.0,0.0,0.0,,,,,0.0,0.0,27.0,0.0015529999999976,-0.003667099999987,57.36,88.0,36.5,1
65123,SO-0502,PI Nilesh Chauhan,PI,36,2026-07-29 14:37:11+00:00,99.0,81.0,,21.2530686,73.2991766,54.800105530602394,-1.25,0.078,0.593,,0.0,0.0,0.0,,,,,0.0,0.0,28.0,2.2200000000083264e-05,-0.0004120000000114,5.7,81.0,36.5,1
65124,SO-0502,PI Nilesh Chauhan,PI,36,2026-07-29 14:37:41+00:00,92.0,87.0,,21.2530698,73.2992026,53.09999990463257,-0.113,0.987,0.303,,0.0,0.0,0.0,,,,,0.0,0.0,30.0,1.1999999998124622e-06,2.6000000005410584e-05,0.34,87.0,36.5,2
65125,SO-0502,PI Nilesh Chauhan,PI,36,2026-07-29 14:38:11+00:00,94.0,88.0,,21.2530759,73.2991712,54.06747474223633,-0.968,-0.056,-0.063,,0.0,0.0,0.0,,,,,0.0,0.0,30.0,6.100000000230921e-06,-3.1399999997461236e-05,0.41,88.0,36.5,2
65126,SO-0502,PI Nilesh Chauhan,PI,36,2026-07-29 14:38:41+00:00,97.0,88.0,,21.2530638,73.299286,51.67552719274164,-0.288,0.973,0.065,,0.0,0.0,0.0,,,,,0.0,0.0,30.0,-1.2099999999293232e-05,0.0001147999999915,1.49,88.0,36.5,2
65127,SO-0502,PI Nilesh Chauhan,PI,36,2026-07-29 14:39:11+00:00,91.0,83.0,,21.2530925,73.299175,55.70728380377133,-0.223,0.932,0.154,,0.0,0.0,0.0,,,,,0.0,0.0,30.0,2.870000000143591e-05,-0.0001109999999897,1.48,83.0,36.5,2
65132,SO-0502,PI Nilesh Chauhan,PI,36,2026-07-29 14:39:46+00:00,90.0,56.0,,21.2530667,73.2991688,60.41813695620681,-0.455,-0.232,1.007,,0.0,0.0,0.0,,,,,0.0,0.0,35.0,-2.579999999952065e-05,-6.2000000013995304e-06,0.3,56.0,36.5,0
65133,SO-0502,PI Nilesh Chauhan,PI,36,2026-07-29 14:40:13+00:00,90.0,56.0,,21.2530618,73.2991894,60.60591311760109,-1.074,-0.106,0.663,,0.0,0.0,0.0,,,,,0.0,0.0,27.0,-4.9000000004184585e-06,2.0599999999149077e-05,0.3,56.0,36.5,0
65200,SO-0502,PI Nilesh Chauhan,PI,36,2026-07-29 15:11:11+00:00,90.0,,,21.2567606,73.3017816,48.90000003576279,-0.227,0.974,0.032,,0.0,0.0,0.0,,,,,0.0,0.0,1858.0,0.0036987999999986,0.0025921999999951,0.0,56.0,36.5,0
65204,SO-0502,PI Nilesh Chauhan,PI,36,2026-07-29 15:11:41+00:00,95.0,80.0,,21.2567606,73.3017816,48.90000003576279,-0.312,0.818,0.469,,0.0,0.0,0.0,,,,,0.0,0.0,30.0,0.0,0.0,0.0,80.0,36.5,2
65206,SO-0502,PI Nilesh Chauhan,PI,36,2026-07-29 15:12:11+00:00,95.0,73.0,,21.2567606,73.3017816,48.90000003576279,-0.672,0.779,0.462,,0.0,0.0,0.0,,,,,0.0,0.0,30.0,0.0,0.0,0.0,73.0,36.5,2
65209,SO-0502,PI Nilesh Chauhan,PI,36,2026-07-29 15:12:41+00:00,97.0,67.0,,21.2531202,73.2992073,48.90000003576279,0.053,0.755,0.239,,0.0,0.0,0.0,,,,,0.0,0.0,30.0,-0.0036403999999983,-0.002574299999992,58.77,67.0,36.5,1
65212,SO-0502,PI Nilesh Chauhan,PI,36,2026-07-29 15:13:11+00:00,92.0,64.0,,21.2530637,73.2991777,34.0,0.22,0.86,0.321,,0.0,0.0,0.0,,,,,0.0,0.0,30.0,-5.6500000003012474e-05,-2.960000000484797e-05,0.84,64.0,36.5,2
65216,SO-0502,PI Nilesh Chauhan,PI,36,2026-07-29 15:13:41+00:00,97.0,86.0,,21.2530607,73.2993298,34.0,-0.587,0.478,0.715,,0.0,0.0,0.0,,,,,0.0,0.0,30.0,-2.9999999995311555e-06,0.0001520999999939,1.96,86.0,36.5,2
65218,SO-0502,PI Nilesh Chauhan,PI,36,2026-07-29 15:14:11+00:00,88.0,72.0,,21.2530595,73.2993283,34.0,-0.69,-0.41,-0.487,,0.0,0.0,0.0,,,,,0.0,0.0,30.0,-1.1999999998124622e-06,-1.499999996212864e-06,0.03,72.0,36.5,0
65221,SO-0502,PI Nilesh Chauhan,PI,36,2026-07-29 15:14:41+00:00,85.0,87.0,,21.253067,73.2992255,34.0,-1.24,0.079,-0.167,,0.0,0.0,0.0,,,,,0.0,0.0,30.0,7.500000002380602e-06,-0.0001027999999934,1.33,87.0,36.5,0
65224,SO-0502,PI Nilesh Chauhan,PI,36,2026-07-29 15:15:11+00:00,85.0,77.0,,21.2530716,73.2994426,34.0,-0.154,0.711,-0.428,,0.0,0.0,0.0,,,,,0.0,0.0,30.0,4.599999996912629e-06,0.0002171000000004,2.8,77.0,36.5,0
65228,SO-0502,PI Nilesh Chauhan,PI,36,2026-07-29 15:15:41+00:00,87.0,83.0,,21.2530609,73.2993947,32.39999961853027,-0.268,0.842,0.317,,0.0,0.0,0.0,,,,,0.0,0.0,30.0,-1.069999999714355e-05,-4.790000001264616e-05,0.63,83.0,36.5,0
65230,SO-0502,PI Nilesh Chauhan,PI,36,2026-07-29 15:16:11+00:00,88.0,84.0,,21.2550921,73.2995705,32.39999961853027,-0.752,0.087,0.962,,0.0,0.0,0.0,,,,,0.0,0.0,30.0,0.0020311999999975,0.000175800000008,27.15,84.0,36.5,1
65234,SO-0502,PI Nilesh Chauhan,PI,36,2026-07-29 15:16:46+00:00,89.0,88.0,,21.2530669,73.2991697,34.0,-0.91,0.197,-0.927,,0.0,0.0,0.0,,,,,0.0,0.0,35.0,-0.0020251999999985,-0.0004008000000084,23.54,88.0,36.5,1
65236,SO-0502,PI Nilesh Chauhan,PI,36,2026-07-29 15:17:11+00:00,89.0,89.0,,21.2530716,73.2994426,34.0,0.055,-0.433,0.989,,0.0,0.0,0.0,,,,,0.0,0.0,25.0,4.699999998081239e-06,0.000272900000013,4.22,89.0,36.5,0
65240,SO-0502,PI Nilesh Chauhan,PI,36,2026-07-29 15:17:46+00:00,86.0,81.0,,21.2530706,73.2993099,34.0,1.583,0.109,1.662,,0.0,0.0,0.0,,,,,0.0,0.0,35.0,-9.999999974752427e-07,-0.0001327000000088,1.47,81.0,36.5,1
65242,SO-0502,PI Nilesh Chauhan,PI,36,2026-07-29 15:18:11+00:00,84.0,69.0,,21.2530602,73.2995697,34.618655592305174,-0.267,-0.305,1.147,,0.0,0.0,0.0,,,,,0.0,0.0,25.0,-1.0400000000743148e-05,0.0002598000000091,4.02,69.0,36.5,1
65245,SO-0502,PI Nilesh Chauhan,PI,36,2026-07-29 15:18:41+00:00,88.0,85.0,,21.2530697,73.2994664,34.32013420893912,-0.373,-0.397,0.862,,0.0,0.0,0.0,,,,,0.0,0.0,30.0,9.5000000008838e-06,-0.0001033000000063,1.34,85.0,36.5,1
65248,SO-0502,PI Nilesh Chauhan,PI,36,2026-07-29 15:19:11+00:00,91.0,88.0,,21.2537479,73.2994026,34.88074823532932,-0.684,-0.211,0.762,,0.0,0.0,0.0,,,,,0.0,0.0,30.0,0.0006781999999994,-6.380000000660857e-05,9.07,88.0,36.5,1
65252,SO-0502,PI Nilesh Chauhan,PI,36,2026-07-29 15:19:41+00:00,91.0,89.0,,21.2538846,73.2981605,49.29999995231629,0.365,-0.241,1.069,,0.0,0.0,0.0,,,,,0.0,0.0,30.0,0.0001366999999987,-0.0012420999999989,16.12,89.0,36.5,1
65254,SO-0502,PI Nilesh Chauhan,PI,36,2026-07-29 15:20:11+00:00,83.0,88.0,,21.2543922,73.2975468,50.0,-0.563,-0.745,0.322,,0.0,0.0,0.0,,,,,0.0,0.0,30.0,0.0005076000000023,-0.0006136999999881,10.41,88.0,36.5,1
65257,SO-0502,PI Nilesh Chauhan,PI,36,2026-07-29 15:20:41+00:00,96.0,88.0,,0.0,0.0,0.0,-1.356,-0.038,-0.443,,0.0,0.0,0.0,,,,,0.0,0.0,30.0,-21.2543922,-73.2975468,986839.54,88.0,36.5,1
65260,SO-0502,PI Nilesh Chauhan,PI,36,2026-07-29 15:21:11+00:00,96.0,88.0,,0.0,0.0,0.0,-0.617,-0.633,-0.29,,0.0,0.0,0.0,,,,,0.0,0.0,30.0,0.0,0.0,0.0,88.0,36.5,2
66469,SO-0502,PI Nilesh Chauhan,PI,36,2026-07-29 17:50:39+00:00,82.0,87.0,,0.0,0.0,0.0,-0.887,-0.352,0.365,,0.0,0.0,0.0,,,,,0.0,0.0,8968.0,0.0,0.0,0.0,87.0,36.5,0
66473,SO-0502,PI Nilesh Chauhan,PI,36,2026-07-29 17:51:09+00:00,90.0,84.0,,0.0,0.0,0.0,-0.775,-0.3,-0.499,,0.0,0.0,0.0,,,,,0.0,0.0,30.0,0.0,0.0,0.0,84.0,36.5,0
66477,SO-0502,PI Nilesh Chauhan,PI,36,2026-07-29 17:51:39+00:00,81.0,83.0,,0.0,0.0,0.0,0.072,-0.964,0.382,,0.0,0.0,0.0,,,,,0.0,0.0,30.0,0.0,0.0,0.0,83.0,36.5,0
66481,SO-0502,PI Nilesh Chauhan,PI,36,2026-07-29 17:52:09+00:00,83.0,88.0,,0.0,0.0,0.0,-0.163,-0.968,0.198,,0.0,0.0,0.0,,,,,0.0,0.0,30.0,0.0,0.0,0.0,88.0,36.5,0
66485,SO-0502,PI Nilesh Chauhan,PI,36,2026-07-29 17:52:39+00:00,84.0,88.0,,0.0,0.0,0.0,0.338,-0.999,0.015,,0.0,0.0,0.0,,,,,0.0,0.0,30.0,0.0,0.0,0.0,88.0,36.5,0
66489,SO-0502,PI Nilesh Chauhan,PI,36,2026-07-29 17:53:09+00:00,93.0,88.0,,0.0,0.0,0.0,-0.278,-0.947,-0.068,,0.0,0.0,0.0,,,,,0.0,0.0,30.0,0.0,0.0,0.0,88.0,36.5,2
66492,SO-0502,PI Nilesh Chauhan,PI,36,2026-07-29 17:53:39+00:00,84.0,87.0,,0.0,0.0,0.0,-0.247,-0.962,0.177,,0.0,0.0,0.0,,,,,0.0,0.0,30.0,0.0,0.0,0.0,87.0,36.5,0
66497,SO-0502,PI Nilesh Chauhan,PI,36,2026-07-29 17:54:09+00:00,97.0,88.0,,0.0,0.0,0.0,0.001,-0.997,0.185,,0.0,0.0,0.0,,,,,0.0,0.0,30.0,0.0,0.0,0.0,88.0,36.5,2
66500,SO-0502,PI Nilesh Chauhan,PI,36,2026-07-29 17:54:39+00:00,92.0,86.0,,0.0,0.0,0.0,-0.895,-0.452,0.121,,0.0,0.0,0.0,,,,,0.0,0.0,30.0,0.0,0.0,0.0,86.0,36.5,2
66505,SO-0502,PI Nilesh Chauhan,PI,36,2026-07-29 17:55:09+00:00,94.0,85.0,,0.0,0.0,0.0,-0.899,-0.442,0.139,,0.0,0.0,0.0,,,,,0.0,0.0,30.0,0.0,0.0,0.0,85.0,36.5,2
66509,SO-0502,PI Nilesh Chauhan,PI,36,2026-07-29 17:55:39+00:00,99.0,88.0,,0.0,0.0,0.0,-0.776,-0.081,0.698,,0.0,0.0,0.0,,,,,0.0,0.0,30.0,0.0,0.0,0.0,88.0,36.5,2
66512,SO-0502,PI Nilesh Chauhan,PI,36,2026-07-29 17:56:09+00:00,87.0,88.0,,0.0,0.0,0.0,-0.019,-1.001,0.083,,0.0,0.0,0.0,,,,,0.0,0.0,30.0,0.0,0.0,0.0,88.0,36.5,0
66516,SO-0502,PI Nilesh Chauhan,PI,36,2026-07-29 17:56:39+00:00,88.0,88.0,,0.0,0.0,0.0,-0.955,-0.284,0.522,,0.0,0.0,0.0,,,,,0.0,0.0,30.0,0.0,0.0,0.0,88.0,36.5,0
66521,SO-0502,PI Nilesh Chauhan,PI,36,2026-07-29 17:57:09+00:00,99.0,88.0,,0.0,0.0,0.0,-0.373,-0.907,-0.112,,0.0,0.0,0.0,,,,,0.0,0.0,30.0,0.0,0.0,0.0,88.0,36.5,2
66525,SO-0502,PI Nilesh Chauhan,PI,36,2026-07-29 17:57:39+00:00,82.0,88.0,,0.0,0.0,0.0,-0.921,-0.817,0.033,,0.0,0.0,0.0,,,,,0.0,0.0,30.0,0.0,0.0,0.0,88.0,36.5,0
66529,SO-0502,PI Nilesh Chauhan,PI,36,2026-07-29 17:58:09+00:00,83.0,88.0,,0.0,0.0,0.0,-0.301,-0.811,-0.171,,0.0,0.0,0.0,,,,,0.0,0.0,30.0,0.0,0.0,0.0,88.0,36.5,0
66533,SO-0502,PI Nilesh Chauhan,PI,36,2026-07-29 17:58:39+00:00,98.0,88.0,,0.0,0.0,0.0,0.187,-0.33,1.123,,0.0,0.0,0.0,,,,,0.0,0.0,30.0,0.0,0.0,0.0,88.0,36.5,2
66537,SO-0502,PI Nilesh Chauhan,PI,36,2026-07-29 17:59:09+00:00,98.0,87.0,,0.0,0.0,0.0,-0.639,-0.718,0.239,,0.0,0.0,0.0,,,,,0.0,0.0,30.0,0.0,0.0,0.0,87.0,36.5,2
66541,SO-0502,PI Nilesh Chauhan,PI,36,2026-07-29 17:59:39+00:00,82.0,85.0,,0.0,0.0,0.0,-0.037,-0.899,0.472,,0.0,0.0,0.0,,,,,0.0,0.0,30.0,0.0,0.0,0.0,85.0,36.5,0
66545,SO-0502,PI Nilesh Chauhan,PI,36,2026-07-29 18:00:09+00:00,88.0,69.0,,0.0,0.0,0.0,-0.15,0.987,0.444,,0.0,0.0,0.0,,,,,0.0,0.0,30.0,0.0,0.0,0.0,69.0,36.5,0
66549,SO-0502,PI Nilesh Chauhan,PI,36,2026-07-29 18:00:39+00:00,88.0,56.0,,0.0,0.0,0.0,0.005,0.49,0.118,,0.0,0.0,0.0,,,,,0.0,0.0,30.0,0.0,0.0,0.0,56.0,36.5,0
66553,SO-0502,PI Nilesh Chauhan,PI,36,2026-07-29 18:01:09+00:00,83.0,88.0,,0.0,0.0,0.0,-0.531,0.816,0.322,,0.0,0.0,0.0,,,,,0.0,0.0,30.0,0.0,0.0,0.0,88.0,36.5,0
66557,SO-0502,PI Nilesh Chauhan,PI,36,2026-07-29 18:01:39+00:00,92.0,88.0,,0.0,0.0,0.0,-0.164,0.625,-0.014,,0.0,0.0,0.0,,,,,0.0,0.0,30.0,0.0,0.0,0.0,88.0,36.5,2
66561,SO-0502,PI Nilesh Chauhan,PI,36,2026-07-29 18:02:09+00:00,92.0,88.0,,0.0,0.0,0.0,-0.411,0.821,0.377,,0.0,0.0,0.0,,,,,0.0,0.0,30.0,0.0,0.0,0.0,88.0,36.5,2
66565,SO-0502,PI Nilesh Chauhan,PI,36,2026-07-29 18:02:39+00:00,81.0,86.0,,0.0,0.0,0.0,-0.606,0.807,0.229,,0.0,0.0,0.0,,,,,0.0,0.0,30.0,0.0,0.0,0.0,86.0,36.5,0
66569,SO-0502,PI Nilesh Chauhan,PI,36,2026-07-29 18:03:11+00:00,81.0,87.0,,21.391363,72.9599985,26.5,-0.764,-0.564,-0.126,,0.0,0.0,0.0,,,,,0.0,0.0,32.0,21.391363,72.9599985,921747.16,87.0,36.5,1
66573,SO-0502,PI Nilesh Chauhan,PI,36,2026-07-29 18:03:39+00:00,84.0,88.0,,21.3891102,72.9601577,27.0,-0.239,0.83,0.617,,0.0,0.0,0.0,,,,,0.0,0.0,28.0,-0.0022527999999972,0.0001591999999988,32.23,88.0,36.5,1
66577,SO-0502,PI Nilesh Chauhan,PI,36,2026-07-29 18:04:09+00:00,82.0,88.0,,21.3871815,72.959399,26.899999618530273,-0.77,-0.614,-0.156,,0.0,0.0,0.0,,,,,0.0,0.0,30.0,-0.0019287000000005,-0.0007586999999915,27.49,88.0,36.5,1
66581,SO-0502,PI Nilesh Chauhan,PI,36,2026-07-29 18:04:39+00:00,82.0,87.0,,21.3872363,72.9586511,27.799999237060547,-0.728,-0.669,-0.111,,0.0,0.0,0.0,,,,,0.0,0.0,30.0,5.480000000090968e-05,-0.0007479000000074,9.67,87.0,36.5,1
66585,SO-0502,PI Nilesh Chauhan,PI,36,2026-07-29 18:05:10+00:00,82.0,88.0,,21.385923,72.9583792,27.399999618530273,-0.817,-0.507,-0.241,,0.0,0.0,0.0,,,,,0.0,0.0,31.0,-0.0013133000000031,-0.0002719000000013,17.27,88.0,36.5,1
66589,SO-0502,PI Nilesh Chauhan,PI,36,2026-07-29 18:05:39+00:00,82.0,86.0,,21.3855165,72.9582794,27.399999618530273,-0.829,0.166,1.071,,0.0,0.0,0.0,,,,,0.0,0.0,29.0,-0.0004064999999968,-9.980000000098244e-05,5.76,86.0,36.5,1
66593,SO-0502,PI Nilesh Chauhan,PI,36,2026-07-29 18:06:10+00:00,82.0,86.0,,21.3855267,72.9582922,25.154611545436296,-0.299,0.368,0.98,,0.0,0.0,0.0,,,,,0.0,0.0,31.0,1.0199999998405929e-05,1.28000000074735e-05,0.21,86.0,36.5,0
66597,SO-0502,PI Nilesh Chauhan,PI,36,2026-07-29 18:06:40+00:00,92.0,88.0,,21.385125,72.9580485,27.600000381469727,-0.53,0.294,0.827,,0.0,0.0,0.0,,,,,0.0,0.0,30.0,-0.0004017000000011,-0.0002436999999986,6.21,88.0,36.5,1
66600,SO-0502,PI Nilesh Chauhan,PI,36,2026-07-29 18:07:09+00:00,92.0,88.0,,21.3846285,72.958468,27.899999618530273,-0.631,0.082,0.881,,0.0,0.0,0.0,,,,,0.0,0.0,29.0,-0.000496499999997,0.0004194999999924,8.84,88.0,36.5,1
66604,SO-0502,PI Nilesh Chauhan,PI,36,2026-07-29 18:07:39+00:00,94.0,86.0,,21.3837338,72.9582367,28.600000381469727,-0.632,0.058,0.862,,0.0,0.0,0.0,,,,,0.0,0.0,30.0,-0.0008946999999999,-0.0002312999999958,12.29,86.0,36.5,1
66608,SO-0502,PI Nilesh Chauhan,PI,36,2026-07-29 18:08:09+00:00,91.0,87.0,,21.383087,72.9581537,30.299999237060547,-0.563,-0.005,0.912,,0.0,0.0,0.0,,,,,0.0,0.0,30.0,-0.0006468000000019,-8.300000000360797e-05,8.68,87.0,36.5,1
66612,SO-0502,PI Nilesh Chauhan,PI,36,2026-07-29 18:08:39+00:00,91.0,88.0,,21.3816086,72.9581303,29.299999237060547,-0.663,0.221,1.114,,0.0,0.0,0.0,,,,,0.0,0.0,30.0,-0.0014783999999998,-2.340000000344844e-05,19.69,88.0,36.5,1
66616,SO-0502,PI Nilesh Chauhan,PI,36,2026-07-29 18:09:14+00:00,91.0,86.0,,21.3806125,72.9584892,29.299999237060547,-0.997,0.024,-0.158,,0.0,0.0,0.0,,,,,0.0,0.0,35.0,-0.0009960999999982,0.000358900000009,12.04,86.0,36.5,1
66620,SO-0502,PI Nilesh Chauhan,PI,36,2026-07-29 18:09:44+00:00,88.0,86.0,,21.3802445,72.9580521,29.5,-0.943,0.064,0.116,,0.0,0.0,0.0,,,,,0.0,0.0,30.0,-0.0003680000000017,-0.0004370999999991,7.47,86.0,36.5,1
66624,SO-0502,PI Nilesh Chauhan,PI,36,2026-07-29 18:10:09+00:00,88.0,88.0,,21.3777723,72.9582061,30.600000381469727,-0.513,0.001,1.001,,0.0,0.0,0.0,,,,,0.0,0.0,25.0,-0.0024721999999997,0.0001539999999948,39.59,88.0,36.5,1
66628,SO-0502,PI Nilesh Chauhan,PI,36,2026-07-29 18:10:42+00:00,88.0,88.0,,21.376354,72.9578874,30.600000381469727,-0.975,-0.024,-0.085,,0.0,0.0,0.0,,,,,0.0,0.0,33.0,-0.0014183000000009,-0.000318699999994,17.58,88.0,36.5,1
66632,SO-0502,PI Nilesh Chauhan,PI,36,2026-07-29 18:11:10+00:00,88.0,84.0,,21.3740679,72.9585674,33.5995891773654,-0.935,0.017,-0.002,,0.0,0.0,0.0,,,,,0.0,0.0,28.0,-0.0022860999999991,0.0006800000000026,33.95,84.0,36.5,1
66635,SO-0502,PI Nilesh Chauhan,PI,36,2026-07-29 18:11:43+00:00,88.0,87.0,,21.3691325,72.9588042,36.34040211308306,-1.088,-0.061,-0.095,,0.0,0.0,0.0,,,,,0.0,0.0,33.0,-0.0049354000000008,0.0002367999999961,59.83,87.0,36.5,1
66638,SO-0502,PI Nilesh Chauhan,PI,36,2026-07-29 18:12:13+00:00,84.0,84.0,,21.3643073,72.9594534,37.13931169019605,-0.963,-0.023,-0.135,,0.0,0.0,0.0,,,,,0.0,0.0,30.0,-0.004825199999999,0.000649199999998,64.81,84.0,36.5,1
66641,SO-0502,PI Nilesh Chauhan,PI,36,2026-07-29 18:12:40+00:00,84.0,88.0,,21.3603477,72.9598011,44.11184056651865,-0.799,-0.126,-0.338,,0.0,0.0,0.0,,,,,0.0,0.0,27.0,-0.0039596000000017,0.000347700000006,58.81,88.0,36.5,1
66645,SO-0502,PI Nilesh Chauhan,PI,36,2026-07-29 18:13:10+00:00,84.0,88.0,,21.3542106,72.9599667,38.41266135914918,-1.034,0.062,-0.054,,0.0,0.0,0.0,,,,,0.0,0.0,30.0,-0.0061371000000001,0.0001655999999883,81.77,88.0,36.5,1
66649,SO-0502,PI Nilesh Chauhan,PI,36,2026-07-29 18:13:40+00:00,84.0,88.0,,21.3500856,72.9593412,37.24682233844917,-0.909,0.082,0.109,,0.0,0.0,0.0,,,,,0.0,0.0,30.0,-0.0041249999999983,-0.0006254999999981,55.53,88.0,36.5,1
66653,SO-0502,PI Nilesh Chauhan,PI,36,2026-07-29 18:14:09+00:00,84.0,87.0,,21.3465125,72.9585233,37.19999980926514,-0.465,0.271,1.08,,0.0,0.0,0.0,,,,,0.0,0.0,29.0,-0.0035731000000005,-0.0008179000000012,50.43,87.0,36.5,1
66657,SO-0502,PI Nilesh Chauhan,PI,36,2026-07-29 18:14:39+00:00,84.0,87.0,,21.3413053,72.9590484,39.0,-0.999,0.069,-0.04,,0.0,0.0,0.0,,,,,0.0,0.0,30.0,-0.0052072000000009,0.0005251000000043,69.69,87.0,36.5,1
66661,SO-0502,PI Nilesh Chauhan,PI,36,2026-07-29 18:15:10+00:00,84.0,88.0,,21.3372335,72.9606613,39.0,-0.992,0.008,0.109,,0.0,0.0,0.0,,,,,0.0,0.0,31.0,-0.0040717999999984,0.0016128999999978,56.22,88.0,36.5,1
66665,SO-0502,PI Nilesh Chauhan,PI,36,2026-07-29 18:15:41+00:00,84.0,88.0,,21.3327759,72.961951,34.02419466971946,-0.508,-0.128,0.552,,0.0,0.0,0.0,,,,,0.0,0.0,31.0,-0.0044575999999985,0.0012897000000009,59.67,88.0,36.5,1
66669,SO-0502,PI Nilesh Chauhan,PI,36,2026-07-29 18:16:12+00:00,85.0,88.0,,21.3287305,72.9631273,32.68669184584243,-0.951,-0.103,-0.245,,0.0,0.0,0.0,,,,,0.0,0.0,31.0,-0.0040454000000025,0.0011762999999973,54.17,88.0,36.5,1
66673,SO-0502,PI Nilesh Chauhan,PI,36,2026-07-29 18:16:42+00:00,85.0,87.0,,21.3249453,72.9637315,30.186930978116976,-0.984,0.036,-0.172,,0.0,0.0,0.0,,,,,0.0,0.0,30.0,-0.0037851999999993,0.0006041999999979,51.02,87.0,36.5,1
66677,SO-0502,PI Nilesh Chauhan,PI,36,2026-07-29 18:17:10+00:00,84.0,83.0,,21.3225466,72.9643938,28.957163751304737,-1.012,-0.061,0.037,,0.0,0.0,0.0,,,,,0.0,0.0,28.0,-0.0023987000000005,0.0006623000000018,35.44,83.0,36.5,1
66681,SO-0502,PI Nilesh Chauhan,PI,36,2026-07-29 18:17:39+00:00,82.0,88.0,,21.3196158,72.9633292,30.546313286870173,-0.967,-0.05,-0.093,,0.0,0.0,0.0,,,,,0.0,0.0,29.0,-0.0029307999999979,-0.0010645999999923,42.81,88.0,36.5,1
66685,SO-0502,PI Nilesh Chauhan,PI,36,2026-07-29 18:18:09+00:00,82.0,85.0,,21.3158724,72.9618769,32.7024940661218,-1.003,-0.057,-0.246,,0.0,0.0,0.0,,,,,0.0,0.0,30.0,-0.0037434000000011,-0.001452300000011,53.26,85.0,36.5,1
66689,SO-0502,PI Nilesh Chauhan,PI,36,2026-07-29 18:18:42+00:00,82.0,87.0,,21.3120834,72.9586128,32.16772047342573,-0.974,0.077,-0.126,,0.0,0.0,0.0,,,,,0.0,0.0,33.0,-0.0037890000000011,-0.0032640999999955,59.75,87.0,36.5,1
66693,SO-0502,PI Nilesh Chauhan,PI,36,2026-07-29 18:19:12+00:00,82.0,87.0,,21.3098794,72.9561301,31.7533785361386,0.801,0.377,1.111,,0.0,0.0,0.0,,,,,0.0,0.0,30.0,-0.0022039999999989,-0.0024827000000016,43.44,87.0,36.5,1
66697,SO-0502,PI Nilesh Chauhan,PI,36,2026-07-29 18:19:40+00:00,82.0,88.0,,21.306225,72.9549595,31.37470414043108,-0.859,0.087,-0.071,,0.0,0.0,0.0,,,,,0.0,0.0,28.0,-0.0036543999999985,-0.0011705999999946,54.6,88.0,36.5,1
66701,SO-0502,PI Nilesh Chauhan,PI,36,2026-07-29 18:20:12+00:00,82.0,88.0,,21.3044125,72.9546738,28.399999618530273,-1.026,-0.02,-0.147,,0.0,0.0,0.0,,,,,0.0,0.0,32.0,-0.0018124999999997,-0.0002857000000062,22.9,88.0,36.5,1
66704,SO-0502,PI Nilesh Chauhan,PI,36,2026-07-29 18:20:40+00:00,82.0,88.0,,21.3048112,72.9551524,29.100000381469727,-0.478,-0.133,0.782,,0.0,0.0,0.0,,,,,0.0,0.0,28.0,0.000398699999998,0.0004786000000081,8.72,88.0,36.5,1
66707,SO-0502,PI Nilesh Chauhan,PI,36,2026-07-29 18:21:09+00:00,82.0,79.0,,21.3046193,72.9552301,29.200000762939453,-0.675,-0.399,0.035,,0.0,0.0,0.0,,,,,0.0,0.0,29.0,-0.0001919000000007,7.769999999140964e-05,2.84,79.0,36.5,0
66710,SO-0502,PI Nilesh Chauhan,PI,36,2026-07-29 18:21:39+00:00,84.0,78.0,,21.3046556,72.9552016,29.200000762939453,-0.892,-0.059,0.416,,0.0,0.0,0.0,,,,,0.0,0.0,30.0,3.630000000143241e-05,-2.849999999909869e-05,0.61,78.0,36.5,0
66713,SO-0502,PI Nilesh Chauhan,PI,36,2026-07-29 18:22:09+00:00,85.0,88.0,,21.3043294,72.9551112,29.200000762939453,-0.534,-0.121,0.903,,0.0,0.0,0.0,,,,,0.0,0.0,30.0,-0.0003261999999999,-9.03999999906091e-05,4.5,88.0,36.5,0
66716,SO-0502,PI Nilesh Chauhan,PI,36,2026-07-29 18:22:39+00:00,87.0,88.0,,21.3046401,72.9551731,29.200000762939453,-0.207,-0.052,1.062,,0.0,0.0,0.0,,,,,0.0,0.0,30.0,0.0003106999999999,6.189999999151041e-05,4.21,88.0,36.5,0
66719,SO-0502,PI Nilesh Chauhan,PI,36,2026-07-29 18:23:09+00:00,92.0,88.0,,21.3041125,72.9548245,27.5,-1.087,-0.423,0.688,,0.0,0.0,0.0,,,,,0.0,0.0,30.0,-0.0005276000000016,-0.0003485999999952,8.34,88.0,36.5,1
66722,SO-0502,PI Nilesh Chauhan,PI,36,2026-07-29 18:23:39+00:00,90.0,77.0,,21.3041421,72.9548403,27.5,-0.34,1.501,-0.231,,0.0,0.0,0.0,,,,,0.0,0.0,30.0,2.9600000001295257e-05,1.5799999999899228e-05,0.44,77.0,36.5,0
66725,SO-0502,PI Nilesh Chauhan,PI,36,2026-07-29 18:24:09+00:00,89.0,87.0,,21.3041467,72.9548946,27.5,-0.175,0.967,0.288,,0.0,0.0,0.0,,,,,0.0,0.0,30.0,4.600000000465343e-06,5.4300000002172055e-05,0.7,87.0,36.5,0
66728,SO-0502,PI Nilesh Chauhan,PI,36,2026-07-29 18:24:39+00:00,89.0,84.0,,21.304113,72.9548179,27.5,-0.211,1.067,0.682,,0.0,0.0,0.0,,,,,0.0,0.0,30.0,-3.3699999999470265e-05,-7.670000000814525e-05,1.09,84.0,36.5,0
66731,SO-0502,PI Nilesh Chauhan,PI,36,2026-07-29 18:25:09+00:00,89.0,76.0,,21.3041423,72.9548232,29.99283771773895,-0.057,0.71,-0.062,,0.0,0.0,0.0,,,,,0.0,0.0,30.0,2.9299999997789428e-05,5.300000012198325e-06,0.4,76.0,36.5,0
66734,SO-0502,PI Nilesh Chauhan,PI,36,2026-07-29 18:25:39+00:00,92.0,87.0,,21.3041211,72.9548259,27.5,-0.52,0.786,0.451,,0.0,0.0,0.0,,,,,0.0,0.0,30.0,-2.1199999999055308e-05,2.6999999960253263e-06,0.28,87.0,36.5,2
66737,SO-0502,PI Nilesh Chauhan,PI,36,2026-07-29 18:26:09+00:00,99.0,84.0,,21.3041567,72.9548357,27.5,0.098,-0.881,0.52,,0.0,0.0,0.0,,,,,0.0,0.0,30.0,3.560000000035757e-05,9.800000000836915e-06,0.49,84.0,36.5,2
66738,SO-0502,PI Nilesh Chauhan,PI,36,2026-07-29 18:26:39+00:00,95.0,79.0,,21.3041383,72.9548457,27.5,0.112,1.02,0.694,,0.0,0.0,0.0,,,,,0.0,0.0,30.0,-1.8399999998308655e-05,1.0000000003174137e-05,0.28,79.0,36.5,2
66739,SO-0502,PI Nilesh Chauhan,PI,36,2026-07-29 18:27:09+00:00,84.0,87.0,,21.3041128,72.9548181,27.5,-0.794,-0.514,-0.225,,0.0,0.0,0.0,,,,,0.0,0.0,30.0,-2.550000000312025e-05,-2.7600000009897485e-05,0.49,87.0,36.5,0
66741,SO-0502,PI Nilesh Chauhan,PI,36,2026-07-29 18:27:39+00:00,85.0,85.0,,21.3046958,72.9551226,27.5,-0.25,0.932,0.381,,0.0,0.0,0.0,,,,,0.0,0.0,30.0,0.0005830000000024,0.0003044999999985,8.7,85.0,36.5,1
66743,SO-0502,PI Nilesh Chauhan,PI,36,2026-07-29 18:28:09+00:00,83.0,76.0,,21.3041487,72.9549087,27.5,-0.538,0.843,0.007,,0.0,0.0,0.0,,,,,0.0,0.0,30.0,-0.0005471000000021,-0.0002138999999914,7.79,76.0,36.5,1
66745,SO-0502,PI Nilesh Chauhan,PI,36,2026-07-29 18:28:39+00:00,98.0,87.0,,21.3041492,72.9548369,27.5,-0.147,1.127,0.036,,0.0,0.0,0.0,,,,,0.0,0.0,30.0,5.00000002290335e-07,-7.180000000062137e-05,0.93,87.0,36.5,2
66747,SO-0502,PI Nilesh Chauhan,PI,36,2026-07-29 18:29:09+00:00,87.0,88.0,,21.3042637,72.9549074,28.200000762939453,-0.858,0.435,0.324,,0.0,0.0,0.0,,,,,0.0,0.0,30.0,0.0001144999999986,7.049999999253487e-05,1.78,88.0,36.5,0
66749,SO-0502,PI Nilesh Chauhan,PI,36,2026-07-29 18:29:39+00:00,95.0,87.0,,21.3041183,72.9548249,27.5,-0.379,0.798,0.527,,0.0,0.0,0.0,,,,,0.0,0.0,30.0,-0.0001454000000009,-8.249999999065949e-05,2.21,87.0,36.5,2
66751,SO-0502,PI Nilesh Chauhan,PI,36,2026-07-29 18:30:09+00:00,84.0,86.0,,21.3041457,72.9548376,27.5,-0.493,0.778,0.565,,0.0,0.0,0.0,,,,,0.0,0.0,30.0,2.740000000045484e-05,1.2699999999199464e-05,0.4,86.0,36.5,0
66753,SO-0502,PI Nilesh Chauhan,PI,36,2026-07-29 18:30:39+00:00,90.0,86.0,,21.3041466,72.9548452,29.200000762939453,-0.779,0.629,0.18,,0.0,0.0,0.0,,,,,0.0,0.0,30.0,8.999999998593466e-07,7.599999989338357e-06,0.1,86.0,36.5,0
66755,SO-0502,PI Nilesh Chauhan,PI,36,2026-07-29 18:31:09+00:00,85.0,88.0,,21.3041274,72.9548243,27.5,-0.781,0.543,0.293,,0.0,0.0,0.0,,,,,0.0,0.0,30.0,-1.920000000055211e-05,-2.089999999554948e-05,0.37,88.0,36.5,0
66757,SO-0502,PI Nilesh Chauhan,PI,36,2026-07-29 18:31:39+00:00,84.0,74.0,,21.3041341,72.9548305,27.5,-0.715,-0.116,-0.5,,0.0,0.0,0.0,,,,,0.0,0.0,30.0,6.700000000137152e-06,6.2000000013995304e-06,0.12,74.0,36.5,0
66759,SO-0502,PI Nilesh Chauhan,PI,36,2026-07-29 18:32:09+00:00,82.0,86.0,,21.3041306,72.9548304,27.5,-0.492,0.877,0.168,,0.0,0.0,0.0,,,,,0.0,0.0,30.0,-3.499999998268777e-06,-9.999999406318238e-08,0.05,86.0,36.5,0
66761,SO-0502,PI Nilesh Chauhan,PI,36,2026-07-29 18:32:39+00:00,88.0,52.0,,21.3041123,72.9548201,27.5,-0.86,-0.286,-0.187,,0.0,0.0,0.0,,,,,0.0,0.0,30.0,-1.830000000069276e-05,-1.0299999999574538e-05,0.28,52.0,36.5,0
66763,SO-0502,PI Nilesh Chauhan,PI,36,2026-07-29 18:33:14+00:00,83.0,88.0,,21.3041978,72.9549645,27.5,0.327,-0.821,0.32,,0.0,0.0,0.0,,,,,0.0,0.0,35.0,8.550000000084879e-05,0.0001443999999963,1.87,88.0,36.5,0
66765,SO-0502,PI Nilesh Chauhan,PI,36,2026-07-29 18:33:39+00:00,93.0,80.0,,21.3041313,72.9548293,27.5,-0.672,0.67,0.272,,0.0,0.0,0.0,,,,,0.0,0.0,25.0,-6.649999999908118e-05,-0.0001352000000025,2.35,80.0,36.5,2
66768,SO-0502,PI Nilesh Chauhan,PI,36,2026-07-29 18:34:09+00:00,96.0,84.0,,21.3041143,72.9548457,27.5,-0.219,0.945,0.314,,0.0,0.0,0.0,,,,,0.0,0.0,30.0,-1.7000000003264404e-05,1.6400000006910886e-05,0.31,84.0,36.5,2
66771,SO-0502,PI Nilesh Chauhan,PI,36,2026-07-29 18:34:39+00:00,86.0,88.0,,21.3041122,72.9548213,27.5,-0.937,-0.388,0.042,,0.0,0.0,0.0,,,,,0.0,0.0,30.0,-2.099999999671809e-06,-2.4400000000923683e-05,0.32,88.0,36.5,0
66774,SO-0502,PI Nilesh Chauhan,PI,36,2026-07-29 18:35:09+00:00,90.0,68.0,,21.304125,72.9548272,27.5,-0.998,-0.065,0.065,,0.0,0.0,0.0,,,,,0.0,0.0,30.0,1.2800000000368073e-05,5.899999990788274e-06,0.19,68.0,36.5,0
66776,SO-0502,PI Nilesh Chauhan,PI,36,2026-07-29 18:35:39+00:00,97.0,84.0,,21.3041113,72.9548198,27.5,0.434,-0.358,1.055,,0.0,0.0,0.0,,,,,0.0,0.0,30.0,-1.370000000022742e-05,-7.400000001211993e-06,0.21,84.0,36.5,2
66779,SO-0502,PI Nilesh Chauhan,PI,36,2026-07-29 18:36:09+00:00,82.0,79.0,,21.3023291,72.9545523,26.5,-0.226,0.102,0.634,,0.0,0.0,0.0,,,,,0.0,0.0,30.0,-0.0017821999999974,-0.0002674999999925,23.99,79.0,36.5,1
66782,SO-0502,PI Nilesh Chauhan,PI,36,2026-07-29 18:36:39+00:00,88.0,81.0,,21.2996858,72.9537816,25.5,-0.587,0.352,0.998,,0.0,0.0,0.0,,,,,0.0,0.0,30.0,-0.0026433000000025,-0.0007707000000038,36.59,81.0,36.5,1
66785,SO-0502,PI Nilesh Chauhan,PI,36,2026-07-29 18:37:12+00:00,95.0,88.0,,21.2959399,72.9526956,24.100000381469727,-0.438,-0.265,0.977,,0.0,0.0,0.0,,,,,0.0,0.0,33.0,-0.0037458999999984,-0.0010860000000008,47.11,88.0,36.5,1
66788,SO-0502,PI Nilesh Chauhan,PI,36,2026-07-29 18:37:43+00:00,90.0,75.0,,21.2923814,72.9518523,25.5,-0.812,-0.176,0.653,,0.0,0.0,0.0,,,,,0.0,0.0,31.0,-0.0035585000000004,-0.0008432999999996,47.06,75.0,36.5,1
66791,SO-0502,PI Nilesh Chauhan,PI,36,2026-07-29 18:38:12+00:00,82.0,75.0,,21.2886589,72.9515181,28.60396141036847,-0.898,0.24,0.527,,0.0,0.0,0.0,,,,,0.0,0.0,29.0,-0.0037224999999985,-0.0003341999999975,51.49,75.0,36.5,1
66794,SO-0502,PI Nilesh Chauhan,PI,36,2026-07-29 18:38:43+00:00,98.0,85.0,,21.2845595,72.9513253,31.373218465517084,-0.99,0.708,1.359,,0.0,0.0,0.0,,,,,0.0,0.0,31.0,-0.0040994000000011,-0.0001928000000077,52.9,85.0,36.5,1
66797,SO-0502,PI Nilesh Chauhan,PI,36,2026-07-29 18:39:10+00:00,89.0,77.0,,21.2807023,72.9511635,33.65183960796239,-0.931,-0.043,0.397,,0.0,0.0,0.0,,,,,0.0,0.0,27.0,-0.0038571999999987,-0.0001617999999865,57.13,77.0,36.5,1
66800,SO-0502,PI Nilesh Chauhan,PI,36,2026-07-29 18:39:40+00:00,93.0,87.0,,21.2778352,72.9525452,27.600000381469727,-1.353,0.026,0.037,,0.0,0.0,0.0,,,,,0.0,0.0,30.0,-0.0028671000000031,0.001381699999996,42.14,87.0,36.5,1
66805,SO-0502,PI Nilesh Chauhan,PI,36,2026-07-29 18:40:09+00:00,87.0,85.0,,21.2762481,72.9536956,26.799999237060547,-0.028,-0.151,0.951,,0.0,0.0,0.0,,,,,0.0,0.0,29.0,-0.0015870999999982,0.0011504000000002,26.72,85.0,36.5,1
66810,SO-0502,PI Nilesh Chauhan,PI,36,2026-07-29 18:40:40+00:00,85.0,86.0,,21.2741032,72.9552634,23.97423445467288,-0.012,-0.148,1.124,,0.0,0.0,0.0,,,,,0.0,0.0,31.0,-0.0021449000000011,0.0015678000000036,33.87,86.0,36.5,1
66815,SO-0502,PI Nilesh Chauhan,PI,36,2026-07-29 18:41:09+00:00,98.0,88.0,,21.2727067,72.9565833,27.200000762939453,-0.12,-0.136,1.014,,0.0,0.0,0.0,,,,,0.0,0.0,29.0,-0.0013964999999984,0.0013198999999985,26.08,88.0,36.5,1
66820,SO-0502,PI Nilesh Chauhan,PI,36,2026-07-29 18:41:39+00:00,100.0,87.0,,21.270914,72.957443,28.399999618530273,-0.452,-0.193,1.027,,0.0,0.0,0.0,,,,,0.0,0.0,30.0,-0.0017926999999993,0.0008596999999923,26.33,87.0,36.5,1
66824,SO-0502,PI Nilesh Chauhan,PI,36,2026-07-29 18:42:10+00:00,82.0,85.0,,21.2700678,72.9579075,27.200000762939453,-0.766,-0.292,0.683,,0.0,0.0,0.0,,,,,0.0,0.0,31.0,-0.0008462000000015,0.0004645000000067,12.35,85.0,36.5,1
66828,SO-0502,PI Nilesh Chauhan,PI,36,2026-07-29 18:42:40+00:00,86.0,88.0,,21.2705453,72.959088,27.899999618530273,-0.391,-0.869,-0.845,,0.0,0.0,0.0,,,,,0.0,0.0,30.0,0.0004774999999987,0.0011804999999895,16.5,88.0,36.5,1
66832,SO-0502,PI Nilesh Chauhan,PI,36,2026-07-29 18:43:11+00:00,91.0,87.0,,21.2716552,72.9608967,27.899999618530273,-1.24,0.308,1.103,,0.0,0.0,0.0,,,,,0.0,0.0,31.0,0.0011099000000029,0.0018087000000122,26.73,87.0,36.5,1
66835,SO-0502,PI Nilesh Chauhan,PI,36,2026-07-29 18:43:39+00:00,87.0,88.0,,21.2719137,72.9609127,27.100000381469727,-0.832,-0.275,0.485,,0.0,0.0,0.0,,,,,0.0,0.0,28.0,0.0002584999999974,1.5999999988025593e-05,3.7,88.0,36.5,0
66839,SO-0502,PI Nilesh Chauhan,PI,36,2026-07-29 18:44:09+00:00,86.0,71.0,,21.27276,72.9623564,27.399999618530273,-0.973,-0.059,0.158,,0.0,0.0,0.0,,,,,0.0,0.0,30.0,0.0008463000000027,0.00144370000001,21.77,71.0,36.5,1
66843,SO-0502,PI Nilesh Chauhan,PI,36,2026-07-29 18:44:40+00:00,98.0,87.0,,21.2741111,72.9634525,26.399999618530273,-0.944,-0.138,0.196,,0.0,0.0,0.0,,,,,0.0,0.0,31.0,0.0013510999999972,0.001096099999998,22.15,87.0,36.5,1
66847,SO-0502,PI Nilesh Chauhan,PI,36,2026-07-29 18:45:09+00:00,92.0,86.0,,21.2740906,72.9634507,26.399999618530273,-0.2,-0.705,0.52,,0.0,0.0,0.0,,,,,0.0,0.0,29.0,-2.0499999997980467e-05,-1.8000000068241206e-06,0.28,86.0,36.5,2
66852,SO-0502,PI Nilesh Chauhan,PI,36,2026-07-29 18:45:39+00:00,81.0,82.0,,21.2741393,72.963512,26.0,0.209,0.082,1.205,,0.0,0.0,0.0,,,,,0.0,0.0,30.0,4.870000000067875e-05,6.129999999870961e-05,1.02,82.0,36.5,0
66855,SO-0502,PI Nilesh Chauhan,PI,36,2026-07-29 18:46:09+00:00,97.0,87.0,,21.2741132,72.9634935,26.299999237060547,-0.135,-0.859,0.566,,0.0,0.0,0.0,,,,,0.0,0.0,30.0,-2.610000000302648e-05,-1.849999999592455e-05,0.42,87.0,36.5,2
66859,SO-0502,PI Nilesh Chauhan,PI,36,2026-07-29 18:46:39+00:00,90.0,85.0,,21.274132,72.9635747,26.399999618530273,-0.712,-0.708,0.156,,0.0,0.0,0.0,,,,,0.0,0.0,30.0,1.8800000002983097e-05,8.119999999678384e-05,1.08,85.0,36.5,0
66863,SO-0502,PI Nilesh Chauhan,PI,36,2026-07-29 18:47:10+00:00,82.0,88.0,,21.2741252,72.9634951,26.399999618530273,-0.338,-0.883,0.407,,0.0,0.0,0.0,,,,,0.0,0.0,31.0,-6.8000000013057615e-06,-7.959999999229694e-05,1.0,88.0,36.5,0
66867,SO-0502,PI Nilesh Chauhan,PI,36,2026-07-29 18:47:40+00:00,82.0,75.0,,21.2741275,72.9635176,26.399999618530273,-0.752,0.243,0.648,,0.0,0.0,0.0,,,,,0.0,0.0,30.0,2.2999999984563142e-06,2.250000000003638e-05,0.29,75.0,36.5,0
66871,SO-0502,PI Nilesh Chauhan,PI,36,2026-07-29 18:48:09+00:00,86.0,88.0,,21.2741345,72.9635244,26.399999618530273,-0.018,-0.376,1.05,,0.0,0.0,0.0,,,,,0.0,0.0,29.0,7.000000000090267e-06,6.799999994200334e-06,0.13,88.0,36.5,0
66876,SO-0502,PI Nilesh Chauhan,PI,36,2026-07-29 18:48:39+00:00,86.0,86.0,,21.2741325,72.963535,26.399999618530273,-1.023,0.206,0.129,,0.0,0.0,0.0,,,,,0.0,0.0,30.0,-1.999999998503199e-06,1.059999999597494e-05,0.14,86.0,36.5,0
66880,SO-0502,PI Nilesh Chauhan,PI,36,2026-07-29 18:49:10+00:00,95.0,88.0,,21.2741344,72.9635221,26.399999618530273,-0.692,-0.666,0.164,,0.0,0.0,0.0,,,,,0.0,0.0,31.0,1.900000000887303e-06,-1.2899999987325828e-05,0.16,88.0,36.5,2
66886,SO-0502,PI Nilesh Chauhan,PI,36,2026-07-29 18:49:39+00:00,82.0,88.0,,21.2741433,72.9635334,26.399999618530273,-0.715,-0.687,0.068,,0.0,0.0,0.0,,,,,0.0,0.0,29.0,8.899999997424857e-06,1.129999999704978e-05,0.19,88.0,36.5,0
66891,SO-0502,PI Nilesh Chauhan,PI,36,2026-07-29 18:50:09+00:00,82.0,88.0,,21.2741251,72.9635831,26.399999618530273,-0.624,-0.727,0.354,,0.0,0.0,0.0,,,,,0.0,0.0,30.0,-1.8199999999524152e-05,4.969999999104857e-05,0.69,88.0,36.5,0
66897,SO-0502,PI Nilesh Chauhan,PI,36,2026-07-29 18:50:39+00:00,83.0,88.0,,21.2741444,72.9636005,26.399999618530273,-0.623,-0.738,0.343,,0.0,0.0,0.0,,,,,0.0,0.0,30.0,1.930000000172072e-05,1.740000000438613e-05,0.34,88.0,36.5,0
66903,SO-0502,PI Nilesh Chauhan,PI,36,2026-07-29 18:51:10+00:00,93.0,78.0,,21.2741204,72.9635636,26.399999618530273,-0.456,-0.573,0.724,,0.0,0.0,0.0,,,,,0.0,0.0,31.0,-2.399999999980196e-05,-3.6899999997785926e-05,0.55,78.0,36.5,2
66907,SO-0502,PI Nilesh Chauhan,PI,36,2026-07-29 18:51:40+00:00,85.0,85.0,,21.2741251,72.9635235,26.399999618530273,-0.469,0.206,0.939,,0.0,0.0,0.0,,,,,0.0,0.0,30.0,4.699999998081239e-06,-4.010000000675973e-05,0.52,85.0,36.5,0
66913,SO-0502,PI Nilesh Chauhan,PI,36,2026-07-29 18:52:09+00:00,95.0,88.0,,21.2741514,72.9635645,26.399999618530273,1.001,0.155,0.058,,0.0,0.0,0.0,,,,,0.0,0.0,29.0,2.6300000001810982e-05,4.100000001017179e-05,0.66,88.0,36.5,2
66918,SO-0502,PI Nilesh Chauhan,PI,36,2026-07-29 18:52:39+00:00,94.0,84.0,,21.2741328,72.9635535,26.399999618530273,-0.748,0.239,0.692,,0.0,0.0,0.0,,,,,0.0,0.0,30.0,-1.860000000064588e-05,-1.100000000064938e-05,0.29,84.0,36.5,2
66923,SO-0502,PI Nilesh Chauhan,PI,36,2026-07-29 18:53:10+00:00,86.0,88.0,,21.2741009,72.9635501,26.200000762939453,-0.862,-0.463,0.214,,0.0,0.0,0.0,,,,,0.0,0.0,31.0,-3.189999999975157e-05,-3.399999997100167e-06,0.41,88.0,36.5,0
66927,SO-0502,PI Nilesh Chauhan,PI,36,2026-07-29 18:53:39+00:00,85.0,73.0,,21.2741285,72.963514,26.399999618530273,-0.856,-0.406,0.373,,0.0,0.0,0.0,,,,,0.0,0.0,29.0,2.7599999999239344e-05,-3.61000000026479e-05,0.61,73.0,36.5,0
66931,SO-0502,PI Nilesh Chauhan,PI,36,2026-07-29 18:54:09+00:00,91.0,80.0,,21.2740946,72.9635528,26.399999618530273,-0.598,0.203,0.869,,0.0,0.0,0.0,,,,,0.0,0.0,30.0,-3.389999999825477e-05,3.879999999867323e-05,0.67,80.0,36.5,2
66935,SO-0502,PI Nilesh Chauhan,PI,36,2026-07-29 18:54:39+00:00,96.0,88.0,,21.2741544,72.9636105,26.399999618530273,-0.953,-0.308,0.123,,0.0,0.0,0.0,,,,,0.0,0.0,30.0,5.979999999894403e-05,5.769999999927222e-05,1.09,88.0,36.5,2
66939,SO-0502,PI Nilesh Chauhan,PI,36,2026-07-29 18:55:10+00:00,92.0,88.0,,21.274119,72.9635557,26.200000762939453,-0.228,-1.089,-0.062,,0.0,0.0,0.0,,,,,0.0,0.0,31.0,-3.540000000157306e-05,-5.480000000090968e-05,0.82,88.0,36.5,2
66943,SO-0502,PI Nilesh Chauhan,PI,36,2026-07-29 18:55:40+00:00,92.0,87.0,,21.2741386,72.9636041,26.399999618530273,-0.743,-0.683,0.262,,0.0,0.0,0.0,,,,,0.0,0.0,30.0,1.960000000167383e-05,4.839999999717293e-05,0.68,87.0,36.5,2
66947,SO-0502,PI Nilesh Chauhan,PI,36,2026-07-29 18:56:10+00:00,88.0,80.0,,21.2741466,72.9635771,26.399999618530273,-0.731,-0.666,0.105,,0.0,0.0,0.0,,,,,0.0,0.0,30.0,8.000000001118224e-06,-2.7000000002885827e-05,0.36,80.0,36.5,0
66953,SO-0502,PI Nilesh Chauhan,PI,36,2026-07-29 18:56:39+00:00,83.0,81.0,,21.2741277,72.9635138,26.399999618530273,-0.789,-0.579,0.073,,0.0,0.0,0.0,,,,,0.0,0.0,29.0,-1.8900000000598993e-05,-6.32999999936601e-05,0.88,81.0,36.5,0
66956,SO-0502,PI Nilesh Chauhan,PI,36,2026-07-29 18:57:09+00:00,84.0,88.0,,21.2741575,72.9635972,26.399999618530273,-0.59,-0.827,0.113,,0.0,0.0,0.0,,,,,0.0,0.0,30.0,2.9800000000079763e-05,8.339999999407155e-05,1.15,88.0,36.5,0
66959,SO-0502,PI Nilesh Chauhan,PI,36,2026-07-29 18:57:39+00:00,83.0,80.0,,21.2741154,72.9635166,26.399999618530273,-1.339,-0.018,-0.402,,0.0,0.0,0.0,,,,,0.0,0.0,30.0,-4.2100000001710214e-05,-8.059999998977219e-05,1.18,80.0,36.5,0
66965,SO-0502,PI Nilesh Chauhan,PI,36,2026-07-29 18:58:10+00:00,83.0,81.0,,21.2741275,72.9635451,26.399999618530273,-0.088,0.949,0.281,,0.0,0.0,0.0,,,,,0.0,0.0,31.0,1.2099999999293232e-05,2.849999999909869e-05,0.39,81.0,36.5,0
66970,SO-0502,PI Nilesh Chauhan,PI,36,2026-07-29 18:58:39+00:00,96.0,81.0,,21.2741235,72.9634887,26.399999618530273,-0.613,0.716,0.398,,0.0,0.0,0.0,,,,,0.0,0.0,29.0,-3.999999997006398e-06,-5.640000000539658e-05,0.75,81.0,36.5,2
66972,SO-0502,PI Nilesh Chauhan,PI,36,2026-07-29 18:59:10+00:00,89.0,78.0,,21.274124,72.9634999,26.399999618530273,-0.636,-0.194,-0.506,,0.0,0.0,0.0,,,,,0.0,0.0,31.0,4.999999987376214e-07,1.12000000029866e-05,0.14,78.0,36.5,0
66976,SO-0502,PI Nilesh Chauhan,PI,36,2026-07-29 18:59:39+00:00,100.0,88.0,,21.2741465,72.9635753,26.399999618530273,-0.879,-0.302,-0.26,,0.0,0.0,0.0,,,,,0.0,0.0,29.0,2.250000000003638e-05,7.540000000005875e-05,1.05,88.0,36.5,2
66979,SO-0502,PI Nilesh Chauhan,PI,36,2026-07-29 19:00:10+00:00,85.0,88.0,,21.274143,72.9635805,26.399999618530273,-0.844,-0.334,-0.004,,0.0,0.0,0.0,,,,,0.0,0.0,31.0,-3.5000000018214905e-06,5.200000003924288e-06,0.08,88.0,36.5,0
66985,SO-0502,PI Nilesh Chauhan,PI,36,2026-07-29 19:00:40+00:00,91.0,82.0,,21.274128,72.9634897,26.399999618530273,-0.702,-0.143,-0.628,,0.0,0.0,0.0,,,,,0.0,0.0,30.0,-1.4999999997655776e-05,-9.08000000094944e-05,1.19,82.0,36.5,2
66991,SO-0502,PI Nilesh Chauhan,PI,36,2026-07-29 19:01:09+00:00,91.0,81.0,,21.2741309,72.9635947,26.399999618530273,-0.551,0.101,0.93,,0.0,0.0,0.0,,,,,0.0,0.0,29.0,2.8999999983625457e-06,0.0001050000000049,1.4,81.0,36.5,2
66996,SO-0502,PI Nilesh Chauhan,PI,36,2026-07-29 19:01:39+00:00,91.0,68.0,,21.2741292,72.9635934,26.399999618530273,-0.73,-0.197,-0.727,,0.0,0.0,0.0,,,,,0.0,0.0,30.0,-1.6999999985500835e-06,-1.3000000080864993e-06,0.03,68.0,36.5,2
67000,SO-0502,PI Nilesh Chauhan,PI,36,2026-07-29 19:02:09+00:00,89.0,88.0,,21.2741126,72.9635397,26.399999618530273,-0.951,0.142,0.261,,0.0,0.0,0.0,,,,,0.0,0.0,30.0,-1.660000000214268e-05,-5.36999999951604e-05,0.73,88.0,36.5,0
67003,SO-0502,PI Nilesh Chauhan,PI,36,2026-07-29 19:02:39+00:00,86.0,86.0,,21.2741305,72.9636167,26.399999618530273,-0.48,-0.517,0.747,,0.0,0.0,0.0,,,,,0.0,0.0,30.0,1.7899999999571037e-05,7.700000000454565e-05,1.02,86.0,36.5,0
67006,SO-0502,PI Nilesh Chauhan,PI,36,2026-07-29 19:03:09+00:00,100.0,78.0,,21.2731861,72.9629428,26.399999618530273,-0.457,-0.848,0.355,,0.0,0.0,0.0,,,,,0.0,0.0,30.0,-0.000944399999998,-0.0006739000000095,15.29,78.0,36.5,1
67010,SO-0502,PI Nilesh Chauhan,PI,36,2026-07-29 19:03:39+00:00,90.0,88.0,,21.2721216,72.9612861,27.0,-0.348,-0.884,0.367,,0.0,0.0,0.0,,,,,0.0,0.0,30.0,-0.0010645000000018,-0.001656699999998,25.64,88.0,36.5,1
67014,SO-0502,PI Nilesh Chauhan,PI,36,2026-07-29 19:04:09+00:00,89.0,86.0,,21.2709656,72.9594684,27.899999618530273,-0.656,0.018,0.825,,0.0,0.0,0.0,,,,,0.0,0.0,30.0,-0.0011559999999981,-0.0018176999999894,28.05,86.0,36.5,1
67019,SO-0502,PI Nilesh Chauhan,PI,36,2026-07-29 19:04:39+00:00,90.0,88.0,,21.2700511,72.9586057,28.100000381469727,0.272,0.493,0.997,,0.0,0.0,0.0,,,,,0.0,0.0,30.0,-0.0009145000000003,-0.0008626999999989,16.5,88.0,36.5,1
67023,SO-0502,PI Nilesh Chauhan,PI,36,2026-07-29 19:05:09+00:00,88.0,88.0,,21.270041,72.9586552,28.0,-0.434,0.377,0.93,,0.0,0.0,0.0,,,,,0.0,0.0,30.0,-1.0100000000790033e-05,4.949999998871135e-05,0.65,88.0,36.5,0
67027,SO-0502,PI Nilesh Chauhan,PI,36,2026-07-29 19:05:40+00:00,87.0,88.0,,21.2700597,72.9585767,28.100000381469727,-0.542,0.359,0.852,,0.0,0.0,0.0,,,,,0.0,0.0,31.0,1.8700000001814487e-05,-7.850000000075852e-05,1.01,88.0,36.5,0
67031,SO-0502,PI Nilesh Chauhan,PI,36,2026-07-29 19:06:10+00:00,85.0,82.0,,21.2700621,72.9585507,28.100000381469727,-0.515,0.356,0.845,,0.0,0.0,0.0,,,,,0.0,0.0,30.0,2.3999999996249244e-06,-2.599999999119973e-05,0.34,82.0,36.5,0
67035,SO-0502,PI Nilesh Chauhan,PI,36,2026-07-29 19:06:39+00:00,85.0,88.0,,21.2701017,72.9586468,28.100000381469727,-0.561,-0.778,-0.038,,0.0,0.0,0.0,,,,,0.0,0.0,29.0,3.960000000091668e-05,9.6099999993271e-05,1.39,88.0,36.5,0
67039,SO-0502,PI Nilesh Chauhan,PI,36,2026-07-29 19:07:09+00:00,84.0,87.0,,21.2700504,72.9586624,28.100000381469727,-0.132,-0.873,0.543,,0.0,0.0,0.0,,,,,0.0,0.0,30.0,-5.13000000026409e-05,1.559999999756201e-05,0.71,87.0,36.5,0
67042,SO-0502,PI Nilesh Chauhan,PI,36,2026-07-29 19:07:39+00:00,100.0,88.0,,21.2700626,72.9586046,28.0,-0.248,0.879,0.266,,0.0,0.0,0.0,,,,,0.0,0.0,30.0,1.220000000046184e-05,-5.7799999993335405e-05,0.76,88.0,36.5,2
67045,SO-0502,PI Nilesh Chauhan,PI,36,2026-07-29 19:08:09+00:00,100.0,75.0,,21.2702513,72.9587825,28.100000381469727,-0.235,0.796,0.252,,0.0,0.0,0.0,,,,,0.0,0.0,30.0,0.0001887000000024,0.000177899999997,3.4,75.0,36.5,2
67048,SO-0502,PI Nilesh Chauhan,PI,36,2026-07-29 19:08:40+00:00,98.0,57.0,,21.2700621,72.9586475,28.0,-0.648,0.377,0.115,,0.0,0.0,0.0,,,,,0.0,0.0,31.0,-0.0001892000000012,-0.0001350000000002,2.96,57.0,36.5,2
67053,SO-0502,PI Nilesh Chauhan,PI,36,2026-07-29 19:09:09+00:00,82.0,85.0,,21.2702202,72.9589548,28.0,-0.394,0.885,-0.127,,0.0,0.0,0.0,,,,,0.0,0.0,29.0,0.0001581000000001,0.0003073000000028,4.64,85.0,36.5,1
67056,SO-0502,PI Nilesh Chauhan,PI,36,2026-07-29 19:09:39+00:00,97.0,72.0,,21.2701995,72.9589426,28.0,-0.256,0.922,-0.058,,0.0,0.0,0.0,,,,,0.0,0.0,30.0,-2.0700000000317686e-05,-1.220000000046184e-05,0.32,72.0,36.5,2
67061,SO-0502,PI Nilesh Chauhan,PI,36,2026-07-29 19:10:09+00:00,92.0,76.0,,21.2702215,72.958942,28.0,-0.292,0.972,0.344,,0.0,0.0,0.0,,,,,0.0,0.0,30.0,2.200000000129876e-05,-6.000000070116585e-07,0.29,76.0,36.5,2
67064,SO-0502,PI Nilesh Chauhan,PI,36,2026-07-29 19:10:40+00:00,85.0,69.0,,21.270206,72.9589469,28.0,-0.247,0.853,0.052,,0.0,0.0,0.0,,,,,0.0,0.0,31.0,-1.5499999999946112e-05,4.900000007523886e-06,0.21,69.0,36.5,0
67067,SO-0502,PI Nilesh Chauhan,PI,36,2026-07-29 19:11:09+00:00,91.0,86.0,,21.2702242,72.9589475,28.0,-0.256,0.958,0.232,,0.0,0.0,0.0,,,,,0.0,0.0,29.0,1.8199999999524152e-05,5.999999928008037e-07,0.25,86.0,36.5,2
67071,SO-0502,PI Nilesh Chauhan,PI,36,2026-07-29 19:11:40+00:00,89.0,88.0,,21.2702131,72.9589533,28.0,-0.48,-0.863,-0.137,,0.0,0.0,0.0,,,,,0.0,0.0,31.0,-1.1100000001817987e-05,5.800000010935946e-06,0.16,88.0,36.5,0
67076,SO-0502,PI Nilesh Chauhan,PI,36,2026-07-29 19:12:10+00:00,93.0,87.0,,21.2702237,72.9589612,28.0,-0.451,-0.873,-0.103,,0.0,0.0,0.0,,,,,0.0,0.0,30.0,1.0599999999527654e-05,7.899999999949614e-06,0.17,87.0,36.5,2
67080,SO-0502,PI Nilesh Chauhan,PI,36,2026-07-29 19:12:40+00:00,94.0,87.0,,21.270219,72.9589486,28.0,-0.653,0.512,0.316,,0.0,0.0,0.0,,,,,0.0,0.0,30.0,-4.699999998081239e-06,-1.260000000513628e-05,0.17,87.0,36.5,2
67084,SO-0502,PI Nilesh Chauhan,PI,36,2026-07-29 19:13:10+00:00,81.0,88.0,,21.2702258,72.9589505,28.0,-0.531,-0.662,-0.454,,0.0,0.0,0.0,,,,,0.0,0.0,30.0,6.799999997753048e-06,1.900000000887303e-06,0.09,88.0,36.5,0
67088,SO-0502,PI Nilesh Chauhan,PI,36,2026-07-29 19:13:39+00:00,85.0,88.0,,21.2702373,72.9589459,28.0,-0.754,0.635,0.223,,0.0,0.0,0.0,,,,,0.0,0.0,29.0,1.1500000002939714e-05,-4.599999996912629e-06,0.17,88.0,36.5,0
67091,SO-0502,PI Nilesh Chauhan,PI,36,2026-07-29 19:14:10+00:00,83.0,88.0,,21.2702214,72.9589513,28.0,-0.031,1.035,-0.224,,0.0,0.0,0.0,,,,,0.0,0.0,31.0,-1.5900000001067838e-05,5.3999999920506525e-06,0.22,88.0,36.5,0
67094,SO-0502,PI Nilesh Chauhan,PI,36,2026-07-29 19:14:39+00:00,85.0,86.0,,21.2702231,72.9589545,28.0,-0.9,-0.162,0.29,,0.0,0.0,0.0,,,,,0.0,0.0,29.0,1.6999999985500835e-06,3.2000000089738023e-06,0.05,86.0,36.5,0
67098,SO-0502,PI Nilesh Chauhan,PI,36,2026-07-29 19:15:09+00:00,85.0,74.0,,21.2700854,72.9587274,28.0,0.763,-0.551,0.309,,0.0,0.0,0.0,,,,,0.0,0.0,30.0,-0.0001376999999997,-0.0002271000000035,3.46,74.0,36.5,0
67101,SO-0502,PI Nilesh Chauhan,PI,36,2026-07-29 19:15:39+00:00,84.0,87.0,,21.2701111,72.958684,28.0,-0.571,0.756,0.414,,0.0,0.0,0.0,,,,,0.0,0.0,30.0,2.5700000001904755e-05,-4.339999999558586e-05,0.66,87.0,36.5,0
67103,SO-0502,PI Nilesh Chauhan,PI,36,2026-07-29 19:16:09+00:00,88.0,88.0,,21.2700807,72.9586401,28.0,-0.764,0.576,0.306,,0.0,0.0,0.0,,,,,0.0,0.0,30.0,-3.039999999998599e-05,-4.3900000008534334e-05,0.7,88.0,36.5,0
67106,SO-0502,PI Nilesh Chauhan,PI,36,2026-07-29 19:16:40+00:00,85.0,88.0,,21.2700565,72.9586615,28.0,-1.042,-0.24,0.298,,0.0,0.0,0.0,,,,,0.0,0.0,31.0,-2.4200000002139177e-05,2.1400000008497955e-05,0.41,88.0,36.5,0
67109,SO-0502,PI Nilesh Chauhan,PI,36,2026-07-29 19:17:09+00:00,88.0,88.0,,21.270077,72.9586604,28.0,-0.909,0.438,0.149,,0.0,0.0,0.0,,,,,0.0,0.0,29.0,2.050000000153318e-05,-1.1000000057492798e-06,0.28,88.0,36.5,0
67113,SO-0502,PI Nilesh Chauhan,PI,36,2026-07-29 19:17:39+00:00,95.0,88.0,,21.2700473,72.9586391,28.0,-0.313,0.874,0.4,,0.0,0.0,0.0,,,,,0.0,0.0,30.0,-2.9699999998911153e-05,-2.130000000022392e-05,0.48,88.0,36.5,2
67116,SO-0502,PI Nilesh Chauhan,PI,36,2026-07-29 19:18:10+00:00,84.0,88.0,,21.2700615,72.9586694,28.0,-0.558,0.793,0.353,,0.0,0.0,0.0,,,,,0.0,0.0,31.0,1.419999999896504e-05,3.030000000592281e-05,0.42,88.0,36.5,0
67118,SO-0502,PI Nilesh Chauhan,PI,36,2026-07-29 19:18:39+00:00,89.0,87.0,,21.2700926,72.9586977,28.0,-0.619,0.744,0.348,,0.0,0.0,0.0,,,,,0.0,0.0,29.0,3.1100000001060835e-05,2.829999999676147e-05,0.57,87.0,36.5,0
67121,SO-0502,PI Nilesh Chauhan,PI,36,2026-07-29 19:19:09+00:00,88.0,82.0,,21.2701294,72.9587427,28.0,-0.173,0.927,0.278,,0.0,0.0,0.0,,,,,0.0,0.0,30.0,3.679999999661731e-05,4.500000000007276e-05,0.76,82.0,36.5,0
67124,SO-0502,PI Nilesh Chauhan,PI,36,2026-07-29 19:19:40+00:00,88.0,88.0,,21.2700588,72.9586519,28.0,-0.925,0.001,-0.146,,0.0,0.0,0.0,,,,,0.0,0.0,31.0,-7.059999999725619e-05,-9.079999999528354e-05,1.45,88.0,36.5,0
67127,SO-0502,PI Nilesh Chauhan,PI,36,2026-07-29 19:20:09+00:00,86.0,88.0,,21.2701557,72.9587709,28.0,-0.948,-0.314,-0.152,,0.0,0.0,0.0,,,,,0.0,0.0,29.0,9.689999999906718e-05,0.0001189999999979,2.07,88.0,36.5,0
67129,SO-0502,PI Nilesh Chauhan,PI,36,2026-07-29 19:20:39+00:00,86.0,88.0,,21.2700914,72.9587035,28.0,-0.087,0.957,0.272,,0.0,0.0,0.0,,,,,0.0,0.0,30.0,-6.430000000179348e-05,-6.740000000604596e-05,1.22,88.0,36.5,0
67131,SO-0502,PI Nilesh Chauhan,PI,36,2026-07-29 19:21:09+00:00,86.0,88.0,,21.2701298,72.9586989,28.0,0.814,-0.474,-0.217,,0.0,0.0,0.0,,,,,0.0,0.0,30.0,3.840000000110422e-05,-4.599999996912629e-06,0.51,88.0,36.5,0
67133,SO-0502,PI Nilesh Chauhan,PI,36,2026-07-29 19:21:39+00:00,85.0,88.0,,21.2701675,72.9587657,28.0,-0.636,-0.371,-0.568,,0.0,0.0,0.0,,,,,0.0,0.0,30.0,3.770000000002938e-05,6.67999999990343e-05,1.0,88.0,36.5,0
67138,SO-0502,PI Nilesh Chauhan,PI,36,2026-07-29 19:22:11+00:00,100.0,87.0,,21.2701191,72.9588223,28.100000381469727,-0.704,0.707,0.177,,0.0,0.0,0.0,,,,,0.0,0.0,32.0,-4.840000000072564e-05,5.659999999352294e-05,0.91,87.0,36.5,2
67141,SO-0502,PI Nilesh Chauhan,PI,36,2026-07-29 19:22:39+00:00,92.0,84.0,,21.2700982,72.9587125,28.0,-0.708,0.679,0.071,,0.0,0.0,0.0,,,,,0.0,0.0,28.0,-2.0899999999102192e-05,-0.0001097999999899,1.55,84.0,36.5,2
67143,SO-0502,PI Nilesh Chauhan,PI,36,2026-07-29 19:23:09+00:00,86.0,88.0,,21.2700612,72.9586589,31.105433410895984,-0.364,0.595,-0.207,,0.0,0.0,0.0,,,,,0.0,0.0,30.0,-3.6999999998954536e-05,-5.3600000001097214e-05,0.85,88.0,36.5,0
67146,SO-0502,PI Nilesh Chauhan,PI,36,2026-07-29 19:23:39+00:00,86.0,51.0,,21.2700958,72.9587413,28.0,-0.165,0.859,0.42,,0.0,0.0,0.0,,,,,0.0,0.0,30.0,3.459999999932961e-05,8.239999999659631e-05,1.16,51.0,36.5,0
67148,SO-0502,PI Nilesh Chauhan,PI,36,2026-07-29 19:24:09+00:00,85.0,88.0,,21.2700948,72.9587343,28.0,-0.626,-0.164,0.881,,0.0,0.0,0.0,,,,,0.0,0.0,30.0,-1.0000000010279564e-06,-6.999999996537554e-06,0.09,88.0,36.5,0
67151,SO-0502,PI Nilesh Chauhan,PI,36,2026-07-29 19:24:40+00:00,87.0,87.0,,21.2701109,72.9587578,28.100000381469727,-0.658,0.652,0.417,,0.0,0.0,0.0,,,,,0.0,0.0,31.0,1.6099999999852344e-05,2.3499999997511622e-05,0.36,87.0,36.5,0
67153,SO-0502,PI Nilesh Chauhan,PI,36,2026-07-29 19:25:09+00:00,92.0,88.0,,21.2701074,72.9587318,24.523172181866812,-0.827,0.554,-0.427,,0.0,0.0,0.0,,,,,0.0,0.0,29.0,-3.499999998268777e-06,-2.6000000005410584e-05,0.35,88.0,36.5,2
67156,SO-0502,PI Nilesh Chauhan,PI,36,2026-07-29 19:25:39+00:00,100.0,88.0,,21.2701027,72.9587445,28.0,-0.293,0.824,0.04,,0.0,0.0,0.0,,,,,0.0,0.0,30.0,-4.700000001633953e-06,1.2699999999199464e-05,0.18,88.0,36.5,2
67160,SO-0502,PI Nilesh Chauhan,PI,36,2026-07-29 19:26:09+00:00,82.0,87.0,,21.2700977,72.9587412,28.0,-0.499,0.86,-0.092,,0.0,0.0,0.0,,,,,0.0,0.0,30.0,-4.9999999980343546e-06,-3.29999998882613e-06,0.08,87.0,36.5,0
67163,SO-0502,PI Nilesh Chauhan,PI,36,2026-07-29 19:26:39+00:00,91.0,68.0,,21.2701222,72.958763,28.0,0.25,1.172,0.227,,0.0,0.0,0.0,,,,,0.0,0.0,30.0,2.449999999853958e-05,2.179999999896154e-05,0.43,68.0,36.5,2
67166,SO-0502,PI Nilesh Chauhan,PI,36,2026-07-29 19:27:09+00:00,91.0,50.0,,21.2700987,72.958748,28.0,-0.86,-0.256,-0.259,,0.0,0.0,0.0,,,,,0.0,0.0,30.0,-2.3500000001064336e-05,-1.5000000004761205e-05,0.37,50.0,36.5,2
67169,SO-0502,PI Nilesh Chauhan,PI,36,2026-07-29 19:27:39+00:00,84.0,87.0,,21.2700905,72.9587317,28.0,-0.237,0.951,0.253,,0.0,0.0,0.0,,,,,0.0,0.0,30.0,-8.19999999990273e-06,-1.629999999863685e-05,0.24,87.0,36.5,0
67170,SO-0502,PI Nilesh Chauhan,PI,36,2026-07-29 19:28:09+00:00,82.0,82.0,,21.2700811,72.9587168,28.100000381469727,-0.464,0.856,0.243,,0.0,0.0,0.0,,,,,0.0,0.0,30.0,-9.399999999715192e-06,-1.4899999996487168e-05,0.23,82.0,36.5,0
67171,SO-0502,PI Nilesh Chauhan,PI,36,2026-07-29 19:28:39+00:00,87.0,88.0,,21.2701126,72.9587401,28.0,-0.666,0.625,-0.762,,0.0,0.0,0.0,,,,,0.0,0.0,30.0,3.150000000218256e-05,2.3299999995174403e-05,0.52,88.0,36.5,0
67172,SO-0502,PI Nilesh Chauhan,PI,36,2026-07-29 19:29:09+00:00,87.0,52.0,,21.27009,72.9586982,28.0,-0.612,1.135,0.018,,0.0,0.0,0.0,,,,,0.0,0.0,30.0,-2.260000000120499e-05,-4.1899999999372994e-05,0.62,52.0,36.5,0
67173,SO-0502,PI Nilesh Chauhan,PI,36,2026-07-29 19:29:39+00:00,83.0,,,21.2700484,72.9586119,28.0,-0.262,-0.019,1.054,,0.0,0.0,0.0,,,,,0.0,0.0,30.0,-4.159999999941988e-05,-8.630000000664495e-05,1.24,52.0,36.5,0
67174,SO-0502,PI Nilesh Chauhan,PI,36,2026-07-29 19:30:09+00:00,93.0,88.0,,21.2697436,72.9581708,28.600000381469727,-0.389,-0.51,0.86,,0.0,0.0,0.0,,,,,0.0,0.0,30.0,-0.0003047999999985,-0.000441099999989,6.99,88.0,36.5,1
67175,SO-0502,PI Nilesh Chauhan,PI,36,2026-07-29 19:30:39+00:00,87.0,78.0,,21.2686833,72.9577637,28.799999237060547,-0.274,-0.642,0.694,,0.0,0.0,0.0,,,,,0.0,0.0,30.0,-0.0010603000000024,-0.0004071000000038,15.07,78.0,36.5,1
67176,SO-0502,PI Nilesh Chauhan,PI,36,2026-07-29 19:31:09+00:00,96.0,87.0,,21.2687397,72.9583115,28.799999237060547,-0.191,-0.607,0.924,,0.0,0.0,0.0,,,,,0.0,0.0,30.0,5.6400000001843864e-05,0.0005477999999925,7.11,87.0,36.5,1
67178,SO-0502,PI Nilesh Chauhan,PI,36,2026-07-29 19:31:40+00:00,96.0,88.0,,21.2668118,72.9595077,27.100000381469727,-0.808,-0.672,0.255,,0.0,0.0,0.0,,,,,0.0,0.0,31.0,-0.0019279000000018,0.0011962000000096,28.99,88.0,36.5,1
67179,SO-0502,PI Nilesh Chauhan,PI,36,2026-07-29 19:32:12+00:00,98.0,87.0,,21.2642794,72.9602905,25.11876471528865,-0.387,-0.613,0.74,,0.0,0.0,0.0,,,,,0.0,0.0,32.0,-0.0025323999999997,0.000782799999996,33.01,87.0,36.5,1
67180,SO-0502,PI Nilesh Chauhan,PI,36,2026-07-29 19:32:40+00:00,82.0,81.0,,21.2604716,72.961477,27.600000381469727,-0.281,-0.074,1.129,,0.0,0.0,0.0,,,,,0.0,0.0,28.0,-0.0038078000000005,0.0011865000000028,56.76,81.0,36.5,1
67181,SO-0502,PI Nilesh Chauhan,PI,36,2026-07-29 19:33:12+00:00,87.0,88.0,,21.2581516,72.9629739,27.600000381469727,-0.234,-0.514,0.966,,0.0,0.0,0.0,,,,,0.0,0.0,32.0,-0.0023199999999974,0.0014968999999922,34.16,88.0,36.5,1
67182,SO-0502,PI Nilesh Chauhan,PI,36,2026-07-29 19:33:40+00:00,93.0,88.0,,21.2553368,72.9634643,34.89089010457644,-0.949,0.044,0.185,,0.0,0.0,0.0,,,,,0.0,0.0,28.0,-0.002814800000003,0.0004904000000038,40.74,88.0,36.5,1
67184,SO-0502,PI Nilesh Chauhan,PI,36,2026-07-29 19:34:12+00:00,96.0,67.0,,21.2514921,72.9659486,31.653568588547017,-0.571,-0.618,0.396,,0.0,0.0,0.0,,,,,0.0,0.0,32.0,-0.0038446999999983,0.0024843000000061,56.63,67.0,36.5,1
67185,SO-0502,PI Nilesh Chauhan,PI,36,2026-07-29 19:34:40+00:00,87.0,88.0,,21.2493919,72.9678458,29.600000381469727,-0.194,-1.022,0.293,,0.0,0.0,0.0,,,,,0.0,0.0,28.0,-0.0021002000000009,0.0018972000000019,39.82,88.0,36.5,1
67187,SO-0502,PI Nilesh Chauhan,PI,36,2026-07-29 19:35:12+00:00,94.0,84.0,,21.2444947,72.9685022,29.600000381469727,-0.982,-0.232,-0.001,,0.0,0.0,0.0,,,,,0.0,0.0,32.0,-0.0048971999999984,0.0006563999999968,61.67,84.0,36.5,1
67191,SO-0502,PI Nilesh Chauhan,PI,36,2026-07-29 19:35:39+00:00,91.0,85.0,,21.2408868,72.9689435,29.200000762939453,-0.445,-0.802,0.442,,0.0,0.0,0.0,,,,,0.0,0.0,27.0,-0.0036079000000022,0.0004412999999914,53.77,85.0,36.5,1
67192,SO-0502,PI Nilesh Chauhan,PI,36,2026-07-29 19:36:10+00:00,86.0,84.0,,21.235796,72.9685966,29.200000762939453,-0.932,-0.245,0.281,,0.0,0.0,0.0,,,,,0.0,0.0,31.0,-0.0050907999999978,-0.0003468999999967,65.76,84.0,36.5,1
67193,SO-0502,PI Nilesh Chauhan,PI,36,2026-07-29 19:36:40+00:00,87.0,85.0,,21.2331328,72.9689889,28.799999237060547,-0.706,-0.329,0.706,,0.0,0.0,0.0,,,,,0.0,0.0,30.0,-0.0026632000000006,0.0003923000000014,35.83,85.0,36.5,1
67194,SO-0502,PI Nilesh Chauhan,PI,36,2026-07-29 19:37:12+00:00,83.0,87.0,,21.2277927,72.9684955,27.700000762939453,-0.938,-0.027,0.415,,0.0,0.0,0.0,,,,,0.0,0.0,32.0,-0.0053401000000015,-0.0004933999999963,66.95,87.0,36.5,1
67196,SO-0502,PI Nilesh Chauhan,PI,36,2026-07-29 19:37:42+00:00,87.0,88.0,,21.2236054,72.9684925,27.700000762939453,-0.996,-0.03,0.242,,0.0,0.0,0.0,,,,,0.0,0.0,30.0,-0.0041872999999981,-3.000000006636583e-06,55.77,88.0,36.5,1
67198,SO-0502,PI Nilesh Chauhan,PI,36,2026-07-29 19:38:12+00:00,83.0,86.0,,21.2193075,72.9684902,27.700000762939453,-0.957,-0.125,0.365,,0.0,0.0,0.0,,,,,0.0,0.0,30.0,-0.0042979000000009,-2.2999999913508873e-06,57.25,86.0,36.5,1
67200,SO-0502,PI Nilesh Chauhan,PI,36,2026-07-29 19:38:41+00:00,98.0,87.0,,21.2168909,72.968485,24.935731228267144,-0.31,-0.428,0.828,,0.0,0.0,0.0,,,,,0.0,0.0,29.0,-0.0024166000000001,-5.200000003924288e-06,33.3,87.0,36.5,1
67205,SO-0502,PI Nilesh Chauhan,PI,36,2026-07-29 19:39:12+00:00,88.0,87.0,,21.2137038,72.9682002,27.700000762939453,-0.186,-0.407,1.099,,0.0,0.0,0.0,,,,,0.0,0.0,31.0,-0.0031870999999981,-0.0002848000000028,41.24,87.0,36.5,1
77788,SO-0502,PI Nilesh Chauhan,PI,36,2026-08-04 16:35:08+00:00,98.0,87.0,,0.0,0.0,0.0,0.345,0.47,0.86,,0.0,0.0,0.0,,,,,0.0,0.0,507356.0,-21.2137038,-72.9682002,0.0,87.0,36.5,2
77789,SO-0502,PI Nilesh Chauhan,PI,36,2026-08-04 16:35:38+00:00,82.0,88.0,,0.0,0.0,0.0,-1.047,-0.042,0.345,,0.0,0.0,0.0,,,,,0.0,0.0,30.0,0.0,0.0,0.0,88.0,36.5,0
77790,SO-0502,PI Nilesh Chauhan,PI,36,2026-08-04 16:36:08+00:00,89.0,87.0,,0.0,0.0,0.0,-0.424,0.26,1.031,,0.0,0.0,0.0,,,,,0.0,0.0,30.0,0.0,0.0,0.0,87.0,36.5,0
77791,SO-0502,PI Nilesh Chauhan,PI,36,2026-08-04 16:36:38+00:00,98.0,81.0,,0.0,0.0,0.0,-0.58,0.143,0.81,,0.0,0.0,0.0,,,,,0.0,0.0,30.0,0.0,0.0,0.0,81.0,36.5,2
77792,SO-0502,PI Nilesh Chauhan,PI,36,2026-08-04 16:37:08+00:00,82.0,88.0,,0.0,0.0,0.0,-0.74,-0.573,0.25,,0.0,0.0,0.0,,,,,0.0,0.0,30.0,0.0,0.0,0.0,88.0,36.5,0
77793,SO-0502,PI Nilesh Chauhan,PI,36,2026-08-04 16:37:38+00:00,87.0,88.0,,0.0,0.0,0.0,-0.778,-0.67,0.014,,0.0,0.0,0.0,,,,,0.0,0.0,30.0,0.0,0.0,0.0,88.0,36.5,0
77794,SO-0502,PI Nilesh Chauhan,PI,36,2026-08-04 16:38:08+00:00,95.0,88.0,,0.0,0.0,0.0,-0.439,0.206,0.936,,0.0,0.0,0.0,,,,,0.0,0.0,30.0,0.0,0.0,0.0,88.0,36.5,2
77795,SO-0502,PI Nilesh Chauhan,PI,36,2026-08-04 16:38:38+00:00,93.0,88.0,,0.0,0.0,0.0,-0.483,0.23,1.035,,0.0,0.0,0.0,,,,,0.0,0.0,30.0,0.0,0.0,0.0,88.0,36.5,2
77796,SO-0502,PI Nilesh Chauhan,PI,36,2026-08-04 16:39:08+00:00,95.0,87.0,,0.0,0.0,0.0,-0.37,0.228,1.03,,0.0,0.0,0.0,,,,,0.0,0.0,30.0,0.0,0.0,0.0,87.0,36.5,2
77797,SO-0502,PI Nilesh Chauhan,PI,36,2026-08-04 16:39:38+00:00,100.0,85.0,,0.0,0.0,0.0,-0.445,0.323,1.043,,0.0,0.0,0.0,,,,,0.0,0.0,30.0,0.0,0.0,0.0,85.0,36.5,2
77798,SO-0502,PI Nilesh Chauhan,PI,36,2026-08-04 16:40:08+00:00,100.0,88.0,,0.0,0.0,0.0,-0.41,0.197,1.13,,0.0,0.0,0.0,,,,,0.0,0.0,30.0,0.0,0.0,0.0,88.0,36.5,2
77799,SO-0502,PI Nilesh Chauhan,PI,36,2026-08-04 16:40:38+00:00,81.0,87.0,,0.0,0.0,0.0,-0.118,0.312,1.057,,0.0,0.0,0.0,,,,,0.0,0.0,30.0,0.0,0.0,0.0,87.0,36.5,0
77800,SO-0502,PI Nilesh Chauhan,PI,36,2026-08-04 16:41:08+00:00,90.0,87.0,,0.0,0.0,0.0,0.177,-0.643,0.867,,0.0,0.0,0.0,,,,,0.0,0.0,30.0,0.0,0.0,0.0,87.0,36.5,0
77801,SO-0502,PI Nilesh Chauhan,PI,36,2026-08-04 16:41:38+00:00,94.0,88.0,,0.0,0.0,0.0,-1.118,0.003,0.207,,0.0,0.0,0.0,,,,,0.0,0.0,30.0,0.0,0.0,0.0,88.0,36.5,2
77802,SO-0502,PI Nilesh Chauhan,PI,36,2026-08-04 16:42:08+00:00,91.0,88.0,,0.0,0.0,0.0,-0.635,-0.341,0.703,,0.0,0.0,0.0,,,,,0.0,0.0,30.0,0.0,0.0,0.0,88.0,36.5,2
77803,SO-0502,PI Nilesh Chauhan,PI,36,2026-08-04 16:42:38+00:00,97.0,88.0,,0.0,0.0,0.0,-0.338,-1.026,0.313,,0.0,0.0,0.0,,,,,0.0,0.0,30.0,0.0,0.0,0.0,88.0,36.5,2
77804,SO-0502,PI Nilesh Chauhan,PI,36,2026-08-04 16:43:08+00:00,97.0,88.0,,0.0,0.0,0.0,-0.353,-0.199,0.94,,0.0,0.0,0.0,,,,,0.0,0.0,30.0,0.0,0.0,0.0,88.0,36.5,2
77805,SO-0502,PI Nilesh Chauhan,PI,36,2026-08-04 16:43:38+00:00,95.0,88.0,,0.0,0.0,0.0,-0.622,-0.17,0.704,,0.0,0.0,0.0,,,,,0.0,0.0,30.0,0.0,0.0,0.0,88.0,36.5,2
77806,SO-0502,PI Nilesh Chauhan,PI,36,2026-08-04 16:44:08+00:00,95.0,75.0,,0.0,0.0,0.0,-1.257,-0.574,0.618,,0.0,0.0,0.0,,,,,0.0,0.0,30.0,0.0,0.0,0.0,75.0,36.5,2
77807,SO-0502,PI Nilesh Chauhan,PI,36,2026-08-04 16:44:38+00:00,97.0,85.0,,0.0,0.0,0.0,-0.424,-0.159,0.719,,0.0,0.0,0.0,,,,,0.0,0.0,30.0,0.0,0.0,0.0,85.0,36.5,2
77808,SO-0502,PI Nilesh Chauhan,PI,36,2026-08-04 16:45:08+00:00,96.0,84.0,,0.0,0.0,0.0,-0.593,-0.053,0.897,,0.0,0.0,0.0,,,,,0.0,0.0,30.0,0.0,0.0,0.0,84.0,36.5,2
77809,SO-0502,PI Nilesh Chauhan,PI,36,2026-08-04 16:45:38+00:00,98.0,85.0,,0.0,0.0,0.0,-0.816,0.033,0.891,,0.0,0.0,0.0,,,,,0.0,0.0,30.0,0.0,0.0,0.0,85.0,36.5,2
77810,SO-0502,PI Nilesh Chauhan,PI,36,2026-08-04 16:46:08+00:00,87.0,88.0,,0.0,0.0,0.0,-0.724,-0.159,0.944,,0.0,0.0,0.0,,,,,0.0,0.0,30.0,0.0,0.0,0.0,88.0,36.5,0
77811,SO-0502,PI Nilesh Chauhan,PI,36,2026-08-04 16:46:38+00:00,86.0,88.0,,0.0,0.0,0.0,-0.079,0.404,1.091,,0.0,0.0,0.0,,,,,0.0,0.0,30.0,0.0,0.0,0.0,88.0,36.5,0
77812,SO-0502,PI Nilesh Chauhan,PI,36,2026-08-04 16:47:08+00:00,91.0,88.0,,0.0,0.0,0.0,-0.115,0.277,1.12,,0.0,0.0,0.0,,,,,0.0,0.0,30.0,0.0,0.0,0.0,88.0,36.5,2
77813,SO-0502,PI Nilesh Chauhan,PI,36,2026-08-04 16:47:38+00:00,82.0,88.0,,0.0,0.0,0.0,-0.054,0.268,1.006,,0.0,0.0,0.0,,,,,0.0,0.0,30.0,0.0,0.0,0.0,88.0,36.5,0
77814,SO-0502,PI Nilesh Chauhan,PI,36,2026-08-04 16:48:08+00:00,82.0,88.0,,0.0,0.0,0.0,-0.248,0.283,1.02,,0.0,0.0,0.0,,,,,0.0,0.0,30.0,0.0,0.0,0.0,88.0,36.5,0
77815,SO-0502,PI Nilesh Chauhan,PI,36,2026-08-04 16:48:38+00:00,84.0,87.0,,0.0,0.0,0.0,-0.25,0.463,1.114,,0.0,0.0,0.0,,,,,0.0,0.0,30.0,0.0,0.0,0.0,87.0,36.5,0
77816,SO-0502,PI Nilesh Chauhan,PI,36,2026-08-04 16:49:08+00:00,81.0,88.0,,0.0,0.0,0.0,-0.181,0.302,1.029,,0.0,0.0,0.0,,,,,0.0,0.0,30.0,0.0,0.0,0.0,88.0,36.5,0
77817,SO-0502,PI Nilesh Chauhan,PI,36,2026-08-04 16:49:39+00:00,93.0,89.0,,0.0,0.0,0.0,-0.918,-0.105,0.499,,0.0,0.0,0.0,,,,,0.0,0.0,31.0,0.0,0.0,0.0,89.0,36.5,2
