log_id,badge_id,officer_name,rank,user_id,timestamp,spo2,pulse,temperature,latitude,longitude,altitude,accel_x,accel_y,accel_z,barometer,gyro_x,gyro_y,gyro_z,mag_x,mag_y,mag_z,bat_v,ir,red,time_delta,lat_delta,lon_delta,approx_speed_kmh,heart_rate,skin_temperature,target
613,SO-0901,Head Constable Asha Joshi,Head Constable,47,2026-07-14 16:51:57+00:00,100.0,88.0,,21.1811898,72.8012446,18.600000381469727,-0.545,-0.011,-0.895,,0.0,0.0,0.0,,,,,0.0,0.0,0.0,0.0,0.0,0.0,88.0,36.5,2
624,SO-0901,Head Constable Asha Joshi,Head Constable,47,2026-07-14 16:52:27+00:00,92.0,87.0,,21.1811571,72.8012482,18.600000381469727,-0.671,0.108,-0.789,,0.0,0.0,0.0,,,,,0.0,0.0,30.0,-3.269999999844231e-05,3.5999999994373866e-06,0.44,87.0,36.5,2
637,SO-0901,Head Constable Asha Joshi,Head Constable,47,2026-07-14 16:52:57+00:00,81.0,88.0,,21.1811578,72.8012453,18.600000381469727,-0.642,0.24,-0.79,,0.0,0.0,0.0,,,,,0.0,0.0,30.0,7.000000010748408e-07,-2.8999999983625457e-06,0.04,88.0,36.5,0
647,SO-0901,Head Constable Asha Joshi,Head Constable,47,2026-07-14 16:53:26+00:00,94.0,88.0,,21.1811578,72.8012453,18.600000381469727,-0.677,0.189,-0.772,,0.0,0.0,0.0,,,,,0.0,0.0,29.0,0.0,0.0,0.0,88.0,36.5,2
657,SO-0901,Head Constable Asha Joshi,Head Constable,47,2026-07-14 16:53:58+00:00,89.0,88.0,,21.1811895,72.8012411,18.600000381469727,-0.806,0.265,0.546,,0.0,0.0,0.0,,,,,0.0,0.0,32.0,3.169999999741435e-05,-4.200000006449045e-06,0.4,88.0,36.5,0
665,SO-0901,Head Constable Asha Joshi,Head Constable,47,2026-07-14 16:54:27+00:00,100.0,82.0,,21.1811381,72.8012464,18.600000381469727,-0.915,0.395,0.088,,0.0,0.0,0.0,,,,,0.0,0.0,29.0,-5.14000000002568e-05,5.29999999798747e-06,0.71,82.0,36.5,2
674,SO-0901,Head Constable Asha Joshi,Head Constable,47,2026-07-14 16:54:57+00:00,100.0,88.0,,21.181177,72.8012435,18.600000381469727,-0.91,0.416,-0.192,,0.0,0.0,0.0,,,,,0.0,0.0,30.0,3.890000000339455e-05,-2.8999999983625457e-06,0.52,88.0,36.5,2
683,SO-0901,Head Constable Asha Joshi,Head Constable,47,2026-07-14 16:55:27+00:00,92.0,88.0,,21.1811632,72.8012425,18.600000381469727,-0.483,0.359,0.773,,0.0,0.0,0.0,,,,,0.0,0.0,30.0,-1.3800000001396027e-05,-9.999999974752427e-07,0.18,88.0,36.5,2
691,SO-0901,Head Constable Asha Joshi,Head Constable,47,2026-07-14 16:55:56+00:00,95.0,88.0,,21.1811632,72.8012425,18.600000381469727,-0.386,0.417,0.803,,0.0,0.0,0.0,,,,,0.0,0.0,29.0,0.0,0.0,0.0,88.0,36.5,2
700,SO-0901,Head Constable Asha Joshi,Head Constable,47,2026-07-14 16:56:27+00:00,94.0,86.0,,21.1811615,72.8012458,18.600000381469727,-0.886,0.26,-0.457,,0.0,0.0,0.0,,,,,0.0,0.0,31.0,-1.6999999985500835e-06,3.3000000030369847e-06,0.05,86.0,36.5,2
708,SO-0901,Head Constable Asha Joshi,Head Constable,47,2026-07-14 16:56:57+00:00,99.0,88.0,,21.1811683,72.8012418,18.600000381469727,-0.978,0.252,0.015,,0.0,0.0,0.0,,,,,0.0,0.0,30.0,6.799999997753048e-06,-4.0000000041118255e-06,0.1,88.0,36.5,2
718,SO-0901,Head Constable Asha Joshi,Head Constable,47,2026-07-14 16:57:27+00:00,97.0,88.0,,21.1811369,72.8012466,18.600000381469727,-0.844,0.27,-0.561,,0.0,0.0,0.0,,,,,0.0,0.0,30.0,-3.140000000101395e-05,4.799999999249849e-06,0.42,88.0,36.5,2
727,SO-0901,Head Constable Asha Joshi,Head Constable,47,2026-07-14 16:57:57+00:00,87.0,88.0,,21.1811585,72.8012452,18.600000381469727,-0.845,0.424,-0.385,,0.0,0.0,0.0,,,,,0.0,0.0,30.0,2.1600000000177033e-05,-1.4000000021496817e-06,0.29,88.0,36.5,0
738,SO-0901,Head Constable Asha Joshi,Head Constable,47,2026-07-14 16:58:27+00:00,88.0,80.0,,21.181226,72.8012415,18.600000381469727,-0.196,0.186,-1.003,,0.0,0.0,0.0,,,,,0.0,0.0,30.0,6.750000000010914e-05,-3.699999993500569e-06,0.9,80.0,36.5,0
750,SO-0901,Head Constable Asha Joshi,Head Constable,47,2026-07-14 16:58:57+00:00,95.0,88.0,,21.1811539,72.8012428,18.600000381469727,-1.296,0.488,0.115,,0.0,0.0,0.0,,,,,0.0,0.0,30.0,-7.209999999702177e-05,1.2999999938756446e-06,0.96,88.0,36.5,2
761,SO-0901,Head Constable Asha Joshi,Head Constable,47,2026-07-14 16:59:27+00:00,91.0,87.0,,21.1811665,72.8012436,18.600000381469727,-0.175,0.009,0.98,,0.0,0.0,0.0,,,,,0.0,0.0,30.0,1.2599999998030851e-05,8.000000093488779e-07,0.17,87.0,36.5,2
772,SO-0901,Head Constable Asha Joshi,Head Constable,47,2026-07-14 16:59:57+00:00,84.0,88.0,,21.1813417,72.8012258,18.600000381469727,-0.98,0.126,0.198,,0.0,0.0,0.0,,,,,0.0,0.0,30.0,0.000175200000001,-1.7800000009060568e-05,2.34,88.0,36.5,0
783,SO-0901,Head Constable Asha Joshi,Head Constable,47,2026-07-14 17:00:27+00:00,93.0,84.0,,21.1811663,72.8012407,18.600000381469727,-0.803,0.363,0.458,,0.0,0.0,0.0,,,,,0.0,0.0,30.0,-0.0001753999999998,1.4899999996487168e-05,2.34,84.0,36.5,2
794,SO-0901,Head Constable Asha Joshi,Head Constable,47,2026-07-14 17:00:57+00:00,100.0,86.0,,21.1811655,72.8012416,18.600000381469727,-0.881,0.12,-0.576,,0.0,0.0,0.0,,,,,0.0,0.0,30.0,-8.000000022434506e-07,9.000000034120603e-07,0.02,86.0,36.5,2
805,SO-0901,Head Constable Asha Joshi,Head Constable,47,2026-07-14 17:01:27+00:00,82.0,86.0,,21.1811658,72.8012413,18.600000381469727,-0.752,0.234,0.605,,0.0,0.0,0.0,,,,,0.0,0.0,30.0,2.999999999531156e-07,-2.999999964004019e-07,0.01,86.0,36.5,0
816,SO-0901,Head Constable Asha Joshi,Head Constable,47,2026-07-14 17:01:57+00:00,86.0,55.0,,21.181169,72.8012397,18.600000381469727,-0.801,0.215,0.544,,0.0,0.0,0.0,,,,,0.0,0.0,30.0,3.200000001868375e-06,-1.6000000044869012e-06,0.05,55.0,36.5,0
827,SO-0901,Head Constable Asha Joshi,Head Constable,47,2026-07-14 17:02:27+00:00,84.0,67.0,,21.1811575,72.8012428,18.600000381469727,-0.803,0.219,0.545,,0.0,0.0,0.0,,,,,0.0,0.0,30.0,-1.1499999999387e-05,3.1000000006997652e-06,0.16,67.0,36.5,0
838,SO-0901,Head Constable Asha Joshi,Head Constable,47,2026-07-14 17:02:57+00:00,84.0,58.0,,21.181192,72.8012423,18.600000381469727,-0.805,0.22,0.544,,0.0,0.0,0.0,,,,,0.0,0.0,30.0,3.4499999998161e-05,-4.999999987376214e-07,0.46,58.0,36.5,0
849,SO-0901,Head Constable Asha Joshi,Head Constable,47,2026-07-14 17:03:27+00:00,85.0,63.0,,21.1811751,72.801236,18.600000381469727,-0.768,0.238,0.586,,0.0,0.0,0.0,,,,,0.0,0.0,30.0,-1.689999999854308e-05,-6.299999995462713e-06,0.24,63.0,36.5,0
860,SO-0901,Head Constable Asha Joshi,Head Constable,47,2026-07-14 17:03:57+00:00,87.0,85.0,,21.1811794,72.8012395,18.600000381469727,-0.619,0.295,0.708,,0.0,0.0,0.0,,,,,0.0,0.0,30.0,4.300000000512227e-06,3.4999999911633495e-06,0.07,85.0,36.5,0
871,SO-0901,Head Constable Asha Joshi,Head Constable,47,2026-07-14 17:04:27+00:00,81.0,60.0,,21.1811692,72.8012399,18.600000381469727,-0.627,0.281,0.711,,0.0,0.0,0.0,,,,,0.0,0.0,30.0,-1.0200000001958642e-05,4.0000000467443897e-07,0.14,60.0,36.5,0
882,SO-0901,Head Constable Asha Joshi,Head Constable,47,2026-07-14 17:04:57+00:00,82.0,79.0,,21.1811719,72.8012434,18.600000381469727,-0.626,0.295,0.705,,0.0,0.0,0.0,,,,,0.0,0.0,30.0,2.69999999957804e-06,3.500000005374204e-06,0.06,79.0,36.5,0
893,SO-0901,Head Constable Asha Joshi,Head Constable,47,2026-07-14 17:05:27+00:00,84.0,88.0,,21.181165,72.8012449,18.600000381469727,-0.931,0.278,0.242,,0.0,0.0,0.0,,,,,0.0,0.0,30.0,-6.899999998921658e-06,1.499999996212864e-06,0.09,88.0,36.5,0
904,SO-0901,Head Constable Asha Joshi,Head Constable,47,2026-07-14 17:05:57+00:00,86.0,88.0,,21.1811598,72.8012435,18.600000381469727,-0.981,0.25,-0.071,,0.0,0.0,0.0,,,,,0.0,0.0,30.0,-5.200000000371574e-06,-1.4000000021496817e-06,0.07,88.0,36.5,0
915,SO-0901,Head Constable Asha Joshi,Head Constable,47,2026-07-14 17:06:27+00:00,82.0,88.0,,21.1811556,72.8012423,18.600000381469727,-0.96,0.237,0.166,,0.0,0.0,0.0,,,,,0.0,0.0,30.0,-4.199999999343618e-06,-1.1999999998124622e-06,0.06,88.0,36.5,0
926,SO-0901,Head Constable Asha Joshi,Head Constable,47,2026-07-14 17:06:57+00:00,83.0,78.0,,21.1811644,72.8012406,18.600000381469727,-0.766,0.24,0.577,,0.0,0.0,0.0,,,,,0.0,0.0,30.0,8.79999999980896e-06,-1.6999999985500835e-06,0.12,78.0,36.5,0
937,SO-0901,Head Constable Asha Joshi,Head Constable,47,2026-07-14 17:07:27+00:00,89.0,76.0,,21.1811591,72.8012408,18.600000381469727,-0.826,0.231,0.508,,0.0,0.0,0.0,,,,,0.0,0.0,30.0,-5.300000001540184e-06,2.0000000233721948e-07,0.07,76.0,36.5,0
948,SO-0901,Head Constable Asha Joshi,Head Constable,47,2026-07-14 17:07:57+00:00,86.0,88.0,,21.1811591,72.8012412,18.600000381469727,-0.887,0.198,0.419,,0.0,0.0,0.0,,,,,0.0,0.0,30.0,0.0,4.0000000467443897e-07,0.0,88.0,36.5,0
959,SO-0901,Head Constable Asha Joshi,Head Constable,47,2026-07-14 17:08:27+00:00,84.0,85.0,,21.1811626,72.8012406,18.600000381469727,-0.866,0.242,-0.508,,0.0,0.0,0.0,,,,,0.0,0.0,30.0,3.5000000018214905e-06,-6.000000070116585e-07,0.05,85.0,36.5,0
970,SO-0901,Head Constable Asha Joshi,Head Constable,47,2026-07-14 17:08:57+00:00,84.0,78.0,,21.1811572,72.8012407,18.600000381469727,-0.875,0.244,-0.49,,0.0,0.0,0.0,,,,,0.0,0.0,30.0,-5.39999999915608e-06,9.999999406318238e-08,0.07,78.0,36.5,0
981,SO-0901,Head Constable Asha Joshi,Head Constable,47,2026-07-14 17:09:27+00:00,89.0,88.0,,21.1811645,72.8012408,18.600000381469727,-0.551,0.122,0.803,,0.0,0.0,0.0,,,,,0.0,0.0,30.0,7.300000000043383e-06,1.000000082740371e-07,0.1,88.0,36.5,0
992,SO-0901,Head Constable Asha Joshi,Head Constable,47,2026-07-14 17:09:57+00:00,99.0,87.0,,21.1811589,72.8012415,18.600000381469727,-0.971,0.24,-0.202,,0.0,0.0,0.0,,,,,0.0,0.0,30.0,-5.600000001493299e-06,7.000000010748408e-07,0.08,87.0,36.5,2
1003,SO-0901,Head Constable Asha Joshi,Head Constable,47,2026-07-14 17:10:27+00:00,100.0,86.0,,21.1811539,72.8012418,18.600000381469727,-0.776,0.198,-0.662,,0.0,0.0,0.0,,,,,0.0,0.0,30.0,-4.9999999980343546e-06,2.999999964004019e-07,0.07,86.0,36.5,2
1014,SO-0901,Head Constable Asha Joshi,Head Constable,47,2026-07-14 17:10:57+00:00,90.0,88.0,,21.18116,72.8012414,18.600000381469727,-0.632,0.152,-0.818,,0.0,0.0,0.0,,,,,0.0,0.0,30.0,6.099999996678207e-06,-4.0000000467443897e-07,0.08,88.0,36.5,0
1025,SO-0901,Head Constable Asha Joshi,Head Constable,47,2026-07-14 17:11:27+00:00,95.0,88.0,,21.1811648,72.8012415,18.600000381469727,-0.569,0.181,-0.846,,0.0,0.0,0.0,,,,,0.0,0.0,30.0,4.8000000028025624e-06,1.000000082740371e-07,0.06,88.0,36.5,2
1036,SO-0901,Head Constable Asha Joshi,Head Constable,47,2026-07-14 17:11:57+00:00,89.0,87.0,,21.1811563,72.8012453,18.600000381469727,-0.626,0.395,-0.731,,0.0,0.0,0.0,,,,,0.0,0.0,30.0,-8.499999999855845e-06,3.800000001774606e-06,0.12,87.0,36.5,0
1047,SO-0901,Head Constable Asha Joshi,Head Constable,47,2026-07-14 17:12:27+00:00,82.0,83.0,,21.1811583,72.8012451,18.600000381469727,-0.617,0.569,-0.547,,0.0,0.0,0.0,,,,,0.0,0.0,30.0,1.999999998503199e-06,-2.0000000233721948e-07,0.03,83.0,36.5,0
1057,SO-0901,Head Constable Asha Joshi,Head Constable,47,2026-07-14 17:12:57+00:00,81.0,51.0,,21.1811927,72.8012569,18.600000381469727,-0.392,-0.924,-0.456,,0.0,0.0,0.0,,,,,0.0,0.0,30.0,3.4400000000545106e-05,1.1799999995787402e-05,0.48,51.0,36.5,0
1069,SO-0901,Head Constable Asha Joshi,Head Constable,47,2026-07-14 17:13:27+00:00,89.0,83.0,,21.1812232,72.8012695,18.600000381469727,-0.421,-0.908,-0.157,,0.0,0.0,0.0,,,,,0.0,0.0,30.0,3.0500000001154604e-05,1.260000000513628e-05,0.44,83.0,36.5,0
1080,SO-0901,Head Constable Asha Joshi,Head Constable,47,2026-07-14 17:13:57+00:00,86.0,75.0,,21.181166,72.801239,18.600000381469727,-0.181,0.89,0.27,,0.0,0.0,0.0,,,,,0.0,0.0,30.0,-5.72000000005346e-05,-3.050000000826003e-05,0.85,75.0,36.5,0
1090,SO-0901,Head Constable Asha Joshi,Head Constable,47,2026-07-14 17:14:27+00:00,95.0,88.0,,21.1811727,72.8012404,18.600000381469727,-0.653,-0.027,-0.989,,0.0,0.0,0.0,,,,,0.0,0.0,30.0,6.700000000137152e-06,1.4000000021496817e-06,0.09,88.0,36.5,2
1101,SO-0901,Head Constable Asha Joshi,Head Constable,47,2026-07-14 17:14:57+00:00,81.0,62.0,,21.1811546,72.8012429,18.600000381469727,-0.74,0.248,-0.691,,0.0,0.0,0.0,,,,,0.0,0.0,30.0,-1.8100000001908256e-05,2.5000000078989615e-06,0.24,62.0,36.5,0
1112,SO-0901,Head Constable Asha Joshi,Head Constable,47,2026-07-14 17:15:27+00:00,95.0,86.0,,21.1811649,72.8012363,18.600000381469727,-0.448,0.702,-0.595,,0.0,0.0,0.0,,,,,0.0,0.0,30.0,1.0299999999574538e-05,-6.600000006073969e-06,0.16,86.0,36.5,2
1123,SO-0901,Head Constable Asha Joshi,Head Constable,47,2026-07-14 17:15:57+00:00,94.0,74.0,,21.1811756,72.8012385,18.600000381469727,-0.48,0.681,-0.601,,0.0,0.0,0.0,,,,,0.0,0.0,30.0,1.0700000000696264e-05,2.199999997287705e-06,0.15,74.0,36.5,2
1135,SO-0901,Head Constable Asha Joshi,Head Constable,47,2026-07-14 17:16:27+00:00,83.0,85.0,,21.1811366,72.8012444,18.600000381469727,-0.6,0.573,-0.602,,0.0,0.0,0.0,,,,,0.0,0.0,30.0,-3.900000000101045e-05,5.900000004999129e-06,0.52,85.0,36.5,0
1147,SO-0901,Head Constable Asha Joshi,Head Constable,47,2026-07-14 17:16:57+00:00,96.0,86.0,,21.1811641,72.8012428,18.600000381469727,-0.765,0.261,-0.64,,0.0,0.0,0.0,,,,,0.0,0.0,30.0,2.7500000001623448e-05,-1.6000000044869012e-06,0.37,86.0,36.5,2
1159,SO-0901,Head Constable Asha Joshi,Head Constable,47,2026-07-14 17:17:27+00:00,88.0,88.0,,21.1811572,72.8012463,18.600000381469727,-0.931,0.252,-0.353,,0.0,0.0,0.0,,,,,0.0,0.0,30.0,-6.899999998921658e-06,3.500000005374204e-06,0.1,88.0,36.5,0
1170,SO-0901,Head Constable Asha Joshi,Head Constable,47,2026-07-14 17:17:57+00:00,84.0,87.0,,21.1811627,72.8012399,18.600000381469727,-0.914,0.334,-0.28,,0.0,0.0,0.0,,,,,0.0,0.0,30.0,5.50000000032469e-06,-6.40000000373675e-06,0.11,87.0,36.5,0
1182,SO-0901,Head Constable Asha Joshi,Head Constable,47,2026-07-14 17:18:27+00:00,82.0,64.0,,21.1811937,72.8012412,18.600000381469727,-0.937,0.259,-0.353,,0.0,0.0,0.0,,,,,0.0,0.0,30.0,3.0999999999892225e-05,1.3000000080864993e-06,0.41,64.0,36.5,0
1193,SO-0901,Head Constable Asha Joshi,Head Constable,47,2026-07-14 17:18:57+00:00,85.0,86.0,,21.1811778,72.8012556,18.600000381469727,-0.398,0.609,-0.626,,0.0,0.0,0.0,,,,,0.0,0.0,30.0,-1.5900000001067838e-05,1.4399999997749546e-05,0.28,86.0,36.5,0
1205,SO-0901,Head Constable Asha Joshi,Head Constable,47,2026-07-14 17:19:27+00:00,94.0,86.0,,21.1812262,72.8012516,18.600000381469727,-0.338,0.868,0.321,,0.0,0.0,0.0,,,,,0.0,0.0,30.0,4.840000000072564e-05,-4.0000000041118255e-06,0.65,86.0,36.5,2
1217,SO-0901,Head Constable Asha Joshi,Head Constable,47,2026-07-14 17:19:57+00:00,94.0,86.0,,21.1811903,72.8012951,18.600000381469727,-0.314,0.511,-0.851,,0.0,0.0,0.0,,,,,0.0,0.0,30.0,-3.5900000000310683e-05,4.3500000003859896e-05,0.72,86.0,36.5,2
1230,SO-0901,Head Constable Asha Joshi,Head Constable,47,2026-07-14 17:20:27+00:00,95.0,85.0,,21.1811909,72.8012451,18.600000381469727,-0.585,0.781,0.056,,0.0,0.0,0.0,,,,,0.0,0.0,30.0,5.999999999062311e-07,-5.000000000165983e-05,0.62,85.0,36.5,2
1243,SO-0901,Head Constable Asha Joshi,Head Constable,47,2026-07-14 17:20:57+00:00,93.0,88.0,,21.1811928,72.8012502,18.600000381469727,-0.454,0.861,0.14,,0.0,0.0,0.0,,,,,0.0,0.0,30.0,1.900000000887303e-06,5.099999995650251e-06,0.07,88.0,36.5,2
1256,SO-0901,Head Constable Asha Joshi,Head Constable,47,2026-07-14 17:21:27+00:00,83.0,63.0,,21.1812378,72.8012341,18.600000381469727,-0.579,0.803,0.068,,0.0,0.0,0.0,,,,,0.0,0.0,30.0,4.500000000007276e-05,-1.609999999629963e-05,0.63,63.0,36.5,0
1269,SO-0901,Head Constable Asha Joshi,Head Constable,47,2026-07-14 17:21:57+00:00,84.0,81.0,,21.1812164,72.8012294,15.658458443744152,-0.447,0.901,-0.078,,0.0,0.0,0.0,,,,,0.0,0.0,30.0,-2.1400000001392527e-05,-4.700000005186666e-06,0.29,81.0,36.5,0
1282,SO-0901,Head Constable Asha Joshi,Head Constable,47,2026-07-14 17:22:27+00:00,84.0,88.0,,21.1811992,72.8012225,18.600000381469727,-0.293,0.851,0.383,,0.0,0.0,0.0,,,,,0.0,0.0,30.0,-1.720000000204891e-05,-6.900000002474371e-06,0.24,88.0,36.5,0
1295,SO-0901,Head Constable Asha Joshi,Head Constable,47,2026-07-14 17:22:57+00:00,85.0,88.0,,21.1812172,72.8012387,18.600000381469727,-0.432,0.674,-0.673,,0.0,0.0,0.0,,,,,0.0,0.0,30.0,1.8000000000739647e-05,1.6200000004573667e-05,0.31,88.0,36.5,0
1308,SO-0901,Head Constable Asha Joshi,Head Constable,47,2026-07-14 17:23:27+00:00,82.0,83.0,,21.1811846,72.8012367,18.600000381469727,-0.952,0.321,0.115,,0.0,0.0,0.0,,,,,0.0,0.0,30.0,-3.25999999972737e-05,-1.9999999949504854e-06,0.43,83.0,36.5,0
1321,SO-0901,Head Constable Asha Joshi,Head Constable,47,2026-07-14 17:23:57+00:00,84.0,86.0,,21.1812379,72.8012292,18.600000381469727,-1.014,0.176,-0.093,,0.0,0.0,0.0,,,,,0.0,0.0,30.0,5.3299999997591385e-05,-7.50000000948603e-06,0.72,86.0,36.5,0
1333,SO-0901,Head Constable Asha Joshi,Head Constable,47,2026-07-14 17:24:27+00:00,81.0,86.0,,21.1812503,72.8012241,18.600000381469727,-0.985,0.172,-0.194,,0.0,0.0,0.0,,,,,0.0,0.0,30.0,1.2399999999246347e-05,-5.099999995650251e-06,0.18,86.0,36.5,0
1345,SO-0901,Head Constable Asha Joshi,Head Constable,47,2026-07-14 17:24:57+00:00,90.0,61.0,,21.1812079,72.8012385,20.721183983684824,-0.849,0.591,-0.175,,0.0,0.0,0.0,,,,,0.0,0.0,30.0,-4.2399999998110616e-05,1.4399999997749546e-05,0.59,61.0,36.5,0
1357,SO-0901,Head Constable Asha Joshi,Head Constable,47,2026-07-14 17:25:27+00:00,88.0,73.0,,21.1812184,72.8012446,18.600000381469727,-0.593,0.33,0.853,,0.0,0.0,0.0,,,,,0.0,0.0,30.0,1.0499999998359044e-05,6.100000007336348e-06,0.16,73.0,36.5,0
1369,SO-0901,Head Constable Asha Joshi,Head Constable,47,2026-07-14 17:25:57+00:00,83.0,87.0,,21.1812273,72.8012446,18.600000381469727,-0.744,0.569,-0.401,,0.0,0.0,0.0,,,,,0.0,0.0,30.0,8.90000000097757e-06,0.0,0.12,87.0,36.5,0
1381,SO-0901,Head Constable Asha Joshi,Head Constable,47,2026-07-14 17:26:27+00:00,90.0,87.0,,21.181181,72.8012504,18.600000381469727,0.099,0.505,0.869,,0.0,0.0,0.0,,,,,0.0,0.0,30.0,-4.630000000105383e-05,5.7999999967250915e-06,0.62,87.0,36.5,0
1393,SO-0901,Head Constable Asha Joshi,Head Constable,47,2026-07-14 17:26:57+00:00,90.0,85.0,,21.1811911,72.8012388,18.600000381469727,-0.276,0.84,0.413,,0.0,0.0,0.0,,,,,0.0,0.0,30.0,1.0100000000790033e-05,-1.1600000007661038e-05,0.2,85.0,36.5,0
1405,SO-0901,Head Constable Asha Joshi,Head Constable,47,2026-07-14 17:27:27+00:00,87.0,66.0,,21.1811881,72.8012495,18.600000381469727,-0.282,0.858,0.344,,0.0,0.0,0.0,,,,,0.0,0.0,30.0,-2.9999999995311555e-06,1.0700000004248976e-05,0.14,66.0,36.5,0
1417,SO-0901,Head Constable Asha Joshi,Head Constable,47,2026-07-14 17:27:57+00:00,83.0,76.0,,21.1811933,72.8012449,18.600000381469727,-0.515,0.848,0.054,,0.0,0.0,0.0,,,,,0.0,0.0,30.0,5.200000000371574e-06,-4.599999996912629e-06,0.09,76.0,36.5,0
1430,SO-0901,Head Constable Asha Joshi,Head Constable,47,2026-07-14 17:28:27+00:00,87.0,72.0,,21.1811882,72.8012439,18.600000381469727,-0.131,0.81,0.391,,0.0,0.0,0.0,,,,,0.0,0.0,30.0,-5.099999999202964e-06,-9.999999974752427e-07,0.07,72.0,36.5,0
1443,SO-0901,Head Constable Asha Joshi,Head Constable,47,2026-07-14 17:28:57+00:00,82.0,60.0,,21.1810993,72.8012086,18.200000762939453,-0.396,0.927,0.35,,0.0,0.0,0.0,,,,,0.0,0.0,30.0,-8.890000000150167e-05,-3.530000000750988e-05,1.26,60.0,36.5,0
1454,SO-0901,Head Constable Asha Joshi,Head Constable,47,2026-07-14 17:29:27+00:00,94.0,66.0,,21.1811085,72.8011996,18.200000762939453,-0.29,0.782,0.38,,0.0,0.0,0.0,,,,,0.0,0.0,30.0,9.200000000930686e-06,-8.999999991488039e-06,0.17,66.0,36.5,2
1466,SO-0901,Head Constable Asha Joshi,Head Constable,47,2026-07-14 17:29:57+00:00,81.0,79.0,,21.1812195,72.8011326,15.1872806106808,-0.126,0.9,0.379,,0.0,0.0,0.0,,,,,0.0,0.0,30.0,0.0001110000000004,-6.700000000137152e-05,1.7,79.0,36.5,0
1478,SO-0901,Head Constable Asha Joshi,Head Constable,47,2026-07-14 17:30:27+00:00,97.0,65.0,,21.1811106,72.8012238,18.200000762939453,-0.579,0.36,0.03,,0.0,0.0,0.0,,,,,0.0,0.0,30.0,-0.0001089000000007,9.119999999995798e-05,1.84,65.0,36.5,2
1489,SO-0901,Head Constable Asha Joshi,Head Constable,47,2026-07-14 17:30:57+00:00,95.0,62.0,,21.1810283,72.8012241,15.299999237060549,-0.189,0.834,0.14,,0.0,0.0,0.0,,,,,0.0,0.0,30.0,-8.229999999898041e-05,2.999999964004019e-07,1.1,62.0,36.5,2
1500,SO-0901,Head Constable Asha Joshi,Head Constable,47,2026-07-14 17:31:27+00:00,85.0,63.0,,21.1810139,72.8011829,15.299999237060549,-0.172,0.897,0.375,,0.0,0.0,0.0,,,,,0.0,0.0,30.0,-1.440000000130226e-05,-4.1199999998298154e-05,0.55,63.0,36.5,0
1511,SO-0901,Head Constable Asha Joshi,Head Constable,47,2026-07-14 17:31:57+00:00,91.0,67.0,,21.1810073,72.8012085,15.299999237060549,-0.192,0.875,0.371,,0.0,0.0,0.0,,,,,0.0,0.0,30.0,-6.599999998968542e-06,2.5600000000736145e-05,0.33,67.0,36.5,2
1522,SO-0901,Head Constable Asha Joshi,Head Constable,47,2026-07-14 17:32:27+00:00,89.0,72.0,,21.1810184,72.8011976,15.299999237060549,-0.005,0.892,0.365,,0.0,0.0,0.0,,,,,0.0,0.0,30.0,1.1099999998265275e-05,-1.0900000006586197e-05,0.2,72.0,36.5,0
1534,SO-0901,Head Constable Asha Joshi,Head Constable,47,2026-07-14 17:32:57+00:00,85.0,62.0,,21.1809397,72.8012905,16.962578830688685,0.412,0.539,0.464,,0.0,0.0,0.0,,,,,0.0,0.0,30.0,-7.869999999954302e-05,9.289999999850806e-05,1.56,62.0,36.5,0
1545,SO-0901,Head Constable Asha Joshi,Head Constable,47,2026-07-14 17:33:27+00:00,86.0,73.0,,21.1810524,72.8019444,18.103371681274098,0.27,0.453,0.355,,0.0,0.0,0.0,,,,,0.0,0.0,30.0,0.0001126999999989,0.0006539000000032,8.26,73.0,36.5,1
1558,SO-0901,Head Constable Asha Joshi,Head Constable,47,2026-07-14 17:33:57+00:00,92.0,72.0,,21.1810571,72.8019622,13.39999771118164,-0.916,-0.599,-0.55,,0.0,0.0,0.0,,,,,0.0,0.0,30.0,4.700000001633953e-06,1.7800000009060568e-05,0.23,72.0,36.5,2
1570,SO-0901,Head Constable Asha Joshi,Head Constable,47,2026-07-14 17:34:27+00:00,89.0,78.0,,21.1808306,72.8018791,15.299999237060549,-1.012,0.007,0.239,,0.0,0.0,0.0,,,,,0.0,0.0,30.0,-0.0002265000000001,-8.3100000011882e-05,3.19,78.0,36.5,0
1581,SO-0901,Head Constable Asha Joshi,Head Constable,47,2026-07-14 17:34:57+00:00,85.0,88.0,,21.1813065,72.802987,13.39999771118164,0.248,0.182,0.886,,0.0,0.0,0.0,,,,,0.0,0.0,30.0,0.0004759000000014,0.001107900000008,15.15,88.0,36.5,1
1592,SO-0901,Head Constable Asha Joshi,Head Constable,47,2026-07-14 17:35:27+00:00,81.0,86.0,,21.1808773,72.8017004,15.647954417162468,-0.782,-0.285,0.357,,0.0,0.0,0.0,,,,,0.0,0.0,30.0,-0.0004292000000027,-0.0012866000000002,16.98,86.0,36.5,1
1605,SO-0901,Head Constable Asha Joshi,Head Constable,47,2026-07-14 17:35:56+00:00,83.0,86.0,,21.179021,72.7993421,13.499996185302734,-0.607,-0.475,0.519,,0.0,0.0,0.0,,,,,0.0,0.0,29.0,-0.0018563,-0.0023582999999973,39.66,86.0,36.5,1
1617,SO-0901,Head Constable Asha Joshi,Head Constable,47,2026-07-14 17:36:26+00:00,84.0,82.0,,21.177155,72.7972306,13.499996185302734,-0.882,-0.304,0.655,,0.0,0.0,0.0,,,,,0.0,0.0,30.0,-0.0018659999999997,-0.002111499999998,36.14,82.0,36.5,1
1629,SO-0901,Head Constable Asha Joshi,Head Constable,47,2026-07-14 17:36:57+00:00,85.0,84.0,,21.1757964,72.7954605,16.499998092651367,-0.657,-0.375,0.692,,0.0,0.0,0.0,,,,,0.0,0.0,31.0,-0.0013585999999996,-0.0017701000000016,27.56,84.0,36.5,1
1641,SO-0901,Head Constable Asha Joshi,Head Constable,47,2026-07-14 17:37:27+00:00,87.0,87.0,,21.1735937,72.7928091,22.91128257234338,0.01,0.268,1.097,,0.0,0.0,0.0,,,,,0.0,0.0,30.0,-0.002202699999998,-0.0026514000000048,44.11,87.0,36.5,1
1653,SO-0901,Head Constable Asha Joshi,Head Constable,47,2026-07-14 17:37:56+00:00,85.0,81.0,,21.1713262,72.7901065,20.36777518518916,-0.834,-0.218,0.547,,0.0,0.0,0.0,,,,,0.0,0.0,29.0,-0.002267500000002,-0.0027026000000063,46.72,81.0,36.5,1
1665,SO-0901,Head Constable Asha Joshi,Head Constable,47,2026-07-14 17:38:27+00:00,89.0,86.0,,21.1686702,72.786893,13.39999771118164,-0.81,-0.275,0.446,,0.0,0.0,0.0,,,,,0.0,0.0,31.0,-0.0026559999999982,-0.0032134999999868,51.62,86.0,36.5,1
1677,SO-0901,Head Constable Asha Joshi,Head Constable,47,2026-07-14 17:38:57+00:00,81.0,81.0,,21.1674358,72.78438,13.39999771118164,-0.879,-0.3,0.397,,0.0,0.0,0.0,,,,,0.0,0.0,30.0,-0.0012344000000013,-0.0025130000000075,35.28,81.0,36.5,1
1689,SO-0901,Head Constable Asha Joshi,Head Constable,47,2026-07-14 17:39:27+00:00,83.0,87.0,,21.1659557,72.7817053,13.39999771118164,-0.894,-0.243,0.421,,0.0,0.0,0.0,,,,,0.0,0.0,30.0,-0.0014800999999984,-0.0026747,38.64,87.0,36.5,1
1701,SO-0901,Head Constable Asha Joshi,Head Constable,47,2026-07-14 17:39:57+00:00,82.0,68.0,,21.1650141,72.780374,13.39999771118164,-0.73,-0.16,0.628,,0.0,0.0,0.0,,,,,0.0,0.0,30.0,-0.0009416000000008,-0.0013313000000039,20.76,68.0,36.5,1
1713,SO-0901,Head Constable Asha Joshi,Head Constable,47,2026-07-14 17:40:27+00:00,95.0,84.0,,21.1647819,72.7796036,11.39999771118164,-0.595,-0.21,0.776,,0.0,0.0,0.0,,,,,0.0,0.0,30.0,-0.0002321999999992,-0.0007703999999932,10.06,84.0,36.5,1
1725,SO-0901,Head Constable Asha Joshi,Head Constable,47,2026-07-14 17:40:57+00:00,81.0,78.0,,21.1642101,72.7786801,11.299999237060549,-0.592,-0.169,0.773,,0.0,0.0,0.0,,,,,0.0,0.0,30.0,-0.000571800000003,-0.0009234999999989,13.77,78.0,36.5,1
1737,SO-0901,Head Constable Asha Joshi,Head Constable,47,2026-07-14 17:41:27+00:00,94.0,82.0,,21.1622021,72.7760211,11.699996948242188,-0.899,-0.23,0.349,,0.0,0.0,0.0,,,,,0.0,0.0,30.0,-0.002008,-0.0026590000000084,42.5,82.0,36.5,1
1749,SO-0901,Head Constable Asha Joshi,Head Constable,47,2026-07-14 17:41:57+00:00,100.0,86.0,,21.1603618,72.7728478,11.799999237060549,-1.031,-0.174,0.287,,0.0,0.0,0.0,,,,,0.0,0.0,30.0,-0.0018402999999977,-0.0031733000000002,46.42,86.0,36.5,1
1761,SO-0901,Head Constable Asha Joshi,Head Constable,47,2026-07-14 17:42:27+00:00,88.0,76.0,,21.158815,72.7703033,11.299999237060549,-0.979,-0.229,0.378,,0.0,0.0,0.0,,,,,0.0,0.0,30.0,-0.0015467999999998,-0.002544499999999,37.73,76.0,36.5,1
1773,SO-0901,Head Constable Asha Joshi,Head Constable,47,2026-07-14 17:42:57+00:00,99.0,86.0,,21.1571547,72.7672751,10.799999237060549,-1.024,0.042,0.317,,0.0,0.0,0.0,,,,,0.0,0.0,30.0,-0.001660300000001,-0.0030281999999886,43.64,86.0,36.5,1
1786,SO-0901,Head Constable Asha Joshi,Head Constable,47,2026-07-14 17:43:27+00:00,89.0,88.0,,21.1569921,72.7671576,11.299999237060549,-0.912,-0.183,-0.492,,0.0,0.0,0.0,,,,,0.0,0.0,30.0,-0.0001625999999994,-0.0001175000000017,2.61,88.0,36.5,0
1797,SO-0901,Head Constable Asha Joshi,Head Constable,47,2026-07-14 17:43:57+00:00,83.0,86.0,,21.1568113,72.7668031,11.299999237060549,-0.03,-0.936,0.442,,0.0,0.0,0.0,,,,,0.0,0.0,30.0,-0.0001807999999989,-0.0003545000000002,5.02,86.0,36.5,1
1809,SO-0901,Head Constable Asha Joshi,Head Constable,47,2026-07-14 17:44:28+00:00,89.0,87.0,,21.1556288,72.7645736,11.799999237060549,0.161,-0.982,0.449,,0.0,0.0,0.0,,,,,0.0,0.0,31.0,-0.0011825000000023,-0.0022294999999985,30.83,87.0,36.5,1
1821,SO-0901,Head Constable Asha Joshi,Head Constable,47,2026-07-14 17:44:57+00:00,87.0,87.0,,21.152154,72.7632058,11.799999237060549,-0.693,-0.165,-0.662,,0.0,0.0,0.0,,,,,0.0,0.0,29.0,-0.0034747999999993,-0.0013678000000112,51.01,87.0,36.5,1
1833,SO-0901,Head Constable Asha Joshi,Head Constable,47,2026-07-14 17:45:27+00:00,85.0,88.0,,21.1486538,72.7612836,12.699996948242188,-0.927,-0.229,-0.083,,0.0,0.0,0.0,,,,,0.0,0.0,30.0,-0.0035001999999977,-0.0019221999999956,52.38,88.0,36.5,1
1845,SO-0901,Head Constable Asha Joshi,Head Constable,47,2026-07-14 17:45:57+00:00,84.0,85.0,,21.1468531,72.759577,11.299999237060549,-0.958,-0.323,-0.175,,0.0,0.0,0.0,,,,,0.0,0.0,30.0,-0.0018007000000004,-0.0017066000000056,32.01,85.0,36.5,1
1857,SO-0901,Head Constable Asha Joshi,Head Constable,47,2026-07-14 17:46:26+00:00,83.0,60.0,,21.1463051,72.7601118,10.199996948242188,-0.608,-0.219,0.756,,0.0,0.0,0.0,,,,,0.0,0.0,29.0,-0.0005480000000019,0.0005348000000111,10.21,60.0,36.5,1
1869,SO-0901,Head Constable Asha Joshi,Head Constable,47,2026-07-14 17:46:57+00:00,99.0,86.0,,21.1463877,72.7589359,11.89999771118164,-0.96,-0.081,0.526,,0.0,0.0,0.0,,,,,0.0,0.0,31.0,8.259999999893353e-05,-0.0011759000000068,14.18,86.0,36.5,1
1881,SO-0901,Head Constable Asha Joshi,Head Constable,47,2026-07-14 17:47:27+00:00,89.0,76.0,,21.1426277,72.7563831,11.89999771118164,-0.6,-0.107,0.804,,0.0,0.0,0.0,,,,,0.0,0.0,30.0,-0.0037599999999997,-0.0025528000000036,59.28,76.0,36.5,1
1893,SO-0901,Head Constable Asha Joshi,Head Constable,47,2026-07-14 17:47:57+00:00,96.0,86.0,,21.1414692,72.7547827,9.999996185302734,-0.567,-0.287,0.8,,0.0,0.0,0.0,,,,,0.0,0.0,30.0,-0.0011584999999989,-0.0016003999999867,25.17,86.0,36.5,1
1905,SO-0901,Head Constable Asha Joshi,Head Constable,47,2026-07-14 17:48:27+00:00,88.0,82.0,,21.1391013,72.7521646,13.1489491468663,-0.538,-0.119,0.719,,0.0,0.0,0.0,,,,,0.0,0.0,30.0,-0.0023678999999994,-0.0026181000000065,45.31,82.0,36.5,1
1917,SO-0901,Head Constable Asha Joshi,Head Constable,47,2026-07-14 17:48:57+00:00,92.0,88.0,,21.1374752,72.7527495,14.199996948242188,-0.987,-0.194,0.43,,0.0,0.0,0.0,,,,,0.0,0.0,30.0,-0.0016260999999992,0.0005848999999926,22.85,88.0,36.5,1
1929,SO-0901,Head Constable Asha Joshi,Head Constable,47,2026-07-14 17:49:27+00:00,83.0,83.0,,21.1363215,72.7579088,12.199996948242188,-0.975,-0.116,0.398,,0.0,0.0,0.0,,,,,0.0,0.0,30.0,-0.0011536999999997,0.0051593000000025,65.91,83.0,36.5,1
1941,SO-0901,Head Constable Asha Joshi,Head Constable,47,2026-07-14 17:49:57+00:00,92.0,76.0,,21.1321914,72.75944,14.19248788175922,-0.817,-0.092,0.366,,0.0,0.0,0.0,,,,,0.0,0.0,30.0,-0.0041301000000011,0.0015312000000022,58.21,76.0,36.5,1
1953,SO-0901,Head Constable Asha Joshi,Head Constable,47,2026-07-14 17:50:27+00:00,94.0,78.0,,21.130199,72.7653493,14.199996948242188,-0.851,-0.24,0.611,,0.0,0.0,0.0,,,,,0.0,0.0,30.0,-0.0019923999999988,0.005909299999999,78.06,78.0,36.5,1
1965,SO-0901,Head Constable Asha Joshi,Head Constable,47,2026-07-14 17:50:57+00:00,96.0,74.0,,21.1263129,72.7683946,16.4437066367054,-0.801,-0.13,0.584,,0.0,0.0,0.0,,,,,0.0,0.0,30.0,-0.0038861000000025,0.0030452999999965,64.11,74.0,36.5,1
1976,SO-0901,Head Constable Asha Joshi,Head Constable,47,2026-07-14 17:51:27+00:00,98.0,84.0,,21.1246469,72.7719264,11.299999237060549,-0.776,-0.254,0.688,,0.0,0.0,0.0,,,,,0.0,0.0,30.0,-0.0016660000000001,0.0035318000000046,49.17,84.0,36.5,1
1989,SO-0901,Head Constable Asha Joshi,Head Constable,47,2026-07-14 17:51:57+00:00,96.0,74.0,,21.123803,72.7736971,12.199996948242188,-0.75,-0.189,0.544,,0.0,0.0,0.0,,,,,0.0,0.0,30.0,-0.0008438999999995,0.0017707000000086,24.7,74.0,36.5,1
2001,SO-0901,Head Constable Asha Joshi,Head Constable,47,2026-07-14 17:52:27+00:00,82.0,84.0,,21.1235687,72.7776021,12.199996948242188,-0.771,-0.132,0.564,,0.0,0.0,0.0,,,,,0.0,0.0,30.0,-0.0002342999999989,0.0039049999999889,48.61,84.0,36.5,1
2013,SO-0901,Head Constable Asha Joshi,Head Constable,47,2026-07-14 17:52:57+00:00,83.0,85.0,,21.1198115,72.7832814,14.199996948242188,-0.73,-0.077,0.694,,0.0,0.0,0.0,,,,,0.0,0.0,30.0,-0.003757199999999,0.0056793000000112,86.5,85.0,36.5,1
2025,SO-0901,Head Constable Asha Joshi,Head Constable,47,2026-07-14 17:53:27+00:00,91.0,88.0,,21.1200924,72.7895211,12.39999771118164,-0.773,-0.106,0.556,,0.0,0.0,0.0,,,,,0.0,0.0,30.0,0.0002808999999999,0.0062396999999947,77.61,88.0,36.5,1
2036,SO-0901,Head Constable Asha Joshi,Head Constable,47,2026-07-14 17:53:57+00:00,95.0,74.0,,21.1199865,72.7920303,12.39999771118164,-0.808,-0.242,0.57,,0.0,0.0,0.0,,,,,0.0,0.0,30.0,-0.0001059000000012,0.0025091999999915,31.2,74.0,36.5,1
2049,SO-0901,Head Constable Asha Joshi,Head Constable,47,2026-07-14 17:54:27+00:00,90.0,86.0,,21.125191,72.7970776,10.499996185302734,-0.792,-0.225,0.535,,0.0,0.0,0.0,,,,,0.0,0.0,30.0,0.0052045000000013,0.005047300000001,93.47,86.0,36.5,1
2061,SO-0901,Head Constable Asha Joshi,Head Constable,47,2026-07-14 17:54:57+00:00,92.0,78.0,,21.1337919,72.7990642,12.39999771118164,-0.852,-0.217,0.52,,0.0,0.0,0.0,,,,,0.0,0.0,30.0,0.0086008999999975,0.0019866000000092,117.19,78.0,36.5,1
2073,SO-0901,Head Constable Asha Joshi,Head Constable,47,2026-07-14 17:55:27+00:00,81.0,82.0,,21.1208322,72.8077364,14.384792099503102,-0.794,-0.144,0.458,,0.0,0.0,0.0,,,,,0.0,0.0,30.0,-0.0129596999999996,0.0086721999999923,203.48,82.0,36.5,1
2084,SO-0901,Head Constable Asha Joshi,Head Constable,47,2026-07-14 17:55:57+00:00,82.0,80.0,,21.1201998,72.8135711,12.39999771118164,-0.744,-0.136,0.686,,0.0,0.0,0.0,,,,,0.0,0.0,30.0,-0.000632399999997,0.0058347000000082,72.97,80.0,36.5,1
2095,SO-0901,Head Constable Asha Joshi,Head Constable,47,2026-07-14 17:56:27+00:00,91.0,57.0,,21.11819,72.8179358,10.699996948242188,-0.651,-0.195,0.72,,0.0,0.0,0.0,,,,,0.0,0.0,30.0,-0.0020098000000032,0.0043646999999964,60.47,57.0,36.5,1
2106,SO-0901,Head Constable Asha Joshi,Head Constable,47,2026-07-14 17:56:57+00:00,81.0,76.0,,21.1147523,72.8242994,12.39999771118164,-0.772,-0.202,0.569,,0.0,0.0,0.0,,,,,0.0,0.0,30.0,-0.0034376999999992,0.0063636000000002,91.36,76.0,36.5,1
2116,SO-0901,Head Constable Asha Joshi,Head Constable,47,2026-07-14 17:57:27+00:00,84.0,63.0,,21.1124833,72.8292558,18.063388197079036,-0.708,-0.118,0.642,,0.0,0.0,0.0,,,,,0.0,0.0,30.0,-0.0022689999999983,0.0049563999999975,68.59,63.0,36.5,1
2127,SO-0901,Head Constable Asha Joshi,Head Constable,47,2026-07-14 17:57:57+00:00,91.0,75.0,,21.1112308,72.8346626,9.89999771118164,-0.801,-0.066,0.598,,0.0,0.0,0.0,,,,,0.0,0.0,30.0,-0.0012524999999996,0.0054068000000029,69.21,75.0,36.5,1
2138,SO-0901,Head Constable Asha Joshi,Head Constable,47,2026-07-14 17:58:28+00:00,100.0,87.0,,21.1104586,72.8377072,10.499996185302734,-1.064,-0.151,0.162,,0.0,0.0,0.0,,,,,0.0,0.0,31.0,-0.0007722000000001,0.0030445999999955,37.93,87.0,36.5,1
2151,SO-0901,Head Constable Asha Joshi,Head Constable,47,2026-07-14 17:58:57+00:00,100.0,86.0,,21.1096781,72.841405,15.11984404128654,-1.013,-0.162,0.173,,0.0,0.0,0.0,,,,,0.0,0.0,29.0,-0.0007805000000011,0.0036977999999976,48.72,86.0,36.5,1
2160,SO-0901,Head Constable Asha Joshi,Head Constable,47,2026-07-14 17:59:27+00:00,88.0,87.0,,21.1081931,72.8463201,17.514226282186158,0.137,-0.922,0.657,,0.0,0.0,0.0,,,,,0.0,0.0,30.0,-0.0014849999999988,0.0049151000000051,64.18,87.0,36.5,1
2171,SO-0901,Head Constable Asha Joshi,Head Constable,47,2026-07-14 17:59:57+00:00,90.0,86.0,,21.1062625,72.8518952,20.859920737395584,0.086,-0.935,0.366,,0.0,0.0,0.0,,,,,0.0,0.0,30.0,-0.0019306000000014,0.0055751000000014,73.88,86.0,36.5,1
2183,SO-0901,Head Constable Asha Joshi,Head Constable,47,2026-07-14 18:00:27+00:00,92.0,81.0,,21.1039917,72.8572959,14.91399943598796,0.06,-0.846,0.482,,0.0,0.0,0.0,,,,,0.0,0.0,30.0,-0.002270799999998,0.0054006999999955,73.6,81.0,36.5,1
2193,SO-0901,Head Constable Asha Joshi,Head Constable,47,2026-07-14 18:00:57+00:00,89.0,85.0,,21.1021701,72.8628055,22.579728562698335,-0.853,-0.167,-0.516,,0.0,0.0,0.0,,,,,0.0,0.0,30.0,-0.001821600000003,0.0055095999999963,72.62,85.0,36.5,1
2204,SO-0901,Head Constable Asha Joshi,Head Constable,47,2026-07-14 18:01:27+00:00,90.0,87.0,,21.1003159,72.8682669,28.16742842625574,-0.876,-0.178,-0.521,,0.0,0.0,0.0,,,,,0.0,0.0,30.0,-0.0018542000000003,0.0054614000000015,72.2,87.0,36.5,1
2215,SO-0901,Head Constable Asha Joshi,Head Constable,47,2026-07-14 18:01:57+00:00,89.0,84.0,,21.0973683,72.8733165,25.844887705202623,-0.867,0.137,-0.606,,0.0,0.0,0.0,,,,,0.0,0.0,30.0,-0.0029475999999988,0.0050496000000066,74.0,84.0,36.5,1
2228,SO-0901,Head Constable Asha Joshi,Head Constable,47,2026-07-14 18:02:27+00:00,91.0,65.0,,21.0980057,72.8798319,17.30000114440918,-0.93,-0.083,-0.399,,0.0,0.0,0.0,,,,,0.0,0.0,30.0,0.0006374000000022,0.0065153999999978,81.38,65.0,36.5,1
2240,SO-0901,Head Constable Asha Joshi,Head Constable,47,2026-07-14 18:02:57+00:00,95.0,88.0,,21.0959113,72.8835124,16.100000381469727,-0.89,-0.179,-0.604,,0.0,0.0,0.0,,,,,0.0,0.0,30.0,-0.0020944000000007,0.0036805000000015,53.56,88.0,36.5,1
2251,SO-0901,Head Constable Asha Joshi,Head Constable,47,2026-07-14 18:03:27+00:00,86.0,75.0,,21.092389,72.8899851,16.100000381469727,-0.847,-0.135,-0.659,,0.0,0.0,0.0,,,,,0.0,0.0,30.0,-0.0035223000000002,0.0064727000000033,93.1,75.0,36.5,1
2262,SO-0901,Head Constable Asha Joshi,Head Constable,47,2026-07-14 18:03:57+00:00,88.0,74.0,,21.0892423,72.8943278,23.09175408558228,-0.955,-0.083,-0.583,,0.0,0.0,0.0,,,,,0.0,0.0,30.0,-0.003146700000002,0.0043426999999951,68.32,74.0,36.5,1
2273,SO-0901,Head Constable Asha Joshi,Head Constable,47,2026-07-14 18:04:27+00:00,98.0,86.0,,21.0894478,72.9003022,16.100000381469727,0.015,0.042,1.002,,0.0,0.0,0.0,,,,,0.0,0.0,30.0,0.0002054999999998,0.0059743999999994,74.27,86.0,36.5,1
2284,SO-0901,Head Constable Asha Joshi,Head Constable,47,2026-07-14 18:04:57+00:00,91.0,86.0,,21.0902054,72.9063258,16.100000381469727,-0.827,-0.161,0.192,,0.0,0.0,0.0,,,,,0.0,0.0,30.0,0.0007576,0.006023600000006,75.51,86.0,36.5,1
2295,SO-0901,Head Constable Asha Joshi,Head Constable,47,2026-07-14 18:05:27+00:00,87.0,87.0,,21.0915507,72.9122805,16.100000381469727,-0.871,0.149,0.388,,0.0,0.0,0.0,,,,,0.0,0.0,30.0,0.0013453000000005,0.0059546999999895,76.11,87.0,36.5,1
2307,SO-0901,Head Constable Asha Joshi,Head Constable,47,2026-07-14 18:05:58+00:00,92.0,87.0,,21.0915387,72.9180795,18.5,-0.573,0.013,0.854,,0.0,0.0,0.0,,,,,0.0,0.0,31.0,-1.1999999998124622e-05,0.0057990000000103,69.72,87.0,36.5,1
2317,SO-0901,Head Constable Asha Joshi,Head Constable,47,2026-07-14 18:06:27+00:00,84.0,77.0,,21.0907862,72.9217358,16.100000381469727,-0.673,0.227,0.663,,0.0,0.0,0.0,,,,,0.0,0.0,29.0,-0.0007525000000008,0.0036562999999887,48.12,77.0,36.5,1
2328,SO-0901,Head Constable Asha Joshi,Head Constable,47,2026-07-14 18:06:57+00:00,86.0,59.0,,21.0904357,72.9224124,14.32444878075195,-0.717,0.019,0.679,,0.0,0.0,0.0,,,,,0.0,0.0,30.0,-0.0003504999999996,0.0006766000000055,9.61,59.0,36.5,1
2339,SO-0901,Head Constable Asha Joshi,Head Constable,47,2026-07-14 18:07:26+00:00,92.0,88.0,,21.0904052,72.9224374,22.399999618530273,-0.723,-0.094,0.761,,0.0,0.0,0.0,,,,,0.0,0.0,29.0,-3.0500000001154604e-05,2.500000000793534e-05,0.53,88.0,36.5,2
2350,SO-0901,Head Constable Asha Joshi,Head Constable,47,2026-07-14 18:07:57+00:00,81.0,87.0,,21.0895243,72.9248923,18.5,-1.008,-0.166,0.603,,0.0,0.0,0.0,,,,,0.0,0.0,31.0,-0.0008808999999985,0.0024548999999893,31.62,87.0,36.5,1
2360,SO-0901,Head Constable Asha Joshi,Head Constable,47,2026-07-14 18:08:27+00:00,81.0,62.0,,21.0874676,72.9297249,18.5,-0.923,-0.219,0.528,,0.0,0.0,0.0,,,,,0.0,0.0,30.0,-0.0020567000000006,0.0048326000000002,65.99,62.0,36.5,1
2374,SO-0901,Head Constable Asha Joshi,Head Constable,47,2026-07-14 18:08:57+00:00,86.0,79.0,,21.0830691,72.9354995,16.100000381469727,-0.777,-0.104,0.53,,0.0,0.0,0.0,,,,,0.0,0.0,30.0,-0.0043985000000006,0.0057746000000094,92.62,79.0,36.5,1
2384,SO-0901,Head Constable Asha Joshi,Head Constable,47,2026-07-14 18:09:27+00:00,81.0,75.0,,21.0857181,72.9416314,16.600000381469727,-0.783,-0.144,0.594,,0.0,0.0,0.0,,,,,0.0,0.0,30.0,0.0026490000000016,0.0061318999999997,83.95,75.0,36.5,1
2397,SO-0901,Head Constable Asha Joshi,Head Constable,47,2026-07-14 18:09:57+00:00,81.0,88.0,,21.0861095,72.9481912,16.600000381469727,-0.941,-0.206,0.441,,0.0,0.0,0.0,,,,,0.0,0.0,30.0,0.000391399999998,0.0065597999999909,81.66,88.0,36.5,1
2410,SO-0901,Head Constable Asha Joshi,Head Constable,47,2026-07-14 18:10:27+00:00,81.0,68.0,,21.086301,72.9538914,18.5,-0.774,-0.036,0.512,,0.0,0.0,0.0,,,,,0.0,0.0,30.0,0.0001914999999996,0.0057002000000068,70.86,68.0,36.5,1
2422,SO-0901,Head Constable Asha Joshi,Head Constable,47,2026-07-14 18:10:57+00:00,89.0,74.0,,21.0864155,72.9589731,18.5,-0.776,-0.225,0.517,,0.0,0.0,0.0,,,,,0.0,0.0,30.0,0.0001145000000022,0.0050816999999909,63.15,74.0,36.5,1
2433,SO-0901,Head Constable Asha Joshi,Head Constable,47,2026-07-14 18:11:27+00:00,100.0,87.0,,21.0860875,72.9650948,18.5,-0.702,0.084,0.751,,0.0,0.0,0.0,,,,,0.0,0.0,30.0,-0.0003279999999996,0.0061217000000084,76.18,87.0,36.5,1
2446,SO-0901,Head Constable Asha Joshi,Head Constable,47,2026-07-14 18:11:57+00:00,81.0,88.0,,21.0856035,72.9715718,22.399999618530273,-0.649,-0.069,0.788,,0.0,0.0,0.0,,,,,0.0,0.0,30.0,-0.0004840000000001,0.0064770000000038,80.72,88.0,36.5,1
2458,SO-0901,Head Constable Asha Joshi,Head Constable,47,2026-07-14 18:12:27+00:00,95.0,83.0,,21.0861755,72.9766778,22.399999618530273,-0.783,0.0,0.611,,0.0,0.0,0.0,,,,,0.0,0.0,30.0,0.0005719999999982,0.0051059999999978,63.89,83.0,36.5,1
2470,SO-0901,Head Constable Asha Joshi,Head Constable,47,2026-07-14 18:12:57+00:00,82.0,88.0,,21.0868308,72.9772079,20.763497868190655,-0.71,-0.06,0.713,,0.0,0.0,0.0,,,,,0.0,0.0,30.0,0.0006553000000018,0.0005300999999917,10.93,88.0,36.5,1
2482,SO-0901,Head Constable Asha Joshi,Head Constable,47,2026-07-14 18:13:27+00:00,83.0,64.0,,21.0865224,72.9778174,20.590060424100884,-0.756,-0.072,0.66,,0.0,0.0,0.0,,,,,0.0,0.0,30.0,-0.0003084000000015,0.0006095000000101,8.61,64.0,36.5,1
2494,SO-0901,Head Constable Asha Joshi,Head Constable,47,2026-07-14 18:13:56+00:00,98.0,87.0,,21.0868353,72.9772175,26.299999237060547,-0.968,-0.197,-0.234,,0.0,0.0,0.0,,,,,0.0,0.0,29.0,0.0003129000000008,-0.0005999000000116,8.83,87.0,36.5,1
2506,SO-0901,Head Constable Asha Joshi,Head Constable,47,2026-07-14 18:14:27+00:00,87.0,88.0,,21.0869675,72.9774171,21.38945637193271,-0.316,-0.718,0.638,,0.0,0.0,0.0,,,,,0.0,0.0,31.0,0.0001321999999994,0.0001996000000019,2.94,88.0,36.5,0
2518,SO-0901,Head Constable Asha Joshi,Head Constable,47,2026-07-14 18:14:56+00:00,88.0,79.0,,21.0865043,72.9786854,21.274953635589384,-0.949,-0.081,-0.43,,0.0,0.0,0.0,,,,,0.0,0.0,29.0,-0.0004631999999986,0.0012683000000066,17.5,79.0,36.5,1
2530,SO-0901,Head Constable Asha Joshi,Head Constable,47,2026-07-14 18:15:27+00:00,91.0,86.0,,21.0867068,72.9811585,21.42919283767867,-0.848,-0.086,0.441,,0.0,0.0,0.0,,,,,0.0,0.0,31.0,0.0002025000000003,0.0024731000000031,29.85,86.0,36.5,1
2542,SO-0901,Head Constable Asha Joshi,Head Constable,47,2026-07-14 18:15:57+00:00,87.0,86.0,,21.0866096,72.9847014,20.007682695025636,-1.115,-0.258,0.437,,0.0,0.0,0.0,,,,,0.0,0.0,30.0,-9.7200000002573e-05,0.0035428999999993,44.03,86.0,36.5,1
2554,SO-0901,Head Constable Asha Joshi,Head Constable,47,2026-07-14 18:16:28+00:00,92.0,86.0,,21.0860715,72.9869887,20.397149967959876,-0.952,-0.213,0.392,,0.0,0.0,0.0,,,,,0.0,0.0,31.0,-0.0005380999999999,0.0022872999999918,28.36,86.0,36.5,1
2566,SO-0901,Head Constable Asha Joshi,Head Constable,47,2026-07-14 18:16:57+00:00,90.0,87.0,,21.0861139,72.9875863,20.590060424100884,-1.154,-0.157,-0.183,,0.0,0.0,0.0,,,,,0.0,0.0,29.0,4.240000000166333e-05,0.000597600000006,7.7,87.0,36.5,1
2577,SO-0901,Head Constable Asha Joshi,Head Constable,47,2026-07-14 18:17:27+00:00,86.0,85.0,,21.0862759,72.9875956,20.519482925977695,-0.281,0.322,1.163,,0.0,0.0,0.0,,,,,0.0,0.0,30.0,0.0001619999999995,9.300000002099296e-06,2.16,85.0,36.5,0
2588,SO-0901,Head Constable Asha Joshi,Head Constable,47,2026-07-14 18:17:56+00:00,99.0,69.0,,21.0837638,72.9869631,27.5,-0.26,0.798,0.475,,0.0,0.0,0.0,,,,,0.0,0.0,29.0,-0.0025121000000005,-0.0006325000000089,35.56,69.0,36.5,1
2599,SO-0901,Head Constable Asha Joshi,Head Constable,47,2026-07-14 18:18:27+00:00,86.0,81.0,,21.0862716,72.9876311,20.4902065041278,-0.93,-0.103,0.404,,0.0,0.0,0.0,,,,,0.0,0.0,31.0,0.0025078,0.0006680000000045,33.31,81.0,36.5,1
2610,SO-0901,Head Constable Asha Joshi,Head Constable,47,2026-07-14 18:18:57+00:00,88.0,74.0,,21.0862592,72.98765,21.273107260683233,-0.025,0.604,0.67,,0.0,0.0,0.0,,,,,0.0,0.0,30.0,-1.2399999999246347e-05,1.8900000000598993e-05,0.29,74.0,36.5,0
2621,SO-0901,Head Constable Asha Joshi,Head Constable,47,2026-07-14 18:19:27+00:00,100.0,75.0,,21.0862127,72.9876288,24.27513462501686,-0.194,0.678,0.495,,0.0,0.0,0.0,,,,,0.0,0.0,30.0,-4.649999999983834e-05,-2.1200000006160735e-05,0.67,75.0,36.5,2
2632,SO-0901,Head Constable Asha Joshi,Head Constable,47,2026-07-14 18:19:57+00:00,82.0,87.0,,21.086272,72.9875724,24.70296046171022,-0.431,0.448,0.788,,0.0,0.0,0.0,,,,,0.0,0.0,30.0,5.930000000020641e-05,-5.639999999118572e-05,1.06,87.0,36.5,0
2644,SO-0901,Head Constable Asha Joshi,Head Constable,47,2026-07-14 18:20:27+00:00,96.0,86.0,,21.0862565,72.9876531,28.0,-0.521,0.668,0.567,,0.0,0.0,0.0,,,,,0.0,0.0,30.0,-1.5499999999946112e-05,8.069999999804622e-05,1.02,86.0,36.5,2
2657,SO-0901,Head Constable Asha Joshi,Head Constable,47,2026-07-14 18:20:57+00:00,86.0,77.0,,21.086255,72.9876554,24.248984591712823,-0.841,-0.149,0.33,,0.0,0.0,0.0,,,,,0.0,0.0,30.0,-1.4999999997655775e-06,2.2999999913508873e-06,0.03,77.0,36.5,0
2668,SO-0901,Head Constable Asha Joshi,Head Constable,47,2026-07-14 18:21:27+00:00,93.0,87.0,,21.086257,72.9876537,28.0,-0.262,0.138,0.922,,0.0,0.0,0.0,,,,,0.0,0.0,30.0,1.999999998503199e-06,-1.6999999985500835e-06,0.03,87.0,36.5,2
2678,SO-0901,Head Constable Asha Joshi,Head Constable,47,2026-07-14 18:21:57+00:00,88.0,86.0,,21.0862552,72.9876602,28.0,-0.799,-0.1,-0.466,,0.0,0.0,0.0,,,,,0.0,0.0,30.0,-1.7999999997186933e-06,6.499999997799932e-06,0.08,86.0,36.5,0
2689,SO-0901,Head Constable Asha Joshi,Head Constable,47,2026-07-14 18:22:27+00:00,83.0,88.0,,21.0862542,72.9876555,28.0,0.287,-0.132,0.968,,0.0,0.0,0.0,,,,,0.0,0.0,30.0,-1.0000000010279564e-06,-4.699999990975812e-06,0.06,88.0,36.5,0
2699,SO-0901,Head Constable Asha Joshi,Head Constable,47,2026-07-14 18:22:57+00:00,88.0,85.0,,21.0862791,72.9876339,28.0,-0.58,-0.288,-0.825,,0.0,0.0,0.0,,,,,0.0,0.0,30.0,2.4899999999661304e-05,-2.159999999662432e-05,0.43,85.0,36.5,0
2709,SO-0901,Head Constable Asha Joshi,Head Constable,47,2026-07-14 18:23:27+00:00,85.0,88.0,,21.086282,72.9876412,28.0,-0.989,0.154,-0.512,,0.0,0.0,0.0,,,,,0.0,0.0,30.0,2.900000001915259e-06,7.2999999929379555e-06,0.1,88.0,36.5,0
2720,SO-0901,Head Constable Asha Joshi,Head Constable,47,2026-07-14 18:23:57+00:00,82.0,80.0,,21.0862799,72.9876354,28.0,-0.826,0.121,0.544,,0.0,0.0,0.0,,,,,0.0,0.0,30.0,-2.099999999671809e-06,-5.7999999967250915e-06,0.08,80.0,36.5,0
2729,SO-0901,Head Constable Asha Joshi,Head Constable,47,2026-07-14 18:24:27+00:00,86.0,85.0,,21.0862758,72.98766,28.0,-0.813,0.063,0.565,,0.0,0.0,0.0,,,,,0.0,0.0,30.0,-4.100000001727722e-06,2.4600000003260906e-05,0.31,85.0,36.5,0
2739,SO-0901,Head Constable Asha Joshi,Head Constable,47,2026-07-14 18:24:57+00:00,93.0,87.0,,21.086262,72.9876419,28.0,-0.274,-0.151,0.868,,0.0,0.0,0.0,,,,,0.0,0.0,30.0,-1.3799999997843315e-05,-1.810000000546097e-05,0.29,87.0,36.5,2
2749,SO-0901,Head Constable Asha Joshi,Head Constable,47,2026-07-14 18:25:27+00:00,86.0,86.0,,21.0862795,72.9876355,28.0,-0.261,-0.802,0.582,,0.0,0.0,0.0,,,,,0.0,0.0,30.0,1.749999999844931e-05,-6.40000000373675e-06,0.25,86.0,36.5,0
2759,SO-0901,Head Constable Asha Joshi,Head Constable,47,2026-07-14 18:25:57+00:00,86.0,86.0,,21.0862795,72.9876356,28.0,-0.653,-0.728,-0.208,,0.0,0.0,0.0,,,,,0.0,0.0,30.0,0.0,1.000000082740371e-07,0.0,86.0,36.5,0
2769,SO-0901,Head Constable Asha Joshi,Head Constable,47,2026-07-14 18:26:27+00:00,90.0,86.0,,21.0862795,72.9876356,28.0,-0.016,-0.885,0.624,,0.0,0.0,0.0,,,,,0.0,0.0,30.0,0.0,0.0,0.0,86.0,36.5,0
2779,SO-0901,Head Constable Asha Joshi,Head Constable,47,2026-07-14 18:26:57+00:00,91.0,86.0,,21.0862799,72.9876354,28.0,-0.924,-0.094,-0.471,,0.0,0.0,0.0,,,,,0.0,0.0,30.0,4.000000011217253e-07,-2.0000000233721948e-07,0.01,86.0,36.5,2
2789,SO-0901,Head Constable Asha Joshi,Head Constable,47,2026-07-14 18:27:27+00:00,88.0,87.0,,21.0862613,72.9876447,28.0,-0.694,-0.917,-0.063,,0.0,0.0,0.0,,,,,0.0,0.0,30.0,-1.860000000064588e-05,9.300000002099296e-06,0.27,87.0,36.5,0
2798,SO-0901,Head Constable Asha Joshi,Head Constable,47,2026-07-14 18:27:57+00:00,97.0,85.0,,21.0862771,72.9876348,28.0,-0.814,-0.003,0.538,,0.0,0.0,0.0,,,,,0.0,0.0,30.0,1.5799999999899228e-05,-9.900000009110954e-06,0.24,85.0,36.5,2
2809,SO-0901,Head Constable Asha Joshi,Head Constable,47,2026-07-14 18:28:27+00:00,88.0,88.0,,21.0862766,72.9876337,28.0,-0.531,0.31,0.776,,0.0,0.0,0.0,,,,,0.0,0.0,30.0,-4.999999987376214e-07,-1.099999991538425e-06,0.02,88.0,36.5,0
2819,SO-0901,Head Constable Asha Joshi,Head Constable,47,2026-07-14 18:28:57+00:00,86.0,88.0,,21.086261,72.9876572,28.0,-0.985,-0.162,0.11,,0.0,0.0,0.0,,,,,0.0,0.0,30.0,-1.5600000001114722e-05,2.3499999997511622e-05,0.36,88.0,36.5,0
2829,SO-0901,Head Constable Asha Joshi,Head Constable,47,2026-07-14 18:29:27+00:00,85.0,84.0,,21.08628,72.9876354,28.0,-0.184,1.021,-0.003,,0.0,0.0,0.0,,,,,0.0,0.0,30.0,1.899999999821489e-05,-2.179999999896154e-05,0.37,84.0,36.5,0
2839,SO-0901,Head Constable Asha Joshi,Head Constable,47,2026-07-14 18:29:57+00:00,87.0,85.0,,21.0862795,72.9876356,28.0,-0.821,0.057,0.683,,0.0,0.0,0.0,,,,,0.0,0.0,30.0,-4.999999987376214e-07,2.0000000233721948e-07,0.01,85.0,36.5,0
2849,SO-0901,Head Constable Asha Joshi,Head Constable,47,2026-07-14 18:30:27+00:00,91.0,88.0,,21.0862795,72.9876355,28.0,-0.885,-0.309,0.401,,0.0,0.0,0.0,,,,,0.0,0.0,30.0,0.0,-1.000000082740371e-07,0.0,88.0,36.5,2
2859,SO-0901,Head Constable Asha Joshi,Head Constable,47,2026-07-14 18:30:57+00:00,97.0,71.0,,21.0862795,72.9876356,28.0,-0.601,0.01,0.76,,0.0,0.0,0.0,,,,,0.0,0.0,30.0,0.0,1.000000082740371e-07,0.0,71.0,36.5,2
2869,SO-0901,Head Constable Asha Joshi,Head Constable,47,2026-07-14 18:31:27+00:00,96.0,75.0,,21.0862742,72.9876481,28.0,-0.673,0.015,0.712,,0.0,0.0,0.0,,,,,0.0,0.0,30.0,-5.300000001540184e-06,1.2499999996862243e-05,0.17,75.0,36.5,2
2879,SO-0901,Head Constable Asha Joshi,Head Constable,47,2026-07-14 18:31:57+00:00,96.0,88.0,,21.0862799,72.9876354,28.0,-0.704,0.135,0.676,,0.0,0.0,0.0,,,,,0.0,0.0,30.0,5.700000002661909e-06,-1.2699999999199464e-05,0.18,88.0,36.5,2
2889,SO-0901,Head Constable Asha Joshi,Head Constable,47,2026-07-14 18:32:27+00:00,92.0,88.0,,21.08626,72.987652,28.0,0.435,0.047,0.9,,0.0,0.0,0.0,,,,,0.0,0.0,30.0,-1.990000000162695e-05,1.659999999503725e-05,0.34,88.0,36.5,2
2899,SO-0901,Head Constable Asha Joshi,Head Constable,47,2026-07-14 18:32:57+00:00,94.0,69.0,,21.0862799,72.9876354,28.0,-0.744,-0.144,-0.906,,0.0,0.0,0.0,,,,,0.0,0.0,30.0,1.990000000162695e-05,-1.659999999503725e-05,0.34,69.0,36.5,2
2909,SO-0901,Head Constable Asha Joshi,Head Constable,47,2026-07-14 18:33:27+00:00,94.0,87.0,,21.0862674,72.9876596,28.0,-0.852,-0.073,0.528,,0.0,0.0,0.0,,,,,0.0,0.0,30.0,-1.2500000000414955e-05,2.4199999998586463e-05,0.34,87.0,36.5,2
2919,SO-0901,Head Constable Asha Joshi,Head Constable,47,2026-07-14 18:33:57+00:00,100.0,88.0,,21.0862638,72.9876673,28.0,-0.205,-0.889,-0.436,,0.0,0.0,0.0,,,,,0.0,0.0,30.0,-3.5999999994373866e-06,7.699999997612395e-06,0.11,88.0,36.5,2
2929,SO-0901,Head Constable Asha Joshi,Head Constable,47,2026-07-14 18:34:27+00:00,90.0,89.0,,21.0862725,72.9876527,28.0,-0.667,-0.233,0.7,,0.0,0.0,0.0,,,,,0.0,0.0,30.0,8.699999998640351e-06,-1.4600000000086766e-05,0.22,89.0,36.5,0
2939,SO-0901,Head Constable Asha Joshi,Head Constable,47,2026-07-14 18:34:57+00:00,87.0,85.0,,21.0862797,72.9876355,28.0,-0.52,-0.012,0.942,,0.0,0.0,0.0,,,,,0.0,0.0,30.0,7.199999998874773e-06,-1.720000000204891e-05,0.23,85.0,36.5,0
2950,SO-0901,Head Constable Asha Joshi,Head Constable,47,2026-07-14 18:35:27+00:00,92.0,84.0,,21.0862588,72.9876495,28.0,-0.898,0.006,-0.819,,0.0,0.0,0.0,,,,,0.0,0.0,30.0,-2.0899999999102192e-05,1.4000000007285962e-05,0.33,84.0,36.5,2
2959,SO-0901,Head Constable Asha Joshi,Head Constable,47,2026-07-14 18:35:57+00:00,84.0,83.0,,21.0862636,72.9876594,28.0,-0.971,-0.023,-0.339,,0.0,0.0,0.0,,,,,0.0,0.0,30.0,4.799999999249849e-06,9.8999999949001e-06,0.14,83.0,36.5,0
2970,SO-0901,Head Constable Asha Joshi,Head Constable,47,2026-07-14 18:36:29+00:00,82.0,87.0,,21.0862738,72.987667,28.0,-0.719,-0.329,-0.72,,0.0,0.0,0.0,,,,,0.0,0.0,32.0,1.0200000001958642e-05,7.600000003549212e-06,0.16,87.0,36.5,0
2980,SO-0901,Head Constable Asha Joshi,Head Constable,47,2026-07-14 18:36:57+00:00,82.0,88.0,,21.0862693,72.9876491,28.0,-1.007,-0.044,0.133,,0.0,0.0,0.0,,,,,0.0,0.0,28.0,-4.499999999296733e-06,-1.790000000312375e-05,0.25,88.0,36.5,0
2990,SO-0901,Head Constable Asha Joshi,Head Constable,47,2026-07-14 18:37:27+00:00,91.0,75.0,,21.0862695,72.9876502,28.0,-0.925,-0.119,-0.508,,0.0,0.0,0.0,,,,,0.0,0.0,30.0,1.999999987845058e-07,1.1000000057492798e-06,0.01,75.0,36.5,2
3000,SO-0901,Head Constable Asha Joshi,Head Constable,47,2026-07-14 18:37:57+00:00,93.0,86.0,,21.0862803,72.9876351,28.0,-0.683,-0.343,-0.728,,0.0,0.0,0.0,,,,,0.0,0.0,30.0,1.079999999831216e-05,-1.5099999998824389e-05,0.24,86.0,36.5,2
3009,SO-0901,Head Constable Asha Joshi,Head Constable,47,2026-07-14 18:38:27+00:00,86.0,66.0,,21.0862566,72.9876212,28.0,-0.88,-0.013,0.549,,0.0,0.0,0.0,,,,,0.0,0.0,30.0,-2.369999999984884e-05,-1.3899999999011923e-05,0.36,66.0,36.5,0
3020,SO-0901,Head Constable Asha Joshi,Head Constable,47,2026-07-14 18:38:57+00:00,86.0,87.0,,21.0862803,72.9876464,28.0,-0.948,-0.249,0.267,,0.0,0.0,0.0,,,,,0.0,0.0,30.0,2.369999999984884e-05,2.5199999996061703e-05,0.44,87.0,36.5,0
3029,SO-0901,Head Constable Asha Joshi,Head Constable,47,2026-07-14 18:39:27+00:00,95.0,86.0,,21.0862569,72.9876472,28.0,-1.352,-0.185,0.252,,0.0,0.0,0.0,,,,,0.0,0.0,30.0,-2.3399999999895726e-05,7.999999951380232e-07,0.31,86.0,36.5,2
3038,SO-0901,Head Constable Asha Joshi,Head Constable,47,2026-07-14 18:39:57+00:00,84.0,87.0,,21.0861596,72.9877454,28.0,-0.848,-0.328,-0.868,,0.0,0.0,0.0,,,,,0.0,0.0,30.0,-9.73000000001889e-05,9.819999999649554e-05,1.78,87.0,36.5,0
3049,SO-0901,Head Constable Asha Joshi,Head Constable,47,2026-07-14 18:40:27+00:00,87.0,83.0,,21.0862581,72.987646,28.0,-0.729,-0.477,0.529,,0.0,0.0,0.0,,,,,0.0,0.0,30.0,9.850000000000136e-05,-9.9399999996308e-05,1.8,83.0,36.5,0
3059,SO-0901,Head Constable Asha Joshi,Head Constable,47,2026-07-14 18:40:57+00:00,84.0,80.0,,21.0862795,72.9876358,28.0,-0.595,-0.172,0.686,,0.0,0.0,0.0,,,,,0.0,0.0,30.0,2.1400000001392527e-05,-1.01999999913005e-05,0.31,80.0,36.5,0
3069,SO-0901,Head Constable Asha Joshi,Head Constable,47,2026-07-14 18:41:27+00:00,94.0,82.0,,21.0862672,72.9876538,28.0,-0.594,-0.289,0.608,,0.0,0.0,0.0,,,,,0.0,0.0,30.0,-1.2299999998077736e-05,1.7999999997186933e-05,0.28,82.0,36.5,2
3078,SO-0901,Head Constable Asha Joshi,Head Constable,47,2026-07-14 18:41:57+00:00,87.0,73.0,,21.0862735,72.9876484,28.0,-0.26,-0.334,-0.894,,0.0,0.0,0.0,,,,,0.0,0.0,30.0,6.2999999990154265e-06,-5.400000006261507e-06,0.11,73.0,36.5,0
3089,SO-0901,Head Constable Asha Joshi,Head Constable,47,2026-07-14 18:42:27+00:00,95.0,88.0,,21.0862758,72.9876519,28.0,-0.992,-0.001,0.017,,0.0,0.0,0.0,,,,,0.0,0.0,30.0,2.2999999984563142e-06,3.500000005374204e-06,0.05,88.0,36.5,2
3099,SO-0901,Head Constable Asha Joshi,Head Constable,47,2026-07-14 18:42:57+00:00,98.0,88.0,,21.0862622,72.9876461,28.0,-1.219,-0.26,-0.008,,0.0,0.0,0.0,,,,,0.0,0.0,30.0,-1.359999999905881e-05,-5.7999999967250915e-06,0.19,88.0,36.5,2
3109,SO-0901,Head Constable Asha Joshi,Head Constable,47,2026-07-14 18:43:27+00:00,85.0,87.0,,21.0862615,72.9876467,28.0,-0.303,-0.379,-0.938,,0.0,0.0,0.0,,,,,0.0,0.0,30.0,-7.000000010748408e-07,5.999999928008037e-07,0.01,87.0,36.5,0
3118,SO-0901,Head Constable Asha Joshi,Head Constable,47,2026-07-14 18:43:57+00:00,88.0,87.0,,21.0862625,72.9876471,28.0,-0.894,-0.202,-0.982,,0.0,0.0,0.0,,,,,0.0,0.0,30.0,1.0000000010279564e-06,4.0000000467443897e-07,0.01,87.0,36.5,0
3129,SO-0901,Head Constable Asha Joshi,Head Constable,47,2026-07-14 18:44:27+00:00,88.0,83.0,,21.0862632,72.9876387,28.0,-0.882,-0.146,0.372,,0.0,0.0,0.0,,,,,0.0,0.0,30.0,7.000000010748408e-07,-8.399999998687235e-06,0.1,83.0,36.5,0
3139,SO-0901,Head Constable Asha Joshi,Head Constable,47,2026-07-14 18:44:57+00:00,84.0,76.0,,21.0862618,72.9876441,28.0,-0.934,-0.139,-0.416,,0.0,0.0,0.0,,,,,0.0,0.0,30.0,-1.4000000021496817e-06,5.3999999920506525e-06,0.07,76.0,36.5,0
3149,SO-0901,Head Constable Asha Joshi,Head Constable,47,2026-07-14 18:45:27+00:00,98.0,84.0,,21.0862743,72.9876474,28.0,-0.988,-0.219,-0.214,,0.0,0.0,0.0,,,,,0.0,0.0,30.0,1.2500000000414955e-05,3.3000000030369847e-06,0.17,84.0,36.5,2
3159,SO-0901,Head Constable Asha Joshi,Head Constable,47,2026-07-14 18:45:57+00:00,93.0,81.0,,21.0862744,72.9876483,28.0,-0.211,-0.11,0.918,,0.0,0.0,0.0,,,,,0.0,0.0,30.0,1.0000000116860974e-07,9.000000034120603e-07,0.01,81.0,36.5,2
3169,SO-0901,Head Constable Asha Joshi,Head Constable,47,2026-07-14 18:46:27+00:00,84.0,86.0,,21.08628,72.9876492,28.0,-0.934,-0.194,0.172,,0.0,0.0,0.0,,,,,0.0,0.0,30.0,5.599999997940586e-06,9.000000034120603e-07,0.08,86.0,36.5,0
3179,SO-0901,Head Constable Asha Joshi,Head Constable,47,2026-07-14 18:46:57+00:00,83.0,88.0,,21.086254,72.9876492,28.0,-0.849,-0.179,-0.593,,0.0,0.0,0.0,,,,,0.0,0.0,30.0,-2.5999999998305157e-05,0.0,0.35,88.0,36.5,0
3187,SO-0901,Head Constable Asha Joshi,Head Constable,47,2026-07-14 18:47:27+00:00,97.0,86.0,,21.0862605,72.9876527,28.0,-1.143,-0.152,0.485,,0.0,0.0,0.0,,,,,0.0,0.0,30.0,6.500000001352646e-06,3.4999999911633495e-06,0.1,86.0,36.5,2
3199,SO-0901,Head Constable Asha Joshi,Head Constable,47,2026-07-14 18:47:57+00:00,89.0,88.0,,21.0862564,72.9876612,28.0,-0.995,-0.083,-0.212,,0.0,0.0,0.0,,,,,0.0,0.0,30.0,-4.100000001727722e-06,8.500000006961272e-06,0.12,88.0,36.5,0
3209,SO-0901,Head Constable Asha Joshi,Head Constable,47,2026-07-14 18:48:27+00:00,85.0,85.0,,21.0862777,72.9876531,28.0,-1.008,-0.05,0.061,,0.0,0.0,0.0,,,,,0.0,0.0,30.0,2.130000000022392e-05,-8.100000002286833e-06,0.3,85.0,36.5,0
3217,SO-0901,Head Constable Asha Joshi,Head Constable,47,2026-07-14 18:48:56+00:00,96.0,88.0,,21.0862558,72.98769,28.0,-1.014,-0.042,0.053,,0.0,0.0,0.0,,,,,0.0,0.0,29.0,-2.190000000013015e-05,3.6899999997785926e-05,0.56,88.0,36.5,2
3226,SO-0901,Head Constable Asha Joshi,Head Constable,47,2026-07-14 18:49:26+00:00,85.0,76.0,,21.0862605,72.98764,28.0,-1.02,-0.023,0.041,,0.0,0.0,0.0,,,,,0.0,0.0,30.0,4.700000001633953e-06,-5.000000000165983e-05,0.62,76.0,36.5,0
3236,SO-0901,Head Constable Asha Joshi,Head Constable,47,2026-07-14 18:49:57+00:00,85.0,69.0,,21.0862802,72.9876348,28.0,-1.02,-0.037,0.05,,0.0,0.0,0.0,,,,,0.0,0.0,31.0,1.969999999928973e-05,-5.200000003924288e-06,0.26,69.0,36.5,0
3244,SO-0901,Head Constable Asha Joshi,Head Constable,47,2026-07-14 18:50:28+00:00,81.0,65.0,,21.0862763,72.9876549,28.0,-1.008,-0.041,0.121,,0.0,0.0,0.0,,,,,0.0,0.0,31.0,-3.899999999390502e-06,2.0100000000411455e-05,0.25,65.0,36.5,0
3253,SO-0901,Head Constable Asha Joshi,Head Constable,47,2026-07-14 18:50:57+00:00,84.0,82.0,,21.08626,72.9876492,28.0,-0.899,-0.586,0.332,,0.0,0.0,0.0,,,,,0.0,0.0,29.0,-1.6300000002189563e-05,-5.699999988451054e-06,0.24,82.0,36.5,0
3262,SO-0901,Head Constable Asha Joshi,Head Constable,47,2026-07-14 18:51:27+00:00,87.0,85.0,,21.08626,72.9876471,28.0,-1.028,-0.096,-0.134,,0.0,0.0,0.0,,,,,0.0,0.0,30.0,0.0,-2.1000000032245225e-06,0.03,85.0,36.5,0
3271,SO-0901,Head Constable Asha Joshi,Head Constable,47,2026-07-14 18:51:57+00:00,99.0,88.0,,21.086279,72.9876556,28.0,-0.826,-0.226,-0.705,,0.0,0.0,0.0,,,,,0.0,0.0,30.0,1.9000000001767603e-05,8.499999992750418e-06,0.27,88.0,36.5,2
3280,SO-0901,Head Constable Asha Joshi,Head Constable,47,2026-07-14 18:52:27+00:00,100.0,88.0,,21.08626,72.9876492,28.0,-1.003,-0.42,-0.034,,0.0,0.0,0.0,,,,,0.0,0.0,30.0,-1.9000000001767603e-05,-6.399999989525895e-06,0.27,88.0,36.5,2
3289,SO-0901,Head Constable Asha Joshi,Head Constable,47,2026-07-14 18:52:57+00:00,81.0,74.0,,21.0862593,72.987651,28.0,-1.026,-0.118,-0.076,,0.0,0.0,0.0,,,,,0.0,0.0,30.0,-7.000000010748408e-07,1.799999992613266e-06,0.02,74.0,36.5,0
3298,SO-0901,Head Constable Asha Joshi,Head Constable,47,2026-07-14 18:53:27+00:00,89.0,77.0,,21.086255,72.9876554,28.0,-0.608,-0.839,0.084,,0.0,0.0,0.0,,,,,0.0,0.0,30.0,-4.299999996959514e-06,4.39999999457541e-06,0.08,77.0,36.5,0
3307,SO-0901,Head Constable Asha Joshi,Head Constable,47,2026-07-14 18:53:57+00:00,98.0,88.0,,21.0862715,72.9876433,28.0,0.036,0.48,0.876,,0.0,0.0,0.0,,,,,0.0,0.0,30.0,1.6499999997421355e-05,-1.2099999992187804e-05,0.27,88.0,36.5,2
3316,SO-0901,Head Constable Asha Joshi,Head Constable,47,2026-07-14 18:54:27+00:00,89.0,87.0,,21.0861583,72.9877593,28.0,-0.153,0.229,0.878,,0.0,0.0,0.0,,,,,0.0,0.0,30.0,-0.0001131999999977,0.0001159999999913,2.09,87.0,36.5,0
3323,SO-0901,Head Constable Asha Joshi,Head Constable,47,2026-07-14 18:54:57+00:00,95.0,82.0,,21.0862683,72.987649,28.0,-0.739,0.625,-0.154,,0.0,0.0,0.0,,,,,0.0,0.0,30.0,0.0001099999999993,-0.0001102999999886,2.01,82.0,36.5,2
3332,SO-0901,Head Constable Asha Joshi,Head Constable,47,2026-07-14 18:55:27+00:00,91.0,85.0,,21.0862619,72.9876593,28.0,0.106,0.959,1.58,,0.0,0.0,0.0,,,,,0.0,0.0,30.0,-6.400000000184036e-06,1.0299999999574538e-05,0.15,85.0,36.5,1
3339,SO-0901,Head Constable Asha Joshi,Head Constable,47,2026-07-14 18:55:57+00:00,89.0,88.0,,21.0862844,72.9876623,28.0,-0.293,0.991,0.228,,0.0,0.0,0.0,,,,,0.0,0.0,30.0,2.250000000003638e-05,2.999999992425728e-06,0.3,88.0,36.5,1
3346,SO-0901,Head Constable Asha Joshi,Head Constable,47,2026-07-14 18:56:27+00:00,98.0,83.0,,21.086019,72.9880359,28.0,-0.224,0.885,0.165,,0.0,0.0,0.0,,,,,0.0,0.0,30.0,-0.0002653999999999,0.0003736000000031,5.83,83.0,36.5,1
3354,SO-0901,Head Constable Asha Joshi,Head Constable,47,2026-07-14 18:56:57+00:00,87.0,82.0,,21.0862605,72.9876459,28.0,0.216,0.94,-0.397,,0.0,0.0,0.0,,,,,0.0,0.0,30.0,0.0002415000000013,-0.0003899999999958,5.82,82.0,36.5,1
3361,SO-0901,Head Constable Asha Joshi,Head Constable,47,2026-07-14 18:57:27+00:00,100.0,88.0,,21.0862797,72.9876355,28.0,-1.005,-0.118,-0.144,,0.0,0.0,0.0,,,,,0.0,0.0,30.0,1.9199999996999395e-05,-1.0400000007848575e-05,0.29,88.0,36.5,1
3368,SO-0901,Head Constable Asha Joshi,Head Constable,47,2026-07-14 18:57:56+00:00,96.0,88.0,,21.0862797,72.9876355,28.0,-0.615,-0.079,0.785,,0.0,0.0,0.0,,,,,0.0,0.0,29.0,0.0,0.0,0.0,88.0,36.5,2
3375,SO-0901,Head Constable Asha Joshi,Head Constable,47,2026-07-14 18:58:27+00:00,86.0,84.0,,21.086247,72.9876934,28.0,0.337,0.335,0.836,,0.0,0.0,0.0,,,,,0.0,0.0,31.0,-3.269999999844231e-05,5.790000000160944e-05,0.81,84.0,36.5,0
3382,SO-0901,Head Constable Asha Joshi,Head Constable,47,2026-07-14 18:58:57+00:00,99.0,88.0,,21.0862586,72.9876723,28.0,-0.845,0.165,0.515,,0.0,0.0,0.0,,,,,0.0,0.0,30.0,1.160000000055561e-05,-2.1099999997886695e-05,0.3,88.0,36.5,2
3388,SO-0901,Head Constable Asha Joshi,Head Constable,47,2026-07-14 18:59:27+00:00,83.0,87.0,,21.0862708,72.9876509,28.0,-0.615,-0.103,0.604,,0.0,0.0,0.0,,,,,0.0,0.0,30.0,1.220000000046184e-05,-2.13999999942871e-05,0.31,87.0,36.5,0
3396,SO-0901,Head Constable Asha Joshi,Head Constable,47,2026-07-14 18:59:57+00:00,84.0,87.0,,21.0862632,72.987645,28.0,-0.824,0.084,0.554,,0.0,0.0,0.0,,,,,0.0,0.0,30.0,-7.599999999996499e-06,-5.900000004999129e-06,0.12,87.0,36.5,0
3402,SO-0901,Head Constable Asha Joshi,Head Constable,47,2026-07-14 19:00:27+00:00,83.0,88.0,,21.086279,72.9876578,28.0,-1.274,-0.265,-0.182,,0.0,0.0,0.0,,,,,0.0,0.0,30.0,1.5799999999899228e-05,1.2799999993262643e-05,0.26,88.0,36.5,0
3408,SO-0901,Head Constable Asha Joshi,Head Constable,47,2026-07-14 19:00:57+00:00,94.0,88.0,,21.0862809,72.987652,28.0,-0.563,0.695,0.487,,0.0,0.0,0.0,,,,,0.0,0.0,30.0,1.8999999973345896e-06,-5.7999999967250915e-06,0.08,88.0,36.5,2
3414,SO-0901,Head Constable Asha Joshi,Head Constable,47,2026-07-14 19:01:27+00:00,81.0,84.0,,21.0862697,72.9876509,28.0,-0.459,-0.103,0.87,,0.0,0.0,0.0,,,,,0.0,0.0,30.0,-1.1199999999433883e-05,-1.099999991538425e-06,0.15,84.0,36.5,0
3420,SO-0901,Head Constable Asha Joshi,Head Constable,47,2026-07-14 19:01:57+00:00,98.0,88.0,,21.086253,72.9876328,28.0,-0.794,-0.099,0.591,,0.0,0.0,0.0,,,,,0.0,0.0,30.0,-1.6699999999758575e-05,-1.810000000546097e-05,0.32,88.0,36.5,2
3426,SO-0901,Head Constable Asha Joshi,Head Constable,47,2026-07-14 19:02:27+00:00,93.0,85.0,,21.0862783,72.9876517,28.0,-0.823,-0.198,-0.607,,0.0,0.0,0.0,,,,,0.0,0.0,30.0,2.530000000078303e-05,1.8900000000598993e-05,0.41,85.0,36.5,2
3433,SO-0901,Head Constable Asha Joshi,Head Constable,47,2026-07-14 19:03:01+00:00,90.0,88.0,,21.0864871,72.987458,27.5,-0.869,-0.22,-0.552,,0.0,0.0,0.0,,,,,0.0,0.0,34.0,0.0002087999999993,-0.0001936999999969,3.25,88.0,36.5,0
3438,SO-0901,Head Constable Asha Joshi,Head Constable,47,2026-07-14 19:03:27+00:00,91.0,88.0,,21.0862631,72.9876411,28.0,-0.873,-0.264,-0.544,,0.0,0.0,0.0,,,,,0.0,0.0,26.0,-0.0002239999999993,0.0001831000000009,4.33,88.0,36.5,2
3443,SO-0901,Head Constable Asha Joshi,Head Constable,47,2026-07-14 19:03:57+00:00,84.0,88.0,,21.0862798,72.9876542,28.0,-1.005,-0.174,0.095,,0.0,0.0,0.0,,,,,0.0,0.0,30.0,1.6699999999758575e-05,1.3099999989663049e-05,0.28,88.0,36.5,0
3449,SO-0901,Head Constable Asha Joshi,Head Constable,47,2026-07-14 19:04:27+00:00,86.0,87.0,,21.0862772,72.9876607,28.0,-0.976,-0.159,0.223,,0.0,0.0,0.0,,,,,0.0,0.0,30.0,-2.59999999840943e-06,6.500000012010787e-06,0.09,87.0,36.5,0
3455,SO-0901,Head Constable Asha Joshi,Head Constable,47,2026-07-14 19:04:57+00:00,94.0,88.0,,21.0862704,72.9876555,28.0,-0.877,-0.182,0.397,,0.0,0.0,0.0,,,,,0.0,0.0,30.0,-6.8000000013057615e-06,-5.200000003924288e-06,0.11,88.0,36.5,2
3461,SO-0901,Head Constable Asha Joshi,Head Constable,47,2026-07-14 19:05:27+00:00,93.0,84.0,,21.0862702,72.9876546,28.0,-0.445,-0.317,-0.903,,0.0,0.0,0.0,,,,,0.0,0.0,30.0,-1.999999987845058e-07,-9.000000034120603e-07,0.01,84.0,36.5,2
3467,SO-0901,Head Constable Asha Joshi,Head Constable,47,2026-07-14 19:05:57+00:00,83.0,88.0,,21.0862706,72.9876562,28.0,-0.939,-0.181,0.341,,0.0,0.0,0.0,,,,,0.0,0.0,30.0,3.999999975690116e-07,1.6000000044869012e-06,0.02,88.0,36.5,0
3473,SO-0901,Head Constable Asha Joshi,Head Constable,47,2026-07-14 19:06:27+00:00,85.0,88.0,,21.0862722,72.9876518,28.0,-0.634,-0.216,0.811,,0.0,0.0,0.0,,,,,0.0,0.0,30.0,1.6000000009341877e-06,-4.4000000087862645e-06,0.06,88.0,36.5,0
3479,SO-0901,Head Constable Asha Joshi,Head Constable,47,2026-07-14 19:06:57+00:00,95.0,88.0,,21.0862721,72.9876513,28.0,-0.95,-0.16,-0.471,,0.0,0.0,0.0,,,,,0.0,0.0,30.0,-1.0000000116860974e-07,-4.999999987376214e-07,0.01,88.0,36.5,2
3485,SO-0901,Head Constable Asha Joshi,Head Constable,47,2026-07-14 19:07:27+00:00,93.0,88.0,,21.0862605,72.9876459,28.0,-0.965,-0.118,-0.359,,0.0,0.0,0.0,,,,,0.0,0.0,30.0,-1.1599999997002897e-05,-5.3999999920506525e-06,0.17,88.0,36.5,2
3491,SO-0901,Head Constable Asha Joshi,Head Constable,47,2026-07-14 19:07:57+00:00,99.0,88.0,,21.0862718,72.9876555,28.0,-0.473,-0.916,-0.021,,0.0,0.0,0.0,,,,,0.0,0.0,30.0,1.129999999704978e-05,9.599999998499698e-06,0.19,88.0,36.5,2
3497,SO-0901,Head Constable Asha Joshi,Head Constable,47,2026-07-14 19:08:27+00:00,86.0,88.0,,21.0862592,72.9876489,28.0,-0.32,-0.927,0.22,,0.0,0.0,0.0,,,,,0.0,0.0,30.0,-1.2599999998030851e-05,-6.600000006073969e-06,0.19,88.0,36.5,0
3503,SO-0901,Head Constable Asha Joshi,Head Constable,47,2026-07-14 19:08:57+00:00,100.0,87.0,,21.0862559,72.9876532,28.0,-0.916,-0.253,0.378,,0.0,0.0,0.0,,,,,0.0,0.0,30.0,-3.299999999484271e-06,4.300000000512227e-06,0.07,87.0,36.5,2
3509,SO-0901,Head Constable Asha Joshi,Head Constable,47,2026-07-14 19:09:27+00:00,85.0,88.0,,21.086274,72.9876476,28.0,-0.971,-0.064,0.281,,0.0,0.0,0.0,,,,,0.0,0.0,30.0,1.8099999998355543e-05,-5.599999994387872e-06,0.25,88.0,36.5,0
3515,SO-0901,Head Constable Asha Joshi,Head Constable,47,2026-07-14 19:09:58+00:00,84.0,72.0,,21.0862697,72.9876529,28.0,-0.966,-0.059,0.312,,0.0,0.0,0.0,,,,,0.0,0.0,31.0,-4.300000000512227e-06,5.29999999798747e-06,0.08,72.0,36.5,0
3521,SO-0901,Head Constable Asha Joshi,Head Constable,47,2026-07-14 19:10:28+00:00,84.0,58.0,,21.0862557,72.9876602,28.0,-0.921,-0.08,0.395,,0.0,0.0,0.0,,,,,0.0,0.0,30.0,-1.4000000000180536e-05,7.2999999929379555e-06,0.21,58.0,36.5,0
3526,SO-0901,Head Constable Asha Joshi,Head Constable,47,2026-07-14 19:10:57+00:00,84.0,87.0,,21.0862799,72.9876354,28.0,-0.911,-0.102,0.408,,0.0,0.0,0.0,,,,,0.0,0.0,29.0,2.4200000002139177e-05,-2.4799999991387267e-05,0.46,87.0,36.5,0
3531,SO-0901,Head Constable Asha Joshi,Head Constable,47,2026-07-14 19:11:27+00:00,86.0,68.0,,21.0862414,72.9876937,28.0,0.102,0.865,0.338,,0.0,0.0,0.0,,,,,0.0,0.0,30.0,-3.850000000227283e-05,5.8299999992073026e-05,0.89,68.0,36.5,0
3537,SO-0901,Head Constable Asha Joshi,Head Constable,47,2026-07-14 19:11:57+00:00,90.0,81.0,,21.0862778,72.9877456,28.0,0.008,0.912,0.31,,0.0,0.0,0.0,,,,,0.0,0.0,30.0,3.640000000260102e-05,5.190000000254713e-05,0.81,81.0,36.5,0
3542,SO-0901,Head Constable Asha Joshi,Head Constable,47,2026-07-14 19:12:27+00:00,82.0,84.0,,21.0858774,72.9880434,28.0,0.033,0.784,0.473,,0.0,0.0,0.0,,,,,0.0,0.0,30.0,-0.0004004000000001,0.0002977999999984,6.49,84.0,36.5,1
3547,SO-0901,Head Constable Asha Joshi,Head Constable,47,2026-07-14 19:12:57+00:00,91.0,76.0,,21.0862728,72.9875225,27.899999618530273,-0.02,0.893,0.297,,0.0,0.0,0.0,,,,,0.0,0.0,30.0,0.0003953999999986,-0.0005208999999979,8.34,76.0,36.5,1
3553,SO-0901,Head Constable Asha Joshi,Head Constable,47,2026-07-14 19:13:27+00:00,85.0,84.0,,21.0862542,72.9876555,28.0,-0.958,-0.145,0.012,,0.0,0.0,0.0,,,,,0.0,0.0,30.0,-1.860000000064588e-05,0.0001330000000052,1.67,84.0,36.5,0
3559,SO-0901,Head Constable Asha Joshi,Head Constable,47,2026-07-14 19:13:57+00:00,82.0,88.0,,21.0862789,72.9876334,28.0,-1.112,0.02,-0.075,,0.0,0.0,0.0,,,,,0.0,0.0,30.0,2.47000000008768e-05,-2.209999999536194e-05,0.43,88.0,36.5,0
3565,SO-0901,Head Constable Asha Joshi,Head Constable,47,2026-07-14 19:14:27+00:00,91.0,85.0,,21.0862802,72.9876348,28.0,-1.0,-0.159,-0.057,,0.0,0.0,0.0,,,,,0.0,0.0,30.0,1.300000000981072e-06,1.399999987938827e-06,0.02,85.0,36.5,2
3571,SO-0901,Head Constable Asha Joshi,Head Constable,47,2026-07-14 19:14:57+00:00,88.0,79.0,,21.0862605,72.9876701,28.0,-0.998,-0.193,-0.129,,0.0,0.0,0.0,,,,,0.0,0.0,30.0,-1.969999999928973e-05,3.530000000750988e-05,0.51,79.0,36.5,0
3577,SO-0901,Head Constable Asha Joshi,Head Constable,47,2026-07-14 19:15:27+00:00,100.0,81.0,,21.0862801,72.9876353,28.0,-0.231,0.173,0.929,,0.0,0.0,0.0,,,,,0.0,0.0,30.0,1.959999999812112e-05,-3.480000000877226e-05,0.51,81.0,36.5,2
3583,SO-0901,Head Constable Asha Joshi,Head Constable,47,2026-07-14 19:15:57+00:00,88.0,88.0,,21.0862799,72.9876354,28.0,-1.019,0.058,0.227,,0.0,0.0,0.0,,,,,0.0,0.0,30.0,-1.999999987845058e-07,1.000000082740371e-07,0.0,88.0,36.5,0
3589,SO-0901,Head Constable Asha Joshi,Head Constable,47,2026-07-14 19:16:27+00:00,100.0,62.0,,21.0862801,72.9876353,28.0,-0.727,-0.231,-0.723,,0.0,0.0,0.0,,,,,0.0,0.0,30.0,1.999999987845058e-07,-1.000000082740371e-07,0.0,62.0,36.5,2
3595,SO-0901,Head Constable Asha Joshi,Head Constable,47,2026-07-14 19:16:57+00:00,91.0,86.0,,21.0862794,72.9876321,28.0,-0.812,-0.323,-0.48,,0.0,0.0,0.0,,,,,0.0,0.0,30.0,-7.000000010748408e-07,-3.1999999947629476e-06,0.04,86.0,36.5,2
3601,SO-0901,Head Constable Asha Joshi,Head Constable,47,2026-07-14 19:17:27+00:00,85.0,88.0,,21.0862736,72.9876472,28.0,-0.975,-0.151,-0.143,,0.0,0.0,0.0,,,,,0.0,0.0,30.0,-5.800000000277805e-06,1.5099999998824389e-05,0.2,88.0,36.5,0
3607,SO-0901,Head Constable Asha Joshi,Head Constable,47,2026-07-14 19:17:57+00:00,87.0,88.0,,21.086266,72.9876593,28.0,-0.938,-0.202,0.054,,0.0,0.0,0.0,,,,,0.0,0.0,30.0,-7.599999999996499e-06,1.210000000639866e-05,0.18,88.0,36.5,0
3613,SO-0901,Head Constable Asha Joshi,Head Constable,47,2026-07-14 19:18:27+00:00,91.0,82.0,,21.0862693,72.9876576,28.0,-0.566,0.274,-0.834,,0.0,0.0,0.0,,,,,0.0,0.0,30.0,3.3000000030369847e-06,-1.6999999985500835e-06,0.05,82.0,36.5,2
3619,SO-0901,Head Constable Asha Joshi,Head Constable,47,2026-07-14 19:18:57+00:00,100.0,87.0,,21.0862703,72.9876485,28.0,-0.697,0.125,0.694,,0.0,0.0,0.0,,,,,0.0,0.0,30.0,9.999999974752427e-07,-9.099999999762076e-06,0.11,87.0,36.5,2
3625,SO-0901,Head Constable Asha Joshi,Head Constable,47,2026-07-14 19:19:27+00:00,83.0,83.0,,21.086259,72.9876419,28.0,-0.219,0.832,0.581,,0.0,0.0,0.0,,,,,0.0,0.0,30.0,-1.1300000000602496e-05,-6.600000006073969e-06,0.17,83.0,36.5,0
3631,SO-0901,Head Constable Asha Joshi,Head Constable,47,2026-07-14 19:19:57+00:00,85.0,88.0,,21.0862681,72.9876597,28.0,-0.647,0.105,0.761,,0.0,0.0,0.0,,,,,0.0,0.0,30.0,9.10000000331479e-06,1.7799999994849713e-05,0.25,88.0,36.5,0
3635,SO-0901,Head Constable Asha Joshi,Head Constable,47,2026-07-14 19:20:27+00:00,84.0,88.0,,21.0862803,72.9876351,28.0,-0.836,0.576,-0.342,,0.0,0.0,0.0,,,,,0.0,0.0,30.0,1.2199999996909128e-05,-2.4599999989050048e-05,0.35,88.0,36.5,0
3639,SO-0901,Head Constable Asha Joshi,Head Constable,47,2026-07-14 19:20:57+00:00,86.0,86.0,,21.0862559,72.9876532,28.0,-1.107,-0.036,0.183,,0.0,0.0,0.0,,,,,0.0,0.0,30.0,-2.439999999737097e-05,1.8099999991250115e-05,0.4,86.0,36.5,0
3643,SO-0901,Head Constable Asha Joshi,Head Constable,47,2026-07-14 19:21:27+00:00,82.0,85.0,,21.0862723,72.9876718,28.0,-0.364,0.954,-0.608,,0.0,0.0,0.0,,,,,0.0,0.0,30.0,1.639999999980546e-05,1.860000000419859e-05,0.32,85.0,36.5,0
3647,SO-0901,Head Constable Asha Joshi,Head Constable,47,2026-07-14 19:21:57+00:00,88.0,88.0,,21.0862542,72.9876555,28.0,-0.957,-0.143,-0.385,,0.0,0.0,0.0,,,,,0.0,0.0,30.0,-1.8100000001908256e-05,-1.629999999863685e-05,0.31,88.0,36.5,0
3652,SO-0901,Head Constable Asha Joshi,Head Constable,47,2026-07-14 19:22:27+00:00,90.0,88.0,,21.086279,72.9876578,28.0,-1.004,-0.089,0.127,,0.0,0.0,0.0,,,,,0.0,0.0,30.0,2.4800000002045408e-05,2.2999999913508873e-06,0.33,88.0,36.5,0
3658,SO-0901,Head Constable Asha Joshi,Head Constable,47,2026-07-14 19:22:59+00:00,84.0,83.0,,21.0862576,72.9876534,28.0,-0.964,-0.116,0.214,,0.0,0.0,0.0,,,,,0.0,0.0,32.0,-2.1400000001392527e-05,-4.39999999457541e-06,0.27,83.0,36.5,0
3662,SO-0901,Head Constable Asha Joshi,Head Constable,47,2026-07-14 19:23:27+00:00,90.0,82.0,,21.0862718,72.9876299,28.0,-0.983,-0.628,0.371,,0.0,0.0,0.0,,,,,0.0,0.0,28.0,1.419999999896504e-05,-2.3499999997511622e-05,0.37,82.0,36.5,0
3667,SO-0901,Head Constable Asha Joshi,Head Constable,47,2026-07-14 19:23:57+00:00,83.0,84.0,,21.0862799,72.9876354,28.0,-0.481,-0.822,0.375,,0.0,0.0,0.0,,,,,0.0,0.0,30.0,8.100000002286833e-06,5.50000000032469e-06,0.13,84.0,36.5,0
3672,SO-0901,Head Constable Asha Joshi,Head Constable,47,2026-07-14 19:24:27+00:00,98.0,88.0,,21.0862753,72.9876474,28.0,-0.649,-0.688,0.479,,0.0,0.0,0.0,,,,,0.0,0.0,30.0,-4.600000000465343e-06,1.1999999998124622e-05,0.16,88.0,36.5,2
3677,SO-0901,Head Constable Asha Joshi,Head Constable,47,2026-07-14 19:24:57+00:00,96.0,88.0,,21.0862691,72.9876578,28.0,-0.875,0.372,0.28,,0.0,0.0,0.0,,,,,0.0,0.0,30.0,-6.2000000013995304e-06,1.039999999363772e-05,0.15,88.0,36.5,2
3682,SO-0901,Head Constable Asha Joshi,Head Constable,47,2026-07-14 19:25:27+00:00,86.0,87.0,,21.0862589,72.9876499,28.0,-0.877,0.145,-0.542,,0.0,0.0,0.0,,,,,0.0,0.0,30.0,-1.0199999998405929e-05,-7.899999999949614e-06,0.17,87.0,36.5,0
3687,SO-0901,Head Constable Asha Joshi,Head Constable,47,2026-07-14 19:25:57+00:00,95.0,88.0,,21.0862801,72.9876353,28.0,-0.872,0.158,-0.542,,0.0,0.0,0.0,,,,,0.0,0.0,30.0,2.1199999999055308e-05,-1.4600000000086766e-05,0.34,88.0,36.5,2
3692,SO-0901,Head Constable Asha Joshi,Head Constable,47,2026-07-14 19:26:27+00:00,87.0,87.0,,21.086268,72.9876732,28.0,-1.613,-0.81,-0.611,,0.0,0.0,0.0,,,,,0.0,0.0,30.0,-1.2099999999293232e-05,3.7900000009472024e-05,0.5,87.0,36.5,1
3697,SO-0901,Head Constable Asha Joshi,Head Constable,47,2026-07-14 19:26:57+00:00,86.0,88.0,,21.086257,72.9876537,28.0,-0.505,-0.793,0.419,,0.0,0.0,0.0,,,,,0.0,0.0,30.0,-1.100000000064938e-05,-1.950000000761065e-05,0.28,88.0,36.5,1
3702,SO-0901,Head Constable Asha Joshi,Head Constable,47,2026-07-14 19:27:27+00:00,84.0,85.0,,21.0862803,72.9876351,28.0,-0.26,0.576,0.726,,0.0,0.0,0.0,,,,,0.0,0.0,30.0,2.3299999998727117e-05,-1.8599999989987737e-05,0.39,85.0,36.5,1
3707,SO-0901,Head Constable Asha Joshi,Head Constable,47,2026-07-14 19:27:57+00:00,87.0,88.0,,21.0862789,72.9876334,28.0,-0.277,-0.031,0.92,,0.0,0.0,0.0,,,,,0.0,0.0,30.0,-1.399999998596968e-06,-1.6999999985500835e-06,0.03,88.0,36.5,1
3712,SO-0901,Head Constable Asha Joshi,Head Constable,47,2026-07-14 19:28:27+00:00,88.0,88.0,,21.0862645,72.9876628,28.0,-0.731,-0.189,-0.715,,0.0,0.0,0.0,,,,,0.0,0.0,30.0,-1.440000000130226e-05,2.9399999988299896e-05,0.41,88.0,36.5,1
3717,SO-0901,Head Constable Asha Joshi,Head Constable,47,2026-07-14 19:28:57+00:00,82.0,86.0,,21.0861132,72.9878643,28.0,-0.704,-0.197,-0.742,,0.0,0.0,0.0,,,,,0.0,0.0,30.0,-0.0001512999999988,0.0002015000000028,3.21,86.0,36.5,0
3721,SO-0901,Head Constable Asha Joshi,Head Constable,47,2026-07-14 19:29:27+00:00,87.0,88.0,,21.0862655,72.987675,28.0,-0.062,0.509,0.82,,0.0,0.0,0.0,,,,,0.0,0.0,30.0,0.0001522999999998,-0.0001893000000023,3.11,88.0,36.5,0
3726,SO-0901,Head Constable Asha Joshi,Head Constable,47,2026-07-14 19:29:57+00:00,85.0,88.0,,21.0861992,72.9877333,28.0,0.547,0.328,0.721,,0.0,0.0,0.0,,,,,0.0,0.0,30.0,-6.630000000029668e-05,5.830000000628388e-05,1.14,88.0,36.5,0
3731,SO-0901,Head Constable Asha Joshi,Head Constable,47,2026-07-14 19:30:27+00:00,90.0,87.0,,21.0862653,72.9876526,28.0,-0.848,0.785,-0.165,,0.0,0.0,0.0,,,,,0.0,0.0,30.0,6.610000000151217e-05,-8.069999999804622e-05,1.33,87.0,36.5,0
3736,SO-0901,Head Constable Asha Joshi,Head Constable,47,2026-07-14 19:30:57+00:00,89.0,84.0,,21.08626,72.9876562,28.0,-0.668,0.865,0.313,,0.0,0.0,0.0,,,,,0.0,0.0,30.0,-5.300000001540184e-06,3.5999999994373866e-06,0.08,84.0,36.5,0
3741,SO-0901,Head Constable Asha Joshi,Head Constable,47,2026-07-14 19:31:27+00:00,91.0,,,21.0856894,72.9882378,28.0,-0.682,0.551,-0.536,,0.0,0.0,0.0,,,,,0.0,0.0,30.0,-0.0005705999999996,0.0005815999999896,10.49,84.0,36.5,1
3746,SO-0901,Head Constable Asha Joshi,Head Constable,47,2026-07-14 19:31:58+00:00,86.0,83.0,,21.0862455,72.9875241,28.0,-1.355,0.152,-0.39,,0.0,0.0,0.0,,,,,0.0,0.0,31.0,0.0005561000000007,-0.0007136999999914,11.18,83.0,36.5,1
3751,SO-0901,Head Constable Asha Joshi,Head Constable,47,2026-07-14 19:32:27+00:00,83.0,81.0,,21.0862616,72.9876667,24.560314530943927,-0.652,-0.619,-0.437,,0.0,0.0,0.0,,,,,0.0,0.0,29.0,1.6099999999852344e-05,0.0001426000000037,1.85,81.0,36.5,0
3756,SO-0901,Head Constable Asha Joshi,Head Constable,47,2026-07-14 19:32:57+00:00,82.0,81.0,,21.0862795,72.9876356,28.0,0.114,0.693,0.226,,0.0,0.0,0.0,,,,,0.0,0.0,30.0,1.7899999999571037e-05,-3.1100000001060835e-05,0.45,81.0,36.5,0
3760,SO-0901,Head Constable Asha Joshi,Head Constable,47,2026-07-14 19:33:27+00:00,86.0,79.0,,21.0862746,72.9875157,24.54724645421088,0.07,0.905,0.321,,0.0,0.0,0.0,,,,,0.0,0.0,30.0,-4.9000000004184585e-06,-0.0001199000000013,1.49,79.0,36.5,0
3766,SO-0901,Head Constable Asha Joshi,Head Constable,47,2026-07-14 19:33:57+00:00,84.0,82.0,,21.0862466,72.9876302,23.70781073026812,-0.437,0.94,0.205,,0.0,0.0,0.0,,,,,0.0,0.0,30.0,-2.800000000036107e-05,0.0001144999999951,1.47,82.0,36.5,0
3771,SO-0901,Head Constable Asha Joshi,Head Constable,47,2026-07-14 19:34:27+00:00,83.0,88.0,,21.086224,72.9873449,24.77569125303056,-0.255,1.077,0.233,,0.0,0.0,0.0,,,,,0.0,0.0,30.0,-2.2599999997652276e-05,-0.0002853000000015,3.56,88.0,36.5,0
3776,SO-0901,Head Constable Asha Joshi,Head Constable,47,2026-07-14 19:34:57+00:00,92.0,78.0,,21.0867511,72.9873276,24.191816504702658,-0.406,0.923,0.323,,0.0,0.0,0.0,,,,,0.0,0.0,30.0,0.0005270999999993,-1.7299999996112092e-05,7.02,78.0,36.5,1
3781,SO-0901,Head Constable Asha Joshi,Head Constable,47,2026-07-14 19:35:27+00:00,86.0,82.0,,21.0867593,72.9873215,26.200000762939453,-0.445,0.719,0.309,,0.0,0.0,0.0,,,,,0.0,0.0,30.0,8.19999999990273e-06,-6.100000007336348e-06,0.13,82.0,36.5,0
3786,SO-0901,Head Constable Asha Joshi,Head Constable,47,2026-07-14 19:35:57+00:00,96.0,88.0,,21.0867411,72.9873461,23.80450517088144,-0.222,0.39,0.887,,0.0,0.0,0.0,,,,,0.0,0.0,30.0,-1.8199999999524152e-05,2.4600000003260906e-05,0.39,88.0,36.5,2
3791,SO-0901,Head Constable Asha Joshi,Head Constable,47,2026-07-14 19:36:27+00:00,84.0,88.0,,21.0867603,72.987345,23.74439768804669,-0.781,0.046,-0.702,,0.0,0.0,0.0,,,,,0.0,0.0,30.0,1.920000000055211e-05,-1.099999991538425e-06,0.26,88.0,36.5,0
3796,SO-0901,Head Constable Asha Joshi,Head Constable,47,2026-07-14 19:36:57+00:00,85.0,76.0,,21.0867214,72.9874041,23.318953254754476,-1.178,-0.526,0.167,,0.0,0.0,0.0,,,,,0.0,0.0,30.0,-3.890000000339455e-05,5.9100000001421904e-05,0.9,76.0,36.5,0
3801,SO-0901,Head Constable Asha Joshi,Head Constable,47,2026-07-14 19:37:27+00:00,100.0,85.0,,21.0859301,72.9872202,23.58655221157207,-0.712,0.208,0.682,,0.0,0.0,0.0,,,,,0.0,0.0,30.0,-0.0007912999999994,-0.0001839000000103,10.78,85.0,36.5,1
3806,SO-0901,Head Constable Asha Joshi,Head Constable,47,2026-07-14 19:37:57+00:00,85.0,88.0,,21.0850403,72.9856034,23.736061380385664,-0.857,0.231,-0.799,,0.0,0.0,0.0,,,,,0.0,0.0,30.0,-0.0008897999999994,-0.0016167999999936,23.32,88.0,36.5,1
3811,SO-0901,Head Constable Asha Joshi,Head Constable,47,2026-07-14 19:38:26+00:00,90.0,85.0,,21.086434,72.9840421,22.918112205960867,-0.543,-0.551,0.682,,0.0,0.0,0.0,,,,,0.0,0.0,29.0,0.0013937000000012,-0.0015613000000058,27.77,85.0,36.5,1
3816,SO-0901,Head Constable Asha Joshi,Head Constable,47,2026-07-14 19:38:57+00:00,100.0,88.0,,21.0866575,72.9812599,22.965235337247677,-0.598,-0.43,0.6,,0.0,0.0,0.0,,,,,0.0,0.0,31.0,0.0002235000000005,-0.0027821999999986,33.57,88.0,36.5,1
3821,SO-0901,Head Constable Asha Joshi,Head Constable,47,2026-07-14 19:39:27+00:00,89.0,82.0,,21.0863098,72.9806644,25.799999237060547,-0.854,0.042,0.432,,0.0,0.0,0.0,,,,,0.0,0.0,30.0,-0.0003477000000025,-0.0005955000000028,8.73,82.0,36.5,1
3826,SO-0901,Head Constable Asha Joshi,Head Constable,47,2026-07-14 19:39:57+00:00,88.0,67.0,,21.0864325,72.9789289,25.100000381469727,-0.809,-0.376,0.367,,0.0,0.0,0.0,,,,,0.0,0.0,30.0,0.0001227000000021,-0.0017354999999952,21.62,67.0,36.5,1
3831,SO-0901,Head Constable Asha Joshi,Head Constable,47,2026-07-14 19:40:27+00:00,89.0,84.0,,21.0861781,72.9793083,25.100000381469727,0.107,0.688,0.678,,0.0,0.0,0.0,,,,,0.0,0.0,30.0,-0.0002543999999993,0.0003793999999999,5.8,84.0,36.5,1
3836,SO-0901,Head Constable Asha Joshi,Head Constable,47,2026-07-14 19:40:57+00:00,98.0,81.0,,21.0863999,72.9788554,25.100000381469727,-0.955,0.195,-0.351,,0.0,0.0,0.0,,,,,0.0,0.0,30.0,0.0002217999999984,-0.000452899999999,6.35,81.0,36.5,1
3841,SO-0901,Head Constable Asha Joshi,Head Constable,47,2026-07-14 19:41:27+00:00,94.0,87.0,,21.0864051,72.9788629,25.100000381469727,-0.84,0.083,-0.635,,0.0,0.0,0.0,,,,,0.0,0.0,30.0,5.200000000371574e-06,7.499999995275175e-06,0.12,87.0,36.5,2
3846,SO-0901,Head Constable Asha Joshi,Head Constable,47,2026-07-14 19:41:57+00:00,91.0,88.0,,21.0864088,72.9788695,25.100000381469727,-0.947,-0.094,-0.419,,0.0,0.0,0.0,,,,,0.0,0.0,30.0,3.700000000605996e-06,6.600000006073969e-06,0.1,88.0,36.5,2
3851,SO-0901,Head Constable Asha Joshi,Head Constable,47,2026-07-14 19:42:27+00:00,83.0,88.0,,21.0863782,72.9783425,25.100000381469727,-0.741,-0.349,0.533,,0.0,0.0,0.0,,,,,0.0,0.0,30.0,-3.060000000232321e-05,-0.0005270000000052,6.56,88.0,36.5,1
3856,SO-0901,Head Constable Asha Joshi,Head Constable,47,2026-07-14 19:42:57+00:00,87.0,87.0,,21.0867749,72.9777057,25.100000381469727,-0.881,-0.337,0.458,,0.0,0.0,0.0,,,,,0.0,0.0,30.0,0.0003967000000031,-0.0006367999999952,9.51,87.0,36.5,1
3861,SO-0901,Head Constable Asha Joshi,Head Constable,47,2026-07-14 19:43:27+00:00,95.0,88.0,,21.0890978,72.9774813,25.799999237060547,-1.177,0.156,-0.185,,0.0,0.0,0.0,,,,,0.0,0.0,30.0,0.0023228999999993,-0.0002244000000075,31.07,88.0,36.5,1
3866,SO-0901,Head Constable Asha Joshi,Head Constable,47,2026-07-14 19:43:57+00:00,89.0,88.0,,21.0916693,72.9767783,25.899999618530273,-1.028,0.037,-0.168,,0.0,0.0,0.0,,,,,0.0,0.0,30.0,0.0025714999999983,-0.0007029999999872,35.35,88.0,36.5,1
3871,SO-0901,Head Constable Asha Joshi,Head Constable,47,2026-07-14 19:44:27+00:00,87.0,88.0,,21.0929456,72.9766526,25.100000381469727,-1.074,0.004,-0.158,,0.0,0.0,0.0,,,,,0.0,0.0,30.0,0.0012763000000006,-0.0001257000000123,17.07,88.0,36.5,1
3876,SO-0901,Head Constable Asha Joshi,Head Constable,47,2026-07-14 19:44:57+00:00,87.0,88.0,,21.0974479,72.9765798,25.100000381469727,-1.083,-0.009,-0.239,,0.0,0.0,0.0,,,,,0.0,0.0,30.0,0.0045022999999986,-7.279999999809661e-05,59.98,88.0,36.5,1
3881,SO-0901,Head Constable Asha Joshi,Head Constable,47,2026-07-14 19:45:27+00:00,89.0,88.0,,21.1010325,72.9761866,25.299999237060547,-0.985,0.03,-0.185,,0.0,0.0,0.0,,,,,0.0,0.0,30.0,0.0035845999999999,-0.0003931999999906,48.0,88.0,36.5,1
3886,SO-0901,Head Constable Asha Joshi,Head Constable,47,2026-07-14 19:45:57+00:00,82.0,88.0,,21.1044533,72.9756824,22.80746935533834,-0.995,0.029,-0.105,,0.0,0.0,0.0,,,,,0.0,0.0,30.0,0.0034208000000006,-0.0005042000000088,45.99,88.0,36.5,1
3891,SO-0901,Head Constable Asha Joshi,Head Constable,47,2026-07-14 19:46:27+00:00,91.0,85.0,,21.1081384,72.9760963,23.003616235894043,-0.923,-0.188,0.499,,0.0,0.0,0.0,,,,,0.0,0.0,30.0,0.0036851000000019,0.000413899999998,49.35,85.0,36.5,1
3896,SO-0901,Head Constable Asha Joshi,Head Constable,47,2026-07-14 19:46:57+00:00,83.0,88.0,,21.1118041,72.9764936,25.299999237060547,-0.743,0.505,0.438,,0.0,0.0,0.0,,,,,0.0,0.0,30.0,0.0036656999999991,0.000397300000003,49.08,88.0,36.5,1
3901,SO-0901,Head Constable Asha Joshi,Head Constable,47,2026-07-14 19:47:27+00:00,85.0,88.0,,21.1152374,72.9763055,25.200000762939453,-0.98,-0.076,-0.322,,0.0,0.0,0.0,,,,,0.0,0.0,30.0,0.003433300000001,-0.0001881000000025,45.79,88.0,36.5,1
3906,SO-0901,Head Constable Asha Joshi,Head Constable,47,2026-07-14 19:47:57+00:00,86.0,88.0,,21.1205912,72.9724515,24.0,-0.841,-0.155,-0.535,,0.0,0.0,0.0,,,,,0.0,0.0,30.0,0.0053537999999981,-0.0038539999999898,85.89,88.0,36.5,1
3911,SO-0901,Head Constable Asha Joshi,Head Constable,47,2026-07-14 19:48:27+00:00,82.0,88.0,,21.1222069,72.9734896,24.0,-1.031,-0.084,-0.112,,0.0,0.0,0.0,,,,,0.0,0.0,30.0,0.0016156999999985,0.0010380999999881,25.09,88.0,36.5,1
3916,SO-0901,Head Constable Asha Joshi,Head Constable,47,2026-07-14 19:48:57+00:00,92.0,87.0,,21.1261086,72.9718918,27.461988368001144,-1.049,-0.059,-0.122,,0.0,0.0,0.0,,,,,0.0,0.0,30.0,0.0039017000000001,-0.0015977999999989,55.63,87.0,36.5,1
3921,SO-0901,Head Constable Asha Joshi,Head Constable,47,2026-07-14 19:49:27+00:00,85.0,82.0,,21.1292823,72.9712852,27.299999237060547,-1.034,-0.078,0.722,,0.0,0.0,0.0,,,,,0.0,0.0,30.0,0.0031737000000013,-0.0006065999999975,42.94,82.0,36.5,1
3926,SO-0901,Head Constable Asha Joshi,Head Constable,47,2026-07-14 19:49:57+00:00,87.0,73.0,,21.1333867,72.9690237,27.299999237060547,-0.527,0.148,0.833,,0.0,0.0,0.0,,,,,0.0,0.0,30.0,0.0041043999999992,-0.002261500000003,61.47,73.0,36.5,1
3931,SO-0901,Head Constable Asha Joshi,Head Constable,47,2026-07-14 19:50:27+00:00,85.0,86.0,,21.1369847,72.9680003,27.299999237060547,-0.724,0.09,0.706,,0.0,0.0,0.0,,,,,0.0,0.0,30.0,0.0035980000000002,-0.001023399999994,49.58,86.0,36.5,1
3936,SO-0901,Head Constable Asha Joshi,Head Constable,47,2026-07-14 19:50:57+00:00,87.0,81.0,,21.1400737,72.9673485,26.200000762939453,-0.925,0.069,-0.632,,0.0,0.0,0.0,,,,,0.0,0.0,30.0,0.0030889999999992,-0.0006517999999999,41.93,81.0,36.5,1
3941,SO-0901,Head Constable Asha Joshi,Head Constable,47,2026-07-14 19:51:27+00:00,88.0,85.0,,21.1430416,72.9660901,27.299999237060547,-0.903,-0.309,0.325,,0.0,0.0,0.0,,,,,0.0,0.0,30.0,0.0029679000000015,-0.0012583999999975,42.51,85.0,36.5,1
3946,SO-0901,Head Constable Asha Joshi,Head Constable,47,2026-07-14 19:51:57+00:00,92.0,88.0,,21.1457377,72.9648649,25.5,-1.026,0.083,-0.149,,0.0,0.0,0.0,,,,,0.0,0.0,30.0,0.0026961000000014,-0.0012252000000074,39.0,88.0,36.5,1
3951,SO-0901,Head Constable Asha Joshi,Head Constable,47,2026-07-14 19:52:27+00:00,89.0,88.0,,21.1481546,72.9641403,28.0,-0.978,-0.142,-0.034,,0.0,0.0,0.0,,,,,0.0,0.0,30.0,0.0024169,-0.000724599999998,33.43,88.0,36.5,1
3956,SO-0901,Head Constable Asha Joshi,Head Constable,47,2026-07-14 19:52:57+00:00,84.0,86.0,,21.1511401,72.9642443,28.0,-0.982,-0.042,-0.183,,0.0,0.0,0.0,,,,,0.0,0.0,30.0,0.0029854999999976,0.0001040000000074,39.79,86.0,36.5,1
3961,SO-0901,Head Constable Asha Joshi,Head Constable,47,2026-07-14 19:53:27+00:00,81.0,83.0,,21.1531046,72.9641664,32.65124884132453,-1.008,-0.079,-0.296,,0.0,0.0,0.0,,,,,0.0,0.0,30.0,0.0019644999999997,-7.790000000795771e-05,26.19,83.0,36.5,1
3965,SO-0901,Head Constable Asha Joshi,Head Constable,47,2026-07-14 19:53:57+00:00,83.0,88.0,,21.1559332,72.9638676,35.722382281927196,-0.597,-0.124,-0.884,,0.0,0.0,0.0,,,,,0.0,0.0,30.0,0.0028286000000008,-0.0002987999999959,37.86,88.0,36.5,1
3970,SO-0901,Head Constable Asha Joshi,Head Constable,47,2026-07-14 19:54:27+00:00,86.0,88.0,,21.1580492,72.9615925,31.734389629771783,-0.815,0.25,0.58,,0.0,0.0,0.0,,,,,0.0,0.0,30.0,0.0021160000000008,-0.0022751000000056,39.92,88.0,36.5,1
3975,SO-0901,Head Constable Asha Joshi,Head Constable,47,2026-07-14 19:54:57+00:00,100.0,87.0,,21.1610802,72.9613452,28.0,-0.931,0.017,-0.098,,0.0,0.0,0.0,,,,,0.0,0.0,30.0,0.003031,-0.000247299999998,40.49,87.0,36.5,1
3980,SO-0901,Head Constable Asha Joshi,Head Constable,47,2026-07-14 19:55:27+00:00,82.0,87.0,,21.1640853,72.9611936,27.899999618530273,-0.931,0.008,-0.167,,0.0,0.0,0.0,,,,,0.0,0.0,30.0,0.0030050999999993,-0.0001515999999952,40.07,87.0,36.5,1
3985,SO-0901,Head Constable Asha Joshi,Head Constable,47,2026-07-14 19:55:57+00:00,87.0,86.0,,21.1666158,72.9617437,28.100000381469727,-0.955,-0.075,-0.367,,0.0,0.0,0.0,,,,,0.0,0.0,30.0,0.0025304999999988,0.0005500999999981,34.39,86.0,36.5,1
3989,SO-0901,Head Constable Asha Joshi,Head Constable,47,2026-07-14 19:56:26+00:00,93.0,88.0,,21.168963,72.9622761,27.399999618530273,-0.644,-0.034,-0.902,,0.0,0.0,0.0,,,,,0.0,0.0,29.0,0.0023472000000026,0.0005323999999973,33.06,88.0,36.5,1
3994,SO-0901,Head Constable Asha Joshi,Head Constable,47,2026-07-14 19:56:57+00:00,100.0,77.0,,21.1723373,72.9627202,33.09787296541754,-0.94,-1.047,0.528,,0.0,0.0,0.0,,,,,0.0,0.0,31.0,0.0033742999999972,0.0004441000000099,43.82,77.0,36.5,1
3999,SO-0901,Head Constable Asha Joshi,Head Constable,47,2026-07-14 19:57:27+00:00,95.0,88.0,,21.1749956,72.9630507,30.544727830761857,-0.979,-0.041,-0.024,,0.0,0.0,0.0,,,,,0.0,0.0,30.0,0.0026583000000002,0.0003304999999897,35.65,88.0,36.5,1
4004,SO-0901,Head Constable Asha Joshi,Head Constable,47,2026-07-14 19:57:57+00:00,93.0,88.0,,21.1781613,72.9633693,26.5,-1.049,0.034,-0.186,,0.0,0.0,0.0,,,,,0.0,0.0,30.0,0.0031657000000002,0.0003185999999999,42.35,88.0,36.5,1
4009,SO-0901,Head Constable Asha Joshi,Head Constable,47,2026-07-14 19:58:27+00:00,81.0,88.0,,21.1816907,72.9642014,26.399999618530273,-0.969,-0.055,-0.259,,0.0,0.0,0.0,,,,,0.0,0.0,30.0,0.0035294000000014,0.0008320999999966,48.13,88.0,36.5,1
4014,SO-0901,Head Constable Asha Joshi,Head Constable,47,2026-07-14 19:58:57+00:00,92.0,88.0,,21.1854477,72.9648364,25.799999237060547,-0.877,-0.064,-0.439,,0.0,0.0,0.0,,,,,0.0,0.0,30.0,0.0037570000000002,0.0006350000000026,50.66,88.0,36.5,1
4019,SO-0901,Head Constable Asha Joshi,Head Constable,47,2026-07-14 19:59:27+00:00,92.0,88.0,,21.1886955,72.9659299,31.54281235337784,-1.028,0.008,-0.176,,0.0,0.0,0.0,,,,,0.0,0.0,30.0,0.0032478000000004,0.0010935000000102,45.34,88.0,36.5,1
4024,SO-0901,Head Constable Asha Joshi,Head Constable,47,2026-07-14 19:59:57+00:00,90.0,85.0,,21.1922488,72.9661552,32.49593769360307,-1.104,0.205,0.587,,0.0,0.0,0.0,,,,,0.0,0.0,30.0,0.0035533,0.0002252999999967,47.41,85.0,36.5,1
4028,SO-0901,Head Constable Asha Joshi,Head Constable,47,2026-07-14 20:00:27+00:00,97.0,86.0,,21.195919,72.9656463,25.799999237060547,-0.727,-0.107,-0.298,,0.0,0.0,0.0,,,,,0.0,0.0,30.0,0.0036701999999984,-0.0005088999999998,49.29,86.0,36.5,1
4032,SO-0901,Head Constable Asha Joshi,Head Constable,47,2026-07-14 20:00:57+00:00,85.0,88.0,,21.1996358,72.9661615,25.799999237060547,-0.877,-0.052,-0.344,,0.0,0.0,0.0,,,,,0.0,0.0,30.0,0.0037167999999994,0.0005151999999952,49.92,88.0,36.5,1
4037,SO-0901,Head Constable Asha Joshi,Head Constable,47,2026-07-14 20:01:27+00:00,83.0,88.0,,21.2023949,72.9661995,28.100000381469727,-0.953,-0.113,-0.354,,0.0,0.0,0.0,,,,,0.0,0.0,30.0,0.0027591000000022,3.8000000003535206e-05,36.75,88.0,36.5,1
4041,SO-0901,Head Constable Asha Joshi,Head Constable,47,2026-07-14 20:01:57+00:00,84.0,88.0,,21.2055389,72.9672372,29.0,-0.891,-0.074,-0.415,,0.0,0.0,0.0,,,,,0.0,0.0,30.0,0.0031439999999989,0.0010376999999976,43.82,88.0,36.5,1
4046,SO-0901,Head Constable Asha Joshi,Head Constable,47,2026-07-14 20:02:27+00:00,96.0,88.0,,21.2095649,72.9673772,30.100000381469727,-0.692,-0.738,-0.167,,0.0,0.0,0.0,,,,,0.0,0.0,30.0,0.0040259999999996,0.0001400000000018,53.65,88.0,36.5,1
4051,SO-0901,Head Constable Asha Joshi,Head Constable,47,2026-07-14 20:02:57+00:00,87.0,88.0,,21.2124057,72.9679161,30.100000381469727,-0.785,-0.139,-0.981,,0.0,0.0,0.0,,,,,0.0,0.0,30.0,0.0028408000000013,0.0005388999999951,38.43,88.0,36.5,1
4056,SO-0901,Head Constable Asha Joshi,Head Constable,47,2026-07-14 20:03:26+00:00,92.0,88.0,,21.2154166,72.9683802,30.100000381469727,-0.911,0.005,-0.633,,0.0,0.0,0.0,,,,,0.0,0.0,29.0,0.0030108999999995,0.000464100000002,41.91,88.0,36.5,1
4060,SO-0901,Head Constable Asha Joshi,Head Constable,47,2026-07-14 20:03:57+00:00,86.0,86.0,,21.2188812,72.9690894,27.700000762939453,-0.989,-0.045,-0.226,,0.0,0.0,0.0,,,,,0.0,0.0,31.0,0.0034645999999973,0.0007092000000028,45.47,86.0,36.5,1
4064,SO-0901,Head Constable Asha Joshi,Head Constable,47,2026-07-14 20:04:27+00:00,89.0,88.0,,21.2231152,72.9680526,30.100000381469727,-0.977,-0.063,-0.24,,0.0,0.0,0.0,,,,,0.0,0.0,30.0,0.0042340000000002,-0.0010368000000084,57.85,88.0,36.5,1
4068,SO-0901,Head Constable Asha Joshi,Head Constable,47,2026-07-14 20:04:57+00:00,85.0,88.0,,21.2262299,72.9690567,30.100000381469727,-0.654,-0.084,-0.909,,0.0,0.0,0.0,,,,,0.0,0.0,30.0,0.0031147000000011,0.0010041000000029,43.32,88.0,36.5,1
4072,SO-0901,Head Constable Asha Joshi,Head Constable,47,2026-07-14 20:05:27+00:00,89.0,88.0,,21.2305725,72.9683841,27.700000762939453,-0.986,-0.082,-0.385,,0.0,0.0,0.0,,,,,0.0,0.0,30.0,0.004342600000001,-0.0006726000000014,58.44,88.0,36.5,1
4078,SO-0901,Head Constable Asha Joshi,Head Constable,47,2026-07-14 20:05:57+00:00,92.0,77.0,,21.2333131,72.9688719,28.700000762939453,-0.861,-0.402,0.469,,0.0,0.0,0.0,,,,,0.0,0.0,30.0,0.0027405999999992,0.0004878000000019,37.0,77.0,36.5,1
4083,SO-0901,Head Constable Asha Joshi,Head Constable,47,2026-07-14 20:06:27+00:00,84.0,88.0,,21.2379558,72.9685307,30.583090284107087,-1.007,-0.096,-0.359,,0.0,0.0,0.0,,,,,0.0,0.0,30.0,0.0046427000000015,-0.000341199999994,61.99,88.0,36.5,1
4088,SO-0901,Head Constable Asha Joshi,Head Constable,47,2026-07-14 20:06:57+00:00,91.0,79.0,,21.242437,72.9691592,29.700000762939453,-0.841,-0.093,-0.5,,0.0,0.0,0.0,,,,,0.0,0.0,30.0,0.0044811999999971,0.0006285000000048,60.2,79.0,36.5,1
4093,SO-0901,Head Constable Asha Joshi,Head Constable,47,2026-07-14 20:07:27+00:00,86.0,88.0,,21.2461333,72.9679061,31.40734645244828,-0.975,-0.117,-0.442,,0.0,0.0,0.0,,,,,0.0,0.0,30.0,0.0036963000000014,-0.0012531000000137,51.64,88.0,36.5,1
4098,SO-0901,Head Constable Asha Joshi,Head Constable,47,2026-07-14 20:07:57+00:00,91.0,88.0,,21.2476166,72.9678247,29.0,-0.969,-0.107,-0.283,,0.0,0.0,0.0,,,,,0.0,0.0,30.0,0.0014833000000002,-8.139999999912106e-05,19.78,88.0,36.5,1
4103,SO-0901,Head Constable Asha Joshi,Head Constable,47,2026-07-14 20:08:27+00:00,98.0,88.0,,21.2534445,72.9649144,38.389328927667094,-0.592,-0.329,-0.767,,0.0,0.0,0.0,,,,,0.0,0.0,30.0,0.0058278999999998,-0.0029102999999963,85.63,88.0,36.5,1
4109,SO-0901,Head Constable Asha Joshi,Head Constable,47,2026-07-14 20:08:57+00:00,96.0,88.0,,21.2570657,72.9633628,29.0,-0.714,-0.242,-0.637,,0.0,0.0,0.0,,,,,0.0,0.0,30.0,0.0036211999999977,-0.001551599999999,51.94,88.0,36.5,1
4113,SO-0901,Head Constable Asha Joshi,Head Constable,47,2026-07-14 20:09:27+00:00,98.0,88.0,,21.2601409,72.9619153,28.299999237060547,0.246,0.222,1.053,,0.0,0.0,0.0,,,,,0.0,0.0,30.0,0.0030752000000013,-0.0014474999999976,44.73,88.0,36.5,1
4118,SO-0901,Head Constable Asha Joshi,Head Constable,47,2026-07-14 20:09:57+00:00,85.0,79.0,,21.2632139,72.9601653,25.799999237060547,-0.829,-0.248,0.177,,0.0,0.0,0.0,,,,,0.0,0.0,30.0,0.0030730000000005,-0.0017500000000012,46.35,79.0,36.5,1
4123,SO-0901,Head Constable Asha Joshi,Head Constable,47,2026-07-14 20:10:27+00:00,91.0,88.0,,21.2654703,72.9590921,25.5,-0.969,-0.082,-0.317,,0.0,0.0,0.0,,,,,0.0,0.0,30.0,0.0022564000000002,-0.0010731999999933,32.88,88.0,36.5,1
4129,SO-0901,Head Constable Asha Joshi,Head Constable,47,2026-07-14 20:10:59+00:00,89.0,88.0,,21.2685489,72.9580117,27.299999237060547,-0.918,-0.019,-0.472,,0.0,0.0,0.0,,,,,0.0,0.0,32.0,0.0030785999999984,-0.0010804000000064,40.45,88.0,36.5,1
4133,SO-0901,Head Constable Asha Joshi,Head Constable,47,2026-07-14 20:11:27+00:00,90.0,68.0,,21.2689399,72.9576276,29.5,-0.73,-0.625,0.595,,0.0,0.0,0.0,,,,,0.0,0.0,28.0,0.0003910000000004,-0.0003841000000051,7.57,68.0,36.5,1
4138,SO-0901,Head Constable Asha Joshi,Head Constable,47,2026-07-14 20:11:57+00:00,85.0,87.0,,21.2696572,72.9595506,29.5,-1.037,-0.037,-0.289,,0.0,0.0,0.0,,,,,0.0,0.0,30.0,0.0007173000000015,0.001923000000005,25.73,87.0,36.5,1
4143,SO-0901,Head Constable Asha Joshi,Head Constable,47,2026-07-14 20:12:26+00:00,100.0,87.0,,21.2696309,72.9614181,28.799999237060547,-0.927,-0.31,-0.542,,0.0,0.0,0.0,,,,,0.0,0.0,29.0,-2.6300000001810982e-05,0.001867500000003,24.0,87.0,36.5,1
4148,SO-0901,Head Constable Asha Joshi,Head Constable,47,2026-07-14 20:12:56+00:00,94.0,86.0,,21.2694188,72.9631759,28.899999618530273,-0.828,-0.075,-0.62,,0.0,0.0,0.0,,,,,0.0,0.0,30.0,-0.0002120999999988,0.0017577999999929,22.02,86.0,36.5,1
4154,SO-0901,Head Constable Asha Joshi,Head Constable,47,2026-07-14 20:13:27+00:00,88.0,86.0,,21.2694416,72.9654539,28.200000762939453,-1.406,0.374,-0.379,,0.0,0.0,0.0,,,,,0.0,0.0,31.0,2.2799999999989495e-05,0.0022780000000039,27.39,86.0,36.5,1
4158,SO-0901,Head Constable Asha Joshi,Head Constable,47,2026-07-14 20:13:57+00:00,99.0,84.0,,21.2692166,72.9672556,29.100000381469727,-1.074,0.002,0.027,,0.0,0.0,0.0,,,,,0.0,0.0,30.0,-0.0002250000000003,0.0018017000000014,22.58,84.0,36.5,1
4163,SO-0901,Head Constable Asha Joshi,Head Constable,47,2026-07-14 20:14:26+00:00,84.0,86.0,,21.2695988,72.967705,28.899999618530273,-0.881,-0.333,0.091,,0.0,0.0,0.0,,,,,0.0,0.0,29.0,0.0003822000000006,0.0004493999999937,7.82,86.0,36.5,1
4168,SO-0901,Head Constable Asha Joshi,Head Constable,47,2026-07-14 20:14:57+00:00,87.0,86.0,,21.2703133,72.9681167,29.100000381469727,-0.694,-0.37,0.363,,0.0,0.0,0.0,,,,,0.0,0.0,31.0,0.0007145000000008,0.0004117000000007,10.46,86.0,36.5,1
4173,SO-0901,Head Constable Asha Joshi,Head Constable,47,2026-07-14 20:15:27+00:00,91.0,87.0,,21.2703844,72.9692509,28.799999237060547,-0.73,-0.698,0.718,,0.0,0.0,0.0,,,,,0.0,0.0,30.0,7.109999999954653e-05,0.0011342000000098,14.12,87.0,36.5,1
4178,SO-0901,Head Constable Asha Joshi,Head Constable,47,2026-07-14 20:15:57+00:00,88.0,86.0,,21.2704779,72.9704166,28.799999237060547,-0.399,-0.531,0.665,,0.0,0.0,0.0,,,,,0.0,0.0,30.0,9.34999999984143e-05,0.0011656999999871,14.53,86.0,36.5,1
4183,SO-0901,Head Constable Asha Joshi,Head Constable,47,2026-07-14 20:16:27+00:00,100.0,88.0,,21.2711089,72.9705615,29.5,-0.263,-0.379,0.874,,0.0,0.0,0.0,,,,,0.0,0.0,30.0,0.000631000000002,0.0001449000000093,8.6,88.0,36.5,1
4187,SO-0901,Head Constable Asha Joshi,Head Constable,47,2026-07-14 20:16:57+00:00,87.0,87.0,,21.2709062,72.9705605,29.5,-0.704,-0.094,0.916,,0.0,0.0,0.0,,,,,0.0,0.0,30.0,-0.0002027000000026,-9.999999974752427e-07,2.7,87.0,36.5,0
4191,SO-0901,Head Constable Asha Joshi,Head Constable,47,2026-07-14 20:17:27+00:00,85.0,83.0,,21.2708112,72.970636,29.399999618530273,-0.152,1.277,0.446,,0.0,0.0,0.0,,,,,0.0,0.0,30.0,-9.499999999817987e-05,7.549999999412194e-05,1.58,83.0,36.5,0
4196,SO-0901,Head Constable Asha Joshi,Head Constable,47,2026-07-14 20:17:57+00:00,82.0,76.0,,21.2707222,72.9706675,29.399999618530273,0.281,0.559,0.216,,0.0,0.0,0.0,,,,,0.0,0.0,30.0,-8.899999999911756e-05,3.1500000005735274e-05,1.25,76.0,36.5,0
4201,SO-0901,Head Constable Asha Joshi,Head Constable,47,2026-07-14 20:18:27+00:00,99.0,85.0,,21.2707139,72.9710896,29.5,-0.142,0.879,0.102,,0.0,0.0,0.0,,,,,0.0,0.0,30.0,-8.30000000107134e-06,0.0004220999999944,5.24,85.0,36.5,1
4206,SO-0901,Head Constable Asha Joshi,Head Constable,47,2026-07-14 20:18:57+00:00,99.0,85.0,,21.2707072,72.971257,29.600000381469727,0.253,1.108,0.168,,0.0,0.0,0.0,,,,,0.0,0.0,30.0,-6.700000000137152e-06,0.0001673999999951,2.08,85.0,36.5,2
4211,SO-0901,Head Constable Asha Joshi,Head Constable,47,2026-07-14 20:19:28+00:00,84.0,77.0,,21.2706926,72.9713053,29.700000762939453,-0.094,0.778,0.17,,0.0,0.0,0.0,,,,,0.0,0.0,31.0,-1.4600000000086766e-05,4.8300000003109744e-05,0.61,77.0,36.5,0
4216,SO-0901,Head Constable Asha Joshi,Head Constable,47,2026-07-14 20:19:58+00:00,96.0,88.0,,21.2707025,72.9713211,29.700000762939453,-0.828,0.029,-0.741,,0.0,0.0,0.0,,,,,0.0,0.0,30.0,9.899999998452811e-06,1.5799999999899228e-05,0.24,88.0,36.5,2
4221,SO-0901,Head Constable Asha Joshi,Head Constable,47,2026-07-14 20:20:28+00:00,93.0,87.0,,21.2707037,72.9713223,29.700000762939453,-0.728,-0.119,-0.713,,0.0,0.0,0.0,,,,,0.0,0.0,30.0,1.1999999998124622e-06,1.1999999998124622e-06,0.02,87.0,36.5,2
4225,SO-0901,Head Constable Asha Joshi,Head Constable,47,2026-07-14 20:20:58+00:00,80.0,88.0,,21.2707042,72.971319,29.700000762939453,-0.005,-0.058,0.979,,0.0,0.0,0.0,,,,,0.0,0.0,30.0,5.00000002290335e-07,-3.3000000030369847e-06,0.04,88.0,36.5,0
4230,SO-0901,Head Constable Asha Joshi,Head Constable,47,2026-07-14 20:21:28+00:00,87.0,77.0,,21.2707045,72.9713161,29.700000762939453,-0.05,-0.019,0.976,,0.0,0.0,0.0,,,,,0.0,0.0,30.0,2.999999999531156e-07,-2.8999999983625457e-06,0.04,77.0,36.5,0
4235,SO-0901,Head Constable Asha Joshi,Head Constable,47,2026-07-14 20:21:58+00:00,89.0,,,21.2707038,72.9713235,29.700000762939453,-0.051,-0.008,0.973,,0.0,0.0,0.0,,,,,0.0,0.0,30.0,-7.000000010748408e-07,7.400000001211993e-06,0.09,77.0,36.5,0
4240,SO-0901,Head Constable Asha Joshi,Head Constable,47,2026-07-14 20:22:28+00:00,89.0,,,21.270703,72.9713269,29.700000762939453,-0.053,-0.01,0.976,,0.0,0.0,0.0,,,,,0.0,0.0,30.0,-7.999999986907369e-07,3.399999997100167e-06,0.04,77.0,36.5,0
4245,SO-0901,Head Constable Asha Joshi,Head Constable,47,2026-07-14 20:22:58+00:00,83.0,,,21.270703,72.9713241,29.700000762939453,-0.051,-0.008,0.972,,0.0,0.0,0.0,,,,,0.0,0.0,30.0,0.0,-2.7999999900885086e-06,0.03,77.0,36.5,0
4250,SO-0901,Head Constable Asha Joshi,Head Constable,47,2026-07-14 20:23:28+00:00,87.0,,,21.2707056,72.9713255,29.700000762939453,-0.048,-0.006,0.974,,0.0,0.0,0.0,,,,,0.0,0.0,30.0,2.59999999840943e-06,1.4000000021496817e-06,0.04,77.0,36.5,0
4256,SO-0901,Head Constable Asha Joshi,Head Constable,47,2026-07-14 20:23:59+00:00,89.0,,,21.270701,72.9713247,29.700000762939453,-0.054,-0.009,0.971,,0.0,0.0,0.0,,,,,0.0,0.0,31.0,-4.600000000465343e-06,-8.000000093488779e-07,0.06,77.0,36.5,0
4261,SO-0901,Head Constable Asha Joshi,Head Constable,47,2026-07-14 20:24:28+00:00,87.0,,,21.2707048,72.9713199,29.700000762939453,-0.052,-0.01,0.971,,0.0,0.0,0.0,,,,,0.0,0.0,29.0,3.800000001774606e-06,-4.799999999249849e-06,0.08,77.0,36.5,0
4265,SO-0901,Head Constable Asha Joshi,Head Constable,47,2026-07-14 20:24:58+00:00,88.0,,,21.270706,72.9713204,29.700000762939453,-0.053,-0.005,0.978,,0.0,0.0,0.0,,,,,0.0,0.0,30.0,1.1999999998124622e-06,4.999999987376214e-07,0.02,77.0,36.5,0
4270,SO-0901,Head Constable Asha Joshi,Head Constable,47,2026-07-14 20:25:28+00:00,89.0,,,21.2707067,72.971321,29.700000762939453,-0.054,-0.007,0.973,,0.0,0.0,0.0,,,,,0.0,0.0,30.0,7.000000010748408e-07,6.000000070116585e-07,0.01,77.0,36.5,0
4275,SO-0901,Head Constable Asha Joshi,Head Constable,47,2026-07-14 20:25:58+00:00,91.0,,,21.2707074,72.9713197,29.700000762939453,-0.052,-0.005,0.976,,0.0,0.0,0.0,,,,,0.0,0.0,30.0,6.999999975221272e-07,-1.3000000080864993e-06,0.02,77.0,36.5,2
4280,SO-0901,Head Constable Asha Joshi,Head Constable,47,2026-07-14 20:26:28+00:00,86.0,,,21.2707045,72.9713202,29.700000762939453,-0.055,-0.006,0.968,,0.0,0.0,0.0,,,,,0.0,0.0,30.0,-2.8999999983625457e-06,4.999999987376214e-07,0.04,77.0,36.5,0
4285,SO-0901,Head Constable Asha Joshi,Head Constable,47,2026-07-14 20:26:58+00:00,88.0,,,21.2707036,72.971324,29.700000762939453,-0.734,0.15,-1.016,,0.0,0.0,0.0,,,,,0.0,0.0,30.0,-8.999999998593466e-07,3.800000001774606e-06,0.05,77.0,36.5,0
4290,SO-0901,Head Constable Asha Joshi,Head Constable,47,2026-07-14 20:27:28+00:00,91.0,87.0,,21.2707025,72.9713211,29.700000762939453,-0.61,-0.154,0.894,,0.0,0.0,0.0,,,,,0.0,0.0,30.0,-1.100000002196566e-06,-2.8999999983625457e-06,0.04,87.0,36.5,2
4296,SO-0901,Head Constable Asha Joshi,Head Constable,47,2026-07-14 20:27:58+00:00,94.0,85.0,,21.2707048,72.9713267,29.700000762939453,-0.694,-0.761,-0.059,,0.0,0.0,0.0,,,,,0.0,0.0,30.0,2.3000000020090283e-06,5.600000008598727e-06,0.08,85.0,36.5,2
4301,SO-0901,Head Constable Asha Joshi,Head Constable,47,2026-07-14 20:28:28+00:00,87.0,80.0,,21.2707017,72.97132,29.700000762939453,-0.571,-0.01,0.81,,0.0,0.0,0.0,,,,,0.0,0.0,30.0,-3.1000000006997652e-06,-6.700000000137152e-06,0.09,80.0,36.5,0
4306,SO-0901,Head Constable Asha Joshi,Head Constable,47,2026-07-14 20:28:58+00:00,91.0,88.0,,21.2707027,72.9713214,29.700000762939453,-1.014,-0.29,-0.068,,0.0,0.0,0.0,,,,,0.0,0.0,30.0,1.0000000010279564e-06,1.399999987938827e-06,0.02,88.0,36.5,2
4311,SO-0901,Head Constable Asha Joshi,Head Constable,47,2026-07-14 20:29:28+00:00,93.0,80.0,,21.2707,72.9713186,29.700000762939453,-0.557,0.125,0.832,,0.0,0.0,0.0,,,,,0.0,0.0,30.0,-2.69999999957804e-06,-2.7999999900885086e-06,0.05,80.0,36.5,2
4316,SO-0901,Head Constable Asha Joshi,Head Constable,47,2026-07-14 20:29:57+00:00,94.0,84.0,,21.270703,72.9713219,29.700000762939453,-0.697,0.149,0.692,,0.0,0.0,0.0,,,,,0.0,0.0,29.0,2.9999999995311555e-06,3.3000000030369847e-06,0.06,84.0,36.5,2
4321,SO-0901,Head Constable Asha Joshi,Head Constable,47,2026-07-14 20:30:28+00:00,95.0,81.0,,21.2707045,72.971325,29.700000762939453,-0.767,0.111,0.62,,0.0,0.0,0.0,,,,,0.0,0.0,31.0,1.4999999997655775e-06,3.0999999864889105e-06,0.04,81.0,36.5,2
4326,SO-0901,Head Constable Asha Joshi,Head Constable,47,2026-07-14 20:30:58+00:00,100.0,87.0,,21.2707038,72.971322,29.700000762939453,-0.881,-0.013,-0.559,,0.0,0.0,0.0,,,,,0.0,0.0,30.0,-7.000000010748408e-07,-2.999999992425728e-06,0.04,87.0,36.5,2
4331,SO-0901,Head Constable Asha Joshi,Head Constable,47,2026-07-14 20:31:28+00:00,88.0,87.0,,21.2707054,72.9713194,29.700000762939453,-0.449,0.475,-1.013,,0.0,0.0,0.0,,,,,0.0,0.0,30.0,1.6000000009341877e-06,-2.600000001962144e-06,0.04,87.0,36.5,0
4336,SO-0901,Head Constable Asha Joshi,Head Constable,47,2026-07-14 20:31:58+00:00,95.0,88.0,,21.2707017,72.9713209,29.700000762939453,-1.003,-0.038,0.186,,0.0,0.0,0.0,,,,,0.0,0.0,30.0,-3.700000000605996e-06,1.499999996212864e-06,0.05,88.0,36.5,2
4341,SO-0901,Head Constable Asha Joshi,Head Constable,47,2026-07-14 20:32:28+00:00,81.0,88.0,,21.2707062,72.9713234,29.700000762939453,-0.98,0.214,-0.199,,0.0,0.0,0.0,,,,,0.0,0.0,30.0,4.499999999296733e-06,2.5000000078989615e-06,0.07,88.0,36.5,0
4346,SO-0901,Head Constable Asha Joshi,Head Constable,47,2026-07-14 20:32:58+00:00,90.0,84.0,,21.2707018,72.9713183,29.700000762939453,-0.94,0.259,-0.255,,0.0,0.0,0.0,,,,,0.0,0.0,30.0,-4.3999999981281235e-06,-5.100000009861105e-06,0.09,84.0,36.5,0
4351,SO-0901,Head Constable Asha Joshi,Head Constable,47,2026-07-14 20:33:28+00:00,87.0,65.0,,21.2707041,72.971326,29.700000762939453,-0.839,0.171,-0.562,,0.0,0.0,0.0,,,,,0.0,0.0,30.0,2.2999999984563142e-06,7.70000001182325e-06,0.1,65.0,36.5,0
4356,SO-0901,Head Constable Asha Joshi,Head Constable,47,2026-07-14 20:33:58+00:00,94.0,63.0,,21.2707061,72.9713213,29.700000762939453,-1.029,0.026,-0.192,,0.0,0.0,0.0,,,,,0.0,0.0,30.0,2.0000000020559128e-06,-4.700000005186666e-06,0.06,63.0,36.5,2
4361,SO-0901,Head Constable Asha Joshi,Head Constable,47,2026-07-14 20:34:28+00:00,92.0,83.0,,21.2707049,72.9713255,29.700000762939453,-0.809,0.204,0.534,,0.0,0.0,0.0,,,,,0.0,0.0,30.0,-1.200000003365176e-06,4.200000006449045e-06,0.05,83.0,36.5,2
4366,SO-0901,Head Constable Asha Joshi,Head Constable,47,2026-07-14 20:34:58+00:00,90.0,87.0,,21.2707045,72.9713188,29.700000762939453,-0.76,0.204,0.583,,0.0,0.0,0.0,,,,,0.0,0.0,30.0,-3.999999975690116e-07,-6.700000000137152e-06,0.08,87.0,36.5,0
4371,SO-0901,Head Constable Asha Joshi,Head Constable,47,2026-07-14 20:35:28+00:00,92.0,79.0,,21.2707007,72.9713207,29.700000762939453,-1.033,0.493,0.176,,0.0,0.0,0.0,,,,,0.0,0.0,30.0,-3.800000001774606e-06,1.900000000887303e-06,0.06,79.0,36.5,2
4376,SO-0901,Head Constable Asha Joshi,Head Constable,47,2026-07-14 20:35:58+00:00,80.0,88.0,,21.270705,72.9713291,29.700000762939453,-0.884,0.241,-0.486,,0.0,0.0,0.0,,,,,0.0,0.0,30.0,4.300000000512227e-06,8.399999998687235e-06,0.12,88.0,36.5,0
4382,SO-0901,Head Constable Asha Joshi,Head Constable,47,2026-07-14 20:36:28+00:00,81.0,60.0,,21.2707051,72.9713223,29.700000762939453,-0.846,0.215,-0.573,,0.0,0.0,0.0,,,,,0.0,0.0,30.0,1.0000000116860974e-07,-6.800000008411189e-06,0.08,60.0,36.5,0
4386,SO-0901,Head Constable Asha Joshi,Head Constable,47,2026-07-14 20:36:58+00:00,81.0,69.0,,21.2707054,72.9713288,29.700000762939453,-0.819,0.185,-0.623,,0.0,0.0,0.0,,,,,0.0,0.0,30.0,2.999999999531156e-07,6.499999997799932e-06,0.08,69.0,36.5,0
4391,SO-0901,Head Constable Asha Joshi,Head Constable,47,2026-07-14 20:37:28+00:00,82.0,85.0,,21.2707039,72.9713231,29.700000762939453,-0.927,0.224,-0.397,,0.0,0.0,0.0,,,,,0.0,0.0,30.0,-1.4999999997655775e-06,-5.699999988451054e-06,0.07,85.0,36.5,0
4396,SO-0901,Head Constable Asha Joshi,Head Constable,47,2026-07-14 20:37:58+00:00,82.0,86.0,,21.2707038,72.971325,29.700000762939453,-0.926,0.209,-0.41,,0.0,0.0,0.0,,,,,0.0,0.0,30.0,-1.0000000116860974e-07,1.8999999866764483e-06,0.02,86.0,36.5,0
4401,SO-0901,Head Constable Asha Joshi,Head Constable,47,2026-07-14 20:38:28+00:00,88.0,88.0,,21.2707043,72.9713271,29.700000762939453,-0.87,0.076,-0.957,,0.0,0.0,0.0,,,,,0.0,0.0,30.0,4.999999987376214e-07,2.1000000032245225e-06,0.03,88.0,36.5,0
4406,SO-0901,Head Constable Asha Joshi,Head Constable,47,2026-07-14 20:38:58+00:00,83.0,73.0,,21.2707037,72.9713236,29.700000762939453,-0.76,-0.041,-0.763,,0.0,0.0,0.0,,,,,0.0,0.0,30.0,-5.999999999062311e-07,-3.4999999911633495e-06,0.04,73.0,36.5,0
4411,SO-0901,Head Constable Asha Joshi,Head Constable,47,2026-07-14 20:39:28+00:00,90.0,85.0,,21.2707046,72.9713212,29.700000762939453,-0.77,0.104,-0.708,,0.0,0.0,0.0,,,,,0.0,0.0,30.0,8.999999998593466e-07,-2.3999999996249244e-06,0.03,85.0,36.5,0
4416,SO-0901,Head Constable Asha Joshi,Head Constable,47,2026-07-14 20:39:57+00:00,85.0,86.0,,21.2707032,72.971326,29.700000762939453,-0.773,0.109,-0.683,,0.0,0.0,0.0,,,,,0.0,0.0,29.0,-1.399999998596968e-06,4.799999999249849e-06,0.06,86.0,36.5,0
4421,SO-0901,Head Constable Asha Joshi,Head Constable,47,2026-07-14 20:40:28+00:00,85.0,75.0,,21.2707001,72.9713198,29.700000762939453,-0.779,0.12,-0.692,,0.0,0.0,0.0,,,,,0.0,0.0,31.0,-3.1000000006997652e-06,-6.2000000013995304e-06,0.08,75.0,36.5,0
4426,SO-0901,Head Constable Asha Joshi,Head Constable,47,2026-07-14 20:40:58+00:00,96.0,60.0,,21.2707056,72.9713232,29.700000762939453,-1.091,-0.139,0.068,,0.0,0.0,0.0,,,,,0.0,0.0,30.0,5.50000000032469e-06,3.399999997100167e-06,0.08,60.0,36.5,2
4431,SO-0901,Head Constable Asha Joshi,Head Constable,47,2026-07-14 20:41:28+00:00,92.0,85.0,,21.2707062,72.9713219,29.700000762939453,0.379,0.083,0.665,,0.0,0.0,0.0,,,,,0.0,0.0,30.0,5.999999999062311e-07,-1.2999999938756446e-06,0.02,85.0,36.5,2
4436,SO-0901,Head Constable Asha Joshi,Head Constable,47,2026-07-14 20:41:57+00:00,92.0,,,21.2707061,72.9713235,29.700000762939453,-0.018,-0.006,0.981,,0.0,0.0,0.0,,,,,0.0,0.0,29.0,-9.999999761589606e-08,1.5999999902760464e-06,0.02,85.0,36.5,2
4441,SO-0901,Head Constable Asha Joshi,Head Constable,47,2026-07-14 20:42:28+00:00,96.0,,,21.2707018,72.9713222,29.700000762939453,-0.025,-0.008,0.97,,0.0,0.0,0.0,,,,,0.0,0.0,31.0,-4.300000000512227e-06,-1.2999999938756446e-06,0.06,85.0,36.5,2
4446,SO-0901,Head Constable Asha Joshi,Head Constable,47,2026-07-14 20:42:58+00:00,96.0,,,21.2707037,72.9713209,29.700000762939453,-0.027,-0.011,0.969,,0.0,0.0,0.0,,,,,0.0,0.0,30.0,1.8999999973345896e-06,-1.3000000080864993e-06,0.03,85.0,36.5,2
4451,SO-0901,Head Constable Asha Joshi,Head Constable,47,2026-07-14 20:43:28+00:00,96.0,,,21.270702,72.9713255,29.700000762939453,-0.029,-0.02,0.964,,0.0,0.0,0.0,,,,,0.0,0.0,30.0,-1.6999999985500835e-06,4.600000011123484e-06,0.06,85.0,36.5,2
4456,SO-0901,Head Constable Asha Joshi,Head Constable,47,2026-07-14 20:43:58+00:00,96.0,,,21.2707023,72.9713311,29.700000762939453,-0.034,-0.023,0.96,,0.0,0.0,0.0,,,,,0.0,0.0,30.0,2.999999999531156e-07,5.599999994387872e-06,0.07,85.0,36.5,2
4461,SO-0901,Head Constable Asha Joshi,Head Constable,47,2026-07-14 20:44:28+00:00,96.0,,,21.2707007,72.9713306,29.700000762939453,-0.035,-0.026,0.969,,0.0,0.0,0.0,,,,,0.0,0.0,30.0,-1.6000000009341877e-06,-4.999999987376214e-07,0.02,85.0,36.5,2
4466,SO-0901,Head Constable Asha Joshi,Head Constable,47,2026-07-14 20:44:58+00:00,96.0,,,21.2707051,72.9713255,29.700000762939453,-0.041,-0.027,0.962,,0.0,0.0,0.0,,,,,0.0,0.0,30.0,4.400000001680837e-06,-5.099999995650251e-06,0.09,85.0,36.5,2
4471,SO-0901,Head Constable Asha Joshi,Head Constable,47,2026-07-14 20:45:28+00:00,96.0,,,21.2707037,72.9713284,29.700000762939453,-0.044,-0.031,0.957,,0.0,0.0,0.0,,,,,0.0,0.0,30.0,-1.4000000021496817e-06,2.8999999983625457e-06,0.04,85.0,36.5,2
4476,SO-0901,Head Constable Asha Joshi,Head Constable,47,2026-07-14 20:45:58+00:00,96.0,,,21.2707035,72.9713252,29.700000762939453,-0.046,-0.034,0.95,,0.0,0.0,0.0,,,,,0.0,0.0,30.0,-1.999999987845058e-07,-3.2000000089738023e-06,0.04,85.0,36.5,2
4481,SO-0901,Head Constable Asha Joshi,Head Constable,47,2026-07-14 20:46:28+00:00,96.0,,,21.2707003,72.9713201,29.700000762939453,-0.041,-0.031,0.952,,0.0,0.0,0.0,,,,,0.0,0.0,30.0,-3.1999999983156613e-06,-5.099999995650251e-06,0.08,85.0,36.5,2
4487,SO-0901,Head Constable Asha Joshi,Head Constable,47,2026-07-14 20:46:59+00:00,96.0,,,21.2707057,72.9713217,29.700000762939453,-0.044,-0.033,0.96,,0.0,0.0,0.0,,,,,0.0,0.0,31.0,5.39999999915608e-06,1.6000000044869012e-06,0.07,85.0,36.5,2
4491,SO-0901,Head Constable Asha Joshi,Head Constable,47,2026-07-14 20:47:27+00:00,96.0,,,21.2707031,72.9713252,29.700000762939453,-0.05,-0.04,0.96,,0.0,0.0,0.0,,,,,0.0,0.0,28.0,-2.600000001962144e-06,3.4999999911633495e-06,0.06,85.0,36.5,2
4496,SO-0901,Head Constable Asha Joshi,Head Constable,47,2026-07-14 20:47:58+00:00,96.0,,,21.2707061,72.9713232,29.700000762939453,-0.048,-0.04,0.958,,0.0,0.0,0.0,,,,,0.0,0.0,31.0,3.000000003083869e-06,-1.9999999949504854e-06,0.05,85.0,36.5,2
4500,SO-0901,Head Constable Asha Joshi,Head Constable,47,2026-07-14 20:48:28+00:00,96.0,,,21.2707054,72.9713205,29.700000762939453,-0.046,-0.035,0.955,,0.0,0.0,0.0,,,,,0.0,0.0,30.0,-7.000000010748408e-07,-2.6999999960253263e-06,0.03,85.0,36.5,2
4505,SO-0901,Head Constable Asha Joshi,Head Constable,47,2026-07-14 20:48:58+00:00,96.0,,,21.2707038,72.9713255,29.700000762939453,-0.045,-0.035,0.959,,0.0,0.0,0.0,,,,,0.0,0.0,30.0,-1.6000000009341877e-06,5.000000001587068e-06,0.07,85.0,36.5,2
4507,SO-0901,Head Constable Asha Joshi,Head Constable,47,2026-07-14 20:49:28+00:00,96.0,,,21.2707042,72.9713198,29.700000762939453,-0.042,-0.038,0.965,,0.0,0.0,0.0,,,,,0.0,0.0,30.0,4.000000011217253e-07,-5.700000002661909e-06,0.07,85.0,36.5,2
4510,SO-0901,Head Constable Asha Joshi,Head Constable,47,2026-07-14 20:49:58+00:00,96.0,65.0,,21.270703,72.9713206,29.700000762939453,-0.041,-0.036,0.96,,0.0,0.0,0.0,,,,,0.0,0.0,30.0,-1.1999999998124622e-06,7.999999951380232e-07,0.02,65.0,36.5,2
4513,SO-0901,Head Constable Asha Joshi,Head Constable,47,2026-07-14 20:50:28+00:00,96.0,65.0,,21.2707048,72.9713255,29.700000762939453,-0.042,-0.031,0.951,,0.0,0.0,0.0,,,,,0.0,0.0,30.0,1.7999999997186933e-06,4.900000007523886e-06,0.07,65.0,36.5,2
4516,SO-0901,Head Constable Asha Joshi,Head Constable,47,2026-07-14 20:50:56+00:00,96.0,78.0,,21.2706904,72.9712505,29.700000762939453,-0.041,-0.037,0.957,,0.0,0.0,0.0,,,,,0.0,0.0,28.0,-1.440000000130226e-05,-7.500000000959517e-05,1.02,78.0,36.5,2
4520,SO-0901,Head Constable Asha Joshi,Head Constable,47,2026-07-14 20:51:28+00:00,96.0,78.0,,21.2707051,72.9713193,29.700000762939453,-0.04,-0.031,0.958,,0.0,0.0,0.0,,,,,0.0,0.0,32.0,1.4700000001255376e-05,6.880000000819564e-05,0.82,78.0,36.5,2
4524,SO-0901,Head Constable Asha Joshi,Head Constable,47,2026-07-14 20:51:58+00:00,87.0,78.0,,21.2707045,72.9713185,29.700000762939453,-0.038,-0.036,0.961,,0.0,0.0,0.0,,,,,0.0,0.0,30.0,-5.999999999062311e-07,-8.000000093488779e-07,0.01,78.0,36.5,0
4527,SO-0901,Head Constable Asha Joshi,Head Constable,47,2026-07-14 20:52:28+00:00,87.0,75.0,,21.2707045,72.9713223,29.700000762939453,-0.039,-0.029,0.958,,0.0,0.0,0.0,,,,,0.0,0.0,30.0,0.0,3.800000001774606e-06,0.05,75.0,36.5,0
4530,SO-0901,Head Constable Asha Joshi,Head Constable,47,2026-07-14 20:52:58+00:00,87.0,72.0,,21.2707055,72.9713205,29.700000762939453,-0.037,-0.031,0.958,,0.0,0.0,0.0,,,,,0.0,0.0,30.0,9.999999974752427e-07,-1.799999992613266e-06,0.03,72.0,36.5,0
4533,SO-0901,Head Constable Asha Joshi,Head Constable,47,2026-07-14 20:53:26+00:00,87.0,75.0,,21.2707047,72.9713163,29.700000762939453,-0.038,-0.031,0.963,,0.0,0.0,0.0,,,,,0.0,0.0,28.0,-7.999999986907369e-07,-4.200000006449045e-06,0.06,75.0,36.5,0
4537,SO-0901,Head Constable Asha Joshi,Head Constable,47,2026-07-14 20:53:58+00:00,87.0,74.0,,21.2707034,72.9713206,29.700000762939453,-0.042,-0.03,0.957,,0.0,0.0,0.0,,,,,0.0,0.0,32.0,-1.300000000981072e-06,4.300000000512227e-06,0.05,74.0,36.5,0
4541,SO-0901,Head Constable Asha Joshi,Head Constable,47,2026-07-14 20:54:27+00:00,87.0,74.0,,21.2707044,72.9713163,29.700000762939453,-0.038,-0.029,0.957,,0.0,0.0,0.0,,,,,0.0,0.0,29.0,1.0000000010279564e-06,-4.300000000512227e-06,0.06,74.0,36.5,0
4545,SO-0901,Head Constable Asha Joshi,Head Constable,47,2026-07-14 20:54:58+00:00,87.0,75.0,,21.2707051,72.9713189,29.700000762939453,-0.037,-0.026,0.962,,0.0,0.0,0.0,,,,,0.0,0.0,31.0,7.000000010748408e-07,2.600000001962144e-06,0.03,75.0,36.5,0
4549,SO-0901,Head Constable Asha Joshi,Head Constable,47,2026-07-14 20:55:28+00:00,87.0,75.0,,21.270702,72.9713171,29.700000762939453,-0.033,-0.029,0.954,,0.0,0.0,0.0,,,,,0.0,0.0,30.0,-3.1000000006997652e-06,-1.8000000068241206e-06,0.05,75.0,36.5,0
4554,SO-0901,Head Constable Asha Joshi,Head Constable,47,2026-07-14 20:55:57+00:00,87.0,75.0,,21.2707046,72.9713178,29.700000762939453,-0.034,-0.024,0.961,,0.0,0.0,0.0,,,,,0.0,0.0,29.0,2.59999999840943e-06,7.000000010748408e-07,0.04,75.0,36.5,0
4560,SO-0901,Head Constable Asha Joshi,Head Constable,47,2026-07-14 20:56:30+00:00,87.0,69.0,,21.2707063,72.9713194,29.700000762939453,-0.038,-0.026,0.968,,0.0,0.0,0.0,,,,,0.0,0.0,33.0,1.7000000021027972e-06,1.6000000044869012e-06,0.03,69.0,36.5,0
4564,SO-0901,Head Constable Asha Joshi,Head Constable,47,2026-07-14 20:56:57+00:00,87.0,71.0,,21.2707055,72.9713206,29.700000762939453,-0.033,-0.026,0.967,,0.0,0.0,0.0,,,,,0.0,0.0,27.0,-8.000000022434506e-07,1.1999999998124622e-06,0.02,71.0,36.5,0
4571,SO-0901,Head Constable Asha Joshi,Head Constable,47,2026-07-14 20:57:27+00:00,87.0,71.0,,21.2707044,72.9713172,29.700000762939453,-0.035,-0.021,0.967,,0.0,0.0,0.0,,,,,0.0,0.0,30.0,-1.0999999986438525e-06,-3.399999997100167e-06,0.04,71.0,36.5,0
4578,SO-0901,Head Constable Asha Joshi,Head Constable,47,2026-07-14 20:57:58+00:00,87.0,68.0,,21.2707057,72.9713185,29.700000762939453,-0.033,-0.027,0.97,,0.0,0.0,0.0,,,,,0.0,0.0,31.0,1.300000000981072e-06,1.2999999938756446e-06,0.02,68.0,36.5,0
4584,SO-0901,Head Constable Asha Joshi,Head Constable,47,2026-07-14 20:58:28+00:00,87.0,71.0,,21.2707073,72.971318,29.700000762939453,-0.032,-0.027,0.959,,0.0,0.0,0.0,,,,,0.0,0.0,30.0,1.6000000009341877e-06,-4.999999987376214e-07,0.02,71.0,36.5,0
4589,SO-0901,Head Constable Asha Joshi,Head Constable,47,2026-07-14 20:58:58+00:00,87.0,71.0,,21.2707033,72.971318,29.700000762939453,-0.035,-0.025,0.963,,0.0,0.0,0.0,,,,,0.0,0.0,30.0,-4.000000000559112e-06,0.0,0.05,71.0,36.5,0
4595,SO-0901,Head Constable Asha Joshi,Head Constable,47,2026-07-14 20:59:28+00:00,87.0,71.0,,21.2707048,72.9713232,29.700000762939453,-0.033,-0.023,0.963,,0.0,0.0,0.0,,,,,0.0,0.0,30.0,1.4999999997655775e-06,5.200000003924288e-06,0.07,71.0,36.5,0
4600,SO-0901,Head Constable Asha Joshi,Head Constable,47,2026-07-14 20:59:57+00:00,87.0,71.0,,21.2707022,72.9713186,29.700000762939453,-0.029,-0.021,0.962,,0.0,0.0,0.0,,,,,0.0,0.0,29.0,-2.600000001962144e-06,-4.599999996912629e-06,0.07,71.0,36.5,0
4605,SO-0901,Head Constable Asha Joshi,Head Constable,47,2026-07-14 21:00:28+00:00,87.0,71.0,,21.2707042,72.9713244,29.700000762939453,-0.032,-0.018,0.961,,0.0,0.0,0.0,,,,,0.0,0.0,31.0,2.0000000020559128e-06,5.7999999967250915e-06,0.07,71.0,36.5,0
4610,SO-0901,Head Constable Asha Joshi,Head Constable,47,2026-07-14 21:00:58+00:00,87.0,70.0,,21.270703,72.9713233,29.700000762939453,-0.029,-0.021,0.975,,0.0,0.0,0.0,,,,,0.0,0.0,30.0,-1.1999999998124622e-06,-1.1000000057492798e-06,0.02,70.0,36.5,0
4615,SO-0901,Head Constable Asha Joshi,Head Constable,47,2026-07-14 21:01:30+00:00,87.0,71.0,,21.2707038,72.9713184,29.700000762939453,-0.028,-0.022,0.962,,0.0,0.0,0.0,,,,,0.0,0.0,32.0,7.999999986907369e-07,-4.899999993313031e-06,0.06,71.0,36.5,0
4620,SO-0901,Head Constable Asha Joshi,Head Constable,47,2026-07-14 21:01:58+00:00,87.0,71.0,,21.2707036,72.9713171,29.700000762939453,-0.033,-0.022,0.967,,0.0,0.0,0.0,,,,,0.0,0.0,28.0,-1.999999987845058e-07,-1.3000000080864993e-06,0.02,71.0,36.5,0
4625,SO-0901,Head Constable Asha Joshi,Head Constable,47,2026-07-14 21:02:28+00:00,87.0,,,21.2707037,72.9713199,29.700000762939453,-0.031,-0.02,0.964,,0.0,0.0,0.0,,,,,0.0,0.0,30.0,9.999999761589606e-08,2.8000000042993634e-06,0.03,71.0,36.5,0
4630,SO-0901,Head Constable Asha Joshi,Head Constable,47,2026-07-14 21:02:58+00:00,87.0,71.0,,21.2707044,72.9713198,29.700000762939453,-0.026,-0.02,0.967,,0.0,0.0,0.0,,,,,0.0,0.0,30.0,7.000000010748408e-07,-9.999999406318238e-08,0.01,71.0,36.5,0
4636,SO-0901,Head Constable Asha Joshi,Head Constable,47,2026-07-14 21:03:28+00:00,82.0,88.0,,21.2707034,72.97132,29.700000762939453,-0.038,-0.007,0.97,,0.0,0.0,0.0,,,,,0.0,0.0,30.0,-1.0000000010279564e-06,2.0000000233721948e-07,0.01,88.0,36.5,0
4642,SO-0901,Head Constable Asha Joshi,Head Constable,47,2026-07-14 21:03:58+00:00,81.0,88.0,,21.2707015,72.9713191,29.700000762939453,-0.029,0.002,0.97,,0.0,0.0,0.0,,,,,0.0,0.0,30.0,-1.8999999973345896e-06,-9.000000034120603e-07,0.03,88.0,36.5,0
4648,SO-0901,Head Constable Asha Joshi,Head Constable,47,2026-07-14 21:04:26+00:00,81.0,,,21.2707051,72.97132,29.700000762939453,-0.03,-0.005,0.968,,0.0,0.0,0.0,,,,,0.0,0.0,28.0,3.5999999994373866e-06,9.000000034120603e-07,0.05,88.0,36.5,0
4654,SO-0901,Head Constable Asha Joshi,Head Constable,47,2026-07-14 21:04:58+00:00,81.0,,,21.2707014,72.9713206,29.700000762939453,-0.032,-0.003,0.97,,0.0,0.0,0.0,,,,,0.0,0.0,32.0,-3.700000000605996e-06,5.999999928008037e-07,0.05,88.0,36.5,0
4660,SO-0901,Head Constable Asha Joshi,Head Constable,47,2026-07-14 21:05:28+00:00,81.0,,,21.2707062,72.9713241,29.700000762939453,-0.028,-0.001,0.964,,0.0,0.0,0.0,,,,,0.0,0.0,30.0,4.799999999249849e-06,3.500000005374204e-06,0.08,88.0,36.5,0
4666,SO-0901,Head Constable Asha Joshi,Head Constable,47,2026-07-14 21:05:58+00:00,81.0,,,21.2707045,72.9713197,29.700000762939453,-0.032,-0.002,0.971,,0.0,0.0,0.0,,,,,0.0,0.0,30.0,-1.6999999985500835e-06,-4.4000000087862645e-06,0.06,88.0,36.5,0
4672,SO-0901,Head Constable Asha Joshi,Head Constable,47,2026-07-14 21:06:28+00:00,81.0,,,21.2707055,72.9713217,29.700000762939453,-0.03,0.003,0.969,,0.0,0.0,0.0,,,,,0.0,0.0,30.0,9.999999974752427e-07,2.00000000916134e-06,0.03,88.0,36.5,0
4678,SO-0901,Head Constable Asha Joshi,Head Constable,47,2026-07-14 21:06:58+00:00,81.0,,,21.2707053,72.9713269,29.700000762939453,-0.029,0.001,0.968,,0.0,0.0,0.0,,,,,0.0,0.0,30.0,-1.999999987845058e-07,5.199999989713433e-06,0.06,88.0,36.5,0
4684,SO-0901,Head Constable Asha Joshi,Head Constable,47,2026-07-14 21:07:28+00:00,81.0,,,21.2707037,72.971325,29.700000762939453,-0.031,-0.003,0.964,,0.0,0.0,0.0,,,,,0.0,0.0,30.0,-1.6000000009341877e-06,-1.900000000887303e-06,0.03,88.0,36.5,0
4690,SO-0901,Head Constable Asha Joshi,Head Constable,47,2026-07-14 21:07:57+00:00,81.0,,,21.2707021,72.9713205,29.700000762939453,-0.027,-0.002,0.971,,0.0,0.0,0.0,,,,,0.0,0.0,29.0,-1.5999999973814738e-06,-4.499999988638592e-06,0.06,88.0,36.5,0
4695,SO-0901,Head Constable Asha Joshi,Head Constable,47,2026-07-14 21:08:27+00:00,81.0,,,21.2707042,72.9713271,29.700000762939453,-0.026,-0.002,0.964,,0.0,0.0,0.0,,,,,0.0,0.0,30.0,2.099999999671809e-06,6.599999991863115e-06,0.09,88.0,36.5,0
4701,SO-0901,Head Constable Asha Joshi,Head Constable,47,2026-07-14 21:08:57+00:00,81.0,,,21.2707038,72.9713238,29.700000762939453,-0.028,0.004,0.969,,0.0,0.0,0.0,,,,,0.0,0.0,30.0,-4.000000011217253e-07,-3.3000000030369847e-06,0.04,88.0,36.5,0
4707,SO-0901,Head Constable Asha Joshi,Head Constable,47,2026-07-14 21:09:27+00:00,81.0,,,21.2707021,72.9713214,29.700000762939453,-0.026,0.0,0.971,,0.0,0.0,0.0,,,,,0.0,0.0,30.0,-1.6999999985500835e-06,-2.3999999996249244e-06,0.04,88.0,36.5,0
4713,SO-0901,Head Constable Asha Joshi,Head Constable,47,2026-07-14 21:09:58+00:00,81.0,,,21.2707024,72.971319,29.700000762939453,-0.03,0.001,0.966,,0.0,0.0,0.0,,,,,0.0,0.0,31.0,2.999999999531156e-07,-2.3999999996249244e-06,0.03,88.0,36.5,0
4718,SO-0901,Head Constable Asha Joshi,Head Constable,47,2026-07-14 21:10:27+00:00,81.0,,,21.2707032,72.9713215,29.700000762939453,-0.026,0.005,0.967,,0.0,0.0,0.0,,,,,0.0,0.0,29.0,7.999999986907369e-07,2.5000000078989615e-06,0.03,88.0,36.5,0
4724,SO-0901,Head Constable Asha Joshi,Head Constable,47,2026-07-14 21:10:58+00:00,81.0,,,21.2707031,72.9713205,29.700000762939453,-0.028,0.002,0.97,,0.0,0.0,0.0,,,,,0.0,0.0,31.0,-1.0000000116860974e-07,-9.999999974752427e-07,0.01,88.0,36.5,0
4729,SO-0901,Head Constable Asha Joshi,Head Constable,47,2026-07-14 21:11:27+00:00,81.0,,,21.2707045,72.9713193,29.700000762939453,-0.026,0.001,0.97,,0.0,0.0,0.0,,,,,0.0,0.0,29.0,1.4000000021496817e-06,-1.1999999998124622e-06,0.02,88.0,36.5,0
4733,SO-0901,Head Constable Asha Joshi,Head Constable,47,2026-07-14 21:11:57+00:00,81.0,,,21.2707033,72.9713198,29.700000762939453,-0.027,0.002,0.966,,0.0,0.0,0.0,,,,,0.0,0.0,30.0,-1.1999999998124622e-06,4.999999987376214e-07,0.02,88.0,36.5,0
4738,SO-0901,Head Constable Asha Joshi,Head Constable,47,2026-07-14 21:12:27+00:00,81.0,,,21.2707045,72.9713204,29.700000762939453,-0.028,0.007,0.971,,0.0,0.0,0.0,,,,,0.0,0.0,30.0,1.1999999998124622e-06,5.999999928008037e-07,0.02,88.0,36.5,0
4743,SO-0901,Head Constable Asha Joshi,Head Constable,47,2026-07-14 21:12:58+00:00,81.0,,,21.270703,72.9713243,29.700000762939453,-0.028,0.006,0.976,,0.0,0.0,0.0,,,,,0.0,0.0,31.0,-1.4999999997655775e-06,3.900000010048643e-06,0.05,88.0,36.5,0
4748,SO-0901,Head Constable Asha Joshi,Head Constable,47,2026-07-14 21:13:27+00:00,81.0,,,21.2707039,72.9713191,29.700000762939453,-0.022,0.002,0.968,,0.0,0.0,0.0,,,,,0.0,0.0,29.0,8.999999998593466e-07,-5.200000003924288e-06,0.07,88.0,36.5,0
4753,SO-0901,Head Constable Asha Joshi,Head Constable,47,2026-07-14 21:13:58+00:00,81.0,,,21.2707049,72.9713182,29.700000762939453,-0.025,0.002,0.978,,0.0,0.0,0.0,,,,,0.0,0.0,31.0,9.999999974752427e-07,-9.000000034120603e-07,0.02,88.0,36.5,0
4758,SO-0901,Head Constable Asha Joshi,Head Constable,47,2026-07-14 21:14:28+00:00,81.0,,,21.2707052,72.9713184,29.700000762939453,-0.027,0.006,0.963,,0.0,0.0,0.0,,,,,0.0,0.0,30.0,2.999999999531156e-07,2.0000000233721948e-07,0.0,88.0,36.5,0
4763,SO-0901,Head Constable Asha Joshi,Head Constable,47,2026-07-14 21:14:58+00:00,81.0,,,21.2707053,72.9713211,29.700000762939453,-0.024,0.006,0.977,,0.0,0.0,0.0,,,,,0.0,0.0,30.0,1.0000000116860974e-07,2.6999999960253263e-06,0.03,88.0,36.5,0
4768,SO-0901,Head Constable Asha Joshi,Head Constable,47,2026-07-14 21:15:28+00:00,81.0,,,21.2707063,72.9713289,29.700000762939453,-0.024,0.007,0.973,,0.0,0.0,0.0,,,,,0.0,0.0,30.0,1.0000000010279564e-06,7.800000005886432e-06,0.1,88.0,36.5,0
4773,SO-0901,Head Constable Asha Joshi,Head Constable,47,2026-07-14 21:15:58+00:00,81.0,,,21.2707048,72.9713282,29.700000762939453,-0.03,0.008,0.968,,0.0,0.0,0.0,,,,,0.0,0.0,30.0,-1.4999999997655775e-06,-7.000000010748408e-07,0.02,88.0,36.5,0
4778,SO-0901,Head Constable Asha Joshi,Head Constable,47,2026-07-14 21:16:28+00:00,81.0,,,21.2707042,72.9713228,29.700000762939453,-0.021,0.007,0.972,,0.0,0.0,0.0,,,,,0.0,0.0,30.0,-5.999999999062311e-07,-5.400000006261507e-06,0.07,88.0,36.5,0
4783,SO-0901,Head Constable Asha Joshi,Head Constable,47,2026-07-14 21:16:58+00:00,81.0,,,21.2707014,72.9713217,29.700000762939453,-0.025,0.003,0.97,,0.0,0.0,0.0,,,,,0.0,0.0,30.0,-2.8000000007466497e-06,-1.099999991538425e-06,0.04,88.0,36.5,0
4788,SO-0901,Head Constable Asha Joshi,Head Constable,47,2026-07-14 21:17:28+00:00,81.0,,,21.2707011,72.9713257,29.700000762939453,-0.022,0.011,0.969,,0.0,0.0,0.0,,,,,0.0,0.0,30.0,-2.999999999531156e-07,3.999999989900971e-06,0.05,88.0,36.5,0
4793,SO-0901,Head Constable Asha Joshi,Head Constable,47,2026-07-14 21:17:58+00:00,81.0,,,21.2707052,72.9713261,29.700000762939453,-0.026,0.004,0.975,,0.0,0.0,0.0,,,,,0.0,0.0,30.0,4.099999998175008e-06,4.0000000467443897e-07,0.05,88.0,36.5,0
4798,SO-0901,Head Constable Asha Joshi,Head Constable,47,2026-07-14 21:18:28+00:00,81.0,,,21.2707063,72.9713254,29.700000762939453,-0.031,0.004,0.973,,0.0,0.0,0.0,,,,,0.0,0.0,30.0,1.100000002196566e-06,-7.000000010748408e-07,0.02,88.0,36.5,0
4803,SO-0901,Head Constable Asha Joshi,Head Constable,47,2026-07-14 21:18:58+00:00,81.0,,,21.2707048,72.9713307,29.700000762939453,-0.02,0.003,0.974,,0.0,0.0,0.0,,,,,0.0,0.0,30.0,-1.4999999997655775e-06,5.29999999798747e-06,0.07,88.0,36.5,0
4807,SO-0901,Head Constable Asha Joshi,Head Constable,47,2026-07-14 21:19:28+00:00,81.0,,,21.2707031,72.9713232,29.700000762939453,-0.026,0.007,0.977,,0.0,0.0,0.0,,,,,0.0,0.0,30.0,-1.7000000021027972e-06,-7.499999995275175e-06,0.1,88.0,36.5,0
4811,SO-0901,Head Constable Asha Joshi,Head Constable,47,2026-07-14 21:19:58+00:00,81.0,,,21.2707008,72.971328,29.700000762939453,-0.024,0.005,0.975,,0.0,0.0,0.0,,,,,0.0,0.0,30.0,-2.2999999984563142e-06,4.799999999249849e-06,0.07,88.0,36.5,0
4815,SO-0901,Head Constable Asha Joshi,Head Constable,47,2026-07-14 21:20:28+00:00,81.0,,,21.2707014,72.9713251,29.700000762939453,-0.025,0.004,0.972,,0.0,0.0,0.0,,,,,0.0,0.0,30.0,5.999999999062311e-07,-2.8999999983625457e-06,0.04,88.0,36.5,0
4819,SO-0901,Head Constable Asha Joshi,Head Constable,47,2026-07-14 21:20:58+00:00,81.0,,,21.2707014,72.9713243,29.700000762939453,-0.023,0.003,0.969,,0.0,0.0,0.0,,,,,0.0,0.0,30.0,0.0,-7.999999951380232e-07,0.01,88.0,36.5,0
4823,SO-0901,Head Constable Asha Joshi,Head Constable,47,2026-07-14 21:21:27+00:00,81.0,,,21.2707019,72.9713225,29.700000762939453,-0.025,0.005,0.966,,0.0,0.0,0.0,,,,,0.0,0.0,29.0,4.999999987376214e-07,-1.8000000068241206e-06,0.02,88.0,36.5,0
4827,SO-0901,Head Constable Asha Joshi,Head Constable,47,2026-07-14 21:21:58+00:00,81.0,,,21.2707051,72.9713252,29.700000762939453,-0.027,0.005,0.972,,0.0,0.0,0.0,,,,,0.0,0.0,31.0,3.200000001868375e-06,2.6999999960253263e-06,0.05,88.0,36.5,0
4831,SO-0901,Head Constable Asha Joshi,Head Constable,47,2026-07-14 21:22:27+00:00,81.0,,,21.2707005,72.9713231,29.700000762939453,-0.025,0.005,0.969,,0.0,0.0,0.0,,,,,0.0,0.0,29.0,-4.600000000465343e-06,-2.099999989013668e-06,0.07,88.0,36.5,0
4835,SO-0901,Head Constable Asha Joshi,Head Constable,47,2026-07-14 21:22:57+00:00,81.0,,,21.2707015,72.9713246,29.700000762939453,-0.022,0.003,0.973,,0.0,0.0,0.0,,,,,0.0,0.0,30.0,1.0000000010279564e-06,1.499999996212864e-06,0.02,88.0,36.5,0
4839,SO-0901,Head Constable Asha Joshi,Head Constable,47,2026-07-14 21:23:27+00:00,81.0,,,21.2707007,72.9713222,29.700000762939453,-0.027,0.007,0.967,,0.0,0.0,0.0,,,,,0.0,0.0,30.0,-8.000000022434506e-07,-2.3999999996249244e-06,0.03,88.0,36.5,0
4843,SO-0901,Head Constable Asha Joshi,Head Constable,47,2026-07-14 21:23:58+00:00,81.0,,,21.2707026,72.9713187,29.700000762939453,-0.021,0.01,0.974,,0.0,0.0,0.0,,,,,0.0,0.0,31.0,1.900000000887303e-06,-3.500000005374204e-06,0.05,88.0,36.5,0
4847,SO-0901,Head Constable Asha Joshi,Head Constable,47,2026-07-14 21:24:31+00:00,81.0,,,21.2700128,72.973184,29.700000762939453,-0.028,0.006,0.972,,0.0,0.0,0.0,,,,,0.0,0.0,33.0,-0.0006897999999999,0.0018653000000057,22.66,88.0,36.5,1
4851,SO-0901,Head Constable Asha Joshi,Head Constable,47,2026-07-14 21:24:57+00:00,81.0,,,21.2707009,72.971325,29.700000762939453,-0.022,0.002,0.978,,0.0,0.0,0.0,,,,,0.0,0.0,26.0,0.0006881000000014,-0.0018590000000102,28.67,88.0,36.5,1
4855,SO-0901,Head Constable Asha Joshi,Head Constable,47,2026-07-14 21:25:27+00:00,81.0,,,21.2707038,72.9713282,29.700000762939453,-0.027,0.007,0.975,,0.0,0.0,0.0,,,,,0.0,0.0,30.0,2.8999999983625457e-06,3.2000000089738023e-06,0.06,88.0,36.5,0
4859,SO-0901,Head Constable Asha Joshi,Head Constable,47,2026-07-14 21:25:57+00:00,81.0,,,21.2707046,72.971322,29.700000762939453,-0.021,0.007,0.969,,0.0,0.0,0.0,,,,,0.0,0.0,30.0,7.999999986907369e-07,-6.2000000013995304e-06,0.08,88.0,36.5,0
4863,SO-0901,Head Constable Asha Joshi,Head Constable,47,2026-07-14 21:26:26+00:00,81.0,,,21.2707047,72.9713259,29.700000762939453,-0.019,0.007,0.968,,0.0,0.0,0.0,,,,,0.0,0.0,29.0,1.0000000116860974e-07,3.8999999958377884e-06,0.05,88.0,36.5,0
4867,SO-0901,Head Constable Asha Joshi,Head Constable,47,2026-07-14 21:26:57+00:00,81.0,,,21.2707057,72.9713308,29.700000762939453,-0.024,0.006,0.973,,0.0,0.0,0.0,,,,,0.0,0.0,31.0,1.0000000010279564e-06,4.900000007523886e-06,0.06,88.0,36.5,0
4871,SO-0901,Head Constable Asha Joshi,Head Constable,47,2026-07-14 21:27:28+00:00,81.0,,,21.2707059,72.9713227,29.700000762939453,-0.022,0.007,0.971,,0.0,0.0,0.0,,,,,0.0,0.0,31.0,1.999999987845058e-07,-8.100000002286833e-06,0.1,88.0,36.5,0
4875,SO-0901,Head Constable Asha Joshi,Head Constable,47,2026-07-14 21:27:58+00:00,81.0,,,21.2707023,72.9713263,29.700000762939453,-0.023,0.007,0.971,,0.0,0.0,0.0,,,,,0.0,0.0,30.0,-3.5999999994373866e-06,3.5999999994373866e-06,0.07,88.0,36.5,0
4879,SO-0901,Head Constable Asha Joshi,Head Constable,47,2026-07-14 21:28:28+00:00,81.0,,,21.2706993,72.9713273,29.700000762939453,-0.022,0.005,0.973,,0.0,0.0,0.0,,,,,0.0,0.0,30.0,-2.9999999995311555e-06,9.999999974752427e-07,0.04,88.0,36.5,0
4883,SO-0901,Head Constable Asha Joshi,Head Constable,47,2026-07-14 21:28:58+00:00,81.0,,,21.2707069,72.9713251,29.700000762939453,-0.027,0.006,0.974,,0.0,0.0,0.0,,,,,0.0,0.0,30.0,7.599999999996499e-06,-2.199999997287705e-06,0.1,88.0,36.5,0
4887,SO-0901,Head Constable Asha Joshi,Head Constable,47,2026-07-14 21:29:28+00:00,81.0,,,21.2707043,72.9713226,29.700000762939453,-0.024,0.011,0.971,,0.0,0.0,0.0,,,,,0.0,0.0,30.0,-2.600000001962144e-06,-2.5000000078989615e-06,0.05,88.0,36.5,0
4891,SO-0901,Head Constable Asha Joshi,Head Constable,47,2026-07-14 21:29:58+00:00,81.0,,,21.2707027,72.9713198,29.700000762939453,-0.024,0.01,0.982,,0.0,0.0,0.0,,,,,0.0,0.0,30.0,-1.5999999973814738e-06,-2.7999999900885086e-06,0.04,88.0,36.5,0
4895,SO-0901,Head Constable Asha Joshi,Head Constable,47,2026-07-14 21:30:28+00:00,81.0,,,21.2707023,72.9713185,29.700000762939453,-0.02,0.005,0.972,,0.0,0.0,0.0,,,,,0.0,0.0,30.0,-4.000000011217253e-07,-1.3000000080864993e-06,0.02,88.0,36.5,0
4899,SO-0901,Head Constable Asha Joshi,Head Constable,47,2026-07-14 21:30:58+00:00,81.0,,,21.2707044,72.9713195,29.700000762939453,-0.025,0.008,0.974,,0.0,0.0,0.0,,,,,0.0,0.0,30.0,2.099999999671809e-06,1.0000000116860974e-06,0.03,88.0,36.5,0
4903,SO-0901,Head Constable Asha Joshi,Head Constable,47,2026-07-14 21:31:28+00:00,81.0,,,21.2707005,72.9713236,29.700000762939453,-0.022,0.004,0.975,,0.0,0.0,0.0,,,,,0.0,0.0,30.0,-3.899999999390502e-06,4.099999998175008e-06,0.07,88.0,36.5,0
4907,SO-0901,Head Constable Asha Joshi,Head Constable,47,2026-07-14 21:31:57+00:00,81.0,,,21.2707022,72.9713195,29.700000762939453,-0.028,0.008,0.968,,0.0,0.0,0.0,,,,,0.0,0.0,29.0,1.6999999985500835e-06,-4.099999998175008e-06,0.06,88.0,36.5,0
4911,SO-0901,Head Constable Asha Joshi,Head Constable,47,2026-07-14 21:32:27+00:00,81.0,,,21.2707024,72.9713184,29.700000762939453,-0.022,0.008,0.972,,0.0,0.0,0.0,,,,,0.0,0.0,30.0,2.0000000233721948e-07,-1.1000000057492798e-06,0.01,88.0,36.5,0
4915,SO-0901,Head Constable Asha Joshi,Head Constable,47,2026-07-14 21:32:58+00:00,81.0,,,21.2707008,72.9713206,29.700000762939453,-0.022,0.01,0.971,,0.0,0.0,0.0,,,,,0.0,0.0,31.0,-1.6000000009341877e-06,2.199999997287705e-06,0.03,88.0,36.5,0
4919,SO-0901,Head Constable Asha Joshi,Head Constable,47,2026-07-14 21:33:28+00:00,81.0,,,21.2707017,72.9713196,29.700000762939453,-0.028,0.01,0.975,,0.0,0.0,0.0,,,,,0.0,0.0,30.0,8.999999998593466e-07,-9.999999974752427e-07,0.02,88.0,36.5,0
4923,SO-0901,Head Constable Asha Joshi,Head Constable,47,2026-07-14 21:33:58+00:00,81.0,,,21.2707063,72.9713226,29.700000762939453,-0.022,0.01,0.971,,0.0,0.0,0.0,,,,,0.0,0.0,30.0,4.600000000465343e-06,2.999999992425728e-06,0.07,88.0,36.5,0
4927,SO-0901,Head Constable Asha Joshi,Head Constable,47,2026-07-14 21:34:28+00:00,81.0,,,21.2707027,72.9713218,29.700000762939453,-0.022,0.008,0.97,,0.0,0.0,0.0,,,,,0.0,0.0,30.0,-3.5999999994373866e-06,-7.999999951380232e-07,0.05,88.0,36.5,0
4931,SO-0901,Head Constable Asha Joshi,Head Constable,47,2026-07-14 21:34:58+00:00,81.0,,,21.2707022,72.9713169,29.700000762939453,-0.024,0.006,0.972,,0.0,0.0,0.0,,,,,0.0,0.0,30.0,-5.00000002290335e-07,-4.899999993313031e-06,0.06,88.0,36.5,0
4934,SO-0901,Head Constable Asha Joshi,Head Constable,47,2026-07-14 21:35:31+00:00,81.0,,,21.2699746,72.9728149,29.700000762939453,-0.027,0.007,0.974,,0.0,0.0,0.0,,,,,0.0,0.0,33.0,-0.0007275999999976,0.001497999999998,19.07,88.0,36.5,1
4937,SO-0901,Head Constable Asha Joshi,Head Constable,47,2026-07-14 21:35:58+00:00,81.0,,,21.2707016,72.9713207,29.700000762939453,-0.021,0.007,0.969,,0.0,0.0,0.0,,,,,0.0,0.0,27.0,0.0007269999999977,-0.0014941999999962,23.26,88.0,36.5,1
4941,SO-0901,Head Constable Asha Joshi,Head Constable,47,2026-07-14 21:36:27+00:00,81.0,,,21.2707034,72.9713238,29.700000762939453,-0.023,0.01,0.968,,0.0,0.0,0.0,,,,,0.0,0.0,29.0,1.7999999997186933e-06,3.0999999864889105e-06,0.05,88.0,36.5,0
4945,SO-0901,Head Constable Asha Joshi,Head Constable,47,2026-07-14 21:36:56+00:00,81.0,,,21.2707009,72.9713137,29.700000762939453,-0.023,0.006,0.969,,0.0,0.0,0.0,,,,,0.0,0.0,29.0,-2.4999999972408204e-06,-1.009999999723732e-05,0.13,88.0,36.5,0
4949,SO-0901,Head Constable Asha Joshi,Head Constable,47,2026-07-14 21:37:28+00:00,81.0,,,21.2707047,72.971323,29.700000762939453,-0.021,0.005,0.984,,0.0,0.0,0.0,,,,,0.0,0.0,32.0,3.799999998221893e-06,9.300000002099296e-06,0.12,88.0,36.5,0
4953,SO-0901,Head Constable Asha Joshi,Head Constable,47,2026-07-14 21:37:58+00:00,81.0,,,21.2707038,72.9713202,29.700000762939453,-0.019,0.007,0.967,,0.0,0.0,0.0,,,,,0.0,0.0,30.0,-8.999999998593466e-07,-2.8000000042993634e-06,0.04,88.0,36.5,0
4957,SO-0901,Head Constable Asha Joshi,Head Constable,47,2026-07-14 21:38:27+00:00,81.0,,,21.2707024,72.9713205,29.700000762939453,-0.019,0.009,0.972,,0.0,0.0,0.0,,,,,0.0,0.0,29.0,-1.399999998596968e-06,3.000000106112566e-07,0.02,88.0,36.5,0
4961,SO-0901,Head Constable Asha Joshi,Head Constable,47,2026-07-14 21:38:58+00:00,85.0,84.0,,21.2707002,72.9713205,29.700000762939453,-0.018,0.016,0.969,,0.0,0.0,0.0,,,,,0.0,0.0,31.0,-2.2000000008404186e-06,0.0,0.03,84.0,36.5,0
4965,SO-0901,Head Constable Asha Joshi,Head Constable,47,2026-07-14 21:39:28+00:00,85.0,84.0,,21.2707043,72.9713186,29.700000762939453,-0.019,0.019,0.976,,0.0,0.0,0.0,,,,,0.0,0.0,30.0,4.099999998175008e-06,-1.900000000887303e-06,0.06,84.0,36.5,0
4969,SO-0901,Head Constable Asha Joshi,Head Constable,47,2026-07-14 21:39:58+00:00,85.0,,,21.2707041,72.9713209,29.700000762939453,-0.013,0.017,0.97,,0.0,0.0,0.0,,,,,0.0,0.0,30.0,-1.999999987845058e-07,2.2999999913508873e-06,0.03,84.0,36.5,0
4973,SO-0901,Head Constable Asha Joshi,Head Constable,47,2026-07-14 21:40:28+00:00,85.0,,,21.2707047,72.9713225,29.700000762939453,-0.016,0.017,0.973,,0.0,0.0,0.0,,,,,0.0,0.0,30.0,5.999999999062311e-07,1.6000000044869012e-06,0.02,84.0,36.5,0
4977,SO-0901,Head Constable Asha Joshi,Head Constable,47,2026-07-14 21:40:58+00:00,85.0,,,21.2707048,72.9713236,29.700000762939453,-0.023,0.018,0.971,,0.0,0.0,0.0,,,,,0.0,0.0,30.0,1.0000000116860974e-07,1.1000000057492798e-06,0.01,84.0,36.5,0
4981,SO-0901,Head Constable Asha Joshi,Head Constable,47,2026-07-14 21:41:28+00:00,85.0,,,21.2707034,72.9713252,29.700000762939453,-0.022,0.019,0.965,,0.0,0.0,0.0,,,,,0.0,0.0,30.0,-1.4000000021496817e-06,1.5999999902760464e-06,0.03,84.0,36.5,0
4985,SO-0901,Head Constable Asha Joshi,Head Constable,47,2026-07-14 21:41:58+00:00,85.0,,,21.2707039,72.9713231,29.700000762939453,-0.014,0.019,0.969,,0.0,0.0,0.0,,,,,0.0,0.0,30.0,5.00000002290335e-07,-2.099999989013668e-06,0.03,84.0,36.5,0
4989,SO-0901,Head Constable Asha Joshi,Head Constable,47,2026-07-14 21:42:28+00:00,85.0,,,21.2707009,72.97132,29.700000762939453,-0.022,0.021,0.977,,0.0,0.0,0.0,,,,,0.0,0.0,30.0,-2.9999999995311555e-06,-3.1000000006997652e-06,0.06,84.0,36.5,0
4993,SO-0901,Head Constable Asha Joshi,Head Constable,47,2026-07-14 21:42:58+00:00,85.0,,,21.2707023,72.9713234,29.700000762939453,-0.019,0.014,0.969,,0.0,0.0,0.0,,,,,0.0,0.0,30.0,1.399999998596968e-06,3.399999997100167e-06,0.05,84.0,36.5,0
4996,SO-0901,Head Constable Asha Joshi,Head Constable,47,2026-07-14 21:43:28+00:00,85.0,,,21.2707005,72.9713204,29.700000762939453,-0.017,0.02,0.968,,0.0,0.0,0.0,,,,,0.0,0.0,30.0,-1.7999999997186933e-06,-3.000000006636583e-06,0.04,84.0,36.5,0
5000,SO-0901,Head Constable Asha Joshi,Head Constable,47,2026-07-14 21:43:58+00:00,85.0,,,21.2707051,72.9713228,29.700000762939453,-0.014,0.02,0.971,,0.0,0.0,0.0,,,,,0.0,0.0,30.0,4.600000000465343e-06,2.3999999996249244e-06,0.07,84.0,36.5,0
5004,SO-0901,Head Constable Asha Joshi,Head Constable,47,2026-07-14 21:44:28+00:00,85.0,,,21.2707012,72.9713192,29.700000762939453,-0.022,0.019,0.972,,0.0,0.0,0.0,,,,,0.0,0.0,30.0,-3.899999999390502e-06,-3.5999999994373866e-06,0.07,84.0,36.5,0
5007,SO-0901,Head Constable Asha Joshi,Head Constable,47,2026-07-14 21:44:58+00:00,85.0,,,21.2707022,72.971321,29.700000762939453,-0.017,0.019,0.977,,0.0,0.0,0.0,,,,,0.0,0.0,30.0,9.999999974752427e-07,1.8000000068241206e-06,0.03,84.0,36.5,0
5010,SO-0901,Head Constable Asha Joshi,Head Constable,47,2026-07-14 21:45:28+00:00,85.0,,,21.2707013,72.9713165,29.700000762939453,-0.018,0.016,0.967,,0.0,0.0,0.0,,,,,0.0,0.0,30.0,-8.999999998593466e-07,-4.500000002849447e-06,0.06,84.0,36.5,0
5013,SO-0901,Head Constable Asha Joshi,Head Constable,47,2026-07-14 21:45:58+00:00,85.0,,,21.2707002,72.971319,29.700000762939453,-0.017,0.019,0.972,,0.0,0.0,0.0,,,,,0.0,0.0,30.0,-1.0999999986438525e-06,2.4999999936881068e-06,0.03,84.0,36.5,0
5016,SO-0901,Head Constable Asha Joshi,Head Constable,47,2026-07-14 21:46:28+00:00,85.0,,,21.270702,72.9713166,29.700000762939453,-0.016,0.022,0.978,,0.0,0.0,0.0,,,,,0.0,0.0,30.0,1.7999999997186933e-06,-2.3999999996249244e-06,0.04,84.0,36.5,0
5019,SO-0901,Head Constable Asha Joshi,Head Constable,47,2026-07-14 21:46:58+00:00,85.0,,,21.2706995,72.9713196,29.700000762939453,-0.017,0.017,0.971,,0.0,0.0,0.0,,,,,0.0,0.0,30.0,-2.500000000793534e-06,3.000000006636583e-06,0.05,84.0,36.5,0
5022,SO-0901,Head Constable Asha Joshi,Head Constable,47,2026-07-14 21:47:28+00:00,85.0,,,21.2707035,72.9713191,29.700000762939453,-0.017,0.02,0.976,,0.0,0.0,0.0,,,,,0.0,0.0,30.0,4.000000000559112e-06,-4.999999987376214e-07,0.05,84.0,36.5,0
5025,SO-0901,Head Constable Asha Joshi,Head Constable,47,2026-07-14 21:47:58+00:00,85.0,,,21.2707006,72.9713161,29.700000762939453,-0.018,0.02,0.969,,0.0,0.0,0.0,,,,,0.0,0.0,30.0,-2.8999999983625457e-06,-3.000000006636583e-06,0.05,84.0,36.5,0
5028,SO-0901,Head Constable Asha Joshi,Head Constable,47,2026-07-14 21:48:28+00:00,85.0,,,21.2707015,72.9713168,29.700000762939453,-0.016,0.023,0.971,,0.0,0.0,0.0,,,,,0.0,0.0,30.0,8.999999998593466e-07,7.000000010748408e-07,0.01,84.0,36.5,0
5031,SO-0901,Head Constable Asha Joshi,Head Constable,47,2026-07-14 21:48:58+00:00,85.0,,,21.2707005,72.9713173,29.700000762939453,-0.02,0.02,0.967,,0.0,0.0,0.0,,,,,0.0,0.0,30.0,-1.0000000010279564e-06,4.999999987376214e-07,0.01,84.0,36.5,0
5034,SO-0901,Head Constable Asha Joshi,Head Constable,47,2026-07-14 21:49:28+00:00,85.0,,,21.2707012,72.9713204,29.700000762939453,-0.021,0.017,0.973,,0.0,0.0,0.0,,,,,0.0,0.0,30.0,7.000000010748408e-07,3.1000000006997652e-06,0.04,84.0,36.5,0
5037,SO-0901,Head Constable Asha Joshi,Head Constable,47,2026-07-14 21:49:58+00:00,85.0,,,21.2707007,72.9713212,29.700000762939453,-0.021,0.022,0.977,,0.0,0.0,0.0,,,,,0.0,0.0,30.0,-5.00000002290335e-07,8.000000093488779e-07,0.01,84.0,36.5,0
5040,SO-0901,Head Constable Asha Joshi,Head Constable,47,2026-07-14 21:50:28+00:00,85.0,,,21.2707014,72.9713215,29.700000762939453,-0.016,0.021,0.966,,0.0,0.0,0.0,,,,,0.0,0.0,30.0,7.000000010748408e-07,2.999999964004019e-07,0.01,84.0,36.5,0
5043,SO-0901,Head Constable Asha Joshi,Head Constable,47,2026-07-14 21:50:58+00:00,85.0,,,21.2707003,72.97132,29.700000762939453,-0.019,0.023,0.975,,0.0,0.0,0.0,,,,,0.0,0.0,30.0,-1.0999999986438525e-06,-1.499999996212864e-06,0.02,84.0,36.5,0
5046,SO-0901,Head Constable Asha Joshi,Head Constable,47,2026-07-14 21:51:28+00:00,85.0,,,21.2707038,72.9713207,29.700000762939453,-0.014,0.019,0.976,,0.0,0.0,0.0,,,,,0.0,0.0,30.0,3.499999998268777e-06,7.000000010748408e-07,0.05,84.0,36.5,0
5049,SO-0901,Head Constable Asha Joshi,Head Constable,47,2026-07-14 21:51:58+00:00,85.0,,,21.2707026,72.9713171,29.700000762939453,-0.019,0.023,0.971,,0.0,0.0,0.0,,,,,0.0,0.0,30.0,-1.1999999998124622e-06,-3.6000000136482413e-06,0.05,84.0,36.5,0
5052,SO-0901,Head Constable Asha Joshi,Head Constable,47,2026-07-14 21:52:28+00:00,85.0,,,21.2707011,72.9713216,29.700000762939453,-0.018,0.021,0.968,,0.0,0.0,0.0,,,,,0.0,0.0,30.0,-1.4999999997655775e-06,4.500000002849447e-06,0.06,84.0,36.5,0
5055,SO-0901,Head Constable Asha Joshi,Head Constable,47,2026-07-14 21:52:58+00:00,85.0,,,21.2707005,72.9713189,29.700000762939453,-0.014,0.022,0.972,,0.0,0.0,0.0,,,,,0.0,0.0,30.0,-5.999999999062311e-07,-2.6999999960253263e-06,0.03,84.0,36.5,0
5058,SO-0901,Head Constable Asha Joshi,Head Constable,47,2026-07-14 21:53:28+00:00,85.0,,,21.2707029,72.9713174,29.700000762939453,-0.021,0.021,0.977,,0.0,0.0,0.0,,,,,0.0,0.0,30.0,2.3999999996249244e-06,-1.499999996212864e-06,0.04,84.0,36.5,0
5061,SO-0901,Head Constable Asha Joshi,Head Constable,47,2026-07-14 21:53:58+00:00,85.0,,,21.2706992,72.9713208,29.700000762939453,-0.019,0.023,0.974,,0.0,0.0,0.0,,,,,0.0,0.0,30.0,-3.700000000605996e-06,3.399999997100167e-06,0.06,84.0,36.5,0
5064,SO-0901,Head Constable Asha Joshi,Head Constable,47,2026-07-14 21:54:28+00:00,85.0,,,21.2707019,72.9713176,29.700000762939453,-0.017,0.022,0.971,,0.0,0.0,0.0,,,,,0.0,0.0,30.0,2.69999999957804e-06,-3.1999999947629476e-06,0.05,84.0,36.5,0
5067,SO-0901,Head Constable Asha Joshi,Head Constable,47,2026-07-14 21:54:58+00:00,85.0,,,21.270702,72.9713206,29.700000762939453,-0.017,0.02,0.968,,0.0,0.0,0.0,,,,,0.0,0.0,30.0,1.0000000116860974e-07,2.999999992425728e-06,0.04,84.0,36.5,0
5070,SO-0901,Head Constable Asha Joshi,Head Constable,47,2026-07-14 21:55:28+00:00,85.0,,,21.2707023,72.9713152,29.700000762939453,-0.017,0.023,0.974,,0.0,0.0,0.0,,,,,0.0,0.0,30.0,2.999999999531156e-07,-5.3999999920506525e-06,0.07,84.0,36.5,0
5073,SO-0901,Head Constable Asha Joshi,Head Constable,47,2026-07-14 21:55:58+00:00,85.0,,,21.270701,72.9713203,29.700000762939453,-0.014,0.022,0.971,,0.0,0.0,0.0,,,,,0.0,0.0,30.0,-1.300000000981072e-06,5.099999995650251e-06,0.07,84.0,36.5,0
5076,SO-0901,Head Constable Asha Joshi,Head Constable,47,2026-07-14 21:56:28+00:00,85.0,,,21.2707004,72.9713227,29.700000762939453,-0.015,0.02,0.968,,0.0,0.0,0.0,,,,,0.0,0.0,30.0,-5.999999999062311e-07,2.3999999996249244e-06,0.03,84.0,36.5,0
5079,SO-0901,Head Constable Asha Joshi,Head Constable,47,2026-07-14 21:56:58+00:00,85.0,,,21.2706994,72.9713209,29.700000762939453,-0.017,0.022,0.975,,0.0,0.0,0.0,,,,,0.0,0.0,30.0,-9.999999974752427e-07,-1.8000000068241206e-06,0.03,84.0,36.5,0
5082,SO-0901,Head Constable Asha Joshi,Head Constable,47,2026-07-14 21:57:28+00:00,85.0,,,21.2707051,72.971323,29.700000762939453,-0.016,0.02,0.974,,0.0,0.0,0.0,,,,,0.0,0.0,30.0,5.699999999109195e-06,2.1000000032245225e-06,0.08,84.0,36.5,0
5085,SO-0901,Head Constable Asha Joshi,Head Constable,47,2026-07-14 21:57:58+00:00,85.0,,,21.2707032,72.9713194,29.700000762939453,-0.015,0.024,0.972,,0.0,0.0,0.0,,,,,0.0,0.0,30.0,-1.900000000887303e-06,-3.5999999994373866e-06,0.05,84.0,36.5,0
5088,SO-0901,Head Constable Asha Joshi,Head Constable,47,2026-07-14 21:58:28+00:00,85.0,,,21.2707034,72.9713173,29.700000762939453,-0.018,0.023,0.971,,0.0,0.0,0.0,,,,,0.0,0.0,30.0,1.999999987845058e-07,-2.1000000032245225e-06,0.03,84.0,36.5,0
5091,SO-0901,Head Constable Asha Joshi,Head Constable,47,2026-07-14 21:58:58+00:00,85.0,60.0,,21.2707036,72.9713151,29.700000762939453,-0.017,0.019,0.973,,0.0,0.0,0.0,,,,,0.0,0.0,30.0,2.0000000233721948e-07,-2.199999997287705e-06,0.03,60.0,36.5,0
5094,SO-0901,Head Constable Asha Joshi,Head Constable,47,2026-07-14 21:59:28+00:00,85.0,60.0,,21.2707007,72.9713169,29.700000762939453,-0.013,0.024,0.969,,0.0,0.0,0.0,,,,,0.0,0.0,30.0,-2.900000001915259e-06,1.8000000068241206e-06,0.04,60.0,36.5,0
5097,SO-0901,Head Constable Asha Joshi,Head Constable,47,2026-07-14 21:59:58+00:00,85.0,,,21.270706,72.9713195,29.700000762939453,-0.009,0.018,0.969,,0.0,0.0,0.0,,,,,0.0,0.0,30.0,5.300000001540184e-06,2.600000001962144e-06,0.08,60.0,36.5,0
5100,SO-0901,Head Constable Asha Joshi,Head Constable,47,2026-07-14 22:00:28+00:00,85.0,,,21.2707044,72.9713181,29.700000762939453,-0.014,0.026,0.967,,0.0,0.0,0.0,,,,,0.0,0.0,30.0,-1.6000000009341877e-06,-1.4000000021496817e-06,0.03,60.0,36.5,0
5103,SO-0901,Head Constable Asha Joshi,Head Constable,47,2026-07-14 22:00:58+00:00,85.0,,,21.2707028,72.9713185,29.700000762939453,-0.018,0.024,0.973,,0.0,0.0,0.0,,,,,0.0,0.0,30.0,-1.6000000009341877e-06,3.9999999046358425e-07,0.02,60.0,36.5,0
5106,SO-0901,Head Constable Asha Joshi,Head Constable,47,2026-07-14 22:01:28+00:00,85.0,,,21.2707034,72.9713162,29.700000762939453,-0.016,0.022,0.971,,0.0,0.0,0.0,,,,,0.0,0.0,30.0,5.999999999062311e-07,-2.2999999913508873e-06,0.03,60.0,36.5,0
5109,SO-0901,Head Constable Asha Joshi,Head Constable,47,2026-07-14 22:01:58+00:00,85.0,,,21.2707039,72.9713167,29.700000762939453,-0.018,0.025,0.971,,0.0,0.0,0.0,,,,,0.0,0.0,30.0,5.00000002290335e-07,4.999999987376214e-07,0.01,60.0,36.5,0
5112,SO-0901,Head Constable Asha Joshi,Head Constable,47,2026-07-14 22:02:28+00:00,85.0,,,21.2707031,72.971319,29.700000762939453,-0.016,0.024,0.97,,0.0,0.0,0.0,,,,,0.0,0.0,30.0,-8.000000022434506e-07,2.2999999913508873e-06,0.03,60.0,36.5,0
5115,SO-0901,Head Constable Asha Joshi,Head Constable,47,2026-07-14 22:02:58+00:00,85.0,,,21.2707016,72.9713165,29.700000762939453,-0.014,0.019,0.974,,0.0,0.0,0.0,,,,,0.0,0.0,30.0,-1.4999999997655775e-06,-2.4999999936881068e-06,0.04,60.0,36.5,0
5118,SO-0901,Head Constable Asha Joshi,Head Constable,47,2026-07-14 22:03:28+00:00,85.0,,,21.2707032,72.971316,29.700000762939453,-0.016,0.023,0.965,,0.0,0.0,0.0,,,,,0.0,0.0,30.0,1.6000000009341877e-06,-4.999999987376214e-07,0.02,60.0,36.5,0
5121,SO-0901,Head Constable Asha Joshi,Head Constable,47,2026-07-14 22:03:58+00:00,85.0,,,21.2707014,72.9713168,29.700000762939453,-0.017,0.02,0.969,,0.0,0.0,0.0,,,,,0.0,0.0,30.0,-1.7999999997186933e-06,7.999999951380232e-07,0.03,60.0,36.5,0
5124,SO-0901,Head Constable Asha Joshi,Head Constable,47,2026-07-14 22:04:28+00:00,85.0,,,21.2707012,72.9713171,29.700000762939453,-0.019,0.022,0.965,,0.0,0.0,0.0,,,,,0.0,0.0,30.0,-1.999999987845058e-07,2.999999964004019e-07,0.0,60.0,36.5,0
5127,SO-0901,Head Constable Asha Joshi,Head Constable,47,2026-07-14 22:04:58+00:00,85.0,,,21.2707032,72.9713193,29.700000762939453,-0.013,0.024,0.979,,0.0,0.0,0.0,,,,,0.0,0.0,30.0,1.999999998503199e-06,2.2000000114985596e-06,0.04,60.0,36.5,0
5130,SO-0901,Head Constable Asha Joshi,Head Constable,47,2026-07-14 22:05:28+00:00,85.0,,,21.2707024,72.9713161,29.700000762939453,-0.016,0.023,0.969,,0.0,0.0,0.0,,,,,0.0,0.0,30.0,-7.999999986907369e-07,-3.2000000089738023e-06,0.04,60.0,36.5,0
5133,SO-0901,Head Constable Asha Joshi,Head Constable,47,2026-07-14 22:05:58+00:00,85.0,,,21.2707005,72.9713236,29.700000762939453,-0.018,0.022,0.967,,0.0,0.0,0.0,,,,,0.0,0.0,30.0,-1.900000000887303e-06,7.50000000948603e-06,0.1,60.0,36.5,0
5136,SO-0901,Head Constable Asha Joshi,Head Constable,47,2026-07-14 22:06:28+00:00,85.0,,,21.2707032,72.9713207,29.700000762939453,-0.016,0.02,0.976,,0.0,0.0,0.0,,,,,0.0,0.0,30.0,2.69999999957804e-06,-2.8999999983625457e-06,0.05,60.0,36.5,0
5139,SO-0901,Head Constable Asha Joshi,Head Constable,47,2026-07-14 22:06:58+00:00,85.0,,,21.2707021,72.9713249,29.700000762939453,-0.013,0.022,0.98,,0.0,0.0,0.0,,,,,0.0,0.0,30.0,-1.0999999986438525e-06,4.19999999223819e-06,0.05,60.0,36.5,0
5142,SO-0901,Head Constable Asha Joshi,Head Constable,47,2026-07-14 22:07:28+00:00,85.0,,,21.2707086,72.9713071,29.700000762939453,-0.014,0.023,0.978,,0.0,0.0,0.0,,,,,0.0,0.0,30.0,6.499999997799932e-06,-1.7799999994849713e-05,0.24,60.0,36.5,0
5145,SO-0901,Head Constable Asha Joshi,Head Constable,47,2026-07-14 22:07:57+00:00,85.0,,,21.2707038,72.9713192,29.700000762939453,-0.016,0.024,0.973,,0.0,0.0,0.0,,,,,0.0,0.0,29.0,-4.799999999249849e-06,1.2099999992187804e-05,0.17,60.0,36.5,0
5148,SO-0901,Head Constable Asha Joshi,Head Constable,47,2026-07-14 22:08:28+00:00,85.0,,,21.2707036,72.9713194,29.700000762939453,-0.017,0.026,0.976,,0.0,0.0,0.0,,,,,0.0,0.0,31.0,-1.999999987845058e-07,2.0000000233721948e-07,0.0,60.0,36.5,0
5150,SO-0901,Head Constable Asha Joshi,Head Constable,47,2026-07-14 22:08:57+00:00,85.0,,,21.2707045,72.9713158,29.700000762939453,-0.018,0.021,0.963,,0.0,0.0,0.0,,,,,0.0,0.0,29.0,8.999999998593466e-07,-3.5999999994373866e-06,0.05,60.0,36.5,0
5152,SO-0901,Head Constable Asha Joshi,Head Constable,47,2026-07-14 22:09:28+00:00,85.0,,,21.2707043,72.9713163,29.700000762939453,-0.016,0.023,0.973,,0.0,0.0,0.0,,,,,0.0,0.0,31.0,-2.0000000233721948e-07,4.999999987376214e-07,0.01,60.0,36.5,0
5154,SO-0901,Head Constable Asha Joshi,Head Constable,47,2026-07-14 22:09:57+00:00,85.0,,,21.2707013,72.9713205,29.700000762939453,-0.02,0.024,0.977,,0.0,0.0,0.0,,,,,0.0,0.0,29.0,-2.9999999995311555e-06,4.200000006449045e-06,0.07,60.0,36.5,0
5156,SO-0901,Head Constable Asha Joshi,Head Constable,47,2026-07-14 22:10:28+00:00,85.0,,,21.2707046,72.9713177,29.700000762939453,-0.014,0.024,0.975,,0.0,0.0,0.0,,,,,0.0,0.0,31.0,3.299999999484271e-06,-2.8000000042993634e-06,0.05,60.0,36.5,0
5159,SO-0901,Head Constable Asha Joshi,Head Constable,47,2026-07-14 22:10:58+00:00,85.0,,,21.2707045,72.9713181,29.700000762939453,-0.015,0.025,0.977,,0.0,0.0,0.0,,,,,0.0,0.0,30.0,-9.999999761589606e-08,4.0000000467443897e-07,0.01,60.0,36.5,0
5162,SO-0901,Head Constable Asha Joshi,Head Constable,47,2026-07-14 22:11:28+00:00,85.0,,,21.2707098,72.9713094,29.700000762939453,-0.016,0.024,0.975,,0.0,0.0,0.0,,,,,0.0,0.0,30.0,5.29999999798747e-06,-8.700000009298492e-06,0.13,60.0,36.5,0
5165,SO-0901,Head Constable Asha Joshi,Head Constable,47,2026-07-14 22:11:58+00:00,85.0,,,21.270708,72.9713205,29.700000762939453,-0.018,0.026,0.974,,0.0,0.0,0.0,,,,,0.0,0.0,30.0,-1.7999999997186933e-06,1.1100000008923416e-05,0.14,60.0,36.5,0
5168,SO-0901,Head Constable Asha Joshi,Head Constable,47,2026-07-14 22:12:28+00:00,85.0,,,21.2707039,72.9713174,29.700000762939453,-0.014,0.025,0.972,,0.0,0.0,0.0,,,,,0.0,0.0,30.0,-4.099999998175008e-06,-3.1000000006997652e-06,0.07,60.0,36.5,0
5171,SO-0901,Head Constable Asha Joshi,Head Constable,47,2026-07-14 22:12:58+00:00,85.0,,,21.2707038,72.9713155,29.700000762939453,-0.018,0.027,0.969,,0.0,0.0,0.0,,,,,0.0,0.0,30.0,-1.0000000116860974e-07,-1.900000000887303e-06,0.02,60.0,36.5,0
5174,SO-0901,Head Constable Asha Joshi,Head Constable,47,2026-07-14 22:13:28+00:00,85.0,,,21.2707046,72.97132,29.700000762939453,-0.018,0.024,0.973,,0.0,0.0,0.0,,,,,0.0,0.0,30.0,7.999999986907369e-07,4.500000002849447e-06,0.06,60.0,36.5,0
5177,SO-0901,Head Constable Asha Joshi,Head Constable,47,2026-07-14 22:13:58+00:00,85.0,,,21.270708,72.9713099,29.700000762939453,-0.014,0.023,0.976,,0.0,0.0,0.0,,,,,0.0,0.0,30.0,3.4000000006528808e-06,-1.0100000011448174e-05,0.13,60.0,36.5,0
5180,SO-0901,Head Constable Asha Joshi,Head Constable,47,2026-07-14 22:14:28+00:00,85.0,,,21.2707051,72.9713141,29.700000762939453,-0.015,0.023,0.972,,0.0,0.0,0.0,,,,,0.0,0.0,30.0,-2.8999999983625457e-06,4.200000006449045e-06,0.06,60.0,36.5,0
5183,SO-0901,Head Constable Asha Joshi,Head Constable,47,2026-07-14 22:14:58+00:00,85.0,,,21.2707133,72.9712913,29.700000762939453,-0.014,0.025,0.971,,0.0,0.0,0.0,,,,,0.0,0.0,30.0,8.19999999990273e-06,-2.279999999643678e-05,0.3,60.0,36.5,0
5186,SO-0901,Head Constable Asha Joshi,Head Constable,47,2026-07-14 22:15:28+00:00,85.0,,,21.2707047,72.9713153,29.700000762939453,-0.016,0.022,0.975,,0.0,0.0,0.0,,,,,0.0,0.0,30.0,-8.600000001024455e-06,2.3999999996249244e-05,0.32,60.0,36.5,0
5189,SO-0901,Head Constable Asha Joshi,Head Constable,47,2026-07-14 22:15:58+00:00,85.0,,,21.2707046,72.9713167,29.700000762939453,-0.016,0.022,0.97,,0.0,0.0,0.0,,,,,0.0,0.0,30.0,-1.0000000116860974e-07,1.4000000021496817e-06,0.02,60.0,36.5,0
5192,SO-0901,Head Constable Asha Joshi,Head Constable,47,2026-07-14 22:16:28+00:00,85.0,,,21.2707047,72.9713166,29.700000762939453,-0.015,0.025,0.967,,0.0,0.0,0.0,,,,,0.0,0.0,30.0,1.0000000116860974e-07,-1.000000082740371e-07,0.0,60.0,36.5,0
5195,SO-0901,Head Constable Asha Joshi,Head Constable,47,2026-07-14 22:16:58+00:00,85.0,,,21.2707043,72.9713167,29.700000762939453,-0.011,0.026,0.967,,0.0,0.0,0.0,,,,,0.0,0.0,30.0,-4.000000011217253e-07,1.000000082740371e-07,0.01,60.0,36.5,0
5198,SO-0901,Head Constable Asha Joshi,Head Constable,47,2026-07-14 22:17:28+00:00,85.0,,,21.2707044,72.9713157,29.700000762939453,-0.017,0.023,0.972,,0.0,0.0,0.0,,,,,0.0,0.0,30.0,1.0000000116860974e-07,-9.999999974752427e-07,0.01,60.0,36.5,0
5201,SO-0901,Head Constable Asha Joshi,Head Constable,47,2026-07-14 22:17:58+00:00,85.0,,,21.2707041,72.9713153,29.700000762939453,-0.015,0.023,0.974,,0.0,0.0,0.0,,,,,0.0,0.0,30.0,-2.999999999531156e-07,-4.0000000467443897e-07,0.01,60.0,36.5,0
5204,SO-0901,Head Constable Asha Joshi,Head Constable,47,2026-07-14 22:18:27+00:00,85.0,,,21.2707037,72.9713172,29.700000762939453,-0.017,0.024,0.967,,0.0,0.0,0.0,,,,,0.0,0.0,29.0,-4.000000011217253e-07,1.900000000887303e-06,0.03,60.0,36.5,0
5207,SO-0901,Head Constable Asha Joshi,Head Constable,47,2026-07-14 22:18:57+00:00,85.0,,,21.2707036,72.971318,29.700000762939453,-0.018,0.021,0.975,,0.0,0.0,0.0,,,,,0.0,0.0,30.0,-9.999999761589606e-08,7.999999951380232e-07,0.01,60.0,36.5,0
5210,SO-0901,Head Constable Asha Joshi,Head Constable,47,2026-07-14 22:19:28+00:00,85.0,,,21.2707047,72.9713184,29.700000762939453,-0.018,0.023,0.969,,0.0,0.0,0.0,,,,,0.0,0.0,31.0,1.0999999986438525e-06,4.0000000467443897e-07,0.01,60.0,36.5,0
5213,SO-0901,Head Constable Asha Joshi,Head Constable,47,2026-07-14 22:19:58+00:00,85.0,,,21.2707008,72.971321,29.700000762939453,-0.018,0.026,0.98,,0.0,0.0,0.0,,,,,0.0,0.0,30.0,-3.899999999390502e-06,2.600000001962144e-06,0.06,60.0,36.5,0
5216,SO-0901,Head Constable Asha Joshi,Head Constable,47,2026-07-14 22:20:28+00:00,85.0,,,21.2707009,72.9713181,29.700000762939453,-0.017,0.025,0.965,,0.0,0.0,0.0,,,,,0.0,0.0,30.0,1.0000000116860974e-07,-2.8999999983625457e-06,0.04,60.0,36.5,0
5219,SO-0901,Head Constable Asha Joshi,Head Constable,47,2026-07-14 22:20:57+00:00,85.0,,,21.2707019,72.9713119,29.700000762939453,-0.016,0.021,0.973,,0.0,0.0,0.0,,,,,0.0,0.0,29.0,9.999999974752427e-07,-6.2000000013995304e-06,0.08,60.0,36.5,0
5222,SO-0901,Head Constable Asha Joshi,Head Constable,47,2026-07-14 22:21:28+00:00,85.0,,,21.2707028,72.9713198,29.700000762939453,-0.014,0.023,0.981,,0.0,0.0,0.0,,,,,0.0,0.0,31.0,8.999999998593466e-07,7.899999999949614e-06,0.1,60.0,36.5,0
5225,SO-0901,Head Constable Asha Joshi,Head Constable,47,2026-07-14 22:21:58+00:00,85.0,,,21.2707004,72.9713222,27.816831791646862,-0.017,0.021,0.979,,0.0,0.0,0.0,,,,,0.0,0.0,30.0,-2.3999999996249244e-06,2.3999999996249244e-06,0.04,60.0,36.5,0
5228,SO-0901,Head Constable Asha Joshi,Head Constable,47,2026-07-14 22:22:28+00:00,85.0,,,21.2707084,72.9713081,27.183974712278054,-0.015,0.024,0.975,,0.0,0.0,0.0,,,,,0.0,0.0,30.0,8.000000001118224e-06,-1.4100000001349144e-05,0.21,60.0,36.5,0
5231,SO-0901,Head Constable Asha Joshi,Head Constable,47,2026-07-14 22:22:57+00:00,85.0,,,21.2707002,72.9713185,26.30505476912512,-0.013,0.023,0.977,,0.0,0.0,0.0,,,,,0.0,0.0,29.0,-8.19999999990273e-06,1.039999999363772e-05,0.18,60.0,36.5,0
5234,SO-0901,Head Constable Asha Joshi,Head Constable,47,2026-07-14 22:23:28+00:00,85.0,,,21.270701,72.9713183,27.06853377654707,-0.013,0.023,0.969,,0.0,0.0,0.0,,,,,0.0,0.0,31.0,7.999999986907369e-07,-2.0000000233721948e-07,0.01,60.0,36.5,0
5237,SO-0901,Head Constable Asha Joshi,Head Constable,47,2026-07-14 22:23:58+00:00,85.0,,,21.270705,72.9713148,27.14848506342912,-0.013,0.025,0.974,,0.0,0.0,0.0,,,,,0.0,0.0,30.0,4.000000000559112e-06,-3.4999999911633495e-06,0.07,60.0,36.5,0
5239,SO-0901,Head Constable Asha Joshi,Head Constable,47,2026-07-14 22:24:28+00:00,85.0,,,21.270704,72.9713166,27.288532246111178,-0.017,0.023,0.973,,0.0,0.0,0.0,,,,,0.0,0.0,30.0,-1.0000000010279564e-06,1.799999992613266e-06,0.03,60.0,36.5,0
5241,SO-0901,Head Constable Asha Joshi,Head Constable,47,2026-07-14 22:24:58+00:00,85.0,,,21.2707046,72.9713144,27.399840029100744,-0.016,0.027,0.972,,0.0,0.0,0.0,,,,,0.0,0.0,30.0,5.999999999062311e-07,-2.199999997287705e-06,0.03,60.0,36.5,0
5243,SO-0901,Head Constable Asha Joshi,Head Constable,47,2026-07-14 22:25:28+00:00,85.0,,,21.2707023,72.9713189,27.561839846100938,-0.016,0.022,0.974,,0.0,0.0,0.0,,,,,0.0,0.0,30.0,-2.2999999984563142e-06,4.500000002849447e-06,0.06,60.0,36.5,0
5245,SO-0901,Head Constable Asha Joshi,Head Constable,47,2026-07-14 22:25:57+00:00,85.0,,,21.2707024,72.9713176,27.730636450142967,-0.015,0.026,0.975,,0.0,0.0,0.0,,,,,0.0,0.0,29.0,1.0000000116860974e-07,-1.2999999938756446e-06,0.02,60.0,36.5,0
5247,SO-0901,Head Constable Asha Joshi,Head Constable,47,2026-07-14 22:26:28+00:00,85.0,,,21.2707014,72.971318,27.83620133531271,-0.016,0.025,0.973,,0.0,0.0,0.0,,,,,0.0,0.0,31.0,-1.0000000010279564e-06,3.9999999046358425e-07,0.01,60.0,36.5,0
5249,SO-0901,Head Constable Asha Joshi,Head Constable,47,2026-07-14 22:26:58+00:00,85.0,,,21.2707039,72.9713158,29.700000762939453,-0.019,0.024,0.972,,0.0,0.0,0.0,,,,,0.0,0.0,30.0,2.500000000793534e-06,-2.199999997287705e-06,0.04,60.0,36.5,0
5251,SO-0901,Head Constable Asha Joshi,Head Constable,47,2026-07-14 22:27:28+00:00,85.0,,,21.2707064,72.9713139,27.934997963849327,-0.016,0.028,0.976,,0.0,0.0,0.0,,,,,0.0,0.0,30.0,2.500000000793534e-06,-1.900000000887303e-06,0.04,60.0,36.5,0
5253,SO-0901,Head Constable Asha Joshi,Head Constable,47,2026-07-14 22:27:58+00:00,85.0,,,21.2707074,72.9713079,27.90050640383565,-0.013,0.025,0.977,,0.0,0.0,0.0,,,,,0.0,0.0,30.0,9.999999974752427e-07,-5.999999999062311e-06,0.08,60.0,36.5,0
5255,SO-0901,Head Constable Asha Joshi,Head Constable,47,2026-07-14 22:28:28+00:00,85.0,,,21.2707076,72.9713079,27.605765987357955,-0.015,0.024,0.974,,0.0,0.0,0.0,,,,,0.0,0.0,30.0,2.0000000233721948e-07,0.0,0.0,60.0,36.5,0
5257,SO-0901,Head Constable Asha Joshi,Head Constable,47,2026-07-14 22:28:58+00:00,85.0,,,21.2707032,72.9713173,27.572843482914635,-0.02,0.021,0.973,,0.0,0.0,0.0,,,,,0.0,0.0,30.0,-4.400000001680837e-06,9.399999996162478e-06,0.13,60.0,36.5,0
5259,SO-0901,Head Constable Asha Joshi,Head Constable,47,2026-07-14 22:29:28+00:00,85.0,,,21.2707012,72.9713168,27.46571557090428,-0.014,0.024,0.974,,0.0,0.0,0.0,,,,,0.0,0.0,30.0,-1.999999998503199e-06,-4.999999987376214e-07,0.03,60.0,36.5,0
5261,SO-0901,Head Constable Asha Joshi,Head Constable,47,2026-07-14 22:29:58+00:00,85.0,,,21.2707025,72.9713159,26.969310963644332,-0.013,0.027,0.969,,0.0,0.0,0.0,,,,,0.0,0.0,30.0,1.2999999974283585e-06,-9.000000034120603e-07,0.02,60.0,36.5,0
5263,SO-0901,Head Constable Asha Joshi,Head Constable,47,2026-07-14 22:30:28+00:00,85.0,,,21.2707091,72.971306,27.86655395790248,-0.014,0.024,0.97,,0.0,0.0,0.0,,,,,0.0,0.0,30.0,6.600000002521256e-06,-9.8999999949001e-06,0.15,60.0,36.5,0
5265,SO-0901,Head Constable Asha Joshi,Head Constable,47,2026-07-14 22:30:58+00:00,85.0,,,21.2707125,72.9712976,27.991976859792945,-0.017,0.023,0.974,,0.0,0.0,0.0,,,,,0.0,0.0,30.0,3.399999997100167e-06,-8.399999998687235e-06,0.11,60.0,36.5,0
5267,SO-0901,Head Constable Asha Joshi,Head Constable,47,2026-07-14 22:31:28+00:00,85.0,,,21.2707093,72.97131,28.01026785248129,-0.017,0.028,0.972,,0.0,0.0,0.0,,,,,0.0,0.0,30.0,-3.1999999983156613e-06,1.240000000279906e-05,0.16,60.0,36.5,0
5269,SO-0901,Head Constable Asha Joshi,Head Constable,47,2026-07-14 22:31:58+00:00,85.0,,,21.2707018,72.9713163,27.94807863606347,-0.017,0.023,0.971,,0.0,0.0,0.0,,,,,0.0,0.0,30.0,-7.499999998827889e-06,6.299999995462713e-06,0.13,60.0,36.5,0
5271,SO-0901,Head Constable Asha Joshi,Head Constable,47,2026-07-14 22:32:27+00:00,85.0,,,21.270703,72.9713193,27.737490183401466,-0.017,0.027,0.974,,0.0,0.0,0.0,,,,,0.0,0.0,29.0,1.1999999998124622e-06,3.000000006636583e-06,0.04,60.0,36.5,0
5273,SO-0901,Head Constable Asha Joshi,Head Constable,47,2026-07-14 22:32:56+00:00,85.0,,,21.2707033,72.9713159,29.700000762939453,-0.017,0.027,0.979,,0.0,0.0,0.0,,,,,0.0,0.0,29.0,2.999999999531156e-07,-3.400000011311022e-06,0.04,60.0,36.5,0
5275,SO-0901,Head Constable Asha Joshi,Head Constable,47,2026-07-14 22:33:27+00:00,85.0,,,21.2707021,72.9713192,29.700000762939453,-0.014,0.024,0.971,,0.0,0.0,0.0,,,,,0.0,0.0,31.0,-1.1999999998124622e-06,3.3000000030369847e-06,0.04,60.0,36.5,0
5277,SO-0901,Head Constable Asha Joshi,Head Constable,47,2026-07-14 22:33:57+00:00,85.0,,,21.2707039,72.971313,29.700000762939453,-0.019,0.027,0.975,,0.0,0.0,0.0,,,,,0.0,0.0,30.0,1.7999999997186933e-06,-6.2000000013995304e-06,0.08,60.0,36.5,0
5279,SO-0901,Head Constable Asha Joshi,Head Constable,47,2026-07-14 22:34:27+00:00,85.0,,,21.2707029,72.9713145,29.700000762939453,-0.014,0.025,0.968,,0.0,0.0,0.0,,,,,0.0,0.0,30.0,-1.0000000010279564e-06,1.5000000104237188e-06,0.02,60.0,36.5,0
5281,SO-0901,Head Constable Asha Joshi,Head Constable,47,2026-07-14 22:34:58+00:00,85.0,,,21.2707059,72.9713074,29.700000762939453,-0.013,0.018,0.975,,0.0,0.0,0.0,,,,,0.0,0.0,31.0,2.9999999995311555e-06,-7.100000004811591e-06,0.09,60.0,36.5,0
5283,SO-0901,Head Constable Asha Joshi,Head Constable,47,2026-07-14 22:35:27+00:00,85.0,,,21.2706996,72.9713167,29.700000762939453,-0.014,0.027,0.974,,0.0,0.0,0.0,,,,,0.0,0.0,29.0,-6.2999999990154265e-06,9.300000002099296e-06,0.15,60.0,36.5,0
5285,SO-0901,Head Constable Asha Joshi,Head Constable,47,2026-07-14 22:35:57+00:00,85.0,,,21.270705,72.9713147,29.700000762939453,-0.018,0.024,0.97,,0.0,0.0,0.0,,,,,0.0,0.0,30.0,5.39999999915608e-06,-2.00000000916134e-06,0.08,60.0,36.5,0
5287,SO-0901,Head Constable Asha Joshi,Head Constable,47,2026-07-14 22:36:27+00:00,85.0,,,21.270701,72.9713177,29.700000762939453,-0.01,0.026,0.978,,0.0,0.0,0.0,,,,,0.0,0.0,30.0,-4.000000000559112e-06,3.000000006636583e-06,0.07,60.0,36.5,0
5289,SO-0901,Head Constable Asha Joshi,Head Constable,47,2026-07-14 22:36:58+00:00,85.0,,,21.2707093,72.9713064,29.700000762939453,-0.013,0.025,0.974,,0.0,0.0,0.0,,,,,0.0,0.0,31.0,8.30000000107134e-06,-1.129999999704978e-05,0.17,60.0,36.5,0
5291,SO-0901,Head Constable Asha Joshi,Head Constable,47,2026-07-14 22:37:28+00:00,85.0,,,21.2707061,72.971315,29.700000762939453,-0.017,0.024,0.972,,0.0,0.0,0.0,,,,,0.0,0.0,30.0,-3.1999999983156613e-06,8.600000001024455e-06,0.12,60.0,36.5,0
5293,SO-0901,Head Constable Asha Joshi,Head Constable,47,2026-07-14 22:37:58+00:00,85.0,,,21.2707048,72.9713184,29.700000762939453,-0.02,0.029,0.975,,0.0,0.0,0.0,,,,,0.0,0.0,30.0,-1.300000000981072e-06,3.399999997100167e-06,0.05,60.0,36.5,0
5295,SO-0901,Head Constable Asha Joshi,Head Constable,47,2026-07-14 22:38:27+00:00,85.0,,,21.2707068,72.9713165,29.700000762939453,-0.014,0.024,0.977,,0.0,0.0,0.0,,,,,0.0,0.0,29.0,1.999999998503199e-06,-1.900000000887303e-06,0.04,60.0,36.5,0
5297,SO-0901,Head Constable Asha Joshi,Head Constable,47,2026-07-14 22:38:58+00:00,85.0,,,21.2707024,72.9713237,29.700000762939453,-0.014,0.024,0.966,,0.0,0.0,0.0,,,,,0.0,0.0,31.0,-4.3999999981281235e-06,7.199999998874773e-06,0.1,60.0,36.5,0
5299,SO-0901,Head Constable Asha Joshi,Head Constable,47,2026-07-14 22:39:28+00:00,85.0,,,21.2707064,72.9713138,29.700000762939453,-0.015,0.028,0.972,,0.0,0.0,0.0,,,,,0.0,0.0,30.0,4.000000000559112e-06,-9.8999999949001e-06,0.13,60.0,36.5,0
5301,SO-0901,Head Constable Asha Joshi,Head Constable,47,2026-07-14 22:39:58+00:00,85.0,,,21.2707052,72.9713152,29.700000762939453,-0.022,0.026,0.967,,0.0,0.0,0.0,,,,,0.0,0.0,30.0,-1.200000003365176e-06,1.4000000021496817e-06,0.02,60.0,36.5,0
5303,SO-0901,Head Constable Asha Joshi,Head Constable,47,2026-07-14 22:40:28+00:00,85.0,,,21.2707047,72.9713169,29.700000762939453,-0.015,0.022,0.967,,0.0,0.0,0.0,,,,,0.0,0.0,30.0,-4.999999987376214e-07,1.6999999985500835e-06,0.02,60.0,36.5,0
5305,SO-0901,Head Constable Asha Joshi,Head Constable,47,2026-07-14 22:40:58+00:00,85.0,,,21.270712,72.9713026,29.700000762939453,-0.017,0.024,0.977,,0.0,0.0,0.0,,,,,0.0,0.0,30.0,7.300000000043383e-06,-1.4300000003686364e-05,0.2,60.0,36.5,0
5307,SO-0901,Head Constable Asha Joshi,Head Constable,47,2026-07-14 22:41:28+00:00,85.0,,,21.2707061,72.9713231,29.700000762939453,-0.018,0.025,0.972,,0.0,0.0,0.0,,,,,0.0,0.0,30.0,-5.899999997893701e-06,2.0500000005085894e-05,0.27,60.0,36.5,0
5309,SO-0901,Head Constable Asha Joshi,Head Constable,47,2026-07-14 22:41:58+00:00,85.0,,,21.270703,72.9713227,29.700000762939453,-0.015,0.03,0.968,,0.0,0.0,0.0,,,,,0.0,0.0,30.0,-3.1000000006997652e-06,-4.0000000467443897e-07,0.04,60.0,36.5,0
5311,SO-0901,Head Constable Asha Joshi,Head Constable,47,2026-07-14 22:42:28+00:00,85.0,,,21.2707049,72.9713189,29.700000762939453,-0.017,0.026,0.962,,0.0,0.0,0.0,,,,,0.0,0.0,30.0,1.8999999973345896e-06,-3.800000001774606e-06,0.05,60.0,36.5,0
5313,SO-0901,Head Constable Asha Joshi,Head Constable,47,2026-07-14 22:42:58+00:00,85.0,,,21.2707049,72.9713172,29.700000762939453,-0.018,0.024,0.973,,0.0,0.0,0.0,,,,,0.0,0.0,30.0,0.0,-1.6999999985500835e-06,0.02,60.0,36.5,0
5315,SO-0901,Head Constable Asha Joshi,Head Constable,47,2026-07-14 22:43:28+00:00,85.0,,,21.2707133,72.9713013,29.700000762939453,-0.01,0.027,0.975,,0.0,0.0,0.0,,,,,0.0,0.0,30.0,8.400000002239949e-06,-1.5900000008173265e-05,0.23,60.0,36.5,0
5317,SO-0901,Head Constable Asha Joshi,Head Constable,47,2026-07-14 22:43:58+00:00,85.0,,,21.2707052,72.9713163,29.700000762939453,-0.018,0.025,0.966,,0.0,0.0,0.0,,,,,0.0,0.0,30.0,-8.100000002286833e-06,1.5000000004761205e-05,0.22,60.0,36.5,0
5319,SO-0901,Head Constable Asha Joshi,Head Constable,47,2026-07-14 22:44:28+00:00,85.0,,,21.2707044,72.9713179,29.700000762939453,-0.016,0.023,0.973,,0.0,0.0,0.0,,,,,0.0,0.0,30.0,-7.999999986907369e-07,1.6000000044869012e-06,0.02,60.0,36.5,0
5321,SO-0901,Head Constable Asha Joshi,Head Constable,47,2026-07-14 22:44:58+00:00,85.0,,,21.2707108,72.971303,29.700000762939453,-0.013,0.027,0.976,,0.0,0.0,0.0,,,,,0.0,0.0,30.0,6.400000000184036e-06,-1.4899999996487168e-05,0.2,60.0,36.5,0
5323,SO-0901,Head Constable Asha Joshi,Head Constable,47,2026-07-14 22:45:28+00:00,85.0,,,21.2707103,72.9713048,29.700000762939453,-0.013,0.025,0.972,,0.0,0.0,0.0,,,,,0.0,0.0,30.0,-4.999999987376214e-07,1.799999992613266e-06,0.02,60.0,36.5,0
5325,SO-0901,Head Constable Asha Joshi,Head Constable,47,2026-07-14 22:45:58+00:00,85.0,,,21.2707046,72.9713169,29.700000762939453,-0.013,0.025,0.97,,0.0,0.0,0.0,,,,,0.0,0.0,30.0,-5.700000002661909e-06,1.210000000639866e-05,0.17,60.0,36.5,0
5327,SO-0901,Head Constable Asha Joshi,Head Constable,47,2026-07-14 22:46:28+00:00,85.0,,,21.2707048,72.9713178,29.700000762939453,-0.013,0.026,0.976,,0.0,0.0,0.0,,,,,0.0,0.0,30.0,2.0000000233721948e-07,8.999999892012056e-07,0.01,60.0,36.5,0
5329,SO-0901,Head Constable Asha Joshi,Head Constable,47,2026-07-14 22:46:58+00:00,85.0,,,21.2707046,72.9713182,29.700000762939453,-0.016,0.027,0.97,,0.0,0.0,0.0,,,,,0.0,0.0,30.0,-2.0000000233721948e-07,4.0000000467443897e-07,0.01,60.0,36.5,0
5331,SO-0901,Head Constable Asha Joshi,Head Constable,47,2026-07-14 22:47:28+00:00,85.0,,,21.2707049,72.9713166,29.700000762939453,-0.018,0.027,0.969,,0.0,0.0,0.0,,,,,0.0,0.0,30.0,2.999999999531156e-07,-1.6000000044869012e-06,0.02,60.0,36.5,0
5333,SO-0901,Head Constable Asha Joshi,Head Constable,47,2026-07-14 22:47:58+00:00,85.0,,,21.2707046,72.9713184,29.700000762939453,-0.018,0.026,0.972,,0.0,0.0,0.0,,,,,0.0,0.0,30.0,-2.999999999531156e-07,1.8000000068241206e-06,0.02,60.0,36.5,0
5335,SO-0901,Head Constable Asha Joshi,Head Constable,47,2026-07-14 22:48:28+00:00,85.0,,,21.2707016,72.9713164,29.700000762939453,-0.015,0.025,0.969,,0.0,0.0,0.0,,,,,0.0,0.0,30.0,-2.9999999995311555e-06,-1.9999999949504854e-06,0.05,60.0,36.5,0
5337,SO-0901,Head Constable Asha Joshi,Head Constable,47,2026-07-14 22:48:57+00:00,85.0,,,21.2707028,72.9713202,29.700000762939453,-0.014,0.022,0.977,,0.0,0.0,0.0,,,,,0.0,0.0,29.0,1.1999999998124622e-06,3.7999999875637513e-06,0.05,60.0,36.5,0
5339,SO-0901,Head Constable Asha Joshi,Head Constable,47,2026-07-14 22:49:27+00:00,85.0,,,21.2707008,72.9713237,29.700000762939453,-0.017,0.025,0.971,,0.0,0.0,0.0,,,,,0.0,0.0,30.0,-1.999999998503199e-06,3.500000005374204e-06,0.05,60.0,36.5,0
5341,SO-0901,Head Constable Asha Joshi,Head Constable,47,2026-07-14 22:49:58+00:00,85.0,,,21.270703,72.9713235,29.700000762939453,-0.013,0.025,0.977,,0.0,0.0,0.0,,,,,0.0,0.0,31.0,2.2000000008404186e-06,-2.0000000233721948e-07,0.03,60.0,36.5,0
5343,SO-0901,Head Constable Asha Joshi,Head Constable,47,2026-07-14 22:50:28+00:00,85.0,,,21.2707021,72.9713254,29.700000762939453,-0.015,0.026,0.969,,0.0,0.0,0.0,,,,,0.0,0.0,30.0,-8.999999998593466e-07,1.900000000887303e-06,0.03,60.0,36.5,0
5345,SO-0901,Head Constable Asha Joshi,Head Constable,47,2026-07-14 22:50:57+00:00,85.0,,,21.2707051,72.9713253,29.700000762939453,-0.016,0.025,0.968,,0.0,0.0,0.0,,,,,0.0,0.0,29.0,2.9999999995311555e-06,-9.999999406318238e-08,0.04,60.0,36.5,0
5348,SO-0901,Head Constable Asha Joshi,Head Constable,47,2026-07-14 22:51:28+00:00,85.0,,,21.2706998,72.971327,29.700000762939453,-0.013,0.027,0.972,,0.0,0.0,0.0,,,,,0.0,0.0,31.0,-5.300000001540184e-06,1.6999999985500835e-06,0.07,60.0,36.5,0
5349,SO-0901,Head Constable Asha Joshi,Head Constable,47,2026-07-14 22:51:58+00:00,85.0,,,21.2707031,72.9713212,29.700000762939453,-0.018,0.027,0.964,,0.0,0.0,0.0,,,,,0.0,0.0,30.0,3.299999999484271e-06,-5.7999999967250915e-06,0.08,60.0,36.5,0
5351,SO-0901,Head Constable Asha Joshi,Head Constable,47,2026-07-14 22:52:27+00:00,85.0,,,21.2707016,72.9713199,29.700000762939453,-0.016,0.027,0.977,,0.0,0.0,0.0,,,,,0.0,0.0,29.0,-1.4999999997655775e-06,-1.3000000080864993e-06,0.03,60.0,36.5,0
5353,SO-0901,Head Constable Asha Joshi,Head Constable,47,2026-07-14 22:52:57+00:00,85.0,,,21.2707035,72.9713218,29.700000762939453,-0.015,0.026,0.976,,0.0,0.0,0.0,,,,,0.0,0.0,30.0,1.900000000887303e-06,1.900000000887303e-06,0.03,60.0,36.5,0
5355,SO-0901,Head Constable Asha Joshi,Head Constable,47,2026-07-14 22:53:28+00:00,85.0,,,21.270703,72.971327,29.700000762939453,-0.018,0.023,0.972,,0.0,0.0,0.0,,,,,0.0,0.0,31.0,-4.999999987376214e-07,5.200000003924288e-06,0.06,60.0,36.5,0
5357,SO-0901,Head Constable Asha Joshi,Head Constable,47,2026-07-14 22:53:58+00:00,85.0,,,21.2707053,72.9713231,29.700000762939453,-0.017,0.025,0.969,,0.0,0.0,0.0,,,,,0.0,0.0,30.0,2.2999999984563142e-06,-3.8999999958377884e-06,0.06,60.0,36.5,0
5359,SO-0901,Head Constable Asha Joshi,Head Constable,47,2026-07-14 22:54:28+00:00,85.0,,,21.270704,72.9713239,29.700000762939453,-0.013,0.028,0.966,,0.0,0.0,0.0,,,,,0.0,0.0,30.0,-1.300000000981072e-06,7.999999951380232e-07,0.02,60.0,36.5,0
5361,SO-0901,Head Constable Asha Joshi,Head Constable,47,2026-07-14 22:54:58+00:00,85.0,,,21.2707014,72.9713224,29.700000762939453,-0.016,0.024,0.972,,0.0,0.0,0.0,,,,,0.0,0.0,30.0,-2.59999999840943e-06,-1.499999996212864e-06,0.04,60.0,36.5,0
5363,SO-0901,Head Constable Asha Joshi,Head Constable,47,2026-07-14 22:55:28+00:00,85.0,,,21.2707031,72.97132,29.700000762939453,-0.018,0.022,0.97,,0.0,0.0,0.0,,,,,0.0,0.0,30.0,1.6999999985500835e-06,-2.3999999996249244e-06,0.04,60.0,36.5,0
5365,SO-0901,Head Constable Asha Joshi,Head Constable,47,2026-07-14 22:55:58+00:00,85.0,,,21.2707056,72.9713225,29.700000762939453,-0.013,0.019,0.972,,0.0,0.0,0.0,,,,,0.0,0.0,30.0,2.500000000793534e-06,2.4999999936881068e-06,0.05,60.0,36.5,0
5367,SO-0901,Head Constable Asha Joshi,Head Constable,47,2026-07-14 22:56:28+00:00,85.0,,,21.2707057,72.9713219,29.700000762939453,-0.015,0.025,0.974,,0.0,0.0,0.0,,,,,0.0,0.0,30.0,1.0000000116860974e-07,-5.999999928008037e-07,0.01,60.0,36.5,0
5369,SO-0901,Head Constable Asha Joshi,Head Constable,47,2026-07-14 22:56:58+00:00,85.0,,,21.2707022,72.9713238,29.700000762939453,-0.014,0.021,0.972,,0.0,0.0,0.0,,,,,0.0,0.0,30.0,-3.5000000018214905e-06,1.8999999866764483e-06,0.05,60.0,36.5,0
5371,SO-0901,Head Constable Asha Joshi,Head Constable,47,2026-07-14 22:57:28+00:00,85.0,,,21.2707007,72.9713197,29.700000762939453,-0.014,0.025,0.969,,0.0,0.0,0.0,,,,,0.0,0.0,30.0,-1.4999999997655775e-06,-4.099999998175008e-06,0.05,60.0,36.5,0
5373,SO-0901,Head Constable Asha Joshi,Head Constable,47,2026-07-14 22:57:58+00:00,85.0,,,21.2707027,72.9713237,29.700000762939453,-0.014,0.025,0.97,,0.0,0.0,0.0,,,,,0.0,0.0,30.0,2.0000000020559128e-06,4.0000000041118255e-06,0.06,60.0,36.5,0
5375,SO-0901,Head Constable Asha Joshi,Head Constable,47,2026-07-14 22:58:28+00:00,85.0,,,21.2707017,72.9713228,29.700000762939453,-0.019,0.025,0.978,,0.0,0.0,0.0,,,,,0.0,0.0,30.0,-1.0000000010279564e-06,-9.000000034120603e-07,0.02,60.0,36.5,0
5377,SO-0901,Head Constable Asha Joshi,Head Constable,47,2026-07-14 22:58:58+00:00,85.0,,,21.270704,72.9713215,29.700000762939453,-0.013,0.027,0.976,,0.0,0.0,0.0,,,,,0.0,0.0,30.0,2.2999999984563142e-06,-1.2999999938756446e-06,0.03,60.0,36.5,0
5379,SO-0901,Head Constable Asha Joshi,Head Constable,47,2026-07-14 22:59:28+00:00,85.0,,,21.2707029,72.9713225,29.700000762939453,-0.016,0.025,0.972,,0.0,0.0,0.0,,,,,0.0,0.0,30.0,-1.0999999986438525e-06,9.999999974752427e-07,0.02,60.0,36.5,0
5381,SO-0901,Head Constable Asha Joshi,Head Constable,47,2026-07-14 22:59:58+00:00,85.0,,,21.2707009,72.9713225,29.700000762939453,-0.016,0.026,0.967,,0.0,0.0,0.0,,,,,0.0,0.0,30.0,-1.999999998503199e-06,0.0,0.03,60.0,36.5,0
5383,SO-0901,Head Constable Asha Joshi,Head Constable,47,2026-07-14 23:00:28+00:00,85.0,,,21.2707045,72.9713212,29.700000762939453,-0.012,0.028,0.976,,0.0,0.0,0.0,,,,,0.0,0.0,30.0,3.5999999994373866e-06,-1.2999999938756446e-06,0.05,60.0,36.5,0
5385,SO-0901,Head Constable Asha Joshi,Head Constable,47,2026-07-14 23:00:58+00:00,85.0,,,21.2707049,72.9713258,29.700000762939453,-0.015,0.027,0.968,,0.0,0.0,0.0,,,,,0.0,0.0,30.0,3.999999975690116e-07,4.599999996912629e-06,0.06,60.0,36.5,0
5387,SO-0901,Head Constable Asha Joshi,Head Constable,47,2026-07-14 23:01:28+00:00,85.0,,,21.270703,72.9713256,29.700000762939453,-0.015,0.025,0.98,,0.0,0.0,0.0,,,,,0.0,0.0,30.0,-1.8999999973345896e-06,-2.0000000233721948e-07,0.03,60.0,36.5,0
5389,SO-0901,Head Constable Asha Joshi,Head Constable,47,2026-07-14 23:01:58+00:00,85.0,,,21.2707031,72.9713208,29.700000762939453,-0.019,0.025,0.971,,0.0,0.0,0.0,,,,,0.0,0.0,30.0,9.999999761589606e-08,-4.799999999249849e-06,0.06,60.0,36.5,0
5391,SO-0901,Head Constable Asha Joshi,Head Constable,47,2026-07-14 23:02:28+00:00,85.0,,,21.2707013,72.9713203,29.700000762939453,-0.014,0.027,0.975,,0.0,0.0,0.0,,,,,0.0,0.0,30.0,-1.7999999997186933e-06,-4.999999987376214e-07,0.02,60.0,36.5,0
5393,SO-0901,Head Constable Asha Joshi,Head Constable,47,2026-07-14 23:02:58+00:00,85.0,,,21.2707038,72.9713203,29.700000762939453,-0.014,0.024,0.967,,0.0,0.0,0.0,,,,,0.0,0.0,30.0,2.500000000793534e-06,0.0,0.03,60.0,36.5,0
5395,SO-0901,Head Constable Asha Joshi,Head Constable,47,2026-07-14 23:03:27+00:00,85.0,,,21.2707012,72.9713181,29.700000762939453,-0.015,0.027,0.97,,0.0,0.0,0.0,,,,,0.0,0.0,29.0,-2.59999999840943e-06,-2.199999997287705e-06,0.05,60.0,36.5,0
5398,SO-0901,Head Constable Asha Joshi,Head Constable,47,2026-07-14 23:03:58+00:00,85.0,,,21.2707035,72.9713177,29.700000762939453,-0.016,0.025,0.969,,0.0,0.0,0.0,,,,,0.0,0.0,31.0,2.2999999984563142e-06,-4.0000000467443897e-07,0.03,60.0,36.5,0
5399,SO-0901,Head Constable Asha Joshi,Head Constable,47,2026-07-14 23:04:28+00:00,85.0,,,21.2707027,72.9713141,29.700000762939453,-0.012,0.024,0.977,,0.0,0.0,0.0,,,,,0.0,0.0,30.0,-7.999999986907369e-07,-3.5999999994373866e-06,0.05,60.0,36.5,0
5401,SO-0901,Head Constable Asha Joshi,Head Constable,47,2026-07-14 23:04:58+00:00,85.0,,,21.2707006,72.9713201,29.700000762939453,-0.016,0.021,0.971,,0.0,0.0,0.0,,,,,0.0,0.0,30.0,-2.099999999671809e-06,5.999999999062311e-06,0.08,60.0,36.5,0
5403,SO-0901,Head Constable Asha Joshi,Head Constable,47,2026-07-14 23:05:27+00:00,85.0,,,21.270702,72.9713189,29.700000762939453,-0.014,0.027,0.972,,0.0,0.0,0.0,,,,,0.0,0.0,29.0,1.399999998596968e-06,-1.1999999998124622e-06,0.02,60.0,36.5,0
5405,SO-0901,Head Constable Asha Joshi,Head Constable,47,2026-07-14 23:05:57+00:00,85.0,,,21.2707024,72.971318,29.700000762939453,-0.013,0.023,0.974,,0.0,0.0,0.0,,,,,0.0,0.0,30.0,4.000000011217253e-07,-9.000000034120603e-07,0.01,60.0,36.5,0
5407,SO-0901,Head Constable Asha Joshi,Head Constable,47,2026-07-14 23:06:27+00:00,85.0,,,21.2707022,72.9713226,29.700000762939453,-0.013,0.028,0.975,,0.0,0.0,0.0,,,,,0.0,0.0,30.0,-2.0000000233721948e-07,4.599999996912629e-06,0.06,60.0,36.5,0
5409,SO-0901,Head Constable Asha Joshi,Head Constable,47,2026-07-14 23:06:58+00:00,85.0,,,21.270703,72.9713178,29.700000762939453,-0.013,0.02,0.972,,0.0,0.0,0.0,,,,,0.0,0.0,31.0,8.000000022434506e-07,-4.799999999249849e-06,0.06,60.0,36.5,0
5411,SO-0901,Head Constable Asha Joshi,Head Constable,47,2026-07-14 23:07:28+00:00,85.0,,,21.2707007,72.9713186,29.700000762939453,-0.015,0.031,0.97,,0.0,0.0,0.0,,,,,0.0,0.0,30.0,-2.3000000020090283e-06,8.000000093488779e-07,0.03,60.0,36.5,0
5413,SO-0901,Head Constable Asha Joshi,Head Constable,47,2026-07-14 23:07:58+00:00,85.0,,,21.2707018,72.9713182,29.700000762939453,-0.011,0.023,0.973,,0.0,0.0,0.0,,,,,0.0,0.0,30.0,1.100000002196566e-06,-4.0000000467443897e-07,0.02,60.0,36.5,0
5415,SO-0901,Head Constable Asha Joshi,Head Constable,47,2026-07-14 23:08:28+00:00,85.0,,,21.2707021,72.9713227,29.700000762939453,-0.016,0.025,0.976,,0.0,0.0,0.0,,,,,0.0,0.0,30.0,2.999999999531156e-07,4.500000002849447e-06,0.06,60.0,36.5,0
5417,SO-0901,Head Constable Asha Joshi,Head Constable,47,2026-07-14 23:08:58+00:00,85.0,,,21.2707024,72.9713235,29.700000762939453,-0.011,0.025,0.969,,0.0,0.0,0.0,,,,,0.0,0.0,30.0,2.999999999531156e-07,7.999999951380232e-07,0.01,60.0,36.5,0
5419,SO-0901,Head Constable Asha Joshi,Head Constable,47,2026-07-14 23:09:28+00:00,85.0,,,21.2707032,72.9713197,29.700000762939453,-0.017,0.03,0.973,,0.0,0.0,0.0,,,,,0.0,0.0,30.0,7.999999986907369e-07,-3.800000001774606e-06,0.05,60.0,36.5,0
5421,SO-0901,Head Constable Asha Joshi,Head Constable,47,2026-07-14 23:09:58+00:00,85.0,,,21.2707024,72.9713162,29.700000762939453,-0.014,0.025,0.968,,0.0,0.0,0.0,,,,,0.0,0.0,30.0,-7.999999986907369e-07,-3.4999999911633495e-06,0.04,60.0,36.5,0
5423,SO-0901,Head Constable Asha Joshi,Head Constable,47,2026-07-14 23:10:28+00:00,85.0,,,21.2707042,72.971321,29.700000762939453,-0.014,0.024,0.969,,0.0,0.0,0.0,,,,,0.0,0.0,30.0,1.7999999997186933e-06,4.799999999249849e-06,0.06,60.0,36.5,0
5425,SO-0901,Head Constable Asha Joshi,Head Constable,47,2026-07-14 23:10:58+00:00,85.0,,,21.2707062,72.9713221,29.700000762939453,-0.01,0.024,0.969,,0.0,0.0,0.0,,,,,0.0,0.0,30.0,1.999999998503199e-06,1.099999991538425e-06,0.03,60.0,36.5,0
5427,SO-0901,Head Constable Asha Joshi,Head Constable,47,2026-07-14 23:11:28+00:00,85.0,,,21.2707022,72.9713191,29.700000762939453,-0.018,0.029,0.974,,0.0,0.0,0.0,,,,,0.0,0.0,30.0,-4.000000000559112e-06,-2.999999992425728e-06,0.07,60.0,36.5,0
5429,SO-0901,Head Constable Asha Joshi,Head Constable,47,2026-07-14 23:11:58+00:00,85.0,,,21.2707035,72.9713253,29.700000762939453,-0.014,0.03,0.973,,0.0,0.0,0.0,,,,,0.0,0.0,30.0,1.300000000981072e-06,6.2000000013995304e-06,0.08,60.0,36.5,0
5431,SO-0901,Head Constable Asha Joshi,Head Constable,47,2026-07-14 23:12:28+00:00,85.0,,,21.2707003,72.9713245,29.700000762939453,-0.016,0.026,0.969,,0.0,0.0,0.0,,,,,0.0,0.0,30.0,-3.1999999983156613e-06,-8.000000093488779e-07,0.04,60.0,36.5,0
5433,SO-0901,Head Constable Asha Joshi,Head Constable,47,2026-07-14 23:12:58+00:00,85.0,,,21.2707035,72.9713233,29.700000762939453,-0.01,0.027,0.974,,0.0,0.0,0.0,,,,,0.0,0.0,30.0,3.1999999983156613e-06,-1.1999999998124622e-06,0.05,60.0,36.5,0
5435,SO-0901,Head Constable Asha Joshi,Head Constable,47,2026-07-14 23:13:28+00:00,85.0,,,21.2707019,72.9713263,29.700000762939453,-0.014,0.026,0.967,,0.0,0.0,0.0,,,,,0.0,0.0,30.0,-1.6000000009341877e-06,3.000000006636583e-06,0.04,60.0,36.5,0
5437,SO-0901,Head Constable Asha Joshi,Head Constable,47,2026-07-14 23:13:58+00:00,85.0,,,21.2706993,72.9713211,29.700000762939453,-0.016,0.03,0.971,,0.0,0.0,0.0,,,,,0.0,0.0,30.0,-2.59999999840943e-06,-5.200000003924288e-06,0.07,60.0,36.5,0
5439,SO-0901,Head Constable Asha Joshi,Head Constable,47,2026-07-14 23:14:28+00:00,85.0,,,21.2707019,72.9713193,29.700000762939453,-0.015,0.027,0.971,,0.0,0.0,0.0,,,,,0.0,0.0,30.0,2.59999999840943e-06,-1.799999992613266e-06,0.04,60.0,36.5,0
5442,SO-0901,Head Constable Asha Joshi,Head Constable,47,2026-07-14 23:14:58+00:00,85.0,,,21.2707019,72.9713214,29.700000762939453,-0.016,0.025,0.975,,0.0,0.0,0.0,,,,,0.0,0.0,30.0,0.0,2.099999989013668e-06,0.03,60.0,36.5,0
5445,SO-0901,Head Constable Asha Joshi,Head Constable,47,2026-07-14 23:15:28+00:00,85.0,,,21.2707021,72.9713216,29.700000762939453,-0.013,0.026,0.977,,0.0,0.0,0.0,,,,,0.0,0.0,30.0,2.0000000233721948e-07,2.0000000233721948e-07,0.0,60.0,36.5,0
5448,SO-0901,Head Constable Asha Joshi,Head Constable,47,2026-07-14 23:15:58+00:00,85.0,,,21.2707028,72.9713227,29.700000762939453,-0.019,0.03,0.973,,0.0,0.0,0.0,,,,,0.0,0.0,30.0,6.999999975221272e-07,1.1000000057492798e-06,0.02,60.0,36.5,0
5451,SO-0901,Head Constable Asha Joshi,Head Constable,47,2026-07-14 23:16:28+00:00,85.0,,,21.2707005,72.9713331,29.700000762939453,-0.016,0.028,0.973,,0.0,0.0,0.0,,,,,0.0,0.0,30.0,-2.2999999984563142e-06,1.039999999363772e-05,0.13,60.0,36.5,0
5454,SO-0901,Head Constable Asha Joshi,Head Constable,47,2026-07-14 23:16:58+00:00,85.0,,,21.2706995,72.9713223,29.700000762939453,-0.011,0.026,0.976,,0.0,0.0,0.0,,,,,0.0,0.0,30.0,-1.0000000010279564e-06,-1.079999999831216e-05,0.13,60.0,36.5,0
5457,SO-0901,Head Constable Asha Joshi,Head Constable,47,2026-07-14 23:17:28+00:00,85.0,,,21.270702,72.9713252,29.700000762939453,-0.012,0.028,0.974,,0.0,0.0,0.0,,,,,0.0,0.0,30.0,2.500000000793534e-06,2.8999999983625457e-06,0.05,60.0,36.5,0
5460,SO-0901,Head Constable Asha Joshi,Head Constable,47,2026-07-14 23:17:57+00:00,85.0,,,21.2707018,72.9713223,29.700000762939453,-0.014,0.03,0.973,,0.0,0.0,0.0,,,,,0.0,0.0,29.0,-1.999999987845058e-07,-2.8999999983625457e-06,0.04,60.0,36.5,0
5462,SO-0901,Head Constable Asha Joshi,Head Constable,47,2026-07-14 23:18:27+00:00,85.0,,,21.2707021,72.9713247,29.700000762939453,-0.017,0.025,0.969,,0.0,0.0,0.0,,,,,0.0,0.0,30.0,2.999999999531156e-07,2.3999999996249244e-06,0.03,60.0,36.5,0
5465,SO-0901,Head Constable Asha Joshi,Head Constable,47,2026-07-14 23:18:57+00:00,85.0,,,21.270701,72.9713297,29.700000762939453,-0.012,0.029,0.973,,0.0,0.0,0.0,,,,,0.0,0.0,30.0,-1.100000002196566e-06,5.000000001587068e-06,0.06,60.0,36.5,0
5468,SO-0901,Head Constable Asha Joshi,Head Constable,47,2026-07-14 23:19:28+00:00,85.0,,,21.2707024,72.9713196,29.700000762939453,-0.015,0.028,0.971,,0.0,0.0,0.0,,,,,0.0,0.0,31.0,1.4000000021496817e-06,-1.009999999723732e-05,0.12,60.0,36.5,0
5471,SO-0901,Head Constable Asha Joshi,Head Constable,47,2026-07-14 23:19:57+00:00,85.0,,,21.2707006,72.9713243,29.700000762939453,-0.016,0.029,0.977,,0.0,0.0,0.0,,,,,0.0,0.0,29.0,-1.7999999997186933e-06,4.700000005186666e-06,0.07,60.0,36.5,0
5474,SO-0901,Head Constable Asha Joshi,Head Constable,47,2026-07-14 23:20:27+00:00,85.0,,,21.2707002,72.9713167,29.700000762939453,-0.011,0.029,0.973,,0.0,0.0,0.0,,,,,0.0,0.0,30.0,-4.000000011217253e-07,-7.600000003549212e-06,0.09,60.0,36.5,0
5477,SO-0901,Head Constable Asha Joshi,Head Constable,47,2026-07-14 23:20:57+00:00,86.0,,,21.2707021,72.9713161,29.700000762939453,-0.011,0.025,0.969,,0.0,0.0,0.0,,,,,0.0,0.0,30.0,1.900000000887303e-06,-6.000000070116585e-07,0.03,60.0,36.5,0
5480,SO-0901,Head Constable Asha Joshi,Head Constable,47,2026-07-14 23:21:28+00:00,86.0,,,21.2707093,72.9712977,29.700000762939453,-0.016,0.029,0.97,,0.0,0.0,0.0,,,,,0.0,0.0,31.0,7.199999998874773e-06,-1.8400000001861372e-05,0.24,60.0,36.5,0
5483,SO-0901,Head Constable Asha Joshi,Head Constable,47,2026-07-14 23:21:57+00:00,86.0,,,21.2707076,72.9713151,29.700000762939453,-0.012,0.029,0.968,,0.0,0.0,0.0,,,,,0.0,0.0,29.0,-1.6999999985500835e-06,1.740000000438613e-05,0.22,60.0,36.5,0
5486,SO-0901,Head Constable Asha Joshi,Head Constable,47,2026-07-14 23:22:28+00:00,86.0,,,21.2707121,72.9712971,29.700000762939453,-0.011,0.026,0.972,,0.0,0.0,0.0,,,,,0.0,0.0,31.0,4.499999999296733e-06,-1.7999999997186933e-05,0.22,60.0,36.5,0
8069,SO-0901,Head Constable Asha Joshi,Head Constable,47,2026-07-15 11:57:43+00:00,98.0,85.0,,21.0862796,72.9876345,28.0,-0.296,-0.047,0.935,,0.0,0.0,0.0,,,,,0.0,0.0,45315.0,-0.1844324999999997,0.0163373999999976,0.0,85.0,36.5,2
8078,SO-0901,Head Constable Asha Joshi,Head Constable,47,2026-07-15 11:58:11+00:00,83.0,80.0,,21.0862789,72.9876334,28.0,-0.476,-0.059,0.861,,0.0,0.0,0.0,,,,,0.0,0.0,28.0,-7.000000010748408e-07,-1.099999991538425e-06,0.02,80.0,36.5,0
8086,SO-0901,Head Constable Asha Joshi,Head Constable,47,2026-07-15 11:58:41+00:00,92.0,85.0,,21.0862782,72.987626,28.0,-0.566,-0.838,0.031,,0.0,0.0,0.0,,,,,0.0,0.0,30.0,-7.000000010748408e-07,-7.400000001211993e-06,0.09,85.0,36.5,2
8094,SO-0901,Head Constable Asha Joshi,Head Constable,47,2026-07-15 11:59:11+00:00,92.0,82.0,,21.0862794,72.9876301,28.0,-0.693,0.029,0.71,,0.0,0.0,0.0,,,,,0.0,0.0,30.0,1.1999999998124622e-06,4.099999998175008e-06,0.05,82.0,36.5,2
8101,SO-0901,Head Constable Asha Joshi,Head Constable,47,2026-07-15 11:59:41+00:00,94.0,81.0,,21.086279,72.9876231,28.0,-1.009,-0.111,-0.11,,0.0,0.0,0.0,,,,,0.0,0.0,30.0,-3.999999975690116e-07,-7.000000010748408e-06,0.09,81.0,36.5,2
8108,SO-0901,Head Constable Asha Joshi,Head Constable,47,2026-07-15 12:00:11+00:00,86.0,86.0,,21.0862793,72.987629,28.0,-0.704,-0.783,0.169,,0.0,0.0,0.0,,,,,0.0,0.0,30.0,2.999999999531156e-07,5.900000004999129e-06,0.07,86.0,36.5,0
8115,SO-0901,Head Constable Asha Joshi,Head Constable,47,2026-07-15 12:00:41+00:00,94.0,88.0,,21.0862799,72.9876354,28.0,-0.987,-0.098,-0.274,,0.0,0.0,0.0,,,,,0.0,0.0,30.0,5.999999999062311e-07,6.40000000373675e-06,0.08,88.0,36.5,2
8122,SO-0901,Head Constable Asha Joshi,Head Constable,47,2026-07-15 12:01:11+00:00,90.0,88.0,,21.0862793,72.9876278,28.0,-0.333,0.214,0.905,,0.0,0.0,0.0,,,,,0.0,0.0,30.0,-5.999999999062311e-07,-7.600000003549212e-06,0.09,88.0,36.5,0
8130,SO-0901,Head Constable Asha Joshi,Head Constable,47,2026-07-15 12:01:41+00:00,82.0,84.0,,21.0862802,72.9876348,28.0,-0.199,0.267,0.915,,0.0,0.0,0.0,,,,,0.0,0.0,30.0,8.999999998593466e-07,6.999999996537554e-06,0.09,84.0,36.5,0
8138,SO-0901,Head Constable Asha Joshi,Head Constable,47,2026-07-15 12:02:11+00:00,98.0,86.0,,21.0862796,72.9876355,28.0,-0.514,0.198,0.805,,0.0,0.0,0.0,,,,,0.0,0.0,30.0,-5.999999999062311e-07,7.000000010748408e-07,0.01,86.0,36.5,2
8146,SO-0901,Head Constable Asha Joshi,Head Constable,47,2026-07-15 12:02:41+00:00,93.0,74.0,,21.0862744,72.987587,28.0,-0.9,-0.336,0.049,,0.0,0.0,0.0,,,,,0.0,0.0,30.0,-5.200000000371574e-06,-4.849999999123611e-05,0.61,74.0,36.5,2
8153,SO-0901,Head Constable Asha Joshi,Head Constable,47,2026-07-15 12:03:11+00:00,91.0,88.0,,21.0862621,72.9876424,28.0,-0.134,0.635,0.632,,0.0,0.0,0.0,,,,,0.0,0.0,30.0,-1.2300000001630453e-05,5.539999999371048e-05,0.71,88.0,36.5,2
8160,SO-0901,Head Constable Asha Joshi,Head Constable,47,2026-07-15 12:03:41+00:00,89.0,85.0,,21.0862559,72.987626,31.698641595138824,-0.962,0.213,0.061,,0.0,0.0,0.0,,,,,0.0,0.0,30.0,-6.199999997846817e-06,-1.6399999992700032e-05,0.22,85.0,36.5,0
8167,SO-0901,Head Constable Asha Joshi,Head Constable,47,2026-07-15 12:04:15+00:00,93.0,83.0,,21.0862204,72.9876037,31.43070195615482,-0.952,-0.098,-0.361,,0.0,0.0,0.0,,,,,0.0,0.0,34.0,-3.550000000274167e-05,-2.2300000011910015e-05,0.48,83.0,36.5,2
8177,SO-0901,Head Constable Asha Joshi,Head Constable,47,2026-07-15 12:04:40+00:00,95.0,85.0,,21.0862204,72.9876037,28.0,-0.947,-0.149,-0.385,,0.0,0.0,0.0,,,,,0.0,0.0,25.0,0.0,0.0,0.0,85.0,36.5,2
8183,SO-0901,Head Constable Asha Joshi,Head Constable,47,2026-07-15 12:05:11+00:00,96.0,64.0,,21.0862742,72.9875064,31.7388643174542,-0.888,0.458,-0.229,,0.0,0.0,0.0,,,,,0.0,0.0,31.0,5.379999999988172e-05,-9.729999999308347e-05,1.36,64.0,36.5,2
8193,SO-0901,Head Constable Asha Joshi,Head Constable,47,2026-07-15 12:05:41+00:00,89.0,53.0,,21.0862545,72.9876454,31.147064864758903,-0.74,-0.349,0.577,,0.0,0.0,0.0,,,,,0.0,0.0,30.0,-1.969999999928973e-05,0.0001390000000043,1.75,53.0,36.5,0
8200,SO-0901,Head Constable Asha Joshi,Head Constable,47,2026-07-15 12:06:11+00:00,84.0,87.0,,21.0862669,72.9876607,31.447906788453977,-0.81,-0.004,0.941,,0.0,0.0,0.0,,,,,0.0,0.0,30.0,1.2399999999246347e-05,1.5300000001161607e-05,0.25,87.0,36.5,0
8208,SO-0901,Head Constable Asha Joshi,Head Constable,47,2026-07-15 12:06:42+00:00,95.0,87.0,,21.086267,72.9876604,31.12196246817412,-0.788,-0.233,-0.614,,0.0,0.0,0.0,,,,,0.0,0.0,31.0,1.0000000116860974e-07,-3.000000106112566e-07,0.0,87.0,36.5,2
8216,SO-0901,Head Constable Asha Joshi,Head Constable,47,2026-07-15 12:07:12+00:00,90.0,81.0,,21.0862725,72.9876531,31.237953079939317,-0.116,-1.002,0.092,,0.0,0.0,0.0,,,,,0.0,0.0,30.0,5.50000000032469e-06,-7.2999999929379555e-06,0.12,81.0,36.5,0
8224,SO-0901,Head Constable Asha Joshi,Head Constable,47,2026-07-15 12:07:41+00:00,81.0,85.0,,21.0862738,72.9876489,31.410852278851877,-1.156,-0.251,-0.695,,0.0,0.0,0.0,,,,,0.0,0.0,29.0,1.300000000981072e-06,-4.200000006449045e-06,0.06,85.0,36.5,0
8232,SO-0901,Head Constable Asha Joshi,Head Constable,47,2026-07-15 12:08:11+00:00,98.0,87.0,,21.0862698,72.9876462,31.39256972187097,-0.944,-0.133,-0.031,,0.0,0.0,0.0,,,,,0.0,0.0,30.0,-4.000000000559112e-06,-2.6999999960253263e-06,0.06,87.0,36.5,2
8238,SO-0901,Head Constable Asha Joshi,Head Constable,47,2026-07-15 12:08:41+00:00,82.0,84.0,,21.0862593,72.9876707,31.485027623048992,-0.914,-0.054,0.409,,0.0,0.0,0.0,,,,,0.0,0.0,30.0,-1.0500000001911758e-05,2.4499999994986865e-05,0.33,84.0,36.5,0
8244,SO-0901,Head Constable Asha Joshi,Head Constable,47,2026-07-15 12:09:11+00:00,84.0,78.0,,21.0862552,72.9876533,31.06356475769283,-0.824,-0.1,0.552,,0.0,0.0,0.0,,,,,0.0,0.0,30.0,-4.099999998175008e-06,-1.7399999990175274e-05,0.22,78.0,36.5,0
8249,SO-0901,Head Constable Asha Joshi,Head Constable,47,2026-07-15 12:09:41+00:00,82.0,83.0,,21.0862596,72.9876477,31.670991157673456,-0.942,-0.214,-0.036,,0.0,0.0,0.0,,,,,0.0,0.0,30.0,4.400000001680837e-06,-5.600000008598727e-06,0.09,83.0,36.5,0
8254,SO-0901,Head Constable Asha Joshi,Head Constable,47,2026-07-15 12:10:11+00:00,87.0,87.0,,21.0862731,72.9876515,31.256314406597586,-1.005,-0.302,-0.34,,0.0,0.0,0.0,,,,,0.0,0.0,30.0,1.34999999978902e-05,3.800000001774606e-06,0.19,87.0,36.5,0
8260,SO-0901,Head Constable Asha Joshi,Head Constable,47,2026-07-15 12:10:41+00:00,87.0,87.0,,21.0862802,72.9876348,32.44936532080196,-0.944,-0.13,-0.417,,0.0,0.0,0.0,,,,,0.0,0.0,30.0,7.100000001258877e-06,-1.670000000331129e-05,0.23,87.0,36.5,0
8268,SO-0901,Head Constable Asha Joshi,Head Constable,47,2026-07-15 12:11:11+00:00,88.0,86.0,,21.0862715,72.9876675,32.383009146750226,-0.9,-0.166,0.443,,0.0,0.0,0.0,,,,,0.0,0.0,30.0,-8.700000002193065e-06,3.2700000005547736e-05,0.42,86.0,36.5,0
8276,SO-0901,Head Constable Asha Joshi,Head Constable,47,2026-07-15 12:11:40+00:00,97.0,86.0,,21.0862796,72.9876345,28.0,-0.941,-0.114,-0.429,,0.0,0.0,0.0,,,,,0.0,0.0,29.0,8.100000002286833e-06,-3.300000000194814e-05,0.44,86.0,36.5,2
8282,SO-0901,Head Constable Asha Joshi,Head Constable,47,2026-07-15 12:12:10+00:00,88.0,78.0,,21.0862515,72.9876697,28.0,-0.838,-0.05,0.527,,0.0,0.0,0.0,,,,,0.0,0.0,30.0,-2.810000000152968e-05,3.519999999923584e-05,0.58,78.0,36.5,0
8291,SO-0901,Head Constable Asha Joshi,Head Constable,47,2026-07-15 12:12:41+00:00,93.0,88.0,,21.0862674,72.9876601,33.59145653858863,-0.994,-0.061,-0.26,,0.0,0.0,0.0,,,,,0.0,0.0,31.0,1.5900000001067838e-05,-9.599999998499698e-06,0.24,88.0,36.5,2
8298,SO-0901,Head Constable Asha Joshi,Head Constable,47,2026-07-15 12:13:11+00:00,89.0,85.0,,21.0862565,72.9876531,32.38051225227869,-0.956,-0.084,0.405,,0.0,0.0,0.0,,,,,0.0,0.0,30.0,-1.089999999948077e-05,-6.999999996537554e-06,0.17,85.0,36.5,0
8305,SO-0901,Head Constable Asha Joshi,Head Constable,47,2026-07-15 12:13:41+00:00,89.0,87.0,,21.0862686,72.9876576,32.42230682695502,-0.895,-1.129,-0.488,,0.0,0.0,0.0,,,,,0.0,0.0,30.0,1.2099999999293232e-05,4.500000002849447e-06,0.17,87.0,36.5,0
8312,SO-0901,Head Constable Asha Joshi,Head Constable,47,2026-07-15 12:14:11+00:00,86.0,83.0,,21.0862669,72.98766,32.178333865105685,-0.141,0.279,0.923,,0.0,0.0,0.0,,,,,0.0,0.0,30.0,-1.7000000021027972e-06,2.3999999996249244e-06,0.04,83.0,36.5,0
8317,SO-0901,Head Constable Asha Joshi,Head Constable,47,2026-07-15 12:14:41+00:00,81.0,88.0,,21.0862558,72.9876521,32.119350046563085,-1.013,-0.076,-0.127,,0.0,0.0,0.0,,,,,0.0,0.0,30.0,-1.1099999998265275e-05,-7.899999999949614e-06,0.18,88.0,36.5,0
8324,SO-0901,Head Constable Asha Joshi,Head Constable,47,2026-07-15 12:15:11+00:00,84.0,87.0,,21.0862706,72.9876587,31.639231973982717,-0.978,-0.108,-0.319,,0.0,0.0,0.0,,,,,0.0,0.0,30.0,1.4799999998871272e-05,6.599999991863115e-06,0.21,87.0,36.5,0
8331,SO-0901,Head Constable Asha Joshi,Head Constable,47,2026-07-15 12:15:41+00:00,88.0,87.0,,21.0861107,72.9878638,28.0,0.019,-0.981,-0.3,,0.0,0.0,0.0,,,,,0.0,0.0,30.0,-0.0001598999999998,0.0002051000000022,3.32,87.0,36.5,0
8338,SO-0901,Head Constable Asha Joshi,Head Constable,47,2026-07-15 12:16:11+00:00,90.0,87.0,,21.0862711,72.9876608,32.01275141715429,-0.586,-0.831,0.019,,0.0,0.0,0.0,,,,,0.0,0.0,30.0,0.0001604000000021,-0.000202999999999,3.31,87.0,36.5,0
8346,SO-0901,Head Constable Asha Joshi,Head Constable,47,2026-07-15 12:16:41+00:00,81.0,82.0,,21.0862677,72.9876165,28.0,-0.911,-0.066,0.363,,0.0,0.0,0.0,,,,,0.0,0.0,30.0,-3.4000000006528808e-06,-4.429999999899792e-05,0.55,82.0,36.5,0
8353,SO-0901,Head Constable Asha Joshi,Head Constable,47,2026-07-15 12:17:11+00:00,90.0,87.0,,21.0862707,72.9876449,28.0,-0.768,-0.142,0.568,,0.0,0.0,0.0,,,,,0.0,0.0,30.0,2.9999999995311555e-06,2.840000000503551e-05,0.36,87.0,36.5,0
8359,SO-0901,Head Constable Asha Joshi,Head Constable,47,2026-07-15 12:17:40+00:00,81.0,88.0,,21.0860634,72.9880205,28.0,-0.955,-0.087,0.353,,0.0,0.0,0.0,,,,,0.0,0.0,29.0,-0.0002072999999995,0.0003755999999981,5.61,88.0,36.5,1
8365,SO-0901,Head Constable Asha Joshi,Head Constable,47,2026-07-15 12:18:11+00:00,93.0,66.0,,21.0862884,72.9876347,28.0,-1.026,-0.11,-0.06,,0.0,0.0,0.0,,,,,0.0,0.0,31.0,0.0002250000000003,-0.0003858000000036,5.47,66.0,36.5,1
8371,SO-0901,Head Constable Asha Joshi,Head Constable,47,2026-07-15 12:18:40+00:00,100.0,76.0,,21.0862586,72.9876474,28.0,-1.0,-0.146,0.053,,0.0,0.0,0.0,,,,,0.0,0.0,29.0,-2.9800000000079763e-05,1.2699999999199464e-05,0.44,76.0,36.5,2
8377,SO-0901,Head Constable Asha Joshi,Head Constable,47,2026-07-15 12:19:11+00:00,88.0,88.0,,21.0862638,72.9876627,28.0,-0.124,-0.669,0.773,,0.0,0.0,0.0,,,,,0.0,0.0,31.0,5.200000000371574e-06,1.5300000001161607e-05,0.2,88.0,36.5,0
8383,SO-0901,Head Constable Asha Joshi,Head Constable,47,2026-07-15 12:19:41+00:00,88.0,65.0,,21.0862747,72.9876443,28.0,-0.792,0.029,0.602,,0.0,0.0,0.0,,,,,0.0,0.0,30.0,1.089999999948077e-05,-1.8400000001861372e-05,0.27,65.0,36.5,0
8391,SO-0901,Head Constable Asha Joshi,Head Constable,47,2026-07-15 12:20:11+00:00,87.0,88.0,,21.0862657,72.9876599,28.0,-0.964,-0.149,0.256,,0.0,0.0,0.0,,,,,0.0,0.0,30.0,-9.00000000214618e-06,1.559999999756201e-05,0.23,88.0,36.5,0
8399,SO-0901,Head Constable Asha Joshi,Head Constable,47,2026-07-15 12:20:41+00:00,94.0,71.0,,21.0862616,72.9876667,28.0,-0.845,-0.045,0.547,,0.0,0.0,0.0,,,,,0.0,0.0,30.0,-4.099999998175008e-06,6.800000008411189e-06,0.1,71.0,36.5,2
8407,SO-0901,Head Constable Asha Joshi,Head Constable,47,2026-07-15 12:21:11+00:00,83.0,67.0,,21.0862461,72.9876369,28.0,-0.465,0.119,-1.063,,0.0,0.0,0.0,,,,,0.0,0.0,30.0,-1.5499999999946112e-05,-2.980000000718519e-05,0.42,67.0,36.5,0
8412,SO-0901,Head Constable Asha Joshi,Head Constable,47,2026-07-15 12:21:41+00:00,100.0,76.0,,21.0862669,72.9876607,28.0,-0.153,0.865,0.526,,0.0,0.0,0.0,,,,,0.0,0.0,30.0,2.0799999997933583e-05,2.380000000812288e-05,0.41,76.0,36.5,2
8419,SO-0901,Head Constable Asha Joshi,Head Constable,47,2026-07-15 12:22:11+00:00,90.0,69.0,,21.0862735,72.987643,28.0,-0.413,0.894,-0.46,,0.0,0.0,0.0,,,,,0.0,0.0,30.0,6.600000002521256e-06,-1.770000000078653e-05,0.24,69.0,36.5,0
8425,SO-0901,Head Constable Asha Joshi,Head Constable,47,2026-07-15 12:22:41+00:00,91.0,80.0,,21.0862402,72.9876378,28.0,-0.37,0.861,-0.112,,0.0,0.0,0.0,,,,,0.0,0.0,30.0,-3.330000000190125e-05,-5.200000003924288e-06,0.45,80.0,36.5,2
8430,SO-0901,Head Constable Asha Joshi,Head Constable,47,2026-07-15 12:23:11+00:00,92.0,80.0,,21.0862648,72.9876677,28.0,-0.096,0.909,0.333,,0.0,0.0,0.0,,,,,0.0,0.0,30.0,2.459999999970819e-05,2.9900000001248372e-05,0.5,80.0,36.5,2
8437,SO-0901,Head Constable Asha Joshi,Head Constable,47,2026-07-15 12:23:41+00:00,84.0,65.0,,21.0862545,72.9876544,28.0,-0.059,0.917,0.318,,0.0,0.0,0.0,,,,,0.0,0.0,30.0,-1.0299999999574538e-05,-1.330000000621112e-05,0.21,65.0,36.5,0
8443,SO-0901,Head Constable Asha Joshi,Head Constable,47,2026-07-15 12:24:11+00:00,90.0,86.0,,21.0862539,72.987676,28.0,-0.043,0.927,0.29,,0.0,0.0,0.0,,,,,0.0,0.0,30.0,-5.999999999062311e-07,2.159999999662432e-05,0.27,86.0,36.5,0
8448,SO-0901,Head Constable Asha Joshi,Head Constable,47,2026-07-15 12:24:41+00:00,96.0,59.0,,21.0862539,72.987676,28.0,-0.173,0.915,-0.137,,0.0,0.0,0.0,,,,,0.0,0.0,30.0,0.0,0.0,0.0,59.0,36.5,2
8454,SO-0901,Head Constable Asha Joshi,Head Constable,47,2026-07-15 12:25:11+00:00,89.0,80.0,,21.0862552,72.9876533,28.0,-0.813,0.048,0.561,,0.0,0.0,0.0,,,,,0.0,0.0,30.0,1.300000000981072e-06,-2.2699999988162745e-05,0.28,80.0,36.5,0
8459,SO-0901,Head Constable Asha Joshi,Head Constable,47,2026-07-15 12:25:41+00:00,92.0,62.0,,21.086258,72.9876512,28.0,-0.368,-0.904,0.047,,0.0,0.0,0.0,,,,,0.0,0.0,30.0,2.8000000007466497e-06,-2.1000000032245225e-06,0.05,62.0,36.5,2
8464,SO-0901,Head Constable Asha Joshi,Head Constable,47,2026-07-15 12:26:11+00:00,94.0,87.0,,21.0862573,72.9876518,28.0,-0.44,-0.919,-0.013,,0.0,0.0,0.0,,,,,0.0,0.0,30.0,-7.000000010748408e-07,5.999999928008037e-07,0.01,87.0,36.5,2
8472,SO-0901,Head Constable Asha Joshi,Head Constable,47,2026-07-15 12:26:41+00:00,91.0,86.0,,21.0862573,72.9876518,28.0,-0.549,-0.866,-0.096,,0.0,0.0,0.0,,,,,0.0,0.0,30.0,0.0,0.0,0.0,86.0,36.5,2
8477,SO-0901,Head Constable Asha Joshi,Head Constable,47,2026-07-15 12:27:11+00:00,97.0,86.0,,21.0862803,72.987635,28.0,-0.747,-0.248,-0.691,,0.0,0.0,0.0,,,,,0.0,0.0,30.0,2.2999999998774e-05,-1.679999999737447e-05,0.37,86.0,36.5,2
8484,SO-0901,Head Constable Asha Joshi,Head Constable,47,2026-07-15 12:27:41+00:00,99.0,86.0,,21.0862803,72.9876351,28.0,-0.828,-0.184,-0.521,,0.0,0.0,0.0,,,,,0.0,0.0,30.0,0.0,1.000000082740371e-07,0.0,86.0,36.5,2
8490,SO-0901,Head Constable Asha Joshi,Head Constable,47,2026-07-15 12:28:11+00:00,99.0,85.0,,21.0862803,72.987635,28.0,-0.976,-0.201,0.149,,0.0,0.0,0.0,,,,,0.0,0.0,30.0,0.0,-1.000000082740371e-07,0.0,85.0,36.5,2
8496,SO-0901,Head Constable Asha Joshi,Head Constable,47,2026-07-15 12:28:41+00:00,89.0,88.0,,21.0862565,72.9876531,28.0,-0.405,-0.111,1.085,,0.0,0.0,0.0,,,,,0.0,0.0,30.0,-2.3799999997464735e-05,1.810000000546097e-05,0.39,88.0,36.5,0
8502,SO-0901,Head Constable Asha Joshi,Head Constable,47,2026-07-15 12:29:12+00:00,90.0,88.0,,21.0862565,72.9876531,28.0,-0.748,0.051,0.633,,0.0,0.0,0.0,,,,,0.0,0.0,31.0,0.0,0.0,0.0,88.0,36.5,0
8507,SO-0901,Head Constable Asha Joshi,Head Constable,47,2026-07-15 12:29:41+00:00,98.0,80.0,,21.0862308,72.9876821,28.0,-0.927,0.618,0.387,,0.0,0.0,0.0,,,,,0.0,0.0,29.0,-2.5700000001904755e-05,2.8999999997836312e-05,0.51,80.0,36.5,2
8513,SO-0901,Head Constable Asha Joshi,Head Constable,47,2026-07-15 12:30:11+00:00,97.0,60.0,,21.0862795,72.9876355,24.359630837904135,-0.248,0.629,0.136,,0.0,0.0,0.0,,,,,0.0,0.0,30.0,4.870000000067875e-05,-4.660000000455966e-05,0.87,60.0,36.5,2
8519,SO-0901,Head Constable Asha Joshi,Head Constable,47,2026-07-15 12:30:41+00:00,82.0,70.0,,21.0862786,72.9876297,28.0,0.099,0.799,0.498,,0.0,0.0,0.0,,,,,0.0,0.0,30.0,-8.999999998593466e-07,-5.7999999967250915e-06,0.07,70.0,36.5,0
8524,SO-0901,Head Constable Asha Joshi,Head Constable,47,2026-07-15 12:31:11+00:00,97.0,87.0,,21.0862793,72.9876343,24.030108643068928,-0.914,0.356,-0.304,,0.0,0.0,0.0,,,,,0.0,0.0,30.0,7.000000010748408e-07,4.599999996912629e-06,0.06,87.0,36.5,2
8531,SO-0901,Head Constable Asha Joshi,Head Constable,47,2026-07-15 12:31:41+00:00,99.0,75.0,,21.0862785,72.9876317,24.375296270199996,-0.231,0.888,0.338,,0.0,0.0,0.0,,,,,0.0,0.0,30.0,-8.000000022434506e-07,-2.600000001962144e-06,0.03,75.0,36.5,2
8536,SO-0901,Head Constable Asha Joshi,Head Constable,47,2026-07-15 12:32:10+00:00,98.0,76.0,,21.0862802,72.9876348,28.0,-0.678,0.161,-0.763,,0.0,0.0,0.0,,,,,0.0,0.0,29.0,1.7000000021027972e-06,3.1000000006997652e-06,0.05,76.0,36.5,2
8542,SO-0901,Head Constable Asha Joshi,Head Constable,47,2026-07-15 12:32:41+00:00,87.0,82.0,,21.0862785,72.9876293,24.76117054017156,-0.175,0.86,0.406,,0.0,0.0,0.0,,,,,0.0,0.0,31.0,-1.7000000021027972e-06,-5.50000000032469e-06,0.07,82.0,36.5,0
8548,SO-0901,Head Constable Asha Joshi,Head Constable,47,2026-07-15 12:33:11+00:00,82.0,86.0,,21.0862785,72.9876293,24.788325464815813,-0.061,0.918,0.309,,0.0,0.0,0.0,,,,,0.0,0.0,30.0,0.0,0.0,0.0,86.0,36.5,0
8554,SO-0901,Head Constable Asha Joshi,Head Constable,47,2026-07-15 12:33:41+00:00,87.0,79.0,,21.0862791,72.9876339,24.84315778555981,-0.105,0.672,0.228,,0.0,0.0,0.0,,,,,0.0,0.0,30.0,5.999999999062311e-07,4.600000011123484e-06,0.06,79.0,36.5,0
8559,SO-0901,Head Constable Asha Joshi,Head Constable,47,2026-07-15 12:34:11+00:00,96.0,81.0,,21.0862785,72.9876317,25.38421020724506,-0.466,0.549,0.681,,0.0,0.0,0.0,,,,,0.0,0.0,30.0,-5.999999999062311e-07,-2.2000000114985596e-06,0.03,81.0,36.5,2
8564,SO-0901,Head Constable Asha Joshi,Head Constable,47,2026-07-15 12:34:41+00:00,87.0,88.0,,21.0862785,72.9876317,24.91524894524582,-0.358,0.778,0.469,,0.0,0.0,0.0,,,,,0.0,0.0,30.0,0.0,0.0,0.0,88.0,36.5,0
8569,SO-0901,Head Constable Asha Joshi,Head Constable,47,2026-07-15 12:35:11+00:00,85.0,87.0,,21.0862785,72.9876317,24.77529664131417,-0.032,0.955,0.201,,0.0,0.0,0.0,,,,,0.0,0.0,30.0,0.0,0.0,0.0,87.0,36.5,0
8574,SO-0901,Head Constable Asha Joshi,Head Constable,47,2026-07-15 12:35:41+00:00,83.0,62.0,,21.0862785,72.9876317,25.49335964838893,-0.367,0.894,0.176,,0.0,0.0,0.0,,,,,0.0,0.0,30.0,0.0,0.0,0.0,62.0,36.5,0
8579,SO-0901,Head Constable Asha Joshi,Head Constable,47,2026-07-15 12:36:11+00:00,93.0,88.0,,21.0862795,72.9876355,25.8333507569386,-0.157,-0.818,0.548,,0.0,0.0,0.0,,,,,0.0,0.0,30.0,1.0000000010279564e-06,3.800000001774606e-06,0.05,88.0,36.5,2
8585,SO-0901,Head Constable Asha Joshi,Head Constable,47,2026-07-15 12:36:41+00:00,93.0,77.0,,21.0862796,72.9876302,26.092942948056432,-0.535,-0.716,-0.519,,0.0,0.0,0.0,,,,,0.0,0.0,30.0,1.0000000116860974e-07,-5.29999999798747e-06,0.07,77.0,36.5,2
8590,SO-0901,Head Constable Asha Joshi,Head Constable,47,2026-07-15 12:37:10+00:00,84.0,88.0,,21.086279,72.9876182,28.0,-0.502,0.595,0.605,,0.0,0.0,0.0,,,,,0.0,0.0,29.0,-5.999999999062311e-07,-1.1999999998124622e-05,0.15,88.0,36.5,0
8594,SO-0901,Head Constable Asha Joshi,Head Constable,47,2026-07-15 12:37:40+00:00,93.0,87.0,,21.0862771,72.9876037,28.0,-0.866,-0.403,-0.21,,0.0,0.0,0.0,,,,,0.0,0.0,30.0,-1.900000000887303e-06,-1.4500000006023583e-05,0.18,87.0,36.5,2
8600,SO-0901,Head Constable Asha Joshi,Head Constable,47,2026-07-15 12:38:11+00:00,96.0,76.0,,21.0862747,72.9876429,25.421838861468117,-1.007,0.094,-0.59,,0.0,0.0,0.0,,,,,0.0,0.0,31.0,-2.3999999996249244e-06,3.920000000334767e-05,0.47,76.0,36.5,2
8605,SO-0901,Head Constable Asha Joshi,Head Constable,47,2026-07-15 12:38:41+00:00,92.0,85.0,,21.0862801,72.9876353,28.0,-1.381,0.425,0.086,,0.0,0.0,0.0,,,,,0.0,0.0,30.0,5.39999999915608e-06,-7.600000003549212e-06,0.12,85.0,36.5,2
9187,SO-0901,Head Constable Asha Joshi,Head Constable,47,2026-07-15 13:54:11+00:00,92.0,88.0,,21.0862785,72.9876317,28.0,-0.006,0.009,0.97,,0.0,0.0,0.0,,,,,0.0,0.0,4530.0,-1.6000000009341877e-06,-3.5999999994373866e-06,0.0,88.0,36.5,2
9192,SO-0901,Head Constable Asha Joshi,Head Constable,47,2026-07-15 13:54:41+00:00,94.0,88.0,,21.0862728,72.9875939,28.0,-0.004,0.015,0.975,,0.0,0.0,0.0,,,,,0.0,0.0,30.0,-5.699999999109195e-06,-3.7800000001197986e-05,0.48,88.0,36.5,2
9197,SO-0901,Head Constable Asha Joshi,Head Constable,47,2026-07-15 13:55:11+00:00,91.0,88.0,,21.0862794,72.9876321,31.284150938533756,-0.006,0.01,0.978,,0.0,0.0,0.0,,,,,0.0,0.0,30.0,6.599999998968542e-06,3.8200000005872425e-05,0.48,88.0,36.5,2
17461,SO-0901,Head Constable Asha Joshi,Head Constable,47,2026-07-16 15:56:17+00:00,81.0,68.0,,21.0859458,72.9883917,28.100000381469727,-0.501,0.856,-0.263,,0.0,0.0,0.0,,,,,0.0,0.0,93666.0,-0.0003335999999976,0.0007595999999949,0.0,68.0,36.5,0
17468,SO-0901,Head Constable Asha Joshi,Head Constable,47,2026-07-16 15:56:47+00:00,88.0,78.0,,21.0862794,72.9879027,28.0,-0.495,0.792,0.482,,0.0,0.0,0.0,,,,,0.0,0.0,30.0,0.0003335999999976,-0.0004889999999875,7.53,78.0,36.5,1
17475,SO-0901,Head Constable Asha Joshi,Head Constable,47,2026-07-16 15:57:17+00:00,88.0,57.0,,21.0862775,72.9876342,28.0,0.035,0.658,0.217,,0.0,0.0,0.0,,,,,0.0,0.0,30.0,-1.8999999973345896e-06,-0.0002685000000042,3.34,57.0,36.5,0
17482,SO-0901,Head Constable Asha Joshi,Head Constable,47,2026-07-16 15:57:47+00:00,96.0,82.0,,21.086277,72.9876191,28.0,-0.316,0.323,0.851,,0.0,0.0,0.0,,,,,0.0,0.0,30.0,-5.00000002290335e-07,-1.5099999998824389e-05,0.19,82.0,36.5,2
17489,SO-0901,Head Constable Asha Joshi,Head Constable,47,2026-07-16 15:58:17+00:00,87.0,80.0,,21.0862757,72.9876199,28.0,0.615,-0.708,0.86,,0.0,0.0,0.0,,,,,0.0,0.0,30.0,-1.2999999974283585e-06,7.999999951380232e-07,0.02,80.0,36.5,0
17496,SO-0901,Head Constable Asha Joshi,Head Constable,47,2026-07-16 15:58:47+00:00,100.0,71.0,,21.086276,72.9876158,28.0,-0.558,0.284,0.746,,0.0,0.0,0.0,,,,,0.0,0.0,30.0,2.999999999531156e-07,-4.099999998175008e-06,0.05,71.0,36.5,2
17503,SO-0901,Head Constable Asha Joshi,Head Constable,47,2026-07-16 15:59:17+00:00,88.0,87.0,,21.0862719,72.98758,28.0,-0.917,0.381,-0.262,,0.0,0.0,0.0,,,,,0.0,0.0,30.0,-4.100000001727722e-06,-3.58000000062475e-05,0.45,87.0,36.5,0
17510,SO-0901,Head Constable Asha Joshi,Head Constable,47,2026-07-16 15:59:47+00:00,86.0,73.0,,21.0862791,72.9876339,28.0,-0.55,0.25,0.757,,0.0,0.0,0.0,,,,,0.0,0.0,30.0,7.199999998874773e-06,5.390000001170847e-05,0.68,73.0,36.5,0
17517,SO-0901,Head Constable Asha Joshi,Head Constable,47,2026-07-16 16:00:17+00:00,83.0,87.0,,21.0862763,72.9876113,28.0,-0.645,-0.797,-0.256,,0.0,0.0,0.0,,,,,0.0,0.0,30.0,-2.799999997193936e-06,-2.2600000008310417e-05,0.28,87.0,36.5,0
17525,SO-0901,Head Constable Asha Joshi,Head Constable,47,2026-07-16 16:00:47+00:00,82.0,76.0,,21.0862791,72.9876339,28.0,-0.601,0.279,0.724,,0.0,0.0,0.0,,,,,0.0,0.0,30.0,2.799999997193936e-06,2.2600000008310417e-05,0.28,76.0,36.5,0
17531,SO-0901,Head Constable Asha Joshi,Head Constable,47,2026-07-16 16:01:17+00:00,92.0,87.0,,21.0862788,72.9876282,28.0,-0.686,0.645,0.291,,0.0,0.0,0.0,,,,,0.0,0.0,30.0,-2.999999999531156e-07,-5.700000002661909e-06,0.07,87.0,36.5,2
17538,SO-0901,Head Constable Asha Joshi,Head Constable,47,2026-07-16 16:01:47+00:00,86.0,79.0,,21.086275,72.9876063,28.0,-0.882,0.487,-0.026,,0.0,0.0,0.0,,,,,0.0,0.0,30.0,-3.799999998221893e-06,-2.1900000007235576e-05,0.28,79.0,36.5,0
17545,SO-0901,Head Constable Asha Joshi,Head Constable,47,2026-07-16 16:02:17+00:00,86.0,87.0,,21.0862751,72.9876006,28.0,-0.93,0.291,0.198,,0.0,0.0,0.0,,,,,0.0,0.0,30.0,1.0000000116860974e-07,-5.700000002661909e-06,0.07,87.0,36.5,0
17552,SO-0901,Head Constable Asha Joshi,Head Constable,47,2026-07-16 16:02:47+00:00,91.0,86.0,,21.0862768,72.9876114,28.0,-0.802,0.444,0.362,,0.0,0.0,0.0,,,,,0.0,0.0,30.0,1.6999999985500835e-06,1.0800000012523014e-05,0.14,86.0,36.5,2
17559,SO-0901,Head Constable Asha Joshi,Head Constable,47,2026-07-16 16:03:17+00:00,83.0,80.0,,21.0862745,72.9876004,28.0,-0.828,0.444,0.328,,0.0,0.0,0.0,,,,,0.0,0.0,30.0,-2.3000000020090283e-06,-1.100000000064938e-05,0.14,80.0,36.5,0
17566,SO-0901,Head Constable Asha Joshi,Head Constable,47,2026-07-16 16:03:47+00:00,82.0,81.0,,21.0862801,72.9876322,28.0,-0.926,-0.136,-0.446,,0.0,0.0,0.0,,,,,0.0,0.0,30.0,5.600000001493299e-06,3.179999998792482e-05,0.4,81.0,36.5,0
17573,SO-0901,Head Constable Asha Joshi,Head Constable,47,2026-07-16 16:04:17+00:00,89.0,86.0,,21.0862886,72.9877522,31.131932392754365,-0.591,-0.683,0.458,,0.0,0.0,0.0,,,,,0.0,0.0,30.0,8.499999999855845e-06,0.0001200000000096,1.5,86.0,36.5,0
17580,SO-0901,Head Constable Asha Joshi,Head Constable,47,2026-07-16 16:04:47+00:00,92.0,85.0,,21.0862596,72.9876477,31.623688701206547,0.404,0.377,0.753,,0.0,0.0,0.0,,,,,0.0,0.0,30.0,-2.8999999997836312e-05,-0.0001045000000061,1.35,85.0,36.5,2
17587,SO-0901,Head Constable Asha Joshi,Head Constable,47,2026-07-16 16:05:18+00:00,87.0,88.0,,21.0862795,72.9876355,31.37414501780708,-0.991,-0.14,-0.273,,0.0,0.0,0.0,,,,,0.0,0.0,31.0,1.9899999998074236e-05,-1.220000000046184e-05,0.3,88.0,36.5,0
17594,SO-0901,Head Constable Asha Joshi,Head Constable,47,2026-07-16 16:05:47+00:00,84.0,88.0,,21.0862627,72.9876457,31.93340497815639,-1.008,-0.122,-0.164,,0.0,0.0,0.0,,,,,0.0,0.0,29.0,-1.6800000000927184e-05,1.0200000005511356e-05,0.27,88.0,36.5,0
17601,SO-0901,Head Constable Asha Joshi,Head Constable,47,2026-07-16 16:06:17+00:00,85.0,83.0,,21.0861204,72.9878505,31.67416882628109,-0.969,-0.045,0.281,,0.0,0.0,0.0,,,,,0.0,0.0,30.0,-0.0001423000000002,0.0002047999999916,3.17,83.0,36.5,0
17608,SO-0901,Head Constable Asha Joshi,Head Constable,47,2026-07-16 16:06:47+00:00,88.0,86.0,,21.0862795,72.9876357,31.189722078524127,-0.949,-0.199,-0.39,,0.0,0.0,0.0,,,,,0.0,0.0,30.0,0.0001591000000011,-0.0002147999999948,3.41,86.0,36.5,0
17616,SO-0901,Head Constable Asha Joshi,Head Constable,47,2026-07-16 16:07:17+00:00,89.0,69.0,,21.0862795,72.9876355,31.57738192744958,-0.534,-0.172,0.769,,0.0,0.0,0.0,,,,,0.0,0.0,30.0,0.0,-2.0000000233721948e-07,0.0,69.0,36.5,0
17622,SO-0901,Head Constable Asha Joshi,Head Constable,47,2026-07-16 16:07:47+00:00,81.0,87.0,,21.0862795,72.9876355,31.600924586370695,-0.937,-0.155,0.254,,0.0,0.0,0.0,,,,,0.0,0.0,30.0,0.0,0.0,0.0,87.0,36.5,0
17629,SO-0901,Head Constable Asha Joshi,Head Constable,47,2026-07-16 16:08:17+00:00,100.0,62.0,,21.0862796,72.9876345,32.11767558436455,-1.067,0.16,0.089,,0.0,0.0,0.0,,,,,0.0,0.0,30.0,1.0000000116860974e-07,-9.999999974752427e-07,0.01,62.0,36.5,2
17636,SO-0901,Head Constable Asha Joshi,Head Constable,47,2026-07-16 16:08:47+00:00,85.0,84.0,,21.0862765,72.9875108,31.781309860210182,0.011,1.028,0.352,,0.0,0.0,0.0,,,,,0.0,0.0,30.0,-3.1000000006997652e-06,-0.0001237000000031,1.54,84.0,36.5,0
17643,SO-0901,Head Constable Asha Joshi,Head Constable,47,2026-07-16 16:09:16+00:00,86.0,61.0,,21.0862707,72.9876558,28.0,-0.885,-0.253,-0.44,,0.0,0.0,0.0,,,,,0.0,0.0,29.0,-5.800000000277805e-06,0.0001450000000033,1.87,61.0,36.5,0
17650,SO-0901,Head Constable Asha Joshi,Head Constable,47,2026-07-16 16:09:47+00:00,82.0,86.0,,21.0862799,72.9876354,31.106961449724764,-0.762,-0.164,0.63,,0.0,0.0,0.0,,,,,0.0,0.0,31.0,9.200000000930686e-06,-2.0399999996811857e-05,0.27,86.0,36.5,0
17658,SO-0901,Head Constable Asha Joshi,Head Constable,47,2026-07-16 16:10:17+00:00,93.0,87.0,,21.0862565,72.9876519,31.305761499206596,-1.058,-0.137,0.027,,0.0,0.0,0.0,,,,,0.0,0.0,30.0,-2.3399999999895726e-05,1.650000000097407e-05,0.37,87.0,36.5,2
17664,SO-0901,Head Constable Asha Joshi,Head Constable,47,2026-07-16 16:10:47+00:00,88.0,87.0,,21.0862565,72.9876519,31.356508563890472,-0.826,-0.081,0.524,,0.0,0.0,0.0,,,,,0.0,0.0,30.0,0.0,0.0,0.0,87.0,36.5,0
17671,SO-0901,Head Constable Asha Joshi,Head Constable,47,2026-07-16 16:11:17+00:00,83.0,85.0,,21.0862558,72.9876521,31.373281320043247,-1.003,-0.222,-0.101,,0.0,0.0,0.0,,,,,0.0,0.0,30.0,-7.000000010748408e-07,2.0000000233721948e-07,0.01,85.0,36.5,0
17678,SO-0901,Head Constable Asha Joshi,Head Constable,47,2026-07-16 16:11:47+00:00,88.0,76.0,,21.0862796,72.9876355,28.0,-0.874,-0.057,0.477,,0.0,0.0,0.0,,,,,0.0,0.0,30.0,2.3800000001017452e-05,-1.6600000009248106e-05,0.38,76.0,36.5,0
17686,SO-0901,Head Constable Asha Joshi,Head Constable,47,2026-07-16 16:12:17+00:00,88.0,87.0,,21.0862582,72.9876504,28.0,-0.878,-0.06,0.475,,0.0,0.0,0.0,,,,,0.0,0.0,30.0,-2.1400000001392527e-05,1.4900000010698022e-05,0.34,87.0,36.5,0
17694,SO-0901,Head Constable Asha Joshi,Head Constable,47,2026-07-16 16:12:47+00:00,92.0,87.0,,21.0862596,72.9876477,28.0,-0.894,-0.22,-0.497,,0.0,0.0,0.0,,,,,0.0,0.0,30.0,1.4000000021496817e-06,-2.700000010236181e-06,0.04,87.0,36.5,2
17703,SO-0901,Head Constable Asha Joshi,Head Constable,47,2026-07-16 16:13:17+00:00,91.0,72.0,,21.086264,72.9876399,28.0,-1.018,-0.168,-0.017,,0.0,0.0,0.0,,,,,0.0,0.0,30.0,4.3999999981281235e-06,-7.799999991675577e-06,0.11,72.0,36.5,2
17709,SO-0901,Head Constable Asha Joshi,Head Constable,47,2026-07-16 16:13:47+00:00,84.0,84.0,,21.0862675,72.9876376,28.0,-1.014,-0.14,-0.065,,0.0,0.0,0.0,,,,,0.0,0.0,30.0,3.5000000018214905e-06,-2.300000005561742e-06,0.05,84.0,36.5,0
17715,SO-0901,Head Constable Asha Joshi,Head Constable,47,2026-07-16 16:14:17+00:00,90.0,87.0,,21.0862766,72.9876392,28.0,-1.009,-0.135,-0.027,,0.0,0.0,0.0,,,,,0.0,0.0,30.0,9.099999999762076e-06,1.6000000044869012e-06,0.12,87.0,36.5,0
17721,SO-0901,Head Constable Asha Joshi,Head Constable,47,2026-07-16 16:14:47+00:00,85.0,69.0,,21.0862708,72.9876529,28.0,-1.011,-0.133,-0.014,,0.0,0.0,0.0,,,,,0.0,0.0,30.0,-5.800000000277805e-06,1.3699999996674704e-05,0.19,69.0,36.5,0
17728,SO-0901,Head Constable Asha Joshi,Head Constable,47,2026-07-16 16:15:18+00:00,85.0,83.0,,21.0862623,72.9876434,28.0,-0.987,-0.132,0.049,,0.0,0.0,0.0,,,,,0.0,0.0,31.0,-8.499999999855845e-06,-9.500000004436515e-06,0.16,83.0,36.5,0
17733,SO-0901,Head Constable Asha Joshi,Head Constable,47,2026-07-16 16:15:48+00:00,90.0,79.0,,21.0862578,72.9876404,28.0,-1.018,-0.124,0.009,,0.0,0.0,0.0,,,,,0.0,0.0,30.0,-4.500000002849447e-06,-2.999999992425728e-06,0.07,79.0,36.5,0
17739,SO-0901,Head Constable Asha Joshi,Head Constable,47,2026-07-16 16:16:17+00:00,85.0,88.0,,21.0862796,72.9876355,28.0,-1.014,-0.124,0.026,,0.0,0.0,0.0,,,,,0.0,0.0,29.0,2.1800000002514253e-05,-4.900000007523886e-06,0.31,88.0,36.5,0
17746,SO-0901,Head Constable Asha Joshi,Head Constable,47,2026-07-16 16:16:47+00:00,86.0,87.0,,21.0862623,72.9876429,28.0,-1.013,-0.139,0.013,,0.0,0.0,0.0,,,,,0.0,0.0,30.0,-1.7299999999664806e-05,7.400000001211993e-06,0.25,87.0,36.5,0
17751,SO-0901,Head Constable Asha Joshi,Head Constable,47,2026-07-16 16:17:17+00:00,81.0,73.0,,21.0862795,72.9876355,28.0,-1.011,-0.125,-0.01,,0.0,0.0,0.0,,,,,0.0,0.0,30.0,1.7199999998496196e-05,-7.400000001211993e-06,0.25,73.0,36.5,0
17757,SO-0901,Head Constable Asha Joshi,Head Constable,47,2026-07-16 16:17:47+00:00,89.0,61.0,,21.0862795,72.9876355,28.0,-1.004,-0.125,-0.004,,0.0,0.0,0.0,,,,,0.0,0.0,30.0,0.0,0.0,0.0,61.0,36.5,0
17763,SO-0901,Head Constable Asha Joshi,Head Constable,47,2026-07-16 16:18:17+00:00,90.0,79.0,,21.0862795,72.9876355,28.0,-1.011,-0.125,0.002,,0.0,0.0,0.0,,,,,0.0,0.0,30.0,0.0,0.0,0.0,79.0,36.5,0
17770,SO-0901,Head Constable Asha Joshi,Head Constable,47,2026-07-16 16:18:51+00:00,86.0,86.0,,21.0837677,72.9869585,27.5,-1.016,-0.124,0.039,,0.0,0.0,0.0,,,,,0.0,0.0,34.0,-0.0025118000000006,-0.000676999999996,30.44,86.0,36.5,1
17775,SO-0901,Head Constable Asha Joshi,Head Constable,47,2026-07-16 16:19:17+00:00,97.0,73.0,,21.0862795,72.9876355,28.0,-0.441,0.121,0.86,,0.0,0.0,0.0,,,,,0.0,0.0,26.0,0.0025118000000006,0.000676999999996,39.81,73.0,36.5,1
17781,SO-0901,Head Constable Asha Joshi,Head Constable,47,2026-07-16 16:19:47+00:00,85.0,80.0,,21.0862696,72.9876556,28.0,-0.124,0.34,1.722,,0.0,0.0,0.0,,,,,0.0,0.0,30.0,-9.899999998452811e-06,2.0100000000411455e-05,0.28,80.0,36.5,0
17788,SO-0901,Head Constable Asha Joshi,Head Constable,47,2026-07-16 16:20:17+00:00,88.0,88.0,,21.0862803,72.9876351,28.0,-0.985,-0.086,0.188,,0.0,0.0,0.0,,,,,0.0,0.0,30.0,1.069999999714355e-05,-2.049999999087504e-05,0.29,88.0,36.5,0
17793,SO-0901,Head Constable Asha Joshi,Head Constable,47,2026-07-16 16:20:47+00:00,84.0,88.0,,21.0862803,72.9876351,28.0,-0.811,-0.022,0.595,,0.0,0.0,0.0,,,,,0.0,0.0,30.0,0.0,0.0,0.0,88.0,36.5,0
17799,SO-0901,Head Constable Asha Joshi,Head Constable,47,2026-07-16 16:21:17+00:00,81.0,87.0,,21.0862797,72.9876355,28.0,-0.928,0.144,0.556,,0.0,0.0,0.0,,,,,0.0,0.0,30.0,-5.999999999062311e-07,3.9999999046358425e-07,0.01,87.0,36.5,0
17805,SO-0901,Head Constable Asha Joshi,Head Constable,47,2026-07-16 16:21:47+00:00,96.0,85.0,,21.0862799,72.9876354,28.0,-0.573,-0.665,-0.595,,0.0,0.0,0.0,,,,,0.0,0.0,30.0,2.0000000233721948e-07,-9.999999406318238e-08,0.0,85.0,36.5,2
17811,SO-0901,Head Constable Asha Joshi,Head Constable,47,2026-07-16 16:22:17+00:00,82.0,75.0,,21.0862585,72.9876422,28.0,-0.853,-0.023,0.503,,0.0,0.0,0.0,,,,,0.0,0.0,30.0,-2.1400000001392527e-05,6.799999994200334e-06,0.3,75.0,36.5,0
17818,SO-0901,Head Constable Asha Joshi,Head Constable,47,2026-07-16 16:22:47+00:00,95.0,75.0,,21.0862795,72.9876356,28.0,-1.013,0.026,0.073,,0.0,0.0,0.0,,,,,0.0,0.0,30.0,2.10000000002708e-05,-6.599999991863115e-06,0.29,75.0,36.5,2
17823,SO-0901,Head Constable Asha Joshi,Head Constable,47,2026-07-16 16:23:17+00:00,90.0,87.0,,21.0862799,72.9876347,28.0,-1.167,-0.059,0.116,,0.0,0.0,0.0,,,,,0.0,0.0,30.0,4.000000011217253e-07,-9.000000034120603e-07,0.01,87.0,36.5,0
17829,SO-0901,Head Constable Asha Joshi,Head Constable,47,2026-07-16 16:23:47+00:00,84.0,79.0,,21.0862795,72.9876359,28.0,-0.677,-0.223,-0.785,,0.0,0.0,0.0,,,,,0.0,0.0,30.0,-4.000000011217253e-07,1.1999999998124622e-06,0.02,79.0,36.5,0
17836,SO-0901,Head Constable Asha Joshi,Head Constable,47,2026-07-16 16:24:17+00:00,83.0,85.0,,21.0862614,72.9876447,28.0,-0.29,-0.823,0.286,,0.0,0.0,0.0,,,,,0.0,0.0,30.0,-1.8099999998355543e-05,8.800000003361674e-06,0.26,85.0,36.5,0
17841,SO-0901,Head Constable Asha Joshi,Head Constable,47,2026-07-16 16:24:47+00:00,82.0,85.0,,21.0862795,72.9876357,28.0,-0.607,-0.757,-0.542,,0.0,0.0,0.0,,,,,0.0,0.0,30.0,1.8099999998355543e-05,-9.000000005698894e-06,0.27,85.0,36.5,0
17847,SO-0901,Head Constable Asha Joshi,Head Constable,47,2026-07-16 16:25:17+00:00,90.0,76.0,,21.0862605,72.9876459,28.0,-0.819,0.031,0.578,,0.0,0.0,0.0,,,,,0.0,0.0,30.0,-1.899999999821489e-05,1.0200000005511356e-05,0.28,76.0,36.5,0
17853,SO-0901,Head Constable Asha Joshi,Head Constable,47,2026-07-16 16:25:46+00:00,82.0,84.0,,21.0862752,72.9876512,28.0,-0.981,-0.151,-0.37,,0.0,0.0,0.0,,,,,0.0,0.0,29.0,1.4699999997702662e-05,5.29999999798747e-06,0.21,84.0,36.5,0
17859,SO-0901,Head Constable Asha Joshi,Head Constable,47,2026-07-16 16:26:17+00:00,84.0,81.0,,21.0862795,72.9876356,28.0,-0.865,-0.038,0.483,,0.0,0.0,0.0,,,,,0.0,0.0,31.0,4.300000000512227e-06,-1.559999999756201e-05,0.2,81.0,36.5,0
17865,SO-0901,Head Constable Asha Joshi,Head Constable,47,2026-07-16 16:26:46+00:00,88.0,75.0,,21.0862774,72.9876379,28.0,-0.646,-0.133,0.765,,0.0,0.0,0.0,,,,,0.0,0.0,29.0,-2.099999999671809e-06,2.2999999913508873e-06,0.04,75.0,36.5,0
17871,SO-0901,Head Constable Asha Joshi,Head Constable,47,2026-07-16 16:27:17+00:00,86.0,80.0,,21.0862701,72.9876555,28.0,-0.882,-0.162,-0.549,,0.0,0.0,0.0,,,,,0.0,0.0,31.0,-7.300000000043383e-06,1.760000000672335e-05,0.23,80.0,36.5,0
17877,SO-0901,Head Constable Asha Joshi,Head Constable,47,2026-07-16 16:27:47+00:00,93.0,78.0,,21.0862722,72.9876467,28.0,-0.918,-0.345,-0.324,,0.0,0.0,0.0,,,,,0.0,0.0,30.0,2.099999999671809e-06,-8.800000003361674e-06,0.11,78.0,36.5,2
17883,SO-0901,Head Constable Asha Joshi,Head Constable,47,2026-07-16 16:28:17+00:00,82.0,88.0,,21.0862536,72.9876264,28.0,-0.544,-0.858,0.113,,0.0,0.0,0.0,,,,,0.0,0.0,30.0,-1.860000000064588e-05,-2.0300000002748675e-05,0.35,88.0,36.5,0
17889,SO-0901,Head Constable Asha Joshi,Head Constable,47,2026-07-16 16:28:47+00:00,88.0,88.0,,21.0862666,72.9876393,28.0,-1.014,-0.006,0.079,,0.0,0.0,0.0,,,,,0.0,0.0,30.0,1.2999999999152578e-05,1.2900000001536682e-05,0.24,88.0,36.5,0
17895,SO-0901,Head Constable Asha Joshi,Head Constable,47,2026-07-16 16:29:17+00:00,86.0,87.0,,21.0862472,72.9876216,28.0,-0.605,-0.063,0.779,,0.0,0.0,0.0,,,,,0.0,0.0,30.0,-1.9399999999336615e-05,-1.770000000078653e-05,0.34,87.0,36.5,0
17901,SO-0901,Head Constable Asha Joshi,Head Constable,47,2026-07-16 16:29:47+00:00,81.0,88.0,,21.0862715,72.9876498,28.0,-1.077,-0.045,0.199,,0.0,0.0,0.0,,,,,0.0,0.0,30.0,2.4299999999755073e-05,2.820000000269829e-05,0.48,88.0,36.5,0
17907,SO-0901,Head Constable Asha Joshi,Head Constable,47,2026-07-16 16:30:17+00:00,92.0,88.0,,21.0862714,72.9876533,28.0,-1.062,-0.074,0.064,,0.0,0.0,0.0,,,,,0.0,0.0,30.0,-9.999999761589606e-08,3.500000005374204e-06,0.04,88.0,36.5,2
17913,SO-0901,Head Constable Asha Joshi,Head Constable,47,2026-07-16 16:30:47+00:00,88.0,87.0,,21.0862729,72.9876551,28.0,-0.966,-0.063,-0.381,,0.0,0.0,0.0,,,,,0.0,0.0,30.0,1.4999999997655775e-06,1.799999992613266e-06,0.03,87.0,36.5,0
17919,SO-0901,Head Constable Asha Joshi,Head Constable,47,2026-07-16 16:31:17+00:00,82.0,88.0,,21.0862476,72.987622,28.0,-0.892,-0.047,0.347,,0.0,0.0,0.0,,,,,0.0,0.0,30.0,-2.530000000078303e-05,-3.309999999601132e-05,0.53,88.0,36.5,0
17925,SO-0901,Head Constable Asha Joshi,Head Constable,47,2026-07-16 16:31:47+00:00,88.0,79.0,,21.0862587,72.9876458,28.0,-0.858,-0.044,0.5,,0.0,0.0,0.0,,,,,0.0,0.0,30.0,1.1099999998265275e-05,2.3799999993912024e-05,0.33,79.0,36.5,0
17931,SO-0901,Head Constable Asha Joshi,Head Constable,47,2026-07-16 16:32:17+00:00,88.0,78.0,,21.0862797,72.9876355,28.0,-0.833,-0.042,0.539,,0.0,0.0,0.0,,,,,0.0,0.0,30.0,2.10000000002708e-05,-1.0299999999574538e-05,0.31,78.0,36.5,0
17937,SO-0901,Head Constable Asha Joshi,Head Constable,47,2026-07-16 16:32:47+00:00,82.0,82.0,,21.0862623,72.9876429,28.0,-0.842,0.068,0.513,,0.0,0.0,0.0,,,,,0.0,0.0,30.0,-1.7399999997280702e-05,7.400000001211993e-06,0.25,82.0,36.5,0
17943,SO-0901,Head Constable Asha Joshi,Head Constable,47,2026-07-16 16:33:17+00:00,84.0,83.0,,21.0862725,72.9876504,28.0,-0.925,-0.123,0.383,,0.0,0.0,0.0,,,,,0.0,0.0,30.0,1.0199999998405929e-05,7.50000000948603e-06,0.16,83.0,36.5,0
17949,SO-0901,Head Constable Asha Joshi,Head Constable,47,2026-07-16 16:33:47+00:00,83.0,82.0,,21.0862538,72.9876375,28.0,-0.958,-0.263,-0.342,,0.0,0.0,0.0,,,,,0.0,0.0,30.0,-1.8699999998261777e-05,-1.2900000001536682e-05,0.3,82.0,36.5,0
17955,SO-0901,Head Constable Asha Joshi,Head Constable,47,2026-07-16 16:34:17+00:00,83.0,88.0,,21.0862795,72.9876355,28.0,-1.024,-0.018,-0.155,,0.0,0.0,0.0,,,,,0.0,0.0,30.0,2.569999999835204e-05,-2.00000000916134e-06,0.34,88.0,36.5,0
17961,SO-0901,Head Constable Asha Joshi,Head Constable,47,2026-07-16 16:34:47+00:00,92.0,77.0,,21.0862727,72.9876517,28.0,-0.811,-0.106,0.581,,0.0,0.0,0.0,,,,,0.0,0.0,30.0,-6.8000000013057615e-06,1.6200000004573667e-05,0.22,77.0,36.5,2
17966,SO-0901,Head Constable Asha Joshi,Head Constable,47,2026-07-16 16:35:17+00:00,98.0,75.0,,21.0862795,72.9876356,28.0,-0.925,-0.133,-0.435,,0.0,0.0,0.0,,,,,0.0,0.0,30.0,6.8000000013057615e-06,-1.609999999629963e-05,0.22,75.0,36.5,2
17971,SO-0901,Head Constable Asha Joshi,Head Constable,47,2026-07-16 16:35:47+00:00,94.0,86.0,,21.0861926,72.987805,28.0,-0.677,-0.195,-0.777,,0.0,0.0,0.0,,,,,0.0,0.0,30.0,-8.689999999944575e-05,0.0001693999999901,2.4,86.0,36.5,2
17976,SO-0901,Head Constable Asha Joshi,Head Constable,47,2026-07-16 16:36:17+00:00,90.0,83.0,,21.0862689,72.9876556,28.0,-1.058,0.063,-0.169,,0.0,0.0,0.0,,,,,0.0,0.0,30.0,7.62999999999181e-05,-0.0001493999999979,2.12,83.0,36.5,0
17981,SO-0901,Head Constable Asha Joshi,Head Constable,47,2026-07-16 16:36:47+00:00,85.0,75.0,,21.0862538,72.9876199,28.0,-1.019,-0.05,-0.138,,0.0,0.0,0.0,,,,,0.0,0.0,30.0,-1.5099999998824389e-05,-3.5699999997973464e-05,0.49,75.0,36.5,0
17986,SO-0901,Head Constable Asha Joshi,Head Constable,47,2026-07-16 16:37:17+00:00,83.0,86.0,,21.08626,72.9876492,28.0,-0.113,0.742,0.602,,0.0,0.0,0.0,,,,,0.0,0.0,30.0,6.199999997846817e-06,2.930000000844757e-05,0.37,86.0,36.5,0
17991,SO-0901,Head Constable Asha Joshi,Head Constable,47,2026-07-16 16:37:47+00:00,95.0,87.0,,21.0862731,72.9876408,28.0,0.006,0.157,1.017,,0.0,0.0,0.0,,,,,0.0,0.0,30.0,1.3100000000321188e-05,-8.40000001289809e-06,0.2,87.0,36.5,2
17996,SO-0901,Head Constable Asha Joshi,Head Constable,47,2026-07-16 16:38:17+00:00,87.0,84.0,,21.0862731,72.9876515,28.0,-0.745,0.342,0.546,,0.0,0.0,0.0,,,,,0.0,0.0,30.0,0.0,1.0700000004248976e-05,0.13,84.0,36.5,0
18001,SO-0901,Head Constable Asha Joshi,Head Constable,47,2026-07-16 16:38:47+00:00,86.0,64.0,,21.0862795,72.9876356,28.0,-0.903,-0.093,-0.514,,0.0,0.0,0.0,,,,,0.0,0.0,30.0,6.400000000184036e-06,-1.589999999396241e-05,0.22,64.0,36.5,0
18006,SO-0901,Head Constable Asha Joshi,Head Constable,47,2026-07-16 16:39:17+00:00,81.0,70.0,,21.0862795,72.9876356,28.0,-0.874,-0.13,-0.56,,0.0,0.0,0.0,,,,,0.0,0.0,30.0,0.0,0.0,0.0,70.0,36.5,0
18011,SO-0901,Head Constable Asha Joshi,Head Constable,47,2026-07-16 16:39:47+00:00,83.0,82.0,,21.0862724,72.9876507,28.0,-0.866,-0.151,-0.591,,0.0,0.0,0.0,,,,,0.0,0.0,30.0,-7.100000001258877e-06,1.5099999998824389e-05,0.21,82.0,36.5,0
18016,SO-0901,Head Constable Asha Joshi,Head Constable,47,2026-07-16 16:40:17+00:00,83.0,78.0,,21.0862795,72.9876355,28.0,-0.869,-0.138,-0.569,,0.0,0.0,0.0,,,,,0.0,0.0,30.0,7.100000001258877e-06,-1.5200000007098424e-05,0.21,78.0,36.5,0
18021,SO-0901,Head Constable Asha Joshi,Head Constable,47,2026-07-16 16:40:47+00:00,85.0,87.0,,21.0862803,72.9876351,28.0,-0.902,-0.094,-0.509,,0.0,0.0,0.0,,,,,0.0,0.0,30.0,7.999999986907369e-07,-3.9999999046358425e-07,0.01,87.0,36.5,0
18026,SO-0901,Head Constable Asha Joshi,Head Constable,47,2026-07-16 16:41:17+00:00,82.0,87.0,,21.0862803,72.987635,28.0,-0.929,-0.061,-0.468,,0.0,0.0,0.0,,,,,0.0,0.0,30.0,0.0,-1.000000082740371e-07,0.0,87.0,36.5,0
18031,SO-0901,Head Constable Asha Joshi,Head Constable,47,2026-07-16 16:41:48+00:00,95.0,86.0,,21.0862795,72.9876355,28.0,-0.76,-0.077,0.632,,0.0,0.0,0.0,,,,,0.0,0.0,31.0,-7.999999986907369e-07,4.999999987376214e-07,0.01,86.0,36.5,2
18036,SO-0901,Head Constable Asha Joshi,Head Constable,47,2026-07-16 16:42:17+00:00,84.0,84.0,,21.0862741,72.9876492,28.0,-0.815,-0.155,-0.647,,0.0,0.0,0.0,,,,,0.0,0.0,29.0,-5.39999999915608e-06,1.370000001088556e-05,0.19,84.0,36.5,0
18041,SO-0901,Head Constable Asha Joshi,Head Constable,47,2026-07-16 16:42:47+00:00,82.0,83.0,,21.0862795,72.9876356,28.0,-0.786,-0.173,-0.674,,0.0,0.0,0.0,,,,,0.0,0.0,30.0,5.39999999915608e-06,-1.3600000002611525e-05,0.18,83.0,36.5,0
18046,SO-0901,Head Constable Asha Joshi,Head Constable,47,2026-07-16 16:43:17+00:00,87.0,87.0,,21.0862594,72.9876094,28.0,-0.761,-0.173,-0.704,,0.0,0.0,0.0,,,,,0.0,0.0,30.0,-2.0100000000411455e-05,-2.6200000007747803e-05,0.42,87.0,36.5,0
18051,SO-0901,Head Constable Asha Joshi,Head Constable,47,2026-07-16 16:43:47+00:00,93.0,88.0,,21.0862715,72.9876516,28.0,-0.907,-0.169,-0.477,,0.0,0.0,0.0,,,,,0.0,0.0,30.0,1.2099999999293232e-05,4.220000000998425e-05,0.55,88.0,36.5,2
18056,SO-0901,Head Constable Asha Joshi,Head Constable,47,2026-07-16 16:44:18+00:00,81.0,85.0,,21.0862614,72.9876447,28.0,-0.943,-0.096,-0.438,,0.0,0.0,0.0,,,,,0.0,0.0,31.0,-1.009999999723732e-05,-6.900000002474371e-06,0.15,85.0,36.5,0
18061,SO-0901,Head Constable Asha Joshi,Head Constable,47,2026-07-16 16:44:47+00:00,86.0,74.0,,21.0862752,72.987637,28.0,-0.883,-0.197,0.418,,0.0,0.0,0.0,,,,,0.0,0.0,29.0,1.3799999997843315e-05,-7.699999997612395e-06,0.21,74.0,36.5,0
18066,SO-0901,Head Constable Asha Joshi,Head Constable,47,2026-07-16 16:45:17+00:00,89.0,59.0,,21.0862649,72.987642,28.0,-0.955,-0.206,0.251,,0.0,0.0,0.0,,,,,0.0,0.0,30.0,-1.0299999999574538e-05,4.9999999873762135e-06,0.15,59.0,36.5,0
18071,SO-0901,Head Constable Asha Joshi,Head Constable,47,2026-07-16 16:45:47+00:00,84.0,83.0,,21.0862797,72.9876355,28.0,-0.958,-0.194,0.266,,0.0,0.0,0.0,,,,,0.0,0.0,30.0,1.4799999998871272e-05,-6.499999997799932e-06,0.21,83.0,36.5,0
18076,SO-0901,Head Constable Asha Joshi,Head Constable,47,2026-07-16 16:46:17+00:00,87.0,66.0,,21.0862803,72.9876351,28.0,-0.895,-0.108,-0.533,,0.0,0.0,0.0,,,,,0.0,0.0,30.0,5.999999999062311e-07,-3.9999999046358425e-07,0.01,66.0,36.5,0
18081,SO-0901,Head Constable Asha Joshi,Head Constable,47,2026-07-16 16:46:47+00:00,84.0,66.0,,21.0862731,72.9876455,28.0,-0.866,-0.117,-0.574,,0.0,0.0,0.0,,,,,0.0,0.0,30.0,-7.199999998874773e-06,1.039999999363772e-05,0.16,66.0,36.5,0
18086,SO-0901,Head Constable Asha Joshi,Head Constable,47,2026-07-16 16:47:16+00:00,88.0,87.0,,21.0862737,72.9876442,28.0,-0.958,-0.077,-0.405,,0.0,0.0,0.0,,,,,0.0,0.0,29.0,5.999999999062311e-07,-1.2999999938756446e-06,0.02,87.0,36.5,0
18091,SO-0901,Head Constable Asha Joshi,Head Constable,47,2026-07-16 16:47:46+00:00,81.0,88.0,,21.0862795,72.9876356,28.0,-0.949,-0.181,-0.402,,0.0,0.0,0.0,,,,,0.0,0.0,30.0,5.800000000277805e-06,-8.600000001024455e-06,0.13,88.0,36.5,0
18096,SO-0901,Head Constable Asha Joshi,Head Constable,47,2026-07-16 16:48:17+00:00,89.0,85.0,,21.0862644,72.9876628,28.0,-0.452,0.053,0.926,,0.0,0.0,0.0,,,,,0.0,0.0,31.0,-1.5099999998824389e-05,2.719999999101219e-05,0.38,85.0,36.5,0
18101,SO-0901,Head Constable Asha Joshi,Head Constable,47,2026-07-16 16:48:47+00:00,90.0,69.0,,21.0862695,72.9876525,28.0,-0.967,0.138,-0.32,,0.0,0.0,0.0,,,,,0.0,0.0,30.0,5.099999999202964e-06,-1.0299999999574538e-05,0.14,69.0,36.5,0
18106,SO-0901,Head Constable Asha Joshi,Head Constable,47,2026-07-16 16:49:17+00:00,87.0,71.0,,21.0862596,72.9876477,28.0,-0.144,-0.965,0.2,,0.0,0.0,0.0,,,,,0.0,0.0,30.0,-9.899999998452811e-06,-4.799999999249849e-06,0.14,71.0,36.5,0
18111,SO-0901,Head Constable Asha Joshi,Head Constable,47,2026-07-16 16:49:47+00:00,89.0,85.0,,21.0862779,72.9876604,28.0,-0.665,-0.759,0.131,,0.0,0.0,0.0,,,,,0.0,0.0,30.0,1.829999999714005e-05,1.2699999999199464e-05,0.29,85.0,36.5,0
18116,SO-0901,Head Constable Asha Joshi,Head Constable,47,2026-07-16 16:50:17+00:00,87.0,88.0,,21.0862602,72.9876486,28.0,-0.841,-0.243,-0.573,,0.0,0.0,0.0,,,,,0.0,0.0,30.0,-1.7699999997233817e-05,-1.1799999995787402e-05,0.28,88.0,36.5,0
18121,SO-0901,Head Constable Asha Joshi,Head Constable,47,2026-07-16 16:50:47+00:00,87.0,87.0,,21.0862614,72.9876452,28.0,-0.934,-0.239,-0.374,,0.0,0.0,0.0,,,,,0.0,0.0,30.0,1.1999999998124622e-06,-3.399999997100167e-06,0.05,87.0,36.5,0
18126,SO-0901,Head Constable Asha Joshi,Head Constable,47,2026-07-16 16:51:17+00:00,89.0,87.0,,21.0862634,72.9876448,28.0,-0.536,-0.093,0.848,,0.0,0.0,0.0,,,,,0.0,0.0,30.0,1.999999998503199e-06,-4.0000000467443897e-07,0.03,87.0,36.5,0
18131,SO-0901,Head Constable Asha Joshi,Head Constable,47,2026-07-16 16:51:48+00:00,83.0,61.0,,21.0862572,72.98765,28.0,-0.88,-0.119,-0.559,,0.0,0.0,0.0,,,,,0.0,0.0,31.0,-6.2000000013995304e-06,5.200000003924288e-06,0.1,61.0,36.5,0
18137,SO-0901,Head Constable Asha Joshi,Head Constable,47,2026-07-16 16:52:18+00:00,89.0,75.0,,21.0862569,72.9876547,28.0,-1.017,-0.059,-0.112,,0.0,0.0,0.0,,,,,0.0,0.0,30.0,-2.999999999531156e-07,4.699999990975812e-06,0.06,75.0,36.5,0
18143,SO-0901,Head Constable Asha Joshi,Head Constable,47,2026-07-16 16:52:47+00:00,95.0,87.0,,21.0862799,72.9876354,28.0,-0.893,-0.148,-0.523,,0.0,0.0,0.0,,,,,0.0,0.0,29.0,2.3000000002326715e-05,-1.9299999991062577e-05,0.4,87.0,36.5,2
18149,SO-0901,Head Constable Asha Joshi,Head Constable,47,2026-07-16 16:53:17+00:00,82.0,78.0,,21.0862801,72.9876353,28.0,-0.891,-0.166,-0.542,,0.0,0.0,0.0,,,,,0.0,0.0,30.0,1.999999987845058e-07,-1.000000082740371e-07,0.0,78.0,36.5,0
18155,SO-0901,Head Constable Asha Joshi,Head Constable,47,2026-07-16 16:53:47+00:00,82.0,58.0,,21.0862803,72.987635,28.0,-0.981,-0.039,-0.291,,0.0,0.0,0.0,,,,,0.0,0.0,30.0,1.999999987845058e-07,-2.999999964004019e-07,0.0,58.0,36.5,0
18161,SO-0901,Head Constable Asha Joshi,Head Constable,47,2026-07-16 16:54:16+00:00,85.0,87.0,,21.0862789,72.9876334,28.0,-0.922,-0.195,-0.446,,0.0,0.0,0.0,,,,,0.0,0.0,29.0,-1.399999998596968e-06,-1.5999999902760464e-06,0.03,87.0,36.5,0
18167,SO-0901,Head Constable Asha Joshi,Head Constable,47,2026-07-16 16:54:47+00:00,90.0,68.0,,21.0862795,72.9876356,28.0,-0.872,-0.117,-0.568,,0.0,0.0,0.0,,,,,0.0,0.0,31.0,5.999999999062311e-07,2.199999997287705e-06,0.03,68.0,36.5,0
18173,SO-0901,Head Constable Asha Joshi,Head Constable,47,2026-07-16 16:55:17+00:00,81.0,60.0,,21.0862795,72.9876355,28.0,-0.866,-0.125,-0.569,,0.0,0.0,0.0,,,,,0.0,0.0,30.0,0.0,-1.000000082740371e-07,0.0,60.0,36.5,0
18179,SO-0901,Head Constable Asha Joshi,Head Constable,47,2026-07-16 16:55:47+00:00,82.0,85.0,,21.0862795,72.9876356,28.0,-0.844,-0.138,-0.6,,0.0,0.0,0.0,,,,,0.0,0.0,30.0,0.0,1.000000082740371e-07,0.0,85.0,36.5,0
18185,SO-0901,Head Constable Asha Joshi,Head Constable,47,2026-07-16 16:56:17+00:00,94.0,63.0,,21.0862795,72.9876356,28.0,-0.84,-0.139,-0.606,,0.0,0.0,0.0,,,,,0.0,0.0,30.0,0.0,0.0,0.0,63.0,36.5,2
18191,SO-0901,Head Constable Asha Joshi,Head Constable,47,2026-07-16 16:56:47+00:00,87.0,86.0,,21.0862729,72.9876506,28.0,-0.979,-0.082,-0.271,,0.0,0.0,0.0,,,,,0.0,0.0,30.0,-6.599999998968542e-06,1.499999999055035e-05,0.21,86.0,36.5,0
18197,SO-0901,Head Constable Asha Joshi,Head Constable,47,2026-07-16 16:57:17+00:00,83.0,83.0,,21.0862741,72.9876478,28.0,-0.985,-0.049,-0.294,,0.0,0.0,0.0,,,,,0.0,0.0,30.0,1.1999999998124622e-06,-2.7999999900885086e-06,0.04,83.0,36.5,0
18203,SO-0901,Head Constable Asha Joshi,Head Constable,47,2026-07-16 16:57:47+00:00,82.0,67.0,,21.0862795,72.9876358,28.0,-0.985,-0.05,-0.311,,0.0,0.0,0.0,,,,,0.0,0.0,30.0,5.39999999915608e-06,-1.1999999998124622e-05,0.17,67.0,36.5,0
18209,SO-0901,Head Constable Asha Joshi,Head Constable,47,2026-07-16 16:58:17+00:00,85.0,75.0,,21.0862801,72.9876378,28.0,-1.002,-0.116,-0.248,,0.0,0.0,0.0,,,,,0.0,0.0,30.0,5.999999999062311e-07,1.9999999949504854e-06,0.03,75.0,36.5,0
18215,SO-0901,Head Constable Asha Joshi,Head Constable,47,2026-07-16 16:58:47+00:00,83.0,88.0,,21.0862793,72.9876343,28.0,-0.778,-0.214,-0.683,,0.0,0.0,0.0,,,,,0.0,0.0,30.0,-7.999999986907369e-07,-3.500000005374204e-06,0.04,88.0,36.5,0
18221,SO-0901,Head Constable Asha Joshi,Head Constable,47,2026-07-16 16:59:17+00:00,80.0,70.0,,21.0862802,72.9876348,28.0,-0.737,-0.217,-0.712,,0.0,0.0,0.0,,,,,0.0,0.0,30.0,8.999999998593466e-07,4.999999987376214e-07,0.01,70.0,36.5,0
18227,SO-0901,Head Constable Asha Joshi,Head Constable,47,2026-07-16 16:59:47+00:00,85.0,63.0,,21.0862517,72.9876198,28.0,-0.943,-0.143,-0.422,,0.0,0.0,0.0,,,,,0.0,0.0,30.0,-2.8500000002651404e-05,-1.499999999055035e-05,0.42,63.0,36.5,0
18233,SO-0901,Head Constable Asha Joshi,Head Constable,47,2026-07-16 17:00:17+00:00,89.0,84.0,,21.0862543,72.9876674,28.0,-0.454,-0.334,0.726,,0.0,0.0,0.0,,,,,0.0,0.0,30.0,2.600000001962144e-06,4.7600000002034903e-05,0.59,84.0,36.5,0
18239,SO-0901,Head Constable Asha Joshi,Head Constable,47,2026-07-16 17:00:47+00:00,96.0,88.0,,21.0862785,72.9876293,28.0,-0.664,0.752,0.13,,0.0,0.0,0.0,,,,,0.0,0.0,30.0,2.4199999998586463e-05,-3.810000001180924e-05,0.57,88.0,36.5,2
18245,SO-0901,Head Constable Asha Joshi,Head Constable,47,2026-07-16 17:01:17+00:00,86.0,73.0,,21.0862785,72.9876317,28.0,-0.371,0.878,0.244,,0.0,0.0,0.0,,,,,0.0,0.0,30.0,0.0,2.3999999996249244e-06,0.03,73.0,36.5,0
18251,SO-0901,Head Constable Asha Joshi,Head Constable,47,2026-07-16 17:01:46+00:00,85.0,86.0,,21.0862561,72.9876748,28.0,-0.483,-0.818,0.26,,0.0,0.0,0.0,,,,,0.0,0.0,29.0,-2.239999999886777e-05,4.3099999999185457e-05,0.63,86.0,36.5,0
18257,SO-0901,Head Constable Asha Joshi,Head Constable,47,2026-07-16 17:02:17+00:00,84.0,79.0,,21.0862803,72.987635,28.0,-0.958,-0.08,-0.376,,0.0,0.0,0.0,,,,,0.0,0.0,31.0,2.4199999998586463e-05,-3.979999999614847e-05,0.57,79.0,36.5,0
18263,SO-0901,Head Constable Asha Joshi,Head Constable,47,2026-07-16 17:02:47+00:00,85.0,83.0,,21.0862802,72.9876348,28.0,-1.006,-0.113,-0.238,,0.0,0.0,0.0,,,,,0.0,0.0,30.0,-9.999999761589606e-08,-2.0000000233721948e-07,0.0,83.0,36.5,0
18269,SO-0901,Head Constable Asha Joshi,Head Constable,47,2026-07-16 17:03:16+00:00,84.0,85.0,,21.0862674,72.9876601,28.0,-1.077,-0.11,-0.312,,0.0,0.0,0.0,,,,,0.0,0.0,29.0,-1.2800000000368073e-05,2.5300000004335743e-05,0.37,85.0,36.5,0
18275,SO-0901,Head Constable Asha Joshi,Head Constable,47,2026-07-16 17:03:47+00:00,83.0,68.0,,21.0862799,72.9876354,28.0,-0.976,-0.066,-0.33,,0.0,0.0,0.0,,,,,0.0,0.0,31.0,1.2500000000414955e-05,-2.4699999997324085e-05,0.34,68.0,36.5,0
18281,SO-0901,Head Constable Asha Joshi,Head Constable,47,2026-07-16 17:04:17+00:00,89.0,86.0,,21.0862799,72.9876354,28.0,-0.99,-0.119,-0.238,,0.0,0.0,0.0,,,,,0.0,0.0,30.0,0.0,0.0,0.0,86.0,36.5,0
18287,SO-0901,Head Constable Asha Joshi,Head Constable,47,2026-07-16 17:04:47+00:00,90.0,69.0,,21.0862796,72.9876355,28.0,-1.0,-0.037,-0.229,,0.0,0.0,0.0,,,,,0.0,0.0,30.0,-2.999999999531156e-07,9.999999406318238e-08,0.0,69.0,36.5,0
18292,SO-0901,Head Constable Asha Joshi,Head Constable,47,2026-07-16 17:05:17+00:00,90.0,87.0,,21.0862801,72.9876353,28.0,-0.984,-0.181,-0.231,,0.0,0.0,0.0,,,,,0.0,0.0,30.0,4.999999987376214e-07,-2.0000000233721948e-07,0.01,87.0,36.5,0
18297,SO-0901,Head Constable Asha Joshi,Head Constable,47,2026-07-16 17:05:47+00:00,90.0,64.0,,21.0862678,72.9876486,28.0,-0.922,-0.292,0.351,,0.0,0.0,0.0,,,,,0.0,0.0,30.0,-1.2299999998077736e-05,1.330000000621112e-05,0.23,64.0,36.5,0
18302,SO-0901,Head Constable Asha Joshi,Head Constable,47,2026-07-16 17:06:17+00:00,93.0,87.0,,21.0862803,72.9876351,28.0,-0.687,0.432,0.529,,0.0,0.0,0.0,,,,,0.0,0.0,30.0,1.2499999996862243e-05,-1.3499999994337486e-05,0.24,87.0,36.5,2
18307,SO-0901,Head Constable Asha Joshi,Head Constable,47,2026-07-16 17:06:47+00:00,84.0,84.0,,21.0862803,72.987635,28.0,-0.994,-0.015,-0.261,,0.0,0.0,0.0,,,,,0.0,0.0,30.0,0.0,-1.000000082740371e-07,0.0,84.0,36.5,0
18311,SO-0901,Head Constable Asha Joshi,Head Constable,47,2026-07-16 17:07:17+00:00,91.0,56.0,,21.0862796,72.9876355,28.0,-0.92,-0.095,-0.481,,0.0,0.0,0.0,,,,,0.0,0.0,30.0,-6.999999975221272e-07,4.999999987376214e-07,0.01,56.0,36.5,2
18315,SO-0901,Head Constable Asha Joshi,Head Constable,47,2026-07-16 17:07:47+00:00,85.0,68.0,,21.0862797,72.9876355,28.0,-0.921,-0.093,-0.492,,0.0,0.0,0.0,,,,,0.0,0.0,30.0,9.999999761589606e-08,0.0,0.0,68.0,36.5,0
18319,SO-0901,Head Constable Asha Joshi,Head Constable,47,2026-07-16 17:08:17+00:00,91.0,65.0,,21.0862796,72.9876355,28.0,-0.896,-0.095,-0.519,,0.0,0.0,0.0,,,,,0.0,0.0,30.0,-9.999999761589606e-08,0.0,0.0,65.0,36.5,2
18325,SO-0901,Head Constable Asha Joshi,Head Constable,47,2026-07-16 17:08:47+00:00,82.0,83.0,,21.0862801,72.9876353,28.0,-0.892,-0.099,-0.526,,0.0,0.0,0.0,,,,,0.0,0.0,30.0,4.999999987376214e-07,-2.0000000233721948e-07,0.01,83.0,36.5,0
18330,SO-0901,Head Constable Asha Joshi,Head Constable,47,2026-07-16 17:09:17+00:00,84.0,62.0,,21.0862796,72.9876355,28.0,-0.891,-0.103,-0.539,,0.0,0.0,0.0,,,,,0.0,0.0,30.0,-4.999999987376214e-07,2.0000000233721948e-07,0.01,62.0,36.5,0
18335,SO-0901,Head Constable Asha Joshi,Head Constable,47,2026-07-16 17:09:47+00:00,83.0,78.0,,21.0862799,72.9876354,28.0,-0.892,-0.105,-0.531,,0.0,0.0,0.0,,,,,0.0,0.0,30.0,2.999999999531156e-07,-9.999999406318238e-08,0.0,78.0,36.5,0
18340,SO-0901,Head Constable Asha Joshi,Head Constable,47,2026-07-16 17:10:17+00:00,96.0,87.0,,21.0862728,72.9876541,28.0,-1.024,0.069,-0.34,,0.0,0.0,0.0,,,,,0.0,0.0,30.0,-7.100000001258877e-06,1.8699999998261777e-05,0.25,87.0,36.5,2
18345,SO-0901,Head Constable Asha Joshi,Head Constable,47,2026-07-16 17:10:48+00:00,81.0,86.0,,21.0862797,72.9876355,28.0,-0.741,-0.285,-0.687,,0.0,0.0,0.0,,,,,0.0,0.0,31.0,6.899999998921658e-06,-1.860000000419859e-05,0.24,86.0,36.5,0
18350,SO-0901,Head Constable Asha Joshi,Head Constable,47,2026-07-16 17:11:17+00:00,85.0,70.0,,21.0862803,72.987635,28.0,-0.856,0.029,0.525,,0.0,0.0,0.0,,,,,0.0,0.0,29.0,5.999999999062311e-07,-4.999999987376214e-07,0.01,70.0,36.5,0
18355,SO-0901,Head Constable Asha Joshi,Head Constable,47,2026-07-16 17:11:48+00:00,97.0,87.0,,21.0862796,72.9876355,28.0,-0.601,-0.259,0.777,,0.0,0.0,0.0,,,,,0.0,0.0,31.0,-6.999999975221272e-07,4.999999987376214e-07,0.01,87.0,36.5,2
18360,SO-0901,Head Constable Asha Joshi,Head Constable,47,2026-07-16 17:12:17+00:00,92.0,88.0,,21.0862802,72.9876348,28.0,-0.511,-0.847,0.074,,0.0,0.0,0.0,,,,,0.0,0.0,29.0,5.999999999062311e-07,-7.000000010748408e-07,0.01,88.0,36.5,2
18364,SO-0901,Head Constable Asha Joshi,Head Constable,47,2026-07-16 17:12:47+00:00,84.0,88.0,,21.0862566,72.98763,28.0,-1.009,0.066,-0.186,,0.0,0.0,0.0,,,,,0.0,0.0,30.0,-2.3600000002232943e-05,-4.799999999249849e-06,0.32,88.0,36.5,0
18368,SO-0901,Head Constable Asha Joshi,Head Constable,47,2026-07-16 17:13:16+00:00,91.0,88.0,,21.0862795,72.9876355,28.0,-0.841,-0.126,-0.608,,0.0,0.0,0.0,,,,,0.0,0.0,29.0,2.2900000001158105e-05,5.50000000032469e-06,0.32,88.0,36.5,2
18372,SO-0901,Head Constable Asha Joshi,Head Constable,47,2026-07-16 17:13:46+00:00,89.0,86.0,,21.086261,72.9876236,28.0,-1.044,-0.286,-0.538,,0.0,0.0,0.0,,,,,0.0,0.0,30.0,-1.8499999999477268e-05,-1.1899999989850585e-05,0.29,86.0,36.5,0
18376,SO-0901,Head Constable Asha Joshi,Head Constable,47,2026-07-16 17:14:17+00:00,86.0,80.0,,21.0862605,72.9876465,28.0,-0.751,0.269,-0.614,,0.0,0.0,0.0,,,,,0.0,0.0,31.0,-4.999999987376214e-07,2.2899999990499964e-05,0.28,80.0,36.5,0
18380,SO-0901,Head Constable Asha Joshi,Head Constable,47,2026-07-16 17:14:47+00:00,90.0,85.0,,21.0862663,72.9876412,28.0,-0.904,0.295,-0.377,,0.0,0.0,0.0,,,,,0.0,0.0,30.0,5.7999999967250915e-06,-5.29999999798747e-06,0.1,85.0,36.5,0
18384,SO-0901,Head Constable Asha Joshi,Head Constable,47,2026-07-16 17:15:17+00:00,87.0,74.0,,21.0862618,72.9876465,28.0,-0.889,0.287,0.281,,0.0,0.0,0.0,,,,,0.0,0.0,30.0,-4.499999999296733e-06,5.29999999798747e-06,0.09,74.0,36.5,0
18388,SO-0901,Head Constable Asha Joshi,Head Constable,47,2026-07-16 17:15:47+00:00,83.0,58.0,,21.0862608,72.9876453,28.0,-0.579,0.156,0.78,,0.0,0.0,0.0,,,,,0.0,0.0,30.0,-9.999999974752427e-07,-1.1999999998124622e-06,0.02,58.0,36.5,0
18392,SO-0901,Head Constable Asha Joshi,Head Constable,47,2026-07-16 17:16:16+00:00,86.0,72.0,,21.0862546,72.9876533,28.0,-0.867,-0.012,0.466,,0.0,0.0,0.0,,,,,0.0,0.0,29.0,-6.2000000013995304e-06,8.000000008223651e-06,0.13,72.0,36.5,0
18396,SO-0901,Head Constable Asha Joshi,Head Constable,47,2026-07-16 17:16:46+00:00,82.0,79.0,,21.0862665,72.9876194,28.0,-0.985,-0.059,-0.299,,0.0,0.0,0.0,,,,,0.0,0.0,30.0,1.1900000000508726e-05,-3.39000000053602e-05,0.45,79.0,36.5,0
18400,SO-0901,Head Constable Asha Joshi,Head Constable,47,2026-07-16 17:17:17+00:00,84.0,76.0,,21.0862213,72.9876833,28.0,-0.55,0.788,0.115,,0.0,0.0,0.0,,,,,0.0,0.0,31.0,-4.520000000240998e-05,6.390000000067175e-05,0.96,76.0,36.5,0
18404,SO-0901,Head Constable Asha Joshi,Head Constable,47,2026-07-16 17:17:47+00:00,84.0,76.0,,21.0861611,72.987863,28.0,0.249,1.271,-0.163,,0.0,0.0,0.0,,,,,0.0,0.0,30.0,-6.019999999651304e-05,0.0001797000000038,2.37,76.0,36.5,0
18411,SO-0901,Head Constable Asha Joshi,Head Constable,47,2026-07-16 17:18:47+00:00,80.0,65.0,,21.0862677,72.9876483,28.0,-1.073,0.714,-0.682,,0.0,0.0,0.0,,,,,0.0,0.0,60.0,0.0001065999999987,-0.0002147000000007,1.51,65.0,36.5,0
18415,SO-0901,Head Constable Asha Joshi,Head Constable,47,2026-07-16 17:19:17+00:00,87.0,86.0,,21.0862737,72.9876527,28.0,-0.972,0.066,0.285,,0.0,0.0,0.0,,,,,0.0,0.0,30.0,5.999999999062311e-06,4.39999999457541e-06,0.1,86.0,36.5,0
18419,SO-0901,Head Constable Asha Joshi,Head Constable,47,2026-07-16 17:19:47+00:00,87.0,88.0,,21.0862671,72.9876529,28.0,-0.747,-0.224,-0.708,,0.0,0.0,0.0,,,,,0.0,0.0,30.0,-6.599999998968542e-06,2.0000000233721948e-07,0.09,88.0,36.5,0
18423,SO-0901,Head Constable Asha Joshi,Head Constable,47,2026-07-16 17:20:17+00:00,87.0,75.0,,21.0862637,72.9876394,28.0,0.133,-0.343,1.02,,0.0,0.0,0.0,,,,,0.0,0.0,30.0,-3.4000000006528808e-06,-1.3499999994337486e-05,0.17,75.0,36.5,0
18427,SO-0901,Head Constable Asha Joshi,Head Constable,47,2026-07-16 17:20:47+00:00,86.0,61.0,,21.0862599,72.9876482,28.0,-0.939,-0.048,0.326,,0.0,0.0,0.0,,,,,0.0,0.0,30.0,-3.799999998221893e-06,8.79999998915082e-06,0.12,61.0,36.5,0
18431,SO-0901,Head Constable Asha Joshi,Head Constable,47,2026-07-16 17:21:17+00:00,94.0,87.0,,21.0862795,72.9876356,28.0,-0.834,0.0,-0.304,,0.0,0.0,0.0,,,,,0.0,0.0,30.0,1.959999999812112e-05,-1.2599999990925426e-05,0.3,87.0,36.5,2
18435,SO-0901,Head Constable Asha Joshi,Head Constable,47,2026-07-16 17:21:47+00:00,82.0,75.0,,21.0862551,72.987651,28.0,-0.884,-0.143,-0.545,,0.0,0.0,0.0,,,,,0.0,0.0,30.0,-2.4400000000923683e-05,1.539999999522479e-05,0.38,75.0,36.5,0
18439,SO-0901,Head Constable Asha Joshi,Head Constable,47,2026-07-16 17:22:18+00:00,80.0,63.0,,21.0862799,72.9876354,28.0,-0.809,-0.143,-0.649,,0.0,0.0,0.0,,,,,0.0,0.0,31.0,2.4800000002045408e-05,-1.559999999756201e-05,0.37,63.0,36.5,0
18443,SO-0901,Head Constable Asha Joshi,Head Constable,47,2026-07-16 17:22:47+00:00,89.0,55.0,,21.0862789,72.9876334,28.0,-0.845,-0.138,-0.601,,0.0,0.0,0.0,,,,,0.0,0.0,29.0,-1.0000000010279564e-06,-1.9999999949504854e-06,0.03,55.0,36.5,0
18447,SO-0901,Head Constable Asha Joshi,Head Constable,47,2026-07-16 17:23:17+00:00,83.0,82.0,,21.0862616,72.9876646,28.0,-0.844,-0.161,-0.544,,0.0,0.0,0.0,,,,,0.0,0.0,30.0,-1.7299999999664806e-05,3.119999999512402e-05,0.45,82.0,36.5,0
18451,SO-0901,Head Constable Asha Joshi,Head Constable,47,2026-07-16 17:23:47+00:00,85.0,72.0,,21.0862631,72.9876411,28.0,-0.543,0.23,0.8,,0.0,0.0,0.0,,,,,0.0,0.0,30.0,1.4999999997655775e-06,-2.3499999997511622e-05,0.29,72.0,36.5,0
18455,SO-0901,Head Constable Asha Joshi,Head Constable,47,2026-07-16 17:24:17+00:00,89.0,88.0,,21.0862907,72.987641,28.0,-0.741,0.165,0.626,,0.0,0.0,0.0,,,,,0.0,0.0,30.0,2.7599999999239344e-05,-1.000000082740371e-07,0.37,88.0,36.5,0
18459,SO-0901,Head Constable Asha Joshi,Head Constable,47,2026-07-16 17:24:47+00:00,90.0,86.0,,21.0862652,72.9876366,28.0,-0.432,0.204,0.852,,0.0,0.0,0.0,,,,,0.0,0.0,30.0,-2.5499999999567535e-05,-4.39999999457541e-06,0.34,86.0,36.5,0
18463,SO-0901,Head Constable Asha Joshi,Head Constable,47,2026-07-16 17:25:17+00:00,81.0,82.0,,21.0862738,72.9876489,28.0,-0.757,0.02,0.633,,0.0,0.0,0.0,,,,,0.0,0.0,30.0,8.600000001024455e-06,1.2299999994525024e-05,0.19,82.0,36.5,0
18467,SO-0901,Head Constable Asha Joshi,Head Constable,47,2026-07-16 17:25:47+00:00,83.0,75.0,,21.0862605,72.9876459,28.0,-0.627,0.189,0.728,,0.0,0.0,0.0,,,,,0.0,0.0,30.0,-1.3299999999105694e-05,-2.999999992425728e-06,0.18,75.0,36.5,0
18471,SO-0901,Head Constable Asha Joshi,Head Constable,47,2026-07-16 17:26:17+00:00,93.0,74.0,,21.0862795,72.9876355,28.0,-0.91,0.094,0.409,,0.0,0.0,0.0,,,,,0.0,0.0,30.0,1.899999999821489e-05,-1.0400000007848575e-05,0.28,74.0,36.5,2
18475,SO-0901,Head Constable Asha Joshi,Head Constable,47,2026-07-16 17:26:47+00:00,83.0,76.0,,21.0862593,72.9876499,28.0,-0.728,0.013,0.671,,0.0,0.0,0.0,,,,,0.0,0.0,30.0,-2.0200000001580065e-05,1.4399999997749546e-05,0.32,76.0,36.5,0
18479,SO-0901,Head Constable Asha Joshi,Head Constable,47,2026-07-16 17:27:17+00:00,85.0,86.0,,21.0862799,72.9876354,28.0,-0.841,-0.052,0.528,,0.0,0.0,0.0,,,,,0.0,0.0,30.0,2.060000000270179e-05,-1.4499999991812729e-05,0.33,86.0,36.5,0
18483,SO-0901,Head Constable Asha Joshi,Head Constable,47,2026-07-16 17:27:47+00:00,85.0,88.0,,21.0862589,72.9876499,28.0,-0.846,-0.052,0.518,,0.0,0.0,0.0,,,,,0.0,0.0,30.0,-2.10000000002708e-05,1.4499999991812729e-05,0.33,88.0,36.5,0
18487,SO-0901,Head Constable Asha Joshi,Head Constable,47,2026-07-16 17:28:17+00:00,96.0,87.0,,21.0862697,72.9876571,28.0,-0.261,-0.986,-0.016,,0.0,0.0,0.0,,,,,0.0,0.0,30.0,1.079999999831216e-05,7.200000013085628e-06,0.17,87.0,36.5,2
18491,SO-0901,Head Constable Asha Joshi,Head Constable,47,2026-07-16 17:28:47+00:00,98.0,85.0,,21.0862542,72.987659,28.0,-0.687,-0.737,-0.135,,0.0,0.0,0.0,,,,,0.0,0.0,30.0,-1.5499999999946112e-05,1.8999999866764483e-06,0.21,85.0,36.5,2
18495,SO-0901,Head Constable Asha Joshi,Head Constable,47,2026-07-16 17:29:17+00:00,85.0,86.0,,21.0862719,72.9876575,28.0,-0.532,-0.854,-0.195,,0.0,0.0,0.0,,,,,0.0,0.0,30.0,1.770000000078653e-05,-1.499999996212864e-06,0.24,86.0,36.5,0
18499,SO-0901,Head Constable Asha Joshi,Head Constable,47,2026-07-16 17:29:47+00:00,86.0,83.0,,21.0862657,72.9876502,28.0,-0.818,-0.2,0.556,,0.0,0.0,0.0,,,,,0.0,0.0,30.0,-6.2000000013995304e-06,-7.2999999929379555e-06,0.12,83.0,36.5,0
18503,SO-0901,Head Constable Asha Joshi,Head Constable,47,2026-07-16 17:30:17+00:00,84.0,87.0,,21.0861522,72.9877696,28.0,-0.902,-0.164,-0.158,,0.0,0.0,0.0,,,,,0.0,0.0,30.0,-0.0001134999999976,0.0001193999999884,2.12,87.0,36.5,0
18507,SO-0901,Head Constable Asha Joshi,Head Constable,47,2026-07-16 17:30:47+00:00,93.0,77.0,,21.0862802,72.9876348,28.0,-0.612,0.704,-0.166,,0.0,0.0,0.0,,,,,0.0,0.0,30.0,0.0001280000000001,-0.0001347999999978,2.39,77.0,36.5,2
18511,SO-0901,Head Constable Asha Joshi,Head Constable,47,2026-07-16 17:31:17+00:00,96.0,61.0,,21.0862928,72.987643,25.19122921128789,-0.082,-0.426,0.643,,0.0,0.0,0.0,,,,,0.0,0.0,30.0,1.2599999998030851e-05,8.20000001056087e-06,0.2,61.0,36.5,2
18515,SO-0901,Head Constable Asha Joshi,Head Constable,47,2026-07-16 17:31:47+00:00,83.0,87.0,,21.0862795,72.9876356,23.767053227170393,-0.653,0.28,0.487,,0.0,0.0,0.0,,,,,0.0,0.0,30.0,-1.3299999999105694e-05,-7.400000001211993e-06,0.2,87.0,36.5,0
18519,SO-0901,Head Constable Asha Joshi,Head Constable,47,2026-07-16 17:32:18+00:00,92.0,87.0,,21.0863004,72.9876481,24.26548524199947,-1.037,0.24,-0.349,,0.0,0.0,0.0,,,,,0.0,0.0,31.0,2.0899999999102192e-05,1.2499999996862243e-05,0.31,87.0,36.5,2
18523,SO-0901,Head Constable Asha Joshi,Head Constable,47,2026-07-16 17:32:47+00:00,84.0,76.0,,21.0862803,72.987635,24.3674710386218,-0.869,0.473,-0.075,,0.0,0.0,0.0,,,,,0.0,0.0,29.0,-2.0100000000411455e-05,-1.3100000003873902e-05,0.32,76.0,36.5,0
18527,SO-0901,Head Constable Asha Joshi,Head Constable,47,2026-07-16 17:33:17+00:00,89.0,61.0,,21.0862795,72.9876356,24.26914624966723,-0.698,0.713,0.696,,0.0,0.0,0.0,,,,,0.0,0.0,30.0,-7.999999986907369e-07,6.000000070116585e-07,0.01,61.0,36.5,0
18531,SO-0901,Head Constable Asha Joshi,Head Constable,47,2026-07-16 17:33:47+00:00,92.0,88.0,,21.0862797,72.9876355,24.16873060420363,-0.687,0.73,-0.142,,0.0,0.0,0.0,,,,,0.0,0.0,30.0,1.999999987845058e-07,-1.000000082740371e-07,0.0,88.0,36.5,2
18535,SO-0901,Head Constable Asha Joshi,Head Constable,47,2026-07-16 17:34:17+00:00,90.0,75.0,,21.0862795,72.9876355,24.332952633596705,-0.954,0.31,0.334,,0.0,0.0,0.0,,,,,0.0,0.0,30.0,-1.999999987845058e-07,0.0,0.0,75.0,36.5,0
18539,SO-0901,Head Constable Asha Joshi,Head Constable,47,2026-07-16 17:34:47+00:00,85.0,74.0,,21.0862795,72.9876355,24.38793974997131,-0.28,0.078,-1.07,,0.0,0.0,0.0,,,,,0.0,0.0,30.0,0.0,0.0,0.0,74.0,36.5,0
18543,SO-0901,Head Constable Asha Joshi,Head Constable,47,2026-07-16 17:35:17+00:00,95.0,73.0,,21.0862795,72.9876355,24.53542647596971,-0.853,0.241,-0.175,,0.0,0.0,0.0,,,,,0.0,0.0,30.0,0.0,0.0,0.0,73.0,36.5,2
18547,SO-0901,Head Constable Asha Joshi,Head Constable,47,2026-07-16 17:35:47+00:00,88.0,88.0,,21.0862795,72.9876357,24.44285472473166,-0.916,0.419,-0.052,,0.0,0.0,0.0,,,,,0.0,0.0,30.0,0.0,2.0000000233721948e-07,0.0,88.0,36.5,0
18551,SO-0901,Head Constable Asha Joshi,Head Constable,47,2026-07-16 17:36:17+00:00,84.0,88.0,,21.0862795,72.9876355,24.30269148384437,-0.749,0.6,0.246,,0.0,0.0,0.0,,,,,0.0,0.0,30.0,0.0,-2.0000000233721948e-07,0.0,88.0,36.5,0
18555,SO-0901,Head Constable Asha Joshi,Head Constable,47,2026-07-16 17:36:47+00:00,86.0,88.0,,21.0862795,72.9876355,24.28229478471323,-0.986,0.138,0.048,,0.0,0.0,0.0,,,,,0.0,0.0,30.0,0.0,0.0,0.0,88.0,36.5,0
18559,SO-0901,Head Constable Asha Joshi,Head Constable,47,2026-07-16 17:37:17+00:00,95.0,85.0,,21.0862795,72.9876357,24.45231320925062,-0.236,0.702,0.615,,0.0,0.0,0.0,,,,,0.0,0.0,30.0,0.0,2.0000000233721948e-07,0.0,85.0,36.5,2
18563,SO-0901,Head Constable Asha Joshi,Head Constable,47,2026-07-16 17:37:47+00:00,86.0,82.0,,21.0862795,72.9876355,24.379094157939775,-0.621,-0.394,0.575,,0.0,0.0,0.0,,,,,0.0,0.0,30.0,0.0,-2.0000000233721948e-07,0.0,82.0,36.5,0
18567,SO-0901,Head Constable Asha Joshi,Head Constable,47,2026-07-16 17:38:17+00:00,89.0,85.0,,21.0862795,72.9876355,24.863425313141747,-1.062,-0.052,-0.524,,0.0,0.0,0.0,,,,,0.0,0.0,30.0,0.0,0.0,0.0,85.0,36.5,0
18571,SO-0901,Head Constable Asha Joshi,Head Constable,47,2026-07-16 17:38:47+00:00,92.0,88.0,,21.0862796,72.9876355,24.39269610354796,-0.056,0.325,-1.01,,0.0,0.0,0.0,,,,,0.0,0.0,30.0,1.0000000116860974e-07,0.0,0.0,88.0,36.5,2
18575,SO-0901,Head Constable Asha Joshi,Head Constable,47,2026-07-16 17:39:17+00:00,90.0,81.0,,21.0862852,72.9876407,24.408980927420245,-0.705,0.235,-0.651,,0.0,0.0,0.0,,,,,0.0,0.0,30.0,5.599999997940586e-06,5.200000003924288e-06,0.1,81.0,36.5,0
18579,SO-0901,Head Constable Asha Joshi,Head Constable,47,2026-07-16 17:39:46+00:00,83.0,87.0,,21.0862796,72.9876341,28.0,0.012,0.937,0.264,,0.0,0.0,0.0,,,,,0.0,0.0,29.0,-5.599999997940586e-06,-6.600000006073969e-06,0.11,87.0,36.5,0
18583,SO-0901,Head Constable Asha Joshi,Head Constable,47,2026-07-16 17:40:17+00:00,92.0,58.0,,21.0862064,72.9878617,23.531480326025346,-0.259,0.765,0.45,,0.0,0.0,0.0,,,,,0.0,0.0,31.0,-7.320000000277105e-05,0.0002276000000023,2.89,58.0,36.5,2
18587,SO-0901,Head Constable Asha Joshi,Head Constable,47,2026-07-16 17:40:47+00:00,98.0,81.0,,21.0862064,72.9878617,24.084754096527092,-0.062,0.978,0.129,,0.0,0.0,0.0,,,,,0.0,0.0,30.0,0.0,0.0,0.0,81.0,36.5,2
18591,SO-0901,Head Constable Asha Joshi,Head Constable,47,2026-07-16 17:41:21+00:00,89.0,81.0,,21.0862064,72.9878617,24.15221618748352,-0.61,0.718,-0.408,,0.0,0.0,0.0,,,,,0.0,0.0,34.0,0.0,0.0,0.0,81.0,36.5,0
18595,SO-0901,Head Constable Asha Joshi,Head Constable,47,2026-07-16 17:41:51+00:00,91.0,88.0,,21.0862754,72.9876471,28.0,0.312,-0.208,1.006,,0.0,0.0,0.0,,,,,0.0,0.0,30.0,6.900000000342743e-05,-0.0002145999999925,2.82,88.0,36.5,2
18599,SO-0901,Head Constable Asha Joshi,Head Constable,47,2026-07-16 17:42:21+00:00,81.0,86.0,,21.0859006,72.9853626,28.0,-0.396,0.805,0.225,,0.0,0.0,0.0,,,,,0.0,0.0,30.0,-0.000374800000003,-0.0022845000000017,28.82,86.0,36.5,1
18603,SO-0901,Head Constable Asha Joshi,Head Constable,47,2026-07-16 17:42:48+00:00,86.0,88.0,,21.0862807,72.9876286,28.0,-0.898,0.371,-0.48,,0.0,0.0,0.0,,,,,0.0,0.0,27.0,0.0003801000000009,0.0022659999999916,31.78,88.0,36.5,1
18607,SO-0901,Head Constable Asha Joshi,Head Constable,47,2026-07-16 17:43:21+00:00,90.0,79.0,,21.0862813,72.9876267,28.0,-1.022,0.437,-0.326,,0.0,0.0,0.0,,,,,0.0,0.0,33.0,5.999999999062311e-07,-1.8999999866764483e-06,0.02,79.0,36.5,0
18611,SO-0901,Head Constable Asha Joshi,Head Constable,47,2026-07-16 17:43:47+00:00,91.0,61.0,,21.0862763,72.9877729,28.0,-0.543,0.124,-0.919,,0.0,0.0,0.0,,,,,0.0,0.0,26.0,-4.9999999980343546e-06,0.0001461999999889,2.1,61.0,36.5,2
18615,SO-0901,Head Constable Asha Joshi,Head Constable,47,2026-07-16 17:44:17+00:00,88.0,87.0,,21.0863075,72.9876514,28.0,-0.629,0.354,-0.822,,0.0,0.0,0.0,,,,,0.0,0.0,30.0,3.119999999867673e-05,-0.0001214999999916,1.57,87.0,36.5,0
18619,SO-0901,Head Constable Asha Joshi,Head Constable,47,2026-07-16 17:44:47+00:00,98.0,87.0,,21.0863492,72.9878659,28.0,-1.01,0.342,-0.949,,0.0,0.0,0.0,,,,,0.0,0.0,30.0,4.170000000058849e-05,0.0002144999999984,2.72,87.0,36.5,2
18623,SO-0901,Head Constable Asha Joshi,Head Constable,47,2026-07-16 17:45:17+00:00,100.0,81.0,,21.0863455,72.9879614,28.0,-0.276,0.804,-0.291,,0.0,0.0,0.0,,,,,0.0,0.0,30.0,-3.700000000605996e-06,9.55000000004702e-05,1.19,81.0,36.5,2
18627,SO-0901,Head Constable Asha Joshi,Head Constable,47,2026-07-16 17:45:47+00:00,92.0,78.0,,21.0862008,72.9878453,28.0,1.044,0.731,-0.335,,0.0,0.0,0.0,,,,,0.0,0.0,30.0,-0.0001446999999998,-0.0001160999999996,2.41,78.0,36.5,2
18631,SO-0901,Head Constable Asha Joshi,Head Constable,47,2026-07-16 17:46:17+00:00,90.0,86.0,,21.0862908,72.9876471,28.0,-0.729,0.743,-0.386,,0.0,0.0,0.0,,,,,0.0,0.0,30.0,9.000000000014552e-05,-0.0001981999999998,2.74,86.0,36.5,0
18635,SO-0901,Head Constable Asha Joshi,Head Constable,47,2026-07-16 17:46:47+00:00,83.0,86.0,,21.0862785,72.9876293,28.0,-0.882,-0.332,-0.461,,0.0,0.0,0.0,,,,,0.0,0.0,30.0,-1.2300000001630453e-05,-1.7800000009060568e-05,0.28,86.0,36.5,0
18639,SO-0901,Head Constable Asha Joshi,Head Constable,47,2026-07-16 17:47:17+00:00,88.0,87.0,,21.0862613,72.9876447,29.75798597671958,-0.015,0.99,0.428,,0.0,0.0,0.0,,,,,0.0,0.0,30.0,-1.7199999998496196e-05,1.5400000009435644e-05,0.3,87.0,36.5,0
18643,SO-0901,Head Constable Asha Joshi,Head Constable,47,2026-07-16 17:47:47+00:00,94.0,84.0,,21.0862798,72.9876388,30.834086260564476,-0.543,-0.017,-1.143,,0.0,0.0,0.0,,,,,0.0,0.0,30.0,1.8499999999477268e-05,-5.900000004999129e-06,0.26,84.0,36.5,2
18647,SO-0901,Head Constable Asha Joshi,Head Constable,47,2026-07-16 17:48:17+00:00,92.0,87.0,,21.0862796,72.9876355,30.710618232728493,-0.821,0.088,-0.64,,0.0,0.0,0.0,,,,,0.0,0.0,30.0,-1.999999987845058e-07,-3.3000000030369847e-06,0.04,87.0,36.5,2
18651,SO-0901,Head Constable Asha Joshi,Head Constable,47,2026-07-16 17:48:47+00:00,89.0,87.0,,21.0862797,72.9876355,30.75979596360972,-0.957,-0.123,-0.4,,0.0,0.0,0.0,,,,,0.0,0.0,30.0,9.999999761589606e-08,0.0,0.0,87.0,36.5,0
18655,SO-0901,Head Constable Asha Joshi,Head Constable,47,2026-07-16 17:49:17+00:00,82.0,77.0,,21.0862801,72.9876353,30.95075471232384,-0.971,-0.189,-0.148,,0.0,0.0,0.0,,,,,0.0,0.0,30.0,4.000000011217253e-07,-2.0000000233721948e-07,0.01,77.0,36.5,0
18659,SO-0901,Head Constable Asha Joshi,Head Constable,47,2026-07-16 17:49:46+00:00,88.0,70.0,,21.0862603,72.987632,28.0,-0.949,-0.058,-0.425,,0.0,0.0,0.0,,,,,0.0,0.0,29.0,-1.980000000045834e-05,-3.29999998882613e-06,0.28,70.0,36.5,0
18663,SO-0901,Head Constable Asha Joshi,Head Constable,47,2026-07-16 17:50:17+00:00,82.0,88.0,,21.0862681,72.9876591,31.457208312235323,-0.958,-0.025,-0.404,,0.0,0.0,0.0,,,,,0.0,0.0,31.0,7.800000002333718e-06,2.709999999694901e-05,0.34,88.0,36.5,0
18667,SO-0901,Head Constable Asha Joshi,Head Constable,47,2026-07-16 17:50:47+00:00,82.0,76.0,,21.0862795,72.9876356,31.313326415641058,-1.329,-0.103,0.136,,0.0,0.0,0.0,,,,,0.0,0.0,30.0,1.139999999821839e-05,-2.3499999997511622e-05,0.33,76.0,36.5,0
18671,SO-0901,Head Constable Asha Joshi,Head Constable,47,2026-07-16 17:51:17+00:00,100.0,88.0,,21.0862795,72.9876357,31.3881447014506,-0.912,-0.167,-0.486,,0.0,0.0,0.0,,,,,0.0,0.0,30.0,0.0,9.999999406318238e-08,0.0,88.0,36.5,2
18675,SO-0901,Head Constable Asha Joshi,Head Constable,47,2026-07-16 17:51:47+00:00,92.0,88.0,,21.0862795,72.9876357,31.0784116926241,-0.858,0.124,0.472,,0.0,0.0,0.0,,,,,0.0,0.0,30.0,0.0,0.0,0.0,88.0,36.5,2
18679,SO-0901,Head Constable Asha Joshi,Head Constable,47,2026-07-16 17:52:17+00:00,84.0,87.0,,21.0862795,72.9876356,31.355182719097883,-0.849,0.149,0.5,,0.0,0.0,0.0,,,,,0.0,0.0,30.0,0.0,-9.999999406318238e-08,0.0,87.0,36.5,0
18683,SO-0901,Head Constable Asha Joshi,Head Constable,47,2026-07-16 17:52:47+00:00,88.0,85.0,,21.0862631,72.9876411,31.482845702851208,-0.567,-0.88,-0.214,,0.0,0.0,0.0,,,,,0.0,0.0,30.0,-1.639999999980546e-05,5.50000000032469e-06,0.23,85.0,36.5,0
18687,SO-0901,Head Constable Asha Joshi,Head Constable,47,2026-07-16 17:53:17+00:00,83.0,87.0,,21.0862631,72.9876411,31.10771028333056,-0.845,0.126,0.514,,0.0,0.0,0.0,,,,,0.0,0.0,30.0,0.0,0.0,0.0,87.0,36.5,0
18691,SO-0901,Head Constable Asha Joshi,Head Constable,47,2026-07-16 17:53:47+00:00,87.0,86.0,,21.0862795,72.9876356,31.01981481065583,-0.813,0.14,0.539,,0.0,0.0,0.0,,,,,0.0,0.0,30.0,1.639999999980546e-05,-5.50000000032469e-06,0.23,86.0,36.5,0
18695,SO-0901,Head Constable Asha Joshi,Head Constable,47,2026-07-16 17:54:16+00:00,83.0,85.0,,21.0862796,72.9876355,28.0,-0.915,-0.097,-0.491,,0.0,0.0,0.0,,,,,0.0,0.0,29.0,1.0000000116860974e-07,-1.000000082740371e-07,0.0,85.0,36.5,0
18699,SO-0901,Head Constable Asha Joshi,Head Constable,47,2026-07-16 17:54:48+00:00,83.0,79.0,,21.0862797,72.9876355,31.384482252727462,-0.929,-0.079,-0.434,,0.0,0.0,0.0,,,,,0.0,0.0,32.0,9.999999761589606e-08,0.0,0.0,79.0,36.5,0
18703,SO-0901,Head Constable Asha Joshi,Head Constable,47,2026-07-16 17:55:17+00:00,100.0,86.0,,21.0862797,72.9876355,31.426340361383595,-0.863,-0.137,-0.565,,0.0,0.0,0.0,,,,,0.0,0.0,29.0,0.0,0.0,0.0,86.0,36.5,2
18707,SO-0901,Head Constable Asha Joshi,Head Constable,47,2026-07-16 17:55:47+00:00,82.0,88.0,,21.0862799,72.9876354,31.184097719881706,-0.834,-0.166,-0.62,,0.0,0.0,0.0,,,,,0.0,0.0,30.0,2.0000000233721948e-07,-9.999999406318238e-08,0.0,88.0,36.5,0
18711,SO-0901,Head Constable Asha Joshi,Head Constable,47,2026-07-16 17:56:17+00:00,93.0,88.0,,21.0862321,72.9876721,31.426365787770337,-0.378,-0.915,0.23,,0.0,0.0,0.0,,,,,0.0,0.0,30.0,-4.780000000081941e-05,3.669999999544871e-05,0.78,88.0,36.5,2
18715,SO-0901,Head Constable Asha Joshi,Head Constable,47,2026-07-16 17:56:46+00:00,90.0,85.0,,21.0859887,72.9884853,28.100000381469727,-0.144,-0.952,0.284,,0.0,0.0,0.0,,,,,0.0,0.0,29.0,-0.0002433999999986,0.000813199999996,10.98,85.0,36.5,1
18719,SO-0901,Head Constable Asha Joshi,Head Constable,47,2026-07-16 17:57:16+00:00,84.0,84.0,,21.0862797,72.9876355,28.0,-0.609,0.013,0.78,,0.0,0.0,0.0,,,,,0.0,0.0,30.0,0.0002909999999971,-0.0008497999999974,11.25,84.0,36.5,1
18723,SO-0901,Head Constable Asha Joshi,Head Constable,47,2026-07-16 17:57:46+00:00,100.0,86.0,,21.0862797,72.9876355,28.0,-0.891,-0.064,-0.524,,0.0,0.0,0.0,,,,,0.0,0.0,30.0,0.0,0.0,0.0,86.0,36.5,2
18727,SO-0901,Head Constable Asha Joshi,Head Constable,47,2026-07-16 17:58:16+00:00,87.0,87.0,,21.0862651,72.9876431,28.0,-0.99,-0.22,-0.14,,0.0,0.0,0.0,,,,,0.0,0.0,30.0,-1.4600000000086766e-05,7.600000003549212e-06,0.22,87.0,36.5,0
18731,SO-0901,Head Constable Asha Joshi,Head Constable,47,2026-07-16 17:58:47+00:00,82.0,78.0,,21.0862588,72.9876309,28.0,-0.902,0.123,0.468,,0.0,0.0,0.0,,,,,0.0,0.0,31.0,-6.2999999990154265e-06,-1.220000000046184e-05,0.17,78.0,36.5,0
18735,SO-0901,Head Constable Asha Joshi,Head Constable,47,2026-07-16 17:59:17+00:00,83.0,87.0,,21.0862591,72.987614,28.0,-0.977,-0.186,-0.268,,0.0,0.0,0.0,,,,,0.0,0.0,30.0,2.999999999531156e-07,-1.6900000005648508e-05,0.21,87.0,36.5,0
18739,SO-0901,Head Constable Asha Joshi,Head Constable,47,2026-07-16 17:59:47+00:00,88.0,75.0,,21.0862737,72.9876464,28.0,-0.995,-0.174,-0.178,,0.0,0.0,0.0,,,,,0.0,0.0,30.0,1.4600000000086766e-05,3.2400000009147334e-05,0.45,75.0,36.5,0
18743,SO-0901,Head Constable Asha Joshi,Head Constable,47,2026-07-16 18:00:16+00:00,84.0,71.0,,21.0862771,72.987649,28.0,-1.003,-0.167,-0.151,,0.0,0.0,0.0,,,,,0.0,0.0,29.0,3.4000000006528808e-06,2.600000001962144e-06,0.06,71.0,36.5,0
18747,SO-0901,Head Constable Asha Joshi,Head Constable,47,2026-07-16 18:00:47+00:00,83.0,72.0,,21.0862502,72.9876228,28.0,-1.005,-0.164,-0.135,,0.0,0.0,0.0,,,,,0.0,0.0,31.0,-2.6900000001717217e-05,-2.6200000007747803e-05,0.47,72.0,36.5,0
18751,SO-0901,Head Constable Asha Joshi,Head Constable,47,2026-07-16 18:01:17+00:00,83.0,87.0,,21.0862795,72.9876356,28.0,-0.98,-0.048,0.264,,0.0,0.0,0.0,,,,,0.0,0.0,30.0,2.930000000134214e-05,1.28000000074735e-05,0.42,87.0,36.5,0
18755,SO-0901,Head Constable Asha Joshi,Head Constable,47,2026-07-16 18:01:47+00:00,89.0,87.0,,21.0862686,72.9876586,28.0,-0.965,0.037,-0.39,,0.0,0.0,0.0,,,,,0.0,0.0,30.0,-1.089999999948077e-05,2.2999999998774e-05,0.32,87.0,36.5,0
18759,SO-0901,Head Constable Asha Joshi,Head Constable,47,2026-07-16 18:02:17+00:00,83.0,88.0,,21.0862803,72.987635,28.0,-0.316,0.086,-1.003,,0.0,0.0,0.0,,,,,0.0,0.0,30.0,1.1699999998171506e-05,-2.360000000578566e-05,0.33,88.0,36.5,0
18763,SO-0901,Head Constable Asha Joshi,Head Constable,47,2026-07-16 18:02:46+00:00,85.0,68.0,,21.0862604,72.9876621,28.0,-0.92,-0.093,0.387,,0.0,0.0,0.0,,,,,0.0,0.0,29.0,-1.9899999998074236e-05,2.709999999694901e-05,0.44,68.0,36.5,0
18767,SO-0901,Head Constable Asha Joshi,Head Constable,47,2026-07-16 18:03:16+00:00,93.0,87.0,,21.0862738,72.9876527,28.0,-0.87,-0.053,0.5,,0.0,0.0,0.0,,,,,0.0,0.0,30.0,1.3400000000274304e-05,-9.399999996162478e-06,0.21,87.0,36.5,2
18771,SO-0901,Head Constable Asha Joshi,Head Constable,47,2026-07-16 18:03:47+00:00,92.0,54.0,,21.0862796,72.9876355,28.0,-0.864,-0.043,0.502,,0.0,0.0,0.0,,,,,0.0,0.0,31.0,5.800000000277805e-06,-1.720000000204891e-05,0.22,54.0,36.5,2
18775,SO-0901,Head Constable Asha Joshi,Head Constable,47,2026-07-16 18:04:17+00:00,89.0,62.0,,21.0862796,72.9876355,28.0,-0.876,-0.104,0.466,,0.0,0.0,0.0,,,,,0.0,0.0,30.0,0.0,0.0,0.0,62.0,36.5,0
18779,SO-0901,Head Constable Asha Joshi,Head Constable,47,2026-07-16 18:04:47+00:00,89.0,86.0,,21.0862799,72.9876354,28.0,-1.006,0.019,0.115,,0.0,0.0,0.0,,,,,0.0,0.0,30.0,2.999999999531156e-07,-9.999999406318238e-08,0.0,86.0,36.5,0
18783,SO-0901,Head Constable Asha Joshi,Head Constable,47,2026-07-16 18:05:16+00:00,83.0,88.0,,21.0862708,72.9876484,28.0,-1.003,0.021,0.097,,0.0,0.0,0.0,,,,,0.0,0.0,29.0,-9.099999999762076e-06,1.2999999995599865e-05,0.21,88.0,36.5,0
18787,SO-0901,Head Constable Asha Joshi,Head Constable,47,2026-07-16 18:05:47+00:00,83.0,66.0,,21.0862801,72.9876353,28.0,-0.932,0.049,0.361,,0.0,0.0,0.0,,,,,0.0,0.0,31.0,9.299999998546582e-06,-1.3100000003873902e-05,0.2,66.0,36.5,0
18791,SO-0901,Head Constable Asha Joshi,Head Constable,47,2026-07-16 18:06:17+00:00,82.0,64.0,,21.0862801,72.9876353,28.0,-0.908,0.038,0.417,,0.0,0.0,0.0,,,,,0.0,0.0,30.0,0.0,0.0,0.0,64.0,36.5,0
18795,SO-0901,Head Constable Asha Joshi,Head Constable,47,2026-07-16 18:06:47+00:00,98.0,83.0,,21.0862731,72.9876518,28.0,-0.776,0.01,0.606,,0.0,0.0,0.0,,,,,0.0,0.0,30.0,-7.000000000090267e-06,1.650000000097407e-05,0.23,83.0,36.5,2
18799,SO-0901,Head Constable Asha Joshi,Head Constable,47,2026-07-16 18:07:17+00:00,86.0,86.0,,21.0862797,72.9876355,28.0,-0.38,-0.633,0.673,,0.0,0.0,0.0,,,,,0.0,0.0,30.0,6.599999998968542e-06,-1.629999999863685e-05,0.22,86.0,36.5,0
18803,SO-0901,Head Constable Asha Joshi,Head Constable,47,2026-07-16 18:07:47+00:00,82.0,88.0,,21.0862795,72.9876355,28.0,-0.907,-0.217,-0.425,,0.0,0.0,0.0,,,,,0.0,0.0,30.0,-1.999999987845058e-07,0.0,0.0,88.0,36.5,0
18807,SO-0901,Head Constable Asha Joshi,Head Constable,47,2026-07-16 18:08:17+00:00,85.0,86.0,,21.0862795,72.9876355,28.0,-0.947,-0.061,0.325,,0.0,0.0,0.0,,,,,0.0,0.0,30.0,0.0,0.0,0.0,86.0,36.5,0
18811,SO-0901,Head Constable Asha Joshi,Head Constable,47,2026-07-16 18:08:47+00:00,86.0,87.0,,21.0862795,72.9876355,28.0,-0.553,0.944,0.097,,0.0,0.0,0.0,,,,,0.0,0.0,30.0,0.0,0.0,0.0,87.0,36.5,0
18815,SO-0901,Head Constable Asha Joshi,Head Constable,47,2026-07-16 18:09:17+00:00,84.0,84.0,,21.0862793,72.9876343,28.0,-0.189,0.928,0.301,,0.0,0.0,0.0,,,,,0.0,0.0,30.0,-1.999999987845058e-07,-1.1999999998124622e-06,0.02,84.0,36.5,0
18819,SO-0901,Head Constable Asha Joshi,Head Constable,47,2026-07-16 18:09:47+00:00,88.0,88.0,,21.0862924,72.9876319,28.0,0.331,-0.879,0.346,,0.0,0.0,0.0,,,,,0.0,0.0,30.0,1.3100000000321188e-05,-2.3999999996249244e-06,0.18,88.0,36.5,0
18822,SO-0901,Head Constable Asha Joshi,Head Constable,47,2026-07-16 18:10:17+00:00,82.0,76.0,,21.0862737,72.9875074,27.899999618530273,0.039,0.974,0.316,,0.0,0.0,0.0,,,,,0.0,0.0,30.0,-1.8700000001814487e-05,-0.0001244999999983,1.57,76.0,36.5,0
18825,SO-0901,Head Constable Asha Joshi,Head Constable,47,2026-07-16 18:10:47+00:00,91.0,82.0,,21.0862757,72.9875075,27.899999618530273,-0.599,0.25,-0.825,,0.0,0.0,0.0,,,,,0.0,0.0,30.0,2.0000000020559128e-06,1.000000082740371e-07,0.03,82.0,36.5,2
18828,SO-0901,Head Constable Asha Joshi,Head Constable,47,2026-07-16 18:11:17+00:00,91.0,83.0,,21.0862744,72.9875065,27.899999618530273,-0.698,0.588,-0.353,,0.0,0.0,0.0,,,,,0.0,0.0,30.0,-1.300000000981072e-06,-1.0000000116860974e-06,0.02,83.0,36.5,2
18831,SO-0901,Head Constable Asha Joshi,Head Constable,47,2026-07-16 18:11:47+00:00,91.0,78.0,,21.086258,72.9876512,28.0,-0.622,-0.21,0.442,,0.0,0.0,0.0,,,,,0.0,0.0,30.0,-1.639999999980546e-05,0.0001447000000069,1.81,78.0,36.5,2
18834,SO-0901,Head Constable Asha Joshi,Head Constable,47,2026-07-16 18:12:17+00:00,85.0,65.0,,21.086255,72.9876544,28.0,-0.778,0.034,0.615,,0.0,0.0,0.0,,,,,0.0,0.0,30.0,-2.9999999995311555e-06,3.1999999947629476e-06,0.06,65.0,36.5,0
18837,SO-0901,Head Constable Asha Joshi,Head Constable,47,2026-07-16 18:12:48+00:00,84.0,82.0,,21.086254,72.9876492,28.0,-0.798,0.159,0.555,,0.0,0.0,0.0,,,,,0.0,0.0,31.0,-1.0000000010279564e-06,-5.199999989713433e-06,0.06,82.0,36.5,0
18840,SO-0901,Head Constable Asha Joshi,Head Constable,47,2026-07-16 18:13:18+00:00,89.0,75.0,,21.0862537,72.9876186,28.0,-0.763,-0.574,-0.454,,0.0,0.0,0.0,,,,,0.0,0.0,30.0,-2.999999999531156e-07,-3.060000000232321e-05,0.38,75.0,36.5,0
18843,SO-0901,Head Constable Asha Joshi,Head Constable,47,2026-07-16 18:13:47+00:00,93.0,84.0,,21.0862821,72.9876449,28.0,-1.014,-0.01,-0.123,,0.0,0.0,0.0,,,,,0.0,0.0,29.0,2.839999999793008e-05,2.6300000001810982e-05,0.52,84.0,36.5,2
18847,SO-0901,Head Constable Asha Joshi,Head Constable,47,2026-07-16 18:14:17+00:00,89.0,87.0,,21.0862748,72.987639,28.0,-0.851,-0.182,-0.574,,0.0,0.0,0.0,,,,,0.0,0.0,30.0,-7.299999996490669e-06,-5.900000004999129e-06,0.12,87.0,36.5,0
18851,SO-0901,Head Constable Asha Joshi,Head Constable,47,2026-07-16 18:14:46+00:00,91.0,86.0,,21.0862718,72.9876444,28.0,-0.915,-0.231,-0.421,,0.0,0.0,0.0,,,,,0.0,0.0,29.0,-3.000000003083869e-06,5.3999999920506525e-06,0.08,86.0,36.5,2
18855,SO-0901,Head Constable Asha Joshi,Head Constable,47,2026-07-16 18:15:18+00:00,87.0,75.0,,21.0863878,72.9876717,28.0,-0.919,-0.309,-0.718,,0.0,0.0,0.0,,,,,0.0,0.0,32.0,0.000116000000002,2.7300000013497083e-05,1.48,75.0,36.5,0
18859,SO-0901,Head Constable Asha Joshi,Head Constable,47,2026-07-16 18:15:47+00:00,83.0,87.0,,21.086252,72.9876152,28.0,0.411,-0.471,0.721,,0.0,0.0,0.0,,,,,0.0,0.0,29.0,-0.0001357999999989,-5.6500000013670615e-05,2.01,87.0,36.5,0
18863,SO-0901,Head Constable Asha Joshi,Head Constable,47,2026-07-16 18:16:17+00:00,91.0,87.0,,21.0862709,72.9876456,28.0,-1.018,-0.132,-0.07,,0.0,0.0,0.0,,,,,0.0,0.0,30.0,1.889999999704628e-05,3.039999999998599e-05,0.45,87.0,36.5,2
18867,SO-0901,Head Constable Asha Joshi,Head Constable,47,2026-07-16 18:16:47+00:00,88.0,83.0,,21.0862217,72.9876175,28.0,-0.817,-0.224,-0.673,,0.0,0.0,0.0,,,,,0.0,0.0,30.0,-4.919999999941638e-05,-2.8099999994424252e-05,0.74,83.0,36.5,0
18871,SO-0901,Head Constable Asha Joshi,Head Constable,47,2026-07-16 18:17:19+00:00,86.0,85.0,,21.0856683,72.9883994,28.0,0.735,-0.724,0.285,,0.0,0.0,0.0,,,,,0.0,0.0,32.0,-0.0005534000000011,0.0007819000000068,11.43,85.0,36.5,1
18875,SO-0901,Head Constable Asha Joshi,Head Constable,47,2026-07-16 18:17:47+00:00,100.0,82.0,,21.0862566,72.9876734,28.0,-1.004,-0.147,-0.226,,0.0,0.0,0.0,,,,,0.0,0.0,28.0,0.0005883000000004,-0.0007260000000002,12.8,82.0,36.5,1
18879,SO-0901,Head Constable Asha Joshi,Head Constable,47,2026-07-16 18:18:19+00:00,81.0,88.0,,21.0862796,72.9876355,28.0,-1.012,-0.041,-0.156,,0.0,0.0,0.0,,,,,0.0,0.0,32.0,2.3000000002326715e-05,-3.7900000009472024e-05,0.53,88.0,36.5,0
18883,SO-0901,Head Constable Asha Joshi,Head Constable,47,2026-07-16 18:18:47+00:00,82.0,79.0,,21.0862599,72.9876482,28.0,-0.792,0.529,0.267,,0.0,0.0,0.0,,,,,0.0,0.0,28.0,-1.969999999928973e-05,1.2699999999199464e-05,0.33,79.0,36.5,0
18887,SO-0901,Head Constable Asha Joshi,Head Constable,47,2026-07-16 18:19:19+00:00,90.0,73.0,,21.0862605,72.9876459,28.0,-0.9,0.051,0.419,,0.0,0.0,0.0,,,,,0.0,0.0,32.0,5.999999999062311e-07,-2.2999999913508873e-06,0.03,73.0,36.5,0
18891,SO-0901,Head Constable Asha Joshi,Head Constable,47,2026-07-16 18:19:47+00:00,82.0,87.0,,21.0862543,72.9876545,28.0,-0.985,0.0,0.22,,0.0,0.0,0.0,,,,,0.0,0.0,28.0,-6.2000000013995304e-06,8.600000001024455e-06,0.14,87.0,36.5,0
18895,SO-0901,Head Constable Asha Joshi,Head Constable,47,2026-07-16 18:20:17+00:00,84.0,84.0,,21.0862799,72.9876354,28.0,0.118,0.717,-0.758,,0.0,0.0,0.0,,,,,0.0,0.0,30.0,2.5600000000736145e-05,-1.9100000002936213e-05,0.42,84.0,36.5,0
18899,SO-0901,Head Constable Asha Joshi,Head Constable,47,2026-07-16 18:20:47+00:00,86.0,87.0,,21.0862802,72.9876348,28.0,-1.005,0.087,0.082,,0.0,0.0,0.0,,,,,0.0,0.0,30.0,2.999999999531156e-07,-6.000000070116585e-07,0.01,87.0,36.5,0
18903,SO-0901,Head Constable Asha Joshi,Head Constable,47,2026-07-16 18:21:17+00:00,91.0,88.0,,21.0862803,72.987635,28.0,-0.846,-0.176,-0.585,,0.0,0.0,0.0,,,,,0.0,0.0,30.0,9.999999761589606e-08,2.0000000233721948e-07,0.0,88.0,36.5,2
18907,SO-0901,Head Constable Asha Joshi,Head Constable,47,2026-07-16 18:21:47+00:00,100.0,87.0,,21.0862793,72.9876343,28.0,-0.766,-0.221,-0.677,,0.0,0.0,0.0,,,,,0.0,0.0,30.0,-9.999999974752427e-07,-7.000000010748408e-07,0.02,87.0,36.5,2
18911,SO-0901,Head Constable Asha Joshi,Head Constable,47,2026-07-16 18:22:17+00:00,82.0,87.0,,21.0862803,72.9876351,28.0,-0.942,-0.288,-0.302,,0.0,0.0,0.0,,,,,0.0,0.0,30.0,9.999999974752427e-07,8.000000093488779e-07,0.02,87.0,36.5,0
18914,SO-0901,Head Constable Asha Joshi,Head Constable,47,2026-07-16 18:22:47+00:00,86.0,87.0,,21.0862797,72.9876355,28.0,-0.366,-0.506,0.709,,0.0,0.0,0.0,,,,,0.0,0.0,30.0,-5.999999999062311e-07,3.9999999046358425e-07,0.01,87.0,36.5,0
18917,SO-0901,Head Constable Asha Joshi,Head Constable,47,2026-07-16 18:23:17+00:00,96.0,86.0,,21.0862803,72.987635,28.0,-0.725,-0.378,-0.68,,0.0,0.0,0.0,,,,,0.0,0.0,30.0,5.999999999062311e-07,-4.999999987376214e-07,0.01,86.0,36.5,2
18920,SO-0901,Head Constable Asha Joshi,Head Constable,47,2026-07-16 18:23:46+00:00,84.0,83.0,,21.0862785,72.9876293,28.0,-0.989,-0.073,-0.283,,0.0,0.0,0.0,,,,,0.0,0.0,29.0,-1.7999999997186933e-06,-5.700000002661909e-06,0.08,83.0,36.5,0
18924,SO-0901,Head Constable Asha Joshi,Head Constable,47,2026-07-16 18:24:17+00:00,85.0,82.0,,21.0862796,72.9876355,28.0,-0.976,-0.116,-0.314,,0.0,0.0,0.0,,,,,0.0,0.0,31.0,1.100000002196566e-06,6.2000000013995304e-06,0.08,82.0,36.5,0
18928,SO-0901,Head Constable Asha Joshi,Head Constable,47,2026-07-16 18:24:47+00:00,89.0,88.0,,21.0862796,72.9876355,28.0,-0.919,-0.21,0.351,,0.0,0.0,0.0,,,,,0.0,0.0,30.0,0.0,0.0,0.0,88.0,36.5,0
18932,SO-0901,Head Constable Asha Joshi,Head Constable,47,2026-07-16 18:25:17+00:00,84.0,85.0,,21.0862728,72.9876541,28.0,-0.409,-0.06,0.882,,0.0,0.0,0.0,,,,,0.0,0.0,30.0,-6.8000000013057615e-06,1.860000000419859e-05,0.25,85.0,36.5,0
18936,SO-0901,Head Constable Asha Joshi,Head Constable,47,2026-07-16 18:25:47+00:00,98.0,87.0,,21.0862796,72.9876355,28.0,-1.397,-0.657,-0.006,,0.0,0.0,0.0,,,,,0.0,0.0,30.0,6.8000000013057615e-06,-1.860000000419859e-05,0.25,87.0,36.5,2
18940,SO-0901,Head Constable Asha Joshi,Head Constable,47,2026-07-16 18:26:17+00:00,81.0,83.0,,21.0862795,72.9876355,28.0,-0.894,-0.188,-0.504,,0.0,0.0,0.0,,,,,0.0,0.0,30.0,-1.0000000116860974e-07,0.0,0.0,83.0,36.5,0
18944,SO-0901,Head Constable Asha Joshi,Head Constable,47,2026-07-16 18:26:47+00:00,85.0,86.0,,21.0862796,72.9876355,28.0,-0.841,-0.198,-0.578,,0.0,0.0,0.0,,,,,0.0,0.0,30.0,1.0000000116860974e-07,0.0,0.0,86.0,36.5,0
18948,SO-0901,Head Constable Asha Joshi,Head Constable,47,2026-07-16 18:27:17+00:00,91.0,71.0,,21.0862753,72.9876461,28.0,0.428,0.937,1.073,,0.0,0.0,0.0,,,,,0.0,0.0,30.0,-4.300000000512227e-06,1.0600000010185797e-05,0.14,71.0,36.5,2
18952,SO-0901,Head Constable Asha Joshi,Head Constable,47,2026-07-16 18:27:46+00:00,81.0,87.0,,21.0862803,72.9876351,28.0,-0.879,-0.133,-0.553,,0.0,0.0,0.0,,,,,0.0,0.0,29.0,4.9999999980343546e-06,-1.100000000064938e-05,0.16,87.0,36.5,0
18957,SO-0901,Head Constable Asha Joshi,Head Constable,47,2026-07-16 18:28:21+00:00,87.0,87.0,,21.0837686,72.9869616,27.5,-1.029,-0.124,-0.197,,0.0,0.0,0.0,,,,,0.0,0.0,35.0,-0.0025116999999994,-0.0006735000000048,29.56,87.0,36.5,1
18959,SO-0901,Head Constable Asha Joshi,Head Constable,47,2026-07-16 18:28:47+00:00,83.0,68.0,,21.0862797,72.9876355,28.0,-0.918,-0.159,-0.457,,0.0,0.0,0.0,,,,,0.0,0.0,26.0,0.0025110999999995,0.0006738999999953,39.78,68.0,36.5,1
18962,SO-0901,Head Constable Asha Joshi,Head Constable,47,2026-07-16 18:29:17+00:00,88.0,87.0,,21.0862674,72.9876596,28.0,-0.959,-0.067,-0.378,,0.0,0.0,0.0,,,,,0.0,0.0,30.0,-1.2299999998077736e-05,2.410000000452328e-05,0.34,87.0,36.5,0
18965,SO-0901,Head Constable Asha Joshi,Head Constable,47,2026-07-16 18:29:47+00:00,85.0,87.0,,21.0862803,72.987635,28.0,-0.988,-0.044,-0.282,,0.0,0.0,0.0,,,,,0.0,0.0,30.0,1.2899999997983969e-05,-2.4600000003260906e-05,0.35,87.0,36.5,0
18968,SO-0901,Head Constable Asha Joshi,Head Constable,47,2026-07-16 18:30:17+00:00,93.0,86.0,,21.0862795,72.9876355,28.0,-0.991,-0.095,-0.297,,0.0,0.0,0.0,,,,,0.0,0.0,30.0,-7.999999986907369e-07,4.999999987376214e-07,0.01,86.0,36.5,2
18971,SO-0901,Head Constable Asha Joshi,Head Constable,47,2026-07-16 18:30:47+00:00,88.0,68.0,,21.0862571,72.9876568,28.0,-1.171,-0.149,0.417,,0.0,0.0,0.0,,,,,0.0,0.0,30.0,-2.239999999886777e-05,2.130000000022392e-05,0.4,68.0,36.5,0
18974,SO-0901,Head Constable Asha Joshi,Head Constable,47,2026-07-16 18:31:17+00:00,81.0,83.0,,21.0862783,72.9876407,28.0,-0.966,-0.065,-0.347,,0.0,0.0,0.0,,,,,0.0,0.0,30.0,2.1199999999055308e-05,-1.609999999629963e-05,0.35,83.0,36.5,0
18977,SO-0901,Head Constable Asha Joshi,Head Constable,47,2026-07-16 18:31:47+00:00,81.0,82.0,,21.0862686,72.9876483,28.0,-0.944,-0.106,-0.435,,0.0,0.0,0.0,,,,,0.0,0.0,30.0,-9.699999999668307e-06,7.600000003549212e-06,0.16,82.0,36.5,0
18980,SO-0901,Head Constable Asha Joshi,Head Constable,47,2026-07-16 18:32:17+00:00,87.0,88.0,,21.0862695,72.9876505,28.0,-0.915,-0.185,-0.458,,0.0,0.0,0.0,,,,,0.0,0.0,30.0,8.999999998593466e-07,2.199999997287705e-06,0.03,88.0,36.5,0
18983,SO-0901,Head Constable Asha Joshi,Head Constable,47,2026-07-16 18:32:47+00:00,85.0,88.0,,21.086272,72.9876444,28.0,-0.954,-0.153,-0.375,,0.0,0.0,0.0,,,,,0.0,0.0,30.0,2.500000000793534e-06,-6.100000007336348e-06,0.08,88.0,36.5,0
18987,SO-0901,Head Constable Asha Joshi,Head Constable,47,2026-07-16 18:33:21+00:00,83.0,75.0,,21.0862802,72.9876358,28.0,-0.964,-0.123,-0.367,,0.0,0.0,0.0,,,,,0.0,0.0,34.0,8.19999999990273e-06,-8.5999999868136e-06,0.13,75.0,36.5,0
18989,SO-0901,Head Constable Asha Joshi,Head Constable,47,2026-07-16 18:33:48+00:00,89.0,79.0,,21.0863635,72.9876641,28.0,-0.867,-0.131,-0.57,,0.0,0.0,0.0,,,,,0.0,0.0,27.0,8.330000000000837e-05,2.829999999676147e-05,1.29,79.0,36.5,0
18992,SO-0901,Head Constable Asha Joshi,Head Constable,47,2026-07-16 18:34:17+00:00,84.0,86.0,,21.0862799,72.9876347,28.0,-0.946,-0.186,-0.316,,0.0,0.0,0.0,,,,,0.0,0.0,29.0,-8.359999999996148e-05,-2.940000000251075e-05,1.21,86.0,36.5,0
18995,SO-0901,Head Constable Asha Joshi,Head Constable,47,2026-07-16 18:34:47+00:00,98.0,82.0,,21.0862565,72.9876531,28.0,-0.393,-0.941,-0.14,,0.0,0.0,0.0,,,,,0.0,0.0,30.0,-2.3399999999895726e-05,1.8400000001861372e-05,0.39,82.0,36.5,2
18998,SO-0901,Head Constable Asha Joshi,Head Constable,47,2026-07-16 18:35:17+00:00,90.0,80.0,,21.0862574,72.9876588,28.0,-1.055,-0.318,0.0,,0.0,0.0,0.0,,,,,0.0,0.0,30.0,8.999999998593466e-07,5.700000002661909e-06,0.07,80.0,36.5,0
19001,SO-0901,Head Constable Asha Joshi,Head Constable,47,2026-07-16 18:35:47+00:00,87.0,86.0,,21.0862522,72.9876488,28.0,-0.083,-0.135,0.93,,0.0,0.0,0.0,,,,,0.0,0.0,30.0,-5.200000000371574e-06,-1.0000000003174137e-05,0.14,86.0,36.5,0
19004,SO-0901,Head Constable Asha Joshi,Head Constable,47,2026-07-16 18:36:17+00:00,91.0,85.0,,21.0862102,72.9876987,28.0,-0.985,0.124,-0.272,,0.0,0.0,0.0,,,,,0.0,0.0,30.0,-4.20000000005416e-05,4.989999999338579e-05,0.84,85.0,36.5,2
19007,SO-0901,Head Constable Asha Joshi,Head Constable,47,2026-07-16 18:36:47+00:00,91.0,73.0,,21.0862786,72.9876586,28.0,-0.981,0.201,0.224,,0.0,0.0,0.0,,,,,0.0,0.0,30.0,6.839999999996849e-05,-4.0099999992548874e-05,1.04,73.0,36.5,2
19010,SO-0901,Head Constable Asha Joshi,Head Constable,47,2026-07-16 18:37:17+00:00,83.0,87.0,,21.0862796,72.9876355,28.0,-0.908,0.416,0.086,,0.0,0.0,0.0,,,,,0.0,0.0,30.0,1.0000000010279564e-06,-2.310000000704804e-05,0.29,87.0,36.5,0
19013,SO-0901,Head Constable Asha Joshi,Head Constable,47,2026-07-16 18:37:47+00:00,87.0,80.0,,21.0862774,72.9876552,28.0,-0.922,0.388,0.114,,0.0,0.0,0.0,,,,,0.0,0.0,30.0,-2.2000000008404186e-06,1.970000000994787e-05,0.25,80.0,36.5,0
19016,SO-0901,Head Constable Asha Joshi,Head Constable,47,2026-07-16 18:38:17+00:00,85.0,66.0,,21.0862752,72.9876442,28.0,-0.519,0.66,0.489,,0.0,0.0,0.0,,,,,0.0,0.0,30.0,-2.2000000008404186e-06,-1.100000000064938e-05,0.14,66.0,36.5,0
19019,SO-0901,Head Constable Asha Joshi,Head Constable,47,2026-07-16 18:38:47+00:00,87.0,88.0,,21.0862796,72.9876355,28.0,-0.977,0.23,0.095,,0.0,0.0,0.0,,,,,0.0,0.0,30.0,4.400000001680837e-06,-8.700000009298492e-06,0.12,88.0,36.5,0
19022,SO-0901,Head Constable Asha Joshi,Head Constable,47,2026-07-16 18:39:17+00:00,91.0,86.0,,21.0862621,72.9876424,28.0,-0.986,0.218,0.088,,0.0,0.0,0.0,,,,,0.0,0.0,30.0,-1.7500000002002025e-05,6.900000002474371e-06,0.25,86.0,36.5,2
19025,SO-0901,Head Constable Asha Joshi,Head Constable,47,2026-07-16 18:39:47+00:00,88.0,87.0,,21.0862802,72.9876348,28.0,-0.461,0.641,0.567,,0.0,0.0,0.0,,,,,0.0,0.0,30.0,1.8100000001908256e-05,-7.600000003549212e-06,0.26,87.0,36.5,0
19028,SO-0901,Head Constable Asha Joshi,Head Constable,47,2026-07-16 18:40:17+00:00,83.0,88.0,,21.0862802,72.9876348,28.0,-0.43,0.627,0.609,,0.0,0.0,0.0,,,,,0.0,0.0,30.0,0.0,0.0,0.0,88.0,36.5,0
19031,SO-0901,Head Constable Asha Joshi,Head Constable,47,2026-07-16 18:40:47+00:00,87.0,88.0,,21.0862803,72.9876351,28.0,-0.396,0.626,0.639,,0.0,0.0,0.0,,,,,0.0,0.0,30.0,9.999999761589606e-08,3.000000106112566e-07,0.0,88.0,36.5,0
19034,SO-0901,Head Constable Asha Joshi,Head Constable,47,2026-07-16 18:41:17+00:00,83.0,86.0,,21.0862811,72.9876087,28.0,-0.701,0.629,0.428,,0.0,0.0,0.0,,,,,0.0,0.0,30.0,8.000000022434506e-07,-2.6400000010085023e-05,0.33,86.0,36.5,0
19037,SO-0901,Head Constable Asha Joshi,Head Constable,47,2026-07-16 18:41:47+00:00,88.0,67.0,,21.0862795,72.9876358,28.0,-0.193,0.264,0.943,,0.0,0.0,0.0,,,,,0.0,0.0,30.0,-1.6000000009341877e-06,2.7100000011159864e-05,0.34,67.0,36.5,0
19040,SO-0901,Head Constable Asha Joshi,Head Constable,47,2026-07-16 18:42:17+00:00,82.0,87.0,,21.0862796,72.9876358,28.0,-0.9,-0.134,0.404,,0.0,0.0,0.0,,,,,0.0,0.0,30.0,1.0000000116860974e-07,0.0,0.0,87.0,36.5,0
19043,SO-0901,Head Constable Asha Joshi,Head Constable,47,2026-07-16 18:42:47+00:00,81.0,86.0,,21.0862736,72.9876503,28.0,-0.915,-0.134,0.383,,0.0,0.0,0.0,,,,,0.0,0.0,30.0,-6.000000002615025e-06,1.4499999991812729e-05,0.2,86.0,36.5,0
19046,SO-0901,Head Constable Asha Joshi,Head Constable,47,2026-07-16 18:43:17+00:00,83.0,88.0,,21.0862491,72.9876379,28.0,-0.992,-0.134,-0.238,,0.0,0.0,0.0,,,,,0.0,0.0,30.0,-2.449999999853958e-05,-1.240000000279906e-05,0.36,88.0,36.5,0
19049,SO-0901,Head Constable Asha Joshi,Head Constable,47,2026-07-16 18:43:47+00:00,90.0,74.0,,21.0862546,72.9876591,28.0,-0.792,-0.026,0.281,,0.0,0.0,0.0,,,,,0.0,0.0,30.0,5.50000000032469e-06,2.1200000006160735e-05,0.27,74.0,36.5,0
19052,SO-0901,Head Constable Asha Joshi,Head Constable,47,2026-07-16 18:44:17+00:00,87.0,86.0,,21.0862743,72.9875065,27.899999618530273,0.015,0.9,-0.434,,0.0,0.0,0.0,,,,,0.0,0.0,30.0,1.969999999928973e-05,-0.0001526000000069,1.91,86.0,36.5,0
19055,SO-0901,Head Constable Asha Joshi,Head Constable,47,2026-07-16 18:44:47+00:00,84.0,70.0,,21.0862793,72.9876343,28.0,-0.218,0.958,0.171,,0.0,0.0,0.0,,,,,0.0,0.0,30.0,5.000000001587068e-06,0.0001278000000013,1.59,70.0,36.5,0
19059,SO-0901,Head Constable Asha Joshi,Head Constable,47,2026-07-16 18:45:20+00:00,86.0,88.0,,21.0863403,72.9876697,28.0,-0.972,-0.055,0.019,,0.0,0.0,0.0,,,,,0.0,0.0,33.0,6.099999999875649e-05,3.540000000157306e-05,0.84,88.0,36.5,0
19061,SO-0901,Head Constable Asha Joshi,Head Constable,47,2026-07-16 18:45:47+00:00,82.0,76.0,,21.0862696,72.9876481,28.0,-1.012,-0.033,0.117,,0.0,0.0,0.0,,,,,0.0,0.0,27.0,-7.06999999984248e-05,-2.159999999662432e-05,1.09,76.0,36.5,0
19064,SO-0901,Head Constable Asha Joshi,Head Constable,47,2026-07-16 18:46:16+00:00,96.0,79.0,,21.0863403,72.9876697,27.5,-0.755,0.023,-0.697,,0.0,0.0,0.0,,,,,0.0,0.0,29.0,7.06999999984248e-05,2.159999999662432e-05,1.01,79.0,36.5,2
19067,SO-0901,Head Constable Asha Joshi,Head Constable,47,2026-07-16 18:46:47+00:00,88.0,65.0,,21.0862563,72.9876563,28.0,-1.011,-0.176,-0.198,,0.0,0.0,0.0,,,,,0.0,0.0,31.0,-8.400000000108321e-05,-1.3400000000274304e-05,1.09,65.0,36.5,0
19070,SO-0901,Head Constable Asha Joshi,Head Constable,47,2026-07-16 18:47:17+00:00,88.0,85.0,,21.0862685,72.98765,28.0,-1.014,-0.225,-0.21,,0.0,0.0,0.0,,,,,0.0,0.0,30.0,1.220000000046184e-05,-6.299999995462713e-06,0.18,85.0,36.5,0
19073,SO-0901,Head Constable Asha Joshi,Head Constable,47,2026-07-16 18:47:47+00:00,85.0,88.0,,21.0862669,72.987651,28.0,-0.999,-0.219,-0.088,,0.0,0.0,0.0,,,,,0.0,0.0,30.0,-1.6000000009341877e-06,9.999999974752427e-07,0.02,88.0,36.5,0
19076,SO-0901,Head Constable Asha Joshi,Head Constable,47,2026-07-16 18:48:17+00:00,87.0,83.0,,21.086255,72.9876554,28.0,-0.989,-0.019,-0.323,,0.0,0.0,0.0,,,,,0.0,0.0,30.0,-1.1899999996956012e-05,4.39999999457541e-06,0.17,83.0,36.5,0
19079,SO-0901,Head Constable Asha Joshi,Head Constable,47,2026-07-16 18:48:47+00:00,90.0,87.0,,21.0862388,72.9877027,28.0,-1.025,-0.042,-0.101,,0.0,0.0,0.0,,,,,0.0,0.0,30.0,-1.6200000001020953e-05,4.73000000056345e-05,0.63,87.0,36.5,0
19082,SO-0901,Head Constable Asha Joshi,Head Constable,47,2026-07-16 18:49:17+00:00,88.0,88.0,,21.0862425,72.9876503,28.0,-0.985,-0.15,-0.201,,0.0,0.0,0.0,,,,,0.0,0.0,30.0,3.700000000605996e-06,-5.240000000128475e-05,0.65,88.0,36.5,0
19085,SO-0901,Head Constable Asha Joshi,Head Constable,47,2026-07-16 18:49:47+00:00,86.0,86.0,,21.0862544,72.9876574,28.0,-1.093,-0.168,-0.282,,0.0,0.0,0.0,,,,,0.0,0.0,30.0,1.1900000000508726e-05,7.100000004811591e-06,0.18,86.0,36.5,0
19088,SO-0901,Head Constable Asha Joshi,Head Constable,47,2026-07-16 18:50:17+00:00,96.0,83.0,,21.0862439,72.9876528,28.0,-0.978,-0.209,-0.171,,0.0,0.0,0.0,,,,,0.0,0.0,30.0,-1.0500000001911758e-05,-4.599999996912629e-06,0.15,83.0,36.5,2
19091,SO-0901,Head Constable Asha Joshi,Head Constable,47,2026-07-16 18:50:46+00:00,82.0,87.0,,21.0862799,72.9876347,28.0,-1.0,0.002,-0.153,,0.0,0.0,0.0,,,,,0.0,0.0,29.0,3.600000000147929e-05,-1.810000000546097e-05,0.55,87.0,36.5,0
19094,SO-0901,Head Constable Asha Joshi,Head Constable,47,2026-07-16 18:51:17+00:00,86.0,84.0,,21.0862563,72.9876542,28.0,-1.243,0.069,0.083,,0.0,0.0,0.0,,,,,0.0,0.0,31.0,-2.3600000002232943e-05,1.9499999993399797e-05,0.38,84.0,36.5,0
19097,SO-0901,Head Constable Asha Joshi,Head Constable,47,2026-07-16 18:51:47+00:00,86.0,79.0,,21.0862796,72.9876345,28.0,-0.756,0.333,0.778,,0.0,0.0,0.0,,,,,0.0,0.0,30.0,2.330000000227983e-05,-1.9699999995737016e-05,0.4,79.0,36.5,0
19100,SO-0901,Head Constable Asha Joshi,Head Constable,47,2026-07-16 18:52:17+00:00,82.0,88.0,,21.0862545,72.9876544,28.0,-0.985,-0.058,-0.296,,0.0,0.0,0.0,,,,,0.0,0.0,30.0,-2.5100000001998524e-05,1.9899999998074236e-05,0.42,88.0,36.5,0
19103,SO-0901,Head Constable Asha Joshi,Head Constable,47,2026-07-16 18:52:47+00:00,93.0,66.0,,21.0862558,72.9876521,28.0,-0.951,-0.088,-0.464,,0.0,0.0,0.0,,,,,0.0,0.0,30.0,1.300000000981072e-06,-2.2999999913508873e-06,0.03,66.0,36.5,2
19106,SO-0901,Head Constable Asha Joshi,Head Constable,47,2026-07-16 18:53:17+00:00,92.0,88.0,,21.0863769,72.9878126,28.0,-1.0,0.039,-0.198,,0.0,0.0,0.0,,,,,0.0,0.0,30.0,0.0001211000000012,0.0001604999999926,2.56,88.0,36.5,2
19109,SO-0901,Head Constable Asha Joshi,Head Constable,47,2026-07-16 18:53:47+00:00,95.0,84.0,,21.0861896,72.9877005,28.0,-0.998,0.066,-0.231,,0.0,0.0,0.0,,,,,0.0,0.0,30.0,-0.0001873000000003,-0.0001120999999955,2.86,84.0,36.5,2
19112,SO-0901,Head Constable Asha Joshi,Head Constable,47,2026-07-16 18:54:17+00:00,82.0,88.0,,21.0862566,72.9876694,28.0,-1.021,0.107,-0.19,,0.0,0.0,0.0,,,,,0.0,0.0,30.0,6.69999999978188e-05,-3.1100000001060835e-05,0.97,88.0,36.5,0
19498,SO-0901,Head Constable Asha Joshi,Head Constable,47,2026-07-16 20:37:17+00:00,87.0,,,21.270706,72.9713231,29.700000762939453,-0.09,-0.02,0.962,,0.0,0.0,0.0,,,,,0.0,0.0,6180.0,0.1844494000000018,-0.016346299999995,0.0,88.0,36.5,0
19500,SO-0901,Head Constable Asha Joshi,Head Constable,47,2026-07-16 20:37:48+00:00,87.0,,,21.2707038,72.9713217,29.700000762939453,-0.09,-0.019,0.964,,0.0,0.0,0.0,,,,,0.0,0.0,31.0,-2.2000000008404186e-06,-1.4000000021496817e-06,0.03,88.0,36.5,0
19502,SO-0901,Head Constable Asha Joshi,Head Constable,47,2026-07-16 20:38:18+00:00,87.0,,,21.2707047,72.9713269,29.700000762939453,-0.091,-0.021,0.965,,0.0,0.0,0.0,,,,,0.0,0.0,30.0,8.999999998593466e-07,5.199999989713433e-06,0.07,88.0,36.5,0
19504,SO-0901,Head Constable Asha Joshi,Head Constable,47,2026-07-16 20:38:47+00:00,88.0,,,21.2707037,72.9713219,29.700000762939453,-0.093,-0.024,0.971,,0.0,0.0,0.0,,,,,0.0,0.0,29.0,-1.0000000010279564e-06,-4.9999999873762135e-06,0.07,88.0,36.5,0
19506,SO-0901,Head Constable Asha Joshi,Head Constable,47,2026-07-16 20:39:18+00:00,88.0,,,21.2707027,72.9713192,29.700000762939453,-0.089,-0.023,0.971,,0.0,0.0,0.0,,,,,0.0,0.0,31.0,-9.999999974752427e-07,-2.700000010236181e-06,0.03,88.0,36.5,0
19508,SO-0901,Head Constable Asha Joshi,Head Constable,47,2026-07-16 20:39:48+00:00,91.0,,,21.2707059,72.9713247,29.700000762939453,-0.09,-0.021,0.971,,0.0,0.0,0.0,,,,,0.0,0.0,30.0,3.1999999983156613e-06,5.50000000032469e-06,0.08,88.0,36.5,2
19510,SO-0901,Head Constable Asha Joshi,Head Constable,47,2026-07-16 20:40:17+00:00,88.0,,,21.2707005,72.9713201,29.700000762939453,-0.092,-0.024,0.959,,0.0,0.0,0.0,,,,,0.0,0.0,29.0,-5.39999999915608e-06,-4.599999996912629e-06,0.1,88.0,36.5,0
19512,SO-0901,Head Constable Asha Joshi,Head Constable,47,2026-07-16 20:40:48+00:00,91.0,,,21.270703,72.9713256,29.700000762939453,-0.096,-0.021,0.966,,0.0,0.0,0.0,,,,,0.0,0.0,31.0,2.500000000793534e-06,5.50000000032469e-06,0.07,88.0,36.5,2
19514,SO-0901,Head Constable Asha Joshi,Head Constable,47,2026-07-16 20:41:18+00:00,87.0,,,21.2707016,72.9713223,29.700000762939453,-0.091,-0.026,0.968,,0.0,0.0,0.0,,,,,0.0,0.0,30.0,-1.4000000021496817e-06,-3.3000000030369847e-06,0.05,88.0,36.5,0
19516,SO-0901,Head Constable Asha Joshi,Head Constable,47,2026-07-16 20:41:47+00:00,89.0,,,21.2707036,72.971324,29.700000762939453,-0.091,-0.024,0.959,,0.0,0.0,0.0,,,,,0.0,0.0,29.0,2.0000000020559128e-06,1.6999999985500835e-06,0.04,88.0,36.5,0
19518,SO-0901,Head Constable Asha Joshi,Head Constable,47,2026-07-16 20:42:17+00:00,83.0,,,21.2707028,72.9713222,29.700000762939453,-0.088,-0.024,0.968,,0.0,0.0,0.0,,,,,0.0,0.0,30.0,-8.000000022434506e-07,-1.799999992613266e-06,0.02,88.0,36.5,0
19520,SO-0901,Head Constable Asha Joshi,Head Constable,47,2026-07-16 20:42:47+00:00,87.0,,,21.2707056,72.9713233,29.700000762939453,-0.094,-0.024,0.964,,0.0,0.0,0.0,,,,,0.0,0.0,30.0,2.8000000007466497e-06,1.099999991538425e-06,0.04,88.0,36.5,0
19522,SO-0901,Head Constable Asha Joshi,Head Constable,47,2026-07-16 20:43:17+00:00,88.0,,,21.2707063,72.9713261,29.700000762939453,-0.094,-0.024,0.961,,0.0,0.0,0.0,,,,,0.0,0.0,30.0,7.000000010748408e-07,2.8000000042993634e-06,0.04,88.0,36.5,0
19524,SO-0901,Head Constable Asha Joshi,Head Constable,47,2026-07-16 20:43:48+00:00,89.0,,,21.2707026,72.971326,29.700000762939453,-0.093,-0.02,0.965,,0.0,0.0,0.0,,,,,0.0,0.0,31.0,-3.700000000605996e-06,-9.999999406318238e-08,0.05,88.0,36.5,0
19526,SO-0901,Head Constable Asha Joshi,Head Constable,47,2026-07-16 20:44:21+00:00,86.0,,,21.2717014,72.9720768,29.700000762939453,-0.092,-0.025,0.969,,0.0,0.0,0.0,,,,,0.0,0.0,33.0,0.0009988000000014,0.0007507999999916,14.77,88.0,36.5,1
19528,SO-0901,Head Constable Asha Joshi,Head Constable,47,2026-07-16 20:44:48+00:00,86.0,,,21.2707029,72.9713297,29.700000762939453,-0.092,-0.025,0.971,,0.0,0.0,0.0,,,,,0.0,0.0,27.0,-0.0009985000000014,-0.0007470999999981,18.02,88.0,36.5,1
19530,SO-0901,Head Constable Asha Joshi,Head Constable,47,2026-07-16 20:45:18+00:00,89.0,,,21.2707042,72.9713181,29.700000762939453,-0.096,-0.024,0.966,,0.0,0.0,0.0,,,,,0.0,0.0,30.0,1.300000000981072e-06,-1.1599999993450185e-05,0.15,88.0,36.5,0
19532,SO-0901,Head Constable Asha Joshi,Head Constable,47,2026-07-16 20:45:47+00:00,90.0,,,21.2707027,72.9713237,29.700000762939453,-0.097,-0.023,0.967,,0.0,0.0,0.0,,,,,0.0,0.0,29.0,-1.4999999997655775e-06,5.599999994387872e-06,0.07,88.0,36.5,0
19534,SO-0901,Head Constable Asha Joshi,Head Constable,47,2026-07-16 20:46:17+00:00,91.0,,,21.2707026,72.9713225,29.700000762939453,-0.093,-0.021,0.966,,0.0,0.0,0.0,,,,,0.0,0.0,30.0,-1.0000000116860974e-07,-1.1999999998124622e-06,0.01,88.0,36.5,2
19536,SO-0901,Head Constable Asha Joshi,Head Constable,47,2026-07-16 20:46:47+00:00,89.0,,,21.2707038,72.9713223,29.700000762939453,-0.088,-0.022,0.961,,0.0,0.0,0.0,,,,,0.0,0.0,30.0,1.1999999998124622e-06,-2.0000000233721948e-07,0.02,88.0,36.5,0
19538,SO-0901,Head Constable Asha Joshi,Head Constable,47,2026-07-16 20:47:18+00:00,90.0,,,21.2707026,72.9713218,29.700000762939453,-0.095,-0.028,0.969,,0.0,0.0,0.0,,,,,0.0,0.0,31.0,-1.1999999998124622e-06,-4.999999987376214e-07,0.02,88.0,36.5,0
19540,SO-0901,Head Constable Asha Joshi,Head Constable,47,2026-07-16 20:47:48+00:00,88.0,,,21.2707024,72.971325,29.700000762939453,-0.095,-0.023,0.963,,0.0,0.0,0.0,,,,,0.0,0.0,30.0,-1.999999987845058e-07,3.1999999947629476e-06,0.04,88.0,36.5,0
19542,SO-0901,Head Constable Asha Joshi,Head Constable,47,2026-07-16 20:48:16+00:00,87.0,,,21.2707014,72.9713189,29.700000762939453,-0.093,-0.026,0.962,,0.0,0.0,0.0,,,,,0.0,0.0,28.0,-1.0000000010279564e-06,-6.099999993125493e-06,0.08,88.0,36.5,0
19544,SO-0901,Head Constable Asha Joshi,Head Constable,47,2026-07-16 20:48:48+00:00,88.0,,,21.2707018,72.9713231,29.700000762939453,-0.091,-0.025,0.972,,0.0,0.0,0.0,,,,,0.0,0.0,32.0,4.000000011217253e-07,4.200000006449045e-06,0.05,88.0,36.5,0
19546,SO-0901,Head Constable Asha Joshi,Head Constable,47,2026-07-16 20:49:17+00:00,90.0,,,21.2707033,72.9713217,29.700000762939453,-0.097,-0.023,0.967,,0.0,0.0,0.0,,,,,0.0,0.0,29.0,1.4999999997655775e-06,-1.4000000021496817e-06,0.03,88.0,36.5,0
19548,SO-0901,Head Constable Asha Joshi,Head Constable,47,2026-07-16 20:49:48+00:00,92.0,,,21.2707012,72.9713206,29.700000762939453,-0.093,-0.025,0.962,,0.0,0.0,0.0,,,,,0.0,0.0,31.0,-2.099999999671809e-06,-1.1000000057492798e-06,0.03,88.0,36.5,2
19550,SO-0901,Head Constable Asha Joshi,Head Constable,47,2026-07-16 20:50:18+00:00,89.0,,,21.2707075,72.9713238,29.700000762939453,-0.091,-0.023,0.966,,0.0,0.0,0.0,,,,,0.0,0.0,30.0,6.2999999990154265e-06,3.1999999947629476e-06,0.09,88.0,36.5,0
19552,SO-0901,Head Constable Asha Joshi,Head Constable,47,2026-07-16 20:50:48+00:00,91.0,,,21.2707064,72.9713183,29.700000762939453,-0.092,-0.023,0.972,,0.0,0.0,0.0,,,,,0.0,0.0,30.0,-1.0999999986438525e-06,-5.50000000032469e-06,0.07,88.0,36.5,2
19554,SO-0901,Head Constable Asha Joshi,Head Constable,47,2026-07-16 20:51:18+00:00,90.0,,,21.2707034,72.9713192,29.700000762939453,-0.092,-0.024,0.961,,0.0,0.0,0.0,,,,,0.0,0.0,30.0,-3.000000003083869e-06,9.000000034120603e-07,0.04,88.0,36.5,0
19556,SO-0901,Head Constable Asha Joshi,Head Constable,47,2026-07-16 20:51:48+00:00,87.0,,,21.270703,72.9713178,29.700000762939453,-0.092,-0.024,0.965,,0.0,0.0,0.0,,,,,0.0,0.0,30.0,-3.999999975690116e-07,-1.4000000021496817e-06,0.02,88.0,36.5,0
19558,SO-0901,Head Constable Asha Joshi,Head Constable,47,2026-07-16 20:52:18+00:00,87.0,,,21.2707048,72.9713168,29.700000762939453,-0.097,-0.021,0.968,,0.0,0.0,0.0,,,,,0.0,0.0,30.0,1.7999999997186933e-06,-9.999999974752427e-07,0.03,88.0,36.5,0
19560,SO-0901,Head Constable Asha Joshi,Head Constable,47,2026-07-16 20:52:48+00:00,88.0,,,21.270705,72.9713186,29.700000762939453,-0.095,-0.023,0.964,,0.0,0.0,0.0,,,,,0.0,0.0,30.0,1.999999987845058e-07,1.8000000068241206e-06,0.02,88.0,36.5,0
19562,SO-0901,Head Constable Asha Joshi,Head Constable,47,2026-07-16 20:53:18+00:00,90.0,,,21.2707023,72.9713189,29.700000762939453,-0.095,-0.026,0.965,,0.0,0.0,0.0,,,,,0.0,0.0,30.0,-2.69999999957804e-06,2.999999964004019e-07,0.04,88.0,36.5,0
19564,SO-0901,Head Constable Asha Joshi,Head Constable,47,2026-07-16 20:53:48+00:00,92.0,,,21.270706,72.9713186,29.700000762939453,-0.096,-0.024,0.975,,0.0,0.0,0.0,,,,,0.0,0.0,30.0,3.700000000605996e-06,-2.999999964004019e-07,0.05,88.0,36.5,2
19566,SO-0901,Head Constable Asha Joshi,Head Constable,47,2026-07-16 20:54:17+00:00,87.0,,,21.2707058,72.9713175,29.700000762939453,-0.095,-0.022,0.965,,0.0,0.0,0.0,,,,,0.0,0.0,29.0,-1.999999987845058e-07,-1.1000000057492798e-06,0.01,88.0,36.5,0
19568,SO-0901,Head Constable Asha Joshi,Head Constable,47,2026-07-16 20:54:48+00:00,86.0,,,21.2707044,72.9713178,29.700000762939453,-0.094,-0.024,0.96,,0.0,0.0,0.0,,,,,0.0,0.0,31.0,-1.4000000021496817e-06,2.999999964004019e-07,0.02,88.0,36.5,0
19570,SO-0901,Head Constable Asha Joshi,Head Constable,47,2026-07-16 20:55:17+00:00,88.0,,,21.2707051,72.9713194,29.700000762939453,-0.095,-0.025,0.965,,0.0,0.0,0.0,,,,,0.0,0.0,29.0,7.000000010748408e-07,1.6000000044869012e-06,0.02,88.0,36.5,0
19572,SO-0901,Head Constable Asha Joshi,Head Constable,47,2026-07-16 20:55:48+00:00,89.0,,,21.2707048,72.9713156,29.700000762939453,-0.094,-0.026,0.967,,0.0,0.0,0.0,,,,,0.0,0.0,31.0,-2.999999999531156e-07,-3.800000001774606e-06,0.05,88.0,36.5,0
19574,SO-0901,Head Constable Asha Joshi,Head Constable,47,2026-07-16 20:56:18+00:00,89.0,,,21.2707028,72.9713184,29.700000762939453,-0.094,-0.025,0.969,,0.0,0.0,0.0,,,,,0.0,0.0,30.0,-2.0000000020559128e-06,2.8000000042993634e-06,0.04,88.0,36.5,0
19576,SO-0901,Head Constable Asha Joshi,Head Constable,47,2026-07-16 20:56:47+00:00,89.0,,,21.2707035,72.9713178,29.700000762939453,-0.095,-0.029,0.971,,0.0,0.0,0.0,,,,,0.0,0.0,29.0,7.000000010748408e-07,-6.000000070116585e-07,0.01,88.0,36.5,0
19578,SO-0901,Head Constable Asha Joshi,Head Constable,47,2026-07-16 20:57:18+00:00,87.0,,,21.270704,72.9713194,29.700000762939453,-0.095,-0.022,0.965,,0.0,0.0,0.0,,,,,0.0,0.0,31.0,4.999999987376214e-07,1.6000000044869012e-06,0.02,88.0,36.5,0
19580,SO-0901,Head Constable Asha Joshi,Head Constable,47,2026-07-16 20:57:48+00:00,92.0,,,21.2707024,72.9713195,29.700000762939453,-0.092,-0.022,0.963,,0.0,0.0,0.0,,,,,0.0,0.0,30.0,-1.5999999973814738e-06,1.000000082740371e-07,0.02,88.0,36.5,2
19582,SO-0901,Head Constable Asha Joshi,Head Constable,47,2026-07-16 20:58:17+00:00,90.0,,,21.2707001,72.971318,29.700000762939453,-0.093,-0.024,0.968,,0.0,0.0,0.0,,,,,0.0,0.0,29.0,-2.3000000020090283e-06,-1.5000000104237188e-06,0.04,88.0,36.5,0
19584,SO-0901,Head Constable Asha Joshi,Head Constable,47,2026-07-16 20:58:48+00:00,91.0,,,21.2707049,72.9713178,29.700000762939453,-0.094,-0.022,0.966,,0.0,0.0,0.0,,,,,0.0,0.0,31.0,4.799999999249849e-06,-2.0000000233721948e-07,0.06,88.0,36.5,2
19586,SO-0901,Head Constable Asha Joshi,Head Constable,47,2026-07-16 20:59:17+00:00,86.0,,,21.2707036,72.9713182,29.700000762939453,-0.087,-0.021,0.963,,0.0,0.0,0.0,,,,,0.0,0.0,29.0,-1.2999999974283585e-06,4.0000000467443897e-07,0.02,88.0,36.5,0
19588,SO-0901,Head Constable Asha Joshi,Head Constable,47,2026-07-16 20:59:47+00:00,91.0,,,21.2707042,72.9713179,29.700000762939453,-0.091,-0.022,0.968,,0.0,0.0,0.0,,,,,0.0,0.0,30.0,5.999999999062311e-07,-2.999999964004019e-07,0.01,88.0,36.5,2
19590,SO-0901,Head Constable Asha Joshi,Head Constable,47,2026-07-16 21:00:18+00:00,91.0,,,21.2707043,72.9713179,29.700000762939453,-0.088,-0.022,0.966,,0.0,0.0,0.0,,,,,0.0,0.0,31.0,9.999999761589606e-08,0.0,0.0,88.0,36.5,2
19592,SO-0901,Head Constable Asha Joshi,Head Constable,47,2026-07-16 21:00:47+00:00,85.0,,,21.270705,72.9713183,29.700000762939453,-0.09,-0.024,0.964,,0.0,0.0,0.0,,,,,0.0,0.0,29.0,7.000000010748408e-07,3.9999999046358425e-07,0.01,88.0,36.5,0
19594,SO-0901,Head Constable Asha Joshi,Head Constable,47,2026-07-16 21:01:18+00:00,84.0,,,21.2707024,72.9713164,29.700000762939453,-0.093,-0.027,0.968,,0.0,0.0,0.0,,,,,0.0,0.0,31.0,-2.59999999840943e-06,-1.8999999866764483e-06,0.04,88.0,36.5,0
19596,SO-0901,Head Constable Asha Joshi,Head Constable,47,2026-07-16 21:01:47+00:00,91.0,,,21.270703,72.9713172,29.700000762939453,-0.09,-0.026,0.972,,0.0,0.0,0.0,,,,,0.0,0.0,29.0,5.999999999062311e-07,7.999999951380232e-07,0.01,88.0,36.5,2
19598,SO-0901,Head Constable Asha Joshi,Head Constable,47,2026-07-16 21:02:17+00:00,93.0,,,21.2707045,72.9713194,29.700000762939453,-0.091,-0.022,0.965,,0.0,0.0,0.0,,,,,0.0,0.0,30.0,1.4999999997655775e-06,2.199999997287705e-06,0.03,88.0,36.5,2
19600,SO-0901,Head Constable Asha Joshi,Head Constable,47,2026-07-16 21:02:48+00:00,91.0,48.0,,21.2707043,72.971321,29.700000762939453,-0.088,-0.022,0.966,,0.0,0.0,0.0,,,,,0.0,0.0,31.0,-2.0000000233721948e-07,1.6000000044869012e-06,0.02,48.0,36.5,2
19602,SO-0901,Head Constable Asha Joshi,Head Constable,47,2026-07-16 21:03:17+00:00,87.0,48.0,,21.2707035,72.9713179,29.700000762939453,-0.09,-0.02,0.966,,0.0,0.0,0.0,,,,,0.0,0.0,29.0,-7.999999986907369e-07,-3.1000000006997652e-06,0.04,48.0,36.5,0
19604,SO-0901,Head Constable Asha Joshi,Head Constable,47,2026-07-16 21:03:48+00:00,87.0,,,21.2707005,72.9713179,29.700000762939453,-0.091,-0.023,0.967,,0.0,0.0,0.0,,,,,0.0,0.0,31.0,-2.9999999995311555e-06,0.0,0.04,48.0,36.5,0
19606,SO-0901,Head Constable Asha Joshi,Head Constable,47,2026-07-16 21:04:16+00:00,90.0,,,21.2707009,72.9713175,29.700000762939453,-0.095,-0.022,0.963,,0.0,0.0,0.0,,,,,0.0,0.0,28.0,4.000000011217253e-07,-4.0000000467443897e-07,0.01,48.0,36.5,0
19608,SO-0901,Head Constable Asha Joshi,Head Constable,47,2026-07-16 21:04:48+00:00,89.0,,,21.2707034,72.9713234,29.700000762939453,-0.091,-0.026,0.975,,0.0,0.0,0.0,,,,,0.0,0.0,32.0,2.4999999972408204e-06,5.900000004999129e-06,0.08,48.0,36.5,0
19610,SO-0901,Head Constable Asha Joshi,Head Constable,47,2026-07-16 21:05:18+00:00,87.0,,,21.270701,72.9713243,29.700000762939453,-0.095,-0.026,0.97,,0.0,0.0,0.0,,,,,0.0,0.0,30.0,-2.3999999996249244e-06,9.000000034120603e-07,0.03,48.0,36.5,0
19612,SO-0901,Head Constable Asha Joshi,Head Constable,47,2026-07-16 21:05:47+00:00,86.0,,,21.2707026,72.9713181,29.700000762939453,-0.094,-0.024,0.968,,0.0,0.0,0.0,,,,,0.0,0.0,29.0,1.6000000009341877e-06,-6.2000000013995304e-06,0.08,48.0,36.5,0
19614,SO-0901,Head Constable Asha Joshi,Head Constable,47,2026-07-16 21:06:17+00:00,92.0,,,21.270704,72.9713222,29.700000762939453,-0.091,-0.02,0.965,,0.0,0.0,0.0,,,,,0.0,0.0,30.0,1.399999998596968e-06,4.099999998175008e-06,0.05,48.0,36.5,2
19616,SO-0901,Head Constable Asha Joshi,Head Constable,47,2026-07-16 21:06:47+00:00,87.0,48.0,,21.2707029,72.9713287,29.700000762939453,-0.091,-0.024,0.969,,0.0,0.0,0.0,,,,,0.0,0.0,30.0,-1.0999999986438525e-06,6.499999997799932e-06,0.08,48.0,36.5,0
19618,SO-0901,Head Constable Asha Joshi,Head Constable,47,2026-07-16 21:07:17+00:00,91.0,48.0,,21.2707026,72.9713278,29.700000762939453,-0.094,-0.023,0.968,,0.0,0.0,0.0,,,,,0.0,0.0,30.0,-2.999999999531156e-07,-9.000000034120603e-07,0.01,48.0,36.5,2
19620,SO-0901,Head Constable Asha Joshi,Head Constable,47,2026-07-16 21:07:47+00:00,91.0,,,21.2707019,72.9713219,29.700000762939453,-0.095,-0.026,0.966,,0.0,0.0,0.0,,,,,0.0,0.0,30.0,-7.000000010748408e-07,-5.899999990788274e-06,0.07,48.0,36.5,2
19622,SO-0901,Head Constable Asha Joshi,Head Constable,47,2026-07-16 21:08:18+00:00,86.0,,,21.2707032,72.9713204,29.700000762939453,-0.093,-0.021,0.969,,0.0,0.0,0.0,,,,,0.0,0.0,31.0,1.300000000981072e-06,-1.5000000104237188e-06,0.02,48.0,36.5,0
19624,SO-0901,Head Constable Asha Joshi,Head Constable,47,2026-07-16 21:08:48+00:00,91.0,,,21.270704,72.9713178,29.700000762939453,-0.091,-0.02,0.967,,0.0,0.0,0.0,,,,,0.0,0.0,30.0,7.999999986907369e-07,-2.600000001962144e-06,0.03,48.0,36.5,2
19626,SO-0901,Head Constable Asha Joshi,Head Constable,47,2026-07-16 21:09:17+00:00,84.0,,,21.2707035,72.9713214,29.700000762939453,-0.088,-0.024,0.973,,0.0,0.0,0.0,,,,,0.0,0.0,29.0,-4.999999987376214e-07,3.5999999994373866e-06,0.05,48.0,36.5,0
19628,SO-0901,Head Constable Asha Joshi,Head Constable,47,2026-07-16 21:09:47+00:00,86.0,,,21.2707025,72.9713124,29.700000762939453,-0.093,-0.023,0.962,,0.0,0.0,0.0,,,,,0.0,0.0,30.0,-1.0000000010279564e-06,-8.999999991488039e-06,0.11,48.0,36.5,0
19630,SO-0901,Head Constable Asha Joshi,Head Constable,47,2026-07-16 21:10:18+00:00,85.0,,,21.2707044,72.971315,29.700000762939453,-0.087,0.005,0.967,,0.0,0.0,0.0,,,,,0.0,0.0,31.0,1.900000000887303e-06,2.600000001962144e-06,0.04,48.0,36.5,0
19632,SO-0901,Head Constable Asha Joshi,Head Constable,47,2026-07-16 21:10:48+00:00,88.0,,,21.2707043,72.9713203,29.700000762939453,-0.087,0.006,0.969,,0.0,0.0,0.0,,,,,0.0,0.0,30.0,-1.0000000116860974e-07,5.29999999798747e-06,0.07,48.0,36.5,0
19634,SO-0901,Head Constable Asha Joshi,Head Constable,47,2026-07-16 21:11:18+00:00,85.0,,,21.2707058,72.9713145,29.700000762939453,-0.086,0.005,0.971,,0.0,0.0,0.0,,,,,0.0,0.0,30.0,1.5000000033182914e-06,-5.7999999967250915e-06,0.07,48.0,36.5,0
19636,SO-0901,Head Constable Asha Joshi,Head Constable,47,2026-07-16 21:11:47+00:00,89.0,,,21.2707059,72.9713163,29.700000762939453,-0.087,0.006,0.969,,0.0,0.0,0.0,,,,,0.0,0.0,29.0,9.999999761589606e-08,1.799999992613266e-06,0.02,48.0,36.5,0
19638,SO-0901,Head Constable Asha Joshi,Head Constable,47,2026-07-16 21:12:17+00:00,89.0,,,21.2707038,72.9713141,29.700000762939453,-0.084,0.008,0.968,,0.0,0.0,0.0,,,,,0.0,0.0,30.0,-2.099999999671809e-06,-2.199999997287705e-06,0.04,48.0,36.5,0
19640,SO-0901,Head Constable Asha Joshi,Head Constable,47,2026-07-16 21:12:47+00:00,82.0,,,21.2707032,72.9713184,29.700000762939453,-0.086,0.007,0.97,,0.0,0.0,0.0,,,,,0.0,0.0,30.0,-5.999999999062311e-07,4.300000000512227e-06,0.05,48.0,36.5,0
19642,SO-0901,Head Constable Asha Joshi,Head Constable,47,2026-07-16 21:13:17+00:00,89.0,,,21.2707048,72.9713135,29.700000762939453,-0.088,0.004,0.968,,0.0,0.0,0.0,,,,,0.0,0.0,30.0,1.6000000009341877e-06,-4.900000007523886e-06,0.06,48.0,36.5,0
19644,SO-0901,Head Constable Asha Joshi,Head Constable,47,2026-07-16 21:13:47+00:00,85.0,,,21.2707038,72.9713147,29.700000762939453,-0.085,0.007,0.963,,0.0,0.0,0.0,,,,,0.0,0.0,30.0,-1.0000000010279564e-06,1.1999999998124622e-06,0.02,48.0,36.5,0
19646,SO-0901,Head Constable Asha Joshi,Head Constable,47,2026-07-16 21:14:18+00:00,88.0,,,21.2707042,72.971316,29.700000762939453,-0.088,0.006,0.97,,0.0,0.0,0.0,,,,,0.0,0.0,31.0,4.000000011217253e-07,1.3000000080864993e-06,0.02,48.0,36.5,0
19648,SO-0901,Head Constable Asha Joshi,Head Constable,47,2026-07-16 21:14:47+00:00,88.0,,,21.2707048,72.9713202,29.700000762939453,-0.086,0.011,0.967,,0.0,0.0,0.0,,,,,0.0,0.0,29.0,5.999999999062311e-07,4.19999999223819e-06,0.05,48.0,36.5,0
19650,SO-0901,Head Constable Asha Joshi,Head Constable,47,2026-07-16 21:15:18+00:00,85.0,,,21.2707045,72.971314,29.700000762939453,-0.087,0.007,0.972,,0.0,0.0,0.0,,,,,0.0,0.0,31.0,-2.999999999531156e-07,-6.199999987188676e-06,0.07,48.0,36.5,0
19652,SO-0901,Head Constable Asha Joshi,Head Constable,47,2026-07-16 21:15:48+00:00,92.0,,,21.2707024,72.9713164,29.700000762939453,-0.086,0.009,0.964,,0.0,0.0,0.0,,,,,0.0,0.0,30.0,-2.099999999671809e-06,2.3999999996249244e-06,0.04,48.0,36.5,2
19654,SO-0901,Head Constable Asha Joshi,Head Constable,47,2026-07-16 21:16:17+00:00,85.0,,,21.2707057,72.9713156,29.700000762939453,-0.084,0.006,0.972,,0.0,0.0,0.0,,,,,0.0,0.0,29.0,3.299999999484271e-06,-8.000000093488779e-07,0.05,48.0,36.5,0
19656,SO-0901,Head Constable Asha Joshi,Head Constable,47,2026-07-16 21:16:47+00:00,93.0,,,21.2707018,72.9713196,29.700000762939453,-0.084,0.002,0.964,,0.0,0.0,0.0,,,,,0.0,0.0,30.0,-3.899999999390502e-06,4.0000000041118255e-06,0.07,48.0,36.5,2
19658,SO-0901,Head Constable Asha Joshi,Head Constable,47,2026-07-16 21:17:17+00:00,88.0,,,21.2707029,72.9713134,29.700000762939453,-0.083,0.005,0.971,,0.0,0.0,0.0,,,,,0.0,0.0,30.0,1.0999999986438525e-06,-6.2000000013995304e-06,0.08,48.0,36.5,0
19660,SO-0901,Head Constable Asha Joshi,Head Constable,47,2026-07-16 21:17:47+00:00,86.0,,,21.2707035,72.9713161,29.700000762939453,-0.086,0.002,0.958,,0.0,0.0,0.0,,,,,0.0,0.0,30.0,5.999999999062311e-07,2.6999999960253263e-06,0.03,48.0,36.5,0
19662,SO-0901,Head Constable Asha Joshi,Head Constable,47,2026-07-16 21:18:18+00:00,88.0,,,21.2707041,72.9713128,29.700000762939453,-0.086,0.001,0.966,,0.0,0.0,0.0,,,,,0.0,0.0,31.0,5.999999999062311e-07,-3.29999998882613e-06,0.04,48.0,36.5,0
19664,SO-0901,Head Constable Asha Joshi,Head Constable,47,2026-07-16 21:18:47+00:00,91.0,,,21.2707021,72.9713112,29.700000762939453,-0.083,0.003,0.965,,0.0,0.0,0.0,,,,,0.0,0.0,29.0,-1.999999998503199e-06,-1.6000000044869012e-06,0.03,48.0,36.5,2
19666,SO-0901,Head Constable Asha Joshi,Head Constable,47,2026-07-16 21:19:18+00:00,87.0,,,21.2707031,72.9713182,29.700000762939453,-0.085,0.003,0.97,,0.0,0.0,0.0,,,,,0.0,0.0,31.0,9.999999974752427e-07,6.999999996537554e-06,0.09,48.0,36.5,0
19668,SO-0901,Head Constable Asha Joshi,Head Constable,47,2026-07-16 21:19:48+00:00,92.0,,,21.2707038,72.9713157,29.700000762939453,-0.086,0.002,0.97,,0.0,0.0,0.0,,,,,0.0,0.0,30.0,7.000000010748408e-07,-2.4999999936881068e-06,0.03,48.0,36.5,2
19670,SO-0901,Head Constable Asha Joshi,Head Constable,47,2026-07-16 21:20:17+00:00,89.0,,,21.270702,72.9713143,29.700000762939453,-0.084,0.002,0.974,,0.0,0.0,0.0,,,,,0.0,0.0,29.0,-1.7999999997186933e-06,-1.4000000021496817e-06,0.03,48.0,36.5,0
19672,SO-0901,Head Constable Asha Joshi,Head Constable,47,2026-07-16 21:20:48+00:00,89.0,,,21.2706982,72.9713523,29.700000762939453,-0.084,0.006,0.971,,0.0,0.0,0.0,,,,,0.0,0.0,31.0,-3.799999998221893e-06,3.8000000003535206e-05,0.46,48.0,36.5,0
19674,SO-0901,Head Constable Asha Joshi,Head Constable,47,2026-07-16 21:21:18+00:00,87.0,,,21.2707035,72.9713185,29.700000762939453,-0.087,0.001,0.967,,0.0,0.0,0.0,,,,,0.0,0.0,30.0,5.29999999798747e-06,-3.3800000011297016e-05,0.43,48.0,36.5,0
19676,SO-0901,Head Constable Asha Joshi,Head Constable,47,2026-07-16 21:21:48+00:00,82.0,,,21.2707029,72.9713158,29.700000762939453,-0.078,0.007,0.965,,0.0,0.0,0.0,,,,,0.0,0.0,30.0,-5.999999999062311e-07,-2.6999999960253263e-06,0.03,48.0,36.5,0
19678,SO-0901,Head Constable Asha Joshi,Head Constable,47,2026-07-16 21:22:18+00:00,88.0,,,21.2707031,72.9713205,29.700000762939453,-0.085,0.005,0.967,,0.0,0.0,0.0,,,,,0.0,0.0,30.0,1.999999987845058e-07,4.700000005186666e-06,0.06,48.0,36.5,0
19680,SO-0901,Head Constable Asha Joshi,Head Constable,47,2026-07-16 21:22:48+00:00,89.0,,,21.2707042,72.9713153,29.700000762939453,-0.085,0.004,0.966,,0.0,0.0,0.0,,,,,0.0,0.0,30.0,1.100000002196566e-06,-5.200000003924288e-06,0.07,48.0,36.5,0
19682,SO-0901,Head Constable Asha Joshi,Head Constable,47,2026-07-16 21:23:18+00:00,88.0,,,21.2707053,72.9713153,29.700000762939453,-0.083,0.0,0.975,,0.0,0.0,0.0,,,,,0.0,0.0,30.0,1.0999999986438525e-06,0.0,0.01,48.0,36.5,0
19684,SO-0901,Head Constable Asha Joshi,Head Constable,47,2026-07-16 21:23:47+00:00,86.0,,,21.2707044,72.9713177,29.700000762939453,-0.082,0.004,0.963,,0.0,0.0,0.0,,,,,0.0,0.0,29.0,-8.999999998593466e-07,2.3999999996249244e-06,0.03,48.0,36.5,0
19686,SO-0901,Head Constable Asha Joshi,Head Constable,47,2026-07-16 21:24:17+00:00,90.0,,,21.2707035,72.9713149,29.700000762939453,-0.087,0.004,0.968,,0.0,0.0,0.0,,,,,0.0,0.0,30.0,-8.999999998593466e-07,-2.8000000042993634e-06,0.04,48.0,36.5,0
19688,SO-0901,Head Constable Asha Joshi,Head Constable,47,2026-07-16 21:24:48+00:00,89.0,,,21.2707029,72.9713194,29.700000762939453,-0.083,0.004,0.967,,0.0,0.0,0.0,,,,,0.0,0.0,31.0,-5.999999999062311e-07,4.500000002849447e-06,0.05,48.0,36.5,0
19690,SO-0901,Head Constable Asha Joshi,Head Constable,47,2026-07-16 21:25:18+00:00,90.0,,,21.2707054,72.9713163,29.700000762939453,-0.086,0.003,0.963,,0.0,0.0,0.0,,,,,0.0,0.0,30.0,2.500000000793534e-06,-3.1000000006997652e-06,0.05,48.0,36.5,0
19692,SO-0901,Head Constable Asha Joshi,Head Constable,47,2026-07-16 21:25:48+00:00,86.0,,,21.2707033,72.971318,29.700000762939453,-0.084,0.001,0.959,,0.0,0.0,0.0,,,,,0.0,0.0,30.0,-2.099999999671809e-06,1.6999999985500835e-06,0.04,48.0,36.5,0
19694,SO-0901,Head Constable Asha Joshi,Head Constable,47,2026-07-16 21:26:17+00:00,84.0,,,21.2707029,72.9713173,29.700000762939453,-0.083,0.001,0.971,,0.0,0.0,0.0,,,,,0.0,0.0,29.0,-4.000000011217253e-07,-7.000000010748408e-07,0.01,48.0,36.5,0
19696,SO-0901,Head Constable Asha Joshi,Head Constable,47,2026-07-16 21:26:47+00:00,88.0,,,21.2707039,72.9713203,29.700000762939453,-0.087,0.003,0.966,,0.0,0.0,0.0,,,,,0.0,0.0,30.0,1.0000000010279564e-06,3.000000006636583e-06,0.04,48.0,36.5,0
19698,SO-0901,Head Constable Asha Joshi,Head Constable,47,2026-07-16 21:27:17+00:00,91.0,,,21.2707043,72.9713172,29.700000762939453,-0.084,0.003,0.966,,0.0,0.0,0.0,,,,,0.0,0.0,30.0,3.999999975690116e-07,-3.1000000006997652e-06,0.04,48.0,36.5,2
19700,SO-0901,Head Constable Asha Joshi,Head Constable,47,2026-07-16 21:27:47+00:00,89.0,,,21.2707051,72.9713149,29.700000762939453,-0.086,0.002,0.966,,0.0,0.0,0.0,,,,,0.0,0.0,30.0,8.000000022434506e-07,-2.300000005561742e-06,0.03,48.0,36.5,0
19702,SO-0901,Head Constable Asha Joshi,Head Constable,47,2026-07-16 21:28:17+00:00,84.0,,,21.2707031,72.9713167,29.700000762939453,-0.082,0.001,0.968,,0.0,0.0,0.0,,,,,0.0,0.0,30.0,-2.0000000020559128e-06,1.8000000068241206e-06,0.03,48.0,36.5,0
19704,SO-0901,Head Constable Asha Joshi,Head Constable,47,2026-07-16 21:28:47+00:00,90.0,,,21.2707014,72.971326,29.700000762939453,-0.082,0.003,0.966,,0.0,0.0,0.0,,,,,0.0,0.0,30.0,-1.6999999985500835e-06,9.300000002099296e-06,0.12,48.0,36.5,0
19706,SO-0901,Head Constable Asha Joshi,Head Constable,47,2026-07-16 21:29:17+00:00,85.0,,,21.2707035,72.9713166,29.700000762939453,-0.085,0.0,0.974,,0.0,0.0,0.0,,,,,0.0,0.0,30.0,2.099999999671809e-06,-9.400000010373333e-06,0.12,48.0,36.5,0
19708,SO-0901,Head Constable Asha Joshi,Head Constable,47,2026-07-16 21:29:48+00:00,86.0,,,21.2707037,72.9713144,29.700000762939453,-0.082,0.001,0.966,,0.0,0.0,0.0,,,,,0.0,0.0,31.0,1.999999987845058e-07,-2.199999997287705e-06,0.03,48.0,36.5,0
19710,SO-0901,Head Constable Asha Joshi,Head Constable,47,2026-07-16 21:30:17+00:00,92.0,,,21.2707025,72.9713123,29.700000762939453,-0.082,-0.001,0.97,,0.0,0.0,0.0,,,,,0.0,0.0,29.0,-1.1999999998124622e-06,-2.1000000032245225e-06,0.03,48.0,36.5,2
19712,SO-0901,Head Constable Asha Joshi,Head Constable,47,2026-07-16 21:30:47+00:00,82.0,,,21.270701,72.971311,29.700000762939453,-0.084,0.004,0.96,,0.0,0.0,0.0,,,,,0.0,0.0,30.0,-1.4999999997655775e-06,-1.2999999938756446e-06,0.03,48.0,36.5,0
19714,SO-0901,Head Constable Asha Joshi,Head Constable,47,2026-07-16 21:31:17+00:00,91.0,,,21.2707026,72.9713146,29.700000762939453,-0.085,0.003,0.967,,0.0,0.0,0.0,,,,,0.0,0.0,30.0,1.6000000009341877e-06,3.5999999994373866e-06,0.05,48.0,36.5,2
19716,SO-0901,Head Constable Asha Joshi,Head Constable,47,2026-07-16 21:31:47+00:00,88.0,,,21.270703,72.9713141,29.700000762939453,-0.083,0.003,0.962,,0.0,0.0,0.0,,,,,0.0,0.0,30.0,4.000000011217253e-07,-4.999999987376214e-07,0.01,48.0,36.5,0
19718,SO-0901,Head Constable Asha Joshi,Head Constable,47,2026-07-16 21:32:17+00:00,88.0,,,21.2707037,72.9713177,29.700000762939453,-0.083,0.002,0.974,,0.0,0.0,0.0,,,,,0.0,0.0,30.0,6.999999975221272e-07,3.5999999994373866e-06,0.05,48.0,36.5,0
19720,SO-0901,Head Constable Asha Joshi,Head Constable,47,2026-07-16 21:32:47+00:00,88.0,,,21.270704,72.9713166,29.700000762939453,-0.085,0.0,0.969,,0.0,0.0,0.0,,,,,0.0,0.0,30.0,2.999999999531156e-07,-1.1000000057492798e-06,0.01,48.0,36.5,0
19722,SO-0901,Head Constable Asha Joshi,Head Constable,47,2026-07-16 21:33:18+00:00,84.0,,,21.2707044,72.971314,29.700000762939453,-0.085,0.001,0.971,,0.0,0.0,0.0,,,,,0.0,0.0,31.0,4.000000011217253e-07,-2.599999987751289e-06,0.03,48.0,36.5,0
19724,SO-0901,Head Constable Asha Joshi,Head Constable,47,2026-07-16 21:33:47+00:00,90.0,,,21.2707034,72.9713173,29.700000762939453,-0.083,0.0,0.967,,0.0,0.0,0.0,,,,,0.0,0.0,29.0,-1.0000000010279564e-06,3.29999998882613e-06,0.04,48.0,36.5,0
19726,SO-0901,Head Constable Asha Joshi,Head Constable,47,2026-07-16 21:34:17+00:00,88.0,,,21.2707044,72.9713162,29.700000762939453,-0.085,0.003,0.965,,0.0,0.0,0.0,,,,,0.0,0.0,30.0,1.0000000010279564e-06,-1.099999991538425e-06,0.02,48.0,36.5,0
19728,SO-0901,Head Constable Asha Joshi,Head Constable,47,2026-07-16 21:34:47+00:00,87.0,,,21.2707051,72.9713175,29.700000762939453,-0.079,0.0,0.968,,0.0,0.0,0.0,,,,,0.0,0.0,30.0,7.000000010748408e-07,1.2999999938756446e-06,0.02,48.0,36.5,0
19730,SO-0901,Head Constable Asha Joshi,Head Constable,47,2026-07-16 21:35:18+00:00,86.0,,,21.270701,72.9713098,29.700000762939453,-0.087,0.001,0.972,,0.0,0.0,0.0,,,,,0.0,0.0,31.0,-4.100000001727722e-06,-7.699999997612395e-06,0.11,48.0,36.5,0
19732,SO-0901,Head Constable Asha Joshi,Head Constable,47,2026-07-16 21:35:47+00:00,88.0,,,21.2707015,72.9713137,29.700000762939453,-0.086,0.002,0.961,,0.0,0.0,0.0,,,,,0.0,0.0,29.0,5.00000002290335e-07,3.8999999958377884e-06,0.05,48.0,36.5,0
19734,SO-0901,Head Constable Asha Joshi,Head Constable,47,2026-07-16 21:36:17+00:00,88.0,,,21.2707051,72.9713136,29.700000762939453,-0.084,0.0,0.965,,0.0,0.0,0.0,,,,,0.0,0.0,30.0,3.5999999994373866e-06,-9.999999406318238e-08,0.05,48.0,36.5,0
19736,SO-0901,Head Constable Asha Joshi,Head Constable,47,2026-07-16 21:36:47+00:00,89.0,,,21.2707039,72.9713139,29.700000762939453,-0.082,-0.001,0.965,,0.0,0.0,0.0,,,,,0.0,0.0,30.0,-1.1999999998124622e-06,2.999999964004019e-07,0.02,48.0,36.5,0
19738,SO-0901,Head Constable Asha Joshi,Head Constable,47,2026-07-16 21:37:17+00:00,82.0,,,21.2707029,72.9713226,29.700000762939453,-0.085,0.003,0.961,,0.0,0.0,0.0,,,,,0.0,0.0,30.0,-1.0000000010279564e-06,8.699999995087637e-06,0.11,48.0,36.5,0
19740,SO-0901,Head Constable Asha Joshi,Head Constable,47,2026-07-16 21:37:47+00:00,91.0,,,21.2707027,72.9713113,29.700000762939453,-0.055,0.117,0.963,,0.0,0.0,0.0,,,,,0.0,0.0,30.0,-1.999999987845058e-07,-1.129999999704978e-05,0.14,48.0,36.5,2
19742,SO-0901,Head Constable Asha Joshi,Head Constable,47,2026-07-16 21:38:17+00:00,92.0,,,21.2707042,72.9713135,29.700000762939453,-0.06,0.123,0.958,,0.0,0.0,0.0,,,,,0.0,0.0,30.0,1.4999999997655775e-06,2.199999997287705e-06,0.03,48.0,36.5,2
19744,SO-0901,Head Constable Asha Joshi,Head Constable,47,2026-07-16 21:38:47+00:00,91.0,,,21.2707026,72.9713101,29.700000762939453,-0.063,0.121,0.966,,0.0,0.0,0.0,,,,,0.0,0.0,30.0,-1.6000000009341877e-06,-3.399999997100167e-06,0.05,48.0,36.5,2
19746,SO-0901,Head Constable Asha Joshi,Head Constable,47,2026-07-16 21:39:17+00:00,91.0,,,21.2707056,72.971317,29.700000762939453,-0.057,0.12,0.957,,0.0,0.0,0.0,,,,,0.0,0.0,30.0,2.9999999995311555e-06,6.900000002474371e-06,0.09,48.0,36.5,2
19748,SO-0901,Head Constable Asha Joshi,Head Constable,47,2026-07-16 21:39:47+00:00,91.0,,,21.2707037,72.9713162,29.700000762939453,-0.056,0.118,0.964,,0.0,0.0,0.0,,,,,0.0,0.0,30.0,-1.900000000887303e-06,-7.999999951380232e-07,0.03,48.0,36.5,2
19750,SO-0901,Head Constable Asha Joshi,Head Constable,47,2026-07-16 21:40:18+00:00,84.0,,,21.2707032,72.9713164,29.700000762939453,-0.057,0.118,0.959,,0.0,0.0,0.0,,,,,0.0,0.0,31.0,-4.999999987376214e-07,2.0000000233721948e-07,0.01,48.0,36.5,0
19752,SO-0901,Head Constable Asha Joshi,Head Constable,47,2026-07-16 21:40:48+00:00,89.0,,,21.2707038,72.9713166,29.700000762939453,-0.06,0.118,0.958,,0.0,0.0,0.0,,,,,0.0,0.0,30.0,5.999999999062311e-07,1.9999998812636477e-07,0.01,48.0,36.5,0
19754,SO-0901,Head Constable Asha Joshi,Head Constable,47,2026-07-16 21:41:17+00:00,86.0,,,21.2707051,72.9713182,29.700000762939453,-0.058,0.119,0.961,,0.0,0.0,0.0,,,,,0.0,0.0,29.0,1.300000000981072e-06,1.6000000044869012e-06,0.03,48.0,36.5,0
19756,SO-0901,Head Constable Asha Joshi,Head Constable,47,2026-07-16 21:41:48+00:00,88.0,,,21.2707054,72.9713155,29.700000762939453,-0.057,0.12,0.958,,0.0,0.0,0.0,,,,,0.0,0.0,31.0,2.999999999531156e-07,-2.6999999960253263e-06,0.03,48.0,36.5,0
19758,SO-0901,Head Constable Asha Joshi,Head Constable,47,2026-07-16 21:42:17+00:00,91.0,,,21.2707027,72.971315,29.700000762939453,-0.056,0.123,0.961,,0.0,0.0,0.0,,,,,0.0,0.0,29.0,-2.69999999957804e-06,-4.999999987376214e-07,0.04,48.0,36.5,2
19760,SO-0901,Head Constable Asha Joshi,Head Constable,47,2026-07-16 21:42:48+00:00,88.0,,,21.2707059,72.9713183,29.700000762939453,-0.057,0.123,0.961,,0.0,0.0,0.0,,,,,0.0,0.0,31.0,3.1999999983156613e-06,3.29999998882613e-06,0.06,48.0,36.5,0
19762,SO-0901,Head Constable Asha Joshi,Head Constable,47,2026-07-16 21:43:18+00:00,89.0,,,21.2707037,72.9713157,29.700000762939453,-0.055,0.12,0.961,,0.0,0.0,0.0,,,,,0.0,0.0,30.0,-2.2000000008404186e-06,-2.599999987751289e-06,0.04,48.0,36.5,0
19764,SO-0901,Head Constable Asha Joshi,Head Constable,47,2026-07-16 21:43:48+00:00,88.0,,,21.2707036,72.9713154,29.700000762939453,-0.058,0.116,0.958,,0.0,0.0,0.0,,,,,0.0,0.0,30.0,-9.999999761589606e-08,-3.000000106112566e-07,0.0,48.0,36.5,0
19766,SO-0901,Head Constable Asha Joshi,Head Constable,47,2026-07-16 21:44:17+00:00,86.0,,,21.2707041,72.9713154,29.700000762939453,-0.057,0.12,0.952,,0.0,0.0,0.0,,,,,0.0,0.0,29.0,4.999999987376214e-07,0.0,0.01,48.0,36.5,0
19768,SO-0901,Head Constable Asha Joshi,Head Constable,47,2026-07-16 21:44:48+00:00,88.0,,,21.2707039,72.9713152,29.700000762939453,-0.059,0.121,0.959,,0.0,0.0,0.0,,,,,0.0,0.0,31.0,-1.999999987845058e-07,-1.9999998812636477e-07,0.0,48.0,36.5,0
19770,SO-0901,Head Constable Asha Joshi,Head Constable,47,2026-07-16 21:45:17+00:00,89.0,,,21.2707036,72.9713162,29.700000762939453,-0.055,0.117,0.954,,0.0,0.0,0.0,,,,,0.0,0.0,29.0,-2.999999999531156e-07,9.999999974752427e-07,0.01,48.0,36.5,0
19772,SO-0901,Head Constable Asha Joshi,Head Constable,47,2026-07-16 21:45:47+00:00,90.0,,,21.2707038,72.9713146,29.700000762939453,-0.06,0.119,0.965,,0.0,0.0,0.0,,,,,0.0,0.0,30.0,1.999999987845058e-07,-1.6000000044869012e-06,0.02,48.0,36.5,0
19774,SO-0901,Head Constable Asha Joshi,Head Constable,47,2026-07-16 21:46:17+00:00,86.0,,,21.270704,72.9713139,29.700000762939453,-0.059,0.117,0.958,,0.0,0.0,0.0,,,,,0.0,0.0,30.0,1.999999987845058e-07,-7.000000010748408e-07,0.01,48.0,36.5,0
19776,SO-0901,Head Constable Asha Joshi,Head Constable,47,2026-07-16 21:46:47+00:00,89.0,,,21.270704,72.971313,29.700000762939453,-0.057,0.118,0.958,,0.0,0.0,0.0,,,,,0.0,0.0,30.0,0.0,-9.000000034120603e-07,0.01,48.0,36.5,0
19778,SO-0901,Head Constable Asha Joshi,Head Constable,47,2026-07-16 21:47:17+00:00,89.0,,,21.2707037,72.9713161,29.700000762939453,-0.058,0.117,0.962,,0.0,0.0,0.0,,,,,0.0,0.0,30.0,-2.999999999531156e-07,3.1000000006997652e-06,0.04,48.0,36.5,0
19780,SO-0901,Head Constable Asha Joshi,Head Constable,47,2026-07-16 21:47:48+00:00,91.0,,,21.2707051,72.9713183,29.700000762939453,-0.058,0.119,0.962,,0.0,0.0,0.0,,,,,0.0,0.0,31.0,1.4000000021496817e-06,2.199999997287705e-06,0.03,48.0,36.5,2
19782,SO-0901,Head Constable Asha Joshi,Head Constable,47,2026-07-16 21:48:17+00:00,88.0,,,21.2707034,72.9713184,29.700000762939453,-0.058,0.123,0.956,,0.0,0.0,0.0,,,,,0.0,0.0,29.0,-1.7000000021027972e-06,1.000000082740371e-07,0.02,48.0,36.5,0
19784,SO-0901,Head Constable Asha Joshi,Head Constable,47,2026-07-16 21:48:47+00:00,87.0,,,21.2707049,72.9713152,29.700000762939453,-0.057,0.122,0.955,,0.0,0.0,0.0,,,,,0.0,0.0,30.0,1.4999999997655775e-06,-3.1999999947629476e-06,0.04,48.0,36.5,0
19786,SO-0901,Head Constable Asha Joshi,Head Constable,47,2026-07-16 21:49:17+00:00,87.0,,,21.270704,72.9713184,29.700000762939453,-0.058,0.117,0.963,,0.0,0.0,0.0,,,,,0.0,0.0,30.0,-8.999999998593466e-07,3.1999999947629476e-06,0.04,48.0,36.5,0
19788,SO-0901,Head Constable Asha Joshi,Head Constable,47,2026-07-16 21:49:47+00:00,89.0,,,21.2707048,72.9713174,29.700000762939453,-0.061,0.119,0.954,,0.0,0.0,0.0,,,,,0.0,0.0,30.0,8.000000022434506e-07,-9.999999974752427e-07,0.02,48.0,36.5,0
19790,SO-0901,Head Constable Asha Joshi,Head Constable,47,2026-07-16 21:50:18+00:00,88.0,,,21.2707052,72.971318,29.700000762939453,-0.059,0.117,0.961,,0.0,0.0,0.0,,,,,0.0,0.0,31.0,3.999999975690116e-07,5.999999928008037e-07,0.01,48.0,36.5,0
19792,SO-0901,Head Constable Asha Joshi,Head Constable,47,2026-07-16 21:50:48+00:00,87.0,,,21.2707051,72.9713193,29.700000762939453,-0.055,0.123,0.956,,0.0,0.0,0.0,,,,,0.0,0.0,30.0,-9.999999761589606e-08,1.3000000080864993e-06,0.02,48.0,36.5,0
19794,SO-0901,Head Constable Asha Joshi,Head Constable,47,2026-07-16 21:51:17+00:00,91.0,,,21.2707054,72.97132,29.700000762939453,-0.06,0.118,0.958,,0.0,0.0,0.0,,,,,0.0,0.0,29.0,2.999999999531156e-07,7.000000010748408e-07,0.01,48.0,36.5,2
19796,SO-0901,Head Constable Asha Joshi,Head Constable,47,2026-07-16 21:51:48+00:00,92.0,,,21.270705,72.9713152,29.700000762939453,-0.058,0.119,0.955,,0.0,0.0,0.0,,,,,0.0,0.0,31.0,-4.000000011217253e-07,-4.799999999249849e-06,0.06,48.0,36.5,2
19798,SO-0901,Head Constable Asha Joshi,Head Constable,47,2026-07-16 21:52:18+00:00,88.0,,,21.2707042,72.9713158,29.700000762939453,-0.06,0.116,0.959,,0.0,0.0,0.0,,,,,0.0,0.0,30.0,-7.999999986907369e-07,5.999999928008037e-07,0.01,48.0,36.5,0
19800,SO-0901,Head Constable Asha Joshi,Head Constable,47,2026-07-16 21:52:48+00:00,90.0,,,21.270704,72.9713159,29.700000762939453,-0.055,0.119,0.959,,0.0,0.0,0.0,,,,,0.0,0.0,30.0,-2.0000000233721948e-07,9.999999406318238e-08,0.0,48.0,36.5,0
19802,SO-0901,Head Constable Asha Joshi,Head Constable,47,2026-07-16 21:53:16+00:00,91.0,84.0,,21.2707037,72.9713102,29.700000762939453,-0.067,0.178,-1.038,,0.0,0.0,0.0,,,,,0.0,0.0,28.0,-2.999999999531156e-07,-5.699999988451054e-06,0.08,84.0,36.5,2
19804,SO-0901,Head Constable Asha Joshi,Head Constable,47,2026-07-16 21:53:48+00:00,98.0,88.0,,21.2707028,72.9713128,29.700000762939453,-0.85,0.358,-0.526,,0.0,0.0,0.0,,,,,0.0,0.0,32.0,-8.999999998593466e-07,2.600000001962144e-06,0.03,88.0,36.5,2
19806,SO-0901,Head Constable Asha Joshi,Head Constable,47,2026-07-16 21:54:18+00:00,86.0,87.0,,21.2707022,72.9713108,29.700000762939453,-0.1,1.032,0.155,,0.0,0.0,0.0,,,,,0.0,0.0,30.0,-5.999999999062311e-07,-2.00000000916134e-06,0.03,87.0,36.5,0
19808,SO-0901,Head Constable Asha Joshi,Head Constable,47,2026-07-16 21:54:48+00:00,86.0,76.0,,21.2707032,72.9713117,29.700000762939453,-0.488,0.375,-0.916,,0.0,0.0,0.0,,,,,0.0,0.0,30.0,1.0000000010279564e-06,9.000000034120603e-07,0.02,76.0,36.5,0
19810,SO-0901,Head Constable Asha Joshi,Head Constable,47,2026-07-16 21:55:18+00:00,82.0,85.0,,21.2707028,72.9713155,29.700000762939453,-0.224,-0.914,-0.45,,0.0,0.0,0.0,,,,,0.0,0.0,30.0,-4.000000011217253e-07,3.800000001774606e-06,0.05,85.0,36.5,0
19812,SO-0901,Head Constable Asha Joshi,Head Constable,47,2026-07-16 21:55:48+00:00,91.0,82.0,,21.2707042,72.971323,29.700000762939453,-0.734,0.114,-0.736,,0.0,0.0,0.0,,,,,0.0,0.0,30.0,1.4000000021496817e-06,7.499999995275175e-06,0.1,82.0,36.5,2
19814,SO-0901,Head Constable Asha Joshi,Head Constable,47,2026-07-16 21:56:18+00:00,85.0,88.0,,21.2707029,72.9713163,29.700000762939453,-0.076,0.206,-0.578,,0.0,0.0,0.0,,,,,0.0,0.0,30.0,-1.300000000981072e-06,-6.700000000137152e-06,0.09,88.0,36.5,0
19816,SO-0901,Head Constable Asha Joshi,Head Constable,47,2026-07-16 21:56:48+00:00,83.0,,,21.2707049,72.9713193,29.700000762939453,-0.032,-0.093,0.967,,0.0,0.0,0.0,,,,,0.0,0.0,30.0,1.999999998503199e-06,3.000000006636583e-06,0.05,88.0,36.5,0
19818,SO-0901,Head Constable Asha Joshi,Head Constable,47,2026-07-16 21:57:18+00:00,83.0,,,21.2707042,72.9713156,29.700000762939453,-0.034,-0.089,0.967,,0.0,0.0,0.0,,,,,0.0,0.0,30.0,-6.999999975221272e-07,-3.700000007711424e-06,0.05,88.0,36.5,0
19820,SO-0901,Head Constable Asha Joshi,Head Constable,47,2026-07-16 21:57:48+00:00,83.0,,,21.2707049,72.9713206,29.700000762939453,-0.032,-0.091,0.967,,0.0,0.0,0.0,,,,,0.0,0.0,30.0,6.999999975221272e-07,5.000000001587068e-06,0.06,88.0,36.5,0
19822,SO-0901,Head Constable Asha Joshi,Head Constable,47,2026-07-16 21:58:18+00:00,83.0,,,21.2707042,72.971317,29.700000762939453,-0.038,-0.088,0.974,,0.0,0.0,0.0,,,,,0.0,0.0,30.0,-6.999999975221272e-07,-3.5999999994373866e-06,0.05,88.0,36.5,0
19824,SO-0901,Head Constable Asha Joshi,Head Constable,47,2026-07-16 21:58:48+00:00,88.0,,,21.2707061,72.9713182,29.700000762939453,-0.032,-0.087,0.959,,0.0,0.0,0.0,,,,,0.0,0.0,30.0,1.900000000887303e-06,1.1999999998124622e-06,0.03,88.0,36.5,0
19826,SO-0901,Head Constable Asha Joshi,Head Constable,47,2026-07-16 21:59:18+00:00,88.0,,,21.270705,72.9713202,29.700000762939453,-0.032,-0.089,0.963,,0.0,0.0,0.0,,,,,0.0,0.0,30.0,-1.100000002196566e-06,1.9999999949504854e-06,0.03,88.0,36.5,0
19828,SO-0901,Head Constable Asha Joshi,Head Constable,47,2026-07-16 21:59:47+00:00,88.0,,,21.2707021,72.9713188,29.700000762939453,-0.035,-0.092,0.973,,0.0,0.0,0.0,,,,,0.0,0.0,29.0,-2.8999999983625457e-06,-1.399999987938827e-06,0.04,88.0,36.5,0
19830,SO-0901,Head Constable Asha Joshi,Head Constable,47,2026-07-16 22:00:17+00:00,87.0,,,21.2707042,72.9713196,29.700000762939453,-0.033,-0.087,0.966,,0.0,0.0,0.0,,,,,0.0,0.0,30.0,2.099999999671809e-06,7.999999951380232e-07,0.03,88.0,36.5,0
19832,SO-0901,Head Constable Asha Joshi,Head Constable,47,2026-07-16 22:00:48+00:00,87.0,,,21.2707043,72.9713224,29.700000762939453,-0.032,-0.082,0.966,,0.0,0.0,0.0,,,,,0.0,0.0,31.0,9.999999761589606e-08,2.8000000042993634e-06,0.03,88.0,36.5,0
19834,SO-0901,Head Constable Asha Joshi,Head Constable,47,2026-07-16 22:01:18+00:00,87.0,,,21.2707061,72.9713189,29.700000762939453,-0.033,-0.088,0.958,,0.0,0.0,0.0,,,,,0.0,0.0,30.0,1.800000003271407e-06,-3.500000005374204e-06,0.05,88.0,36.5,0
19836,SO-0901,Head Constable Asha Joshi,Head Constable,47,2026-07-16 22:01:47+00:00,87.0,,,21.2707058,72.9713233,29.700000762939453,-0.035,-0.089,0.965,,0.0,0.0,0.0,,,,,0.0,0.0,29.0,-2.999999999531156e-07,4.39999999457541e-06,0.06,88.0,36.5,0
19838,SO-0901,Head Constable Asha Joshi,Head Constable,47,2026-07-16 22:02:18+00:00,87.0,,,21.2707047,72.9713196,29.700000762939453,-0.036,-0.085,0.965,,0.0,0.0,0.0,,,,,0.0,0.0,31.0,-1.100000002196566e-06,-3.699999993500569e-06,0.05,88.0,36.5,0
19840,SO-0901,Head Constable Asha Joshi,Head Constable,47,2026-07-16 22:02:48+00:00,87.0,,,21.2707046,72.9713207,29.700000762939453,-0.035,-0.089,0.966,,0.0,0.0,0.0,,,,,0.0,0.0,30.0,-1.0000000116860974e-07,1.1000000057492798e-06,0.01,88.0,36.5,0
19842,SO-0901,Head Constable Asha Joshi,Head Constable,47,2026-07-16 22:03:18+00:00,88.0,,,21.2707055,72.971322,29.700000762939453,-0.031,-0.09,0.966,,0.0,0.0,0.0,,,,,0.0,0.0,30.0,8.999999998593466e-07,1.2999999938756446e-06,0.02,88.0,36.5,0
19844,SO-0901,Head Constable Asha Joshi,Head Constable,47,2026-07-16 22:03:48+00:00,88.0,,,21.2707045,72.9713175,29.700000762939453,-0.034,-0.091,0.971,,0.0,0.0,0.0,,,,,0.0,0.0,30.0,-9.999999974752427e-07,-4.500000002849447e-06,0.06,88.0,36.5,0
19846,SO-0901,Head Constable Asha Joshi,Head Constable,47,2026-07-16 22:04:17+00:00,88.0,,,21.2707052,72.9713153,29.700000762939453,-0.034,-0.087,0.967,,0.0,0.0,0.0,,,,,0.0,0.0,29.0,6.999999975221272e-07,-2.199999997287705e-06,0.03,88.0,36.5,0
19848,SO-0901,Head Constable Asha Joshi,Head Constable,47,2026-07-16 22:04:48+00:00,88.0,,,21.2707047,72.9713179,29.700000762939453,-0.033,-0.09,0.96,,0.0,0.0,0.0,,,,,0.0,0.0,31.0,-4.999999987376214e-07,2.600000001962144e-06,0.03,88.0,36.5,0
19850,SO-0901,Head Constable Asha Joshi,Head Constable,47,2026-07-16 22:05:18+00:00,88.0,,,21.2707063,72.9713189,29.700000762939453,-0.03,-0.09,0.97,,0.0,0.0,0.0,,,,,0.0,0.0,30.0,1.6000000009341877e-06,9.999999974752427e-07,0.02,88.0,36.5,0
19852,SO-0901,Head Constable Asha Joshi,Head Constable,47,2026-07-16 22:05:48+00:00,88.0,,,21.2707059,72.9713172,29.700000762939453,-0.034,-0.091,0.972,,0.0,0.0,0.0,,,,,0.0,0.0,30.0,-4.000000011217253e-07,-1.6999999985500835e-06,0.02,88.0,36.5,0
19854,SO-0901,Head Constable Asha Joshi,Head Constable,47,2026-07-16 22:06:18+00:00,88.0,,,21.2707045,72.9713169,29.700000762939453,-0.033,-0.089,0.967,,0.0,0.0,0.0,,,,,0.0,0.0,30.0,-1.399999998596968e-06,-2.999999964004019e-07,0.02,88.0,36.5,0
19856,SO-0901,Head Constable Asha Joshi,Head Constable,47,2026-07-16 22:06:48+00:00,88.0,,,21.2707061,72.9713172,29.700000762939453,-0.031,-0.084,0.973,,0.0,0.0,0.0,,,,,0.0,0.0,30.0,1.6000000009341877e-06,2.999999964004019e-07,0.02,88.0,36.5,0
19858,SO-0901,Head Constable Asha Joshi,Head Constable,47,2026-07-16 22:07:17+00:00,88.0,,,21.2707049,72.9713196,29.700000762939453,-0.033,-0.091,0.965,,0.0,0.0,0.0,,,,,0.0,0.0,29.0,-1.200000003365176e-06,2.3999999996249244e-06,0.03,88.0,36.5,0
19860,SO-0901,Head Constable Asha Joshi,Head Constable,47,2026-07-16 22:07:47+00:00,88.0,,,21.270704,72.9713167,29.700000762939453,-0.035,-0.089,0.965,,0.0,0.0,0.0,,,,,0.0,0.0,30.0,-8.999999998593466e-07,-2.8999999983625457e-06,0.04,88.0,36.5,0
19862,SO-0901,Head Constable Asha Joshi,Head Constable,47,2026-07-16 22:08:18+00:00,88.0,,,21.2707034,72.9713162,29.700000762939453,-0.037,-0.089,0.97,,0.0,0.0,0.0,,,,,0.0,0.0,31.0,-5.999999999062311e-07,-4.999999987376214e-07,0.01,88.0,36.5,0
19864,SO-0901,Head Constable Asha Joshi,Head Constable,47,2026-07-16 22:08:47+00:00,88.0,,,21.2707052,72.9713156,29.700000762939453,-0.037,-0.097,0.968,,0.0,0.0,0.0,,,,,0.0,0.0,29.0,1.7999999997186933e-06,-6.000000070116585e-07,0.03,88.0,36.5,0
19866,SO-0901,Head Constable Asha Joshi,Head Constable,47,2026-07-16 22:09:18+00:00,88.0,,,21.2707045,72.971316,29.700000762939453,-0.031,-0.088,0.967,,0.0,0.0,0.0,,,,,0.0,0.0,31.0,-6.999999975221272e-07,4.0000000467443897e-07,0.01,88.0,36.5,0
19868,SO-0901,Head Constable Asha Joshi,Head Constable,47,2026-07-16 22:09:47+00:00,88.0,,,21.2707046,72.9713179,29.700000762939453,-0.035,-0.087,0.964,,0.0,0.0,0.0,,,,,0.0,0.0,29.0,9.999999761589606e-08,1.900000000887303e-06,0.02,88.0,36.5,0
19870,SO-0901,Head Constable Asha Joshi,Head Constable,47,2026-07-16 22:10:18+00:00,88.0,,,21.2707056,72.9713236,29.700000762939453,-0.039,-0.091,0.963,,0.0,0.0,0.0,,,,,0.0,0.0,31.0,1.0000000010279564e-06,5.700000002661909e-06,0.07,88.0,36.5,0
19872,SO-0901,Head Constable Asha Joshi,Head Constable,47,2026-07-16 22:10:47+00:00,87.0,,,21.270704,72.9713192,29.700000762939453,-0.03,-0.087,0.976,,0.0,0.0,0.0,,,,,0.0,0.0,29.0,-1.6000000009341877e-06,-4.4000000087862645e-06,0.06,88.0,36.5,0
19874,SO-0901,Head Constable Asha Joshi,Head Constable,47,2026-07-16 22:11:18+00:00,88.0,,,21.2707018,72.9713156,29.700000762939453,-0.03,-0.088,0.961,,0.0,0.0,0.0,,,,,0.0,0.0,31.0,-2.199999997287705e-06,-3.5999999994373866e-06,0.05,88.0,36.5,0
19876,SO-0901,Head Constable Asha Joshi,Head Constable,47,2026-07-16 22:11:48+00:00,88.0,,,21.2707045,72.9713171,29.700000762939453,-0.032,-0.088,0.961,,0.0,0.0,0.0,,,,,0.0,0.0,30.0,2.69999999957804e-06,1.499999996212864e-06,0.04,88.0,36.5,0
19878,SO-0901,Head Constable Asha Joshi,Head Constable,47,2026-07-16 22:12:18+00:00,88.0,,,21.2707031,72.9713162,29.700000762939453,-0.033,-0.088,0.969,,0.0,0.0,0.0,,,,,0.0,0.0,30.0,-1.4000000021496817e-06,-8.999999892012056e-07,0.02,88.0,36.5,0
19880,SO-0901,Head Constable Asha Joshi,Head Constable,47,2026-07-16 22:12:47+00:00,88.0,,,21.2707039,72.9713178,29.700000762939453,-0.032,-0.089,0.971,,0.0,0.0,0.0,,,,,0.0,0.0,29.0,8.000000022434506e-07,1.5999999902760464e-06,0.02,88.0,36.5,0
19882,SO-0901,Head Constable Asha Joshi,Head Constable,47,2026-07-16 22:13:18+00:00,88.0,,,21.2707023,72.9713183,29.700000762939453,-0.033,-0.087,0.972,,0.0,0.0,0.0,,,,,0.0,0.0,31.0,-1.6000000009341877e-06,4.999999987376214e-07,0.02,88.0,36.5,0
19884,SO-0901,Head Constable Asha Joshi,Head Constable,47,2026-07-16 22:13:47+00:00,88.0,,,21.2707036,72.9713167,29.700000762939453,-0.032,-0.087,0.968,,0.0,0.0,0.0,,,,,0.0,0.0,29.0,1.300000000981072e-06,-1.5999999902760464e-06,0.03,88.0,36.5,0
19886,SO-0901,Head Constable Asha Joshi,Head Constable,47,2026-07-16 22:14:18+00:00,87.0,,,21.2707035,72.9713171,29.700000762939453,-0.031,-0.087,0.971,,0.0,0.0,0.0,,,,,0.0,0.0,31.0,-1.0000000116860974e-07,3.9999999046358425e-07,0.0,88.0,36.5,0
19888,SO-0901,Head Constable Asha Joshi,Head Constable,47,2026-07-16 22:14:47+00:00,87.0,,,21.2707049,72.9713193,29.700000762939453,-0.037,-0.088,0.967,,0.0,0.0,0.0,,,,,0.0,0.0,29.0,1.399999998596968e-06,2.2000000114985596e-06,0.03,88.0,36.5,0
19890,SO-0901,Head Constable Asha Joshi,Head Constable,47,2026-07-16 22:15:18+00:00,90.0,,,21.2707043,72.9713165,29.700000762939453,-0.034,-0.088,0.966,,0.0,0.0,0.0,,,,,0.0,0.0,31.0,-5.999999999062311e-07,-2.8000000042993634e-06,0.03,88.0,36.5,0
19892,SO-0901,Head Constable Asha Joshi,Head Constable,47,2026-07-16 22:15:47+00:00,88.0,,,21.270703,72.9713166,29.700000762939453,-0.034,-0.084,0.964,,0.0,0.0,0.0,,,,,0.0,0.0,29.0,-1.2999999974283585e-06,9.999999406318238e-08,0.02,88.0,36.5,0
19894,SO-0901,Head Constable Asha Joshi,Head Constable,47,2026-07-16 22:16:18+00:00,88.0,,,21.2707038,72.9713172,29.700000762939453,-0.031,-0.092,0.968,,0.0,0.0,0.0,,,,,0.0,0.0,31.0,7.999999986907369e-07,6.000000070116585e-07,0.01,88.0,36.5,0
19896,SO-0901,Head Constable Asha Joshi,Head Constable,47,2026-07-16 22:16:48+00:00,88.0,,,21.2707034,72.9713171,29.700000762939453,-0.034,-0.091,0.966,,0.0,0.0,0.0,,,,,0.0,0.0,30.0,-4.000000011217253e-07,-1.000000082740371e-07,0.01,88.0,36.5,0
19898,SO-0901,Head Constable Asha Joshi,Head Constable,47,2026-07-16 22:17:18+00:00,90.0,,,21.270703,72.9713175,29.700000762939453,-0.028,-0.087,0.966,,0.0,0.0,0.0,,,,,0.0,0.0,30.0,-3.999999975690116e-07,4.0000000467443897e-07,0.01,88.0,36.5,0
19900,SO-0901,Head Constable Asha Joshi,Head Constable,47,2026-07-16 22:17:47+00:00,90.0,,,21.270705,72.9713185,29.700000762939453,-0.036,-0.093,0.955,,0.0,0.0,0.0,,,,,0.0,0.0,29.0,1.999999998503199e-06,9.999999974752427e-07,0.03,88.0,36.5,0
19902,SO-0901,Head Constable Asha Joshi,Head Constable,47,2026-07-16 22:18:18+00:00,90.0,,,21.2707031,72.9713169,29.700000762939453,-0.031,-0.09,0.971,,0.0,0.0,0.0,,,,,0.0,0.0,31.0,-1.900000000887303e-06,-1.5999999902760464e-06,0.03,88.0,36.5,0
19904,SO-0901,Head Constable Asha Joshi,Head Constable,47,2026-07-16 22:18:48+00:00,90.0,,,21.2707055,72.9713216,29.700000762939453,-0.034,-0.088,0.971,,0.0,0.0,0.0,,,,,0.0,0.0,30.0,2.3999999996249244e-06,4.699999990975812e-06,0.07,88.0,36.5,0
19906,SO-0901,Head Constable Asha Joshi,Head Constable,47,2026-07-16 22:19:18+00:00,89.0,,,21.2707052,72.9713176,29.700000762939453,-0.035,-0.088,0.971,,0.0,0.0,0.0,,,,,0.0,0.0,30.0,-2.999999999531156e-07,-3.999999989900971e-06,0.05,88.0,36.5,0
19908,SO-0901,Head Constable Asha Joshi,Head Constable,47,2026-07-16 22:19:48+00:00,89.0,,,21.2707017,72.9713165,29.700000762939453,-0.032,-0.086,0.968,,0.0,0.0,0.0,,,,,0.0,0.0,30.0,-3.499999998268777e-06,-1.1000000057492798e-06,0.05,88.0,36.5,0
19910,SO-0901,Head Constable Asha Joshi,Head Constable,47,2026-07-16 22:20:18+00:00,89.0,,,21.2707019,72.971317,29.700000762939453,-0.036,-0.091,0.969,,0.0,0.0,0.0,,,,,0.0,0.0,30.0,1.999999987845058e-07,4.999999987376214e-07,0.01,88.0,36.5,0
19912,SO-0901,Head Constable Asha Joshi,Head Constable,47,2026-07-16 22:20:48+00:00,89.0,,,21.2707039,72.9713168,29.700000762939453,-0.031,-0.084,0.964,,0.0,0.0,0.0,,,,,0.0,0.0,30.0,2.0000000020559128e-06,-2.0000000233721948e-07,0.03,88.0,36.5,0
19914,SO-0901,Head Constable Asha Joshi,Head Constable,47,2026-07-16 22:21:18+00:00,89.0,,,21.2707021,72.9713127,29.700000762939453,-0.032,-0.088,0.97,,0.0,0.0,0.0,,,,,0.0,0.0,30.0,-1.7999999997186933e-06,-4.099999998175008e-06,0.06,88.0,36.5,0
19916,SO-0901,Head Constable Asha Joshi,Head Constable,47,2026-07-16 22:21:48+00:00,89.0,,,21.2707034,72.9713177,29.700000762939453,-0.031,-0.09,0.967,,0.0,0.0,0.0,,,,,0.0,0.0,30.0,1.2999999974283585e-06,5.000000001587068e-06,0.06,88.0,36.5,0
19918,SO-0901,Head Constable Asha Joshi,Head Constable,47,2026-07-16 22:22:18+00:00,89.0,,,21.2707028,72.971318,29.700000762939453,-0.032,-0.087,0.969,,0.0,0.0,0.0,,,,,0.0,0.0,30.0,-5.999999999062311e-07,2.999999964004019e-07,0.01,88.0,36.5,0
19920,SO-0901,Head Constable Asha Joshi,Head Constable,47,2026-07-16 22:22:48+00:00,89.0,,,21.2707039,72.9713193,29.700000762939453,-0.03,-0.088,0.967,,0.0,0.0,0.0,,,,,0.0,0.0,30.0,1.100000002196566e-06,1.3000000080864993e-06,0.02,88.0,36.5,0
19922,SO-0901,Head Constable Asha Joshi,Head Constable,47,2026-07-16 22:23:18+00:00,89.0,,,21.2707045,72.9713189,29.700000762939453,-0.033,-0.086,0.969,,0.0,0.0,0.0,,,,,0.0,0.0,30.0,5.999999999062311e-07,-4.0000000467443897e-07,0.01,88.0,36.5,0
19924,SO-0901,Head Constable Asha Joshi,Head Constable,47,2026-07-16 22:23:47+00:00,89.0,,,21.2707028,72.9713194,29.700000762939453,-0.03,-0.089,0.973,,0.0,0.0,0.0,,,,,0.0,0.0,29.0,-1.7000000021027972e-06,4.999999987376214e-07,0.02,88.0,36.5,0
19926,SO-0901,Head Constable Asha Joshi,Head Constable,47,2026-07-16 22:24:17+00:00,97.0,,,21.270703,72.9713173,29.700000762939453,-0.034,-0.071,0.966,,0.0,0.0,0.0,,,,,0.0,0.0,30.0,2.0000000233721948e-07,-2.1000000032245225e-06,0.03,88.0,36.5,2
19928,SO-0901,Head Constable Asha Joshi,Head Constable,47,2026-07-16 22:24:48+00:00,97.0,,,21.2707033,72.9713213,29.700000762939453,-0.039,-0.074,0.963,,0.0,0.0,0.0,,,,,0.0,0.0,31.0,2.999999999531156e-07,4.0000000041118255e-06,0.05,88.0,36.5,2
19930,SO-0901,Head Constable Asha Joshi,Head Constable,47,2026-07-16 22:25:18+00:00,97.0,,,21.2707046,72.9713168,29.700000762939453,-0.039,-0.078,0.963,,0.0,0.0,0.0,,,,,0.0,0.0,30.0,1.2999999974283585e-06,-4.500000002849447e-06,0.06,88.0,36.5,2
19932,SO-0901,Head Constable Asha Joshi,Head Constable,47,2026-07-16 22:25:47+00:00,97.0,,,21.2707028,72.9713162,29.700000762939453,-0.037,-0.074,0.967,,0.0,0.0,0.0,,,,,0.0,0.0,29.0,-1.7999999997186933e-06,-5.999999928008037e-07,0.03,88.0,36.5,2
19934,SO-0901,Head Constable Asha Joshi,Head Constable,47,2026-07-16 22:26:17+00:00,97.0,,,21.2707022,72.9713177,29.700000762939453,-0.039,-0.08,0.972,,0.0,0.0,0.0,,,,,0.0,0.0,30.0,-5.999999999062311e-07,1.499999996212864e-06,0.02,88.0,36.5,2
19936,SO-0901,Head Constable Asha Joshi,Head Constable,47,2026-07-16 22:26:48+00:00,97.0,,,21.2707038,72.9713121,29.700000762939453,-0.04,-0.079,0.969,,0.0,0.0,0.0,,,,,0.0,0.0,31.0,1.6000000009341877e-06,-5.599999994387872e-06,0.07,88.0,36.5,2
19938,SO-0901,Head Constable Asha Joshi,Head Constable,47,2026-07-16 22:27:17+00:00,97.0,,,21.2707039,72.9713181,29.700000762939453,-0.038,-0.077,0.975,,0.0,0.0,0.0,,,,,0.0,0.0,29.0,1.0000000116860974e-07,5.999999999062311e-06,0.08,88.0,36.5,2
19940,SO-0901,Head Constable Asha Joshi,Head Constable,47,2026-07-16 22:27:47+00:00,97.0,,,21.2707047,72.9713185,29.700000762939453,-0.041,-0.08,0.963,,0.0,0.0,0.0,,,,,0.0,0.0,30.0,7.999999986907369e-07,3.9999999046358425e-07,0.01,88.0,36.5,2
19942,SO-0901,Head Constable Asha Joshi,Head Constable,47,2026-07-16 22:28:17+00:00,97.0,,,21.2707047,72.9713165,29.700000762939453,-0.033,-0.076,0.967,,0.0,0.0,0.0,,,,,0.0,0.0,30.0,0.0,-1.9999999949504854e-06,0.02,88.0,36.5,2
19944,SO-0901,Head Constable Asha Joshi,Head Constable,47,2026-07-16 22:28:48+00:00,97.0,,,21.2707025,72.9713176,29.700000762939453,-0.041,-0.076,0.969,,0.0,0.0,0.0,,,,,0.0,0.0,31.0,-2.2000000008404186e-06,1.1000000057492798e-06,0.03,88.0,36.5,2
19946,SO-0901,Head Constable Asha Joshi,Head Constable,47,2026-07-16 22:29:17+00:00,97.0,,,21.2707023,72.9713171,29.700000762939453,-0.039,-0.074,0.974,,0.0,0.0,0.0,,,,,0.0,0.0,29.0,-1.999999987845058e-07,-5.000000129484761e-07,0.01,88.0,36.5,2
19948,SO-0901,Head Constable Asha Joshi,Head Constable,47,2026-07-16 22:29:47+00:00,97.0,,,21.270705,72.9713167,29.700000762939453,-0.038,-0.078,0.966,,0.0,0.0,0.0,,,,,0.0,0.0,30.0,2.69999999957804e-06,-3.9999999046358425e-07,0.04,88.0,36.5,2
19950,SO-0901,Head Constable Asha Joshi,Head Constable,47,2026-07-16 22:30:18+00:00,97.0,,,21.2707043,72.9713172,29.700000762939453,-0.035,-0.075,0.971,,0.0,0.0,0.0,,,,,0.0,0.0,31.0,-7.000000010748408e-07,4.999999987376214e-07,0.01,88.0,36.5,2
19952,SO-0901,Head Constable Asha Joshi,Head Constable,47,2026-07-16 22:30:47+00:00,97.0,,,21.2707033,72.971317,29.700000762939453,-0.033,-0.08,0.967,,0.0,0.0,0.0,,,,,0.0,0.0,29.0,-9.999999974752427e-07,-2.0000000233721948e-07,0.01,88.0,36.5,2
19954,SO-0901,Head Constable Asha Joshi,Head Constable,47,2026-07-16 22:31:17+00:00,97.0,,,21.2707041,72.9713167,29.700000762939453,-0.04,-0.086,0.961,,0.0,0.0,0.0,,,,,0.0,0.0,30.0,7.999999986907369e-07,-2.999999964004019e-07,0.01,88.0,36.5,2
19956,SO-0901,Head Constable Asha Joshi,Head Constable,47,2026-07-16 22:31:47+00:00,97.0,,,21.2707028,72.9713185,29.700000762939453,-0.035,-0.078,0.967,,0.0,0.0,0.0,,,,,0.0,0.0,30.0,-1.300000000981072e-06,1.799999992613266e-06,0.03,88.0,36.5,2
19958,SO-0901,Head Constable Asha Joshi,Head Constable,47,2026-07-16 22:32:17+00:00,97.0,,,21.2707032,72.9713158,29.700000762939453,-0.035,-0.08,0.963,,0.0,0.0,0.0,,,,,0.0,0.0,30.0,4.000000011217253e-07,-2.6999999960253263e-06,0.03,88.0,36.5,2
19960,SO-0901,Head Constable Asha Joshi,Head Constable,47,2026-07-16 22:32:48+00:00,97.0,,,21.2707042,72.9713186,29.700000762939453,-0.04,-0.077,0.97,,0.0,0.0,0.0,,,,,0.0,0.0,31.0,1.0000000010279564e-06,2.8000000042993634e-06,0.04,88.0,36.5,2
19962,SO-0901,Head Constable Asha Joshi,Head Constable,47,2026-07-16 22:33:18+00:00,97.0,,,21.2707061,72.9713188,29.700000762939453,-0.034,-0.078,0.961,,0.0,0.0,0.0,,,,,0.0,0.0,30.0,1.900000000887303e-06,2.0000000233721948e-07,0.03,88.0,36.5,2
19964,SO-0901,Head Constable Asha Joshi,Head Constable,47,2026-07-16 22:33:48+00:00,97.0,,,21.2707003,72.9713211,29.700000762939453,-0.041,-0.078,0.964,,0.0,0.0,0.0,,,,,0.0,0.0,30.0,-5.800000000277805e-06,2.2999999913508873e-06,0.08,88.0,36.5,2
19966,SO-0901,Head Constable Asha Joshi,Head Constable,47,2026-07-16 22:34:18+00:00,87.0,,,21.2707052,72.9713167,29.700000762939453,-0.033,-0.08,0.965,,0.0,0.0,0.0,,,,,0.0,0.0,30.0,4.899999996865745e-06,-4.39999999457541e-06,0.09,88.0,36.5,0
19968,SO-0901,Head Constable Asha Joshi,Head Constable,47,2026-07-16 22:34:48+00:00,88.0,,,21.2707041,72.9713184,29.700000762939453,-0.037,-0.082,0.965,,0.0,0.0,0.0,,,,,0.0,0.0,30.0,-1.0999999986438525e-06,1.6999999985500835e-06,0.03,88.0,36.5,0
19970,SO-0901,Head Constable Asha Joshi,Head Constable,47,2026-07-16 22:35:18+00:00,88.0,,,21.2707019,72.9713161,29.700000762939453,-0.04,-0.073,0.969,,0.0,0.0,0.0,,,,,0.0,0.0,30.0,-2.2000000008404186e-06,-2.300000005561742e-06,0.04,88.0,36.5,0
19972,SO-0901,Head Constable Asha Joshi,Head Constable,47,2026-07-16 22:35:48+00:00,88.0,,,21.2707042,72.9713168,29.700000762939453,-0.035,-0.08,0.967,,0.0,0.0,0.0,,,,,0.0,0.0,30.0,2.3000000020090283e-06,7.000000010748408e-07,0.03,88.0,36.5,0
19974,SO-0901,Head Constable Asha Joshi,Head Constable,47,2026-07-16 22:36:17+00:00,88.0,,,21.2707024,72.9713121,29.700000762939453,-0.046,-0.081,0.96,,0.0,0.0,0.0,,,,,0.0,0.0,29.0,-1.7999999997186933e-06,-4.699999990975812e-06,0.07,88.0,36.5,0
19976,SO-0901,Head Constable Asha Joshi,Head Constable,47,2026-07-16 22:36:48+00:00,88.0,,,21.2707054,72.9713158,29.700000762939453,-0.04,-0.067,0.967,,0.0,0.0,0.0,,,,,0.0,0.0,31.0,2.9999999995311555e-06,3.699999993500569e-06,0.06,88.0,36.5,0
19978,SO-0901,Head Constable Asha Joshi,Head Constable,47,2026-07-16 22:37:18+00:00,88.0,,,21.2707032,72.9713162,29.700000762939453,-0.043,-0.068,0.966,,0.0,0.0,0.0,,,,,0.0,0.0,30.0,-2.2000000008404186e-06,4.0000000467443897e-07,0.03,88.0,36.5,0
19981,SO-0901,Head Constable Asha Joshi,Head Constable,47,2026-07-16 22:37:48+00:00,88.0,,,21.2707042,72.9713179,29.700000762939453,-0.036,-0.074,0.972,,0.0,0.0,0.0,,,,,0.0,0.0,30.0,1.0000000010279564e-06,1.6999999985500835e-06,0.02,88.0,36.5,0
19984,SO-0901,Head Constable Asha Joshi,Head Constable,47,2026-07-16 22:38:17+00:00,89.0,,,21.2707025,72.9713162,29.700000762939453,-0.035,-0.08,0.975,,0.0,0.0,0.0,,,,,0.0,0.0,29.0,-1.7000000021027972e-06,-1.6999999985500835e-06,0.03,88.0,36.5,0
19987,SO-0901,Head Constable Asha Joshi,Head Constable,47,2026-07-16 22:38:48+00:00,89.0,,,21.2707063,72.9713156,29.700000762939453,-0.035,-0.077,0.968,,0.0,0.0,0.0,,,,,0.0,0.0,31.0,3.800000001774606e-06,-6.000000070116585e-07,0.05,88.0,36.5,0
19990,SO-0901,Head Constable Asha Joshi,Head Constable,47,2026-07-16 22:39:18+00:00,89.0,,,21.2707057,72.9713169,29.700000762939453,-0.035,-0.075,0.971,,0.0,0.0,0.0,,,,,0.0,0.0,30.0,-5.999999999062311e-07,1.3000000080864993e-06,0.02,88.0,36.5,0
19993,SO-0901,Head Constable Asha Joshi,Head Constable,47,2026-07-16 22:39:47+00:00,89.0,,,21.2707048,72.9713175,29.700000762939453,-0.038,-0.074,0.964,,0.0,0.0,0.0,,,,,0.0,0.0,29.0,-8.999999998593466e-07,5.999999928008037e-07,0.01,88.0,36.5,0
19996,SO-0901,Head Constable Asha Joshi,Head Constable,47,2026-07-16 22:40:18+00:00,89.0,,,21.270705,72.9713194,29.700000762939453,-0.038,-0.075,0.968,,0.0,0.0,0.0,,,,,0.0,0.0,31.0,1.999999987845058e-07,1.900000000887303e-06,0.02,88.0,36.5,0
19999,SO-0901,Head Constable Asha Joshi,Head Constable,47,2026-07-16 22:40:47+00:00,89.0,,,21.2707044,72.9713181,29.700000762939453,-0.038,-0.076,0.973,,0.0,0.0,0.0,,,,,0.0,0.0,29.0,-5.999999999062311e-07,-1.2999999938756446e-06,0.02,88.0,36.5,0
20002,SO-0901,Head Constable Asha Joshi,Head Constable,47,2026-07-16 22:41:18+00:00,89.0,,,21.2707058,72.9713177,29.700000762939453,-0.037,-0.076,0.968,,0.0,0.0,0.0,,,,,0.0,0.0,31.0,1.4000000021496817e-06,-4.0000000467443897e-07,0.02,88.0,36.5,0
20005,SO-0901,Head Constable Asha Joshi,Head Constable,47,2026-07-16 22:41:47+00:00,89.0,,,21.2707031,72.9713152,29.700000762939453,-0.037,-0.068,0.971,,0.0,0.0,0.0,,,,,0.0,0.0,29.0,-2.7000000031307536e-06,-2.4999999936881068e-06,0.05,88.0,36.5,0
20008,SO-0901,Head Constable Asha Joshi,Head Constable,47,2026-07-16 22:42:17+00:00,89.0,,,21.2707045,72.9713166,29.700000762939453,-0.032,-0.082,0.964,,0.0,0.0,0.0,,,,,0.0,0.0,30.0,1.4000000021496817e-06,1.399999987938827e-06,0.03,88.0,36.5,0
20011,SO-0901,Head Constable Asha Joshi,Head Constable,47,2026-07-16 22:42:48+00:00,89.0,,,21.2707066,72.9713222,29.700000762939453,-0.031,-0.089,0.97,,0.0,0.0,0.0,,,,,0.0,0.0,31.0,2.099999999671809e-06,5.600000008598727e-06,0.07,88.0,36.5,0
20014,SO-0901,Head Constable Asha Joshi,Head Constable,47,2026-07-16 22:43:17+00:00,89.0,,,21.2707026,72.9713153,29.700000762939453,-0.037,-0.076,0.965,,0.0,0.0,0.0,,,,,0.0,0.0,29.0,-4.000000000559112e-06,-6.900000002474371e-06,0.1,88.0,36.5,0
20017,SO-0901,Head Constable Asha Joshi,Head Constable,47,2026-07-16 22:43:47+00:00,89.0,,,21.2707013,72.9713148,29.700000762939453,-0.041,-0.078,0.969,,0.0,0.0,0.0,,,,,0.0,0.0,30.0,-1.300000000981072e-06,-4.999999987376214e-07,0.02,88.0,36.5,0
20020,SO-0901,Head Constable Asha Joshi,Head Constable,47,2026-07-16 22:44:17+00:00,82.0,,,21.270703,72.9713206,29.700000762939453,0.005,-0.022,0.969,,0.0,0.0,0.0,,,,,0.0,0.0,30.0,1.7000000021027972e-06,5.7999999967250915e-06,0.08,88.0,36.5,0
20023,SO-0901,Head Constable Asha Joshi,Head Constable,47,2026-07-16 22:44:48+00:00,82.0,,,21.2707001,72.9713201,29.700000762939453,0.004,-0.022,0.964,,0.0,0.0,0.0,,,,,0.0,0.0,31.0,-2.900000001915259e-06,-4.999999987376214e-07,0.04,88.0,36.5,0
20026,SO-0901,Head Constable Asha Joshi,Head Constable,47,2026-07-16 22:45:18+00:00,82.0,,,21.2707001,72.9713183,29.700000762939453,-0.001,-0.024,0.972,,0.0,0.0,0.0,,,,,0.0,0.0,30.0,0.0,-1.8000000068241206e-06,0.02,88.0,36.5,0
20029,SO-0901,Head Constable Asha Joshi,Head Constable,47,2026-07-16 22:45:48+00:00,82.0,,,21.2707007,72.9713179,29.700000762939453,0.002,-0.021,0.968,,0.0,0.0,0.0,,,,,0.0,0.0,30.0,5.999999999062311e-07,-3.9999999046358425e-07,0.01,88.0,36.5,0
20032,SO-0901,Head Constable Asha Joshi,Head Constable,47,2026-07-16 22:46:17+00:00,82.0,,,21.2707021,72.9713176,29.700000762939453,-0.001,-0.024,0.972,,0.0,0.0,0.0,,,,,0.0,0.0,29.0,1.4000000021496817e-06,-2.999999964004019e-07,0.02,88.0,36.5,0
20035,SO-0901,Head Constable Asha Joshi,Head Constable,47,2026-07-16 22:46:48+00:00,88.0,,,21.2707018,72.9713219,29.700000762939453,-0.002,-0.03,0.968,,0.0,0.0,0.0,,,,,0.0,0.0,31.0,-2.999999999531156e-07,4.300000000512227e-06,0.05,88.0,36.5,0
20038,SO-0901,Head Constable Asha Joshi,Head Constable,47,2026-07-16 22:47:18+00:00,88.0,,,21.2706999,72.9713197,29.700000762939453,0.001,-0.028,0.971,,0.0,0.0,0.0,,,,,0.0,0.0,30.0,-1.900000000887303e-06,-2.2000000114985596e-06,0.04,88.0,36.5,0
20041,SO-0901,Head Constable Asha Joshi,Head Constable,47,2026-07-16 22:47:48+00:00,88.0,,,21.2707011,72.971318,29.700000762939453,-0.001,-0.028,0.968,,0.0,0.0,0.0,,,,,0.0,0.0,30.0,1.1999999998124622e-06,-1.6999999985500835e-06,0.03,88.0,36.5,0
20044,SO-0901,Head Constable Asha Joshi,Head Constable,47,2026-07-16 22:48:18+00:00,88.0,,,21.2707007,72.9713175,29.700000762939453,-0.006,-0.029,0.96,,0.0,0.0,0.0,,,,,0.0,0.0,30.0,-4.000000011217253e-07,-4.999999987376214e-07,0.01,88.0,36.5,0
20046,SO-0901,Head Constable Asha Joshi,Head Constable,47,2026-07-16 22:48:48+00:00,88.0,,,21.2707016,72.9713201,29.700000762939453,0.001,-0.025,0.974,,0.0,0.0,0.0,,,,,0.0,0.0,30.0,8.999999998593466e-07,2.600000001962144e-06,0.03,88.0,36.5,0
20049,SO-0901,Head Constable Asha Joshi,Head Constable,47,2026-07-16 22:49:18+00:00,88.0,,,21.270701,72.9713193,29.700000762939453,-0.003,-0.03,0.969,,0.0,0.0,0.0,,,,,0.0,0.0,30.0,-5.999999999062311e-07,-7.999999951380232e-07,0.01,88.0,36.5,0
20052,SO-0901,Head Constable Asha Joshi,Head Constable,47,2026-07-16 22:49:48+00:00,88.0,,,21.2707036,72.971322,29.700000762939453,-0.001,-0.026,0.965,,0.0,0.0,0.0,,,,,0.0,0.0,30.0,2.600000001962144e-06,2.6999999960253263e-06,0.05,88.0,36.5,0
20055,SO-0901,Head Constable Asha Joshi,Head Constable,47,2026-07-16 22:50:18+00:00,88.0,,,21.2707035,72.9713243,29.700000762939453,0.0,-0.026,0.967,,0.0,0.0,0.0,,,,,0.0,0.0,30.0,-1.0000000116860974e-07,2.300000005561742e-06,0.03,88.0,36.5,0
20058,SO-0901,Head Constable Asha Joshi,Head Constable,47,2026-07-16 22:50:48+00:00,88.0,,,21.2707016,72.9713207,29.700000762939453,-0.003,-0.029,0.964,,0.0,0.0,0.0,,,,,0.0,0.0,30.0,-1.900000000887303e-06,-3.5999999994373866e-06,0.05,88.0,36.5,0
20061,SO-0901,Head Constable Asha Joshi,Head Constable,47,2026-07-16 22:51:18+00:00,88.0,,,21.2707015,72.9713205,29.700000762939453,-0.004,-0.028,0.965,,0.0,0.0,0.0,,,,,0.0,0.0,30.0,-9.999999761589606e-08,-2.0000000233721948e-07,0.0,88.0,36.5,0
20064,SO-0901,Head Constable Asha Joshi,Head Constable,47,2026-07-16 22:51:48+00:00,88.0,,,21.2707034,72.9713178,29.700000762939453,-0.003,-0.029,0.958,,0.0,0.0,0.0,,,,,0.0,0.0,30.0,1.8999999973345896e-06,-2.700000010236181e-06,0.04,88.0,36.5,0
20067,SO-0901,Head Constable Asha Joshi,Head Constable,47,2026-07-16 22:52:18+00:00,88.0,,,21.2707024,72.9713189,29.700000762939453,-0.001,-0.028,0.968,,0.0,0.0,0.0,,,,,0.0,0.0,30.0,-9.999999974752427e-07,1.1000000057492798e-06,0.02,88.0,36.5,0
20070,SO-0901,Head Constable Asha Joshi,Head Constable,47,2026-07-16 22:52:48+00:00,88.0,,,21.2707049,72.9713186,29.700000762939453,-0.002,-0.028,0.955,,0.0,0.0,0.0,,,,,0.0,0.0,30.0,2.4999999972408204e-06,-2.999999964004019e-07,0.03,88.0,36.5,0
20073,SO-0901,Head Constable Asha Joshi,Head Constable,47,2026-07-16 22:53:17+00:00,88.0,,,21.2707038,72.9713184,29.700000762939453,-0.002,-0.025,0.965,,0.0,0.0,0.0,,,,,0.0,0.0,29.0,-1.0999999986438525e-06,-2.0000000233721948e-07,0.02,88.0,36.5,0
20076,SO-0901,Head Constable Asha Joshi,Head Constable,47,2026-07-16 22:53:46+00:00,88.0,,,21.2707009,72.9713175,29.700000762939453,-0.001,-0.03,0.961,,0.0,0.0,0.0,,,,,0.0,0.0,29.0,-2.8999999983625457e-06,-9.000000034120603e-07,0.04,88.0,36.5,0
20079,SO-0901,Head Constable Asha Joshi,Head Constable,47,2026-07-16 22:54:17+00:00,88.0,,,21.2707018,72.9713268,29.700000762939453,-0.002,-0.023,0.971,,0.0,0.0,0.0,,,,,0.0,0.0,31.0,8.999999998593466e-07,9.300000002099296e-06,0.11,88.0,36.5,0
20082,SO-0901,Head Constable Asha Joshi,Head Constable,47,2026-07-16 22:54:48+00:00,88.0,,,21.2707023,72.9713242,29.700000762939453,-0.001,-0.027,0.966,,0.0,0.0,0.0,,,,,0.0,0.0,31.0,4.999999987376214e-07,-2.600000001962144e-06,0.03,88.0,36.5,0
20085,SO-0901,Head Constable Asha Joshi,Head Constable,47,2026-07-16 22:55:17+00:00,88.0,,,21.2707036,72.9713197,29.700000762939453,0.001,-0.028,0.967,,0.0,0.0,0.0,,,,,0.0,0.0,29.0,1.300000000981072e-06,-4.500000002849447e-06,0.06,88.0,36.5,0
20088,SO-0901,Head Constable Asha Joshi,Head Constable,47,2026-07-16 22:55:47+00:00,88.0,,,21.2707029,72.9713203,29.700000762939453,-0.005,-0.023,0.971,,0.0,0.0,0.0,,,,,0.0,0.0,30.0,-7.000000010748408e-07,6.000000070116585e-07,0.01,88.0,36.5,0
20091,SO-0901,Head Constable Asha Joshi,Head Constable,47,2026-07-16 22:56:18+00:00,88.0,,,21.2707018,72.9713207,29.700000762939453,-0.001,-0.026,0.964,,0.0,0.0,0.0,,,,,0.0,0.0,31.0,-1.0999999986438525e-06,4.0000000467443897e-07,0.01,88.0,36.5,0
20094,SO-0901,Head Constable Asha Joshi,Head Constable,47,2026-07-16 22:56:47+00:00,88.0,,,21.2707042,72.9713236,29.700000762939453,-0.003,-0.025,0.963,,0.0,0.0,0.0,,,,,0.0,0.0,29.0,2.3999999996249244e-06,2.8999999983625457e-06,0.05,88.0,36.5,0
20097,SO-0901,Head Constable Asha Joshi,Head Constable,47,2026-07-16 22:57:18+00:00,88.0,,,21.2707019,72.9713192,29.700000762939453,0.001,-0.026,0.964,,0.0,0.0,0.0,,,,,0.0,0.0,31.0,-2.3000000020090283e-06,-4.4000000087862645e-06,0.06,88.0,36.5,0
20100,SO-0901,Head Constable Asha Joshi,Head Constable,47,2026-07-16 22:57:47+00:00,88.0,,,21.2707039,72.97132,29.700000762939453,-0.003,-0.024,0.962,,0.0,0.0,0.0,,,,,0.0,0.0,29.0,2.0000000020559128e-06,8.000000093488779e-07,0.03,88.0,36.5,0
20103,SO-0901,Head Constable Asha Joshi,Head Constable,47,2026-07-16 22:58:17+00:00,88.0,,,21.2707039,72.9713172,29.700000762939453,-0.002,-0.021,0.959,,0.0,0.0,0.0,,,,,0.0,0.0,30.0,0.0,-2.8000000042993634e-06,0.03,88.0,36.5,0
20106,SO-0901,Head Constable Asha Joshi,Head Constable,47,2026-07-16 22:58:48+00:00,88.0,,,21.2707036,72.9713205,29.700000762939453,0.001,-0.026,0.968,,0.0,0.0,0.0,,,,,0.0,0.0,31.0,-2.999999999531156e-07,3.3000000030369847e-06,0.04,88.0,36.5,0
20109,SO-0901,Head Constable Asha Joshi,Head Constable,47,2026-07-16 22:59:17+00:00,88.0,,,21.2707029,72.9713179,29.700000762939453,-0.001,-0.026,0.963,,0.0,0.0,0.0,,,,,0.0,0.0,29.0,-7.000000010748408e-07,-2.600000001962144e-06,0.03,88.0,36.5,0
20112,SO-0901,Head Constable Asha Joshi,Head Constable,47,2026-07-16 22:59:47+00:00,88.0,,,21.2707018,72.971316,29.700000762939453,-0.001,-0.021,0.962,,0.0,0.0,0.0,,,,,0.0,0.0,30.0,-1.0999999986438525e-06,-1.900000000887303e-06,0.03,88.0,36.5,0
20115,SO-0901,Head Constable Asha Joshi,Head Constable,47,2026-07-16 23:00:17+00:00,88.0,,,21.2707012,72.9713186,29.700000762939453,0.0,-0.024,0.957,,0.0,0.0,0.0,,,,,0.0,0.0,30.0,-5.999999999062311e-07,2.600000001962144e-06,0.03,88.0,36.5,0
20118,SO-0901,Head Constable Asha Joshi,Head Constable,47,2026-07-16 23:00:48+00:00,88.0,,,21.2707057,72.9713148,29.700000762939453,0.0,-0.026,0.967,,0.0,0.0,0.0,,,,,0.0,0.0,31.0,4.499999999296733e-06,-3.800000001774606e-06,0.07,88.0,36.5,0
20121,SO-0901,Head Constable Asha Joshi,Head Constable,47,2026-07-16 23:01:17+00:00,88.0,,,21.2707015,72.9713194,29.700000762939453,0.002,-0.025,0.964,,0.0,0.0,0.0,,,,,0.0,0.0,29.0,-4.199999999343618e-06,4.599999996912629e-06,0.08,88.0,36.5,0
20124,SO-0901,Head Constable Asha Joshi,Head Constable,47,2026-07-16 23:01:47+00:00,88.0,,,21.2707017,72.9713183,29.700000762939453,0.001,-0.02,0.963,,0.0,0.0,0.0,,,,,0.0,0.0,30.0,1.999999987845058e-07,-1.1000000057492798e-06,0.01,88.0,36.5,0
20127,SO-0901,Head Constable Asha Joshi,Head Constable,47,2026-07-16 23:02:18+00:00,88.0,,,21.2707015,72.9713174,29.700000762939453,0.001,-0.024,0.969,,0.0,0.0,0.0,,,,,0.0,0.0,31.0,-1.999999987845058e-07,-8.999999892012056e-07,0.01,88.0,36.5,0
20130,SO-0901,Head Constable Asha Joshi,Head Constable,47,2026-07-16 23:02:47+00:00,88.0,,,21.2707059,72.9713175,29.700000762939453,-0.003,-0.024,0.965,,0.0,0.0,0.0,,,,,0.0,0.0,29.0,4.3999999981281235e-06,9.999999406318238e-08,0.06,88.0,36.5,0
20133,SO-0901,Head Constable Asha Joshi,Head Constable,47,2026-07-16 23:03:18+00:00,88.0,,,21.2707004,72.971321,29.700000762939453,0.002,-0.023,0.965,,0.0,0.0,0.0,,,,,0.0,0.0,31.0,-5.50000000032469e-06,3.500000005374204e-06,0.08,88.0,36.5,0
20136,SO-0901,Head Constable Asha Joshi,Head Constable,47,2026-07-16 23:03:48+00:00,88.0,,,21.2707021,72.9713169,29.700000762939453,0.001,-0.023,0.969,,0.0,0.0,0.0,,,,,0.0,0.0,30.0,1.7000000021027972e-06,-4.099999998175008e-06,0.06,88.0,36.5,0
20139,SO-0901,Head Constable Asha Joshi,Head Constable,47,2026-07-16 23:04:18+00:00,88.0,,,21.2707034,72.9713198,29.700000762939453,0.002,-0.023,0.971,,0.0,0.0,0.0,,,,,0.0,0.0,30.0,1.2999999974283585e-06,2.8999999983625457e-06,0.04,88.0,36.5,0
20142,SO-0901,Head Constable Asha Joshi,Head Constable,47,2026-07-16 23:04:48+00:00,84.0,,,21.2707016,72.9713223,29.700000762939453,0.001,-0.028,0.969,,0.0,0.0,0.0,,,,,0.0,0.0,30.0,-1.7999999997186933e-06,2.4999999936881068e-06,0.04,88.0,36.5,0
20145,SO-0901,Head Constable Asha Joshi,Head Constable,47,2026-07-16 23:05:18+00:00,85.0,,,21.2707046,72.9713191,29.700000762939453,0.002,-0.022,0.97,,0.0,0.0,0.0,,,,,0.0,0.0,30.0,2.9999999995311555e-06,-3.1999999947629476e-06,0.06,88.0,36.5,0
20148,SO-0901,Head Constable Asha Joshi,Head Constable,47,2026-07-16 23:05:47+00:00,86.0,,,21.2706999,72.9713182,29.700000762939453,0.007,-0.016,0.967,,0.0,0.0,0.0,,,,,0.0,0.0,29.0,-4.699999998081239e-06,-9.000000034120603e-07,0.07,88.0,36.5,0
20151,SO-0901,Head Constable Asha Joshi,Head Constable,47,2026-07-16 23:06:18+00:00,96.0,,,21.2706971,72.9713803,29.700000762939453,-0.027,-0.073,0.97,,0.0,0.0,0.0,,,,,0.0,0.0,31.0,-2.8000000007466497e-06,6.210000000805849e-05,0.75,88.0,36.5,2
20154,SO-0901,Head Constable Asha Joshi,Head Constable,47,2026-07-16 23:06:48+00:00,96.0,,,21.2707008,72.9713312,29.700000762939453,-0.032,-0.075,0.965,,0.0,0.0,0.0,,,,,0.0,0.0,30.0,3.700000000605996e-06,-4.910000001245862e-05,0.61,88.0,36.5,2
20157,SO-0901,Head Constable Asha Joshi,Head Constable,47,2026-07-16 23:07:19+00:00,96.0,,,21.2707061,72.9713083,34.22583565610475,-0.03,-0.074,0.965,,0.0,0.0,0.0,,,,,0.0,0.0,31.0,5.300000001540184e-06,-2.2899999990499964e-05,0.28,88.0,36.5,2
22353,SO-0901,Head Constable Asha Joshi,Head Constable,47,2026-07-17 14:10:34+00:00,90.0,87.0,,21.0862789,72.987621,28.0,-0.892,-0.155,-0.582,,0.0,0.0,0.0,,,,,0.0,0.0,54195.0,-0.1844272000000018,0.0163127000000002,0.0,87.0,36.5,0
22356,SO-0901,Head Constable Asha Joshi,Head Constable,47,2026-07-17 14:11:04+00:00,89.0,78.0,,21.0862581,72.9876487,31.67332935657177,-0.569,0.562,0.497,,0.0,0.0,0.0,,,,,0.0,0.0,30.0,-2.0800000001486296e-05,2.7699999989749813e-05,0.44,78.0,36.5,0
22360,SO-0901,Head Constable Asha Joshi,Head Constable,47,2026-07-17 14:11:34+00:00,86.0,73.0,,21.0862506,72.9876271,31.58231065161877,0.444,1.215,0.827,,0.0,0.0,0.0,,,,,0.0,0.0,30.0,-7.499999998827889e-06,-2.159999999662432e-05,0.29,73.0,36.5,0
22367,SO-0901,Head Constable Asha Joshi,Head Constable,47,2026-07-17 14:12:04+00:00,88.0,88.0,,21.0862801,72.9876353,31.706284642449404,-1.01,-0.132,-0.244,,0.0,0.0,0.0,,,,,0.0,0.0,30.0,2.9500000000126647e-05,8.199999996350016e-06,0.41,88.0,36.5,0
22371,SO-0901,Head Constable Asha Joshi,Head Constable,47,2026-07-17 14:12:34+00:00,82.0,82.0,,21.0862803,72.9876351,28.0,-1.006,-0.139,-0.194,,0.0,0.0,0.0,,,,,0.0,0.0,30.0,1.999999987845058e-07,-1.9999998812636477e-07,0.0,82.0,36.5,0
22375,SO-0901,Head Constable Asha Joshi,Head Constable,47,2026-07-17 14:13:04+00:00,86.0,83.0,,21.0862803,72.9876351,28.0,-1.011,-0.134,-0.199,,0.0,0.0,0.0,,,,,0.0,0.0,30.0,0.0,0.0,0.0,83.0,36.5,0
22379,SO-0901,Head Constable Asha Joshi,Head Constable,47,2026-07-17 14:13:34+00:00,84.0,73.0,,21.086255,72.9876493,28.0,-1.01,-0.12,-0.185,,0.0,0.0,0.0,,,,,0.0,0.0,30.0,-2.5299999997230316e-05,1.4199999995412329e-05,0.38,73.0,36.5,0
22382,SO-0901,Head Constable Asha Joshi,Head Constable,47,2026-07-17 14:14:04+00:00,82.0,76.0,,21.0862583,72.9876512,28.0,-1.005,-0.115,-0.245,,0.0,0.0,0.0,,,,,0.0,0.0,30.0,3.299999999484271e-06,1.900000000887303e-06,0.05,76.0,36.5,0
22387,SO-0901,Head Constable Asha Joshi,Head Constable,47,2026-07-17 14:14:34+00:00,82.0,83.0,,21.0862797,72.9876355,28.0,-0.986,-0.151,-0.361,,0.0,0.0,0.0,,,,,0.0,0.0,30.0,2.1399999997839817e-05,-1.5700000005836046e-05,0.35,83.0,36.5,0
22390,SO-0901,Head Constable Asha Joshi,Head Constable,47,2026-07-17 14:15:04+00:00,89.0,78.0,,21.086254,72.9876506,28.0,-0.833,-0.309,-0.572,,0.0,0.0,0.0,,,,,0.0,0.0,30.0,-2.569999999835204e-05,1.5099999998824389e-05,0.39,78.0,36.5,0
22395,SO-0901,Head Constable Asha Joshi,Head Constable,47,2026-07-17 14:15:34+00:00,92.0,88.0,,21.0862797,72.9876355,28.0,-0.785,-0.253,-0.662,,0.0,0.0,0.0,,,,,0.0,0.0,30.0,2.569999999835204e-05,-1.5099999998824389e-05,0.39,88.0,36.5,2
22399,SO-0901,Head Constable Asha Joshi,Head Constable,47,2026-07-17 14:16:04+00:00,83.0,88.0,,21.0862785,72.9876317,28.0,-0.95,-0.16,0.312,,0.0,0.0,0.0,,,,,0.0,0.0,30.0,-1.1999999998124622e-06,-3.800000001774606e-06,0.05,88.0,36.5,0
22403,SO-0901,Head Constable Asha Joshi,Head Constable,47,2026-07-17 14:16:34+00:00,81.0,85.0,,21.0862563,72.9876542,28.0,-0.664,-0.235,-0.802,,0.0,0.0,0.0,,,,,0.0,0.0,30.0,-2.2200000000083264e-05,2.250000000003638e-05,0.41,85.0,36.5,0
22408,SO-0901,Head Constable Asha Joshi,Head Constable,47,2026-07-17 14:17:04+00:00,84.0,76.0,,21.0862722,72.9876558,28.0,-0.565,-0.263,-0.866,,0.0,0.0,0.0,,,,,0.0,0.0,30.0,1.5900000001067838e-05,1.6000000044869012e-06,0.21,76.0,36.5,0
22413,SO-0901,Head Constable Asha Joshi,Head Constable,47,2026-07-17 14:17:34+00:00,84.0,70.0,,21.0862803,72.9876351,28.0,-0.552,-0.264,-0.871,,0.0,0.0,0.0,,,,,0.0,0.0,30.0,8.09999999873412e-06,-2.069999999321226e-05,0.28,70.0,36.5,0
22417,SO-0901,Head Constable Asha Joshi,Head Constable,47,2026-07-17 14:18:04+00:00,84.0,72.0,,21.0862803,72.9876351,28.0,-0.551,-0.266,-0.861,,0.0,0.0,0.0,,,,,0.0,0.0,30.0,0.0,0.0,0.0,72.0,36.5,0
22421,SO-0901,Head Constable Asha Joshi,Head Constable,47,2026-07-17 14:18:34+00:00,82.0,67.0,,21.086264,72.987642,28.0,-0.555,-0.237,-0.88,,0.0,0.0,0.0,,,,,0.0,0.0,30.0,-1.629999999863685e-05,6.8999999882635166e-06,0.23,67.0,36.5,0
22424,SO-0901,Head Constable Asha Joshi,Head Constable,47,2026-07-17 14:19:04+00:00,81.0,64.0,,21.086265,72.987671,28.0,-0.546,-0.24,-0.884,,0.0,0.0,0.0,,,,,0.0,0.0,30.0,1.0000000010279564e-06,2.9000000012047167e-05,0.36,64.0,36.5,0
22427,SO-0901,Head Constable Asha Joshi,Head Constable,47,2026-07-17 14:19:33+00:00,86.0,61.0,,21.0862639,72.9876422,28.0,-0.54,-0.245,-0.875,,0.0,0.0,0.0,,,,,0.0,0.0,29.0,-1.100000002196566e-06,-2.8800000009709947e-05,0.37,61.0,36.5,0
22431,SO-0901,Head Constable Asha Joshi,Head Constable,47,2026-07-17 14:20:04+00:00,81.0,66.0,,21.0862627,72.9876426,28.0,-0.53,-0.244,-0.892,,0.0,0.0,0.0,,,,,0.0,0.0,31.0,-1.1999999998124622e-06,4.0000000467443897e-07,0.02,66.0,36.5,0
22435,SO-0901,Head Constable Asha Joshi,Head Constable,47,2026-07-17 14:20:34+00:00,83.0,88.0,,21.0862614,72.9876451,28.0,-0.874,-0.113,-0.578,,0.0,0.0,0.0,,,,,0.0,0.0,30.0,-1.2999999974283585e-06,2.4999999936881068e-06,0.04,88.0,36.5,0
22439,SO-0901,Head Constable Asha Joshi,Head Constable,47,2026-07-17 14:21:04+00:00,89.0,88.0,,21.0862803,72.987635,28.0,-0.51,-0.896,-0.035,,0.0,0.0,0.0,,,,,0.0,0.0,30.0,1.889999999704628e-05,-1.009999999723732e-05,0.28,88.0,36.5,0
22444,SO-0901,Head Constable Asha Joshi,Head Constable,47,2026-07-17 14:21:34+00:00,82.0,88.0,,21.0862622,72.9876639,28.0,-0.311,-0.961,0.12,,0.0,0.0,0.0,,,,,0.0,0.0,30.0,-1.8099999998355543e-05,2.890000000377313e-05,0.43,88.0,36.5,0
22448,SO-0901,Head Constable Asha Joshi,Head Constable,47,2026-07-17 14:22:04+00:00,89.0,87.0,,21.0862606,72.9876679,28.0,-0.903,-0.101,-0.522,,0.0,0.0,0.0,,,,,0.0,0.0,30.0,-1.6000000009341877e-06,4.0000000041118255e-06,0.05,87.0,36.5,0
22454,SO-0901,Head Constable Asha Joshi,Head Constable,47,2026-07-17 14:22:34+00:00,87.0,69.0,,21.0862785,72.9876317,28.0,-0.813,-0.113,-0.662,,0.0,0.0,0.0,,,,,0.0,0.0,30.0,1.7899999999571037e-05,-3.620000001092194e-05,0.51,69.0,36.5,0
22459,SO-0901,Head Constable Asha Joshi,Head Constable,47,2026-07-17 14:23:04+00:00,84.0,64.0,,21.0862789,72.9876334,28.0,-0.792,-0.123,-0.688,,0.0,0.0,0.0,,,,,0.0,0.0,30.0,4.000000011217253e-07,1.7000000127609385e-06,0.02,64.0,36.5,0
22464,SO-0901,Head Constable Asha Joshi,Head Constable,47,2026-07-17 14:23:34+00:00,86.0,61.0,,21.0862634,72.9876608,28.0,-0.781,-0.118,-0.702,,0.0,0.0,0.0,,,,,0.0,0.0,30.0,-1.5499999999946112e-05,2.739999999334941e-05,0.4,61.0,36.5,0
22469,SO-0901,Head Constable Asha Joshi,Head Constable,47,2026-07-17 14:24:04+00:00,81.0,87.0,,21.0862662,72.9876543,28.0,-0.363,-0.954,0.054,,0.0,0.0,0.0,,,,,0.0,0.0,30.0,2.8000000007466497e-06,-6.499999997799932e-06,0.09,87.0,36.5,0
22474,SO-0901,Head Constable Asha Joshi,Head Constable,47,2026-07-17 14:24:34+00:00,90.0,86.0,,21.0862958,72.9875944,28.0,-0.822,-0.123,-0.643,,0.0,0.0,0.0,,,,,0.0,0.0,30.0,2.9599999997742543e-05,-5.989999999655993e-05,0.84,86.0,36.5,0
22479,SO-0901,Head Constable Asha Joshi,Head Constable,47,2026-07-17 14:25:04+00:00,94.0,54.0,,21.0862799,72.9876347,28.0,-0.531,-0.876,-0.035,,0.0,0.0,0.0,,,,,0.0,0.0,30.0,-1.5899999997515124e-05,4.029999999488609e-05,0.54,54.0,36.5,2
22484,SO-0901,Head Constable Asha Joshi,Head Constable,47,2026-07-17 14:25:34+00:00,86.0,86.0,,21.0862663,72.9876523,28.0,-0.983,-0.104,0.206,,0.0,0.0,0.0,,,,,0.0,0.0,30.0,-1.3600000002611525e-05,1.7599999992512494e-05,0.28,86.0,36.5,0
22488,SO-0901,Head Constable Asha Joshi,Head Constable,47,2026-07-17 14:26:04+00:00,86.0,88.0,,21.0862617,72.9876439,28.0,-0.986,-0.124,0.206,,0.0,0.0,0.0,,,,,0.0,0.0,30.0,-4.599999996912629e-06,-8.399999998687235e-06,0.12,88.0,36.5,0
22492,SO-0901,Head Constable Asha Joshi,Head Constable,47,2026-07-17 14:26:34+00:00,91.0,86.0,,21.0862617,72.9876439,28.0,-1.073,-0.088,0.055,,0.0,0.0,0.0,,,,,0.0,0.0,30.0,0.0,0.0,0.0,86.0,36.5,2
22498,SO-0901,Head Constable Asha Joshi,Head Constable,47,2026-07-17 14:27:04+00:00,91.0,87.0,,21.0862897,72.9876869,28.0,-0.531,0.553,-0.923,,0.0,0.0,0.0,,,,,0.0,0.0,30.0,2.7999999996808356e-05,4.3000000005122274e-05,0.65,87.0,36.5,2
22503,SO-0901,Head Constable Asha Joshi,Head Constable,47,2026-07-17 14:27:34+00:00,94.0,82.0,,21.086255,72.9876593,28.0,-0.852,-0.196,-0.488,,0.0,0.0,0.0,,,,,0.0,0.0,30.0,-3.469999999694551e-05,-2.759999999568663e-05,0.58,82.0,36.5,2
22508,SO-0901,Head Constable Asha Joshi,Head Constable,47,2026-07-17 14:28:04+00:00,90.0,83.0,,21.0862803,72.9876351,28.0,-0.691,-0.237,-0.73,,0.0,0.0,0.0,,,,,0.0,0.0,30.0,2.5299999997230316e-05,-2.4199999998586463e-05,0.45,83.0,36.5,0
22513,SO-0901,Head Constable Asha Joshi,Head Constable,47,2026-07-17 14:28:34+00:00,84.0,87.0,,21.0862799,72.9876347,28.0,-0.606,-0.277,-0.834,,0.0,0.0,0.0,,,,,0.0,0.0,30.0,-3.999999975690116e-07,-4.0000000467443897e-07,0.01,87.0,36.5,0
22518,SO-0901,Head Constable Asha Joshi,Head Constable,47,2026-07-17 14:29:04+00:00,82.0,85.0,,21.0862798,72.9876345,28.0,-1.011,-0.048,-0.203,,0.0,0.0,0.0,,,,,0.0,0.0,30.0,-1.0000000116860974e-07,-2.0000000233721948e-07,0.0,85.0,36.5,0
22523,SO-0901,Head Constable Asha Joshi,Head Constable,47,2026-07-17 14:29:34+00:00,92.0,87.0,,21.0862799,72.9876347,28.0,-1.01,-0.15,-0.019,,0.0,0.0,0.0,,,,,0.0,0.0,30.0,1.0000000116860974e-07,2.0000000233721948e-07,0.0,87.0,36.5,2
22528,SO-0901,Head Constable Asha Joshi,Head Constable,47,2026-07-17 14:30:04+00:00,90.0,74.0,,21.0862797,72.9876322,28.0,-1.017,-0.171,-0.18,,0.0,0.0,0.0,,,,,0.0,0.0,30.0,-2.0000000233721948e-07,-2.5000000078989615e-06,0.03,74.0,36.5,0
22533,SO-0901,Head Constable Asha Joshi,Head Constable,47,2026-07-17 14:30:34+00:00,92.0,72.0,,21.086274,72.9876335,28.0,-0.488,-0.899,-0.026,,0.0,0.0,0.0,,,,,0.0,0.0,30.0,-5.699999999109195e-06,1.3000000080864993e-06,0.08,72.0,36.5,2
22538,SO-0901,Head Constable Asha Joshi,Head Constable,47,2026-07-17 14:31:04+00:00,88.0,87.0,,21.0862802,72.9876348,28.0,-0.881,-0.146,-0.546,,0.0,0.0,0.0,,,,,0.0,0.0,30.0,6.2000000013995304e-06,1.2999999938756446e-06,0.08,87.0,36.5,0
22543,SO-0901,Head Constable Asha Joshi,Head Constable,47,2026-07-17 14:31:34+00:00,83.0,86.0,,21.0862796,72.9876345,28.0,-0.953,-0.194,0.27,,0.0,0.0,0.0,,,,,0.0,0.0,30.0,-5.999999999062311e-07,-2.999999964004019e-07,0.01,86.0,36.5,0
22548,SO-0901,Head Constable Asha Joshi,Head Constable,47,2026-07-17 14:32:04+00:00,86.0,87.0,,21.0862772,72.9876248,28.0,-0.486,-0.855,0.123,,0.0,0.0,0.0,,,,,0.0,0.0,30.0,-2.3999999996249244e-06,-9.69999999256288e-06,0.12,87.0,36.5,0
22553,SO-0901,Head Constable Asha Joshi,Head Constable,47,2026-07-17 14:32:34+00:00,85.0,84.0,,21.0862793,72.9876343,28.0,-0.92,-0.224,0.352,,0.0,0.0,0.0,,,,,0.0,0.0,30.0,2.099999999671809e-06,9.49999999022566e-06,0.12,84.0,36.5,0
22558,SO-0901,Head Constable Asha Joshi,Head Constable,47,2026-07-17 14:33:04+00:00,80.0,83.0,,21.0862772,72.9876248,28.0,0.937,-0.283,0.04,,0.0,0.0,0.0,,,,,0.0,0.0,30.0,-2.099999999671809e-06,-9.49999999022566e-06,0.12,83.0,36.5,0
22563,SO-0901,Head Constable Asha Joshi,Head Constable,47,2026-07-17 14:33:34+00:00,88.0,73.0,,21.0862797,72.9876329,28.0,-0.715,-0.275,-0.779,,0.0,0.0,0.0,,,,,0.0,0.0,30.0,2.4999999972408204e-06,8.099999988075979e-06,0.11,73.0,36.5,0
22568,SO-0901,Head Constable Asha Joshi,Head Constable,47,2026-07-17 14:34:04+00:00,86.0,84.0,,21.0862802,72.9876348,28.0,-0.081,-0.997,-0.202,,0.0,0.0,0.0,,,,,0.0,0.0,30.0,5.00000002290335e-07,1.900000000887303e-06,0.02,84.0,36.5,0
22573,SO-0901,Head Constable Asha Joshi,Head Constable,47,2026-07-17 14:34:33+00:00,84.0,87.0,,21.0862681,72.9876593,28.0,-0.637,-0.808,0.295,,0.0,0.0,0.0,,,,,0.0,0.0,29.0,-1.2099999999293232e-05,2.450000000919772e-05,0.36,87.0,36.5,0
22578,SO-0901,Head Constable Asha Joshi,Head Constable,47,2026-07-17 14:35:04+00:00,86.0,87.0,,21.0862789,72.9876467,28.0,-1.027,-0.575,-0.034,,0.0,0.0,0.0,,,,,0.0,0.0,31.0,1.079999999831216e-05,-1.260000000513628e-05,0.21,87.0,36.5,0
22583,SO-0901,Head Constable Asha Joshi,Head Constable,47,2026-07-17 14:35:34+00:00,89.0,69.0,,21.0862706,72.987613,28.0,-0.848,0.345,0.033,,0.0,0.0,0.0,,,,,0.0,0.0,30.0,-8.30000000107134e-06,-3.370000000302298e-05,0.43,69.0,36.5,0
22588,SO-0901,Head Constable Asha Joshi,Head Constable,47,2026-07-17 14:36:04+00:00,92.0,87.0,,21.0862796,72.9876345,28.0,-0.737,-0.607,0.345,,0.0,0.0,0.0,,,,,0.0,0.0,30.0,9.00000000214618e-06,2.1500000002561137e-05,0.29,87.0,36.5,2
22593,SO-0901,Head Constable Asha Joshi,Head Constable,47,2026-07-17 14:36:34+00:00,88.0,87.0,,21.0862545,72.9876554,28.0,-1.326,-0.337,0.0,,0.0,0.0,0.0,,,,,0.0,0.0,30.0,-2.5100000001998524e-05,2.089999999554948e-05,0.42,87.0,36.5,0
22598,SO-0901,Head Constable Asha Joshi,Head Constable,47,2026-07-17 14:37:04+00:00,86.0,76.0,,21.0862579,72.9876778,28.0,-0.979,-0.578,-0.487,,0.0,0.0,0.0,,,,,0.0,0.0,30.0,3.4000000006528808e-06,2.2400000005973197e-05,0.28,76.0,36.5,0
22603,SO-0901,Head Constable Asha Joshi,Head Constable,47,2026-07-17 14:37:34+00:00,94.0,80.0,,21.0862636,72.9876522,28.0,-0.923,0.115,0.366,,0.0,0.0,0.0,,,,,0.0,0.0,30.0,5.699999999109195e-06,-2.5600000000736145e-05,0.33,80.0,36.5,2
22608,SO-0901,Head Constable Asha Joshi,Head Constable,47,2026-07-17 14:38:04+00:00,95.0,85.0,,21.0862543,72.9876565,28.0,-0.912,0.066,-0.618,,0.0,0.0,0.0,,,,,0.0,0.0,30.0,-9.299999998546582e-06,4.300000000512227e-06,0.13,85.0,36.5,2
22613,SO-0901,Head Constable Asha Joshi,Head Constable,47,2026-07-17 14:38:34+00:00,88.0,88.0,,21.0862579,72.9876575,28.0,-0.906,-0.012,0.421,,0.0,0.0,0.0,,,,,0.0,0.0,30.0,3.5999999994373866e-06,9.999999974752427e-07,0.05,88.0,36.5,0
22618,SO-0901,Head Constable Asha Joshi,Head Constable,47,2026-07-17 14:39:04+00:00,90.0,87.0,,21.0861697,72.9877551,28.0,-0.769,0.072,0.612,,0.0,0.0,0.0,,,,,0.0,0.0,30.0,-8.820000000042683e-05,9.760000000369472e-05,1.69,87.0,36.5,0
22623,SO-0901,Head Constable Asha Joshi,Head Constable,47,2026-07-17 14:39:34+00:00,91.0,84.0,,21.0862533,72.9876598,28.0,-1.014,-0.04,-0.164,,0.0,0.0,0.0,,,,,0.0,0.0,30.0,8.359999999996148e-05,-9.5299999998133e-05,1.63,84.0,36.5,2
22628,SO-0901,Head Constable Asha Joshi,Head Constable,47,2026-07-17 14:40:04+00:00,91.0,88.0,,21.0862237,72.9877039,28.0,-1.014,-0.008,-0.112,,0.0,0.0,0.0,,,,,0.0,0.0,30.0,-2.9599999997742543e-05,4.40999999966607e-05,0.67,88.0,36.5,2
22632,SO-0901,Head Constable Asha Joshi,Head Constable,47,2026-07-17 14:40:34+00:00,91.0,85.0,,21.0860093,72.9880138,28.100000381469727,-0.962,-0.038,0.296,,0.0,0.0,0.0,,,,,0.0,0.0,30.0,-0.0002144000000008,0.0003099000000048,4.79,85.0,36.5,1
22636,SO-0901,Head Constable Asha Joshi,Head Constable,47,2026-07-17 14:41:04+00:00,94.0,87.0,,21.0861851,72.9877597,28.0,-0.962,-0.019,0.329,,0.0,0.0,0.0,,,,,0.0,0.0,30.0,0.0001758000000009,-0.0002541000000064,3.93,87.0,36.5,2
22640,SO-0901,Head Constable Asha Joshi,Head Constable,47,2026-07-17 14:41:34+00:00,84.0,81.0,,21.0861891,72.9877491,28.0,-0.928,-0.029,0.386,,0.0,0.0,0.0,,,,,0.0,0.0,30.0,3.999999997006398e-06,-1.059999999597494e-05,0.14,81.0,36.5,0
22644,SO-0901,Head Constable Asha Joshi,Head Constable,47,2026-07-17 14:42:04+00:00,100.0,87.0,,21.0862583,72.9876665,28.0,-0.978,0.012,0.25,,0.0,0.0,0.0,,,,,0.0,0.0,30.0,6.920000000221194e-05,-8.259999999893353e-05,1.38,87.0,36.5,2
22648,SO-0901,Head Constable Asha Joshi,Head Constable,47,2026-07-17 14:42:34+00:00,82.0,85.0,,21.086176,72.9880497,28.0,-1.167,0.311,0.196,,0.0,0.0,0.0,,,,,0.0,0.0,30.0,-8.230000000253312e-05,0.0003832000000016,4.89,85.0,36.5,1
22652,SO-0901,Head Constable Asha Joshi,Head Constable,47,2026-07-17 14:43:04+00:00,81.0,79.0,,21.0862516,72.9876681,28.0,-0.946,-0.03,0.336,,0.0,0.0,0.0,,,,,0.0,0.0,30.0,7.560000000239597e-05,-0.0003816000000114,4.85,79.0,36.5,1
22657,SO-0901,Head Constable Asha Joshi,Head Constable,47,2026-07-17 14:43:34+00:00,91.0,84.0,,21.0856467,72.9884284,29.700000762939453,-0.971,-0.009,0.264,,0.0,0.0,0.0,,,,,0.0,0.0,30.0,-0.000604899999999,0.0007603000000102,12.41,84.0,36.5,1
22662,SO-0901,Head Constable Asha Joshi,Head Constable,47,2026-07-17 14:44:04+00:00,91.0,86.0,,21.085666,72.9884277,29.700000762939453,-1.022,0.019,0.015,,0.0,0.0,0.0,,,,,0.0,0.0,30.0,1.9299999998168005e-05,-7.000000010748408e-07,0.26,86.0,36.5,2
22668,SO-0901,Head Constable Asha Joshi,Head Constable,47,2026-07-17 14:44:34+00:00,90.0,74.0,,21.0862403,72.9876402,28.0,-0.711,-0.577,0.516,,0.0,0.0,0.0,,,,,0.0,0.0,30.0,0.0005743000000002,-0.0007875000000012,12.42,74.0,36.5,1
22674,SO-0901,Head Constable Asha Joshi,Head Constable,47,2026-07-17 14:45:04+00:00,88.0,84.0,,21.0862477,72.9876522,28.0,-1.004,-0.153,-0.026,,0.0,0.0,0.0,,,,,0.0,0.0,30.0,7.400000001211993e-06,1.1999999998124622e-05,0.18,84.0,36.5,0
22677,SO-0901,Head Constable Asha Joshi,Head Constable,47,2026-07-17 14:45:34+00:00,83.0,80.0,,21.0862793,72.9876343,28.0,-0.794,-0.792,-0.345,,0.0,0.0,0.0,,,,,0.0,0.0,30.0,3.1599999999798456e-05,-1.790000000312375e-05,0.48,80.0,36.5,0
22680,SO-0901,Head Constable Asha Joshi,Head Constable,47,2026-07-17 14:46:04+00:00,91.0,87.0,,21.0862604,72.9876564,28.0,0.005,-1.013,-0.121,,0.0,0.0,0.0,,,,,0.0,0.0,30.0,-1.8900000000598993e-05,2.2100000009572796e-05,0.37,87.0,36.5,2
22683,SO-0901,Head Constable Asha Joshi,Head Constable,47,2026-07-17 14:46:34+00:00,96.0,78.0,,21.0862791,72.9876339,28.0,-0.851,-0.513,0.25,,0.0,0.0,0.0,,,,,0.0,0.0,30.0,1.8699999998261777e-05,-2.250000000003638e-05,0.37,78.0,36.5,2
22686,SO-0901,Head Constable Asha Joshi,Head Constable,47,2026-07-17 14:47:04+00:00,82.0,85.0,,21.086268,72.9876628,28.0,-0.502,-0.85,-0.767,,0.0,0.0,0.0,,,,,0.0,0.0,30.0,-1.1099999998265275e-05,2.8899999989562275e-05,0.39,85.0,36.5,0
22689,SO-0901,Head Constable Asha Joshi,Head Constable,47,2026-07-17 14:47:34+00:00,90.0,76.0,,21.0862796,72.9876345,28.0,-0.621,0.185,0.69,,0.0,0.0,0.0,,,,,0.0,0.0,30.0,1.160000000055561e-05,-2.829999999676147e-05,0.38,76.0,36.5,0
22692,SO-0901,Head Constable Asha Joshi,Head Constable,47,2026-07-17 14:48:04+00:00,90.0,86.0,,21.0862596,72.9875928,28.0,-0.623,-0.216,0.729,,0.0,0.0,0.0,,,,,0.0,0.0,30.0,-1.999999999924285e-05,-4.1699999997035775e-05,0.58,86.0,36.5,0
22695,SO-0901,Head Constable Asha Joshi,Head Constable,47,2026-07-17 14:48:34+00:00,84.0,88.0,,21.0862593,72.9876675,28.0,-0.257,-0.585,-0.801,,0.0,0.0,0.0,,,,,0.0,0.0,30.0,-3.000000035058293e-07,7.469999999898391e-05,0.93,88.0,36.5,0
22697,SO-0901,Head Constable Asha Joshi,Head Constable,47,2026-07-17 14:49:04+00:00,82.0,84.0,,21.0860354,72.9879252,28.0,-0.836,-0.642,-0.161,,0.0,0.0,0.0,,,,,0.0,0.0,30.0,-0.0002238999999981,0.0002577000000059,4.38,84.0,36.5,0
22699,SO-0901,Head Constable Asha Joshi,Head Constable,47,2026-07-17 14:49:34+00:00,95.0,85.0,,21.0855759,72.9883968,28.0,-0.347,-0.95,-0.231,,0.0,0.0,0.0,,,,,0.0,0.0,30.0,-0.0004595000000016,0.0004715999999973,8.47,85.0,36.5,1
22701,SO-0901,Head Constable Asha Joshi,Head Constable,47,2026-07-17 14:50:04+00:00,93.0,63.0,,21.0862596,72.9876642,28.0,-0.171,-1.004,-0.027,,0.0,0.0,0.0,,,,,0.0,0.0,30.0,0.0006837000000032,-0.0007326000000063,12.87,63.0,36.5,1
22703,SO-0901,Head Constable Asha Joshi,Head Constable,47,2026-07-17 14:50:34+00:00,81.0,88.0,,21.0862595,72.987671,28.0,-0.148,-1.003,-0.007,,0.0,0.0,0.0,,,,,0.0,0.0,30.0,-1.0000000116860974e-07,6.800000008411189e-06,0.08,88.0,36.5,0
22705,SO-0901,Head Constable Asha Joshi,Head Constable,47,2026-07-17 14:51:04+00:00,93.0,83.0,,21.0862591,72.9876724,28.0,-0.312,-0.944,-0.227,,0.0,0.0,0.0,,,,,0.0,0.0,30.0,-4.000000011217253e-07,1.399999987938827e-06,0.02,83.0,36.5,2
22709,SO-0901,Head Constable Asha Joshi,Head Constable,47,2026-07-17 14:51:34+00:00,94.0,80.0,,21.0862793,72.9876343,28.0,-0.46,-0.175,0.868,,0.0,0.0,0.0,,,,,0.0,0.0,30.0,2.0200000001580065e-05,-3.809999999759839e-05,0.54,80.0,36.5,2
22711,SO-0901,Head Constable Asha Joshi,Head Constable,47,2026-07-17 14:52:04+00:00,88.0,86.0,,21.0859474,72.9882859,28.0,-0.945,-0.178,0.249,,0.0,0.0,0.0,,,,,0.0,0.0,30.0,-0.0003319000000026,0.0006515999999976,9.22,86.0,36.5,1
22714,SO-0901,Head Constable Asha Joshi,Head Constable,47,2026-07-17 14:52:34+00:00,83.0,88.0,,21.086258,72.9876577,28.0,-1.003,-0.343,-0.913,,0.0,0.0,0.0,,,,,0.0,0.0,30.0,0.0003106000000023,-0.0006281999999941,8.83,88.0,36.5,1
22717,SO-0901,Head Constable Asha Joshi,Head Constable,47,2026-07-17 14:53:04+00:00,83.0,80.0,,21.0862697,72.9876471,28.0,-0.948,0.023,0.34,,0.0,0.0,0.0,,,,,0.0,0.0,30.0,1.1699999998171506e-05,-1.059999999597494e-05,0.2,80.0,36.5,0
22719,SO-0901,Head Constable Asha Joshi,Head Constable,47,2026-07-17 14:53:34+00:00,92.0,56.0,,21.0860962,72.9878789,28.0,-1.171,0.215,0.457,,0.0,0.0,0.0,,,,,0.0,0.0,30.0,-0.0001734999999989,0.0002317999999945,3.69,56.0,36.5,2
22723,SO-0901,Head Constable Asha Joshi,Head Constable,47,2026-07-17 14:54:04+00:00,82.0,87.0,,21.0862627,72.9876455,28.0,-0.395,0.613,0.641,,0.0,0.0,0.0,,,,,0.0,0.0,30.0,0.0001664999999988,-0.000233399999999,3.65,87.0,36.5,0
22725,SO-0901,Head Constable Asha Joshi,Head Constable,47,2026-07-17 14:54:34+00:00,82.0,58.0,,21.086266,72.9876689,28.0,-0.917,0.071,-0.404,,0.0,0.0,0.0,,,,,0.0,0.0,30.0,3.299999999484271e-06,2.340000000344844e-05,0.29,58.0,36.5,0
22728,SO-0901,Head Constable Asha Joshi,Head Constable,47,2026-07-17 14:55:04+00:00,95.0,87.0,,21.0862626,72.9876647,28.0,-0.709,-0.655,0.313,,0.0,0.0,0.0,,,,,0.0,0.0,30.0,-3.399999997100167e-06,-4.200000006449045e-06,0.07,87.0,36.5,2
22732,SO-0901,Head Constable Asha Joshi,Head Constable,47,2026-07-17 14:55:34+00:00,84.0,73.0,,21.0862795,72.9876356,28.0,-0.454,0.297,-1.101,,0.0,0.0,0.0,,,,,0.0,0.0,30.0,1.689999999854308e-05,-2.9099999991899494e-05,0.43,73.0,36.5,0
22735,SO-0901,Head Constable Asha Joshi,Head Constable,47,2026-07-17 14:56:04+00:00,93.0,85.0,,21.0862781,72.9876238,25.807655756564955,-0.9,0.18,-0.538,,0.0,0.0,0.0,,,,,0.0,0.0,30.0,-1.399999998596968e-06,-1.1800000009998255e-05,0.15,85.0,36.5,2
22737,SO-0901,Head Constable Asha Joshi,Head Constable,47,2026-07-17 14:56:34+00:00,82.0,88.0,,21.0862769,72.9876156,26.31397434784526,-0.917,0.21,0.01,,0.0,0.0,0.0,,,,,0.0,0.0,30.0,-1.1999999998124622e-06,-8.199999996350016e-06,0.1,88.0,36.5,0
22740,SO-0901,Head Constable Asha Joshi,Head Constable,47,2026-07-17 14:57:34+00:00,86.0,85.0,,21.0862574,72.9876679,24.7166614373713,-0.694,0.583,0.647,,0.0,0.0,0.0,,,,,0.0,0.0,60.0,-1.9500000000505224e-05,5.230000000722157e-05,0.35,85.0,36.5,0
22742,SO-0901,Head Constable Asha Joshi,Head Constable,47,2026-07-17 14:58:04+00:00,86.0,86.0,,21.0866323,72.9874976,26.399999618530273,-0.807,0.703,-0.014,,0.0,0.0,0.0,,,,,0.0,0.0,30.0,0.0003749000000006,-0.0001703000000077,5.42,86.0,36.5,1
22744,SO-0901,Head Constable Asha Joshi,Head Constable,47,2026-07-17 14:58:34+00:00,84.0,58.0,,21.086283,72.9876389,26.399999618530273,-0.611,0.459,0.204,,0.0,0.0,0.0,,,,,0.0,0.0,30.0,-0.0003492999999998,0.0001412999999956,4.97,58.0,36.5,1
22747,SO-0901,Head Constable Asha Joshi,Head Constable,47,2026-07-17 14:59:04+00:00,84.0,53.0,,21.0865308,72.9877759,28.0,-0.109,0.95,0.3,,0.0,0.0,0.0,,,,,0.0,0.0,30.0,0.0002477999999968,0.0001370000000093,3.71,53.0,36.5,0
22749,SO-0901,Head Constable Asha Joshi,Head Constable,47,2026-07-17 14:59:34+00:00,92.0,86.0,,21.0862802,72.9876348,28.0,-0.476,0.711,0.535,,0.0,0.0,0.0,,,,,0.0,0.0,30.0,-0.0002505999999975,-0.0001411000000075,3.77,86.0,36.5,2
22752,SO-0901,Head Constable Asha Joshi,Head Constable,47,2026-07-17 15:00:04+00:00,92.0,83.0,,21.0862803,72.9876351,28.0,-0.588,-0.584,0.358,,0.0,0.0,0.0,,,,,0.0,0.0,30.0,9.999999761589606e-08,3.000000106112566e-07,0.0,83.0,36.5,2
22756,SO-0901,Head Constable Asha Joshi,Head Constable,47,2026-07-17 15:00:38+00:00,83.0,87.0,,21.0860315,72.9883474,27.700000762939453,-0.796,-0.211,0.616,,0.0,0.0,0.0,,,,,0.0,0.0,34.0,-0.0002487999999978,0.0007122999999893,8.34,87.0,36.5,1
22759,SO-0901,Head Constable Asha Joshi,Head Constable,47,2026-07-17 15:01:04+00:00,86.0,88.0,,21.0862726,72.987654,28.0,-0.706,-0.146,-0.773,,0.0,0.0,0.0,,,,,0.0,0.0,26.0,0.0002411000000002,-0.0006933999999887,10.61,88.0,36.5,1
22762,SO-0901,Head Constable Asha Joshi,Head Constable,47,2026-07-17 15:01:33+00:00,91.0,87.0,,21.0863499,72.9877939,27.5,-0.991,-0.073,-0.169,,0.0,0.0,0.0,,,,,0.0,0.0,29.0,7.729999999739334e-05,0.0001398999999935,2.09,87.0,36.5,2
22764,SO-0901,Head Constable Asha Joshi,Head Constable,47,2026-07-17 15:02:04+00:00,81.0,87.0,,21.0863148,72.9877117,28.0,-0.997,-0.063,-0.274,,0.0,0.0,0.0,,,,,0.0,0.0,31.0,-3.509999999806723e-05,-8.219999999425909e-05,1.09,87.0,36.5,0
22767,SO-0901,Head Constable Asha Joshi,Head Constable,47,2026-07-17 15:02:34+00:00,98.0,79.0,,21.0862796,72.9876355,28.0,-0.867,-0.253,-0.633,,0.0,0.0,0.0,,,,,0.0,0.0,30.0,-3.519999999923584e-05,-7.620000000940763e-05,1.06,79.0,36.5,2
22770,SO-0901,Head Constable Asha Joshi,Head Constable,47,2026-07-17 15:03:04+00:00,86.0,81.0,,21.0862795,72.9876355,28.0,-0.747,-0.24,-0.705,,0.0,0.0,0.0,,,,,0.0,0.0,30.0,-1.0000000116860974e-07,0.0,0.0,81.0,36.5,0
22773,SO-0901,Head Constable Asha Joshi,Head Constable,47,2026-07-17 15:03:33+00:00,89.0,76.0,,21.0862796,72.9876335,28.0,-0.73,-0.243,-0.728,,0.0,0.0,0.0,,,,,0.0,0.0,29.0,1.0000000116860974e-07,-1.9999999949504854e-06,0.03,76.0,36.5,0
22776,SO-0901,Head Constable Asha Joshi,Head Constable,47,2026-07-17 15:04:04+00:00,93.0,88.0,,21.0862795,72.9876356,28.0,-0.999,0.179,0.162,,0.0,0.0,0.0,,,,,0.0,0.0,31.0,-1.0000000116860974e-07,2.1000000032245225e-06,0.03,88.0,36.5,2
22779,SO-0901,Head Constable Asha Joshi,Head Constable,47,2026-07-17 15:04:34+00:00,95.0,87.0,,21.0862795,72.9876355,28.0,-0.906,-0.063,0.423,,0.0,0.0,0.0,,,,,0.0,0.0,30.0,0.0,-1.000000082740371e-07,0.0,87.0,36.5,2
22782,SO-0901,Head Constable Asha Joshi,Head Constable,47,2026-07-17 15:05:04+00:00,92.0,79.0,,21.0862795,72.9876356,28.0,-0.885,-0.203,-0.519,,0.0,0.0,0.0,,,,,0.0,0.0,30.0,0.0,1.000000082740371e-07,0.0,79.0,36.5,2
22785,SO-0901,Head Constable Asha Joshi,Head Constable,47,2026-07-17 15:05:34+00:00,82.0,87.0,,21.0862733,72.9876505,28.0,-0.975,-0.113,-0.461,,0.0,0.0,0.0,,,,,0.0,0.0,30.0,-6.2000000013995304e-06,1.4899999996487168e-05,0.2,87.0,36.5,0
