log_id,badge_id,officer_name,rank,user_id,timestamp,spo2,pulse,temperature,latitude,longitude,altitude,accel_x,accel_y,accel_z,barometer,gyro_x,gyro_y,gyro_z,mag_x,mag_y,mag_z,bat_v,ir,red,time_delta,lat_delta,lon_delta,approx_speed_kmh,heart_rate,skin_temperature,target
1134,SO-0801,Constable Vijay Raval,Constable,44,2026-07-14 17:16:23+00:00,90.0,87.0,,21.181209,72.8012299,18.399999618530273,0.246,-0.172,0.557,,0.0,0.0,0.0,,,,,0.0,0.0,0.0,0.0,0.0,0.0,87.0,36.5,0
1144,SO-0801,Constable Vijay Raval,Constable,44,2026-07-14 17:16:53+00:00,96.0,88.0,,21.1811624,72.8012498,18.399999618530273,0.067,-0.421,0.943,,0.0,0.0,0.0,,,,,0.0,0.0,30.0,-4.659999999745423e-05,1.9899999998074236e-05,0.67,88.0,36.5,2
1157,SO-0801,Constable Vijay Raval,Constable,44,2026-07-14 17:17:23+00:00,95.0,88.0,,21.181122,72.8012165,18.399999618530273,0.147,-0.963,0.235,,0.0,0.0,0.0,,,,,0.0,0.0,30.0,-4.040000000316013e-05,-3.329999999834854e-05,0.68,88.0,36.5,2
1168,SO-0801,Constable Vijay Raval,Constable,44,2026-07-14 17:17:53+00:00,98.0,77.0,,21.1812854,72.8012429,18.399999618530273,1.133,0.468,0.17,,0.0,0.0,0.0,,,,,0.0,0.0,30.0,0.0001634000000017,2.6400000010085023e-05,2.2,77.0,36.5,2
1180,SO-0801,Constable Vijay Raval,Constable,44,2026-07-14 17:18:23+00:00,96.0,83.0,,21.1811618,72.8012069,18.399999618530273,0.709,-0.104,0.77,,0.0,0.0,0.0,,,,,0.0,0.0,30.0,-0.0001235999999984,-3.600000000858472e-05,1.71,83.0,36.5,2
1191,SO-0801,Constable Vijay Raval,Constable,44,2026-07-14 17:18:53+00:00,89.0,88.0,,21.181191,72.8012778,17.899999618530273,0.986,-0.086,-0.415,,0.0,0.0,0.0,,,,,0.0,0.0,30.0,2.9199999996620815e-05,7.08999999972093e-05,0.97,88.0,36.5,0
1204,SO-0801,Constable Vijay Raval,Constable,44,2026-07-14 17:19:23+00:00,96.0,82.0,,21.1810964,72.8012048,17.899999618530273,-0.198,-1.007,0.312,,0.0,0.0,0.0,,,,,0.0,0.0,30.0,-9.459999999705816e-05,-7.300000000043383e-05,1.56,82.0,36.5,2
1215,SO-0801,Constable Vijay Raval,Constable,44,2026-07-14 17:19:53+00:00,100.0,81.0,,21.1810881,72.8012072,17.899999618530273,0.237,-0.931,0.347,,0.0,0.0,0.0,,,,,0.0,0.0,30.0,-8.30000000107134e-06,2.3999999996249244e-06,0.11,81.0,36.5,2
1229,SO-0801,Constable Vijay Raval,Constable,44,2026-07-14 17:20:23+00:00,92.0,84.0,,21.1810949,72.8012117,17.899999618530273,0.2,-0.932,0.301,,0.0,0.0,0.0,,,,,0.0,0.0,30.0,6.8000000013057615e-06,4.500000002849447e-06,0.11,84.0,36.5,2
1242,SO-0801,Constable Vijay Raval,Constable,44,2026-07-14 17:20:53+00:00,91.0,88.0,,21.1811034,72.8012215,17.899999618530273,0.166,0.01,0.408,,0.0,0.0,0.0,,,,,0.0,0.0,30.0,8.499999999855845e-06,9.800000000836915e-06,0.17,88.0,36.5,2
1255,SO-0801,Constable Vijay Raval,Constable,44,2026-07-14 17:21:23+00:00,98.0,67.0,,21.1810954,72.8012111,17.899999618530273,0.878,0.087,0.937,,0.0,0.0,0.0,,,,,0.0,0.0,30.0,-8.000000001118224e-06,-1.039999999363772e-05,0.17,67.0,36.5,2
1268,SO-0801,Constable Vijay Raval,Constable,44,2026-07-14 17:21:53+00:00,95.0,83.0,,21.1810959,72.8012112,17.899999618530273,0.997,-0.109,0.459,,0.0,0.0,0.0,,,,,0.0,0.0,30.0,4.999999987376214e-07,9.999999406318238e-08,0.01,83.0,36.5,2
1281,SO-0801,Constable Vijay Raval,Constable,44,2026-07-14 17:22:23+00:00,87.0,86.0,,21.1810847,72.801201,17.899999618530273,0.937,0.11,0.002,,0.0,0.0,0.0,,,,,0.0,0.0,30.0,-1.1199999999433883e-05,-1.01999999913005e-05,0.2,86.0,36.5,0
1293,SO-0801,Constable Vijay Raval,Constable,44,2026-07-14 17:22:53+00:00,83.0,88.0,,21.1810864,72.8011973,17.899999618530273,0.431,-0.573,0.424,,0.0,0.0,0.0,,,,,0.0,0.0,30.0,1.7000000021027972e-06,-3.700000007711424e-06,0.05,88.0,36.5,0
1307,SO-0801,Constable Vijay Raval,Constable,44,2026-07-14 17:23:23+00:00,92.0,86.0,,21.1810795,72.8011762,17.899999618530273,0.865,0.13,0.597,,0.0,0.0,0.0,,,,,0.0,0.0,30.0,-6.900000002474371e-06,-2.1099999997886695e-05,0.28,86.0,36.5,2
1320,SO-0801,Constable Vijay Raval,Constable,44,2026-07-14 17:23:53+00:00,88.0,88.0,,21.1810835,72.8011918,17.899999618530273,0.856,0.058,0.732,,0.0,0.0,0.0,,,,,0.0,0.0,30.0,4.000000000559112e-06,1.559999999756201e-05,0.2,88.0,36.5,0
1332,SO-0801,Constable Vijay Raval,Constable,44,2026-07-14 17:24:23+00:00,97.0,88.0,,21.1810862,72.8011938,17.899999618530273,0.054,-0.927,0.359,,0.0,0.0,0.0,,,,,0.0,0.0,30.0,2.69999999957804e-06,1.9999999949504854e-06,0.04,88.0,36.5,2
1344,SO-0801,Constable Vijay Raval,Constable,44,2026-07-14 17:24:53+00:00,98.0,86.0,,21.1810718,72.8011485,17.899999618530273,1.148,-0.068,0.003,,0.0,0.0,0.0,,,,,0.0,0.0,30.0,-1.4399999997749546e-05,-4.529999999647316e-05,0.6,86.0,36.5,2
1356,SO-0801,Constable Vijay Raval,Constable,44,2026-07-14 17:25:23+00:00,98.0,85.0,,21.1810796,72.8011678,17.899999618530273,1.179,-0.324,-0.121,,0.0,0.0,0.0,,,,,0.0,0.0,30.0,7.799999998781004e-06,1.9300000005273432e-05,0.26,85.0,36.5,2
1368,SO-0801,Constable Vijay Raval,Constable,44,2026-07-14 17:25:53+00:00,98.0,67.0,,21.1810806,72.8011716,17.899999618530273,0.586,-0.38,0.778,,0.0,0.0,0.0,,,,,0.0,0.0,30.0,1.0000000010279564e-06,3.800000001774606e-06,0.05,67.0,36.5,2
1380,SO-0801,Constable Vijay Raval,Constable,44,2026-07-14 17:26:23+00:00,88.0,85.0,,21.1810796,72.8011678,17.899999618530273,0.732,-0.261,0.712,,0.0,0.0,0.0,,,,,0.0,0.0,30.0,-1.0000000010279564e-06,-3.800000001774606e-06,0.05,85.0,36.5,0
1392,SO-0801,Constable Vijay Raval,Constable,44,2026-07-14 17:26:53+00:00,83.0,81.0,,21.1810809,72.8011667,17.899999618530273,0.969,0.087,0.826,,0.0,0.0,0.0,,,,,0.0,0.0,30.0,1.300000000981072e-06,-1.1000000057492798e-06,0.02,81.0,36.5,0
1404,SO-0801,Constable Vijay Raval,Constable,44,2026-07-14 17:27:23+00:00,83.0,87.0,,21.1810827,72.8011848,17.899999618530273,0.889,-0.235,0.396,,0.0,0.0,0.0,,,,,0.0,0.0,30.0,1.7999999997186933e-06,1.810000000546097e-05,0.23,87.0,36.5,0
1416,SO-0801,Constable Vijay Raval,Constable,44,2026-07-14 17:27:53+00:00,86.0,78.0,,21.1810822,72.8011885,17.899999618530273,0.482,-0.191,0.908,,0.0,0.0,0.0,,,,,0.0,0.0,30.0,-5.00000002290335e-07,3.699999993500569e-06,0.05,78.0,36.5,0
1429,SO-0801,Constable Vijay Raval,Constable,44,2026-07-14 17:28:24+00:00,86.0,77.0,,21.1810822,72.8011774,17.899999618530273,0.835,-0.208,1.451,,0.0,0.0,0.0,,,,,0.0,0.0,31.0,0.0,-1.1099999994712562e-05,0.14,77.0,36.5,0
1442,SO-0801,Constable Vijay Raval,Constable,44,2026-07-14 17:28:53+00:00,86.0,74.0,,21.1810849,72.8011972,17.899999618530273,0.639,-0.041,1.317,,0.0,0.0,0.0,,,,,0.0,0.0,29.0,2.69999999957804e-06,1.9800000004011057e-05,0.26,74.0,36.5,0
1453,SO-0801,Constable Vijay Raval,Constable,44,2026-07-14 17:29:23+00:00,89.0,74.0,,21.181085,72.8011949,17.899999618530273,1.412,0.355,-0.361,,0.0,0.0,0.0,,,,,0.0,0.0,30.0,1.0000000116860974e-07,-2.300000005561742e-06,0.03,74.0,36.5,0
1465,SO-0801,Constable Vijay Raval,Constable,44,2026-07-14 17:29:53+00:00,98.0,86.0,,21.1810825,72.8011803,17.899999618530273,0.423,-0.142,0.962,,0.0,0.0,0.0,,,,,0.0,0.0,30.0,-2.500000000793534e-06,-1.4600000000086766e-05,0.19,86.0,36.5,2
1477,SO-0801,Constable Vijay Raval,Constable,44,2026-07-14 17:30:23+00:00,83.0,88.0,,21.1810856,72.8012038,17.899999618530273,0.882,-0.14,0.506,,0.0,0.0,0.0,,,,,0.0,0.0,30.0,3.1000000006997652e-06,2.3499999997511622e-05,0.3,88.0,36.5,0
1488,SO-0801,Constable Vijay Raval,Constable,44,2026-07-14 17:30:53+00:00,83.0,86.0,,21.1810884,72.8011955,17.899999618530273,0.851,-0.245,0.433,,0.0,0.0,0.0,,,,,0.0,0.0,30.0,2.8000000007466497e-06,-8.299999990413198e-06,0.11,86.0,36.5,0
1499,SO-0801,Constable Vijay Raval,Constable,44,2026-07-14 17:31:23+00:00,83.0,83.0,,21.1810818,72.8011731,15.577015605505338,0.977,-0.154,-0.078,,0.0,0.0,0.0,,,,,0.0,0.0,30.0,-6.599999998968542e-06,-2.2400000005973197e-05,0.3,83.0,36.5,0
1509,SO-0801,Constable Vijay Raval,Constable,44,2026-07-14 17:31:53+00:00,87.0,80.0,,21.1810789,72.8011708,17.899999618530273,0.875,-0.037,-0.427,,0.0,0.0,0.0,,,,,0.0,0.0,30.0,-2.900000001915259e-06,-2.300000005561742e-06,0.05,80.0,36.5,0
1520,SO-0801,Constable Vijay Raval,Constable,44,2026-07-14 17:32:23+00:00,93.0,83.0,,21.1810734,72.8011624,17.899999618530273,0.933,-0.155,-0.295,,0.0,0.0,0.0,,,,,0.0,0.0,30.0,-5.50000000032469e-06,-8.399999998687235e-06,0.13,83.0,36.5,2
1532,SO-0801,Constable Vijay Raval,Constable,44,2026-07-14 17:32:53+00:00,91.0,87.0,,21.1810828,72.8011919,17.899999618530273,0.93,-0.106,-0.313,,0.0,0.0,0.0,,,,,0.0,0.0,30.0,9.399999999715192e-06,2.9500000010784788e-05,0.39,87.0,36.5,2
1544,SO-0801,Constable Vijay Raval,Constable,44,2026-07-14 17:33:23+00:00,92.0,87.0,,21.1810781,72.8011757,17.899999618530273,0.808,-0.096,-0.507,,0.0,0.0,0.0,,,,,0.0,0.0,30.0,-4.699999998081239e-06,-1.6200000004573667e-05,0.21,87.0,36.5,2
1555,SO-0801,Constable Vijay Raval,Constable,44,2026-07-14 17:33:53+00:00,98.0,88.0,,21.1810734,72.8011484,17.899999618530273,0.997,-0.097,0.112,,0.0,0.0,0.0,,,,,0.0,0.0,30.0,-4.700000001633953e-06,-2.729999999928623e-05,0.35,88.0,36.5,2
1568,SO-0801,Constable Vijay Raval,Constable,44,2026-07-14 17:34:23+00:00,98.0,84.0,,21.1810811,72.8011719,17.899999618530273,0.968,-0.084,-0.297,,0.0,0.0,0.0,,,,,0.0,0.0,30.0,7.700000001165108e-06,2.3499999997511622e-05,0.31,84.0,36.5,2
1579,SO-0801,Constable Vijay Raval,Constable,44,2026-07-14 17:34:53+00:00,98.0,86.0,,21.1810732,72.8011659,17.899999618530273,0.955,-0.123,-0.203,,0.0,0.0,0.0,,,,,0.0,0.0,30.0,-7.899999999949614e-06,-5.999999999062311e-06,0.13,86.0,36.5,2
1590,SO-0801,Constable Vijay Raval,Constable,44,2026-07-14 17:35:23+00:00,81.0,84.0,,21.1810763,72.8011728,17.899999618530273,0.959,-0.113,-0.169,,0.0,0.0,0.0,,,,,0.0,0.0,30.0,3.1000000006997652e-06,6.900000002474371e-06,0.1,84.0,36.5,0
1601,SO-0801,Constable Vijay Raval,Constable,44,2026-07-14 17:35:53+00:00,81.0,83.0,,21.1810799,72.8011772,13.386271038469118,0.913,-0.062,-0.117,,0.0,0.0,0.0,,,,,0.0,0.0,30.0,3.5999999994373866e-06,4.39999999457541e-06,0.07,83.0,36.5,0
1615,SO-0801,Constable Vijay Raval,Constable,44,2026-07-14 17:36:23+00:00,82.0,87.0,,21.1810758,72.8011729,17.899999618530273,0.948,-0.096,-0.252,,0.0,0.0,0.0,,,,,0.0,0.0,30.0,-4.100000001727722e-06,-4.300000000512227e-06,0.08,87.0,36.5,0
1627,SO-0801,Constable Vijay Raval,Constable,44,2026-07-14 17:36:53+00:00,88.0,86.0,,21.1810828,72.8011892,14.160843480809843,0.996,-0.073,0.221,,0.0,0.0,0.0,,,,,0.0,0.0,30.0,7.000000000090267e-06,1.629999999863685e-05,0.23,86.0,36.5,0
1639,SO-0801,Constable Vijay Raval,Constable,44,2026-07-14 17:37:23+00:00,88.0,86.0,,21.1810773,72.8011776,17.899999618530273,0.924,-0.115,-0.28,,0.0,0.0,0.0,,,,,0.0,0.0,30.0,-5.50000000032469e-06,-1.1599999993450185e-05,0.16,86.0,36.5,0
1651,SO-0801,Constable Vijay Raval,Constable,44,2026-07-14 17:37:53+00:00,88.0,83.0,,21.1810815,72.8011758,17.899999618530273,0.941,-0.159,-0.281,,0.0,0.0,0.0,,,,,0.0,0.0,30.0,4.200000002896331e-06,-1.8000000068241206e-06,0.06,83.0,36.5,0
1663,SO-0801,Constable Vijay Raval,Constable,44,2026-07-14 17:38:23+00:00,100.0,84.0,,21.181083,72.8011877,17.899999618530273,0.772,-0.058,-0.547,,0.0,0.0,0.0,,,,,0.0,0.0,30.0,1.4999999997655775e-06,1.190000000406144e-05,0.15,84.0,36.5,2
1675,SO-0801,Constable Vijay Raval,Constable,44,2026-07-14 17:38:53+00:00,100.0,81.0,,21.1810822,72.8011702,17.899999618530273,0.844,-0.045,-0.371,,0.0,0.0,0.0,,,,,0.0,0.0,30.0,-8.000000022434506e-07,-1.749999999844931e-05,0.22,81.0,36.5,2
1687,SO-0801,Constable Vijay Raval,Constable,44,2026-07-14 17:39:23+00:00,93.0,69.0,,21.1810788,72.8011712,17.899999618530273,0.903,-0.087,-0.377,,0.0,0.0,0.0,,,,,0.0,0.0,30.0,-3.399999997100167e-06,9.999999974752427e-07,0.05,69.0,36.5,2
1699,SO-0801,Constable Vijay Raval,Constable,44,2026-07-14 17:39:53+00:00,86.0,73.0,,21.1810786,72.8011645,17.899999618530273,0.882,-0.057,-0.384,,0.0,0.0,0.0,,,,,0.0,0.0,30.0,-2.0000000233721948e-07,-6.700000000137152e-06,0.08,73.0,36.5,0
1710,SO-0801,Constable Vijay Raval,Constable,44,2026-07-14 17:40:23+00:00,86.0,,,21.1810702,72.8011486,17.899999618530273,0.906,-0.039,-0.365,,0.0,0.0,0.0,,,,,0.0,0.0,30.0,-8.399999998687235e-06,-1.589999999396241e-05,0.23,73.0,36.5,0
1723,SO-0801,Constable Vijay Raval,Constable,44,2026-07-14 17:40:53+00:00,83.0,,,21.1810848,72.8011847,10.014441081517717,0.935,-0.075,-0.293,,0.0,0.0,0.0,,,,,0.0,0.0,30.0,1.4600000000086766e-05,3.609999998843705e-05,0.49,73.0,36.5,0
1735,SO-0801,Constable Vijay Raval,Constable,44,2026-07-14 17:41:23+00:00,92.0,,,21.1810801,72.8011711,17.899999618530273,0.881,-0.039,-0.415,,0.0,0.0,0.0,,,,,0.0,0.0,30.0,-4.700000001633953e-06,-1.3599999988400668e-05,0.18,73.0,36.5,2
1747,SO-0801,Constable Vijay Raval,Constable,44,2026-07-14 17:41:53+00:00,83.0,87.0,,21.1810796,72.8011705,17.899999618530273,0.994,-0.044,-0.072,,0.0,0.0,0.0,,,,,0.0,0.0,30.0,-4.999999987376214e-07,-6.000000070116585e-07,0.01,87.0,36.5,0
1759,SO-0801,Constable Vijay Raval,Constable,44,2026-07-14 17:42:23+00:00,86.0,84.0,,21.1810755,72.8011761,17.899999618530273,1.009,-0.071,-0.049,,0.0,0.0,0.0,,,,,0.0,0.0,30.0,-4.100000001727722e-06,5.600000008598727e-06,0.09,84.0,36.5,0
1771,SO-0801,Constable Vijay Raval,Constable,44,2026-07-14 17:42:53+00:00,95.0,86.0,,21.1810815,72.8011737,17.899999618530273,0.936,-0.066,-0.263,,0.0,0.0,0.0,,,,,0.0,0.0,30.0,6.000000002615025e-06,-2.3999999996249244e-06,0.09,86.0,36.5,2
1783,SO-0801,Constable Vijay Raval,Constable,44,2026-07-14 17:43:23+00:00,87.0,88.0,,21.1810769,72.8011654,17.899999618530273,0.989,0.09,-0.163,,0.0,0.0,0.0,,,,,0.0,0.0,30.0,-4.600000000465343e-06,-8.300000004624053e-06,0.12,88.0,36.5,0
1795,SO-0801,Constable Vijay Raval,Constable,44,2026-07-14 17:43:53+00:00,83.0,88.0,,21.1810811,72.8011908,17.899999618530273,0.971,-0.084,-0.034,,0.0,0.0,0.0,,,,,0.0,0.0,30.0,4.199999999343618e-06,2.539999999839893e-05,0.32,88.0,36.5,0
1807,SO-0801,Constable Vijay Raval,Constable,44,2026-07-14 17:44:23+00:00,96.0,82.0,,21.1810796,72.8011699,17.899999618530273,0.987,-0.003,-0.078,,0.0,0.0,0.0,,,,,0.0,0.0,30.0,-1.4999999997655775e-06,-2.089999999554948e-05,0.26,82.0,36.5,2
1819,SO-0801,Constable Vijay Raval,Constable,44,2026-07-14 17:44:53+00:00,92.0,87.0,,21.1810808,72.8011779,17.899999618530273,0.951,-0.078,0.339,,0.0,0.0,0.0,,,,,0.0,0.0,30.0,1.1999999998124622e-06,7.999999994012796e-06,0.1,87.0,36.5,2
1831,SO-0801,Constable Vijay Raval,Constable,44,2026-07-14 17:45:23+00:00,85.0,87.0,,21.18108,72.8011716,19.68029060805614,0.657,-0.055,-0.633,,0.0,0.0,0.0,,,,,0.0,0.0,30.0,-7.999999986907369e-07,-6.299999995462713e-06,0.08,87.0,36.5,0
1843,SO-0801,Constable Vijay Raval,Constable,44,2026-07-14 17:45:53+00:00,93.0,88.0,,21.1810807,72.8011931,17.899999618530273,0.973,-0.028,-0.164,,0.0,0.0,0.0,,,,,0.0,0.0,30.0,6.999999975221272e-07,2.1500000002561137e-05,0.27,88.0,36.5,2
1855,SO-0801,Constable Vijay Raval,Constable,44,2026-07-14 17:46:22+00:00,99.0,88.0,,21.1810827,72.8012024,15.199996948242188,1.01,-0.043,-0.026,,0.0,0.0,0.0,,,,,0.0,0.0,29.0,2.0000000020559128e-06,9.29999998788844e-06,0.12,88.0,36.5,2
1867,SO-0801,Constable Vijay Raval,Constable,44,2026-07-14 17:46:53+00:00,89.0,87.0,,21.1810901,72.8011986,17.899999618530273,0.979,0.219,-0.054,,0.0,0.0,0.0,,,,,0.0,0.0,31.0,7.399999997659279e-06,-3.7999999875637513e-06,0.11,87.0,36.5,0
1879,SO-0801,Constable Vijay Raval,Constable,44,2026-07-14 17:47:23+00:00,86.0,87.0,,21.1810774,72.8011669,17.899999618530273,0.769,-0.453,0.507,,0.0,0.0,0.0,,,,,0.0,0.0,30.0,-1.2699999999199464e-05,-3.170000000807249e-05,0.43,87.0,36.5,0
1891,SO-0801,Constable Vijay Raval,Constable,44,2026-07-14 17:47:53+00:00,84.0,86.0,,21.1810806,72.8011867,17.899999618530273,1.023,0.165,0.279,,0.0,0.0,0.0,,,,,0.0,0.0,30.0,3.200000001868375e-06,1.9800000004011057e-05,0.25,86.0,36.5,0
1903,SO-0801,Constable Vijay Raval,Constable,44,2026-07-14 17:48:23+00:00,83.0,88.0,,21.1810818,72.8011932,17.899999618530273,0.789,-0.314,0.585,,0.0,0.0,0.0,,,,,0.0,0.0,30.0,1.1999999998124622e-06,6.499999997799932e-06,0.08,88.0,36.5,0
1915,SO-0801,Constable Vijay Raval,Constable,44,2026-07-14 17:48:53+00:00,87.0,88.0,,21.1810838,72.8011952,17.899999618530273,0.727,-0.279,0.69,,0.0,0.0,0.0,,,,,0.0,0.0,30.0,1.999999998503199e-06,1.9999999949504854e-06,0.04,88.0,36.5,0
1927,SO-0801,Constable Vijay Raval,Constable,44,2026-07-14 17:49:23+00:00,98.0,88.0,,21.1810847,72.8011955,17.899999618530273,0.747,-0.23,0.68,,0.0,0.0,0.0,,,,,0.0,0.0,30.0,8.999999998593466e-07,3.000000106112566e-07,0.01,88.0,36.5,2
1939,SO-0801,Constable Vijay Raval,Constable,44,2026-07-14 17:49:53+00:00,85.0,64.0,,21.1810843,72.8011959,17.899999618530273,0.587,0.831,0.198,,0.0,0.0,0.0,,,,,0.0,0.0,30.0,-4.000000011217253e-07,3.9999999046358425e-07,0.01,64.0,36.5,0
1951,SO-0801,Constable Vijay Raval,Constable,44,2026-07-14 17:50:23+00:00,94.0,86.0,,21.1810885,72.8011942,17.899999618530273,0.563,-0.278,0.841,,0.0,0.0,0.0,,,,,0.0,0.0,30.0,4.200000002896331e-06,-1.6999999985500835e-06,0.06,86.0,36.5,2
1963,SO-0801,Constable Vijay Raval,Constable,44,2026-07-14 17:50:53+00:00,87.0,86.0,,21.1810842,72.8011934,17.899999618530273,0.711,-0.132,0.754,,0.0,0.0,0.0,,,,,0.0,0.0,30.0,-4.300000000512227e-06,-7.999999951380232e-07,0.06,86.0,36.5,0
1975,SO-0801,Constable Vijay Raval,Constable,44,2026-07-14 17:51:23+00:00,84.0,88.0,,21.1810869,72.8011965,17.899999618530273,0.672,-0.109,0.8,,0.0,0.0,0.0,,,,,0.0,0.0,30.0,2.69999999957804e-06,3.1000000006997652e-06,0.05,88.0,36.5,0
1987,SO-0801,Constable Vijay Raval,Constable,44,2026-07-14 17:51:53+00:00,95.0,87.0,,21.1810857,72.8011948,17.899999618530273,0.705,-0.181,0.733,,0.0,0.0,0.0,,,,,0.0,0.0,30.0,-1.1999999998124622e-06,-1.6999999985500835e-06,0.03,87.0,36.5,2
1999,SO-0801,Constable Vijay Raval,Constable,44,2026-07-14 17:52:23+00:00,97.0,88.0,,21.1810851,72.801196,17.899999618530273,0.984,-0.051,0.072,,0.0,0.0,0.0,,,,,0.0,0.0,30.0,-5.999999999062311e-07,1.1999999998124622e-06,0.02,88.0,36.5,2
2011,SO-0801,Constable Vijay Raval,Constable,44,2026-07-14 17:52:53+00:00,91.0,88.0,,21.1810813,72.8012012,19.823657108484767,0.445,-0.765,0.235,,0.0,0.0,0.0,,,,,0.0,0.0,30.0,-3.800000001774606e-06,5.199999989713433e-06,0.08,88.0,36.5,2
2023,SO-0801,Constable Vijay Raval,Constable,44,2026-07-14 17:53:23+00:00,98.0,71.0,,21.1810441,72.8012068,15.199996948242188,0.235,-0.741,0.312,,0.0,0.0,0.0,,,,,0.0,0.0,30.0,-3.719999999773904e-05,5.600000008598727e-06,0.5,71.0,36.5,2
2034,SO-0801,Constable Vijay Raval,Constable,44,2026-07-14 17:53:53+00:00,87.0,86.0,,21.1810267,72.8012095,15.199996948242188,0.853,-0.242,-0.238,,0.0,0.0,0.0,,,,,0.0,0.0,30.0,-1.7400000000833415e-05,2.6999999960253263e-06,0.23,86.0,36.5,0
2047,SO-0801,Constable Vijay Raval,Constable,44,2026-07-14 17:54:23+00:00,94.0,86.0,,21.1810224,72.8011999,15.199996948242188,0.813,-0.196,-0.37,,0.0,0.0,0.0,,,,,0.0,0.0,30.0,-4.300000000512227e-06,-9.599999998499698e-06,0.13,86.0,36.5,2
2059,SO-0801,Constable Vijay Raval,Constable,44,2026-07-14 17:54:52+00:00,96.0,86.0,,21.1809781,72.8011376,15.199996948242188,0.986,-0.133,-0.063,,0.0,0.0,0.0,,,,,0.0,0.0,29.0,-4.429999999899792e-05,-6.229999999618485e-05,1.02,86.0,36.5,2
2070,SO-0801,Constable Vijay Raval,Constable,44,2026-07-14 17:55:22+00:00,93.0,88.0,,21.1809369,72.8011366,15.199996948242188,1.284,-0.128,-0.108,,0.0,0.0,0.0,,,,,0.0,0.0,30.0,-4.120000000185087e-05,-9.999999974752427e-07,0.55,88.0,36.5,2
2083,SO-0801,Constable Vijay Raval,Constable,44,2026-07-14 17:55:52+00:00,90.0,88.0,,21.1809632,72.8011696,15.199996948242188,0.973,-0.171,-0.052,,0.0,0.0,0.0,,,,,0.0,0.0,30.0,2.6300000001810982e-05,3.299999998773728e-05,0.54,88.0,36.5,0
2093,SO-0801,Constable Vijay Raval,Constable,44,2026-07-14 17:56:22+00:00,83.0,74.0,,21.1809608,72.801172,15.199996948242188,0.956,-0.157,-0.199,,0.0,0.0,0.0,,,,,0.0,0.0,30.0,-2.3999999996249244e-06,2.3999999996249244e-06,0.04,74.0,36.5,0
2104,SO-0801,Constable Vijay Raval,Constable,44,2026-07-14 17:56:52+00:00,83.0,88.0,,21.1809594,72.8011684,15.199996948242188,0.934,-0.13,-0.076,,0.0,0.0,0.0,,,,,0.0,0.0,30.0,-1.4000000021496817e-06,-3.5999999994373866e-06,0.05,88.0,36.5,0
2114,SO-0801,Constable Vijay Raval,Constable,44,2026-07-14 17:57:22+00:00,96.0,84.0,,21.1809593,72.8011686,15.199996948242188,0.963,-0.157,-0.056,,0.0,0.0,0.0,,,,,0.0,0.0,30.0,-9.999999761589606e-08,2.0000000233721948e-07,0.0,84.0,36.5,2
2125,SO-0801,Constable Vijay Raval,Constable,44,2026-07-14 17:57:52+00:00,86.0,81.0,,21.1809596,72.8011687,15.199996948242188,0.956,-0.161,-0.157,,0.0,0.0,0.0,,,,,0.0,0.0,30.0,2.999999999531156e-07,1.000000082740371e-07,0.0,81.0,36.5,0
2136,SO-0801,Constable Vijay Raval,Constable,44,2026-07-14 17:58:22+00:00,94.0,88.0,,21.180959,72.8011694,15.199996948242188,0.98,-0.148,-0.03,,0.0,0.0,0.0,,,,,0.0,0.0,30.0,-5.999999999062311e-07,7.000000010748408e-07,0.01,88.0,36.5,2
2148,SO-0801,Constable Vijay Raval,Constable,44,2026-07-14 17:58:52+00:00,100.0,88.0,,21.1809584,72.8011692,15.199996948242188,0.97,-0.154,-0.103,,0.0,0.0,0.0,,,,,0.0,0.0,30.0,-5.999999999062311e-07,-2.0000000233721948e-07,0.01,88.0,36.5,2
2159,SO-0801,Constable Vijay Raval,Constable,44,2026-07-14 17:59:22+00:00,83.0,85.0,,21.1809577,72.8011695,15.199996948242188,0.984,-0.109,-0.135,,0.0,0.0,0.0,,,,,0.0,0.0,30.0,-7.000000010748408e-07,2.999999964004019e-07,0.01,85.0,36.5,0
2170,SO-0801,Constable Vijay Raval,Constable,44,2026-07-14 17:59:53+00:00,89.0,88.0,,21.1809526,72.8011684,15.199996948242188,0.954,-0.111,-0.193,,0.0,0.0,0.0,,,,,0.0,0.0,31.0,-5.099999999202964e-06,-1.1000000057492798e-06,0.07,88.0,36.5,0
2181,SO-0801,Constable Vijay Raval,Constable,44,2026-07-14 18:00:23+00:00,100.0,87.0,,21.1810128,72.8011572,15.199996948242188,0.949,-0.118,-0.158,,0.0,0.0,0.0,,,,,0.0,0.0,30.0,6.020000000006576e-05,-1.1199999988775744e-05,0.81,87.0,36.5,2
2192,SO-0801,Constable Vijay Raval,Constable,44,2026-07-14 18:00:53+00:00,84.0,87.0,,21.1809925,72.8011397,15.199996948242188,0.95,-0.125,-0.226,,0.0,0.0,0.0,,,,,0.0,0.0,30.0,-2.0300000002748675e-05,-1.7500000012660166e-05,0.35,87.0,36.5,0
2202,SO-0801,Constable Vijay Raval,Constable,44,2026-07-14 18:01:22+00:00,93.0,86.0,,21.1809498,72.8011666,15.199996948242188,1.009,0.016,-0.328,,0.0,0.0,0.0,,,,,0.0,0.0,29.0,-4.269999999806373e-05,2.6900000008822644e-05,0.68,86.0,36.5,2
2213,SO-0801,Constable Vijay Raval,Constable,44,2026-07-14 18:01:52+00:00,99.0,88.0,,21.1809457,72.8011547,15.199996948242188,0.788,0.467,-0.368,,0.0,0.0,0.0,,,,,0.0,0.0,30.0,-4.100000001727722e-06,-1.190000000406144e-05,0.16,88.0,36.5,2
2225,SO-0801,Constable Vijay Raval,Constable,44,2026-07-14 18:02:22+00:00,97.0,88.0,,21.1809457,72.801155,15.199996948242188,0.807,0.468,-0.32,,0.0,0.0,0.0,,,,,0.0,0.0,30.0,0.0,2.999999964004019e-07,0.0,88.0,36.5,2
2238,SO-0801,Constable Vijay Raval,Constable,44,2026-07-14 18:02:52+00:00,94.0,88.0,,21.1809453,72.8011552,15.199996948242188,0.808,0.462,-0.318,,0.0,0.0,0.0,,,,,0.0,0.0,30.0,-3.999999975690116e-07,2.0000000233721948e-07,0.01,88.0,36.5,2
2250,SO-0801,Constable Vijay Raval,Constable,44,2026-07-14 18:03:22+00:00,100.0,88.0,,21.1809454,72.8011546,15.199996948242188,0.837,0.454,-0.289,,0.0,0.0,0.0,,,,,0.0,0.0,30.0,9.999999761589606e-08,-5.999999928008037e-07,0.01,88.0,36.5,2
2260,SO-0801,Constable Vijay Raval,Constable,44,2026-07-14 18:03:52+00:00,88.0,88.0,,21.1809453,72.8011543,15.199996948242188,0.857,0.473,-0.2,,0.0,0.0,0.0,,,,,0.0,0.0,30.0,-9.999999761589606e-08,-3.000000106112566e-07,0.0,88.0,36.5,0
2272,SO-0801,Constable Vijay Raval,Constable,44,2026-07-14 18:04:22+00:00,93.0,88.0,,21.1809453,72.8011537,15.199996948242188,0.849,0.465,-0.23,,0.0,0.0,0.0,,,,,0.0,0.0,30.0,0.0,-5.999999928008037e-07,0.01,88.0,36.5,2
2282,SO-0801,Constable Vijay Raval,Constable,44,2026-07-14 18:04:52+00:00,97.0,88.0,,21.1809453,72.801153,15.199996948242188,0.844,0.368,-0.34,,0.0,0.0,0.0,,,,,0.0,0.0,30.0,0.0,-7.000000010748408e-07,0.01,88.0,36.5,2
2294,SO-0801,Constable Vijay Raval,Constable,44,2026-07-14 18:05:22+00:00,100.0,88.0,,21.1809453,72.8011527,15.199996948242188,0.827,0.304,-0.345,,0.0,0.0,0.0,,,,,0.0,0.0,30.0,0.0,-2.999999964004019e-07,0.0,88.0,36.5,2
2305,SO-0801,Constable Vijay Raval,Constable,44,2026-07-14 18:05:53+00:00,99.0,87.0,,21.1809453,72.8011527,18.700000762939453,-0.103,-0.332,0.991,,0.0,0.0,0.0,,,,,0.0,0.0,31.0,0.0,0.0,0.0,87.0,36.5,2
2316,SO-0801,Constable Vijay Raval,Constable,44,2026-07-14 18:06:22+00:00,84.0,87.0,,21.1809618,72.8011853,15.199996948242188,0.846,-0.282,0.491,,0.0,0.0,0.0,,,,,0.0,0.0,29.0,1.6499999997421355e-05,3.25999999972737e-05,0.48,87.0,36.5,0
2326,SO-0801,Constable Vijay Raval,Constable,44,2026-07-14 18:06:52+00:00,85.0,88.0,,21.1808928,72.8015278,15.199996948242188,0.38,-0.76,0.812,,0.0,0.0,0.0,,,,,0.0,0.0,30.0,-6.899999999987472e-05,0.0003425000000021,4.41,88.0,36.5,0
2337,SO-0801,Constable Vijay Raval,Constable,44,2026-07-14 18:07:22+00:00,96.0,88.0,,21.1813502,72.8024606,15.199996948242188,0.726,-0.238,0.695,,0.0,0.0,0.0,,,,,0.0,0.0,30.0,0.0004574000000019,0.000932800000001,13.22,88.0,36.5,1
2349,SO-0801,Constable Vijay Raval,Constable,44,2026-07-14 18:07:52+00:00,95.0,86.0,,21.1826328,72.8044285,15.199996948242188,1.024,-0.294,0.321,,0.0,0.0,0.0,,,,,0.0,0.0,30.0,0.0012825999999996,0.0019678999999968,30.08,86.0,36.5,1
2359,SO-0801,Constable Vijay Raval,Constable,44,2026-07-14 18:08:22+00:00,92.0,72.0,,21.1828929,72.8048401,13.199996948242188,0.855,0.32,0.011,,0.0,0.0,0.0,,,,,0.0,0.0,30.0,0.0002600999999984,0.0004116000000067,6.23,72.0,36.5,1
2371,SO-0801,Constable Vijay Raval,Constable,44,2026-07-14 18:08:52+00:00,92.0,87.0,,21.1842262,72.8068159,13.199996948242188,0.368,-0.244,1.033,,0.0,0.0,0.0,,,,,0.0,0.0,30.0,0.0013333000000024,0.0019757999999967,30.55,87.0,36.5,1
2383,SO-0801,Constable Vijay Raval,Constable,44,2026-07-14 18:09:22+00:00,85.0,86.0,,21.184896,72.8081588,4.74102783203125,0.949,-0.212,0.365,,0.0,0.0,0.0,,,,,0.0,0.0,30.0,0.0006697999999971,0.0013428999999973,19.11,86.0,36.5,1
2395,SO-0801,Constable Vijay Raval,Constable,44,2026-07-14 18:09:52+00:00,95.0,78.0,,21.1849761,72.8084188,13.499996185302734,0.978,-0.134,0.264,,0.0,0.0,0.0,,,,,0.0,0.0,30.0,8.01000000016927e-05,0.0002599999999972,3.44,78.0,36.5,2
2407,SO-0801,Constable Vijay Raval,Constable,44,2026-07-14 18:10:22+00:00,92.0,86.0,,21.1850712,72.8086695,13.599998474121094,1.213,-0.321,0.189,,0.0,0.0,0.0,,,,,0.0,0.0,30.0,9.509999999934848e-05,0.0002506999999951,3.4,86.0,36.5,2
2419,SO-0801,Constable Vijay Raval,Constable,44,2026-07-14 18:10:52+00:00,92.0,73.0,,21.1852055,72.8089721,13.299999237060549,0.585,-0.109,0.843,,0.0,0.0,0.0,,,,,0.0,0.0,30.0,0.0001342999999991,0.0003026000000119,4.21,73.0,36.5,2
2432,SO-0801,Constable Vijay Raval,Constable,44,2026-07-14 18:11:22+00:00,85.0,88.0,,21.1853796,72.8093442,13.299999237060549,0.568,0.001,0.788,,0.0,0.0,0.0,,,,,0.0,0.0,30.0,0.0001741000000023,0.0003720999999927,5.23,88.0,36.5,1
2444,SO-0801,Constable Vijay Raval,Constable,44,2026-07-14 18:11:52+00:00,92.0,83.0,,21.1855534,72.8098756,13.099998474121094,0.67,0.096,0.405,,0.0,0.0,0.0,,,,,0.0,0.0,30.0,0.0001737999999988,0.0005313999999998,7.08,83.0,36.5,1
2456,SO-0801,Constable Vijay Raval,Constable,44,2026-07-14 18:12:22+00:00,89.0,81.0,,21.1858533,72.8103154,13.199996948242188,0.507,-0.033,0.887,,0.0,0.0,0.0,,,,,0.0,0.0,30.0,0.0002999000000016,0.0004397999999952,6.83,81.0,36.5,1
2467,SO-0801,Constable Vijay Raval,Constable,44,2026-07-14 18:12:52+00:00,94.0,74.0,,21.186027,72.8107196,13.599998474121094,0.602,-0.137,0.864,,0.0,0.0,0.0,,,,,0.0,0.0,30.0,0.0001736999999977,0.0004042000000055,5.59,74.0,36.5,1
2479,SO-0801,Constable Vijay Raval,Constable,44,2026-07-14 18:13:22+00:00,96.0,65.0,,21.1853036,72.8115322,1.513427734375,0.305,-0.041,0.77,,0.0,0.0,0.0,,,,,0.0,0.0,30.0,-0.0007233999999982,0.0008126000000032,14.05,65.0,36.5,1
2492,SO-0801,Constable Vijay Raval,Constable,44,2026-07-14 18:13:52+00:00,84.0,78.0,,21.1836263,72.8136597,0.389739990234375,0.419,-0.131,0.835,,0.0,0.0,0.0,,,,,0.0,0.0,30.0,-0.0016773000000007,0.0021275000000002,34.87,78.0,36.5,1
2504,SO-0801,Constable Vijay Raval,Constable,44,2026-07-14 18:14:22+00:00,87.0,84.0,,21.1827418,72.8146644,-0.817626953125,0.773,-0.019,0.684,,0.0,0.0,0.0,,,,,0.0,0.0,30.0,-0.0008845000000015,0.0010046999999957,17.28,84.0,36.5,1
2516,SO-0801,Constable Vijay Raval,Constable,44,2026-07-14 18:14:52+00:00,87.0,77.0,,21.1812937,72.8168484,2.486572265625,0.631,-0.01,0.764,,0.0,0.0,0.0,,,,,0.0,0.0,30.0,-0.0014480999999975,0.0021839999999997,33.58,77.0,36.5,1
2527,SO-0801,Constable Vijay Raval,Constable,44,2026-07-14 18:15:22+00:00,92.0,52.0,,21.180462,72.8197754,6.492523193359375,-0.406,-0.04,1.004,,0.0,0.0,0.0,,,,,0.0,0.0,30.0,-0.0008317000000026,0.0029269999999996,38.46,52.0,36.5,1
2540,SO-0801,Constable Vijay Raval,Constable,44,2026-07-14 18:15:52+00:00,84.0,75.0,,21.1807823,72.8227105,5.57061767578125,0.802,0.401,-0.199,,0.0,0.0,0.0,,,,,0.0,0.0,30.0,0.000320300000002,0.0029351000000019,37.18,75.0,36.5,1
2552,SO-0801,Constable Vijay Raval,Constable,44,2026-07-14 18:16:22+00:00,83.0,83.0,,21.181301,72.8260827,9.857879638671877,0.486,0.903,0.085,,0.0,0.0,0.0,,,,,0.0,0.0,30.0,0.0005187000000006,0.0033722000000011,42.99,83.0,36.5,1
2563,SO-0801,Constable Vijay Raval,Constable,44,2026-07-14 18:16:52+00:00,86.0,85.0,,21.1828976,72.8293757,7.91693115234375,0.669,-0.154,0.69,,0.0,0.0,0.0,,,,,0.0,0.0,30.0,0.0015965999999991,0.0032929999999993,46.58,85.0,36.5,1
2575,SO-0801,Constable Vijay Raval,Constable,44,2026-07-14 18:17:22+00:00,88.0,54.0,,21.1837744,72.8321459,4.405426025390625,0.949,-0.211,0.371,,0.0,0.0,0.0,,,,,0.0,0.0,30.0,0.0008768000000003,0.0027702000000005,36.76,54.0,36.5,1
2586,SO-0801,Constable Vijay Raval,Constable,44,2026-07-14 18:17:52+00:00,88.0,78.0,,21.1838119,72.8324866,15.599998474121094,0.612,0.846,0.216,,0.0,0.0,0.0,,,,,0.0,0.0,30.0,3.749999999769216e-05,0.0003406999999953,4.32,78.0,36.5,0
2597,SO-0801,Constable Vijay Raval,Constable,44,2026-07-14 18:18:22+00:00,80.0,79.0,,21.1838381,72.8326929,15.599998474121094,0.82,-0.119,0.617,,0.0,0.0,0.0,,,,,0.0,0.0,30.0,2.6200000000642376e-05,0.0002063000000021,2.62,79.0,36.5,0
2609,SO-0801,Constable Vijay Raval,Constable,44,2026-07-14 18:18:52+00:00,94.0,75.0,,21.1838751,72.8329367,15.39999771118164,0.921,-0.134,0.392,,0.0,0.0,0.0,,,,,0.0,0.0,30.0,3.700000000250725e-05,0.0002438000000068,3.11,75.0,36.5,2
2620,SO-0801,Constable Vijay Raval,Constable,44,2026-07-14 18:19:22+00:00,81.0,58.0,,21.1839286,72.8332989,15.39999771118164,0.911,-0.168,0.441,,0.0,0.0,0.0,,,,,0.0,0.0,30.0,5.3499999999928605e-05,0.0003621999999978,4.61,58.0,36.5,1
2630,SO-0801,Constable Vijay Raval,Constable,44,2026-07-14 18:19:52+00:00,81.0,60.0,,21.1839721,72.8335097,15.39999771118164,0.917,-0.135,0.391,,0.0,0.0,0.0,,,,,0.0,0.0,30.0,4.349999999675447e-05,0.0002107999999907,2.72,60.0,36.5,0
2643,SO-0801,Constable Vijay Raval,Constable,44,2026-07-14 18:20:22+00:00,83.0,60.0,,21.1839786,72.8337043,15.199996948242188,0.9,-0.167,0.437,,0.0,0.0,0.0,,,,,0.0,0.0,30.0,6.500000001352646e-06,0.0001946000000003,2.45,60.0,36.5,0
2654,SO-0801,Constable Vijay Raval,Constable,44,2026-07-14 18:20:52+00:00,82.0,63.0,,21.1840259,72.833946,15.199996948242188,0.827,-0.243,0.499,,0.0,0.0,0.0,,,,,0.0,0.0,30.0,4.730000000208179e-05,0.0002417000000036,3.11,63.0,36.5,0
2667,SO-0801,Constable Vijay Raval,Constable,44,2026-07-14 18:21:22+00:00,83.0,70.0,,21.1842171,72.8348524,15.799999237060549,0.81,-0.187,0.651,,0.0,0.0,0.0,,,,,0.0,0.0,30.0,0.0001911999999997,0.0009064000000051,11.69,70.0,36.5,1
2677,SO-0801,Constable Vijay Raval,Constable,44,2026-07-14 18:21:52+00:00,86.0,85.0,,21.1855232,72.8364756,15.799999237060549,0.963,0.567,0.079,,0.0,0.0,0.0,,,,,0.0,0.0,30.0,0.0013060999999972,0.0016231999999973,26.83,85.0,36.5,1
2688,SO-0801,Constable Vijay Raval,Constable,44,2026-07-14 18:22:22+00:00,85.0,65.0,,21.1866799,72.838671,13.336273193359377,0.906,-0.171,0.601,,0.0,0.0,0.0,,,,,0.0,0.0,30.0,0.0011567000000027,0.002195400000005,31.63,65.0,36.5,1
2697,SO-0801,Constable Vijay Raval,Constable,44,2026-07-14 18:22:52+00:00,81.0,79.0,,21.1886085,72.8403982,13.73370361328125,0.973,-0.121,-0.215,,0.0,0.0,0.0,,,,,0.0,0.0,30.0,0.0019285999999993,0.0017271999999906,33.65,79.0,36.5,1
2707,SO-0801,Constable Vijay Raval,Constable,44,2026-07-14 18:23:22+00:00,94.0,76.0,,21.1908292,72.841981,10.713104248046877,0.682,0.16,0.775,,0.0,0.0,0.0,,,,,0.0,0.0,30.0,0.0022206999999987,0.0015828000000084,35.66,76.0,36.5,1
2718,SO-0801,Constable Vijay Raval,Constable,44,2026-07-14 18:23:52+00:00,86.0,86.0,,21.1929431,72.8432347,18.548431396484375,0.423,0.409,0.841,,0.0,0.0,0.0,,,,,0.0,0.0,30.0,0.0021139000000012,0.0012536999999923,32.28,86.0,36.5,1
2728,SO-0801,Constable Vijay Raval,Constable,44,2026-07-14 18:24:22+00:00,98.0,51.0,,21.1947762,72.8435709,20.47186279296875,0.95,0.492,0.096,,0.0,0.0,0.0,,,,,0.0,0.0,30.0,0.0018330999999989,0.0003362000000066,24.78,51.0,36.5,1
2738,SO-0801,Constable Vijay Raval,Constable,44,2026-07-14 18:24:52+00:00,82.0,61.0,,21.1946446,72.8458944,16.453399658203125,0.908,-0.245,0.266,,0.0,0.0,0.0,,,,,0.0,0.0,30.0,-0.0001315999999995,0.0023235000000028,29.29,61.0,36.5,1
2748,SO-0801,Constable Vijay Raval,Constable,44,2026-07-14 18:25:22+00:00,95.0,85.0,,21.1949156,72.8484348,9.6815185546875,0.986,-0.048,0.427,,0.0,0.0,0.0,,,,,0.0,0.0,30.0,0.0002710000000014,0.0025404000000008,32.17,85.0,36.5,1
2758,SO-0801,Constable Vijay Raval,Constable,44,2026-07-14 18:25:52+00:00,87.0,86.0,,21.1969297,72.848294,8.94537353515625,0.908,-0.125,0.373,,0.0,0.0,0.0,,,,,0.0,0.0,30.0,0.0020140999999966,-0.0001408000000111,26.89,86.0,36.5,1
2767,SO-0801,Constable Vijay Raval,Constable,44,2026-07-14 18:26:22+00:00,89.0,78.0,,21.1987397,72.8477435,17.499998092651367,0.61,-0.477,0.839,,0.0,0.0,0.0,,,,,0.0,0.0,30.0,0.0018100000000025,-0.0005504999999885,25.08,78.0,36.5,1
2778,SO-0801,Constable Vijay Raval,Constable,44,2026-07-14 18:26:52+00:00,90.0,84.0,,21.1997142,72.8477314,17.499998092651367,0.869,0.613,0.068,,0.0,0.0,0.0,,,,,0.0,0.0,30.0,0.0009744999999981,-1.210000000639866e-05,12.98,84.0,36.5,1
2787,SO-0801,Constable Vijay Raval,Constable,44,2026-07-14 18:27:22+00:00,87.0,66.0,,21.2006185,72.8481036,18.100000381469727,0.474,0.847,0.129,,0.0,0.0,0.0,,,,,0.0,0.0,30.0,0.0009043000000019,0.000372200000001,12.92,66.0,36.5,1
2797,SO-0801,Constable Vijay Raval,Constable,44,2026-07-14 18:27:52+00:00,93.0,86.0,,21.2004204,72.8498725,18.100000381469727,0.653,0.817,0.154,,0.0,0.0,0.0,,,,,0.0,0.0,30.0,-0.0001981000000021,0.0017689000000018,22.41,86.0,36.5,1
2807,SO-0801,Constable Vijay Raval,Constable,44,2026-07-14 18:28:22+00:00,95.0,67.0,,21.2001587,72.8506802,0.10394287109375,0.998,-0.038,0.384,,0.0,0.0,0.0,,,,,0.0,0.0,30.0,-0.0002616999999993,0.0008076999999957,10.74,67.0,36.5,1
2817,SO-0801,Constable Vijay Raval,Constable,44,2026-07-14 18:28:52+00:00,88.0,85.0,,21.1998297,72.8515502,17.899999618530273,0.687,0.834,0.219,,0.0,0.0,0.0,,,,,0.0,0.0,30.0,-0.0003290000000006,0.0008700000000061,11.79,85.0,36.5,1
2827,SO-0801,Constable Vijay Raval,Constable,44,2026-07-14 18:29:22+00:00,84.0,79.0,,21.1996834,72.853341,17.600000381469727,0.782,-0.182,0.671,,0.0,0.0,0.0,,,,,0.0,0.0,30.0,-0.0001462999999972,0.0017907999999948,22.62,79.0,36.5,1
2837,SO-0801,Constable Vijay Raval,Constable,44,2026-07-14 18:29:52+00:00,82.0,58.0,,21.1991983,72.854763,17.600000381469727,1.005,-0.187,0.176,,0.0,0.0,0.0,,,,,0.0,0.0,30.0,-0.0004851000000023,0.0014220000000051,19.02,58.0,36.5,1
2847,SO-0801,Constable Vijay Raval,Constable,44,2026-07-14 18:30:22+00:00,84.0,71.0,,21.1993016,72.8554214,15.699996948242188,0.923,-0.138,0.287,,0.0,0.0,0.0,,,,,0.0,0.0,30.0,0.0001032999999992,0.0006583999999918,8.4,71.0,36.5,1
2857,SO-0801,Constable Vijay Raval,Constable,44,2026-07-14 18:30:52+00:00,83.0,64.0,,21.1997524,72.8570416,15.699996948242188,0.916,-0.09,0.354,,0.0,0.0,0.0,,,,,0.0,0.0,30.0,0.0004508000000029,0.0016202000000049,21.25,64.0,36.5,1
2867,SO-0801,Constable Vijay Raval,Constable,44,2026-07-14 18:31:22+00:00,85.0,87.0,,21.2005918,72.8596459,15.499996185302734,0.638,0.087,0.918,,0.0,0.0,0.0,,,,,0.0,0.0,30.0,0.0008394000000002,0.0026043000000015,34.63,87.0,36.5,1
2877,SO-0801,Constable Vijay Raval,Constable,44,2026-07-14 18:31:52+00:00,87.0,85.0,,21.2010258,72.8620859,15.499996185302734,0.858,-0.077,0.56,,0.0,0.0,0.0,,,,,0.0,0.0,30.0,0.0004339999999984,0.0024399999999928,31.24,85.0,36.5,1
2887,SO-0801,Constable Vijay Raval,Constable,44,2026-07-14 18:32:22+00:00,82.0,88.0,,21.2014355,72.8630899,2.489715576171875,0.742,-0.106,0.678,,0.0,0.0,0.0,,,,,0.0,0.0,30.0,0.0004096999999987,0.0010040000000088,13.76,88.0,36.5,1
2897,SO-0801,Constable Vijay Raval,Constable,44,2026-07-14 18:32:52+00:00,95.0,86.0,,21.2018109,72.8641399,18.100000381469727,0.471,0.75,0.104,,0.0,0.0,0.0,,,,,0.0,0.0,30.0,0.0003754000000029,0.0010499999999922,14.13,86.0,36.5,1
2907,SO-0801,Constable Vijay Raval,Constable,44,2026-07-14 18:33:22+00:00,93.0,51.0,,21.2019638,72.8647468,19.5,0.982,-0.029,0.228,,0.0,0.0,0.0,,,,,0.0,0.0,30.0,0.0001528999999997,0.0006069000000081,7.9,51.0,36.5,1
2917,SO-0801,Constable Vijay Raval,Constable,44,2026-07-14 18:33:52+00:00,88.0,88.0,,21.2021623,72.8660264,19.399999618530273,1.017,-0.172,0.253,,0.0,0.0,0.0,,,,,0.0,0.0,30.0,0.0001984999999997,0.0012795999999895,16.32,88.0,36.5,1
2927,SO-0801,Constable Vijay Raval,Constable,44,2026-07-14 18:34:22+00:00,96.0,70.0,,21.2021992,72.8669051,19.399999618530273,0.936,-0.159,0.299,,0.0,0.0,0.0,,,,,0.0,0.0,30.0,3.6899999997785926e-05,0.0008787000000012,11.07,70.0,36.5,1
2937,SO-0801,Constable Vijay Raval,Constable,44,2026-07-14 18:34:52+00:00,90.0,87.0,,21.2031362,72.8668507,20.299999237060547,0.887,0.274,-0.132,,0.0,0.0,0.0,,,,,0.0,0.0,30.0,0.0009370000000004,-5.439999999623524e-05,12.5,87.0,36.5,1
2948,SO-0801,Constable Vijay Raval,Constable,44,2026-07-14 18:35:22+00:00,90.0,85.0,,21.2046656,72.8665095,19.600000381469727,0.934,0.197,0.425,,0.0,0.0,0.0,,,,,0.0,0.0,30.0,0.001529399999999,-0.000341199999994,20.82,85.0,36.5,1
2957,SO-0801,Constable Vijay Raval,Constable,44,2026-07-14 18:35:52+00:00,88.0,87.0,,21.2058212,72.8662877,19.600000381469727,0.959,0.161,0.071,,0.0,0.0,0.0,,,,,0.0,0.0,30.0,0.0011556000000005,-0.0002218000000056,15.64,87.0,36.5,1
2967,SO-0801,Constable Vijay Raval,Constable,44,2026-07-14 18:36:22+00:00,86.0,87.0,,21.2072875,72.8659673,18.299999237060547,0.986,-0.227,-0.133,,0.0,0.0,0.0,,,,,0.0,0.0,30.0,0.0014663000000005,-0.0003204000000067,19.94,87.0,36.5,1
2976,SO-0801,Constable Vijay Raval,Constable,44,2026-07-14 18:36:52+00:00,82.0,85.0,,21.2078485,72.8659198,8.099998474121094,1.023,-0.086,-0.022,,0.0,0.0,0.0,,,,,0.0,0.0,30.0,0.0005610000000011,-4.7499999993760866e-05,7.5,85.0,36.5,1
2987,SO-0801,Constable Vijay Raval,Constable,44,2026-07-14 18:37:22+00:00,82.0,72.0,,21.2092915,72.8655466,17.399999618530273,0.953,-0.282,-0.108,,0.0,0.0,0.0,,,,,0.0,0.0,30.0,0.0014429999999983,-0.0003731999999985,19.79,72.0,36.5,1
2997,SO-0801,Constable Vijay Raval,Constable,44,2026-07-14 18:37:52+00:00,94.0,88.0,,21.2103423,72.8651948,17.399999618530273,0.118,0.357,0.966,,0.0,0.0,0.0,,,,,0.0,0.0,30.0,0.0010508000000015,-0.0003518000000042,14.68,88.0,36.5,1
3006,SO-0801,Constable Vijay Raval,Constable,44,2026-07-14 18:38:22+00:00,89.0,88.0,,21.2114649,72.8647638,6.5562744140625,0.465,0.47,0.802,,0.0,0.0,0.0,,,,,0.0,0.0,30.0,0.0011225999999986,-0.0004309999999918,15.91,88.0,36.5,1
3017,SO-0801,Constable Vijay Raval,Constable,44,2026-07-14 18:38:52+00:00,91.0,72.0,,21.2119791,72.8657112,20.5,0.911,-0.291,0.146,,0.0,0.0,0.0,,,,,0.0,0.0,30.0,0.0005142000000013,0.0009474000000011,13.75,72.0,36.5,1
3026,SO-0801,Constable Vijay Raval,Constable,44,2026-07-14 18:39:22+00:00,82.0,72.0,,21.2123546,72.866545,20.299999237060547,0.936,-0.15,0.39,,0.0,0.0,0.0,,,,,0.0,0.0,30.0,0.0003755000000005,0.0008337999999952,11.62,72.0,36.5,1
3036,SO-0801,Constable Vijay Raval,Constable,44,2026-07-14 18:39:52+00:00,93.0,67.0,,21.2128994,72.8674731,20.299999237060547,0.842,-0.116,0.579,,0.0,0.0,0.0,,,,,0.0,0.0,30.0,0.0005448000000001,0.0009280999999958,13.75,67.0,36.5,1
3046,SO-0801,Constable Vijay Raval,Constable,44,2026-07-14 18:40:22+00:00,87.0,63.0,,21.2143925,72.8669625,19.200000762939453,0.895,-0.151,0.493,,0.0,0.0,0.0,,,,,0.0,0.0,30.0,0.0014930999999975,-0.0005105999999983,20.9,63.0,36.5,1
3056,SO-0801,Constable Vijay Raval,Constable,44,2026-07-14 18:40:52+00:00,84.0,85.0,,21.2156802,72.8666999,19.200000762939453,1.021,-0.192,-0.027,,0.0,0.0,0.0,,,,,0.0,0.0,30.0,0.0012877000000024,-0.0002625999999992,17.47,85.0,36.5,1
3066,SO-0801,Constable Vijay Raval,Constable,44,2026-07-14 18:41:22+00:00,86.0,86.0,,21.2167836,72.866514,19.799999237060547,0.95,-0.328,0.344,,0.0,0.0,0.0,,,,,0.0,0.0,30.0,0.001103399999998,-0.0001859000000052,14.88,86.0,36.5,1
3076,SO-0801,Constable Vijay Raval,Constable,44,2026-07-14 18:41:52+00:00,90.0,54.0,,21.2171479,72.8663477,20.200000762939453,0.552,-0.069,0.876,,0.0,0.0,0.0,,,,,0.0,0.0,30.0,0.000364300000001,-0.0001662999999894,5.28,54.0,36.5,1
3086,SO-0801,Constable Vijay Raval,Constable,44,2026-07-14 18:42:22+00:00,87.0,70.0,,21.2168068,72.8654902,19.899999618530273,0.545,-0.12,0.883,,0.0,0.0,0.0,,,,,0.0,0.0,30.0,-0.0003410999999999,-0.0008575000000092,11.71,70.0,36.5,1
3096,SO-0801,Constable Vijay Raval,Constable,44,2026-07-14 18:42:52+00:00,89.0,86.0,,21.2171124,72.8660902,20.0,0.924,-0.162,0.483,,0.0,0.0,0.0,,,,,0.0,0.0,30.0,0.0003056000000007,0.0006000000000057,8.58,86.0,36.5,1
3106,SO-0801,Constable Vijay Raval,Constable,44,2026-07-14 18:43:22+00:00,100.0,86.0,,21.2177564,72.8673503,20.0,0.661,0.833,0.089,,0.0,0.0,0.0,,,,,0.0,0.0,30.0,0.0006439999999976,0.0012600999999961,18.03,86.0,36.5,1
3116,SO-0801,Constable Vijay Raval,Constable,44,2026-07-14 18:43:52+00:00,95.0,75.0,,21.2183658,72.8687714,8.57818603515625,1.027,-0.169,0.304,,0.0,0.0,0.0,,,,,0.0,0.0,30.0,0.0006094000000018,0.0014211000000017,19.64,75.0,36.5,1
3126,SO-0801,Constable Vijay Raval,Constable,44,2026-07-14 18:44:22+00:00,99.0,70.0,,21.219012,72.8704284,12.200225830078123,0.587,0.645,-0.05,,0.0,0.0,0.0,,,,,0.0,0.0,30.0,0.0006461999999984,0.0016569999999944,22.56,70.0,36.5,1
3136,SO-0801,Constable Vijay Raval,Constable,44,2026-07-14 18:44:52+00:00,86.0,84.0,,21.2191989,72.8709138,10.4368896484375,0.912,-0.127,0.444,,0.0,0.0,0.0,,,,,0.0,0.0,30.0,0.0001868999999992,0.0004854000000023,6.6,84.0,36.5,1
3146,SO-0801,Constable Vijay Raval,Constable,44,2026-07-14 18:45:22+00:00,93.0,84.0,,21.2195415,72.8718886,21.200000762939453,0.51,0.677,0.406,,0.0,0.0,0.0,,,,,0.0,0.0,30.0,0.0003425999999997,0.0009748000000087,13.09,84.0,36.5,1
3156,SO-0801,Constable Vijay Raval,Constable,44,2026-07-14 18:45:52+00:00,100.0,85.0,,21.2201378,72.8734157,21.200000762939453,0.634,0.556,0.02,,0.0,0.0,0.0,,,,,0.0,0.0,30.0,0.0005963000000015,0.0015270999999899,20.79,85.0,36.5,1
3166,SO-0801,Constable Vijay Raval,Constable,44,2026-07-14 18:46:22+00:00,90.0,84.0,,21.221247,72.8760941,14.67327880859375,0.993,0.636,0.336,,0.0,0.0,0.0,,,,,0.0,0.0,30.0,0.0011092000000019,0.0026784000000077,36.8,84.0,36.5,1
3176,SO-0801,Constable Vijay Raval,Constable,44,2026-07-14 18:46:52+00:00,98.0,88.0,,21.2218584,72.8787597,8.7713623046875,0.908,-0.407,0.233,,0.0,0.0,0.0,,,,,0.0,0.0,30.0,0.0006113999999968,0.0026656000000002,34.52,88.0,36.5,1
3186,SO-0801,Constable Vijay Raval,Constable,44,2026-07-14 18:47:22+00:00,83.0,83.0,,21.2220386,72.8807221,7.1588134765625,0.852,0.344,-0.132,,0.0,0.0,0.0,,,,,0.0,0.0,30.0,0.0001802000000026,0.0019623999999964,24.81,83.0,36.5,1
3196,SO-0801,Constable Vijay Raval,Constable,44,2026-07-14 18:47:52+00:00,89.0,75.0,,21.2232313,72.8830618,9.3126220703125,0.893,-0.037,0.536,,0.0,0.0,0.0,,,,,0.0,0.0,30.0,0.0011926999999971,0.0023396999999931,33.45,75.0,36.5,1
3206,SO-0801,Constable Vijay Raval,Constable,44,2026-07-14 18:48:22+00:00,88.0,88.0,,21.2242535,72.8855319,7.08599853515625,0.873,-0.097,0.549,,0.0,0.0,0.0,,,,,0.0,0.0,30.0,0.0010222000000013,0.0024701000000106,33.93,88.0,36.5,1
3215,SO-0801,Constable Vijay Raval,Constable,44,2026-07-14 18:48:52+00:00,83.0,88.0,,21.2248106,72.8867388,20.299999237060547,0.92,-0.187,0.523,,0.0,0.0,0.0,,,,,0.0,0.0,30.0,0.0005571000000017,0.0012068999999996,16.9,88.0,36.5,1
3225,SO-0801,Constable Vijay Raval,Constable,44,2026-07-14 18:49:22+00:00,90.0,79.0,,21.2261719,72.8894962,20.299999237060547,0.813,0.166,-0.135,,0.0,0.0,0.0,,,,,0.0,0.0,30.0,0.0013612999999992,0.002757399999993,39.15,79.0,36.5,1
3234,SO-0801,Constable Vijay Raval,Constable,44,2026-07-14 18:49:52+00:00,96.0,88.0,,21.227272,72.8927075,8.140594482421875,1.008,-0.087,0.271,,0.0,0.0,0.0,,,,,0.0,0.0,30.0,0.0011000999999986,0.0032113000000038,42.98,88.0,36.5,1
3243,SO-0801,Constable Vijay Raval,Constable,44,2026-07-14 18:50:22+00:00,84.0,81.0,,21.2285611,72.89607,16.255615234375,1.028,-0.284,0.488,,0.0,0.0,0.0,,,,,0.0,0.0,30.0,0.001289100000001,0.0033624999999943,45.66,81.0,36.5,1
3252,SO-0801,Constable Vijay Raval,Constable,44,2026-07-14 18:50:52+00:00,84.0,87.0,,21.2298975,72.8996938,17.94171142578125,0.646,-0.116,0.876,,0.0,0.0,0.0,,,,,0.0,0.0,30.0,0.0013363999999995,0.0036237999999997,48.95,87.0,36.5,1
3260,SO-0801,Constable Vijay Raval,Constable,44,2026-07-14 18:51:22+00:00,94.0,74.0,,21.2314861,72.9028997,8.00714111328125,0.871,-0.201,0.542,,0.0,0.0,0.0,,,,,0.0,0.0,30.0,0.0015886000000016,0.0032059000000117,45.55,74.0,36.5,1
3269,SO-0801,Constable Vijay Raval,Constable,44,2026-07-14 18:51:52+00:00,87.0,83.0,,21.2330768,72.9051535,9.0799560546875,0.762,-0.21,0.606,,0.0,0.0,0.0,,,,,0.0,0.0,30.0,0.0015906999999977,0.0022537999999912,35.4,83.0,36.5,1
3279,SO-0801,Constable Vijay Raval,Constable,44,2026-07-14 18:52:22+00:00,87.0,61.0,,21.2344229,72.906634,9.783355712890623,0.783,-0.142,0.627,,0.0,0.0,0.0,,,,,0.0,0.0,30.0,0.0013460999999992,0.0014804999999995,25.86,61.0,36.5,1
3288,SO-0801,Constable Vijay Raval,Constable,44,2026-07-14 18:52:52+00:00,87.0,87.0,,21.2360625,72.9084666,9.85272216796875,1.015,0.116,0.145,,0.0,0.0,0.0,,,,,0.0,0.0,30.0,0.0016396000000007,0.0018326000000001,31.76,87.0,36.5,1
3296,SO-0801,Constable Vijay Raval,Constable,44,2026-07-14 18:53:22+00:00,84.0,82.0,,21.2366692,72.9091516,10.815521240234377,0.521,0.801,0.148,,0.0,0.0,0.0,,,,,0.0,0.0,30.0,0.0006067000000022,0.0006850000000042,11.82,82.0,36.5,1
3305,SO-0801,Constable Vijay Raval,Constable,44,2026-07-14 18:53:52+00:00,92.0,85.0,,21.2390183,72.9118396,9.270111083984377,0.803,-0.247,0.517,,0.0,0.0,0.0,,,,,0.0,0.0,30.0,0.0023490999999999,0.002687999999992,46.08,85.0,36.5,1
3315,SO-0801,Constable Vijay Raval,Constable,44,2026-07-14 18:54:22+00:00,89.0,88.0,,21.2416267,72.9147686,9.08349609375,0.517,0.788,0.341,,0.0,0.0,0.0,,,,,0.0,0.0,30.0,0.0026083999999997,0.0029290000000088,50.65,88.0,36.5,1
3322,SO-0801,Constable Vijay Raval,Constable,44,2026-07-14 18:54:52+00:00,83.0,87.0,,21.243031,72.9163471,7.91986083984375,0.954,-0.071,0.344,,0.0,0.0,0.0,,,,,0.0,0.0,30.0,0.0014042999999972,0.0015784999999937,27.28,87.0,36.5,1
3331,SO-0801,Constable Vijay Raval,Constable,44,2026-07-14 18:55:22+00:00,83.0,88.0,,21.2430963,72.9164191,21.200000762939453,0.899,0.139,0.732,,0.0,0.0,0.0,,,,,0.0,0.0,30.0,6.530000000282143e-05,7.200000000295859e-05,1.26,88.0,36.5,0
3338,SO-0801,Constable Vijay Raval,Constable,44,2026-07-14 18:55:52+00:00,97.0,88.0,,21.2431068,72.9164443,9.893798828125,-0.398,0.001,1.004,,0.0,0.0,0.0,,,,,0.0,0.0,30.0,1.0499999998359044e-05,2.5199999996061703e-05,0.35,88.0,36.5,2
3345,SO-0801,Constable Vijay Raval,Constable,44,2026-07-14 18:56:22+00:00,99.0,72.0,,21.243098,72.916484,21.700000762939453,0.676,0.412,0.689,,0.0,0.0,0.0,,,,,0.0,0.0,30.0,-8.79999999980896e-06,3.970000000208529e-05,0.51,72.0,36.5,2
3352,SO-0801,Constable Vijay Raval,Constable,44,2026-07-14 18:56:52+00:00,93.0,71.0,,21.2430796,72.9164964,21.700000762939453,0.453,-0.206,0.939,,0.0,0.0,0.0,,,,,0.0,0.0,30.0,-1.8399999998308655e-05,1.240000000279906e-05,0.29,71.0,36.5,2
3360,SO-0801,Constable Vijay Raval,Constable,44,2026-07-14 18:57:22+00:00,95.0,85.0,,21.242697,72.9160835,28.700000762939453,0.797,0.419,0.266,,0.0,0.0,0.0,,,,,0.0,0.0,30.0,-0.0003826000000017,-0.0004129000000006,7.28,85.0,36.5,1
3367,SO-0801,Constable Vijay Raval,Constable,44,2026-07-14 18:57:52+00:00,83.0,56.0,,21.2400966,72.9131983,28.700000762939453,0.616,-0.157,0.831,,0.0,0.0,0.0,,,,,0.0,0.0,30.0,-0.0026003999999986,-0.0028851999999943,50.18,56.0,36.5,1
3373,SO-0801,Constable Vijay Raval,Constable,44,2026-07-14 18:58:22+00:00,85.0,56.0,,21.2370015,72.9097057,9.84442138671875,0.623,-0.221,0.745,,0.0,0.0,0.0,,,,,0.0,0.0,30.0,-0.0030950999999994,-0.0034926000000012,60.26,56.0,36.5,1
3381,SO-0801,Constable Vijay Raval,Constable,44,2026-07-14 18:58:52+00:00,88.0,87.0,,21.2376535,72.9102483,9.293609619140623,1.021,0.069,0.013,,0.0,0.0,0.0,,,,,0.0,0.0,30.0,0.0006519999999987,0.0005426000000028,11.05,87.0,36.5,1
3387,SO-0801,Constable Vijay Raval,Constable,44,2026-07-14 18:59:22+00:00,83.0,79.0,,21.2398206,72.9126902,9.353424072265623,0.865,-0.113,0.493,,0.0,0.0,0.0,,,,,0.0,0.0,30.0,0.0021671000000011,0.0024418999999937,42.16,79.0,36.5,1
3395,SO-0801,Constable Vijay Raval,Constable,44,2026-07-14 18:59:52+00:00,87.0,64.0,,21.2421907,72.9153463,8.335479736328125,0.836,-0.02,0.412,,0.0,0.0,0.0,,,,,0.0,0.0,30.0,0.0023700999999967,0.0026560999999958,45.97,64.0,36.5,1
3401,SO-0801,Constable Vijay Raval,Constable,44,2026-07-14 19:00:22+00:00,81.0,84.0,,21.2434658,72.916721,10.004638671875,-0.106,-1.044,0.678,,0.0,0.0,0.0,,,,,0.0,0.0,30.0,0.0012751000000008,0.0013746999999995,24.24,84.0,36.5,1
3407,SO-0801,Constable Vijay Raval,Constable,44,2026-07-14 19:00:52+00:00,84.0,85.0,,21.2434692,72.9167292,10.734466552734377,0.822,0.476,-0.294,,0.0,0.0,0.0,,,,,0.0,0.0,30.0,3.4000000006528808e-06,8.20000001056087e-06,0.11,85.0,36.5,0
3413,SO-0801,Constable Vijay Raval,Constable,44,2026-07-14 19:01:22+00:00,88.0,85.0,,21.24347,72.9167296,10.751861572265623,0.877,0.347,-0.313,,0.0,0.0,0.0,,,,,0.0,0.0,30.0,7.999999986907369e-07,3.9999999046358425e-07,0.01,85.0,36.5,0
3419,SO-0801,Constable Vijay Raval,Constable,44,2026-07-14 19:01:52+00:00,84.0,88.0,,21.2439142,72.9173269,21.200000762939453,0.922,-0.133,0.319,,0.0,0.0,0.0,,,,,0.0,0.0,30.0,0.0004442000000004,0.0005973000000096,9.57,88.0,36.5,1
3425,SO-0801,Constable Vijay Raval,Constable,44,2026-07-14 19:02:22+00:00,90.0,87.0,,21.2447579,72.9182127,21.899999618530273,0.932,-0.072,0.367,,0.0,0.0,0.0,,,,,0.0,0.0,30.0,0.0008437000000007,0.0008857999999918,15.83,87.0,36.5,1
3430,SO-0801,Constable Vijay Raval,Constable,44,2026-07-14 19:02:52+00:00,83.0,73.0,,21.2461516,72.9197533,37.5,0.364,-0.114,0.875,,0.0,0.0,0.0,,,,,0.0,0.0,30.0,0.0013937000000012,0.0015405999999984,26.84,73.0,36.5,1
3436,SO-0801,Constable Vijay Raval,Constable,44,2026-07-14 19:03:22+00:00,84.0,88.0,,21.2487615,72.9228227,37.5,0.916,-0.223,0.21,,0.0,0.0,0.0,,,,,0.0,0.0,30.0,0.0026098999999994,0.0030694000000011,51.96,88.0,36.5,1
3442,SO-0801,Constable Vijay Raval,Constable,44,2026-07-14 19:03:52+00:00,87.0,75.0,,21.2490109,72.9231162,7.733673095703125,0.829,0.261,0.248,,0.0,0.0,0.0,,,,,0.0,0.0,30.0,0.0002493999999977,0.0002934999999979,4.97,75.0,36.5,1
3448,SO-0801,Constable Vijay Raval,Constable,44,2026-07-14 19:04:22+00:00,81.0,87.0,,21.2493592,72.9235545,18.5,0.951,-0.163,-0.016,,0.0,0.0,0.0,,,,,0.0,0.0,30.0,0.0003483000000024,0.000438299999999,7.21,87.0,36.5,1
3454,SO-0801,Constable Vijay Raval,Constable,44,2026-07-14 19:04:52+00:00,81.0,82.0,,21.2501162,72.9247777,18.299999237060547,0.789,-0.027,-0.113,,0.0,0.0,0.0,,,,,0.0,0.0,30.0,0.0007570000000001,0.0012232000000125,18.4,82.0,36.5,1
3460,SO-0801,Constable Vijay Raval,Constable,44,2026-07-14 19:05:22+00:00,97.0,75.0,,21.2511518,72.9269874,18.299999237060547,0.701,0.812,0.093,,0.0,0.0,0.0,,,,,0.0,0.0,30.0,0.001035599999998,0.0022096999999945,31.04,75.0,36.5,1
3466,SO-0801,Constable Vijay Raval,Constable,44,2026-07-14 19:05:52+00:00,89.0,84.0,,21.2521984,72.9292115,9.89239501953125,0.594,0.753,0.128,,0.0,0.0,0.0,,,,,0.0,0.0,30.0,0.0010466000000022,0.0022240999999922,31.27,84.0,36.5,1
3472,SO-0801,Constable Vijay Raval,Constable,44,2026-07-14 19:06:22+00:00,82.0,84.0,,21.2528909,72.9308042,12.0087890625,0.45,0.764,0.227,,0.0,0.0,0.0,,,,,0.0,0.0,30.0,0.0006924999999995,0.0015927000000033,22.06,84.0,36.5,1
3478,SO-0801,Constable Vijay Raval,Constable,44,2026-07-14 19:06:52+00:00,92.0,87.0,,21.2540954,72.9335164,13.431854248046877,0.529,0.753,-0.064,,0.0,0.0,0.0,,,,,0.0,0.0,30.0,0.0012045,0.0027122000000048,37.71,87.0,36.5,1
3484,SO-0801,Constable Vijay Raval,Constable,44,2026-07-14 19:07:22+00:00,88.0,86.0,,21.2546757,72.9348206,13.85614013671875,0.697,-0.108,0.734,,0.0,0.0,0.0,,,,,0.0,0.0,30.0,0.0005802999999993,0.0013041999999927,18.14,86.0,36.5,1
3490,SO-0801,Constable Vijay Raval,Constable,44,2026-07-14 19:07:52+00:00,87.0,88.0,,21.255917,72.9376498,15.08160400390625,0.591,0.91,0.122,,0.0,0.0,0.0,,,,,0.0,0.0,30.0,0.0012413000000002,0.0028292000000078,39.25,88.0,36.5,1
3496,SO-0801,Constable Vijay Raval,Constable,44,2026-07-14 19:08:22+00:00,81.0,84.0,,21.2570511,72.9400992,14.437896728515623,1.133,-0.271,0.244,,0.0,0.0,0.0,,,,,0.0,0.0,30.0,0.0011341000000015,0.0024494000000032,34.32,84.0,36.5,1
3502,SO-0801,Constable Vijay Raval,Constable,44,2026-07-14 19:08:52+00:00,86.0,63.0,,21.2572245,72.9403863,17.192596435546875,0.864,-0.028,0.44,,0.0,0.0,0.0,,,,,0.0,0.0,30.0,0.0001733999999977,0.0002870999999942,4.29,63.0,36.5,0
3508,SO-0801,Constable Vijay Raval,Constable,44,2026-07-14 19:09:22+00:00,83.0,60.0,,21.2575015,72.9408016,25.899999618530273,0.271,0.412,0.898,,0.0,0.0,0.0,,,,,0.0,0.0,30.0,0.0002770000000005,0.0004153000000002,6.4,60.0,36.5,1
3514,SO-0801,Constable Vijay Raval,Constable,44,2026-07-14 19:09:52+00:00,81.0,70.0,,21.2575015,72.9408018,26.600000381469727,0.661,0.596,0.431,,0.0,0.0,0.0,,,,,0.0,0.0,30.0,0.0,2.0000000233721948e-07,0.0,70.0,36.5,0
3520,SO-0801,Constable Vijay Raval,Constable,44,2026-07-14 19:10:22+00:00,86.0,84.0,,21.2575009,72.9408017,25.899999618530273,0.778,0.588,-0.237,,0.0,0.0,0.0,,,,,0.0,0.0,30.0,-5.999999999062311e-07,-1.000000082740371e-07,0.01,84.0,36.5,0
3525,SO-0801,Constable Vijay Raval,Constable,44,2026-07-14 19:10:52+00:00,82.0,88.0,,21.2575006,72.9408017,25.899999618530273,0.981,-0.054,-0.101,,0.0,0.0,0.0,,,,,0.0,0.0,30.0,-2.999999999531156e-07,0.0,0.0,88.0,36.5,0
3530,SO-0801,Constable Vijay Raval,Constable,44,2026-07-14 19:11:22+00:00,85.0,84.0,,21.2574998,72.9408018,25.899999618530273,0.518,-0.673,0.958,,0.0,0.0,0.0,,,,,0.0,0.0,30.0,-7.999999986907369e-07,1.000000082740371e-07,0.01,84.0,36.5,0
3536,SO-0801,Constable Vijay Raval,Constable,44,2026-07-14 19:11:52+00:00,87.0,73.0,,21.2574991,72.9408019,25.899999618530273,0.981,0.099,-0.081,,0.0,0.0,0.0,,,,,0.0,0.0,30.0,-7.000000010748408e-07,9.999999406318238e-08,0.01,73.0,36.5,0
3541,SO-0801,Constable Vijay Raval,Constable,44,2026-07-14 19:12:22+00:00,82.0,82.0,,21.2574985,72.9408021,25.899999618530273,0.578,-0.25,0.781,,0.0,0.0,0.0,,,,,0.0,0.0,30.0,-5.999999999062311e-07,2.0000000233721948e-07,0.01,82.0,36.5,0
3546,SO-0801,Constable Vijay Raval,Constable,44,2026-07-14 19:12:52+00:00,90.0,88.0,,21.2577251,72.9412399,25.899999618530273,0.616,0.797,-0.193,,0.0,0.0,0.0,,,,,0.0,0.0,30.0,0.0002265999999977,0.0004378000000002,6.28,88.0,36.5,1
3552,SO-0801,Constable Vijay Raval,Constable,44,2026-07-14 19:13:22+00:00,82.0,67.0,,21.2586703,72.9426326,25.899999618530273,0.754,-0.66,0.883,,0.0,0.0,0.0,,,,,0.0,0.0,30.0,0.0009452000000003,0.0013926999999966,21.58,67.0,36.5,1
3558,SO-0801,Constable Vijay Raval,Constable,44,2026-07-14 19:13:52+00:00,81.0,84.0,,21.259921,72.9444565,11.97723388671875,0.936,0.451,0.294,,0.0,0.0,0.0,,,,,0.0,0.0,30.0,0.0012506999999999,0.001823900000005,28.36,84.0,36.5,1
3564,SO-0801,Constable Vijay Raval,Constable,44,2026-07-14 19:14:22+00:00,87.0,87.0,,21.2609738,72.9458806,12.20269775390625,0.93,0.069,0.302,,0.0,0.0,0.0,,,,,0.0,0.0,30.0,0.0010528,0.0014240999999941,22.75,87.0,36.5,1
3570,SO-0801,Constable Vijay Raval,Constable,44,2026-07-14 19:14:52+00:00,84.0,85.0,,21.2616331,72.9467468,14.053192138671877,0.881,0.462,-0.267,,0.0,0.0,0.0,,,,,0.0,0.0,30.0,0.0006593000000023,0.0008662000000043,14.0,85.0,36.5,1
3576,SO-0801,Constable Vijay Raval,Constable,44,2026-07-14 19:15:22+00:00,88.0,87.0,,21.2623859,72.9478449,24.600000381469727,0.848,0.533,0.218,,0.0,0.0,0.0,,,,,0.0,0.0,30.0,0.0007528000000007,0.0010981000000072,17.07,87.0,36.5,1
3582,SO-0801,Constable Vijay Raval,Constable,44,2026-07-14 19:15:52+00:00,83.0,68.0,,21.2642833,72.9504076,24.600000381469727,1.067,0.273,0.483,,0.0,0.0,0.0,,,,,0.0,0.0,30.0,0.0018973999999971,0.0025626999999985,40.97,68.0,36.5,1
3588,SO-0801,Constable Vijay Raval,Constable,44,2026-07-14 19:16:22+00:00,95.0,81.0,,21.2653495,72.9519707,13.9918212890625,0.921,0.16,0.457,,0.0,0.0,0.0,,,,,0.0,0.0,30.0,0.0010662000000003,0.0015630999999984,24.26,81.0,36.5,1
3594,SO-0801,Constable Vijay Raval,Constable,44,2026-07-14 19:16:52+00:00,82.0,79.0,,21.2669021,72.9540952,14.297088623046877,0.46,0.665,0.276,,0.0,0.0,0.0,,,,,0.0,0.0,30.0,0.0015526000000001,0.0021244999999936,33.8,79.0,36.5,1
3600,SO-0801,Constable Vijay Raval,Constable,44,2026-07-14 19:17:22+00:00,85.0,68.0,,21.2680733,72.955682,14.7193603515625,0.396,0.37,0.897,,0.0,0.0,0.0,,,,,0.0,0.0,30.0,0.0011712000000017,0.0015867999999983,25.34,68.0,36.5,1
3606,SO-0801,Constable Vijay Raval,Constable,44,2026-07-14 19:17:52+00:00,82.0,75.0,,21.2692779,72.9572839,14.746795654296877,0.881,-0.096,0.343,,0.0,0.0,0.0,,,,,0.0,0.0,30.0,0.0012045999999976,0.0016018999999971,25.76,75.0,36.5,1
3612,SO-0801,Constable Vijay Raval,Constable,44,2026-07-14 19:18:22+00:00,96.0,81.0,,21.2697644,72.9576676,15.379730224609377,0.15,0.291,0.991,,0.0,0.0,0.0,,,,,0.0,0.0,30.0,0.0004865000000009,0.0003837000000004,8.08,81.0,36.5,1
3618,SO-0801,Constable Vijay Raval,Constable,44,2026-07-14 19:18:52+00:00,88.0,59.0,,21.2698795,72.9582143,28.700000762939453,0.408,-0.388,0.849,,0.0,0.0,0.0,,,,,0.0,0.0,30.0,0.0001150999999985,0.000546700000001,7.05,59.0,36.5,1
3624,SO-0801,Constable Vijay Raval,Constable,44,2026-07-14 19:19:22+00:00,89.0,84.0,,21.2703596,72.9588542,28.700000762939453,0.382,-0.203,1.087,,0.0,0.0,0.0,,,,,0.0,0.0,30.0,0.0004801000000007,0.0006399000000101,10.28,84.0,36.5,1
3630,SO-0801,Constable Vijay Raval,Constable,44,2026-07-14 19:19:52+00:00,93.0,83.0,,21.2711354,72.9599416,27.899999618530273,0.982,-0.148,0.284,,0.0,0.0,0.0,,,,,0.0,0.0,30.0,0.0007757999999995,0.0010873999999887,17.15,83.0,36.5,1
3634,SO-0801,Constable Vijay Raval,Constable,44,2026-07-14 19:20:22+00:00,87.0,70.0,,21.2724131,72.9616822,27.899999618530273,0.715,-0.087,0.753,,0.0,0.0,0.0,,,,,0.0,0.0,30.0,0.0012777000000028,0.001740600000005,27.74,70.0,36.5,1
3638,SO-0801,Constable Vijay Raval,Constable,44,2026-07-14 19:20:52+00:00,81.0,75.0,,21.2738444,72.963632,12.906707763671877,0.617,-0.206,0.729,,0.0,0.0,0.0,,,,,0.0,0.0,30.0,0.0014313000000001,0.0019498000000055,31.07,75.0,36.5,1
3642,SO-0801,Constable Vijay Raval,Constable,44,2026-07-14 19:21:22+00:00,89.0,78.0,,21.2752075,72.9655225,12.87261962890625,0.893,0.215,0.373,,0.0,0.0,0.0,,,,,0.0,0.0,30.0,0.0013630999999989,0.0018905000000017,29.93,78.0,36.5,1
3646,SO-0801,Constable Vijay Raval,Constable,44,2026-07-14 19:21:52+00:00,91.0,84.0,,21.2767458,72.9674854,13.928863525390623,0.998,0.281,-0.055,,0.0,0.0,0.0,,,,,0.0,0.0,30.0,0.0015382999999999,0.0019628999999952,32.09,84.0,36.5,1
3651,SO-0801,Constable Vijay Raval,Constable,44,2026-07-14 19:22:22+00:00,84.0,83.0,,21.2786109,72.9690368,14.366943359375,0.85,-0.04,0.573,,0.0,0.0,0.0,,,,,0.0,0.0,30.0,0.0018650999999998,0.0015513999999967,31.6,83.0,36.5,1
3656,SO-0801,Constable Vijay Raval,Constable,44,2026-07-14 19:22:52+00:00,91.0,86.0,,21.2801994,72.9703248,11.322662353515623,1.001,-0.135,0.138,,0.0,0.0,0.0,,,,,0.0,0.0,30.0,0.0015885000000004,0.0012880000000023,26.65,86.0,36.5,1
3661,SO-0801,Constable Vijay Raval,Constable,44,2026-07-14 19:23:22+00:00,84.0,72.0,,21.2823007,72.972021,25.299999237060547,0.765,-0.175,0.551,,0.0,0.0,0.0,,,,,0.0,0.0,30.0,0.0021012999999996,0.0016961999999978,35.2,72.0,36.5,1
3666,SO-0801,Constable Vijay Raval,Constable,44,2026-07-14 19:23:52+00:00,85.0,80.0,,21.2824885,72.9721739,23.600000381469727,0.73,-0.163,0.698,,0.0,0.0,0.0,,,,,0.0,0.0,30.0,0.000187799999999,0.0001529000000033,3.16,80.0,36.5,0
3671,SO-0801,Constable Vijay Raval,Constable,44,2026-07-14 19:24:22+00:00,92.0,67.0,,21.2824885,72.972174,24.899999618530273,0.881,0.481,-0.078,,0.0,0.0,0.0,,,,,0.0,0.0,30.0,0.0,9.999999406318238e-08,0.0,67.0,36.5,2
3675,SO-0801,Constable Vijay Raval,Constable,44,2026-07-14 19:24:52+00:00,88.0,86.0,,21.2824884,72.9721743,24.899999618530273,0.835,-0.008,0.479,,0.0,0.0,0.0,,,,,0.0,0.0,30.0,-1.0000000116860974e-07,3.000000106112566e-07,0.0,86.0,36.5,0
3680,SO-0801,Constable Vijay Raval,Constable,44,2026-07-14 19:25:22+00:00,85.0,88.0,,21.2824887,72.9721749,8.74761962890625,0.98,0.044,0.295,,0.0,0.0,0.0,,,,,0.0,0.0,30.0,2.999999999531156e-07,5.999999928008037e-07,0.01,88.0,36.5,0
3685,SO-0801,Constable Vijay Raval,Constable,44,2026-07-14 19:25:52+00:00,84.0,76.0,,21.2824891,72.9721748,25.399999618530273,0.965,-0.142,-0.184,,0.0,0.0,0.0,,,,,0.0,0.0,30.0,4.000000011217253e-07,-9.999999406318238e-08,0.01,76.0,36.5,0
3690,SO-0801,Constable Vijay Raval,Constable,44,2026-07-14 19:26:22+00:00,85.0,83.0,,21.2824891,72.9721748,25.399999618530273,0.902,-0.052,-0.399,,0.0,0.0,0.0,,,,,0.0,0.0,30.0,0.0,0.0,0.0,83.0,36.5,0
3695,SO-0801,Constable Vijay Raval,Constable,44,2026-07-14 19:26:52+00:00,86.0,88.0,,21.2824921,72.972177,22.899999618530273,0.826,0.103,-0.523,,0.0,0.0,0.0,,,,,0.0,0.0,30.0,2.9999999995311555e-06,2.199999997287705e-06,0.05,88.0,36.5,0
3700,SO-0801,Constable Vijay Raval,Constable,44,2026-07-14 19:27:22+00:00,87.0,78.0,,21.2824917,72.9721786,25.399999618530273,0.722,-0.129,-0.63,,0.0,0.0,0.0,,,,,0.0,0.0,30.0,-3.999999975690116e-07,1.6000000044869012e-06,0.02,78.0,36.5,0
3705,SO-0801,Constable Vijay Raval,Constable,44,2026-07-14 19:27:52+00:00,86.0,86.0,,21.2824917,72.9721786,25.399999618530273,0.788,-0.078,-0.556,,0.0,0.0,0.0,,,,,0.0,0.0,30.0,0.0,0.0,0.0,86.0,36.5,0
3710,SO-0801,Constable Vijay Raval,Constable,44,2026-07-14 19:28:22+00:00,87.0,88.0,,21.2824919,72.9721781,25.399999618530273,0.805,-0.105,-0.54,,0.0,0.0,0.0,,,,,0.0,0.0,30.0,1.999999987845058e-07,-5.000000129484761e-07,0.01,88.0,36.5,0
3715,SO-0801,Constable Vijay Raval,Constable,44,2026-07-14 19:28:52+00:00,84.0,85.0,,21.2824953,72.9721707,22.899999618530273,0.798,-0.005,-0.599,,0.0,0.0,0.0,,,,,0.0,0.0,30.0,3.4000000006528808e-06,-7.399999987001138e-06,0.1,85.0,36.5,0
3720,SO-0801,Constable Vijay Raval,Constable,44,2026-07-14 19:29:22+00:00,84.0,76.0,,21.2824959,72.9721686,22.899999618530273,0.808,0.004,-0.037,,0.0,0.0,0.0,,,,,0.0,0.0,30.0,5.999999999062311e-07,-2.1000000032245225e-06,0.03,76.0,36.5,0
3725,SO-0801,Constable Vijay Raval,Constable,44,2026-07-14 19:29:52+00:00,84.0,76.0,,21.2824964,72.9721689,11.13232421875,0.916,-0.06,-0.393,,0.0,0.0,0.0,,,,,0.0,0.0,30.0,4.999999987376214e-07,2.999999964004019e-07,0.01,76.0,36.5,0
3730,SO-0801,Constable Vijay Raval,Constable,44,2026-07-14 19:30:22+00:00,86.0,87.0,,21.2824972,72.9721685,11.2161865234375,0.862,-0.011,-0.49,,0.0,0.0,0.0,,,,,0.0,0.0,30.0,8.000000022434506e-07,-4.0000000467443897e-07,0.01,87.0,36.5,0
3735,SO-0801,Constable Vijay Raval,Constable,44,2026-07-14 19:30:52+00:00,82.0,83.0,,21.2824985,72.9721675,22.899999618530273,0.865,-0.039,-0.464,,0.0,0.0,0.0,,,,,0.0,0.0,30.0,1.2999999974283585e-06,-9.999999974752427e-07,0.02,83.0,36.5,0
3740,SO-0801,Constable Vijay Raval,Constable,44,2026-07-14 19:31:22+00:00,89.0,84.0,,21.2824987,72.9721677,22.899999618530273,0.857,-0.096,-0.427,,0.0,0.0,0.0,,,,,0.0,0.0,30.0,2.0000000233721948e-07,2.0000000233721948e-07,0.0,84.0,36.5,0
3745,SO-0801,Constable Vijay Raval,Constable,44,2026-07-14 19:31:52+00:00,81.0,75.0,,21.2824988,72.9721682,22.899999618530273,0.843,-0.12,-0.477,,0.0,0.0,0.0,,,,,0.0,0.0,30.0,9.999999761589606e-08,4.999999987376214e-07,0.01,75.0,36.5,0
3750,SO-0801,Constable Vijay Raval,Constable,44,2026-07-14 19:32:22+00:00,81.0,,,21.2824989,72.9721685,22.899999618530273,0.857,-0.119,-0.439,,0.0,0.0,0.0,,,,,0.0,0.0,30.0,1.0000000116860974e-07,2.999999964004019e-07,0.0,75.0,36.5,0
3755,SO-0801,Constable Vijay Raval,Constable,44,2026-07-14 19:32:52+00:00,87.0,87.0,,21.2824989,72.9721686,25.399999618530273,0.915,-0.006,-0.388,,0.0,0.0,0.0,,,,,0.0,0.0,30.0,0.0,1.000000082740371e-07,0.0,87.0,36.5,0
3759,SO-0801,Constable Vijay Raval,Constable,44,2026-07-14 19:33:22+00:00,81.0,88.0,,21.282499,72.9721684,25.399999618530273,0.877,0.103,-0.406,,0.0,0.0,0.0,,,,,0.0,0.0,30.0,1.0000000116860974e-07,-2.0000000233721948e-07,0.0,88.0,36.5,0
3765,SO-0801,Constable Vijay Raval,Constable,44,2026-07-14 19:33:52+00:00,84.0,79.0,,21.2824989,72.9721682,25.399999618530273,0.941,0.223,-0.299,,0.0,0.0,0.0,,,,,0.0,0.0,30.0,-1.0000000116860974e-07,-2.0000000233721948e-07,0.0,79.0,36.5,0
3769,SO-0801,Constable Vijay Raval,Constable,44,2026-07-14 19:34:22+00:00,84.0,79.0,,21.2824989,72.9721679,25.399999618530273,0.903,-0.019,-0.375,,0.0,0.0,0.0,,,,,0.0,0.0,30.0,0.0,-2.999999964004019e-07,0.0,79.0,36.5,0
3775,SO-0801,Constable Vijay Raval,Constable,44,2026-07-14 19:34:52+00:00,81.0,,,21.2824979,72.972168,22.899999618530273,0.869,-0.081,-0.413,,0.0,0.0,0.0,,,,,0.0,0.0,30.0,-1.0000000010279564e-06,9.999999406318238e-08,0.01,79.0,36.5,0
3780,SO-0801,Constable Vijay Raval,Constable,44,2026-07-14 19:35:22+00:00,99.0,,,21.2824977,72.9721681,22.899999618530273,0.861,-0.108,-0.468,,0.0,0.0,0.0,,,,,0.0,0.0,30.0,-1.999999987845058e-07,1.000000082740371e-07,0.0,79.0,36.5,2
3785,SO-0801,Constable Vijay Raval,Constable,44,2026-07-14 19:35:52+00:00,86.0,87.0,,21.2824976,72.9721683,22.899999618530273,0.856,-0.024,-0.487,,0.0,0.0,0.0,,,,,0.0,0.0,30.0,-1.0000000116860974e-07,2.0000000233721948e-07,0.0,87.0,36.5,0
3790,SO-0801,Constable Vijay Raval,Constable,44,2026-07-14 19:36:22+00:00,89.0,88.0,,21.2824975,72.9721684,22.899999618530273,0.83,0.567,-0.155,,0.0,0.0,0.0,,,,,0.0,0.0,30.0,-9.999999761589606e-08,9.999999406318238e-08,0.0,88.0,36.5,0
3795,SO-0801,Constable Vijay Raval,Constable,44,2026-07-14 19:36:52+00:00,82.0,83.0,,21.2824976,72.9721683,22.899999618530273,0.736,0.557,-0.09,,0.0,0.0,0.0,,,,,0.0,0.0,30.0,9.999999761589606e-08,-9.999999406318238e-08,0.0,83.0,36.5,0
3800,SO-0801,Constable Vijay Raval,Constable,44,2026-07-14 19:37:22+00:00,90.0,85.0,,21.2824977,72.972168,22.899999618530273,0.876,-0.05,-0.416,,0.0,0.0,0.0,,,,,0.0,0.0,30.0,1.0000000116860974e-07,-3.000000106112566e-07,0.0,85.0,36.5,0
3805,SO-0801,Constable Vijay Raval,Constable,44,2026-07-14 19:37:52+00:00,84.0,75.0,,21.2824977,72.9721681,11.6712646484375,0.933,0.492,0.303,,0.0,0.0,0.0,,,,,0.0,0.0,30.0,0.0,1.000000082740371e-07,0.0,75.0,36.5,0
3810,SO-0801,Constable Vijay Raval,Constable,44,2026-07-14 19:38:22+00:00,82.0,75.0,,21.2824977,72.9721682,11.719482421875,0.708,1.018,-0.06,,0.0,0.0,0.0,,,,,0.0,0.0,30.0,0.0,9.999999406318238e-08,0.0,75.0,36.5,0
3815,SO-0801,Constable Vijay Raval,Constable,44,2026-07-14 19:38:52+00:00,88.0,86.0,,21.2824978,72.9721682,25.399999618530273,1.003,-0.111,0.421,,0.0,0.0,0.0,,,,,0.0,0.0,30.0,1.0000000116860974e-07,0.0,0.0,86.0,36.5,0
3820,SO-0801,Constable Vijay Raval,Constable,44,2026-07-14 19:39:22+00:00,89.0,68.0,,21.2824979,72.9721683,25.399999618530273,0.959,0.329,0.397,,0.0,0.0,0.0,,,,,0.0,0.0,30.0,9.999999761589606e-08,1.000000082740371e-07,0.0,68.0,36.5,0
3825,SO-0801,Constable Vijay Raval,Constable,44,2026-07-14 19:39:52+00:00,90.0,68.0,,21.2824981,72.9721688,25.399999618530273,0.79,0.346,-0.479,,0.0,0.0,0.0,,,,,0.0,0.0,30.0,2.0000000233721948e-07,4.999999987376214e-07,0.01,68.0,36.5,0
3830,SO-0801,Constable Vijay Raval,Constable,44,2026-07-14 19:40:22+00:00,82.0,,,21.2824981,72.9721691,23.299999237060547,0.807,0.381,-0.413,,0.0,0.0,0.0,,,,,0.0,0.0,30.0,0.0,2.999999964004019e-07,0.0,68.0,36.5,0
3835,SO-0801,Constable Vijay Raval,Constable,44,2026-07-14 19:40:52+00:00,95.0,63.0,,21.282498,72.9721696,23.299999237060547,0.865,0.477,-0.131,,0.0,0.0,0.0,,,,,0.0,0.0,30.0,-1.0000000116860974e-07,4.999999987376214e-07,0.01,63.0,36.5,2
3840,SO-0801,Constable Vijay Raval,Constable,44,2026-07-14 19:41:22+00:00,82.0,65.0,,21.2824978,72.9721697,25.399999618530273,0.906,0.487,-0.002,,0.0,0.0,0.0,,,,,0.0,0.0,30.0,-1.999999987845058e-07,9.999999406318238e-08,0.0,65.0,36.5,0
3845,SO-0801,Constable Vijay Raval,Constable,44,2026-07-14 19:41:52+00:00,82.0,66.0,,21.2824975,72.97217,25.399999618530273,0.822,0.475,-0.131,,0.0,0.0,0.0,,,,,0.0,0.0,30.0,-2.999999999531156e-07,3.000000106112566e-07,0.01,66.0,36.5,0
3850,SO-0801,Constable Vijay Raval,Constable,44,2026-07-14 19:42:22+00:00,92.0,86.0,,21.2824975,72.9721702,25.399999618530273,0.88,0.427,-0.129,,0.0,0.0,0.0,,,,,0.0,0.0,30.0,0.0,1.9999998812636477e-07,0.0,86.0,36.5,2
3855,SO-0801,Constable Vijay Raval,Constable,44,2026-07-14 19:42:52+00:00,85.0,88.0,,21.2824948,72.9721794,25.399999618530273,0.871,0.503,-0.082,,0.0,0.0,0.0,,,,,0.0,0.0,30.0,-2.7000000031307536e-06,9.200000008036112e-06,0.12,88.0,36.5,0
3860,SO-0801,Constable Vijay Raval,Constable,44,2026-07-14 19:43:22+00:00,90.0,85.0,,21.2828994,72.9725117,10.98468017578125,0.972,-0.051,0.165,,0.0,0.0,0.0,,,,,0.0,0.0,30.0,0.000404600000003,0.0003322999999966,6.82,85.0,36.5,1
3865,SO-0801,Constable Vijay Raval,Constable,44,2026-07-14 19:43:52+00:00,94.0,65.0,,21.2834674,72.9739887,22.899999618530273,0.79,0.361,0.544,,0.0,0.0,0.0,,,,,0.0,0.0,30.0,0.0005679999999976,0.0014770000000083,20.07,65.0,36.5,1
3870,SO-0801,Constable Vijay Raval,Constable,44,2026-07-14 19:44:22+00:00,84.0,67.0,,21.2844804,72.9744872,11.059967041015623,0.58,-0.295,0.813,,0.0,0.0,0.0,,,,,0.0,0.0,30.0,0.0010130000000003,0.0004984999999919,14.88,67.0,36.5,1
3875,SO-0801,Constable Vijay Raval,Constable,44,2026-07-14 19:44:52+00:00,95.0,82.0,,21.2847305,72.9749032,24.899999618530273,0.447,-0.242,0.879,,0.0,0.0,0.0,,,,,0.0,0.0,30.0,0.0002500999999988,0.0004160000000013,6.2,82.0,36.5,1
3880,SO-0801,Constable Vijay Raval,Constable,44,2026-07-14 19:45:23+00:00,96.0,82.0,,21.2847313,72.9749111,25.600000381469727,0.3,-0.383,0.58,,0.0,0.0,0.0,,,,,0.0,0.0,31.0,8.000000022434506e-07,7.899999999949614e-06,0.1,82.0,36.5,2
3885,SO-0801,Constable Vijay Raval,Constable,44,2026-07-14 19:45:52+00:00,91.0,56.0,,21.2847316,72.9749135,26.0,0.309,-0.707,0.154,,0.0,0.0,0.0,,,,,0.0,0.0,29.0,2.999999999531156e-07,2.3999999996249244e-06,0.03,56.0,36.5,2
3890,SO-0801,Constable Vijay Raval,Constable,44,2026-07-14 19:46:23+00:00,86.0,82.0,,21.2847471,72.9750493,25.700000762939453,0.974,0.026,-0.156,,0.0,0.0,0.0,,,,,0.0,0.0,31.0,1.5499999999946112e-05,0.0001357999999953,1.67,82.0,36.5,0
3895,SO-0801,Constable Vijay Raval,Constable,44,2026-07-14 19:46:53+00:00,83.0,74.0,,21.2847432,72.9750453,25.700000762939453,0.234,-0.853,0.274,,0.0,0.0,0.0,,,,,0.0,0.0,30.0,-3.899999999390502e-06,-3.999999989900971e-06,0.07,74.0,36.5,0
3900,SO-0801,Constable Vijay Raval,Constable,44,2026-07-14 19:47:27+00:00,81.0,78.0,,21.2847467,72.9750385,25.700000762939453,-0.491,-0.981,0.01,,0.0,0.0,0.0,,,,,0.0,0.0,34.0,3.499999998268777e-06,-6.800000008411189e-06,0.09,78.0,36.5,0
3905,SO-0801,Constable Vijay Raval,Constable,44,2026-07-14 19:47:53+00:00,94.0,88.0,,21.2847431,72.9750505,25.700000762939453,0.871,-0.778,0.27,,0.0,0.0,0.0,,,,,0.0,0.0,26.0,-3.5999999994373866e-06,1.1999999998124622e-05,0.18,88.0,36.5,2
3910,SO-0801,Constable Vijay Raval,Constable,44,2026-07-14 19:48:23+00:00,85.0,76.0,,21.2847795,72.9751173,28.399999618530273,0.179,-0.931,0.275,,0.0,0.0,0.0,,,,,0.0,0.0,30.0,3.6399999999048305e-05,6.67999999990343e-05,0.97,76.0,36.5,0
3915,SO-0801,Constable Vijay Raval,Constable,44,2026-07-14 19:48:53+00:00,82.0,86.0,,21.2849921,72.975229,26.0,0.264,-0.913,0.309,,0.0,0.0,0.0,,,,,0.0,0.0,30.0,0.0002126000000011,0.000111700000005,3.16,86.0,36.5,0
3920,SO-0801,Constable Vijay Raval,Constable,44,2026-07-14 19:49:23+00:00,95.0,66.0,,21.2847909,72.975123,28.399999618530273,0.371,-0.926,0.369,,0.0,0.0,0.0,,,,,0.0,0.0,30.0,-0.0002011999999993,-0.0001060000000023,2.99,66.0,36.5,2
3925,SO-0801,Constable Vijay Raval,Constable,44,2026-07-14 19:49:53+00:00,95.0,75.0,,21.2847824,72.975122,28.399999618530273,0.233,-0.954,0.411,,0.0,0.0,0.0,,,,,0.0,0.0,30.0,-8.499999999855845e-06,-9.999999974752427e-07,0.11,75.0,36.5,2
3930,SO-0801,Constable Vijay Raval,Constable,44,2026-07-14 19:50:23+00:00,84.0,87.0,,21.2848135,72.975097,28.399999618530273,0.589,-0.388,0.338,,0.0,0.0,0.0,,,,,0.0,0.0,30.0,3.109999999750812e-05,-2.4999999993724487e-05,0.52,87.0,36.5,0
3935,SO-0801,Constable Vijay Raval,Constable,44,2026-07-14 19:50:53+00:00,88.0,88.0,,21.2848077,72.9751326,28.399999618530273,0.009,0.739,0.544,,0.0,0.0,0.0,,,,,0.0,0.0,30.0,-5.7999999967250915e-06,3.559999998969943e-05,0.45,88.0,36.5,0
3940,SO-0801,Constable Vijay Raval,Constable,44,2026-07-14 19:51:22+00:00,85.0,83.0,,21.2848286,72.9747954,28.399999618530273,0.78,-0.616,0.062,,0.0,0.0,0.0,,,,,0.0,0.0,29.0,2.0899999999102192e-05,-0.0003371999999899,4.4,83.0,36.5,0
3945,SO-0801,Constable Vijay Raval,Constable,44,2026-07-14 19:51:53+00:00,88.0,82.0,,21.284876,72.9747194,26.100000381469727,0.046,0.272,0.777,,0.0,0.0,0.0,,,,,0.0,0.0,31.0,4.739999999969768e-05,-7.600000000707041e-05,1.11,82.0,36.5,0
3950,SO-0801,Constable Vijay Raval,Constable,44,2026-07-14 19:52:23+00:00,97.0,88.0,,21.2848429,72.9748277,28.5,0.5,-0.066,0.902,,0.0,0.0,0.0,,,,,0.0,0.0,30.0,-3.3099999999564034e-05,0.0001083000000079,1.43,88.0,36.5,2
3955,SO-0801,Constable Vijay Raval,Constable,44,2026-07-14 19:52:53+00:00,86.0,83.0,,21.2847727,72.9750839,28.399999618530273,0.567,-0.043,0.876,,0.0,0.0,0.0,,,,,0.0,0.0,30.0,-7.019999999968718e-05,0.0002561999999954,3.36,83.0,36.5,0
3960,SO-0801,Constable Vijay Raval,Constable,44,2026-07-14 19:53:23+00:00,86.0,88.0,,21.2847395,72.9750233,28.399999618530273,0.854,-0.07,0.557,,0.0,0.0,0.0,,,,,0.0,0.0,30.0,-3.3200000000732643e-05,-6.059999999763477e-05,0.88,88.0,36.5,0
3969,SO-0801,Constable Vijay Raval,Constable,44,2026-07-14 19:54:23+00:00,86.0,65.0,,21.2848644,72.9747345,28.399999618530273,0.984,0.014,0.24,,0.0,0.0,0.0,,,,,0.0,0.0,60.0,0.0001248999999994,-0.0002888000000069,2.0,65.0,36.5,0
3974,SO-0801,Constable Vijay Raval,Constable,44,2026-07-14 19:54:53+00:00,98.0,74.0,,21.2848917,72.9747571,28.399999618530273,0.391,0.099,1.222,,0.0,0.0,0.0,,,,,0.0,0.0,30.0,2.729999999928623e-05,2.2600000008310417e-05,0.46,74.0,36.5,2
3979,SO-0801,Constable Vijay Raval,Constable,44,2026-07-14 19:55:23+00:00,95.0,88.0,,21.2848625,72.9747317,28.399999618530273,-0.12,-0.136,1.044,,0.0,0.0,0.0,,,,,0.0,0.0,30.0,-2.920000000017353e-05,-2.539999999839893e-05,0.5,88.0,36.5,2
3984,SO-0801,Constable Vijay Raval,Constable,44,2026-07-14 19:55:53+00:00,90.0,73.0,,21.2848636,72.9747298,26.100000381469727,-0.573,-0.437,0.647,,0.0,0.0,0.0,,,,,0.0,0.0,30.0,1.100000002196566e-06,-1.900000000887303e-06,0.03,73.0,36.5,0
3993,SO-0801,Constable Vijay Raval,Constable,44,2026-07-14 19:56:52+00:00,87.0,88.0,,21.284864,72.9747342,26.100000381469727,0.652,0.78,0.135,,0.0,0.0,0.0,,,,,0.0,0.0,59.0,3.999999975690116e-07,4.39999999457541e-06,0.03,88.0,36.5,0
3998,SO-0801,Constable Vijay Raval,Constable,44,2026-07-14 19:57:23+00:00,91.0,83.0,,21.2847724,72.9750831,28.399999618530273,0.737,0.3,-0.431,,0.0,0.0,0.0,,,,,0.0,0.0,31.0,-9.1599999997527e-05,0.0003489000000058,4.41,83.0,36.5,2
4003,SO-0801,Constable Vijay Raval,Constable,44,2026-07-14 19:57:53+00:00,87.0,86.0,,21.2847484,72.9750027,28.5,0.568,-0.184,0.841,,0.0,0.0,0.0,,,,,0.0,0.0,30.0,-2.399999999980196e-05,-8.040000000164582e-05,1.06,86.0,36.5,0
4008,SO-0801,Constable Vijay Raval,Constable,44,2026-07-14 19:58:23+00:00,86.0,83.0,,21.2848207,72.9748604,28.399999618530273,0.31,-0.55,0.811,,0.0,0.0,0.0,,,,,0.0,0.0,30.0,7.229999999935899e-05,-0.0001423000000073,2.03,83.0,36.5,0
4013,SO-0801,Constable Vijay Raval,Constable,44,2026-07-14 19:58:53+00:00,89.0,85.0,,21.2848683,72.9748045,26.100000381469727,0.993,-0.095,0.102,,0.0,0.0,0.0,,,,,0.0,0.0,30.0,4.759999999848219e-05,-5.58999999924481e-05,0.95,85.0,36.5,0
4018,SO-0801,Constable Vijay Raval,Constable,44,2026-07-14 19:59:23+00:00,81.0,86.0,,21.2848733,72.974723,28.399999618530273,0.963,-0.036,0.208,,0.0,0.0,0.0,,,,,0.0,0.0,30.0,5.000000001587068e-06,-8.15000000073951e-05,1.03,86.0,36.5,0
4023,SO-0801,Constable Vijay Raval,Constable,44,2026-07-14 19:59:53+00:00,86.0,87.0,,21.2848423,72.9747775,27.299999237060547,0.981,-0.023,0.228,,0.0,0.0,0.0,,,,,0.0,0.0,30.0,-3.0999999999892225e-05,5.4500000004509275e-05,0.8,87.0,36.5,0
4034,SO-0801,Constable Vijay Raval,Constable,44,2026-07-14 20:00:53+00:00,86.0,,,21.284873,72.9747269,26.100000381469727,0.468,0.722,-0.32,,0.0,0.0,0.0,,,,,0.0,0.0,60.0,3.069999999993911e-05,-5.0600000008671486e-05,0.38,87.0,36.5,0
4044,SO-0801,Constable Vijay Raval,Constable,44,2026-07-14 20:02:23+00:00,84.0,88.0,,21.2848546,72.9747638,28.399999618530273,0.822,-0.557,0.101,,0.0,0.0,0.0,,,,,0.0,0.0,90.0,-1.8400000001861372e-05,3.690000001199678e-05,0.18,88.0,36.5,0
4050,SO-0801,Constable Vijay Raval,Constable,44,2026-07-14 20:02:53+00:00,87.0,88.0,,21.2848558,72.9748946,28.399999618530273,0.893,-0.479,0.065,,0.0,0.0,0.0,,,,,0.0,0.0,30.0,1.1999999998124622e-06,0.0001307999999937,1.65,88.0,36.5,0
4055,SO-0801,Constable Vijay Raval,Constable,44,2026-07-14 20:03:22+00:00,93.0,77.0,,21.2848843,72.9747163,26.100000381469727,0.507,-0.361,0.695,,0.0,0.0,0.0,,,,,0.0,0.0,29.0,2.8500000002651404e-05,-0.0001783000000017,2.35,77.0,36.5,2
4059,SO-0801,Constable Vijay Raval,Constable,44,2026-07-14 20:03:53+00:00,82.0,80.0,,21.2848455,72.9748677,28.399999618530273,0.36,-0.43,0.868,,0.0,0.0,0.0,,,,,0.0,0.0,31.0,-3.880000000222594e-05,0.0001514000000071,1.91,80.0,36.5,0
4063,SO-0801,Constable Vijay Raval,Constable,44,2026-07-14 20:04:23+00:00,81.0,86.0,,21.2848352,72.9748062,28.399999618530273,0.696,-0.649,0.308,,0.0,0.0,0.0,,,,,0.0,0.0,30.0,-1.0299999999574538e-05,-6.150000000104683e-05,0.79,86.0,36.5,0
4067,SO-0801,Constable Vijay Raval,Constable,44,2026-07-14 20:04:53+00:00,92.0,85.0,,21.284878,72.9747252,26.100000381469727,0.626,-0.099,0.634,,0.0,0.0,0.0,,,,,0.0,0.0,30.0,4.279999999923234e-05,-8.100000000865748e-05,1.17,85.0,36.5,2
4071,SO-0801,Constable Vijay Raval,Constable,44,2026-07-14 20:05:22+00:00,94.0,81.0,,21.284804,72.9748512,26.100000381469727,0.658,0.251,0.783,,0.0,0.0,0.0,,,,,0.0,0.0,29.0,-7.399999999790907e-05,0.0001260000000087,1.93,81.0,36.5,2
4077,SO-0801,Constable Vijay Raval,Constable,44,2026-07-14 20:05:53+00:00,91.0,88.0,,21.2847264,72.9750376,25.700000762939453,0.245,-0.933,0.303,,0.0,0.0,0.0,,,,,0.0,0.0,31.0,-7.760000000089917e-05,0.0001863999999898,2.48,88.0,36.5,2
4082,SO-0801,Constable Vijay Raval,Constable,44,2026-07-14 20:06:23+00:00,90.0,82.0,,21.2847388,72.9749581,26.100000381469727,0.091,-0.914,0.548,,0.0,0.0,0.0,,,,,0.0,0.0,30.0,1.2399999999246347e-05,-7.949999999823376e-05,1.01,82.0,36.5,0
4087,SO-0801,Constable Vijay Raval,Constable,44,2026-07-14 20:06:53+00:00,94.0,78.0,,21.2847361,72.9749417,28.5,0.148,-0.928,0.182,,0.0,0.0,0.0,,,,,0.0,0.0,30.0,-2.69999999957804e-06,-1.6399999992700032e-05,0.21,78.0,36.5,2
4091,SO-0801,Constable Vijay Raval,Constable,44,2026-07-14 20:07:23+00:00,87.0,80.0,,21.2847379,72.9749596,28.5,0.22,-0.915,0.321,,0.0,0.0,0.0,,,,,0.0,0.0,30.0,1.7999999997186933e-06,1.790000000312375e-05,0.23,80.0,36.5,0
4097,SO-0801,Constable Vijay Raval,Constable,44,2026-07-14 20:07:53+00:00,82.0,84.0,,21.2847345,72.9749553,28.5,0.303,-0.877,0.373,,0.0,0.0,0.0,,,,,0.0,0.0,30.0,-3.4000000006528808e-06,-4.300000000512227e-06,0.07,84.0,36.5,0
4102,SO-0801,Constable Vijay Raval,Constable,44,2026-07-14 20:08:23+00:00,83.0,76.0,,21.2847387,72.9749533,28.5,0.022,-0.936,0.253,,0.0,0.0,0.0,,,,,0.0,0.0,30.0,4.199999999343618e-06,-2.00000000916134e-06,0.06,76.0,36.5,0
4107,SO-0801,Constable Vijay Raval,Constable,44,2026-07-14 20:08:55+00:00,87.0,83.0,,21.2847489,72.9749778,28.5,0.854,-0.277,-0.385,,0.0,0.0,0.0,,,,,0.0,0.0,32.0,1.0200000001958642e-05,2.450000000919772e-05,0.32,83.0,36.5,0
4112,SO-0801,Constable Vijay Raval,Constable,44,2026-07-14 20:09:23+00:00,96.0,76.0,,21.284768,72.9749112,28.5,0.89,-0.37,-0.223,,0.0,0.0,0.0,,,,,0.0,0.0,28.0,1.90999999993835e-05,-6.660000001090793e-05,0.94,76.0,36.5,2
4116,SO-0801,Constable Vijay Raval,Constable,44,2026-07-14 20:09:53+00:00,82.0,87.0,,21.2847329,72.9749654,28.5,0.882,0.032,-0.541,,0.0,0.0,0.0,,,,,0.0,0.0,30.0,-3.509999999806723e-05,5.420000000810887e-05,0.83,87.0,36.5,0
4121,SO-0801,Constable Vijay Raval,Constable,44,2026-07-14 20:10:23+00:00,81.0,88.0,,21.2847393,72.974971,28.5,0.903,0.022,-0.488,,0.0,0.0,0.0,,,,,0.0,0.0,30.0,6.3999999966313226e-06,5.599999994387872e-06,0.11,88.0,36.5,0
4126,SO-0801,Constable Vijay Raval,Constable,44,2026-07-14 20:10:53+00:00,88.0,85.0,,21.2847552,72.9749242,28.5,0.898,0.12,-0.379,,0.0,0.0,0.0,,,,,0.0,0.0,30.0,1.5900000001067838e-05,-4.6799999992686026e-05,0.63,85.0,36.5,0
4131,SO-0801,Constable Vijay Raval,Constable,44,2026-07-14 20:11:22+00:00,99.0,70.0,,21.2847471,72.9749487,25.600000381469727,0.209,-1.319,0.107,,0.0,0.0,0.0,,,,,0.0,0.0,29.0,-8.09999999873412e-06,2.4499999994986865e-05,0.34,70.0,36.5,2
4137,SO-0801,Constable Vijay Raval,Constable,44,2026-07-14 20:11:54+00:00,85.0,86.0,,21.2848024,72.9751324,28.399999618530273,0.197,-1.034,0.309,,0.0,0.0,0.0,,,,,0.0,0.0,32.0,5.52999999996473e-05,0.000183700000008,2.27,86.0,36.5,0
4142,SO-0801,Constable Vijay Raval,Constable,44,2026-07-14 20:12:23+00:00,92.0,68.0,,21.2847424,72.9750516,25.700000762939453,0.78,-0.238,0.464,,0.0,0.0,0.0,,,,,0.0,0.0,29.0,-6.000000000128125e-05,-8.080000000632026e-05,1.34,68.0,36.5,2
4147,SO-0801,Constable Vijay Raval,Constable,44,2026-07-14 20:12:53+00:00,84.0,73.0,,21.284855,72.9749552,25.700000762939453,0.753,-0.554,-0.317,,0.0,0.0,0.0,,,,,0.0,0.0,30.0,0.0001126000000013,-9.640000000388228e-05,1.93,73.0,36.5,0
4152,SO-0801,Constable Vijay Raval,Constable,44,2026-07-14 20:13:23+00:00,91.0,85.0,,21.2847468,72.9749433,25.600000381469727,1.086,-0.066,-0.092,,0.0,0.0,0.0,,,,,0.0,0.0,30.0,-0.0001081999999996,-1.1899999989850585e-05,1.45,85.0,36.5,2
4157,SO-0801,Constable Vijay Raval,Constable,44,2026-07-14 20:13:53+00:00,83.0,86.0,,21.2847468,72.9749433,25.600000381469727,0.933,-0.12,0.349,,0.0,0.0,0.0,,,,,0.0,0.0,30.0,0.0,0.0,0.0,86.0,36.5,0
4162,SO-0801,Constable Vijay Raval,Constable,44,2026-07-14 20:14:23+00:00,97.0,69.0,,21.284794,72.974995,25.700000762939453,0.939,0.103,0.396,,0.0,0.0,0.0,,,,,0.0,0.0,30.0,4.720000000091318e-05,5.170000000020991e-05,0.9,69.0,36.5,2
4166,SO-0801,Constable Vijay Raval,Constable,44,2026-07-14 20:14:53+00:00,91.0,85.0,,21.2847673,72.9750032,25.700000762939453,0.981,0.2,-0.08,,0.0,0.0,0.0,,,,,0.0,0.0,30.0,-2.670000000293271e-05,8.199999996350016e-06,0.37,85.0,36.5,2
4172,SO-0801,Constable Vijay Raval,Constable,44,2026-07-14 20:15:24+00:00,88.0,87.0,,21.2847783,72.9750358,25.700000762939453,0.873,0.271,-0.021,,0.0,0.0,0.0,,,,,0.0,0.0,31.0,1.100000000064938e-05,3.25999999972737e-05,0.42,87.0,36.5,0
4176,SO-0801,Constable Vijay Raval,Constable,44,2026-07-14 20:15:54+00:00,89.0,68.0,,21.2848055,72.9750305,25.700000762939453,0.989,0.177,-0.041,,0.0,0.0,0.0,,,,,0.0,0.0,30.0,2.7200000001670332e-05,-5.29999999798747e-06,0.37,68.0,36.5,0
4181,SO-0801,Constable Vijay Raval,Constable,44,2026-07-14 20:16:24+00:00,86.0,79.0,,21.2848318,72.9750547,25.700000762939453,0.992,0.178,-0.041,,0.0,0.0,0.0,,,,,0.0,0.0,30.0,2.6299999998258272e-05,2.4199999998586463e-05,0.46,79.0,36.5,0
4185,SO-0801,Constable Vijay Raval,Constable,44,2026-07-14 20:16:53+00:00,82.0,86.0,,21.284803,72.9750282,25.700000762939453,-0.193,-0.313,0.979,,0.0,0.0,0.0,,,,,0.0,0.0,29.0,-2.879999999905181e-05,-2.6500000004148205e-05,0.53,86.0,36.5,0
4189,SO-0801,Constable Vijay Raval,Constable,44,2026-07-14 20:17:23+00:00,89.0,84.0,,21.2848013,72.9749913,25.700000762939453,0.391,-0.105,0.963,,0.0,0.0,0.0,,,,,0.0,0.0,30.0,-1.6999999985500835e-06,-3.6899999997785926e-05,0.46,84.0,36.5,0
4194,SO-0801,Constable Vijay Raval,Constable,44,2026-07-14 20:17:53+00:00,82.0,85.0,,21.2847542,72.9750507,25.700000762939453,0.41,-0.116,0.941,,0.0,0.0,0.0,,,,,0.0,0.0,30.0,-4.710000000329728e-05,5.9399999997822306e-05,0.98,85.0,36.5,0
4199,SO-0801,Constable Vijay Raval,Constable,44,2026-07-14 20:18:23+00:00,86.0,88.0,,21.2847891,72.9749687,25.700000762939453,0.648,0.61,0.209,,0.0,0.0,0.0,,,,,0.0,0.0,30.0,3.490000000283544e-05,-8.199999999192187e-05,1.13,88.0,36.5,0
4204,SO-0801,Constable Vijay Raval,Constable,44,2026-07-14 20:18:53+00:00,84.0,88.0,,21.2848061,72.9750035,25.700000762939453,0.644,0.428,0.728,,0.0,0.0,0.0,,,,,0.0,0.0,30.0,1.699999999971169e-05,3.4799999994561404e-05,0.49,88.0,36.5,0
4209,SO-0801,Constable Vijay Raval,Constable,44,2026-07-14 20:19:23+00:00,92.0,88.0,,21.2847843,72.9750366,25.700000762939453,1.044,0.167,0.32,,0.0,0.0,0.0,,,,,0.0,0.0,30.0,-2.1800000002514253e-05,3.309999999601132e-05,0.51,88.0,36.5,2
4214,SO-0801,Constable Vijay Raval,Constable,44,2026-07-14 20:19:53+00:00,92.0,83.0,,21.2848193,72.9749966,25.700000762939453,1.064,0.381,-0.143,,0.0,0.0,0.0,,,,,0.0,0.0,30.0,3.500000000045134e-05,-3.999999999848569e-05,0.69,83.0,36.5,2
4219,SO-0801,Constable Vijay Raval,Constable,44,2026-07-14 20:20:23+00:00,85.0,87.0,,21.2847724,72.9750524,25.700000762939453,0.133,-1.057,0.058,,0.0,0.0,0.0,,,,,0.0,0.0,30.0,-4.689999999740735e-05,5.579999999838492e-05,0.94,87.0,36.5,0
4224,SO-0801,Constable Vijay Raval,Constable,44,2026-07-14 20:20:53+00:00,85.0,85.0,,21.2847555,72.9750461,25.700000762939453,0.455,-0.583,0.694,,0.0,0.0,0.0,,,,,0.0,0.0,30.0,-1.6900000002095794e-05,-6.299999995462713e-06,0.24,85.0,36.5,0
4229,SO-0801,Constable Vijay Raval,Constable,44,2026-07-14 20:21:23+00:00,90.0,85.0,,21.2847419,72.9749533,25.600000381469727,0.31,-0.117,0.997,,0.0,0.0,0.0,,,,,0.0,0.0,30.0,-1.359999999905881e-05,-9.280000000444488e-05,1.18,85.0,36.5,0
4234,SO-0801,Constable Vijay Raval,Constable,44,2026-07-14 20:21:53+00:00,89.0,88.0,,21.2847419,72.9750425,25.700000762939453,0.301,-0.107,0.99,,0.0,0.0,0.0,,,,,0.0,0.0,30.0,0.0,8.92000000050075e-05,1.12,88.0,36.5,0
4239,SO-0801,Constable Vijay Raval,Constable,44,2026-07-14 20:22:23+00:00,92.0,88.0,,21.2847737,72.9750843,25.700000762939453,0.287,-0.104,0.987,,0.0,0.0,0.0,,,,,0.0,0.0,30.0,3.179999999858296e-05,4.180000000530981e-05,0.68,88.0,36.5,2
4244,SO-0801,Constable Vijay Raval,Constable,44,2026-07-14 20:22:53+00:00,91.0,88.0,,21.2847421,72.9750499,25.700000762939453,0.154,-0.105,1.06,,0.0,0.0,0.0,,,,,0.0,0.0,30.0,-3.1599999999798456e-05,-3.440000000409782e-05,0.6,88.0,36.5,2
4249,SO-0801,Constable Vijay Raval,Constable,44,2026-07-14 20:23:23+00:00,99.0,88.0,,21.2847429,72.9749899,25.600000381469727,0.157,-0.124,1.022,,0.0,0.0,0.0,,,,,0.0,0.0,30.0,8.000000022434506e-07,-6.000000000483397e-05,0.76,88.0,36.5,2
4254,SO-0801,Constable Vijay Raval,Constable,44,2026-07-14 20:23:52+00:00,100.0,88.0,,21.2841547,72.9739221,25.600000381469727,-0.087,-0.138,1.056,,0.0,0.0,0.0,,,,,0.0,0.0,29.0,-0.0005882000000028,-0.0010678000000012,16.09,88.0,36.5,1
4259,SO-0801,Constable Vijay Raval,Constable,44,2026-07-14 20:24:23+00:00,93.0,88.0,,21.2847496,72.9750472,25.700000762939453,0.164,-0.118,1.025,,0.0,0.0,0.0,,,,,0.0,0.0,31.0,0.0005949000000029,0.00112510000001,15.7,88.0,36.5,1
4264,SO-0801,Constable Vijay Raval,Constable,44,2026-07-14 20:24:53+00:00,100.0,88.0,,21.2847845,72.9750312,25.700000762939453,0.829,0.216,0.542,,0.0,0.0,0.0,,,,,0.0,0.0,30.0,3.489999999928273e-05,-1.6000000002236447e-05,0.51,88.0,36.5,2
4269,SO-0801,Constable Vijay Raval,Constable,44,2026-07-14 20:25:23+00:00,86.0,85.0,,21.2847431,72.97503,25.700000762939453,0.268,0.655,0.252,,0.0,0.0,0.0,,,,,0.0,0.0,30.0,-4.140000000063537e-05,-1.1999999998124622e-06,0.55,85.0,36.5,0
4274,SO-0801,Constable Vijay Raval,Constable,44,2026-07-14 20:25:53+00:00,95.0,88.0,,21.2847578,72.9750111,25.700000762939453,1.03,-0.03,0.101,,0.0,0.0,0.0,,,,,0.0,0.0,30.0,1.4700000001255376e-05,-1.8900000000598993e-05,0.31,88.0,36.5,2
4279,SO-0801,Constable Vijay Raval,Constable,44,2026-07-14 20:26:23+00:00,87.0,88.0,,21.2847407,72.9750458,25.700000762939453,0.317,-0.168,0.976,,0.0,0.0,0.0,,,,,0.0,0.0,30.0,-1.71000000008803e-05,3.470000000049822e-05,0.49,88.0,36.5,0
4284,SO-0801,Constable Vijay Raval,Constable,44,2026-07-14 20:26:53+00:00,91.0,87.0,,21.2847411,72.9750181,25.700000762939453,0.33,-0.16,0.975,,0.0,0.0,0.0,,,,,0.0,0.0,30.0,4.000000011217253e-07,-2.7700000003960668e-05,0.35,87.0,36.5,2
4289,SO-0801,Constable Vijay Raval,Constable,44,2026-07-14 20:27:23+00:00,87.0,88.0,,21.2847466,72.9750206,25.700000762939453,0.411,-0.078,0.957,,0.0,0.0,0.0,,,,,0.0,0.0,30.0,5.499999996771976e-06,2.4999999936881068e-06,0.08,88.0,36.5,0
4295,SO-0801,Constable Vijay Raval,Constable,44,2026-07-14 20:27:53+00:00,85.0,88.0,,21.2847415,72.9750392,25.700000762939453,0.427,-0.093,0.94,,0.0,0.0,0.0,,,,,0.0,0.0,30.0,-5.099999999202964e-06,1.860000000419859e-05,0.24,88.0,36.5,0
4300,SO-0801,Constable Vijay Raval,Constable,44,2026-07-14 20:28:23+00:00,85.0,83.0,,21.2847442,72.9749561,25.600000381469727,0.434,-0.097,0.936,,0.0,0.0,0.0,,,,,0.0,0.0,30.0,2.69999999957804e-06,-8.309999999767115e-05,1.05,83.0,36.5,0
4305,SO-0801,Constable Vijay Raval,Constable,44,2026-07-14 20:28:53+00:00,90.0,88.0,,21.2847455,72.9749447,25.600000381469727,0.476,-0.099,0.913,,0.0,0.0,0.0,,,,,0.0,0.0,30.0,1.300000000981072e-06,-1.1400000005323818e-05,0.14,88.0,36.5,0
4310,SO-0801,Constable Vijay Raval,Constable,44,2026-07-14 20:29:23+00:00,88.0,88.0,,21.2847471,72.9749487,25.600000381469727,0.483,-0.112,0.911,,0.0,0.0,0.0,,,,,0.0,0.0,30.0,1.6000000009341877e-06,4.0000000041118255e-06,0.05,88.0,36.5,0
4315,SO-0801,Constable Vijay Raval,Constable,44,2026-07-14 20:29:53+00:00,85.0,88.0,,21.284834,72.9751031,25.700000762939453,0.507,-0.129,0.921,,0.0,0.0,0.0,,,,,0.0,0.0,30.0,8.689999999944575e-05,0.0001543999999995,2.26,88.0,36.5,0
4320,SO-0801,Constable Vijay Raval,Constable,44,2026-07-14 20:30:23+00:00,90.0,88.0,,21.2847927,72.9750139,25.700000762939453,0.493,-0.079,0.913,,0.0,0.0,0.0,,,,,0.0,0.0,30.0,-4.129999999946676e-05,-8.92000000050075e-05,1.25,88.0,36.5,0
4325,SO-0801,Constable Vijay Raval,Constable,44,2026-07-14 20:30:53+00:00,87.0,87.0,,21.2847832,72.9750669,25.700000762939453,0.489,-0.09,0.906,,0.0,0.0,0.0,,,,,0.0,0.0,30.0,-9.5000000008838e-06,5.300000000829641e-05,0.68,87.0,36.5,0
4330,SO-0801,Constable Vijay Raval,Constable,44,2026-07-14 20:31:23+00:00,86.0,81.0,,21.2847791,72.9750786,25.700000762939453,0.83,0.481,0.209,,0.0,0.0,0.0,,,,,0.0,0.0,30.0,-4.099999998175008e-06,1.170000000172422e-05,0.16,81.0,36.5,0
4335,SO-0801,Constable Vijay Raval,Constable,44,2026-07-14 20:31:53+00:00,86.0,88.0,,21.2847636,72.9750564,25.700000762939453,0.984,0.067,0.112,,0.0,0.0,0.0,,,,,0.0,0.0,30.0,-1.5499999999946112e-05,-2.2200000003635975e-05,0.35,88.0,36.5,0
4340,SO-0801,Constable Vijay Raval,Constable,44,2026-07-14 20:32:23+00:00,91.0,87.0,,21.2847786,72.975056,25.700000762939453,0.784,-0.088,0.662,,0.0,0.0,0.0,,,,,0.0,0.0,30.0,1.4999999997655776e-05,-4.0000000467443897e-07,0.2,87.0,36.5,2
4345,SO-0801,Constable Vijay Raval,Constable,44,2026-07-14 20:32:53+00:00,84.0,77.0,,21.2847772,72.9750413,25.700000762939453,0.958,-0.119,0.306,,0.0,0.0,0.0,,,,,0.0,0.0,30.0,-1.399999998596968e-06,-1.4699999994149948e-05,0.19,77.0,36.5,0
4350,SO-0801,Constable Vijay Raval,Constable,44,2026-07-14 20:33:23+00:00,98.0,87.0,,21.2847972,72.9749891,25.700000762939453,0.783,-0.172,0.625,,0.0,0.0,0.0,,,,,0.0,0.0,30.0,1.999999999924285e-05,-5.219999999894753e-05,0.71,87.0,36.5,2
4355,SO-0801,Constable Vijay Raval,Constable,44,2026-07-14 20:33:53+00:00,94.0,87.0,,21.2847618,72.9750518,25.700000762939453,0.59,0.013,0.804,,0.0,0.0,0.0,,,,,0.0,0.0,30.0,-3.540000000157306e-05,6.270000000085929e-05,0.92,87.0,36.5,2
4360,SO-0801,Constable Vijay Raval,Constable,44,2026-07-14 20:34:23+00:00,89.0,79.0,,21.2847835,72.9750653,25.700000762939453,0.926,0.495,-0.029,,0.0,0.0,0.0,,,,,0.0,0.0,30.0,2.1700000001345643e-05,1.3499999994337486e-05,0.34,79.0,36.5,0
4365,SO-0801,Constable Vijay Raval,Constable,44,2026-07-14 20:34:53+00:00,98.0,88.0,,21.2847693,72.9750663,25.700000762939453,0.644,0.059,0.804,,0.0,0.0,0.0,,,,,0.0,0.0,30.0,-1.419999999896504e-05,9.999999974752427e-07,0.19,88.0,36.5,2
4370,SO-0801,Constable Vijay Raval,Constable,44,2026-07-14 20:35:23+00:00,90.0,69.0,,21.2847721,72.9750574,25.700000762939453,0.761,0.158,0.687,,0.0,0.0,0.0,,,,,0.0,0.0,30.0,2.8000000007466497e-06,-8.899999997424857e-06,0.12,69.0,36.5,0
4375,SO-0801,Constable Vijay Raval,Constable,44,2026-07-14 20:35:53+00:00,86.0,86.0,,21.2847487,72.975036,25.700000762939453,0.741,0.124,0.698,,0.0,0.0,0.0,,,,,0.0,0.0,30.0,-2.3399999999895726e-05,-2.13999999942871e-05,0.41,86.0,36.5,0
4380,SO-0801,Constable Vijay Raval,Constable,44,2026-07-14 20:36:23+00:00,85.0,87.0,,21.2847875,72.9750408,25.700000762939453,0.743,0.116,0.711,,0.0,0.0,0.0,,,,,0.0,0.0,30.0,3.879999999867323e-05,4.799999999249849e-06,0.52,87.0,36.5,0
4385,SO-0801,Constable Vijay Raval,Constable,44,2026-07-14 20:36:53+00:00,84.0,76.0,,21.2847924,72.9750471,25.700000762939453,0.841,0.247,0.534,,0.0,0.0,0.0,,,,,0.0,0.0,30.0,4.9000000004184585e-06,6.299999995462713e-06,0.1,76.0,36.5,0
4390,SO-0801,Constable Vijay Raval,Constable,44,2026-07-14 20:37:23+00:00,84.0,76.0,,21.2847444,72.9750401,25.700000762939453,0.878,0.169,0.507,,0.0,0.0,0.0,,,,,0.0,0.0,30.0,-4.7999999999603915e-05,-6.999999996537554e-06,0.65,76.0,36.5,0
4395,SO-0801,Constable Vijay Raval,Constable,44,2026-07-14 20:37:53+00:00,92.0,62.0,,21.2847685,72.9750535,25.700000762939453,0.874,0.149,0.492,,0.0,0.0,0.0,,,,,0.0,0.0,30.0,2.4099999997417857e-05,1.3400000000274304e-05,0.36,62.0,36.5,2
4400,SO-0801,Constable Vijay Raval,Constable,44,2026-07-14 20:38:23+00:00,82.0,56.0,,21.2847593,72.9750505,25.700000762939453,0.698,0.12,0.772,,0.0,0.0,0.0,,,,,0.0,0.0,30.0,-9.199999997377972e-06,-3.000000006636583e-06,0.13,56.0,36.5,0
4405,SO-0801,Constable Vijay Raval,Constable,44,2026-07-14 20:38:53+00:00,87.0,79.0,,21.2847755,72.9750464,25.700000762939453,0.844,0.132,0.551,,0.0,0.0,0.0,,,,,0.0,0.0,30.0,1.619999999746824e-05,-4.099999998175008e-06,0.22,79.0,36.5,0
4410,SO-0801,Constable Vijay Raval,Constable,44,2026-07-14 20:39:23+00:00,94.0,85.0,,21.2847613,72.9750063,25.700000762939453,0.61,0.092,0.831,,0.0,0.0,0.0,,,,,0.0,0.0,30.0,-1.419999999896504e-05,-4.0099999992548874e-05,0.54,85.0,36.5,2
4415,SO-0801,Constable Vijay Raval,Constable,44,2026-07-14 20:39:53+00:00,84.0,88.0,,21.2847468,72.9749669,25.600000381469727,0.656,0.118,0.792,,0.0,0.0,0.0,,,,,0.0,0.0,30.0,-1.4499999998918156e-05,-3.940000000568489e-05,0.53,88.0,36.5,0
4420,SO-0801,Constable Vijay Raval,Constable,44,2026-07-14 20:40:23+00:00,90.0,88.0,,21.2847554,72.9750294,25.700000762939453,0.442,0.113,0.948,,0.0,0.0,0.0,,,,,0.0,0.0,30.0,8.600000001024455e-06,6.249999999852207e-05,0.79,88.0,36.5,0
4425,SO-0801,Constable Vijay Raval,Constable,44,2026-07-14 20:40:53+00:00,90.0,86.0,,21.2847603,72.9750443,25.700000762939453,0.499,0.05,0.883,,0.0,0.0,0.0,,,,,0.0,0.0,30.0,4.899999996865745e-06,1.4899999996487168e-05,0.2,86.0,36.5,0
4430,SO-0801,Constable Vijay Raval,Constable,44,2026-07-14 20:41:23+00:00,96.0,87.0,,21.2847708,72.9750441,25.700000762939453,0.446,0.03,0.916,,0.0,0.0,0.0,,,,,0.0,0.0,30.0,1.0500000001911758e-05,-1.9999998812636477e-07,0.14,87.0,36.5,2
4435,SO-0801,Constable Vijay Raval,Constable,44,2026-07-14 20:41:53+00:00,96.0,80.0,,21.284746,72.9749987,25.600000381469727,-0.153,0.726,0.68,,0.0,0.0,0.0,,,,,0.0,0.0,30.0,-2.4800000002045408e-05,-4.54000000047472e-05,0.66,80.0,36.5,2
4440,SO-0801,Constable Vijay Raval,Constable,44,2026-07-14 20:42:23+00:00,96.0,87.0,,21.2847611,72.975045,25.700000762939453,0.558,0.083,0.872,,0.0,0.0,0.0,,,,,0.0,0.0,30.0,1.51000000023771e-05,4.62999999939484e-05,0.62,87.0,36.5,2
4445,SO-0801,Constable Vijay Raval,Constable,44,2026-07-14 20:42:53+00:00,91.0,88.0,,21.2847456,72.9750309,25.700000762939453,0.638,0.101,0.814,,0.0,0.0,0.0,,,,,0.0,0.0,30.0,-1.5499999999946112e-05,-1.4100000001349144e-05,0.27,88.0,36.5,2
4450,SO-0801,Constable Vijay Raval,Constable,44,2026-07-14 20:43:23+00:00,81.0,88.0,,21.2847789,72.9750674,25.700000762939453,0.604,0.094,0.833,,0.0,0.0,0.0,,,,,0.0,0.0,30.0,3.329999999834854e-05,3.650000000732234e-05,0.64,88.0,36.5,0
4455,SO-0801,Constable Vijay Raval,Constable,44,2026-07-14 20:43:53+00:00,87.0,88.0,,21.2847411,72.9750355,25.700000762939453,0.554,0.118,0.881,,0.0,0.0,0.0,,,,,0.0,0.0,30.0,-3.779999999764527e-05,-3.189999999619886e-05,0.64,88.0,36.5,0
4460,SO-0801,Constable Vijay Raval,Constable,44,2026-07-14 20:44:23+00:00,98.0,88.0,,21.2847445,72.975016,25.700000762939453,0.6,0.109,0.845,,0.0,0.0,0.0,,,,,0.0,0.0,30.0,3.399999997100167e-06,-1.950000000761065e-05,0.25,88.0,36.5,2
4465,SO-0801,Constable Vijay Raval,Constable,44,2026-07-14 20:44:53+00:00,97.0,88.0,,21.2847411,72.9750247,25.700000762939453,0.691,0.135,0.751,,0.0,0.0,0.0,,,,,0.0,0.0,30.0,-3.399999997100167e-06,8.700000009298492e-06,0.12,88.0,36.5,2
4470,SO-0801,Constable Vijay Raval,Constable,44,2026-07-14 20:45:23+00:00,100.0,88.0,,21.2847596,72.9749717,25.700000762939453,0.46,-0.791,0.406,,0.0,0.0,0.0,,,,,0.0,0.0,30.0,1.8499999999477268e-05,-5.300000000829641e-05,0.71,88.0,36.5,2
4475,SO-0801,Constable Vijay Raval,Constable,44,2026-07-14 20:45:53+00:00,100.0,84.0,,21.2847457,72.9749875,25.700000762939453,0.515,-0.76,0.411,,0.0,0.0,0.0,,,,,0.0,0.0,30.0,-1.390000000256464e-05,1.5799999999899228e-05,0.27,84.0,36.5,2
4480,SO-0801,Constable Vijay Raval,Constable,44,2026-07-14 20:46:23+00:00,88.0,84.0,,21.2847446,72.9749911,25.700000762939453,0.452,-0.8,0.391,,0.0,0.0,0.0,,,,,0.0,0.0,30.0,-1.0999999986438525e-06,3.5999999994373866e-06,0.05,84.0,36.5,0
4485,SO-0801,Constable Vijay Raval,Constable,44,2026-07-14 20:46:53+00:00,85.0,86.0,,21.2847583,72.9749572,25.700000762939453,0.438,-0.785,0.45,,0.0,0.0,0.0,,,,,0.0,0.0,30.0,1.370000000022742e-05,-3.389999999114934e-05,0.46,86.0,36.5,0
4490,SO-0801,Constable Vijay Raval,Constable,44,2026-07-14 20:47:23+00:00,95.0,82.0,,21.2847798,72.9749553,25.700000762939453,0.921,-0.034,0.431,,0.0,0.0,0.0,,,,,0.0,0.0,30.0,2.1499999999008423e-05,-1.900000000887303e-06,0.29,82.0,36.5,2
4495,SO-0801,Constable Vijay Raval,Constable,44,2026-07-14 20:47:53+00:00,95.0,76.0,,21.284778,72.9750525,25.700000762939453,1.003,0.092,0.172,,0.0,0.0,0.0,,,,,0.0,0.0,30.0,-1.7999999997186933e-06,9.719999999902028e-05,1.22,76.0,36.5,2
4499,SO-0801,Constable Vijay Raval,Constable,44,2026-07-14 20:48:23+00:00,98.0,85.0,,21.2847951,72.9749171,25.700000762939453,0.979,-0.169,0.343,,0.0,0.0,0.0,,,,,0.0,0.0,30.0,1.71000000008803e-05,-0.0001354000000048,1.72,85.0,36.5,2
4503,SO-0801,Constable Vijay Raval,Constable,44,2026-07-14 20:48:53+00:00,93.0,88.0,,21.2847736,72.9750167,25.700000762939453,0.934,-0.155,-0.267,,0.0,0.0,0.0,,,,,0.0,0.0,30.0,-2.1499999999008423e-05,9.959999999864522e-05,1.29,88.0,36.5,2
4506,SO-0801,Constable Vijay Raval,Constable,44,2026-07-14 20:49:23+00:00,93.0,88.0,,21.2847885,72.9750106,25.700000762939453,0.974,-0.121,-0.124,,0.0,0.0,0.0,,,,,0.0,0.0,30.0,1.490000000003988e-05,-6.099999993125493e-06,0.21,88.0,36.5,2
4509,SO-0801,Constable Vijay Raval,Constable,44,2026-07-14 20:49:53+00:00,83.0,88.0,,21.2847745,72.9750156,25.700000762939453,0.985,-0.121,-0.115,,0.0,0.0,0.0,,,,,0.0,0.0,30.0,-1.4000000000180536e-05,5.000000001587068e-06,0.2,88.0,36.5,0
4512,SO-0801,Constable Vijay Raval,Constable,44,2026-07-14 20:50:23+00:00,83.0,88.0,,21.2847659,72.9750482,25.700000762939453,1.001,-0.068,0.144,,0.0,0.0,0.0,,,,,0.0,0.0,30.0,-8.600000001024455e-06,3.25999999972737e-05,0.43,88.0,36.5,0
4515,SO-0801,Constable Vijay Raval,Constable,44,2026-07-14 20:50:54+00:00,83.0,85.0,,21.284765,72.9750027,25.700000762939453,0.999,-0.073,0.183,,0.0,0.0,0.0,,,,,0.0,0.0,31.0,-8.999999998593466e-07,-4.549999999881038e-05,0.55,85.0,36.5,0
4519,SO-0801,Constable Vijay Raval,Constable,44,2026-07-14 20:51:23+00:00,83.0,88.0,,21.2847669,72.9750576,25.700000762939453,0.981,-0.09,0.208,,0.0,0.0,0.0,,,,,0.0,0.0,29.0,1.900000000887303e-06,5.489999999497286e-05,0.72,88.0,36.5,0
4523,SO-0801,Constable Vijay Raval,Constable,44,2026-07-14 20:51:53+00:00,83.0,88.0,,21.2847559,72.9750225,25.700000762939453,0.986,-0.087,0.049,,0.0,0.0,0.0,,,,,0.0,0.0,30.0,-1.100000000064938e-05,-3.510000000517266e-05,0.47,88.0,36.5,0
4526,SO-0801,Constable Vijay Raval,Constable,44,2026-07-14 20:52:23+00:00,81.0,88.0,,21.2847707,72.9750129,25.700000762939453,1.003,-0.084,0.004,,0.0,0.0,0.0,,,,,0.0,0.0,30.0,1.4799999998871272e-05,-9.599999998499698e-06,0.23,88.0,36.5,0
4529,SO-0801,Constable Vijay Raval,Constable,44,2026-07-14 20:52:53+00:00,85.0,88.0,,21.2847983,72.9750808,25.700000762939453,0.995,-0.087,0.025,,0.0,0.0,0.0,,,,,0.0,0.0,30.0,2.7599999999239344e-05,6.790000000478358e-05,0.93,88.0,36.5,0
4532,SO-0801,Constable Vijay Raval,Constable,44,2026-07-14 20:53:23+00:00,93.0,83.0,,21.284781,72.9750646,25.700000762939453,0.887,-0.125,0.477,,0.0,0.0,0.0,,,,,0.0,0.0,30.0,-1.7299999999664806e-05,-1.6200000004573667e-05,0.31,83.0,36.5,2
4536,SO-0801,Constable Vijay Raval,Constable,44,2026-07-14 20:53:53+00:00,100.0,67.0,,21.2847495,72.9750584,25.700000762939453,0.465,-1.083,0.25,,0.0,0.0,0.0,,,,,0.0,0.0,30.0,-3.1499999998629846e-05,-6.2000000013995304e-06,0.43,67.0,36.5,2
4540,SO-0801,Constable Vijay Raval,Constable,44,2026-07-14 20:54:23+00:00,99.0,54.0,,21.284751,72.9749554,25.600000381469727,0.222,-0.856,0.244,,0.0,0.0,0.0,,,,,0.0,0.0,30.0,1.4999999997655775e-06,-0.0001029999999957,1.3,54.0,36.5,2
4544,SO-0801,Constable Vijay Raval,Constable,44,2026-07-14 20:54:55+00:00,99.0,88.0,,21.2847475,72.974954,25.600000381469727,1.017,-0.027,0.008,,0.0,0.0,0.0,,,,,0.0,0.0,32.0,-3.499999998268777e-06,-1.4000000021496817e-06,0.05,88.0,36.5,2
4548,SO-0801,Constable Vijay Raval,Constable,44,2026-07-14 20:55:23+00:00,99.0,82.0,,21.2847255,72.9749042,25.600000381469727,1.016,-0.096,0.066,,0.0,0.0,0.0,,,,,0.0,0.0,28.0,-2.200000000129876e-05,-4.979999999932261e-05,0.74,82.0,36.5,2
4552,SO-0801,Constable Vijay Raval,Constable,44,2026-07-14 20:55:53+00:00,99.0,87.0,,21.2847252,72.9749163,25.600000381469727,0.987,-0.089,0.023,,0.0,0.0,0.0,,,,,0.0,0.0,30.0,-2.999999999531156e-07,1.210000000639866e-05,0.15,87.0,36.5,2
4558,SO-0801,Constable Vijay Raval,Constable,44,2026-07-14 20:56:23+00:00,81.0,87.0,,21.2847222,72.9749266,25.600000381469727,1.011,-0.091,0.055,,0.0,0.0,0.0,,,,,0.0,0.0,30.0,-2.9999999995311555e-06,1.0299999999574538e-05,0.14,87.0,36.5,0
4563,SO-0801,Constable Vijay Raval,Constable,44,2026-07-14 20:56:53+00:00,85.0,85.0,,21.2847245,72.9749162,25.600000381469727,1.011,-0.092,0.041,,0.0,0.0,0.0,,,,,0.0,0.0,30.0,2.2999999984563142e-06,-1.0400000007848575e-05,0.13,85.0,36.5,0
4570,SO-0801,Constable Vijay Raval,Constable,44,2026-07-14 20:57:23+00:00,83.0,87.0,,21.2847235,72.9749205,26.0,0.998,-0.085,0.036,,0.0,0.0,0.0,,,,,0.0,0.0,30.0,-1.0000000010279564e-06,4.300000000512227e-06,0.06,87.0,36.5,0
4577,SO-0801,Constable Vijay Raval,Constable,44,2026-07-14 20:57:53+00:00,87.0,85.0,,21.2847233,72.9749215,26.0,1.045,-0.078,0.046,,0.0,0.0,0.0,,,,,0.0,0.0,30.0,-1.999999987845058e-07,9.999999974752427e-07,0.01,85.0,36.5,0
4583,SO-0801,Constable Vijay Raval,Constable,44,2026-07-14 20:58:23+00:00,85.0,76.0,,21.2847174,72.974942,26.0,0.964,-0.101,-0.086,,0.0,0.0,0.0,,,,,0.0,0.0,30.0,-5.899999997893701e-06,2.0500000005085894e-05,0.27,76.0,36.5,0
4590,SO-0801,Constable Vijay Raval,Constable,44,2026-07-14 20:58:54+00:00,86.0,88.0,,21.2847191,72.9749399,25.600000381469727,0.958,-0.072,0.332,,0.0,0.0,0.0,,,,,0.0,0.0,31.0,1.6999999985500835e-06,-2.1000000032245225e-06,0.03,88.0,36.5,0
4594,SO-0801,Constable Vijay Raval,Constable,44,2026-07-14 20:59:23+00:00,90.0,78.0,,21.2847245,72.9749395,25.600000381469727,1.003,-0.08,-0.007,,0.0,0.0,0.0,,,,,0.0,0.0,29.0,5.39999999915608e-06,-3.9999999046358425e-07,0.07,78.0,36.5,0
4599,SO-0801,Constable Vijay Raval,Constable,44,2026-07-14 20:59:53+00:00,99.0,85.0,,21.2847284,72.9749389,25.600000381469727,0.408,-0.175,0.885,,0.0,0.0,0.0,,,,,0.0,0.0,30.0,3.899999999390502e-06,-6.000000070116585e-07,0.05,85.0,36.5,2
4604,SO-0801,Constable Vijay Raval,Constable,44,2026-07-14 21:00:24+00:00,94.0,88.0,,21.2843768,72.9744055,26.100000381469727,0.943,-0.024,0.581,,0.0,0.0,0.0,,,,,0.0,0.0,31.0,-0.0003515999999983,-0.0005333999999947,7.92,88.0,36.5,1
4609,SO-0801,Constable Vijay Raval,Constable,44,2026-07-14 21:00:55+00:00,94.0,54.0,,21.2834056,72.9737739,26.100000381469727,0.835,-0.317,0.568,,0.0,0.0,0.0,,,,,0.0,0.0,31.0,-0.0009712000000021,-0.0006316000000055,14.69,54.0,36.5,1
4614,SO-0801,Constable Vijay Raval,Constable,44,2026-07-14 21:01:23+00:00,98.0,88.0,,21.282678,72.9724209,24.899999618530273,0.855,-0.074,0.546,,0.0,0.0,0.0,,,,,0.0,0.0,28.0,-0.0007275999999976,-0.0013529999999946,20.99,88.0,36.5,1
4619,SO-0801,Constable Vijay Raval,Constable,44,2026-07-14 21:01:54+00:00,83.0,86.0,,21.2809754,72.9710271,27.918549131324625,0.848,-0.123,0.518,,0.0,0.0,0.0,,,,,0.0,0.0,31.0,-0.0017026000000015,-0.0013938000000024,27.74,86.0,36.5,1
4623,SO-0801,Constable Vijay Raval,Constable,44,2026-07-14 21:02:23+00:00,83.0,67.0,,21.2793894,72.9698592,29.430357917264985,0.797,-0.31,0.363,,0.0,0.0,0.0,,,,,0.0,0.0,29.0,-0.0015859999999996,-0.0011678999999986,26.62,67.0,36.5,1
4629,SO-0801,Constable Vijay Raval,Constable,44,2026-07-14 21:02:53+00:00,83.0,88.0,,21.2769113,72.9679598,28.5,1.049,-0.179,0.525,,0.0,0.0,0.0,,,,,0.0,0.0,30.0,-0.0024781000000011,-0.0018993999999992,40.75,88.0,36.5,1
4635,SO-0801,Constable Vijay Raval,Constable,44,2026-07-14 21:03:24+00:00,83.0,80.0,,21.2752906,72.9658414,28.5,0.895,-0.259,0.554,,0.0,0.0,0.0,,,,,0.0,0.0,31.0,-0.0016206999999965,-0.0021184000000005,33.19,80.0,36.5,1
4641,SO-0801,Constable Vijay Raval,Constable,44,2026-07-14 21:03:52+00:00,83.0,88.0,,21.2741434,72.9643562,10.161102294921877,0.74,-0.067,0.684,,0.0,0.0,0.0,,,,,0.0,0.0,28.0,-0.0011472000000019,-0.0014852000000047,25.86,88.0,36.5,1
4647,SO-0801,Constable Vijay Raval,Constable,44,2026-07-14 21:04:24+00:00,90.0,88.0,,21.2729783,72.9638214,27.99230334894787,0.831,0.395,0.447,,0.0,0.0,0.0,,,,,0.0,0.0,32.0,-0.0011651000000014,-0.0005347999999969,15.86,88.0,36.5,1
4653,SO-0801,Constable Vijay Raval,Constable,44,2026-07-14 21:04:53+00:00,93.0,88.0,,21.2735533,72.9640543,26.299999237060547,0.91,0.214,-0.302,,0.0,0.0,0.0,,,,,0.0,0.0,29.0,0.0005750000000013,0.0002329000000003,8.48,88.0,36.5,1
4659,SO-0801,Constable Vijay Raval,Constable,44,2026-07-14 21:05:23+00:00,87.0,88.0,,21.2730638,72.9638211,26.299999237060547,0.926,0.194,-0.295,,0.0,0.0,0.0,,,,,0.0,0.0,30.0,-0.0004895000000004,-0.0002331999999967,7.15,88.0,36.5,1
4665,SO-0801,Constable Vijay Raval,Constable,44,2026-07-14 21:05:53+00:00,87.0,88.0,,21.2730474,72.9638236,26.299999237060547,0.891,0.352,0.368,,0.0,0.0,0.0,,,,,0.0,0.0,30.0,-1.639999999980546e-05,2.4999999936881068e-06,0.22,88.0,36.5,0
4671,SO-0801,Constable Vijay Raval,Constable,44,2026-07-14 21:06:24+00:00,90.0,72.0,,21.2730391,72.9638272,26.299999237060547,0.877,0.325,0.417,,0.0,0.0,0.0,,,,,0.0,0.0,31.0,-8.30000000107134e-06,3.5999999994373866e-06,0.12,72.0,36.5,0
4677,SO-0801,Constable Vijay Raval,Constable,44,2026-07-14 21:06:53+00:00,85.0,83.0,,21.273039,72.9638307,26.299999237060547,0.913,0.193,-0.352,,0.0,0.0,0.0,,,,,0.0,0.0,29.0,-9.999999761589606e-08,3.500000005374204e-06,0.05,83.0,36.5,0
4683,SO-0801,Constable Vijay Raval,Constable,44,2026-07-14 21:07:23+00:00,83.0,87.0,,21.2730421,72.96383,26.299999237060547,0.895,0.204,-0.358,,0.0,0.0,0.0,,,,,0.0,0.0,30.0,3.1000000006997652e-06,-7.000000010748408e-07,0.04,87.0,36.5,0
4688,SO-0801,Constable Vijay Raval,Constable,44,2026-07-14 21:07:54+00:00,87.0,88.0,,21.2730478,72.9638348,26.299999237060547,0.924,0.406,0.065,,0.0,0.0,0.0,,,,,0.0,0.0,31.0,5.699999999109195e-06,4.799999999249849e-06,0.09,88.0,36.5,0
4693,SO-0801,Constable Vijay Raval,Constable,44,2026-07-14 21:08:23+00:00,86.0,87.0,,21.2730492,72.9638324,26.299999237060547,0.93,0.374,0.028,,0.0,0.0,0.0,,,,,0.0,0.0,29.0,1.399999998596968e-06,-2.3999999996249244e-06,0.04,87.0,36.5,0
4700,SO-0801,Constable Vijay Raval,Constable,44,2026-07-14 21:08:54+00:00,86.0,84.0,,21.2730496,72.9638326,26.299999237060547,0.952,0.355,0.012,,0.0,0.0,0.0,,,,,0.0,0.0,31.0,4.000000011217253e-07,2.0000000233721948e-07,0.01,84.0,36.5,0
4706,SO-0801,Constable Vijay Raval,Constable,44,2026-07-14 21:09:23+00:00,86.0,78.0,,21.273049,72.9638303,26.299999237060547,0.947,0.355,-0.067,,0.0,0.0,0.0,,,,,0.0,0.0,29.0,-5.999999999062311e-07,-2.300000005561742e-06,0.03,78.0,36.5,0
4712,SO-0801,Constable Vijay Raval,Constable,44,2026-07-14 21:09:53+00:00,85.0,87.0,,21.2730478,72.9638281,26.299999237060547,0.936,0.331,-0.055,,0.0,0.0,0.0,,,,,0.0,0.0,30.0,-1.1999999998124622e-06,-2.199999997287705e-06,0.03,87.0,36.5,0
4717,SO-0801,Constable Vijay Raval,Constable,44,2026-07-14 21:10:23+00:00,89.0,83.0,,21.2724939,72.9640752,26.899999618530273,0.04,0.283,0.991,,0.0,0.0,0.0,,,,,0.0,0.0,30.0,-0.0005538999999998,0.0002470999999957,8.01,83.0,36.5,1
4723,SO-0801,Constable Vijay Raval,Constable,44,2026-07-14 21:10:53+00:00,90.0,85.0,,21.2717714,72.9633125,28.200000762939453,0.22,0.11,0.984,,0.0,0.0,0.0,,,,,0.0,0.0,30.0,-0.0007225000000019,-0.0007626999999956,13.59,85.0,36.5,1
4728,SO-0801,Constable Vijay Raval,Constable,44,2026-07-14 21:11:23+00:00,83.0,84.0,,21.2710048,72.9633579,28.200000762939453,0.807,0.591,-0.185,,0.0,0.0,0.0,,,,,0.0,0.0,30.0,-0.0007665999999986,4.54000000047472e-05,10.23,84.0,36.5,1
4732,SO-0801,Constable Vijay Raval,Constable,44,2026-07-14 21:11:53+00:00,85.0,83.0,,21.2704616,72.9635882,28.200000762939453,0.804,0.539,-0.158,,0.0,0.0,0.0,,,,,0.0,0.0,30.0,-0.0005431999999991,0.0002302999999983,7.79,83.0,36.5,1
4737,SO-0801,Constable Vijay Raval,Constable,44,2026-07-14 21:12:23+00:00,84.0,87.0,,21.2698439,72.9632986,26.799999237060547,0.817,0.622,-0.137,,0.0,0.0,0.0,,,,,0.0,0.0,30.0,-0.0006176999999993,-0.0002896000000021,9.0,87.0,36.5,1
4742,SO-0801,Constable Vijay Raval,Constable,44,2026-07-14 21:12:53+00:00,82.0,88.0,,21.2693241,72.9632081,27.899999618530273,0.785,0.51,-0.242,,0.0,0.0,0.0,,,,,0.0,0.0,30.0,-0.0005198000000028,-9.049999999888314e-05,7.02,88.0,36.5,1
4747,SO-0801,Constable Vijay Raval,Constable,44,2026-07-14 21:13:23+00:00,87.0,83.0,,21.2684211,72.9626385,25.333709394110272,0.887,0.48,-0.208,,0.0,0.0,0.0,,,,,0.0,0.0,30.0,-0.0009029999999974,-0.0005696000000057,14.0,83.0,36.5,1
4751,SO-0801,Constable Vijay Raval,Constable,44,2026-07-14 21:13:53+00:00,86.0,87.0,,21.2693045,72.9630829,24.791618230999347,0.839,0.368,0.459,,0.0,0.0,0.0,,,,,0.0,0.0,30.0,0.0008833999999993,0.0004444000000063,13.03,87.0,36.5,1
4757,SO-0801,Constable Vijay Raval,Constable,44,2026-07-14 21:14:23+00:00,100.0,83.0,,21.2693194,72.9631111,24.76546537462444,0.849,0.408,0.375,,0.0,0.0,0.0,,,,,0.0,0.0,30.0,1.490000000003988e-05,2.820000000269829e-05,0.41,83.0,36.5,2
4762,SO-0801,Constable Vijay Raval,Constable,44,2026-07-14 21:14:53+00:00,80.0,83.0,,21.2694185,72.9631641,24.759701004448303,0.926,0.4,0.189,,0.0,0.0,0.0,,,,,0.0,0.0,30.0,9.90999999999076e-05,5.299999999408555e-05,1.48,83.0,36.5,0
4767,SO-0801,Constable Vijay Raval,Constable,44,2026-07-14 21:15:23+00:00,94.0,88.0,,21.2682277,72.962848,24.498595115702074,0.939,0.335,-0.088,,0.0,0.0,0.0,,,,,0.0,0.0,30.0,-0.0011907999999998,-0.0003161000000062,16.35,88.0,36.5,1
4772,SO-0801,Constable Vijay Raval,Constable,44,2026-07-14 21:15:53+00:00,83.0,85.0,,21.2679583,72.9627907,24.581281202131663,0.923,0.324,-0.125,,0.0,0.0,0.0,,,,,0.0,0.0,30.0,-0.0002694000000005,-5.729999999459778e-05,3.66,85.0,36.5,0
4777,SO-0801,Constable Vijay Raval,Constable,44,2026-07-14 21:16:23+00:00,84.0,87.0,,21.2694013,72.9631794,24.88103311931998,0.942,0.224,-0.231,,0.0,0.0,0.0,,,,,0.0,0.0,30.0,0.0014429999999983,0.000388700000002,19.83,87.0,36.5,1
4782,SO-0801,Constable Vijay Raval,Constable,44,2026-07-14 21:16:53+00:00,88.0,88.0,,21.2679486,72.9627976,25.04872302113029,0.9,0.206,-0.341,,0.0,0.0,0.0,,,,,0.0,0.0,30.0,-0.0014526999999979,-0.0003817999999995,19.94,88.0,36.5,1
4786,SO-0801,Constable Vijay Raval,Constable,44,2026-07-14 21:17:23+00:00,90.0,80.0,,21.2693706,72.9631549,25.81109658091303,0.928,0.206,-0.293,,0.0,0.0,0.0,,,,,0.0,0.0,30.0,0.001421999999998,0.0003573000000045,19.47,80.0,36.5,1
4791,SO-0801,Constable Vijay Raval,Constable,44,2026-07-14 21:17:52+00:00,91.0,88.0,,21.2679491,72.9627936,26.200000762939453,0.974,0.276,-0.124,,0.0,0.0,0.0,,,,,0.0,0.0,29.0,-0.0014214999999992,-0.0003613000000086,20.14,88.0,36.5,1
4797,SO-0801,Constable Vijay Raval,Constable,44,2026-07-14 21:18:22+00:00,92.0,84.0,,21.2679506,72.9627865,28.899999618530273,0.985,0.248,-0.082,,0.0,0.0,0.0,,,,,0.0,0.0,30.0,1.4999999997655775e-06,-7.099999990600736e-06,0.09,84.0,36.5,2
4802,SO-0801,Constable Vijay Raval,Constable,44,2026-07-14 21:18:52+00:00,92.0,88.0,,21.2679542,72.9627874,28.899999618530273,0.947,0.253,-0.096,,0.0,0.0,0.0,,,,,0.0,0.0,30.0,3.5999999994373866e-06,8.999999892012056e-07,0.05,88.0,36.5,2
7499,SO-0801,Constable Vijay Raval,Constable,44,2026-07-15 11:09:03+00:00,82.0,81.0,,21.2675553,72.9615323,26.399999618530273,-0.411,0.448,1.826,,0.0,0.0,0.0,,,,,0.0,0.0,49811.0,-0.0003988999999968,-0.0012550999999945,0.0,81.0,36.5,1
7504,SO-0801,Constable Vijay Raval,Constable,44,2026-07-15 11:09:33+00:00,81.0,87.0,,21.2669834,72.9617471,26.100000381469727,-0.655,0.25,0.682,,0.0,0.0,0.0,,,,,0.0,0.0,30.0,-0.0005719000000006,0.0002147999999948,8.08,87.0,36.5,1
7518,SO-0801,Constable Vijay Raval,Constable,44,2026-07-15 11:10:03+00:00,93.0,72.0,,21.2662205,72.9614794,26.600000381469727,-0.487,0.307,0.839,,0.0,0.0,0.0,,,,,0.0,0.0,30.0,-0.0007629000000015,-0.0002676999999948,10.71,72.0,36.5,1
7525,SO-0801,Constable Vijay Raval,Constable,44,2026-07-15 11:11:03+00:00,87.0,76.0,,21.2662358,72.9615072,26.299999237060547,-0.839,0.498,0.52,,0.0,0.0,0.0,,,,,0.0,0.0,60.0,1.5300000001161607e-05,2.779999999802385e-05,0.2,76.0,36.5,1
7526,SO-0801,Constable Vijay Raval,Constable,44,2026-07-15 11:11:33+00:00,90.0,86.0,,21.2663828,72.9615348,26.299999237060547,-0.616,0.062,0.865,,0.0,0.0,0.0,,,,,0.0,0.0,30.0,0.0001469999999983,2.759999999568663e-05,1.99,86.0,36.5,1
7528,SO-0801,Constable Vijay Raval,Constable,44,2026-07-15 11:12:03+00:00,87.0,69.0,,21.2672206,72.9616359,25.899999618530273,-0.666,0.285,0.651,,0.0,0.0,0.0,,,,,0.0,0.0,30.0,0.0008378000000028,0.000101100000009,11.23,69.0,36.5,1
7533,SO-0801,Constable Vijay Raval,Constable,44,2026-07-15 11:12:33+00:00,98.0,87.0,,21.2675505,72.9615815,24.22990166991663,-0.719,0.143,0.65,,0.0,0.0,0.0,,,,,0.0,0.0,30.0,0.0003298999999969,-5.440000001044609e-05,4.45,87.0,36.5,2
7538,SO-0801,Constable Vijay Raval,Constable,44,2026-07-15 11:13:04+00:00,97.0,87.0,,21.2675291,72.9615209,22.132956706965203,-0.879,-0.271,0.441,,0.0,0.0,0.0,,,,,0.0,0.0,31.0,-2.1399999997839817e-05,-6.059999999763477e-05,0.79,87.0,36.5,2
7543,SO-0801,Constable Vijay Raval,Constable,44,2026-07-15 11:13:34+00:00,88.0,62.0,,21.2675595,72.9615363,23.406003568398575,-0.603,0.221,0.845,,0.0,0.0,0.0,,,,,0.0,0.0,30.0,3.039999999998599e-05,1.5400000009435644e-05,0.45,62.0,36.5,0
7548,SO-0801,Constable Vijay Raval,Constable,44,2026-07-15 11:14:04+00:00,95.0,72.0,,21.2675289,72.9615191,22.121987487253605,-0.176,1.061,-0.106,,0.0,0.0,0.0,,,,,0.0,0.0,30.0,-3.060000000232321e-05,-1.720000000204891e-05,0.46,72.0,36.5,2
7552,SO-0801,Constable Vijay Raval,Constable,44,2026-07-15 11:14:34+00:00,85.0,68.0,,21.267529,72.961545,22.486068587350687,-0.369,0.656,-0.353,,0.0,0.0,0.0,,,,,0.0,0.0,30.0,1.0000000116860974e-07,2.5899999997136547e-05,0.33,68.0,36.5,0
7557,SO-0801,Constable Vijay Raval,Constable,44,2026-07-15 11:15:04+00:00,98.0,80.0,,21.2675274,72.9615385,21.79682507858207,-2.0,-0.239,0.316,,0.0,0.0,0.0,,,,,0.0,0.0,30.0,-1.6000000009341877e-06,-6.499999997799932e-06,0.08,80.0,36.5,1
7562,SO-0801,Constable Vijay Raval,Constable,44,2026-07-15 11:15:34+00:00,93.0,88.0,,21.2675336,72.9615264,22.759980911964163,-0.692,-0.23,0.65,,0.0,0.0,0.0,,,,,0.0,0.0,30.0,6.2000000013995304e-06,-1.210000000639866e-05,0.17,88.0,36.5,1
7567,SO-0801,Constable Vijay Raval,Constable,44,2026-07-15 11:16:04+00:00,95.0,88.0,,21.2675376,72.9614495,22.56723664834055,-1.009,0.056,-0.032,,0.0,0.0,0.0,,,,,0.0,0.0,30.0,4.000000000559112e-06,-7.689999999627162e-05,0.97,88.0,36.5,1
7572,SO-0801,Constable Vijay Raval,Constable,44,2026-07-15 11:16:34+00:00,100.0,84.0,,21.267534,72.9614703,23.94735995249148,-1.017,-0.055,0.357,,0.0,0.0,0.0,,,,,0.0,0.0,30.0,-3.5999999994373866e-06,2.0800000001486296e-05,0.27,84.0,36.5,1
7577,SO-0801,Constable Vijay Raval,Constable,44,2026-07-15 11:17:03+00:00,87.0,78.0,,21.2664175,72.9615252,24.08632483660101,-0.681,0.273,0.536,,0.0,0.0,0.0,,,,,0.0,0.0,29.0,-0.0011165000000019,5.489999999497286e-05,15.4,78.0,36.5,1
7582,SO-0801,Constable Vijay Raval,Constable,44,2026-07-15 11:17:33+00:00,81.0,86.0,,21.2662435,72.9615118,24.44546213700771,-0.471,0.142,0.548,,0.0,0.0,0.0,,,,,0.0,0.0,30.0,-0.0001739999999976,-1.3400000000274304e-05,2.32,86.0,36.5,0
7587,SO-0801,Constable Vijay Raval,Constable,44,2026-07-15 11:18:03+00:00,100.0,87.0,,21.2662463,72.9615225,26.5,-0.047,0.078,0.741,,0.0,0.0,0.0,,,,,0.0,0.0,30.0,2.799999997193936e-06,1.0700000004248976e-05,0.14,87.0,36.5,2
7592,SO-0801,Constable Vijay Raval,Constable,44,2026-07-15 11:18:33+00:00,80.0,83.0,,21.2662259,72.9615972,26.5,-0.384,1.48,0.395,,0.0,0.0,0.0,,,,,0.0,0.0,30.0,-2.040000000036457e-05,7.469999999898391e-05,0.98,83.0,36.5,1
7597,SO-0801,Constable Vijay Raval,Constable,44,2026-07-15 11:19:03+00:00,86.0,75.0,,21.2661897,72.9615634,26.5,-0.151,0.968,0.134,,0.0,0.0,0.0,,,,,0.0,0.0,30.0,-3.6199999996711085e-05,-3.379999999708616e-05,0.64,75.0,36.5,0
7602,SO-0801,Constable Vijay Raval,Constable,44,2026-07-15 11:19:33+00:00,93.0,81.0,,21.2663345,72.9615244,24.644674500955773,-0.373,0.869,0.456,,0.0,0.0,0.0,,,,,0.0,0.0,30.0,0.0001447999999975,-3.900000000101045e-05,1.99,81.0,36.5,2
7608,SO-0801,Constable Vijay Raval,Constable,44,2026-07-15 11:20:03+00:00,88.0,74.0,,21.2661886,72.9615412,26.299999237060547,-0.308,1.018,0.399,,0.0,0.0,0.0,,,,,0.0,0.0,30.0,-0.0001458999999996,1.679999999737447e-05,1.95,74.0,36.5,0
7614,SO-0801,Constable Vijay Raval,Constable,44,2026-07-15 11:20:35+00:00,86.0,79.0,,21.2662306,72.961513,30.547313517771755,-0.102,0.888,0.394,,0.0,0.0,0.0,,,,,0.0,0.0,32.0,4.20000000005416e-05,-2.820000000269829e-05,0.62,79.0,36.5,0
7620,SO-0801,Constable Vijay Raval,Constable,44,2026-07-15 11:21:03+00:00,91.0,78.0,,21.2662176,72.9615183,31.129667097268268,-0.131,1.023,0.383,,0.0,0.0,0.0,,,,,0.0,0.0,28.0,-1.2999999999152578e-05,5.29999999798747e-06,0.2,78.0,36.5,2
7625,SO-0801,Constable Vijay Raval,Constable,44,2026-07-15 11:21:35+00:00,91.0,75.0,,21.2662586,72.9615088,29.827912919594255,-0.976,0.019,0.095,,0.0,0.0,0.0,,,,,0.0,0.0,32.0,4.099999999951365e-05,-9.49999999022566e-06,0.52,75.0,36.5,2
7630,SO-0801,Constable Vijay Raval,Constable,44,2026-07-15 11:22:03+00:00,86.0,82.0,,21.2662467,72.9614975,31.39102244890043,-1.007,0.011,0.104,,0.0,0.0,0.0,,,,,0.0,0.0,28.0,-1.1900000000508726e-05,-1.1300000011260636e-05,0.23,82.0,36.5,0
7635,SO-0801,Constable Vijay Raval,Constable,44,2026-07-15 11:22:33+00:00,90.0,88.0,,21.2662532,72.9615126,29.60807767708515,-0.984,-0.003,0.11,,0.0,0.0,0.0,,,,,0.0,0.0,30.0,6.500000001352646e-06,1.5100000013035242e-05,0.21,88.0,36.5,0
7639,SO-0801,Constable Vijay Raval,Constable,44,2026-07-15 11:23:03+00:00,90.0,76.0,,21.2662202,72.9615239,30.539171008155375,-0.998,-0.016,0.019,,0.0,0.0,0.0,,,,,0.0,0.0,30.0,-3.300000000194814e-05,1.129999999704978e-05,0.46,76.0,36.5,0
7644,SO-0801,Constable Vijay Raval,Constable,44,2026-07-15 11:23:33+00:00,92.0,72.0,,21.2662457,72.9615323,30.325339984294104,-1.025,-0.022,0.183,,0.0,0.0,0.0,,,,,0.0,0.0,30.0,2.5499999999567535e-05,8.399999998687235e-06,0.36,72.0,36.5,2
7648,SO-0801,Constable Vijay Raval,Constable,44,2026-07-15 11:24:03+00:00,88.0,62.0,,21.2662183,72.9615322,30.25005599929861,-0.983,-0.051,0.154,,0.0,0.0,0.0,,,,,0.0,0.0,30.0,-2.740000000045484e-05,-1.000000082740371e-07,0.36,62.0,36.5,0
7654,SO-0801,Constable Vijay Raval,Constable,44,2026-07-15 11:24:33+00:00,88.0,79.0,,21.2662023,72.9615139,31.417554706159876,-0.983,-0.06,0.096,,0.0,0.0,0.0,,,,,0.0,0.0,30.0,-1.5999999998683734e-05,-1.8299999993587335e-05,0.31,79.0,36.5,0
7658,SO-0801,Constable Vijay Raval,Constable,44,2026-07-15 11:25:03+00:00,84.0,88.0,,21.2662557,72.9615477,30.914041648120342,-0.955,-0.038,0.151,,0.0,0.0,0.0,,,,,0.0,0.0,30.0,5.3399999998759995e-05,3.379999999708616e-05,0.83,88.0,36.5,0
7663,SO-0801,Constable Vijay Raval,Constable,44,2026-07-15 11:25:35+00:00,92.0,83.0,,21.2662163,72.9615038,30.624914036781465,-0.98,-0.089,0.127,,0.0,0.0,0.0,,,,,0.0,0.0,32.0,-3.939999999857946e-05,-4.389999999432348e-05,0.71,83.0,36.5,2
7668,SO-0801,Constable Vijay Raval,Constable,44,2026-07-15 11:26:03+00:00,86.0,79.0,,21.2662195,72.9615246,32.45604544988275,-0.972,-0.068,0.137,,0.0,0.0,0.0,,,,,0.0,0.0,28.0,3.1999999983156613e-06,2.0800000001486296e-05,0.28,79.0,36.5,0
7671,SO-0801,Constable Vijay Raval,Constable,44,2026-07-15 11:26:33+00:00,91.0,86.0,,21.2661994,72.9615214,30.81887446303854,-0.911,-0.015,0.203,,0.0,0.0,0.0,,,,,0.0,0.0,30.0,-2.0099999996858745e-05,-3.2000000089738023e-06,0.27,86.0,36.5,2
7675,SO-0801,Constable Vijay Raval,Constable,44,2026-07-15 11:27:03+00:00,90.0,86.0,,21.2661981,72.9615195,31.277948443541888,-0.99,-0.062,0.061,,0.0,0.0,0.0,,,,,0.0,0.0,30.0,-1.300000000981072e-06,-1.900000000887303e-06,0.03,86.0,36.5,0
7681,SO-0801,Constable Vijay Raval,Constable,44,2026-07-15 11:27:33+00:00,90.0,74.0,,21.2662265,72.9615701,31.40657435620024,-0.697,0.73,0.941,,0.0,0.0,0.0,,,,,0.0,0.0,30.0,2.839999999793008e-05,5.0600000008671486e-05,0.74,74.0,36.5,0
7688,SO-0801,Constable Vijay Raval,Constable,44,2026-07-15 11:28:03+00:00,98.0,81.0,,21.2661645,72.9616094,26.5,-0.937,0.07,0.169,,0.0,0.0,0.0,,,,,0.0,0.0,30.0,-6.199999999978445e-05,3.929999999741085e-05,0.96,81.0,36.5,2
7694,SO-0801,Constable Vijay Raval,Constable,44,2026-07-15 11:28:33+00:00,91.0,77.0,,21.2662079,72.9615808,26.5,-0.936,-0.036,0.254,,0.0,0.0,0.0,,,,,0.0,0.0,30.0,4.3400000002691286e-05,-2.8600000007372728e-05,0.68,77.0,36.5,2
7700,SO-0801,Constable Vijay Raval,Constable,44,2026-07-15 11:29:03+00:00,86.0,88.0,,21.2662282,72.9614859,26.5,-0.044,0.863,0.642,,0.0,0.0,0.0,,,,,0.0,0.0,30.0,2.029999999919596e-05,-9.489999999345856e-05,1.22,88.0,36.5,0
7708,SO-0801,Constable Vijay Raval,Constable,44,2026-07-15 11:29:33+00:00,84.0,88.0,,21.2662306,72.9614684,30.10367235947396,-0.96,-0.102,0.014,,0.0,0.0,0.0,,,,,0.0,0.0,30.0,2.3999999996249244e-06,-1.749999999844931e-05,0.22,88.0,36.5,0
7715,SO-0801,Constable Vijay Raval,Constable,44,2026-07-15 11:30:03+00:00,87.0,71.0,,21.2662137,72.9615746,29.04303576776114,-0.882,-0.039,0.054,,0.0,0.0,0.0,,,,,0.0,0.0,30.0,-1.689999999854308e-05,0.0001062000000047,1.36,71.0,36.5,0
7722,SO-0801,Constable Vijay Raval,Constable,44,2026-07-15 11:30:33+00:00,81.0,69.0,,21.2662417,72.9615509,26.5,-0.99,-0.066,0.001,,0.0,0.0,0.0,,,,,0.0,0.0,30.0,2.7999999996808356e-05,-2.369999999984884e-05,0.48,69.0,36.5,0
7728,SO-0801,Constable Vijay Raval,Constable,44,2026-07-15 11:31:03+00:00,85.0,84.0,,21.2662324,72.9615173,26.600000381469727,-0.989,0.21,0.144,,0.0,0.0,0.0,,,,,0.0,0.0,30.0,-9.299999998546582e-06,-3.3600000008959796e-05,0.44,84.0,36.5,0
7735,SO-0801,Constable Vijay Raval,Constable,44,2026-07-15 11:31:33+00:00,91.0,70.0,,21.2662259,72.9615342,26.5,-0.213,0.962,0.344,,0.0,0.0,0.0,,,,,0.0,0.0,30.0,-6.500000001352646e-06,1.6900000005648508e-05,0.23,70.0,36.5,2
7740,SO-0801,Constable Vijay Raval,Constable,44,2026-07-15 11:32:03+00:00,81.0,86.0,,21.2663011,72.961497,26.299999237060547,-0.239,0.947,0.34,,0.0,0.0,0.0,,,,,0.0,0.0,30.0,7.520000000127425e-05,-3.720000000839718e-05,1.11,86.0,36.5,0
7746,SO-0801,Constable Vijay Raval,Constable,44,2026-07-15 11:32:33+00:00,94.0,77.0,,21.266242,72.9615953,26.5,-1.152,-0.011,0.118,,0.0,0.0,0.0,,,,,0.0,0.0,30.0,-5.9100000001421904e-05,9.830000000476956e-05,1.47,77.0,36.5,2
7751,SO-0801,Constable Vijay Raval,Constable,44,2026-07-15 11:33:03+00:00,93.0,66.0,,21.2662368,72.9615258,26.399999618530273,-1.146,0.219,0.062,,0.0,0.0,0.0,,,,,0.0,0.0,30.0,-5.19999999681886e-06,-6.949999999505962e-05,0.88,66.0,36.5,2
7756,SO-0801,Constable Vijay Raval,Constable,44,2026-07-15 11:33:33+00:00,83.0,87.0,,21.2662361,72.9615189,26.5,-0.95,-0.278,0.15,,0.0,0.0,0.0,,,,,0.0,0.0,30.0,-7.000000010748408e-07,-6.900000002474371e-06,0.09,87.0,36.5,0
7774,SO-0801,Constable Vijay Raval,Constable,44,2026-07-15 11:34:33+00:00,83.0,87.0,,21.2662205,72.9615389,26.5,-0.928,-0.292,0.165,,0.0,0.0,0.0,,,,,0.0,0.0,60.0,-1.5600000001114722e-05,1.9999999992137415e-05,0.16,87.0,36.5,0
7775,SO-0801,Constable Vijay Raval,Constable,44,2026-07-15 11:35:03+00:00,87.0,86.0,,21.2662357,72.9615289,26.399999618530273,-0.947,-0.241,0.175,,0.0,0.0,0.0,,,,,0.0,0.0,30.0,1.5199999999992995e-05,-9.999999988963282e-06,0.24,86.0,36.5,0
7778,SO-0801,Constable Vijay Raval,Constable,44,2026-07-15 11:35:33+00:00,87.0,88.0,,21.2662354,72.961521,26.5,-0.95,-0.246,0.171,,0.0,0.0,0.0,,,,,0.0,0.0,30.0,-2.999999999531156e-07,-7.899999999949614e-06,0.1,88.0,36.5,0
7783,SO-0801,Constable Vijay Raval,Constable,44,2026-07-15 11:36:03+00:00,88.0,79.0,,21.2662218,72.9615151,26.5,-0.925,-0.269,0.16,,0.0,0.0,0.0,,,,,0.0,0.0,30.0,-1.359999999905881e-05,-5.900000004999129e-06,0.2,79.0,36.5,0
7789,SO-0801,Constable Vijay Raval,Constable,44,2026-07-15 11:36:33+00:00,81.0,76.0,,21.2662273,72.961538,26.5,-0.934,-0.262,0.14,,0.0,0.0,0.0,,,,,0.0,0.0,30.0,5.50000000032469e-06,2.290000000471082e-05,0.3,76.0,36.5,0
7795,SO-0801,Constable Vijay Raval,Constable,44,2026-07-15 11:37:03+00:00,84.0,73.0,,21.2661935,72.9615517,26.5,-0.922,-0.249,0.192,,0.0,0.0,0.0,,,,,0.0,0.0,30.0,-3.3800000000638875e-05,1.3699999996674704e-05,0.48,73.0,36.5,0
7801,SO-0801,Constable Vijay Raval,Constable,44,2026-07-15 11:37:33+00:00,86.0,87.0,,21.2662294,72.9615349,26.5,-0.941,-0.271,0.152,,0.0,0.0,0.0,,,,,0.0,0.0,30.0,3.5900000000310683e-05,-1.679999999737447e-05,0.52,87.0,36.5,0
7807,SO-0801,Constable Vijay Raval,Constable,44,2026-07-15 11:38:03+00:00,85.0,60.0,,21.2662332,72.9615394,26.399999618530273,-0.951,-0.257,0.19,,0.0,0.0,0.0,,,,,0.0,0.0,30.0,3.799999998221893e-06,4.500000002849447e-06,0.08,60.0,36.5,0
7813,SO-0801,Constable Vijay Raval,Constable,44,2026-07-15 11:38:33+00:00,82.0,86.0,,21.2662269,72.9615372,26.299999237060547,-0.949,-0.239,0.215,,0.0,0.0,0.0,,,,,0.0,0.0,30.0,-6.2999999990154265e-06,-2.2000000114985596e-06,0.09,86.0,36.5,0
7819,SO-0801,Constable Vijay Raval,Constable,44,2026-07-15 11:39:03+00:00,84.0,87.0,,21.2662291,72.9615278,26.5,-0.955,-0.252,0.213,,0.0,0.0,0.0,,,,,0.0,0.0,30.0,2.2000000008404186e-06,-9.399999996162478e-06,0.12,87.0,36.5,0
7824,SO-0801,Constable Vijay Raval,Constable,44,2026-07-15 11:39:33+00:00,88.0,86.0,,21.2662353,72.9615516,26.5,-0.917,-0.263,0.189,,0.0,0.0,0.0,,,,,0.0,0.0,30.0,6.2000000013995304e-06,2.380000000812288e-05,0.31,86.0,36.5,0
7830,SO-0801,Constable Vijay Raval,Constable,44,2026-07-15 11:40:03+00:00,92.0,85.0,,21.2662166,72.9615533,26.5,-0.924,-0.279,0.202,,0.0,0.0,0.0,,,,,0.0,0.0,30.0,-1.8700000001814487e-05,1.6999999985500835e-06,0.25,85.0,36.5,2
7836,SO-0801,Constable Vijay Raval,Constable,44,2026-07-15 11:40:34+00:00,86.0,85.0,,21.2662193,72.961524,26.5,-0.965,-0.246,0.196,,0.0,0.0,0.0,,,,,0.0,0.0,31.0,2.69999999957804e-06,-2.930000000844757e-05,0.36,85.0,36.5,0
7842,SO-0801,Constable Vijay Raval,Constable,44,2026-07-15 11:41:03+00:00,91.0,51.0,,21.2662191,72.9615346,26.5,-0.966,-0.247,0.164,,0.0,0.0,0.0,,,,,0.0,0.0,29.0,-1.999999987845058e-07,1.059999999597494e-05,0.14,51.0,36.5,2
7849,SO-0801,Constable Vijay Raval,Constable,44,2026-07-15 11:41:33+00:00,86.0,79.0,,21.266191,72.9615124,26.5,-0.95,-0.229,0.143,,0.0,0.0,0.0,,,,,0.0,0.0,30.0,-2.810000000152968e-05,-2.2199999989425123e-05,0.47,79.0,36.5,0
7856,SO-0801,Constable Vijay Raval,Constable,44,2026-07-15 11:42:03+00:00,82.0,61.0,,21.2662048,72.9614992,26.5,-0.929,-0.247,0.13,,0.0,0.0,0.0,,,,,0.0,0.0,30.0,1.3800000001396027e-05,-1.3199999997937084e-05,0.25,61.0,36.5,0
7863,SO-0801,Constable Vijay Raval,Constable,44,2026-07-15 11:42:33+00:00,90.0,79.0,,21.2661861,72.9615312,26.5,-0.379,0.023,1.015,,0.0,0.0,0.0,,,,,0.0,0.0,30.0,-1.8700000001814487e-05,3.199999999026204e-05,0.47,79.0,36.5,0
7870,SO-0801,Constable Vijay Raval,Constable,44,2026-07-15 11:43:03+00:00,93.0,87.0,,21.2669976,72.9615512,26.200000762939453,-0.594,0.244,0.248,,0.0,0.0,0.0,,,,,0.0,0.0,30.0,0.000811500000001,2.0000000006348273e-05,10.81,87.0,36.5,1
7877,SO-0801,Constable Vijay Raval,Constable,44,2026-07-15 11:43:33+00:00,82.0,83.0,,21.2679392,72.9621551,26.0,-0.866,0.237,0.615,,0.0,0.0,0.0,,,,,0.0,0.0,30.0,0.0009416000000008,0.0006039000000015,14.66,83.0,36.5,1
7884,SO-0801,Constable Vijay Raval,Constable,44,2026-07-15 11:44:03+00:00,87.0,82.0,,21.269361,72.9631853,26.0,-0.623,0.255,0.789,,0.0,0.0,0.0,,,,,0.0,0.0,30.0,0.0014217999999992,0.0010302000000024,22.95,82.0,36.5,1
7891,SO-0801,Constable Vijay Raval,Constable,44,2026-07-15 11:44:33+00:00,96.0,61.0,,21.2699917,72.963253,28.399999618530273,-0.554,-0.373,0.737,,0.0,0.0,0.0,,,,,0.0,0.0,30.0,0.0006306999999985,6.76999999882355e-05,8.44,61.0,36.5,1
7897,SO-0801,Constable Vijay Raval,Constable,44,2026-07-15 11:45:03+00:00,87.0,86.0,,21.2699979,72.9632053,28.399999618530273,-0.858,0.023,0.54,,0.0,0.0,0.0,,,,,0.0,0.0,30.0,6.2000000013995304e-06,-4.7699999996098086e-05,0.61,86.0,36.5,0
7903,SO-0801,Constable Vijay Raval,Constable,44,2026-07-15 11:45:33+00:00,100.0,88.0,,21.2704616,72.9635882,28.399999618530273,-1.005,-0.025,0.017,,0.0,0.0,0.0,,,,,0.0,0.0,30.0,0.0004637000000009,0.0003829000000052,7.83,88.0,36.5,1
7908,SO-0801,Constable Vijay Raval,Constable,44,2026-07-15 11:46:04+00:00,90.0,84.0,,21.2714676,72.9632783,28.399999618530273,-1.13,0.21,0.663,,0.0,0.0,0.0,,,,,0.0,0.0,31.0,0.0010060000000002,-0.0003099000000048,13.51,84.0,36.5,1
7914,SO-0801,Constable Vijay Raval,Constable,44,2026-07-15 11:46:33+00:00,98.0,57.0,,21.2718382,72.963179,27.899999618530273,-0.943,-0.154,0.264,,0.0,0.0,0.0,,,,,0.0,0.0,29.0,0.0003706000000001,-9.93000000022448e-05,5.27,57.0,36.5,1
7920,SO-0801,Constable Vijay Raval,Constable,44,2026-07-15 11:47:03+00:00,81.0,79.0,,21.2724639,72.9635386,28.399999618530273,-0.943,-0.025,0.401,,0.0,0.0,0.0,,,,,0.0,0.0,30.0,0.0006257000000005,0.0003596000000101,9.48,79.0,36.5,1
7926,SO-0801,Constable Vijay Raval,Constable,44,2026-07-15 11:47:33+00:00,82.0,83.0,,21.2729211,72.9637245,26.799999237060547,-0.874,-0.292,0.522,,0.0,0.0,0.0,,,,,0.0,0.0,30.0,0.0004571999999996,0.000185899999991,6.52,83.0,36.5,1
7932,SO-0801,Constable Vijay Raval,Constable,44,2026-07-15 11:48:03+00:00,87.0,84.0,,21.2731277,72.963784,26.799999237060547,-0.354,-0.198,1.002,,0.0,0.0,0.0,,,,,0.0,0.0,30.0,0.0002065999999985,5.950000000609634e-05,2.85,84.0,36.5,0
7939,SO-0801,Constable Vijay Raval,Constable,44,2026-07-15 11:48:33+00:00,82.0,88.0,,21.2739154,72.9642799,26.799999237060547,-0.236,0.374,0.95,,0.0,0.0,0.0,,,,,0.0,0.0,30.0,0.0007877,0.00049589999999,12.21,88.0,36.5,1
7945,SO-0801,Constable Vijay Raval,Constable,44,2026-07-15 11:49:03+00:00,88.0,81.0,,21.2747367,72.965158,27.0,-0.199,0.337,0.97,,0.0,0.0,0.0,,,,,0.0,0.0,30.0,0.0008212999999983,0.0008781000000084,15.55,81.0,36.5,1
7951,SO-0801,Constable Vijay Raval,Constable,44,2026-07-15 11:49:33+00:00,86.0,88.0,,21.2759772,72.9666443,27.600000381469727,-0.739,-0.097,0.413,,0.0,0.0,0.0,,,,,0.0,0.0,30.0,0.0012405000000015,0.0014862999999962,24.96,88.0,36.5,1
7957,SO-0801,Constable Vijay Raval,Constable,44,2026-07-15 11:50:03+00:00,86.0,88.0,,21.2766704,72.9677967,27.600000381469727,-0.226,-0.195,1.01,,0.0,0.0,0.0,,,,,0.0,0.0,30.0,0.0006932000000006,0.0011523999999951,17.19,88.0,36.5,1
7964,SO-0801,Constable Vijay Raval,Constable,44,2026-07-15 11:50:33+00:00,86.0,87.0,,21.2789511,72.9694182,30.299999237060547,-0.094,-0.126,0.99,,0.0,0.0,0.0,,,,,0.0,0.0,30.0,0.0022807,0.001621500000013,36.59,87.0,36.5,1
7970,SO-0801,Constable Vijay Raval,Constable,44,2026-07-15 11:51:03+00:00,90.0,87.0,,21.2812843,72.9714893,26.0,0.072,-0.105,1.016,,0.0,0.0,0.0,,,,,0.0,0.0,30.0,0.0023331999999989,0.0020710999999948,40.56,87.0,36.5,1
7977,SO-0801,Constable Vijay Raval,Constable,44,2026-07-15 11:51:33+00:00,88.0,88.0,,21.2818535,72.9726343,22.899999618530273,0.475,0.226,1.857,,0.0,0.0,0.0,,,,,0.0,0.0,30.0,0.000569200000001,0.0011449999999939,16.28,88.0,36.5,1
7983,SO-0801,Constable Vijay Raval,Constable,44,2026-07-15 11:52:03+00:00,94.0,77.0,,21.283604,72.9737927,26.399999618530273,-0.749,0.205,0.626,,0.0,0.0,0.0,,,,,0.0,0.0,30.0,0.0017504999999999,0.0011584000000084,27.5,77.0,36.5,1
7991,SO-0801,Constable Vijay Raval,Constable,44,2026-07-15 11:52:33+00:00,100.0,88.0,,21.2837222,72.9736252,26.200000762939453,-0.938,-0.312,-0.031,,0.0,0.0,0.0,,,,,0.0,0.0,30.0,0.0001181999999992,-0.0001675000000034,2.63,88.0,36.5,1
7998,SO-0801,Constable Vijay Raval,Constable,44,2026-07-15 11:53:03+00:00,84.0,88.0,,21.2836232,72.9736664,25.799999237060547,-0.93,-0.285,-0.04,,0.0,0.0,0.0,,,,,0.0,0.0,30.0,-9.8999999998739e-05,4.1199999998298154e-05,1.42,88.0,36.5,1
8006,SO-0801,Constable Vijay Raval,Constable,44,2026-07-15 11:53:34+00:00,99.0,87.0,,21.2835229,72.9737637,25.799999237060547,-0.476,-0.584,0.685,,0.0,0.0,0.0,,,,,0.0,0.0,31.0,-0.0001002999999997,9.730000000729432e-05,1.75,87.0,36.5,1
8014,SO-0801,Constable Vijay Raval,Constable,44,2026-07-15 11:54:03+00:00,84.0,79.0,,21.2837588,72.9735487,26.299999237060547,-0.794,-0.627,-0.015,,0.0,0.0,0.0,,,,,0.0,0.0,29.0,0.0002358999999998,-0.0002150000000114,4.29,79.0,36.5,0
8028,SO-0801,Constable Vijay Raval,Constable,44,2026-07-15 11:55:03+00:00,82.0,68.0,,21.2837134,72.9736496,26.299999237060547,-0.913,0.051,0.459,,0.0,0.0,0.0,,,,,0.0,0.0,60.0,-4.5400000001194485e-05,0.0001009000000067,0.7,68.0,36.5,0
8035,SO-0801,Constable Vijay Raval,Constable,44,2026-07-15 11:55:33+00:00,85.0,86.0,,21.2836837,72.9736323,26.299999237060547,-0.949,-0.223,-0.049,,0.0,0.0,0.0,,,,,0.0,0.0,30.0,-2.9699999998911153e-05,-1.7299999996112092e-05,0.45,86.0,36.5,0
8044,SO-0801,Constable Vijay Raval,Constable,44,2026-07-15 11:56:03+00:00,92.0,88.0,,21.2837291,72.9736298,26.299999237060547,-0.947,-0.262,0.083,,0.0,0.0,0.0,,,,,0.0,0.0,30.0,4.539999999764177e-05,-2.5000000078989615e-06,0.61,88.0,36.5,2
8052,SO-0801,Constable Vijay Raval,Constable,44,2026-07-15 11:56:33+00:00,81.0,88.0,,21.2836923,72.9736013,26.299999237060547,-0.945,-0.27,0.131,,0.0,0.0,0.0,,,,,0.0,0.0,30.0,-3.680000000017003e-05,-2.849999999909869e-05,0.61,88.0,36.5,0
8059,SO-0801,Constable Vijay Raval,Constable,44,2026-07-15 11:57:03+00:00,82.0,88.0,,21.2836699,72.9736077,26.299999237060547,-0.938,-0.243,0.109,,0.0,0.0,0.0,,,,,0.0,0.0,30.0,-2.239999999886777e-05,6.40000000373675e-06,0.31,88.0,36.5,0
8068,SO-0801,Constable Vijay Raval,Constable,44,2026-07-15 11:57:33+00:00,92.0,88.0,,21.283681,72.9736177,26.299999237060547,-1.003,-0.066,0.187,,0.0,0.0,0.0,,,,,0.0,0.0,30.0,1.1100000001817987e-05,1.0000000003174137e-05,0.19,88.0,36.5,2
8076,SO-0801,Constable Vijay Raval,Constable,44,2026-07-15 11:58:03+00:00,87.0,84.0,,21.2837472,72.9736086,25.799999237060547,-0.514,-0.722,0.397,,0.0,0.0,0.0,,,,,0.0,0.0,30.0,6.619999999912807e-05,-9.099999999762076e-06,0.89,84.0,36.5,0
8084,SO-0801,Constable Vijay Raval,Constable,44,2026-07-15 11:58:33+00:00,88.0,80.0,,21.2837844,72.9743833,26.299999237060547,-0.943,-0.277,0.018,,0.0,0.0,0.0,,,,,0.0,0.0,30.0,3.719999999773904e-05,0.0007746999999937,9.76,80.0,36.5,1
8092,SO-0801,Constable Vijay Raval,Constable,44,2026-07-15 11:59:03+00:00,84.0,88.0,,21.2838003,72.9743598,26.299999237060547,-1.087,-0.362,0.026,,0.0,0.0,0.0,,,,,0.0,0.0,30.0,1.5900000001067838e-05,-2.3499999997511622e-05,0.36,88.0,36.5,0
8099,SO-0801,Constable Vijay Raval,Constable,44,2026-07-15 11:59:33+00:00,90.0,86.0,,21.2836863,72.9736427,26.299999237060547,-0.764,-0.604,0.152,,0.0,0.0,0.0,,,,,0.0,0.0,30.0,-0.0001139999999999,-0.0007171000000028,9.15,86.0,36.5,1
8106,SO-0801,Constable Vijay Raval,Constable,44,2026-07-15 12:00:03+00:00,86.0,87.0,,21.2837847,72.974378,26.299999237060547,-0.974,-0.303,0.124,,0.0,0.0,0.0,,,,,0.0,0.0,30.0,9.839999999883275e-05,0.0007353000000023,9.34,87.0,36.5,1
8113,SO-0801,Constable Vijay Raval,Constable,44,2026-07-15 12:00:33+00:00,90.0,88.0,,21.2837409,72.9735687,26.299999237060547,-0.962,-0.194,-0.055,,0.0,0.0,0.0,,,,,0.0,0.0,30.0,-4.3799999996707584e-05,-0.0008093000000002,10.2,88.0,36.5,1
8120,SO-0801,Constable Vijay Raval,Constable,44,2026-07-15 12:01:03+00:00,82.0,88.0,,21.2837686,72.974329,26.299999237060547,-0.948,-0.318,0.079,,0.0,0.0,0.0,,,,,0.0,0.0,30.0,2.769999999685524e-05,0.000760299999996,9.57,88.0,36.5,1
8127,SO-0801,Constable Vijay Raval,Constable,44,2026-07-15 12:01:33+00:00,97.0,88.0,,21.2834488,72.9739262,26.299999237060547,-0.701,-0.671,0.253,,0.0,0.0,0.0,,,,,0.0,0.0,30.0,-0.0003197999999997,-0.0004028000000033,6.62,88.0,36.5,1
8136,SO-0801,Constable Vijay Raval,Constable,44,2026-07-15 12:02:03+00:00,90.0,85.0,,21.2836523,72.9736849,25.899999618530273,-0.89,-0.192,0.272,,0.0,0.0,0.0,,,,,0.0,0.0,30.0,0.0002035000000013,-0.000241299999999,4.07,85.0,36.5,0
8144,SO-0801,Constable Vijay Raval,Constable,44,2026-07-15 12:02:33+00:00,94.0,74.0,,21.2836485,72.9736924,25.899999618530273,-1.04,-0.115,0.105,,0.0,0.0,0.0,,,,,0.0,0.0,30.0,-3.799999998221893e-06,7.50000000948603e-06,0.11,74.0,36.5,2
8151,SO-0801,Constable Vijay Raval,Constable,44,2026-07-15 12:03:03+00:00,83.0,88.0,,21.2837411,72.9735698,26.299999237060547,-0.882,-0.387,0.163,,0.0,0.0,0.0,,,,,0.0,0.0,30.0,9.259999999855496e-05,-0.0001225999999974,1.98,88.0,36.5,0
8158,SO-0801,Constable Vijay Raval,Constable,44,2026-07-15 12:03:33+00:00,85.0,88.0,,21.2837746,72.9743473,25.899999618530273,-1.114,0.027,0.066,,0.0,0.0,0.0,,,,,0.0,0.0,30.0,3.350000000068576e-05,0.000777499999998,9.79,88.0,36.5,1
8165,SO-0801,Constable Vijay Raval,Constable,44,2026-07-15 12:04:04+00:00,100.0,87.0,,21.2834904,72.9739082,25.899999618530273,-1.007,-0.27,0.198,,0.0,0.0,0.0,,,,,0.0,0.0,31.0,-0.0002841999999994,-0.0004391000000083,6.48,87.0,36.5,1
8175,SO-0801,Constable Vijay Raval,Constable,44,2026-07-15 12:04:33+00:00,82.0,84.0,,21.2837818,72.9743483,25.899999618530273,-0.913,-0.235,0.304,,0.0,0.0,0.0,,,,,0.0,0.0,29.0,0.0002913999999982,0.0004401000000058,7.0,84.0,36.5,1
8182,SO-0801,Constable Vijay Raval,Constable,44,2026-07-15 12:05:03+00:00,87.0,88.0,,21.2837775,72.9743608,25.899999618530273,-0.895,-0.246,0.302,,0.0,0.0,0.0,,,,,0.0,0.0,30.0,-4.300000000512227e-06,1.2499999996862243e-05,0.17,88.0,36.5,0
8191,SO-0801,Constable Vijay Raval,Constable,44,2026-07-15 12:05:34+00:00,100.0,88.0,,21.2835066,72.9739202,25.899999618530273,-0.987,-0.193,-0.018,,0.0,0.0,0.0,,,,,0.0,0.0,31.0,-0.0002709000000002,-0.0004406000000045,6.4,88.0,36.5,1
8199,SO-0801,Constable Vijay Raval,Constable,44,2026-07-15 12:06:03+00:00,95.0,88.0,,21.2837881,72.9743836,25.899999618530273,-0.546,0.005,0.782,,0.0,0.0,0.0,,,,,0.0,0.0,29.0,0.0002814999999998,0.000463400000001,7.17,88.0,36.5,1
8206,SO-0801,Constable Vijay Raval,Constable,44,2026-07-15 12:06:33+00:00,83.0,87.0,,21.2837291,72.9743803,26.100000381469727,-0.959,0.071,-0.243,,0.0,0.0,0.0,,,,,0.0,0.0,30.0,-5.9000000000253294e-05,-3.29999998882613e-06,0.79,87.0,36.5,0
8213,SO-0801,Constable Vijay Raval,Constable,44,2026-07-15 12:07:03+00:00,87.0,88.0,,21.283695,72.9738908,26.600000381469727,-0.963,-0.107,-0.18,,0.0,0.0,0.0,,,,,0.0,0.0,30.0,-3.4099999997039276e-05,-0.0004895000000004,6.18,88.0,36.5,1
8222,SO-0801,Constable Vijay Raval,Constable,44,2026-07-15 12:07:33+00:00,94.0,88.0,,21.2838351,72.9734452,26.0,-0.403,0.341,0.894,,0.0,0.0,0.0,,,,,0.0,0.0,30.0,0.0001400999999994,-0.0004456000000061,5.91,88.0,36.5,1
8230,SO-0801,Constable Vijay Raval,Constable,44,2026-07-15 12:08:04+00:00,88.0,74.0,,21.2834754,72.9738609,26.0,-0.975,-0.153,0.437,,0.0,0.0,0.0,,,,,0.0,0.0,31.0,-0.0003597000000006,0.0004157000000049,6.86,74.0,36.5,1
8237,SO-0801,Constable Vijay Raval,Constable,44,2026-07-15 12:08:34+00:00,82.0,73.0,,21.2835481,72.9738984,26.399999618530273,-0.969,-0.221,0.29,,0.0,0.0,0.0,,,,,0.0,0.0,30.0,7.270000000048071e-05,3.749999999058673e-05,1.08,73.0,36.5,0
8243,SO-0801,Constable Vijay Raval,Constable,44,2026-07-15 12:09:03+00:00,83.0,72.0,,21.2837097,72.974328,26.399999618530273,-0.925,-0.218,0.26,,0.0,0.0,0.0,,,,,0.0,0.0,29.0,0.0001615999999984,0.0004296000000039,6.02,72.0,36.5,1
8248,SO-0801,Constable Vijay Raval,Constable,44,2026-07-15 12:09:33+00:00,81.0,72.0,,21.2837701,72.9735274,25.899999618530273,-0.947,-0.224,0.257,,0.0,0.0,0.0,,,,,0.0,0.0,30.0,6.0400000002402976e-05,-0.0008006000000051,10.11,72.0,36.5,1
8253,SO-0801,Constable Vijay Raval,Constable,44,2026-07-15 12:10:03+00:00,81.0,88.0,,21.2836833,72.9736885,26.399999618530273,-0.944,-0.26,0.287,,0.0,0.0,0.0,,,,,0.0,0.0,30.0,-8.680000000182986e-05,0.0001610999999996,2.33,88.0,36.5,0
8259,SO-0801,Constable Vijay Raval,Constable,44,2026-07-15 12:10:34+00:00,82.0,57.0,,21.2835671,72.9738642,26.399999618530273,-0.916,-0.263,0.219,,0.0,0.0,0.0,,,,,0.0,0.0,31.0,-0.0001162000000007,0.0001756999999997,2.61,57.0,36.5,0
8265,SO-0801,Constable Vijay Raval,Constable,44,2026-07-15 12:11:03+00:00,82.0,64.0,,21.283702,72.9736606,26.299999237060547,-0.935,-0.273,0.281,,0.0,0.0,0.0,,,,,0.0,0.0,29.0,0.0001349000000026,-0.0002035999999918,3.24,64.0,36.5,0
8274,SO-0801,Constable Vijay Raval,Constable,44,2026-07-15 12:11:33+00:00,86.0,77.0,,21.2836574,72.9736519,25.899999618530273,-0.959,-0.267,0.264,,0.0,0.0,0.0,,,,,0.0,0.0,30.0,-4.460000000250375e-05,-8.700000009298492e-06,0.6,77.0,36.5,0
8281,SO-0801,Constable Vijay Raval,Constable,44,2026-07-15 12:12:03+00:00,82.0,77.0,,21.2837274,72.9736181,26.399999618530273,-0.923,-0.238,0.273,,0.0,0.0,0.0,,,,,0.0,0.0,30.0,7.000000000090267e-05,-3.379999999708616e-05,1.02,77.0,36.5,0
8289,SO-0801,Constable Vijay Raval,Constable,44,2026-07-15 12:12:33+00:00,86.0,68.0,,21.2836726,72.9736414,26.299999237060547,-0.944,-0.23,0.304,,0.0,0.0,0.0,,,,,0.0,0.0,30.0,-5.480000000090968e-05,2.3300000009385254e-05,0.79,68.0,36.5,0
8296,SO-0801,Constable Vijay Raval,Constable,44,2026-07-15 12:13:03+00:00,98.0,71.0,,21.284495,72.9744529,25.200000762939453,-0.94,-0.096,0.386,,0.0,0.0,0.0,,,,,0.0,0.0,30.0,0.0008224000000005,0.0008114999999975,14.98,71.0,36.5,1
8303,SO-0801,Constable Vijay Raval,Constable,44,2026-07-15 12:13:33+00:00,89.0,80.0,,21.284749,72.9749557,25.600000381469727,-0.929,0.106,0.57,,0.0,0.0,0.0,,,,,0.0,0.0,30.0,0.0002540000000017,0.0005027999999924,7.17,80.0,36.5,1
8310,SO-0801,Constable Vijay Raval,Constable,44,2026-07-15 12:14:04+00:00,86.0,85.0,,21.2847477,72.9749551,25.600000381469727,-0.259,0.316,0.954,,0.0,0.0,0.0,,,,,0.0,0.0,31.0,-1.300000000981072e-06,-5.999999928008037e-07,0.02,85.0,36.5,0
8329,SO-0801,Constable Vijay Raval,Constable,44,2026-07-15 12:14:35+00:00,83.0,70.0,,21.2847446,72.9749532,25.600000381469727,-0.33,0.324,0.929,,0.0,0.0,0.0,,,,,0.0,0.0,31.0,-3.1000000006997652e-06,-1.900000000887303e-06,0.05,70.0,36.5,0
8342,SO-0801,Constable Vijay Raval,Constable,44,2026-07-15 12:15:03+00:00,84.0,88.0,,21.2841547,72.9739221,25.600000381469727,-0.944,0.149,0.287,,0.0,0.0,0.0,,,,,0.0,0.0,28.0,-0.0005899000000013,-0.0010311000000058,16.25,88.0,36.5,1
8330,SO-0801,Constable Vijay Raval,Constable,44,2026-07-15 12:15:34+00:00,92.0,88.0,,21.2847527,72.9750006,25.600000381469727,-1.025,0.038,0.063,,0.0,0.0,0.0,,,,,0.0,0.0,31.0,0.000598,0.0010785000000055,15.23,88.0,36.5,1
8337,SO-0801,Constable Vijay Raval,Constable,44,2026-07-15 12:16:03+00:00,91.0,83.0,,21.2847393,72.9748705,25.600000381469727,-0.924,0.247,-0.099,,0.0,0.0,0.0,,,,,0.0,0.0,29.0,-1.3400000000274304e-05,-0.0001301000000069,1.7,83.0,36.5,2
8345,SO-0801,Constable Vijay Raval,Constable,44,2026-07-15 12:16:34+00:00,85.0,56.0,,21.2847455,72.975048,25.700000762939453,-0.096,1.012,0.339,,0.0,0.0,0.0,,,,,0.0,0.0,31.0,6.2000000013995304e-06,0.0001775000000066,2.16,56.0,36.5,0
8352,SO-0801,Constable Vijay Raval,Constable,44,2026-07-15 12:17:04+00:00,87.0,55.0,,21.2847552,72.9750536,25.700000762939453,-0.235,0.952,0.211,,0.0,0.0,0.0,,,,,0.0,0.0,30.0,9.699999999668307e-06,5.599999994387872e-06,0.15,55.0,36.5,0
8358,SO-0801,Constable Vijay Raval,Constable,44,2026-07-15 12:17:34+00:00,96.0,88.0,,21.2847458,72.9750363,25.700000762939453,-0.961,0.09,0.267,,0.0,0.0,0.0,,,,,0.0,0.0,30.0,-9.399999999715192e-06,-1.7299999996112092e-05,0.25,88.0,36.5,2
8364,SO-0801,Constable Vijay Raval,Constable,44,2026-07-15 12:18:04+00:00,92.0,88.0,,21.284743,72.9750465,25.700000762939453,-0.933,0.099,0.199,,0.0,0.0,0.0,,,,,0.0,0.0,30.0,-2.8000000007466497e-06,1.0200000005511356e-05,0.13,88.0,36.5,2
8370,SO-0801,Constable Vijay Raval,Constable,44,2026-07-15 12:18:34+00:00,84.0,75.0,,21.2847451,72.975043,25.700000762939453,-0.97,0.093,0.27,,0.0,0.0,0.0,,,,,0.0,0.0,30.0,2.099999999671809e-06,-3.500000005374204e-06,0.05,75.0,36.5,0
8376,SO-0801,Constable Vijay Raval,Constable,44,2026-07-15 12:19:04+00:00,89.0,88.0,,21.2847449,72.9750457,25.700000762939453,-0.929,0.094,0.27,,0.0,0.0,0.0,,,,,0.0,0.0,30.0,-1.999999987845058e-07,2.6999999960253263e-06,0.03,88.0,36.5,0
8382,SO-0801,Constable Vijay Raval,Constable,44,2026-07-15 12:19:34+00:00,88.0,84.0,,21.2847453,72.9750461,25.700000762939453,-0.987,0.104,0.187,,0.0,0.0,0.0,,,,,0.0,0.0,30.0,4.000000011217253e-07,4.0000000467443897e-07,0.01,84.0,36.5,0
8390,SO-0801,Constable Vijay Raval,Constable,44,2026-07-15 12:20:03+00:00,100.0,88.0,,21.2847485,72.975018,25.700000762939453,-0.907,0.108,0.431,,0.0,0.0,0.0,,,,,0.0,0.0,29.0,3.1999999983156613e-06,-2.8099999994424252e-05,0.37,88.0,36.5,2
8397,SO-0801,Constable Vijay Raval,Constable,44,2026-07-15 12:20:34+00:00,93.0,88.0,,21.2847468,72.975051,25.700000762939453,-0.974,0.098,0.257,,0.0,0.0,0.0,,,,,0.0,0.0,31.0,-1.6999999985500835e-06,3.299999998773728e-05,0.4,88.0,36.5,2
8405,SO-0801,Constable Vijay Raval,Constable,44,2026-07-15 12:21:04+00:00,88.0,88.0,,21.2847443,72.975039,25.700000762939453,-0.972,0.098,0.177,,0.0,0.0,0.0,,,,,0.0,0.0,30.0,-2.500000000793534e-06,-1.1999999998124622e-05,0.15,88.0,36.5,0
8411,SO-0801,Constable Vijay Raval,Constable,44,2026-07-15 12:21:34+00:00,93.0,88.0,,21.2847477,72.9750115,25.700000762939453,-0.973,0.12,0.213,,0.0,0.0,0.0,,,,,0.0,0.0,30.0,3.4000000006528808e-06,-2.7500000001623448e-05,0.35,88.0,36.5,2
8417,SO-0801,Constable Vijay Raval,Constable,44,2026-07-15 12:22:04+00:00,97.0,88.0,,21.2847429,72.9750437,25.700000762939453,-0.979,0.104,0.196,,0.0,0.0,0.0,,,,,0.0,0.0,30.0,-4.799999999249849e-06,3.2200000006810114e-05,0.41,88.0,36.5,2
8423,SO-0801,Constable Vijay Raval,Constable,44,2026-07-15 12:22:34+00:00,90.0,88.0,,21.284742,72.9750356,25.700000762939453,-0.973,-0.015,-0.126,,0.0,0.0,0.0,,,,,0.0,0.0,30.0,-8.999999998593466e-07,-8.100000002286833e-06,0.1,88.0,36.5,0
8428,SO-0801,Constable Vijay Raval,Constable,44,2026-07-15 12:23:04+00:00,95.0,88.0,,21.2847451,72.9750185,25.700000762939453,-0.992,0.003,-0.14,,0.0,0.0,0.0,,,,,0.0,0.0,30.0,3.0999999971470515e-06,-1.7099999993774873e-05,0.22,88.0,36.5,2
8434,SO-0801,Constable Vijay Raval,Constable,44,2026-07-15 12:23:34+00:00,91.0,88.0,,21.284744,72.9750477,25.700000762939453,-0.99,-0.017,-0.18,,0.0,0.0,0.0,,,,,0.0,0.0,30.0,-1.0999999986438525e-06,2.920000000017353e-05,0.37,88.0,36.5,2
8440,SO-0801,Constable Vijay Raval,Constable,44,2026-07-15 12:24:04+00:00,96.0,88.0,,21.2847509,72.9750305,25.700000762939453,-0.975,-0.016,-0.135,,0.0,0.0,0.0,,,,,0.0,0.0,30.0,6.899999998921658e-06,-1.720000000204891e-05,0.24,88.0,36.5,2
8446,SO-0801,Constable Vijay Raval,Constable,44,2026-07-15 12:24:34+00:00,86.0,82.0,,21.2847442,72.9750453,25.700000762939453,-0.979,-0.022,-0.125,,0.0,0.0,0.0,,,,,0.0,0.0,30.0,-6.700000000137152e-06,1.4800000002423984e-05,0.21,82.0,36.5,0
8452,SO-0801,Constable Vijay Raval,Constable,44,2026-07-15 12:25:04+00:00,89.0,85.0,,21.2847487,72.9750184,25.700000762939453,-0.975,-0.026,-0.113,,0.0,0.0,0.0,,,,,0.0,0.0,30.0,4.500000002849447e-06,-2.6900000008822644e-05,0.34,85.0,36.5,0
8458,SO-0801,Constable Vijay Raval,Constable,44,2026-07-15 12:25:34+00:00,89.0,87.0,,21.2847458,72.9750433,25.700000762939453,-1.006,-0.034,0.037,,0.0,0.0,0.0,,,,,0.0,0.0,30.0,-2.900000001915259e-06,2.4899999999661304e-05,0.32,87.0,36.5,0
8463,SO-0801,Constable Vijay Raval,Constable,44,2026-07-15 12:26:04+00:00,81.0,68.0,,21.2847457,72.9750406,25.700000762939453,-0.984,-0.014,-0.054,,0.0,0.0,0.0,,,,,0.0,0.0,30.0,-1.0000000116860974e-07,-2.6999999960253263e-06,0.03,68.0,36.5,0
8470,SO-0801,Constable Vijay Raval,Constable,44,2026-07-15 12:26:34+00:00,81.0,86.0,,21.2847419,72.9750319,25.700000762939453,-0.997,-0.011,-0.114,,0.0,0.0,0.0,,,,,0.0,0.0,30.0,-3.799999998221893e-06,-8.699999995087637e-06,0.12,86.0,36.5,0
8476,SO-0801,Constable Vijay Raval,Constable,44,2026-07-15 12:27:03+00:00,86.0,88.0,,21.2847624,72.9750535,25.700000762939453,-0.988,-0.029,-0.11,,0.0,0.0,0.0,,,,,0.0,0.0,29.0,2.050000000153318e-05,2.159999999662432e-05,0.4,88.0,36.5,0
8482,SO-0801,Constable Vijay Raval,Constable,44,2026-07-15 12:27:34+00:00,90.0,83.0,,21.284757,72.9750276,25.700000762939453,-0.128,0.324,0.848,,0.0,0.0,0.0,,,,,0.0,0.0,31.0,-5.4000000027087935e-06,-2.5899999997136547e-05,0.32,83.0,36.5,0
8488,SO-0801,Constable Vijay Raval,Constable,44,2026-07-15 12:28:04+00:00,80.0,87.0,,21.2847542,72.9750026,25.700000762939453,-0.022,0.304,0.992,,0.0,0.0,0.0,,,,,0.0,0.0,30.0,-2.8000000007466497e-06,-2.500000000793534e-05,0.32,87.0,36.5,0
8493,SO-0801,Constable Vijay Raval,Constable,44,2026-07-15 12:28:34+00:00,89.0,88.0,,21.2847465,72.9749725,25.600000381469727,-0.116,0.17,1.015,,0.0,0.0,0.0,,,,,0.0,0.0,30.0,-7.699999997612395e-06,-3.0099999989374737e-05,0.39,88.0,36.5,0
8499,SO-0801,Constable Vijay Raval,Constable,44,2026-07-15 12:29:04+00:00,81.0,88.0,,21.2847413,72.9750455,25.700000762939453,-0.864,0.063,0.508,,0.0,0.0,0.0,,,,,0.0,0.0,30.0,-5.200000000371574e-06,7.299999998622297e-05,0.92,88.0,36.5,0
8505,SO-0801,Constable Vijay Raval,Constable,44,2026-07-15 12:29:34+00:00,82.0,87.0,,21.2847436,72.9750127,25.600000381469727,-0.873,0.066,0.493,,0.0,0.0,0.0,,,,,0.0,0.0,30.0,2.2999999984563142e-06,-3.279999999961092e-05,0.41,87.0,36.5,0
8511,SO-0801,Constable Vijay Raval,Constable,44,2026-07-15 12:30:04+00:00,83.0,88.0,,21.2847474,72.9750024,25.600000381469727,-0.87,0.064,0.497,,0.0,0.0,0.0,,,,,0.0,0.0,30.0,3.800000001774606e-06,-1.0299999999574538e-05,0.14,88.0,36.5,0
8517,SO-0801,Constable Vijay Raval,Constable,44,2026-07-15 12:30:34+00:00,80.0,86.0,,21.2847466,72.9749861,25.600000381469727,-0.878,0.058,0.489,,0.0,0.0,0.0,,,,,0.0,0.0,30.0,-8.000000022434506e-07,-1.629999999863685e-05,0.21,86.0,36.5,0
8523,SO-0801,Constable Vijay Raval,Constable,44,2026-07-15 12:31:04+00:00,93.0,88.0,,21.2847546,72.975026,25.700000762939453,-0.784,0.108,0.64,,0.0,0.0,0.0,,,,,0.0,0.0,30.0,8.000000001118224e-06,3.990000000442251e-05,0.51,88.0,36.5,2
8529,SO-0801,Constable Vijay Raval,Constable,44,2026-07-15 12:31:34+00:00,84.0,85.0,,21.284746,72.9750339,25.600000381469727,-0.095,0.245,1.005,,0.0,0.0,0.0,,,,,0.0,0.0,30.0,-8.600000001024455e-06,7.899999999949614e-06,0.15,85.0,36.5,0
8534,SO-0801,Constable Vijay Raval,Constable,44,2026-07-15 12:32:04+00:00,85.0,87.0,,21.2847454,72.9750499,25.700000762939453,-0.123,0.25,1.001,,0.0,0.0,0.0,,,,,0.0,0.0,30.0,-5.999999999062311e-07,1.6000000002236447e-05,0.2,87.0,36.5,0
8540,SO-0801,Constable Vijay Raval,Constable,44,2026-07-15 12:32:34+00:00,82.0,71.0,,21.284743,72.975054,25.700000762939453,-0.177,0.272,0.985,,0.0,0.0,0.0,,,,,0.0,0.0,30.0,-2.3999999996249244e-06,4.099999998175008e-06,0.06,71.0,36.5,0
8546,SO-0801,Constable Vijay Raval,Constable,44,2026-07-15 12:33:04+00:00,89.0,70.0,,21.2847452,72.9750526,25.700000762939453,-0.159,0.268,0.985,,0.0,0.0,0.0,,,,,0.0,0.0,30.0,2.2000000008404186e-06,-1.4000000021496817e-06,0.03,70.0,36.5,0
8552,SO-0801,Constable Vijay Raval,Constable,44,2026-07-15 12:33:34+00:00,84.0,69.0,,21.2847421,72.9750161,25.700000762939453,-0.24,0.248,0.969,,0.0,0.0,0.0,,,,,0.0,0.0,30.0,-3.1000000006997652e-06,-3.649999999311149e-05,0.46,69.0,36.5,0
8557,SO-0801,Constable Vijay Raval,Constable,44,2026-07-15 12:34:04+00:00,85.0,52.0,,21.2847474,72.9749552,25.600000381469727,-0.23,0.253,0.981,,0.0,0.0,0.0,,,,,0.0,0.0,30.0,5.300000001540184e-06,-6.0900000008246025e-05,0.77,52.0,36.5,0
8562,SO-0801,Constable Vijay Raval,Constable,44,2026-07-15 12:34:34+00:00,92.0,75.0,,21.2847424,72.975036,25.700000762939453,-0.893,-0.071,0.643,,0.0,0.0,0.0,,,,,0.0,0.0,30.0,-5.000000001587068e-06,8.080000000632026e-05,1.02,75.0,36.5,2
8567,SO-0801,Constable Vijay Raval,Constable,44,2026-07-15 12:35:04+00:00,95.0,88.0,,21.2847448,72.9750423,25.700000762939453,-0.84,0.093,0.568,,0.0,0.0,0.0,,,,,0.0,0.0,30.0,2.3999999996249244e-06,6.299999995462713e-06,0.09,88.0,36.5,2
8572,SO-0801,Constable Vijay Raval,Constable,44,2026-07-15 12:35:33+00:00,90.0,88.0,,21.2847462,72.9750471,25.700000762939453,-0.891,0.086,0.461,,0.0,0.0,0.0,,,,,0.0,0.0,29.0,1.4000000021496817e-06,4.799999999249849e-06,0.07,88.0,36.5,0
8578,SO-0801,Constable Vijay Raval,Constable,44,2026-07-15 12:36:04+00:00,80.0,69.0,,21.2847469,72.9750533,25.700000762939453,-0.894,0.091,0.469,,0.0,0.0,0.0,,,,,0.0,0.0,31.0,6.999999975221272e-07,6.2000000013995304e-06,0.08,69.0,36.5,0
8583,SO-0801,Constable Vijay Raval,Constable,44,2026-07-15 12:36:34+00:00,82.0,88.0,,21.2847468,72.9750033,25.600000381469727,-0.907,0.061,0.454,,0.0,0.0,0.0,,,,,0.0,0.0,30.0,-9.999999761589606e-08,-5.000000000165983e-05,0.63,88.0,36.5,0
8588,SO-0801,Constable Vijay Raval,Constable,44,2026-07-15 12:37:04+00:00,87.0,84.0,,21.2847517,72.975036,25.700000762939453,-0.883,0.062,0.461,,0.0,0.0,0.0,,,,,0.0,0.0,30.0,4.9000000004184585e-06,3.2700000005547736e-05,0.42,84.0,36.5,0
8593,SO-0801,Constable Vijay Raval,Constable,44,2026-07-15 12:37:34+00:00,89.0,88.0,,21.2847465,72.9749905,25.600000381469727,-0.963,0.083,0.146,,0.0,0.0,0.0,,,,,0.0,0.0,30.0,-5.200000000371574e-06,-4.549999999881038e-05,0.58,88.0,36.5,0
8598,SO-0801,Constable Vijay Raval,Constable,44,2026-07-15 12:38:04+00:00,81.0,86.0,,21.2847767,72.9750647,25.700000762939453,-0.959,0.094,0.235,,0.0,0.0,0.0,,,,,0.0,0.0,30.0,3.0199999997648778e-05,7.420000000024629e-05,1.02,86.0,36.5,0
8603,SO-0801,Constable Vijay Raval,Constable,44,2026-07-15 12:38:34+00:00,83.0,88.0,,21.2847402,72.9750466,25.700000762939453,-0.658,0.081,0.775,,0.0,0.0,0.0,,,,,0.0,0.0,30.0,-3.64999999966642e-05,-1.810000000546097e-05,0.54,88.0,36.5,0
8608,SO-0801,Constable Vijay Raval,Constable,44,2026-07-15 12:39:04+00:00,94.0,84.0,,21.2847436,72.9750127,25.600000381469727,-0.436,0.238,0.898,,0.0,0.0,0.0,,,,,0.0,0.0,30.0,3.399999997100167e-06,-3.39000000053602e-05,0.43,84.0,36.5,2
8612,SO-0801,Constable Vijay Raval,Constable,44,2026-07-15 12:39:34+00:00,87.0,85.0,,21.2847415,72.9750488,25.700000762939453,-0.254,0.266,0.976,,0.0,0.0,0.0,,,,,0.0,0.0,30.0,-2.099999999671809e-06,3.61000000026479e-05,0.46,85.0,36.5,0
8616,SO-0801,Constable Vijay Raval,Constable,44,2026-07-15 12:40:04+00:00,96.0,86.0,,21.2847964,72.9750278,25.600000381469727,-0.397,0.249,0.92,,0.0,0.0,0.0,,,,,0.0,0.0,30.0,5.4900000002078286e-05,-2.099999998961266e-05,0.78,86.0,36.5,2
8620,SO-0801,Constable Vijay Raval,Constable,44,2026-07-15 12:40:34+00:00,87.0,87.0,,21.2847458,72.9750506,25.600000381469727,-0.335,0.271,0.936,,0.0,0.0,0.0,,,,,0.0,0.0,30.0,-5.060000000156606e-05,2.279999999643678e-05,0.73,87.0,36.5,0
8624,SO-0801,Constable Vijay Raval,Constable,44,2026-07-15 12:41:04+00:00,88.0,88.0,,21.2847467,72.9750459,25.700000762939453,-0.333,0.272,0.94,,0.0,0.0,0.0,,,,,0.0,0.0,30.0,8.999999998593466e-07,-4.700000005186666e-06,0.06,88.0,36.5,0
8628,SO-0801,Constable Vijay Raval,Constable,44,2026-07-15 12:41:34+00:00,94.0,82.0,,21.2847425,72.9750379,25.700000762939453,-0.371,0.269,0.926,,0.0,0.0,0.0,,,,,0.0,0.0,30.0,-4.199999999343618e-06,-7.999999994012796e-06,0.12,82.0,36.5,2
8632,SO-0801,Constable Vijay Raval,Constable,44,2026-07-15 12:42:04+00:00,89.0,87.0,,21.2847435,72.9750224,25.700000762939453,-0.411,0.261,0.909,,0.0,0.0,0.0,,,,,0.0,0.0,30.0,1.0000000010279564e-06,-1.5500000003498826e-05,0.2,87.0,36.5,0
8636,SO-0801,Constable Vijay Raval,Constable,44,2026-07-15 12:42:34+00:00,86.0,64.0,,21.2847678,72.9750465,25.700000762939453,-0.358,0.263,0.932,,0.0,0.0,0.0,,,,,0.0,0.0,30.0,2.4299999999755073e-05,2.410000000452328e-05,0.44,64.0,36.5,0
8640,SO-0801,Constable Vijay Raval,Constable,44,2026-07-15 12:43:04+00:00,84.0,67.0,,21.2847453,72.9750199,25.700000762939453,-0.361,0.267,0.933,,0.0,0.0,0.0,,,,,0.0,0.0,30.0,-2.250000000003638e-05,-2.6599999998211388e-05,0.45,67.0,36.5,0
8644,SO-0801,Constable Vijay Raval,Constable,44,2026-07-15 12:43:34+00:00,84.0,88.0,,21.2847413,72.9750332,25.700000762939453,-0.353,0.272,0.937,,0.0,0.0,0.0,,,,,0.0,0.0,30.0,-4.000000000559112e-06,1.3299999992000268e-05,0.18,88.0,36.5,0
8647,SO-0801,Constable Vijay Raval,Constable,44,2026-07-15 12:44:04+00:00,90.0,87.0,,21.2847448,72.975028,25.700000762939453,-0.366,0.259,0.937,,0.0,0.0,0.0,,,,,0.0,0.0,30.0,3.499999998268777e-06,-5.200000003924288e-06,0.08,87.0,36.5,0
8651,SO-0801,Constable Vijay Raval,Constable,44,2026-07-15 12:44:34+00:00,82.0,83.0,,21.2847448,72.9750542,23.69290074834565,-0.349,0.269,0.925,,0.0,0.0,0.0,,,,,0.0,0.0,30.0,0.0,2.6200000007747803e-05,0.33,83.0,36.5,0
8655,SO-0801,Constable Vijay Raval,Constable,44,2026-07-15 12:45:04+00:00,84.0,88.0,,21.2847479,72.9749807,25.700000762939453,-0.373,0.256,0.919,,0.0,0.0,0.0,,,,,0.0,0.0,30.0,3.1000000006997652e-06,-7.349999999917145e-05,0.93,88.0,36.5,0
8659,SO-0801,Constable Vijay Raval,Constable,44,2026-07-15 12:45:33+00:00,87.0,87.0,,21.284747,72.9750666,25.700000762939453,-0.345,0.263,0.937,,0.0,0.0,0.0,,,,,0.0,0.0,29.0,-8.999999998593466e-07,8.590000000197051e-05,1.12,87.0,36.5,0
8663,SO-0801,Constable Vijay Raval,Constable,44,2026-07-15 12:46:03+00:00,81.0,59.0,,21.284742,72.9750478,25.700000762939453,-0.356,0.262,0.935,,0.0,0.0,0.0,,,,,0.0,0.0,30.0,-4.9999999980343546e-06,-1.880000000653581e-05,0.25,59.0,36.5,0
8667,SO-0801,Constable Vijay Raval,Constable,44,2026-07-15 12:46:34+00:00,83.0,80.0,,21.2847439,72.9750321,25.700000762939453,-0.346,0.269,0.935,,0.0,0.0,0.0,,,,,0.0,0.0,31.0,1.8999999973345896e-06,-1.569999999162519e-05,0.19,80.0,36.5,0
8671,SO-0801,Constable Vijay Raval,Constable,44,2026-07-15 12:47:04+00:00,82.0,58.0,,21.2847457,72.9750414,25.700000762939453,-0.359,0.258,0.928,,0.0,0.0,0.0,,,,,0.0,0.0,30.0,1.7999999997186933e-06,9.29999998788844e-06,0.12,58.0,36.5,0
8675,SO-0801,Constable Vijay Raval,Constable,44,2026-07-15 12:47:34+00:00,84.0,86.0,,21.2847436,72.9750161,25.700000762939453,-0.361,0.262,0.931,,0.0,0.0,0.0,,,,,0.0,0.0,30.0,-2.099999999671809e-06,-2.529999999012489e-05,0.32,86.0,36.5,0
8679,SO-0801,Constable Vijay Raval,Constable,44,2026-07-15 12:48:04+00:00,96.0,86.0,,21.2847414,72.9750475,25.700000762939453,-0.32,0.278,0.947,,0.0,0.0,0.0,,,,,0.0,0.0,30.0,-2.199999997287705e-06,3.1399999997461236e-05,0.4,86.0,36.5,2
8683,SO-0801,Constable Vijay Raval,Constable,44,2026-07-15 12:48:34+00:00,84.0,79.0,,21.2847443,72.9750511,25.700000762939453,-0.32,0.268,0.944,,0.0,0.0,0.0,,,,,0.0,0.0,30.0,2.8999999983625457e-06,3.5999999994373866e-06,0.06,79.0,36.5,0
8687,SO-0801,Constable Vijay Raval,Constable,44,2026-07-15 12:49:04+00:00,91.0,84.0,,21.2847675,72.9750535,25.700000762939453,-0.3,0.264,0.958,,0.0,0.0,0.0,,,,,0.0,0.0,30.0,2.320000000111122e-05,2.3999999996249244e-06,0.31,84.0,36.5,2
8691,SO-0801,Constable Vijay Raval,Constable,44,2026-07-15 12:49:34+00:00,82.0,57.0,,21.2847472,72.9750616,25.700000762939453,-0.312,0.268,0.952,,0.0,0.0,0.0,,,,,0.0,0.0,30.0,-2.029999999919596e-05,8.100000002286833e-06,0.29,57.0,36.5,0
8695,SO-0801,Constable Vijay Raval,Constable,44,2026-07-15 12:50:04+00:00,86.0,73.0,,21.2847431,72.9750549,25.700000762939453,-0.326,0.257,0.947,,0.0,0.0,0.0,,,,,0.0,0.0,30.0,-4.100000001727722e-06,-6.700000000137152e-06,0.1,73.0,36.5,0
8699,SO-0801,Constable Vijay Raval,Constable,44,2026-07-15 12:50:34+00:00,83.0,79.0,,21.2847424,72.9750524,25.700000762939453,-0.315,0.264,0.946,,0.0,0.0,0.0,,,,,0.0,0.0,30.0,-7.000000010748408e-07,-2.5000000078989615e-06,0.03,79.0,36.5,0
8702,SO-0801,Constable Vijay Raval,Constable,44,2026-07-15 12:51:04+00:00,89.0,59.0,,21.2847436,72.9750141,25.700000762939453,-0.356,0.255,0.942,,0.0,0.0,0.0,,,,,0.0,0.0,30.0,1.1999999998124622e-06,-3.829999999993561e-05,0.48,59.0,36.5,0
8706,SO-0801,Constable Vijay Raval,Constable,44,2026-07-15 12:51:34+00:00,85.0,86.0,,21.2847445,72.9750543,25.700000762939453,-0.328,0.264,0.943,,0.0,0.0,0.0,,,,,0.0,0.0,30.0,8.999999998593466e-07,4.020000000082291e-05,0.51,86.0,36.5,0
8711,SO-0801,Constable Vijay Raval,Constable,44,2026-07-15 12:52:04+00:00,84.0,53.0,,21.2847441,72.9750524,25.700000762939453,-0.34,0.262,0.934,,0.0,0.0,0.0,,,,,0.0,0.0,30.0,-3.999999975690116e-07,-1.900000000887303e-06,0.02,53.0,36.5,0
8714,SO-0801,Constable Vijay Raval,Constable,44,2026-07-15 12:52:34+00:00,84.0,84.0,,21.2847454,72.975051,25.700000762939453,-0.331,0.262,0.942,,0.0,0.0,0.0,,,,,0.0,0.0,30.0,1.2999999974283585e-06,-1.4000000021496817e-06,0.02,84.0,36.5,0
8717,SO-0801,Constable Vijay Raval,Constable,44,2026-07-15 12:53:03+00:00,84.0,84.0,,21.284747,72.9750615,25.700000762939453,-0.329,0.268,0.953,,0.0,0.0,0.0,,,,,0.0,0.0,29.0,1.6000000009341877e-06,1.0500000001911758e-05,0.14,84.0,36.5,0
8720,SO-0801,Constable Vijay Raval,Constable,44,2026-07-15 12:53:34+00:00,91.0,87.0,,21.2847417,72.9750439,25.700000762939453,-0.347,0.26,0.939,,0.0,0.0,0.0,,,,,0.0,0.0,31.0,-5.29999999798747e-06,-1.7599999992512494e-05,0.22,87.0,36.5,2
8724,SO-0801,Constable Vijay Raval,Constable,44,2026-07-15 12:54:04+00:00,90.0,88.0,,21.2847429,72.9750389,25.700000762939453,-0.317,0.277,0.953,,0.0,0.0,0.0,,,,,0.0,0.0,30.0,1.1999999998124622e-06,-5.000000001587068e-06,0.06,88.0,36.5,0
8728,SO-0801,Constable Vijay Raval,Constable,44,2026-07-15 12:54:34+00:00,81.0,59.0,,21.284743,72.9750328,25.700000762939453,-0.948,-0.067,-0.252,,0.0,0.0,0.0,,,,,0.0,0.0,30.0,9.999999761589606e-08,-6.100000007336348e-06,0.08,59.0,36.5,0
8732,SO-0801,Constable Vijay Raval,Constable,44,2026-07-15 12:55:05+00:00,83.0,88.0,,21.2847421,72.9750428,25.700000762939453,-1.01,0.03,-0.016,,0.0,0.0,0.0,,,,,0.0,0.0,31.0,-8.999999998593466e-07,1.0000000003174137e-05,0.12,88.0,36.5,0
8736,SO-0801,Constable Vijay Raval,Constable,44,2026-07-15 12:55:34+00:00,88.0,88.0,,21.2847501,72.9750345,25.700000762939453,-0.746,0.094,0.687,,0.0,0.0,0.0,,,,,0.0,0.0,29.0,8.000000001118224e-06,-8.299999990413198e-06,0.15,88.0,36.5,0
8742,SO-0801,Constable Vijay Raval,Constable,44,2026-07-15 12:56:03+00:00,90.0,84.0,,21.2841547,72.9739221,25.700000762939453,-0.111,0.02,1.2,,0.0,0.0,0.0,,,,,0.0,0.0,29.0,-0.0005954000000016,-0.0011124000000108,16.64,84.0,36.5,1
8746,SO-0801,Constable Vijay Raval,Constable,44,2026-07-15 12:56:34+00:00,89.0,67.0,,21.2841547,72.9739221,25.700000762939453,-0.342,-0.431,0.974,,0.0,0.0,0.0,,,,,0.0,0.0,31.0,0.0,0.0,0.0,67.0,36.5,0
8751,SO-0801,Constable Vijay Raval,Constable,44,2026-07-15 12:57:04+00:00,95.0,88.0,,21.2847451,72.9750229,25.700000762939453,-0.161,0.299,0.986,,0.0,0.0,0.0,,,,,0.0,0.0,30.0,0.0005904000000001,0.0011008000000032,15.93,88.0,36.5,1
8755,SO-0801,Constable Vijay Raval,Constable,44,2026-07-15 12:57:34+00:00,89.0,77.0,,21.2847547,72.9749873,25.700000762939453,-0.376,0.674,0.681,,0.0,0.0,0.0,,,,,0.0,0.0,30.0,9.600000002052411e-06,-3.560000000391028e-05,0.47,77.0,36.5,0
8760,SO-0801,Constable Vijay Raval,Constable,44,2026-07-15 12:58:04+00:00,83.0,80.0,,21.2847564,72.9750441,25.700000762939453,-0.048,0.144,1.024,,0.0,0.0,0.0,,,,,0.0,0.0,30.0,1.6999999985500835e-06,5.680000001007102e-05,0.72,80.0,36.5,0
8764,SO-0801,Constable Vijay Raval,Constable,44,2026-07-15 12:58:34+00:00,85.0,70.0,,21.284745,72.9750462,25.700000762939453,-0.997,0.545,0.736,,0.0,0.0,0.0,,,,,0.0,0.0,30.0,-1.139999999821839e-05,2.099999989013668e-06,0.15,70.0,36.5,0
8768,SO-0801,Constable Vijay Raval,Constable,44,2026-07-15 12:59:04+00:00,88.0,53.0,,21.2847414,72.9750343,25.700000762939453,-0.83,0.066,0.543,,0.0,0.0,0.0,,,,,0.0,0.0,30.0,-3.5999999994373866e-06,-1.1899999989850585e-05,0.16,53.0,36.5,0
8773,SO-0801,Constable Vijay Raval,Constable,44,2026-07-15 12:59:34+00:00,92.0,88.0,,21.284744,72.975053,25.700000762939453,-0.975,-0.086,-0.23,,0.0,0.0,0.0,,,,,0.0,0.0,30.0,2.59999999840943e-06,1.8699999998261777e-05,0.24,88.0,36.5,2
8779,SO-0801,Constable Vijay Raval,Constable,44,2026-07-15 13:00:04+00:00,93.0,88.0,,21.2847448,72.9750534,25.700000762939453,-0.979,-0.078,-0.034,,0.0,0.0,0.0,,,,,0.0,0.0,30.0,7.999999986907369e-07,3.9999999046358425e-07,0.01,88.0,36.5,2
8783,SO-0801,Constable Vijay Raval,Constable,44,2026-07-15 13:00:34+00:00,90.0,86.0,,21.2847452,72.9750527,25.700000762939453,-0.97,0.096,0.12,,0.0,0.0,0.0,,,,,0.0,0.0,30.0,4.000000011217253e-07,-6.999999868639861e-07,0.01,86.0,36.5,0
8789,SO-0801,Constable Vijay Raval,Constable,44,2026-07-15 13:01:04+00:00,83.0,84.0,,21.2847439,72.9750578,25.700000762939453,-0.704,-0.067,0.736,,0.0,0.0,0.0,,,,,0.0,0.0,30.0,-1.300000000981072e-06,5.099999995650251e-06,0.07,84.0,36.5,0
8794,SO-0801,Constable Vijay Raval,Constable,44,2026-07-15 13:01:34+00:00,97.0,86.0,,21.2847438,72.9750525,25.700000762939453,-0.614,-0.028,0.809,,0.0,0.0,0.0,,,,,0.0,0.0,30.0,-9.999999761589606e-08,-5.29999999798747e-06,0.07,86.0,36.5,2
8798,SO-0801,Constable Vijay Raval,Constable,44,2026-07-15 13:02:04+00:00,90.0,87.0,,21.2847477,72.9749905,25.700000762939453,-0.44,-0.031,0.906,,0.0,0.0,0.0,,,,,0.0,0.0,30.0,3.899999999390502e-06,-6.199999999978445e-05,0.78,87.0,36.5,0
8803,SO-0801,Constable Vijay Raval,Constable,44,2026-07-15 13:02:34+00:00,86.0,87.0,,21.2847441,72.9750264,25.700000762939453,-0.941,-0.109,-0.205,,0.0,0.0,0.0,,,,,0.0,0.0,30.0,-3.5999999994373866e-06,3.5900000000310683e-05,0.45,87.0,36.5,0
8809,SO-0801,Constable Vijay Raval,Constable,44,2026-07-15 13:03:04+00:00,82.0,80.0,,21.2847489,72.9749929,25.700000762939453,-0.937,-0.111,-0.233,,0.0,0.0,0.0,,,,,0.0,0.0,30.0,4.799999999249849e-06,-3.350000000068576e-05,0.43,80.0,36.5,0
8814,SO-0801,Constable Vijay Raval,Constable,44,2026-07-15 13:03:34+00:00,81.0,86.0,,21.284744,72.9750386,25.700000762939453,-0.948,-0.114,-0.234,,0.0,0.0,0.0,,,,,0.0,0.0,30.0,-4.9000000004184585e-06,4.57000000011476e-05,0.58,86.0,36.5,0
8818,SO-0801,Constable Vijay Raval,Constable,44,2026-07-15 13:04:04+00:00,91.0,85.0,,21.2847516,72.975,25.700000762939453,-0.936,-0.119,-0.213,,0.0,0.0,0.0,,,,,0.0,0.0,30.0,7.599999999996499e-06,-3.8600000010546864e-05,0.5,85.0,36.5,2
8823,SO-0801,Constable Vijay Raval,Constable,44,2026-07-15 13:04:34+00:00,87.0,87.0,,21.2847479,72.9750564,25.700000762939453,-0.944,-0.111,-0.232,,0.0,0.0,0.0,,,,,0.0,0.0,30.0,-3.700000000605996e-06,5.640000000539658e-05,0.71,87.0,36.5,0
8829,SO-0801,Constable Vijay Raval,Constable,44,2026-07-15 13:05:04+00:00,83.0,83.0,,21.2847433,72.9750327,25.700000762939453,-0.934,-0.116,-0.233,,0.0,0.0,0.0,,,,,0.0,0.0,30.0,-4.600000000465343e-06,-2.369999999984884e-05,0.3,83.0,36.5,0
8833,SO-0801,Constable Vijay Raval,Constable,44,2026-07-15 13:05:34+00:00,90.0,71.0,,21.28477,72.9750137,25.700000762939453,-0.942,-0.121,-0.224,,0.0,0.0,0.0,,,,,0.0,0.0,30.0,2.670000000293271e-05,-1.8999999994662176e-05,0.43,71.0,36.5,0
8839,SO-0801,Constable Vijay Raval,Constable,44,2026-07-15 13:06:04+00:00,97.0,88.0,,21.2847521,72.9750358,25.700000762939453,-0.449,-0.242,0.881,,0.0,0.0,0.0,,,,,0.0,0.0,30.0,-1.790000000312375e-05,2.209999999536194e-05,0.37,88.0,36.5,2
8844,SO-0801,Constable Vijay Raval,Constable,44,2026-07-15 13:06:34+00:00,92.0,88.0,,21.2847604,72.9750339,25.700000762939453,-0.23,-0.387,0.839,,0.0,0.0,0.0,,,,,0.0,0.0,30.0,8.30000000107134e-06,-1.900000000887303e-06,0.11,88.0,36.5,2
8849,SO-0801,Constable Vijay Raval,Constable,44,2026-07-15 13:07:04+00:00,98.0,86.0,,21.2847601,72.9750559,25.700000762939453,-0.936,-0.025,-0.23,,0.0,0.0,0.0,,,,,0.0,0.0,30.0,-2.999999999531156e-07,2.200000000129876e-05,0.28,86.0,36.5,2
8853,SO-0801,Constable Vijay Raval,Constable,44,2026-07-15 13:07:34+00:00,92.0,88.0,,21.2847429,72.9750529,25.700000762939453,-0.937,-0.258,-0.081,,0.0,0.0,0.0,,,,,0.0,0.0,30.0,-1.7199999998496196e-05,-3.000000006636583e-06,0.23,88.0,36.5,2
8857,SO-0801,Constable Vijay Raval,Constable,44,2026-07-15 13:08:03+00:00,95.0,69.0,,21.2847499,72.9749685,25.600000381469727,-0.924,-0.265,0.043,,0.0,0.0,0.0,,,,,0.0,0.0,29.0,7.000000000090267e-06,-8.439999999154679e-05,1.1,69.0,36.5,2
8863,SO-0801,Constable Vijay Raval,Constable,44,2026-07-15 13:08:34+00:00,85.0,83.0,,21.2847514,72.9750357,25.700000762939453,-0.945,-0.25,-0.055,,0.0,0.0,0.0,,,,,0.0,0.0,31.0,1.4999999997655775e-06,6.720000000370874e-05,0.82,83.0,36.5,0
8867,SO-0801,Constable Vijay Raval,Constable,44,2026-07-15 13:09:04+00:00,80.0,60.0,,21.2847477,72.9750309,25.700000762939453,-0.907,-0.213,-0.049,,0.0,0.0,0.0,,,,,0.0,0.0,30.0,-3.700000000605996e-06,-4.8000000134607035e-06,0.08,60.0,36.5,0
8871,SO-0801,Constable Vijay Raval,Constable,44,2026-07-15 13:09:34+00:00,85.0,62.0,,21.2847458,72.9750489,25.700000762939453,-0.953,-0.208,-0.071,,0.0,0.0,0.0,,,,,0.0,0.0,30.0,-1.900000000887303e-06,1.8000000011397788e-05,0.23,62.0,36.5,0
8875,SO-0801,Constable Vijay Raval,Constable,44,2026-07-15 13:10:04+00:00,86.0,62.0,,21.2847446,72.9750347,25.700000762939453,-0.931,-0.189,-0.146,,0.0,0.0,0.0,,,,,0.0,0.0,30.0,-1.1999999998124622e-06,-1.4200000009623182e-05,0.18,62.0,36.5,0
8879,SO-0801,Constable Vijay Raval,Constable,44,2026-07-15 13:10:34+00:00,91.0,63.0,,21.2847454,72.9750464,25.700000762939453,-0.944,0.086,0.276,,0.0,0.0,0.0,,,,,0.0,0.0,30.0,7.999999986907369e-07,1.170000000172422e-05,0.15,63.0,36.5,2
8883,SO-0801,Constable Vijay Raval,Constable,44,2026-07-15 13:11:04+00:00,81.0,85.0,,21.2847441,72.9749838,25.700000762939453,-0.154,0.149,1.013,,0.0,0.0,0.0,,,,,0.0,0.0,30.0,-1.2999999974283585e-06,-6.259999999258525e-05,0.79,85.0,36.5,0
8887,SO-0801,Constable Vijay Raval,Constable,44,2026-07-15 13:11:34+00:00,90.0,66.0,,21.2847448,72.975016,25.700000762939453,-0.29,0.053,1.0,,0.0,0.0,0.0,,,,,0.0,0.0,30.0,6.999999975221272e-07,3.219999999259926e-05,0.41,66.0,36.5,0
8891,SO-0801,Constable Vijay Raval,Constable,44,2026-07-15 13:12:04+00:00,87.0,83.0,,21.2847534,72.9749886,25.700000762939453,-0.359,0.012,0.958,,0.0,0.0,0.0,,,,,0.0,0.0,30.0,8.600000001024455e-06,-2.739999999334941e-05,0.36,83.0,36.5,0
8895,SO-0801,Constable Vijay Raval,Constable,44,2026-07-15 13:12:34+00:00,87.0,87.0,,21.284752,72.9750621,25.700000762939453,-0.966,0.035,0.013,,0.0,0.0,0.0,,,,,0.0,0.0,30.0,-1.399999998596968e-06,7.349999999917145e-05,0.93,87.0,36.5,0
8899,SO-0801,Constable Vijay Raval,Constable,44,2026-07-15 13:13:04+00:00,81.0,88.0,,21.284744,72.9750017,25.600000381469727,-0.792,0.072,0.623,,0.0,0.0,0.0,,,,,0.0,0.0,30.0,-8.000000001118224e-06,-6.039999999529755e-05,0.77,88.0,36.5,0
8903,SO-0801,Constable Vijay Raval,Constable,44,2026-07-15 13:13:34+00:00,90.0,86.0,,21.2847483,72.9749498,25.600000381469727,-0.812,0.044,0.604,,0.0,0.0,0.0,,,,,0.0,0.0,30.0,4.300000000512227e-06,-5.190000000254713e-05,0.66,86.0,36.5,0
8906,SO-0801,Constable Vijay Raval,Constable,44,2026-07-15 13:14:04+00:00,81.0,87.0,,21.284805,72.9750325,25.600000381469727,-0.814,0.051,0.603,,0.0,0.0,0.0,,,,,0.0,0.0,30.0,5.6699999998244266e-05,8.269999999299671e-05,1.29,87.0,36.5,0
8908,SO-0801,Constable Vijay Raval,Constable,44,2026-07-15 13:14:34+00:00,82.0,88.0,,21.2847444,72.9749658,25.600000381469727,-0.81,0.037,0.605,,0.0,0.0,0.0,,,,,0.0,0.0,30.0,-6.059999999763477e-05,-6.669999999076026e-05,1.16,88.0,36.5,0
8912,SO-0801,Constable Vijay Raval,Constable,44,2026-07-15 13:15:04+00:00,90.0,88.0,,21.2847459,72.9749604,25.600000381469727,-0.833,0.045,0.562,,0.0,0.0,0.0,,,,,0.0,0.0,30.0,1.4999999997655775e-06,-5.400000006261507e-06,0.07,88.0,36.5,0
8917,SO-0801,Constable Vijay Raval,Constable,44,2026-07-15 13:15:34+00:00,90.0,88.0,,21.2847417,72.9750291,25.700000762939453,-0.834,0.046,0.575,,0.0,0.0,0.0,,,,,0.0,0.0,30.0,-4.199999999343618e-06,6.86999999999216e-05,0.87,88.0,36.5,0
8921,SO-0801,Constable Vijay Raval,Constable,44,2026-07-15 13:16:04+00:00,84.0,87.0,,21.2847419,72.9750374,25.700000762939453,-0.294,0.236,0.962,,0.0,0.0,0.0,,,,,0.0,0.0,30.0,1.999999987845058e-07,8.300000004624053e-06,0.1,87.0,36.5,0
8924,SO-0801,Constable Vijay Raval,Constable,44,2026-07-15 13:16:34+00:00,86.0,88.0,,21.2847414,72.9750282,25.700000762939453,-0.773,0.099,0.639,,0.0,0.0,0.0,,,,,0.0,0.0,30.0,-4.999999987376214e-07,-9.200000008036112e-06,0.12,88.0,36.5,0
8929,SO-0801,Constable Vijay Raval,Constable,44,2026-07-15 13:17:04+00:00,84.0,67.0,,21.2847423,72.9750401,25.700000762939453,-0.759,0.098,0.664,,0.0,0.0,0.0,,,,,0.0,0.0,30.0,8.999999998593466e-07,1.190000000406144e-05,0.15,67.0,36.5,0
8933,SO-0801,Constable Vijay Raval,Constable,44,2026-07-15 13:17:34+00:00,94.0,87.0,,21.2847501,72.9750341,25.700000762939453,-0.254,0.83,0.56,,0.0,0.0,0.0,,,,,0.0,0.0,30.0,7.799999998781004e-06,-5.999999999062311e-06,0.13,87.0,36.5,2
8936,SO-0801,Constable Vijay Raval,Constable,44,2026-07-15 13:18:03+00:00,87.0,88.0,,21.2847417,72.9750442,25.700000762939453,-0.505,-0.169,0.891,,0.0,0.0,0.0,,,,,0.0,0.0,29.0,-8.399999998687235e-06,1.009999999723732e-05,0.18,88.0,36.5,0
8940,SO-0801,Constable Vijay Raval,Constable,44,2026-07-15 13:18:34+00:00,88.0,70.0,,21.2847465,72.9750289,25.700000762939453,-0.439,-0.144,0.927,,0.0,0.0,0.0,,,,,0.0,0.0,31.0,4.799999999249849e-06,-1.5300000001161607e-05,0.2,70.0,36.5,0
8944,SO-0801,Constable Vijay Raval,Constable,44,2026-07-15 13:19:04+00:00,100.0,76.0,,21.2847452,72.9750327,25.700000762939453,-0.455,-0.167,0.894,,0.0,0.0,0.0,,,,,0.0,0.0,30.0,-1.300000000981072e-06,3.800000001774606e-06,0.05,76.0,36.5,2
8948,SO-0801,Constable Vijay Raval,Constable,44,2026-07-15 13:19:34+00:00,93.0,80.0,,21.2847446,72.9750376,25.700000762939453,-0.447,-0.142,0.898,,0.0,0.0,0.0,,,,,0.0,0.0,30.0,-5.999999999062311e-07,4.899999993313031e-06,0.06,80.0,36.5,2
8952,SO-0801,Constable Vijay Raval,Constable,44,2026-07-15 13:20:04+00:00,89.0,84.0,,21.2847541,72.9750423,25.700000762939453,-0.965,-0.086,-0.17,,0.0,0.0,0.0,,,,,0.0,0.0,30.0,9.5000000008838e-06,4.700000005186666e-06,0.14,84.0,36.5,0
8956,SO-0801,Constable Vijay Raval,Constable,44,2026-07-15 13:20:34+00:00,94.0,83.0,,21.2847425,72.975039,25.700000762939453,-0.965,-0.091,-0.043,,0.0,0.0,0.0,,,,,0.0,0.0,30.0,-1.160000000055561e-05,-3.3000000030369847e-06,0.16,83.0,36.5,2
8960,SO-0801,Constable Vijay Raval,Constable,44,2026-07-15 13:21:04+00:00,95.0,66.0,,21.2847492,72.9750412,25.700000762939453,-0.984,-0.092,-0.006,,0.0,0.0,0.0,,,,,0.0,0.0,30.0,6.700000000137152e-06,2.2000000114985596e-06,0.09,66.0,36.5,2
8964,SO-0801,Constable Vijay Raval,Constable,44,2026-07-15 13:21:34+00:00,81.0,87.0,,21.2847418,72.9750378,25.700000762939453,-0.976,-0.092,-0.064,,0.0,0.0,0.0,,,,,0.0,0.0,30.0,-7.400000001211993e-06,-3.400000011311022e-06,0.11,87.0,36.5,0
8968,SO-0801,Constable Vijay Raval,Constable,44,2026-07-15 13:22:04+00:00,95.0,85.0,,21.2847447,72.9750437,25.700000762939453,-0.992,-0.096,-0.007,,0.0,0.0,0.0,,,,,0.0,0.0,30.0,2.900000001915259e-06,5.900000004999129e-06,0.08,85.0,36.5,2
8972,SO-0801,Constable Vijay Raval,Constable,44,2026-07-15 13:22:34+00:00,88.0,85.0,,21.2847519,72.9750406,25.700000762939453,-0.959,-0.094,-0.099,,0.0,0.0,0.0,,,,,0.0,0.0,30.0,7.199999998874773e-06,-3.1000000006997652e-06,0.1,85.0,36.5,0
8976,SO-0801,Constable Vijay Raval,Constable,44,2026-07-15 13:23:04+00:00,82.0,88.0,,21.2847425,72.9750448,25.700000762939453,-0.958,-0.117,-0.049,,0.0,0.0,0.0,,,,,0.0,0.0,30.0,-9.399999999715192e-06,4.200000006449045e-06,0.14,88.0,36.5,0
8980,SO-0801,Constable Vijay Raval,Constable,44,2026-07-15 13:23:34+00:00,84.0,72.0,,21.2847411,72.9750336,25.700000762939453,-0.961,-0.096,0.056,,0.0,0.0,0.0,,,,,0.0,0.0,30.0,-1.399999998596968e-06,-1.12000000029866e-05,0.14,72.0,36.5,0
8984,SO-0801,Constable Vijay Raval,Constable,44,2026-07-15 13:24:04+00:00,82.0,69.0,,21.2847487,72.9750307,25.700000762939453,-0.995,-0.082,0.025,,0.0,0.0,0.0,,,,,0.0,0.0,30.0,7.599999999996499e-06,-2.8999999983625457e-06,0.11,69.0,36.5,0
8988,SO-0801,Constable Vijay Raval,Constable,44,2026-07-15 13:24:38+00:00,84.0,69.0,,21.2847487,72.9750307,25.700000762939453,-0.923,0.051,0.045,,0.0,0.0,0.0,,,,,0.0,0.0,34.0,0.0,0.0,0.0,69.0,36.5,0
8990,SO-0801,Constable Vijay Raval,Constable,44,2026-07-15 13:25:04+00:00,84.0,88.0,,21.2847413,72.9750232,25.700000762939453,-0.787,0.038,0.636,,0.0,0.0,0.0,,,,,0.0,0.0,26.0,-7.400000001211993e-06,-7.50000000948603e-06,0.16,88.0,36.5,0
8993,SO-0801,Constable Vijay Raval,Constable,44,2026-07-15 13:25:34+00:00,84.0,64.0,,21.2847418,72.9750383,25.700000762939453,-0.296,0.21,0.966,,0.0,0.0,0.0,,,,,0.0,0.0,30.0,4.999999987376214e-07,1.5099999998824389e-05,0.19,64.0,36.5,0
8996,SO-0801,Constable Vijay Raval,Constable,44,2026-07-15 13:26:04+00:00,92.0,82.0,,21.2847413,72.9750341,25.700000762939453,-0.368,0.218,0.941,,0.0,0.0,0.0,,,,,0.0,0.0,30.0,-4.999999987376214e-07,-4.19999999223819e-06,0.05,82.0,36.5,2
9000,SO-0801,Constable Vijay Raval,Constable,44,2026-07-15 13:26:34+00:00,95.0,74.0,,21.2847419,72.9750394,25.700000762939453,-0.385,0.219,0.935,,0.0,0.0,0.0,,,,,0.0,0.0,30.0,5.999999999062311e-07,5.29999999798747e-06,0.07,74.0,36.5,2
9004,SO-0801,Constable Vijay Raval,Constable,44,2026-07-15 13:27:04+00:00,85.0,61.0,,21.284746,72.9749987,25.600000381469727,-0.31,0.213,0.952,,0.0,0.0,0.0,,,,,0.0,0.0,30.0,4.099999998175008e-06,-4.069999999956053e-05,0.52,61.0,36.5,0
9008,SO-0801,Constable Vijay Raval,Constable,44,2026-07-15 13:27:34+00:00,99.0,87.0,,21.2847466,72.9750485,25.700000762939453,-0.267,0.24,0.976,,0.0,0.0,0.0,,,,,0.0,0.0,30.0,5.999999999062311e-07,4.979999999932261e-05,0.63,87.0,36.5,2
9012,SO-0801,Constable Vijay Raval,Constable,44,2026-07-15 13:28:04+00:00,92.0,84.0,,21.2847537,72.9750423,25.700000762939453,-0.506,0.338,0.819,,0.0,0.0,0.0,,,,,0.0,0.0,30.0,7.100000001258877e-06,-6.2000000013995304e-06,0.12,84.0,36.5,2
9016,SO-0801,Constable Vijay Raval,Constable,44,2026-07-15 13:28:34+00:00,100.0,87.0,,21.2847743,72.9750372,25.700000762939453,-0.895,-0.426,0.645,,0.0,0.0,0.0,,,,,0.0,0.0,30.0,2.0599999999149077e-05,-5.099999995650251e-06,0.28,87.0,36.5,2
9019,SO-0801,Constable Vijay Raval,Constable,44,2026-07-15 13:29:04+00:00,92.0,88.0,,21.2847837,72.9750397,25.700000762939453,-0.684,0.128,0.197,,0.0,0.0,0.0,,,,,0.0,0.0,30.0,9.399999999715192e-06,2.4999999936881068e-06,0.13,88.0,36.5,2
9022,SO-0801,Constable Vijay Raval,Constable,44,2026-07-15 13:29:34+00:00,81.0,87.0,,21.2847458,72.9750383,25.700000762939453,-0.348,-0.786,-0.014,,0.0,0.0,0.0,,,,,0.0,0.0,30.0,-3.789999999881388e-05,-1.4000000021496817e-06,0.51,87.0,36.5,0
9024,SO-0801,Constable Vijay Raval,Constable,44,2026-07-15 13:30:04+00:00,82.0,88.0,,21.2847442,72.975051,25.700000762939453,-1.028,0.044,0.052,,0.0,0.0,0.0,,,,,0.0,0.0,30.0,-1.6000000009341877e-06,1.2699999999199464e-05,0.16,88.0,36.5,0
9027,SO-0801,Constable Vijay Raval,Constable,44,2026-07-15 13:30:34+00:00,98.0,88.0,,21.2847473,72.9750393,25.700000762939453,-0.978,0.043,0.023,,0.0,0.0,0.0,,,,,0.0,0.0,30.0,3.1000000006997652e-06,-1.1699999987513364e-05,0.15,88.0,36.5,2
9030,SO-0801,Constable Vijay Raval,Constable,44,2026-07-15 13:31:04+00:00,87.0,88.0,,21.2847625,72.9750563,25.700000762939453,-0.941,0.021,0.095,,0.0,0.0,0.0,,,,,0.0,0.0,30.0,1.5199999999992995e-05,1.699999999971169e-05,0.29,88.0,36.5,0
9033,SO-0801,Constable Vijay Raval,Constable,44,2026-07-15 13:31:34+00:00,98.0,88.0,,21.2847494,72.9750425,25.700000762939453,-0.98,0.028,0.095,,0.0,0.0,0.0,,,,,0.0,0.0,30.0,-1.3100000000321188e-05,-1.3800000004948744e-05,0.25,88.0,36.5,2
9036,SO-0801,Constable Vijay Raval,Constable,44,2026-07-15 13:32:04+00:00,91.0,88.0,,21.2847448,72.975056,25.700000762939453,-0.986,0.02,0.039,,0.0,0.0,0.0,,,,,0.0,0.0,30.0,-4.600000000465343e-06,1.3499999994337486e-05,0.18,88.0,36.5,2
9038,SO-0801,Constable Vijay Raval,Constable,44,2026-07-15 13:32:33+00:00,91.0,87.0,,21.2847459,72.97495,25.600000381469727,-0.992,0.023,-0.002,,0.0,0.0,0.0,,,,,0.0,0.0,29.0,1.100000002196566e-06,-0.0001059999999881,1.38,87.0,36.5,2
9042,SO-0801,Constable Vijay Raval,Constable,44,2026-07-15 13:33:04+00:00,94.0,88.0,,21.2847453,72.9750395,25.700000762939453,-0.988,0.033,0.023,,0.0,0.0,0.0,,,,,0.0,0.0,31.0,-5.999999999062311e-07,8.949999998719704e-05,1.09,88.0,36.5,2
9045,SO-0801,Constable Vijay Raval,Constable,44,2026-07-15 13:33:34+00:00,94.0,79.0,,21.2847506,72.9750358,25.700000762939453,-0.9,0.02,0.448,,0.0,0.0,0.0,,,,,0.0,0.0,30.0,5.29999999798747e-06,-3.699999993500569e-06,0.08,79.0,36.5,2
9048,SO-0801,Constable Vijay Raval,Constable,44,2026-07-15 13:34:04+00:00,99.0,78.0,,21.2847469,72.9750387,25.700000762939453,0.462,-0.639,0.746,,0.0,0.0,0.0,,,,,0.0,0.0,30.0,-3.700000000605996e-06,2.8999999983625457e-06,0.06,78.0,36.5,2
9051,SO-0801,Constable Vijay Raval,Constable,44,2026-07-15 13:34:34+00:00,99.0,74.0,,21.2847442,72.9750385,25.700000762939453,0.198,-0.472,0.93,,0.0,0.0,0.0,,,,,0.0,0.0,30.0,-2.69999999957804e-06,-2.0000000233721948e-07,0.04,74.0,36.5,2
9054,SO-0801,Constable Vijay Raval,Constable,44,2026-07-15 13:35:04+00:00,85.0,72.0,,21.2847452,72.975025,25.700000762939453,0.418,-0.464,0.8,,0.0,0.0,0.0,,,,,0.0,0.0,30.0,1.0000000010279564e-06,-1.3499999994337486e-05,0.17,72.0,36.5,0
9056,SO-0801,Constable Vijay Raval,Constable,44,2026-07-15 13:35:34+00:00,98.0,67.0,,21.2847428,72.9750368,25.700000762939453,-0.271,-0.448,0.895,,0.0,0.0,0.0,,,,,0.0,0.0,30.0,-2.3999999996249244e-06,1.1799999995787402e-05,0.15,67.0,36.5,2
9059,SO-0801,Constable Vijay Raval,Constable,44,2026-07-15 13:36:04+00:00,82.0,78.0,,21.284746,72.975049,25.700000762939453,-1.007,-0.055,0.167,,0.0,0.0,0.0,,,,,0.0,0.0,30.0,3.1999999983156613e-06,1.220000000046184e-05,0.16,78.0,36.5,0
9062,SO-0801,Constable Vijay Raval,Constable,44,2026-07-15 13:36:34+00:00,83.0,73.0,,21.2847424,72.9750474,25.700000762939453,-0.97,-0.058,0.092,,0.0,0.0,0.0,,,,,0.0,0.0,30.0,-3.5999999994373866e-06,-1.6000000044869012e-06,0.05,73.0,36.5,0
9065,SO-0801,Constable Vijay Raval,Constable,44,2026-07-15 13:37:04+00:00,85.0,79.0,,21.2847463,72.975045,25.700000762939453,-0.991,-0.071,-0.02,,0.0,0.0,0.0,,,,,0.0,0.0,30.0,3.899999999390502e-06,-2.3999999996249244e-06,0.06,79.0,36.5,0
9068,SO-0801,Constable Vijay Raval,Constable,44,2026-07-15 13:37:34+00:00,85.0,75.0,,21.2847455,72.9750372,25.700000762939453,-0.982,-0.05,-0.052,,0.0,0.0,0.0,,,,,0.0,0.0,30.0,-7.999999986907369e-07,-7.799999991675577e-06,0.1,75.0,36.5,0
9071,SO-0801,Constable Vijay Raval,Constable,44,2026-07-15 13:38:04+00:00,82.0,84.0,,21.2847465,72.9750495,25.700000762939453,-0.978,-0.058,-0.083,,0.0,0.0,0.0,,,,,0.0,0.0,30.0,1.0000000010279564e-06,1.2299999994525024e-05,0.16,84.0,36.5,0
9074,SO-0801,Constable Vijay Raval,Constable,44,2026-07-15 13:38:34+00:00,81.0,85.0,,21.2847451,72.9750424,25.700000762939453,-0.984,-0.044,-0.042,,0.0,0.0,0.0,,,,,0.0,0.0,30.0,-1.4000000021496817e-06,-7.099999990600736e-06,0.09,85.0,36.5,0
9077,SO-0801,Constable Vijay Raval,Constable,44,2026-07-15 13:39:04+00:00,88.0,83.0,,21.284746,72.9750492,25.700000762939453,-0.997,-0.029,0.054,,0.0,0.0,0.0,,,,,0.0,0.0,30.0,8.999999998593466e-07,6.799999994200334e-06,0.09,83.0,36.5,0
9080,SO-0801,Constable Vijay Raval,Constable,44,2026-07-15 13:39:34+00:00,87.0,48.0,,21.2847418,72.9750334,25.700000762939453,-0.777,0.049,0.651,,0.0,0.0,0.0,,,,,0.0,0.0,30.0,-4.199999999343618e-06,-1.5799999999899228e-05,0.21,48.0,36.5,0
9083,SO-0801,Constable Vijay Raval,Constable,44,2026-07-15 13:40:04+00:00,89.0,74.0,,21.284771,72.9750105,25.700000762939453,-0.567,-0.645,0.55,,0.0,0.0,0.0,,,,,0.0,0.0,30.0,2.920000000017353e-05,-2.290000000471082e-05,0.48,74.0,36.5,0
9086,SO-0801,Constable Vijay Raval,Constable,44,2026-07-15 13:40:34+00:00,84.0,84.0,,21.284743,72.9750427,25.700000762939453,-0.947,0.061,0.312,,0.0,0.0,0.0,,,,,0.0,0.0,30.0,-2.800000000036107e-05,3.2200000006810114e-05,0.55,84.0,36.5,0
9089,SO-0801,Constable Vijay Raval,Constable,44,2026-07-15 13:41:04+00:00,81.0,88.0,,21.284742,72.9750209,25.700000762939453,-0.957,0.098,0.246,,0.0,0.0,0.0,,,,,0.0,0.0,30.0,-9.999999974752427e-07,-2.179999999896154e-05,0.27,88.0,36.5,0
9091,SO-0801,Constable Vijay Raval,Constable,44,2026-07-15 13:41:34+00:00,84.0,88.0,,21.2847414,72.97503,25.700000762939453,-0.957,0.092,0.259,,0.0,0.0,0.0,,,,,0.0,0.0,30.0,-5.999999999062311e-07,9.099999999762076e-06,0.11,88.0,36.5,0
9094,SO-0801,Constable Vijay Raval,Constable,44,2026-07-15 13:42:03+00:00,93.0,87.0,,21.2847439,72.9750377,25.700000762939453,-0.968,0.019,0.284,,0.0,0.0,0.0,,,,,0.0,0.0,29.0,2.4999999972408204e-06,7.699999997612395e-06,0.11,87.0,36.5,2
9097,SO-0801,Constable Vijay Raval,Constable,44,2026-07-15 13:42:34+00:00,86.0,75.0,,21.2847454,72.9750541,25.700000762939453,-0.666,0.194,0.765,,0.0,0.0,0.0,,,,,0.0,0.0,31.0,1.4999999997655775e-06,1.6399999992700032e-05,0.2,75.0,36.5,0
9100,SO-0801,Constable Vijay Raval,Constable,44,2026-07-15 13:43:04+00:00,92.0,79.0,,21.2847416,72.9750553,25.700000762939453,-0.62,0.21,0.793,,0.0,0.0,0.0,,,,,0.0,0.0,30.0,-3.799999998221893e-06,1.1999999998124622e-06,0.05,79.0,36.5,2
9103,SO-0801,Constable Vijay Raval,Constable,44,2026-07-15 13:43:34+00:00,88.0,86.0,,21.2847413,72.9750308,25.700000762939453,-0.686,0.199,0.733,,0.0,0.0,0.0,,,,,0.0,0.0,30.0,-2.999999999531156e-07,-2.4499999994986865e-05,0.31,86.0,36.5,0
9107,SO-0801,Constable Vijay Raval,Constable,44,2026-07-15 13:44:04+00:00,85.0,86.0,,21.2847409,72.9750504,25.700000762939453,-0.696,0.192,0.727,,0.0,0.0,0.0,,,,,0.0,0.0,30.0,-4.000000011217253e-07,1.960000000167383e-05,0.25,86.0,36.5,0
9109,SO-0801,Constable Vijay Raval,Constable,44,2026-07-15 13:44:34+00:00,96.0,88.0,,21.284746,72.9750575,25.700000762939453,-0.718,0.184,0.701,,0.0,0.0,0.0,,,,,0.0,0.0,30.0,5.099999999202964e-06,7.100000004811591e-06,0.11,88.0,36.5,2
9112,SO-0801,Constable Vijay Raval,Constable,44,2026-07-15 13:45:04+00:00,98.0,81.0,,21.2847409,72.9750364,25.700000762939453,-0.66,0.199,0.76,,0.0,0.0,0.0,,,,,0.0,0.0,30.0,-5.099999999202964e-06,-2.1100000012097553e-05,0.27,81.0,36.5,2
9115,SO-0801,Constable Vijay Raval,Constable,44,2026-07-15 13:45:33+00:00,99.0,86.0,,21.2847413,72.9750346,25.700000762939453,-0.676,0.193,0.749,,0.0,0.0,0.0,,,,,0.0,0.0,29.0,4.000000011217253e-07,-1.799999992613266e-06,0.02,86.0,36.5,2
9118,SO-0801,Constable Vijay Raval,Constable,44,2026-07-15 13:46:04+00:00,96.0,80.0,,21.2847421,72.9750443,25.700000762939453,-0.678,0.193,0.736,,0.0,0.0,0.0,,,,,0.0,0.0,31.0,7.999999986907369e-07,9.69999999256288e-06,0.12,80.0,36.5,2
9122,SO-0801,Constable Vijay Raval,Constable,44,2026-07-15 13:46:34+00:00,84.0,85.0,,21.2847426,72.9750154,25.700000762939453,-0.687,0.193,0.734,,0.0,0.0,0.0,,,,,0.0,0.0,30.0,5.00000002290335e-07,-2.8899999989562275e-05,0.36,85.0,36.5,0
9126,SO-0801,Constable Vijay Raval,Constable,44,2026-07-15 13:47:04+00:00,100.0,87.0,,21.2847415,72.975028,25.700000762939453,-0.74,0.22,0.689,,0.0,0.0,0.0,,,,,0.0,0.0,30.0,-1.100000002196566e-06,1.2599999990925426e-05,0.16,87.0,36.5,2
9130,SO-0801,Constable Vijay Raval,Constable,44,2026-07-15 13:47:34+00:00,100.0,84.0,,21.2847425,72.9750496,25.700000762939453,-0.716,0.196,0.698,,0.0,0.0,0.0,,,,,0.0,0.0,30.0,1.0000000010279564e-06,2.1600000010835178e-05,0.27,84.0,36.5,2
9135,SO-0801,Constable Vijay Raval,Constable,44,2026-07-15 13:48:04+00:00,81.0,71.0,,21.2847425,72.9750355,25.700000762939453,-0.617,0.206,0.8,,0.0,0.0,0.0,,,,,0.0,0.0,30.0,0.0,-1.4100000001349144e-05,0.18,71.0,36.5,0
9139,SO-0801,Constable Vijay Raval,Constable,44,2026-07-15 13:48:34+00:00,91.0,85.0,,21.2847407,72.9750475,25.700000762939453,-0.595,0.217,0.803,,0.0,0.0,0.0,,,,,0.0,0.0,30.0,-1.7999999997186933e-06,1.1999999998124622e-05,0.15,85.0,36.5,2
9144,SO-0801,Constable Vijay Raval,Constable,44,2026-07-15 13:49:04+00:00,88.0,87.0,,21.2847469,72.9750307,25.700000762939453,-0.825,-0.144,-0.44,,0.0,0.0,0.0,,,,,0.0,0.0,30.0,6.199999997846817e-06,-1.679999999737447e-05,0.23,87.0,36.5,0
9149,SO-0801,Constable Vijay Raval,Constable,44,2026-07-15 13:49:34+00:00,89.0,88.0,,21.2847571,72.9750418,25.700000762939453,-0.873,-0.13,-0.425,,0.0,0.0,0.0,,,,,0.0,0.0,30.0,1.0200000001958642e-05,1.1099999994712562e-05,0.19,88.0,36.5,0
9154,SO-0801,Constable Vijay Raval,Constable,44,2026-07-15 13:50:04+00:00,82.0,87.0,,21.284742,72.9750473,25.700000762939453,-0.814,-0.119,-0.427,,0.0,0.0,0.0,,,,,0.0,0.0,30.0,-1.5099999998824389e-05,5.50000000032469e-06,0.21,87.0,36.5,0
9158,SO-0801,Constable Vijay Raval,Constable,44,2026-07-15 13:50:34+00:00,83.0,88.0,,21.2847437,72.975041,25.700000762939453,-0.811,-0.166,-0.42,,0.0,0.0,0.0,,,,,0.0,0.0,30.0,1.6999999985500835e-06,-6.299999995462713e-06,0.08,88.0,36.5,0
9161,SO-0801,Constable Vijay Raval,Constable,44,2026-07-15 13:51:04+00:00,88.0,73.0,,21.2847434,72.9750034,25.600000381469727,-0.427,0.266,0.79,,0.0,0.0,0.0,,,,,0.0,0.0,30.0,-2.999999999531156e-07,-3.759999999886077e-05,0.47,73.0,36.5,0
9165,SO-0801,Constable Vijay Raval,Constable,44,2026-07-15 13:51:34+00:00,88.0,83.0,,21.2847421,72.9750449,25.700000762939453,-0.613,0.123,0.817,,0.0,0.0,0.0,,,,,0.0,0.0,30.0,-1.300000000981072e-06,4.1499999994698555e-05,0.52,83.0,36.5,0
9169,SO-0801,Constable Vijay Raval,Constable,44,2026-07-15 13:52:04+00:00,82.0,82.0,,21.2847452,72.9750521,25.700000762939453,-0.635,0.123,0.793,,0.0,0.0,0.0,,,,,0.0,0.0,30.0,3.1000000006997652e-06,7.199999998874773e-06,0.1,82.0,36.5,0
9173,SO-0801,Constable Vijay Raval,Constable,44,2026-07-15 13:52:34+00:00,82.0,56.0,,21.2847472,72.9750236,25.700000762939453,-0.614,0.097,0.808,,0.0,0.0,0.0,,,,,0.0,0.0,30.0,2.0000000020559128e-06,-2.849999999909869e-05,0.36,56.0,36.5,0
9177,SO-0801,Constable Vijay Raval,Constable,44,2026-07-15 13:53:04+00:00,81.0,,,21.284745,72.9750271,25.700000762939453,-0.892,0.068,0.464,,0.0,0.0,0.0,,,,,0.0,0.0,30.0,-2.2000000008404186e-06,3.500000005374204e-06,0.05,56.0,36.5,0
9181,SO-0801,Constable Vijay Raval,Constable,44,2026-07-15 13:53:34+00:00,86.0,85.0,,21.2847457,72.9750426,25.700000762939453,-0.97,0.079,0.189,,0.0,0.0,0.0,,,,,0.0,0.0,30.0,6.999999975221272e-07,1.549999998928797e-05,0.2,85.0,36.5,0
9185,SO-0801,Constable Vijay Raval,Constable,44,2026-07-15 13:54:04+00:00,86.0,88.0,,21.2847416,72.975029,25.700000762939453,-0.898,0.088,0.457,,0.0,0.0,0.0,,,,,0.0,0.0,30.0,-4.099999998175008e-06,-1.3599999988400668e-05,0.18,88.0,36.5,0
9190,SO-0801,Constable Vijay Raval,Constable,44,2026-07-15 13:54:34+00:00,87.0,81.0,,21.2847452,72.9750266,25.700000762939453,-0.878,0.091,0.479,,0.0,0.0,0.0,,,,,0.0,0.0,30.0,3.5999999994373866e-06,-2.3999999996249244e-06,0.06,81.0,36.5,0
9195,SO-0801,Constable Vijay Raval,Constable,44,2026-07-15 13:55:04+00:00,84.0,78.0,,21.2847493,72.975032,25.700000762939453,-0.885,0.082,0.471,,0.0,0.0,0.0,,,,,0.0,0.0,30.0,4.100000001727722e-06,5.3999999920506525e-06,0.09,78.0,36.5,0
9200,SO-0801,Constable Vijay Raval,Constable,44,2026-07-15 13:55:34+00:00,84.0,75.0,,21.2847449,72.9750347,25.700000762939453,-0.889,0.087,0.469,,0.0,0.0,0.0,,,,,0.0,0.0,30.0,-4.400000001680837e-06,2.6999999960253263e-06,0.07,75.0,36.5,0
9204,SO-0801,Constable Vijay Raval,Constable,44,2026-07-15 13:56:04+00:00,92.0,74.0,,21.2847449,72.9750362,25.700000762939453,-0.751,0.098,0.682,,0.0,0.0,0.0,,,,,0.0,0.0,30.0,0.0,1.5000000104237188e-06,0.02,74.0,36.5,2
9208,SO-0801,Constable Vijay Raval,Constable,44,2026-07-15 13:56:34+00:00,87.0,84.0,,21.2847464,72.9750385,25.700000762939453,-0.762,0.104,0.666,,0.0,0.0,0.0,,,,,0.0,0.0,30.0,1.4999999997655775e-06,2.2999999913508873e-06,0.04,84.0,36.5,0
9211,SO-0801,Constable Vijay Raval,Constable,44,2026-07-15 13:57:04+00:00,81.0,87.0,,21.2847444,72.975052,25.700000762939453,-0.87,0.099,0.508,,0.0,0.0,0.0,,,,,0.0,0.0,30.0,-1.999999998503199e-06,1.350000000854834e-05,0.17,87.0,36.5,0
9214,SO-0801,Constable Vijay Raval,Constable,44,2026-07-15 13:57:34+00:00,90.0,88.0,,21.2847466,72.9750432,25.700000762939453,-0.711,0.119,0.731,,0.0,0.0,0.0,,,,,0.0,0.0,30.0,2.199999997287705e-06,-8.800000003361674e-06,0.11,88.0,36.5,0
9218,SO-0801,Constable Vijay Raval,Constable,44,2026-07-15 13:58:04+00:00,84.0,88.0,,21.2847449,72.9750499,25.700000762939453,-0.719,0.115,0.713,,0.0,0.0,0.0,,,,,0.0,0.0,30.0,-1.6999999985500835e-06,6.700000000137152e-06,0.09,88.0,36.5,0
9222,SO-0801,Constable Vijay Raval,Constable,44,2026-07-15 13:58:34+00:00,82.0,84.0,,21.2847458,72.9750514,25.700000762939453,-0.721,0.117,0.71,,0.0,0.0,0.0,,,,,0.0,0.0,30.0,8.999999998593466e-07,1.499999996212864e-06,0.02,84.0,36.5,0
9226,SO-0801,Constable Vijay Raval,Constable,44,2026-07-15 13:59:04+00:00,92.0,,,21.2847462,72.9750437,25.700000762939453,-0.725,0.115,0.704,,0.0,0.0,0.0,,,,,0.0,0.0,30.0,4.000000011217253e-07,-7.699999997612395e-06,0.1,84.0,36.5,2
9230,SO-0801,Constable Vijay Raval,Constable,44,2026-07-15 13:59:33+00:00,81.0,85.0,,21.2847441,72.9750503,25.700000762939453,-0.909,-0.351,0.111,,0.0,0.0,0.0,,,,,0.0,0.0,29.0,-2.099999999671809e-06,6.600000006073969e-06,0.09,85.0,36.5,0
9234,SO-0801,Constable Vijay Raval,Constable,44,2026-07-15 14:00:04+00:00,98.0,79.0,,21.2847457,72.9750401,25.700000762939453,-0.945,-0.3,-0.065,,0.0,0.0,0.0,,,,,0.0,0.0,31.0,1.5999999973814738e-06,-1.0200000005511356e-05,0.13,79.0,36.5,2
9237,SO-0801,Constable Vijay Raval,Constable,44,2026-07-15 14:00:34+00:00,84.0,64.0,,21.2847507,72.9750537,25.700000762939453,-0.934,-0.311,0.083,,0.0,0.0,0.0,,,,,0.0,0.0,30.0,5.000000001587068e-06,1.3600000002611525e-05,0.18,64.0,36.5,0
9241,SO-0801,Constable Vijay Raval,Constable,44,2026-07-15 14:01:04+00:00,89.0,84.0,,21.2847457,72.9750411,25.700000762939453,-0.928,-0.314,0.04,,0.0,0.0,0.0,,,,,0.0,0.0,30.0,-5.000000001587068e-06,-1.260000000513628e-05,0.17,84.0,36.5,0
9244,SO-0801,Constable Vijay Raval,Constable,44,2026-07-15 14:01:34+00:00,91.0,88.0,,21.2847464,72.9750588,25.700000762939453,-0.906,-0.312,0.126,,0.0,0.0,0.0,,,,,0.0,0.0,30.0,7.000000010748408e-07,1.770000000078653e-05,0.22,88.0,36.5,2
9247,SO-0801,Constable Vijay Raval,Constable,44,2026-07-15 14:02:04+00:00,98.0,85.0,,21.2847451,72.9750411,25.700000762939453,-0.944,-0.279,0.1,,0.0,0.0,0.0,,,,,0.0,0.0,30.0,-1.300000000981072e-06,-1.770000000078653e-05,0.22,85.0,36.5,2
9250,SO-0801,Constable Vijay Raval,Constable,44,2026-07-15 14:02:34+00:00,92.0,88.0,,21.2847456,72.9750457,25.700000762939453,-0.939,-0.289,-0.011,,0.0,0.0,0.0,,,,,0.0,0.0,30.0,5.00000002290335e-07,4.599999996912629e-06,0.06,88.0,36.5,2
9253,SO-0801,Constable Vijay Raval,Constable,44,2026-07-15 14:03:04+00:00,90.0,88.0,,21.2847517,72.9750463,25.700000762939453,-0.89,-0.302,-0.054,,0.0,0.0,0.0,,,,,0.0,0.0,30.0,6.100000000230921e-06,6.000000070116585e-07,0.08,88.0,36.5,0
9256,SO-0801,Constable Vijay Raval,Constable,44,2026-07-15 14:03:34+00:00,96.0,88.0,,21.2847457,72.9750361,25.700000762939453,-0.935,-0.26,0.04,,0.0,0.0,0.0,,,,,0.0,0.0,30.0,-6.000000002615025e-06,-1.0200000005511356e-05,0.15,88.0,36.5,2
9259,SO-0801,Constable Vijay Raval,Constable,44,2026-07-15 14:04:04+00:00,84.0,88.0,,21.2847465,72.9750417,25.700000762939453,-0.951,-0.266,-0.035,,0.0,0.0,0.0,,,,,0.0,0.0,30.0,8.000000022434506e-07,5.600000008598727e-06,0.07,88.0,36.5,0
9262,SO-0801,Constable Vijay Raval,Constable,44,2026-07-15 14:04:34+00:00,83.0,82.0,,21.2847439,72.9750461,25.700000762939453,-0.906,-0.263,0.011,,0.0,0.0,0.0,,,,,0.0,0.0,30.0,-2.600000001962144e-06,4.39999999457541e-06,0.07,82.0,36.5,0
9265,SO-0801,Constable Vijay Raval,Constable,44,2026-07-15 14:05:04+00:00,96.0,85.0,,21.2847547,72.9750441,25.700000762939453,-0.972,-0.257,-0.024,,0.0,0.0,0.0,,,,,0.0,0.0,30.0,1.0800000001864872e-05,-1.9999999949504854e-06,0.15,85.0,36.5,2
9268,SO-0801,Constable Vijay Raval,Constable,44,2026-07-15 14:05:34+00:00,92.0,86.0,,21.2847496,72.9750455,25.700000762939453,-0.948,-0.251,-0.011,,0.0,0.0,0.0,,,,,0.0,0.0,30.0,-5.099999999202964e-06,1.399999987938827e-06,0.07,86.0,36.5,2
9270,SO-0801,Constable Vijay Raval,Constable,44,2026-07-15 14:06:04+00:00,88.0,86.0,,21.284754,72.9750292,25.700000762939453,-0.953,-0.246,-0.083,,0.0,0.0,0.0,,,,,0.0,0.0,30.0,4.3999999981281235e-06,-1.629999999863685e-05,0.21,86.0,36.5,0
9272,SO-0801,Constable Vijay Raval,Constable,44,2026-07-15 14:06:34+00:00,93.0,88.0,,21.2847513,72.9750442,25.700000762939453,-0.944,-0.243,-0.059,,0.0,0.0,0.0,,,,,0.0,0.0,30.0,-2.69999999957804e-06,1.5000000004761205e-05,0.19,88.0,36.5,2
9274,SO-0801,Constable Vijay Raval,Constable,44,2026-07-15 14:07:04+00:00,82.0,79.0,,21.2847965,72.9750886,25.700000762939453,-0.957,0.042,0.288,,0.0,0.0,0.0,,,,,0.0,0.0,30.0,4.5199999998857265e-05,4.440000000727195e-05,0.82,79.0,36.5,0
9276,SO-0801,Constable Vijay Raval,Constable,44,2026-07-15 14:07:34+00:00,92.0,77.0,,21.2847422,72.9750407,25.700000762939453,-0.824,0.068,0.597,,0.0,0.0,0.0,,,,,0.0,0.0,30.0,-5.429999999861934e-05,-4.790000001264616e-05,0.94,77.0,36.5,2
9278,SO-0801,Constable Vijay Raval,Constable,44,2026-07-15 14:08:04+00:00,90.0,85.0,,21.2847469,72.9749985,25.600000381469727,-0.792,0.069,0.631,,0.0,0.0,0.0,,,,,0.0,0.0,30.0,4.699999998081239e-06,-4.219999999577339e-05,0.53,85.0,36.5,0
9280,SO-0801,Constable Vijay Raval,Constable,44,2026-07-15 14:08:34+00:00,90.0,80.0,,21.2847465,72.9750028,25.600000381469727,-0.819,0.064,0.594,,0.0,0.0,0.0,,,,,0.0,0.0,30.0,-3.999999975690116e-07,4.300000000512227e-06,0.05,80.0,36.5,0
9282,SO-0801,Constable Vijay Raval,Constable,44,2026-07-15 14:09:04+00:00,82.0,83.0,,21.284743,72.9750187,25.700000762939453,-0.955,0.078,0.279,,0.0,0.0,0.0,,,,,0.0,0.0,30.0,-3.5000000018214905e-06,1.5900000008173265e-05,0.21,83.0,36.5,0
9284,SO-0801,Constable Vijay Raval,Constable,44,2026-07-15 14:09:34+00:00,85.0,82.0,,21.2847421,72.9750418,25.700000762939453,-0.95,0.074,0.3,,0.0,0.0,0.0,,,,,0.0,0.0,30.0,-8.999999998593466e-07,2.3099999992837184e-05,0.29,82.0,36.5,0
9285,SO-0801,Constable Vijay Raval,Constable,44,2026-07-15 14:10:04+00:00,98.0,88.0,,21.2847468,72.9749813,25.600000381469727,-0.918,0.121,0.388,,0.0,0.0,0.0,,,,,0.0,0.0,30.0,4.700000001633953e-06,-6.0500000003571586e-05,0.76,88.0,36.5,2
9287,SO-0801,Constable Vijay Raval,Constable,44,2026-07-15 14:10:34+00:00,90.0,87.0,,21.2847408,72.9750476,25.700000762939453,-0.742,0.139,0.679,,0.0,0.0,0.0,,,,,0.0,0.0,30.0,-5.999999999062311e-06,6.630000000029668e-05,0.84,87.0,36.5,0
9289,SO-0801,Constable Vijay Raval,Constable,44,2026-07-15 14:11:04+00:00,84.0,84.0,,21.2847437,72.9749874,25.600000381469727,-0.748,0.142,0.677,,0.0,0.0,0.0,,,,,0.0,0.0,30.0,2.8999999983625457e-06,-6.019999999296033e-05,0.76,84.0,36.5,0
9290,SO-0801,Constable Vijay Raval,Constable,44,2026-07-15 14:11:34+00:00,84.0,87.0,,21.2847419,72.9750155,25.700000762939453,-0.763,0.135,0.659,,0.0,0.0,0.0,,,,,0.0,0.0,30.0,-1.7999999997186933e-06,2.8099999994424252e-05,0.35,87.0,36.5,0
9291,SO-0801,Constable Vijay Raval,Constable,44,2026-07-15 14:12:04+00:00,89.0,,,21.2847461,72.9749903,25.600000381469727,-0.759,0.136,0.666,,0.0,0.0,0.0,,,,,0.0,0.0,30.0,4.199999999343618e-06,-2.5199999996061703e-05,0.32,87.0,36.5,0
9292,SO-0801,Constable Vijay Raval,Constable,44,2026-07-15 14:12:34+00:00,89.0,76.0,,21.2847471,72.9749542,25.600000381469727,-0.982,0.088,0.128,,0.0,0.0,0.0,,,,,0.0,0.0,30.0,1.0000000010279564e-06,-3.61000000026479e-05,0.45,76.0,36.5,0
9293,SO-0801,Constable Vijay Raval,Constable,44,2026-07-15 14:13:04+00:00,97.0,63.0,,21.284745,72.9750462,25.700000762939453,-0.57,0.211,0.827,,0.0,0.0,0.0,,,,,0.0,0.0,30.0,-2.099999999671809e-06,9.1999999995096e-05,1.16,63.0,36.5,2
9294,SO-0801,Constable Vijay Raval,Constable,44,2026-07-15 14:13:34+00:00,98.0,88.0,,21.284741,72.975049,25.700000762939453,-0.521,0.241,0.855,,0.0,0.0,0.0,,,,,0.0,0.0,30.0,-4.000000000559112e-06,2.8000000042993634e-06,0.06,88.0,36.5,2
9295,SO-0801,Constable Vijay Raval,Constable,44,2026-07-15 14:14:04+00:00,90.0,88.0,,21.2847464,72.9750496,25.700000762939453,-0.407,0.237,0.915,,0.0,0.0,0.0,,,,,0.0,0.0,30.0,5.39999999915608e-06,6.000000070116585e-07,0.07,88.0,36.5,0
9296,SO-0801,Constable Vijay Raval,Constable,44,2026-07-15 14:14:34+00:00,98.0,82.0,,21.2847413,72.9750476,25.700000762939453,-0.483,0.236,0.9,,0.0,0.0,0.0,,,,,0.0,0.0,30.0,-5.099999999202964e-06,-2.00000000916134e-06,0.07,82.0,36.5,2
9297,SO-0801,Constable Vijay Raval,Constable,44,2026-07-15 14:15:04+00:00,92.0,87.0,,21.2847434,72.9749975,25.600000381469727,-0.966,0.089,0.227,,0.0,0.0,0.0,,,,,0.0,0.0,30.0,2.099999999671809e-06,-5.009999999572301e-05,0.63,87.0,36.5,2
9299,SO-0801,Constable Vijay Raval,Constable,44,2026-07-15 14:15:34+00:00,84.0,64.0,,21.2847408,72.9750465,25.700000762939453,-0.969,0.076,0.206,,0.0,0.0,0.0,,,,,0.0,0.0,30.0,-2.59999999840943e-06,4.9000000004184585e-05,0.62,64.0,36.5,0
9301,SO-0801,Constable Vijay Raval,Constable,44,2026-07-15 14:16:04+00:00,82.0,64.0,,21.284741,72.9750469,25.700000762939453,-0.972,0.075,0.198,,0.0,0.0,0.0,,,,,0.0,0.0,30.0,1.999999987845058e-07,3.9999999046358425e-07,0.01,64.0,36.5,0
9303,SO-0801,Constable Vijay Raval,Constable,44,2026-07-15 14:16:34+00:00,86.0,,,21.2847435,72.9750609,25.700000762939453,-0.962,0.075,0.256,,0.0,0.0,0.0,,,,,0.0,0.0,30.0,2.500000000793534e-06,1.4000000007285962e-05,0.18,64.0,36.5,0
9305,SO-0801,Constable Vijay Raval,Constable,44,2026-07-15 14:17:04+00:00,82.0,88.0,,21.2847416,72.9750535,25.700000762939453,-0.954,0.084,0.293,,0.0,0.0,0.0,,,,,0.0,0.0,30.0,-1.900000000887303e-06,-7.400000001211993e-06,0.1,88.0,36.5,0
9307,SO-0801,Constable Vijay Raval,Constable,44,2026-07-15 14:17:34+00:00,82.0,88.0,,21.284741,72.9750398,25.700000762939453,-0.94,0.078,0.304,,0.0,0.0,0.0,,,,,0.0,0.0,30.0,-5.999999999062311e-07,-1.3699999996674704e-05,0.17,88.0,36.5,0
9309,SO-0801,Constable Vijay Raval,Constable,44,2026-07-15 14:18:03+00:00,82.0,83.0,,21.2847413,72.9750259,25.700000762939453,-0.949,0.078,0.302,,0.0,0.0,0.0,,,,,0.0,0.0,29.0,2.999999999531156e-07,-1.3899999999011923e-05,0.18,83.0,36.5,0
9311,SO-0801,Constable Vijay Raval,Constable,44,2026-07-15 14:18:34+00:00,82.0,88.0,,21.2847444,72.9749889,25.600000381469727,-0.95,0.081,0.29,,0.0,0.0,0.0,,,,,0.0,0.0,31.0,3.1000000006997652e-06,-3.700000000605996e-05,0.45,88.0,36.5,0
9313,SO-0801,Constable Vijay Raval,Constable,44,2026-07-15 14:19:04+00:00,82.0,86.0,,21.2847408,72.9750444,25.700000762939453,-0.953,0.09,0.294,,0.0,0.0,0.0,,,,,0.0,0.0,30.0,-3.5999999994373866e-06,5.550000000198452e-05,0.7,86.0,36.5,0
9315,SO-0801,Constable Vijay Raval,Constable,44,2026-07-15 14:19:34+00:00,99.0,80.0,,21.2847398,72.9750444,25.700000762939453,-0.939,0.081,0.324,,0.0,0.0,0.0,,,,,0.0,0.0,30.0,-1.0000000010279564e-06,0.0,0.01,80.0,36.5,2
9317,SO-0801,Constable Vijay Raval,Constable,44,2026-07-15 14:20:04+00:00,99.0,63.0,,21.284748,72.9750112,25.700000762939453,-0.947,0.081,0.32,,0.0,0.0,0.0,,,,,0.0,0.0,30.0,8.19999999990273e-06,-3.320000000428536e-05,0.43,63.0,36.5,2
9319,SO-0801,Constable Vijay Raval,Constable,44,2026-07-15 14:20:34+00:00,82.0,84.0,,21.2847456,72.9750555,25.700000762939453,-0.394,-0.898,0.054,,0.0,0.0,0.0,,,,,0.0,0.0,30.0,-2.3999999996249244e-06,4.429999999899792e-05,0.56,84.0,36.5,0
9321,SO-0801,Constable Vijay Raval,Constable,44,2026-07-15 14:21:04+00:00,91.0,86.0,,21.2847419,72.9749533,25.600000381469727,-0.417,-0.883,0.051,,0.0,0.0,0.0,,,,,0.0,0.0,30.0,-3.700000000605996e-06,-0.0001022000000006,1.29,86.0,36.5,2
9323,SO-0801,Constable Vijay Raval,Constable,44,2026-07-15 14:21:34+00:00,97.0,79.0,,21.2847402,72.9750499,25.700000762939453,-0.415,-0.892,0.021,,0.0,0.0,0.0,,,,,0.0,0.0,30.0,-1.6999999985500835e-06,9.660000000621948e-05,1.22,79.0,36.5,2
9325,SO-0801,Constable Vijay Raval,Constable,44,2026-07-15 14:22:04+00:00,84.0,73.0,,21.2847412,72.9750389,25.700000762939453,-0.42,-0.884,0.042,,0.0,0.0,0.0,,,,,0.0,0.0,30.0,9.999999974752427e-07,-1.100000000064938e-05,0.14,73.0,36.5,0
9327,SO-0801,Constable Vijay Raval,Constable,44,2026-07-15 14:22:34+00:00,100.0,74.0,,21.2847416,72.9750538,25.700000762939453,-0.397,-0.892,-0.035,,0.0,0.0,0.0,,,,,0.0,0.0,30.0,4.000000011217253e-07,1.4899999996487168e-05,0.19,74.0,36.5,2
9329,SO-0801,Constable Vijay Raval,Constable,44,2026-07-15 14:23:04+00:00,92.0,87.0,,21.2847407,72.975046,25.700000762939453,-0.968,0.103,0.248,,0.0,0.0,0.0,,,,,0.0,0.0,30.0,-8.999999998593466e-07,-7.799999991675577e-06,0.1,87.0,36.5,2
9331,SO-0801,Constable Vijay Raval,Constable,44,2026-07-15 14:23:34+00:00,83.0,,,21.2847417,72.9750416,25.700000762939453,-0.952,0.1,0.279,,0.0,0.0,0.0,,,,,0.0,0.0,30.0,1.0000000010279564e-06,-4.4000000087862645e-06,0.06,87.0,36.5,0
9333,SO-0801,Constable Vijay Raval,Constable,44,2026-07-15 14:24:04+00:00,83.0,,,21.2847422,72.9750434,25.700000762939453,-0.958,0.097,0.278,,0.0,0.0,0.0,,,,,0.0,0.0,30.0,4.999999987376214e-07,1.8000000068241206e-06,0.02,87.0,36.5,0
9335,SO-0801,Constable Vijay Raval,Constable,44,2026-07-15 14:24:34+00:00,84.0,,,21.284742,72.9750458,25.700000762939453,-0.958,0.105,0.265,,0.0,0.0,0.0,,,,,0.0,0.0,30.0,-1.999999987845058e-07,2.3999999996249244e-06,0.03,87.0,36.5,0
9337,SO-0801,Constable Vijay Raval,Constable,44,2026-07-15 14:25:04+00:00,80.0,,,21.2847425,72.9750188,25.700000762939453,-0.944,0.074,0.328,,0.0,0.0,0.0,,,,,0.0,0.0,30.0,4.999999987376214e-07,-2.7000000002885827e-05,0.34,87.0,36.5,0
9339,SO-0801,Constable Vijay Raval,Constable,44,2026-07-15 14:25:34+00:00,81.0,,,21.2847413,72.9750335,25.700000762939453,-0.931,0.074,0.351,,0.0,0.0,0.0,,,,,0.0,0.0,30.0,-1.1999999998124622e-06,1.4699999994149948e-05,0.19,87.0,36.5,0
9341,SO-0801,Constable Vijay Raval,Constable,44,2026-07-15 14:26:04+00:00,82.0,,,21.2847456,72.9750571,25.700000762939453,-0.932,0.075,0.349,,0.0,0.0,0.0,,,,,0.0,0.0,30.0,4.300000000512227e-06,2.360000000578566e-05,0.3,87.0,36.5,0
9343,SO-0801,Constable Vijay Raval,Constable,44,2026-07-15 14:26:34+00:00,82.0,59.0,,21.284757,72.9749878,25.700000762939453,-0.729,0.105,0.704,,0.0,0.0,0.0,,,,,0.0,0.0,30.0,1.139999999821839e-05,-6.930000000693326e-05,0.89,59.0,36.5,0
9345,SO-0801,Constable Vijay Raval,Constable,44,2026-07-15 14:27:04+00:00,84.0,82.0,,21.2847424,72.9750344,25.700000762939453,-0.996,0.078,-0.125,,0.0,0.0,0.0,,,,,0.0,0.0,30.0,-1.4600000000086766e-05,4.660000000455966e-05,0.62,82.0,36.5,0
9347,SO-0801,Constable Vijay Raval,Constable,44,2026-07-15 14:27:34+00:00,85.0,85.0,,21.284746,72.9750361,25.700000762939453,-0.705,0.08,0.749,,0.0,0.0,0.0,,,,,0.0,0.0,30.0,3.5999999994373866e-06,1.6999999985500835e-06,0.05,85.0,36.5,0
9349,SO-0801,Constable Vijay Raval,Constable,44,2026-07-15 14:28:04+00:00,89.0,88.0,,21.2847415,72.9750329,25.700000762939453,-0.635,0.087,0.804,,0.0,0.0,0.0,,,,,0.0,0.0,30.0,-4.499999999296733e-06,-3.1999999947629476e-06,0.07,88.0,36.5,0
9351,SO-0801,Constable Vijay Raval,Constable,44,2026-07-15 14:28:33+00:00,91.0,72.0,,21.2847477,72.9749521,25.600000381469727,-0.671,-0.009,0.905,,0.0,0.0,0.0,,,,,0.0,0.0,29.0,6.2000000013995304e-06,-8.080000000632026e-05,1.06,72.0,36.5,2
9353,SO-0801,Constable Vijay Raval,Constable,44,2026-07-15 14:29:07+00:00,93.0,82.0,,21.2847425,72.9750211,25.700000762939453,-0.673,0.026,0.768,,0.0,0.0,0.0,,,,,0.0,0.0,34.0,-5.200000000371574e-06,6.900000001053286e-05,0.77,82.0,36.5,2
9355,SO-0801,Constable Vijay Raval,Constable,44,2026-07-15 14:29:34+00:00,90.0,84.0,,21.2847452,72.9750462,25.700000762939453,-0.986,0.025,0.03,,0.0,0.0,0.0,,,,,0.0,0.0,27.0,2.69999999957804e-06,2.509999998778767e-05,0.35,84.0,36.5,0
9357,SO-0801,Constable Vijay Raval,Constable,44,2026-07-15 14:30:04+00:00,86.0,84.0,,21.2847458,72.9750298,27.509532432861775,-0.573,-0.211,0.422,,0.0,0.0,0.0,,,,,0.0,0.0,30.0,5.999999999062311e-07,-1.6399999992700032e-05,0.21,84.0,36.5,0
9359,SO-0801,Constable Vijay Raval,Constable,44,2026-07-15 14:30:34+00:00,100.0,85.0,,21.2847435,72.9750481,25.700000762939453,-0.942,-0.28,-0.205,,0.0,0.0,0.0,,,,,0.0,0.0,30.0,-2.2999999984563142e-06,1.8299999993587335e-05,0.23,85.0,36.5,2
9361,SO-0801,Constable Vijay Raval,Constable,44,2026-07-15 14:31:04+00:00,93.0,88.0,,21.2847506,72.9750283,25.600000381469727,-0.918,-0.271,-0.193,,0.0,0.0,0.0,,,,,0.0,0.0,30.0,7.099999997706163e-06,-1.97999999898002e-05,0.27,88.0,36.5,2
9363,SO-0801,Constable Vijay Raval,Constable,44,2026-07-15 14:31:34+00:00,87.0,87.0,,21.2847461,72.9750443,25.700000762939453,-0.863,-0.271,-0.083,,0.0,0.0,0.0,,,,,0.0,0.0,30.0,-4.499999999296733e-06,1.5999999988025593e-05,0.21,87.0,36.5,0
9365,SO-0801,Constable Vijay Raval,Constable,44,2026-07-15 14:32:04+00:00,97.0,88.0,,21.2847458,72.9750339,25.700000762939453,-0.948,-0.238,-0.223,,0.0,0.0,0.0,,,,,0.0,0.0,30.0,-2.999999999531156e-07,-1.039999999363772e-05,0.13,88.0,36.5,2
9367,SO-0801,Constable Vijay Raval,Constable,44,2026-07-15 14:32:34+00:00,87.0,88.0,,21.2847455,72.9750429,25.700000762939453,-0.909,-0.252,-0.243,,0.0,0.0,0.0,,,,,0.0,0.0,30.0,-2.999999999531156e-07,9.000000005698894e-06,0.11,88.0,36.5,0
9369,SO-0801,Constable Vijay Raval,Constable,44,2026-07-15 14:33:04+00:00,87.0,87.0,,21.2847474,72.9750371,25.700000762939453,-0.917,-0.257,-0.2,,0.0,0.0,0.0,,,,,0.0,0.0,30.0,1.900000000887303e-06,-5.800000010935946e-06,0.08,87.0,36.5,0
9371,SO-0801,Constable Vijay Raval,Constable,44,2026-07-15 14:33:34+00:00,89.0,74.0,,21.2847444,72.9750329,25.700000762939453,-0.908,-0.238,-0.263,,0.0,0.0,0.0,,,,,0.0,0.0,30.0,-2.9999999995311555e-06,-4.19999999223819e-06,0.07,74.0,36.5,0
9373,SO-0801,Constable Vijay Raval,Constable,44,2026-07-15 14:34:04+00:00,93.0,83.0,,21.2847454,72.9750506,25.700000762939453,-0.86,-0.221,-0.218,,0.0,0.0,0.0,,,,,0.0,0.0,30.0,9.999999974752427e-07,1.770000000078653e-05,0.22,83.0,36.5,2
9375,SO-0801,Constable Vijay Raval,Constable,44,2026-07-15 14:34:34+00:00,84.0,87.0,,21.2847434,72.9750444,25.700000762939453,-0.918,-0.244,-0.274,,0.0,0.0,0.0,,,,,0.0,0.0,30.0,-1.999999998503199e-06,-6.2000000013995304e-06,0.08,87.0,36.5,0
9377,SO-0801,Constable Vijay Raval,Constable,44,2026-07-15 14:35:03+00:00,86.0,88.0,,21.2847455,72.9750107,25.700000762939453,-0.922,-0.219,-0.175,,0.0,0.0,0.0,,,,,0.0,0.0,29.0,2.099999999671809e-06,-3.370000000302298e-05,0.44,88.0,36.5,0
9379,SO-0801,Constable Vijay Raval,Constable,44,2026-07-15 14:35:33+00:00,94.0,82.0,,21.2841929,72.9742912,25.700000762939453,-1.045,0.06,0.271,,0.0,0.0,0.0,,,,,0.0,0.0,30.0,-0.0005525999999989,-0.0007195000000024,11.67,82.0,36.5,1
9381,SO-0801,Constable Vijay Raval,Constable,44,2026-07-15 14:36:04+00:00,90.0,88.0,,21.2847465,72.9749594,25.600000381469727,-0.656,0.146,0.777,,0.0,0.0,0.0,,,,,0.0,0.0,31.0,0.0005535999999999,0.0006682000000068,10.82,88.0,36.5,1
9383,SO-0801,Constable Vijay Raval,Constable,44,2026-07-15 14:36:34+00:00,92.0,83.0,,21.2847415,72.9750236,25.700000762939453,-0.678,0.158,0.76,,0.0,0.0,0.0,,,,,0.0,0.0,30.0,-5.000000001587068e-06,6.419999999707215e-05,0.81,83.0,36.5,2
9385,SO-0801,Constable Vijay Raval,Constable,44,2026-07-15 14:37:04+00:00,92.0,87.0,,21.2847412,72.9750222,25.700000762939453,-0.649,0.165,0.772,,0.0,0.0,0.0,,,,,0.0,0.0,30.0,-2.999999999531156e-07,-1.4000000021496817e-06,0.02,87.0,36.5,2
9387,SO-0801,Constable Vijay Raval,Constable,44,2026-07-15 14:37:34+00:00,91.0,79.0,,21.2847473,72.9750366,25.700000762939453,-0.625,0.167,0.803,,0.0,0.0,0.0,,,,,0.0,0.0,30.0,6.100000000230921e-06,1.4399999997749546e-05,0.2,79.0,36.5,2
9389,SO-0801,Constable Vijay Raval,Constable,44,2026-07-15 14:38:04+00:00,82.0,71.0,,21.2847443,72.9750329,25.700000762939453,-0.642,0.17,0.784,,0.0,0.0,0.0,,,,,0.0,0.0,30.0,-2.9999999995311555e-06,-3.699999993500569e-06,0.06,71.0,36.5,0
9391,SO-0801,Constable Vijay Raval,Constable,44,2026-07-15 14:38:34+00:00,86.0,67.0,,21.2847447,72.9750103,25.700000762939453,-0.646,0.171,0.771,,0.0,0.0,0.0,,,,,0.0,0.0,30.0,4.000000011217253e-07,-2.2600000008310417e-05,0.28,67.0,36.5,0
9394,SO-0801,Constable Vijay Raval,Constable,44,2026-07-15 14:39:04+00:00,84.0,62.0,,21.2847463,72.9750504,25.700000762939453,-0.702,0.187,0.72,,0.0,0.0,0.0,,,,,0.0,0.0,30.0,1.5999999973814738e-06,4.010000000675973e-05,0.51,62.0,36.5,0
9397,SO-0801,Constable Vijay Raval,Constable,44,2026-07-15 14:39:34+00:00,82.0,88.0,,21.2847459,72.9750413,25.700000762939453,-0.521,0.193,0.872,,0.0,0.0,0.0,,,,,0.0,0.0,30.0,-3.999999975690116e-07,-9.099999999762076e-06,0.11,88.0,36.5,0
9400,SO-0801,Constable Vijay Raval,Constable,44,2026-07-15 14:40:04+00:00,85.0,88.0,,21.2847461,72.975022,25.700000762939453,-0.501,0.188,0.887,,0.0,0.0,0.0,,,,,0.0,0.0,30.0,1.999999987845058e-07,-1.9300000005273432e-05,0.24,88.0,36.5,0
9403,SO-0801,Constable Vijay Raval,Constable,44,2026-07-15 14:40:33+00:00,83.0,88.0,,21.2847425,72.9750471,25.700000762939453,-0.545,0.184,0.852,,0.0,0.0,0.0,,,,,0.0,0.0,29.0,-3.5999999994373866e-06,2.5100000001998524e-05,0.33,88.0,36.5,0
9406,SO-0801,Constable Vijay Raval,Constable,44,2026-07-15 14:41:03+00:00,87.0,79.0,,21.284745,72.9750555,25.700000762939453,-0.553,0.184,0.851,,0.0,0.0,0.0,,,,,0.0,0.0,30.0,2.500000000793534e-06,8.399999998687235e-06,0.11,79.0,36.5,0
9409,SO-0801,Constable Vijay Raval,Constable,44,2026-07-15 14:41:34+00:00,88.0,81.0,,21.2847418,72.9750347,25.700000762939453,-0.562,0.182,0.847,,0.0,0.0,0.0,,,,,0.0,0.0,31.0,-3.200000001868375e-06,-2.0800000001486296e-05,0.26,81.0,36.5,0
9412,SO-0801,Constable Vijay Raval,Constable,44,2026-07-15 14:42:04+00:00,85.0,81.0,,21.2847465,72.9750439,25.700000762939453,-0.543,0.183,0.858,,0.0,0.0,0.0,,,,,0.0,0.0,30.0,4.700000001633953e-06,9.200000008036112e-06,0.13,81.0,36.5,0
9415,SO-0801,Constable Vijay Raval,Constable,44,2026-07-15 14:42:34+00:00,84.0,81.0,,21.2847459,72.975035,25.700000762939453,-0.532,0.181,0.863,,0.0,0.0,0.0,,,,,0.0,0.0,30.0,-5.999999999062311e-07,-8.899999997424857e-06,0.11,81.0,36.5,0
9418,SO-0801,Constable Vijay Raval,Constable,44,2026-07-15 14:43:04+00:00,86.0,84.0,,21.2847694,72.975075,25.700000762939453,-0.557,0.186,0.852,,0.0,0.0,0.0,,,,,0.0,0.0,30.0,2.3499999997511622e-05,3.999999999848569e-05,0.59,84.0,36.5,0
9421,SO-0801,Constable Vijay Raval,Constable,44,2026-07-15 14:43:34+00:00,83.0,69.0,,21.2847424,72.9750455,25.700000762939453,-0.562,0.182,0.849,,0.0,0.0,0.0,,,,,0.0,0.0,30.0,-2.6999999999333113e-05,-2.9500000010784788e-05,0.52,69.0,36.5,0
9424,SO-0801,Constable Vijay Raval,Constable,44,2026-07-15 14:44:04+00:00,81.0,71.0,,21.2847422,72.9750376,25.700000762939453,-0.567,0.174,0.839,,0.0,0.0,0.0,,,,,0.0,0.0,30.0,-1.999999987845058e-07,-7.899999999949614e-06,0.1,71.0,36.5,0
9427,SO-0801,Constable Vijay Raval,Constable,44,2026-07-15 14:44:33+00:00,82.0,64.0,,21.2847471,72.9749542,25.600000381469727,-0.556,0.177,0.855,,0.0,0.0,0.0,,,,,0.0,0.0,29.0,4.9000000004184585e-06,-8.339999999407155e-05,1.09,64.0,36.5,0
9430,SO-0801,Constable Vijay Raval,Constable,44,2026-07-15 14:45:03+00:00,95.0,88.0,,21.2847411,72.9750465,25.700000762939453,-0.451,0.198,0.907,,0.0,0.0,0.0,,,,,0.0,0.0,30.0,-5.999999999062311e-06,9.230000000570726e-05,1.16,88.0,36.5,2
9433,SO-0801,Constable Vijay Raval,Constable,44,2026-07-15 14:45:34+00:00,87.0,84.0,,21.2847422,72.9750438,25.700000762939453,-0.496,0.187,0.883,,0.0,0.0,0.0,,,,,0.0,0.0,31.0,1.0999999986438525e-06,-2.700000010236181e-06,0.04,84.0,36.5,0
9436,SO-0801,Constable Vijay Raval,Constable,44,2026-07-15 14:46:03+00:00,85.0,76.0,,21.2847448,72.9750525,25.700000762939453,-0.489,0.179,0.885,,0.0,0.0,0.0,,,,,0.0,0.0,29.0,2.59999999840943e-06,8.700000009298492e-06,0.12,76.0,36.5,0
9439,SO-0801,Constable Vijay Raval,Constable,44,2026-07-15 14:46:34+00:00,89.0,71.0,,21.2847415,72.9750341,25.700000762939453,-0.523,0.176,0.882,,0.0,0.0,0.0,,,,,0.0,0.0,31.0,-3.299999999484271e-06,-1.8400000001861372e-05,0.23,71.0,36.5,0
9442,SO-0801,Constable Vijay Raval,Constable,44,2026-07-15 14:47:04+00:00,85.0,88.0,,21.2847461,72.9750491,23.836597412343068,-0.365,0.173,0.955,,0.0,0.0,0.0,,,,,0.0,0.0,30.0,4.600000000465343e-06,1.5000000004761205e-05,0.2,88.0,36.5,0
9445,SO-0801,Constable Vijay Raval,Constable,44,2026-07-15 14:47:34+00:00,85.0,53.0,,21.284742,72.9750535,25.700000762939453,-0.385,0.176,0.945,,0.0,0.0,0.0,,,,,0.0,0.0,30.0,-4.099999998175008e-06,4.39999999457541e-06,0.08,53.0,36.5,0
9448,SO-0801,Constable Vijay Raval,Constable,44,2026-07-15 14:48:04+00:00,98.0,74.0,,21.2847451,72.9750545,25.700000762939453,-0.382,0.167,0.948,,0.0,0.0,0.0,,,,,0.0,0.0,30.0,3.0999999971470515e-06,9.999999974752427e-07,0.04,74.0,36.5,2
9451,SO-0801,Constable Vijay Raval,Constable,44,2026-07-15 14:48:34+00:00,92.0,79.0,,21.2847418,72.9750573,25.700000762939453,-0.39,0.17,0.95,,0.0,0.0,0.0,,,,,0.0,0.0,30.0,-3.299999999484271e-06,2.8000000042993634e-06,0.06,79.0,36.5,2
9454,SO-0801,Constable Vijay Raval,Constable,44,2026-07-15 14:49:04+00:00,84.0,79.0,,21.2847458,72.9750493,25.700000762939453,-0.378,0.166,0.953,,0.0,0.0,0.0,,,,,0.0,0.0,30.0,4.000000000559112e-06,-8.000000008223651e-06,0.11,79.0,36.5,0
9457,SO-0801,Constable Vijay Raval,Constable,44,2026-07-15 14:49:34+00:00,100.0,69.0,,21.2847442,72.9750392,25.700000762939453,-0.385,0.185,0.95,,0.0,0.0,0.0,,,,,0.0,0.0,30.0,-1.6000000009341877e-06,-1.009999999723732e-05,0.13,69.0,36.5,2
9460,SO-0801,Constable Vijay Raval,Constable,44,2026-07-15 14:50:04+00:00,82.0,72.0,,21.2847413,72.9750455,25.700000762939453,-0.373,0.179,0.957,,0.0,0.0,0.0,,,,,0.0,0.0,30.0,-2.8999999983625457e-06,6.299999995462713e-06,0.09,72.0,36.5,0
9463,SO-0801,Constable Vijay Raval,Constable,44,2026-07-15 14:50:34+00:00,82.0,88.0,,21.2847457,72.97505,25.700000762939453,-0.377,0.172,0.938,,0.0,0.0,0.0,,,,,0.0,0.0,30.0,4.3999999981281235e-06,4.500000002849447e-06,0.08,88.0,36.5,0
9466,SO-0801,Constable Vijay Raval,Constable,44,2026-07-15 14:51:04+00:00,88.0,88.0,,21.2847413,72.9750466,25.700000762939453,-0.368,0.179,0.954,,0.0,0.0,0.0,,,,,0.0,0.0,30.0,-4.3999999981281235e-06,-3.399999997100167e-06,0.07,88.0,36.5,0
9469,SO-0801,Constable Vijay Raval,Constable,44,2026-07-15 14:51:34+00:00,87.0,87.0,,21.2847412,72.9750482,25.700000762939453,-0.375,0.186,0.955,,0.0,0.0,0.0,,,,,0.0,0.0,30.0,-1.0000000116860974e-07,1.6000000044869012e-06,0.02,87.0,36.5,0
9473,SO-0801,Constable Vijay Raval,Constable,44,2026-07-15 14:52:05+00:00,88.0,56.0,,21.2847571,72.9750533,28.66084196435436,-0.077,0.981,0.002,,0.0,0.0,0.0,,,,,0.0,0.0,31.0,1.5900000001067838e-05,5.099999995650251e-06,0.21,56.0,36.5,0
9477,SO-0801,Constable Vijay Raval,Constable,44,2026-07-15 14:52:34+00:00,85.0,52.0,,21.2847981,72.9749609,25.700000762939453,-0.081,0.841,-0.04,,0.0,0.0,0.0,,,,,0.0,0.0,29.0,4.099999999951365e-05,-9.239999999977044e-05,1.33,52.0,36.5,0
9481,SO-0801,Constable Vijay Raval,Constable,44,2026-07-15 14:53:03+00:00,92.0,73.0,,21.2847981,72.9749609,25.700000762939453,-0.837,-0.069,-0.369,,0.0,0.0,0.0,,,,,0.0,0.0,29.0,0.0,0.0,0.0,73.0,36.5,2
9484,SO-0801,Constable Vijay Raval,Constable,44,2026-07-15 14:53:33+00:00,87.0,76.0,,21.2847617,72.9749249,26.0,-0.929,0.204,-0.096,,0.0,0.0,0.0,,,,,0.0,0.0,30.0,-3.6399999999048305e-05,-3.5999999994373866e-05,0.66,76.0,36.5,0
9488,SO-0801,Constable Vijay Raval,Constable,44,2026-07-15 14:54:03+00:00,83.0,78.0,,21.2847609,72.9749196,27.299999237060547,-0.949,0.222,-0.125,,0.0,0.0,0.0,,,,,0.0,0.0,30.0,-8.000000022434506e-07,-5.29999999798747e-06,0.07,78.0,36.5,0
9492,SO-0801,Constable Vijay Raval,Constable,44,2026-07-15 14:54:33+00:00,88.0,,,21.2847557,72.97492,26.0,-0.951,0.242,-0.061,,0.0,0.0,0.0,,,,,0.0,0.0,30.0,-5.19999999681886e-06,3.9999999046358425e-07,0.07,78.0,36.5,0
9496,SO-0801,Constable Vijay Raval,Constable,44,2026-07-15 14:55:03+00:00,84.0,86.0,,21.2847547,72.9749205,27.299999237060547,-1.179,0.031,0.383,,0.0,0.0,0.0,,,,,0.0,0.0,30.0,-1.0000000010279564e-06,4.999999987376214e-07,0.01,86.0,36.5,0
9501,SO-0801,Constable Vijay Raval,Constable,44,2026-07-15 14:55:33+00:00,81.0,80.0,,21.2847463,72.9749238,25.600000381469727,-0.833,-0.334,-0.2,,0.0,0.0,0.0,,,,,0.0,0.0,30.0,-8.400000002239949e-06,3.3000000030369847e-06,0.12,80.0,36.5,0
9504,SO-0801,Constable Vijay Raval,Constable,44,2026-07-15 14:56:03+00:00,90.0,88.0,,21.2847439,72.9749229,25.600000381469727,-0.884,-0.19,-0.391,,0.0,0.0,0.0,,,,,0.0,0.0,30.0,-2.3999999996249244e-06,-9.000000034120603e-07,0.03,88.0,36.5,0
9509,SO-0801,Constable Vijay Raval,Constable,44,2026-07-15 14:56:33+00:00,80.0,75.0,,21.2847439,72.9749131,28.0,-0.957,-0.217,-0.131,,0.0,0.0,0.0,,,,,0.0,0.0,30.0,0.0,-9.800000000836915e-06,0.12,75.0,36.5,0
9512,SO-0801,Constable Vijay Raval,Constable,44,2026-07-15 14:57:03+00:00,95.0,86.0,,21.2847335,72.9749169,25.600000381469727,-0.862,-0.288,-0.366,,0.0,0.0,0.0,,,,,0.0,0.0,30.0,-1.0399999997190434e-05,3.800000001774606e-06,0.15,86.0,36.5,2
9516,SO-0801,Constable Vijay Raval,Constable,44,2026-07-15 14:57:33+00:00,97.0,87.0,,21.284731,72.9749178,25.600000381469727,-0.872,-0.265,-0.353,,0.0,0.0,0.0,,,,,0.0,0.0,30.0,-2.500000000793534e-06,9.000000034120603e-07,0.04,87.0,36.5,2
26365,SO-0801,Constable Vijay Raval,Constable,44,2026-07-18 11:52:01+00:00,87.0,86.0,,21.1882243,72.9683637,25.700000762939453,-0.991,0.146,0.094,,0.0,0.0,0.0,,,,,0.0,0.0,248068.0,-0.096506699999999,-0.0065541000000024,0.0,86.0,36.5,0
26368,SO-0801,Constable Vijay Raval,Constable,44,2026-07-18 11:52:33+00:00,98.0,84.0,,21.1874612,72.9665408,25.700000762939453,-0.98,0.193,-0.034,,0.0,0.0,0.0,,,,,0.0,0.0,32.0,-0.0007631000000003,-0.0018228999999934,23.52,84.0,36.5,1
26371,SO-0801,Constable Vijay Raval,Constable,44,2026-07-18 11:53:03+00:00,96.0,86.0,,21.1882262,72.968358,26.0,0.018,0.701,1.067,,0.0,0.0,0.0,,,,,0.0,0.0,30.0,0.0007649999999976,0.0018171999999907,25.03,86.0,36.5,1
26374,SO-0801,Constable Vijay Raval,Constable,44,2026-07-18 11:53:34+00:00,99.0,76.0,,21.1874612,72.9665408,26.0,-0.717,0.003,-0.616,,0.0,0.0,0.0,,,,,0.0,0.0,31.0,-0.0007649999999976,-0.0018171999999907,24.23,76.0,36.5,1
26377,SO-0801,Constable Vijay Raval,Constable,44,2026-07-18 11:54:02+00:00,97.0,87.0,,21.1882803,72.9682668,26.0,-0.41,-0.858,0.18,,0.0,0.0,0.0,,,,,0.0,0.0,28.0,0.0008190999999975,0.0017259999999907,26.04,87.0,36.5,1
26380,SO-0801,Constable Vijay Raval,Constable,44,2026-07-18 11:54:31+00:00,93.0,87.0,,21.1881808,72.9683856,25.700000762939453,-0.672,-0.218,0.301,,0.0,0.0,0.0,,,,,0.0,0.0,29.0,-9.94999999974766e-05,0.0001188000000098,2.07,87.0,36.5,2
26385,SO-0801,Constable Vijay Raval,Constable,44,2026-07-18 11:55:33+00:00,94.0,87.0,,21.1882803,72.9682668,25.700000762939453,-0.743,0.646,-0.185,,0.0,0.0,0.0,,,,,0.0,0.0,62.0,9.94999999974766e-05,-0.0001188000000098,0.97,87.0,36.5,2
26388,SO-0801,Constable Vijay Raval,Constable,44,2026-07-18 11:56:02+00:00,96.0,58.0,,21.1882165,72.9683995,25.700000762939453,-0.178,0.563,0.045,,0.0,0.0,0.0,,,,,0.0,0.0,29.0,-6.379999999950314e-05,0.0001327000000088,1.94,58.0,36.5,2
26391,SO-0801,Constable Vijay Raval,Constable,44,2026-07-18 11:56:30+00:00,88.0,86.0,,21.1881329,72.9684125,25.700000762939453,-0.695,0.722,-0.229,,0.0,0.0,0.0,,,,,0.0,0.0,28.0,-8.359999999996148e-05,1.2999999995599865e-05,1.21,86.0,36.5,0
26394,SO-0801,Constable Vijay Raval,Constable,44,2026-07-18 11:57:01+00:00,100.0,82.0,,21.1882165,72.9684075,25.700000762939453,-0.508,-0.364,0.639,,0.0,0.0,0.0,,,,,0.0,0.0,31.0,8.359999999996148e-05,-5.000000001587068e-06,1.08,82.0,36.5,2
26397,SO-0801,Constable Vijay Raval,Constable,44,2026-07-18 11:57:31+00:00,86.0,77.0,,21.1881329,72.9684125,25.700000762939453,-0.808,-1.024,0.407,,0.0,0.0,0.0,,,,,0.0,0.0,30.0,-8.359999999996148e-05,5.000000001587068e-06,1.12,77.0,36.5,0
26404,SO-0801,Constable Vijay Raval,Constable,44,2026-07-18 11:58:59+00:00,97.0,88.0,,21.1889807,72.9676269,26.0,-0.73,-0.134,-0.595,,0.0,0.0,0.0,,,,,0.0,0.0,88.0,0.0008477999999989,-0.0007856000000003,5.12,88.0,36.5,1
26407,SO-0801,Constable Vijay Raval,Constable,44,2026-07-18 11:59:30+00:00,83.0,88.0,,21.1889505,72.9676231,26.0,-0.844,-0.076,-0.531,,0.0,0.0,0.0,,,,,0.0,0.0,31.0,-3.0199999997648778e-05,-3.800000001774606e-06,0.39,88.0,36.5,0
26410,SO-0801,Constable Vijay Raval,Constable,44,2026-07-18 11:59:59+00:00,89.0,88.0,,21.189104,72.9676566,26.100000381469727,-0.833,-0.071,-0.477,,0.0,0.0,0.0,,,,,0.0,0.0,29.0,0.0001534999999996,3.350000000068576e-05,2.16,88.0,36.5,0
26413,SO-0801,Constable Vijay Raval,Constable,44,2026-07-18 12:00:30+00:00,82.0,87.0,,21.1890819,72.9676647,26.100000381469727,-0.925,-0.037,-0.403,,0.0,0.0,0.0,,,,,0.0,0.0,31.0,-2.2099999998914654e-05,8.100000002286833e-06,0.3,87.0,36.5,0
26416,SO-0801,Constable Vijay Raval,Constable,44,2026-07-18 12:01:00+00:00,95.0,77.0,,21.1889339,72.9676828,26.100000381469727,-0.893,-0.022,-0.383,,0.0,0.0,0.0,,,,,0.0,0.0,30.0,-0.0001480000000029,1.810000000546097e-05,1.98,77.0,36.5,2
26419,SO-0801,Constable Vijay Raval,Constable,44,2026-07-18 12:01:30+00:00,86.0,66.0,,21.1891528,72.9676199,26.0,-0.466,-0.084,0.991,,0.0,0.0,0.0,,,,,0.0,0.0,30.0,0.0002189000000001,-6.290000000319651e-05,3.02,66.0,36.5,0
26422,SO-0801,Constable Vijay Raval,Constable,44,2026-07-18 12:02:00+00:00,96.0,88.0,,21.1900359,72.9668784,26.0,-0.185,0.31,0.945,,0.0,0.0,0.0,,,,,0.0,0.0,30.0,0.0008831000000029,-0.0007415000000037,15.01,88.0,36.5,1
26425,SO-0801,Constable Vijay Raval,Constable,44,2026-07-18 12:02:30+00:00,100.0,88.0,,21.1906814,72.9662445,26.399999618530273,-0.05,-0.126,0.933,,0.0,0.0,0.0,,,,,0.0,0.0,30.0,0.0006454999999974,-0.0006338999999968,11.73,88.0,36.5,1
26428,SO-0801,Constable Vijay Raval,Constable,44,2026-07-18 12:03:00+00:00,87.0,87.0,,21.1931027,72.9657204,26.700000762939453,-0.256,-0.707,0.799,,0.0,0.0,0.0,,,,,0.0,0.0,30.0,0.0024213000000017,-0.0005241000000069,32.92,87.0,36.5,1
26431,SO-0801,Constable Vijay Raval,Constable,44,2026-07-18 12:03:30+00:00,95.0,88.0,,21.1961823,72.965616,26.700000762939453,-0.344,-0.892,0.522,,0.0,0.0,0.0,,,,,0.0,0.0,30.0,0.0030795999999995,-0.0001043999999978,41.04,88.0,36.5,1
26434,SO-0801,Constable Vijay Raval,Constable,44,2026-07-18 12:04:00+00:00,89.0,88.0,,21.200532,72.9662869,26.700000762939453,-0.308,-0.713,0.491,,0.0,0.0,0.0,,,,,0.0,0.0,30.0,0.0043496999999987,0.0006709000000029,58.55,88.0,36.5,1
26437,SO-0801,Constable Vijay Raval,Constable,44,2026-07-18 12:04:30+00:00,86.0,88.0,,21.2052694,72.9669868,17.225830078125,-0.429,-0.742,0.489,,0.0,0.0,0.0,,,,,0.0,0.0,30.0,0.0047373999999997,0.0006999000000007,63.71,88.0,36.5,1
26440,SO-0801,Constable Vijay Raval,Constable,44,2026-07-18 12:05:00+00:00,88.0,88.0,,21.2099689,72.9676289,29.0,-0.162,-0.957,0.564,,0.0,0.0,0.0,,,,,0.0,0.0,30.0,0.0046995000000009,0.0006420999999932,63.12,88.0,36.5,1
26443,SO-0801,Constable Vijay Raval,Constable,44,2026-07-18 12:05:30+00:00,89.0,87.0,,21.2100697,72.9671654,30.200000762939453,-0.718,0.634,0.188,,0.0,0.0,0.0,,,,,0.0,0.0,30.0,0.0001007999999984,-0.000463499999995,5.98,87.0,36.5,1
26445,SO-0801,Constable Vijay Raval,Constable,44,2026-07-18 12:06:00+00:00,100.0,86.0,,21.2100764,72.9671692,30.200000762939453,-0.736,0.107,0.703,,0.0,0.0,0.0,,,,,0.0,0.0,30.0,6.700000000137152e-06,3.800000001774606e-06,0.1,86.0,36.5,2
26447,SO-0801,Constable Vijay Raval,Constable,44,2026-07-18 12:06:31+00:00,95.0,88.0,,21.2100934,72.9671676,30.200000762939453,-0.894,-0.147,-0.422,,0.0,0.0,0.0,,,,,0.0,0.0,31.0,1.7000000003264404e-05,-1.6000000044869012e-06,0.22,88.0,36.5,2
26450,SO-0801,Constable Vijay Raval,Constable,44,2026-07-18 12:07:00+00:00,98.0,81.0,,21.2100821,72.9671665,30.0,-0.191,1.648,2.0,,0.0,0.0,0.0,,,,,0.0,0.0,29.0,-1.1300000000602496e-05,-1.099999991538425e-06,0.16,81.0,36.5,1
26453,SO-0801,Constable Vijay Raval,Constable,44,2026-07-18 12:07:30+00:00,88.0,66.0,,21.2098242,72.9668723,30.399999618530273,-0.952,-0.091,0.257,,0.0,0.0,0.0,,,,,0.0,0.0,30.0,-0.0002579000000011,-0.000294199999999,5.05,66.0,36.5,1
26456,SO-0801,Constable Vijay Raval,Constable,44,2026-07-18 12:08:00+00:00,92.0,88.0,,21.2101168,72.9673748,30.200000762939453,-0.618,0.51,0.568,,0.0,0.0,0.0,,,,,0.0,0.0,30.0,0.0002926000000016,0.000502499999996,7.43,88.0,36.5,1
26459,SO-0801,Constable Vijay Raval,Constable,44,2026-07-18 12:08:30+00:00,91.0,85.0,,21.2101379,72.9674046,30.200000762939453,-0.557,0.553,0.666,,0.0,0.0,0.0,,,,,0.0,0.0,30.0,2.1099999997886695e-05,2.9799999992974335e-05,0.47,85.0,36.5,1
26462,SO-0801,Constable Vijay Raval,Constable,44,2026-07-18 12:09:00+00:00,83.0,88.0,,21.2101345,72.9673872,30.200000762939453,-0.41,0.681,0.607,,0.0,0.0,0.0,,,,,0.0,0.0,30.0,-3.4000000006528808e-06,-1.7399999990175274e-05,0.22,88.0,36.5,1
26465,SO-0801,Constable Vijay Raval,Constable,44,2026-07-18 12:09:30+00:00,97.0,88.0,,21.209981,72.967021,30.200000762939453,-0.653,0.599,0.568,,0.0,0.0,0.0,,,,,0.0,0.0,30.0,-0.0001534999999996,-0.0003662000000019,5.04,88.0,36.5,1
26470,SO-0801,Constable Vijay Raval,Constable,44,2026-07-18 12:10:30+00:00,100.0,88.0,,21.2100319,72.9672842,30.200000762939453,-0.452,0.458,0.634,,0.0,0.0,0.0,,,,,0.0,0.0,60.0,5.0900000001519174e-05,0.000263199999992,1.69,88.0,36.5,2
26473,SO-0801,Constable Vijay Raval,Constable,44,2026-07-18 12:11:00+00:00,86.0,79.0,,21.2100992,72.9673868,30.200000762939453,-0.327,0.73,0.7,,0.0,0.0,0.0,,,,,0.0,0.0,30.0,6.729999999777192e-05,0.0001026000000052,1.57,79.0,36.5,0
26477,SO-0801,Constable Vijay Raval,Constable,44,2026-07-18 12:11:30+00:00,100.0,68.0,,21.2101665,72.9674455,30.0,-0.756,0.083,-0.715,,0.0,0.0,0.0,,,,,0.0,0.0,30.0,6.730000000132463e-05,5.8699999996747465e-05,1.16,68.0,36.5,2
26478,SO-0801,Constable Vijay Raval,Constable,44,2026-07-18 12:12:00+00:00,98.0,84.0,,21.2098459,72.967355,30.399999618530273,-0.787,0.376,0.518,,0.0,0.0,0.0,,,,,0.0,0.0,30.0,-0.0003205999999984,-9.049999999888314e-05,4.42,84.0,36.5,2
26480,SO-0801,Constable Vijay Raval,Constable,44,2026-07-18 12:12:30+00:00,89.0,57.0,,21.210127,72.9674001,30.200000762939453,-0.877,0.349,0.402,,0.0,0.0,0.0,,,,,0.0,0.0,30.0,0.0002810999999987,4.51000000083468e-05,3.79,57.0,36.5,0
26482,SO-0801,Constable Vijay Raval,Constable,44,2026-07-18 12:13:00+00:00,91.0,78.0,,21.2100772,72.967365,30.200000762939453,-0.883,0.362,0.386,,0.0,0.0,0.0,,,,,0.0,0.0,30.0,-4.979999999932261e-05,-3.510000000517266e-05,0.8,78.0,36.5,2
26484,SO-0801,Constable Vijay Raval,Constable,44,2026-07-18 12:13:30+00:00,97.0,88.0,,21.2101668,72.9674396,30.0,-0.942,0.254,-0.102,,0.0,0.0,0.0,,,,,0.0,0.0,30.0,8.95999999990238e-05,7.460000000492073e-05,1.52,88.0,36.5,2
26486,SO-0801,Constable Vijay Raval,Constable,44,2026-07-18 12:14:00+00:00,96.0,81.0,,21.2100902,72.9673733,30.200000762939453,-0.894,0.353,-0.047,,0.0,0.0,0.0,,,,,0.0,0.0,30.0,-7.659999999987122e-05,-6.630000000029668e-05,1.32,81.0,36.5,2
26488,SO-0801,Constable Vijay Raval,Constable,44,2026-07-18 12:14:30+00:00,84.0,87.0,,21.210152,72.9674316,30.0,-0.953,0.333,-0.084,,0.0,0.0,0.0,,,,,0.0,0.0,30.0,6.180000000099994e-05,5.8299999992073026e-05,1.1,87.0,36.5,0
26490,SO-0801,Constable Vijay Raval,Constable,44,2026-07-18 12:15:01+00:00,96.0,87.0,,21.2101041,72.9671722,30.0,-0.911,-0.049,-0.372,,0.0,0.0,0.0,,,,,0.0,0.0,31.0,-4.790000000198802e-05,-0.0002594000000044,3.22,87.0,36.5,2
26492,SO-0801,Constable Vijay Raval,Constable,44,2026-07-18 12:15:30+00:00,100.0,88.0,,21.2101234,72.9674221,30.0,-0.461,0.717,0.585,,0.0,0.0,0.0,,,,,0.0,0.0,29.0,1.930000000172072e-05,0.0002499,3.26,88.0,36.5,2
26494,SO-0801,Constable Vijay Raval,Constable,44,2026-07-18 12:16:00+00:00,98.0,88.0,,21.2101566,72.9674189,30.0,-0.412,0.678,0.645,,0.0,0.0,0.0,,,,,0.0,0.0,30.0,3.3200000000732643e-05,-3.1999999947629476e-06,0.44,88.0,36.5,2
26497,SO-0801,Constable Vijay Raval,Constable,44,2026-07-18 12:16:30+00:00,99.0,85.0,,21.2101054,72.9671706,30.0,-0.454,-0.512,-0.662,,0.0,0.0,0.0,,,,,0.0,0.0,30.0,-5.120000000147229e-05,-0.0002482999999955,3.2,85.0,36.5,2
26499,SO-0801,Constable Vijay Raval,Constable,44,2026-07-18 12:16:59+00:00,91.0,85.0,,21.2098373,72.9669856,30.399999618530273,-0.861,-0.22,-0.45,,0.0,0.0,0.0,,,,,0.0,0.0,29.0,-0.0002680999999995,-0.0001850000000018,4.41,85.0,36.5,2
26502,SO-0801,Constable Vijay Raval,Constable,44,2026-07-18 12:17:30+00:00,92.0,88.0,,21.2101524,72.967424,30.0,-0.596,0.592,0.582,,0.0,0.0,0.0,,,,,0.0,0.0,31.0,0.0003150999999981,0.000438399999993,6.71,88.0,36.5,1
26505,SO-0801,Constable Vijay Raval,Constable,44,2026-07-18 12:17:59+00:00,85.0,87.0,,21.2098232,72.9670529,30.399999618530273,-0.526,0.687,0.62,,0.0,0.0,0.0,,,,,0.0,0.0,29.0,-0.0003291999999994,-0.0003710999999952,6.63,87.0,36.5,1
26508,SO-0801,Constable Vijay Raval,Constable,44,2026-07-18 12:18:28+00:00,82.0,87.0,,21.2101072,72.9671716,30.0,-0.546,0.687,0.586,,0.0,0.0,0.0,,,,,0.0,0.0,29.0,0.0002840000000006,0.0001187000000015,4.21,87.0,36.5,0
26511,SO-0801,Constable Vijay Raval,Constable,44,2026-07-18 12:19:00+00:00,100.0,53.0,,21.2101271,72.9673675,30.200000762939453,-0.638,0.547,0.575,,0.0,0.0,0.0,,,,,0.0,0.0,32.0,1.990000000162695e-05,0.0001958999999942,2.32,53.0,36.5,2
26514,SO-0801,Constable Vijay Raval,Constable,44,2026-07-18 12:19:30+00:00,86.0,86.0,,21.2101169,72.9673964,30.200000762939453,-0.685,0.562,0.578,,0.0,0.0,0.0,,,,,0.0,0.0,30.0,-1.0200000001958642e-05,2.890000000377313e-05,0.39,86.0,36.5,0
26517,SO-0801,Constable Vijay Raval,Constable,44,2026-07-18 12:20:00+00:00,91.0,72.0,,21.2101107,72.9671717,30.200000762939453,-0.678,-0.153,0.93,,0.0,0.0,0.0,,,,,0.0,0.0,30.0,-6.199999997846817e-06,-0.0002247000000039,2.83,72.0,36.5,2
26520,SO-0801,Constable Vijay Raval,Constable,44,2026-07-18 12:20:29+00:00,93.0,71.0,,21.2101435,72.9673875,30.200000762939453,-0.969,-0.173,0.064,,0.0,0.0,0.0,,,,,0.0,0.0,29.0,3.279999999961092e-05,0.0002158000000065,2.85,71.0,36.5,2
26523,SO-0801,Constable Vijay Raval,Constable,44,2026-07-18 12:20:59+00:00,95.0,76.0,,21.2098159,72.9670801,30.399999618530273,-0.663,-0.07,0.79,,0.0,0.0,0.0,,,,,0.0,0.0,30.0,-0.000327600000002,-0.0003073999999969,5.83,76.0,36.5,1
26526,SO-0801,Constable Vijay Raval,Constable,44,2026-07-18 12:21:30+00:00,100.0,87.0,,21.2101403,72.9671799,30.399999618530273,-0.785,0.138,0.832,,0.0,0.0,0.0,,,,,0.0,0.0,31.0,0.0003244000000002,9.980000000098244e-05,4.35,87.0,36.5,2
26529,SO-0801,Constable Vijay Raval,Constable,44,2026-07-18 12:22:00+00:00,96.0,79.0,,21.2101164,72.9671767,30.200000762939453,0.066,-0.24,1.052,,0.0,0.0,0.0,,,,,0.0,0.0,30.0,-2.3899999998633348e-05,-3.2000000089738023e-06,0.32,79.0,36.5,2
26532,SO-0801,Constable Vijay Raval,Constable,44,2026-07-18 12:22:30+00:00,92.0,88.0,,21.2101467,72.9674293,30.0,-0.825,0.11,0.55,,0.0,0.0,0.0,,,,,0.0,0.0,30.0,3.0299999998817384e-05,0.0002526000000102,3.2,88.0,36.5,2
26535,SO-0801,Constable Vijay Raval,Constable,44,2026-07-18 12:23:01+00:00,100.0,85.0,,21.2101219,72.9673634,30.200000762939453,-0.595,-0.107,0.817,,0.0,0.0,0.0,,,,,0.0,0.0,31.0,-2.4799999998492694e-05,-6.590000000983309e-05,0.86,85.0,36.5,2
26538,SO-0801,Constable Vijay Raval,Constable,44,2026-07-18 12:23:31+00:00,88.0,83.0,,21.2099887,72.9672071,30.200000762939453,-0.919,0.061,0.524,,0.0,0.0,0.0,,,,,0.0,0.0,30.0,-0.0001332000000004,-0.0001563000000004,2.65,83.0,36.5,0
26541,SO-0801,Constable Vijay Raval,Constable,44,2026-07-18 12:24:01+00:00,94.0,88.0,,21.2101333,72.9671822,30.200000762939453,-0.831,0.101,0.347,,0.0,0.0,0.0,,,,,0.0,0.0,30.0,0.0001445999999987,-2.4899999999661304e-05,1.95,88.0,36.5,2
26543,SO-0801,Constable Vijay Raval,Constable,44,2026-07-18 12:24:30+00:00,100.0,72.0,,21.2101341,72.9671802,30.399999618530273,-0.915,-0.041,0.455,,0.0,0.0,0.0,,,,,0.0,0.0,29.0,8.000000022434506e-07,-1.9999999949504854e-06,0.03,72.0,36.5,2
26545,SO-0801,Constable Vijay Raval,Constable,44,2026-07-18 12:25:00+00:00,95.0,88.0,,21.2101227,72.9671861,30.200000762939453,-0.776,-0.115,0.699,,0.0,0.0,0.0,,,,,0.0,0.0,30.0,-1.1400000001771105e-05,5.900000004999129e-06,0.17,88.0,36.5,2
26547,SO-0801,Constable Vijay Raval,Constable,44,2026-07-18 12:25:30+00:00,92.0,67.0,,21.2101243,72.9671865,30.200000762939453,-0.609,0.36,0.72,,0.0,0.0,0.0,,,,,0.0,0.0,30.0,1.6000000009341877e-06,3.9999999046358425e-07,0.02,67.0,36.5,2
26549,SO-0801,Constable Vijay Raval,Constable,44,2026-07-18 12:26:00+00:00,84.0,88.0,,21.2101208,72.9671882,30.200000762939453,-0.727,0.089,0.69,,0.0,0.0,0.0,,,,,0.0,0.0,30.0,-3.5000000018214905e-06,1.6999999985500835e-06,0.05,88.0,36.5,0
26551,SO-0801,Constable Vijay Raval,Constable,44,2026-07-18 12:26:30+00:00,96.0,80.0,,21.2101188,72.9671866,30.200000762939453,-0.091,-0.653,0.518,,0.0,0.0,0.0,,,,,0.0,0.0,30.0,-1.999999998503199e-06,-1.5999999902760464e-06,0.03,80.0,36.5,2
26553,SO-0801,Constable Vijay Raval,Constable,44,2026-07-18 12:27:00+00:00,95.0,88.0,,21.2101197,72.9671856,30.200000762939453,-0.907,0.198,0.556,,0.0,0.0,0.0,,,,,0.0,0.0,30.0,8.999999998593466e-07,-1.0000000116860974e-06,0.02,88.0,36.5,2
26555,SO-0801,Constable Vijay Raval,Constable,44,2026-07-18 12:27:30+00:00,87.0,87.0,,21.2101196,72.9671817,30.200000762939453,-0.635,0.007,0.678,,0.0,0.0,0.0,,,,,0.0,0.0,30.0,-1.0000000116860974e-07,-3.8999999958377884e-06,0.05,87.0,36.5,0
26557,SO-0801,Constable Vijay Raval,Constable,44,2026-07-18 12:28:00+00:00,100.0,85.0,,21.2099777,72.9644049,30.200000762939453,-0.455,-0.822,0.527,,0.0,0.0,0.0,,,,,0.0,0.0,30.0,-0.0001418999999991,-0.0027767999999923,34.99,85.0,36.5,1
26559,SO-0801,Constable Vijay Raval,Constable,44,2026-07-18 12:28:30+00:00,89.0,86.0,,21.2096511,72.9594116,30.200000762939453,-0.386,-0.837,0.315,,0.0,0.0,0.0,,,,,0.0,0.0,30.0,-0.000326600000001,-0.0049933000000095,62.98,86.0,36.5,1
26561,SO-0801,Constable Vijay Raval,Constable,44,2026-07-18 12:29:01+00:00,96.0,86.0,,21.2093581,72.9560511,30.200000762939453,-0.865,0.06,0.524,,0.0,0.0,0.0,,,,,0.0,0.0,31.0,-0.0002929999999992,-0.0033604999999994,41.1,86.0,36.5,1
26563,SO-0801,Constable Vijay Raval,Constable,44,2026-07-18 12:29:31+00:00,88.0,86.0,,21.2091623,72.9521641,30.200000762939453,-0.998,-0.034,0.391,,0.0,0.0,0.0,,,,,0.0,0.0,30.0,-0.0001958000000001,-0.0038869999999917,48.98,86.0,36.5,1
26565,SO-0801,Constable Vijay Raval,Constable,44,2026-07-18 12:30:00+00:00,99.0,88.0,,21.2099545,72.9495383,30.200000762939453,-0.693,0.074,0.619,,0.0,0.0,0.0,,,,,0.0,0.0,29.0,0.0007921999999993,-0.0026258000000041,35.88,88.0,36.5,1
26567,SO-0801,Constable Vijay Raval,Constable,44,2026-07-18 12:30:30+00:00,90.0,87.0,,21.2110632,72.9459783,30.200000762939453,-0.347,-0.899,0.485,,0.0,0.0,0.0,,,,,0.0,0.0,30.0,0.0011087000000031,-0.0035600000000073,47.17,87.0,36.5,1
26569,SO-0801,Constable Vijay Raval,Constable,44,2026-07-18 12:31:00+00:00,100.0,88.0,,21.212213,72.9420454,30.200000762939453,-0.319,-0.809,0.324,,0.0,0.0,0.0,,,,,0.0,0.0,30.0,0.0011497999999967,-0.0039328999999952,51.8,88.0,36.5,1
26571,SO-0801,Constable Vijay Raval,Constable,44,2026-07-18 12:31:30+00:00,89.0,78.0,,21.2135537,72.937157,30.200000762939453,-0.408,-0.787,0.481,,0.0,0.0,0.0,,,,,0.0,0.0,30.0,0.0013407,-0.0048883999999986,64.05,78.0,36.5,1
26573,SO-0801,Constable Vijay Raval,Constable,44,2026-07-18 12:32:00+00:00,94.0,84.0,,21.2134747,72.9334513,30.200000762939453,-0.137,-0.494,0.396,,0.0,0.0,0.0,,,,,0.0,0.0,30.0,-7.899999999949614e-05,-0.0037056999999975,46.64,84.0,36.5,1
26575,SO-0801,Constable Vijay Raval,Constable,44,2026-07-18 12:32:30+00:00,89.0,85.0,,21.2131353,72.9295485,23.899999618530273,-0.319,-0.99,0.552,,0.0,0.0,0.0,,,,,0.0,0.0,30.0,-0.0003393999999978,-0.0039028000000058,49.32,85.0,36.5,1
26577,SO-0801,Constable Vijay Raval,Constable,44,2026-07-18 12:33:00+00:00,96.0,83.0,,21.2127892,72.9244124,25.600000381469727,-0.234,-0.856,0.503,,0.0,0.0,0.0,,,,,0.0,0.0,30.0,-0.0003461000000015,-0.0051361000000014,64.79,83.0,36.5,1
26579,SO-0801,Constable Vijay Raval,Constable,44,2026-07-18 12:33:30+00:00,94.0,88.0,,21.2124898,72.9206248,23.399999618530273,-0.402,-0.933,0.347,,0.0,0.0,0.0,,,,,0.0,0.0,30.0,-0.0002993999999993,-0.0037875999999954,47.83,88.0,36.5,1
26581,SO-0801,Constable Vijay Raval,Constable,44,2026-07-18 12:34:01+00:00,96.0,83.0,,21.2123656,72.918232,23.200000762939453,-0.27,-0.928,0.402,,0.0,0.0,0.0,,,,,0.0,0.0,31.0,-0.0001242000000019,-0.0023927999999955,29.18,83.0,36.5,1
26583,SO-0801,Constable Vijay Raval,Constable,44,2026-07-18 12:34:30+00:00,92.0,88.0,,21.2122231,72.9155664,23.200000762939453,-0.263,-0.857,0.571,,0.0,0.0,0.0,,,,,0.0,0.0,29.0,-0.000142499999999,-0.0026656000000002,34.75,88.0,36.5,1
26585,SO-0801,Constable Vijay Raval,Constable,44,2026-07-18 12:35:00+00:00,96.0,87.0,,21.2118424,72.9142054,23.200000762939453,-0.958,-0.411,-0.192,,0.0,0.0,0.0,,,,,0.0,0.0,30.0,-0.0003807000000008,-0.0013610000000028,17.86,87.0,36.5,1
26587,SO-0801,Constable Vijay Raval,Constable,44,2026-07-18 12:35:30+00:00,90.0,88.0,,21.2082463,72.913647,21.899999618530273,-0.743,-0.578,-0.237,,0.0,0.0,0.0,,,,,0.0,0.0,30.0,-0.0035960999999993,-0.0005584000000027,48.41,88.0,36.5,1
26589,SO-0801,Constable Vijay Raval,Constable,44,2026-07-18 12:36:01+00:00,95.0,88.0,,21.2047355,72.9138613,21.899999618530273,-0.505,-0.479,0.884,,0.0,0.0,0.0,,,,,0.0,0.0,31.0,-0.0035107999999972,0.0002142999999961,45.33,88.0,36.5,1
26591,SO-0801,Constable Vijay Raval,Constable,44,2026-07-18 12:36:30+00:00,87.0,88.0,,21.2009644,72.9144905,21.0,-0.896,-0.342,-0.037,,0.0,0.0,0.0,,,,,0.0,0.0,29.0,-0.0037711000000015,0.0006292000000058,52.6,88.0,36.5,1
26593,SO-0801,Constable Vijay Raval,Constable,44,2026-07-18 12:37:01+00:00,83.0,85.0,,21.1997941,72.9144961,18.399999618530273,-0.922,-0.189,-0.536,,0.0,0.0,0.0,,,,,0.0,0.0,31.0,-0.0011703000000018,5.599999994387872e-06,15.09,85.0,36.5,1
26597,SO-0801,Constable Vijay Raval,Constable,44,2026-07-18 12:37:30+00:00,84.0,66.0,,21.20015,72.915069,18.399999618530273,-0.921,-0.242,0.167,,0.0,0.0,0.0,,,,,0.0,0.0,29.0,0.0003559000000024,0.0005729000000087,8.93,66.0,36.5,1
26601,SO-0801,Constable Vijay Raval,Constable,44,2026-07-18 12:38:01+00:00,94.0,73.0,,21.20015,72.915069,17.899999618530273,-0.565,0.833,0.145,,0.0,0.0,0.0,,,,,0.0,0.0,31.0,0.0,0.0,0.0,73.0,36.5,2
26605,SO-0801,Constable Vijay Raval,Constable,44,2026-07-18 12:38:30+00:00,81.0,86.0,,21.2000342,72.9152267,17.899999618530273,-0.561,0.267,0.826,,0.0,0.0,0.0,,,,,0.0,0.0,29.0,-0.0001157999999996,0.0001577000000025,2.6,86.0,36.5,0
26609,SO-0801,Constable Vijay Raval,Constable,44,2026-07-18 12:39:00+00:00,94.0,88.0,,21.2001228,72.9152037,17.899999618530273,-0.392,1.093,0.012,,0.0,0.0,0.0,,,,,0.0,0.0,30.0,8.859999999799584e-05,-2.2999999998774e-05,1.22,88.0,36.5,2
26613,SO-0801,Constable Vijay Raval,Constable,44,2026-07-18 12:39:30+00:00,100.0,87.0,,21.2000846,72.9151969,17.899999618530273,-0.612,0.79,0.138,,0.0,0.0,0.0,,,,,0.0,0.0,30.0,-3.8199999998767e-05,-6.800000008411189e-06,0.52,87.0,36.5,2
26617,SO-0801,Constable Vijay Raval,Constable,44,2026-07-18 12:40:00+00:00,96.0,85.0,,21.2000909,72.9151925,17.899999618530273,-0.675,0.769,-0.04,,0.0,0.0,0.0,,,,,0.0,0.0,30.0,6.2999999990154265e-06,-4.39999999457541e-06,0.1,85.0,36.5,2
26621,SO-0801,Constable Vijay Raval,Constable,44,2026-07-18 12:40:30+00:00,85.0,85.0,,21.2000934,72.9151862,15.499996185302734,-0.766,0.767,-0.035,,0.0,0.0,0.0,,,,,0.0,0.0,30.0,2.500000000793534e-06,-6.3000000096735675e-06,0.09,85.0,36.5,0
26625,SO-0801,Constable Vijay Raval,Constable,44,2026-07-18 12:41:00+00:00,100.0,84.0,,21.2000898,72.9151805,17.899999618530273,-0.428,0.73,0.421,,0.0,0.0,0.0,,,,,0.0,0.0,30.0,-3.5999999994373866e-06,-5.699999988451054e-06,0.09,84.0,36.5,2
26629,SO-0801,Constable Vijay Raval,Constable,44,2026-07-18 12:41:30+00:00,99.0,88.0,,21.2000848,72.9151764,17.899999618530273,-0.691,0.092,-0.659,,0.0,0.0,0.0,,,,,0.0,0.0,30.0,-5.000000001587068e-06,-4.100000012385863e-06,0.08,88.0,36.5,2
26632,SO-0801,Constable Vijay Raval,Constable,44,2026-07-18 12:42:00+00:00,98.0,86.0,,21.2000872,72.9151767,17.899999618530273,-0.696,0.756,-0.068,,0.0,0.0,0.0,,,,,0.0,0.0,30.0,2.3999999996249244e-06,3.000000106112566e-07,0.03,86.0,36.5,2
26635,SO-0801,Constable Vijay Raval,Constable,44,2026-07-18 12:42:30+00:00,100.0,86.0,,21.2000868,72.9151776,17.899999618530273,0.066,-0.693,0.464,,0.0,0.0,0.0,,,,,0.0,0.0,30.0,-3.999999975690116e-07,9.000000034120603e-07,0.01,86.0,36.5,2
26638,SO-0801,Constable Vijay Raval,Constable,44,2026-07-18 12:43:00+00:00,91.0,88.0,,21.2000868,72.9151776,17.899999618530273,-0.72,0.231,-0.637,,0.0,0.0,0.0,,,,,0.0,0.0,30.0,0.0,0.0,0.0,88.0,36.5,2
26642,SO-0801,Constable Vijay Raval,Constable,44,2026-07-18 12:43:30+00:00,99.0,79.0,,21.2000885,72.9151761,17.899999618530273,-0.662,0.768,0.12,,0.0,0.0,0.0,,,,,0.0,0.0,30.0,1.6999999985500835e-06,-1.5000000104237188e-06,0.03,79.0,36.5,2
26646,SO-0801,Constable Vijay Raval,Constable,44,2026-07-18 12:44:01+00:00,93.0,88.0,,21.2000885,72.9151761,17.899999618530273,-0.495,-0.257,-0.978,,0.0,0.0,0.0,,,,,0.0,0.0,31.0,0.0,0.0,0.0,88.0,36.5,2
26648,SO-0801,Constable Vijay Raval,Constable,44,2026-07-18 12:44:30+00:00,82.0,83.0,,21.2000889,72.9151775,17.899999618530273,-0.673,0.751,0.133,,0.0,0.0,0.0,,,,,0.0,0.0,29.0,4.000000011217253e-07,1.4000000021496817e-06,0.02,83.0,36.5,0
26651,SO-0801,Constable Vijay Raval,Constable,44,2026-07-18 12:45:00+00:00,95.0,74.0,,21.2000935,72.9151812,19.100000381469727,-0.425,0.45,0.125,,0.0,0.0,0.0,,,,,0.0,0.0,30.0,4.600000000465343e-06,3.700000007711424e-06,0.08,74.0,36.5,2
26654,SO-0801,Constable Vijay Raval,Constable,44,2026-07-18 12:45:30+00:00,100.0,70.0,,21.2002115,72.9155887,17.899999618530273,-0.299,1.06,-0.125,,0.0,0.0,0.0,,,,,0.0,0.0,30.0,0.0001180000000005,0.0004074999999943,5.36,70.0,36.5,1
26657,SO-0801,Constable Vijay Raval,Constable,44,2026-07-18 12:46:01+00:00,87.0,78.0,,21.1997786,72.9145351,19.100000381469727,-0.465,0.885,0.177,,0.0,0.0,0.0,,,,,0.0,0.0,31.0,-0.0004329000000034,-0.0010536000000058,13.99,78.0,36.5,1
26660,SO-0801,Constable Vijay Raval,Constable,44,2026-07-18 12:46:31+00:00,89.0,84.0,,21.1998598,72.9145488,18.600000381469727,-0.455,0.903,0.146,,0.0,0.0,0.0,,,,,0.0,0.0,30.0,8.120000000033656e-05,1.370000001088556e-05,1.1,84.0,36.5,0
26663,SO-0801,Constable Vijay Raval,Constable,44,2026-07-18 12:47:01+00:00,83.0,72.0,,21.1998326,72.9144031,17.899999618530273,-0.465,0.94,0.125,,0.0,0.0,0.0,,,,,0.0,0.0,30.0,-2.719999999811762e-05,-0.0001457000000044,1.87,72.0,36.5,0
26667,SO-0801,Constable Vijay Raval,Constable,44,2026-07-18 12:47:31+00:00,96.0,72.0,,21.1997903,72.9146358,19.100000381469727,-0.029,-0.926,0.328,,0.0,0.0,0.0,,,,,0.0,0.0,30.0,-4.230000000049472e-05,0.0002326999999979,2.98,72.0,36.5,2
26671,SO-0801,Constable Vijay Raval,Constable,44,2026-07-18 12:48:00+00:00,88.0,87.0,,21.1998062,72.9144132,18.399999618530273,-0.263,0.979,-0.016,,0.0,0.0,0.0,,,,,0.0,0.0,29.0,1.5900000001067838e-05,-0.0002226000000007,2.91,87.0,36.5,0
26675,SO-0801,Constable Vijay Raval,Constable,44,2026-07-18 12:48:30+00:00,89.0,85.0,,21.2002206,72.9157279,18.399999618530273,-0.438,0.896,-0.102,,0.0,0.0,0.0,,,,,0.0,0.0,30.0,0.0004144000000003,0.0013146999999946,17.44,85.0,36.5,1
26679,SO-0801,Constable Vijay Raval,Constable,44,2026-07-18 12:49:00+00:00,90.0,55.0,,21.2004967,72.9157612,19.100000381469727,-0.466,0.748,0.153,,0.0,0.0,0.0,,,,,0.0,0.0,30.0,0.0002760999999971,3.3300000012559394e-05,3.7,55.0,36.5,0
26683,SO-0801,Constable Vijay Raval,Constable,44,2026-07-18 12:49:30+00:00,95.0,69.0,,21.200422,72.9157057,19.100000381469727,-0.435,0.887,0.187,,0.0,0.0,0.0,,,,,0.0,0.0,30.0,-7.469999999898391e-05,-5.550000000198452e-05,1.22,69.0,36.5,2
26687,SO-0801,Constable Vijay Raval,Constable,44,2026-07-18 12:50:00+00:00,92.0,72.0,,21.200422,72.9157057,19.299999237060547,-0.413,0.915,0.112,,0.0,0.0,0.0,,,,,0.0,0.0,30.0,0.0,0.0,0.0,72.0,36.5,2
26691,SO-0801,Constable Vijay Raval,Constable,44,2026-07-18 12:50:30+00:00,84.0,68.0,,21.2003571,72.9157031,19.299999237060547,-0.451,0.907,0.153,,0.0,0.0,0.0,,,,,0.0,0.0,30.0,-6.4899999998147e-05,-2.600000001962144e-06,0.87,68.0,36.5,0
26695,SO-0801,Constable Vijay Raval,Constable,44,2026-07-18 12:51:01+00:00,96.0,86.0,,21.2003571,72.9157031,17.899999618530273,-0.198,0.62,0.157,,0.0,0.0,0.0,,,,,0.0,0.0,31.0,0.0,0.0,0.0,86.0,36.5,2
26699,SO-0801,Constable Vijay Raval,Constable,44,2026-07-18 12:51:31+00:00,100.0,73.0,,21.2003571,72.9157031,28.399999618530273,-0.862,-0.455,0.37,,0.0,0.0,0.0,,,,,0.0,0.0,30.0,0.0,0.0,0.0,73.0,36.5,2
26703,SO-0801,Constable Vijay Raval,Constable,44,2026-07-18 12:52:00+00:00,90.0,85.0,,21.1998207,72.9158292,28.399999618530273,-0.357,0.919,0.228,,0.0,0.0,0.0,,,,,0.0,0.0,29.0,-0.0005364000000014,0.0001261000000027,7.57,85.0,36.5,1
26707,SO-0801,Constable Vijay Raval,Constable,44,2026-07-18 12:52:30+00:00,92.0,87.0,,21.1998041,72.91589,28.399999618530273,-0.416,0.898,0.188,,0.0,0.0,0.0,,,,,0.0,0.0,30.0,-1.6599999998589965e-05,6.079999999997199e-05,0.8,87.0,36.5,2
26711,SO-0801,Constable Vijay Raval,Constable,44,2026-07-18 12:53:00+00:00,99.0,80.0,,21.1998198,72.9143367,17.899999618530273,-1.03,-0.673,-0.392,,0.0,0.0,0.0,,,,,0.0,0.0,30.0,1.5699999998730618e-05,-0.0015532999999976,19.55,80.0,36.5,1
26715,SO-0801,Constable Vijay Raval,Constable,44,2026-07-18 12:53:30+00:00,91.0,85.0,,21.1998032,72.9143323,17.899999618530273,-0.427,0.694,0.105,,0.0,0.0,0.0,,,,,0.0,0.0,30.0,-1.6599999998589965e-05,-4.4000000087862645e-06,0.23,85.0,36.5,2
26719,SO-0801,Constable Vijay Raval,Constable,44,2026-07-18 12:54:01+00:00,95.0,81.0,,21.1998302,72.9143722,17.899999618530273,-0.214,0.501,0.037,,0.0,0.0,0.0,,,,,0.0,0.0,31.0,2.6999999999333113e-05,3.990000000442251e-05,0.6,81.0,36.5,2
26723,SO-0801,Constable Vijay Raval,Constable,44,2026-07-18 12:54:30+00:00,95.0,54.0,,21.1997307,72.9142146,17.899999618530273,-0.544,0.761,0.227,,0.0,0.0,0.0,,,,,0.0,0.0,29.0,-9.950000000102932e-05,-0.0001576000000085,2.47,54.0,36.5,2
26727,SO-0801,Constable Vijay Raval,Constable,44,2026-07-18 12:55:00+00:00,97.0,81.0,,21.1998125,72.9146129,19.100000381469727,-0.426,0.909,0.114,,0.0,0.0,0.0,,,,,0.0,0.0,30.0,8.180000000024279e-05,0.0003983000000005,5.13,81.0,36.5,1
26731,SO-0801,Constable Vijay Raval,Constable,44,2026-07-18 12:55:30+00:00,95.0,76.0,,21.2001704,72.9156956,19.100000381469727,-0.42,0.922,0.091,,0.0,0.0,0.0,,,,,0.0,0.0,30.0,0.0003579000000009,0.0010827000000119,14.43,76.0,36.5,1
26735,SO-0801,Constable Vijay Raval,Constable,44,2026-07-18 12:56:00+00:00,82.0,86.0,,21.2001704,72.9156956,19.100000381469727,-0.436,0.917,0.087,,0.0,0.0,0.0,,,,,0.0,0.0,30.0,0.0,0.0,0.0,86.0,36.5,0
26739,SO-0801,Constable Vijay Raval,Constable,44,2026-07-18 12:56:30+00:00,86.0,88.0,,21.2001817,72.9157026,19.100000381469727,-0.41,0.935,0.09,,0.0,0.0,0.0,,,,,0.0,0.0,30.0,1.1300000000602496e-05,6.999999996537554e-06,0.17,88.0,36.5,0
26743,SO-0801,Constable Vijay Raval,Constable,44,2026-07-18 12:57:00+00:00,81.0,80.0,,21.2001891,72.915711,18.399999618530273,-0.304,0.727,-0.041,,0.0,0.0,0.0,,,,,0.0,0.0,30.0,7.399999997659279e-06,8.399999998687235e-06,0.14,80.0,36.5,0
26747,SO-0801,Constable Vijay Raval,Constable,44,2026-07-18 12:57:30+00:00,88.0,78.0,,21.2001983,72.915718,18.399999618530273,-0.313,0.97,0.182,,0.0,0.0,0.0,,,,,0.0,0.0,30.0,9.200000000930686e-06,6.999999996537554e-06,0.15,78.0,36.5,0
26751,SO-0801,Constable Vijay Raval,Constable,44,2026-07-18 12:58:01+00:00,97.0,86.0,,21.2001983,72.915718,18.399999618530273,-0.384,0.915,0.2,,0.0,0.0,0.0,,,,,0.0,0.0,31.0,0.0,0.0,0.0,86.0,36.5,2
26755,SO-0801,Constable Vijay Raval,Constable,44,2026-07-18 12:58:30+00:00,96.0,86.0,,21.2002191,72.915728,18.399999618530273,-0.93,0.237,0.314,,0.0,0.0,0.0,,,,,0.0,0.0,29.0,2.0800000001486296e-05,1.0000000003174137e-05,0.31,86.0,36.5,2
26759,SO-0801,Constable Vijay Raval,Constable,44,2026-07-18 12:59:01+00:00,100.0,83.0,,21.2002191,72.915728,18.399999618530273,-0.347,0.91,0.067,,0.0,0.0,0.0,,,,,0.0,0.0,31.0,0.0,0.0,0.0,83.0,36.5,2
26763,SO-0801,Constable Vijay Raval,Constable,44,2026-07-18 12:59:30+00:00,99.0,84.0,,21.2002218,72.91573,18.399999618530273,0.004,0.244,-0.014,,0.0,0.0,0.0,,,,,0.0,0.0,29.0,2.69999999957804e-06,1.9999999949504854e-06,0.05,84.0,36.5,2
26767,SO-0801,Constable Vijay Raval,Constable,44,2026-07-18 13:00:01+00:00,99.0,65.0,,21.2002218,72.91573,17.899999618530273,-0.655,0.594,0.278,,0.0,0.0,0.0,,,,,0.0,0.0,31.0,0.0,0.0,0.0,65.0,36.5,2
26771,SO-0801,Constable Vijay Raval,Constable,44,2026-07-18 13:00:30+00:00,91.0,76.0,,21.2002241,72.9157273,17.899999618530273,-0.403,0.927,0.156,,0.0,0.0,0.0,,,,,0.0,0.0,29.0,2.2999999984563142e-06,-2.6999999960253263e-06,0.05,76.0,36.5,2
26775,SO-0801,Constable Vijay Raval,Constable,44,2026-07-18 13:01:00+00:00,99.0,77.0,,21.200247,72.9156978,17.899999618530273,-0.429,0.949,0.117,,0.0,0.0,0.0,,,,,0.0,0.0,30.0,2.2900000001158105e-05,-2.9499999996573933e-05,0.48,77.0,36.5,2
26779,SO-0801,Constable Vijay Raval,Constable,44,2026-07-18 13:01:31+00:00,99.0,88.0,,21.200247,72.9156978,17.899999618530273,-0.314,0.92,0.161,,0.0,0.0,0.0,,,,,0.0,0.0,31.0,0.0,0.0,0.0,88.0,36.5,2
26783,SO-0801,Constable Vijay Raval,Constable,44,2026-07-18 13:02:01+00:00,85.0,88.0,,21.200247,72.9156978,17.899999618530273,-0.32,0.815,0.038,,0.0,0.0,0.0,,,,,0.0,0.0,30.0,0.0,0.0,0.0,88.0,36.5,0
26787,SO-0801,Constable Vijay Raval,Constable,44,2026-07-18 13:02:30+00:00,84.0,85.0,,21.2002676,72.9156715,17.899999618530273,-0.909,-0.813,-0.02,,0.0,0.0,0.0,,,,,0.0,0.0,29.0,2.0599999999149077e-05,-2.6300000001810982e-05,0.44,85.0,36.5,0
26791,SO-0801,Constable Vijay Raval,Constable,44,2026-07-18 13:03:01+00:00,92.0,86.0,,21.2002676,72.9156715,30.700000762939453,-0.408,0.918,0.131,,0.0,0.0,0.0,,,,,0.0,0.0,31.0,0.0,0.0,0.0,86.0,36.5,2
26795,SO-0801,Constable Vijay Raval,Constable,44,2026-07-18 13:03:30+00:00,99.0,88.0,,21.2002832,72.9156507,30.700000762939453,-0.35,0.945,0.137,,0.0,0.0,0.0,,,,,0.0,0.0,29.0,1.5600000001114722e-05,-2.0800000001486296e-05,0.35,88.0,36.5,2
26799,SO-0801,Constable Vijay Raval,Constable,44,2026-07-18 13:04:01+00:00,91.0,86.0,,21.2002832,72.9156507,15.499996185302734,-0.653,0.727,-0.047,,0.0,0.0,0.0,,,,,0.0,0.0,31.0,0.0,0.0,0.0,86.0,36.5,2
26803,SO-0801,Constable Vijay Raval,Constable,44,2026-07-18 13:04:30+00:00,100.0,88.0,,21.2002832,72.9156507,17.899999618530273,-0.789,0.711,-0.233,,0.0,0.0,0.0,,,,,0.0,0.0,29.0,0.0,0.0,0.0,88.0,36.5,2
26807,SO-0801,Constable Vijay Raval,Constable,44,2026-07-18 13:05:00+00:00,100.0,67.0,,21.2003027,72.9156432,17.899999618530273,-0.195,0.587,0.07,,0.0,0.0,0.0,,,,,0.0,0.0,30.0,1.9500000000505224e-05,-7.499999995275175e-06,0.28,67.0,36.5,2
26811,SO-0801,Constable Vijay Raval,Constable,44,2026-07-18 13:05:30+00:00,99.0,58.0,,21.2005712,72.9157649,19.299999237060547,-0.764,-0.195,-0.499,,0.0,0.0,0.0,,,,,0.0,0.0,30.0,0.0002684999999971,0.000121699999994,3.89,58.0,36.5,2
26815,SO-0801,Constable Vijay Raval,Constable,44,2026-07-18 13:06:00+00:00,97.0,55.0,,21.2005883,72.9157462,19.299999237060547,-0.359,0.697,-0.007,,0.0,0.0,0.0,,,,,0.0,0.0,30.0,1.71000000008803e-05,-1.8699999998261777e-05,0.33,55.0,36.5,2
26819,SO-0801,Constable Vijay Raval,Constable,44,2026-07-18 13:06:30+00:00,95.0,87.0,,21.2006384,72.9157468,19.299999237060547,-0.886,-0.043,-0.469,,0.0,0.0,0.0,,,,,0.0,0.0,30.0,5.009999999927573e-05,5.999999928008037e-07,0.67,87.0,36.5,2
26823,SO-0801,Constable Vijay Raval,Constable,44,2026-07-18 13:07:00+00:00,91.0,83.0,,21.2004302,72.9158036,17.899999618530273,-0.421,1.033,0.1,,0.0,0.0,0.0,,,,,0.0,0.0,30.0,-0.0002081999999994,5.680000001007102e-05,2.86,83.0,36.5,2
26827,SO-0801,Constable Vijay Raval,Constable,44,2026-07-18 13:07:30+00:00,99.0,73.0,,21.2003835,72.9156731,17.899999618530273,-0.882,-0.08,-0.447,,0.0,0.0,0.0,,,,,0.0,0.0,30.0,-4.669999999862284e-05,-0.0001304999999973,1.76,73.0,36.5,2
26831,SO-0801,Constable Vijay Raval,Constable,44,2026-07-18 13:08:01+00:00,97.0,77.0,,21.2003835,72.9156731,19.299999237060547,-1.004,-0.124,-0.258,,0.0,0.0,0.0,,,,,0.0,0.0,31.0,0.0,0.0,0.0,77.0,36.5,2
26835,SO-0801,Constable Vijay Raval,Constable,44,2026-07-18 13:08:31+00:00,100.0,67.0,,21.2003835,72.9156731,17.899999618530273,-0.41,0.833,0.266,,0.0,0.0,0.0,,,,,0.0,0.0,30.0,0.0,0.0,0.0,67.0,36.5,2
26839,SO-0801,Constable Vijay Raval,Constable,44,2026-07-18 13:09:01+00:00,100.0,52.0,,21.1998656,72.9156199,17.899999618530273,-0.467,0.786,0.32,,0.0,0.0,0.0,,,,,0.0,0.0,30.0,-0.0005179000000019,-5.320000001063363e-05,6.93,52.0,36.5,1
26843,SO-0801,Constable Vijay Raval,Constable,44,2026-07-18 13:09:31+00:00,100.0,65.0,,21.1998606,72.9156192,28.399999618530273,-0.414,0.976,0.288,,0.0,0.0,0.0,,,,,0.0,0.0,30.0,-4.9999999980343546e-06,-7.000000010748408e-07,0.07,65.0,36.5,2
26847,SO-0801,Constable Vijay Raval,Constable,44,2026-07-18 13:10:00+00:00,91.0,85.0,,21.1998034,72.9158935,28.399999618530273,-0.954,0.006,-0.329,,0.0,0.0,0.0,,,,,0.0,0.0,29.0,-5.72000000005346e-05,0.0002743000000009,3.66,85.0,36.5,2
26851,SO-0801,Constable Vijay Raval,Constable,44,2026-07-18 13:10:30+00:00,91.0,72.0,,21.1998041,72.9158976,28.399999618530273,-0.268,1.046,0.244,,0.0,0.0,0.0,,,,,0.0,0.0,30.0,7.000000010748408e-07,4.099999998175008e-06,0.05,72.0,36.5,2
26855,SO-0801,Constable Vijay Raval,Constable,44,2026-07-18 13:11:01+00:00,88.0,87.0,,21.1998289,72.9158117,28.399999618530273,-0.866,-0.135,-0.318,,0.0,0.0,0.0,,,,,0.0,0.0,31.0,2.4799999998492694e-05,-8.589999998775966e-05,1.09,87.0,36.5,0
26859,SO-0801,Constable Vijay Raval,Constable,44,2026-07-18 13:11:30+00:00,86.0,85.0,,21.1998036,72.9158977,28.399999618530273,-0.331,0.948,0.172,,0.0,0.0,0.0,,,,,0.0,0.0,29.0,-2.530000000078303e-05,8.59999999960337e-05,1.17,85.0,36.5,0
26863,SO-0801,Constable Vijay Raval,Constable,44,2026-07-18 13:12:01+00:00,83.0,66.0,,21.1998039,72.9158979,28.399999618530273,-0.351,0.946,0.167,,0.0,0.0,0.0,,,,,0.0,0.0,31.0,2.999999999531156e-07,2.0000000233721948e-07,0.0,66.0,36.5,0
26867,SO-0801,Constable Vijay Raval,Constable,44,2026-07-18 13:12:30+00:00,98.0,85.0,,21.1998034,72.9158893,28.399999618530273,-0.317,0.607,0.271,,0.0,0.0,0.0,,,,,0.0,0.0,29.0,-4.999999987376214e-07,-8.600000001024455e-06,0.11,85.0,36.5,2
26871,SO-0801,Constable Vijay Raval,Constable,44,2026-07-18 13:13:01+00:00,100.0,88.0,,21.1998034,72.9158893,28.399999618530273,-0.33,0.955,0.178,,0.0,0.0,0.0,,,,,0.0,0.0,31.0,0.0,0.0,0.0,88.0,36.5,2
26875,SO-0801,Constable Vijay Raval,Constable,44,2026-07-18 13:13:30+00:00,85.0,80.0,,21.1998034,72.915895,28.399999618530273,-0.342,0.958,0.133,,0.0,0.0,0.0,,,,,0.0,0.0,29.0,0.0,5.700000002661909e-06,0.07,80.0,36.5,0
26879,SO-0801,Constable Vijay Raval,Constable,44,2026-07-18 13:14:01+00:00,89.0,82.0,,21.1998138,72.9156556,28.399999618530273,-0.689,0.209,-0.456,,0.0,0.0,0.0,,,,,0.0,0.0,31.0,1.0400000000743148e-05,-0.0002394000000123,2.92,82.0,36.5,0
26883,SO-0801,Constable Vijay Raval,Constable,44,2026-07-18 13:14:33+00:00,94.0,84.0,,21.1997986,72.9158851,28.399999618530273,-0.302,0.35,-0.834,,0.0,0.0,0.0,,,,,0.0,0.0,32.0,-1.5199999999992995e-05,0.0002295000000032,2.71,84.0,36.5,2
26887,SO-0801,Constable Vijay Raval,Constable,44,2026-07-18 13:15:02+00:00,93.0,84.0,,21.1998245,72.9156045,28.399999618530273,-0.65,-0.276,-0.337,,0.0,0.0,0.0,,,,,0.0,0.0,29.0,2.5899999997136547e-05,-0.0002805999999964,3.67,84.0,36.5,2
26891,SO-0801,Constable Vijay Raval,Constable,44,2026-07-18 13:15:31+00:00,95.0,61.0,,21.1998251,72.9156524,28.399999618530273,-0.762,-0.212,-0.547,,0.0,0.0,0.0,,,,,0.0,0.0,29.0,6.000000034589448e-07,4.7899999998435305e-05,0.62,61.0,36.5,2
26901,SO-0801,Constable Vijay Raval,Constable,44,2026-07-18 13:17:01+00:00,91.0,88.0,,21.2004016,72.9156426,19.299999237060547,-0.906,0.264,-0.529,,0.0,0.0,0.0,,,,,0.0,0.0,90.0,0.0005764999999975,-9.800000000836915e-06,2.56,88.0,36.5,2
26905,SO-0801,Constable Vijay Raval,Constable,44,2026-07-18 13:17:31+00:00,100.0,88.0,,21.2002343,72.9157604,19.299999237060547,-0.307,0.951,0.163,,0.0,0.0,0.0,,,,,0.0,0.0,30.0,-0.0001672999999975,0.0001177999999981,2.68,88.0,36.5,2
26909,SO-0801,Constable Vijay Raval,Constable,44,2026-07-18 13:18:00+00:00,100.0,77.0,,21.2002324,72.915767,19.299999237060547,-0.18,0.783,0.11,,0.0,0.0,0.0,,,,,0.0,0.0,29.0,-1.900000000887303e-06,6.600000006073969e-06,0.09,77.0,36.5,2
26913,SO-0801,Constable Vijay Raval,Constable,44,2026-07-18 13:18:31+00:00,95.0,87.0,,21.1998712,72.9144596,18.399999618530273,-0.272,0.944,0.304,,0.0,0.0,0.0,,,,,0.0,0.0,31.0,-0.0003612000000003,-0.0013074000000017,16.59,87.0,36.5,1
26917,SO-0801,Constable Vijay Raval,Constable,44,2026-07-18 13:19:01+00:00,99.0,85.0,,21.1997749,72.9142434,15.499996185302734,-0.371,1.015,0.128,,0.0,0.0,0.0,,,,,0.0,0.0,30.0,-9.629999999916096e-05,-0.000216199999997,3.01,85.0,36.5,2
26921,SO-0801,Constable Vijay Raval,Constable,44,2026-07-18 13:19:31+00:00,100.0,81.0,,21.1997339,72.9142394,15.499996185302734,-0.389,0.995,0.141,,0.0,0.0,0.0,,,,,0.0,0.0,30.0,-4.100000000306636e-05,-4.0000000041118255e-06,0.55,81.0,36.5,2
26925,SO-0801,Constable Vijay Raval,Constable,44,2026-07-18 13:20:00+00:00,83.0,53.0,,21.200252,72.9157521,15.499996185302734,-0.427,0.902,0.326,,0.0,0.0,0.0,,,,,0.0,0.0,29.0,0.0005181000000007,0.0015127000000063,20.95,53.0,36.5,1
26929,SO-0801,Constable Vijay Raval,Constable,44,2026-07-18 13:20:30+00:00,82.0,87.0,,21.2002721,72.9156955,17.899999618530273,-0.273,0.956,0.25,,0.0,0.0,0.0,,,,,0.0,0.0,30.0,2.0100000000411455e-05,-5.66000000077338e-05,0.76,87.0,36.5,0
26933,SO-0801,Constable Vijay Raval,Constable,44,2026-07-18 13:21:00+00:00,99.0,88.0,,21.200281,72.9156395,18.399999618530273,-0.865,-0.322,-0.413,,0.0,0.0,0.0,,,,,0.0,0.0,30.0,8.90000000097757e-06,-5.600000000072214e-05,0.71,88.0,36.5,2
26937,SO-0801,Constable Vijay Raval,Constable,44,2026-07-18 13:21:30+00:00,92.0,88.0,,21.2002945,72.9155704,18.399999618530273,-0.366,0.941,0.173,,0.0,0.0,0.0,,,,,0.0,0.0,30.0,1.34999999978902e-05,-6.910000000459604e-05,0.89,88.0,36.5,2
26941,SO-0801,Constable Vijay Raval,Constable,44,2026-07-18 13:22:01+00:00,95.0,80.0,,21.2002945,72.9155704,17.899999618530273,-0.26,0.995,0.242,,0.0,0.0,0.0,,,,,0.0,0.0,31.0,0.0,0.0,0.0,80.0,36.5,2
26945,SO-0801,Constable Vijay Raval,Constable,44,2026-07-18 13:22:31+00:00,100.0,82.0,,21.2002945,72.9155704,17.899999618530273,-0.334,0.782,0.13,,0.0,0.0,0.0,,,,,0.0,0.0,30.0,0.0,0.0,0.0,82.0,36.5,2
26949,SO-0801,Constable Vijay Raval,Constable,44,2026-07-18 13:23:00+00:00,99.0,84.0,,21.2000076,72.9147811,18.399999618530273,-0.683,0.04,-0.703,,0.0,0.0,0.0,,,,,0.0,0.0,29.0,-0.0002868999999989,-0.0007892999999938,11.01,84.0,36.5,1
26953,SO-0801,Constable Vijay Raval,Constable,44,2026-07-18 13:23:29+00:00,86.0,87.0,,21.1998161,72.914492,18.399999618530273,-0.705,0.118,-0.672,,0.0,0.0,0.0,,,,,0.0,0.0,29.0,-0.0001914999999996,-0.0002891000000033,4.6,87.0,36.5,1
26957,SO-0801,Constable Vijay Raval,Constable,44,2026-07-18 13:24:00+00:00,92.0,71.0,,21.2001144,72.9149091,18.399999618530273,-0.704,0.103,-0.673,,0.0,0.0,0.0,,,,,0.0,0.0,31.0,0.0002983000000007,0.000417100000007,6.37,71.0,36.5,1
26961,SO-0801,Constable Vijay Raval,Constable,44,2026-07-18 13:24:30+00:00,99.0,88.0,,21.2001201,72.9146125,17.899999618530273,-0.885,-0.166,-0.544,,0.0,0.0,0.0,,,,,0.0,0.0,30.0,5.699999999109195e-06,-0.0002965999999986,3.73,88.0,36.5,2
26965,SO-0801,Constable Vijay Raval,Constable,44,2026-07-18 13:25:00+00:00,96.0,88.0,,21.2028029,72.914016,18.399999618530273,-0.736,-0.127,-0.371,,0.0,0.0,0.0,,,,,0.0,0.0,30.0,0.0026827999999987,-0.0005965000000003,36.51,88.0,36.5,1
26969,SO-0801,Constable Vijay Raval,Constable,44,2026-07-18 13:25:31+00:00,84.0,86.0,,21.2075548,72.9131182,21.600000381469727,-0.938,-0.099,-0.42,,0.0,0.0,0.0,,,,,0.0,0.0,31.0,0.0047519000000022,-0.0008978000000041,62.22,86.0,36.5,1
26973,SO-0801,Constable Vijay Raval,Constable,44,2026-07-18 13:26:00+00:00,93.0,88.0,,21.2114785,72.9136227,22.0,-0.967,0.001,-0.372,,0.0,0.0,0.0,,,,,0.0,0.0,29.0,0.0039236999999978,0.0005045000000052,54.46,88.0,36.5,1
26977,SO-0801,Constable Vijay Raval,Constable,44,2026-07-18 13:26:30+00:00,94.0,87.0,,21.2136571,72.9139662,22.299999237060547,-1.279,0.019,-0.008,,0.0,0.0,0.0,,,,,0.0,0.0,30.0,0.0021786000000005,0.0003434999999996,29.34,87.0,36.5,1
26981,SO-0801,Constable Vijay Raval,Constable,44,2026-07-18 13:27:00+00:00,99.0,88.0,,21.2110057,72.917487,22.899999618530273,-0.924,-0.069,-0.324,,0.0,0.0,0.0,,,,,0.0,0.0,30.0,-0.0026513999999977,0.0035207999999897,56.66,88.0,36.5,1
26985,SO-0801,Constable Vijay Raval,Constable,44,2026-07-18 13:27:31+00:00,87.0,88.0,,21.212717,72.9197204,22.899999618530273,-0.472,0.25,0.999,,0.0,0.0,0.0,,,,,0.0,0.0,31.0,0.0017113000000001,0.0022334000000086,35.02,88.0,36.5,1
26989,SO-0801,Constable Vijay Raval,Constable,44,2026-07-18 13:28:00+00:00,84.0,84.0,,21.2130131,72.9233455,22.700000762939453,-1.021,0.235,0.594,,0.0,0.0,0.0,,,,,0.0,0.0,29.0,0.0002960999999999,0.0036250999999936,47.36,84.0,36.5,1
26993,SO-0801,Constable Vijay Raval,Constable,44,2026-07-18 13:28:30+00:00,100.0,86.0,,21.2132085,72.9267483,23.799999237060547,-0.367,-0.607,0.636,,0.0,0.0,0.0,,,,,0.0,0.0,30.0,0.000195399999999,0.0034028000000034,42.9,86.0,36.5,1
26997,SO-0801,Constable Vijay Raval,Constable,44,2026-07-18 13:29:01+00:00,94.0,88.0,,21.2134132,72.9301552,23.799999237060547,-0.526,-0.433,0.779,,0.0,0.0,0.0,,,,,0.0,0.0,31.0,0.0002047000000011,0.0034069000000016,41.57,88.0,36.5,1
27001,SO-0801,Constable Vijay Raval,Constable,44,2026-07-18 13:29:30+00:00,100.0,88.0,,21.2136734,72.933086,23.799999237060547,-0.635,-0.366,0.691,,0.0,0.0,0.0,,,,,0.0,0.0,29.0,0.0002601999999995,0.0029308000000014,38.32,88.0,36.5,1
27005,SO-0801,Constable Vijay Raval,Constable,44,2026-07-18 13:30:01+00:00,97.0,88.0,,21.2137762,72.9359178,23.700000762939453,-0.478,-0.544,0.688,,0.0,0.0,0.0,,,,,0.0,0.0,31.0,0.0001028000000005,0.0028317999999956,34.51,88.0,36.5,1
27009,SO-0801,Constable Vijay Raval,Constable,44,2026-07-18 13:30:30+00:00,82.0,88.0,,21.2130424,72.9401312,23.899999618530273,-0.53,-0.34,0.757,,0.0,0.0,0.0,,,,,0.0,0.0,29.0,-0.0007338000000025,0.0042133999999975,55.77,88.0,36.5,1
27013,SO-0801,Constable Vijay Raval,Constable,44,2026-07-18 13:31:01+00:00,90.0,88.0,,21.2114709,72.9453894,25.200000762939453,-0.515,-0.476,0.705,,0.0,0.0,0.0,,,,,0.0,0.0,31.0,-0.0015715000000007,0.0052582000000001,67.16,88.0,36.5,1
27017,SO-0801,Constable Vijay Raval,Constable,44,2026-07-18 13:31:30+00:00,97.0,88.0,,21.2100658,72.9500538,25.200000762939453,-0.596,0.028,0.771,,0.0,0.0,0.0,,,,,0.0,0.0,29.0,-0.0014050999999994,0.00466440000001,63.73,88.0,36.5,1
27021,SO-0801,Constable Vijay Raval,Constable,44,2026-07-18 13:32:01+00:00,86.0,88.0,,21.2095208,72.9550918,25.200000762939453,-0.487,0.452,0.806,,0.0,0.0,0.0,,,,,0.0,0.0,31.0,-0.0005449999999989,0.0050379999999989,61.75,88.0,36.5,1
27025,SO-0801,Constable Vijay Raval,Constable,44,2026-07-18 13:32:31+00:00,91.0,85.0,,21.2096912,72.9584998,25.200000762939453,-0.483,0.265,0.804,,0.0,0.0,0.0,,,,,0.0,0.0,30.0,0.0001704000000017,0.0034079999999931,42.94,85.0,36.5,1
27029,SO-0801,Constable Vijay Raval,Constable,44,2026-07-18 13:33:01+00:00,84.0,74.0,,21.2101413,72.9633318,25.200000762939453,-0.484,0.403,0.736,,0.0,0.0,0.0,,,,,0.0,0.0,30.0,0.0004500999999983,0.0048320000000074,61.1,74.0,36.5,1
27036,SO-0801,Constable Vijay Raval,Constable,44,2026-07-18 13:34:00+00:00,88.0,88.0,,21.210178,72.9674514,30.0,-0.86,-0.26,0.311,,0.0,0.0,0.0,,,,,0.0,0.0,59.0,3.669999999900142e-05,0.0041195999999956,26.36,88.0,36.5,1
27040,SO-0801,Constable Vijay Raval,Constable,44,2026-07-18 13:34:30+00:00,96.0,85.0,,21.2106651,72.9676157,30.0,-0.954,-0.269,0.017,,0.0,0.0,0.0,,,,,0.0,0.0,30.0,0.0004871000000008,0.0001642999999944,6.81,85.0,36.5,1
27044,SO-0801,Constable Vijay Raval,Constable,44,2026-07-18 13:35:00+00:00,96.0,87.0,,21.2126722,72.9679099,30.399999618530273,-0.859,-0.102,0.424,,0.0,0.0,0.0,,,,,0.0,0.0,30.0,0.0020071000000001,0.000294199999999,26.99,87.0,36.5,1
27048,SO-0801,Constable Vijay Raval,Constable,44,2026-07-18 13:35:30+00:00,99.0,88.0,,21.2165408,72.9685588,30.399999618530273,-0.555,-0.457,0.608,,0.0,0.0,0.0,,,,,0.0,0.0,30.0,0.0038686000000005,0.0006489000000016,52.17,88.0,36.5,1
27052,SO-0801,Constable Vijay Raval,Constable,44,2026-07-18 13:36:00+00:00,97.0,88.0,,21.220735,72.9683415,28.899999618530273,-0.52,-0.11,0.93,,0.0,0.0,0.0,,,,,0.0,0.0,30.0,0.0041942000000005,-0.0002173000000027,55.93,88.0,36.5,1
27056,SO-0801,Constable Vijay Raval,Constable,44,2026-07-18 13:36:30+00:00,81.0,88.0,,21.2253834,72.9684786,28.899999618530273,-0.861,-0.121,0.597,,0.0,0.0,0.0,,,,,0.0,0.0,30.0,0.0046483999999971,0.0001371000000034,61.94,88.0,36.5,1
27060,SO-0801,Constable Vijay Raval,Constable,44,2026-07-18 13:37:00+00:00,100.0,88.0,,21.230317,72.9685038,27.100000381469727,-0.976,-0.107,0.3,,0.0,0.0,0.0,,,,,0.0,0.0,30.0,0.004933600000001,2.5199999996061703e-05,65.72,88.0,36.5,1
27064,SO-0801,Constable Vijay Raval,Constable,44,2026-07-18 13:37:30+00:00,91.0,87.0,,21.2348317,72.9685204,27.100000381469727,-0.748,0.029,-0.097,,0.0,0.0,0.0,,,,,0.0,0.0,30.0,0.0045147000000014,1.6600000009248106e-05,60.14,87.0,36.5,1
27068,SO-0801,Constable Vijay Raval,Constable,44,2026-07-18 13:38:00+00:00,98.0,88.0,,21.2399532,72.9684906,28.700000762939453,-0.917,0.081,0.01,,0.0,0.0,0.0,,,,,0.0,0.0,30.0,0.0051214999999977,-2.980000000718519e-05,68.22,88.0,36.5,1
27072,SO-0801,Constable Vijay Raval,Constable,44,2026-07-18 13:38:30+00:00,94.0,88.0,,21.2445143,72.9684749,32.70000076293945,-0.993,-0.221,0.081,,0.0,0.0,0.0,,,,,0.0,0.0,30.0,0.0045611,-1.569999999162519e-05,60.75,88.0,36.5,1
27076,SO-0801,Constable Vijay Raval,Constable,44,2026-07-18 13:39:00+00:00,98.0,83.0,,21.2496706,72.9665295,29.5,-0.303,-0.944,0.386,,0.0,0.0,0.0,,,,,0.0,0.0,30.0,0.005156300000003,-0.0019454000000109,72.91,83.0,36.5,1
27080,SO-0801,Constable Vijay Raval,Constable,44,2026-07-18 13:39:30+00:00,100.0,87.0,,21.2531261,72.9651035,29.5,-1.403,-1.309,-0.488,,0.0,0.0,0.0,,,,,0.0,0.0,30.0,0.0034554999999976,-0.001425999999995,49.4,87.0,36.5,1
27084,SO-0801,Constable Vijay Raval,Constable,44,2026-07-18 13:40:00+00:00,99.0,86.0,,21.2569109,72.962903,28.299999237060547,-1.047,0.125,0.041,,0.0,0.0,0.0,,,,,0.0,0.0,30.0,0.0037848000000018,-0.0022005000000007,57.52,86.0,36.5,1
27088,SO-0801,Constable Vijay Raval,Constable,44,2026-07-18 13:40:30+00:00,93.0,88.0,,21.2621833,72.9609953,28.299999237060547,-0.303,-0.404,0.754,,0.0,0.0,0.0,,,,,0.0,0.0,30.0,0.005272399999999,-0.0019077000000038,74.22,88.0,36.5,1
27092,SO-0801,Constable Vijay Raval,Constable,44,2026-07-18 13:41:00+00:00,92.0,88.0,,21.2659281,72.9592416,28.299999237060547,-0.881,-0.082,0.079,,0.0,0.0,0.0,,,,,0.0,0.0,30.0,0.0037447999999997,-0.0017536999999947,54.54,88.0,36.5,1
27096,SO-0801,Constable Vijay Raval,Constable,44,2026-07-18 13:41:30+00:00,86.0,87.0,,21.2686889,72.9576939,29.5,-0.932,0.095,0.314,,0.0,0.0,0.0,,,,,0.0,0.0,30.0,0.0027608000000007,-0.0015477000000032,41.61,87.0,36.5,1
27100,SO-0801,Constable Vijay Raval,Constable,44,2026-07-18 13:42:00+00:00,92.0,88.0,,21.2696314,72.957263,28.799999237060547,-0.928,0.072,0.421,,0.0,0.0,0.0,,,,,0.0,0.0,30.0,0.0009425000000007,-0.0004308999999977,13.67,88.0,36.5,1
27104,SO-0801,Constable Vijay Raval,Constable,44,2026-07-18 13:42:30+00:00,99.0,88.0,,21.2702467,72.9586543,28.799999237060547,-0.281,0.077,0.774,,0.0,0.0,0.0,,,,,0.0,0.0,30.0,0.0006152999999997,0.0013913000000087,19.33,88.0,36.5,1
27108,SO-0801,Constable Vijay Raval,Constable,44,2026-07-18 13:43:00+00:00,100.0,87.0,,21.2719289,72.9608936,26.799999237060547,-0.927,-0.087,0.418,,0.0,0.0,0.0,,,,,0.0,0.0,30.0,0.0016821999999976,0.0022392999999993,36.0,87.0,36.5,1
27112,SO-0801,Constable Vijay Raval,Constable,44,2026-07-18 13:43:30+00:00,100.0,88.0,,21.2738145,72.9634548,26.799999237060547,0.197,-0.424,0.814,,0.0,0.0,0.0,,,,,0.0,0.0,30.0,0.0018856000000013,0.0025611999999881,40.86,88.0,36.5,1
27116,SO-0801,Constable Vijay Raval,Constable,44,2026-07-18 13:44:00+00:00,100.0,86.0,,21.2753989,72.9655307,27.399999618530273,-0.464,-0.812,0.414,,0.0,0.0,0.0,,,,,0.0,0.0,30.0,0.0015843999999987,0.0020759000000083,33.58,86.0,36.5,1
27120,SO-0801,Constable Vijay Raval,Constable,44,2026-07-18 13:44:30+00:00,99.0,87.0,,21.2773905,72.9680811,27.399999618530273,-0.714,-0.134,0.77,,0.0,0.0,0.0,,,,,0.0,0.0,30.0,0.0019916000000002,0.002550400000004,41.64,87.0,36.5,1
27123,SO-0801,Constable Vijay Raval,Constable,44,2026-07-18 13:45:00+00:00,100.0,87.0,,21.2798935,72.9700045,26.200000762939453,-0.981,0.04,0.417,,0.0,0.0,0.0,,,,,0.0,0.0,30.0,0.0025030000000008,0.0019233999999954,41.2,87.0,36.5,1
27126,SO-0801,Constable Vijay Raval,Constable,44,2026-07-18 13:45:30+00:00,99.0,88.0,,21.2812655,72.971211,25.299999237060547,-0.808,-0.045,0.569,,0.0,0.0,0.0,,,,,0.0,0.0,30.0,0.0013719999999999,0.001206499999995,23.76,88.0,36.5,1
27129,SO-0801,Constable Vijay Raval,Constable,44,2026-07-18 13:46:00+00:00,94.0,86.0,,21.2813772,72.9714448,26.100000381469727,-0.698,0.404,-0.411,,0.0,0.0,0.0,,,,,0.0,0.0,30.0,0.0001117000000014,0.0002338000000037,3.3,86.0,36.5,2
27132,SO-0801,Constable Vijay Raval,Constable,44,2026-07-18 13:46:33+00:00,94.0,66.0,,21.2812338,72.9715163,4.5516357421875,-0.122,1.603,0.955,,0.0,0.0,0.0,,,,,0.0,0.0,33.0,-0.0001434000000024,7.150000000422096e-05,1.92,66.0,36.5,1
27135,SO-0801,Constable Vijay Raval,Constable,44,2026-07-18 13:47:03+00:00,97.0,87.0,,21.2812358,72.9715151,24.899999618530273,-0.657,0.577,-0.13,,0.0,0.0,0.0,,,,,0.0,0.0,30.0,2.0000000020559128e-06,-1.1999999998124622e-06,0.03,87.0,36.5,1
27138,SO-0801,Constable Vijay Raval,Constable,44,2026-07-18 13:47:32+00:00,100.0,61.0,,21.2813749,72.9714402,26.100000381469727,-0.775,0.679,-0.027,,0.0,0.0,0.0,,,,,0.0,0.0,29.0,0.0001390999999983,-7.490000000132113e-05,2.15,61.0,36.5,1
27140,SO-0801,Constable Vijay Raval,Constable,44,2026-07-18 13:48:01+00:00,85.0,73.0,,21.2812299,72.9715379,24.899999618530273,-0.587,0.571,0.568,,0.0,0.0,0.0,,,,,0.0,0.0,29.0,-0.0001449999999998,9.769999999775791e-05,2.37,73.0,36.5,1
27142,SO-0801,Constable Vijay Raval,Constable,44,2026-07-18 13:48:30+00:00,95.0,88.0,,21.281238,72.9715224,24.899999618530273,-0.373,-0.843,0.355,,0.0,0.0,0.0,,,,,0.0,0.0,29.0,8.09999999873412e-06,-1.5500000003498826e-05,0.23,88.0,36.5,1
27144,SO-0801,Constable Vijay Raval,Constable,44,2026-07-18 13:49:01+00:00,98.0,86.0,,21.2812303,72.9715353,24.899999618530273,0.019,-0.915,0.23,,0.0,0.0,0.0,,,,,0.0,0.0,31.0,-7.699999997612395e-06,1.2900000001536682e-05,0.19,86.0,36.5,2
27146,SO-0801,Constable Vijay Raval,Constable,44,2026-07-18 13:49:30+00:00,97.0,88.0,,21.2812636,72.9715442,24.899999618530273,-0.406,-0.94,-0.051,,0.0,0.0,0.0,,,,,0.0,0.0,29.0,3.329999999834854e-05,8.899999997424857e-06,0.47,88.0,36.5,2
27148,SO-0801,Constable Vijay Raval,Constable,44,2026-07-18 13:50:01+00:00,95.0,85.0,,21.2812625,72.9715256,24.899999618530273,0.421,-0.213,0.968,,0.0,0.0,0.0,,,,,0.0,0.0,31.0,-1.0999999986438525e-06,-1.8599999989987737e-05,0.23,85.0,36.5,2
27150,SO-0801,Constable Vijay Raval,Constable,44,2026-07-18 13:50:31+00:00,89.0,88.0,,21.2812974,72.9715503,24.899999618530273,-0.837,-0.311,0.473,,0.0,0.0,0.0,,,,,0.0,0.0,30.0,3.489999999928273e-05,2.4699999997324085e-05,0.56,88.0,36.5,0
27152,SO-0801,Constable Vijay Raval,Constable,44,2026-07-18 13:51:00+00:00,89.0,88.0,,21.2813031,72.9715502,24.899999618530273,-0.225,-0.94,-0.073,,0.0,0.0,0.0,,,,,0.0,0.0,29.0,5.699999999109195e-06,-1.000000082740371e-07,0.08,88.0,36.5,0
27154,SO-0801,Constable Vijay Raval,Constable,44,2026-07-18 13:51:30+00:00,99.0,83.0,,21.2812758,72.9715373,24.899999618530273,-0.157,-0.939,0.296,,0.0,0.0,0.0,,,,,0.0,0.0,30.0,-2.729999999928623e-05,-1.2900000001536682e-05,0.4,83.0,36.5,2
27156,SO-0801,Constable Vijay Raval,Constable,44,2026-07-18 13:52:00+00:00,84.0,87.0,,21.2812387,72.9715228,24.899999618530273,-0.173,-0.935,0.275,,0.0,0.0,0.0,,,,,0.0,0.0,30.0,-3.7100000000123146e-05,-1.4499999991812729e-05,0.53,87.0,36.5,0
27158,SO-0801,Constable Vijay Raval,Constable,44,2026-07-18 13:52:30+00:00,89.0,88.0,,21.2812387,72.9715228,24.899999618530273,-0.168,-0.933,0.278,,0.0,0.0,0.0,,,,,0.0,0.0,30.0,0.0,0.0,0.0,88.0,36.5,0
27160,SO-0801,Constable Vijay Raval,Constable,44,2026-07-18 13:53:00+00:00,91.0,86.0,,21.2812334,72.9715331,24.899999618530273,-0.181,-1.218,-0.326,,0.0,0.0,0.0,,,,,0.0,0.0,30.0,-5.29999999798747e-06,1.0299999999574538e-05,0.15,86.0,36.5,2
27162,SO-0801,Constable Vijay Raval,Constable,44,2026-07-18 13:53:30+00:00,89.0,69.0,,21.2812514,72.9715122,24.899999618530273,-1.013,0.011,0.102,,0.0,0.0,0.0,,,,,0.0,0.0,30.0,1.7999999997186933e-05,-2.089999999554948e-05,0.36,69.0,36.5,0
27164,SO-0801,Constable Vijay Raval,Constable,44,2026-07-18 13:54:01+00:00,99.0,87.0,,21.2812905,72.9715588,24.899999618530273,-0.513,0.05,0.885,,0.0,0.0,0.0,,,,,0.0,0.0,31.0,3.910000000217906e-05,4.6599999990348806e-05,0.76,87.0,36.5,2
27166,SO-0801,Constable Vijay Raval,Constable,44,2026-07-18 13:54:30+00:00,100.0,88.0,,21.2812387,72.9715228,24.899999618530273,-0.827,-0.439,-0.178,,0.0,0.0,0.0,,,,,0.0,0.0,29.0,-5.180000000137852e-05,-3.5999999994373866e-05,0.85,88.0,36.5,2
27168,SO-0801,Constable Vijay Raval,Constable,44,2026-07-18 13:55:00+00:00,100.0,74.0,,21.2813728,72.9715739,24.899999618530273,-0.925,-0.278,0.256,,0.0,0.0,0.0,,,,,0.0,0.0,30.0,0.0001341000000003,5.109999999319825e-05,1.9,74.0,36.5,2
27170,SO-0801,Constable Vijay Raval,Constable,44,2026-07-18 13:55:30+00:00,95.0,87.0,,21.2812871,72.9715414,24.899999618530273,-0.532,0.416,0.872,,0.0,0.0,0.0,,,,,0.0,0.0,30.0,-8.569999999963329e-05,-3.249999998899966e-05,1.21,87.0,36.5,2
27172,SO-0801,Constable Vijay Raval,Constable,44,2026-07-18 13:56:00+00:00,99.0,80.0,,21.281311,72.971555,24.899999618530273,-0.649,-0.155,0.766,,0.0,0.0,0.0,,,,,0.0,0.0,30.0,2.3899999998633348e-05,1.3599999988400668e-05,0.36,80.0,36.5,2
27174,SO-0801,Constable Vijay Raval,Constable,44,2026-07-18 13:56:30+00:00,94.0,72.0,,21.281237,72.9715208,24.899999618530273,-0.991,-0.065,0.193,,0.0,0.0,0.0,,,,,0.0,0.0,30.0,-7.399999999790907e-05,-3.42000000017606e-05,1.08,72.0,36.5,2
27176,SO-0801,Constable Vijay Raval,Constable,44,2026-07-18 13:57:01+00:00,98.0,85.0,,21.281285,72.9715554,24.899999618530273,-0.73,-0.232,0.644,,0.0,0.0,0.0,,,,,0.0,0.0,31.0,4.7999999999603915e-05,3.460000000643504e-05,0.75,85.0,36.5,2
27178,SO-0801,Constable Vijay Raval,Constable,44,2026-07-18 13:57:30+00:00,100.0,88.0,,21.2812474,72.9715267,24.899999618530273,-0.706,-0.118,0.748,,0.0,0.0,0.0,,,,,0.0,0.0,29.0,-3.759999999886077e-05,-2.870000000143591e-05,0.64,88.0,36.5,2
27180,SO-0801,Constable Vijay Raval,Constable,44,2026-07-18 13:58:00+00:00,98.0,88.0,,21.2813549,72.9715701,24.899999618530273,-0.656,-0.105,0.786,,0.0,0.0,0.0,,,,,0.0,0.0,30.0,0.0001074999999985,4.339999999558586e-05,1.53,88.0,36.5,2
27182,SO-0801,Constable Vijay Raval,Constable,44,2026-07-18 13:58:30+00:00,99.0,80.0,,21.2812527,72.9715386,24.899999618530273,-0.531,-0.149,0.854,,0.0,0.0,0.0,,,,,0.0,0.0,30.0,-0.0001022000000006,-3.149999999152442e-05,1.42,80.0,36.5,2
27184,SO-0801,Constable Vijay Raval,Constable,44,2026-07-18 13:59:00+00:00,95.0,84.0,,21.2812323,72.971535,24.899999618530273,-0.551,-0.248,0.819,,0.0,0.0,0.0,,,,,0.0,0.0,30.0,-2.040000000036457e-05,-3.5999999994373866e-06,0.28,84.0,36.5,2
27186,SO-0801,Constable Vijay Raval,Constable,44,2026-07-18 13:59:30+00:00,96.0,88.0,,21.2812412,72.9715376,24.899999618530273,-0.339,0.258,0.996,,0.0,0.0,0.0,,,,,0.0,0.0,30.0,8.90000000097757e-06,2.600000001962144e-06,0.12,88.0,36.5,2
27188,SO-0801,Constable Vijay Raval,Constable,44,2026-07-18 14:00:00+00:00,92.0,79.0,,21.2813,72.9715429,24.899999618530273,-0.776,-0.218,0.524,,0.0,0.0,0.0,,,,,0.0,0.0,30.0,5.880000000146879e-05,5.29999999798747e-06,0.79,79.0,36.5,2
27190,SO-0801,Constable Vijay Raval,Constable,44,2026-07-18 14:00:30+00:00,96.0,74.0,,21.2814158,72.9715887,24.899999618530273,-0.924,-0.363,0.073,,0.0,0.0,0.0,,,,,0.0,0.0,30.0,0.0001157999999996,4.579999999521078e-05,1.65,74.0,36.5,2
27192,SO-0801,Constable Vijay Raval,Constable,44,2026-07-18 14:01:00+00:00,98.0,85.0,,21.2813285,72.9715361,24.899999618530273,-0.937,-0.255,0.011,,0.0,0.0,0.0,,,,,0.0,0.0,30.0,-8.730000000056748e-05,-5.260000000362197e-05,1.34,85.0,36.5,2
27194,SO-0801,Constable Vijay Raval,Constable,44,2026-07-18 14:01:30+00:00,99.0,87.0,,21.2812285,72.9715375,24.899999618530273,-0.997,-0.326,0.242,,0.0,0.0,0.0,,,,,0.0,0.0,30.0,-9.999999999976694e-05,1.4000000021496817e-06,1.33,87.0,36.5,2
27197,SO-0801,Constable Vijay Raval,Constable,44,2026-07-18 14:02:00+00:00,96.0,88.0,,21.281302,72.9715582,24.899999618530273,-0.126,0.288,0.996,,0.0,0.0,0.0,,,,,0.0,0.0,30.0,7.349999999917145e-05,2.070000000742311e-05,1.01,88.0,36.5,2
27199,SO-0801,Constable Vijay Raval,Constable,44,2026-07-18 14:02:30+00:00,97.0,86.0,,21.28124,72.9715391,24.899999618530273,-1.091,-0.156,0.281,,0.0,0.0,0.0,,,,,0.0,0.0,30.0,-6.199999999978445e-05,-1.9100000002936213e-05,0.86,86.0,36.5,2
27201,SO-0801,Constable Vijay Raval,Constable,44,2026-07-18 14:03:00+00:00,99.0,88.0,,21.2812384,72.9715226,24.899999618530273,-0.572,-0.177,0.825,,0.0,0.0,0.0,,,,,0.0,0.0,30.0,-1.6000000009341877e-06,-1.650000000097407e-05,0.21,88.0,36.5,2
27203,SO-0801,Constable Vijay Raval,Constable,44,2026-07-18 14:03:30+00:00,94.0,84.0,,21.281285,72.9715105,24.899999618530273,-0.054,-0.64,0.794,,0.0,0.0,0.0,,,,,0.0,0.0,30.0,4.660000000100695e-05,-1.210000000639866e-05,0.64,84.0,36.5,2
27205,SO-0801,Constable Vijay Raval,Constable,44,2026-07-18 14:04:00+00:00,99.0,67.0,,21.2812763,72.9715419,24.899999618530273,-0.91,-0.405,0.047,,0.0,0.0,0.0,,,,,0.0,0.0,30.0,-8.700000002193065e-06,3.140000001167209e-05,0.41,67.0,36.5,2
27207,SO-0801,Constable Vijay Raval,Constable,44,2026-07-18 14:04:30+00:00,84.0,84.0,,21.281284,72.9715384,24.899999618530273,-0.891,-0.401,0.182,,0.0,0.0,0.0,,,,,0.0,0.0,30.0,7.700000001165108e-06,-3.500000005374204e-06,0.11,84.0,36.5,0
27209,SO-0801,Constable Vijay Raval,Constable,44,2026-07-18 14:05:00+00:00,88.0,88.0,,21.2812743,72.9715394,24.899999618530273,-0.917,-0.41,0.092,,0.0,0.0,0.0,,,,,0.0,0.0,30.0,-9.699999999668307e-06,9.999999974752427e-07,0.13,88.0,36.5,0
27211,SO-0801,Constable Vijay Raval,Constable,44,2026-07-18 14:05:30+00:00,98.0,87.0,,21.2813195,72.9715547,24.899999618530273,-0.555,-0.125,0.851,,0.0,0.0,0.0,,,,,0.0,0.0,30.0,4.5199999998857265e-05,1.5300000001161607e-05,0.63,87.0,36.5,2
27213,SO-0801,Constable Vijay Raval,Constable,44,2026-07-18 14:06:00+00:00,100.0,87.0,,21.2812335,72.9715334,24.899999618530273,-0.625,-0.066,0.833,,0.0,0.0,0.0,,,,,0.0,0.0,30.0,-8.599999999958641e-05,-2.130000000022392e-05,1.18,87.0,36.5,2
27215,SO-0801,Constable Vijay Raval,Constable,44,2026-07-18 14:06:30+00:00,89.0,88.0,,21.281289,72.9715119,24.899999618530273,-0.555,-0.143,0.854,,0.0,0.0,0.0,,,,,0.0,0.0,30.0,5.550000000198452e-05,-2.1500000002561137e-05,0.79,88.0,36.5,0
27217,SO-0801,Constable Vijay Raval,Constable,44,2026-07-18 14:07:00+00:00,89.0,88.0,,21.2812696,72.9715199,24.899999618530273,-0.333,-0.863,0.39,,0.0,0.0,0.0,,,,,0.0,0.0,30.0,-1.9399999999336615e-05,8.000000008223651e-06,0.28,88.0,36.5,0
27219,SO-0801,Constable Vijay Raval,Constable,44,2026-07-18 14:07:30+00:00,97.0,83.0,,21.2812628,72.9715435,24.899999618530273,-1.094,-0.276,-0.004,,0.0,0.0,0.0,,,,,0.0,0.0,30.0,-6.8000000013057615e-06,2.3599999991574805e-05,0.31,83.0,36.5,2
27221,SO-0801,Constable Vijay Raval,Constable,44,2026-07-18 14:08:00+00:00,92.0,,,21.2815381,72.9712398,28.100000381469727,-1.096,-0.197,-0.021,,0.0,0.0,0.0,,,,,0.0,0.0,30.0,0.0002752999999984,-0.0003036999999892,5.3,83.0,36.5,1
27223,SO-0801,Constable Vijay Raval,Constable,44,2026-07-18 14:08:30+00:00,89.0,73.0,,21.2812364,72.9715177,24.899999618530273,-0.226,-0.025,0.88,,0.0,0.0,0.0,,,,,0.0,0.0,30.0,-0.0003016999999978,0.0002779000000003,5.33,73.0,36.5,1
27225,SO-0801,Constable Vijay Raval,Constable,44,2026-07-18 14:09:00+00:00,99.0,72.0,,21.2814121,72.9715861,24.899999618530273,-0.646,-0.179,0.577,,0.0,0.0,0.0,,,,,0.0,0.0,30.0,0.0001756999999997,6.839999998931034e-05,2.49,72.0,36.5,2
27227,SO-0801,Constable Vijay Raval,Constable,44,2026-07-18 14:09:30+00:00,87.0,77.0,,21.2814408,72.9714635,24.899999618530273,-0.637,0.859,0.099,,0.0,0.0,0.0,,,,,0.0,0.0,30.0,2.8699999997883197e-05,-0.0001225999999974,1.59,77.0,36.5,0
27229,SO-0801,Constable Vijay Raval,Constable,44,2026-07-18 14:10:00+00:00,98.0,88.0,,21.2812861,72.9713826,24.899999618530273,-1.856,-0.073,0.371,,0.0,0.0,0.0,,,,,0.0,0.0,30.0,-0.0001546999999995,-8.090000000038344e-05,2.3,88.0,36.5,1
27231,SO-0801,Constable Vijay Raval,Constable,44,2026-07-18 14:10:30+00:00,94.0,87.0,,21.2800981,72.9702603,28.100000381469727,-1.982,0.593,0.125,,0.0,0.0,0.0,,,,,0.0,0.0,30.0,-0.001187999999999,-0.0011222999999915,21.21,87.0,36.5,1
27236,SO-0801,Constable Vijay Raval,Constable,44,2026-07-18 14:11:00+00:00,88.0,84.0,,21.2822626,72.9718202,25.299999237060547,-0.679,-0.482,0.406,,0.0,0.0,0.0,,,,,0.0,0.0,30.0,0.0021644999999992,0.0015598999999895,34.88,84.0,36.5,1
27241,SO-0801,Constable Vijay Raval,Constable,44,2026-07-18 14:11:30+00:00,90.0,88.0,,21.2833277,72.973125,24.899999618530273,-0.711,0.144,0.74,,0.0,0.0,0.0,,,,,0.0,0.0,30.0,0.0010651000000017,0.0013047999999997,21.7,88.0,36.5,1
27245,SO-0801,Constable Vijay Raval,Constable,44,2026-07-18 14:12:00+00:00,98.0,84.0,,21.2844741,72.9744454,25.200000762939453,-0.837,0.14,0.688,,0.0,0.0,0.0,,,,,0.0,0.0,30.0,0.0011463999999996,0.0013203999999973,22.57,84.0,36.5,1
27247,SO-0801,Constable Vijay Raval,Constable,44,2026-07-18 14:12:30+00:00,95.0,84.0,,21.2848161,72.9744558,25.200000762939453,-0.559,1.05,0.432,,0.0,0.0,0.0,,,,,0.0,0.0,30.0,0.0003419999999998,1.0400000007848575e-05,4.56,84.0,36.5,1
27249,SO-0801,Constable Vijay Raval,Constable,44,2026-07-18 14:13:00+00:00,100.0,60.0,,21.2847994,72.974447,24.899999618530273,-0.887,0.983,0.294,,0.0,0.0,0.0,,,,,0.0,0.0,30.0,-1.6699999999758575e-05,-8.800000003361674e-06,0.25,60.0,36.5,2
27252,SO-0801,Constable Vijay Raval,Constable,44,2026-07-18 14:13:30+00:00,97.0,88.0,,21.284734,72.9744404,25.100000381469727,-0.563,0.185,0.872,,0.0,0.0,0.0,,,,,0.0,0.0,30.0,-6.540000000043733e-05,-6.599999991863115e-06,0.88,88.0,36.5,2
27255,SO-0801,Constable Vijay Raval,Constable,44,2026-07-18 14:14:00+00:00,96.0,83.0,,21.2846475,72.9748153,25.100000381469727,-0.971,-0.013,0.105,,0.0,0.0,0.0,,,,,0.0,0.0,30.0,-8.650000000187674e-05,0.000374899999997,4.86,83.0,36.5,1
27257,SO-0801,Constable Vijay Raval,Constable,44,2026-07-18 14:14:30+00:00,96.0,81.0,,21.2846446,72.9747996,27.299999237060547,-1.011,0.249,1.242,,0.0,0.0,0.0,,,,,0.0,0.0,30.0,-2.8999999983625457e-06,-1.5700000005836046e-05,0.2,81.0,36.5,2
27259,SO-0801,Constable Vijay Raval,Constable,44,2026-07-18 14:15:00+00:00,95.0,86.0,,21.2847623,72.9748362,25.100000381469727,-0.729,0.798,0.248,,0.0,0.0,0.0,,,,,0.0,0.0,30.0,0.0001177000000005,3.660000000138552e-05,1.63,86.0,36.5,2
27261,SO-0801,Constable Vijay Raval,Constable,44,2026-07-18 14:15:31+00:00,92.0,72.0,,21.284741,72.9750355,25.700000762939453,-0.4,0.832,0.243,,0.0,0.0,0.0,,,,,0.0,0.0,31.0,-2.130000000022392e-05,0.0001993000000055,2.44,72.0,36.5,2
27263,SO-0801,Constable Vijay Raval,Constable,44,2026-07-18 14:16:00+00:00,95.0,84.0,,21.2847414,72.9750403,25.700000762939453,-0.629,0.511,-0.604,,0.0,0.0,0.0,,,,,0.0,0.0,29.0,4.000000011217253e-07,4.799999999249849e-06,0.06,84.0,36.5,2
27265,SO-0801,Constable Vijay Raval,Constable,44,2026-07-18 14:16:30+00:00,99.0,75.0,,21.2847374,72.9750325,25.700000762939453,-0.69,0.698,-0.345,,0.0,0.0,0.0,,,,,0.0,0.0,30.0,-4.000000000559112e-06,-7.800000005886432e-06,0.11,75.0,36.5,2
27268,SO-0801,Constable Vijay Raval,Constable,44,2026-07-18 14:17:00+00:00,87.0,86.0,,21.2847413,72.9750374,25.700000762939453,-0.318,0.302,0.945,,0.0,0.0,0.0,,,,,0.0,0.0,30.0,3.899999999390502e-06,4.900000007523886e-06,0.08,86.0,36.5,0
27276,SO-0801,Constable Vijay Raval,Constable,44,2026-07-18 14:17:31+00:00,88.0,87.0,,21.2847291,72.9750253,25.700000762939453,-0.669,0.608,0.477,,0.0,0.0,0.0,,,,,0.0,0.0,31.0,-1.220000000046184e-05,-1.210000000639866e-05,0.22,87.0,36.5,0
27279,SO-0801,Constable Vijay Raval,Constable,44,2026-07-18 14:18:00+00:00,98.0,85.0,,21.284728,72.9750211,25.700000762939453,-0.692,0.076,0.753,,0.0,0.0,0.0,,,,,0.0,0.0,29.0,-1.0999999986438525e-06,-4.19999999223819e-06,0.06,85.0,36.5,2
27282,SO-0801,Constable Vijay Raval,Constable,44,2026-07-18 14:18:31+00:00,94.0,85.0,,21.2847285,72.9750219,25.700000762939453,-0.686,0.037,0.759,,0.0,0.0,0.0,,,,,0.0,0.0,31.0,4.999999987376214e-07,7.999999951380232e-07,0.01,85.0,36.5,2
27286,SO-0801,Constable Vijay Raval,Constable,44,2026-07-18 14:19:03+00:00,91.0,85.0,,21.2832256,72.9753983,25.700000762939453,0.01,-0.616,0.437,,0.0,0.0,0.0,,,,,0.0,0.0,32.0,-0.0015028999999984,0.0003763999999932,19.29,85.0,36.5,1
27288,SO-0801,Constable Vijay Raval,Constable,44,2026-07-18 14:19:33+00:00,91.0,88.0,,21.2847333,72.975031,25.700000762939453,-0.584,0.249,-0.743,,0.0,0.0,0.0,,,,,0.0,0.0,30.0,0.0015076999999976,-0.0003672999999935,20.61,88.0,36.5,1
27292,SO-0801,Constable Vijay Raval,Constable,44,2026-07-18 14:20:01+00:00,92.0,87.0,,21.2847291,72.9750156,25.700000762939453,-0.762,0.442,-0.452,,0.0,0.0,0.0,,,,,0.0,0.0,28.0,-4.199999999343618e-06,-1.539999999522479e-05,0.22,87.0,36.5,2
27295,SO-0801,Constable Vijay Raval,Constable,44,2026-07-18 14:20:31+00:00,86.0,87.0,,21.284737,72.9750325,25.700000762939453,-0.926,0.191,-0.273,,0.0,0.0,0.0,,,,,0.0,0.0,30.0,7.899999999949614e-06,1.6899999991437653e-05,0.24,87.0,36.5,0
27301,SO-0801,Constable Vijay Raval,Constable,44,2026-07-18 14:21:01+00:00,94.0,88.0,,21.284728,72.9750219,25.700000762939453,-0.58,0.277,-0.724,,0.0,0.0,0.0,,,,,0.0,0.0,30.0,-8.999999998593466e-06,-1.059999999597494e-05,0.18,88.0,36.5,2
27304,SO-0801,Constable Vijay Raval,Constable,44,2026-07-18 14:21:31+00:00,82.0,70.0,,21.2847296,72.9750307,25.700000762939453,-0.725,0.449,-0.522,,0.0,0.0,0.0,,,,,0.0,0.0,30.0,1.5999999973814738e-06,8.800000003361674e-06,0.11,70.0,36.5,0
27306,SO-0801,Constable Vijay Raval,Constable,44,2026-07-18 14:22:01+00:00,91.0,88.0,,21.2847392,72.9750343,25.700000762939453,-0.71,0.29,-0.547,,0.0,0.0,0.0,,,,,0.0,0.0,30.0,9.600000002052411e-06,3.5999999994373866e-06,0.14,88.0,36.5,2
27308,SO-0801,Constable Vijay Raval,Constable,44,2026-07-18 14:22:31+00:00,98.0,70.0,,21.2847373,72.9750309,25.700000762939453,-0.576,0.78,0.062,,0.0,0.0,0.0,,,,,0.0,0.0,30.0,-1.900000000887303e-06,-3.400000011311022e-06,0.05,70.0,36.5,2
27310,SO-0801,Constable Vijay Raval,Constable,44,2026-07-18 14:23:01+00:00,99.0,75.0,,21.2847273,72.9750249,25.700000762939453,-0.631,0.784,-0.044,,0.0,0.0,0.0,,,,,0.0,0.0,30.0,-9.999999999621425e-06,-5.999999999062311e-06,0.15,75.0,36.5,2
27312,SO-0801,Constable Vijay Raval,Constable,44,2026-07-18 14:23:33+00:00,94.0,58.0,,21.2847273,72.9750249,25.700000762939453,-0.334,0.939,0.017,,0.0,0.0,0.0,,,,,0.0,0.0,32.0,0.0,0.0,0.0,58.0,36.5,2
27314,SO-0801,Constable Vijay Raval,Constable,44,2026-07-18 14:24:03+00:00,94.0,85.0,,21.284746,72.9750595,25.700000762939453,-0.607,0.196,1.047,,0.0,0.0,0.0,,,,,0.0,0.0,30.0,1.8699999998261777e-05,3.460000000643504e-05,0.5,85.0,36.5,2
27316,SO-0801,Constable Vijay Raval,Constable,44,2026-07-18 14:24:31+00:00,87.0,84.0,,21.2847301,72.9750221,25.700000762939453,-0.844,0.696,0.189,,0.0,0.0,0.0,,,,,0.0,0.0,28.0,-1.5899999997515124e-05,-3.739999999652355e-05,0.55,84.0,36.5,0
27318,SO-0801,Constable Vijay Raval,Constable,44,2026-07-18 14:25:01+00:00,98.0,66.0,,21.2847445,72.9750551,25.700000762939453,-0.674,1.223,0.146,,0.0,0.0,0.0,,,,,0.0,0.0,30.0,1.4399999997749546e-05,3.300000000194814e-05,0.46,66.0,36.5,2
27320,SO-0801,Constable Vijay Raval,Constable,44,2026-07-18 14:25:31+00:00,99.0,87.0,,21.2847284,72.975021,25.700000762939453,-0.607,0.729,0.363,,0.0,0.0,0.0,,,,,0.0,0.0,30.0,-1.6099999999852344e-05,-3.410000000769742e-05,0.48,87.0,36.5,2
27322,SO-0801,Constable Vijay Raval,Constable,44,2026-07-18 14:26:01+00:00,93.0,76.0,,21.2847439,72.9750518,25.700000762939453,-1.34,0.239,0.132,,0.0,0.0,0.0,,,,,0.0,0.0,30.0,1.5499999999946112e-05,3.080000000466043e-05,0.44,76.0,36.5,2
27324,SO-0801,Constable Vijay Raval,Constable,44,2026-07-18 14:26:31+00:00,90.0,67.0,,21.2847422,72.9750327,25.700000762939453,-0.834,-0.03,-0.497,,0.0,0.0,0.0,,,,,0.0,0.0,30.0,-1.6999999985500835e-06,-1.9100000002936213e-05,0.24,67.0,36.5,0
27326,SO-0801,Constable Vijay Raval,Constable,44,2026-07-18 14:27:01+00:00,96.0,88.0,,21.2847374,72.9750343,25.700000762939453,-0.866,-0.027,-0.477,,0.0,0.0,0.0,,,,,0.0,0.0,30.0,-4.799999999249849e-06,1.6000000044869012e-06,0.07,88.0,36.5,2
27328,SO-0801,Constable Vijay Raval,Constable,44,2026-07-18 14:27:31+00:00,82.0,80.0,,21.2847401,72.9750348,25.700000762939453,-0.854,-0.066,-0.473,,0.0,0.0,0.0,,,,,0.0,0.0,30.0,2.69999999957804e-06,4.999999987376214e-07,0.04,80.0,36.5,0
27330,SO-0801,Constable Vijay Raval,Constable,44,2026-07-18 14:28:01+00:00,97.0,88.0,,21.2847279,72.9750208,25.700000762939453,-0.867,0.113,0.52,,0.0,0.0,0.0,,,,,0.0,0.0,30.0,-1.220000000046184e-05,-1.4000000007285962e-05,0.24,88.0,36.5,2
27332,SO-0801,Constable Vijay Raval,Constable,44,2026-07-18 14:28:31+00:00,82.0,72.0,,21.284729,72.9750143,25.700000762939453,-0.852,0.12,0.554,,0.0,0.0,0.0,,,,,0.0,0.0,30.0,1.0999999986438525e-06,-6.499999997799932e-06,0.08,72.0,36.5,0
27334,SO-0801,Constable Vijay Raval,Constable,44,2026-07-18 14:29:01+00:00,89.0,88.0,,21.2847267,72.9750169,25.700000762939453,-0.822,0.096,0.588,,0.0,0.0,0.0,,,,,0.0,0.0,30.0,-2.2999999984563142e-06,2.600000001962144e-06,0.04,88.0,36.5,0
27336,SO-0801,Constable Vijay Raval,Constable,44,2026-07-18 14:29:31+00:00,92.0,80.0,,21.2847275,72.975025,25.700000762939453,-0.872,-0.356,-0.358,,0.0,0.0,0.0,,,,,0.0,0.0,30.0,7.999999986907369e-07,8.100000002286833e-06,0.1,80.0,36.5,2
27338,SO-0801,Constable Vijay Raval,Constable,44,2026-07-18 14:30:01+00:00,95.0,86.0,,21.2847344,72.9750351,25.700000762939453,-0.626,-0.21,-0.64,,0.0,0.0,0.0,,,,,0.0,0.0,30.0,6.900000002474371e-06,1.009999999723732e-05,0.16,86.0,36.5,2
27340,SO-0801,Constable Vijay Raval,Constable,44,2026-07-18 14:30:31+00:00,86.0,88.0,,21.2847281,72.9750259,25.700000762939453,-0.797,-0.238,-0.178,,0.0,0.0,0.0,,,,,0.0,0.0,30.0,-6.30000000256814e-06,-9.19999999382526e-06,0.14,88.0,36.5,0
27342,SO-0801,Constable Vijay Raval,Constable,44,2026-07-18 14:31:01+00:00,82.0,83.0,,21.2847267,72.9750199,25.700000762939453,-0.387,-0.019,1.054,,0.0,0.0,0.0,,,,,0.0,0.0,30.0,-1.399999998596968e-06,-5.999999999062311e-06,0.08,83.0,36.5,0
27344,SO-0801,Constable Vijay Raval,Constable,44,2026-07-18 14:31:31+00:00,87.0,87.0,,21.2847293,72.9750146,25.700000762939453,-0.578,-0.008,0.848,,0.0,0.0,0.0,,,,,0.0,0.0,30.0,2.59999999840943e-06,-5.300000012198325e-06,0.08,87.0,36.5,0
27346,SO-0801,Constable Vijay Raval,Constable,44,2026-07-18 14:32:01+00:00,100.0,82.0,,21.2847279,72.9750127,25.700000762939453,-0.623,-0.002,0.808,,0.0,0.0,0.0,,,,,0.0,0.0,30.0,-1.399999998596968e-06,-1.900000000887303e-06,0.03,82.0,36.5,2
27348,SO-0801,Constable Vijay Raval,Constable,44,2026-07-18 14:32:31+00:00,94.0,88.0,,21.2847272,72.9750161,25.700000762939453,-0.616,0.02,0.821,,0.0,0.0,0.0,,,,,0.0,0.0,30.0,-7.000000010748408e-07,3.400000011311022e-06,0.04,88.0,36.5,2
27350,SO-0801,Constable Vijay Raval,Constable,44,2026-07-18 14:33:01+00:00,86.0,88.0,,21.2847266,72.9750144,25.700000762939453,-0.599,0.037,0.835,,0.0,0.0,0.0,,,,,0.0,0.0,30.0,-5.999999999062311e-07,-1.6999999985500835e-06,0.02,88.0,36.5,0
27352,SO-0801,Constable Vijay Raval,Constable,44,2026-07-18 14:33:31+00:00,94.0,87.0,,21.2847298,72.9750221,25.700000762939453,-0.928,0.296,-0.191,,0.0,0.0,0.0,,,,,0.0,0.0,30.0,3.200000001868375e-06,7.699999997612395e-06,0.11,87.0,36.5,2
27354,SO-0801,Constable Vijay Raval,Constable,44,2026-07-18 14:34:01+00:00,98.0,86.0,,21.284728,72.9750268,25.700000762939453,-0.697,0.237,-0.677,,0.0,0.0,0.0,,,,,0.0,0.0,30.0,-1.7999999997186933e-06,4.699999990975812e-06,0.06,86.0,36.5,2
27356,SO-0801,Constable Vijay Raval,Constable,44,2026-07-18 14:34:31+00:00,98.0,88.0,,21.284726,72.9750233,25.700000762939453,-0.72,0.031,0.729,,0.0,0.0,0.0,,,,,0.0,0.0,30.0,-2.0000000020559128e-06,-3.4999999911633495e-06,0.05,88.0,36.5,2
27358,SO-0801,Constable Vijay Raval,Constable,44,2026-07-18 14:35:01+00:00,85.0,71.0,,21.2847281,72.975017,25.700000762939453,0.151,-0.898,0.438,,0.0,0.0,0.0,,,,,0.0,0.0,30.0,2.099999999671809e-06,-6.3000000096735675e-06,0.08,71.0,36.5,0
27360,SO-0801,Constable Vijay Raval,Constable,44,2026-07-18 14:35:31+00:00,91.0,88.0,,21.2847275,72.9750243,25.700000762939453,-0.737,0.085,0.702,,0.0,0.0,0.0,,,,,0.0,0.0,30.0,-5.999999999062311e-07,7.30000000714881e-06,0.09,88.0,36.5,2
27362,SO-0801,Constable Vijay Raval,Constable,44,2026-07-18 14:36:01+00:00,91.0,87.0,,21.2847464,72.9750511,25.700000762939453,-0.882,0.222,-0.47,,0.0,0.0,0.0,,,,,0.0,0.0,30.0,1.8900000000598993e-05,2.6800000000548607e-05,0.42,87.0,36.5,2
27364,SO-0801,Constable Vijay Raval,Constable,44,2026-07-18 14:36:31+00:00,100.0,88.0,,21.2847281,72.9750237,25.700000762939453,-0.954,0.233,-0.119,,0.0,0.0,0.0,,,,,0.0,0.0,30.0,-1.830000000069276e-05,-2.7400000007560266e-05,0.42,88.0,36.5,2
27366,SO-0801,Constable Vijay Raval,Constable,44,2026-07-18 14:37:01+00:00,83.0,87.0,,21.2847282,72.9750267,25.700000762939453,-0.79,0.079,-0.589,,0.0,0.0,0.0,,,,,0.0,0.0,30.0,1.0000000116860974e-07,3.000000006636583e-06,0.04,87.0,36.5,0
27368,SO-0801,Constable Vijay Raval,Constable,44,2026-07-18 14:37:31+00:00,86.0,85.0,,21.2847274,72.9750273,25.700000762939453,-0.771,0.116,-0.599,,0.0,0.0,0.0,,,,,0.0,0.0,30.0,-7.999999986907369e-07,5.999999928008037e-07,0.01,85.0,36.5,0
27369,SO-0801,Constable Vijay Raval,Constable,44,2026-07-18 14:38:01+00:00,85.0,79.0,,21.2847276,72.9750253,25.700000762939453,-0.763,0.123,-0.594,,0.0,0.0,0.0,,,,,0.0,0.0,30.0,1.999999987845058e-07,-1.9999999949504854e-06,0.03,79.0,36.5,0
27371,SO-0801,Constable Vijay Raval,Constable,44,2026-07-18 14:38:31+00:00,90.0,66.0,,21.284727,72.9750265,25.700000762939453,-0.761,0.141,-0.599,,0.0,0.0,0.0,,,,,0.0,0.0,30.0,-5.999999999062311e-07,1.1999999998124622e-06,0.02,66.0,36.5,0
27373,SO-0801,Constable Vijay Raval,Constable,44,2026-07-18 14:39:01+00:00,93.0,80.0,,21.2847281,72.9750281,25.700000762939453,-0.748,0.149,-0.621,,0.0,0.0,0.0,,,,,0.0,0.0,30.0,1.0999999986438525e-06,1.6000000044869012e-06,0.02,80.0,36.5,2
27375,SO-0801,Constable Vijay Raval,Constable,44,2026-07-18 14:39:31+00:00,92.0,72.0,,21.2847278,72.9750213,25.700000762939453,-0.741,0.157,-0.61,,0.0,0.0,0.0,,,,,0.0,0.0,30.0,-2.999999999531156e-07,-6.800000008411189e-06,0.09,72.0,36.5,2
27377,SO-0801,Constable Vijay Raval,Constable,44,2026-07-18 14:40:01+00:00,82.0,88.0,,21.284729,72.9750211,25.700000762939453,-0.984,-0.324,0.31,,0.0,0.0,0.0,,,,,0.0,0.0,30.0,1.1999999998124622e-06,-1.9999998812636477e-07,0.02,88.0,36.5,0
27379,SO-0801,Constable Vijay Raval,Constable,44,2026-07-18 14:40:31+00:00,98.0,89.0,,21.2847256,72.9750169,25.700000762939453,-0.95,-0.273,0.145,,0.0,0.0,0.0,,,,,0.0,0.0,30.0,-3.399999997100167e-06,-4.200000006449045e-06,0.07,89.0,36.5,2
27381,SO-0801,Constable Vijay Raval,Constable,44,2026-07-18 14:41:01+00:00,85.0,88.0,,21.2847256,72.9750133,25.700000762939453,-0.636,0.009,0.797,,0.0,0.0,0.0,,,,,0.0,0.0,30.0,0.0,-3.5999999994373866e-06,0.05,88.0,36.5,0
27383,SO-0801,Constable Vijay Raval,Constable,44,2026-07-18 14:41:31+00:00,86.0,77.0,,21.2847271,72.9750299,25.700000762939453,-0.848,-0.158,-0.501,,0.0,0.0,0.0,,,,,0.0,0.0,30.0,1.4999999997655775e-06,1.659999999503725e-05,0.21,77.0,36.5,0
27385,SO-0801,Constable Vijay Raval,Constable,44,2026-07-18 14:42:01+00:00,92.0,87.0,,21.2847287,72.9750247,25.700000762939453,-0.831,-0.214,-0.478,,0.0,0.0,0.0,,,,,0.0,0.0,30.0,1.5999999973814738e-06,-5.199999989713433e-06,0.07,87.0,36.5,2
27387,SO-0801,Constable Vijay Raval,Constable,44,2026-07-18 14:42:31+00:00,86.0,88.0,,21.2847269,72.97502,25.700000762939453,-0.9,-0.221,-0.317,,0.0,0.0,0.0,,,,,0.0,0.0,30.0,-1.7999999997186933e-06,-4.700000005186666e-06,0.06,88.0,36.5,0
27389,SO-0801,Constable Vijay Raval,Constable,44,2026-07-18 14:43:01+00:00,84.0,76.0,,21.2847305,72.9750255,25.700000762939453,-0.891,-0.235,-0.328,,0.0,0.0,0.0,,,,,0.0,0.0,30.0,3.5999999994373866e-06,5.50000000032469e-06,0.08,76.0,36.5,0
27391,SO-0801,Constable Vijay Raval,Constable,44,2026-07-18 14:43:31+00:00,83.0,62.0,,21.284733,72.9750349,25.700000762939453,-0.896,-0.233,-0.333,,0.0,0.0,0.0,,,,,0.0,0.0,30.0,2.500000000793534e-06,9.399999996162478e-06,0.12,62.0,36.5,0
27393,SO-0801,Constable Vijay Raval,Constable,44,2026-07-18 14:44:01+00:00,100.0,55.0,,21.2847286,72.9750214,25.700000762939453,-0.895,-0.233,-0.329,,0.0,0.0,0.0,,,,,0.0,0.0,30.0,-4.3999999981281235e-06,-1.3499999994337486e-05,0.18,55.0,36.5,2
27395,SO-0801,Constable Vijay Raval,Constable,44,2026-07-18 14:44:31+00:00,81.0,81.0,,21.2847291,72.9750276,25.700000762939453,-0.893,-0.241,-0.331,,0.0,0.0,0.0,,,,,0.0,0.0,30.0,4.999999987376214e-07,6.2000000013995304e-06,0.08,81.0,36.5,0
27397,SO-0801,Constable Vijay Raval,Constable,44,2026-07-18 14:45:01+00:00,83.0,56.0,,21.2847424,72.9750369,25.700000762939453,-0.891,-0.241,-0.332,,0.0,0.0,0.0,,,,,0.0,0.0,30.0,1.3299999999105694e-05,9.300000002099296e-06,0.21,56.0,36.5,0
27399,SO-0801,Constable Vijay Raval,Constable,44,2026-07-18 14:45:31+00:00,83.0,83.0,,21.2847276,72.9750276,25.700000762939453,-0.888,-0.258,-0.318,,0.0,0.0,0.0,,,,,0.0,0.0,30.0,-1.4799999998871272e-05,-9.300000002099296e-06,0.23,83.0,36.5,0
28857,SO-0801,Constable Vijay Raval,Constable,44,2026-07-19 10:46:34+00:00,96.0,88.0,,21.2847447,72.9761364,26.899999618530273,-0.617,0.327,-0.651,,0.0,0.0,0.0,,,,,0.0,0.0,72063.0,1.71000000008803e-05,0.0011087999999972,0.0,88.0,36.5,2
28860,SO-0801,Constable Vijay Raval,Constable,44,2026-07-19 10:47:04+00:00,94.0,88.0,,21.2847447,72.9761364,26.899999618530273,-0.632,0.337,-0.636,,0.0,0.0,0.0,,,,,0.0,0.0,30.0,0.0,0.0,0.0,88.0,36.5,2
28863,SO-0801,Constable Vijay Raval,Constable,44,2026-07-19 10:47:34+00:00,90.0,88.0,,21.2832256,72.9753983,26.899999618530273,-0.626,0.34,-0.636,,0.0,0.0,0.0,,,,,0.0,0.0,30.0,-0.0015190999999994,-0.0007381000000066,22.26,88.0,36.5,1
28866,SO-0801,Constable Vijay Raval,Constable,44,2026-07-19 10:48:04+00:00,94.0,88.0,,21.2847447,72.9761364,26.899999618530273,-0.63,0.322,-0.641,,0.0,0.0,0.0,,,,,0.0,0.0,30.0,0.0015190999999994,0.0007381000000066,22.26,88.0,36.5,1
28869,SO-0801,Constable Vijay Raval,Constable,44,2026-07-19 10:48:34+00:00,88.0,88.0,,21.2850671,72.9757674,26.899999618530273,-0.639,0.347,-0.614,,0.0,0.0,0.0,,,,,0.0,0.0,30.0,0.0003223999999981,-0.0003690000000062,6.32,88.0,36.5,1
28872,SO-0801,Constable Vijay Raval,Constable,44,2026-07-19 10:49:04+00:00,83.0,87.0,,21.2850671,72.9757674,26.899999618530273,-0.605,0.312,-0.674,,0.0,0.0,0.0,,,,,0.0,0.0,30.0,0.0,0.0,0.0,87.0,36.5,0
28875,SO-0801,Constable Vijay Raval,Constable,44,2026-07-19 10:49:34+00:00,95.0,86.0,,21.282865,72.9753983,26.899999618530273,-0.606,0.303,-0.671,,0.0,0.0,0.0,,,,,0.0,0.0,30.0,-0.002202099999998,-0.0003691000000003,29.7,86.0,36.5,1
28879,SO-0801,Constable Vijay Raval,Constable,44,2026-07-19 10:50:04+00:00,98.0,88.0,,21.2850671,72.9757674,26.899999618530273,-0.616,0.098,-0.709,,0.0,0.0,0.0,,,,,0.0,0.0,30.0,0.002202099999998,0.0003691000000003,29.7,88.0,36.5,1
28883,SO-0801,Constable Vijay Raval,Constable,44,2026-07-19 10:50:34+00:00,95.0,88.0,,21.2851878,72.9741015,26.899999618530273,-0.628,0.1,-0.705,,0.0,0.0,0.0,,,,,0.0,0.0,30.0,0.0001207,-0.0016658999999918,21.02,88.0,36.5,1
28887,SO-0801,Constable Vijay Raval,Constable,44,2026-07-19 10:51:04+00:00,99.0,88.0,,21.282865,72.9753983,26.899999618530273,-0.652,0.122,-0.664,,0.0,0.0,0.0,,,,,0.0,0.0,30.0,-0.0023227999999981,0.0012967999999915,34.98,88.0,36.5,1
28891,SO-0801,Constable Vijay Raval,Constable,44,2026-07-19 10:51:34+00:00,95.0,88.0,,21.282865,72.9753983,26.899999618530273,-0.649,0.081,-0.688,,0.0,0.0,0.0,,,,,0.0,0.0,30.0,0.0,0.0,0.0,88.0,36.5,2
28895,SO-0801,Constable Vijay Raval,Constable,44,2026-07-19 10:52:04+00:00,81.0,88.0,,21.2851875,72.9740997,26.899999618530273,-0.481,0.481,-0.508,,0.0,0.0,0.0,,,,,0.0,0.0,30.0,0.0023224999999982,-0.0012985999999983,34.99,88.0,36.5,1
28898,SO-0801,Constable Vijay Raval,Constable,44,2026-07-19 10:52:31+00:00,84.0,83.0,,21.2850073,72.9740625,26.899999618530273,-0.759,0.108,-0.555,,0.0,0.0,0.0,,,,,0.0,0.0,27.0,-0.000180199999999,-3.719999999418633e-05,2.72,83.0,36.5,0
28903,SO-0801,Constable Vijay Raval,Constable,44,2026-07-19 10:53:04+00:00,99.0,88.0,,21.2850073,72.9740625,26.899999618530273,-0.553,-0.049,-0.761,,0.0,0.0,0.0,,,,,0.0,0.0,33.0,0.0,0.0,0.0,88.0,36.5,2
28906,SO-0801,Constable Vijay Raval,Constable,44,2026-07-19 10:53:31+00:00,92.0,87.0,,21.285009,72.9740654,26.899999618530273,-0.563,-0.007,-0.754,,0.0,0.0,0.0,,,,,0.0,0.0,27.0,1.6999999985500835e-06,2.8999999983625457e-06,0.05,87.0,36.5,2
28910,SO-0801,Constable Vijay Raval,Constable,44,2026-07-19 10:54:01+00:00,89.0,87.0,,21.285009,72.9740654,26.899999618530273,-0.553,0.062,-0.767,,0.0,0.0,0.0,,,,,0.0,0.0,30.0,0.0,0.0,0.0,87.0,36.5,0
28915,SO-0801,Constable Vijay Raval,Constable,44,2026-07-19 10:54:34+00:00,100.0,83.0,,21.28463,72.9750293,26.899999618530273,-0.472,0.015,-0.827,,0.0,0.0,0.0,,,,,0.0,0.0,33.0,-0.0003789999999987,0.0009639000000021,11.94,83.0,36.5,1
28919,SO-0801,Constable Vijay Raval,Constable,44,2026-07-19 10:55:03+00:00,90.0,88.0,,21.2841929,72.9742912,26.899999618530273,-0.414,-0.8,-0.318,,0.0,0.0,0.0,,,,,0.0,0.0,29.0,-0.0004370999999991,-0.0007381000000066,11.34,88.0,36.5,1
28922,SO-0801,Constable Vijay Raval,Constable,44,2026-07-19 10:55:31+00:00,98.0,88.0,,21.2851415,72.9740627,26.899999618530273,-0.518,0.027,-0.792,,0.0,0.0,0.0,,,,,0.0,0.0,28.0,0.0009486000000009,-0.0002284999999915,13.88,88.0,36.5,1
28927,SO-0801,Constable Vijay Raval,Constable,44,2026-07-19 10:56:01+00:00,95.0,87.0,,21.2851908,72.9740983,26.899999618530273,-0.377,-0.699,-0.249,,0.0,0.0,0.0,,,,,0.0,0.0,30.0,4.929999999703227e-05,3.559999998969943e-05,0.79,87.0,36.5,2
28931,SO-0801,Constable Vijay Raval,Constable,44,2026-07-19 10:56:34+00:00,98.0,88.0,,21.2824279,72.9746602,26.899999618530273,-0.5,0.063,-0.836,,0.0,0.0,0.0,,,,,0.0,0.0,33.0,-0.0027629000000004,0.0005619000000081,34.07,88.0,36.5,1
28935,SO-0801,Constable Vijay Raval,Constable,44,2026-07-19 10:57:04+00:00,100.0,88.0,,21.2824279,72.9746602,26.899999618530273,-0.527,0.079,-0.784,,0.0,0.0,0.0,,,,,0.0,0.0,30.0,0.0,0.0,0.0,88.0,36.5,2
28939,SO-0801,Constable Vijay Raval,Constable,44,2026-07-19 10:57:34+00:00,95.0,88.0,,21.2824279,72.9746602,26.899999618530273,-0.497,0.145,-0.788,,0.0,0.0,0.0,,,,,0.0,0.0,30.0,0.0,0.0,0.0,88.0,36.5,2
28943,SO-0801,Constable Vijay Raval,Constable,44,2026-07-19 10:58:04+00:00,100.0,88.0,,21.28463,72.9750293,26.899999618530273,-0.522,0.136,-0.778,,0.0,0.0,0.0,,,,,0.0,0.0,30.0,0.0022021000000016,0.0003691000000003,29.7,88.0,36.5,1
28946,SO-0801,Constable Vijay Raval,Constable,44,2026-07-19 10:58:31+00:00,91.0,88.0,,21.2848271,72.9740986,26.899999618530273,-0.516,0.107,-0.781,,0.0,0.0,0.0,,,,,0.0,0.0,27.0,0.0001971000000011,-0.0009306999999978,13.34,88.0,36.5,1
28951,SO-0801,Constable Vijay Raval,Constable,44,2026-07-19 10:59:04+00:00,96.0,88.0,,21.2848271,72.9740986,26.899999618530273,-0.5,0.052,-0.803,,0.0,0.0,0.0,,,,,0.0,0.0,33.0,0.0,0.0,0.0,88.0,36.5,2
28955,SO-0801,Constable Vijay Raval,Constable,44,2026-07-19 10:59:31+00:00,100.0,88.0,,21.2848536,72.9740834,26.899999618530273,-0.513,0.054,-0.79,,0.0,0.0,0.0,,,,,0.0,0.0,27.0,2.650000000059549e-05,-1.5200000007098424e-05,0.45,88.0,36.5,2
28959,SO-0801,Constable Vijay Raval,Constable,44,2026-07-19 11:00:04+00:00,98.0,88.0,,21.2851895,72.9740981,26.899999618530273,-0.518,0.062,-0.786,,0.0,0.0,0.0,,,,,0.0,0.0,33.0,0.0003358999999996,1.4700000008360805e-05,4.07,88.0,36.5,2
28962,SO-0801,Constable Vijay Raval,Constable,44,2026-07-19 11:00:31+00:00,100.0,88.0,,21.2848703,72.9740837,26.899999618530273,-0.538,0.068,-0.775,,0.0,0.0,0.0,,,,,0.0,0.0,27.0,-0.0003191999999998,-1.44000000119604e-05,4.73,88.0,36.5,1
28967,SO-0801,Constable Vijay Raval,Constable,44,2026-07-19 11:01:04+00:00,87.0,88.0,,21.2848703,72.9740837,26.899999618530273,-0.5,0.079,-0.785,,0.0,0.0,0.0,,,,,0.0,0.0,33.0,0.0,0.0,0.0,88.0,36.5,0
28971,SO-0801,Constable Vijay Raval,Constable,44,2026-07-19 11:01:31+00:00,85.0,88.0,,21.2848803,72.974092,26.899999618530273,-0.489,0.032,-0.808,,0.0,0.0,0.0,,,,,0.0,0.0,27.0,9.999999999621425e-06,8.300000004624053e-06,0.19,88.0,36.5,0
28974,SO-0801,Constable Vijay Raval,Constable,44,2026-07-19 11:02:01+00:00,87.0,83.0,,21.2848803,72.974092,26.899999618530273,-0.573,0.079,-0.802,,0.0,0.0,0.0,,,,,0.0,0.0,30.0,0.0,0.0,0.0,83.0,36.5,0
28981,SO-0801,Constable Vijay Raval,Constable,44,2026-07-19 11:02:34+00:00,82.0,87.0,,21.2807941,72.9728149,26.899999618530273,-0.371,-0.817,0.086,,0.0,0.0,0.0,,,,,0.0,0.0,33.0,-0.0040861999999997,-0.0012770999999958,51.59,87.0,36.5,1
28983,SO-0801,Constable Vijay Raval,Constable,44,2026-07-19 11:03:03+00:00,98.0,62.0,,21.2851908,72.9740983,26.899999618530273,-1.207,-0.416,1.292,,0.0,0.0,0.0,,,,,0.0,0.0,29.0,0.0043966999999973,0.0012833999999912,62.84,62.0,36.5,1
28987,SO-0801,Constable Vijay Raval,Constable,44,2026-07-19 11:03:34+00:00,91.0,,,21.28463,72.9750293,26.899999618530273,-0.769,0.459,0.456,,0.0,0.0,0.0,,,,,0.0,0.0,31.0,-0.0005607999999988,0.0009310000000084,13.45,62.0,36.5,1
28991,SO-0801,Constable Vijay Raval,Constable,44,2026-07-19 11:04:01+00:00,95.0,,,21.2855973,72.9739221,26.899999618530273,-0.281,0.305,0.841,,0.0,0.0,0.0,,,,,0.0,0.0,27.0,0.0009672999999992,-0.0011072000000069,21.09,62.0,36.5,1
28994,SO-0801,Constable Vijay Raval,Constable,44,2026-07-19 11:04:31+00:00,95.0,,,21.2854802,72.9741127,27.600000381469727,-0.199,-0.778,0.504,,0.0,0.0,0.0,,,,,0.0,0.0,30.0,-0.0001171000000006,0.0001906000000104,2.86,62.0,36.5,1
28999,SO-0801,Constable Vijay Raval,Constable,44,2026-07-19 11:05:04+00:00,91.0,88.0,,21.2854802,72.9741127,27.600000381469727,-0.391,-0.818,0.391,,0.0,0.0,0.0,,,,,0.0,0.0,33.0,0.0,0.0,0.0,88.0,36.5,1
29003,SO-0801,Constable Vijay Raval,Constable,44,2026-07-19 11:05:33+00:00,88.0,88.0,,21.2853227,72.9741348,27.0,-0.624,0.904,-0.347,,0.0,0.0,0.0,,,,,0.0,0.0,29.0,-0.0001575000000002,2.209999999536194e-05,2.19,88.0,36.5,0
29006,SO-0801,Constable Vijay Raval,Constable,44,2026-07-19 11:06:01+00:00,92.0,77.0,,21.2852546,72.9740969,27.0,-0.348,0.934,-0.096,,0.0,0.0,0.0,,,,,0.0,0.0,28.0,-6.810000000001537e-05,-3.789999999526117e-05,1.1,77.0,36.5,2
29010,SO-0801,Constable Vijay Raval,Constable,44,2026-07-19 11:06:31+00:00,95.0,71.0,,21.2851912,72.9741973,26.899999618530273,-0.729,0.995,0.039,,0.0,0.0,0.0,,,,,0.0,0.0,30.0,-6.339999999838142e-05,0.0001003999999937,1.52,71.0,36.5,2
29014,SO-0801,Constable Vijay Raval,Constable,44,2026-07-19 11:07:01+00:00,95.0,,,21.2852191,72.9740998,26.899999618530273,-0.393,0.244,0.168,,0.0,0.0,0.0,,,,,0.0,0.0,30.0,2.789999999919246e-05,-9.74999999954207e-05,1.28,71.0,36.5,2
29019,SO-0801,Constable Vijay Raval,Constable,44,2026-07-19 11:07:34+00:00,81.0,,,21.2851845,72.9741008,26.899999618530273,-0.453,-0.618,0.209,,0.0,0.0,0.0,,,,,0.0,0.0,33.0,-3.459999999932961e-05,9.999999974752427e-07,0.42,71.0,36.5,0
29022,SO-0801,Constable Vijay Raval,Constable,44,2026-07-19 11:08:01+00:00,92.0,58.0,,21.2851162,72.9740379,26.899999618530273,-0.396,0.887,-0.186,,0.0,0.0,0.0,,,,,0.0,0.0,27.0,-6.829999999879988e-05,-6.290000000319651e-05,1.34,58.0,36.5,2
29027,SO-0801,Constable Vijay Raval,Constable,44,2026-07-19 11:08:33+00:00,86.0,81.0,,21.2851602,72.9741282,26.899999618530273,-0.806,0.584,-0.035,,0.0,0.0,0.0,,,,,0.0,0.0,32.0,4.39999999990448e-05,9.029999999654592e-05,1.2,81.0,36.5,0
29030,SO-0801,Constable Vijay Raval,Constable,44,2026-07-19 11:09:02+00:00,95.0,81.0,,21.2851114,72.9741456,25.100000381469727,-0.492,0.167,1.05,,0.0,0.0,0.0,,,,,0.0,0.0,29.0,-4.879999999829465e-05,1.740000000438613e-05,0.71,81.0,36.5,2
29035,SO-0801,Constable Vijay Raval,Constable,44,2026-07-19 11:09:33+00:00,100.0,88.0,,21.2848915,72.9742203,25.100000381469727,-0.665,0.042,0.926,,0.0,0.0,0.0,,,,,0.0,0.0,31.0,-0.0002199000000011,7.469999999898391e-05,2.98,88.0,36.5,2
29038,SO-0801,Constable Vijay Raval,Constable,44,2026-07-19 11:10:01+00:00,99.0,88.0,,21.2848387,72.9743952,25.600000381469727,-0.89,0.698,0.104,,0.0,0.0,0.0,,,,,0.0,0.0,28.0,-5.279999999885376e-05,0.0001749000000046,2.48,88.0,36.5,2
29042,SO-0801,Constable Vijay Raval,Constable,44,2026-07-19 11:10:31+00:00,98.0,87.0,,21.2847551,72.9744217,24.899999618530273,-0.999,0.154,-0.853,,0.0,0.0,0.0,,,,,0.0,0.0,30.0,-8.359999999996148e-05,2.649999998993735e-05,1.16,87.0,36.5,2
29046,SO-0801,Constable Vijay Raval,Constable,44,2026-07-19 11:11:01+00:00,90.0,86.0,,21.2845045,72.9744554,25.200000762939453,-0.752,0.045,0.579,,0.0,0.0,0.0,,,,,0.0,0.0,30.0,-0.000250600000001,3.370000000302298e-05,3.36,86.0,36.5,0
29051,SO-0801,Constable Vijay Raval,Constable,44,2026-07-19 11:11:33+00:00,95.0,88.0,,21.2845579,72.9746861,25.399999618530273,-0.75,-0.046,-0.655,,0.0,0.0,0.0,,,,,0.0,0.0,32.0,5.3399999998759995e-05,0.000230700000003,2.8,88.0,36.5,2
29054,SO-0801,Constable Vijay Raval,Constable,44,2026-07-19 11:12:01+00:00,86.0,89.0,,21.2847475,72.9749531,25.600000381469727,-0.478,0.933,0.284,,0.0,0.0,0.0,,,,,0.0,0.0,28.0,0.0001896000000023,0.0002669999999938,4.5,89.0,36.5,0
29058,SO-0801,Constable Vijay Raval,Constable,44,2026-07-19 11:12:31+00:00,94.0,,,21.2847746,72.9749868,28.0,-0.177,0.793,-0.139,,0.0,0.0,0.0,,,,,0.0,0.0,30.0,2.709999999694901e-05,3.370000000302298e-05,0.56,89.0,36.5,2
29062,SO-0801,Constable Vijay Raval,Constable,44,2026-07-19 11:13:01+00:00,85.0,88.0,,21.2847705,72.9749604,26.0,-0.143,0.693,0.126,,0.0,0.0,0.0,,,,,0.0,0.0,30.0,-4.099999998175008e-06,-2.6399999995874168e-05,0.34,88.0,36.5,0
29066,SO-0801,Constable Vijay Raval,Constable,44,2026-07-19 11:13:31+00:00,88.0,84.0,,21.2847494,72.9750414,25.700000762939453,-0.163,0.861,-0.084,,0.0,0.0,0.0,,,,,0.0,0.0,30.0,-2.1100000001439412e-05,8.099999999444663e-05,1.06,84.0,36.5,0
29071,SO-0801,Constable Vijay Raval,Constable,44,2026-07-19 11:14:02+00:00,86.0,77.0,,21.2847369,72.975041,25.600000381469727,-0.776,0.513,-0.122,,0.0,0.0,0.0,,,,,0.0,0.0,31.0,-1.2500000000414955e-05,-3.9999999046358425e-07,0.16,77.0,36.5,0
29074,SO-0801,Constable Vijay Raval,Constable,44,2026-07-19 11:14:31+00:00,84.0,88.0,,21.2847239,72.9750316,25.399999618530273,-0.845,0.474,-0.192,,0.0,0.0,0.0,,,,,0.0,0.0,29.0,-1.2999999999152578e-05,-9.400000010373333e-06,0.22,88.0,36.5,0
29078,SO-0801,Constable Vijay Raval,Constable,44,2026-07-19 11:15:01+00:00,85.0,88.0,,21.2847369,72.9750333,25.700000762939453,-0.594,0.096,-0.764,,0.0,0.0,0.0,,,,,0.0,0.0,30.0,1.2999999999152578e-05,1.7000000127609385e-06,0.17,88.0,36.5,0
29082,SO-0801,Constable Vijay Raval,Constable,44,2026-07-19 11:15:31+00:00,86.0,88.0,,21.2847411,72.9750358,25.700000762939453,-0.532,0.146,-0.79,,0.0,0.0,0.0,,,,,0.0,0.0,30.0,4.200000002896331e-06,2.4999999936881068e-06,0.06,88.0,36.5,0
29087,SO-0801,Constable Vijay Raval,Constable,44,2026-07-19 11:16:04+00:00,92.0,80.0,,21.2847419,72.9750516,25.700000762939453,-0.283,1.232,-0.205,,0.0,0.0,0.0,,,,,0.0,0.0,33.0,7.999999986907369e-07,1.5799999999899228e-05,0.18,80.0,36.5,2
29090,SO-0801,Constable Vijay Raval,Constable,44,2026-07-19 11:16:31+00:00,92.0,,,21.284556,72.9747536,25.700000762939453,-0.171,0.848,0.049,,0.0,0.0,0.0,,,,,0.0,0.0,27.0,-0.0001859000000017,-0.0002980000000007,4.99,80.0,36.5,1
29094,SO-0801,Constable Vijay Raval,Constable,44,2026-07-19 11:17:01+00:00,89.0,86.0,,21.2846081,72.9748361,25.600000381469727,-0.854,-0.542,0.071,,0.0,0.0,0.0,,,,,0.0,0.0,30.0,5.210000000133164e-05,8.250000000487034e-05,1.25,86.0,36.5,0
29098,SO-0801,Constable Vijay Raval,Constable,44,2026-07-19 11:17:31+00:00,89.0,85.0,,21.2845495,72.9747179,25.600000381469727,-0.765,0.057,0.802,,0.0,0.0,0.0,,,,,0.0,0.0,30.0,-5.859999999913157e-05,-0.0001182000000028,1.68,85.0,36.5,0
29102,SO-0801,Constable Vijay Raval,Constable,44,2026-07-19 11:18:01+00:00,99.0,88.0,,21.2835218,72.9741406,26.0,-0.357,-0.373,0.646,,0.0,0.0,0.0,,,,,0.0,0.0,30.0,-0.0010277000000016,-0.0005773000000033,15.5,88.0,36.5,1
29106,SO-0801,Constable Vijay Raval,Constable,44,2026-07-19 11:18:31+00:00,89.0,88.0,,21.2818892,72.9726881,23.600000381469727,-0.323,0.064,0.929,,0.0,0.0,0.0,,,,,0.0,0.0,30.0,-0.0016326000000006,-0.0014524999999991,28.41,88.0,36.5,1
29110,SO-0801,Constable Vijay Raval,Constable,44,2026-07-19 11:19:01+00:00,98.0,88.0,,21.2822989,72.971202,24.899999618530273,-0.964,-0.073,0.659,,0.0,0.0,0.0,,,,,0.0,0.0,30.0,0.0004097000000022,-0.0014860999999939,19.48,88.0,36.5,1
29114,SO-0801,Constable Vijay Raval,Constable,44,2026-07-19 11:19:31+00:00,92.0,87.0,,21.2797849,72.969999,24.899999618530273,-1.537,-1.153,0.567,,0.0,0.0,0.0,,,,,0.0,0.0,30.0,-0.0025140000000014,-0.0012030000000038,36.75,87.0,36.5,1
29118,SO-0801,Constable Vijay Raval,Constable,44,2026-07-19 11:20:01+00:00,94.0,87.0,,21.2776243,72.9682368,26.200000762939453,-0.835,-0.048,0.516,,0.0,0.0,0.0,,,,,0.0,0.0,30.0,-0.0021605999999998,-0.0017622000000017,36.33,87.0,36.5,1
29122,SO-0801,Constable Vijay Raval,Constable,44,2026-07-19 11:20:31+00:00,87.0,88.0,,21.2761609,72.9668789,26.200000762939453,-0.966,0.026,0.517,,0.0,0.0,0.0,,,,,0.0,0.0,30.0,-0.0014633999999986,-0.0013579000000021,25.92,88.0,36.5,1
29126,SO-0801,Constable Vijay Raval,Constable,44,2026-07-19 11:21:01+00:00,95.0,88.0,,21.274342,72.9644733,27.399999618530273,-1.378,-0.052,0.389,,0.0,0.0,0.0,,,,,0.0,0.0,30.0,-0.0018188999999999,-0.002405600000003,38.77,88.0,36.5,1
29130,SO-0801,Constable Vijay Raval,Constable,44,2026-07-19 11:21:31+00:00,94.0,88.0,,21.273295,72.9627177,26.200000762939453,-0.939,0.164,0.538,,0.0,0.0,0.0,,,,,0.0,0.0,30.0,-0.0010469999999997,-0.0017555999999956,26.12,88.0,36.5,1
29134,SO-0801,Constable Vijay Raval,Constable,44,2026-07-19 11:22:01+00:00,92.0,88.0,,21.2720281,72.9613328,26.200000762939453,-0.731,-0.003,0.608,,0.0,0.0,0.0,,,,,0.0,0.0,30.0,-0.0012669000000009,-0.001384900000005,24.26,88.0,36.5,1
29138,SO-0801,Constable Vijay Raval,Constable,44,2026-07-19 11:22:31+00:00,100.0,88.0,,21.2706819,72.9592207,28.100000381469727,-0.895,-0.082,0.585,,0.0,0.0,0.0,,,,,0.0,0.0,30.0,-0.0013462000000004,-0.0021120999999908,32.06,88.0,36.5,1
29142,SO-0801,Constable Vijay Raval,Constable,44,2026-07-19 11:23:01+00:00,97.0,88.0,,21.2700394,72.9578779,28.5,-0.834,-0.037,0.636,,0.0,0.0,0.0,,,,,0.0,0.0,30.0,-0.0006424999999978,-0.0013428000000033,18.94,88.0,36.5,1
29146,SO-0801,Constable Vijay Raval,Constable,44,2026-07-19 11:23:31+00:00,85.0,87.0,,21.2693641,72.9581888,28.600000381469727,-0.625,0.27,0.74,,0.0,0.0,0.0,,,,,0.0,0.0,30.0,-0.000675300000001,0.0003109000000023,9.81,87.0,36.5,1
29150,SO-0801,Constable Vijay Raval,Constable,44,2026-07-19 11:24:01+00:00,99.0,88.0,,21.2687281,72.9583452,33.60000038146973,-0.708,0.301,0.672,,0.0,0.0,0.0,,,,,0.0,0.0,30.0,-0.000636,0.0001563999999945,8.7,88.0,36.5,1
29154,SO-0801,Constable Vijay Raval,Constable,44,2026-07-19 11:24:31+00:00,88.0,88.0,,21.2679803,72.9584917,33.60000038146973,-0.855,-0.119,0.444,,0.0,0.0,0.0,,,,,0.0,0.0,30.0,-0.0007477999999991,0.0001464999999996,10.13,88.0,36.5,1
29158,SO-0801,Constable Vijay Raval,Constable,44,2026-07-19 11:25:01+00:00,85.0,88.0,,21.2657149,72.9598904,25.600000381469727,-0.843,-0.021,0.521,,0.0,0.0,0.0,,,,,0.0,0.0,30.0,-0.0022654000000024,0.0013987000000099,34.93,88.0,36.5,1
29162,SO-0801,Constable Vijay Raval,Constable,44,2026-07-19 11:25:31+00:00,100.0,88.0,,21.2636316,72.9606472,25.600000381469727,-0.979,-0.111,0.546,,0.0,0.0,0.0,,,,,0.0,0.0,30.0,-0.0020832999999989,0.0007567999999906,29.34,88.0,36.5,1
29166,SO-0801,Constable Vijay Raval,Constable,44,2026-07-19 11:26:01+00:00,96.0,88.0,,21.259436,72.962392,24.899999618530273,-0.379,-0.734,0.617,,0.0,0.0,0.0,,,,,0.0,0.0,30.0,-0.0041955999999991,0.0017447999999973,60.04,88.0,36.5,1
29170,SO-0801,Constable Vijay Raval,Constable,44,2026-07-19 11:26:31+00:00,85.0,87.0,,21.2545761,72.9645581,28.0,-0.466,-0.81,0.419,,0.0,0.0,0.0,,,,,0.0,0.0,30.0,-0.0048598999999995,0.0021661000000108,70.24,87.0,36.5,1
29174,SO-0801,Constable Vijay Raval,Constable,44,2026-07-19 11:27:01+00:00,95.0,88.0,,21.2497503,72.9667928,27.0,-0.412,-0.667,0.606,,0.0,0.0,0.0,,,,,0.0,0.0,30.0,-0.0048258000000025,0.0022346999999882,70.16,88.0,36.5,1
29178,SO-0801,Constable Vijay Raval,Constable,44,2026-07-19 11:27:31+00:00,89.0,88.0,,21.2453007,72.9685063,29.5,-0.366,-0.82,0.727,,0.0,0.0,0.0,,,,,0.0,0.0,30.0,-0.0044495999999973,0.0017135000000081,63.07,88.0,36.5,1
29182,SO-0801,Constable Vijay Raval,Constable,44,2026-07-19 11:28:01+00:00,91.0,87.0,,21.2400263,72.9685996,29.5,-0.501,-0.634,0.601,,0.0,0.0,0.0,,,,,0.0,0.0,30.0,-0.0052744000000011,9.33000000031825e-05,70.26,87.0,36.5,1
29186,SO-0801,Constable Vijay Raval,Constable,44,2026-07-19 11:28:31+00:00,87.0,88.0,,21.2350849,72.9685874,32.70000076293945,-0.406,-0.82,0.591,,0.0,0.0,0.0,,,,,0.0,0.0,30.0,-0.0049413999999998,-1.220000000046184e-05,65.82,88.0,36.5,1
29190,SO-0801,Constable Vijay Raval,Constable,44,2026-07-19 11:29:01+00:00,87.0,88.0,,21.2310032,72.9685588,32.70000076293945,-0.865,-0.13,0.241,,0.0,0.0,0.0,,,,,0.0,0.0,30.0,-0.0040817000000004,-2.8600000007372728e-05,54.37,88.0,36.5,1
29194,SO-0801,Constable Vijay Raval,Constable,44,2026-07-19 11:29:31+00:00,92.0,88.0,,21.2270163,72.9685361,28.899999618530273,-0.884,-0.067,0.302,,0.0,0.0,0.0,,,,,0.0,0.0,30.0,-0.003986900000001,-2.27000000023736e-05,53.11,88.0,36.5,1
29198,SO-0801,Constable Vijay Raval,Constable,44,2026-07-19 11:30:01+00:00,90.0,87.0,,21.2229013,72.9685962,28.899999618530273,-0.68,0.057,0.651,,0.0,0.0,0.0,,,,,0.0,0.0,30.0,-0.0041149999999987,6.009999999889715e-05,54.82,87.0,36.5,1
29202,SO-0801,Constable Vijay Raval,Constable,44,2026-07-19 11:30:31+00:00,89.0,88.0,,21.2189686,72.9685422,26.100000381469727,-0.841,-0.013,0.663,,0.0,0.0,0.0,,,,,0.0,0.0,30.0,-0.0039327,-5.39999999915608e-05,52.39,88.0,36.5,1
29206,SO-0801,Constable Vijay Raval,Constable,44,2026-07-19 11:31:01+00:00,85.0,87.0,,21.2147374,72.9684139,26.600000381469727,-0.788,-0.154,0.377,,0.0,0.0,0.0,,,,,0.0,0.0,30.0,-0.0042311999999995,-0.0001283,56.38,87.0,36.5,1
29210,SO-0801,Constable Vijay Raval,Constable,44,2026-07-19 11:31:31+00:00,93.0,88.0,,21.2107286,72.9679557,29.600000381469727,-0.883,0.082,0.452,,0.0,0.0,0.0,,,,,0.0,0.0,30.0,-0.0040088000000011,-0.000458199999997,53.71,88.0,36.5,1
29214,SO-0801,Constable Vijay Raval,Constable,44,2026-07-19 11:32:01+00:00,90.0,88.0,,21.207937,72.9674585,30.399999618530273,-1.051,-0.035,-0.092,,0.0,0.0,0.0,,,,,0.0,0.0,30.0,-0.0027915999999983,-0.000497199999998,37.71,88.0,36.5,1
29218,SO-0801,Constable Vijay Raval,Constable,44,2026-07-19 11:32:31+00:00,96.0,88.0,,21.204591,72.9670401,29.799999237060547,-0.895,-0.023,0.427,,0.0,0.0,0.0,,,,,0.0,0.0,30.0,-0.0033460000000005,-0.0004184000000009,44.88,88.0,36.5,1
29222,SO-0801,Constable Vijay Raval,Constable,44,2026-07-19 11:33:01+00:00,93.0,86.0,,21.2010021,72.9665056,29.0,-0.891,-0.145,0.393,,0.0,0.0,0.0,,,,,0.0,0.0,30.0,-0.0035889000000004,-0.0005345000000005,48.27,86.0,36.5,1
29226,SO-0801,Constable Vijay Raval,Constable,44,2026-07-19 11:33:31+00:00,92.0,88.0,,21.1963913,72.9658949,27.899999618530273,-0.57,-0.428,0.568,,0.0,0.0,0.0,,,,,0.0,0.0,30.0,-0.0046108000000018,-0.0006107000000099,61.89,88.0,36.5,1
29230,SO-0801,Constable Vijay Raval,Constable,44,2026-07-19 11:34:01+00:00,100.0,88.0,,21.1939533,72.9658879,27.899999618530273,-0.754,-0.099,0.549,,0.0,0.0,0.0,,,,,0.0,0.0,30.0,-0.0024379999999979,-6.999999996537554e-06,32.47,88.0,36.5,1
29234,SO-0801,Constable Vijay Raval,Constable,44,2026-07-19 11:34:31+00:00,92.0,88.0,,21.1912245,72.9666675,25.200000762939453,-0.651,0.105,0.835,,0.0,0.0,0.0,,,,,0.0,0.0,30.0,-0.0027287999999998,0.0007796000000013,37.65,88.0,36.5,1
29238,SO-0801,Constable Vijay Raval,Constable,44,2026-07-19 11:35:01+00:00,97.0,88.0,,21.1905939,72.9666741,25.200000762939453,-0.907,-0.034,0.458,,0.0,0.0,0.0,,,,,0.0,0.0,30.0,-0.0006306000000009,6.600000006073969e-06,8.4,88.0,36.5,1
29242,SO-0801,Constable Vijay Raval,Constable,44,2026-07-19 11:35:31+00:00,95.0,87.0,,21.1899724,72.9669094,27.0,-0.712,-0.575,0.311,,0.0,0.0,0.0,,,,,0.0,0.0,30.0,-0.0006215000000011,0.0002352999999999,8.79,87.0,36.5,1
29246,SO-0801,Constable Vijay Raval,Constable,44,2026-07-19 11:36:01+00:00,94.0,88.0,,21.1894804,72.9673902,27.0,-0.909,-0.031,0.051,,0.0,0.0,0.0,,,,,0.0,0.0,30.0,-0.0004919999999977,0.0004807999999911,8.92,88.0,36.5,1
29250,SO-0801,Constable Vijay Raval,Constable,44,2026-07-19 11:36:31+00:00,84.0,88.0,,21.1889439,72.967731,26.700000762939453,-0.739,-0.037,0.47,,0.0,0.0,0.0,,,,,0.0,0.0,30.0,-0.000536499999999,0.0003408000000035,8.33,88.0,36.5,1
29254,SO-0801,Constable Vijay Raval,Constable,44,2026-07-19 11:37:01+00:00,92.0,86.0,,21.188283,72.9681964,26.0,-0.951,-0.075,0.51,,0.0,0.0,0.0,,,,,0.0,0.0,30.0,-0.0006609000000032,0.0004653999999959,10.57,86.0,36.5,1
29258,SO-0801,Constable Vijay Raval,Constable,44,2026-07-19 11:37:31+00:00,82.0,88.0,,21.1883107,72.9682078,25.700000762939453,-0.675,-0.502,-0.534,,0.0,0.0,0.0,,,,,0.0,0.0,30.0,2.770000000040795e-05,1.1400000005323818e-05,0.4,88.0,36.5,0
29263,SO-0801,Constable Vijay Raval,Constable,44,2026-07-19 11:38:02+00:00,98.0,88.0,,21.1882718,72.9681664,25.700000762939453,-0.835,0.184,0.963,,0.0,0.0,0.0,,,,,0.0,0.0,31.0,-3.889999999984184e-05,-4.140000000063537e-05,0.71,88.0,36.5,2
29266,SO-0801,Constable Vijay Raval,Constable,44,2026-07-19 11:38:32+00:00,85.0,86.0,,21.1882805,72.9682104,25.700000762939453,-2.0,-0.408,-1.026,,0.0,0.0,0.0,,,,,0.0,0.0,30.0,8.700000002193065e-06,4.400000000259752e-05,0.57,86.0,36.5,1
29270,SO-0801,Constable Vijay Raval,Constable,44,2026-07-19 11:39:01+00:00,100.0,87.0,,21.1882161,72.9684016,25.700000762939453,-0.919,-0.492,0.216,,0.0,0.0,0.0,,,,,0.0,0.0,29.0,-6.439999999940937e-05,0.0001912000000032,2.64,87.0,36.5,1
29274,SO-0801,Constable Vijay Raval,Constable,44,2026-07-19 11:39:31+00:00,91.0,80.0,,21.1882152,72.9684063,25.700000762939453,-1.043,-0.031,0.317,,0.0,0.0,0.0,,,,,0.0,0.0,30.0,-9.000000034120603e-07,4.699999990975812e-06,0.06,80.0,36.5,1
29278,SO-0801,Constable Vijay Raval,Constable,44,2026-07-19 11:40:01+00:00,86.0,88.0,,21.1882152,72.9684041,25.700000762939453,-0.804,-0.097,-0.273,,0.0,0.0,0.0,,,,,0.0,0.0,30.0,0.0,-2.199999997287705e-06,0.03,88.0,36.5,1
29283,SO-0801,Constable Vijay Raval,Constable,44,2026-07-19 11:40:34+00:00,82.0,87.0,,21.1882158,72.9684024,25.700000762939453,-0.654,-0.208,-0.654,,0.0,0.0,0.0,,,,,0.0,0.0,33.0,5.999999999062311e-07,-1.6999999985500835e-06,0.02,87.0,36.5,1
29286,SO-0801,Constable Vijay Raval,Constable,44,2026-07-19 11:41:01+00:00,91.0,88.0,,21.1882152,72.9684063,25.700000762939453,-0.944,0.29,0.183,,0.0,0.0,0.0,,,,,0.0,0.0,27.0,-5.999999999062311e-07,3.8999999958377884e-06,0.06,88.0,36.5,2
29290,SO-0801,Constable Vijay Raval,Constable,44,2026-07-19 11:41:32+00:00,96.0,85.0,,21.1882558,72.9683196,25.700000762939453,-0.942,0.277,0.078,,0.0,0.0,0.0,,,,,0.0,0.0,31.0,4.060000000194464e-05,-8.669999999710853e-05,1.18,85.0,36.5,2
29294,SO-0801,Constable Vijay Raval,Constable,44,2026-07-19 11:42:01+00:00,85.0,88.0,,21.1882571,72.9683198,25.700000762939453,-0.966,0.248,0.121,,0.0,0.0,0.0,,,,,0.0,0.0,29.0,1.300000000981072e-06,2.0000000233721948e-07,0.02,88.0,36.5,0
29298,SO-0801,Constable Vijay Raval,Constable,44,2026-07-19 11:42:31+00:00,98.0,88.0,,21.1882626,72.9683069,25.799999237060547,-0.967,0.238,0.06,,0.0,0.0,0.0,,,,,0.0,0.0,30.0,5.50000000032469e-06,-1.2900000001536682e-05,0.18,88.0,36.5,2
29302,SO-0801,Constable Vijay Raval,Constable,44,2026-07-19 11:43:01+00:00,100.0,88.0,,21.188264,72.9683027,25.799999237060547,-0.92,0.265,0.087,,0.0,0.0,0.0,,,,,0.0,0.0,30.0,1.399999998596968e-06,-4.200000006449045e-06,0.06,88.0,36.5,2
29307,SO-0801,Constable Vijay Raval,Constable,44,2026-07-19 11:43:34+00:00,93.0,80.0,,21.1882587,72.967279,25.799999237060547,-0.969,0.216,0.138,,0.0,0.0,0.0,,,,,0.0,0.0,33.0,-5.300000001540184e-06,-0.0010236999999904,11.71,80.0,36.5,1
29311,SO-0801,Constable Vijay Raval,Constable,44,2026-07-19 11:44:03+00:00,93.0,88.0,,21.1882626,72.9683092,25.799999237060547,-0.963,0.246,0.113,,0.0,0.0,0.0,,,,,0.0,0.0,29.0,3.900000002943216e-06,0.0010301999999882,13.41,88.0,36.5,1
29315,SO-0801,Constable Vijay Raval,Constable,44,2026-07-19 11:44:32+00:00,97.0,88.0,,21.188264,72.9683027,25.799999237060547,-0.984,0.204,0.15,,0.0,0.0,0.0,,,,,0.0,0.0,29.0,1.399999998596968e-06,-6.499999997799932e-06,0.09,88.0,36.5,2
29320,SO-0801,Constable Vijay Raval,Constable,44,2026-07-19 11:45:01+00:00,89.0,86.0,,21.1882158,72.9684024,25.700000762939453,-0.968,0.209,0.118,,0.0,0.0,0.0,,,,,0.0,0.0,29.0,-4.8200000001941135e-05,9.970000000691924e-05,1.46,86.0,36.5,0
29326,SO-0801,Constable Vijay Raval,Constable,44,2026-07-19 11:45:31+00:00,86.0,88.0,,21.188264,72.9683027,25.799999237060547,-0.973,0.223,0.118,,0.0,0.0,0.0,,,,,0.0,0.0,30.0,4.8200000001941135e-05,-9.970000000691924e-05,1.41,88.0,36.5,0
29333,SO-0801,Constable Vijay Raval,Constable,44,2026-07-19 11:46:04+00:00,86.0,88.0,,21.1871006,72.9665408,25.799999237060547,-0.969,0.218,0.095,,0.0,0.0,0.0,,,,,0.0,0.0,33.0,-0.0011633999999993,-0.0017618999999911,24.59,88.0,36.5,1
29339,SO-0801,Constable Vijay Raval,Constable,44,2026-07-19 11:46:34+00:00,92.0,85.0,,21.1882632,72.9683053,25.799999237060547,-0.967,0.239,-0.057,,0.0,0.0,0.0,,,,,0.0,0.0,30.0,0.0011626000000006,0.001764499999993,27.07,85.0,36.5,1
29344,SO-0801,Constable Vijay Raval,Constable,44,2026-07-19 11:47:01+00:00,89.0,86.0,,21.1882635,72.9683044,25.799999237060547,-0.956,0.258,-0.088,,0.0,0.0,0.0,,,,,0.0,0.0,27.0,2.999999999531156e-07,-9.000000034120603e-07,0.01,86.0,36.5,0
29350,SO-0801,Constable Vijay Raval,Constable,44,2026-07-19 11:47:31+00:00,97.0,87.0,,21.188264,72.9683027,25.799999237060547,-0.954,0.235,-0.111,,0.0,0.0,0.0,,,,,0.0,0.0,30.0,4.999999987376214e-07,-1.6999999985500835e-06,0.02,87.0,36.5,2
29356,SO-0801,Constable Vijay Raval,Constable,44,2026-07-19 11:48:01+00:00,94.0,88.0,,21.1882625,72.9683085,25.799999237060547,-0.942,0.24,-0.184,,0.0,0.0,0.0,,,,,0.0,0.0,30.0,-1.4999999997655775e-06,5.800000010935946e-06,0.08,88.0,36.5,2
29362,SO-0801,Constable Vijay Raval,Constable,44,2026-07-19 11:48:31+00:00,99.0,88.0,,21.1882635,72.9683044,25.799999237060547,-0.959,0.265,-0.078,,0.0,0.0,0.0,,,,,0.0,0.0,30.0,1.0000000010279564e-06,-4.100000012385863e-06,0.05,88.0,36.5,2
29369,SO-0801,Constable Vijay Raval,Constable,44,2026-07-19 11:49:04+00:00,95.0,88.0,,21.1874612,72.9665408,25.799999237060547,-0.91,0.228,-0.221,,0.0,0.0,0.0,,,,,0.0,0.0,33.0,-0.0008023000000001,-0.0017635999999896,22.39,88.0,36.5,1
29375,SO-0801,Constable Vijay Raval,Constable,44,2026-07-19 11:49:34+00:00,92.0,88.0,,21.1882186,72.9683998,25.799999237060547,-0.944,0.208,-0.207,,0.0,0.0,0.0,,,,,0.0,0.0,30.0,0.0007573999999976,0.001858999999996,25.47,88.0,36.5,1
29379,SO-0801,Constable Vijay Raval,Constable,44,2026-07-19 11:50:01+00:00,81.0,88.0,,21.188264,72.9683027,25.799999237060547,-0.94,0.206,-0.211,,0.0,0.0,0.0,,,,,0.0,0.0,27.0,4.5400000001194485e-05,-9.710000000495712e-05,1.51,88.0,36.5,0
29385,SO-0801,Constable Vijay Raval,Constable,44,2026-07-19 11:50:32+00:00,96.0,88.0,,21.1882628,72.9683061,25.799999237060547,-0.939,0.212,-0.224,,0.0,0.0,0.0,,,,,0.0,0.0,31.0,-1.1999999998124622e-06,3.400000011311022e-06,0.04,88.0,36.5,2
29390,SO-0801,Constable Vijay Raval,Constable,44,2026-07-19 11:51:01+00:00,90.0,87.0,,21.1882152,72.9684063,25.700000762939453,-0.941,0.257,-0.182,,0.0,0.0,0.0,,,,,0.0,0.0,29.0,-4.7600000002034903e-05,0.0001001999999914,1.46,87.0,36.5,0
29396,SO-0801,Constable Vijay Raval,Constable,44,2026-07-19 11:51:34+00:00,89.0,85.0,,21.1871006,72.9665408,25.700000762939453,-0.937,0.333,-0.061,,0.0,0.0,0.0,,,,,0.0,0.0,33.0,-0.0011145999999975,-0.0018654999999938,25.25,85.0,36.5,1
29400,SO-0801,Constable Vijay Raval,Constable,44,2026-07-19 11:52:04+00:00,82.0,68.0,,21.1882161,72.9684016,25.700000762939453,-0.945,0.316,-0.014,,0.0,0.0,0.0,,,,,0.0,0.0,30.0,0.0011155000000009,0.0018608000000028,27.73,68.0,36.5,1
29405,SO-0801,Constable Vijay Raval,Constable,44,2026-07-19 11:52:31+00:00,87.0,84.0,,21.1882556,72.9683196,25.700000762939453,0.278,0.882,0.474,,0.0,0.0,0.0,,,,,0.0,0.0,27.0,3.949999999974807e-05,-8.200000000613272e-05,1.29,84.0,36.5,0
29410,SO-0801,Constable Vijay Raval,Constable,44,2026-07-19 11:53:01+00:00,90.0,88.0,,21.1882555,72.9683197,25.700000762939453,-0.235,0.695,0.739,,0.0,0.0,0.0,,,,,0.0,0.0,30.0,-1.0000000116860974e-07,9.999999406318238e-08,0.0,88.0,36.5,0
29415,SO-0801,Constable Vijay Raval,Constable,44,2026-07-19 11:53:31+00:00,93.0,88.0,,21.1882564,72.9683206,25.700000762939453,-0.243,0.686,0.755,,0.0,0.0,0.0,,,,,0.0,0.0,30.0,8.999999998593466e-07,9.000000034120603e-07,0.02,88.0,36.5,2
29420,SO-0801,Constable Vijay Raval,Constable,44,2026-07-19 11:54:01+00:00,86.0,88.0,,21.1882562,72.9683206,25.700000762939453,-0.331,0.47,0.878,,0.0,0.0,0.0,,,,,0.0,0.0,30.0,-1.999999987845058e-07,0.0,0.0,88.0,36.5,0
29425,SO-0801,Constable Vijay Raval,Constable,44,2026-07-19 11:54:31+00:00,89.0,84.0,,21.1882654,72.9683106,25.799999237060547,-0.161,-0.405,0.677,,0.0,0.0,0.0,,,,,0.0,0.0,30.0,9.199999997377972e-06,-1.0000000003174137e-05,0.18,84.0,36.5,0
29430,SO-0801,Constable Vijay Raval,Constable,44,2026-07-19 11:55:01+00:00,94.0,88.0,,21.1882567,72.9683213,25.700000762939453,-0.203,0.48,0.908,,0.0,0.0,0.0,,,,,0.0,0.0,30.0,-8.699999998640351e-06,1.0700000004248976e-05,0.18,88.0,36.5,2
29435,SO-0801,Constable Vijay Raval,Constable,44,2026-07-19 11:55:31+00:00,94.0,88.0,,21.1882564,72.9683239,25.700000762939453,-0.205,0.51,0.885,,0.0,0.0,0.0,,,,,0.0,0.0,30.0,-2.999999999531156e-07,2.600000001962144e-06,0.03,88.0,36.5,2
29440,SO-0801,Constable Vijay Raval,Constable,44,2026-07-19 11:56:02+00:00,100.0,88.0,,21.1882632,72.9683053,25.799999237060547,-0.527,-0.046,0.848,,0.0,0.0,0.0,,,,,0.0,0.0,31.0,6.8000000013057615e-06,-1.860000000419859e-05,0.24,88.0,36.5,2
29445,SO-0801,Constable Vijay Raval,Constable,44,2026-07-19 11:56:34+00:00,99.0,85.0,,21.1882587,72.967279,25.799999237060547,-0.29,-0.126,0.74,,0.0,0.0,0.0,,,,,0.0,0.0,32.0,-4.500000002849447e-06,-0.0010262999999923,12.11,85.0,36.5,1
29450,SO-0801,Constable Vijay Raval,Constable,44,2026-07-19 11:57:04+00:00,82.0,88.0,,21.1882158,72.9684024,25.700000762939453,-0.244,1.168,0.585,,0.0,0.0,0.0,,,,,0.0,0.0,30.0,-4.290000000040095e-05,0.0011233999999973,14.15,88.0,36.5,1
29455,SO-0801,Constable Vijay Raval,Constable,44,2026-07-19 11:57:31+00:00,95.0,88.0,,21.1882161,72.9684016,25.700000762939453,-1.015,0.111,-0.042,,0.0,0.0,0.0,,,,,0.0,0.0,27.0,3.000000035058293e-07,-7.999999951380232e-07,0.01,88.0,36.5,2
29460,SO-0801,Constable Vijay Raval,Constable,44,2026-07-19 11:58:01+00:00,92.0,86.0,,21.1882625,72.9683085,25.799999237060547,-0.022,-0.556,0.953,,0.0,0.0,0.0,,,,,0.0,0.0,30.0,4.639999999866973e-05,-9.310000000084528e-05,1.32,86.0,36.5,2
29465,SO-0801,Constable Vijay Raval,Constable,44,2026-07-19 11:58:31+00:00,98.0,88.0,,21.1882628,72.9683061,25.799999237060547,-0.475,0.034,0.904,,0.0,0.0,0.0,,,,,0.0,0.0,30.0,2.999999999531156e-07,-2.3999999996249244e-06,0.03,88.0,36.5,2
29470,SO-0801,Constable Vijay Raval,Constable,44,2026-07-19 11:59:01+00:00,100.0,87.0,,21.1882626,72.9683069,25.799999237060547,-0.499,0.113,0.897,,0.0,0.0,0.0,,,,,0.0,0.0,30.0,-1.999999987845058e-07,7.999999951380232e-07,0.01,87.0,36.5,2
29475,SO-0801,Constable Vijay Raval,Constable,44,2026-07-19 11:59:31+00:00,94.0,84.0,,21.1882638,72.9683036,25.799999237060547,-0.625,0.081,0.832,,0.0,0.0,0.0,,,,,0.0,0.0,30.0,1.1999999998124622e-06,-3.3000000030369847e-06,0.04,84.0,36.5,2
29480,SO-0801,Constable Vijay Raval,Constable,44,2026-07-19 12:00:01+00:00,98.0,88.0,,21.1882562,72.9683206,25.700000762939453,-0.666,0.072,0.796,,0.0,0.0,0.0,,,,,0.0,0.0,30.0,-7.599999999996499e-06,1.699999999971169e-05,0.24,88.0,36.5,2
29485,SO-0801,Constable Vijay Raval,Constable,44,2026-07-19 12:00:31+00:00,85.0,88.0,,21.1882626,72.9683092,25.799999237060547,-0.639,0.087,0.803,,0.0,0.0,0.0,,,,,0.0,0.0,30.0,6.400000000184036e-06,-1.1400000005323818e-05,0.17,88.0,36.5,0
29490,SO-0801,Constable Vijay Raval,Constable,44,2026-07-19 12:01:01+00:00,90.0,88.0,,21.1882661,72.9683096,25.799999237060547,-0.704,0.09,0.749,,0.0,0.0,0.0,,,,,0.0,0.0,30.0,3.499999998268777e-06,4.0000000467443897e-07,0.05,88.0,36.5,0
29495,SO-0801,Constable Vijay Raval,Constable,44,2026-07-19 12:01:31+00:00,82.0,88.0,,21.1882626,72.9683069,25.799999237060547,-0.695,0.139,0.746,,0.0,0.0,0.0,,,,,0.0,0.0,30.0,-3.499999998268777e-06,-2.6999999960253263e-06,0.06,88.0,36.5,0
29500,SO-0801,Constable Vijay Raval,Constable,44,2026-07-19 12:02:01+00:00,85.0,88.0,,21.1882659,72.9683097,25.799999237060547,-0.72,0.776,0.09,,0.0,0.0,0.0,,,,,0.0,0.0,30.0,3.299999999484271e-06,2.8000000042993634e-06,0.06,88.0,36.5,0
29505,SO-0801,Constable Vijay Raval,Constable,44,2026-07-19 12:02:32+00:00,100.0,52.0,,21.188265,72.9683107,25.799999237060547,-0.308,0.861,0.192,,0.0,0.0,0.0,,,,,0.0,0.0,31.0,-8.999999998593466e-07,9.999999974752427e-07,0.02,52.0,36.5,2
29535,SO-0801,Constable Vijay Raval,Constable,44,2026-07-19 12:06:34+00:00,89.0,88.0,,21.1877837,72.9661718,25.799999237060547,0.172,-0.919,0.326,,0.0,0.0,0.0,,,,,0.0,0.0,242.0,-0.0004813000000005,-0.0021389000000056,3.43,88.0,36.5,0
29540,SO-0801,Constable Vijay Raval,Constable,44,2026-07-19 12:07:04+00:00,96.0,87.0,,21.1870244,72.9658027,25.799999237060547,0.168,-0.928,0.291,,0.0,0.0,0.0,,,,,0.0,0.0,30.0,-0.0007593000000021,-0.0003691000000003,11.13,87.0,36.5,1
29545,SO-0801,Constable Vijay Raval,Constable,44,2026-07-19 12:07:34+00:00,93.0,88.0,,21.1882152,72.9684041,25.700000762939453,-0.135,-0.974,0.092,,0.0,0.0,0.0,,,,,0.0,0.0,30.0,0.0011907999999998,0.0026014000000031,36.37,88.0,36.5,1
29552,SO-0801,Constable Vijay Raval,Constable,44,2026-07-19 12:08:04+00:00,99.0,87.0,,21.1879743,72.9680171,25.700000762939453,-0.298,-0.934,0.091,,0.0,0.0,0.0,,,,,0.0,0.0,30.0,-0.0002408999999978,-0.0003870000000034,5.83,87.0,36.5,1
29556,SO-0801,Constable Vijay Raval,Constable,44,2026-07-19 12:08:34+00:00,85.0,88.0,,21.1882626,72.9683069,25.799999237060547,0.247,-0.916,0.299,,0.0,0.0,0.0,,,,,0.0,0.0,30.0,0.0002883000000011,0.0002898000000044,5.3,88.0,36.5,1
29559,SO-0801,Constable Vijay Raval,Constable,44,2026-07-19 12:09:00+00:00,98.0,88.0,,21.1882628,72.9683061,25.799999237060547,-0.815,-0.066,-0.532,,0.0,0.0,0.0,,,,,0.0,0.0,26.0,1.999999987845058e-07,-7.999999951380232e-07,0.01,88.0,36.5,2
29566,SO-0801,Constable Vijay Raval,Constable,44,2026-07-19 12:09:31+00:00,89.0,82.0,,21.1882192,72.9683989,25.799999237060547,-0.071,-0.654,0.774,,0.0,0.0,0.0,,,,,0.0,0.0,31.0,-4.360000000147579e-05,9.279999999023404e-05,1.26,82.0,36.5,0
29571,SO-0801,Constable Vijay Raval,Constable,44,2026-07-19 12:10:02+00:00,89.0,86.0,,21.1882567,72.9683215,25.700000762939453,-0.952,-0.258,-0.032,,0.0,0.0,0.0,,,,,0.0,0.0,31.0,3.750000000124487e-05,-7.739999999500924e-05,1.06,86.0,36.5,0
29575,SO-0801,Constable Vijay Raval,Constable,44,2026-07-19 12:10:32+00:00,95.0,86.0,,21.1882644,72.9683107,25.799999237060547,-0.697,-0.403,0.637,,0.0,0.0,0.0,,,,,0.0,0.0,30.0,7.700000001165108e-06,-1.079999999831216e-05,0.17,86.0,36.5,2
29580,SO-0801,Constable Vijay Raval,Constable,44,2026-07-19 12:11:01+00:00,85.0,76.0,,21.1882559,72.9683198,25.700000762939453,-0.878,-0.353,-0.243,,0.0,0.0,0.0,,,,,0.0,0.0,29.0,-8.499999999855845e-06,9.099999999762076e-06,0.17,76.0,36.5,0
29585,SO-0801,Constable Vijay Raval,Constable,44,2026-07-19 12:11:31+00:00,93.0,77.0,,21.1882559,72.9683204,25.700000762939453,-0.855,0.223,-0.084,,0.0,0.0,0.0,,,,,0.0,0.0,30.0,0.0,5.999999928008037e-07,0.01,77.0,36.5,2
29592,SO-0801,Constable Vijay Raval,Constable,44,2026-07-19 12:12:01+00:00,87.0,88.0,,21.188217,72.9684076,25.700000762939453,-0.792,-0.113,-0.37,,0.0,0.0,0.0,,,,,0.0,0.0,30.0,-3.889999999984184e-05,8.720000001005701e-05,1.21,88.0,36.5,0
29597,SO-0801,Constable Vijay Raval,Constable,44,2026-07-19 12:12:31+00:00,98.0,88.0,,21.1882559,72.9683204,25.700000762939453,-0.808,-0.056,0.616,,0.0,0.0,0.0,,,,,0.0,0.0,30.0,3.889999999984184e-05,-8.720000001005701e-05,1.21,88.0,36.5,2
29603,SO-0801,Constable Vijay Raval,Constable,44,2026-07-19 12:13:01+00:00,90.0,88.0,,21.1882145,72.9683459,25.799999237060547,-0.491,-0.113,0.901,,0.0,0.0,0.0,,,,,0.0,0.0,30.0,-4.140000000063537e-05,2.5500000006672963e-05,0.64,88.0,36.5,0
29609,SO-0801,Constable Vijay Raval,Constable,44,2026-07-19 12:13:31+00:00,100.0,69.0,,21.1882193,72.9683486,25.799999237060547,-0.956,-0.134,0.271,,0.0,0.0,0.0,,,,,0.0,0.0,30.0,4.799999999249849e-06,2.6999999960253263e-06,0.07,69.0,36.5,2
29616,SO-0801,Constable Vijay Raval,Constable,44,2026-07-19 12:14:01+00:00,94.0,88.0,,21.188229,72.9683576,26.0,-0.897,-0.135,-0.393,,0.0,0.0,0.0,,,,,0.0,0.0,30.0,9.699999999668307e-06,9.000000005698894e-06,0.17,88.0,36.5,2
29622,SO-0801,Constable Vijay Raval,Constable,44,2026-07-19 12:14:32+00:00,90.0,88.0,,21.1882257,72.9683576,26.0,-0.905,-0.134,-0.354,,0.0,0.0,0.0,,,,,0.0,0.0,31.0,-3.299999999484271e-06,0.0,0.04,88.0,36.5,0
29627,SO-0801,Constable Vijay Raval,Constable,44,2026-07-19 12:15:01+00:00,81.0,80.0,,21.1882625,72.9683085,25.799999237060547,-0.898,-0.146,-0.362,,0.0,0.0,0.0,,,,,0.0,0.0,29.0,3.680000000017003e-05,-4.909999999824777e-05,0.82,80.0,36.5,0
29634,SO-0801,Constable Vijay Raval,Constable,44,2026-07-19 12:15:31+00:00,98.0,88.0,,21.1882306,72.9683583,25.799999237060547,-0.911,-0.171,-0.321,,0.0,0.0,0.0,,,,,0.0,0.0,30.0,-3.189999999975157e-05,4.979999999932261e-05,0.76,88.0,36.5,2
29640,SO-0801,Constable Vijay Raval,Constable,44,2026-07-19 12:16:01+00:00,81.0,88.0,,21.1882324,72.96836,25.799999237060547,-0.899,-0.165,-0.351,,0.0,0.0,0.0,,,,,0.0,0.0,30.0,1.7999999997186933e-06,1.6999999985500835e-06,0.03,88.0,36.5,0
29646,SO-0801,Constable Vijay Raval,Constable,44,2026-07-19 12:16:31+00:00,86.0,88.0,,21.1882325,72.9683601,25.799999237060547,-0.791,0.21,-0.541,,0.0,0.0,0.0,,,,,0.0,0.0,30.0,1.0000000116860974e-07,9.999999406318238e-08,0.0,88.0,36.5,0
29651,SO-0801,Constable Vijay Raval,Constable,44,2026-07-19 12:17:01+00:00,82.0,88.0,,21.1882322,72.9683598,25.799999237060547,-0.911,0.012,-0.361,,0.0,0.0,0.0,,,,,0.0,0.0,30.0,-2.999999999531156e-07,-2.999999964004019e-07,0.01,88.0,36.5,0
29658,SO-0801,Constable Vijay Raval,Constable,44,2026-07-19 12:17:31+00:00,97.0,86.0,,21.1882323,72.9683599,25.799999237060547,-0.599,-0.715,0.03,,0.0,0.0,0.0,,,,,0.0,0.0,30.0,9.999999761589606e-08,9.999999406318238e-08,0.0,86.0,36.5,2
29663,SO-0801,Constable Vijay Raval,Constable,44,2026-07-19 12:18:01+00:00,96.0,85.0,,21.1882583,72.9683159,26.0,-0.934,-0.115,-0.282,,0.0,0.0,0.0,,,,,0.0,0.0,30.0,2.600000000185787e-05,-4.400000000259752e-05,0.65,85.0,36.5,2
29669,SO-0801,Constable Vijay Raval,Constable,44,2026-07-19 12:18:31+00:00,98.0,83.0,,21.1882178,72.9683351,25.799999237060547,-0.942,-0.109,-0.251,,0.0,0.0,0.0,,,,,0.0,0.0,30.0,-4.0500000000776026e-05,1.920000001121025e-05,0.59,83.0,36.5,2
29675,SO-0801,Constable Vijay Raval,Constable,44,2026-07-19 12:19:01+00:00,88.0,74.0,,21.1882104,72.9683598,25.799999237060547,-0.945,-0.102,-0.27,,0.0,0.0,0.0,,,,,0.0,0.0,30.0,-7.400000001211993e-06,2.4699999997324085e-05,0.33,74.0,36.5,0
29681,SO-0801,Constable Vijay Raval,Constable,44,2026-07-19 12:19:31+00:00,100.0,83.0,,21.1882117,72.9683593,25.799999237060547,-0.946,-0.102,-0.268,,0.0,0.0,0.0,,,,,0.0,0.0,30.0,1.300000000981072e-06,-4.999999987376214e-07,0.02,83.0,36.5,2
29687,SO-0801,Constable Vijay Raval,Constable,44,2026-07-19 12:20:01+00:00,91.0,87.0,,21.1882555,72.9683197,25.700000762939453,-0.944,-0.073,-0.283,,0.0,0.0,0.0,,,,,0.0,0.0,30.0,4.38000000002603e-05,-3.960000000802211e-05,0.77,87.0,36.5,2
29693,SO-0801,Constable Vijay Raval,Constable,44,2026-07-19 12:20:31+00:00,99.0,88.0,,21.1882318,72.9683564,25.799999237060547,-0.425,-0.044,0.976,,0.0,0.0,0.0,,,,,0.0,0.0,30.0,-2.369999999984884e-05,3.670000000965956e-05,0.56,88.0,36.5,2
29699,SO-0801,Constable Vijay Raval,Constable,44,2026-07-19 12:21:01+00:00,91.0,87.0,,21.1882152,72.9683418,25.799999237060547,-0.748,-0.159,0.027,,0.0,0.0,0.0,,,,,0.0,0.0,30.0,-1.660000000214268e-05,-1.4600000000086766e-05,0.29,87.0,36.5,2
29705,SO-0801,Constable Vijay Raval,Constable,44,2026-07-19 12:21:31+00:00,93.0,88.0,,21.1882292,72.9683577,26.0,-0.565,-0.301,0.624,,0.0,0.0,0.0,,,,,0.0,0.0,30.0,1.4000000000180536e-05,1.589999999396241e-05,0.27,88.0,36.5,2
29711,SO-0801,Constable Vijay Raval,Constable,44,2026-07-19 12:22:01+00:00,98.0,88.0,,21.1882164,72.9683655,25.799999237060547,-0.809,-0.286,-0.657,,0.0,0.0,0.0,,,,,0.0,0.0,30.0,-1.279999999681536e-05,7.800000005886432e-06,0.2,88.0,36.5,2
29717,SO-0801,Constable Vijay Raval,Constable,44,2026-07-19 12:22:31+00:00,97.0,77.0,,21.1882182,72.9683484,25.799999237060547,-0.916,-0.195,0.37,,0.0,0.0,0.0,,,,,0.0,0.0,30.0,1.7999999997186933e-06,-1.7100000007985727e-05,0.22,77.0,36.5,2
29723,SO-0801,Constable Vijay Raval,Constable,44,2026-07-19 12:23:01+00:00,100.0,86.0,,21.1882164,72.9683653,25.799999237060547,-1.059,-0.229,0.225,,0.0,0.0,0.0,,,,,0.0,0.0,30.0,-1.7999999997186933e-06,1.6900000005648508e-05,0.21,86.0,36.5,2
29729,SO-0801,Constable Vijay Raval,Constable,44,2026-07-19 12:23:31+00:00,97.0,88.0,,21.188223,72.9683505,25.799999237060547,-0.712,-0.275,0.662,,0.0,0.0,0.0,,,,,0.0,0.0,30.0,6.599999998968542e-06,-1.4800000002423984e-05,0.21,88.0,36.5,2
29735,SO-0801,Constable Vijay Raval,Constable,44,2026-07-19 12:24:01+00:00,85.0,78.0,,21.1882262,72.968358,26.0,-0.727,0.051,-0.625,,0.0,0.0,0.0,,,,,0.0,0.0,30.0,3.1999999983156613e-06,7.499999995275175e-06,0.1,78.0,36.5,0
29741,SO-0801,Constable Vijay Raval,Constable,44,2026-07-19 12:24:31+00:00,85.0,79.0,,21.1882323,72.9683598,25.799999237060547,-0.74,0.004,-0.637,,0.0,0.0,0.0,,,,,0.0,0.0,30.0,6.100000000230921e-06,1.8000000068241206e-06,0.08,79.0,36.5,0
29747,SO-0801,Constable Vijay Raval,Constable,44,2026-07-19 12:25:01+00:00,96.0,87.0,,21.1882255,72.968357,26.0,-0.708,-0.016,-0.668,,0.0,0.0,0.0,,,,,0.0,0.0,30.0,-6.799999997753048e-06,-2.8000000042993634e-06,0.1,87.0,36.5,2
29754,SO-0801,Constable Vijay Raval,Constable,44,2026-07-19 12:25:31+00:00,88.0,88.0,,21.1882319,72.968359,25.799999237060547,-0.771,-0.054,-0.602,,0.0,0.0,0.0,,,,,0.0,0.0,30.0,6.400000000184036e-06,2.00000000916134e-06,0.09,88.0,36.5,0
29759,SO-0801,Constable Vijay Raval,Constable,44,2026-07-19 12:26:01+00:00,88.0,88.0,,21.1882112,72.9683613,25.799999237060547,-0.829,-0.089,-0.481,,0.0,0.0,0.0,,,,,0.0,0.0,30.0,-2.0700000000317686e-05,2.2999999913508873e-06,0.28,88.0,36.5,0
29765,SO-0801,Constable Vijay Raval,Constable,44,2026-07-19 12:26:31+00:00,99.0,88.0,,21.1882107,72.9683602,25.799999237060547,-0.896,0.253,-0.325,,0.0,0.0,0.0,,,,,0.0,0.0,30.0,-5.00000002290335e-07,-1.099999991538425e-06,0.02,88.0,36.5,2
29771,SO-0801,Constable Vijay Raval,Constable,44,2026-07-19 12:27:01+00:00,94.0,88.0,,21.1882158,72.9683436,25.799999237060547,-0.879,0.255,-0.369,,0.0,0.0,0.0,,,,,0.0,0.0,30.0,5.099999999202964e-06,-1.6600000009248106e-05,0.22,88.0,36.5,2
29777,SO-0801,Constable Vijay Raval,Constable,44,2026-07-19 12:27:31+00:00,98.0,88.0,,21.1882103,72.9683588,25.799999237060547,-0.851,0.248,-0.409,,0.0,0.0,0.0,,,,,0.0,0.0,30.0,-5.499999996771976e-06,1.5200000007098424e-05,0.2,88.0,36.5,2
29783,SO-0801,Constable Vijay Raval,Constable,44,2026-07-19 12:28:01+00:00,90.0,88.0,,21.1882147,72.9683464,25.799999237060547,-0.896,0.27,-0.295,,0.0,0.0,0.0,,,,,0.0,0.0,30.0,4.3999999981281235e-06,-1.240000000279906e-05,0.17,88.0,36.5,0
29789,SO-0801,Constable Vijay Raval,Constable,44,2026-07-19 12:28:31+00:00,90.0,86.0,,21.1882323,72.9683598,25.799999237060547,-0.875,0.27,-0.341,,0.0,0.0,0.0,,,,,0.0,0.0,30.0,1.759999999961792e-05,1.3400000000274304e-05,0.29,86.0,36.5,0
29796,SO-0801,Constable Vijay Raval,Constable,44,2026-07-19 12:29:02+00:00,95.0,88.0,,21.1882325,72.96836,25.799999237060547,-0.9,0.248,-0.323,,0.0,0.0,0.0,,,,,0.0,0.0,31.0,2.0000000233721948e-07,2.0000000233721948e-07,0.0,88.0,36.5,2
29801,SO-0801,Constable Vijay Raval,Constable,44,2026-07-19 12:29:31+00:00,88.0,88.0,,21.1882109,72.9683607,25.799999237060547,-0.847,0.243,-0.432,,0.0,0.0,0.0,,,,,0.0,0.0,29.0,-2.1600000000177033e-05,7.000000010748408e-07,0.3,88.0,36.5,0
29807,SO-0801,Constable Vijay Raval,Constable,44,2026-07-19 12:30:01+00:00,97.0,88.0,,21.1882204,72.9683699,25.799999237060547,-0.834,0.009,0.233,,0.0,0.0,0.0,,,,,0.0,0.0,30.0,9.499999997331088e-06,9.19999999382526e-06,0.17,88.0,36.5,2
29813,SO-0801,Constable Vijay Raval,Constable,44,2026-07-19 12:30:31+00:00,97.0,88.0,,21.1882165,72.9683652,25.799999237060547,-1.008,0.054,0.035,,0.0,0.0,0.0,,,,,0.0,0.0,30.0,-3.899999999390502e-06,-4.700000005186666e-06,0.08,88.0,36.5,2
29819,SO-0801,Constable Vijay Raval,Constable,44,2026-07-19 12:31:01+00:00,96.0,88.0,,21.1882185,72.9683663,25.799999237060547,-0.542,0.003,0.84,,0.0,0.0,0.0,,,,,0.0,0.0,30.0,2.0000000020559128e-06,1.1000000057492798e-06,0.03,88.0,36.5,2
29825,SO-0801,Constable Vijay Raval,Constable,44,2026-07-19 12:31:31+00:00,89.0,88.0,,21.1882263,72.9683697,25.700000762939453,-0.615,0.366,0.732,,0.0,0.0,0.0,,,,,0.0,0.0,30.0,7.799999998781004e-06,3.399999997100167e-06,0.11,88.0,36.5,0
29831,SO-0801,Constable Vijay Raval,Constable,44,2026-07-19 12:32:01+00:00,95.0,88.0,,21.1882217,72.9683659,25.799999237060547,-0.975,-0.062,0.02,,0.0,0.0,0.0,,,,,0.0,0.0,30.0,-4.600000000465343e-06,-3.800000001774606e-06,0.08,88.0,36.5,2
29837,SO-0801,Constable Vijay Raval,Constable,44,2026-07-19 12:32:31+00:00,86.0,84.0,,21.1882129,72.9683635,25.799999237060547,-0.421,0.334,0.887,,0.0,0.0,0.0,,,,,0.0,0.0,30.0,-8.79999999980896e-06,-2.3999999996249244e-06,0.12,84.0,36.5,0
29843,SO-0801,Constable Vijay Raval,Constable,44,2026-07-19 12:33:01+00:00,83.0,86.0,,21.1882204,72.9683677,25.799999237060547,-0.794,0.246,0.746,,0.0,0.0,0.0,,,,,0.0,0.0,30.0,7.499999998827889e-06,4.200000006449045e-06,0.11,86.0,36.5,0
29850,SO-0801,Constable Vijay Raval,Constable,44,2026-07-19 12:33:31+00:00,93.0,88.0,,21.1882118,72.9683624,25.799999237060547,-0.653,0.38,0.615,,0.0,0.0,0.0,,,,,0.0,0.0,30.0,-8.599999997471741e-06,-5.29999999798747e-06,0.13,88.0,36.5,2
29857,SO-0801,Constable Vijay Raval,Constable,44,2026-07-19 12:34:01+00:00,99.0,85.0,,21.1882287,72.9683515,25.799999237060547,-0.825,0.138,-0.519,,0.0,0.0,0.0,,,,,0.0,0.0,30.0,1.689999999854308e-05,-1.0900000006586197e-05,0.26,85.0,36.5,2
29863,SO-0801,Constable Vijay Raval,Constable,44,2026-07-19 12:34:31+00:00,87.0,78.0,,21.188264,72.9683027,25.799999237060547,-0.793,0.119,-0.549,,0.0,0.0,0.0,,,,,0.0,0.0,30.0,3.530000000040445e-05,-4.8800000001847366e-05,0.77,78.0,36.5,0
29872,SO-0801,Constable Vijay Raval,Constable,44,2026-07-19 12:35:01+00:00,99.0,86.0,,21.1882169,72.9683497,25.799999237060547,-0.839,0.137,-0.479,,0.0,0.0,0.0,,,,,0.0,0.0,30.0,-4.709999999974457e-05,4.70000000092341e-05,0.86,86.0,36.5,2
29879,SO-0801,Constable Vijay Raval,Constable,44,2026-07-19 12:35:31+00:00,87.0,84.0,,21.1882223,72.9683692,25.799999237060547,-0.861,0.159,-0.448,,0.0,0.0,0.0,,,,,0.0,0.0,30.0,5.39999999915608e-06,1.9499999993399797e-05,0.26,84.0,36.5,0
29885,SO-0801,Constable Vijay Raval,Constable,44,2026-07-19 12:36:01+00:00,83.0,73.0,,21.1882528,72.968318,25.799999237060547,-0.826,0.118,-0.519,,0.0,0.0,0.0,,,,,0.0,0.0,30.0,3.0500000001154604e-05,-5.120000000147229e-05,0.76,73.0,36.5,0
29893,SO-0801,Constable Vijay Raval,Constable,44,2026-07-19 12:36:31+00:00,97.0,77.0,,21.1882327,72.9683601,25.799999237060547,-0.809,0.121,-0.534,,0.0,0.0,0.0,,,,,0.0,0.0,30.0,-2.0100000000411455e-05,4.2100000001710214e-05,0.59,77.0,36.5,2
29899,SO-0801,Constable Vijay Raval,Constable,44,2026-07-19 12:37:01+00:00,92.0,88.0,,21.1882157,72.9683358,25.799999237060547,-0.867,0.109,-0.453,,0.0,0.0,0.0,,,,,0.0,0.0,30.0,-1.699999999971169e-05,-2.429999999264965e-05,0.38,88.0,36.5,2
29905,SO-0801,Constable Vijay Raval,Constable,44,2026-07-19 12:37:29+00:00,86.0,88.0,,21.1882644,72.9683107,25.799999237060547,-1.01,-0.295,-0.359,,0.0,0.0,0.0,,,,,0.0,0.0,28.0,4.870000000067875e-05,-2.5100000001998524e-05,0.77,88.0,36.5,0
29913,SO-0801,Constable Vijay Raval,Constable,44,2026-07-19 12:38:02+00:00,96.0,87.0,,21.1882189,72.9683661,25.799999237060547,-1.002,0.105,0.142,,0.0,0.0,0.0,,,,,0.0,0.0,33.0,-4.5500000002363095e-05,5.539999999371048e-05,0.84,87.0,36.5,2
29918,SO-0801,Constable Vijay Raval,Constable,44,2026-07-19 12:38:31+00:00,94.0,88.0,,21.1882161,72.9683644,25.799999237060547,-0.891,-0.229,0.345,,0.0,0.0,0.0,,,,,0.0,0.0,29.0,-2.799999997193936e-06,-1.6999999985500835e-06,0.04,88.0,36.5,2
29925,SO-0801,Constable Vijay Raval,Constable,44,2026-07-19 12:39:01+00:00,100.0,88.0,,21.1882319,72.96836,25.799999237060547,-0.59,-0.188,-0.738,,0.0,0.0,0.0,,,,,0.0,0.0,30.0,1.5799999999899228e-05,-4.39999999457541e-06,0.22,88.0,36.5,2
29930,SO-0801,Constable Vijay Raval,Constable,44,2026-07-19 12:39:31+00:00,100.0,88.0,,21.1882287,72.9683576,26.0,-0.163,-0.964,0.125,,0.0,0.0,0.0,,,,,0.0,0.0,30.0,-3.200000001868375e-06,-2.3999999996249244e-06,0.05,88.0,36.5,2
29936,SO-0801,Constable Vijay Raval,Constable,44,2026-07-19 12:40:01+00:00,97.0,88.0,,21.1882392,72.9683575,25.799999237060547,-0.789,-0.19,-0.547,,0.0,0.0,0.0,,,,,0.0,0.0,30.0,1.0500000001911758e-05,-1.000000082740371e-07,0.14,88.0,36.5,2
29942,SO-0801,Constable Vijay Raval,Constable,44,2026-07-19 12:40:31+00:00,93.0,86.0,,21.1882166,72.9683428,25.799999237060547,-0.982,0.0,-0.096,,0.0,0.0,0.0,,,,,0.0,0.0,30.0,-2.260000000120499e-05,-1.4699999994149948e-05,0.35,86.0,36.5,2
29949,SO-0801,Constable Vijay Raval,Constable,44,2026-07-19 12:41:01+00:00,99.0,88.0,,21.1882323,72.9683552,25.799999237060547,-0.986,-0.016,-0.088,,0.0,0.0,0.0,,,,,0.0,0.0,30.0,1.5699999998730618e-05,1.240000000279906e-05,0.26,88.0,36.5,2
29954,SO-0801,Constable Vijay Raval,Constable,44,2026-07-19 12:41:31+00:00,92.0,81.0,,21.1882501,72.968315,25.799999237060547,-0.984,-0.056,-0.127,,0.0,0.0,0.0,,,,,0.0,0.0,30.0,1.780000000195514e-05,-4.020000000082291e-05,0.56,81.0,36.5,2
29961,SO-0801,Constable Vijay Raval,Constable,44,2026-07-19 12:42:01+00:00,87.0,85.0,,21.1882151,72.9683448,25.799999237060547,-0.94,-0.169,-0.222,,0.0,0.0,0.0,,,,,0.0,0.0,30.0,-3.500000000045134e-05,2.9799999992974335e-05,0.6,85.0,36.5,0
29967,SO-0801,Constable Vijay Raval,Constable,44,2026-07-19 12:42:31+00:00,98.0,88.0,,21.1882177,72.9683999,25.799999237060547,-1.011,0.083,-0.064,,0.0,0.0,0.0,,,,,0.0,0.0,30.0,2.59999999840943e-06,5.509999999731008e-05,0.69,88.0,36.5,2
29973,SO-0801,Constable Vijay Raval,Constable,44,2026-07-19 12:43:01+00:00,96.0,88.0,,21.1882153,72.9683386,25.799999237060547,-1.0,-0.018,-0.025,,0.0,0.0,0.0,,,,,0.0,0.0,30.0,-2.3999999996249244e-06,-6.129999999870961e-05,0.77,88.0,36.5,2
29979,SO-0801,Constable Vijay Raval,Constable,44,2026-07-19 12:43:31+00:00,99.0,88.0,,21.1882152,72.9683384,25.799999237060547,-1.07,0.0,-0.029,,0.0,0.0,0.0,,,,,0.0,0.0,30.0,-1.0000000116860974e-07,-2.0000000233721948e-07,0.0,88.0,36.5,2
29985,SO-0801,Constable Vijay Raval,Constable,44,2026-07-19 12:44:01+00:00,87.0,88.0,,21.1882154,72.9683388,25.799999237060547,-0.206,-0.795,0.623,,0.0,0.0,0.0,,,,,0.0,0.0,30.0,2.0000000233721948e-07,4.0000000467443897e-07,0.01,88.0,36.5,0
29990,SO-0801,Constable Vijay Raval,Constable,44,2026-07-19 12:44:31+00:00,96.0,88.0,,21.1882159,72.9683396,25.799999237060547,-0.943,0.213,-0.231,,0.0,0.0,0.0,,,,,0.0,0.0,30.0,4.999999987376214e-07,7.999999951380232e-07,0.01,88.0,36.5,2
29997,SO-0801,Constable Vijay Raval,Constable,44,2026-07-19 12:45:01+00:00,96.0,86.0,,21.1882209,72.9683681,25.799999237060547,-0.788,0.345,0.554,,0.0,0.0,0.0,,,,,0.0,0.0,30.0,5.000000001587068e-06,2.8500000013309545e-05,0.36,86.0,36.5,2
30003,SO-0801,Constable Vijay Raval,Constable,44,2026-07-19 12:45:31+00:00,81.0,85.0,,21.1882153,72.9683386,25.799999237060547,-0.954,0.231,-0.128,,0.0,0.0,0.0,,,,,0.0,0.0,30.0,-5.600000001493299e-06,-2.9500000010784788e-05,0.38,85.0,36.5,0
30009,SO-0801,Constable Vijay Raval,Constable,44,2026-07-19 12:46:01+00:00,96.0,87.0,,21.1882154,72.9683391,25.799999237060547,-1.105,-0.01,-0.35,,0.0,0.0,0.0,,,,,0.0,0.0,30.0,1.0000000116860974e-07,4.999999987376214e-07,0.01,87.0,36.5,2
30015,SO-0801,Constable Vijay Raval,Constable,44,2026-07-19 12:46:31+00:00,86.0,83.0,,21.1882327,72.9683602,25.799999237060547,-0.158,-0.568,0.811,,0.0,0.0,0.0,,,,,0.0,0.0,30.0,1.7299999999664806e-05,2.1100000012097553e-05,0.35,83.0,36.5,0
30021,SO-0801,Constable Vijay Raval,Constable,44,2026-07-19 12:47:01+00:00,95.0,88.0,,21.1882153,72.9683454,25.799999237060547,-0.948,-0.022,0.111,,0.0,0.0,0.0,,,,,0.0,0.0,30.0,-1.7400000000833415e-05,-1.4800000002423984e-05,0.3,88.0,36.5,2
30026,SO-0801,Constable Vijay Raval,Constable,44,2026-07-19 12:47:31+00:00,99.0,88.0,,21.1882145,72.9683472,25.799999237060547,-0.974,-0.02,0.037,,0.0,0.0,0.0,,,,,0.0,0.0,30.0,-7.999999986907369e-07,1.799999992613266e-06,0.03,88.0,36.5,2
30032,SO-0801,Constable Vijay Raval,Constable,44,2026-07-19 12:48:01+00:00,100.0,87.0,,21.188213,72.9683636,25.799999237060547,-0.991,0.013,0.037,,0.0,0.0,0.0,,,,,0.0,0.0,30.0,-1.4999999997655775e-06,1.6400000006910886e-05,0.21,87.0,36.5,2
30038,SO-0801,Constable Vijay Raval,Constable,44,2026-07-19 12:48:31+00:00,90.0,87.0,,21.1882106,72.9683599,25.799999237060547,0.01,-0.972,0.129,,0.0,0.0,0.0,,,,,0.0,0.0,30.0,-2.3999999996249244e-06,-3.700000007711424e-06,0.06,87.0,36.5,0
30043,SO-0801,Constable Vijay Raval,Constable,44,2026-07-19 12:49:01+00:00,97.0,86.0,,21.1882145,72.9683436,25.799999237060547,-0.181,-0.917,0.342,,0.0,0.0,0.0,,,,,0.0,0.0,30.0,3.899999999390502e-06,-1.629999999863685e-05,0.21,86.0,36.5,2
30050,SO-0801,Constable Vijay Raval,Constable,44,2026-07-19 12:49:31+00:00,84.0,87.0,,21.1882322,72.9683598,25.799999237060547,-0.268,-0.83,1.294,,0.0,0.0,0.0,,,,,0.0,0.0,30.0,1.770000000078653e-05,1.6200000004573667e-05,0.31,87.0,36.5,0
30057,SO-0801,Constable Vijay Raval,Constable,44,2026-07-19 12:50:01+00:00,92.0,88.0,,21.188232,72.9683598,25.799999237060547,-0.297,-0.935,-0.16,,0.0,0.0,0.0,,,,,0.0,0.0,30.0,-2.0000000233721948e-07,0.0,0.0,88.0,36.5,2
30061,SO-0801,Constable Vijay Raval,Constable,44,2026-07-19 12:50:31+00:00,100.0,88.0,,21.1882154,72.9683421,25.799999237060547,-0.965,-0.109,0.038,,0.0,0.0,0.0,,,,,0.0,0.0,30.0,-1.6599999998589965e-05,-1.770000000078653e-05,0.31,88.0,36.5,2
30066,SO-0801,Constable Vijay Raval,Constable,44,2026-07-19 12:51:01+00:00,93.0,88.0,,21.1882108,72.9683607,25.799999237060547,-0.881,-0.219,0.211,,0.0,0.0,0.0,,,,,0.0,0.0,30.0,-4.600000000465343e-06,1.860000000419859e-05,0.24,88.0,36.5,2
30072,SO-0801,Constable Vijay Raval,Constable,44,2026-07-19 12:51:31+00:00,97.0,88.0,,21.188232,72.9683598,25.799999237060547,-0.971,-0.141,0.012,,0.0,0.0,0.0,,,,,0.0,0.0,30.0,2.1199999999055308e-05,-9.000000034120603e-07,0.28,88.0,36.5,2
30078,SO-0801,Constable Vijay Raval,Constable,44,2026-07-19 12:52:01+00:00,96.0,73.0,,21.1882544,72.9683331,25.799999237060547,-0.375,-0.47,0.73,,0.0,0.0,0.0,,,,,0.0,0.0,30.0,2.2400000002420484e-05,-2.6700000006485425e-05,0.45,73.0,36.5,2
30083,SO-0801,Constable Vijay Raval,Constable,44,2026-07-19 12:52:31+00:00,98.0,71.0,,21.1882184,72.9684038,25.700000762939453,-0.662,0.183,-1.208,,0.0,0.0,0.0,,,,,0.0,0.0,30.0,-3.600000000147929e-05,7.070000000908294e-05,1.01,71.0,36.5,2
30095,SO-0801,Constable Vijay Raval,Constable,44,2026-07-19 12:53:34+00:00,96.0,88.0,,21.1882129,72.9683918,25.700000762939453,-0.734,0.627,-0.259,,0.0,0.0,0.0,,,,,0.0,0.0,63.0,-5.50000000032469e-06,-1.1999999998124622e-05,0.08,88.0,36.5,2
30100,SO-0801,Constable Vijay Raval,Constable,44,2026-07-19 12:54:04+00:00,98.0,88.0,,21.1882208,72.9683989,25.700000762939453,-0.72,0.629,-0.25,,0.0,0.0,0.0,,,,,0.0,0.0,30.0,7.899999999949614e-06,7.099999990600736e-06,0.14,88.0,36.5,2
30105,SO-0801,Constable Vijay Raval,Constable,44,2026-07-19 12:54:34+00:00,99.0,88.0,,21.1882208,72.9683989,25.700000762939453,-0.643,0.333,-0.303,,0.0,0.0,0.0,,,,,0.0,0.0,30.0,0.0,0.0,0.0,88.0,36.5,2
30110,SO-0801,Constable Vijay Raval,Constable,44,2026-07-19 12:55:03+00:00,94.0,,,21.1881303,72.9683873,25.700000762939453,-1.168,-0.394,0.055,,0.0,0.0,0.0,,,,,0.0,0.0,29.0,-9.049999999888314e-05,-1.1599999993450185e-05,1.26,88.0,36.5,2
30113,SO-0801,Constable Vijay Raval,Constable,44,2026-07-19 12:55:31+00:00,97.0,58.0,,21.1882366,72.9683469,25.799999237060547,-0.432,0.803,-0.118,,0.0,0.0,0.0,,,,,0.0,0.0,28.0,0.0001062999999987,-4.040000000316013e-05,1.61,58.0,36.5,2
30118,SO-0801,Constable Vijay Raval,Constable,44,2026-07-19 12:56:01+00:00,92.0,88.0,,21.1882228,72.9683497,25.799999237060547,-0.895,0.068,0.342,,0.0,0.0,0.0,,,,,0.0,0.0,30.0,-1.3800000001396027e-05,2.8000000042993634e-06,0.19,88.0,36.5,2
30127,SO-0801,Constable Vijay Raval,Constable,44,2026-07-19 12:56:31+00:00,100.0,73.0,,21.1882453,72.9682619,25.799999237060547,-0.158,0.735,-0.231,,0.0,0.0,0.0,,,,,0.0,0.0,30.0,2.250000000003638e-05,-8.780000000285781e-05,1.14,73.0,36.5,2
30128,SO-0801,Constable Vijay Raval,Constable,44,2026-07-19 12:56:59+00:00,100.0,54.0,,21.188238,72.9682635,25.799999237060547,-0.166,0.727,0.015,,0.0,0.0,0.0,,,,,0.0,0.0,28.0,-7.300000000043383e-06,1.6000000044869012e-06,0.11,54.0,36.5,2
30132,SO-0801,Constable Vijay Raval,Constable,44,2026-07-19 12:57:30+00:00,94.0,69.0,,21.1882263,72.9683682,25.700000762939453,-0.803,-0.206,0.015,,0.0,0.0,0.0,,,,,0.0,0.0,31.0,-1.1699999998171506e-05,0.0001046999999942,1.28,69.0,36.5,2
30137,SO-0801,Constable Vijay Raval,Constable,44,2026-07-19 12:58:02+00:00,94.0,,,21.1882212,72.9683876,25.700000762939453,-0.942,-0.168,-0.655,,0.0,0.0,0.0,,,,,0.0,0.0,32.0,-5.099999999202964e-06,1.9399999999336615e-05,0.24,69.0,36.5,2
30140,SO-0801,Constable Vijay Raval,Constable,44,2026-07-19 12:58:29+00:00,98.0,82.0,,21.1882815,72.9683526,25.700000762939453,-0.542,0.463,-0.747,,0.0,0.0,0.0,,,,,0.0,0.0,27.0,6.029999999768165e-05,-3.499999999689862e-05,1.02,82.0,36.5,2
30144,SO-0801,Constable Vijay Raval,Constable,44,2026-07-19 12:58:59+00:00,86.0,69.0,,21.1883121,72.9683397,25.799999237060547,-0.927,-0.043,-0.049,,0.0,0.0,0.0,,,,,0.0,0.0,30.0,3.060000000232321e-05,-1.2900000001536682e-05,0.44,69.0,36.5,0
30148,SO-0801,Constable Vijay Raval,Constable,44,2026-07-19 12:59:29+00:00,86.0,84.0,,21.1882959,72.9683543,25.799999237060547,-0.395,0.351,0.672,,0.0,0.0,0.0,,,,,0.0,0.0,30.0,-1.6200000001020953e-05,1.4600000000086766e-05,0.28,84.0,36.5,0
30152,SO-0801,Constable Vijay Raval,Constable,44,2026-07-19 12:59:59+00:00,95.0,82.0,,21.1882839,72.9683533,25.799999237060547,-1.124,-0.667,0.013,,0.0,0.0,0.0,,,,,0.0,0.0,30.0,-1.2000000001677336e-05,-9.999999974752427e-07,0.16,82.0,36.5,2
30156,SO-0801,Constable Vijay Raval,Constable,44,2026-07-19 13:00:29+00:00,97.0,86.0,,21.1882774,72.9683442,25.799999237060547,-0.815,0.939,0.559,,0.0,0.0,0.0,,,,,0.0,0.0,30.0,-6.499999997799932e-06,-9.099999999762076e-06,0.14,86.0,36.5,2
30160,SO-0801,Constable Vijay Raval,Constable,44,2026-07-19 13:00:59+00:00,95.0,87.0,,21.1882823,72.9683468,25.799999237060547,-0.882,0.411,0.292,,0.0,0.0,0.0,,,,,0.0,0.0,30.0,4.9000000004184585e-06,2.600000001962144e-06,0.07,87.0,36.5,2
30164,SO-0801,Constable Vijay Raval,Constable,44,2026-07-19 13:01:29+00:00,95.0,88.0,,21.188283,72.9683451,25.799999237060547,-0.869,-0.233,0.301,,0.0,0.0,0.0,,,,,0.0,0.0,30.0,6.999999975221272e-07,-1.7000000127609385e-06,0.02,88.0,36.5,2
30168,SO-0801,Constable Vijay Raval,Constable,44,2026-07-19 13:02:01+00:00,98.0,88.0,,21.1882177,72.9683478,25.799999237060547,-0.278,-0.064,-0.92,,0.0,0.0,0.0,,,,,0.0,0.0,32.0,-6.529999999926872e-05,2.700000010236181e-06,0.82,88.0,36.5,2
30172,SO-0801,Constable Vijay Raval,Constable,44,2026-07-19 13:02:31+00:00,95.0,79.0,,21.188218,72.968345,25.799999237060547,-0.903,0.341,0.244,,0.0,0.0,0.0,,,,,0.0,0.0,30.0,2.999999999531156e-07,-2.8000000042993634e-06,0.04,79.0,36.5,2
30176,SO-0801,Constable Vijay Raval,Constable,44,2026-07-19 13:03:01+00:00,95.0,88.0,,21.1882158,72.9683465,25.799999237060547,-1.145,0.162,-0.14,,0.0,0.0,0.0,,,,,0.0,0.0,30.0,-2.2000000008404186e-06,1.499999996212864e-06,0.03,88.0,36.5,2
30181,SO-0801,Constable Vijay Raval,Constable,44,2026-07-19 13:03:31+00:00,90.0,88.0,,21.188218,72.9683474,25.799999237060547,-1.485,0.003,0.142,,0.0,0.0,0.0,,,,,0.0,0.0,30.0,2.2000000008404186e-06,9.000000034120603e-07,0.03,88.0,36.5,0
30184,SO-0801,Constable Vijay Raval,Constable,44,2026-07-19 13:04:01+00:00,96.0,82.0,,21.1882167,72.9683471,25.799999237060547,-0.976,0.181,-0.054,,0.0,0.0,0.0,,,,,0.0,0.0,30.0,-1.2999999974283585e-06,-2.999999964004019e-07,0.02,82.0,36.5,2
30188,SO-0801,Constable Vijay Raval,Constable,44,2026-07-19 13:04:31+00:00,92.0,88.0,,21.1882239,72.9683637,25.799999237060547,-0.993,0.097,0.187,,0.0,0.0,0.0,,,,,0.0,0.0,30.0,7.199999998874773e-06,1.659999999503725e-05,0.23,88.0,36.5,2
30192,SO-0801,Constable Vijay Raval,Constable,44,2026-07-19 13:05:01+00:00,98.0,88.0,,21.188221,72.9683489,25.799999237060547,-0.952,0.301,0.113,,0.0,0.0,0.0,,,,,0.0,0.0,30.0,-2.900000001915259e-06,-1.4800000002423984e-05,0.19,88.0,36.5,2
30196,SO-0801,Constable Vijay Raval,Constable,44,2026-07-19 13:05:31+00:00,94.0,88.0,,21.1882193,72.9683485,25.799999237060547,-0.949,0.324,0.133,,0.0,0.0,0.0,,,,,0.0,0.0,30.0,-1.6999999985500835e-06,-3.9999999046358425e-07,0.02,88.0,36.5,2
30200,SO-0801,Constable Vijay Raval,Constable,44,2026-07-19 13:06:01+00:00,91.0,84.0,,21.1882369,72.968347,25.799999237060547,-0.671,0.545,-0.283,,0.0,0.0,0.0,,,,,0.0,0.0,30.0,1.759999999961792e-05,-1.5000000104237188e-06,0.24,84.0,36.5,2
30205,SO-0801,Constable Vijay Raval,Constable,44,2026-07-19 13:06:31+00:00,97.0,88.0,,21.1882279,72.9683492,25.799999237060547,-0.759,0.616,-0.156,,0.0,0.0,0.0,,,,,0.0,0.0,30.0,-8.999999998593466e-06,2.2000000114985596e-06,0.12,88.0,36.5,2
30209,SO-0801,Constable Vijay Raval,Constable,44,2026-07-19 13:07:01+00:00,91.0,88.0,,21.1882182,72.9683477,25.799999237060547,-0.441,0.592,-0.61,,0.0,0.0,0.0,,,,,0.0,0.0,30.0,-9.699999999668307e-06,-1.5000000104237188e-06,0.13,88.0,36.5,2
30213,SO-0801,Constable Vijay Raval,Constable,44,2026-07-19 13:07:31+00:00,91.0,88.0,,21.1882149,72.9683464,25.799999237060547,-0.915,0.273,0.192,,0.0,0.0,0.0,,,,,0.0,0.0,30.0,-3.3000000030369847e-06,-1.2999999938756446e-06,0.05,88.0,36.5,2
30217,SO-0801,Constable Vijay Raval,Constable,44,2026-07-19 13:08:01+00:00,98.0,89.0,,21.1882143,72.9683471,25.799999237060547,-0.384,-0.594,0.305,,0.0,0.0,0.0,,,,,0.0,0.0,30.0,-5.999999999062311e-07,7.000000010748408e-07,0.01,89.0,36.5,2
30222,SO-0801,Constable Vijay Raval,Constable,44,2026-07-19 13:08:31+00:00,95.0,88.0,,21.188218,72.9683475,25.799999237060547,-0.916,0.389,0.172,,0.0,0.0,0.0,,,,,0.0,0.0,30.0,3.700000000605996e-06,3.9999999046358425e-07,0.05,88.0,36.5,2
30226,SO-0801,Constable Vijay Raval,Constable,44,2026-07-19 13:09:01+00:00,93.0,88.0,,21.1882177,72.9683472,25.799999237060547,-0.913,0.377,0.208,,0.0,0.0,0.0,,,,,0.0,0.0,30.0,-2.999999999531156e-07,-2.999999964004019e-07,0.01,88.0,36.5,2
30231,SO-0801,Constable Vijay Raval,Constable,44,2026-07-19 13:09:31+00:00,93.0,88.0,,21.1882236,72.9683498,25.799999237060547,-0.939,0.268,0.255,,0.0,0.0,0.0,,,,,0.0,0.0,30.0,5.900000001446415e-06,2.600000001962144e-06,0.09,88.0,36.5,2
30236,SO-0801,Constable Vijay Raval,Constable,44,2026-07-19 13:10:01+00:00,89.0,88.0,,21.1882145,72.9683465,25.799999237060547,-0.519,-0.073,0.9,,0.0,0.0,0.0,,,,,0.0,0.0,30.0,-9.099999999762076e-06,-3.3000000030369847e-06,0.13,88.0,36.5,0
30241,SO-0801,Constable Vijay Raval,Constable,44,2026-07-19 13:10:31+00:00,93.0,78.0,,21.1882176,72.9683476,25.799999237060547,-0.964,-0.271,-0.286,,0.0,0.0,0.0,,,,,0.0,0.0,30.0,3.1000000006997652e-06,1.1000000057492798e-06,0.04,78.0,36.5,2
30246,SO-0801,Constable Vijay Raval,Constable,44,2026-07-19 13:11:01+00:00,85.0,88.0,,21.188222,72.9683686,25.799999237060547,-0.954,0.296,0.004,,0.0,0.0,0.0,,,,,0.0,0.0,30.0,4.3999999981281235e-06,2.1000000003823516e-05,0.27,88.0,36.5,0
30252,SO-0801,Constable Vijay Raval,Constable,44,2026-07-19 13:11:31+00:00,85.0,73.0,,21.1882213,72.9683609,25.799999237060547,-0.879,0.423,-0.019,,0.0,0.0,0.0,,,,,0.0,0.0,30.0,-7.000000010748408e-07,-7.70000001182325e-06,0.1,73.0,36.5,0
30256,SO-0801,Constable Vijay Raval,Constable,44,2026-07-19 13:12:01+00:00,87.0,88.0,,21.1882158,72.9683468,25.799999237060547,-0.795,-0.234,0.76,,0.0,0.0,0.0,,,,,0.0,0.0,30.0,-5.50000000032469e-06,-1.409999998713829e-05,0.19,88.0,36.5,0
30261,SO-0801,Constable Vijay Raval,Constable,44,2026-07-19 13:12:31+00:00,89.0,86.0,,21.1882195,72.968348,25.799999237060547,-0.968,0.301,-0.063,,0.0,0.0,0.0,,,,,0.0,0.0,30.0,3.700000000605996e-06,1.1999999998124622e-06,0.05,86.0,36.5,0
30266,SO-0801,Constable Vijay Raval,Constable,44,2026-07-19 13:13:01+00:00,94.0,88.0,,21.1882159,72.9683473,25.799999237060547,-0.935,0.316,0.195,,0.0,0.0,0.0,,,,,0.0,0.0,30.0,-3.5999999994373866e-06,-7.000000010748408e-07,0.05,88.0,36.5,2
30271,SO-0801,Constable Vijay Raval,Constable,44,2026-07-19 13:13:31+00:00,96.0,88.0,,21.1882252,72.968351,25.799999237060547,-0.919,0.333,0.211,,0.0,0.0,0.0,,,,,0.0,0.0,30.0,9.300000002099296e-06,3.699999993500569e-06,0.13,88.0,36.5,2
30276,SO-0801,Constable Vijay Raval,Constable,44,2026-07-19 13:14:01+00:00,91.0,86.0,,21.1882153,72.9683467,25.799999237060547,-1.407,-0.247,0.086,,0.0,0.0,0.0,,,,,0.0,0.0,30.0,-9.900000002005528e-06,-4.300000000512227e-06,0.14,86.0,36.5,2
30281,SO-0801,Constable Vijay Raval,Constable,44,2026-07-19 13:14:31+00:00,83.0,85.0,,21.1882162,72.9683473,25.799999237060547,-0.573,0.235,-0.985,,0.0,0.0,0.0,,,,,0.0,0.0,30.0,8.999999998593466e-07,6.000000070116585e-07,0.01,85.0,36.5,0
30286,SO-0801,Constable Vijay Raval,Constable,44,2026-07-19 13:15:01+00:00,87.0,74.0,,21.1882153,72.9683466,25.799999237060547,-1.047,1.198,0.005,,0.0,0.0,0.0,,,,,0.0,0.0,30.0,-8.999999998593466e-07,-7.000000010748408e-07,0.01,74.0,36.5,0
30295,SO-0801,Constable Vijay Raval,Constable,44,2026-07-19 13:16:01+00:00,88.0,,,21.1882213,72.9683712,25.799999237060547,-0.547,0.482,-0.791,,0.0,0.0,0.0,,,,,0.0,0.0,60.0,5.999999999062311e-06,2.4600000003260906e-05,0.16,74.0,36.5,0
30300,SO-0801,Constable Vijay Raval,Constable,44,2026-07-19 13:16:31+00:00,96.0,86.0,,21.1882381,72.9683455,25.799999237060547,-1.172,0.112,0.162,,0.0,0.0,0.0,,,,,0.0,0.0,30.0,1.6800000000927184e-05,-2.5700000009010185e-05,0.39,86.0,36.5,2
30306,SO-0801,Constable Vijay Raval,Constable,44,2026-07-19 13:17:01+00:00,89.0,,,21.188252,72.9683652,25.700000762939453,-0.216,0.818,0.614,,0.0,0.0,0.0,,,,,0.0,0.0,30.0,1.3899999999011923e-05,1.9699999995737016e-05,0.31,86.0,36.5,0
30312,SO-0801,Constable Vijay Raval,Constable,44,2026-07-19 13:17:31+00:00,82.0,65.0,,21.18823,72.9683899,25.700000762939453,-0.318,0.891,0.413,,0.0,0.0,0.0,,,,,0.0,0.0,30.0,-2.1999999997746045e-05,2.470000001153494e-05,0.43,65.0,36.5,0
30320,SO-0801,Constable Vijay Raval,Constable,44,2026-07-19 13:18:04+00:00,93.0,87.0,,21.1882171,72.9683918,25.700000762939453,-0.726,0.408,-0.668,,0.0,0.0,0.0,,,,,0.0,0.0,33.0,-1.2900000001536682e-05,1.900000000887303e-06,0.16,87.0,36.5,2
30324,SO-0801,Constable Vijay Raval,Constable,44,2026-07-19 13:18:33+00:00,89.0,67.0,,21.1882882,72.9684062,25.700000762939453,-0.548,0.622,0.538,,0.0,0.0,0.0,,,,,0.0,0.0,29.0,7.109999999954653e-05,1.4399999997749546e-05,1.0,67.0,36.5,0
30329,SO-0801,Constable Vijay Raval,Constable,44,2026-07-19 13:19:01+00:00,97.0,88.0,,21.1882647,72.9683225,25.799999237060547,-0.521,0.73,0.512,,0.0,0.0,0.0,,,,,0.0,0.0,28.0,-2.3499999997511622e-05,-8.37000000046828e-05,1.18,88.0,36.5,2
30336,SO-0801,Constable Vijay Raval,Constable,44,2026-07-19 13:19:31+00:00,91.0,88.0,,21.188255,72.9683331,25.700000762939453,-0.956,0.073,-0.432,,0.0,0.0,0.0,,,,,0.0,0.0,30.0,-9.699999999668307e-06,1.059999999597494e-05,0.19,88.0,36.5,2
30342,SO-0801,Constable Vijay Raval,Constable,44,2026-07-19 13:20:01+00:00,96.0,87.0,,21.1882519,72.9683392,25.799999237060547,-0.735,0.617,0.348,,0.0,0.0,0.0,,,,,0.0,0.0,30.0,-3.1000000006997652e-06,6.100000007336348e-06,0.09,87.0,36.5,2
30348,SO-0801,Constable Vijay Raval,Constable,44,2026-07-19 13:20:31+00:00,100.0,88.0,,21.1882354,72.9683498,25.799999237060547,-0.604,0.741,0.351,,0.0,0.0,0.0,,,,,0.0,0.0,30.0,-1.650000000097407e-05,1.059999999597494e-05,0.26,88.0,36.5,2
30354,SO-0801,Constable Vijay Raval,Constable,44,2026-07-19 13:21:01+00:00,90.0,84.0,,21.1882502,72.9683424,25.700000762939453,-0.579,0.738,0.41,,0.0,0.0,0.0,,,,,0.0,0.0,30.0,1.4799999998871272e-05,-7.400000001211993e-06,0.22,84.0,36.5,0
30359,SO-0801,Constable Vijay Raval,Constable,44,2026-07-19 13:21:31+00:00,94.0,87.0,,21.1882634,72.9683324,25.799999237060547,-0.992,0.146,-0.036,,0.0,0.0,0.0,,,,,0.0,0.0,30.0,1.3200000001489798e-05,-1.0000000003174137e-05,0.22,87.0,36.5,2
30366,SO-0801,Constable Vijay Raval,Constable,44,2026-07-19 13:22:01+00:00,86.0,85.0,,21.1882293,72.9683572,26.0,-0.778,-0.449,0.29,,0.0,0.0,0.0,,,,,0.0,0.0,30.0,-3.410000000059199e-05,2.480000000559812e-05,0.55,85.0,36.5,0
30371,SO-0801,Constable Vijay Raval,Constable,44,2026-07-19 13:22:29+00:00,93.0,80.0,,21.1882158,72.9684024,25.700000762939453,-1.002,-0.131,0.201,,0.0,0.0,0.0,,,,,0.0,0.0,28.0,-1.3500000001442912e-05,4.520000000240998e-05,0.64,80.0,36.5,2
30378,SO-0801,Constable Vijay Raval,Constable,44,2026-07-19 13:23:01+00:00,87.0,87.0,,21.1882392,72.9683566,25.799999237060547,-0.972,0.166,0.198,,0.0,0.0,0.0,,,,,0.0,0.0,32.0,2.340000000344844e-05,-4.579999999521078e-05,0.61,87.0,36.5,0
30384,SO-0801,Constable Vijay Raval,Constable,44,2026-07-19 13:23:31+00:00,88.0,88.0,,21.1882396,72.968344,25.799999237060547,-0.577,0.452,0.688,,0.0,0.0,0.0,,,,,0.0,0.0,30.0,3.999999975690116e-07,-1.260000000513628e-05,0.16,88.0,36.5,0
30390,SO-0801,Constable Vijay Raval,Constable,44,2026-07-19 13:24:01+00:00,96.0,87.0,,21.1882221,72.9683519,25.799999237060547,-0.349,0.843,0.182,,0.0,0.0,0.0,,,,,0.0,0.0,30.0,-1.749999999844931e-05,7.899999999949614e-06,0.25,87.0,36.5,2
30396,SO-0801,Constable Vijay Raval,Constable,44,2026-07-19 13:24:31+00:00,96.0,81.0,,21.1882222,72.9683519,25.799999237060547,-0.816,0.466,0.244,,0.0,0.0,0.0,,,,,0.0,0.0,30.0,9.999999761589606e-08,0.0,0.0,81.0,36.5,2
30409,SO-0801,Constable Vijay Raval,Constable,44,2026-07-19 13:25:33+00:00,85.0,75.0,,21.1882588,72.9683401,25.700000762939453,-0.968,0.768,0.105,,0.0,0.0,0.0,,,,,0.0,0.0,62.0,3.660000000138552e-05,-1.1799999995787402e-05,0.25,75.0,36.5,0
30413,SO-0801,Constable Vijay Raval,Constable,44,2026-07-19 13:26:01+00:00,86.0,86.0,,21.1882235,72.9683795,25.700000762939453,-0.358,0.822,-0.05,,0.0,0.0,0.0,,,,,0.0,0.0,28.0,-3.530000000040445e-05,3.939999999147403e-05,0.73,86.0,36.5,0
30419,SO-0801,Constable Vijay Raval,Constable,44,2026-07-19 13:26:31+00:00,98.0,,,21.188224,72.9683469,25.799999237060547,-0.018,-0.135,-1.255,,0.0,0.0,0.0,,,,,0.0,0.0,30.0,5.00000002290335e-07,-3.25999999972737e-05,0.41,86.0,36.5,2
30425,SO-0801,Constable Vijay Raval,Constable,44,2026-07-19 13:27:01+00:00,94.0,86.0,,21.1882555,72.9683329,25.700000762939453,-0.877,0.29,-0.287,,0.0,0.0,0.0,,,,,0.0,0.0,30.0,3.1499999998629846e-05,-1.4000000007285962e-05,0.46,86.0,36.5,2
30431,SO-0801,Constable Vijay Raval,Constable,44,2026-07-19 13:27:31+00:00,91.0,83.0,,21.1882398,72.9683458,25.799999237060547,-0.801,-0.005,-0.512,,0.0,0.0,0.0,,,,,0.0,0.0,30.0,-1.5699999998730618e-05,1.2900000001536682e-05,0.26,83.0,36.5,2
30437,SO-0801,Constable Vijay Raval,Constable,44,2026-07-19 13:28:01+00:00,94.0,88.0,,21.1882483,72.9683488,25.700000762939453,-0.905,0.025,0.012,,0.0,0.0,0.0,,,,,0.0,0.0,30.0,8.499999999855845e-06,3.000000006636583e-06,0.12,88.0,36.5,2
30443,SO-0801,Constable Vijay Raval,Constable,44,2026-07-19 13:28:31+00:00,94.0,88.0,,21.1882544,72.9683222,25.799999237060547,-0.937,0.028,-0.211,,0.0,0.0,0.0,,,,,0.0,0.0,30.0,6.100000000230921e-06,-2.6599999998211388e-05,0.34,88.0,36.5,2
30449,SO-0801,Constable Vijay Raval,Constable,44,2026-07-19 13:29:00+00:00,100.0,88.0,,21.1882659,72.9683097,25.799999237060547,-0.657,0.068,-0.718,,0.0,0.0,0.0,,,,,0.0,0.0,29.0,1.1499999999387e-05,-1.2499999996862243e-05,0.23,88.0,36.5,2
30455,SO-0801,Constable Vijay Raval,Constable,44,2026-07-19 13:29:31+00:00,98.0,88.0,,21.1882204,72.9683806,25.799999237060547,-0.662,0.059,-0.718,,0.0,0.0,0.0,,,,,0.0,0.0,31.0,-4.5500000002363095e-05,7.08999999972093e-05,1.04,88.0,36.5,2
30461,SO-0801,Constable Vijay Raval,Constable,44,2026-07-19 13:30:01+00:00,99.0,88.0,,21.1882177,72.968365,25.799999237060547,-0.642,0.126,-0.718,,0.0,0.0,0.0,,,,,0.0,0.0,30.0,-2.69999999957804e-06,-1.559999999756201e-05,0.2,88.0,36.5,2
30466,SO-0801,Constable Vijay Raval,Constable,44,2026-07-19 13:30:31+00:00,97.0,88.0,,21.1882391,72.9683542,25.799999237060547,-0.644,0.126,-0.729,,0.0,0.0,0.0,,,,,0.0,0.0,30.0,2.1400000001392527e-05,-1.0800000012523014e-05,0.32,88.0,36.5,2
30470,SO-0801,Constable Vijay Raval,Constable,44,2026-07-19 13:31:01+00:00,98.0,88.0,,21.1881666,72.9684098,25.799999237060547,-0.633,0.137,-0.732,,0.0,0.0,0.0,,,,,0.0,0.0,30.0,-7.250000000169621e-05,5.5600000010258555e-05,1.19,88.0,36.5,2
30475,SO-0801,Constable Vijay Raval,Constable,44,2026-07-19 13:31:31+00:00,98.0,88.0,,21.1882272,72.9683518,25.799999237060547,-0.635,0.173,-0.7,,0.0,0.0,0.0,,,,,0.0,0.0,30.0,6.060000000118748e-05,-5.800000000988348e-05,1.09,88.0,36.5,2
30478,SO-0801,Constable Vijay Raval,Constable,44,2026-07-19 13:32:01+00:00,98.0,88.0,,21.1882219,72.9683498,25.799999237060547,-0.602,0.109,-0.745,,0.0,0.0,0.0,,,,,0.0,0.0,30.0,-5.300000001540184e-06,-1.9999999949504854e-06,0.07,88.0,36.5,2
30482,SO-0801,Constable Vijay Raval,Constable,44,2026-07-19 13:32:31+00:00,100.0,88.0,,21.1882384,72.9683456,25.799999237060547,-0.627,0.087,-0.729,,0.0,0.0,0.0,,,,,0.0,0.0,30.0,1.650000000097407e-05,-4.19999999223819e-06,0.23,88.0,36.5,2
30486,SO-0801,Constable Vijay Raval,Constable,44,2026-07-19 13:33:01+00:00,88.0,88.0,,21.1882203,72.9683493,25.799999237060547,-0.642,0.126,-0.725,,0.0,0.0,0.0,,,,,0.0,0.0,30.0,-1.8099999998355543e-05,3.699999993500569e-06,0.25,88.0,36.5,0
30490,SO-0801,Constable Vijay Raval,Constable,44,2026-07-19 13:33:31+00:00,98.0,88.0,,21.1882349,72.9683475,25.799999237060547,-0.633,0.153,-0.727,,0.0,0.0,0.0,,,,,0.0,0.0,30.0,1.4600000000086766e-05,-1.8000000068241206e-06,0.2,88.0,36.5,2
30495,SO-0801,Constable Vijay Raval,Constable,44,2026-07-19 13:34:04+00:00,100.0,88.0,,21.1883706,72.9684324,25.799999237060547,-1.22,-0.978,0.32,,0.0,0.0,0.0,,,,,0.0,0.0,33.0,0.0001356999999977,8.490000000449527e-05,1.91,88.0,36.5,2
30498,SO-0801,Constable Vijay Raval,Constable,44,2026-07-19 13:34:31+00:00,90.0,88.0,,21.1883712,72.9684333,25.799999237060547,-0.386,-0.907,0.051,,0.0,0.0,0.0,,,,,0.0,0.0,27.0,5.999999999062311e-07,9.000000034120603e-07,0.02,88.0,36.5,0
30502,SO-0801,Constable Vijay Raval,Constable,44,2026-07-19 13:35:01+00:00,90.0,88.0,,21.1882413,72.9683431,25.799999237060547,-0.455,-0.863,0.077,,0.0,0.0,0.0,,,,,0.0,0.0,30.0,-0.0001298999999974,-9.020000000248274e-05,2.07,88.0,36.5,0
30506,SO-0801,Constable Vijay Raval,Constable,44,2026-07-19 13:35:31+00:00,94.0,88.0,,21.1882142,72.9683458,25.799999237060547,-0.367,-0.063,-0.875,,0.0,0.0,0.0,,,,,0.0,0.0,30.0,-2.7100000000501723e-05,2.6999999960253263e-06,0.36,88.0,36.5,2
30510,SO-0801,Constable Vijay Raval,Constable,44,2026-07-19 13:36:01+00:00,82.0,86.0,,21.1882555,72.968325,25.700000762939453,-0.783,0.373,0.515,,0.0,0.0,0.0,,,,,0.0,0.0,30.0,4.129999999946676e-05,-2.0800000001486296e-05,0.61,86.0,36.5,0
30514,SO-0801,Constable Vijay Raval,Constable,44,2026-07-19 13:36:31+00:00,96.0,88.0,,21.1882389,72.9683447,25.799999237060547,-0.85,-0.186,-0.614,,0.0,0.0,0.0,,,,,0.0,0.0,30.0,-1.6599999998589965e-05,1.970000000994787e-05,0.33,88.0,36.5,2
30518,SO-0801,Constable Vijay Raval,Constable,44,2026-07-19 13:37:01+00:00,93.0,89.0,,21.1882234,72.9683544,25.799999237060547,-0.44,-0.851,0.248,,0.0,0.0,0.0,,,,,0.0,0.0,30.0,-1.5500000003498826e-05,9.69999999256288e-06,0.24,89.0,36.5,2
30522,SO-0801,Constable Vijay Raval,Constable,44,2026-07-19 13:37:31+00:00,96.0,88.0,,21.1882303,72.9683542,25.799999237060547,0.932,-0.237,0.313,,0.0,0.0,0.0,,,,,0.0,0.0,30.0,6.900000002474371e-06,-2.0000000233721948e-07,0.09,88.0,36.5,2
30526,SO-0801,Constable Vijay Raval,Constable,44,2026-07-19 13:38:01+00:00,97.0,88.0,,21.188158,72.9683653,25.700000762939453,0.961,-0.241,0.177,,0.0,0.0,0.0,,,,,0.0,0.0,30.0,-7.229999999935899e-05,1.1100000008923416e-05,0.97,88.0,36.5,2
30530,SO-0801,Constable Vijay Raval,Constable,44,2026-07-19 13:38:31+00:00,92.0,88.0,,21.1882265,72.96835,25.799999237060547,0.956,-0.244,0.248,,0.0,0.0,0.0,,,,,0.0,0.0,30.0,6.849999999758438e-05,-1.5300000001161607e-05,0.93,88.0,36.5,2
30534,SO-0801,Constable Vijay Raval,Constable,44,2026-07-19 13:39:01+00:00,95.0,88.0,,21.1882206,72.968375,25.799999237060547,-0.074,-0.917,0.19,,0.0,0.0,0.0,,,,,0.0,0.0,30.0,-5.899999997893701e-06,2.4999999993724487e-05,0.32,88.0,36.5,2
30538,SO-0801,Constable Vijay Raval,Constable,44,2026-07-19 13:39:31+00:00,87.0,88.0,,21.1882202,72.9683734,25.799999237060547,0.662,0.001,0.471,,0.0,0.0,0.0,,,,,0.0,0.0,30.0,-4.000000011217253e-07,-1.5999999902760464e-06,0.02,88.0,36.5,0
30547,SO-0801,Constable Vijay Raval,Constable,44,2026-07-19 13:40:34+00:00,84.0,81.0,,21.1882202,72.9683734,25.799999237060547,0.956,-0.277,0.05,,0.0,0.0,0.0,,,,,0.0,0.0,63.0,0.0,0.0,0.0,81.0,36.5,0
30551,SO-0801,Constable Vijay Raval,Constable,44,2026-07-19 13:41:01+00:00,93.0,88.0,,21.1882559,72.9684329,25.799999237060547,0.959,-0.264,0.004,,0.0,0.0,0.0,,,,,0.0,0.0,27.0,3.570000000152618e-05,5.949999999188549e-05,0.99,88.0,36.5,2
30557,SO-0801,Constable Vijay Raval,Constable,44,2026-07-19 13:41:34+00:00,93.0,77.0,,21.1882645,72.9683772,25.799999237060547,0.96,-0.263,-0.005,,0.0,0.0,0.0,,,,,0.0,0.0,33.0,8.599999997471741e-06,-5.569999999011088e-05,0.65,77.0,36.5,2
30561,SO-0801,Constable Vijay Raval,Constable,44,2026-07-19 13:42:01+00:00,86.0,87.0,,21.188265,72.9683741,25.799999237060547,0.96,-0.262,0.035,,0.0,0.0,0.0,,,,,0.0,0.0,27.0,5.00000002290335e-07,-3.1000000006997652e-06,0.04,87.0,36.5,0
30567,SO-0801,Constable Vijay Raval,Constable,44,2026-07-19 13:42:33+00:00,89.0,87.0,,21.1882625,72.9683723,25.799999237060547,0.353,-0.22,-0.875,,0.0,0.0,0.0,,,,,0.0,0.0,32.0,-2.500000000793534e-06,-1.8000000068241206e-06,0.04,87.0,36.5,0
30571,SO-0801,Constable Vijay Raval,Constable,44,2026-07-19 13:43:01+00:00,84.0,77.0,,21.1882625,72.9683723,25.799999237060547,0.317,-0.229,-0.881,,0.0,0.0,0.0,,,,,0.0,0.0,28.0,0.0,0.0,0.0,77.0,36.5,0
30577,SO-0801,Constable Vijay Raval,Constable,44,2026-07-19 13:43:33+00:00,84.0,88.0,,21.1882571,72.9683841,25.799999237060547,0.244,-0.243,-0.903,,0.0,0.0,0.0,,,,,0.0,0.0,32.0,-5.39999999915608e-06,1.1799999995787402e-05,0.15,88.0,36.5,0
30581,SO-0801,Constable Vijay Raval,Constable,44,2026-07-19 13:44:01+00:00,89.0,87.0,,21.188257,72.9683842,25.799999237060547,0.271,-0.232,-0.899,,0.0,0.0,0.0,,,,,0.0,0.0,28.0,-1.0000000116860974e-07,1.000000082740371e-07,0.0,87.0,36.5,0
30587,SO-0801,Constable Vijay Raval,Constable,44,2026-07-19 13:44:34+00:00,89.0,80.0,,21.1882548,72.9683914,25.799999237060547,0.282,-0.234,-0.9,,0.0,0.0,0.0,,,,,0.0,0.0,33.0,-2.2000000008404186e-06,7.199999998874773e-06,0.09,80.0,36.5,0
30591,SO-0801,Constable Vijay Raval,Constable,44,2026-07-19 13:45:01+00:00,100.0,87.0,,21.1882285,72.9683579,26.0,0.497,-0.168,-0.615,,0.0,0.0,0.0,,,,,0.0,0.0,27.0,-2.6299999998258272e-05,-3.350000000068576e-05,0.61,87.0,36.5,2
30596,SO-0801,Constable Vijay Raval,Constable,44,2026-07-19 13:45:31+00:00,96.0,88.0,,21.1882294,72.9683513,26.0,0.319,-0.22,-0.871,,0.0,0.0,0.0,,,,,0.0,0.0,30.0,8.999999998593466e-07,-6.600000006073969e-06,0.08,88.0,36.5,2
30601,SO-0801,Constable Vijay Raval,Constable,44,2026-07-19 13:46:01+00:00,83.0,88.0,,21.1882284,72.9683683,25.700000762939453,0.49,-0.737,-0.422,,0.0,0.0,0.0,,,,,0.0,0.0,30.0,-1.0000000010279564e-06,1.699999999971169e-05,0.21,88.0,36.5,0
30606,SO-0801,Constable Vijay Raval,Constable,44,2026-07-19 13:46:31+00:00,83.0,67.0,,21.1881152,72.9683982,25.700000762939453,0.582,-0.241,-0.741,,0.0,0.0,0.0,,,,,0.0,0.0,30.0,-0.0001132000000012,2.9900000001248372e-05,1.55,67.0,36.5,0
30611,SO-0801,Constable Vijay Raval,Constable,44,2026-07-19 13:47:01+00:00,92.0,81.0,,21.1881218,72.9683971,25.700000762939453,0.397,-0.265,-0.837,,0.0,0.0,0.0,,,,,0.0,0.0,30.0,6.600000002521256e-06,-1.099999991538425e-06,0.09,81.0,36.5,2
30616,SO-0801,Constable Vijay Raval,Constable,44,2026-07-19 13:47:31+00:00,92.0,84.0,,21.1882275,72.9683715,25.700000762939453,0.374,-0.261,-0.845,,0.0,0.0,0.0,,,,,0.0,0.0,30.0,0.0001056999999988,-2.5600000000736145e-05,1.44,84.0,36.5,2
30621,SO-0801,Constable Vijay Raval,Constable,44,2026-07-19 13:48:01+00:00,82.0,86.0,,21.1881303,72.9683873,25.700000762939453,0.362,-0.256,-0.855,,0.0,0.0,0.0,,,,,0.0,0.0,30.0,-9.719999999902028e-05,1.5799999999899228e-05,1.31,86.0,36.5,0
30626,SO-0801,Constable Vijay Raval,Constable,44,2026-07-19 13:48:31+00:00,93.0,83.0,,21.1882284,72.968374,25.700000762939453,0.802,-0.208,-0.499,,0.0,0.0,0.0,,,,,0.0,0.0,30.0,9.809999999887964e-05,-1.330000000621112e-05,1.32,83.0,36.5,2
30630,SO-0801,Constable Vijay Raval,Constable,44,2026-07-19 13:49:01+00:00,88.0,88.0,,21.1881542,72.9683906,25.700000762939453,0.712,-0.24,-0.621,,0.0,0.0,0.0,,,,,0.0,0.0,30.0,-7.420000000024629e-05,1.6600000009248106e-05,1.01,88.0,36.5,0
30634,SO-0801,Constable Vijay Raval,Constable,44,2026-07-19 13:49:31+00:00,89.0,88.0,,21.1882268,72.9683669,25.700000762939453,0.655,-0.139,-0.705,,0.0,0.0,0.0,,,,,0.0,0.0,30.0,7.25999999993121e-05,-2.369999999984884e-05,1.01,88.0,36.5,0
30637,SO-0801,Constable Vijay Raval,Constable,44,2026-07-19 13:50:01+00:00,88.0,88.0,,21.1882244,72.9683656,25.700000762939453,0.626,-0.137,-0.73,,0.0,0.0,0.0,,,,,0.0,0.0,30.0,-2.3999999996249244e-06,-1.3000000080864993e-06,0.04,88.0,36.5,0
30640,SO-0801,Constable Vijay Raval,Constable,44,2026-07-19 13:50:31+00:00,93.0,88.0,,21.188229,72.9683693,25.700000762939453,0.622,-0.125,-0.732,,0.0,0.0,0.0,,,,,0.0,0.0,30.0,4.600000000465343e-06,3.700000007711424e-06,0.08,88.0,36.5,2
30643,SO-0801,Constable Vijay Raval,Constable,44,2026-07-19 13:51:01+00:00,89.0,85.0,,21.1882282,72.9683702,25.700000762939453,0.624,-0.126,-0.732,,0.0,0.0,0.0,,,,,0.0,0.0,30.0,-7.999999986907369e-07,8.999999892012056e-07,0.02,85.0,36.5,0
30646,SO-0801,Constable Vijay Raval,Constable,44,2026-07-19 13:51:31+00:00,85.0,85.0,,21.1881279,72.9683863,25.700000762939453,0.682,-0.18,-0.671,,0.0,0.0,0.0,,,,,0.0,0.0,30.0,-0.0001002999999997,1.6100000010510485e-05,1.35,85.0,36.5,0
30649,SO-0801,Constable Vijay Raval,Constable,44,2026-07-19 13:52:01+00:00,91.0,84.0,,21.1882263,72.9683681,25.700000762939453,0.637,-0.183,-0.726,,0.0,0.0,0.0,,,,,0.0,0.0,30.0,9.839999999883275e-05,-1.8199999999524152e-05,1.33,84.0,36.5,2
30652,SO-0801,Constable Vijay Raval,Constable,44,2026-07-19 13:52:31+00:00,89.0,88.0,,21.1882259,72.9683673,25.700000762939453,0.545,-0.08,-0.804,,0.0,0.0,0.0,,,,,0.0,0.0,30.0,-4.000000011217253e-07,-8.000000093488779e-07,0.01,88.0,36.5,0
30655,SO-0801,Constable Vijay Raval,Constable,44,2026-07-19 13:53:01+00:00,100.0,87.0,,21.1882265,72.9683673,25.700000762939453,0.395,-0.649,0.665,,0.0,0.0,0.0,,,,,0.0,0.0,30.0,5.999999999062311e-07,0.0,0.01,87.0,36.5,2
30658,SO-0801,Constable Vijay Raval,Constable,44,2026-07-19 13:53:31+00:00,96.0,81.0,,21.1882261,72.9683702,25.700000762939453,0.397,-0.651,0.67,,0.0,0.0,0.0,,,,,0.0,0.0,30.0,-3.999999975690116e-07,2.8999999983625457e-06,0.04,81.0,36.5,2
30661,SO-0801,Constable Vijay Raval,Constable,44,2026-07-19 13:54:01+00:00,92.0,83.0,,21.1882264,72.968369,25.700000762939453,0.398,-0.64,0.667,,0.0,0.0,0.0,,,,,0.0,0.0,30.0,2.999999999531156e-07,-1.1999999998124622e-06,0.02,83.0,36.5,2
30664,SO-0801,Constable Vijay Raval,Constable,44,2026-07-19 13:54:31+00:00,91.0,84.0,,21.188226,72.9683721,25.700000762939453,0.394,-0.652,0.668,,0.0,0.0,0.0,,,,,0.0,0.0,30.0,-4.000000011217253e-07,3.1000000006997652e-06,0.04,84.0,36.5,2
30667,SO-0801,Constable Vijay Raval,Constable,44,2026-07-19 13:55:01+00:00,83.0,84.0,,21.188226,72.9683704,25.700000762939453,0.391,-0.651,0.67,,0.0,0.0,0.0,,,,,0.0,0.0,30.0,0.0,-1.6999999985500835e-06,0.02,84.0,36.5,0
30670,SO-0801,Constable Vijay Raval,Constable,44,2026-07-19 13:55:31+00:00,90.0,74.0,,21.1882244,72.9683772,25.700000762939453,0.398,-0.653,0.667,,0.0,0.0,0.0,,,,,0.0,0.0,30.0,-1.6000000009341877e-06,6.800000008411189e-06,0.09,74.0,36.5,0
30673,SO-0801,Constable Vijay Raval,Constable,44,2026-07-19 13:56:01+00:00,89.0,87.0,,21.1882264,72.9683686,25.700000762939453,0.391,-0.645,0.666,,0.0,0.0,0.0,,,,,0.0,0.0,30.0,2.0000000020559128e-06,-8.600000001024455e-06,0.11,87.0,36.5,0
30676,SO-0801,Constable Vijay Raval,Constable,44,2026-07-19 13:56:31+00:00,85.0,80.0,,21.1882262,72.9683694,25.700000762939453,0.404,-0.638,0.678,,0.0,0.0,0.0,,,,,0.0,0.0,30.0,-2.0000000233721948e-07,7.999999951380232e-07,0.01,80.0,36.5,0
30679,SO-0801,Constable Vijay Raval,Constable,44,2026-07-19 13:57:01+00:00,85.0,87.0,,21.1882267,72.968367,25.700000762939453,0.403,-0.635,0.668,,0.0,0.0,0.0,,,,,0.0,0.0,30.0,5.00000002290335e-07,-2.3999999996249244e-06,0.03,87.0,36.5,0
30682,SO-0801,Constable Vijay Raval,Constable,44,2026-07-19 13:57:31+00:00,93.0,87.0,,21.1882258,72.9683727,25.700000762939453,0.398,-0.648,0.664,,0.0,0.0,0.0,,,,,0.0,0.0,30.0,-8.999999998593466e-07,5.700000002661909e-06,0.07,87.0,36.5,2
30685,SO-0801,Constable Vijay Raval,Constable,44,2026-07-19 13:58:01+00:00,97.0,87.0,,21.1882264,72.968369,25.700000762939453,0.408,-0.642,0.675,,0.0,0.0,0.0,,,,,0.0,0.0,30.0,5.999999999062311e-07,-3.700000007711424e-06,0.05,87.0,36.5,2
30688,SO-0801,Constable Vijay Raval,Constable,44,2026-07-19 13:58:31+00:00,85.0,84.0,,21.188226,72.9683716,25.700000762939453,0.397,-0.644,0.669,,0.0,0.0,0.0,,,,,0.0,0.0,30.0,-4.000000011217253e-07,2.600000001962144e-06,0.03,84.0,36.5,0
30691,SO-0801,Constable Vijay Raval,Constable,44,2026-07-19 13:59:01+00:00,92.0,84.0,,21.1882263,72.9683697,25.700000762939453,0.396,-0.645,0.678,,0.0,0.0,0.0,,,,,0.0,0.0,30.0,2.999999999531156e-07,-1.900000000887303e-06,0.02,84.0,36.5,2
30694,SO-0801,Constable Vijay Raval,Constable,44,2026-07-19 13:59:31+00:00,96.0,82.0,,21.1882265,72.9683679,25.700000762939453,0.051,-0.597,0.423,,0.0,0.0,0.0,,,,,0.0,0.0,30.0,1.999999987845058e-07,-1.799999992613266e-06,0.02,82.0,36.5,2
30697,SO-0801,Constable Vijay Raval,Constable,44,2026-07-19 14:00:01+00:00,91.0,88.0,,21.1882259,72.9683706,25.700000762939453,0.171,-0.786,0.609,,0.0,0.0,0.0,,,,,0.0,0.0,30.0,-5.999999999062311e-07,2.6999999960253263e-06,0.03,88.0,36.5,2
30700,SO-0801,Constable Vijay Raval,Constable,44,2026-07-19 14:00:31+00:00,93.0,86.0,,21.1882258,72.9683698,25.700000762939453,0.188,-0.774,0.619,,0.0,0.0,0.0,,,,,0.0,0.0,30.0,-9.999999761589606e-08,-7.999999951380232e-07,0.01,86.0,36.5,2
30703,SO-0801,Constable Vijay Raval,Constable,44,2026-07-19 14:01:01+00:00,99.0,86.0,,21.188226,72.9683719,25.700000762939453,0.192,-0.768,0.619,,0.0,0.0,0.0,,,,,0.0,0.0,30.0,1.999999987845058e-07,2.099999989013668e-06,0.03,86.0,36.5,2
30706,SO-0801,Constable Vijay Raval,Constable,44,2026-07-19 14:01:31+00:00,89.0,85.0,,21.1882234,72.968383,25.700000762939453,0.215,-0.798,0.577,,0.0,0.0,0.0,,,,,0.0,0.0,30.0,-2.600000001962144e-06,1.1100000008923416e-05,0.14,85.0,36.5,0
30709,SO-0801,Constable Vijay Raval,Constable,44,2026-07-19 14:02:01+00:00,96.0,85.0,,21.1882266,72.9683683,25.700000762939453,0.211,-0.799,0.573,,0.0,0.0,0.0,,,,,0.0,0.0,30.0,3.200000001868375e-06,-1.4700000008360805e-05,0.19,85.0,36.5,2
30712,SO-0801,Constable Vijay Raval,Constable,44,2026-07-19 14:02:31+00:00,89.0,86.0,,21.1882244,72.9683772,25.700000762939453,0.219,-0.792,0.573,,0.0,0.0,0.0,,,,,0.0,0.0,30.0,-2.2000000008404186e-06,8.900000011635711e-06,0.12,86.0,36.5,0
30715,SO-0801,Constable Vijay Raval,Constable,44,2026-07-19 14:03:01+00:00,97.0,80.0,,21.1882261,72.9683716,25.700000762939453,0.211,-0.806,0.572,,0.0,0.0,0.0,,,,,0.0,0.0,30.0,1.7000000021027972e-06,-5.600000008598727e-06,0.07,80.0,36.5,2
30718,SO-0801,Constable Vijay Raval,Constable,44,2026-07-19 14:03:31+00:00,94.0,88.0,,21.1882265,72.968369,25.700000762939453,0.223,-0.788,0.576,,0.0,0.0,0.0,,,,,0.0,0.0,30.0,3.999999975690116e-07,-2.600000001962144e-06,0.03,88.0,36.5,2
30721,SO-0801,Constable Vijay Raval,Constable,44,2026-07-19 14:04:01+00:00,96.0,80.0,,21.1882265,72.9683687,25.700000762939453,0.213,-0.795,0.574,,0.0,0.0,0.0,,,,,0.0,0.0,30.0,0.0,-2.999999964004019e-07,0.0,80.0,36.5,2
30724,SO-0801,Constable Vijay Raval,Constable,44,2026-07-19 14:04:31+00:00,96.0,88.0,,21.1882249,72.968377,25.700000762939453,0.213,-0.795,0.565,,0.0,0.0,0.0,,,,,0.0,0.0,30.0,-1.5999999973814738e-06,8.300000004624053e-06,0.11,88.0,36.5,2
30727,SO-0801,Constable Vijay Raval,Constable,44,2026-07-19 14:05:01+00:00,83.0,87.0,,21.1882173,72.9684013,25.700000762939453,0.191,-0.792,0.573,,0.0,0.0,0.0,,,,,0.0,0.0,30.0,-7.599999999996499e-06,2.429999999264965e-05,0.32,87.0,36.5,0
30730,SO-0801,Constable Vijay Raval,Constable,44,2026-07-19 14:05:31+00:00,93.0,84.0,,21.1882202,72.9683919,25.700000762939453,0.213,-0.799,0.574,,0.0,0.0,0.0,,,,,0.0,0.0,30.0,2.8999999983625457e-06,-9.399999996162478e-06,0.12,84.0,36.5,2
30733,SO-0801,Constable Vijay Raval,Constable,44,2026-07-19 14:06:01+00:00,87.0,88.0,,21.1882265,72.968369,25.700000762939453,0.228,-0.791,0.574,,0.0,0.0,0.0,,,,,0.0,0.0,30.0,6.2999999990154265e-06,-2.290000000471082e-05,0.3,88.0,36.5,0
30736,SO-0801,Constable Vijay Raval,Constable,44,2026-07-19 14:06:31+00:00,87.0,84.0,,21.1882267,72.9683679,25.700000762939453,0.207,-0.797,0.573,,0.0,0.0,0.0,,,,,0.0,0.0,30.0,2.0000000233721948e-07,-1.099999991538425e-06,0.01,84.0,36.5,0
30739,SO-0801,Constable Vijay Raval,Constable,44,2026-07-19 14:07:01+00:00,93.0,88.0,,21.1882186,72.9684069,25.700000762939453,0.211,-0.8,0.571,,0.0,0.0,0.0,,,,,0.0,0.0,30.0,-8.100000002286833e-06,3.900000000101045e-05,0.5,88.0,36.5,2
30742,SO-0801,Constable Vijay Raval,Constable,44,2026-07-19 14:07:31+00:00,84.0,85.0,,21.1882263,72.9683693,25.700000762939453,0.205,-0.798,0.575,,0.0,0.0,0.0,,,,,0.0,0.0,30.0,7.700000001165108e-06,-3.759999999886077e-05,0.48,85.0,36.5,0
30745,SO-0801,Constable Vijay Raval,Constable,44,2026-07-19 14:08:01+00:00,82.0,87.0,,21.1882181,72.968407,25.700000762939453,-0.097,-0.804,0.59,,0.0,0.0,0.0,,,,,0.0,0.0,30.0,-8.19999999990273e-06,3.769999999292395e-05,0.49,87.0,36.5,0
30748,SO-0801,Constable Vijay Raval,Constable,44,2026-07-19 14:08:31+00:00,98.0,79.0,,21.1882167,72.9684042,25.700000762939453,-0.095,-0.809,0.601,,0.0,0.0,0.0,,,,,0.0,0.0,30.0,-1.399999998596968e-06,-2.8000000042993634e-06,0.04,79.0,36.5,2
30751,SO-0801,Constable Vijay Raval,Constable,44,2026-07-19 14:09:01+00:00,95.0,88.0,,21.1882208,72.9683894,25.700000762939453,-0.113,-0.805,0.589,,0.0,0.0,0.0,,,,,0.0,0.0,30.0,4.099999998175008e-06,-1.479999998821313e-05,0.19,88.0,36.5,2
30753,SO-0801,Constable Vijay Raval,Constable,44,2026-07-19 14:09:31+00:00,99.0,86.0,,21.1882262,72.9683709,25.700000762939453,-0.107,-0.806,0.584,,0.0,0.0,0.0,,,,,0.0,0.0,30.0,5.39999999915608e-06,-1.850000001013541e-05,0.24,86.0,36.5,2
30757,SO-0801,Constable Vijay Raval,Constable,44,2026-07-19 14:10:01+00:00,99.0,83.0,,21.1882259,72.9683691,25.700000762939453,-0.116,-0.802,0.595,,0.0,0.0,0.0,,,,,0.0,0.0,30.0,-2.999999999531156e-07,-1.799999992613266e-06,0.02,83.0,36.5,2
30760,SO-0801,Constable Vijay Raval,Constable,44,2026-07-19 14:10:31+00:00,98.0,80.0,,21.1882262,72.9683697,25.700000762939453,-0.115,-0.802,0.591,,0.0,0.0,0.0,,,,,0.0,0.0,30.0,2.999999999531156e-07,5.999999928008037e-07,0.01,80.0,36.5,2
30763,SO-0801,Constable Vijay Raval,Constable,44,2026-07-19 14:11:01+00:00,88.0,80.0,,21.1882238,72.9683768,25.700000762939453,-0.116,-0.803,0.596,,0.0,0.0,0.0,,,,,0.0,0.0,30.0,-2.3999999996249244e-06,7.100000004811591e-06,0.09,80.0,36.5,0
30766,SO-0801,Constable Vijay Raval,Constable,44,2026-07-19 14:11:31+00:00,91.0,81.0,,21.1882257,72.9683749,25.700000762939453,-0.127,-0.806,0.589,,0.0,0.0,0.0,,,,,0.0,0.0,30.0,1.900000000887303e-06,-1.900000000887303e-06,0.03,81.0,36.5,2
30769,SO-0801,Constable Vijay Raval,Constable,44,2026-07-19 14:12:01+00:00,88.0,77.0,,21.1882233,72.9683828,25.700000762939453,-0.132,-0.801,0.596,,0.0,0.0,0.0,,,,,0.0,0.0,30.0,-2.3999999996249244e-06,7.899999999949614e-06,0.1,77.0,36.5,0
30772,SO-0801,Constable Vijay Raval,Constable,44,2026-07-19 14:12:31+00:00,93.0,85.0,,21.18822,72.9684007,25.700000762939453,-0.132,-0.802,0.596,,0.0,0.0,0.0,,,,,0.0,0.0,30.0,-3.299999999484271e-06,1.790000000312375e-05,0.23,85.0,36.5,2
30775,SO-0801,Constable Vijay Raval,Constable,44,2026-07-19 14:13:02+00:00,98.0,85.0,,21.1882263,72.9683688,25.700000762939453,-0.133,-0.798,0.582,,0.0,0.0,0.0,,,,,0.0,0.0,31.0,6.2999999990154265e-06,-3.190000001040971e-05,0.4,85.0,36.5,2
31601,SO-0801,Constable Vijay Raval,Constable,44,2026-07-19 16:53:34+00:00,84.0,88.0,,21.1874612,72.9665408,25.700000762939453,-0.616,0.131,-0.704,,0.0,0.0,0.0,,,,,0.0,0.0,9632.0,-0.0007650999999988,-0.001827999999989,0.0,88.0,36.5,0
31603,SO-0801,Constable Vijay Raval,Constable,44,2026-07-19 16:54:04+00:00,88.0,89.0,,21.1882257,72.9683636,25.700000762939453,-0.327,-0.178,-0.841,,0.0,0.0,0.0,,,,,0.0,0.0,30.0,0.0007644999999989,0.0018227999999993,25.1,89.0,36.5,1
31605,SO-0801,Constable Vijay Raval,Constable,44,2026-07-19 16:54:32+00:00,91.0,88.0,,21.1882289,72.9683576,26.0,-0.762,0.016,-0.594,,0.0,0.0,0.0,,,,,0.0,0.0,28.0,3.1999999983156613e-06,-5.999999999062311e-06,0.09,88.0,36.5,2
31607,SO-0801,Constable Vijay Raval,Constable,44,2026-07-19 16:55:02+00:00,90.0,68.0,,21.1882267,72.9683583,26.0,-0.849,0.045,-0.473,,0.0,0.0,0.0,,,,,0.0,0.0,30.0,-2.199999997287705e-06,7.000000010748408e-07,0.03,68.0,36.5,0
31609,SO-0801,Constable Vijay Raval,Constable,44,2026-07-19 16:55:31+00:00,82.0,71.0,,21.1882255,72.968357,26.0,-0.796,-0.026,-0.537,,0.0,0.0,0.0,,,,,0.0,0.0,29.0,-1.1999999998124622e-06,-1.3000000080864993e-06,0.02,71.0,36.5,0
31610,SO-0801,Constable Vijay Raval,Constable,44,2026-07-19 16:56:02+00:00,94.0,74.0,,21.1882244,72.9683637,25.700000762939453,-0.396,1.13,0.097,,0.0,0.0,0.0,,,,,0.0,0.0,31.0,-1.100000002196566e-06,6.700000000137152e-06,0.08,74.0,36.5,2
31613,SO-0801,Constable Vijay Raval,Constable,44,2026-07-19 16:56:32+00:00,100.0,86.0,,21.1882246,72.9683637,25.700000762939453,-0.863,-0.387,-0.23,,0.0,0.0,0.0,,,,,0.0,0.0,30.0,2.0000000233721948e-07,0.0,0.0,86.0,36.5,2
31615,SO-0801,Constable Vijay Raval,Constable,44,2026-07-19 16:57:02+00:00,100.0,88.0,,21.1882163,72.9684086,26.0,-1.2,-0.143,-0.131,,0.0,0.0,0.0,,,,,0.0,0.0,30.0,-8.30000000107134e-06,4.490000000600958e-05,0.58,88.0,36.5,2
31617,SO-0801,Constable Vijay Raval,Constable,44,2026-07-19 16:57:32+00:00,92.0,75.0,,21.1882249,72.9683638,25.700000762939453,-0.949,0.439,-0.112,,0.0,0.0,0.0,,,,,0.0,0.0,30.0,8.600000001024455e-06,-4.479999999773554e-05,0.58,75.0,36.5,2
31619,SO-0801,Constable Vijay Raval,Constable,44,2026-07-19 16:58:01+00:00,97.0,78.0,,21.1882159,72.9684083,25.700000762939453,-0.542,1.025,0.246,,0.0,0.0,0.0,,,,,0.0,0.0,29.0,-9.00000000214618e-06,4.449999998712429e-05,0.59,78.0,36.5,2
31626,SO-0801,Constable Vijay Raval,Constable,44,2026-07-19 17:01:01+00:00,88.0,85.0,,21.1882248,72.9683637,25.700000762939453,-0.854,0.059,0.542,,0.0,0.0,0.0,,,,,0.0,0.0,180.0,8.90000000097757e-06,-4.459999999539832e-05,0.1,85.0,36.5,0
31628,SO-0801,Constable Vijay Raval,Constable,44,2026-07-19 17:01:31+00:00,89.0,88.0,,21.1882255,72.9683554,26.0,-0.385,0.039,0.924,,0.0,0.0,0.0,,,,,0.0,0.0,30.0,7.000000010748408e-07,-8.300000004624053e-06,0.1,88.0,36.5,0
31630,SO-0801,Constable Vijay Raval,Constable,44,2026-07-19 17:02:04+00:00,97.0,88.0,,21.1871006,72.9665408,26.0,0.307,0.652,1.388,,0.0,0.0,0.0,,,,,0.0,0.0,33.0,-0.0011249000000006,-0.0018145999999887,24.83,88.0,36.5,1
31632,SO-0801,Constable Vijay Raval,Constable,44,2026-07-19 17:02:34+00:00,92.0,88.0,,21.1882256,72.9683546,26.0,-0.926,0.159,-0.369,,0.0,0.0,0.0,,,,,0.0,0.0,30.0,0.0011249999999982,0.0018137999999936,27.3,88.0,36.5,1
31634,SO-0801,Constable Vijay Raval,Constable,44,2026-07-19 17:03:01+00:00,84.0,88.0,,21.1882293,72.9683576,26.0,-0.531,0.806,-0.071,,0.0,0.0,0.0,,,,,0.0,0.0,27.0,3.700000000605996e-06,3.000000006636583e-06,0.07,88.0,36.5,0
31636,SO-0801,Constable Vijay Raval,Constable,44,2026-07-19 17:03:31+00:00,87.0,82.0,,21.1882293,72.9683576,26.0,-0.934,0.163,-0.281,,0.0,0.0,0.0,,,,,0.0,0.0,30.0,0.0,0.0,0.0,82.0,36.5,0
31638,SO-0801,Constable Vijay Raval,Constable,44,2026-07-19 17:04:01+00:00,82.0,88.0,,21.1882261,72.9683703,25.700000762939453,-0.64,0.773,0.049,,0.0,0.0,0.0,,,,,0.0,0.0,30.0,-3.1999999983156613e-06,1.2699999999199464e-05,0.17,88.0,36.5,0
31640,SO-0801,Constable Vijay Raval,Constable,44,2026-07-19 17:04:31+00:00,100.0,86.0,,21.1882293,72.9683572,26.0,-0.799,0.48,-0.296,,0.0,0.0,0.0,,,,,0.0,0.0,30.0,3.1999999983156613e-06,-1.3100000003873902e-05,0.17,86.0,36.5,2
31642,SO-0801,Constable Vijay Raval,Constable,44,2026-07-19 17:05:01+00:00,92.0,79.0,,21.1882287,72.9683576,26.0,-0.833,0.377,-0.333,,0.0,0.0,0.0,,,,,0.0,0.0,30.0,-5.999999999062311e-07,4.0000000467443897e-07,0.01,79.0,36.5,2
31644,SO-0801,Constable Vijay Raval,Constable,44,2026-07-19 17:05:31+00:00,94.0,76.0,,21.1882268,72.968366,25.700000762939453,-0.609,0.802,0.096,,0.0,0.0,0.0,,,,,0.0,0.0,30.0,-1.900000000887303e-06,8.399999998687235e-06,0.11,76.0,36.5,2
31646,SO-0801,Constable Vijay Raval,Constable,44,2026-07-19 17:06:01+00:00,92.0,84.0,,21.1882282,72.9683583,26.0,-0.947,0.153,-0.005,,0.0,0.0,0.0,,,,,0.0,0.0,30.0,1.4000000021496817e-06,-7.699999997612395e-06,0.1,84.0,36.5,2
31648,SO-0801,Constable Vijay Raval,Constable,44,2026-07-19 17:06:31+00:00,100.0,83.0,,21.1882262,72.9683688,25.700000762939453,-0.564,0.618,0.659,,0.0,0.0,0.0,,,,,0.0,0.0,30.0,-2.0000000020559128e-06,1.0499999987700905e-05,0.13,83.0,36.5,2
31649,SO-0801,Constable Vijay Raval,Constable,44,2026-07-19 17:07:01+00:00,88.0,88.0,,21.1882155,72.9684032,25.700000762939453,-0.094,-0.028,1.095,,0.0,0.0,0.0,,,,,0.0,0.0,30.0,-1.0700000000696264e-05,3.440000000409782e-05,0.46,88.0,36.5,0
31651,SO-0801,Constable Vijay Raval,Constable,44,2026-07-19 17:07:31+00:00,92.0,86.0,,21.1882248,72.9683755,25.700000762939453,-0.691,0.367,0.669,,0.0,0.0,0.0,,,,,0.0,0.0,30.0,9.300000002099296e-06,-2.7700000003960668e-05,0.37,86.0,36.5,2
31653,SO-0801,Constable Vijay Raval,Constable,44,2026-07-19 17:08:01+00:00,91.0,87.0,,21.1882285,72.9683579,26.0,-0.302,0.919,0.437,,0.0,0.0,0.0,,,,,0.0,0.0,30.0,3.700000000605996e-06,-1.7599999992512494e-05,0.23,87.0,36.5,2
31656,SO-0801,Constable Vijay Raval,Constable,44,2026-07-19 17:08:31+00:00,90.0,84.0,,21.1882246,72.9683636,25.700000762939453,-0.361,1.421,-0.023,,0.0,0.0,0.0,,,,,0.0,0.0,30.0,-3.899999999390502e-06,5.700000002661909e-06,0.09,84.0,36.5,0
31658,SO-0801,Constable Vijay Raval,Constable,44,2026-07-19 17:09:01+00:00,100.0,88.0,,21.1882235,72.9684001,25.700000762939453,-0.314,0.146,-0.896,,0.0,0.0,0.0,,,,,0.0,0.0,30.0,-1.100000002196566e-06,3.649999999311149e-05,0.46,88.0,36.5,2
31660,SO-0801,Constable Vijay Raval,Constable,44,2026-07-19 17:09:31+00:00,97.0,88.0,,21.1882152,72.9684029,25.700000762939453,-0.399,0.16,-0.844,,0.0,0.0,0.0,,,,,0.0,0.0,30.0,-8.30000000107134e-06,2.8000000042993634e-06,0.12,88.0,36.5,2
31662,SO-0801,Constable Vijay Raval,Constable,44,2026-07-19 17:10:01+00:00,100.0,88.0,,21.1882209,72.9684054,25.700000762939453,-0.358,0.165,-0.885,,0.0,0.0,0.0,,,,,0.0,0.0,30.0,5.700000002661909e-06,2.4999999936881068e-06,0.08,88.0,36.5,2
31664,SO-0801,Constable Vijay Raval,Constable,44,2026-07-19 17:10:31+00:00,88.0,88.0,,21.1882514,72.9682856,25.700000762939453,-2.0,-0.396,-1.741,,0.0,0.0,0.0,,,,,0.0,0.0,30.0,3.049999999760189e-05,-0.0001197999999931,1.56,88.0,36.5,1
31666,SO-0801,Constable Vijay Raval,Constable,44,2026-07-19 17:11:01+00:00,97.0,88.0,,21.1882223,72.9684041,25.700000762939453,-0.665,0.005,-0.711,,0.0,0.0,0.0,,,,,0.0,0.0,30.0,-2.909999999900492e-05,0.0001184999999992,1.54,88.0,36.5,1
31668,SO-0801,Constable Vijay Raval,Constable,44,2026-07-19 17:11:31+00:00,94.0,88.0,,21.1882186,72.9683956,25.700000762939453,-0.738,-0.348,-0.519,,0.0,0.0,0.0,,,,,0.0,0.0,30.0,-3.700000000605996e-06,-8.500000006961272e-06,0.12,88.0,36.5,1
31670,SO-0801,Constable Vijay Raval,Constable,44,2026-07-19 17:12:01+00:00,95.0,88.0,,21.1881265,72.9682623,25.700000762939453,-0.715,-0.227,-0.612,,0.0,0.0,0.0,,,,,0.0,0.0,30.0,-9.209999999981731e-05,-0.0001332999999874,2.08,88.0,36.5,1
31672,SO-0801,Constable Vijay Raval,Constable,44,2026-07-19 17:12:31+00:00,97.0,88.0,,21.1882253,72.9683934,25.700000762939453,-0.632,-0.066,-0.737,,0.0,0.0,0.0,,,,,0.0,0.0,30.0,9.879999999995448e-05,0.0001310999999901,2.11,88.0,36.5,1
31674,SO-0801,Constable Vijay Raval,Constable,44,2026-07-19 17:13:01+00:00,91.0,88.0,,21.188229,72.9683753,25.700000762939453,-0.7,-0.126,-0.651,,0.0,0.0,0.0,,,,,0.0,0.0,30.0,3.700000000605996e-06,-1.8099999991250115e-05,0.23,88.0,36.5,2
31676,SO-0801,Constable Vijay Raval,Constable,44,2026-07-19 17:13:31+00:00,96.0,88.0,,21.1882221,72.9683924,25.700000762939453,-0.69,-0.096,-0.676,,0.0,0.0,0.0,,,,,0.0,0.0,30.0,-6.899999998921658e-06,1.7099999993774873e-05,0.23,88.0,36.5,2
31678,SO-0801,Constable Vijay Raval,Constable,44,2026-07-19 17:14:01+00:00,95.0,87.0,,21.1882363,72.9683741,25.700000762939453,-0.433,0.755,0.884,,0.0,0.0,0.0,,,,,0.0,0.0,30.0,1.419999999896504e-05,-1.8299999993587335e-05,0.3,87.0,36.5,2
31680,SO-0801,Constable Vijay Raval,Constable,44,2026-07-19 17:14:31+00:00,91.0,88.0,,21.1882133,72.9683271,25.700000762939453,-0.712,0.146,-0.649,,0.0,0.0,0.0,,,,,0.0,0.0,30.0,-2.2999999998774e-05,-4.70000000092341e-05,0.67,88.0,36.5,2
31682,SO-0801,Constable Vijay Raval,Constable,44,2026-07-19 17:15:01+00:00,88.0,82.0,,21.188225,72.9683981,25.700000762939453,-0.762,0.128,-0.587,,0.0,0.0,0.0,,,,,0.0,0.0,30.0,1.1699999998171506e-05,7.100000000548334e-05,0.91,82.0,36.5,0
31684,SO-0801,Constable Vijay Raval,Constable,44,2026-07-19 17:15:31+00:00,84.0,80.0,,21.1882204,72.9684034,25.700000762939453,-0.748,0.153,-0.621,,0.0,0.0,0.0,,,,,0.0,0.0,30.0,-4.600000000465343e-06,5.29999999798747e-06,0.09,80.0,36.5,0
31686,SO-0801,Constable Vijay Raval,Constable,44,2026-07-19 17:16:02+00:00,82.0,80.0,,21.1882212,72.9683343,25.700000762939453,-0.748,0.152,-0.602,,0.0,0.0,0.0,,,,,0.0,0.0,31.0,8.000000022434506e-07,-6.910000000459604e-05,0.84,80.0,36.5,0
31688,SO-0801,Constable Vijay Raval,Constable,44,2026-07-19 17:16:31+00:00,84.0,87.0,,21.1882259,72.9683906,25.700000762939453,-0.78,0.128,-0.57,,0.0,0.0,0.0,,,,,0.0,0.0,29.0,4.699999998081239e-06,5.6300000011333395e-05,0.74,87.0,36.5,0
31690,SO-0801,Constable Vijay Raval,Constable,44,2026-07-19 17:17:01+00:00,88.0,88.0,,21.1882215,72.968402,25.700000762939453,-0.78,0.132,-0.562,,0.0,0.0,0.0,,,,,0.0,0.0,30.0,-4.3999999981281235e-06,1.1399999991112963e-05,0.15,88.0,36.5,0
31692,SO-0801,Constable Vijay Raval,Constable,44,2026-07-19 17:17:31+00:00,82.0,88.0,,21.1882214,72.9684028,25.700000762939453,-0.777,0.131,-0.586,,0.0,0.0,0.0,,,,,0.0,0.0,30.0,-1.0000000116860974e-07,8.000000093488779e-07,0.01,88.0,36.5,0
31694,SO-0801,Constable Vijay Raval,Constable,44,2026-07-19 17:18:01+00:00,89.0,88.0,,21.1882232,72.9683898,25.700000762939453,-0.777,0.145,-0.542,,0.0,0.0,0.0,,,,,0.0,0.0,30.0,1.7999999997186933e-06,-1.300000000981072e-05,0.17,88.0,36.5,0
31696,SO-0801,Constable Vijay Raval,Constable,44,2026-07-19 17:18:32+00:00,95.0,87.0,,21.1882333,72.9683456,25.700000762939453,-0.692,0.129,-0.661,,0.0,0.0,0.0,,,,,0.0,0.0,31.0,1.0100000000790033e-05,-4.419999999072388e-05,0.55,87.0,36.5,2
31698,SO-0801,Constable Vijay Raval,Constable,44,2026-07-19 17:19:01+00:00,86.0,82.0,,21.1882618,72.9683432,25.700000762939453,-0.443,-0.037,-0.886,,0.0,0.0,0.0,,,,,0.0,0.0,29.0,2.849999999909869e-05,-2.3999999996249244e-06,0.39,82.0,36.5,0
31700,SO-0801,Constable Vijay Raval,Constable,44,2026-07-19 17:19:31+00:00,86.0,88.0,,21.1882341,72.9683457,25.700000762939453,-0.317,-0.071,-0.916,,0.0,0.0,0.0,,,,,0.0,0.0,30.0,-2.770000000040795e-05,2.4999999936881068e-06,0.37,88.0,36.5,0
31702,SO-0801,Constable Vijay Raval,Constable,44,2026-07-19 17:20:01+00:00,83.0,88.0,,21.1882368,72.9683461,25.700000762939453,-0.41,-0.04,-0.92,,0.0,0.0,0.0,,,,,0.0,0.0,30.0,2.69999999957804e-06,4.0000000467443897e-07,0.04,88.0,36.5,0
31704,SO-0801,Constable Vijay Raval,Constable,44,2026-07-19 17:20:31+00:00,83.0,86.0,,21.1882269,72.9683947,25.700000762939453,-0.54,0.025,0.259,,0.0,0.0,0.0,,,,,0.0,0.0,30.0,-9.899999998452811e-06,4.8599999999510146e-05,0.63,86.0,36.5,0
31706,SO-0801,Constable Vijay Raval,Constable,44,2026-07-19 17:21:01+00:00,90.0,87.0,,21.1882244,72.9683981,25.700000762939453,-0.966,0.039,0.483,,0.0,0.0,0.0,,,,,0.0,0.0,30.0,-2.500000000793534e-06,3.399999997100167e-06,0.05,87.0,36.5,0
31708,SO-0801,Constable Vijay Raval,Constable,44,2026-07-19 17:21:31+00:00,93.0,88.0,,21.188249,72.9683534,25.700000762939453,-1.337,-0.291,-0.418,,0.0,0.0,0.0,,,,,0.0,0.0,30.0,2.459999999970819e-05,-4.470000000367236e-05,0.65,88.0,36.5,2
31710,SO-0801,Constable Vijay Raval,Constable,44,2026-07-19 17:22:01+00:00,93.0,82.0,,21.1882254,72.9683964,25.700000762939453,-0.399,0.123,-0.77,,0.0,0.0,0.0,,,,,0.0,0.0,30.0,-2.3599999998680232e-05,4.3000000005122274e-05,0.63,82.0,36.5,2
31712,SO-0801,Constable Vijay Raval,Constable,44,2026-07-19 17:22:31+00:00,93.0,81.0,,21.188237,72.9683416,25.700000762939453,-0.778,0.221,-0.001,,0.0,0.0,0.0,,,,,0.0,0.0,30.0,1.160000000055561e-05,-5.480000000090968e-05,0.71,81.0,36.5,2
31716,SO-0801,Constable Vijay Raval,Constable,44,2026-07-19 17:23:01+00:00,86.0,84.0,,21.1882274,72.968394,25.700000762939453,-0.35,0.404,-1.419,,0.0,0.0,0.0,,,,,0.0,0.0,30.0,-9.600000002052411e-06,5.240000000128475e-05,0.67,84.0,36.5,0
31719,SO-0801,Constable Vijay Raval,Constable,44,2026-07-19 17:23:31+00:00,94.0,78.0,,21.1882482,72.9683719,25.700000762939453,-0.95,0.117,-0.172,,0.0,0.0,0.0,,,,,0.0,0.0,30.0,2.0800000001486296e-05,-2.2100000009572796e-05,0.39,78.0,36.5,2
31722,SO-0801,Constable Vijay Raval,Constable,44,2026-07-19 17:24:01+00:00,95.0,84.0,,21.1882273,72.9683941,25.700000762939453,-1.03,0.047,-0.166,,0.0,0.0,0.0,,,,,0.0,0.0,30.0,-2.0899999999102192e-05,2.2200000003635975e-05,0.39,84.0,36.5,2
31725,SO-0801,Constable Vijay Raval,Constable,44,2026-07-19 17:24:31+00:00,97.0,85.0,,21.188227,72.9683947,25.700000762939453,-0.725,-0.007,-0.568,,0.0,0.0,0.0,,,,,0.0,0.0,30.0,-2.999999999531156e-07,6.000000070116585e-07,0.01,85.0,36.5,2
31728,SO-0801,Constable Vijay Raval,Constable,44,2026-07-19 17:25:01+00:00,88.0,88.0,,21.1882232,72.9683879,25.700000762939453,-0.834,0.202,-0.654,,0.0,0.0,0.0,,,,,0.0,0.0,30.0,-3.800000001774606e-06,-6.800000008411189e-06,0.1,88.0,36.5,0
31731,SO-0801,Constable Vijay Raval,Constable,44,2026-07-19 17:25:31+00:00,85.0,78.0,,21.1882977,72.9682668,25.700000762939453,-1.266,-0.176,-0.63,,0.0,0.0,0.0,,,,,0.0,0.0,30.0,7.45000000001994e-05,-0.0001211000000012,1.82,78.0,36.5,0
31733,SO-0801,Constable Vijay Raval,Constable,44,2026-07-19 17:26:01+00:00,86.0,76.0,,21.1882456,72.9683387,25.700000762939453,-1.026,-0.013,0.087,,0.0,0.0,0.0,,,,,0.0,0.0,30.0,-5.210000000133164e-05,7.19000000088954e-05,1.14,76.0,36.5,0
31737,SO-0801,Constable Vijay Raval,Constable,44,2026-07-19 17:26:31+00:00,87.0,88.0,,21.1882267,72.9683947,25.700000762939453,-1.276,0.104,-0.379,,0.0,0.0,0.0,,,,,0.0,0.0,30.0,-1.889999999704628e-05,5.600000000072214e-05,0.75,88.0,36.5,0
31739,SO-0801,Constable Vijay Raval,Constable,44,2026-07-19 17:27:00+00:00,88.0,88.0,,21.18822,72.9684021,25.700000762939453,-0.972,0.066,-0.161,,0.0,0.0,0.0,,,,,0.0,0.0,29.0,-6.700000000137152e-06,7.400000001211993e-06,0.13,88.0,36.5,0
31743,SO-0801,Constable Vijay Raval,Constable,44,2026-07-19 17:27:32+00:00,81.0,88.0,,21.1882227,72.9683908,25.700000762939453,-0.955,0.095,-0.133,,0.0,0.0,0.0,,,,,0.0,0.0,32.0,2.69999999957804e-06,-1.1300000011260636e-05,0.14,88.0,36.5,0
31746,SO-0801,Constable Vijay Raval,Constable,44,2026-07-19 17:28:01+00:00,84.0,76.0,,21.1882234,72.9683874,25.700000762939453,-0.953,0.104,-0.173,,0.0,0.0,0.0,,,,,0.0,0.0,29.0,6.999999975221272e-07,-3.399999997100167e-06,0.05,76.0,36.5,0
31749,SO-0801,Constable Vijay Raval,Constable,44,2026-07-19 17:28:31+00:00,89.0,86.0,,21.188219,72.9684065,25.700000762939453,-0.946,0.115,-0.25,,0.0,0.0,0.0,,,,,0.0,0.0,30.0,-4.3999999981281235e-06,1.9100000002936213e-05,0.25,86.0,36.5,0
31752,SO-0801,Constable Vijay Raval,Constable,44,2026-07-19 17:29:01+00:00,95.0,84.0,,21.1882238,72.9683869,25.700000762939453,-0.963,0.131,-0.208,,0.0,0.0,0.0,,,,,0.0,0.0,30.0,4.799999999249849e-06,-1.960000000167383e-05,0.25,84.0,36.5,2
31754,SO-0801,Constable Vijay Raval,Constable,44,2026-07-19 17:29:31+00:00,82.0,68.0,,21.1882256,72.9683957,25.700000762939453,-0.961,0.122,-0.192,,0.0,0.0,0.0,,,,,0.0,0.0,30.0,1.7999999997186933e-06,8.800000003361674e-06,0.11,68.0,36.5,0
31758,SO-0801,Constable Vijay Raval,Constable,44,2026-07-19 17:30:01+00:00,91.0,80.0,,21.1882252,72.9683971,25.700000762939453,-0.965,0.124,-0.188,,0.0,0.0,0.0,,,,,0.0,0.0,30.0,-3.999999975690116e-07,1.4000000021496817e-06,0.02,80.0,36.5,2
31761,SO-0801,Constable Vijay Raval,Constable,44,2026-07-19 17:30:31+00:00,83.0,87.0,,21.1882255,72.968397,25.700000762939453,-0.981,0.134,-0.094,,0.0,0.0,0.0,,,,,0.0,0.0,30.0,2.999999999531156e-07,-1.000000082740371e-07,0.0,87.0,36.5,0
31764,SO-0801,Constable Vijay Raval,Constable,44,2026-07-19 17:31:01+00:00,89.0,74.0,,21.1882775,72.9683632,25.700000762939453,-0.666,-0.145,-0.416,,0.0,0.0,0.0,,,,,0.0,0.0,30.0,5.200000000016303e-05,-3.379999999708616e-05,0.81,74.0,36.5,0
31767,SO-0801,Constable Vijay Raval,Constable,44,2026-07-19 17:31:31+00:00,82.0,88.0,,21.188221,72.9684015,25.700000762939453,-0.945,0.133,-0.26,,0.0,0.0,0.0,,,,,0.0,0.0,30.0,-5.6500000003012474e-05,3.829999999993561e-05,0.89,88.0,36.5,0
31770,SO-0801,Constable Vijay Raval,Constable,44,2026-07-19 17:32:01+00:00,82.0,87.0,,21.1882195,72.9684067,25.700000762939453,-0.935,0.057,-0.304,,0.0,0.0,0.0,,,,,0.0,0.0,30.0,-1.4999999997655775e-06,5.200000003924288e-06,0.07,87.0,36.5,0
31773,SO-0801,Constable Vijay Raval,Constable,44,2026-07-19 17:32:31+00:00,92.0,88.0,,21.1882207,72.968403,25.700000762939453,-0.925,0.021,-0.326,,0.0,0.0,0.0,,,,,0.0,0.0,30.0,1.1999999998124622e-06,-3.700000007711424e-06,0.05,88.0,36.5,2
31776,SO-0801,Constable Vijay Raval,Constable,44,2026-07-19 17:33:01+00:00,90.0,80.0,,21.1882241,72.9684136,25.700000762939453,-0.949,0.022,-0.259,,0.0,0.0,0.0,,,,,0.0,0.0,30.0,3.4000000006528808e-06,1.0600000010185797e-05,0.14,80.0,36.5,0
31779,SO-0801,Constable Vijay Raval,Constable,44,2026-07-19 17:33:31+00:00,89.0,85.0,,21.1882423,72.9683725,25.700000762939453,-0.967,-0.07,-0.144,,0.0,0.0,0.0,,,,,0.0,0.0,30.0,1.8199999999524152e-05,-4.110000000423497e-05,0.57,85.0,36.5,0
31782,SO-0801,Constable Vijay Raval,Constable,44,2026-07-19 17:34:01+00:00,84.0,85.0,,21.1882262,72.9684022,25.700000762939453,-0.963,-0.064,-0.224,,0.0,0.0,0.0,,,,,0.0,0.0,30.0,-1.6099999999852344e-05,2.9699999998911153e-05,0.43,85.0,36.5,0
31785,SO-0801,Constable Vijay Raval,Constable,44,2026-07-19 17:34:31+00:00,82.0,86.0,,21.1882221,72.968392,25.700000762939453,-0.951,-0.054,-0.256,,0.0,0.0,0.0,,,,,0.0,0.0,30.0,-4.099999998175008e-06,-1.0200000005511356e-05,0.14,86.0,36.5,0
31788,SO-0801,Constable Vijay Raval,Constable,44,2026-07-19 17:35:01+00:00,89.0,77.0,,21.1882234,72.9683994,25.700000762939453,-0.939,-0.056,-0.281,,0.0,0.0,0.0,,,,,0.0,0.0,30.0,1.2999999974283585e-06,7.400000001211993e-06,0.09,77.0,36.5,0
31791,SO-0801,Constable Vijay Raval,Constable,44,2026-07-19 17:35:31+00:00,93.0,68.0,,21.1882195,72.9684038,25.700000762939453,-0.94,-0.047,-0.27,,0.0,0.0,0.0,,,,,0.0,0.0,30.0,-3.899999999390502e-06,4.4000000087862645e-06,0.08,68.0,36.5,2
31794,SO-0801,Constable Vijay Raval,Constable,44,2026-07-19 17:36:02+00:00,83.0,74.0,,21.1882193,72.9684066,25.700000762939453,-0.952,-0.066,-0.239,,0.0,0.0,0.0,,,,,0.0,0.0,31.0,-1.999999987845058e-07,2.7999999900885086e-06,0.03,74.0,36.5,0
31797,SO-0801,Constable Vijay Raval,Constable,44,2026-07-19 17:36:31+00:00,88.0,83.0,,21.188222,72.9683929,25.700000762939453,-0.939,-0.045,-0.287,,0.0,0.0,0.0,,,,,0.0,0.0,29.0,2.69999999957804e-06,-1.3699999996674704e-05,0.18,83.0,36.5,0
31800,SO-0801,Constable Vijay Raval,Constable,44,2026-07-19 17:37:02+00:00,94.0,62.0,,21.1882063,72.9684104,25.700000762939453,-0.938,-0.045,-0.28,,0.0,0.0,0.0,,,,,0.0,0.0,31.0,-1.5699999998730618e-05,1.749999999844931e-05,0.29,62.0,36.5,2
31803,SO-0801,Constable Vijay Raval,Constable,44,2026-07-19 17:37:31+00:00,100.0,51.0,,21.1882216,72.9684,25.700000762939453,-0.916,-0.06,-0.331,,0.0,0.0,0.0,,,,,0.0,0.0,29.0,1.5299999997608893e-05,-1.039999999363772e-05,0.25,51.0,36.5,2
31806,SO-0801,Constable Vijay Raval,Constable,44,2026-07-19 17:38:01+00:00,99.0,77.0,,21.1882171,72.968405,25.700000762939453,-0.372,0.798,-0.01,,0.0,0.0,0.0,,,,,0.0,0.0,30.0,-4.499999999296733e-06,5.000000001587068e-06,0.09,77.0,36.5,2
31809,SO-0801,Constable Vijay Raval,Constable,44,2026-07-19 17:38:31+00:00,86.0,88.0,,21.1882228,72.9683999,25.700000762939453,-0.768,0.031,-0.716,,0.0,0.0,0.0,,,,,0.0,0.0,30.0,5.699999999109195e-06,-5.100000009861105e-06,0.1,88.0,36.5,0
31812,SO-0801,Constable Vijay Raval,Constable,44,2026-07-19 17:39:01+00:00,91.0,87.0,,21.1882234,72.9683878,25.700000762939453,-0.514,0.134,0.886,,0.0,0.0,0.0,,,,,0.0,0.0,30.0,5.999999999062311e-07,-1.2099999992187804e-05,0.15,87.0,36.5,2
31815,SO-0801,Constable Vijay Raval,Constable,44,2026-07-19 17:39:31+00:00,96.0,88.0,,21.1882244,72.9683987,25.700000762939453,-0.746,0.129,0.692,,0.0,0.0,0.0,,,,,0.0,0.0,30.0,1.0000000010279564e-06,1.0899999992375342e-05,0.14,88.0,36.5,2
31818,SO-0801,Constable Vijay Raval,Constable,44,2026-07-19 17:40:01+00:00,89.0,88.0,,21.1882221,72.9683974,25.700000762939453,-0.67,0.129,0.775,,0.0,0.0,0.0,,,,,0.0,0.0,30.0,-2.2999999984563142e-06,-1.2999999938756446e-06,0.03,88.0,36.5,0
31821,SO-0801,Constable Vijay Raval,Constable,44,2026-07-19 17:40:31+00:00,95.0,66.0,,21.1882194,72.9684065,25.700000762939453,-0.278,0.034,1.132,,0.0,0.0,0.0,,,,,0.0,0.0,30.0,-2.69999999957804e-06,9.099999999762076e-06,0.12,66.0,36.5,2
31824,SO-0801,Constable Vijay Raval,Constable,44,2026-07-19 17:41:02+00:00,98.0,87.0,,21.1882015,72.9684012,25.700000762939453,-0.989,0.009,-0.143,,0.0,0.0,0.0,,,,,0.0,0.0,31.0,-1.7899999999571037e-05,-5.29999999798747e-06,0.24,87.0,36.5,2
31827,SO-0801,Constable Vijay Raval,Constable,44,2026-07-19 17:41:31+00:00,100.0,60.0,,21.1882374,72.9683766,25.700000762939453,-0.985,0.049,-0.016,,0.0,0.0,0.0,,,,,0.0,0.0,29.0,3.589999999675797e-05,-2.4600000003260906e-05,0.59,60.0,36.5,2
31830,SO-0801,Constable Vijay Raval,Constable,44,2026-07-19 17:42:01+00:00,89.0,88.0,,21.188258,72.9683338,25.700000762939453,-0.992,0.044,0.005,,0.0,0.0,0.0,,,,,0.0,0.0,30.0,2.060000000270179e-05,-4.2800000002785055e-05,0.6,88.0,36.5,0
31833,SO-0801,Constable Vijay Raval,Constable,44,2026-07-19 17:42:31+00:00,85.0,67.0,,21.1882602,72.9683263,25.700000762939453,-0.999,0.04,0.006,,0.0,0.0,0.0,,,,,0.0,0.0,30.0,2.199999997287705e-06,-7.499999995275175e-06,0.1,67.0,36.5,0
31836,SO-0801,Constable Vijay Raval,Constable,44,2026-07-19 17:43:01+00:00,98.0,88.0,,21.1882248,72.9683962,25.700000762939453,-1.009,0.09,-0.126,,0.0,0.0,0.0,,,,,0.0,0.0,30.0,-3.539999999802035e-05,6.989999999973406e-05,1.0,88.0,36.5,2
31839,SO-0801,Constable Vijay Raval,Constable,44,2026-07-19 17:43:31+00:00,82.0,88.0,,21.1882716,72.968317,25.700000762939453,-0.984,0.049,0.179,,0.0,0.0,0.0,,,,,0.0,0.0,30.0,4.679999999979145e-05,-7.920000000183336e-05,1.18,88.0,36.5,0
31842,SO-0801,Constable Vijay Raval,Constable,44,2026-07-19 17:44:01+00:00,97.0,69.0,,21.18825,72.9683371,25.700000762939453,-0.877,-0.187,-0.395,,0.0,0.0,0.0,,,,,0.0,0.0,30.0,-2.1600000000177033e-05,2.0100000000411455e-05,0.38,69.0,36.5,2
31845,SO-0801,Constable Vijay Raval,Constable,44,2026-07-19 17:44:31+00:00,83.0,88.0,,21.1882335,72.9683836,25.700000762939453,-0.873,-0.172,-0.376,,0.0,0.0,0.0,,,,,0.0,0.0,30.0,-1.650000000097407e-05,4.6499999996285624e-05,0.63,88.0,36.5,0
31848,SO-0801,Constable Vijay Raval,Constable,44,2026-07-19 17:45:01+00:00,99.0,83.0,,21.1882315,72.9683925,25.700000762939453,-0.873,-0.183,-0.393,,0.0,0.0,0.0,,,,,0.0,0.0,30.0,-1.999999998503199e-06,8.899999997424857e-06,0.12,83.0,36.5,2
31851,SO-0801,Constable Vijay Raval,Constable,44,2026-07-19 17:45:31+00:00,98.0,88.0,,21.1882653,72.968318,25.799999237060547,-0.885,-0.19,-0.375,,0.0,0.0,0.0,,,,,0.0,0.0,30.0,3.3800000000638875e-05,-7.449999999664669e-05,1.04,88.0,36.5,2
31854,SO-0801,Constable Vijay Raval,Constable,44,2026-07-19 17:46:01+00:00,96.0,86.0,,21.1882645,72.9683351,25.799999237060547,-0.876,-0.198,-0.386,,0.0,0.0,0.0,,,,,0.0,0.0,30.0,-8.000000022434506e-07,1.7100000007985727e-05,0.22,86.0,36.5,2
31857,SO-0801,Constable Vijay Raval,Constable,44,2026-07-19 17:46:31+00:00,81.0,72.0,,21.1882326,72.9683874,25.700000762939453,-0.877,-0.199,-0.391,,0.0,0.0,0.0,,,,,0.0,0.0,30.0,-3.189999999975157e-05,5.2299999993010715e-05,0.78,72.0,36.5,0
31860,SO-0801,Constable Vijay Raval,Constable,44,2026-07-19 17:47:01+00:00,90.0,88.0,,21.188229,72.9683936,25.700000762939453,-0.871,-0.206,-0.392,,0.0,0.0,0.0,,,,,0.0,0.0,30.0,-3.5999999994373866e-06,6.2000000013995304e-06,0.09,88.0,36.5,0
31863,SO-0801,Constable Vijay Raval,Constable,44,2026-07-19 17:47:31+00:00,83.0,86.0,,21.1882189,72.9684037,25.700000762939453,-0.875,-0.206,-0.376,,0.0,0.0,0.0,,,,,0.0,0.0,30.0,-1.0100000000790033e-05,1.009999999723732e-05,0.19,86.0,36.5,0
31866,SO-0801,Constable Vijay Raval,Constable,44,2026-07-19 17:48:01+00:00,99.0,75.0,,21.1882348,72.9683822,25.700000762939453,-0.88,-0.209,-0.376,,0.0,0.0,0.0,,,,,0.0,0.0,30.0,1.5900000001067838e-05,-2.1500000002561137e-05,0.34,75.0,36.5,2
31869,SO-0801,Constable Vijay Raval,Constable,44,2026-07-19 17:48:32+00:00,94.0,65.0,,21.1882274,72.9683886,25.700000762939453,-0.881,-0.207,-0.38,,0.0,0.0,0.0,,,,,0.0,0.0,31.0,-7.400000001211993e-06,6.40000000373675e-06,0.12,65.0,36.5,2
31872,SO-0801,Constable Vijay Raval,Constable,44,2026-07-19 17:49:02+00:00,100.0,84.0,,21.18821,72.968402,25.700000762939453,-0.88,-0.213,-0.375,,0.0,0.0,0.0,,,,,0.0,0.0,30.0,-1.7399999997280702e-05,1.3400000000274304e-05,0.29,84.0,36.5,2
31875,SO-0801,Constable Vijay Raval,Constable,44,2026-07-19 17:49:31+00:00,95.0,74.0,,21.1882276,72.9683863,25.700000762939453,-0.873,-0.211,-0.383,,0.0,0.0,0.0,,,,,0.0,0.0,29.0,1.759999999961792e-05,-1.569999999162519e-05,0.32,74.0,36.5,2
31878,SO-0801,Constable Vijay Raval,Constable,44,2026-07-19 17:49:59+00:00,85.0,88.0,,21.1882669,72.9683093,25.799999237060547,-0.89,-0.201,-0.377,,0.0,0.0,0.0,,,,,0.0,0.0,28.0,3.929999999741085e-05,-7.700000000454565e-05,1.18,88.0,36.5,0
31881,SO-0801,Constable Vijay Raval,Constable,44,2026-07-19 17:50:31+00:00,97.0,84.0,,21.188224,72.9683906,25.700000762939453,-0.9,-0.068,0.466,,0.0,0.0,0.0,,,,,0.0,0.0,32.0,-4.289999999684824e-05,8.130000000505788e-05,1.1,84.0,36.5,2
31884,SO-0801,Constable Vijay Raval,Constable,44,2026-07-19 17:51:01+00:00,97.0,88.0,,21.1882178,72.9684032,25.700000762939453,-0.414,0.899,-0.009,,0.0,0.0,0.0,,,,,0.0,0.0,30.0,-6.2000000013995304e-06,1.2599999990925426e-05,0.18,88.0,36.5,2
31887,SO-0801,Constable Vijay Raval,Constable,44,2026-07-19 17:51:31+00:00,82.0,86.0,,21.188219,72.9684062,25.700000762939453,-0.805,0.216,0.58,,0.0,0.0,0.0,,,,,0.0,0.0,30.0,1.1999999998124622e-06,3.000000006636583e-06,0.04,86.0,36.5,0
31890,SO-0801,Constable Vijay Raval,Constable,44,2026-07-19 17:52:01+00:00,100.0,88.0,,21.1882232,72.9684028,25.700000762939453,-0.841,0.267,0.508,,0.0,0.0,0.0,,,,,0.0,0.0,30.0,4.199999999343618e-06,-3.399999997100167e-06,0.07,88.0,36.5,2
31893,SO-0801,Constable Vijay Raval,Constable,44,2026-07-19 17:52:31+00:00,96.0,85.0,,21.1882253,72.9683895,25.700000762939453,-0.392,0.968,0.057,,0.0,0.0,0.0,,,,,0.0,0.0,30.0,2.099999999671809e-06,-1.330000000621112e-05,0.17,85.0,36.5,2
31896,SO-0801,Constable Vijay Raval,Constable,44,2026-07-19 17:53:01+00:00,85.0,88.0,,21.1882241,72.9683981,25.700000762939453,-0.923,-0.3,-0.138,,0.0,0.0,0.0,,,,,0.0,0.0,30.0,-1.1999999998124622e-06,8.600000001024455e-06,0.11,88.0,36.5,0
31899,SO-0801,Constable Vijay Raval,Constable,44,2026-07-19 17:53:31+00:00,94.0,88.0,,21.1882193,72.9684038,25.700000762939453,-0.914,-0.307,-0.146,,0.0,0.0,0.0,,,,,0.0,0.0,30.0,-4.799999999249849e-06,5.700000002661909e-06,0.1,88.0,36.5,2
31902,SO-0801,Constable Vijay Raval,Constable,44,2026-07-19 17:54:01+00:00,83.0,87.0,,21.1882345,72.9683744,25.700000762939453,-0.533,0.527,0.7,,0.0,0.0,0.0,,,,,0.0,0.0,30.0,1.5199999999992995e-05,-2.940000000251075e-05,0.42,87.0,36.5,0
31905,SO-0801,Constable Vijay Raval,Constable,44,2026-07-19 17:54:31+00:00,91.0,88.0,,21.188228,72.9683931,25.700000762939453,-0.679,-0.01,0.762,,0.0,0.0,0.0,,,,,0.0,0.0,30.0,-6.500000001352646e-06,1.8699999998261777e-05,0.25,88.0,36.5,2
31908,SO-0801,Constable Vijay Raval,Constable,44,2026-07-19 17:55:01+00:00,83.0,85.0,,21.1882481,72.9683448,25.700000762939453,-0.588,0.301,0.157,,0.0,0.0,0.0,,,,,0.0,0.0,30.0,2.0100000000411455e-05,-4.8300000003109744e-05,0.66,85.0,36.5,0
31911,SO-0801,Constable Vijay Raval,Constable,44,2026-07-19 17:55:32+00:00,95.0,68.0,,21.1882112,72.9683859,25.700000762939453,-0.24,0.714,0.161,,0.0,0.0,0.0,,,,,0.0,0.0,31.0,-3.6899999997785926e-05,4.110000000423497e-05,0.69,68.0,36.5,2
31917,SO-0801,Constable Vijay Raval,Constable,44,2026-07-19 17:56:34+00:00,96.0,87.0,,21.1882196,72.9683945,25.700000762939453,-0.744,0.665,-0.14,,0.0,0.0,0.0,,,,,0.0,0.0,62.0,8.399999998687235e-06,8.600000001024455e-06,0.08,87.0,36.5,2
31919,SO-0801,Constable Vijay Raval,Constable,44,2026-07-19 17:57:03+00:00,82.0,77.0,,21.1882192,72.9684059,25.700000762939453,-0.326,0.142,0.016,,0.0,0.0,0.0,,,,,0.0,0.0,29.0,-4.000000011217253e-07,1.1399999991112963e-05,0.15,77.0,36.5,0
31922,SO-0801,Constable Vijay Raval,Constable,44,2026-07-19 17:57:31+00:00,82.0,81.0,,21.1882327,72.9684436,25.700000762939453,-0.653,-0.748,0.69,,0.0,0.0,0.0,,,,,0.0,0.0,28.0,1.3500000001442912e-05,3.77000000071348e-05,0.54,81.0,36.5,0
31925,SO-0801,Constable Vijay Raval,Constable,44,2026-07-19 17:58:01+00:00,88.0,80.0,,21.1882314,72.9683599,25.799999237060547,-0.408,0.195,-0.772,,0.0,0.0,0.0,,,,,0.0,0.0,30.0,-1.300000000981072e-06,-8.37000000046828e-05,1.05,80.0,36.5,0
31928,SO-0801,Constable Vijay Raval,Constable,44,2026-07-19 17:58:31+00:00,94.0,70.0,,21.1882273,72.9683584,26.0,-0.685,-0.05,0.769,,0.0,0.0,0.0,,,,,0.0,0.0,30.0,-4.099999998175008e-06,-1.499999996212864e-06,0.06,70.0,36.5,2
31930,SO-0801,Constable Vijay Raval,Constable,44,2026-07-19 17:59:01+00:00,86.0,88.0,,21.1882257,72.9683576,26.0,-0.879,-0.038,-0.487,,0.0,0.0,0.0,,,,,0.0,0.0,30.0,-1.6000000009341877e-06,-7.999999951380232e-07,0.02,88.0,36.5,0
31934,SO-0801,Constable Vijay Raval,Constable,44,2026-07-19 17:59:32+00:00,87.0,85.0,,21.1882319,72.9683597,25.799999237060547,-0.887,-0.045,-0.41,,0.0,0.0,0.0,,,,,0.0,0.0,31.0,6.2000000013995304e-06,2.099999989013668e-06,0.08,85.0,36.5,0
31937,SO-0801,Constable Vijay Raval,Constable,44,2026-07-19 18:00:01+00:00,86.0,87.0,,21.1882267,72.9683583,26.0,-0.937,-0.007,-0.296,,0.0,0.0,0.0,,,,,0.0,0.0,29.0,-5.200000000371574e-06,-1.399999987938827e-06,0.07,87.0,36.5,0
31940,SO-0801,Constable Vijay Raval,Constable,44,2026-07-19 18:00:32+00:00,96.0,88.0,,21.1882527,72.9683228,25.799999237060547,-0.976,-0.157,-0.044,,0.0,0.0,0.0,,,,,0.0,0.0,31.0,2.5999999998305157e-05,-3.55000000098471e-05,0.55,88.0,36.5,2
31943,SO-0801,Constable Vijay Raval,Constable,44,2026-07-19 18:01:01+00:00,97.0,88.0,,21.1882598,72.9683128,25.799999237060547,-0.982,-0.153,-0.027,,0.0,0.0,0.0,,,,,0.0,0.0,29.0,7.100000001258877e-06,-9.999999988963282e-06,0.16,88.0,36.5,2
31946,SO-0801,Constable Vijay Raval,Constable,44,2026-07-19 18:01:31+00:00,87.0,88.0,,21.1882293,72.9683576,26.0,-0.981,-0.139,-0.008,,0.0,0.0,0.0,,,,,0.0,0.0,30.0,-3.0500000001154604e-05,4.479999999773554e-05,0.69,88.0,36.5,0
31949,SO-0801,Constable Vijay Raval,Constable,44,2026-07-19 18:02:01+00:00,86.0,86.0,,21.1882665,72.9683045,25.799999237060547,-0.98,-0.139,0.018,,0.0,0.0,0.0,,,,,0.0,0.0,30.0,3.7200000001291755e-05,-5.310000000235959e-05,0.83,86.0,36.5,0
31952,SO-0801,Constable Vijay Raval,Constable,44,2026-07-19 18:02:32+00:00,82.0,88.0,,21.1882611,72.9683116,25.799999237060547,-0.982,-0.132,0.058,,0.0,0.0,0.0,,,,,0.0,0.0,31.0,-5.4000000027087935e-06,7.100000004811591e-06,0.11,88.0,36.5,0
31955,SO-0801,Constable Vijay Raval,Constable,44,2026-07-19 18:03:01+00:00,89.0,87.0,,21.1882508,72.9683253,25.799999237060547,-0.719,-0.286,-0.589,,0.0,0.0,0.0,,,,,0.0,0.0,29.0,-1.0299999999574538e-05,1.3699999996674704e-05,0.23,87.0,36.5,0
31958,SO-0801,Constable Vijay Raval,Constable,44,2026-07-19 18:03:31+00:00,91.0,88.0,,21.1882292,72.9683577,26.0,-0.663,-0.444,-0.406,,0.0,0.0,0.0,,,,,0.0,0.0,30.0,-2.1600000000177033e-05,3.239999999493648e-05,0.5,88.0,36.5,2
31961,SO-0801,Constable Vijay Raval,Constable,44,2026-07-19 18:04:01+00:00,93.0,87.0,,21.1882292,72.9683577,26.0,-1.387,0.16,0.271,,0.0,0.0,0.0,,,,,0.0,0.0,30.0,0.0,0.0,0.0,87.0,36.5,2
31964,SO-0801,Constable Vijay Raval,Constable,44,2026-07-19 18:04:31+00:00,98.0,84.0,,21.1882325,72.9683526,25.799999237060547,-0.623,-0.431,0.704,,0.0,0.0,0.0,,,,,0.0,0.0,30.0,3.3000000030369847e-06,-5.099999995650251e-06,0.08,84.0,36.5,2
31966,SO-0801,Constable Vijay Raval,Constable,44,2026-07-19 18:05:01+00:00,100.0,88.0,,21.1882278,72.9683584,26.0,-0.695,-0.401,0.525,,0.0,0.0,0.0,,,,,0.0,0.0,30.0,-4.700000001633953e-06,5.7999999967250915e-06,0.1,88.0,36.5,2
31968,SO-0801,Constable Vijay Raval,Constable,44,2026-07-19 18:05:31+00:00,96.0,87.0,,21.188232,72.96836,25.799999237060547,-0.297,0.168,-0.742,,0.0,0.0,0.0,,,,,0.0,0.0,30.0,4.199999999343618e-06,1.6000000044869012e-06,0.06,87.0,36.5,2
31972,SO-0801,Constable Vijay Raval,Constable,44,2026-07-19 18:06:01+00:00,92.0,84.0,,21.1882117,72.9683626,25.799999237060547,-1.657,0.691,0.272,,0.0,0.0,0.0,,,,,0.0,0.0,30.0,-2.029999999919596e-05,2.600000001962144e-06,0.27,84.0,36.5,1
31976,SO-0801,Constable Vijay Raval,Constable,44,2026-07-19 18:06:31+00:00,83.0,74.0,,21.1882267,72.9683583,26.0,-0.607,1.084,0.256,,0.0,0.0,0.0,,,,,0.0,0.0,30.0,1.5000000001208493e-05,-4.300000000512227e-06,0.21,74.0,36.5,1
31979,SO-0801,Constable Vijay Raval,Constable,44,2026-07-19 18:07:01+00:00,100.0,78.0,,21.1882324,72.96836,25.799999237060547,-0.081,0.089,0.603,,0.0,0.0,0.0,,,,,0.0,0.0,30.0,5.699999999109195e-06,1.6999999985500835e-06,0.08,78.0,36.5,1
31984,SO-0801,Constable Vijay Raval,Constable,44,2026-07-19 18:07:31+00:00,98.0,78.0,,21.188231,72.9683598,25.799999237060547,-0.399,-0.51,0.546,,0.0,0.0,0.0,,,,,0.0,0.0,30.0,-1.4000000021496817e-06,-2.0000000233721948e-07,0.02,78.0,36.5,1
31988,SO-0801,Constable Vijay Raval,Constable,44,2026-07-19 18:08:01+00:00,93.0,71.0,,21.1882255,72.968357,26.0,-0.734,0.904,0.689,,0.0,0.0,0.0,,,,,0.0,0.0,30.0,-5.499999996771976e-06,-2.8000000042993634e-06,0.08,71.0,36.5,1
31992,SO-0801,Constable Vijay Raval,Constable,44,2026-07-19 18:08:31+00:00,87.0,84.0,,21.1882315,72.9683599,25.799999237060547,0.123,1.237,0.486,,0.0,0.0,0.0,,,,,0.0,0.0,30.0,5.999999999062311e-06,2.8999999983625457e-06,0.09,84.0,36.5,0
31996,SO-0801,Constable Vijay Raval,Constable,44,2026-07-19 18:09:01+00:00,93.0,74.0,,21.1882321,72.96836,25.799999237060547,-0.851,-0.249,0.364,,0.0,0.0,0.0,,,,,0.0,0.0,30.0,5.999999999062311e-07,1.000000082740371e-07,0.01,74.0,36.5,2
32000,SO-0801,Constable Vijay Raval,Constable,44,2026-07-19 18:09:31+00:00,97.0,76.0,,21.1882318,72.9683594,25.799999237060547,-0.308,-1.376,0.423,,0.0,0.0,0.0,,,,,0.0,0.0,30.0,-2.999999999531156e-07,-6.000000070116585e-07,0.01,76.0,36.5,2
32004,SO-0801,Constable Vijay Raval,Constable,44,2026-07-19 18:10:01+00:00,96.0,80.0,,21.1882313,72.968359,25.799999237060547,-1.327,0.41,-0.344,,0.0,0.0,0.0,,,,,0.0,0.0,30.0,-4.999999987376214e-07,-3.9999999046358425e-07,0.01,80.0,36.5,2
32008,SO-0801,Constable Vijay Raval,Constable,44,2026-07-19 18:10:31+00:00,89.0,80.0,,21.1882323,72.9683599,25.799999237060547,-0.845,0.568,0.318,,0.0,0.0,0.0,,,,,0.0,0.0,30.0,9.999999974752427e-07,8.999999892012056e-07,0.02,80.0,36.5,0
32011,SO-0801,Constable Vijay Raval,Constable,44,2026-07-19 18:11:01+00:00,82.0,82.0,,21.188231,72.9683598,25.799999237060547,-1.015,0.214,0.081,,0.0,0.0,0.0,,,,,0.0,0.0,30.0,-1.300000000981072e-06,-9.999999406318238e-08,0.02,82.0,36.5,0
32015,SO-0801,Constable Vijay Raval,Constable,44,2026-07-19 18:11:31+00:00,93.0,87.0,,21.1882259,72.9683637,25.700000762939453,0.346,-0.709,0.603,,0.0,0.0,0.0,,,,,0.0,0.0,30.0,-5.099999999202964e-06,3.8999999958377884e-06,0.08,87.0,36.5,2
32020,SO-0801,Constable Vijay Raval,Constable,44,2026-07-19 18:12:02+00:00,100.0,80.0,,21.188232,72.96836,25.799999237060547,-0.883,0.749,0.559,,0.0,0.0,0.0,,,,,0.0,0.0,31.0,6.100000000230921e-06,-3.699999993500569e-06,0.09,80.0,36.5,2
32030,SO-0801,Constable Vijay Raval,Constable,44,2026-07-19 18:13:31+00:00,89.0,84.0,,21.1882255,72.9683562,26.0,-1.09,0.138,-0.541,,0.0,0.0,0.0,,,,,0.0,0.0,89.0,-6.499999997799932e-06,-3.800000001774606e-06,0.03,84.0,36.5,0
32034,SO-0801,Constable Vijay Raval,Constable,44,2026-07-19 18:14:01+00:00,98.0,79.0,,21.1882267,72.9683583,26.0,-0.921,-0.118,0.085,,0.0,0.0,0.0,,,,,0.0,0.0,30.0,1.1999999998124622e-06,2.1000000032245225e-06,0.03,79.0,36.5,2
32038,SO-0801,Constable Vijay Raval,Constable,44,2026-07-19 18:14:31+00:00,88.0,79.0,,21.1882257,72.9683576,26.0,-1.172,-0.054,-0.595,,0.0,0.0,0.0,,,,,0.0,0.0,30.0,-1.0000000010279564e-06,-7.000000010748408e-07,0.02,79.0,36.5,0
32042,SO-0801,Constable Vijay Raval,Constable,44,2026-07-19 18:15:01+00:00,94.0,82.0,,21.1882257,72.9683576,26.0,-0.871,0.182,0.199,,0.0,0.0,0.0,,,,,0.0,0.0,30.0,0.0,0.0,0.0,82.0,36.5,2
32046,SO-0801,Constable Vijay Raval,Constable,44,2026-07-19 18:15:31+00:00,92.0,88.0,,21.1882255,72.968357,26.0,-0.991,0.074,-0.361,,0.0,0.0,0.0,,,,,0.0,0.0,30.0,-1.999999987845058e-07,-6.000000070116585e-07,0.01,88.0,36.5,2
32050,SO-0801,Constable Vijay Raval,Constable,44,2026-07-19 18:16:01+00:00,100.0,88.0,,21.1882273,72.9683584,26.0,-0.573,0.746,-0.298,,0.0,0.0,0.0,,,,,0.0,0.0,30.0,1.7999999997186933e-06,1.4000000021496817e-06,0.03,88.0,36.5,2
32054,SO-0801,Constable Vijay Raval,Constable,44,2026-07-19 18:16:31+00:00,83.0,85.0,,21.1882255,72.968357,26.0,-0.846,0.043,-0.495,,0.0,0.0,0.0,,,,,0.0,0.0,30.0,-1.7999999997186933e-06,-1.4000000021496817e-06,0.03,85.0,36.5,0
32058,SO-0801,Constable Vijay Raval,Constable,44,2026-07-19 18:17:01+00:00,98.0,88.0,,21.1882327,72.9683601,25.799999237060547,-0.164,-0.816,0.576,,0.0,0.0,0.0,,,,,0.0,0.0,30.0,7.199999998874773e-06,3.1000000006997652e-06,0.1,88.0,36.5,2
32062,SO-0801,Constable Vijay Raval,Constable,44,2026-07-19 18:17:31+00:00,87.0,88.0,,21.1882371,72.9683443,25.799999237060547,-0.182,-0.763,0.558,,0.0,0.0,0.0,,,,,0.0,0.0,30.0,4.3999999981281235e-06,-1.5799999999899228e-05,0.21,88.0,36.5,0
32066,SO-0801,Constable Vijay Raval,Constable,44,2026-07-19 18:18:01+00:00,84.0,81.0,,21.188253,72.9683229,25.799999237060547,-0.531,0.2,0.899,,0.0,0.0,0.0,,,,,0.0,0.0,30.0,1.5900000001067838e-05,-2.13999999942871e-05,0.34,81.0,36.5,0
32070,SO-0801,Constable Vijay Raval,Constable,44,2026-07-19 18:18:31+00:00,95.0,88.0,,21.188232,72.9683583,25.799999237060547,-0.983,-0.144,-0.146,,0.0,0.0,0.0,,,,,0.0,0.0,30.0,-2.10000000002708e-05,3.540000000157306e-05,0.53,88.0,36.5,2
32074,SO-0801,Constable Vijay Raval,Constable,44,2026-07-19 18:19:01+00:00,100.0,80.0,,21.1882278,72.9683584,26.0,-0.984,-0.171,0.001,,0.0,0.0,0.0,,,,,0.0,0.0,30.0,-4.199999999343618e-06,9.999999406318238e-08,0.06,80.0,36.5,2
32078,SO-0801,Constable Vijay Raval,Constable,44,2026-07-19 18:19:31+00:00,100.0,53.0,,21.1882314,72.9683599,25.799999237060547,-0.98,-0.165,-0.019,,0.0,0.0,0.0,,,,,0.0,0.0,30.0,3.5999999994373866e-06,1.499999996212864e-06,0.05,53.0,36.5,2
32082,SO-0801,Constable Vijay Raval,Constable,44,2026-07-19 18:20:01+00:00,83.0,86.0,,21.1882278,72.9683584,26.0,-0.984,-0.15,0.029,,0.0,0.0,0.0,,,,,0.0,0.0,30.0,-3.5999999994373866e-06,-1.499999996212864e-06,0.05,86.0,36.5,0
32086,SO-0801,Constable Vijay Raval,Constable,44,2026-07-19 18:20:31+00:00,87.0,88.0,,21.1882359,72.9683463,25.799999237060547,-0.98,-0.121,-0.034,,0.0,0.0,0.0,,,,,0.0,0.0,30.0,8.09999999873412e-06,-1.210000000639866e-05,0.19,88.0,36.5,0
32090,SO-0801,Constable Vijay Raval,Constable,44,2026-07-19 18:21:02+00:00,94.0,88.0,,21.1882285,72.9683579,26.0,-0.981,-0.121,-0.026,,0.0,0.0,0.0,,,,,0.0,0.0,31.0,-7.399999997659279e-06,1.1600000007661038e-05,0.17,88.0,36.5,2
32094,SO-0801,Constable Vijay Raval,Constable,44,2026-07-19 18:21:31+00:00,93.0,88.0,,21.1882263,72.968353,26.0,0.054,-0.925,0.358,,0.0,0.0,0.0,,,,,0.0,0.0,29.0,-2.2000000008404186e-06,-4.900000007523886e-06,0.07,88.0,36.5,2
32097,SO-0801,Constable Vijay Raval,Constable,44,2026-07-19 18:22:01+00:00,100.0,86.0,,21.1882518,72.96835,25.700000762939453,-0.087,-0.992,0.318,,0.0,0.0,0.0,,,,,0.0,0.0,30.0,2.5499999999567535e-05,-2.999999992425728e-06,0.34,86.0,36.5,2
32101,SO-0801,Constable Vijay Raval,Constable,44,2026-07-19 18:22:31+00:00,82.0,88.0,,21.188132,72.9682313,25.700000762939453,-0.187,-0.928,-0.185,,0.0,0.0,0.0,,,,,0.0,0.0,30.0,-0.0001198000000002,-0.0001187000000015,2.19,88.0,36.5,0
32106,SO-0801,Constable Vijay Raval,Constable,44,2026-07-19 18:23:02+00:00,92.0,88.0,,21.1881169,72.968224,25.700000762939453,-0.726,-0.007,-0.656,,0.0,0.0,0.0,,,,,0.0,0.0,31.0,-1.5099999998824389e-05,-7.2999999929379555e-06,0.21,88.0,36.5,2
32110,SO-0801,Constable Vijay Raval,Constable,44,2026-07-19 18:23:31+00:00,94.0,85.0,,21.1882225,72.9683983,25.700000762939453,-0.769,0.091,-0.579,,0.0,0.0,0.0,,,,,0.0,0.0,29.0,0.0001055999999977,0.0001742999999976,2.7,85.0,36.5,2
32114,SO-0801,Constable Vijay Raval,Constable,44,2026-07-19 18:24:01+00:00,98.0,88.0,,21.1881266,72.9682217,25.700000762939453,-0.764,0.112,-0.582,,0.0,0.0,0.0,,,,,0.0,0.0,30.0,-9.589999999803922e-05,-0.0001766000000031,2.56,88.0,36.5,2
32118,SO-0801,Constable Vijay Raval,Constable,44,2026-07-19 18:24:32+00:00,100.0,87.0,,21.1881465,72.9682283,25.700000762939453,-0.796,0.16,-0.534,,0.0,0.0,0.0,,,,,0.0,0.0,31.0,1.9899999998074236e-05,6.600000006073969e-06,0.27,87.0,36.5,2
32121,SO-0801,Constable Vijay Raval,Constable,44,2026-07-19 18:25:01+00:00,99.0,64.0,,21.1882341,72.9683751,25.700000762939453,-0.802,0.122,-0.553,,0.0,0.0,0.0,,,,,0.0,0.0,29.0,8.76000000005206e-05,0.000146799999996,2.26,64.0,36.5,2
32126,SO-0801,Constable Vijay Raval,Constable,44,2026-07-19 18:25:31+00:00,86.0,87.0,,21.1882199,72.9683975,25.700000762939453,-0.816,0.095,-0.531,,0.0,0.0,0.0,,,,,0.0,0.0,30.0,-1.419999999896504e-05,2.2399999991762343e-05,0.34,87.0,36.5,0
32130,SO-0801,Constable Vijay Raval,Constable,44,2026-07-19 18:26:01+00:00,96.0,84.0,,21.1882325,72.9683863,25.700000762939453,-0.134,-0.628,0.473,,0.0,0.0,0.0,,,,,0.0,0.0,30.0,1.2600000001583568e-05,-1.1199999988775744e-05,0.22,84.0,36.5,2
32134,SO-0801,Constable Vijay Raval,Constable,44,2026-07-19 18:26:31+00:00,93.0,73.0,,21.1882265,72.9683674,25.700000762939453,-0.344,1.157,0.466,,0.0,0.0,0.0,,,,,0.0,0.0,30.0,-6.000000002615025e-06,-1.8900000000598993e-05,0.25,73.0,36.5,2
32138,SO-0801,Constable Vijay Raval,Constable,44,2026-07-19 18:27:01+00:00,86.0,77.0,,21.1882566,72.9683168,25.799999237060547,-0.147,0.893,0.329,,0.0,0.0,0.0,,,,,0.0,0.0,30.0,3.010000000003288e-05,-5.0600000008671486e-05,0.75,77.0,36.5,0
32142,SO-0801,Constable Vijay Raval,Constable,44,2026-07-19 18:27:31+00:00,96.0,87.0,,21.188229,72.9683576,26.0,-0.894,-0.056,0.463,,0.0,0.0,0.0,,,,,0.0,0.0,30.0,-2.7599999999239344e-05,4.080000000783457e-05,0.63,87.0,36.5,2
32146,SO-0801,Constable Vijay Raval,Constable,44,2026-07-19 18:28:02+00:00,90.0,86.0,,21.1882638,72.9683106,25.799999237060547,-0.531,0.055,-0.698,,0.0,0.0,0.0,,,,,0.0,0.0,31.0,3.480000000166683e-05,-4.70000000092341e-05,0.73,86.0,36.5,0
32150,SO-0801,Constable Vijay Raval,Constable,44,2026-07-19 18:28:31+00:00,100.0,88.0,,21.1882484,72.9683129,25.799999237060547,-0.663,-0.006,0.79,,0.0,0.0,0.0,,,,,0.0,0.0,29.0,-1.5400000002330216e-05,2.300000005561742e-06,0.21,88.0,36.5,2
32154,SO-0801,Constable Vijay Raval,Constable,44,2026-07-19 18:29:01+00:00,99.0,88.0,,21.1882255,72.968357,26.0,-0.124,-0.965,0.036,,0.0,0.0,0.0,,,,,0.0,0.0,30.0,-2.289999999760539e-05,4.40999999966607e-05,0.63,88.0,36.5,2
32158,SO-0801,Constable Vijay Raval,Constable,44,2026-07-19 18:29:32+00:00,94.0,88.0,,21.1882268,72.9683513,26.0,-0.731,-0.321,-0.561,,0.0,0.0,0.0,,,,,0.0,0.0,31.0,1.2999999974283585e-06,-5.700000002661909e-06,0.07,88.0,36.5,2
32162,SO-0801,Constable Vijay Raval,Constable,44,2026-07-19 18:30:01+00:00,82.0,88.0,,21.1882255,72.9683562,26.0,0.165,-0.932,0.312,,0.0,0.0,0.0,,,,,0.0,0.0,29.0,-1.2999999974283585e-06,4.900000007523886e-06,0.07,88.0,36.5,0
32166,SO-0801,Constable Vijay Raval,Constable,44,2026-07-19 18:30:31+00:00,83.0,88.0,,21.1882255,72.968357,26.0,-0.173,-0.973,0.259,,0.0,0.0,0.0,,,,,0.0,0.0,30.0,0.0,7.999999951380232e-07,0.01,88.0,36.5,0
32170,SO-0801,Constable Vijay Raval,Constable,44,2026-07-19 18:31:01+00:00,95.0,83.0,,21.1882197,72.9681017,25.700000762939453,-0.062,-0.922,0.286,,0.0,0.0,0.0,,,,,0.0,0.0,30.0,-5.800000000277805e-06,-0.000255299999992,3.21,83.0,36.5,2
32174,SO-0801,Constable Vijay Raval,Constable,44,2026-07-19 18:31:31+00:00,99.0,88.0,,21.1882402,72.9683929,25.700000762939453,-0.331,-0.893,-0.115,,0.0,0.0,0.0,,,,,0.0,0.0,30.0,2.0499999997980467e-05,0.0002911999999923,3.67,88.0,36.5,2
32178,SO-0801,Constable Vijay Raval,Constable,44,2026-07-19 18:32:01+00:00,99.0,87.0,,21.1883757,72.9681779,25.700000762939453,-0.001,-0.983,0.288,,0.0,0.0,0.0,,,,,0.0,0.0,30.0,0.0001355000000025,-0.0002149999999971,3.25,87.0,36.5,2
32182,SO-0801,Constable Vijay Raval,Constable,44,2026-07-19 18:32:31+00:00,86.0,86.0,,21.1882585,72.9682976,25.700000762939453,-0.383,-0.888,-0.123,,0.0,0.0,0.0,,,,,0.0,0.0,30.0,-0.0001172000000018,0.000119699999999,2.17,86.0,36.5,0
32186,SO-0801,Constable Vijay Raval,Constable,44,2026-07-19 18:33:02+00:00,96.0,88.0,,21.1882309,72.9683824,25.700000762939453,-0.515,0.112,-0.814,,0.0,0.0,0.0,,,,,0.0,0.0,31.0,-2.7599999999239344e-05,8.479999999622123e-05,1.09,88.0,36.5,2
32190,SO-0801,Constable Vijay Raval,Constable,44,2026-07-19 18:33:31+00:00,83.0,86.0,,21.1882409,72.9682871,25.700000762939453,-0.425,0.287,-0.38,,0.0,0.0,0.0,,,,,0.0,0.0,29.0,9.999999999621425e-06,-9.5299999998133e-05,1.25,86.0,36.5,0
32194,SO-0801,Constable Vijay Raval,Constable,44,2026-07-19 18:34:01+00:00,81.0,80.0,,21.1882302,72.9682863,25.700000762939453,-0.761,0.078,-0.606,,0.0,0.0,0.0,,,,,0.0,0.0,30.0,-1.0700000000696264e-05,-7.999999951380232e-07,0.14,80.0,36.5,0
32198,SO-0801,Constable Vijay Raval,Constable,44,2026-07-19 18:34:32+00:00,89.0,68.0,,21.1882376,72.9683787,25.700000762939453,-0.38,0.716,0.645,,0.0,0.0,0.0,,,,,0.0,0.0,31.0,7.400000001211993e-06,9.239999999977044e-05,1.13,68.0,36.5,0
32202,SO-0801,Constable Vijay Raval,Constable,44,2026-07-19 18:35:01+00:00,83.0,75.0,,21.1882235,72.9683921,25.700000762939453,-0.386,0.703,0.641,,0.0,0.0,0.0,,,,,0.0,0.0,29.0,-1.4100000001349144e-05,1.3400000000274304e-05,0.26,75.0,36.5,0
32205,SO-0801,Constable Vijay Raval,Constable,44,2026-07-19 18:35:31+00:00,86.0,88.0,,21.1882384,72.9683769,25.700000762939453,-0.696,0.331,0.677,,0.0,0.0,0.0,,,,,0.0,0.0,30.0,1.490000000003988e-05,-1.5200000007098424e-05,0.28,88.0,36.5,0
32208,SO-0801,Constable Vijay Raval,Constable,44,2026-07-19 18:36:01+00:00,96.0,86.0,,21.188363,72.9681425,25.700000762939453,-0.385,-0.808,0.437,,0.0,0.0,0.0,,,,,0.0,0.0,30.0,0.0001245999999994,-0.0002343999999965,3.38,86.0,36.5,2
32211,SO-0801,Constable Vijay Raval,Constable,44,2026-07-19 18:36:32+00:00,100.0,88.0,,21.1882243,72.9682909,25.700000762939453,0.189,-0.875,0.283,,0.0,0.0,0.0,,,,,0.0,0.0,31.0,-0.0001386999999972,0.0001484000000004,2.54,88.0,36.5,2
32214,SO-0801,Constable Vijay Raval,Constable,44,2026-07-19 18:37:01+00:00,100.0,87.0,,21.1882197,72.9682915,25.700000762939453,-0.333,-0.918,-0.194,,0.0,0.0,0.0,,,,,0.0,0.0,29.0,-4.600000000465343e-06,6.000000070116585e-07,0.06,87.0,36.5,2
32217,SO-0801,Constable Vijay Raval,Constable,44,2026-07-19 18:37:32+00:00,96.0,87.0,,21.1882224,72.9683858,25.700000762939453,-0.099,-0.948,0.287,,0.0,0.0,0.0,,,,,0.0,0.0,31.0,2.69999999957804e-06,9.429999998644688e-05,1.15,87.0,36.5,2
32220,SO-0801,Constable Vijay Raval,Constable,44,2026-07-19 18:38:01+00:00,85.0,86.0,,21.1882419,72.9683593,25.700000762939453,-0.909,-0.019,-0.369,,0.0,0.0,0.0,,,,,0.0,0.0,29.0,1.9500000000505224e-05,-2.649999998993735e-05,0.44,86.0,36.5,0
32222,SO-0801,Constable Vijay Raval,Constable,44,2026-07-19 18:38:32+00:00,90.0,88.0,,21.1882695,72.9682227,25.700000762939453,-0.221,-0.897,0.362,,0.0,0.0,0.0,,,,,0.0,0.0,31.0,2.7599999999239344e-05,-0.0001366000000047,1.7,88.0,36.5,0
32225,SO-0801,Constable Vijay Raval,Constable,44,2026-07-19 18:39:01+00:00,91.0,88.0,,21.1881538,72.9678079,25.200000762939453,-0.234,-0.899,0.346,,0.0,0.0,0.0,,,,,0.0,0.0,29.0,-0.000115700000002,-0.0004148000000014,5.63,88.0,36.5,1
32228,SO-0801,Constable Vijay Raval,Constable,44,2026-07-19 18:39:32+00:00,94.0,88.0,,21.188231,72.9681895,25.200000762939453,-0.795,-0.059,-0.61,,0.0,0.0,0.0,,,,,0.0,0.0,31.0,7.719999999977745e-05,0.0003815999999972,4.75,88.0,36.5,1
32231,SO-0801,Constable Vijay Raval,Constable,44,2026-07-19 18:40:01+00:00,87.0,88.0,,21.1882505,72.9683334,25.700000762939453,-0.794,-0.075,-0.555,,0.0,0.0,0.0,,,,,0.0,0.0,29.0,1.9500000000505224e-05,0.0001439000000118,1.89,88.0,36.5,0
32234,SO-0801,Constable Vijay Raval,Constable,44,2026-07-19 18:40:31+00:00,85.0,84.0,,21.1882331,72.9682072,25.700000762939453,-0.789,-0.071,-0.565,,0.0,0.0,0.0,,,,,0.0,0.0,30.0,-1.7399999997280702e-05,-0.000126200000011,1.6,84.0,36.5,0
32237,SO-0801,Constable Vijay Raval,Constable,44,2026-07-19 18:41:01+00:00,84.0,86.0,,21.1882338,72.9684078,25.700000762939453,-0.975,-0.108,-0.109,,0.0,0.0,0.0,,,,,0.0,0.0,30.0,6.999999975221272e-07,0.0002005999999994,2.52,86.0,36.5,0
32240,SO-0801,Constable Vijay Raval,Constable,44,2026-07-19 18:41:31+00:00,84.0,85.0,,21.1882274,72.9683933,25.700000762939453,-0.953,-0.104,-0.245,,0.0,0.0,0.0,,,,,0.0,0.0,30.0,-6.400000000184036e-06,-1.4499999991812729e-05,0.2,85.0,36.5,0
32243,SO-0801,Constable Vijay Raval,Constable,44,2026-07-19 18:42:01+00:00,83.0,75.0,,21.1882285,72.9682295,25.700000762939453,-0.95,-0.098,-0.218,,0.0,0.0,0.0,,,,,0.0,0.0,30.0,1.100000002196566e-06,-0.0001637999999957,2.06,75.0,36.5,0
32246,SO-0801,Constable Vijay Raval,Constable,44,2026-07-19 18:42:31+00:00,91.0,63.0,,21.1882279,72.9683906,25.700000762939453,-0.957,-0.098,-0.216,,0.0,0.0,0.0,,,,,0.0,0.0,30.0,-5.999999999062311e-07,0.0001610999999996,2.03,63.0,36.5,2
32249,SO-0801,Constable Vijay Raval,Constable,44,2026-07-19 18:43:02+00:00,94.0,86.0,,21.1882273,72.9682356,25.700000762939453,-0.948,-0.099,-0.179,,0.0,0.0,0.0,,,,,0.0,0.0,31.0,-5.999999999062311e-07,-0.0001550000000065,1.89,86.0,36.5,2
32252,SO-0801,Constable Vijay Raval,Constable,44,2026-07-19 18:43:32+00:00,87.0,69.0,,21.1882246,72.9682305,25.700000762939453,-0.938,-0.111,-0.286,,0.0,0.0,0.0,,,,,0.0,0.0,30.0,-2.69999999957804e-06,-5.099999995650251e-06,0.07,69.0,36.5,0
32255,SO-0801,Constable Vijay Raval,Constable,44,2026-07-19 18:44:02+00:00,100.0,87.0,,21.1882238,72.968225,25.799999237060547,-0.855,-0.087,-0.469,,0.0,0.0,0.0,,,,,0.0,0.0,30.0,-8.000000022434506e-07,-5.50000000032469e-06,0.07,87.0,36.5,2
32258,SO-0801,Constable Vijay Raval,Constable,44,2026-07-19 18:44:31+00:00,96.0,83.0,,21.188243,72.9683697,25.700000762939453,-0.833,-0.089,-0.505,,0.0,0.0,0.0,,,,,0.0,0.0,29.0,1.920000000055211e-05,0.0001446999999927,1.9,83.0,36.5,2
32261,SO-0801,Constable Vijay Raval,Constable,44,2026-07-19 18:45:02+00:00,100.0,88.0,,21.1882388,72.9683734,25.700000762939453,-0.796,-0.083,-0.542,,0.0,0.0,0.0,,,,,0.0,0.0,31.0,-4.199999999343618e-06,3.700000007711424e-06,0.07,88.0,36.5,2
32264,SO-0801,Constable Vijay Raval,Constable,44,2026-07-19 18:45:31+00:00,98.0,88.0,,21.1882339,72.9683635,25.700000762939453,-0.795,-0.079,-0.546,,0.0,0.0,0.0,,,,,0.0,0.0,29.0,-4.9000000004184585e-06,-9.900000009110954e-06,0.15,88.0,36.5,2
32267,SO-0801,Constable Vijay Raval,Constable,44,2026-07-19 18:46:02+00:00,93.0,88.0,,21.1882129,72.9682451,25.700000762939453,-0.805,-0.074,-0.547,,0.0,0.0,0.0,,,,,0.0,0.0,31.0,-2.10000000002708e-05,-0.0001183999999909,1.47,88.0,36.5,2
32270,SO-0801,Constable Vijay Raval,Constable,44,2026-07-19 18:46:31+00:00,82.0,84.0,,21.1882294,72.9683855,25.700000762939453,-0.823,0.095,-0.534,,0.0,0.0,0.0,,,,,0.0,0.0,29.0,1.650000000097407e-05,0.0001403999999922,1.84,84.0,36.5,0
32273,SO-0801,Constable Vijay Raval,Constable,44,2026-07-19 18:47:01+00:00,87.0,75.0,,21.1882317,72.9683872,25.700000762939453,-0.935,-0.152,-0.273,,0.0,0.0,0.0,,,,,0.0,0.0,30.0,2.2999999984563142e-06,1.6999999985500835e-06,0.04,75.0,36.5,0
32276,SO-0801,Constable Vijay Raval,Constable,44,2026-07-19 18:47:31+00:00,98.0,81.0,,21.1882247,72.9683962,25.700000762939453,-0.943,-0.129,-0.245,,0.0,0.0,0.0,,,,,0.0,0.0,30.0,-7.000000000090267e-06,9.000000005698894e-06,0.15,81.0,36.5,2
32279,SO-0801,Constable Vijay Raval,Constable,44,2026-07-19 18:48:01+00:00,87.0,84.0,,21.1882384,72.9683689,25.700000762939453,-0.926,-0.153,-0.261,,0.0,0.0,0.0,,,,,0.0,0.0,30.0,1.370000000022742e-05,-2.729999999928623e-05,0.39,84.0,36.5,0
32282,SO-0801,Constable Vijay Raval,Constable,44,2026-07-19 18:48:31+00:00,86.0,79.0,,21.1882229,72.9683983,25.700000762939453,-0.936,-0.148,-0.252,,0.0,0.0,0.0,,,,,0.0,0.0,30.0,-1.5499999999946112e-05,2.940000000251075e-05,0.42,79.0,36.5,0
32285,SO-0801,Constable Vijay Raval,Constable,44,2026-07-19 18:49:01+00:00,96.0,88.0,,21.1883663,72.9681695,25.700000762939453,0.267,-0.858,0.432,,0.0,0.0,0.0,,,,,0.0,0.0,30.0,0.0001433999999989,-0.0002288000000021,3.46,88.0,36.5,2
32288,SO-0801,Constable Vijay Raval,Constable,44,2026-07-19 18:49:31+00:00,86.0,88.0,,21.1884151,72.9681212,25.200000762939453,-0.021,-0.701,0.305,,0.0,0.0,0.0,,,,,0.0,0.0,30.0,4.8800000001847366e-05,-4.8300000003109744e-05,0.89,88.0,36.5,0
32291,SO-0801,Constable Vijay Raval,Constable,44,2026-07-19 18:50:01+00:00,89.0,88.0,,21.1882195,72.9682667,25.200000762939453,0.248,-0.884,0.394,,0.0,0.0,0.0,,,,,0.0,0.0,30.0,-0.0001956000000014,0.0001455000000021,3.18,88.0,36.5,0
32294,SO-0801,Constable Vijay Raval,Constable,44,2026-07-19 18:50:31+00:00,97.0,86.0,,21.1882151,72.9682756,25.700000762939453,-0.948,-0.137,-0.208,,0.0,0.0,0.0,,,,,0.0,0.0,30.0,-4.3999999981281235e-06,8.899999997424857e-06,0.13,86.0,36.5,2
32297,SO-0801,Constable Vijay Raval,Constable,44,2026-07-19 18:51:01+00:00,100.0,86.0,,21.1882721,72.9682977,25.700000762939453,-0.927,-0.221,-0.227,,0.0,0.0,0.0,,,,,0.0,0.0,30.0,5.699999999819738e-05,2.209999999536194e-05,0.81,86.0,36.5,2
32300,SO-0801,Constable Vijay Raval,Constable,44,2026-07-19 18:51:32+00:00,93.0,87.0,,21.188284,72.9682953,25.700000762939453,-0.89,-0.121,-0.37,,0.0,0.0,0.0,,,,,0.0,0.0,31.0,1.1900000000508726e-05,-2.3999999996249244e-06,0.16,87.0,36.5,2
32303,SO-0801,Constable Vijay Raval,Constable,44,2026-07-19 18:52:01+00:00,99.0,85.0,,21.1882589,72.968316,25.700000762939453,-0.868,-0.112,-0.429,,0.0,0.0,0.0,,,,,0.0,0.0,29.0,-2.509999999844581e-05,2.070000000742311e-05,0.44,85.0,36.5,2
32306,SO-0801,Constable Vijay Raval,Constable,44,2026-07-19 18:52:31+00:00,95.0,88.0,,21.1882123,72.9682765,25.700000762939453,-0.842,-0.107,-0.45,,0.0,0.0,0.0,,,,,0.0,0.0,30.0,-4.660000000100695e-05,-3.949999999974807e-05,0.8,88.0,36.5,2
32309,SO-0801,Constable Vijay Raval,Constable,44,2026-07-19 18:53:01+00:00,100.0,87.0,,21.1882489,72.9683394,25.700000762939453,-0.855,-0.109,-0.457,,0.0,0.0,0.0,,,,,0.0,0.0,30.0,3.660000000138552e-05,6.290000000319651e-05,0.93,87.0,36.5,2
32312,SO-0801,Constable Vijay Raval,Constable,44,2026-07-19 18:53:31+00:00,96.0,87.0,,21.188235,72.9683733,25.700000762939453,-0.849,-0.109,-0.46,,0.0,0.0,0.0,,,,,0.0,0.0,30.0,-1.390000000256464e-05,3.389999999114934e-05,0.47,87.0,36.5,2
32315,SO-0801,Constable Vijay Raval,Constable,44,2026-07-19 18:54:01+00:00,83.0,88.0,,21.1882297,72.9683931,25.700000762939453,-0.822,0.307,-0.434,,0.0,0.0,0.0,,,,,0.0,0.0,30.0,-5.29999999798747e-06,1.9800000004011057e-05,0.26,88.0,36.5,0
32318,SO-0801,Constable Vijay Raval,Constable,44,2026-07-19 18:54:31+00:00,95.0,88.0,,21.1882114,72.9682781,25.700000762939453,-0.896,0.174,-0.36,,0.0,0.0,0.0,,,,,0.0,0.0,30.0,-1.830000000069276e-05,-0.0001149999999938,1.47,88.0,36.5,2
32321,SO-0801,Constable Vijay Raval,Constable,44,2026-07-19 18:55:01+00:00,91.0,88.0,,21.1882525,72.9683302,25.700000762939453,-0.887,0.138,-0.388,,0.0,0.0,0.0,,,,,0.0,0.0,30.0,4.110000000068226e-05,5.2099999990673496e-05,0.85,88.0,36.5,2
32324,SO-0801,Constable Vijay Raval,Constable,44,2026-07-19 18:55:31+00:00,97.0,88.0,,21.1882493,72.9683246,25.700000762939453,-0.875,0.129,-0.418,,0.0,0.0,0.0,,,,,0.0,0.0,30.0,-3.200000001868375e-06,-5.599999994387872e-06,0.08,88.0,36.5,2
32327,SO-0801,Constable Vijay Raval,Constable,44,2026-07-19 18:56:01+00:00,84.0,85.0,,21.1882649,72.9683095,25.799999237060547,-0.872,0.145,-0.426,,0.0,0.0,0.0,,,,,0.0,0.0,30.0,1.5600000001114722e-05,-1.5099999998824389e-05,0.28,85.0,36.5,0
32330,SO-0801,Constable Vijay Raval,Constable,44,2026-07-19 18:56:31+00:00,100.0,88.0,,21.1882141,72.9682799,25.799999237060547,-0.904,0.11,-0.373,,0.0,0.0,0.0,,,,,0.0,0.0,30.0,-5.0800000000350565e-05,-2.960000000484797e-05,0.77,88.0,36.5,2
32333,SO-0801,Constable Vijay Raval,Constable,44,2026-07-19 18:57:02+00:00,98.0,86.0,,21.1882502,72.9683523,25.700000762939453,-0.935,-0.109,-0.3,,0.0,0.0,0.0,,,,,0.0,0.0,31.0,3.609999999909519e-05,7.240000000763303e-05,1.0,86.0,36.5,2
32336,SO-0801,Constable Vijay Raval,Constable,44,2026-07-19 18:57:31+00:00,95.0,87.0,,21.1882338,72.9683824,25.700000762939453,-0.927,-0.087,-0.322,,0.0,0.0,0.0,,,,,0.0,0.0,29.0,-1.639999999980546e-05,3.0099999989374737e-05,0.45,87.0,36.5,2
32339,SO-0801,Constable Vijay Raval,Constable,44,2026-07-19 18:58:01+00:00,97.0,88.0,,21.1882257,72.9683847,25.700000762939453,-0.89,-0.084,-0.374,,0.0,0.0,0.0,,,,,0.0,0.0,30.0,-8.09999999873412e-06,2.300000005561742e-06,0.11,88.0,36.5,2
32342,SO-0801,Constable Vijay Raval,Constable,44,2026-07-19 18:58:31+00:00,82.0,84.0,,21.188235,72.9683719,25.700000762939453,-0.897,-0.088,-0.379,,0.0,0.0,0.0,,,,,0.0,0.0,30.0,9.299999998546582e-06,-1.28000000074735e-05,0.2,84.0,36.5,0
32345,SO-0801,Constable Vijay Raval,Constable,44,2026-07-19 18:59:01+00:00,100.0,88.0,,21.1882513,72.9683446,25.700000762939453,-0.914,-0.034,-0.344,,0.0,0.0,0.0,,,,,0.0,0.0,30.0,1.6300000002189563e-05,-2.729999999928623e-05,0.41,88.0,36.5,2
32348,SO-0801,Constable Vijay Raval,Constable,44,2026-07-19 18:59:31+00:00,100.0,88.0,,21.188258,72.9683208,25.700000762939453,-0.91,-0.024,-0.358,,0.0,0.0,0.0,,,,,0.0,0.0,30.0,6.700000000137152e-06,-2.3799999993912024e-05,0.31,88.0,36.5,2
32351,SO-0801,Constable Vijay Raval,Constable,44,2026-07-19 19:00:01+00:00,100.0,86.0,,21.1882194,72.968283,25.700000762939453,-0.926,-0.028,-0.352,,0.0,0.0,0.0,,,,,0.0,0.0,30.0,-3.859999999988872e-05,-3.7800000001197986e-05,0.7,86.0,36.5,2
32354,SO-0801,Constable Vijay Raval,Constable,44,2026-07-19 19:00:31+00:00,98.0,80.0,,21.1882197,72.9682827,25.700000762939453,-0.941,0.016,-0.336,,0.0,0.0,0.0,,,,,0.0,0.0,30.0,2.999999999531156e-07,-2.999999964004019e-07,0.01,80.0,36.5,2
32357,SO-0801,Constable Vijay Raval,Constable,44,2026-07-19 19:01:01+00:00,95.0,89.0,,21.1883234,72.9682129,25.700000762939453,-1.191,0.376,-1.37,,0.0,0.0,0.0,,,,,0.0,0.0,30.0,0.0001037000000003,-6.980000000567088e-05,1.64,89.0,36.5,1
32360,SO-0801,Constable Vijay Raval,Constable,44,2026-07-19 19:01:31+00:00,87.0,53.0,,21.1882313,72.9683596,25.799999237060547,-0.56,-0.198,-0.721,,0.0,0.0,0.0,,,,,0.0,0.0,30.0,-9.209999999981731e-05,0.0001467000000019,2.22,53.0,36.5,1
32363,SO-0801,Constable Vijay Raval,Constable,44,2026-07-19 19:02:01+00:00,92.0,81.0,,21.1882318,72.9683598,25.799999237060547,-0.904,-0.201,0.404,,0.0,0.0,0.0,,,,,0.0,0.0,30.0,4.999999987376214e-07,2.0000000233721948e-07,0.01,81.0,36.5,1
32366,SO-0801,Constable Vijay Raval,Constable,44,2026-07-19 19:02:31+00:00,84.0,84.0,,21.1882318,72.9683594,25.799999237060547,-0.895,-0.189,0.425,,0.0,0.0,0.0,,,,,0.0,0.0,30.0,0.0,-4.0000000467443897e-07,0.01,84.0,36.5,1
32369,SO-0801,Constable Vijay Raval,Constable,44,2026-07-19 19:03:01+00:00,93.0,,,21.1882273,72.9683584,26.0,-0.889,-0.195,0.432,,0.0,0.0,0.0,,,,,0.0,0.0,30.0,-4.499999999296733e-06,-9.999999974752427e-07,0.06,84.0,36.5,1
32372,SO-0801,Constable Vijay Raval,Constable,44,2026-07-19 19:03:31+00:00,81.0,,,21.1882319,72.9683597,25.799999237060547,-0.892,-0.187,0.43,,0.0,0.0,0.0,,,,,0.0,0.0,30.0,4.600000000465343e-06,1.2999999938756446e-06,0.06,84.0,36.5,0
32375,SO-0801,Constable Vijay Raval,Constable,44,2026-07-19 19:04:01+00:00,83.0,59.0,,21.188232,72.9683598,25.799999237060547,-0.895,-0.189,0.419,,0.0,0.0,0.0,,,,,0.0,0.0,30.0,9.999999761589606e-08,1.000000082740371e-07,0.0,59.0,36.5,0
32378,SO-0801,Constable Vijay Raval,Constable,44,2026-07-19 19:04:31+00:00,97.0,85.0,,21.1882314,72.9683599,25.799999237060547,-0.96,-0.062,-0.204,,0.0,0.0,0.0,,,,,0.0,0.0,30.0,-5.999999999062311e-07,9.999999406318238e-08,0.01,85.0,36.5,2
32381,SO-0801,Constable Vijay Raval,Constable,44,2026-07-19 19:05:01+00:00,85.0,86.0,,21.1882315,72.9683599,25.799999237060547,-0.969,-0.061,-0.169,,0.0,0.0,0.0,,,,,0.0,0.0,30.0,1.0000000116860974e-07,0.0,0.0,86.0,36.5,0
32385,SO-0801,Constable Vijay Raval,Constable,44,2026-07-19 19:05:31+00:00,87.0,83.0,,21.1882267,72.9683583,26.0,-0.88,-0.223,0.427,,0.0,0.0,0.0,,,,,0.0,0.0,30.0,-4.799999999249849e-06,-1.5999999902760464e-06,0.07,83.0,36.5,0
32389,SO-0801,Constable Vijay Raval,Constable,44,2026-07-19 19:06:02+00:00,99.0,66.0,,21.1882278,72.9683584,26.0,-0.757,-0.482,0.124,,0.0,0.0,0.0,,,,,0.0,0.0,31.0,1.0999999986438525e-06,9.999999406318238e-08,0.01,66.0,36.5,2
32413,SO-0801,Constable Vijay Raval,Constable,44,2026-07-19 19:10:01+00:00,93.0,65.0,,21.1882317,72.9683574,25.799999237060547,-0.929,-0.152,0.168,,0.0,0.0,0.0,,,,,0.0,0.0,239.0,3.899999999390502e-06,-9.999999974752427e-07,0.01,65.0,36.5,2
32416,SO-0801,Constable Vijay Raval,Constable,44,2026-07-19 19:10:31+00:00,93.0,75.0,,21.1882595,72.968314,25.799999237060547,-0.565,0.601,0.427,,0.0,0.0,0.0,,,,,0.0,0.0,30.0,2.7800000001576564e-05,-4.339999999558586e-05,0.66,75.0,36.5,2
32419,SO-0801,Constable Vijay Raval,Constable,44,2026-07-19 19:11:01+00:00,82.0,88.0,,21.1882557,72.9683202,25.700000762939453,-1.004,-0.042,0.197,,0.0,0.0,0.0,,,,,0.0,0.0,30.0,-3.800000001774606e-06,6.199999987188676e-06,0.09,88.0,36.5,0
32422,SO-0801,Constable Vijay Raval,Constable,44,2026-07-19 19:11:31+00:00,91.0,88.0,,21.1882319,72.9683581,25.799999237060547,-0.974,-0.065,0.154,,0.0,0.0,0.0,,,,,0.0,0.0,30.0,-2.3799999997464735e-05,3.7900000009472024e-05,0.57,88.0,36.5,2
32425,SO-0801,Constable Vijay Raval,Constable,44,2026-07-19 19:12:01+00:00,90.0,78.0,,21.1882336,72.9683509,25.799999237060547,-1.021,-0.075,0.151,,0.0,0.0,0.0,,,,,0.0,0.0,30.0,1.6999999985500835e-06,-7.199999998874773e-06,0.09,78.0,36.5,0
32428,SO-0801,Constable Vijay Raval,Constable,44,2026-07-19 19:12:31+00:00,93.0,86.0,,21.1882322,72.9683594,25.799999237060547,-0.979,-0.102,0.152,,0.0,0.0,0.0,,,,,0.0,0.0,30.0,-1.399999998596968e-06,8.499999992750418e-06,0.11,86.0,36.5,2
32431,SO-0801,Constable Vijay Raval,Constable,44,2026-07-19 19:13:01+00:00,93.0,86.0,,21.188232,72.9683598,25.799999237060547,-1.386,0.025,0.339,,0.0,0.0,0.0,,,,,0.0,0.0,30.0,-2.0000000233721948e-07,4.0000000467443897e-07,0.01,86.0,36.5,2
32434,SO-0801,Constable Vijay Raval,Constable,44,2026-07-19 19:13:31+00:00,96.0,83.0,,21.1882319,72.9683597,25.799999237060547,-0.65,0.262,0.765,,0.0,0.0,0.0,,,,,0.0,0.0,30.0,-9.999999761589606e-08,-1.000000082740371e-07,0.0,83.0,36.5,2
32437,SO-0801,Constable Vijay Raval,Constable,44,2026-07-19 19:14:01+00:00,97.0,88.0,,21.1882628,72.9683061,25.799999237060547,-0.211,0.313,0.958,,0.0,0.0,0.0,,,,,0.0,0.0,30.0,3.0899999998723615e-05,-5.359999998688636e-05,0.79,88.0,36.5,2
32440,SO-0801,Constable Vijay Raval,Constable,44,2026-07-19 19:14:31+00:00,99.0,88.0,,21.1882638,72.9683036,25.799999237060547,-0.294,0.344,0.934,,0.0,0.0,0.0,,,,,0.0,0.0,30.0,1.0000000010279564e-06,-2.5000000078989615e-06,0.03,88.0,36.5,2
32445,SO-0801,Constable Vijay Raval,Constable,44,2026-07-19 19:15:31+00:00,83.0,87.0,,21.1882527,72.9683228,25.799999237060547,-0.969,-0.27,0.855,,0.0,0.0,0.0,,,,,0.0,0.0,60.0,-1.1100000001817987e-05,1.9199999996999395e-05,0.14,87.0,36.5,0
32448,SO-0801,Constable Vijay Raval,Constable,44,2026-07-19 19:16:01+00:00,96.0,85.0,,21.1882292,72.9683577,26.0,-0.693,0.195,0.929,,0.0,0.0,0.0,,,,,0.0,0.0,30.0,-2.3500000001064336e-05,3.490000000283544e-05,0.54,85.0,36.5,2
32451,SO-0801,Constable Vijay Raval,Constable,44,2026-07-19 19:16:31+00:00,89.0,88.0,,21.1882508,72.9683253,25.799999237060547,-0.737,0.248,0.645,,0.0,0.0,0.0,,,,,0.0,0.0,30.0,2.1600000000177033e-05,-3.239999999493648e-05,0.5,88.0,36.5,0
32454,SO-0801,Constable Vijay Raval,Constable,44,2026-07-19 19:17:01+00:00,100.0,88.0,,21.1882322,72.9683597,25.799999237060547,-0.944,0.285,0.256,,0.0,0.0,0.0,,,,,0.0,0.0,30.0,-1.8599999997093164e-05,3.4399999989886965e-05,0.5,88.0,36.5,2
32457,SO-0801,Constable Vijay Raval,Constable,44,2026-07-19 19:17:31+00:00,93.0,88.0,,21.1882611,72.9683117,25.799999237060547,-0.967,0.292,-0.471,,0.0,0.0,0.0,,,,,0.0,0.0,30.0,2.8899999996667702e-05,-4.799999999249849e-05,0.72,88.0,36.5,2
32460,SO-0801,Constable Vijay Raval,Constable,44,2026-07-19 19:18:01+00:00,86.0,88.0,,21.1882621,72.968311,25.799999237060547,-0.129,-0.936,0.091,,0.0,0.0,0.0,,,,,0.0,0.0,30.0,1.0000000010279564e-06,-7.000000010748408e-07,0.02,88.0,36.5,0
32463,SO-0801,Constable Vijay Raval,Constable,44,2026-07-19 19:18:33+00:00,95.0,87.0,,21.1882323,72.9683599,25.799999237060547,-0.845,-0.105,-0.387,,0.0,0.0,0.0,,,,,0.0,0.0,32.0,-2.9800000000079763e-05,4.889999999591055e-05,0.69,87.0,36.5,2
32466,SO-0801,Constable Vijay Raval,Constable,44,2026-07-19 19:19:02+00:00,90.0,88.0,,21.1882312,72.9683599,25.799999237060547,-0.956,-0.009,-0.205,,0.0,0.0,0.0,,,,,0.0,0.0,29.0,-1.0999999986438525e-06,0.0,0.02,88.0,36.5,0
32469,SO-0801,Constable Vijay Raval,Constable,44,2026-07-19 19:19:31+00:00,96.0,87.0,,21.1882328,72.9683602,25.799999237060547,-0.983,0.109,-0.072,,0.0,0.0,0.0,,,,,0.0,0.0,29.0,1.6000000009341877e-06,3.000000106112566e-07,0.02,87.0,36.5,2
32472,SO-0801,Constable Vijay Raval,Constable,44,2026-07-19 19:20:01+00:00,89.0,61.0,,21.1882255,72.9683562,26.0,-0.994,0.103,-0.028,,0.0,0.0,0.0,,,,,0.0,0.0,30.0,-7.300000000043383e-06,-4.0000000041118255e-06,0.11,61.0,36.5,0
32475,SO-0801,Constable Vijay Raval,Constable,44,2026-07-19 19:20:31+00:00,97.0,88.0,,21.1882267,72.9683583,26.0,0.151,-0.96,0.128,,0.0,0.0,0.0,,,,,0.0,0.0,30.0,1.1999999998124622e-06,2.1000000032245225e-06,0.03,88.0,36.5,2
32478,SO-0801,Constable Vijay Raval,Constable,44,2026-07-19 19:21:01+00:00,96.0,88.0,,21.1882265,72.9683652,25.700000762939453,0.07,-0.945,0.171,,0.0,0.0,0.0,,,,,0.0,0.0,30.0,-2.0000000233721948e-07,6.8999999882635166e-06,0.09,88.0,36.5,2
32481,SO-0801,Constable Vijay Raval,Constable,44,2026-07-19 19:21:31+00:00,94.0,84.0,,21.1882268,72.9683666,25.700000762939453,0.098,-0.973,0.125,,0.0,0.0,0.0,,,,,0.0,0.0,30.0,2.999999999531156e-07,1.4000000021496817e-06,0.02,84.0,36.5,2
32484,SO-0801,Constable Vijay Raval,Constable,44,2026-07-19 19:22:01+00:00,92.0,88.0,,21.1882332,72.9683522,25.799999237060547,0.02,-0.984,0.042,,0.0,0.0,0.0,,,,,0.0,0.0,30.0,6.400000000184036e-06,-1.4399999997749546e-05,0.2,88.0,36.5,2
32487,SO-0801,Constable Vijay Raval,Constable,44,2026-07-19 19:22:31+00:00,86.0,86.0,,21.1882324,72.9683599,25.799999237060547,0.228,-0.957,0.136,,0.0,0.0,0.0,,,,,0.0,0.0,30.0,-7.999999986907369e-07,7.699999997612395e-06,0.1,86.0,36.5,0
32491,SO-0801,Constable Vijay Raval,Constable,44,2026-07-19 19:23:01+00:00,99.0,88.0,,21.1882285,72.9683579,26.0,0.32,-0.9,0.265,,0.0,0.0,0.0,,,,,0.0,0.0,30.0,-3.899999999390502e-06,-1.9999999949504854e-06,0.06,88.0,36.5,2
34083,SO-0801,Constable Vijay Raval,Constable,44,2026-07-20 11:35:31+00:00,81.0,88.0,,21.2849865,72.9739709,26.200000762939453,-0.908,-0.023,-0.32,,0.0,0.0,0.0,,,,,0.0,0.0,58350.0,0.0967579999999976,0.0056129999999967,0.0,88.0,36.5,0
34087,SO-0801,Constable Vijay Raval,Constable,44,2026-07-20 11:36:01+00:00,87.0,84.0,,21.2851907,72.9740994,26.899999618530273,-0.848,0.173,-0.4,,0.0,0.0,0.0,,,,,0.0,0.0,30.0,0.0002042000000024,0.0001285000000024,3.16,84.0,36.5,0
34093,SO-0801,Constable Vijay Raval,Constable,44,2026-07-20 11:36:34+00:00,97.0,80.0,,21.2851895,72.9740981,26.899999618530273,-1.121,0.459,0.859,,0.0,0.0,0.0,,,,,0.0,0.0,33.0,-1.1999999998124622e-06,-1.2999999938756446e-06,0.02,80.0,36.5,2
34097,SO-0801,Constable Vijay Raval,Constable,44,2026-07-20 11:37:04+00:00,84.0,72.0,,21.2851875,72.9740997,26.899999618530273,-1.338,0.925,0.036,,0.0,0.0,0.0,,,,,0.0,0.0,30.0,-2.0000000020559128e-06,1.5999999902760464e-06,0.03,72.0,36.5,0
34105,SO-0801,Constable Vijay Raval,Constable,44,2026-07-20 11:38:04+00:00,100.0,88.0,,21.2813625,72.9713387,26.899999618530273,-0.274,0.869,0.008,,0.0,0.0,0.0,,,,,0.0,0.0,60.0,-0.003824999999999,-0.0027609999999924,30.83,88.0,36.5,1
34106,SO-0801,Constable Vijay Raval,Constable,44,2026-07-20 11:38:34+00:00,100.0,80.0,,21.2848554,72.9742468,25.299999237060547,-0.419,0.737,0.25,,0.0,0.0,0.0,,,,,0.0,0.0,30.0,0.0034929000000012,0.002908099999999,59.19,80.0,36.5,1
34110,SO-0801,Constable Vijay Raval,Constable,44,2026-07-20 11:39:04+00:00,92.0,67.0,,21.2855484,72.9743489,26.899999618530273,0.022,1.075,0.331,,0.0,0.0,0.0,,,,,0.0,0.0,30.0,0.0006929999999982,0.0001020999999923,9.32,67.0,36.5,1
34114,SO-0801,Constable Vijay Raval,Constable,44,2026-07-20 11:39:31+00:00,91.0,86.0,,21.2851948,72.9741092,26.899999618530273,-0.066,-0.612,0.441,,0.0,0.0,0.0,,,,,0.0,0.0,27.0,-0.0003536000000003,-0.0002396999999945,6.21,86.0,36.5,1
34118,SO-0801,Constable Vijay Raval,Constable,44,2026-07-20 11:40:01+00:00,87.0,88.0,,21.2852284,72.9740721,27.0,-0.371,0.602,-0.407,,0.0,0.0,0.0,,,,,0.0,0.0,30.0,3.360000000185437e-05,-3.7100000000123146e-05,0.65,88.0,36.5,0
34122,SO-0801,Constable Vijay Raval,Constable,44,2026-07-20 11:40:31+00:00,95.0,64.0,,21.2852075,72.9740514,26.899999618530273,0.138,0.862,-0.09,,0.0,0.0,0.0,,,,,0.0,0.0,30.0,-2.0900000002654903e-05,-2.070000000742311e-05,0.38,64.0,36.5,2
34126,SO-0801,Constable Vijay Raval,Constable,44,2026-07-20 11:41:01+00:00,95.0,85.0,,21.2850497,72.9741788,26.899999618530273,-0.816,0.423,0.233,,0.0,0.0,0.0,,,,,0.0,0.0,30.0,-0.0001578000000002,0.0001274000000108,2.64,85.0,36.5,2
34130,SO-0801,Constable Vijay Raval,Constable,44,2026-07-20 11:41:31+00:00,82.0,89.0,,21.2850442,72.9741901,26.700000762939453,-0.978,0.237,0.111,,0.0,0.0,0.0,,,,,0.0,0.0,30.0,-5.499999996771976e-06,1.129999999704978e-05,0.16,89.0,36.5,0
34134,SO-0801,Constable Vijay Raval,Constable,44,2026-07-20 11:42:01+00:00,87.0,88.0,,21.2850332,72.9741708,26.700000762939453,-0.526,-0.255,0.852,,0.0,0.0,0.0,,,,,0.0,0.0,30.0,-1.100000000064938e-05,-1.9300000005273432e-05,0.28,88.0,36.5,0
34138,SO-0801,Constable Vijay Raval,Constable,44,2026-07-20 11:42:31+00:00,99.0,87.0,,21.2850531,72.9741942,26.200000762939453,-0.612,0.678,0.402,,0.0,0.0,0.0,,,,,0.0,0.0,30.0,1.9899999998074236e-05,2.340000000344844e-05,0.4,87.0,36.5,2
34142,SO-0801,Constable Vijay Raval,Constable,44,2026-07-20 11:43:01+00:00,95.0,83.0,,21.284964,72.9741683,25.100000381469727,-0.284,0.484,0.071,,0.0,0.0,0.0,,,,,0.0,0.0,30.0,-8.910000000028617e-05,-2.5899999997136547e-05,1.23,83.0,36.5,2
34146,SO-0801,Constable Vijay Raval,Constable,44,2026-07-20 11:43:31+00:00,88.0,62.0,,21.284708,72.9741201,25.299999237060547,-0.34,0.963,0.227,,0.0,0.0,0.0,,,,,0.0,0.0,30.0,-0.0002560000000002,-4.820000000904656e-05,3.46,62.0,36.5,0
34150,SO-0801,Constable Vijay Raval,Constable,44,2026-07-20 11:44:00+00:00,92.0,87.0,,21.2847709,72.9744291,25.299999237060547,-0.694,0.066,0.875,,0.0,0.0,0.0,,,,,0.0,0.0,29.0,6.290000000319651e-05,0.0003090000000014,4.11,87.0,36.5,2
34154,SO-0801,Constable Vijay Raval,Constable,44,2026-07-20 11:44:31+00:00,88.0,62.0,,21.2847475,72.9743589,25.200000762939453,-0.188,0.992,0.279,,0.0,0.0,0.0,,,,,0.0,0.0,31.0,-2.3399999999895726e-05,-7.019999999613447e-05,0.91,62.0,36.5,0
34158,SO-0801,Constable Vijay Raval,Constable,44,2026-07-20 11:45:01+00:00,95.0,88.0,,21.2847842,72.9743617,25.100000381469727,-0.711,-0.023,0.725,,0.0,0.0,0.0,,,,,0.0,0.0,30.0,3.669999999900142e-05,2.8000000042993634e-06,0.49,88.0,36.5,2
34162,SO-0801,Constable Vijay Raval,Constable,44,2026-07-20 11:45:29+00:00,99.0,87.0,,21.2844913,72.9746108,25.100000381469727,-0.546,0.727,0.47,,0.0,0.0,0.0,,,,,0.0,0.0,28.0,-0.0002929000000015,0.0002490999999906,5.36,87.0,36.5,1
34166,SO-0801,Constable Vijay Raval,Constable,44,2026-07-20 11:45:59+00:00,92.0,75.0,,21.2846105,72.9747617,25.100000381469727,-0.541,-0.021,1.03,,0.0,0.0,0.0,,,,,0.0,0.0,30.0,0.0001192000000003,0.0001509000000083,2.48,75.0,36.5,2
34170,SO-0801,Constable Vijay Raval,Constable,44,2026-07-20 11:46:29+00:00,100.0,86.0,,21.2846068,72.9747728,25.399999618530273,-0.658,0.738,0.078,,0.0,0.0,0.0,,,,,0.0,0.0,30.0,-3.700000000605996e-06,1.1099999994712562e-05,0.15,86.0,36.5,2
34174,SO-0801,Constable Vijay Raval,Constable,44,2026-07-20 11:46:59+00:00,100.0,79.0,,21.2846066,72.9747732,25.399999618530273,-0.007,-0.503,0.958,,0.0,0.0,0.0,,,,,0.0,0.0,30.0,-1.999999987845058e-07,4.0000000467443897e-07,0.01,79.0,36.5,2
34178,SO-0801,Constable Vijay Raval,Constable,44,2026-07-20 11:47:31+00:00,100.0,88.0,,21.2845861,72.9747437,25.399999618530273,-0.49,-0.866,0.316,,0.0,0.0,0.0,,,,,0.0,0.0,32.0,-2.050000000153318e-05,-2.9499999996573933e-05,0.43,88.0,36.5,2
34182,SO-0801,Constable Vijay Raval,Constable,44,2026-07-20 11:48:00+00:00,89.0,88.0,,21.2845883,72.974747,27.299999237060547,-0.316,-0.885,0.404,,0.0,0.0,0.0,,,,,0.0,0.0,29.0,2.2000000008404186e-06,3.29999998882613e-06,0.05,88.0,36.5,0
34186,SO-0801,Constable Vijay Raval,Constable,44,2026-07-20 11:48:31+00:00,89.0,88.0,,21.2848001,72.9747273,25.399999618530273,-0.957,0.056,-0.083,,0.0,0.0,0.0,,,,,0.0,0.0,31.0,0.0002117999999988,-1.9699999995737016e-05,2.74,88.0,36.5,0
34190,SO-0801,Constable Vijay Raval,Constable,44,2026-07-20 11:49:01+00:00,85.0,56.0,,21.2847883,72.9750016,25.600000381469727,-0.013,0.912,0.064,,0.0,0.0,0.0,,,,,0.0,0.0,30.0,-1.1799999999340116e-05,0.0002743000000009,3.46,56.0,36.5,0
34194,SO-0801,Constable Vijay Raval,Constable,44,2026-07-20 11:49:33+00:00,85.0,63.0,,21.2847485,72.9750595,25.700000762939453,-0.811,-0.484,0.157,,0.0,0.0,0.0,,,,,0.0,0.0,32.0,-3.9799999999701186e-05,5.790000000160944e-05,0.84,63.0,36.5,0
34202,SO-0801,Constable Vijay Raval,Constable,44,2026-07-20 11:50:31+00:00,91.0,65.0,,21.2847785,72.975133,28.399999618530273,-0.802,0.194,0.593,,0.0,0.0,0.0,,,,,0.0,0.0,58.0,3.0000000002416986e-05,7.349999999917145e-05,0.52,65.0,36.5,2
34206,SO-0801,Constable Vijay Raval,Constable,44,2026-07-20 11:51:02+00:00,83.0,87.0,,21.284784,72.9751204,28.399999618530273,-0.539,0.812,0.694,,0.0,0.0,0.0,,,,,0.0,0.0,31.0,5.499999996771976e-06,-1.260000000513628e-05,0.17,87.0,36.5,0
34210,SO-0801,Constable Vijay Raval,Constable,44,2026-07-20 11:51:32+00:00,97.0,84.0,,21.2847802,72.9751252,28.399999618530273,-0.31,0.783,0.434,,0.0,0.0,0.0,,,,,0.0,0.0,30.0,-3.799999998221893e-06,4.799999999249849e-06,0.08,84.0,36.5,2
34214,SO-0801,Constable Vijay Raval,Constable,44,2026-07-20 11:52:02+00:00,99.0,88.0,,21.284784,72.9751205,28.399999618530273,-0.834,0.514,-0.241,,0.0,0.0,0.0,,,,,0.0,0.0,30.0,3.799999998221893e-06,-4.699999990975812e-06,0.08,88.0,36.5,2
34217,SO-0801,Constable Vijay Raval,Constable,44,2026-07-20 11:52:32+00:00,90.0,83.0,,21.2847806,72.9751229,28.399999618530273,-0.789,0.596,-0.358,,0.0,0.0,0.0,,,,,0.0,0.0,30.0,-3.399999997100167e-06,2.3999999996249244e-06,0.05,83.0,36.5,0
34221,SO-0801,Constable Vijay Raval,Constable,44,2026-07-20 11:53:02+00:00,96.0,82.0,,21.2847837,72.9751209,28.399999618530273,-0.336,0.79,0.572,,0.0,0.0,0.0,,,,,0.0,0.0,30.0,3.0999999971470515e-06,-2.00000000916134e-06,0.05,82.0,36.5,2
34225,SO-0801,Constable Vijay Raval,Constable,44,2026-07-20 11:53:32+00:00,100.0,84.0,,21.284781,72.9751211,28.399999618530273,-0.989,1.054,0.278,,0.0,0.0,0.0,,,,,0.0,0.0,30.0,-2.69999999957804e-06,2.0000000233721948e-07,0.04,84.0,36.5,2
34232,SO-0801,Constable Vijay Raval,Constable,44,2026-07-20 11:54:32+00:00,94.0,85.0,,21.2847841,72.9751206,28.399999618530273,-0.667,0.414,-0.673,,0.0,0.0,0.0,,,,,0.0,0.0,60.0,3.1000000006997652e-06,-4.999999987376214e-07,0.02,85.0,36.5,2
34236,SO-0801,Constable Vijay Raval,Constable,44,2026-07-20 11:55:02+00:00,95.0,82.0,,21.2847392,72.9750418,25.700000762939453,-0.145,0.562,0.143,,0.0,0.0,0.0,,,,,0.0,0.0,30.0,-4.489999999890415e-05,-7.879999999715892e-05,1.16,82.0,36.5,2
34242,SO-0801,Constable Vijay Raval,Constable,44,2026-07-20 11:56:01+00:00,94.0,78.0,,21.284935,72.9748758,25.600000381469727,-0.945,0.101,-0.679,,0.0,0.0,0.0,,,,,0.0,0.0,59.0,0.0001958000000001,-0.000165999999993,1.7,78.0,36.5,2
34246,SO-0801,Constable Vijay Raval,Constable,44,2026-07-20 11:56:31+00:00,94.0,71.0,,21.2845766,72.9747747,25.600000381469727,0.073,0.951,0.762,,0.0,0.0,0.0,,,,,0.0,0.0,30.0,-0.0003583999999996,-0.000101100000009,4.94,71.0,36.5,1
34250,SO-0801,Constable Vijay Raval,Constable,44,2026-07-20 11:57:00+00:00,96.0,85.0,,21.284582,72.9747648,25.399999618530273,-1.719,0.162,0.666,,0.0,0.0,0.0,,,,,0.0,0.0,29.0,5.39999999915608e-06,-9.8999999949001e-06,0.15,85.0,36.5,1
34254,SO-0801,Constable Vijay Raval,Constable,44,2026-07-20 11:57:31+00:00,87.0,88.0,,21.2841929,72.9742912,25.399999618530273,-0.961,0.671,0.957,,0.0,0.0,0.0,,,,,0.0,0.0,31.0,-0.0003890999999995,-0.0004736000000065,7.64,88.0,36.5,1
34258,SO-0801,Constable Vijay Raval,Constable,44,2026-07-20 11:58:01+00:00,92.0,88.0,,21.2845986,72.9747339,25.600000381469727,-0.139,0.435,0.781,,0.0,0.0,0.0,,,,,0.0,0.0,30.0,0.0004056999999981,0.0004427000000077,7.76,88.0,36.5,1
34262,SO-0801,Constable Vijay Raval,Constable,44,2026-07-20 11:58:29+00:00,99.0,85.0,,21.2841636,72.9743259,25.600000381469727,-0.689,-0.088,0.538,,0.0,0.0,0.0,,,,,0.0,0.0,28.0,-0.0004349999999995,-0.0004080000000072,8.29,85.0,36.5,1
34266,SO-0801,Constable Vijay Raval,Constable,44,2026-07-20 11:59:01+00:00,99.0,88.0,,21.2836099,72.9733819,26.0,-0.719,0.034,0.647,,0.0,0.0,0.0,,,,,0.0,0.0,32.0,-0.0005537000000011,-0.0009439999999898,13.11,88.0,36.5,1
34270,SO-0801,Constable Vijay Raval,Constable,44,2026-07-20 11:59:31+00:00,100.0,88.0,,21.282275,72.9717098,23.600000381469727,-0.938,0.135,0.614,,0.0,0.0,0.0,,,,,0.0,0.0,30.0,-0.0013348999999998,-0.0016721000000075,27.55,88.0,36.5,1
34274,SO-0801,Constable Vijay Raval,Constable,44,2026-07-20 12:00:00+00:00,87.0,87.0,,21.2797414,72.9700685,23.600000381469727,-0.954,0.079,0.473,,0.0,0.0,0.0,,,,,0.0,0.0,29.0,-0.0025335999999995,-0.0016413000000028,40.93,87.0,36.5,1
34278,SO-0801,Constable Vijay Raval,Constable,44,2026-07-20 12:00:29+00:00,96.0,85.0,,21.2778186,72.9684666,25.299999237060547,-0.854,0.205,0.587,,0.0,0.0,0.0,,,,,0.0,0.0,29.0,-0.0019227999999991,-0.0016018999999971,33.72,85.0,36.5,1
34282,SO-0801,Constable Vijay Raval,Constable,44,2026-07-20 12:01:01+00:00,99.0,88.0,,21.2758831,72.9664853,25.299999237060547,-0.979,-0.051,0.365,,0.0,0.0,0.0,,,,,0.0,0.0,32.0,-0.0019354999999983,-0.001981299999997,33.62,88.0,36.5,1
34286,SO-0801,Constable Vijay Raval,Constable,44,2026-07-20 12:01:30+00:00,98.0,88.0,,21.2743019,72.9643438,25.299999237060547,-0.963,-0.109,0.333,,0.0,0.0,0.0,,,,,0.0,0.0,29.0,-0.0015812000000003,-0.0021415000000075,35.38,88.0,36.5,1
34290,SO-0801,Constable Vijay Raval,Constable,44,2026-07-20 12:02:00+00:00,96.0,88.0,,21.2727226,72.9622249,26.299999237060547,-1.004,-0.824,0.685,,0.0,0.0,0.0,,,,,0.0,0.0,30.0,-0.0015792999999995,-0.0021188999999992,33.96,88.0,36.5,1
34294,SO-0801,Constable Vijay Raval,Constable,44,2026-07-20 12:02:31+00:00,89.0,88.0,,21.2711065,72.9598217,27.299999237060547,-0.446,-0.832,0.659,,0.0,0.0,0.0,,,,,0.0,0.0,31.0,-0.0016161000000032,-0.0024031999999891,35.92,88.0,36.5,1
34298,SO-0801,Constable Vijay Raval,Constable,44,2026-07-20 12:03:01+00:00,100.0,85.0,,21.2698702,72.9583508,28.600000381469727,-0.896,0.079,0.538,,0.0,0.0,0.0,,,,,0.0,0.0,30.0,-0.0012362999999986,-0.001470900000001,24.77,85.0,36.5,1
34302,SO-0801,Constable Vijay Raval,Constable,44,2026-07-20 12:03:31+00:00,92.0,88.0,,21.2690822,72.9578375,28.799999237060547,-0.112,0.043,1.026,,0.0,0.0,0.0,,,,,0.0,0.0,30.0,-0.000788,-0.0005133000000085,12.32,88.0,36.5,1
34306,SO-0801,Constable Vijay Raval,Constable,44,2026-07-20 12:04:01+00:00,100.0,88.0,,21.2690888,72.9573498,28.799999237060547,-0.063,0.424,0.981,,0.0,0.0,0.0,,,,,0.0,0.0,30.0,6.599999998968542e-06,-0.0004876999999936,6.14,88.0,36.5,1
34310,SO-0801,Constable Vijay Raval,Constable,44,2026-07-20 12:04:31+00:00,97.0,88.0,,21.2683663,72.9559765,28.200000762939453,-0.831,0.05,0.607,,0.0,0.0,0.0,,,,,0.0,0.0,30.0,-0.0007224999999984,-0.0013732999999973,19.78,88.0,36.5,1
34314,SO-0801,Constable Vijay Raval,Constable,44,2026-07-20 12:05:01+00:00,90.0,84.0,,21.2672001,72.9548127,28.200000762939453,-0.268,-0.801,0.507,,0.0,0.0,0.0,,,,,0.0,0.0,30.0,-0.0011662000000001,-0.0011638000000004,21.35,84.0,36.5,1
34318,SO-0801,Constable Vijay Raval,Constable,44,2026-07-20 12:05:31+00:00,100.0,88.0,,21.2654737,72.9523908,26.899999618530273,-0.972,0.007,0.488,,0.0,0.0,0.0,,,,,0.0,0.0,30.0,-0.001726399999999,-0.0024219000000016,38.18,88.0,36.5,1
34322,SO-0801,Constable Vijay Raval,Constable,44,2026-07-20 12:06:01+00:00,93.0,87.0,,21.2639462,72.9502503,25.5,-0.14,-0.213,1.303,,0.0,0.0,0.0,,,,,0.0,0.0,30.0,-0.0015275000000016,-0.00214050000001,33.76,87.0,36.5,1
34326,SO-0801,Constable Vijay Raval,Constable,44,2026-07-20 12:06:31+00:00,98.0,88.0,,21.2623769,72.9480094,23.799999237060547,-0.847,0.119,0.329,,0.0,0.0,0.0,,,,,0.0,0.0,30.0,-0.0015692999999998,-0.0022408999999896,35.1,88.0,36.5,1
34330,SO-0801,Constable Vijay Raval,Constable,44,2026-07-20 12:07:01+00:00,100.0,88.0,,21.2618818,72.94697,23.799999237060547,-0.92,0.092,0.582,,0.0,0.0,0.0,,,,,0.0,0.0,30.0,-0.0004950999999984,-0.0010394000000104,14.65,88.0,36.5,1
34334,SO-0801,Constable Vijay Raval,Constable,44,2026-07-20 12:07:31+00:00,100.0,88.0,,21.262856,72.9470138,24.299999237060547,-0.683,-0.609,0.329,,0.0,0.0,0.0,,,,,0.0,0.0,30.0,0.0009741999999981,4.38000000002603e-05,12.99,88.0,36.5,1
34338,SO-0801,Constable Vijay Raval,Constable,44,2026-07-20 12:08:01+00:00,98.0,88.0,,21.2639681,72.9468474,23.5,-0.675,0.156,0.687,,0.0,0.0,0.0,,,,,0.0,0.0,30.0,0.0011121000000002,-0.0001663999999976,14.96,88.0,36.5,1
34343,SO-0801,Constable Vijay Raval,Constable,44,2026-07-20 12:08:31+00:00,97.0,87.0,,21.2652509,72.9468804,21.799999237060547,-0.888,0.227,0.575,,0.0,0.0,0.0,,,,,0.0,0.0,30.0,0.001282800000002,3.300000000194814e-05,17.09,87.0,36.5,1
34348,SO-0801,Constable Vijay Raval,Constable,44,2026-07-20 12:09:01+00:00,82.0,88.0,,21.2661494,72.9467721,22.700000762939453,-0.768,0.121,0.592,,0.0,0.0,0.0,,,,,0.0,0.0,30.0,0.0008984999999981,-0.0001082999999937,12.05,88.0,36.5,1
34357,SO-0801,Constable Vijay Raval,Constable,44,2026-07-20 12:09:31+00:00,95.0,88.0,,21.2676696,72.9466571,22.700000762939453,-0.905,0.031,0.498,,0.0,0.0,0.0,,,,,0.0,0.0,30.0,0.0015202000000016,-0.000115000000008,20.3,88.0,36.5,1
34358,SO-0801,Constable Vijay Raval,Constable,44,2026-07-20 12:10:01+00:00,96.0,88.0,,21.2687154,72.9464079,24.0,-0.777,0.094,0.629,,0.0,0.0,0.0,,,,,0.0,0.0,30.0,0.0010457999999999,-0.0002491999999989,14.28,88.0,36.5,1
34363,SO-0801,Constable Vijay Raval,Constable,44,2026-07-20 12:10:31+00:00,95.0,86.0,,21.2692775,72.9465503,24.0,-0.493,0.22,0.968,,0.0,0.0,0.0,,,,,0.0,0.0,30.0,0.0005620999999997,0.0001424000000014,7.7,86.0,36.5,1
34368,SO-0801,Constable Vijay Raval,Constable,44,2026-07-20 12:11:01+00:00,98.0,88.0,,21.2680285,72.9462714,24.100000381469727,-0.893,0.039,0.514,,0.0,0.0,0.0,,,,,0.0,0.0,30.0,-0.0012490000000013,-0.0002788999999978,17.0,88.0,36.5,1
34373,SO-0801,Constable Vijay Raval,Constable,44,2026-07-20 12:11:31+00:00,100.0,88.0,,21.2662153,72.946738,22.700000762939453,-0.765,0.11,0.67,,0.0,0.0,0.0,,,,,0.0,0.0,30.0,-0.0018132000000008,0.0004665999999957,24.86,88.0,36.5,1
34378,SO-0801,Constable Vijay Raval,Constable,44,2026-07-20 12:12:01+00:00,95.0,88.0,,21.2652299,72.9465892,22.700000762939453,-0.911,0.134,0.564,,0.0,0.0,0.0,,,,,0.0,0.0,30.0,-0.0009853999999975,-0.0001487999999909,13.26,88.0,36.5,1
34383,SO-0801,Constable Vijay Raval,Constable,44,2026-07-20 12:12:31+00:00,100.0,88.0,,21.265211,72.945806,22.899999618530273,-0.89,0.087,0.433,,0.0,0.0,0.0,,,,,0.0,0.0,30.0,-1.8900000000598993e-05,-0.0007832000000007,9.86,88.0,36.5,1
34387,SO-0801,Constable Vijay Raval,Constable,44,2026-07-20 12:13:01+00:00,92.0,88.0,,21.2650925,72.9443107,22.5,-0.895,0.095,0.747,,0.0,0.0,0.0,,,,,0.0,0.0,30.0,-0.0001184999999992,-0.0014953000000019,18.88,88.0,36.5,1
34391,SO-0801,Constable Vijay Raval,Constable,44,2026-07-20 12:13:31+00:00,94.0,86.0,,21.2650706,72.9435753,22.600000381469727,-0.372,-0.737,0.578,,0.0,0.0,0.0,,,,,0.0,0.0,30.0,-2.190000000013015e-05,-0.0007353999999963,9.26,86.0,36.5,1
34397,SO-0801,Constable Vijay Raval,Constable,44,2026-07-20 12:14:02+00:00,100.0,88.0,,21.2650053,72.9427326,22.299999237060547,-0.816,-0.023,0.484,,0.0,0.0,0.0,,,,,0.0,0.0,31.0,-6.530000000282143e-05,-0.0008427000000068,10.3,88.0,36.5,1
34402,SO-0801,Constable Vijay Raval,Constable,44,2026-07-20 12:14:30+00:00,98.0,81.0,,21.2650649,72.9425531,21.899999618530273,-0.92,-0.02,0.416,,0.0,0.0,0.0,,,,,0.0,0.0,28.0,5.9600000000159525e-05,-0.0001795000000015,2.57,81.0,36.5,2
34407,SO-0801,Constable Vijay Raval,Constable,44,2026-07-20 12:15:00+00:00,85.0,88.0,,21.2650596,72.9425663,21.299999237060547,-0.798,-0.075,-0.574,,0.0,0.0,0.0,,,,,0.0,0.0,30.0,-5.29999999798747e-06,1.3199999997937084e-05,0.18,88.0,36.5,0
34412,SO-0801,Constable Vijay Raval,Constable,44,2026-07-20 12:15:31+00:00,98.0,88.0,,21.2651264,72.942683,23.600000381469727,-0.725,0.061,0.754,,0.0,0.0,0.0,,,,,0.0,0.0,31.0,6.67999999990343e-05,0.0001167000000066,1.66,88.0,36.5,2
34416,SO-0801,Constable Vijay Raval,Constable,44,2026-07-20 12:16:01+00:00,100.0,86.0,,21.2652036,72.9437753,22.200000762939453,-0.523,-0.676,0.428,,0.0,0.0,0.0,,,,,0.0,0.0,30.0,7.719999999977745e-05,0.0010922999999962,13.78,86.0,36.5,1
34422,SO-0801,Constable Vijay Raval,Constable,44,2026-07-20 12:16:31+00:00,95.0,84.0,,21.2652714,72.9459975,22.5,-0.771,0.069,0.537,,0.0,0.0,0.0,,,,,0.0,0.0,30.0,6.780000000006225e-05,0.0022222000000056,27.98,84.0,36.5,1
34426,SO-0801,Constable Vijay Raval,Constable,44,2026-07-20 12:17:01+00:00,99.0,87.0,,21.2654304,72.946802,22.5,-0.833,-0.079,0.687,,0.0,0.0,0.0,,,,,0.0,0.0,30.0,0.000159,0.0008045000000009,10.34,87.0,36.5,1
34431,SO-0801,Constable Vijay Raval,Constable,44,2026-07-20 12:17:31+00:00,95.0,88.0,,21.2673697,72.9466782,22.600000381469727,-0.466,-0.055,0.834,,0.0,0.0,0.0,,,,,0.0,0.0,30.0,0.0019393,-0.0001238000000114,25.88,88.0,36.5,1
34436,SO-0801,Constable Vijay Raval,Constable,44,2026-07-20 12:18:00+00:00,98.0,88.0,,21.269274,72.9465363,23.200000762939453,-0.809,0.082,0.69,,0.0,0.0,0.0,,,,,0.0,0.0,29.0,0.0019042999999996,-0.0001418999999884,26.3,88.0,36.5,1
34441,SO-0801,Constable Vijay Raval,Constable,44,2026-07-20 12:18:31+00:00,98.0,88.0,,21.2712418,72.9462934,23.899999618530273,-0.719,0.319,0.673,,0.0,0.0,0.0,,,,,0.0,0.0,31.0,0.0019677999999991,-0.0002429000000034,25.54,88.0,36.5,1
34446,SO-0801,Constable Vijay Raval,Constable,44,2026-07-20 12:19:00+00:00,94.0,88.0,,21.2713929,72.9458491,25.0,-0.793,0.364,-0.36,,0.0,0.0,0.0,,,,,0.0,0.0,29.0,0.0001511,-0.000444299999998,6.15,88.0,36.5,1
34451,SO-0801,Constable Vijay Raval,Constable,44,2026-07-20 12:19:31+00:00,97.0,88.0,,21.2714642,72.9459761,30.899999618530273,-0.813,0.257,0.569,,0.0,0.0,0.0,,,,,0.0,0.0,31.0,7.130000000188375e-05,0.0001269999999919,1.8,88.0,36.5,2
34456,SO-0801,Constable Vijay Raval,Constable,44,2026-07-20 12:20:01+00:00,100.0,87.0,,21.2712819,72.9463439,30.899999618530273,-0.82,-0.303,0.72,,0.0,0.0,0.0,,,,,0.0,0.0,30.0,-0.0001822999999987,0.0003678000000064,5.23,87.0,36.5,1
34461,SO-0801,Constable Vijay Raval,Constable,44,2026-07-20 12:20:30+00:00,87.0,88.0,,21.2706581,72.9464708,25.0,-0.748,-0.076,-0.603,,0.0,0.0,0.0,,,,,0.0,0.0,29.0,-0.0006238000000031,0.0001268999999979,8.75,88.0,36.5,1
34466,SO-0801,Constable Vijay Raval,Constable,44,2026-07-20 12:21:01+00:00,94.0,82.0,,21.2706065,72.9464858,23.600000381469727,-0.618,-0.536,-0.492,,0.0,0.0,0.0,,,,,0.0,0.0,31.0,-5.15999999990413e-05,1.5000000004761205e-05,0.69,82.0,36.5,2
34471,SO-0801,Constable Vijay Raval,Constable,44,2026-07-20 12:21:31+00:00,95.0,87.0,,21.2706902,72.9464186,23.600000381469727,-0.716,-0.375,-0.532,,0.0,0.0,0.0,,,,,0.0,0.0,30.0,8.370000000113009e-05,-6.720000000370874e-05,1.4,87.0,36.5,2
34476,SO-0801,Constable Vijay Raval,Constable,44,2026-07-20 12:22:01+00:00,92.0,89.0,,21.2706928,72.9464381,23.600000381469727,-0.718,-0.641,-0.076,,0.0,0.0,0.0,,,,,0.0,0.0,30.0,2.59999999840943e-06,1.9499999993399797e-05,0.25,89.0,36.5,2
34481,SO-0801,Constable Vijay Raval,Constable,44,2026-07-20 12:22:31+00:00,94.0,88.0,,21.2707142,72.9464536,23.799999237060547,-0.355,-0.917,0.058,,0.0,0.0,0.0,,,,,0.0,0.0,30.0,2.1400000001392527e-05,1.5500000003498826e-05,0.35,88.0,36.5,2
34486,SO-0801,Constable Vijay Raval,Constable,44,2026-07-20 12:23:01+00:00,92.0,88.0,,21.2706792,72.9464147,23.799999237060547,-0.746,-0.705,-0.01,,0.0,0.0,0.0,,,,,0.0,0.0,30.0,-3.500000000045134e-05,-3.889999999273641e-05,0.68,88.0,36.5,2
34491,SO-0801,Constable Vijay Raval,Constable,44,2026-07-20 12:23:30+00:00,97.0,87.0,,21.2706611,72.946393,23.799999237060547,-0.714,-0.158,-0.592,,0.0,0.0,0.0,,,,,0.0,0.0,29.0,-1.8099999998355543e-05,-2.1700000004898357e-05,0.38,87.0,36.5,2
34496,SO-0801,Constable Vijay Raval,Constable,44,2026-07-20 12:24:01+00:00,99.0,86.0,,21.2706792,72.9461991,23.600000381469727,-0.687,0.442,0.411,,0.0,0.0,0.0,,,,,0.0,0.0,31.0,1.8099999998355543e-05,-0.0001938999999993,2.37,86.0,36.5,2
34501,SO-0801,Constable Vijay Raval,Constable,44,2026-07-20 12:24:31+00:00,99.0,70.0,,21.2709135,72.9460428,23.799999237060547,-0.515,0.411,0.562,,0.0,0.0,0.0,,,,,0.0,0.0,30.0,0.0002342999999989,-0.0001563000000004,3.69,70.0,36.5,2
34506,SO-0801,Constable Vijay Raval,Constable,44,2026-07-20 12:25:01+00:00,94.0,87.0,,21.2706609,72.9463879,23.799999237060547,-0.29,0.948,0.278,,0.0,0.0,0.0,,,,,0.0,0.0,30.0,-0.0002525999999996,0.000345100000004,5.49,87.0,36.5,1
34511,SO-0801,Constable Vijay Raval,Constable,44,2026-07-20 12:25:31+00:00,86.0,79.0,,21.270641,72.9462172,23.799999237060547,-0.249,0.946,0.293,,0.0,0.0,0.0,,,,,0.0,0.0,30.0,-1.9899999998074236e-05,-0.0001706999999981,2.16,79.0,36.5,0
34516,SO-0801,Constable Vijay Raval,Constable,44,2026-07-20 12:26:01+00:00,86.0,87.0,,21.2706555,72.9463815,23.799999237060547,-0.52,1.337,0.371,,0.0,0.0,0.0,,,,,0.0,0.0,30.0,1.4499999998918156e-05,0.0001642999999944,2.08,87.0,36.5,0
34522,SO-0801,Constable Vijay Raval,Constable,44,2026-07-20 12:26:31+00:00,86.0,51.0,,21.2704125,72.94608,23.799999237060547,-0.236,0.929,0.283,,0.0,0.0,0.0,,,,,0.0,0.0,30.0,-0.0002430000000011,-0.0003015000000061,4.99,51.0,36.5,1
34526,SO-0801,Constable Vijay Raval,Constable,44,2026-07-20 12:27:01+00:00,83.0,88.0,,21.270415,72.9460801,23.799999237060547,-0.903,-0.162,0.441,,0.0,0.0,0.0,,,,,0.0,0.0,30.0,2.500000000793534e-06,1.000000082740371e-07,0.03,88.0,36.5,0
34531,SO-0801,Constable Vijay Raval,Constable,44,2026-07-20 12:27:31+00:00,90.0,77.0,,21.2704213,72.9460782,23.799999237060547,-0.872,-0.146,0.543,,0.0,0.0,0.0,,,,,0.0,0.0,30.0,6.2999999990154265e-06,-1.900000000887303e-06,0.09,77.0,36.5,0
34537,SO-0801,Constable Vijay Raval,Constable,44,2026-07-20 12:28:01+00:00,91.0,68.0,,21.270419,72.9460775,23.799999237060547,-0.685,-0.252,0.49,,0.0,0.0,0.0,,,,,0.0,0.0,30.0,-2.2999999984563142e-06,-7.000000010748408e-07,0.03,68.0,36.5,2
34541,SO-0801,Constable Vijay Raval,Constable,44,2026-07-20 12:28:31+00:00,88.0,88.0,,21.2704169,72.946083,23.799999237060547,-0.839,-0.125,0.554,,0.0,0.0,0.0,,,,,0.0,0.0,30.0,-2.099999999671809e-06,5.50000000032469e-06,0.07,88.0,36.5,0
34546,SO-0801,Constable Vijay Raval,Constable,44,2026-07-20 12:29:01+00:00,92.0,88.0,,21.2704371,72.946093,23.799999237060547,-0.682,0.671,0.387,,0.0,0.0,0.0,,,,,0.0,0.0,30.0,2.019999999802735e-05,1.0000000003174137e-05,0.3,88.0,36.5,2
34550,SO-0801,Constable Vijay Raval,Constable,44,2026-07-20 12:29:31+00:00,100.0,88.0,,21.2704213,72.9460785,23.799999237060547,-0.607,0.647,0.532,,0.0,0.0,0.0,,,,,0.0,0.0,30.0,-1.5799999999899228e-05,-1.4500000006023583e-05,0.28,88.0,36.5,2
34555,SO-0801,Constable Vijay Raval,Constable,44,2026-07-20 12:30:01+00:00,100.0,88.0,,21.2704342,72.9461342,23.799999237060547,-0.669,0.648,0.462,,0.0,0.0,0.0,,,,,0.0,0.0,30.0,1.2900000001536682e-05,5.570000000432174e-05,0.72,88.0,36.5,2
34561,SO-0801,Constable Vijay Raval,Constable,44,2026-07-20 12:30:31+00:00,87.0,88.0,,21.2704344,72.9460824,23.799999237060547,-0.649,0.662,0.411,,0.0,0.0,0.0,,,,,0.0,0.0,30.0,1.999999987845058e-07,-5.180000000848395e-05,0.65,88.0,36.5,0
34565,SO-0801,Constable Vijay Raval,Constable,44,2026-07-20 12:31:01+00:00,90.0,87.0,,21.2704321,72.9460786,23.799999237060547,-0.292,0.908,0.303,,0.0,0.0,0.0,,,,,0.0,0.0,30.0,-2.2999999984563142e-06,-3.7999999875637513e-06,0.06,87.0,36.5,0
34570,SO-0801,Constable Vijay Raval,Constable,44,2026-07-20 12:31:31+00:00,90.0,85.0,,21.2706073,72.9461893,23.799999237060547,-0.319,0.969,0.26,,0.0,0.0,0.0,,,,,0.0,0.0,30.0,0.000175200000001,0.0001106999999933,2.72,85.0,36.5,0
34575,SO-0801,Constable Vijay Raval,Constable,44,2026-07-20 12:32:00+00:00,90.0,86.0,,21.2706066,72.946322,23.799999237060547,-0.463,1.13,0.17,,0.0,0.0,0.0,,,,,0.0,0.0,29.0,-7.000000010748408e-07,0.0001326999999946,1.73,86.0,36.5,0
34581,SO-0801,Constable Vijay Raval,Constable,44,2026-07-20 12:32:31+00:00,90.0,85.0,,21.2706109,72.9462081,23.299999237060547,-0.18,0.971,0.186,,0.0,0.0,0.0,,,,,0.0,0.0,31.0,4.300000000512227e-06,-0.0001138999999881,1.39,85.0,36.5,0
34585,SO-0801,Constable Vijay Raval,Constable,44,2026-07-20 12:33:01+00:00,90.0,54.0,,21.2705739,72.9462223,23.799999237060547,-0.815,-0.135,-0.552,,0.0,0.0,0.0,,,,,0.0,0.0,30.0,-3.700000000250725e-05,1.4199999995412329e-05,0.52,54.0,36.5,0
34590,SO-0801,Constable Vijay Raval,Constable,44,2026-07-20 12:33:31+00:00,82.0,87.0,,21.2706059,72.9461997,23.700000762939453,-0.821,-0.088,-0.515,,0.0,0.0,0.0,,,,,0.0,0.0,30.0,3.200000000092018e-05,-2.2600000008310417e-05,0.51,87.0,36.5,0
34595,SO-0801,Constable Vijay Raval,Constable,44,2026-07-20 12:34:01+00:00,93.0,87.0,,21.2705933,72.9462189,23.299999237060547,-0.827,-0.082,-0.271,,0.0,0.0,0.0,,,,,0.0,0.0,30.0,-1.2599999998030851e-05,1.920000001121025e-05,0.29,87.0,36.5,2
34599,SO-0801,Constable Vijay Raval,Constable,44,2026-07-20 12:34:31+00:00,98.0,88.0,,21.2706059,72.9462162,23.700000762939453,-0.749,0.231,-0.607,,0.0,0.0,0.0,,,,,0.0,0.0,30.0,1.2599999998030851e-05,-2.700000010236181e-06,0.17,88.0,36.5,2
34604,SO-0801,Constable Vijay Raval,Constable,44,2026-07-20 12:35:01+00:00,100.0,88.0,,21.2706072,72.9462179,23.299999237060547,-0.309,0.977,0.241,,0.0,0.0,0.0,,,,,0.0,0.0,30.0,1.300000000981072e-06,1.6999999985500835e-06,0.03,88.0,36.5,2
34609,SO-0801,Constable Vijay Raval,Constable,44,2026-07-20 12:35:31+00:00,100.0,88.0,,21.2705945,72.9462061,23.700000762939453,-0.812,-0.041,-0.554,,0.0,0.0,0.0,,,,,0.0,0.0,30.0,-1.2699999999199464e-05,-1.1799999995787402e-05,0.23,88.0,36.5,2
34614,SO-0801,Constable Vijay Raval,Constable,44,2026-07-20 12:36:00+00:00,100.0,85.0,,21.2706025,72.9463106,23.700000762939453,-0.239,0.848,0.329,,0.0,0.0,0.0,,,,,0.0,0.0,29.0,7.99999999756551e-06,0.0001045000000061,1.36,85.0,36.5,2
34619,SO-0801,Constable Vijay Raval,Constable,44,2026-07-20 12:36:31+00:00,81.0,,,21.2706038,72.9463121,23.799999237060547,-0.721,-0.04,-0.627,,0.0,0.0,0.0,,,,,0.0,0.0,31.0,1.300000000981072e-06,1.499999996212864e-06,0.02,85.0,36.5,0
34625,SO-0801,Constable Vijay Raval,Constable,44,2026-07-20 12:37:01+00:00,89.0,88.0,,21.2706968,72.9461744,23.600000381469727,-0.609,-0.037,-0.811,,0.0,0.0,0.0,,,,,0.0,0.0,30.0,9.299999999967667e-05,-0.0001376999999962,2.13,88.0,36.5,0
34633,SO-0801,Constable Vijay Raval,Constable,44,2026-07-20 12:38:01+00:00,84.0,83.0,,21.2706531,72.9462102,23.299999237060547,-0.802,0.026,-0.513,,0.0,0.0,0.0,,,,,0.0,0.0,60.0,-4.369999999909169e-05,3.5799999992036646e-05,0.37,83.0,36.5,0
34638,SO-0801,Constable Vijay Raval,Constable,44,2026-07-20 12:38:31+00:00,91.0,88.0,,21.2687426,72.9461478,27.399999618530273,-0.818,0.018,-0.536,,0.0,0.0,0.0,,,,,0.0,0.0,30.0,-0.001910500000001,-6.239999999024803e-05,25.46,88.0,36.5,1
34643,SO-0801,Constable Vijay Raval,Constable,44,2026-07-20 12:39:01+00:00,89.0,85.0,,21.2706309,72.9462129,23.299999237060547,-0.831,0.023,-0.51,,0.0,0.0,0.0,,,,,0.0,0.0,30.0,0.0018883000000009,6.510000000048421e-05,25.17,85.0,36.5,1
34647,SO-0801,Constable Vijay Raval,Constable,44,2026-07-20 12:39:31+00:00,97.0,88.0,,21.2706568,72.9462095,23.600000381469727,-0.868,0.052,-0.426,,0.0,0.0,0.0,,,,,0.0,0.0,30.0,2.590000000068926e-05,-3.400000011311022e-06,0.35,88.0,36.5,2
34652,SO-0801,Constable Vijay Raval,Constable,44,2026-07-20 12:40:01+00:00,97.0,88.0,,21.270644,72.9462119,23.700000762939453,-0.878,0.069,-0.432,,0.0,0.0,0.0,,,,,0.0,0.0,30.0,-1.2800000000368073e-05,2.3999999996249244e-06,0.17,88.0,36.5,2
34656,SO-0801,Constable Vijay Raval,Constable,44,2026-07-20 12:40:31+00:00,92.0,88.0,,21.2706638,72.9464151,27.399999618530273,-0.712,0.08,0.711,,0.0,0.0,0.0,,,,,0.0,0.0,30.0,1.980000000045834e-05,0.0002032000000014,2.57,88.0,36.5,2
34660,SO-0801,Constable Vijay Raval,Constable,44,2026-07-20 12:41:01+00:00,98.0,85.0,,21.2697909,72.9465069,27.399999618530273,-1.321,0.238,1.17,,0.0,0.0,0.0,,,,,0.0,0.0,30.0,-0.0008729000000009,9.180000000696964e-05,11.68,85.0,36.5,1
34665,SO-0801,Constable Vijay Raval,Constable,44,2026-07-20 12:41:31+00:00,98.0,86.0,,21.2681868,72.946666,23.899999618530273,-1.359,-0.928,0.794,,0.0,0.0,0.0,,,,,0.0,0.0,30.0,-0.0016041000000015,0.0001590999999905,21.46,86.0,36.5,1
34670,SO-0801,Constable Vijay Raval,Constable,44,2026-07-20 12:42:01+00:00,93.0,88.0,,21.2659926,72.946632,23.0,-0.419,0.262,0.923,,0.0,0.0,0.0,,,,,0.0,0.0,30.0,-0.0021941999999981,-3.399999999942338e-05,29.23,88.0,36.5,1
34675,SO-0801,Constable Vijay Raval,Constable,44,2026-07-20 12:42:31+00:00,98.0,89.0,,21.2647958,72.9469184,22.600000381469727,-0.812,0.061,0.653,,0.0,0.0,0.0,,,,,0.0,0.0,30.0,-0.0011967999999988,0.0002864000000073,16.34,89.0,36.5,1
34680,SO-0801,Constable Vijay Raval,Constable,44,2026-07-20 12:43:01+00:00,96.0,82.0,,21.2629211,72.9470267,22.600000381469727,-0.89,0.199,0.532,,0.0,0.0,0.0,,,,,0.0,0.0,30.0,-0.0018747000000018,0.0001082999999937,25.01,82.0,36.5,1
34685,SO-0801,Constable Vijay Raval,Constable,44,2026-07-20 12:43:31+00:00,98.0,88.0,,21.2622917,72.9473982,24.0,-0.913,-0.047,0.564,,0.0,0.0,0.0,,,,,0.0,0.0,30.0,-0.0006294000000011,0.0003714999999999,9.6,88.0,36.5,1
34689,SO-0801,Constable Vijay Raval,Constable,44,2026-07-20 12:44:00+00:00,95.0,88.0,,21.264167,72.9502153,24.0,-0.998,0.018,0.398,,0.0,0.0,0.0,,,,,0.0,0.0,29.0,0.0018753000000018,0.0028171000000014,44.86,88.0,36.5,1
34693,SO-0801,Constable Vijay Raval,Constable,44,2026-07-20 12:44:30+00:00,84.0,88.0,,21.2652164,72.9516949,24.0,-0.937,-0.061,0.538,,0.0,0.0,0.0,,,,,0.0,0.0,30.0,0.0010493999999994,0.0014796000000103,23.28,88.0,36.5,1
34697,SO-0801,Constable Vijay Raval,Constable,44,2026-07-20 12:45:01+00:00,94.0,88.0,,21.2673577,72.9546549,25.0,-1.041,-0.056,0.448,,0.0,0.0,0.0,,,,,0.0,0.0,31.0,0.0021413000000016,0.0029599999999874,45.4,88.0,36.5,1
34701,SO-0801,Constable Vijay Raval,Constable,44,2026-07-20 12:45:30+00:00,90.0,88.0,,21.2693062,72.9572399,27.0,-0.947,0.155,0.477,,0.0,0.0,0.0,,,,,0.0,0.0,29.0,0.0019484999999974,0.0025850000000104,43.05,88.0,36.5,1
34705,SO-0801,Constable Vijay Raval,Constable,44,2026-07-20 12:46:01+00:00,95.0,88.0,,21.2697639,72.9572204,28.799999237060547,-0.24,-0.029,0.937,,0.0,0.0,0.0,,,,,0.0,0.0,31.0,0.0004577000000018,-1.950000000761065e-05,5.9,88.0,36.5,1
34709,SO-0801,Constable Vijay Raval,Constable,44,2026-07-20 12:46:31+00:00,95.0,88.0,,21.2702484,72.9577591,28.700000762939453,-0.799,-0.034,0.536,,0.0,0.0,0.0,,,,,0.0,0.0,30.0,0.0004844999999988,0.0005387000000069,9.36,88.0,36.5,1
34713,SO-0801,Constable Vijay Raval,Constable,44,2026-07-20 12:47:00+00:00,98.0,88.0,,21.2707474,72.9593485,28.700000762939453,-0.894,0.03,0.413,,0.0,0.0,0.0,,,,,0.0,0.0,29.0,0.0004990000000013,0.0015894000000002,21.8,88.0,36.5,1
34717,SO-0801,Constable Vijay Raval,Constable,44,2026-07-20 12:47:30+00:00,92.0,88.0,,21.2723599,72.9615662,30.799999237060547,-0.676,0.134,0.709,,0.0,0.0,0.0,,,,,0.0,0.0,30.0,0.0016125000000002,0.0022176999999885,35.21,88.0,36.5,1
34721,SO-0801,Constable Vijay Raval,Constable,44,2026-07-20 12:48:01+00:00,94.0,88.0,,21.2731925,72.9627274,27.200000762939453,-0.935,0.11,1.191,,0.0,0.0,0.0,,,,,0.0,0.0,31.0,0.0008325999999989,0.0011612000000127,17.75,88.0,36.5,1
34725,SO-0801,Constable Vijay Raval,Constable,44,2026-07-20 12:48:30+00:00,98.0,81.0,,21.2750148,72.9651979,26.200000762939453,-1.722,0.051,0.773,,0.0,0.0,0.0,,,,,0.0,0.0,29.0,0.0018223000000006,0.0024705000000011,40.8,81.0,36.5,1
34729,SO-0801,Constable Vijay Raval,Constable,44,2026-07-20 12:49:01+00:00,89.0,88.0,,21.2764777,72.9674273,27.700000762939453,-0.334,-0.548,0.865,,0.0,0.0,0.0,,,,,0.0,0.0,31.0,0.0014628999999999,0.0022293999999902,33.05,88.0,36.5,1
34733,SO-0801,Constable Vijay Raval,Constable,44,2026-07-20 12:49:31+00:00,89.0,88.0,,21.2786674,72.9690091,27.399999618530273,-0.759,-0.147,0.626,,0.0,0.0,0.0,,,,,0.0,0.0,30.0,0.0021896999999988,0.0015817999999967,35.31,88.0,36.5,1
34737,SO-0801,Constable Vijay Raval,Constable,44,2026-07-20 12:50:01+00:00,97.0,87.0,,21.2819883,72.9717465,26.100000381469727,-0.498,0.903,0.335,,0.0,0.0,0.0,,,,,0.0,0.0,30.0,0.0033208999999985,0.0027374000000008,56.06,87.0,36.5,1
34741,SO-0801,Constable Vijay Raval,Constable,44,2026-07-20 12:50:30+00:00,99.0,90.0,,21.2833712,72.9733526,23.299999237060547,-0.869,0.064,0.584,,0.0,0.0,0.0,,,,,0.0,0.0,29.0,0.0013829000000029,0.0016061000000036,28.29,90.0,36.5,1
34745,SO-0801,Constable Vijay Raval,Constable,44,2026-07-20 12:51:00+00:00,92.0,88.0,,21.2844881,72.9743867,26.299999237060547,-0.881,0.0,0.571,,0.0,0.0,0.0,,,,,0.0,0.0,30.0,0.0011168999999995,0.0010340999999982,19.76,88.0,36.5,1
34749,SO-0801,Constable Vijay Raval,Constable,44,2026-07-20 12:51:31+00:00,95.0,84.0,,21.2847365,72.9742234,25.299999237060547,-0.813,0.225,0.437,,0.0,0.0,0.0,,,,,0.0,0.0,31.0,0.0002484000000002,-0.0001632999999969,3.77,84.0,36.5,2
34753,SO-0801,Constable Vijay Raval,Constable,44,2026-07-20 12:52:01+00:00,83.0,77.0,,21.2847401,72.9741884,25.299999237060547,-0.804,-0.061,-0.565,,0.0,0.0,0.0,,,,,0.0,0.0,30.0,3.5999999994373866e-06,-3.499999999689862e-05,0.44,77.0,36.5,0
34757,SO-0801,Constable Vijay Raval,Constable,44,2026-07-20 12:52:31+00:00,100.0,88.0,,21.2847674,72.9740215,26.100000381469727,-0.946,0.034,0.376,,0.0,0.0,0.0,,,,,0.0,0.0,30.0,2.729999999928623e-05,-0.0001668999999964,2.13,88.0,36.5,2
34761,SO-0801,Constable Vijay Raval,Constable,44,2026-07-20 12:53:01+00:00,84.0,88.0,,21.2839179,72.97429,28.100000381469727,-0.744,-0.742,0.399,,0.0,0.0,0.0,,,,,0.0,0.0,30.0,-0.000849500000001,0.00026849999999,11.81,88.0,36.5,1
34765,SO-0801,Constable Vijay Raval,Constable,44,2026-07-20 12:53:31+00:00,92.0,85.0,,21.2837985,72.9743368,26.700000762939453,-0.099,-0.295,0.914,,0.0,0.0,0.0,,,,,0.0,0.0,30.0,-0.0001193999999991,4.680000000689688e-05,1.7,85.0,36.5,2
34769,SO-0801,Constable Vijay Raval,Constable,44,2026-07-20 12:54:01+00:00,89.0,88.0,,21.2837647,72.9742901,26.700000762939453,-0.698,-0.505,-0.546,,0.0,0.0,0.0,,,,,0.0,0.0,30.0,-3.3800000000638875e-05,-4.669999999862284e-05,0.74,88.0,36.5,0
34773,SO-0801,Constable Vijay Raval,Constable,44,2026-07-20 12:54:31+00:00,87.0,76.0,,21.2838501,72.9743124,26.899999618530273,-0.295,0.864,0.552,,0.0,0.0,0.0,,,,,0.0,0.0,30.0,8.539999999968018e-05,2.229999999769916e-05,1.17,76.0,36.5,0
34777,SO-0801,Constable Vijay Raval,Constable,44,2026-07-20 12:55:01+00:00,98.0,88.0,,21.2837512,72.9742617,26.899999618530273,-0.717,-0.214,0.687,,0.0,0.0,0.0,,,,,0.0,0.0,30.0,-9.889999999757038e-05,-5.070000000273467e-05,1.46,88.0,36.5,2
34781,SO-0801,Constable Vijay Raval,Constable,44,2026-07-20 12:55:30+00:00,97.0,86.0,,21.2833974,72.9736947,26.899999618530273,-0.943,-0.183,0.133,,0.0,0.0,0.0,,,,,0.0,0.0,29.0,-0.0003538000000027,-0.0005670000000037,8.85,86.0,36.5,1
34785,SO-0801,Constable Vijay Raval,Constable,44,2026-07-20 12:56:00+00:00,100.0,88.0,,21.2823422,72.9721407,26.299999237060547,-0.906,0.172,0.532,,0.0,0.0,0.0,,,,,0.0,0.0,30.0,-0.0010551999999997,-0.0015539999999987,24.08,88.0,36.5,1
34789,SO-0801,Constable Vijay Raval,Constable,44,2026-07-20 12:56:30+00:00,100.0,88.0,,21.2794092,72.9697549,23.299999237060547,-0.474,-0.615,0.441,,0.0,0.0,0.0,,,,,0.0,0.0,30.0,-0.0029329999999987,-0.0023857999999989,49.27,88.0,36.5,1
34793,SO-0801,Constable Vijay Raval,Constable,44,2026-07-20 12:57:00+00:00,97.0,88.0,,21.2770469,72.9678959,26.0,-0.821,0.187,0.603,,0.0,0.0,0.0,,,,,0.0,0.0,30.0,-0.0023623000000014,-0.001858999999996,39.21,88.0,36.5,1
34797,SO-0801,Constable Vijay Raval,Constable,44,2026-07-20 12:57:31+00:00,99.0,88.0,,21.275015,72.9653541,27.600000381469727,-1.077,-0.026,-0.571,,0.0,0.0,0.0,,,,,0.0,0.0,31.0,-0.0020318999999986,-0.002541800000003,40.55,88.0,36.5,1
34801,SO-0801,Constable Vijay Raval,Constable,44,2026-07-20 12:58:01+00:00,97.0,88.0,,21.2737025,72.9634449,26.200000762939453,-0.788,0.554,0.534,,0.0,0.0,0.0,,,,,0.0,0.0,30.0,-0.0013125000000009,-0.0019092,29.71,88.0,36.5,1
34805,SO-0801,Constable Vijay Raval,Constable,44,2026-07-20 12:58:31+00:00,96.0,88.0,,21.27205,72.961461,26.799999237060547,-0.978,0.014,0.268,,0.0,0.0,0.0,,,,,0.0,0.0,30.0,-0.0016524999999987,-0.001983899999999,33.28,88.0,36.5,1
34809,SO-0801,Constable Vijay Raval,Constable,44,2026-07-20 12:59:00+00:00,96.0,87.0,,21.2702919,72.958885,26.799999237060547,-1.003,0.02,0.062,,0.0,0.0,0.0,,,,,0.0,0.0,29.0,-0.0017580999999999,-0.0025760000000047,41.37,87.0,36.5,1
34813,SO-0801,Constable Vijay Raval,Constable,44,2026-07-20 12:59:31+00:00,92.0,88.0,,21.2693525,72.95814,28.700000762939453,-0.748,-0.652,0.559,,0.0,0.0,0.0,,,,,0.0,0.0,31.0,-0.0009394,-0.0007449999999948,15.13,88.0,36.5,1
34817,SO-0801,Constable Vijay Raval,Constable,44,2026-07-20 13:00:00+00:00,96.0,88.0,,21.2672606,72.9589522,28.700000762939453,-0.93,0.037,0.434,,0.0,0.0,0.0,,,,,0.0,0.0,29.0,-0.0020918999999999,0.0008121999999985,30.7,88.0,36.5,1
34821,SO-0801,Constable Vijay Raval,Constable,44,2026-07-20 13:00:30+00:00,97.0,87.0,,21.264496,72.9601906,26.5,-0.987,-0.045,0.059,,0.0,0.0,0.0,,,,,0.0,0.0,30.0,-0.002764599999999,0.0012384000000054,39.99,87.0,36.5,1
34825,SO-0801,Constable Vijay Raval,Constable,44,2026-07-20 13:01:01+00:00,98.0,88.0,,21.2597255,72.9622948,27.0,-0.917,0.088,-0.223,,0.0,0.0,0.0,,,,,0.0,0.0,31.0,-0.0047705000000028,0.0021041999999908,66.62,88.0,36.5,1
34829,SO-0801,Constable Vijay Raval,Constable,44,2026-07-20 13:01:30+00:00,97.0,88.0,,21.2537892,72.9649611,27.5,-0.789,0.157,0.522,,0.0,0.0,0.0,,,,,0.0,0.0,29.0,-0.0059362999999983,0.0026663000000013,88.86,88.0,36.5,1
34833,SO-0801,Constable Vijay Raval,Constable,44,2026-07-20 13:02:00+00:00,96.0,88.0,,21.2487667,72.967234,28.600000381469727,-0.882,0.106,0.477,,0.0,0.0,0.0,,,,,0.0,0.0,30.0,-0.005022499999999,0.0022729000000083,72.76,88.0,36.5,1
34837,SO-0801,Constable Vijay Raval,Constable,44,2026-07-20 13:02:30+00:00,93.0,88.0,,21.2437988,72.9686355,29.5,-0.515,-0.019,0.594,,0.0,0.0,0.0,,,,,0.0,0.0,30.0,-0.0049679000000004,0.0014015,68.48,88.0,36.5,1
34841,SO-0801,Constable Vijay Raval,Constable,44,2026-07-20 13:03:01+00:00,92.0,87.0,,21.2391078,72.9686593,31.399999618530273,-0.221,-0.687,0.583,,0.0,0.0,0.0,,,,,0.0,0.0,31.0,-0.0046910000000011,2.3799999993912024e-05,60.47,87.0,36.5,1
34845,SO-0801,Constable Vijay Raval,Constable,44,2026-07-20 13:03:30+00:00,87.0,88.0,,21.2332702,72.9686531,32.70000076293945,-0.573,-0.668,0.984,,0.0,0.0,0.0,,,,,0.0,0.0,29.0,-0.0058375999999995,-6.2000000013995304e-06,80.44,88.0,36.5,1
34849,SO-0801,Constable Vijay Raval,Constable,44,2026-07-20 13:04:01+00:00,98.0,88.0,,21.2281243,72.9685946,28.600000381469727,-1.207,-0.009,0.51,,0.0,0.0,0.0,,,,,0.0,0.0,31.0,-0.0051458999999987,-5.8499999994410246e-05,66.34,88.0,36.5,1
34853,SO-0801,Constable Vijay Raval,Constable,44,2026-07-20 13:04:30+00:00,99.0,88.0,,21.2238059,72.9685952,29.299999237060547,-0.817,0.11,0.256,,0.0,0.0,0.0,,,,,0.0,0.0,29.0,-0.0043184000000024,5.999999928008037e-07,59.5,88.0,36.5,1
34857,SO-0801,Constable Vijay Raval,Constable,44,2026-07-20 13:05:00+00:00,89.0,88.0,,21.2195897,72.9684907,29.299999237060547,-0.631,-0.687,0.434,,0.0,0.0,0.0,,,,,0.0,0.0,30.0,-0.0042161999999983,-0.0001044999999919,56.18,88.0,36.5,1
34861,SO-0801,Constable Vijay Raval,Constable,44,2026-07-20 13:05:30+00:00,91.0,88.0,,21.2178145,72.9685949,25.399999618530273,-0.752,0.261,0.613,,0.0,0.0,0.0,,,,,0.0,0.0,30.0,-0.0017752000000008,0.0001041999999955,23.68,88.0,36.5,1
34865,SO-0801,Constable Vijay Raval,Constable,44,2026-07-20 13:06:00+00:00,100.0,88.0,,21.2170119,72.9685492,27.0,-0.865,-0.018,0.585,,0.0,0.0,0.0,,,,,0.0,0.0,30.0,-0.0008026,-4.57000000011476e-05,10.71,88.0,36.5,1
34869,SO-0801,Constable Vijay Raval,Constable,44,2026-07-20 13:06:31+00:00,88.0,88.0,,21.2129794,72.9682729,27.0,-0.451,-0.511,0.569,,0.0,0.0,0.0,,,,,0.0,0.0,31.0,-0.0040325000000009,-0.0002762999999958,52.09,88.0,36.5,1
34873,SO-0801,Constable Vijay Raval,Constable,44,2026-07-20 13:07:00+00:00,96.0,88.0,,21.2074278,72.9673948,27.0,0.307,-1.053,0.383,,0.0,0.0,0.0,,,,,0.0,0.0,29.0,-0.0055515999999968,-0.0008781000000084,77.35,88.0,36.5,1
34877,SO-0801,Constable Vijay Raval,Constable,44,2026-07-20 13:07:30+00:00,93.0,81.0,,21.200914,72.9664502,29.799999237060547,-0.596,-0.913,0.458,,0.0,0.0,0.0,,,,,0.0,0.0,30.0,-0.0065138000000004,-0.0009445999999968,87.57,81.0,36.5,1
34881,SO-0801,Constable Vijay Raval,Constable,44,2026-07-20 13:08:00+00:00,97.0,87.0,,21.1954167,72.9657584,27.899999618530273,-0.86,-0.048,0.428,,0.0,0.0,0.0,,,,,0.0,0.0,30.0,-0.0054973000000018,-0.0006917999999984,73.74,87.0,36.5,1
34885,SO-0801,Constable Vijay Raval,Constable,44,2026-07-20 13:08:30+00:00,94.0,88.0,,21.1939246,72.9658033,26.700000762939453,-1.012,-0.06,0.133,,0.0,0.0,0.0,,,,,0.0,0.0,30.0,-0.0014921000000001,4.490000000600958e-05,19.88,88.0,36.5,1
34889,SO-0801,Constable Vijay Raval,Constable,44,2026-07-20 13:09:01+00:00,97.0,88.0,,21.1913638,72.9664695,26.700000762939453,-1.178,-0.272,-0.104,,0.0,0.0,0.0,,,,,0.0,0.0,31.0,-0.0025607999999976,0.0006661999999977,33.99,88.0,36.5,1
34893,SO-0801,Constable Vijay Raval,Constable,44,2026-07-20 13:09:30+00:00,98.0,87.0,,21.1902714,72.9668353,26.700000762939453,-1.031,-0.167,0.474,,0.0,0.0,0.0,,,,,0.0,0.0,29.0,-0.0010924000000009,0.0003657999999973,15.79,87.0,36.5,1
34897,SO-0801,Constable Vijay Raval,Constable,44,2026-07-20 13:10:00+00:00,96.0,88.0,,21.1892701,72.9675306,26.600000381469727,-0.78,0.101,0.659,,0.0,0.0,0.0,,,,,0.0,0.0,30.0,-0.0010012999999986,0.0006953000000038,15.95,88.0,36.5,1
34901,SO-0801,Constable Vijay Raval,Constable,44,2026-07-20 13:10:30+00:00,96.0,87.0,,21.188218,72.9681317,26.700000762939453,-0.934,-0.328,-0.128,,0.0,0.0,0.0,,,,,0.0,0.0,30.0,-0.0010521000000025,0.0006010999999972,15.92,87.0,36.5,1
34905,SO-0801,Constable Vijay Raval,Constable,44,2026-07-20 13:11:00+00:00,89.0,87.0,,21.1883042,72.9682377,25.700000762939453,-0.654,-0.607,0.487,,0.0,0.0,0.0,,,,,0.0,0.0,30.0,8.620000000192363e-05,0.0001060000000023,1.76,87.0,36.5,0
34909,SO-0801,Constable Vijay Raval,Constable,44,2026-07-20 13:11:30+00:00,95.0,82.0,,21.188307,72.9682471,25.700000762939453,-1.106,-0.437,-0.052,,0.0,0.0,0.0,,,,,0.0,0.0,30.0,2.799999997193936e-06,9.399999996162478e-06,0.12,82.0,36.5,2
34913,SO-0801,Constable Vijay Raval,Constable,44,2026-07-20 13:12:01+00:00,89.0,68.0,,21.1882262,72.9684098,25.700000762939453,-0.475,0.532,0.074,,0.0,0.0,0.0,,,,,0.0,0.0,31.0,-8.079999999921483e-05,0.0001627000000041,2.24,68.0,36.5,0
34917,SO-0801,Constable Vijay Raval,Constable,44,2026-07-20 13:12:31+00:00,91.0,78.0,,21.1882265,72.9683652,25.700000762939453,-1.214,0.018,-0.964,,0.0,0.0,0.0,,,,,0.0,0.0,30.0,2.999999999531156e-07,-4.4600000009609175e-05,0.56,78.0,36.5,2
34921,SO-0801,Constable Vijay Raval,Constable,44,2026-07-20 13:13:01+00:00,96.0,84.0,,21.1882266,72.9683659,25.700000762939453,-0.443,0.866,0.308,,0.0,0.0,0.0,,,,,0.0,0.0,30.0,1.0000000116860974e-07,7.000000010748408e-07,0.01,84.0,36.5,2
34926,SO-0801,Constable Vijay Raval,Constable,44,2026-07-20 13:13:31+00:00,89.0,65.0,,21.1882282,72.9683583,26.0,-0.223,-0.817,0.538,,0.0,0.0,0.0,,,,,0.0,0.0,30.0,1.6000000009341877e-06,-7.599999989338357e-06,0.1,65.0,36.5,0
34929,SO-0801,Constable Vijay Raval,Constable,44,2026-07-20 13:14:01+00:00,94.0,66.0,,21.1882265,72.9683657,25.700000762939453,-0.834,0.474,0.664,,0.0,0.0,0.0,,,,,0.0,0.0,30.0,-1.7000000021027972e-06,7.400000001211993e-06,0.1,66.0,36.5,2
34933,SO-0801,Constable Vijay Raval,Constable,44,2026-07-20 13:14:31+00:00,81.0,85.0,,21.1882153,72.968408,26.0,-0.968,-0.141,-0.099,,0.0,0.0,0.0,,,,,0.0,0.0,30.0,-1.1199999999433883e-05,4.229999998983658e-05,0.55,85.0,36.5,0
34937,SO-0801,Constable Vijay Raval,Constable,44,2026-07-20 13:15:01+00:00,98.0,88.0,,21.1882156,72.9684081,25.700000762939453,-0.855,-0.094,0.557,,0.0,0.0,0.0,,,,,0.0,0.0,30.0,2.999999999531156e-07,1.000000082740371e-07,0.0,88.0,36.5,2
34941,SO-0801,Constable Vijay Raval,Constable,44,2026-07-20 13:15:31+00:00,98.0,83.0,,21.1882161,72.9684016,25.700000762939453,-0.319,-0.934,0.049,,0.0,0.0,0.0,,,,,0.0,0.0,30.0,5.00000002290335e-07,-6.499999997799932e-06,0.08,83.0,36.5,2
34946,SO-0801,Constable Vijay Raval,Constable,44,2026-07-20 13:16:01+00:00,98.0,87.0,,21.1882152,72.9684082,26.0,-0.347,0.378,0.558,,0.0,0.0,0.0,,,,,0.0,0.0,30.0,-9.000000034120603e-07,6.599999991863115e-06,0.08,87.0,36.5,2
34949,SO-0801,Constable Vijay Raval,Constable,44,2026-07-20 13:16:31+00:00,98.0,83.0,,21.1882287,72.9683576,26.0,-0.713,0.213,0.702,,0.0,0.0,0.0,,,,,0.0,0.0,30.0,1.3500000001442912e-05,-5.059999999446063e-05,0.66,83.0,36.5,2
34955,SO-0801,Constable Vijay Raval,Constable,44,2026-07-20 13:17:01+00:00,98.0,88.0,,21.1882262,72.968364,25.700000762939453,-0.91,0.225,-0.342,,0.0,0.0,0.0,,,,,0.0,0.0,30.0,-2.500000000793534e-06,6.399999989525895e-06,0.09,88.0,36.5,2
34958,SO-0801,Constable Vijay Raval,Constable,44,2026-07-20 13:17:31+00:00,91.0,86.0,,21.1882267,72.9683583,26.0,-0.904,0.22,-0.326,,0.0,0.0,0.0,,,,,0.0,0.0,30.0,5.00000002290335e-07,-5.699999988451054e-06,0.07,86.0,36.5,2
34961,SO-0801,Constable Vijay Raval,Constable,44,2026-07-20 13:18:01+00:00,98.0,88.0,,21.1882264,72.9683644,25.700000762939453,-0.918,0.224,-0.299,,0.0,0.0,0.0,,,,,0.0,0.0,30.0,-2.999999999531156e-07,6.099999993125493e-06,0.08,88.0,36.5,2
34966,SO-0801,Constable Vijay Raval,Constable,44,2026-07-20 13:18:31+00:00,94.0,88.0,,21.1882261,72.9683639,25.700000762939453,-0.869,0.276,-0.372,,0.0,0.0,0.0,,,,,0.0,0.0,30.0,-2.999999999531156e-07,-4.999999987376214e-07,0.01,88.0,36.5,2
34969,SO-0801,Constable Vijay Raval,Constable,44,2026-07-20 13:19:01+00:00,89.0,88.0,,21.1882265,72.9683657,25.700000762939453,-0.842,-0.228,0.479,,0.0,0.0,0.0,,,,,0.0,0.0,30.0,3.999999975690116e-07,1.8000000068241206e-06,0.02,88.0,36.5,0
34972,SO-0801,Constable Vijay Raval,Constable,44,2026-07-20 13:19:31+00:00,94.0,84.0,,21.1882268,72.9683655,25.700000762939453,-1.966,-0.327,0.444,,0.0,0.0,0.0,,,,,0.0,0.0,30.0,2.999999999531156e-07,-2.0000000233721948e-07,0.0,84.0,36.5,1
34975,SO-0801,Constable Vijay Raval,Constable,44,2026-07-20 13:20:01+00:00,85.0,88.0,,21.1882255,72.9683554,26.0,-0.816,0.121,-0.542,,0.0,0.0,0.0,,,,,0.0,0.0,30.0,-1.2999999974283585e-06,-1.0100000011448174e-05,0.13,88.0,36.5,1
34978,SO-0801,Constable Vijay Raval,Constable,44,2026-07-20 13:20:31+00:00,96.0,84.0,,21.1882265,72.9683648,25.700000762939453,-0.905,-0.116,0.476,,0.0,0.0,0.0,,,,,0.0,0.0,30.0,9.999999974752427e-07,9.400000010373333e-06,0.12,84.0,36.5,1
34982,SO-0801,Constable Vijay Raval,Constable,44,2026-07-20 13:21:01+00:00,100.0,86.0,,21.1882254,72.9683635,25.700000762939453,-0.628,0.776,-0.024,,0.0,0.0,0.0,,,,,0.0,0.0,30.0,-1.0999999986438525e-06,-1.3000000080864993e-06,0.02,86.0,36.5,1
34986,SO-0801,Constable Vijay Raval,Constable,44,2026-07-20 13:21:31+00:00,100.0,74.0,,21.1882287,72.9683576,26.0,-0.299,0.761,0.127,,0.0,0.0,0.0,,,,,0.0,0.0,30.0,3.299999999484271e-06,-5.899999990788274e-06,0.09,74.0,36.5,1
35005,SO-0801,Constable Vijay Raval,Constable,44,2026-07-20 13:24:31+00:00,91.0,66.0,,21.1882265,72.9683646,25.700000762939453,-0.546,0.934,0.027,,0.0,0.0,0.0,,,,,0.0,0.0,180.0,-2.2000000008404186e-06,6.999999996537554e-06,0.02,66.0,36.5,2
35009,SO-0801,Constable Vijay Raval,Constable,44,2026-07-20 13:25:01+00:00,88.0,88.0,,21.1882254,72.9683739,25.700000762939453,-0.759,0.405,-0.537,,0.0,0.0,0.0,,,,,0.0,0.0,30.0,-1.0999999986438525e-06,9.300000002099296e-06,0.12,88.0,36.5,0
35013,SO-0801,Constable Vijay Raval,Constable,44,2026-07-20 13:25:31+00:00,94.0,78.0,,21.1882257,72.9683576,26.0,-0.608,-0.13,-0.74,,0.0,0.0,0.0,,,,,0.0,0.0,30.0,2.999999999531156e-07,-1.629999999863685e-05,0.21,78.0,36.5,2
35017,SO-0801,Constable Vijay Raval,Constable,44,2026-07-20 13:26:01+00:00,100.0,78.0,,21.1882257,72.9683576,26.0,-0.858,-0.334,-0.189,,0.0,0.0,0.0,,,,,0.0,0.0,30.0,0.0,0.0,0.0,78.0,36.5,2
36822,SO-0801,Constable Vijay Raval,Constable,44,2026-07-20 19:31:02+00:00,90.0,,,21.1882278,72.9683584,26.0,0.105,0.729,-0.69,,0.0,0.0,0.0,,,,,0.0,0.0,21901.0,2.099999999671809e-06,7.999999951380232e-07,0.0,78.0,36.5,0
36823,SO-0801,Constable Vijay Raval,Constable,44,2026-07-20 19:31:32+00:00,94.0,76.0,,21.1882207,72.9684023,25.700000762939453,-0.7,-0.032,-0.671,,0.0,0.0,0.0,,,,,0.0,0.0,30.0,-7.100000001258877e-06,4.389999999432348e-05,0.56,76.0,36.5,2
36826,SO-0801,Constable Vijay Raval,Constable,44,2026-07-20 19:32:02+00:00,82.0,74.0,,21.1882452,72.9683508,25.799999237060547,-0.718,0.187,-0.637,,0.0,0.0,0.0,,,,,0.0,0.0,30.0,2.4500000002092293e-05,-5.149999999787269e-05,0.73,74.0,36.5,0
36827,SO-0801,Constable Vijay Raval,Constable,44,2026-07-20 19:32:32+00:00,91.0,72.0,,21.1882227,72.9684007,25.700000762939453,-0.556,-0.142,-0.994,,0.0,0.0,0.0,,,,,0.0,0.0,30.0,-2.250000000003638e-05,4.9900000007596645e-05,0.7,72.0,36.5,2
36828,SO-0801,Constable Vijay Raval,Constable,44,2026-07-20 19:33:02+00:00,90.0,85.0,,21.1882447,72.9683293,25.700000762939453,-0.68,0.086,-0.682,,0.0,0.0,0.0,,,,,0.0,0.0,30.0,2.1999999997746045e-05,-7.140000001015778e-05,0.95,85.0,36.5,0
36832,SO-0801,Constable Vijay Raval,Constable,44,2026-07-20 19:33:32+00:00,82.0,84.0,,21.1882313,72.9683834,25.799999237060547,-0.694,0.085,-0.676,,0.0,0.0,0.0,,,,,0.0,0.0,30.0,-1.339999999672159e-05,5.409999999983483e-05,0.7,84.0,36.5,0
36834,SO-0801,Constable Vijay Raval,Constable,44,2026-07-20 19:34:02+00:00,88.0,86.0,,21.1874994,72.9676832,25.799999237060547,-0.441,0.923,0.005,,0.0,0.0,0.0,,,,,0.0,0.0,30.0,-0.0007319000000016,-0.0007001999999971,13.14,86.0,36.5,1
36836,SO-0801,Constable Vijay Raval,Constable,44,2026-07-20 19:34:32+00:00,95.0,85.0,,21.1882502,72.9683276,25.799999237060547,-0.582,0.88,0.073,,0.0,0.0,0.0,,,,,0.0,0.0,30.0,0.0007507999999987,0.0006443999999987,12.87,85.0,36.5,1
36838,SO-0801,Constable Vijay Raval,Constable,44,2026-07-20 19:35:04+00:00,98.0,86.0,,21.1874994,72.9676832,25.799999237060547,-0.998,-0.038,0.108,,0.0,0.0,0.0,,,,,0.0,0.0,32.0,-0.0007507999999987,-0.0006443999999987,12.07,86.0,36.5,1
36840,SO-0801,Constable Vijay Raval,Constable,44,2026-07-20 19:35:34+00:00,97.0,86.0,,21.1882024,72.9683313,25.700000762939453,-0.91,-0.188,0.396,,0.0,0.0,0.0,,,,,0.0,0.0,30.0,0.0007030000000014,0.0006481000000064,12.42,86.0,36.5,1
36842,SO-0801,Constable Vijay Raval,Constable,44,2026-07-20 19:36:02+00:00,86.0,83.0,,21.1882386,72.9683396,25.799999237060547,-0.732,0.118,0.563,,0.0,0.0,0.0,,,,,0.0,0.0,28.0,3.6199999996711085e-05,8.299999990413198e-06,0.53,83.0,36.5,0
36844,SO-0801,Constable Vijay Raval,Constable,44,2026-07-20 19:36:32+00:00,85.0,69.0,,21.1882419,72.9683361,25.799999237060547,-0.846,0.32,0.902,,0.0,0.0,0.0,,,,,0.0,0.0,30.0,3.3000000030369847e-06,-3.4999999911633495e-06,0.06,69.0,36.5,0
36846,SO-0801,Constable Vijay Raval,Constable,44,2026-07-20 19:37:02+00:00,100.0,81.0,,21.1882338,72.9683505,25.799999237060547,-0.93,0.184,-0.27,,0.0,0.0,0.0,,,,,0.0,0.0,30.0,-8.100000002286833e-06,1.4399999997749546e-05,0.21,81.0,36.5,2
36848,SO-0801,Constable Vijay Raval,Constable,44,2026-07-20 19:37:32+00:00,99.0,83.0,,21.1882348,72.9683495,25.799999237060547,-0.737,0.135,0.717,,0.0,0.0,0.0,,,,,0.0,0.0,30.0,1.0000000010279564e-06,-9.999999974752427e-07,0.02,83.0,36.5,2
