log_id,badge_id,officer_name,rank,user_id,timestamp,spo2,pulse,temperature,latitude,longitude,altitude,accel_x,accel_y,accel_z,barometer,gyro_x,gyro_y,gyro_z,mag_x,mag_y,mag_z,bat_v,ir,red,time_delta,lat_delta,lon_delta,approx_speed_kmh,heart_rate,skin_temperature,target
24221,SO-0602,Constable Dinesh Chaudhary,Constable,39,2026-07-17 18:30:31+00:00,95.0,88.0,,0.0,0.0,0.0,0.212,-0.713,0.684,,0.0,0.0,0.0,,,,,0.0,0.0,0.0,0.0,0.0,0.0,88.0,36.5,2
24225,SO-0602,Constable Dinesh Chaudhary,Constable,39,2026-07-17 18:31:01+00:00,92.0,87.0,,0.0,0.0,0.0,0.761,-0.187,-0.681,,0.0,0.0,0.0,,,,,0.0,0.0,30.0,0.0,0.0,0.0,87.0,36.5,2
24229,SO-0602,Constable Dinesh Chaudhary,Constable,39,2026-07-17 18:31:31+00:00,90.0,58.0,,0.0,0.0,0.0,0.083,-1.011,0.041,,0.0,0.0,0.0,,,,,0.0,0.0,30.0,0.0,0.0,0.0,58.0,36.5,0
24233,SO-0602,Constable Dinesh Chaudhary,Constable,39,2026-07-17 18:32:01+00:00,88.0,88.0,,0.0,0.0,0.0,0.97,-0.076,0.496,,0.0,0.0,0.0,,,,,0.0,0.0,30.0,0.0,0.0,0.0,88.0,36.5,0
24237,SO-0602,Constable Dinesh Chaudhary,Constable,39,2026-07-17 18:32:31+00:00,87.0,88.0,,0.0,0.0,0.0,-0.738,-0.31,0.559,,0.0,0.0,0.0,,,,,0.0,0.0,30.0,0.0,0.0,0.0,88.0,36.5,0
24241,SO-0602,Constable Dinesh Chaudhary,Constable,39,2026-07-17 18:33:01+00:00,94.0,74.0,,0.0,0.0,0.0,0.401,-0.654,0.605,,0.0,0.0,0.0,,,,,0.0,0.0,30.0,0.0,0.0,0.0,74.0,36.5,2
24245,SO-0602,Constable Dinesh Chaudhary,Constable,39,2026-07-17 18:33:31+00:00,80.0,85.0,,0.0,0.0,0.0,0.438,-0.641,0.571,,0.0,0.0,0.0,,,,,0.0,0.0,30.0,0.0,0.0,0.0,85.0,36.5,0
24249,SO-0602,Constable Dinesh Chaudhary,Constable,39,2026-07-17 18:34:01+00:00,83.0,88.0,,0.0,0.0,0.0,0.513,-0.651,0.543,,0.0,0.0,0.0,,,,,0.0,0.0,30.0,0.0,0.0,0.0,88.0,36.5,0
24253,SO-0602,Constable Dinesh Chaudhary,Constable,39,2026-07-17 18:34:31+00:00,85.0,88.0,,0.0,0.0,0.0,0.477,-0.646,0.549,,0.0,0.0,0.0,,,,,0.0,0.0,30.0,0.0,0.0,0.0,88.0,36.5,0
24257,SO-0602,Constable Dinesh Chaudhary,Constable,39,2026-07-17 18:35:01+00:00,89.0,88.0,,0.0,0.0,0.0,0.798,-0.37,0.434,,0.0,0.0,0.0,,,,,0.0,0.0,30.0,0.0,0.0,0.0,88.0,36.5,0
24262,SO-0602,Constable Dinesh Chaudhary,Constable,39,2026-07-17 18:35:31+00:00,85.0,87.0,,0.0,0.0,0.0,0.583,-0.572,0.541,,0.0,0.0,0.0,,,,,0.0,0.0,30.0,0.0,0.0,0.0,87.0,36.5,0
24267,SO-0602,Constable Dinesh Chaudhary,Constable,39,2026-07-17 18:36:01+00:00,94.0,88.0,,0.0,0.0,0.0,0.542,-0.609,0.561,,0.0,0.0,0.0,,,,,0.0,0.0,30.0,0.0,0.0,0.0,88.0,36.5,2
24271,SO-0602,Constable Dinesh Chaudhary,Constable,39,2026-07-17 18:36:31+00:00,99.0,87.0,,0.0,0.0,0.0,-0.12,0.98,0.136,,0.0,0.0,0.0,,,,,0.0,0.0,30.0,0.0,0.0,0.0,87.0,36.5,2
24276,SO-0602,Constable Dinesh Chaudhary,Constable,39,2026-07-17 18:37:01+00:00,91.0,88.0,,0.0,0.0,0.0,0.193,-0.588,0.745,,0.0,0.0,0.0,,,,,0.0,0.0,30.0,0.0,0.0,0.0,88.0,36.5,2
24282,SO-0602,Constable Dinesh Chaudhary,Constable,39,2026-07-17 18:37:31+00:00,91.0,83.0,,0.0,0.0,0.0,-0.228,-0.76,0.497,,0.0,0.0,0.0,,,,,0.0,0.0,30.0,0.0,0.0,0.0,83.0,36.5,2
24287,SO-0602,Constable Dinesh Chaudhary,Constable,39,2026-07-17 18:38:01+00:00,81.0,87.0,,0.0,0.0,0.0,0.632,-0.658,0.541,,0.0,0.0,0.0,,,,,0.0,0.0,30.0,0.0,0.0,0.0,87.0,36.5,0
24294,SO-0602,Constable Dinesh Chaudhary,Constable,39,2026-07-17 18:38:31+00:00,94.0,88.0,,0.0,0.0,0.0,0.997,-0.341,-0.021,,0.0,0.0,0.0,,,,,0.0,0.0,30.0,0.0,0.0,0.0,88.0,36.5,2
24300,SO-0602,Constable Dinesh Chaudhary,Constable,39,2026-07-17 18:39:01+00:00,93.0,81.0,,0.0,0.0,0.0,0.514,-0.75,0.383,,0.0,0.0,0.0,,,,,0.0,0.0,30.0,0.0,0.0,0.0,81.0,36.5,2
24306,SO-0602,Constable Dinesh Chaudhary,Constable,39,2026-07-17 18:39:31+00:00,99.0,88.0,,0.0,0.0,0.0,0.193,-1.079,0.471,,0.0,0.0,0.0,,,,,0.0,0.0,30.0,0.0,0.0,0.0,88.0,36.5,2
24312,SO-0602,Constable Dinesh Chaudhary,Constable,39,2026-07-17 18:40:01+00:00,86.0,85.0,,0.0,0.0,0.0,0.914,0.019,0.345,,0.0,0.0,0.0,,,,,0.0,0.0,30.0,0.0,0.0,0.0,85.0,36.5,0
24317,SO-0602,Constable Dinesh Chaudhary,Constable,39,2026-07-17 18:40:31+00:00,87.0,62.0,,0.0,0.0,0.0,0.195,-1.043,0.138,,0.0,0.0,0.0,,,,,0.0,0.0,30.0,0.0,0.0,0.0,62.0,36.5,0
24324,SO-0602,Constable Dinesh Chaudhary,Constable,39,2026-07-17 18:41:01+00:00,89.0,85.0,,0.0,0.0,0.0,0.962,0.056,0.036,,0.0,0.0,0.0,,,,,0.0,0.0,30.0,0.0,0.0,0.0,85.0,36.5,0
24330,SO-0602,Constable Dinesh Chaudhary,Constable,39,2026-07-17 18:41:31+00:00,85.0,79.0,,0.0,0.0,0.0,0.994,0.036,0.428,,0.0,0.0,0.0,,,,,0.0,0.0,30.0,0.0,0.0,0.0,79.0,36.5,0
24335,SO-0602,Constable Dinesh Chaudhary,Constable,39,2026-07-17 18:42:01+00:00,92.0,85.0,,0.0,0.0,0.0,0.556,0.766,-0.07,,0.0,0.0,0.0,,,,,0.0,0.0,30.0,0.0,0.0,0.0,85.0,36.5,2
24341,SO-0602,Constable Dinesh Chaudhary,Constable,39,2026-07-17 18:42:31+00:00,86.0,86.0,,0.0,0.0,0.0,0.937,-0.13,0.238,,0.0,0.0,0.0,,,,,0.0,0.0,30.0,0.0,0.0,0.0,86.0,36.5,0
24347,SO-0602,Constable Dinesh Chaudhary,Constable,39,2026-07-17 18:43:01+00:00,85.0,88.0,,0.0,0.0,0.0,0.139,0.366,0.9,,0.0,0.0,0.0,,,,,0.0,0.0,30.0,0.0,0.0,0.0,88.0,36.5,0
24353,SO-0602,Constable Dinesh Chaudhary,Constable,39,2026-07-17 18:43:31+00:00,92.0,87.0,,0.0,0.0,0.0,0.718,0.252,-0.712,,0.0,0.0,0.0,,,,,0.0,0.0,30.0,0.0,0.0,0.0,87.0,36.5,2
24358,SO-0602,Constable Dinesh Chaudhary,Constable,39,2026-07-17 18:44:01+00:00,91.0,84.0,,0.0,0.0,0.0,0.861,-0.264,0.542,,0.0,0.0,0.0,,,,,0.0,0.0,30.0,0.0,0.0,0.0,84.0,36.5,2
24365,SO-0602,Constable Dinesh Chaudhary,Constable,39,2026-07-17 18:44:31+00:00,91.0,80.0,,0.0,0.0,0.0,0.825,0.141,-0.612,,0.0,0.0,0.0,,,,,0.0,0.0,30.0,0.0,0.0,0.0,80.0,36.5,2
24370,SO-0602,Constable Dinesh Chaudhary,Constable,39,2026-07-17 18:45:01+00:00,84.0,56.0,,0.0,0.0,0.0,0.902,0.269,-0.353,,0.0,0.0,0.0,,,,,0.0,0.0,30.0,0.0,0.0,0.0,56.0,36.5,0
24376,SO-0602,Constable Dinesh Chaudhary,Constable,39,2026-07-17 18:45:31+00:00,82.0,81.0,,0.0,0.0,0.0,1.514,-0.119,0.463,,0.0,0.0,0.0,,,,,0.0,0.0,30.0,0.0,0.0,0.0,81.0,36.5,0
24383,SO-0602,Constable Dinesh Chaudhary,Constable,39,2026-07-17 18:46:01+00:00,82.0,87.0,,0.0,0.0,0.0,0.442,0.652,0.252,,0.0,0.0,0.0,,,,,0.0,0.0,30.0,0.0,0.0,0.0,87.0,36.5,0
24389,SO-0602,Constable Dinesh Chaudhary,Constable,39,2026-07-17 18:46:31+00:00,91.0,88.0,,0.0,0.0,0.0,0.922,0.316,-0.282,,0.0,0.0,0.0,,,,,0.0,0.0,30.0,0.0,0.0,0.0,88.0,36.5,2
24395,SO-0602,Constable Dinesh Chaudhary,Constable,39,2026-07-17 18:47:01+00:00,91.0,88.0,,0.0,0.0,0.0,0.615,-0.119,0.74,,0.0,0.0,0.0,,,,,0.0,0.0,30.0,0.0,0.0,0.0,88.0,36.5,2
24401,SO-0602,Constable Dinesh Chaudhary,Constable,39,2026-07-17 18:47:31+00:00,90.0,88.0,,0.0,0.0,0.0,0.749,-1.005,1.503,,0.0,0.0,0.0,,,,,0.0,0.0,30.0,0.0,0.0,0.0,88.0,36.5,1
24407,SO-0602,Constable Dinesh Chaudhary,Constable,39,2026-07-17 18:48:01+00:00,99.0,82.0,,0.0,0.0,0.0,0.435,-0.912,0.098,,0.0,0.0,0.0,,,,,0.0,0.0,30.0,0.0,0.0,0.0,82.0,36.5,1
24412,SO-0602,Constable Dinesh Chaudhary,Constable,39,2026-07-17 18:48:31+00:00,94.0,88.0,,0.0,0.0,0.0,0.588,-0.758,0.207,,0.0,0.0,0.0,,,,,0.0,0.0,30.0,0.0,0.0,0.0,88.0,36.5,1
24417,SO-0602,Constable Dinesh Chaudhary,Constable,39,2026-07-17 18:49:01+00:00,98.0,87.0,,0.0,0.0,0.0,0.499,-0.834,-0.104,,0.0,0.0,0.0,,,,,0.0,0.0,30.0,0.0,0.0,0.0,87.0,36.5,1
24423,SO-0602,Constable Dinesh Chaudhary,Constable,39,2026-07-17 18:49:31+00:00,96.0,86.0,,0.0,0.0,0.0,0.937,0.196,-0.323,,0.0,0.0,0.0,,,,,0.0,0.0,30.0,0.0,0.0,0.0,86.0,36.5,1
24429,SO-0602,Constable Dinesh Chaudhary,Constable,39,2026-07-17 18:50:01+00:00,84.0,88.0,,0.0,0.0,0.0,0.951,0.19,-0.315,,0.0,0.0,0.0,,,,,0.0,0.0,30.0,0.0,0.0,0.0,88.0,36.5,0
24434,SO-0602,Constable Dinesh Chaudhary,Constable,39,2026-07-17 18:50:31+00:00,95.0,87.0,,0.0,0.0,0.0,1.002,0.168,0.0,,0.0,0.0,0.0,,,,,0.0,0.0,30.0,0.0,0.0,0.0,87.0,36.5,2
24439,SO-0602,Constable Dinesh Chaudhary,Constable,39,2026-07-17 18:51:01+00:00,99.0,82.0,,0.0,0.0,0.0,0.496,-0.53,0.663,,0.0,0.0,0.0,,,,,0.0,0.0,30.0,0.0,0.0,0.0,82.0,36.5,2
24443,SO-0602,Constable Dinesh Chaudhary,Constable,39,2026-07-17 18:51:31+00:00,83.0,86.0,,0.0,0.0,0.0,0.969,0.205,0.17,,0.0,0.0,0.0,,,,,0.0,0.0,30.0,0.0,0.0,0.0,86.0,36.5,0
24447,SO-0602,Constable Dinesh Chaudhary,Constable,39,2026-07-17 18:52:01+00:00,83.0,88.0,,0.0,0.0,0.0,0.836,0.225,-0.555,,0.0,0.0,0.0,,,,,0.0,0.0,30.0,0.0,0.0,0.0,88.0,36.5,0
24453,SO-0602,Constable Dinesh Chaudhary,Constable,39,2026-07-17 18:52:31+00:00,92.0,82.0,,0.0,0.0,0.0,-0.217,-0.496,0.827,,0.0,0.0,0.0,,,,,0.0,0.0,30.0,0.0,0.0,0.0,82.0,36.5,2
24458,SO-0602,Constable Dinesh Chaudhary,Constable,39,2026-07-17 18:53:01+00:00,94.0,86.0,,0.0,0.0,0.0,-0.502,-0.493,0.653,,0.0,0.0,0.0,,,,,0.0,0.0,30.0,0.0,0.0,0.0,86.0,36.5,2
24462,SO-0602,Constable Dinesh Chaudhary,Constable,39,2026-07-17 18:53:31+00:00,88.0,82.0,,0.0,0.0,0.0,0.365,-0.378,0.548,,0.0,0.0,0.0,,,,,0.0,0.0,30.0,0.0,0.0,0.0,82.0,36.5,0
24467,SO-0602,Constable Dinesh Chaudhary,Constable,39,2026-07-17 18:54:01+00:00,87.0,84.0,,0.0,0.0,0.0,0.473,-0.51,0.711,,0.0,0.0,0.0,,,,,0.0,0.0,30.0,0.0,0.0,0.0,84.0,36.5,0
24471,SO-0602,Constable Dinesh Chaudhary,Constable,39,2026-07-17 18:54:31+00:00,83.0,,,0.0,0.0,0.0,0.522,-0.482,0.685,,0.0,0.0,0.0,,,,,0.0,0.0,30.0,0.0,0.0,0.0,84.0,36.5,0
24477,SO-0602,Constable Dinesh Chaudhary,Constable,39,2026-07-17 18:55:01+00:00,94.0,86.0,,0.0,0.0,0.0,0.856,-0.345,0.377,,0.0,0.0,0.0,,,,,0.0,0.0,30.0,0.0,0.0,0.0,86.0,36.5,2
24482,SO-0602,Constable Dinesh Chaudhary,Constable,39,2026-07-17 18:55:31+00:00,98.0,87.0,,0.0,0.0,0.0,0.87,-0.334,0.347,,0.0,0.0,0.0,,,,,0.0,0.0,30.0,0.0,0.0,0.0,87.0,36.5,2
24487,SO-0602,Constable Dinesh Chaudhary,Constable,39,2026-07-17 18:56:01+00:00,95.0,88.0,,0.0,0.0,0.0,0.874,-0.334,0.331,,0.0,0.0,0.0,,,,,0.0,0.0,30.0,0.0,0.0,0.0,88.0,36.5,2
24491,SO-0602,Constable Dinesh Chaudhary,Constable,39,2026-07-17 18:56:31+00:00,91.0,88.0,,0.0,0.0,0.0,0.88,-0.329,0.32,,0.0,0.0,0.0,,,,,0.0,0.0,30.0,0.0,0.0,0.0,88.0,36.5,2
24496,SO-0602,Constable Dinesh Chaudhary,Constable,39,2026-07-17 18:57:01+00:00,97.0,86.0,,0.0,0.0,0.0,0.892,-0.326,0.32,,0.0,0.0,0.0,,,,,0.0,0.0,30.0,0.0,0.0,0.0,86.0,36.5,2
24501,SO-0602,Constable Dinesh Chaudhary,Constable,39,2026-07-17 18:57:31+00:00,100.0,87.0,,0.0,0.0,0.0,0.428,0.229,-0.954,,0.0,0.0,0.0,,,,,0.0,0.0,30.0,0.0,0.0,0.0,87.0,36.5,2
24505,SO-0602,Constable Dinesh Chaudhary,Constable,39,2026-07-17 18:58:01+00:00,85.0,86.0,,0.0,0.0,0.0,0.726,-0.267,-0.123,,0.0,0.0,0.0,,,,,0.0,0.0,30.0,0.0,0.0,0.0,86.0,36.5,0
24507,SO-0602,Constable Dinesh Chaudhary,Constable,39,2026-07-17 18:58:31+00:00,96.0,88.0,,0.0,0.0,0.0,0.416,-0.879,0.172,,0.0,0.0,0.0,,,,,0.0,0.0,30.0,0.0,0.0,0.0,88.0,36.5,2
24510,SO-0602,Constable Dinesh Chaudhary,Constable,39,2026-07-17 18:59:01+00:00,91.0,87.0,,0.0,0.0,0.0,0.492,-0.868,0.129,,0.0,0.0,0.0,,,,,0.0,0.0,30.0,0.0,0.0,0.0,87.0,36.5,2
24514,SO-0602,Constable Dinesh Chaudhary,Constable,39,2026-07-17 18:59:31+00:00,98.0,85.0,,0.0,0.0,0.0,0.42,-0.92,0.085,,0.0,0.0,0.0,,,,,0.0,0.0,30.0,0.0,0.0,0.0,85.0,36.5,2
24518,SO-0602,Constable Dinesh Chaudhary,Constable,39,2026-07-17 19:00:01+00:00,91.0,85.0,,0.0,0.0,0.0,0.451,-0.871,0.14,,0.0,0.0,0.0,,,,,0.0,0.0,30.0,0.0,0.0,0.0,85.0,36.5,2
24522,SO-0602,Constable Dinesh Chaudhary,Constable,39,2026-07-17 19:00:31+00:00,84.0,86.0,,0.0,0.0,0.0,0.9,-0.904,-0.226,,0.0,0.0,0.0,,,,,0.0,0.0,30.0,0.0,0.0,0.0,86.0,36.5,0
24526,SO-0602,Constable Dinesh Chaudhary,Constable,39,2026-07-17 19:01:01+00:00,97.0,86.0,,0.0,0.0,0.0,0.203,-0.709,0.103,,0.0,0.0,0.0,,,,,0.0,0.0,30.0,0.0,0.0,0.0,86.0,36.5,2
24530,SO-0602,Constable Dinesh Chaudhary,Constable,39,2026-07-17 19:01:31+00:00,94.0,86.0,,0.0,0.0,0.0,0.418,-0.824,0.367,,0.0,0.0,0.0,,,,,0.0,0.0,30.0,0.0,0.0,0.0,86.0,36.5,2
24534,SO-0602,Constable Dinesh Chaudhary,Constable,39,2026-07-17 19:02:01+00:00,83.0,87.0,,0.0,0.0,0.0,0.089,0.984,0.219,,0.0,0.0,0.0,,,,,0.0,0.0,30.0,0.0,0.0,0.0,87.0,36.5,0
24538,SO-0602,Constable Dinesh Chaudhary,Constable,39,2026-07-17 19:02:31+00:00,97.0,81.0,,0.0,0.0,0.0,0.417,-0.6,-0.427,,0.0,0.0,0.0,,,,,0.0,0.0,30.0,0.0,0.0,0.0,81.0,36.5,2
24542,SO-0602,Constable Dinesh Chaudhary,Constable,39,2026-07-17 19:03:01+00:00,83.0,80.0,,0.0,0.0,0.0,-0.171,0.494,0.853,,0.0,0.0,0.0,,,,,0.0,0.0,30.0,0.0,0.0,0.0,80.0,36.5,0
24546,SO-0602,Constable Dinesh Chaudhary,Constable,39,2026-07-17 19:03:31+00:00,87.0,88.0,,0.0,0.0,0.0,0.55,-0.41,0.664,,0.0,0.0,0.0,,,,,0.0,0.0,30.0,0.0,0.0,0.0,88.0,36.5,0
24550,SO-0602,Constable Dinesh Chaudhary,Constable,39,2026-07-17 19:04:01+00:00,80.0,76.0,,0.0,0.0,0.0,0.519,-0.315,0.781,,0.0,0.0,0.0,,,,,0.0,0.0,30.0,0.0,0.0,0.0,76.0,36.5,0
24554,SO-0602,Constable Dinesh Chaudhary,Constable,39,2026-07-17 19:04:31+00:00,88.0,79.0,,0.0,0.0,0.0,0.504,-0.312,0.787,,0.0,0.0,0.0,,,,,0.0,0.0,30.0,0.0,0.0,0.0,79.0,36.5,0
24558,SO-0602,Constable Dinesh Chaudhary,Constable,39,2026-07-17 19:05:01+00:00,82.0,87.0,,0.0,0.0,0.0,0.469,-0.355,0.789,,0.0,0.0,0.0,,,,,0.0,0.0,30.0,0.0,0.0,0.0,87.0,36.5,0
24562,SO-0602,Constable Dinesh Chaudhary,Constable,39,2026-07-17 19:05:31+00:00,82.0,77.0,,0.0,0.0,0.0,0.456,-0.348,0.797,,0.0,0.0,0.0,,,,,0.0,0.0,30.0,0.0,0.0,0.0,77.0,36.5,0
24566,SO-0602,Constable Dinesh Chaudhary,Constable,39,2026-07-17 19:06:01+00:00,98.0,88.0,,0.0,0.0,0.0,0.417,-0.329,0.822,,0.0,0.0,0.0,,,,,0.0,0.0,30.0,0.0,0.0,0.0,88.0,36.5,2
24570,SO-0602,Constable Dinesh Chaudhary,Constable,39,2026-07-17 19:06:31+00:00,86.0,81.0,,0.0,0.0,0.0,0.813,-0.293,-0.556,,0.0,0.0,0.0,,,,,0.0,0.0,30.0,0.0,0.0,0.0,81.0,36.5,0
24574,SO-0602,Constable Dinesh Chaudhary,Constable,39,2026-07-17 19:07:01+00:00,86.0,86.0,,0.0,0.0,0.0,1.171,-0.354,0.649,,0.0,0.0,0.0,,,,,0.0,0.0,30.0,0.0,0.0,0.0,86.0,36.5,0
24578,SO-0602,Constable Dinesh Chaudhary,Constable,39,2026-07-17 19:07:31+00:00,95.0,87.0,,0.0,0.0,0.0,0.081,-0.702,0.727,,0.0,0.0,0.0,,,,,0.0,0.0,30.0,0.0,0.0,0.0,87.0,36.5,2
24582,SO-0602,Constable Dinesh Chaudhary,Constable,39,2026-07-17 19:08:01+00:00,81.0,72.0,,0.0,0.0,0.0,1.188,-0.113,-0.528,,0.0,0.0,0.0,,,,,0.0,0.0,30.0,0.0,0.0,0.0,72.0,36.5,0
24586,SO-0602,Constable Dinesh Chaudhary,Constable,39,2026-07-17 19:08:31+00:00,90.0,87.0,,0.0,0.0,0.0,0.479,-0.752,0.363,,0.0,0.0,0.0,,,,,0.0,0.0,30.0,0.0,0.0,0.0,87.0,36.5,0
24590,SO-0602,Constable Dinesh Chaudhary,Constable,39,2026-07-17 19:09:01+00:00,86.0,86.0,,0.0,0.0,0.0,0.563,-0.723,0.355,,0.0,0.0,0.0,,,,,0.0,0.0,30.0,0.0,0.0,0.0,86.0,36.5,0
24594,SO-0602,Constable Dinesh Chaudhary,Constable,39,2026-07-17 19:09:31+00:00,92.0,87.0,,0.0,0.0,0.0,0.843,-0.423,0.294,,0.0,0.0,0.0,,,,,0.0,0.0,30.0,0.0,0.0,0.0,87.0,36.5,2
24598,SO-0602,Constable Dinesh Chaudhary,Constable,39,2026-07-17 19:10:01+00:00,86.0,84.0,,0.0,0.0,0.0,0.861,-0.38,0.348,,0.0,0.0,0.0,,,,,0.0,0.0,30.0,0.0,0.0,0.0,84.0,36.5,0
24602,SO-0602,Constable Dinesh Chaudhary,Constable,39,2026-07-17 19:10:31+00:00,91.0,88.0,,0.0,0.0,0.0,0.689,-0.618,-0.427,,0.0,0.0,0.0,,,,,0.0,0.0,30.0,0.0,0.0,0.0,88.0,36.5,2
24606,SO-0602,Constable Dinesh Chaudhary,Constable,39,2026-07-17 19:11:01+00:00,98.0,88.0,,0.0,0.0,0.0,0.914,-0.171,-0.392,,0.0,0.0,0.0,,,,,0.0,0.0,30.0,0.0,0.0,0.0,88.0,36.5,2
24610,SO-0602,Constable Dinesh Chaudhary,Constable,39,2026-07-17 19:11:31+00:00,92.0,88.0,,0.0,0.0,0.0,0.49,-0.456,0.723,,0.0,0.0,0.0,,,,,0.0,0.0,30.0,0.0,0.0,0.0,88.0,36.5,2
24614,SO-0602,Constable Dinesh Chaudhary,Constable,39,2026-07-17 19:12:01+00:00,95.0,88.0,,0.0,0.0,0.0,0.896,0.012,-0.476,,0.0,0.0,0.0,,,,,0.0,0.0,30.0,0.0,0.0,0.0,88.0,36.5,2
24618,SO-0602,Constable Dinesh Chaudhary,Constable,39,2026-07-17 19:12:31+00:00,96.0,73.0,,0.0,0.0,0.0,0.666,-0.422,0.577,,0.0,0.0,0.0,,,,,0.0,0.0,30.0,0.0,0.0,0.0,73.0,36.5,2
24621,SO-0602,Constable Dinesh Chaudhary,Constable,39,2026-07-17 19:13:01+00:00,91.0,81.0,,0.0,0.0,0.0,0.058,0.962,0.142,,0.0,0.0,0.0,,,,,0.0,0.0,30.0,0.0,0.0,0.0,81.0,36.5,2
24626,SO-0602,Constable Dinesh Chaudhary,Constable,39,2026-07-17 19:13:31+00:00,85.0,87.0,,0.0,0.0,0.0,0.847,-0.307,0.345,,0.0,0.0,0.0,,,,,0.0,0.0,30.0,0.0,0.0,0.0,87.0,36.5,0
24630,SO-0602,Constable Dinesh Chaudhary,Constable,39,2026-07-17 19:14:01+00:00,85.0,88.0,,0.0,0.0,0.0,0.354,-0.429,0.815,,0.0,0.0,0.0,,,,,0.0,0.0,30.0,0.0,0.0,0.0,88.0,36.5,0
24634,SO-0602,Constable Dinesh Chaudhary,Constable,39,2026-07-17 19:14:31+00:00,82.0,87.0,,0.0,0.0,0.0,0.977,0.025,0.14,,0.0,0.0,0.0,,,,,0.0,0.0,30.0,0.0,0.0,0.0,87.0,36.5,0
24637,SO-0602,Constable Dinesh Chaudhary,Constable,39,2026-07-17 19:15:01+00:00,90.0,88.0,,0.0,0.0,0.0,0.843,-0.276,0.451,,0.0,0.0,0.0,,,,,0.0,0.0,30.0,0.0,0.0,0.0,88.0,36.5,0
24641,SO-0602,Constable Dinesh Chaudhary,Constable,39,2026-07-17 19:15:31+00:00,95.0,87.0,,0.0,0.0,0.0,0.994,0.65,-0.245,,0.0,0.0,0.0,,,,,0.0,0.0,30.0,0.0,0.0,0.0,87.0,36.5,2
24645,SO-0602,Constable Dinesh Chaudhary,Constable,39,2026-07-17 19:16:01+00:00,86.0,87.0,,0.0,0.0,0.0,0.982,-0.082,0.073,,0.0,0.0,0.0,,,,,0.0,0.0,30.0,0.0,0.0,0.0,87.0,36.5,0
24649,SO-0602,Constable Dinesh Chaudhary,Constable,39,2026-07-17 19:16:31+00:00,93.0,88.0,,0.0,0.0,0.0,0.985,-0.207,0.113,,0.0,0.0,0.0,,,,,0.0,0.0,30.0,0.0,0.0,0.0,88.0,36.5,2
24653,SO-0602,Constable Dinesh Chaudhary,Constable,39,2026-07-17 19:17:01+00:00,82.0,88.0,,0.0,0.0,0.0,0.832,-0.318,0.458,,0.0,0.0,0.0,,,,,0.0,0.0,30.0,0.0,0.0,0.0,88.0,36.5,0
24657,SO-0602,Constable Dinesh Chaudhary,Constable,39,2026-07-17 19:17:31+00:00,91.0,87.0,,0.0,0.0,0.0,0.059,0.005,0.588,,0.0,0.0,0.0,,,,,0.0,0.0,30.0,0.0,0.0,0.0,87.0,36.5,2
24661,SO-0602,Constable Dinesh Chaudhary,Constable,39,2026-07-17 19:18:01+00:00,94.0,85.0,,0.0,0.0,0.0,0.81,-0.444,0.401,,0.0,0.0,0.0,,,,,0.0,0.0,30.0,0.0,0.0,0.0,85.0,36.5,2
24665,SO-0602,Constable Dinesh Chaudhary,Constable,39,2026-07-17 19:18:31+00:00,86.0,88.0,,0.0,0.0,0.0,0.844,-0.396,0.344,,0.0,0.0,0.0,,,,,0.0,0.0,30.0,0.0,0.0,0.0,88.0,36.5,0
24669,SO-0602,Constable Dinesh Chaudhary,Constable,39,2026-07-17 19:19:01+00:00,83.0,87.0,,0.0,0.0,0.0,0.773,-0.349,0.52,,0.0,0.0,0.0,,,,,0.0,0.0,30.0,0.0,0.0,0.0,87.0,36.5,0
24673,SO-0602,Constable Dinesh Chaudhary,Constable,39,2026-07-17 19:19:31+00:00,83.0,,,0.0,0.0,0.0,0.754,-0.363,0.534,,0.0,0.0,0.0,,,,,0.0,0.0,30.0,0.0,0.0,0.0,87.0,36.5,0
24677,SO-0602,Constable Dinesh Chaudhary,Constable,39,2026-07-17 19:20:01+00:00,85.0,,,0.0,0.0,0.0,0.94,-0.199,-0.066,,0.0,0.0,0.0,,,,,0.0,0.0,30.0,0.0,0.0,0.0,87.0,36.5,0
24681,SO-0602,Constable Dinesh Chaudhary,Constable,39,2026-07-17 19:20:31+00:00,97.0,86.0,,0.0,0.0,0.0,0.985,-0.192,0.043,,0.0,0.0,0.0,,,,,0.0,0.0,30.0,0.0,0.0,0.0,86.0,36.5,2
24685,SO-0602,Constable Dinesh Chaudhary,Constable,39,2026-07-17 19:21:01+00:00,89.0,82.0,,0.0,0.0,0.0,0.024,-0.779,0.606,,0.0,0.0,0.0,,,,,0.0,0.0,30.0,0.0,0.0,0.0,82.0,36.5,0
24689,SO-0602,Constable Dinesh Chaudhary,Constable,39,2026-07-17 19:21:31+00:00,83.0,84.0,,0.0,0.0,0.0,0.003,0.841,0.389,,0.0,0.0,0.0,,,,,0.0,0.0,30.0,0.0,0.0,0.0,84.0,36.5,0
24693,SO-0602,Constable Dinesh Chaudhary,Constable,39,2026-07-17 19:22:01+00:00,85.0,88.0,,0.0,0.0,0.0,-0.156,0.803,0.541,,0.0,0.0,0.0,,,,,0.0,0.0,30.0,0.0,0.0,0.0,88.0,36.5,0
24697,SO-0602,Constable Dinesh Chaudhary,Constable,39,2026-07-17 19:22:31+00:00,88.0,88.0,,0.0,0.0,0.0,0.159,0.791,0.568,,0.0,0.0,0.0,,,,,0.0,0.0,30.0,0.0,0.0,0.0,88.0,36.5,0
24700,SO-0602,Constable Dinesh Chaudhary,Constable,39,2026-07-17 19:23:01+00:00,88.0,88.0,,0.0,0.0,0.0,0.252,0.764,0.571,,0.0,0.0,0.0,,,,,0.0,0.0,30.0,0.0,0.0,0.0,88.0,36.5,0
24704,SO-0602,Constable Dinesh Chaudhary,Constable,39,2026-07-17 19:23:31+00:00,99.0,88.0,,0.0,0.0,0.0,0.387,0.754,0.528,,0.0,0.0,0.0,,,,,0.0,0.0,30.0,0.0,0.0,0.0,88.0,36.5,2
24708,SO-0602,Constable Dinesh Chaudhary,Constable,39,2026-07-17 19:24:01+00:00,83.0,85.0,,0.0,0.0,0.0,0.042,0.794,0.589,,0.0,0.0,0.0,,,,,0.0,0.0,30.0,0.0,0.0,0.0,85.0,36.5,0
24712,SO-0602,Constable Dinesh Chaudhary,Constable,39,2026-07-17 19:24:31+00:00,90.0,88.0,,0.0,0.0,0.0,0.144,0.786,0.578,,0.0,0.0,0.0,,,,,0.0,0.0,30.0,0.0,0.0,0.0,88.0,36.5,0
24716,SO-0602,Constable Dinesh Chaudhary,Constable,39,2026-07-17 19:25:01+00:00,93.0,88.0,,0.0,0.0,0.0,0.124,0.764,0.638,,0.0,0.0,0.0,,,,,0.0,0.0,30.0,0.0,0.0,0.0,88.0,36.5,2
24719,SO-0602,Constable Dinesh Chaudhary,Constable,39,2026-07-17 19:25:31+00:00,93.0,88.0,,0.0,0.0,0.0,0.118,0.8,0.593,,0.0,0.0,0.0,,,,,0.0,0.0,30.0,0.0,0.0,0.0,88.0,36.5,2
24724,SO-0602,Constable Dinesh Chaudhary,Constable,39,2026-07-17 19:26:01+00:00,83.0,,,0.0,0.0,0.0,0.207,0.749,0.597,,0.0,0.0,0.0,,,,,0.0,0.0,30.0,0.0,0.0,0.0,88.0,36.5,0
24727,SO-0602,Constable Dinesh Chaudhary,Constable,39,2026-07-17 19:26:31+00:00,89.0,87.0,,0.0,0.0,0.0,-0.157,0.818,0.557,,0.0,0.0,0.0,,,,,0.0,0.0,30.0,0.0,0.0,0.0,87.0,36.5,0
24731,SO-0602,Constable Dinesh Chaudhary,Constable,39,2026-07-17 19:27:01+00:00,89.0,88.0,,0.0,0.0,0.0,0.13,0.755,0.613,,0.0,0.0,0.0,,,,,0.0,0.0,30.0,0.0,0.0,0.0,88.0,36.5,0
24735,SO-0602,Constable Dinesh Chaudhary,Constable,39,2026-07-17 19:27:31+00:00,82.0,87.0,,0.0,0.0,0.0,0.174,0.749,0.608,,0.0,0.0,0.0,,,,,0.0,0.0,30.0,0.0,0.0,0.0,87.0,36.5,0
24738,SO-0602,Constable Dinesh Chaudhary,Constable,39,2026-07-17 19:28:01+00:00,86.0,87.0,,0.0,0.0,0.0,0.823,-0.7,0.626,,0.0,0.0,0.0,,,,,0.0,0.0,30.0,0.0,0.0,0.0,87.0,36.5,0
24742,SO-0602,Constable Dinesh Chaudhary,Constable,39,2026-07-17 19:28:31+00:00,99.0,88.0,,0.0,0.0,0.0,0.551,-0.833,0.036,,0.0,0.0,0.0,,,,,0.0,0.0,30.0,0.0,0.0,0.0,88.0,36.5,2
24745,SO-0602,Constable Dinesh Chaudhary,Constable,39,2026-07-17 19:29:01+00:00,95.0,80.0,,0.0,0.0,0.0,0.546,-0.76,0.338,,0.0,0.0,0.0,,,,,0.0,0.0,30.0,0.0,0.0,0.0,80.0,36.5,2
24748,SO-0602,Constable Dinesh Chaudhary,Constable,39,2026-07-17 19:29:31+00:00,91.0,85.0,,0.0,0.0,0.0,0.447,-0.886,-0.077,,0.0,0.0,0.0,,,,,0.0,0.0,30.0,0.0,0.0,0.0,85.0,36.5,2
24751,SO-0602,Constable Dinesh Chaudhary,Constable,39,2026-07-17 19:30:01+00:00,90.0,88.0,,0.0,0.0,0.0,0.09,-0.796,0.594,,0.0,0.0,0.0,,,,,0.0,0.0,30.0,0.0,0.0,0.0,88.0,36.5,0
24758,SO-0602,Constable Dinesh Chaudhary,Constable,39,2026-07-17 19:30:31+00:00,82.0,88.0,,0.0,0.0,0.0,-0.196,-0.589,0.656,,0.0,0.0,0.0,,,,,0.0,0.0,30.0,0.0,0.0,0.0,88.0,36.5,0
24762,SO-0602,Constable Dinesh Chaudhary,Constable,39,2026-07-17 19:31:01+00:00,96.0,88.0,,0.0,0.0,0.0,0.953,0.259,0.193,,0.0,0.0,0.0,,,,,0.0,0.0,30.0,0.0,0.0,0.0,88.0,36.5,2
24766,SO-0602,Constable Dinesh Chaudhary,Constable,39,2026-07-17 19:31:31+00:00,85.0,88.0,,0.0,0.0,0.0,1.018,0.226,0.016,,0.0,0.0,0.0,,,,,0.0,0.0,30.0,0.0,0.0,0.0,88.0,36.5,0
24770,SO-0602,Constable Dinesh Chaudhary,Constable,39,2026-07-17 19:32:01+00:00,88.0,86.0,,0.0,0.0,0.0,-0.546,-0.662,0.488,,0.0,0.0,0.0,,,,,0.0,0.0,30.0,0.0,0.0,0.0,86.0,36.5,0
24774,SO-0602,Constable Dinesh Chaudhary,Constable,39,2026-07-17 19:32:31+00:00,99.0,85.0,,0.0,0.0,0.0,-0.364,-0.83,0.238,,0.0,0.0,0.0,,,,,0.0,0.0,30.0,0.0,0.0,0.0,85.0,36.5,2
24778,SO-0602,Constable Dinesh Chaudhary,Constable,39,2026-07-17 19:33:01+00:00,92.0,88.0,,0.0,0.0,0.0,0.929,0.389,-0.041,,0.0,0.0,0.0,,,,,0.0,0.0,30.0,0.0,0.0,0.0,88.0,36.5,2
24782,SO-0602,Constable Dinesh Chaudhary,Constable,39,2026-07-17 19:33:31+00:00,82.0,88.0,,0.0,0.0,0.0,0.906,0.409,0.13,,0.0,0.0,0.0,,,,,0.0,0.0,30.0,0.0,0.0,0.0,88.0,36.5,0
24786,SO-0602,Constable Dinesh Chaudhary,Constable,39,2026-07-17 19:34:01+00:00,100.0,88.0,,0.0,0.0,0.0,0.968,0.319,-0.049,,0.0,0.0,0.0,,,,,0.0,0.0,30.0,0.0,0.0,0.0,88.0,36.5,2
24790,SO-0602,Constable Dinesh Chaudhary,Constable,39,2026-07-17 19:34:31+00:00,84.0,88.0,,0.0,0.0,0.0,0.968,0.084,-0.548,,0.0,0.0,0.0,,,,,0.0,0.0,30.0,0.0,0.0,0.0,88.0,36.5,0
24794,SO-0602,Constable Dinesh Chaudhary,Constable,39,2026-07-17 19:35:01+00:00,93.0,86.0,,0.0,0.0,0.0,0.665,0.097,0.719,,0.0,0.0,0.0,,,,,0.0,0.0,30.0,0.0,0.0,0.0,86.0,36.5,2
24798,SO-0602,Constable Dinesh Chaudhary,Constable,39,2026-07-17 19:35:31+00:00,98.0,88.0,,0.0,0.0,0.0,0.697,0.129,0.701,,0.0,0.0,0.0,,,,,0.0,0.0,30.0,0.0,0.0,0.0,88.0,36.5,2
24802,SO-0602,Constable Dinesh Chaudhary,Constable,39,2026-07-17 19:36:01+00:00,99.0,88.0,,0.0,0.0,0.0,0.732,0.1,0.689,,0.0,0.0,0.0,,,,,0.0,0.0,30.0,0.0,0.0,0.0,88.0,36.5,2
24806,SO-0602,Constable Dinesh Chaudhary,Constable,39,2026-07-17 19:36:31+00:00,91.0,81.0,,0.0,0.0,0.0,0.32,-1.075,0.01,,0.0,0.0,0.0,,,,,0.0,0.0,30.0,0.0,0.0,0.0,81.0,36.5,2
24810,SO-0602,Constable Dinesh Chaudhary,Constable,39,2026-07-17 19:37:01+00:00,89.0,88.0,,0.0,0.0,0.0,0.572,-0.839,0.002,,0.0,0.0,0.0,,,,,0.0,0.0,30.0,0.0,0.0,0.0,88.0,36.5,0
24813,SO-0602,Constable Dinesh Chaudhary,Constable,39,2026-07-17 19:37:31+00:00,95.0,87.0,,0.0,0.0,0.0,0.549,-0.728,0.064,,0.0,0.0,0.0,,,,,0.0,0.0,30.0,0.0,0.0,0.0,87.0,36.5,2
24816,SO-0602,Constable Dinesh Chaudhary,Constable,39,2026-07-17 19:38:01+00:00,88.0,88.0,,0.0,0.0,0.0,0.823,-0.035,0.513,,0.0,0.0,0.0,,,,,0.0,0.0,30.0,0.0,0.0,0.0,88.0,36.5,0
24821,SO-0602,Constable Dinesh Chaudhary,Constable,39,2026-07-17 19:38:31+00:00,100.0,88.0,,0.0,0.0,0.0,0.474,-0.641,0.565,,0.0,0.0,0.0,,,,,0.0,0.0,30.0,0.0,0.0,0.0,88.0,36.5,2
24824,SO-0602,Constable Dinesh Chaudhary,Constable,39,2026-07-17 19:39:01+00:00,87.0,84.0,,0.0,0.0,0.0,0.815,-0.526,0.171,,0.0,0.0,0.0,,,,,0.0,0.0,30.0,0.0,0.0,0.0,84.0,36.5,0
24829,SO-0602,Constable Dinesh Chaudhary,Constable,39,2026-07-17 19:39:31+00:00,85.0,88.0,,0.0,0.0,0.0,0.453,0.403,-0.843,,0.0,0.0,0.0,,,,,0.0,0.0,30.0,0.0,0.0,0.0,88.0,36.5,0
24833,SO-0602,Constable Dinesh Chaudhary,Constable,39,2026-07-17 19:40:01+00:00,88.0,88.0,,0.0,0.0,0.0,0.749,-0.576,0.316,,0.0,0.0,0.0,,,,,0.0,0.0,30.0,0.0,0.0,0.0,88.0,36.5,0
24837,SO-0602,Constable Dinesh Chaudhary,Constable,39,2026-07-17 19:40:31+00:00,90.0,82.0,,0.0,0.0,0.0,0.673,-1.197,-0.74,,0.0,0.0,0.0,,,,,0.0,0.0,30.0,0.0,0.0,0.0,82.0,36.5,0
24841,SO-0602,Constable Dinesh Chaudhary,Constable,39,2026-07-17 19:41:01+00:00,86.0,88.0,,0.0,0.0,0.0,0.822,0.123,0.545,,0.0,0.0,0.0,,,,,0.0,0.0,30.0,0.0,0.0,0.0,88.0,36.5,0
24844,SO-0602,Constable Dinesh Chaudhary,Constable,39,2026-07-17 19:41:31+00:00,84.0,88.0,,0.0,0.0,0.0,-0.429,0.89,-0.184,,0.0,0.0,0.0,,,,,0.0,0.0,30.0,0.0,0.0,0.0,88.0,36.5,0
24849,SO-0602,Constable Dinesh Chaudhary,Constable,39,2026-07-17 19:42:01+00:00,85.0,88.0,,0.0,0.0,0.0,0.018,0.812,0.551,,0.0,0.0,0.0,,,,,0.0,0.0,30.0,0.0,0.0,0.0,88.0,36.5,0
24853,SO-0602,Constable Dinesh Chaudhary,Constable,39,2026-07-17 19:42:31+00:00,87.0,86.0,,0.0,0.0,0.0,0.562,0.153,0.809,,0.0,0.0,0.0,,,,,0.0,0.0,30.0,0.0,0.0,0.0,86.0,36.5,0
24856,SO-0602,Constable Dinesh Chaudhary,Constable,39,2026-07-17 19:43:01+00:00,89.0,76.0,,0.0,0.0,0.0,0.468,0.092,0.883,,0.0,0.0,0.0,,,,,0.0,0.0,30.0,0.0,0.0,0.0,76.0,36.5,0
24860,SO-0602,Constable Dinesh Chaudhary,Constable,39,2026-07-17 19:43:31+00:00,97.0,81.0,,0.0,0.0,0.0,0.768,0.021,0.635,,0.0,0.0,0.0,,,,,0.0,0.0,30.0,0.0,0.0,0.0,81.0,36.5,2
24863,SO-0602,Constable Dinesh Chaudhary,Constable,39,2026-07-17 19:44:01+00:00,89.0,86.0,,0.0,0.0,0.0,0.542,0.202,0.816,,0.0,0.0,0.0,,,,,0.0,0.0,30.0,0.0,0.0,0.0,86.0,36.5,0
24866,SO-0602,Constable Dinesh Chaudhary,Constable,39,2026-07-17 19:44:31+00:00,92.0,79.0,,0.0,0.0,0.0,0.776,0.343,-0.581,,0.0,0.0,0.0,,,,,0.0,0.0,30.0,0.0,0.0,0.0,79.0,36.5,2
24869,SO-0602,Constable Dinesh Chaudhary,Constable,39,2026-07-17 19:45:01+00:00,92.0,87.0,,0.0,0.0,0.0,0.575,-0.419,0.689,,0.0,0.0,0.0,,,,,0.0,0.0,30.0,0.0,0.0,0.0,87.0,36.5,2
24872,SO-0602,Constable Dinesh Chaudhary,Constable,39,2026-07-17 19:45:31+00:00,93.0,88.0,,0.0,0.0,0.0,0.747,0.023,0.666,,0.0,0.0,0.0,,,,,0.0,0.0,30.0,0.0,0.0,0.0,88.0,36.5,2
24875,SO-0602,Constable Dinesh Chaudhary,Constable,39,2026-07-17 19:46:01+00:00,87.0,88.0,,0.0,0.0,0.0,0.57,0.036,0.806,,0.0,0.0,0.0,,,,,0.0,0.0,30.0,0.0,0.0,0.0,88.0,36.5,0
24878,SO-0602,Constable Dinesh Chaudhary,Constable,39,2026-07-17 19:46:31+00:00,92.0,88.0,,0.0,0.0,0.0,0.873,0.112,0.409,,0.0,0.0,0.0,,,,,0.0,0.0,30.0,0.0,0.0,0.0,88.0,36.5,2
24881,SO-0602,Constable Dinesh Chaudhary,Constable,39,2026-07-17 19:47:01+00:00,98.0,88.0,,0.0,0.0,0.0,0.498,0.067,0.856,,0.0,0.0,0.0,,,,,0.0,0.0,30.0,0.0,0.0,0.0,88.0,36.5,2
24886,SO-0602,Constable Dinesh Chaudhary,Constable,39,2026-07-17 19:47:31+00:00,85.0,88.0,,0.0,0.0,0.0,0.723,-0.049,0.675,,0.0,0.0,0.0,,,,,0.0,0.0,30.0,0.0,0.0,0.0,88.0,36.5,0
24889,SO-0602,Constable Dinesh Chaudhary,Constable,39,2026-07-17 19:48:01+00:00,85.0,88.0,,0.0,0.0,0.0,0.936,0.503,-0.289,,0.0,0.0,0.0,,,,,0.0,0.0,30.0,0.0,0.0,0.0,88.0,36.5,0
24892,SO-0602,Constable Dinesh Chaudhary,Constable,39,2026-07-17 19:48:31+00:00,84.0,88.0,,0.0,0.0,0.0,-0.017,0.028,0.953,,0.0,0.0,0.0,,,,,0.0,0.0,30.0,0.0,0.0,0.0,88.0,36.5,0
24896,SO-0602,Constable Dinesh Chaudhary,Constable,39,2026-07-17 19:49:01+00:00,92.0,86.0,,0.0,0.0,0.0,0.045,-0.428,0.899,,0.0,0.0,0.0,,,,,0.0,0.0,30.0,0.0,0.0,0.0,86.0,36.5,2
24899,SO-0602,Constable Dinesh Chaudhary,Constable,39,2026-07-17 19:49:31+00:00,98.0,87.0,,0.0,0.0,0.0,0.768,0.095,0.58,,0.0,0.0,0.0,,,,,0.0,0.0,30.0,0.0,0.0,0.0,87.0,36.5,2
24902,SO-0602,Constable Dinesh Chaudhary,Constable,39,2026-07-17 19:50:01+00:00,100.0,88.0,,0.0,0.0,0.0,0.7,0.109,0.691,,0.0,0.0,0.0,,,,,0.0,0.0,30.0,0.0,0.0,0.0,88.0,36.5,2
24906,SO-0602,Constable Dinesh Chaudhary,Constable,39,2026-07-17 19:50:31+00:00,94.0,88.0,,0.0,0.0,0.0,0.665,-0.026,0.727,,0.0,0.0,0.0,,,,,0.0,0.0,30.0,0.0,0.0,0.0,88.0,36.5,2
24910,SO-0602,Constable Dinesh Chaudhary,Constable,39,2026-07-17 19:51:01+00:00,87.0,88.0,,0.0,0.0,0.0,0.665,-0.226,0.54,,0.0,0.0,0.0,,,,,0.0,0.0,30.0,0.0,0.0,0.0,88.0,36.5,0
24914,SO-0602,Constable Dinesh Chaudhary,Constable,39,2026-07-17 19:51:31+00:00,93.0,85.0,,0.0,0.0,0.0,0.345,0.942,0.047,,0.0,0.0,0.0,,,,,0.0,0.0,30.0,0.0,0.0,0.0,85.0,36.5,2
24917,SO-0602,Constable Dinesh Chaudhary,Constable,39,2026-07-17 19:52:01+00:00,95.0,88.0,,0.0,0.0,0.0,0.666,0.113,0.717,,0.0,0.0,0.0,,,,,0.0,0.0,30.0,0.0,0.0,0.0,88.0,36.5,2
24921,SO-0602,Constable Dinesh Chaudhary,Constable,39,2026-07-17 19:52:31+00:00,82.0,88.0,,0.0,0.0,0.0,0.67,0.197,0.699,,0.0,0.0,0.0,,,,,0.0,0.0,30.0,0.0,0.0,0.0,88.0,36.5,0
24924,SO-0602,Constable Dinesh Chaudhary,Constable,39,2026-07-17 19:53:01+00:00,97.0,87.0,,0.0,0.0,0.0,-0.181,0.996,0.02,,0.0,0.0,0.0,,,,,0.0,0.0,30.0,0.0,0.0,0.0,87.0,36.5,2
24927,SO-0602,Constable Dinesh Chaudhary,Constable,39,2026-07-17 19:53:31+00:00,90.0,81.0,,0.0,0.0,0.0,0.791,0.361,0.492,,0.0,0.0,0.0,,,,,0.0,0.0,30.0,0.0,0.0,0.0,81.0,36.5,0
24930,SO-0602,Constable Dinesh Chaudhary,Constable,39,2026-07-17 19:54:01+00:00,96.0,88.0,,0.0,0.0,0.0,0.57,0.082,0.767,,0.0,0.0,0.0,,,,,0.0,0.0,30.0,0.0,0.0,0.0,88.0,36.5,2
24934,SO-0602,Constable Dinesh Chaudhary,Constable,39,2026-07-17 19:54:31+00:00,84.0,88.0,,0.0,0.0,0.0,0.598,0.088,0.791,,0.0,0.0,0.0,,,,,0.0,0.0,30.0,0.0,0.0,0.0,88.0,36.5,0
24938,SO-0602,Constable Dinesh Chaudhary,Constable,39,2026-07-17 19:55:01+00:00,88.0,73.0,,0.0,0.0,0.0,0.612,-0.066,0.765,,0.0,0.0,0.0,,,,,0.0,0.0,30.0,0.0,0.0,0.0,73.0,36.5,0
24941,SO-0602,Constable Dinesh Chaudhary,Constable,39,2026-07-17 19:55:31+00:00,99.0,86.0,,0.0,0.0,0.0,0.361,-0.011,0.856,,0.0,0.0,0.0,,,,,0.0,0.0,30.0,0.0,0.0,0.0,86.0,36.5,2
24944,SO-0602,Constable Dinesh Chaudhary,Constable,39,2026-07-17 19:56:01+00:00,90.0,88.0,,0.0,0.0,0.0,0.452,0.215,0.841,,0.0,0.0,0.0,,,,,0.0,0.0,30.0,0.0,0.0,0.0,88.0,36.5,0
24947,SO-0602,Constable Dinesh Chaudhary,Constable,39,2026-07-17 19:56:31+00:00,84.0,87.0,,0.0,0.0,0.0,0.662,0.16,0.747,,0.0,0.0,0.0,,,,,0.0,0.0,30.0,0.0,0.0,0.0,87.0,36.5,0
24950,SO-0602,Constable Dinesh Chaudhary,Constable,39,2026-07-17 19:57:01+00:00,88.0,88.0,,0.0,0.0,0.0,0.559,0.062,0.813,,0.0,0.0,0.0,,,,,0.0,0.0,30.0,0.0,0.0,0.0,88.0,36.5,0
24953,SO-0602,Constable Dinesh Chaudhary,Constable,39,2026-07-17 19:57:31+00:00,92.0,88.0,,0.0,0.0,0.0,0.653,0.093,0.74,,0.0,0.0,0.0,,,,,0.0,0.0,30.0,0.0,0.0,0.0,88.0,36.5,2
24956,SO-0602,Constable Dinesh Chaudhary,Constable,39,2026-07-17 19:58:01+00:00,88.0,87.0,,0.0,0.0,0.0,0.6,0.088,0.747,,0.0,0.0,0.0,,,,,0.0,0.0,30.0,0.0,0.0,0.0,87.0,36.5,0
24961,SO-0602,Constable Dinesh Chaudhary,Constable,39,2026-07-17 19:58:31+00:00,84.0,85.0,,0.0,0.0,0.0,0.679,0.122,0.722,,0.0,0.0,0.0,,,,,0.0,0.0,30.0,0.0,0.0,0.0,85.0,36.5,0
24965,SO-0602,Constable Dinesh Chaudhary,Constable,39,2026-07-17 19:59:01+00:00,92.0,88.0,,0.0,0.0,0.0,0.658,0.054,0.732,,0.0,0.0,0.0,,,,,0.0,0.0,30.0,0.0,0.0,0.0,88.0,36.5,2
24969,SO-0602,Constable Dinesh Chaudhary,Constable,39,2026-07-17 19:59:31+00:00,90.0,88.0,,0.0,0.0,0.0,0.875,0.104,0.601,,0.0,0.0,0.0,,,,,0.0,0.0,30.0,0.0,0.0,0.0,88.0,36.5,0
24972,SO-0602,Constable Dinesh Chaudhary,Constable,39,2026-07-17 20:00:01+00:00,88.0,83.0,,0.0,0.0,0.0,0.68,0.099,0.71,,0.0,0.0,0.0,,,,,0.0,0.0,30.0,0.0,0.0,0.0,83.0,36.5,0
24976,SO-0602,Constable Dinesh Chaudhary,Constable,39,2026-07-17 20:00:31+00:00,91.0,88.0,,0.0,0.0,0.0,0.661,0.119,0.731,,0.0,0.0,0.0,,,,,0.0,0.0,30.0,0.0,0.0,0.0,88.0,36.5,2
24980,SO-0602,Constable Dinesh Chaudhary,Constable,39,2026-07-17 20:01:01+00:00,91.0,88.0,,0.0,0.0,0.0,-0.188,0.091,0.861,,0.0,0.0,0.0,,,,,0.0,0.0,30.0,0.0,0.0,0.0,88.0,36.5,2
24984,SO-0602,Constable Dinesh Chaudhary,Constable,39,2026-07-17 20:01:31+00:00,82.0,88.0,,0.0,0.0,0.0,0.602,0.018,0.772,,0.0,0.0,0.0,,,,,0.0,0.0,30.0,0.0,0.0,0.0,88.0,36.5,0
24988,SO-0602,Constable Dinesh Chaudhary,Constable,39,2026-07-17 20:02:01+00:00,90.0,88.0,,0.0,0.0,0.0,0.756,-0.08,0.689,,0.0,0.0,0.0,,,,,0.0,0.0,30.0,0.0,0.0,0.0,88.0,36.5,0
24993,SO-0602,Constable Dinesh Chaudhary,Constable,39,2026-07-17 20:02:31+00:00,92.0,87.0,,0.0,0.0,0.0,0.751,0.025,0.635,,0.0,0.0,0.0,,,,,0.0,0.0,30.0,0.0,0.0,0.0,87.0,36.5,2
24997,SO-0602,Constable Dinesh Chaudhary,Constable,39,2026-07-17 20:03:01+00:00,95.0,88.0,,0.0,0.0,0.0,0.281,-0.253,0.868,,0.0,0.0,0.0,,,,,0.0,0.0,30.0,0.0,0.0,0.0,88.0,36.5,2
25001,SO-0602,Constable Dinesh Chaudhary,Constable,39,2026-07-17 20:03:31+00:00,97.0,88.0,,0.0,0.0,0.0,0.815,0.014,-0.798,,0.0,0.0,0.0,,,,,0.0,0.0,30.0,0.0,0.0,0.0,88.0,36.5,2
25005,SO-0602,Constable Dinesh Chaudhary,Constable,39,2026-07-17 20:04:01+00:00,85.0,88.0,,0.0,0.0,0.0,0.245,-0.958,-0.69,,0.0,0.0,0.0,,,,,0.0,0.0,30.0,0.0,0.0,0.0,88.0,36.5,0
25011,SO-0602,Constable Dinesh Chaudhary,Constable,39,2026-07-17 20:04:31+00:00,97.0,81.0,,0.0,0.0,0.0,0.091,-0.989,-0.098,,0.0,0.0,0.0,,,,,0.0,0.0,30.0,0.0,0.0,0.0,81.0,36.5,2
25016,SO-0602,Constable Dinesh Chaudhary,Constable,39,2026-07-17 20:05:01+00:00,84.0,75.0,,0.0,0.0,0.0,0.633,-0.446,-0.65,,0.0,0.0,0.0,,,,,0.0,0.0,30.0,0.0,0.0,0.0,75.0,36.5,0
25020,SO-0602,Constable Dinesh Chaudhary,Constable,39,2026-07-17 20:05:31+00:00,87.0,87.0,,0.0,0.0,0.0,0.919,-0.587,-0.112,,0.0,0.0,0.0,,,,,0.0,0.0,30.0,0.0,0.0,0.0,87.0,36.5,0
25025,SO-0602,Constable Dinesh Chaudhary,Constable,39,2026-07-17 20:06:01+00:00,85.0,66.0,,0.0,0.0,0.0,0.029,-0.985,0.075,,0.0,0.0,0.0,,,,,0.0,0.0,30.0,0.0,0.0,0.0,66.0,36.5,0
25031,SO-0602,Constable Dinesh Chaudhary,Constable,39,2026-07-17 20:06:31+00:00,91.0,56.0,,0.0,0.0,0.0,-0.084,-0.985,-0.131,,0.0,0.0,0.0,,,,,0.0,0.0,30.0,0.0,0.0,0.0,56.0,36.5,2
25036,SO-0602,Constable Dinesh Chaudhary,Constable,39,2026-07-17 20:07:01+00:00,91.0,53.0,,0.0,0.0,0.0,0.561,-1.013,0.287,,0.0,0.0,0.0,,,,,0.0,0.0,30.0,0.0,0.0,0.0,53.0,36.5,2
25041,SO-0602,Constable Dinesh Chaudhary,Constable,39,2026-07-17 20:07:31+00:00,91.0,52.0,,0.0,0.0,0.0,0.751,-1.061,0.102,,0.0,0.0,0.0,,,,,0.0,0.0,30.0,0.0,0.0,0.0,52.0,36.5,2
25046,SO-0602,Constable Dinesh Chaudhary,Constable,39,2026-07-17 20:08:01+00:00,91.0,53.0,,0.0,0.0,0.0,0.185,-0.845,0.355,,0.0,0.0,0.0,,,,,0.0,0.0,30.0,0.0,0.0,0.0,53.0,36.5,2
25051,SO-0602,Constable Dinesh Chaudhary,Constable,39,2026-07-17 20:08:31+00:00,91.0,54.0,,0.0,0.0,0.0,-0.078,-0.843,0.041,,0.0,0.0,0.0,,,,,0.0,0.0,30.0,0.0,0.0,0.0,54.0,36.5,2
25055,SO-0602,Constable Dinesh Chaudhary,Constable,39,2026-07-17 20:09:01+00:00,91.0,53.0,,0.0,0.0,0.0,0.06,-0.886,0.418,,0.0,0.0,0.0,,,,,0.0,0.0,30.0,0.0,0.0,0.0,53.0,36.5,2
25061,SO-0602,Constable Dinesh Chaudhary,Constable,39,2026-07-17 20:09:31+00:00,91.0,53.0,,0.0,0.0,0.0,0.521,-1.35,0.208,,0.0,0.0,0.0,,,,,0.0,0.0,30.0,0.0,0.0,0.0,53.0,36.5,2
25066,SO-0602,Constable Dinesh Chaudhary,Constable,39,2026-07-17 20:10:01+00:00,97.0,73.0,,0.0,0.0,0.0,0.073,-0.755,0.203,,0.0,0.0,0.0,,,,,0.0,0.0,30.0,0.0,0.0,0.0,73.0,36.5,2
25071,SO-0602,Constable Dinesh Chaudhary,Constable,39,2026-07-17 20:10:31+00:00,97.0,55.0,,0.0,0.0,0.0,-0.025,-0.732,0.349,,0.0,0.0,0.0,,,,,0.0,0.0,30.0,0.0,0.0,0.0,55.0,36.5,2
25076,SO-0602,Constable Dinesh Chaudhary,Constable,39,2026-07-17 20:11:01+00:00,97.0,54.0,,0.0,0.0,0.0,0.354,-1.425,0.25,,0.0,0.0,0.0,,,,,0.0,0.0,30.0,0.0,0.0,0.0,54.0,36.5,2
25080,SO-0602,Constable Dinesh Chaudhary,Constable,39,2026-07-17 20:11:31+00:00,88.0,53.0,,0.0,0.0,0.0,-0.087,-0.563,0.139,,0.0,0.0,0.0,,,,,0.0,0.0,30.0,0.0,0.0,0.0,53.0,36.5,1
25084,SO-0602,Constable Dinesh Chaudhary,Constable,39,2026-07-17 20:12:01+00:00,86.0,51.0,,0.0,0.0,0.0,0.24,-1.033,0.376,,0.0,0.0,0.0,,,,,0.0,0.0,30.0,0.0,0.0,0.0,51.0,36.5,1
25087,SO-0602,Constable Dinesh Chaudhary,Constable,39,2026-07-17 20:12:31+00:00,86.0,55.0,,0.0,0.0,0.0,0.388,-1.158,0.145,,0.0,0.0,0.0,,,,,0.0,0.0,30.0,0.0,0.0,0.0,55.0,36.5,1
25091,SO-0602,Constable Dinesh Chaudhary,Constable,39,2026-07-17 20:13:01+00:00,86.0,52.0,,0.0,0.0,0.0,0.537,-1.082,0.211,,0.0,0.0,0.0,,,,,0.0,0.0,30.0,0.0,0.0,0.0,52.0,36.5,0
25094,SO-0602,Constable Dinesh Chaudhary,Constable,39,2026-07-17 20:13:31+00:00,86.0,51.0,,0.0,0.0,0.0,0.365,-1.062,0.179,,0.0,0.0,0.0,,,,,0.0,0.0,30.0,0.0,0.0,0.0,51.0,36.5,0
25097,SO-0602,Constable Dinesh Chaudhary,Constable,39,2026-07-17 20:14:01+00:00,99.0,86.0,,0.0,0.0,0.0,0.75,-0.632,-0.408,,0.0,0.0,0.0,,,,,0.0,0.0,30.0,0.0,0.0,0.0,86.0,36.5,2
25100,SO-0602,Constable Dinesh Chaudhary,Constable,39,2026-07-17 20:14:31+00:00,93.0,72.0,,0.0,0.0,0.0,0.592,-0.263,-0.785,,0.0,0.0,0.0,,,,,0.0,0.0,30.0,0.0,0.0,0.0,72.0,36.5,2
25119,SO-0602,Constable Dinesh Chaudhary,Constable,39,2026-07-17 20:18:01+00:00,88.0,88.0,,0.0,0.0,0.0,-0.001,1.002,0.009,,0.0,0.0,0.0,,,,,0.0,0.0,210.0,0.0,0.0,0.0,88.0,36.5,0
25123,SO-0602,Constable Dinesh Chaudhary,Constable,39,2026-07-17 20:18:31+00:00,86.0,71.0,,0.0,0.0,0.0,-0.002,0.998,0.018,,0.0,0.0,0.0,,,,,0.0,0.0,30.0,0.0,0.0,0.0,71.0,36.5,0
25127,SO-0602,Constable Dinesh Chaudhary,Constable,39,2026-07-17 20:19:01+00:00,92.0,55.0,,0.0,0.0,0.0,0.003,0.999,0.013,,0.0,0.0,0.0,,,,,0.0,0.0,30.0,0.0,0.0,0.0,55.0,36.5,2
25131,SO-0602,Constable Dinesh Chaudhary,Constable,39,2026-07-17 20:19:31+00:00,92.0,76.0,,0.0,0.0,0.0,0.0,1.003,0.007,,0.0,0.0,0.0,,,,,0.0,0.0,30.0,0.0,0.0,0.0,76.0,36.5,2
25135,SO-0602,Constable Dinesh Chaudhary,Constable,39,2026-07-17 20:20:01+00:00,85.0,88.0,,0.0,0.0,0.0,-0.009,1.0,0.012,,0.0,0.0,0.0,,,,,0.0,0.0,30.0,0.0,0.0,0.0,88.0,36.5,0
25139,SO-0602,Constable Dinesh Chaudhary,Constable,39,2026-07-17 20:20:31+00:00,88.0,88.0,,0.0,0.0,0.0,-0.011,0.996,-0.007,,0.0,0.0,0.0,,,,,0.0,0.0,30.0,0.0,0.0,0.0,88.0,36.5,0
25143,SO-0602,Constable Dinesh Chaudhary,Constable,39,2026-07-17 20:21:01+00:00,85.0,79.0,,0.0,0.0,0.0,0.001,1.001,0.014,,0.0,0.0,0.0,,,,,0.0,0.0,30.0,0.0,0.0,0.0,79.0,36.5,0
25146,SO-0602,Constable Dinesh Chaudhary,Constable,39,2026-07-17 20:21:31+00:00,83.0,78.0,,0.0,0.0,0.0,-0.003,1.001,0.003,,0.0,0.0,0.0,,,,,0.0,0.0,30.0,0.0,0.0,0.0,78.0,36.5,0
25149,SO-0602,Constable Dinesh Chaudhary,Constable,39,2026-07-17 20:22:01+00:00,82.0,88.0,,0.0,0.0,0.0,-0.004,1.005,0.017,,0.0,0.0,0.0,,,,,0.0,0.0,30.0,0.0,0.0,0.0,88.0,36.5,0
25152,SO-0602,Constable Dinesh Chaudhary,Constable,39,2026-07-17 20:22:31+00:00,88.0,88.0,,0.0,0.0,0.0,-0.028,0.008,0.987,,0.0,0.0,0.0,,,,,0.0,0.0,30.0,0.0,0.0,0.0,88.0,36.5,0
25155,SO-0602,Constable Dinesh Chaudhary,Constable,39,2026-07-17 20:23:01+00:00,85.0,88.0,,0.0,0.0,0.0,-0.026,0.013,0.983,,0.0,0.0,0.0,,,,,0.0,0.0,30.0,0.0,0.0,0.0,88.0,36.5,0
25158,SO-0602,Constable Dinesh Chaudhary,Constable,39,2026-07-17 20:23:31+00:00,85.0,88.0,,0.0,0.0,0.0,-0.028,0.009,0.98,,0.0,0.0,0.0,,,,,0.0,0.0,30.0,0.0,0.0,0.0,88.0,36.5,0
25161,SO-0602,Constable Dinesh Chaudhary,Constable,39,2026-07-17 20:24:01+00:00,85.0,86.0,,0.0,0.0,0.0,-0.031,0.008,0.983,,0.0,0.0,0.0,,,,,0.0,0.0,30.0,0.0,0.0,0.0,86.0,36.5,0
25164,SO-0602,Constable Dinesh Chaudhary,Constable,39,2026-07-17 20:24:31+00:00,81.0,86.0,,0.0,0.0,0.0,-0.029,0.012,0.991,,0.0,0.0,0.0,,,,,0.0,0.0,30.0,0.0,0.0,0.0,86.0,36.5,0
25167,SO-0602,Constable Dinesh Chaudhary,Constable,39,2026-07-17 20:25:01+00:00,84.0,88.0,,0.0,0.0,0.0,-0.021,0.013,0.977,,0.0,0.0,0.0,,,,,0.0,0.0,30.0,0.0,0.0,0.0,88.0,36.5,0
25171,SO-0602,Constable Dinesh Chaudhary,Constable,39,2026-07-17 20:25:31+00:00,80.0,88.0,,0.0,0.0,0.0,-0.026,0.01,0.979,,0.0,0.0,0.0,,,,,0.0,0.0,30.0,0.0,0.0,0.0,88.0,36.5,0
25175,SO-0602,Constable Dinesh Chaudhary,Constable,39,2026-07-17 20:26:01+00:00,94.0,88.0,,0.0,0.0,0.0,-0.254,-0.806,0.448,,0.0,0.0,0.0,,,,,0.0,0.0,30.0,0.0,0.0,0.0,88.0,36.5,2
25407,SO-0602,Constable Dinesh Chaudhary,Constable,39,2026-07-17 21:04:01+00:00,96.0,83.0,,0.0,0.0,0.0,-0.794,0.478,0.351,,0.0,0.0,0.0,,,,,0.0,0.0,2280.0,0.0,0.0,0.0,83.0,36.5,2
25411,SO-0602,Constable Dinesh Chaudhary,Constable,39,2026-07-17 21:04:31+00:00,100.0,83.0,,0.0,0.0,0.0,-0.936,0.208,-0.276,,0.0,0.0,0.0,,,,,0.0,0.0,30.0,0.0,0.0,0.0,83.0,36.5,2
25415,SO-0602,Constable Dinesh Chaudhary,Constable,39,2026-07-17 21:05:01+00:00,95.0,88.0,,0.0,0.0,0.0,-0.908,0.146,-0.119,,0.0,0.0,0.0,,,,,0.0,0.0,30.0,0.0,0.0,0.0,88.0,36.5,2
25419,SO-0602,Constable Dinesh Chaudhary,Constable,39,2026-07-17 21:05:31+00:00,82.0,79.0,,0.0,0.0,0.0,-0.761,0.785,0.524,,0.0,0.0,0.0,,,,,0.0,0.0,30.0,0.0,0.0,0.0,79.0,36.5,0
25423,SO-0602,Constable Dinesh Chaudhary,Constable,39,2026-07-17 21:06:01+00:00,96.0,88.0,,0.0,0.0,0.0,-0.77,0.207,-0.631,,0.0,0.0,0.0,,,,,0.0,0.0,30.0,0.0,0.0,0.0,88.0,36.5,2
25432,SO-0602,Constable Dinesh Chaudhary,Constable,39,2026-07-17 21:07:01+00:00,99.0,85.0,,0.0,0.0,0.0,-0.417,0.703,0.181,,0.0,0.0,0.0,,,,,0.0,0.0,60.0,0.0,0.0,0.0,85.0,36.5,2
25438,SO-0602,Constable Dinesh Chaudhary,Constable,39,2026-07-17 21:07:31+00:00,85.0,87.0,,0.0,0.0,0.0,-0.352,0.737,0.036,,0.0,0.0,0.0,,,,,0.0,0.0,30.0,0.0,0.0,0.0,87.0,36.5,0
25441,SO-0602,Constable Dinesh Chaudhary,Constable,39,2026-07-17 21:08:01+00:00,100.0,79.0,,0.0,0.0,0.0,0.07,0.811,-0.05,,0.0,0.0,0.0,,,,,0.0,0.0,30.0,0.0,0.0,0.0,79.0,36.5,2
25445,SO-0602,Constable Dinesh Chaudhary,Constable,39,2026-07-17 21:08:31+00:00,89.0,88.0,,0.0,0.0,0.0,0.123,0.891,0.059,,0.0,0.0,0.0,,,,,0.0,0.0,30.0,0.0,0.0,0.0,88.0,36.5,0
25450,SO-0602,Constable Dinesh Chaudhary,Constable,39,2026-07-17 21:09:01+00:00,84.0,75.0,,0.0,0.0,0.0,-0.26,-0.002,-1.002,,0.0,0.0,0.0,,,,,0.0,0.0,30.0,0.0,0.0,0.0,75.0,36.5,0
25455,SO-0602,Constable Dinesh Chaudhary,Constable,39,2026-07-17 21:09:31+00:00,97.0,79.0,,0.0,0.0,0.0,0.012,1.513,0.035,,0.0,0.0,0.0,,,,,0.0,0.0,30.0,0.0,0.0,0.0,79.0,36.5,2
25460,SO-0602,Constable Dinesh Chaudhary,Constable,39,2026-07-17 21:10:01+00:00,98.0,86.0,,0.0,0.0,0.0,0.534,0.746,0.123,,0.0,0.0,0.0,,,,,0.0,0.0,30.0,0.0,0.0,0.0,86.0,36.5,2
25465,SO-0602,Constable Dinesh Chaudhary,Constable,39,2026-07-17 21:10:31+00:00,98.0,51.0,,0.0,0.0,0.0,-0.425,0.376,-0.79,,0.0,0.0,0.0,,,,,0.0,0.0,30.0,0.0,0.0,0.0,51.0,36.5,2
25470,SO-0602,Constable Dinesh Chaudhary,Constable,39,2026-07-17 21:11:01+00:00,98.0,51.0,,0.0,0.0,0.0,-0.791,1.042,0.022,,0.0,0.0,0.0,,,,,0.0,0.0,30.0,0.0,0.0,0.0,51.0,36.5,2
25475,SO-0602,Constable Dinesh Chaudhary,Constable,39,2026-07-17 21:11:31+00:00,98.0,51.0,,0.0,0.0,0.0,-0.865,1.069,-0.044,,0.0,0.0,0.0,,,,,0.0,0.0,30.0,0.0,0.0,0.0,51.0,36.5,2
25480,SO-0602,Constable Dinesh Chaudhary,Constable,39,2026-07-17 21:12:01+00:00,98.0,49.0,,0.0,0.0,0.0,-0.739,1.223,0.197,,0.0,0.0,0.0,,,,,0.0,0.0,30.0,0.0,0.0,0.0,49.0,36.5,2
25485,SO-0602,Constable Dinesh Chaudhary,Constable,39,2026-07-17 21:12:31+00:00,98.0,52.0,,0.0,0.0,0.0,-0.989,1.448,-0.029,,0.0,0.0,0.0,,,,,0.0,0.0,30.0,0.0,0.0,0.0,52.0,36.5,2
25490,SO-0602,Constable Dinesh Chaudhary,Constable,39,2026-07-17 21:13:01+00:00,98.0,50.0,,0.0,0.0,0.0,-0.882,0.963,0.014,,0.0,0.0,0.0,,,,,0.0,0.0,30.0,0.0,0.0,0.0,50.0,36.5,2
25504,SO-0602,Constable Dinesh Chaudhary,Constable,39,2026-07-17 21:15:01+00:00,81.0,80.0,,0.0,0.0,0.0,-0.742,-0.114,0.639,,0.0,0.0,0.0,,,,,0.0,0.0,120.0,0.0,0.0,0.0,80.0,36.5,0
25507,SO-0602,Constable Dinesh Chaudhary,Constable,39,2026-07-17 21:15:31+00:00,88.0,81.0,,0.0,0.0,0.0,-0.863,0.115,-0.386,,0.0,0.0,0.0,,,,,0.0,0.0,30.0,0.0,0.0,0.0,81.0,36.5,0
25511,SO-0602,Constable Dinesh Chaudhary,Constable,39,2026-07-17 21:16:01+00:00,81.0,88.0,,0.0,0.0,0.0,-0.528,0.679,0.321,,0.0,0.0,0.0,,,,,0.0,0.0,30.0,0.0,0.0,0.0,88.0,36.5,1
25515,SO-0602,Constable Dinesh Chaudhary,Constable,39,2026-07-17 21:16:31+00:00,94.0,88.0,,0.0,0.0,0.0,-0.774,-0.073,-0.562,,0.0,0.0,0.0,,,,,0.0,0.0,30.0,0.0,0.0,0.0,88.0,36.5,2
25519,SO-0602,Constable Dinesh Chaudhary,Constable,39,2026-07-17 21:17:01+00:00,91.0,88.0,,0.0,0.0,0.0,-0.802,-0.021,-0.606,,0.0,0.0,0.0,,,,,0.0,0.0,30.0,0.0,0.0,0.0,88.0,36.5,2
25523,SO-0602,Constable Dinesh Chaudhary,Constable,39,2026-07-17 21:17:31+00:00,89.0,83.0,,0.0,0.0,0.0,-0.669,0.381,0.755,,0.0,0.0,0.0,,,,,0.0,0.0,30.0,0.0,0.0,0.0,83.0,36.5,0
25527,SO-0602,Constable Dinesh Chaudhary,Constable,39,2026-07-17 21:18:01+00:00,96.0,88.0,,0.0,0.0,0.0,-0.756,-0.391,0.453,,0.0,0.0,0.0,,,,,0.0,0.0,30.0,0.0,0.0,0.0,88.0,36.5,2
25531,SO-0602,Constable Dinesh Chaudhary,Constable,39,2026-07-17 21:18:31+00:00,94.0,88.0,,0.0,0.0,0.0,-0.929,0.031,0.317,,0.0,0.0,0.0,,,,,0.0,0.0,30.0,0.0,0.0,0.0,88.0,36.5,2
25535,SO-0602,Constable Dinesh Chaudhary,Constable,39,2026-07-17 21:19:01+00:00,83.0,88.0,,0.0,0.0,0.0,-0.843,0.028,0.498,,0.0,0.0,0.0,,,,,0.0,0.0,30.0,0.0,0.0,0.0,88.0,36.5,0
25539,SO-0602,Constable Dinesh Chaudhary,Constable,39,2026-07-17 21:19:31+00:00,99.0,88.0,,0.0,0.0,0.0,-0.775,-0.37,-0.36,,0.0,0.0,0.0,,,,,0.0,0.0,30.0,0.0,0.0,0.0,88.0,36.5,2
25543,SO-0602,Constable Dinesh Chaudhary,Constable,39,2026-07-17 21:20:01+00:00,88.0,88.0,,0.0,0.0,0.0,-0.779,-0.12,-0.576,,0.0,0.0,0.0,,,,,0.0,0.0,30.0,0.0,0.0,0.0,88.0,36.5,0
25547,SO-0602,Constable Dinesh Chaudhary,Constable,39,2026-07-17 21:20:31+00:00,87.0,88.0,,0.0,0.0,0.0,-1.404,0.053,-0.767,,0.0,0.0,0.0,,,,,0.0,0.0,30.0,0.0,0.0,0.0,88.0,36.5,0
25550,SO-0602,Constable Dinesh Chaudhary,Constable,39,2026-07-17 21:21:01+00:00,98.0,82.0,,0.0,0.0,0.0,-1.141,0.24,-0.031,,0.0,0.0,0.0,,,,,0.0,0.0,30.0,0.0,0.0,0.0,82.0,36.5,2
25553,SO-0602,Constable Dinesh Chaudhary,Constable,39,2026-07-17 21:21:31+00:00,85.0,85.0,,0.0,0.0,0.0,-0.623,-0.381,-0.635,,0.0,0.0,0.0,,,,,0.0,0.0,30.0,0.0,0.0,0.0,85.0,36.5,0
25556,SO-0602,Constable Dinesh Chaudhary,Constable,39,2026-07-17 21:22:01+00:00,88.0,86.0,,0.0,0.0,0.0,-0.909,0.208,-0.36,,0.0,0.0,0.0,,,,,0.0,0.0,30.0,0.0,0.0,0.0,86.0,36.5,0
25559,SO-0602,Constable Dinesh Chaudhary,Constable,39,2026-07-17 21:22:31+00:00,93.0,88.0,,0.0,0.0,0.0,-0.084,-0.782,0.581,,0.0,0.0,0.0,,,,,0.0,0.0,30.0,0.0,0.0,0.0,88.0,36.5,2
25562,SO-0602,Constable Dinesh Chaudhary,Constable,39,2026-07-17 21:23:01+00:00,88.0,88.0,,0.0,0.0,0.0,-0.985,0.001,-0.082,,0.0,0.0,0.0,,,,,0.0,0.0,30.0,0.0,0.0,0.0,88.0,36.5,0
25565,SO-0602,Constable Dinesh Chaudhary,Constable,39,2026-07-17 21:23:31+00:00,100.0,88.0,,0.0,0.0,0.0,-0.985,0.0,-0.088,,0.0,0.0,0.0,,,,,0.0,0.0,30.0,0.0,0.0,0.0,88.0,36.5,2
25568,SO-0602,Constable Dinesh Chaudhary,Constable,39,2026-07-17 21:24:01+00:00,96.0,83.0,,0.0,0.0,0.0,-0.546,-0.836,-0.095,,0.0,0.0,0.0,,,,,0.0,0.0,30.0,0.0,0.0,0.0,83.0,36.5,2
25571,SO-0602,Constable Dinesh Chaudhary,Constable,39,2026-07-17 21:24:31+00:00,83.0,88.0,,0.0,0.0,0.0,-0.359,-0.907,0.175,,0.0,0.0,0.0,,,,,0.0,0.0,30.0,0.0,0.0,0.0,88.0,36.5,0
25574,SO-0602,Constable Dinesh Chaudhary,Constable,39,2026-07-17 21:25:01+00:00,89.0,88.0,,0.0,0.0,0.0,-0.813,-0.487,-0.592,,0.0,0.0,0.0,,,,,0.0,0.0,30.0,0.0,0.0,0.0,88.0,36.5,0
25577,SO-0602,Constable Dinesh Chaudhary,Constable,39,2026-07-17 21:25:31+00:00,88.0,88.0,,0.0,0.0,0.0,-1.0,0.045,-0.016,,0.0,0.0,0.0,,,,,0.0,0.0,30.0,0.0,0.0,0.0,88.0,36.5,0
25580,SO-0602,Constable Dinesh Chaudhary,Constable,39,2026-07-17 21:26:01+00:00,94.0,88.0,,0.0,0.0,0.0,-0.686,0.937,-0.371,,0.0,0.0,0.0,,,,,0.0,0.0,30.0,0.0,0.0,0.0,88.0,36.5,2
25603,SO-0602,Constable Dinesh Chaudhary,Constable,39,2026-07-17 21:31:31+00:00,88.0,88.0,,0.0,0.0,0.0,-0.928,-0.126,-0.34,,0.0,0.0,0.0,,,,,0.0,0.0,330.0,0.0,0.0,0.0,88.0,36.5,0
25606,SO-0602,Constable Dinesh Chaudhary,Constable,39,2026-07-17 21:32:01+00:00,94.0,87.0,,0.0,0.0,0.0,-0.992,0.006,-0.06,,0.0,0.0,0.0,,,,,0.0,0.0,30.0,0.0,0.0,0.0,87.0,36.5,2
25609,SO-0602,Constable Dinesh Chaudhary,Constable,39,2026-07-17 21:32:31+00:00,96.0,88.0,,0.0,0.0,0.0,-0.962,0.02,0.188,,0.0,0.0,0.0,,,,,0.0,0.0,30.0,0.0,0.0,0.0,88.0,36.5,2
25612,SO-0602,Constable Dinesh Chaudhary,Constable,39,2026-07-17 21:33:01+00:00,83.0,87.0,,0.0,0.0,0.0,-2.0,0.628,-0.841,,0.0,0.0,0.0,,,,,0.0,0.0,30.0,0.0,0.0,0.0,87.0,36.5,1
25615,SO-0602,Constable Dinesh Chaudhary,Constable,39,2026-07-17 21:33:31+00:00,92.0,88.0,,0.0,0.0,0.0,-0.787,-0.45,-0.427,,0.0,0.0,0.0,,,,,0.0,0.0,30.0,0.0,0.0,0.0,88.0,36.5,1
25618,SO-0602,Constable Dinesh Chaudhary,Constable,39,2026-07-17 21:34:01+00:00,92.0,88.0,,0.0,0.0,0.0,-0.913,-0.406,-0.026,,0.0,0.0,0.0,,,,,0.0,0.0,30.0,0.0,0.0,0.0,88.0,36.5,1
25621,SO-0602,Constable Dinesh Chaudhary,Constable,39,2026-07-17 21:34:31+00:00,93.0,86.0,,0.0,0.0,0.0,-0.444,-0.877,-0.332,,0.0,0.0,0.0,,,,,0.0,0.0,30.0,0.0,0.0,0.0,86.0,36.5,1
25624,SO-0602,Constable Dinesh Chaudhary,Constable,39,2026-07-17 21:35:01+00:00,90.0,87.0,,0.0,0.0,0.0,-0.361,0.112,0.904,,0.0,0.0,0.0,,,,,0.0,0.0,30.0,0.0,0.0,0.0,87.0,36.5,1
25627,SO-0602,Constable Dinesh Chaudhary,Constable,39,2026-07-17 21:35:31+00:00,94.0,84.0,,0.0,0.0,0.0,-0.28,0.073,0.946,,0.0,0.0,0.0,,,,,0.0,0.0,30.0,0.0,0.0,0.0,84.0,36.5,2
25630,SO-0602,Constable Dinesh Chaudhary,Constable,39,2026-07-17 21:36:01+00:00,85.0,88.0,,0.0,0.0,0.0,-0.285,0.051,0.939,,0.0,0.0,0.0,,,,,0.0,0.0,30.0,0.0,0.0,0.0,88.0,36.5,0
25632,SO-0602,Constable Dinesh Chaudhary,Constable,39,2026-07-17 21:36:31+00:00,95.0,86.0,,0.0,0.0,0.0,-0.161,0.027,0.97,,0.0,0.0,0.0,,,,,0.0,0.0,30.0,0.0,0.0,0.0,86.0,36.5,2
25636,SO-0602,Constable Dinesh Chaudhary,Constable,39,2026-07-17 21:37:01+00:00,98.0,88.0,,0.0,0.0,0.0,-0.98,-0.001,-0.128,,0.0,0.0,0.0,,,,,0.0,0.0,30.0,0.0,0.0,0.0,88.0,36.5,2
25639,SO-0602,Constable Dinesh Chaudhary,Constable,39,2026-07-17 21:37:31+00:00,95.0,88.0,,0.0,0.0,0.0,-0.599,-0.167,0.76,,0.0,0.0,0.0,,,,,0.0,0.0,30.0,0.0,0.0,0.0,88.0,36.5,2
25642,SO-0602,Constable Dinesh Chaudhary,Constable,39,2026-07-17 21:38:01+00:00,88.0,88.0,,0.0,0.0,0.0,-0.417,-0.892,0.064,,0.0,0.0,0.0,,,,,0.0,0.0,30.0,0.0,0.0,0.0,88.0,36.5,0
25645,SO-0602,Constable Dinesh Chaudhary,Constable,39,2026-07-17 21:38:31+00:00,87.0,88.0,,0.0,0.0,0.0,-0.428,-0.882,-0.211,,0.0,0.0,0.0,,,,,0.0,0.0,30.0,0.0,0.0,0.0,88.0,36.5,0
25648,SO-0602,Constable Dinesh Chaudhary,Constable,39,2026-07-17 21:39:01+00:00,90.0,87.0,,0.0,0.0,0.0,-0.866,0.287,0.344,,0.0,0.0,0.0,,,,,0.0,0.0,30.0,0.0,0.0,0.0,87.0,36.5,0
25651,SO-0602,Constable Dinesh Chaudhary,Constable,39,2026-07-17 21:39:31+00:00,85.0,88.0,,0.0,0.0,0.0,0.227,-0.768,0.425,,0.0,0.0,0.0,,,,,0.0,0.0,30.0,0.0,0.0,0.0,88.0,36.5,0
25654,SO-0602,Constable Dinesh Chaudhary,Constable,39,2026-07-17 21:40:01+00:00,96.0,88.0,,0.0,0.0,0.0,-0.612,-0.782,-0.229,,0.0,0.0,0.0,,,,,0.0,0.0,30.0,0.0,0.0,0.0,88.0,36.5,2
25656,SO-0602,Constable Dinesh Chaudhary,Constable,39,2026-07-17 21:40:31+00:00,94.0,88.0,,0.0,0.0,0.0,0.688,-0.717,-0.203,,0.0,0.0,0.0,,,,,0.0,0.0,30.0,0.0,0.0,0.0,88.0,36.5,2
25658,SO-0602,Constable Dinesh Chaudhary,Constable,39,2026-07-17 21:41:01+00:00,87.0,87.0,,0.0,0.0,0.0,-0.783,-0.177,0.564,,0.0,0.0,0.0,,,,,0.0,0.0,30.0,0.0,0.0,0.0,87.0,36.5,0
25660,SO-0602,Constable Dinesh Chaudhary,Constable,39,2026-07-17 21:41:31+00:00,89.0,88.0,,0.0,0.0,0.0,-0.788,0.369,0.451,,0.0,0.0,0.0,,,,,0.0,0.0,30.0,0.0,0.0,0.0,88.0,36.5,0
25662,SO-0602,Constable Dinesh Chaudhary,Constable,39,2026-07-17 21:42:01+00:00,96.0,88.0,,0.0,0.0,0.0,-0.706,0.523,0.457,,0.0,0.0,0.0,,,,,0.0,0.0,30.0,0.0,0.0,0.0,88.0,36.5,2
25664,SO-0602,Constable Dinesh Chaudhary,Constable,39,2026-07-17 21:42:31+00:00,83.0,88.0,,0.0,0.0,0.0,-0.286,-0.966,-0.086,,0.0,0.0,0.0,,,,,0.0,0.0,30.0,0.0,0.0,0.0,88.0,36.5,0
25666,SO-0602,Constable Dinesh Chaudhary,Constable,39,2026-07-17 21:43:01+00:00,88.0,87.0,,0.0,0.0,0.0,-0.336,-0.973,-0.06,,0.0,0.0,0.0,,,,,0.0,0.0,30.0,0.0,0.0,0.0,87.0,36.5,0
25668,SO-0602,Constable Dinesh Chaudhary,Constable,39,2026-07-17 21:43:31+00:00,83.0,86.0,,0.0,0.0,0.0,-0.064,1.376,0.203,,0.0,0.0,0.0,,,,,0.0,0.0,30.0,0.0,0.0,0.0,86.0,36.5,0
25670,SO-0602,Constable Dinesh Chaudhary,Constable,39,2026-07-17 21:44:01+00:00,83.0,,,0.0,0.0,0.0,-0.113,0.96,0.318,,0.0,0.0,0.0,,,,,0.0,0.0,30.0,0.0,0.0,0.0,86.0,36.5,0
25672,SO-0602,Constable Dinesh Chaudhary,Constable,39,2026-07-17 21:44:31+00:00,83.0,81.0,,0.0,0.0,0.0,0.129,1.377,0.242,,0.0,0.0,0.0,,,,,0.0,0.0,30.0,0.0,0.0,0.0,81.0,36.5,0
25675,SO-0602,Constable Dinesh Chaudhary,Constable,39,2026-07-17 21:45:31+00:00,89.0,,,0.0,0.0,0.0,0.002,0.621,0.078,,0.0,0.0,0.0,,,,,0.0,0.0,60.0,0.0,0.0,0.0,81.0,36.5,0
25677,SO-0602,Constable Dinesh Chaudhary,Constable,39,2026-07-17 21:46:01+00:00,89.0,76.0,,0.0,0.0,0.0,-0.236,0.851,0.148,,0.0,0.0,0.0,,,,,0.0,0.0,30.0,0.0,0.0,0.0,76.0,36.5,0
25679,SO-0602,Constable Dinesh Chaudhary,Constable,39,2026-07-17 21:46:31+00:00,89.0,50.0,,0.0,0.0,0.0,-0.112,0.906,0.084,,0.0,0.0,0.0,,,,,0.0,0.0,30.0,0.0,0.0,0.0,50.0,36.5,0
25681,SO-0602,Constable Dinesh Chaudhary,Constable,39,2026-07-17 21:47:01+00:00,89.0,50.0,,0.0,0.0,0.0,-0.685,1.099,0.192,,0.0,0.0,0.0,,,,,0.0,0.0,30.0,0.0,0.0,0.0,50.0,36.5,0
25683,SO-0602,Constable Dinesh Chaudhary,Constable,39,2026-07-17 21:47:31+00:00,89.0,58.0,,0.0,0.0,0.0,-0.192,0.812,0.031,,0.0,0.0,0.0,,,,,0.0,0.0,30.0,0.0,0.0,0.0,58.0,36.5,0
25685,SO-0602,Constable Dinesh Chaudhary,Constable,39,2026-07-17 21:48:01+00:00,89.0,70.0,,0.0,0.0,0.0,-1.005,-1.206,0.246,,0.0,0.0,0.0,,,,,0.0,0.0,30.0,0.0,0.0,0.0,70.0,36.5,0
25687,SO-0602,Constable Dinesh Chaudhary,Constable,39,2026-07-17 21:48:31+00:00,89.0,52.0,,0.0,0.0,0.0,-0.017,0.863,0.114,,0.0,0.0,0.0,,,,,0.0,0.0,30.0,0.0,0.0,0.0,52.0,36.5,0
25689,SO-0602,Constable Dinesh Chaudhary,Constable,39,2026-07-17 21:49:01+00:00,89.0,51.0,,0.0,0.0,0.0,0.046,0.825,0.051,,0.0,0.0,0.0,,,,,0.0,0.0,30.0,0.0,0.0,0.0,51.0,36.5,0
25691,SO-0602,Constable Dinesh Chaudhary,Constable,39,2026-07-17 21:49:31+00:00,89.0,49.0,,0.0,0.0,0.0,-0.522,0.992,0.046,,0.0,0.0,0.0,,,,,0.0,0.0,30.0,0.0,0.0,0.0,49.0,36.5,0
25693,SO-0602,Constable Dinesh Chaudhary,Constable,39,2026-07-17 21:50:01+00:00,89.0,49.0,,0.0,0.0,0.0,0.025,0.816,-0.01,,0.0,0.0,0.0,,,,,0.0,0.0,30.0,0.0,0.0,0.0,49.0,36.5,0
25695,SO-0602,Constable Dinesh Chaudhary,Constable,39,2026-07-17 21:50:31+00:00,89.0,50.0,,0.0,0.0,0.0,0.116,0.829,0.015,,0.0,0.0,0.0,,,,,0.0,0.0,30.0,0.0,0.0,0.0,50.0,36.5,0
25697,SO-0602,Constable Dinesh Chaudhary,Constable,39,2026-07-17 21:51:01+00:00,100.0,87.0,,0.0,0.0,0.0,-0.551,0.647,-0.158,,0.0,0.0,0.0,,,,,0.0,0.0,30.0,0.0,0.0,0.0,87.0,36.5,2
25699,SO-0602,Constable Dinesh Chaudhary,Constable,39,2026-07-17 21:51:31+00:00,100.0,86.0,,0.0,0.0,0.0,0.115,0.81,-0.042,,0.0,0.0,0.0,,,,,0.0,0.0,30.0,0.0,0.0,0.0,86.0,36.5,2
25701,SO-0602,Constable Dinesh Chaudhary,Constable,39,2026-07-17 21:52:01+00:00,84.0,50.0,,0.0,0.0,0.0,-0.447,1.139,0.24,,0.0,0.0,0.0,,,,,0.0,0.0,30.0,0.0,0.0,0.0,50.0,36.5,0
25703,SO-0602,Constable Dinesh Chaudhary,Constable,39,2026-07-17 21:52:31+00:00,84.0,50.0,,0.0,0.0,0.0,-0.944,1.826,-0.003,,0.0,0.0,0.0,,,,,0.0,0.0,30.0,0.0,0.0,0.0,50.0,36.5,1
25705,SO-0602,Constable Dinesh Chaudhary,Constable,39,2026-07-17 21:53:01+00:00,84.0,49.0,,0.0,0.0,0.0,-0.046,-0.381,1.069,,0.0,0.0,0.0,,,,,0.0,0.0,30.0,0.0,0.0,0.0,49.0,36.5,1
25707,SO-0602,Constable Dinesh Chaudhary,Constable,39,2026-07-17 21:53:31+00:00,84.0,48.0,,0.0,0.0,0.0,-0.737,1.634,0.025,,0.0,0.0,0.0,,,,,0.0,0.0,30.0,0.0,0.0,0.0,48.0,36.5,1
25709,SO-0602,Constable Dinesh Chaudhary,Constable,39,2026-07-17 21:54:01+00:00,86.0,70.0,,0.0,0.0,0.0,-0.615,1.363,0.032,,0.0,0.0,0.0,,,,,0.0,0.0,30.0,0.0,0.0,0.0,70.0,36.5,1
25711,SO-0602,Constable Dinesh Chaudhary,Constable,39,2026-07-17 21:54:31+00:00,86.0,52.0,,0.0,0.0,0.0,-0.135,0.894,0.01,,0.0,0.0,0.0,,,,,0.0,0.0,30.0,0.0,0.0,0.0,52.0,36.5,1
25713,SO-0602,Constable Dinesh Chaudhary,Constable,39,2026-07-17 21:55:01+00:00,86.0,52.0,,0.0,0.0,0.0,-0.042,0.895,0.045,,0.0,0.0,0.0,,,,,0.0,0.0,30.0,0.0,0.0,0.0,52.0,36.5,1
25715,SO-0602,Constable Dinesh Chaudhary,Constable,39,2026-07-17 21:55:31+00:00,87.0,52.0,,0.0,0.0,0.0,-1.245,0.966,-0.166,,0.0,0.0,0.0,,,,,0.0,0.0,30.0,0.0,0.0,0.0,52.0,36.5,1
25717,SO-0602,Constable Dinesh Chaudhary,Constable,39,2026-07-17 21:56:01+00:00,87.0,51.0,,0.0,0.0,0.0,-0.734,1.017,0.09,,0.0,0.0,0.0,,,,,0.0,0.0,30.0,0.0,0.0,0.0,51.0,36.5,0
25719,SO-0602,Constable Dinesh Chaudhary,Constable,39,2026-07-17 21:56:31+00:00,87.0,49.0,,0.0,0.0,0.0,-0.665,1.031,0.107,,0.0,0.0,0.0,,,,,0.0,0.0,30.0,0.0,0.0,0.0,49.0,36.5,0
25721,SO-0602,Constable Dinesh Chaudhary,Constable,39,2026-07-17 21:57:01+00:00,88.0,49.0,,0.0,0.0,0.0,-0.371,0.686,0.186,,0.0,0.0,0.0,,,,,0.0,0.0,30.0,0.0,0.0,0.0,49.0,36.5,0
25723,SO-0602,Constable Dinesh Chaudhary,Constable,39,2026-07-17 21:57:31+00:00,87.0,88.0,,0.0,0.0,0.0,0.184,0.851,-0.033,,0.0,0.0,0.0,,,,,0.0,0.0,30.0,0.0,0.0,0.0,88.0,36.5,0
25725,SO-0602,Constable Dinesh Chaudhary,Constable,39,2026-07-17 21:58:01+00:00,87.0,53.0,,0.0,0.0,0.0,-0.045,0.956,-0.062,,0.0,0.0,0.0,,,,,0.0,0.0,30.0,0.0,0.0,0.0,53.0,36.5,0
25727,SO-0602,Constable Dinesh Chaudhary,Constable,39,2026-07-17 21:58:31+00:00,87.0,51.0,,0.0,0.0,0.0,0.147,0.838,0.017,,0.0,0.0,0.0,,,,,0.0,0.0,30.0,0.0,0.0,0.0,51.0,36.5,0
25729,SO-0602,Constable Dinesh Chaudhary,Constable,39,2026-07-17 21:59:01+00:00,87.0,50.0,,0.0,0.0,0.0,-0.046,0.778,0.019,,0.0,0.0,0.0,,,,,0.0,0.0,30.0,0.0,0.0,0.0,50.0,36.5,0
25731,SO-0602,Constable Dinesh Chaudhary,Constable,39,2026-07-17 21:59:31+00:00,87.0,50.0,,0.0,0.0,0.0,-0.831,0.863,-0.029,,0.0,0.0,0.0,,,,,0.0,0.0,30.0,0.0,0.0,0.0,50.0,36.5,0
25733,SO-0602,Constable Dinesh Chaudhary,Constable,39,2026-07-17 22:00:01+00:00,87.0,48.0,,0.0,0.0,0.0,-0.55,1.455,0.142,,0.0,0.0,0.0,,,,,0.0,0.0,30.0,0.0,0.0,0.0,48.0,36.5,0
25735,SO-0602,Constable Dinesh Chaudhary,Constable,39,2026-07-17 22:00:31+00:00,93.0,67.0,,0.0,0.0,0.0,-0.203,0.884,0.006,,0.0,0.0,0.0,,,,,0.0,0.0,30.0,0.0,0.0,0.0,67.0,36.5,2
25737,SO-0602,Constable Dinesh Chaudhary,Constable,39,2026-07-17 22:01:01+00:00,93.0,53.0,,0.0,0.0,0.0,0.108,0.878,0.027,,0.0,0.0,0.0,,,,,0.0,0.0,30.0,0.0,0.0,0.0,53.0,36.5,2
25739,SO-0602,Constable Dinesh Chaudhary,Constable,39,2026-07-17 22:01:31+00:00,93.0,53.0,,0.0,0.0,0.0,-0.5,-0.848,0.083,,0.0,0.0,0.0,,,,,0.0,0.0,30.0,0.0,0.0,0.0,53.0,36.5,2
25741,SO-0602,Constable Dinesh Chaudhary,Constable,39,2026-07-17 22:02:01+00:00,87.0,50.0,,0.0,0.0,0.0,-0.066,0.892,-0.082,,0.0,0.0,0.0,,,,,0.0,0.0,30.0,0.0,0.0,0.0,50.0,36.5,0
25743,SO-0602,Constable Dinesh Chaudhary,Constable,39,2026-07-17 22:02:31+00:00,87.0,50.0,,0.0,0.0,0.0,-0.732,0.849,0.024,,0.0,0.0,0.0,,,,,0.0,0.0,30.0,0.0,0.0,0.0,50.0,36.5,0
25745,SO-0602,Constable Dinesh Chaudhary,Constable,39,2026-07-17 22:03:01+00:00,87.0,71.0,,0.0,0.0,0.0,-0.554,1.457,0.214,,0.0,0.0,0.0,,,,,0.0,0.0,30.0,0.0,0.0,0.0,71.0,36.5,0
25747,SO-0602,Constable Dinesh Chaudhary,Constable,39,2026-07-17 22:03:31+00:00,88.0,53.0,,0.0,0.0,0.0,-0.586,1.062,0.049,,0.0,0.0,0.0,,,,,0.0,0.0,30.0,0.0,0.0,0.0,53.0,36.5,0
25749,SO-0602,Constable Dinesh Chaudhary,Constable,39,2026-07-17 22:04:01+00:00,88.0,61.0,,0.0,0.0,0.0,-0.161,0.705,-0.008,,0.0,0.0,0.0,,,,,0.0,0.0,30.0,0.0,0.0,0.0,61.0,36.5,0
25751,SO-0602,Constable Dinesh Chaudhary,Constable,39,2026-07-17 22:04:31+00:00,88.0,78.0,,0.0,0.0,0.0,-0.495,0.48,0.27,,0.0,0.0,0.0,,,,,0.0,0.0,30.0,0.0,0.0,0.0,78.0,36.5,1
25753,SO-0602,Constable Dinesh Chaudhary,Constable,39,2026-07-17 22:05:01+00:00,88.0,49.0,,0.0,0.0,0.0,-0.538,0.985,0.002,,0.0,0.0,0.0,,,,,0.0,0.0,30.0,0.0,0.0,0.0,49.0,36.5,1
25755,SO-0602,Constable Dinesh Chaudhary,Constable,39,2026-07-17 22:05:31+00:00,88.0,50.0,,0.0,0.0,0.0,0.027,0.591,0.108,,0.0,0.0,0.0,,,,,0.0,0.0,30.0,0.0,0.0,0.0,50.0,36.5,0
25757,SO-0602,Constable Dinesh Chaudhary,Constable,39,2026-07-17 22:06:01+00:00,88.0,49.0,,0.0,0.0,0.0,-0.607,0.945,0.052,,0.0,0.0,0.0,,,,,0.0,0.0,30.0,0.0,0.0,0.0,49.0,36.5,0
25759,SO-0602,Constable Dinesh Chaudhary,Constable,39,2026-07-17 22:06:31+00:00,88.0,50.0,,0.0,0.0,0.0,-1.755,-0.197,-0.751,,0.0,0.0,0.0,,,,,0.0,0.0,30.0,0.0,0.0,0.0,50.0,36.5,1
25761,SO-0602,Constable Dinesh Chaudhary,Constable,39,2026-07-17 22:07:01+00:00,93.0,56.0,,0.0,0.0,0.0,-0.166,0.828,-0.008,,0.0,0.0,0.0,,,,,0.0,0.0,30.0,0.0,0.0,0.0,56.0,36.5,1
25763,SO-0602,Constable Dinesh Chaudhary,Constable,39,2026-07-17 22:07:31+00:00,93.0,60.0,,0.0,0.0,0.0,-1.125,-0.33,0.054,,0.0,0.0,0.0,,,,,0.0,0.0,30.0,0.0,0.0,0.0,60.0,36.5,1
25765,SO-0602,Constable Dinesh Chaudhary,Constable,39,2026-07-17 22:08:01+00:00,90.0,58.0,,0.0,0.0,0.0,-0.224,1.471,0.166,,0.0,0.0,0.0,,,,,0.0,0.0,30.0,0.0,0.0,0.0,58.0,36.5,1
25767,SO-0602,Constable Dinesh Chaudhary,Constable,39,2026-07-17 22:08:31+00:00,90.0,50.0,,0.0,0.0,0.0,0.081,0.58,0.073,,0.0,0.0,0.0,,,,,0.0,0.0,30.0,0.0,0.0,0.0,50.0,36.5,1
25769,SO-0602,Constable Dinesh Chaudhary,Constable,39,2026-07-17 22:09:01+00:00,90.0,49.0,,0.0,0.0,0.0,-0.847,1.408,-0.039,,0.0,0.0,0.0,,,,,0.0,0.0,30.0,0.0,0.0,0.0,49.0,36.5,1
25771,SO-0602,Constable Dinesh Chaudhary,Constable,39,2026-07-17 22:09:31+00:00,90.0,84.0,,0.0,0.0,0.0,-0.537,1.653,0.178,,0.0,0.0,0.0,,,,,0.0,0.0,30.0,0.0,0.0,0.0,84.0,36.5,1
25773,SO-0602,Constable Dinesh Chaudhary,Constable,39,2026-07-17 22:10:01+00:00,90.0,52.0,,0.0,0.0,0.0,-0.129,0.76,-0.058,,0.0,0.0,0.0,,,,,0.0,0.0,30.0,0.0,0.0,0.0,52.0,36.5,1
25775,SO-0602,Constable Dinesh Chaudhary,Constable,39,2026-07-17 22:10:31+00:00,90.0,52.0,,0.0,0.0,0.0,-0.092,0.826,-0.018,,0.0,0.0,0.0,,,,,0.0,0.0,30.0,0.0,0.0,0.0,52.0,36.5,1
25777,SO-0602,Constable Dinesh Chaudhary,Constable,39,2026-07-17 22:11:01+00:00,90.0,51.0,,0.0,0.0,0.0,-0.022,0.542,-0.066,,0.0,0.0,0.0,,,,,0.0,0.0,30.0,0.0,0.0,0.0,51.0,36.5,1
25779,SO-0602,Constable Dinesh Chaudhary,Constable,39,2026-07-17 22:11:31+00:00,90.0,51.0,,0.0,0.0,0.0,-0.753,1.592,0.088,,0.0,0.0,0.0,,,,,0.0,0.0,30.0,0.0,0.0,0.0,51.0,36.5,1
25781,SO-0602,Constable Dinesh Chaudhary,Constable,39,2026-07-17 22:12:01+00:00,90.0,48.0,,0.0,0.0,0.0,-0.513,0.859,0.341,,0.0,0.0,0.0,,,,,0.0,0.0,30.0,0.0,0.0,0.0,48.0,36.5,1
25783,SO-0602,Constable Dinesh Chaudhary,Constable,39,2026-07-17 22:12:31+00:00,84.0,88.0,,0.0,0.0,0.0,-0.932,-0.079,-0.295,,0.0,0.0,0.0,,,,,0.0,0.0,30.0,0.0,0.0,0.0,88.0,36.5,1
25785,SO-0602,Constable Dinesh Chaudhary,Constable,39,2026-07-17 22:13:01+00:00,98.0,50.0,,0.0,0.0,0.0,-0.177,1.056,0.193,,0.0,0.0,0.0,,,,,0.0,0.0,30.0,0.0,0.0,0.0,50.0,36.5,1
25787,SO-0602,Constable Dinesh Chaudhary,Constable,39,2026-07-17 22:13:31+00:00,100.0,50.0,,0.0,0.0,0.0,-0.477,1.374,0.38,,0.0,0.0,0.0,,,,,0.0,0.0,30.0,0.0,0.0,0.0,50.0,36.5,2
25789,SO-0602,Constable Dinesh Chaudhary,Constable,39,2026-07-17 22:14:01+00:00,100.0,60.0,,0.0,0.0,0.0,-0.216,0.738,0.09,,0.0,0.0,0.0,,,,,0.0,0.0,30.0,0.0,0.0,0.0,60.0,36.5,2
25791,SO-0602,Constable Dinesh Chaudhary,Constable,39,2026-07-17 22:14:31+00:00,98.0,53.0,,0.0,0.0,0.0,-0.718,-0.596,-0.465,,0.0,0.0,0.0,,,,,0.0,0.0,30.0,0.0,0.0,0.0,53.0,36.5,2
25793,SO-0602,Constable Dinesh Chaudhary,Constable,39,2026-07-17 22:15:01+00:00,98.0,51.0,,0.0,0.0,0.0,0.008,0.681,0.06,,0.0,0.0,0.0,,,,,0.0,0.0,30.0,0.0,0.0,0.0,51.0,36.5,2
25795,SO-0602,Constable Dinesh Chaudhary,Constable,39,2026-07-17 22:15:31+00:00,98.0,68.0,,0.0,0.0,0.0,0.114,0.523,0.094,,0.0,0.0,0.0,,,,,0.0,0.0,30.0,0.0,0.0,0.0,68.0,36.5,1
25797,SO-0602,Constable Dinesh Chaudhary,Constable,39,2026-07-17 22:16:01+00:00,98.0,49.0,,0.0,0.0,0.0,0.111,0.824,0.005,,0.0,0.0,0.0,,,,,0.0,0.0,30.0,0.0,0.0,0.0,49.0,36.5,2
25798,SO-0602,Constable Dinesh Chaudhary,Constable,39,2026-07-17 22:16:31+00:00,97.0,69.0,,0.0,0.0,0.0,-0.488,1.823,0.059,,0.0,0.0,0.0,,,,,0.0,0.0,30.0,0.0,0.0,0.0,69.0,36.5,1
25799,SO-0602,Constable Dinesh Chaudhary,Constable,39,2026-07-17 22:17:01+00:00,97.0,57.0,,0.0,0.0,0.0,-0.13,0.778,-0.039,,0.0,0.0,0.0,,,,,0.0,0.0,30.0,0.0,0.0,0.0,57.0,36.5,1
25800,SO-0602,Constable Dinesh Chaudhary,Constable,39,2026-07-17 22:17:31+00:00,91.0,88.0,,0.0,0.0,0.0,0.937,-0.34,0.574,,0.0,0.0,0.0,,,,,0.0,0.0,30.0,0.0,0.0,0.0,88.0,36.5,1
25801,SO-0602,Constable Dinesh Chaudhary,Constable,39,2026-07-17 22:18:01+00:00,93.0,87.0,,0.0,0.0,0.0,-0.555,0.261,0.792,,0.0,0.0,0.0,,,,,0.0,0.0,30.0,0.0,0.0,0.0,87.0,36.5,1
25802,SO-0602,Constable Dinesh Chaudhary,Constable,39,2026-07-17 22:18:31+00:00,95.0,88.0,,0.0,0.0,0.0,-1.119,-0.424,0.251,,0.0,0.0,0.0,,,,,0.0,0.0,30.0,0.0,0.0,0.0,88.0,36.5,1
25803,SO-0602,Constable Dinesh Chaudhary,Constable,39,2026-07-17 22:19:01+00:00,91.0,88.0,,0.0,0.0,0.0,-0.843,0.058,0.446,,0.0,0.0,0.0,,,,,0.0,0.0,30.0,0.0,0.0,0.0,88.0,36.5,2
25804,SO-0602,Constable Dinesh Chaudhary,Constable,39,2026-07-17 22:19:31+00:00,92.0,86.0,,0.0,0.0,0.0,-0.533,-0.807,0.215,,0.0,0.0,0.0,,,,,0.0,0.0,30.0,0.0,0.0,0.0,86.0,36.5,2
25805,SO-0602,Constable Dinesh Chaudhary,Constable,39,2026-07-17 22:20:01+00:00,87.0,88.0,,0.0,0.0,0.0,-0.743,0.091,0.638,,0.0,0.0,0.0,,,,,0.0,0.0,30.0,0.0,0.0,0.0,88.0,36.5,0
25806,SO-0602,Constable Dinesh Chaudhary,Constable,39,2026-07-17 22:20:31+00:00,91.0,88.0,,0.0,0.0,0.0,-0.713,-0.117,0.658,,0.0,0.0,0.0,,,,,0.0,0.0,30.0,0.0,0.0,0.0,88.0,36.5,2
25807,SO-0602,Constable Dinesh Chaudhary,Constable,39,2026-07-17 22:21:01+00:00,88.0,88.0,,0.0,0.0,0.0,-0.489,-0.184,-0.753,,0.0,0.0,0.0,,,,,0.0,0.0,30.0,0.0,0.0,0.0,88.0,36.5,0
25808,SO-0602,Constable Dinesh Chaudhary,Constable,39,2026-07-17 22:21:31+00:00,95.0,88.0,,0.0,0.0,0.0,-0.523,0.174,-0.901,,0.0,0.0,0.0,,,,,0.0,0.0,30.0,0.0,0.0,0.0,88.0,36.5,2
25809,SO-0602,Constable Dinesh Chaudhary,Constable,39,2026-07-17 22:22:01+00:00,84.0,73.0,,0.0,0.0,0.0,-0.567,-0.282,0.87,,0.0,0.0,0.0,,,,,0.0,0.0,30.0,0.0,0.0,0.0,73.0,36.5,0
25810,SO-0602,Constable Dinesh Chaudhary,Constable,39,2026-07-17 22:22:31+00:00,87.0,87.0,,0.0,0.0,0.0,-0.968,0.14,0.038,,0.0,0.0,0.0,,,,,0.0,0.0,30.0,0.0,0.0,0.0,87.0,36.5,0
25811,SO-0602,Constable Dinesh Chaudhary,Constable,39,2026-07-17 22:23:01+00:00,91.0,88.0,,0.0,0.0,0.0,-0.433,-0.89,0.09,,0.0,0.0,0.0,,,,,0.0,0.0,30.0,0.0,0.0,0.0,88.0,36.5,2
25812,SO-0602,Constable Dinesh Chaudhary,Constable,39,2026-07-17 22:23:31+00:00,89.0,88.0,,0.0,0.0,0.0,-0.387,-0.895,0.183,,0.0,0.0,0.0,,,,,0.0,0.0,30.0,0.0,0.0,0.0,88.0,36.5,0
25813,SO-0602,Constable Dinesh Chaudhary,Constable,39,2026-07-17 22:24:01+00:00,91.0,88.0,,0.0,0.0,0.0,0.024,-0.895,0.43,,0.0,0.0,0.0,,,,,0.0,0.0,30.0,0.0,0.0,0.0,88.0,36.5,2
25814,SO-0602,Constable Dinesh Chaudhary,Constable,39,2026-07-17 22:24:31+00:00,88.0,88.0,,0.0,0.0,0.0,-0.245,0.228,0.922,,0.0,0.0,0.0,,,,,0.0,0.0,30.0,0.0,0.0,0.0,88.0,36.5,0
25815,SO-0602,Constable Dinesh Chaudhary,Constable,39,2026-07-17 22:25:01+00:00,85.0,84.0,,0.0,0.0,0.0,-0.353,-0.983,0.158,,0.0,0.0,0.0,,,,,0.0,0.0,30.0,0.0,0.0,0.0,84.0,36.5,0
25816,SO-0602,Constable Dinesh Chaudhary,Constable,39,2026-07-17 22:25:31+00:00,81.0,84.0,,0.0,0.0,0.0,-0.167,-0.982,0.073,,0.0,0.0,0.0,,,,,0.0,0.0,30.0,0.0,0.0,0.0,84.0,36.5,0
25817,SO-0602,Constable Dinesh Chaudhary,Constable,39,2026-07-17 22:26:01+00:00,83.0,88.0,,0.0,0.0,0.0,-0.991,0.017,0.069,,0.0,0.0,0.0,,,,,0.0,0.0,30.0,0.0,0.0,0.0,88.0,36.5,0
25818,SO-0602,Constable Dinesh Chaudhary,Constable,39,2026-07-17 22:26:31+00:00,94.0,88.0,,0.0,0.0,0.0,-0.834,-0.161,-0.549,,0.0,0.0,0.0,,,,,0.0,0.0,30.0,0.0,0.0,0.0,88.0,36.5,2
25819,SO-0602,Constable Dinesh Chaudhary,Constable,39,2026-07-17 22:27:01+00:00,92.0,88.0,,0.0,0.0,0.0,-0.163,-0.992,0.054,,0.0,0.0,0.0,,,,,0.0,0.0,30.0,0.0,0.0,0.0,88.0,36.5,2
25820,SO-0602,Constable Dinesh Chaudhary,Constable,39,2026-07-17 22:27:31+00:00,92.0,87.0,,0.0,0.0,0.0,-0.364,0.028,-0.976,,0.0,0.0,0.0,,,,,0.0,0.0,30.0,0.0,0.0,0.0,87.0,36.5,2
25821,SO-0602,Constable Dinesh Chaudhary,Constable,39,2026-07-17 22:28:01+00:00,97.0,88.0,,0.0,0.0,0.0,-0.661,-0.161,-0.72,,0.0,0.0,0.0,,,,,0.0,0.0,30.0,0.0,0.0,0.0,88.0,36.5,2
25822,SO-0602,Constable Dinesh Chaudhary,Constable,39,2026-07-17 22:28:31+00:00,97.0,88.0,,0.0,0.0,0.0,-0.167,-0.909,0.193,,0.0,0.0,0.0,,,,,0.0,0.0,30.0,0.0,0.0,0.0,88.0,36.5,2
25824,SO-0602,Constable Dinesh Chaudhary,Constable,39,2026-07-17 22:29:01+00:00,82.0,88.0,,0.0,0.0,0.0,-0.673,0.234,0.673,,0.0,0.0,0.0,,,,,0.0,0.0,30.0,0.0,0.0,0.0,88.0,36.5,0
25825,SO-0602,Constable Dinesh Chaudhary,Constable,39,2026-07-17 22:29:31+00:00,91.0,88.0,,0.0,0.0,0.0,-0.619,0.21,0.691,,0.0,0.0,0.0,,,,,0.0,0.0,30.0,0.0,0.0,0.0,88.0,36.5,2
25826,SO-0602,Constable Dinesh Chaudhary,Constable,39,2026-07-17 22:30:01+00:00,84.0,88.0,,0.0,0.0,0.0,-0.886,0.175,0.384,,0.0,0.0,0.0,,,,,0.0,0.0,30.0,0.0,0.0,0.0,88.0,36.5,0
25827,SO-0602,Constable Dinesh Chaudhary,Constable,39,2026-07-17 22:30:31+00:00,93.0,80.0,,0.0,0.0,0.0,-0.824,0.322,0.453,,0.0,0.0,0.0,,,,,0.0,0.0,30.0,0.0,0.0,0.0,80.0,36.5,2
25828,SO-0602,Constable Dinesh Chaudhary,Constable,39,2026-07-17 22:31:01+00:00,98.0,88.0,,0.0,0.0,0.0,-0.319,0.335,0.805,,0.0,0.0,0.0,,,,,0.0,0.0,30.0,0.0,0.0,0.0,88.0,36.5,2
25829,SO-0602,Constable Dinesh Chaudhary,Constable,39,2026-07-17 22:31:31+00:00,88.0,88.0,,0.0,0.0,0.0,-0.836,0.336,0.369,,0.0,0.0,0.0,,,,,0.0,0.0,30.0,0.0,0.0,0.0,88.0,36.5,0
25830,SO-0602,Constable Dinesh Chaudhary,Constable,39,2026-07-17 22:32:01+00:00,87.0,86.0,,0.0,0.0,0.0,-0.673,0.072,0.725,,0.0,0.0,0.0,,,,,0.0,0.0,30.0,0.0,0.0,0.0,86.0,36.5,0
25831,SO-0602,Constable Dinesh Chaudhary,Constable,39,2026-07-17 22:32:31+00:00,92.0,88.0,,0.0,0.0,0.0,-0.608,0.764,0.112,,0.0,0.0,0.0,,,,,0.0,0.0,30.0,0.0,0.0,0.0,88.0,36.5,2
25832,SO-0602,Constable Dinesh Chaudhary,Constable,39,2026-07-17 22:33:01+00:00,88.0,87.0,,0.0,0.0,0.0,-0.989,0.036,-0.064,,0.0,0.0,0.0,,,,,0.0,0.0,30.0,0.0,0.0,0.0,87.0,36.5,0
25833,SO-0602,Constable Dinesh Chaudhary,Constable,39,2026-07-17 22:33:31+00:00,95.0,88.0,,0.0,0.0,0.0,-0.695,-0.426,0.543,,0.0,0.0,0.0,,,,,0.0,0.0,30.0,0.0,0.0,0.0,88.0,36.5,2
25834,SO-0602,Constable Dinesh Chaudhary,Constable,39,2026-07-17 22:34:01+00:00,89.0,88.0,,0.0,0.0,0.0,-0.72,-0.42,0.515,,0.0,0.0,0.0,,,,,0.0,0.0,30.0,0.0,0.0,0.0,88.0,36.5,0
25835,SO-0602,Constable Dinesh Chaudhary,Constable,39,2026-07-17 22:34:31+00:00,94.0,88.0,,0.0,0.0,0.0,-0.751,-0.029,0.631,,0.0,0.0,0.0,,,,,0.0,0.0,30.0,0.0,0.0,0.0,88.0,36.5,2
25836,SO-0602,Constable Dinesh Chaudhary,Constable,39,2026-07-17 22:35:01+00:00,92.0,87.0,,0.0,0.0,0.0,-0.822,-0.095,0.511,,0.0,0.0,0.0,,,,,0.0,0.0,30.0,0.0,0.0,0.0,87.0,36.5,2
25837,SO-0602,Constable Dinesh Chaudhary,Constable,39,2026-07-17 22:35:31+00:00,97.0,88.0,,0.0,0.0,0.0,-0.835,0.041,0.5,,0.0,0.0,0.0,,,,,0.0,0.0,30.0,0.0,0.0,0.0,88.0,36.5,2
25838,SO-0602,Constable Dinesh Chaudhary,Constable,39,2026-07-17 22:36:01+00:00,82.0,88.0,,0.0,0.0,0.0,-0.463,0.006,0.841,,0.0,0.0,0.0,,,,,0.0,0.0,30.0,0.0,0.0,0.0,88.0,36.5,0
25839,SO-0602,Constable Dinesh Chaudhary,Constable,39,2026-07-17 22:36:31+00:00,83.0,88.0,,0.0,0.0,0.0,-0.59,-0.055,0.791,,0.0,0.0,0.0,,,,,0.0,0.0,30.0,0.0,0.0,0.0,88.0,36.5,0
25840,SO-0602,Constable Dinesh Chaudhary,Constable,39,2026-07-17 22:37:01+00:00,83.0,85.0,,0.0,0.0,0.0,-0.512,-0.023,0.843,,0.0,0.0,0.0,,,,,0.0,0.0,30.0,0.0,0.0,0.0,85.0,36.5,0
25841,SO-0602,Constable Dinesh Chaudhary,Constable,39,2026-07-17 22:37:31+00:00,89.0,88.0,,0.0,0.0,0.0,-0.562,-0.01,0.801,,0.0,0.0,0.0,,,,,0.0,0.0,30.0,0.0,0.0,0.0,88.0,36.5,0
25842,SO-0602,Constable Dinesh Chaudhary,Constable,39,2026-07-17 22:38:01+00:00,95.0,88.0,,0.0,0.0,0.0,-0.76,-0.112,0.616,,0.0,0.0,0.0,,,,,0.0,0.0,30.0,0.0,0.0,0.0,88.0,36.5,2
25843,SO-0602,Constable Dinesh Chaudhary,Constable,39,2026-07-17 22:38:31+00:00,83.0,88.0,,0.0,0.0,0.0,-1.021,-0.117,0.649,,0.0,0.0,0.0,,,,,0.0,0.0,30.0,0.0,0.0,0.0,88.0,36.5,0
25844,SO-0602,Constable Dinesh Chaudhary,Constable,39,2026-07-17 22:39:01+00:00,89.0,88.0,,0.0,0.0,0.0,-0.66,-0.144,0.713,,0.0,0.0,0.0,,,,,0.0,0.0,30.0,0.0,0.0,0.0,88.0,36.5,0
25845,SO-0602,Constable Dinesh Chaudhary,Constable,39,2026-07-17 22:39:31+00:00,86.0,88.0,,0.0,0.0,0.0,-0.8,-0.434,0.385,,0.0,0.0,0.0,,,,,0.0,0.0,30.0,0.0,0.0,0.0,88.0,36.5,0
25846,SO-0602,Constable Dinesh Chaudhary,Constable,39,2026-07-17 22:40:01+00:00,89.0,88.0,,0.0,0.0,0.0,-0.779,-0.444,0.398,,0.0,0.0,0.0,,,,,0.0,0.0,30.0,0.0,0.0,0.0,88.0,36.5,0
25847,SO-0602,Constable Dinesh Chaudhary,Constable,39,2026-07-17 22:40:31+00:00,93.0,83.0,,0.0,0.0,0.0,-0.692,-0.377,0.56,,0.0,0.0,0.0,,,,,0.0,0.0,30.0,0.0,0.0,0.0,83.0,36.5,2
25848,SO-0602,Constable Dinesh Chaudhary,Constable,39,2026-07-17 22:41:01+00:00,91.0,87.0,,0.0,0.0,0.0,-0.797,-0.349,0.481,,0.0,0.0,0.0,,,,,0.0,0.0,30.0,0.0,0.0,0.0,87.0,36.5,2
25849,SO-0602,Constable Dinesh Chaudhary,Constable,39,2026-07-17 22:41:31+00:00,81.0,88.0,,0.0,0.0,0.0,-0.761,0.269,0.554,,0.0,0.0,0.0,,,,,0.0,0.0,30.0,0.0,0.0,0.0,88.0,36.5,0
25850,SO-0602,Constable Dinesh Chaudhary,Constable,39,2026-07-17 22:42:01+00:00,81.0,88.0,,0.0,0.0,0.0,-0.692,0.373,0.704,,0.0,0.0,0.0,,,,,0.0,0.0,30.0,0.0,0.0,0.0,88.0,36.5,0
25851,SO-0602,Constable Dinesh Chaudhary,Constable,39,2026-07-17 22:42:31+00:00,95.0,87.0,,0.0,0.0,0.0,-0.577,0.751,0.245,,0.0,0.0,0.0,,,,,0.0,0.0,30.0,0.0,0.0,0.0,87.0,36.5,2
25852,SO-0602,Constable Dinesh Chaudhary,Constable,39,2026-07-17 22:43:01+00:00,98.0,86.0,,0.0,0.0,0.0,-0.906,0.094,-0.144,,0.0,0.0,0.0,,,,,0.0,0.0,30.0,0.0,0.0,0.0,86.0,36.5,2
25853,SO-0602,Constable Dinesh Chaudhary,Constable,39,2026-07-17 22:43:31+00:00,92.0,87.0,,0.0,0.0,0.0,-0.413,-0.707,-0.166,,0.0,0.0,0.0,,,,,0.0,0.0,30.0,0.0,0.0,0.0,87.0,36.5,2
25854,SO-0602,Constable Dinesh Chaudhary,Constable,39,2026-07-17 22:48:31+00:00,96.0,,,0.0,0.0,0.0,0.017,0.041,0.979,,0.0,0.0,0.0,,,,,0.0,0.0,300.0,0.0,0.0,0.0,87.0,36.5,2
25855,SO-0602,Constable Dinesh Chaudhary,Constable,39,2026-07-17 22:49:01+00:00,98.0,,,0.0,0.0,0.0,0.014,0.037,0.988,,0.0,0.0,0.0,,,,,0.0,0.0,30.0,0.0,0.0,0.0,87.0,36.5,2
25856,SO-0602,Constable Dinesh Chaudhary,Constable,39,2026-07-17 22:49:31+00:00,96.0,,,0.0,0.0,0.0,0.016,0.041,0.984,,0.0,0.0,0.0,,,,,0.0,0.0,30.0,0.0,0.0,0.0,87.0,36.5,2
25857,SO-0602,Constable Dinesh Chaudhary,Constable,39,2026-07-17 22:50:01+00:00,95.0,,,0.0,0.0,0.0,0.014,0.034,0.983,,0.0,0.0,0.0,,,,,0.0,0.0,30.0,0.0,0.0,0.0,87.0,36.5,2
25858,SO-0602,Constable Dinesh Chaudhary,Constable,39,2026-07-17 22:50:31+00:00,96.0,,,0.0,0.0,0.0,0.011,0.037,0.997,,0.0,0.0,0.0,,,,,0.0,0.0,30.0,0.0,0.0,0.0,87.0,36.5,2
25859,SO-0602,Constable Dinesh Chaudhary,Constable,39,2026-07-17 22:51:01+00:00,93.0,,,0.0,0.0,0.0,0.013,0.041,0.993,,0.0,0.0,0.0,,,,,0.0,0.0,30.0,0.0,0.0,0.0,87.0,36.5,2
25860,SO-0602,Constable Dinesh Chaudhary,Constable,39,2026-07-17 22:51:31+00:00,100.0,,,0.0,0.0,0.0,0.01,0.036,0.988,,0.0,0.0,0.0,,,,,0.0,0.0,30.0,0.0,0.0,0.0,87.0,36.5,2
25861,SO-0602,Constable Dinesh Chaudhary,Constable,39,2026-07-17 22:52:01+00:00,94.0,,,0.0,0.0,0.0,0.012,0.037,0.99,,0.0,0.0,0.0,,,,,0.0,0.0,30.0,0.0,0.0,0.0,87.0,36.5,2
25862,SO-0602,Constable Dinesh Chaudhary,Constable,39,2026-07-17 22:52:31+00:00,97.0,83.0,,0.0,0.0,0.0,0.011,0.026,0.997,,0.0,0.0,0.0,,,,,0.0,0.0,30.0,0.0,0.0,0.0,83.0,36.5,2
25863,SO-0602,Constable Dinesh Chaudhary,Constable,39,2026-07-17 22:53:01+00:00,93.0,,,0.0,0.0,0.0,0.008,0.037,0.996,,0.0,0.0,0.0,,,,,0.0,0.0,30.0,0.0,0.0,0.0,83.0,36.5,2
25864,SO-0602,Constable Dinesh Chaudhary,Constable,39,2026-07-17 22:53:31+00:00,99.0,,,0.0,0.0,0.0,0.01,0.036,1.001,,0.0,0.0,0.0,,,,,0.0,0.0,30.0,0.0,0.0,0.0,83.0,36.5,2
25865,SO-0602,Constable Dinesh Chaudhary,Constable,39,2026-07-17 22:54:01+00:00,100.0,,,0.0,0.0,0.0,0.008,0.032,0.986,,0.0,0.0,0.0,,,,,0.0,0.0,30.0,0.0,0.0,0.0,83.0,36.5,2
25866,SO-0602,Constable Dinesh Chaudhary,Constable,39,2026-07-17 22:54:31+00:00,94.0,,,0.0,0.0,0.0,0.008,0.034,0.989,,0.0,0.0,0.0,,,,,0.0,0.0,30.0,0.0,0.0,0.0,83.0,36.5,2
25867,SO-0602,Constable Dinesh Chaudhary,Constable,39,2026-07-17 22:55:01+00:00,100.0,,,0.0,0.0,0.0,0.006,0.037,0.988,,0.0,0.0,0.0,,,,,0.0,0.0,30.0,0.0,0.0,0.0,83.0,36.5,2
25868,SO-0602,Constable Dinesh Chaudhary,Constable,39,2026-07-17 22:55:31+00:00,99.0,,,0.0,0.0,0.0,0.008,0.034,0.98,,0.0,0.0,0.0,,,,,0.0,0.0,30.0,0.0,0.0,0.0,83.0,36.5,2
25869,SO-0602,Constable Dinesh Chaudhary,Constable,39,2026-07-17 22:56:01+00:00,94.0,,,0.0,0.0,0.0,0.005,0.035,0.977,,0.0,0.0,0.0,,,,,0.0,0.0,30.0,0.0,0.0,0.0,83.0,36.5,2
25870,SO-0602,Constable Dinesh Chaudhary,Constable,39,2026-07-17 22:56:31+00:00,95.0,,,0.0,0.0,0.0,0.008,0.036,0.977,,0.0,0.0,0.0,,,,,0.0,0.0,30.0,0.0,0.0,0.0,83.0,36.5,2
25871,SO-0602,Constable Dinesh Chaudhary,Constable,39,2026-07-17 22:57:01+00:00,97.0,,,0.0,0.0,0.0,0.002,0.036,0.983,,0.0,0.0,0.0,,,,,0.0,0.0,30.0,0.0,0.0,0.0,83.0,36.5,2
25872,SO-0602,Constable Dinesh Chaudhary,Constable,39,2026-07-17 22:57:31+00:00,99.0,,,0.0,0.0,0.0,-0.002,0.036,0.989,,0.0,0.0,0.0,,,,,0.0,0.0,30.0,0.0,0.0,0.0,83.0,36.5,2
25873,SO-0602,Constable Dinesh Chaudhary,Constable,39,2026-07-17 22:58:01+00:00,95.0,,,0.0,0.0,0.0,0.005,0.038,0.981,,0.0,0.0,0.0,,,,,0.0,0.0,30.0,0.0,0.0,0.0,83.0,36.5,2
25874,SO-0602,Constable Dinesh Chaudhary,Constable,39,2026-07-17 22:58:31+00:00,100.0,,,0.0,0.0,0.0,0.0,0.037,0.977,,0.0,0.0,0.0,,,,,0.0,0.0,30.0,0.0,0.0,0.0,83.0,36.5,2
25875,SO-0602,Constable Dinesh Chaudhary,Constable,39,2026-07-17 22:59:01+00:00,100.0,,,0.0,0.0,0.0,0.003,0.033,0.979,,0.0,0.0,0.0,,,,,0.0,0.0,30.0,0.0,0.0,0.0,83.0,36.5,2
25876,SO-0602,Constable Dinesh Chaudhary,Constable,39,2026-07-17 22:59:31+00:00,93.0,,,0.0,0.0,0.0,0.002,0.036,0.981,,0.0,0.0,0.0,,,,,0.0,0.0,30.0,0.0,0.0,0.0,83.0,36.5,2
25877,SO-0602,Constable Dinesh Chaudhary,Constable,39,2026-07-17 23:00:01+00:00,95.0,,,0.0,0.0,0.0,0.001,0.033,0.981,,0.0,0.0,0.0,,,,,0.0,0.0,30.0,0.0,0.0,0.0,83.0,36.5,2
25878,SO-0602,Constable Dinesh Chaudhary,Constable,39,2026-07-17 23:00:31+00:00,98.0,,,0.0,0.0,0.0,-0.004,0.037,0.984,,0.0,0.0,0.0,,,,,0.0,0.0,30.0,0.0,0.0,0.0,83.0,36.5,2
25879,SO-0602,Constable Dinesh Chaudhary,Constable,39,2026-07-17 23:01:01+00:00,100.0,,,0.0,0.0,0.0,0.001,0.036,0.976,,0.0,0.0,0.0,,,,,0.0,0.0,30.0,0.0,0.0,0.0,83.0,36.5,2
25880,SO-0602,Constable Dinesh Chaudhary,Constable,39,2026-07-17 23:01:31+00:00,97.0,,,0.0,0.0,0.0,0.003,0.035,0.965,,0.0,0.0,0.0,,,,,0.0,0.0,30.0,0.0,0.0,0.0,83.0,36.5,2
25881,SO-0602,Constable Dinesh Chaudhary,Constable,39,2026-07-17 23:02:01+00:00,95.0,,,0.0,0.0,0.0,-0.001,0.036,0.975,,0.0,0.0,0.0,,,,,0.0,0.0,30.0,0.0,0.0,0.0,83.0,36.5,2
25882,SO-0602,Constable Dinesh Chaudhary,Constable,39,2026-07-17 23:02:31+00:00,100.0,,,0.0,0.0,0.0,-0.002,0.034,0.978,,0.0,0.0,0.0,,,,,0.0,0.0,30.0,0.0,0.0,0.0,83.0,36.5,2
25883,SO-0602,Constable Dinesh Chaudhary,Constable,39,2026-07-17 23:03:01+00:00,100.0,,,0.0,0.0,0.0,-0.002,0.032,0.973,,0.0,0.0,0.0,,,,,0.0,0.0,30.0,0.0,0.0,0.0,83.0,36.5,2
25884,SO-0602,Constable Dinesh Chaudhary,Constable,39,2026-07-17 23:03:31+00:00,100.0,,,0.0,0.0,0.0,0.005,0.038,0.975,,0.0,0.0,0.0,,,,,0.0,0.0,30.0,0.0,0.0,0.0,83.0,36.5,2
25885,SO-0602,Constable Dinesh Chaudhary,Constable,39,2026-07-17 23:04:01+00:00,97.0,,,0.0,0.0,0.0,-0.001,0.033,0.976,,0.0,0.0,0.0,,,,,0.0,0.0,30.0,0.0,0.0,0.0,83.0,36.5,2
25886,SO-0602,Constable Dinesh Chaudhary,Constable,39,2026-07-17 23:04:31+00:00,98.0,,,0.0,0.0,0.0,0.002,0.034,0.979,,0.0,0.0,0.0,,,,,0.0,0.0,30.0,0.0,0.0,0.0,83.0,36.5,2
25887,SO-0602,Constable Dinesh Chaudhary,Constable,39,2026-07-17 23:05:01+00:00,100.0,,,0.0,0.0,0.0,-0.001,0.035,0.969,,0.0,0.0,0.0,,,,,0.0,0.0,30.0,0.0,0.0,0.0,83.0,36.5,2
25888,SO-0602,Constable Dinesh Chaudhary,Constable,39,2026-07-17 23:05:31+00:00,99.0,,,0.0,0.0,0.0,0.002,0.035,0.975,,0.0,0.0,0.0,,,,,0.0,0.0,30.0,0.0,0.0,0.0,83.0,36.5,2
25889,SO-0602,Constable Dinesh Chaudhary,Constable,39,2026-07-17 23:06:01+00:00,98.0,,,0.0,0.0,0.0,-0.003,0.036,0.974,,0.0,0.0,0.0,,,,,0.0,0.0,30.0,0.0,0.0,0.0,83.0,36.5,2
25890,SO-0602,Constable Dinesh Chaudhary,Constable,39,2026-07-17 23:06:31+00:00,94.0,,,0.0,0.0,0.0,0.001,0.032,0.977,,0.0,0.0,0.0,,,,,0.0,0.0,30.0,0.0,0.0,0.0,83.0,36.5,2
25891,SO-0602,Constable Dinesh Chaudhary,Constable,39,2026-07-17 23:07:01+00:00,93.0,,,0.0,0.0,0.0,-0.002,0.031,0.969,,0.0,0.0,0.0,,,,,0.0,0.0,30.0,0.0,0.0,0.0,83.0,36.5,2
25892,SO-0602,Constable Dinesh Chaudhary,Constable,39,2026-07-17 23:07:31+00:00,98.0,,,0.0,0.0,0.0,-0.003,0.039,0.971,,0.0,0.0,0.0,,,,,0.0,0.0,30.0,0.0,0.0,0.0,83.0,36.5,2
25893,SO-0602,Constable Dinesh Chaudhary,Constable,39,2026-07-17 23:08:01+00:00,96.0,,,0.0,0.0,0.0,-0.004,0.036,0.973,,0.0,0.0,0.0,,,,,0.0,0.0,30.0,0.0,0.0,0.0,83.0,36.5,2
25894,SO-0602,Constable Dinesh Chaudhary,Constable,39,2026-07-17 23:08:31+00:00,93.0,,,0.0,0.0,0.0,-0.003,0.037,0.968,,0.0,0.0,0.0,,,,,0.0,0.0,30.0,0.0,0.0,0.0,83.0,36.5,2
25895,SO-0602,Constable Dinesh Chaudhary,Constable,39,2026-07-17 23:09:01+00:00,96.0,,,0.0,0.0,0.0,-0.003,0.033,0.968,,0.0,0.0,0.0,,,,,0.0,0.0,30.0,0.0,0.0,0.0,83.0,36.5,2
25896,SO-0602,Constable Dinesh Chaudhary,Constable,39,2026-07-17 23:09:31+00:00,94.0,,,0.0,0.0,0.0,0.0,0.036,0.982,,0.0,0.0,0.0,,,,,0.0,0.0,30.0,0.0,0.0,0.0,83.0,36.5,2
25897,SO-0602,Constable Dinesh Chaudhary,Constable,39,2026-07-17 23:10:01+00:00,93.0,,,0.0,0.0,0.0,0.001,0.033,0.979,,0.0,0.0,0.0,,,,,0.0,0.0,30.0,0.0,0.0,0.0,83.0,36.5,2
25898,SO-0602,Constable Dinesh Chaudhary,Constable,39,2026-07-17 23:10:31+00:00,100.0,,,0.0,0.0,0.0,-0.004,0.036,0.968,,0.0,0.0,0.0,,,,,0.0,0.0,30.0,0.0,0.0,0.0,83.0,36.5,2
25899,SO-0602,Constable Dinesh Chaudhary,Constable,39,2026-07-17 23:11:01+00:00,96.0,,,0.0,0.0,0.0,-0.005,0.036,0.977,,0.0,0.0,0.0,,,,,0.0,0.0,30.0,0.0,0.0,0.0,83.0,36.5,2
25900,SO-0602,Constable Dinesh Chaudhary,Constable,39,2026-07-17 23:11:31+00:00,100.0,,,0.0,0.0,0.0,-0.003,0.036,0.966,,0.0,0.0,0.0,,,,,0.0,0.0,30.0,0.0,0.0,0.0,83.0,36.5,2
25901,SO-0602,Constable Dinesh Chaudhary,Constable,39,2026-07-17 23:12:01+00:00,97.0,,,0.0,0.0,0.0,-0.001,0.037,0.972,,0.0,0.0,0.0,,,,,0.0,0.0,30.0,0.0,0.0,0.0,83.0,36.5,2
25902,SO-0602,Constable Dinesh Chaudhary,Constable,39,2026-07-17 23:12:31+00:00,99.0,,,0.0,0.0,0.0,0.002,0.035,0.97,,0.0,0.0,0.0,,,,,0.0,0.0,30.0,0.0,0.0,0.0,83.0,36.5,2
25903,SO-0602,Constable Dinesh Chaudhary,Constable,39,2026-07-17 23:13:01+00:00,96.0,,,0.0,0.0,0.0,0.0,0.035,0.968,,0.0,0.0,0.0,,,,,0.0,0.0,30.0,0.0,0.0,0.0,83.0,36.5,2
25904,SO-0602,Constable Dinesh Chaudhary,Constable,39,2026-07-17 23:13:31+00:00,99.0,,,0.0,0.0,0.0,-0.001,0.034,0.973,,0.0,0.0,0.0,,,,,0.0,0.0,30.0,0.0,0.0,0.0,83.0,36.5,2
25905,SO-0602,Constable Dinesh Chaudhary,Constable,39,2026-07-17 23:14:01+00:00,99.0,,,0.0,0.0,0.0,0.0,0.034,0.971,,0.0,0.0,0.0,,,,,0.0,0.0,30.0,0.0,0.0,0.0,83.0,36.5,2
25906,SO-0602,Constable Dinesh Chaudhary,Constable,39,2026-07-17 23:14:31+00:00,97.0,,,0.0,0.0,0.0,0.0,0.038,0.977,,0.0,0.0,0.0,,,,,0.0,0.0,30.0,0.0,0.0,0.0,83.0,36.5,2
25907,SO-0602,Constable Dinesh Chaudhary,Constable,39,2026-07-17 23:15:01+00:00,96.0,,,0.0,0.0,0.0,0.002,0.037,0.973,,0.0,0.0,0.0,,,,,0.0,0.0,30.0,0.0,0.0,0.0,83.0,36.5,2
25908,SO-0602,Constable Dinesh Chaudhary,Constable,39,2026-07-17 23:15:31+00:00,96.0,,,0.0,0.0,0.0,0.001,0.035,0.972,,0.0,0.0,0.0,,,,,0.0,0.0,30.0,0.0,0.0,0.0,83.0,36.5,2
25909,SO-0602,Constable Dinesh Chaudhary,Constable,39,2026-07-17 23:16:01+00:00,92.0,,,0.0,0.0,0.0,-0.002,0.032,0.976,,0.0,0.0,0.0,,,,,0.0,0.0,30.0,0.0,0.0,0.0,83.0,36.5,2
25910,SO-0602,Constable Dinesh Chaudhary,Constable,39,2026-07-17 23:16:31+00:00,95.0,,,0.0,0.0,0.0,0.0,0.039,0.982,,0.0,0.0,0.0,,,,,0.0,0.0,30.0,0.0,0.0,0.0,83.0,36.5,2
25911,SO-0602,Constable Dinesh Chaudhary,Constable,39,2026-07-17 23:17:01+00:00,91.0,,,0.0,0.0,0.0,0.002,0.041,0.975,,0.0,0.0,0.0,,,,,0.0,0.0,30.0,0.0,0.0,0.0,83.0,36.5,2
25912,SO-0602,Constable Dinesh Chaudhary,Constable,39,2026-07-17 23:17:31+00:00,99.0,,,0.0,0.0,0.0,0.002,0.04,0.978,,0.0,0.0,0.0,,,,,0.0,0.0,30.0,0.0,0.0,0.0,83.0,36.5,2
25913,SO-0602,Constable Dinesh Chaudhary,Constable,39,2026-07-17 23:18:01+00:00,99.0,,,0.0,0.0,0.0,0.004,0.034,0.978,,0.0,0.0,0.0,,,,,0.0,0.0,30.0,0.0,0.0,0.0,83.0,36.5,2
25914,SO-0602,Constable Dinesh Chaudhary,Constable,39,2026-07-17 23:18:31+00:00,99.0,,,0.0,0.0,0.0,0.003,0.042,0.981,,0.0,0.0,0.0,,,,,0.0,0.0,30.0,0.0,0.0,0.0,83.0,36.5,2
25915,SO-0602,Constable Dinesh Chaudhary,Constable,39,2026-07-17 23:19:01+00:00,100.0,,,0.0,0.0,0.0,0.005,0.038,0.975,,0.0,0.0,0.0,,,,,0.0,0.0,30.0,0.0,0.0,0.0,83.0,36.5,2
25916,SO-0602,Constable Dinesh Chaudhary,Constable,39,2026-07-17 23:19:31+00:00,99.0,,,0.0,0.0,0.0,0.01,0.039,0.982,,0.0,0.0,0.0,,,,,0.0,0.0,30.0,0.0,0.0,0.0,83.0,36.5,2
25917,SO-0602,Constable Dinesh Chaudhary,Constable,39,2026-07-17 23:20:01+00:00,98.0,,,0.0,0.0,0.0,0.004,0.04,0.974,,0.0,0.0,0.0,,,,,0.0,0.0,30.0,0.0,0.0,0.0,83.0,36.5,2
25918,SO-0602,Constable Dinesh Chaudhary,Constable,39,2026-07-17 23:20:31+00:00,100.0,,,0.0,0.0,0.0,0.004,0.041,0.98,,0.0,0.0,0.0,,,,,0.0,0.0,30.0,0.0,0.0,0.0,83.0,36.5,2
25919,SO-0602,Constable Dinesh Chaudhary,Constable,39,2026-07-17 23:21:01+00:00,96.0,,,0.0,0.0,0.0,0.004,0.038,0.977,,0.0,0.0,0.0,,,,,0.0,0.0,30.0,0.0,0.0,0.0,83.0,36.5,2
25920,SO-0602,Constable Dinesh Chaudhary,Constable,39,2026-07-17 23:21:31+00:00,99.0,,,0.0,0.0,0.0,0.004,0.04,0.979,,0.0,0.0,0.0,,,,,0.0,0.0,30.0,0.0,0.0,0.0,83.0,36.5,2
25921,SO-0602,Constable Dinesh Chaudhary,Constable,39,2026-07-17 23:22:01+00:00,97.0,,,0.0,0.0,0.0,0.01,0.043,0.976,,0.0,0.0,0.0,,,,,0.0,0.0,30.0,0.0,0.0,0.0,83.0,36.5,2
25922,SO-0602,Constable Dinesh Chaudhary,Constable,39,2026-07-17 23:22:31+00:00,100.0,,,0.0,0.0,0.0,0.004,0.035,0.981,,0.0,0.0,0.0,,,,,0.0,0.0,30.0,0.0,0.0,0.0,83.0,36.5,2
25923,SO-0602,Constable Dinesh Chaudhary,Constable,39,2026-07-17 23:23:01+00:00,100.0,,,0.0,0.0,0.0,0.007,0.038,0.98,,0.0,0.0,0.0,,,,,0.0,0.0,30.0,0.0,0.0,0.0,83.0,36.5,2
25924,SO-0602,Constable Dinesh Chaudhary,Constable,39,2026-07-17 23:23:31+00:00,99.0,,,0.0,0.0,0.0,0.003,0.037,0.985,,0.0,0.0,0.0,,,,,0.0,0.0,30.0,0.0,0.0,0.0,83.0,36.5,2
25925,SO-0602,Constable Dinesh Chaudhary,Constable,39,2026-07-17 23:24:01+00:00,97.0,,,0.0,0.0,0.0,0.007,0.042,0.97,,0.0,0.0,0.0,,,,,0.0,0.0,30.0,0.0,0.0,0.0,83.0,36.5,2
25926,SO-0602,Constable Dinesh Chaudhary,Constable,39,2026-07-17 23:24:31+00:00,97.0,,,0.0,0.0,0.0,0.005,0.035,0.978,,0.0,0.0,0.0,,,,,0.0,0.0,30.0,0.0,0.0,0.0,83.0,36.5,2
25927,SO-0602,Constable Dinesh Chaudhary,Constable,39,2026-07-17 23:25:01+00:00,99.0,,,0.0,0.0,0.0,0.006,0.039,0.972,,0.0,0.0,0.0,,,,,0.0,0.0,30.0,0.0,0.0,0.0,83.0,36.5,2
25928,SO-0602,Constable Dinesh Chaudhary,Constable,39,2026-07-17 23:25:31+00:00,95.0,,,0.0,0.0,0.0,0.002,0.04,0.978,,0.0,0.0,0.0,,,,,0.0,0.0,30.0,0.0,0.0,0.0,83.0,36.5,2
25929,SO-0602,Constable Dinesh Chaudhary,Constable,39,2026-07-17 23:26:01+00:00,99.0,,,0.0,0.0,0.0,0.006,0.039,0.98,,0.0,0.0,0.0,,,,,0.0,0.0,30.0,0.0,0.0,0.0,83.0,36.5,2
25930,SO-0602,Constable Dinesh Chaudhary,Constable,39,2026-07-17 23:26:31+00:00,96.0,,,0.0,0.0,0.0,0.008,0.041,0.975,,0.0,0.0,0.0,,,,,0.0,0.0,30.0,0.0,0.0,0.0,83.0,36.5,2
25931,SO-0602,Constable Dinesh Chaudhary,Constable,39,2026-07-17 23:27:01+00:00,100.0,,,0.0,0.0,0.0,0.007,0.039,0.974,,0.0,0.0,0.0,,,,,0.0,0.0,30.0,0.0,0.0,0.0,83.0,36.5,2
25932,SO-0602,Constable Dinesh Chaudhary,Constable,39,2026-07-17 23:27:31+00:00,97.0,,,0.0,0.0,0.0,0.005,0.04,0.979,,0.0,0.0,0.0,,,,,0.0,0.0,30.0,0.0,0.0,0.0,83.0,36.5,2
25933,SO-0602,Constable Dinesh Chaudhary,Constable,39,2026-07-17 23:28:01+00:00,97.0,,,0.0,0.0,0.0,0.007,0.043,0.982,,0.0,0.0,0.0,,,,,0.0,0.0,30.0,0.0,0.0,0.0,83.0,36.5,2
25934,SO-0602,Constable Dinesh Chaudhary,Constable,39,2026-07-17 23:28:31+00:00,99.0,,,0.0,0.0,0.0,0.007,0.038,0.98,,0.0,0.0,0.0,,,,,0.0,0.0,30.0,0.0,0.0,0.0,83.0,36.5,2
25935,SO-0602,Constable Dinesh Chaudhary,Constable,39,2026-07-17 23:29:01+00:00,97.0,,,0.0,0.0,0.0,0.004,0.042,0.978,,0.0,0.0,0.0,,,,,0.0,0.0,30.0,0.0,0.0,0.0,83.0,36.5,2
25936,SO-0602,Constable Dinesh Chaudhary,Constable,39,2026-07-17 23:31:01+00:00,97.0,,,0.0,0.0,0.0,0.007,0.039,0.981,,0.0,0.0,0.0,,,,,0.0,0.0,120.0,0.0,0.0,0.0,83.0,36.5,2
25937,SO-0602,Constable Dinesh Chaudhary,Constable,39,2026-07-17 23:31:31+00:00,97.0,,,0.0,0.0,0.0,0.008,0.043,0.972,,0.0,0.0,0.0,,,,,0.0,0.0,30.0,0.0,0.0,0.0,83.0,36.5,2
25938,SO-0602,Constable Dinesh Chaudhary,Constable,39,2026-07-17 23:32:01+00:00,96.0,,,0.0,0.0,0.0,0.005,0.041,0.976,,0.0,0.0,0.0,,,,,0.0,0.0,30.0,0.0,0.0,0.0,83.0,36.5,2
25939,SO-0602,Constable Dinesh Chaudhary,Constable,39,2026-07-17 23:32:31+00:00,99.0,,,0.0,0.0,0.0,0.011,0.039,0.977,,0.0,0.0,0.0,,,,,0.0,0.0,30.0,0.0,0.0,0.0,83.0,36.5,2
25940,SO-0602,Constable Dinesh Chaudhary,Constable,39,2026-07-17 23:33:01+00:00,98.0,,,0.0,0.0,0.0,0.008,0.037,0.977,,0.0,0.0,0.0,,,,,0.0,0.0,30.0,0.0,0.0,0.0,83.0,36.5,2
25941,SO-0602,Constable Dinesh Chaudhary,Constable,39,2026-07-17 23:33:31+00:00,97.0,,,0.0,0.0,0.0,0.007,0.037,0.976,,0.0,0.0,0.0,,,,,0.0,0.0,30.0,0.0,0.0,0.0,83.0,36.5,2
25943,SO-0602,Constable Dinesh Chaudhary,Constable,39,2026-07-17 23:34:01+00:00,96.0,,,0.0,0.0,0.0,0.007,0.044,0.977,,0.0,0.0,0.0,,,,,0.0,0.0,30.0,0.0,0.0,0.0,83.0,36.5,2
25945,SO-0602,Constable Dinesh Chaudhary,Constable,39,2026-07-17 23:34:31+00:00,96.0,,,0.0,0.0,0.0,0.013,0.038,0.976,,0.0,0.0,0.0,,,,,0.0,0.0,30.0,0.0,0.0,0.0,83.0,36.5,2
25947,SO-0602,Constable Dinesh Chaudhary,Constable,39,2026-07-17 23:35:01+00:00,98.0,,,0.0,0.0,0.0,0.012,0.04,0.976,,0.0,0.0,0.0,,,,,0.0,0.0,30.0,0.0,0.0,0.0,83.0,36.5,2
25949,SO-0602,Constable Dinesh Chaudhary,Constable,39,2026-07-17 23:35:31+00:00,97.0,,,0.0,0.0,0.0,0.01,0.036,0.98,,0.0,0.0,0.0,,,,,0.0,0.0,30.0,0.0,0.0,0.0,83.0,36.5,2
25951,SO-0602,Constable Dinesh Chaudhary,Constable,39,2026-07-17 23:36:01+00:00,97.0,,,0.0,0.0,0.0,0.009,0.045,0.973,,0.0,0.0,0.0,,,,,0.0,0.0,30.0,0.0,0.0,0.0,83.0,36.5,2
25953,SO-0602,Constable Dinesh Chaudhary,Constable,39,2026-07-17 23:36:31+00:00,99.0,,,0.0,0.0,0.0,0.009,0.045,0.984,,0.0,0.0,0.0,,,,,0.0,0.0,30.0,0.0,0.0,0.0,83.0,36.5,2
25955,SO-0602,Constable Dinesh Chaudhary,Constable,39,2026-07-17 23:37:01+00:00,92.0,,,0.0,0.0,0.0,0.01,0.038,0.975,,0.0,0.0,0.0,,,,,0.0,0.0,30.0,0.0,0.0,0.0,83.0,36.5,2
25957,SO-0602,Constable Dinesh Chaudhary,Constable,39,2026-07-17 23:37:31+00:00,97.0,,,0.0,0.0,0.0,0.008,0.038,0.977,,0.0,0.0,0.0,,,,,0.0,0.0,30.0,0.0,0.0,0.0,83.0,36.5,2
25959,SO-0602,Constable Dinesh Chaudhary,Constable,39,2026-07-17 23:38:01+00:00,96.0,,,0.0,0.0,0.0,0.01,0.038,0.978,,0.0,0.0,0.0,,,,,0.0,0.0,30.0,0.0,0.0,0.0,83.0,36.5,2
25961,SO-0602,Constable Dinesh Chaudhary,Constable,39,2026-07-17 23:38:31+00:00,99.0,,,0.0,0.0,0.0,0.009,0.036,0.979,,0.0,0.0,0.0,,,,,0.0,0.0,30.0,0.0,0.0,0.0,83.0,36.5,2
25963,SO-0602,Constable Dinesh Chaudhary,Constable,39,2026-07-17 23:39:01+00:00,93.0,,,0.0,0.0,0.0,0.009,0.039,0.977,,0.0,0.0,0.0,,,,,0.0,0.0,30.0,0.0,0.0,0.0,83.0,36.5,2
25965,SO-0602,Constable Dinesh Chaudhary,Constable,39,2026-07-17 23:39:31+00:00,100.0,,,0.0,0.0,0.0,0.014,0.042,0.983,,0.0,0.0,0.0,,,,,0.0,0.0,30.0,0.0,0.0,0.0,83.0,36.5,2
25967,SO-0602,Constable Dinesh Chaudhary,Constable,39,2026-07-17 23:40:01+00:00,97.0,,,0.0,0.0,0.0,0.01,0.034,0.977,,0.0,0.0,0.0,,,,,0.0,0.0,30.0,0.0,0.0,0.0,83.0,36.5,2
25969,SO-0602,Constable Dinesh Chaudhary,Constable,39,2026-07-17 23:40:31+00:00,92.0,,,0.0,0.0,0.0,0.01,0.035,0.976,,0.0,0.0,0.0,,,,,0.0,0.0,30.0,0.0,0.0,0.0,83.0,36.5,2
25971,SO-0602,Constable Dinesh Chaudhary,Constable,39,2026-07-17 23:41:01+00:00,98.0,,,0.0,0.0,0.0,0.008,0.038,0.978,,0.0,0.0,0.0,,,,,0.0,0.0,30.0,0.0,0.0,0.0,83.0,36.5,2
25973,SO-0602,Constable Dinesh Chaudhary,Constable,39,2026-07-17 23:41:31+00:00,98.0,,,0.0,0.0,0.0,0.008,0.042,0.974,,0.0,0.0,0.0,,,,,0.0,0.0,30.0,0.0,0.0,0.0,83.0,36.5,2
25975,SO-0602,Constable Dinesh Chaudhary,Constable,39,2026-07-17 23:42:01+00:00,99.0,,,0.0,0.0,0.0,0.008,0.04,0.972,,0.0,0.0,0.0,,,,,0.0,0.0,30.0,0.0,0.0,0.0,83.0,36.5,2
25977,SO-0602,Constable Dinesh Chaudhary,Constable,39,2026-07-17 23:42:31+00:00,99.0,,,0.0,0.0,0.0,0.008,0.039,0.978,,0.0,0.0,0.0,,,,,0.0,0.0,30.0,0.0,0.0,0.0,83.0,36.5,2
25979,SO-0602,Constable Dinesh Chaudhary,Constable,39,2026-07-17 23:43:01+00:00,93.0,,,0.0,0.0,0.0,0.007,0.042,0.974,,0.0,0.0,0.0,,,,,0.0,0.0,30.0,0.0,0.0,0.0,83.0,36.5,2
25981,SO-0602,Constable Dinesh Chaudhary,Constable,39,2026-07-17 23:43:31+00:00,100.0,,,0.0,0.0,0.0,0.011,0.036,0.973,,0.0,0.0,0.0,,,,,0.0,0.0,30.0,0.0,0.0,0.0,83.0,36.5,2
25983,SO-0602,Constable Dinesh Chaudhary,Constable,39,2026-07-17 23:44:01+00:00,98.0,,,0.0,0.0,0.0,0.011,0.039,0.976,,0.0,0.0,0.0,,,,,0.0,0.0,30.0,0.0,0.0,0.0,83.0,36.5,2
25985,SO-0602,Constable Dinesh Chaudhary,Constable,39,2026-07-17 23:44:31+00:00,100.0,,,0.0,0.0,0.0,0.006,0.041,0.978,,0.0,0.0,0.0,,,,,0.0,0.0,30.0,0.0,0.0,0.0,83.0,36.5,2
25987,SO-0602,Constable Dinesh Chaudhary,Constable,39,2026-07-17 23:45:01+00:00,95.0,,,0.0,0.0,0.0,0.008,0.046,0.984,,0.0,0.0,0.0,,,,,0.0,0.0,30.0,0.0,0.0,0.0,83.0,36.5,2
25989,SO-0602,Constable Dinesh Chaudhary,Constable,39,2026-07-17 23:45:31+00:00,97.0,,,0.0,0.0,0.0,0.008,0.038,0.973,,0.0,0.0,0.0,,,,,0.0,0.0,30.0,0.0,0.0,0.0,83.0,36.5,2
25991,SO-0602,Constable Dinesh Chaudhary,Constable,39,2026-07-17 23:46:01+00:00,100.0,,,0.0,0.0,0.0,0.013,0.04,0.977,,0.0,0.0,0.0,,,,,0.0,0.0,30.0,0.0,0.0,0.0,83.0,36.5,2
25993,SO-0602,Constable Dinesh Chaudhary,Constable,39,2026-07-17 23:46:31+00:00,96.0,,,0.0,0.0,0.0,0.007,0.039,0.984,,0.0,0.0,0.0,,,,,0.0,0.0,30.0,0.0,0.0,0.0,83.0,36.5,2
25995,SO-0602,Constable Dinesh Chaudhary,Constable,39,2026-07-17 23:47:01+00:00,89.0,,,0.0,0.0,0.0,0.005,0.038,0.98,,0.0,0.0,0.0,,,,,0.0,0.0,30.0,0.0,0.0,0.0,83.0,36.5,0
25997,SO-0602,Constable Dinesh Chaudhary,Constable,39,2026-07-17 23:47:31+00:00,86.0,,,0.0,0.0,0.0,0.007,0.042,0.98,,0.0,0.0,0.0,,,,,0.0,0.0,30.0,0.0,0.0,0.0,83.0,36.5,0
25999,SO-0602,Constable Dinesh Chaudhary,Constable,39,2026-07-17 23:48:01+00:00,97.0,,,0.0,0.0,0.0,0.005,0.04,0.984,,0.0,0.0,0.0,,,,,0.0,0.0,30.0,0.0,0.0,0.0,83.0,36.5,2
26000,SO-0602,Constable Dinesh Chaudhary,Constable,39,2026-07-17 23:48:31+00:00,96.0,,,0.0,0.0,0.0,0.011,0.035,0.978,,0.0,0.0,0.0,,,,,0.0,0.0,30.0,0.0,0.0,0.0,83.0,36.5,2
26001,SO-0602,Constable Dinesh Chaudhary,Constable,39,2026-07-17 23:49:01+00:00,87.0,,,0.0,0.0,0.0,0.011,0.038,0.971,,0.0,0.0,0.0,,,,,0.0,0.0,30.0,0.0,0.0,0.0,83.0,36.5,0
26002,SO-0602,Constable Dinesh Chaudhary,Constable,39,2026-07-17 23:49:31+00:00,94.0,,,0.0,0.0,0.0,0.008,0.038,0.979,,0.0,0.0,0.0,,,,,0.0,0.0,30.0,0.0,0.0,0.0,83.0,36.5,2
26003,SO-0602,Constable Dinesh Chaudhary,Constable,39,2026-07-17 23:50:01+00:00,99.0,,,0.0,0.0,0.0,0.009,0.042,0.973,,0.0,0.0,0.0,,,,,0.0,0.0,30.0,0.0,0.0,0.0,83.0,36.5,2
26004,SO-0602,Constable Dinesh Chaudhary,Constable,39,2026-07-17 23:50:31+00:00,100.0,,,0.0,0.0,0.0,0.01,0.038,0.979,,0.0,0.0,0.0,,,,,0.0,0.0,30.0,0.0,0.0,0.0,83.0,36.5,2
26005,SO-0602,Constable Dinesh Chaudhary,Constable,39,2026-07-17 23:51:01+00:00,94.0,,,0.0,0.0,0.0,0.008,0.039,0.981,,0.0,0.0,0.0,,,,,0.0,0.0,30.0,0.0,0.0,0.0,83.0,36.5,2
26006,SO-0602,Constable Dinesh Chaudhary,Constable,39,2026-07-17 23:51:31+00:00,92.0,,,0.0,0.0,0.0,0.007,0.041,0.98,,0.0,0.0,0.0,,,,,0.0,0.0,30.0,0.0,0.0,0.0,83.0,36.5,2
26007,SO-0602,Constable Dinesh Chaudhary,Constable,39,2026-07-17 23:52:01+00:00,98.0,,,0.0,0.0,0.0,0.009,0.039,0.99,,0.0,0.0,0.0,,,,,0.0,0.0,30.0,0.0,0.0,0.0,83.0,36.5,2
26008,SO-0602,Constable Dinesh Chaudhary,Constable,39,2026-07-17 23:52:31+00:00,94.0,,,0.0,0.0,0.0,0.011,0.038,0.978,,0.0,0.0,0.0,,,,,0.0,0.0,30.0,0.0,0.0,0.0,83.0,36.5,2
26009,SO-0602,Constable Dinesh Chaudhary,Constable,39,2026-07-17 23:53:01+00:00,99.0,,,0.0,0.0,0.0,0.01,0.042,0.979,,0.0,0.0,0.0,,,,,0.0,0.0,30.0,0.0,0.0,0.0,83.0,36.5,2
26010,SO-0602,Constable Dinesh Chaudhary,Constable,39,2026-07-17 23:53:31+00:00,96.0,,,0.0,0.0,0.0,0.014,0.037,0.977,,0.0,0.0,0.0,,,,,0.0,0.0,30.0,0.0,0.0,0.0,83.0,36.5,2
26011,SO-0602,Constable Dinesh Chaudhary,Constable,39,2026-07-17 23:54:01+00:00,93.0,,,0.0,0.0,0.0,0.01,0.034,0.976,,0.0,0.0,0.0,,,,,0.0,0.0,30.0,0.0,0.0,0.0,83.0,36.5,2
26012,SO-0602,Constable Dinesh Chaudhary,Constable,39,2026-07-17 23:54:31+00:00,100.0,,,0.0,0.0,0.0,0.005,0.039,0.973,,0.0,0.0,0.0,,,,,0.0,0.0,30.0,0.0,0.0,0.0,83.0,36.5,2
26013,SO-0602,Constable Dinesh Chaudhary,Constable,39,2026-07-17 23:55:01+00:00,96.0,,,0.0,0.0,0.0,0.01,0.039,0.981,,0.0,0.0,0.0,,,,,0.0,0.0,30.0,0.0,0.0,0.0,83.0,36.5,2
26014,SO-0602,Constable Dinesh Chaudhary,Constable,39,2026-07-17 23:55:31+00:00,100.0,,,0.0,0.0,0.0,0.008,0.037,0.981,,0.0,0.0,0.0,,,,,0.0,0.0,30.0,0.0,0.0,0.0,83.0,36.5,2
26015,SO-0602,Constable Dinesh Chaudhary,Constable,39,2026-07-17 23:56:01+00:00,100.0,,,0.0,0.0,0.0,0.012,0.038,0.976,,0.0,0.0,0.0,,,,,0.0,0.0,30.0,0.0,0.0,0.0,83.0,36.5,2
26016,SO-0602,Constable Dinesh Chaudhary,Constable,39,2026-07-17 23:56:31+00:00,95.0,,,0.0,0.0,0.0,0.01,0.039,0.977,,0.0,0.0,0.0,,,,,0.0,0.0,30.0,0.0,0.0,0.0,83.0,36.5,2
26017,SO-0602,Constable Dinesh Chaudhary,Constable,39,2026-07-17 23:57:01+00:00,100.0,,,0.0,0.0,0.0,0.012,0.039,0.971,,0.0,0.0,0.0,,,,,0.0,0.0,30.0,0.0,0.0,0.0,83.0,36.5,2
26019,SO-0602,Constable Dinesh Chaudhary,Constable,39,2026-07-17 23:57:31+00:00,94.0,,,0.0,0.0,0.0,0.01,0.039,0.978,,0.0,0.0,0.0,,,,,0.0,0.0,30.0,0.0,0.0,0.0,83.0,36.5,2
26021,SO-0602,Constable Dinesh Chaudhary,Constable,39,2026-07-17 23:58:01+00:00,94.0,,,0.0,0.0,0.0,0.013,0.039,0.975,,0.0,0.0,0.0,,,,,0.0,0.0,30.0,0.0,0.0,0.0,83.0,36.5,2
26023,SO-0602,Constable Dinesh Chaudhary,Constable,39,2026-07-17 23:58:31+00:00,97.0,,,0.0,0.0,0.0,0.01,0.04,0.976,,0.0,0.0,0.0,,,,,0.0,0.0,30.0,0.0,0.0,0.0,83.0,36.5,2
26025,SO-0602,Constable Dinesh Chaudhary,Constable,39,2026-07-17 23:59:01+00:00,100.0,,,0.0,0.0,0.0,0.011,0.039,0.978,,0.0,0.0,0.0,,,,,0.0,0.0,30.0,0.0,0.0,0.0,83.0,36.5,2
26027,SO-0602,Constable Dinesh Chaudhary,Constable,39,2026-07-17 23:59:31+00:00,100.0,,,0.0,0.0,0.0,0.007,0.042,0.981,,0.0,0.0,0.0,,,,,0.0,0.0,30.0,0.0,0.0,0.0,83.0,36.5,2
26028,SO-0602,Constable Dinesh Chaudhary,Constable,39,2026-07-18 00:00:01+00:00,100.0,,,0.0,0.0,0.0,0.01,0.042,0.984,,0.0,0.0,0.0,,,,,0.0,0.0,30.0,0.0,0.0,0.0,83.0,36.5,2
26029,SO-0602,Constable Dinesh Chaudhary,Constable,39,2026-07-18 00:00:31+00:00,96.0,,,0.0,0.0,0.0,0.009,0.039,0.977,,0.0,0.0,0.0,,,,,0.0,0.0,30.0,0.0,0.0,0.0,83.0,36.5,2
26030,SO-0602,Constable Dinesh Chaudhary,Constable,39,2026-07-18 00:01:01+00:00,93.0,,,0.0,0.0,0.0,0.009,0.038,0.982,,0.0,0.0,0.0,,,,,0.0,0.0,30.0,0.0,0.0,0.0,83.0,36.5,2
26031,SO-0602,Constable Dinesh Chaudhary,Constable,39,2026-07-18 00:01:31+00:00,97.0,,,0.0,0.0,0.0,0.009,0.038,0.978,,0.0,0.0,0.0,,,,,0.0,0.0,30.0,0.0,0.0,0.0,83.0,36.5,2
26032,SO-0602,Constable Dinesh Chaudhary,Constable,39,2026-07-18 00:02:01+00:00,99.0,,,0.0,0.0,0.0,0.011,0.04,0.981,,0.0,0.0,0.0,,,,,0.0,0.0,30.0,0.0,0.0,0.0,83.0,36.5,2
26033,SO-0602,Constable Dinesh Chaudhary,Constable,39,2026-07-18 00:02:31+00:00,95.0,,,0.0,0.0,0.0,0.011,0.04,0.983,,0.0,0.0,0.0,,,,,0.0,0.0,30.0,0.0,0.0,0.0,83.0,36.5,2
26034,SO-0602,Constable Dinesh Chaudhary,Constable,39,2026-07-18 00:03:01+00:00,95.0,,,0.0,0.0,0.0,0.013,0.041,0.97,,0.0,0.0,0.0,,,,,0.0,0.0,30.0,0.0,0.0,0.0,83.0,36.5,2
26035,SO-0602,Constable Dinesh Chaudhary,Constable,39,2026-07-18 00:03:31+00:00,100.0,,,0.0,0.0,0.0,0.015,0.038,0.979,,0.0,0.0,0.0,,,,,0.0,0.0,30.0,0.0,0.0,0.0,83.0,36.5,2
26036,SO-0602,Constable Dinesh Chaudhary,Constable,39,2026-07-18 00:04:01+00:00,99.0,,,0.0,0.0,0.0,0.012,0.04,0.985,,0.0,0.0,0.0,,,,,0.0,0.0,30.0,0.0,0.0,0.0,83.0,36.5,2
26037,SO-0602,Constable Dinesh Chaudhary,Constable,39,2026-07-18 00:04:31+00:00,95.0,,,0.0,0.0,0.0,0.012,0.038,0.986,,0.0,0.0,0.0,,,,,0.0,0.0,30.0,0.0,0.0,0.0,83.0,36.5,2
26038,SO-0602,Constable Dinesh Chaudhary,Constable,39,2026-07-18 00:05:01+00:00,94.0,,,0.0,0.0,0.0,0.009,0.035,0.975,,0.0,0.0,0.0,,,,,0.0,0.0,30.0,0.0,0.0,0.0,83.0,36.5,2
26039,SO-0602,Constable Dinesh Chaudhary,Constable,39,2026-07-18 00:05:31+00:00,98.0,,,0.0,0.0,0.0,0.011,0.043,0.979,,0.0,0.0,0.0,,,,,0.0,0.0,30.0,0.0,0.0,0.0,83.0,36.5,2
26040,SO-0602,Constable Dinesh Chaudhary,Constable,39,2026-07-18 00:06:01+00:00,100.0,,,0.0,0.0,0.0,0.009,0.036,0.984,,0.0,0.0,0.0,,,,,0.0,0.0,30.0,0.0,0.0,0.0,83.0,36.5,2
26041,SO-0602,Constable Dinesh Chaudhary,Constable,39,2026-07-18 00:06:31+00:00,95.0,,,0.0,0.0,0.0,0.01,0.041,0.982,,0.0,0.0,0.0,,,,,0.0,0.0,30.0,0.0,0.0,0.0,83.0,36.5,2
26042,SO-0602,Constable Dinesh Chaudhary,Constable,39,2026-07-18 00:07:01+00:00,99.0,,,0.0,0.0,0.0,0.011,0.04,0.98,,0.0,0.0,0.0,,,,,0.0,0.0,30.0,0.0,0.0,0.0,83.0,36.5,2
26043,SO-0602,Constable Dinesh Chaudhary,Constable,39,2026-07-18 00:07:31+00:00,93.0,,,0.0,0.0,0.0,0.008,0.04,0.982,,0.0,0.0,0.0,,,,,0.0,0.0,30.0,0.0,0.0,0.0,83.0,36.5,2
26044,SO-0602,Constable Dinesh Chaudhary,Constable,39,2026-07-18 00:08:01+00:00,94.0,,,0.0,0.0,0.0,0.01,0.041,0.988,,0.0,0.0,0.0,,,,,0.0,0.0,30.0,0.0,0.0,0.0,83.0,36.5,2
26045,SO-0602,Constable Dinesh Chaudhary,Constable,39,2026-07-18 00:08:31+00:00,96.0,,,0.0,0.0,0.0,0.013,0.037,0.976,,0.0,0.0,0.0,,,,,0.0,0.0,30.0,0.0,0.0,0.0,83.0,36.5,2
26046,SO-0602,Constable Dinesh Chaudhary,Constable,39,2026-07-18 00:09:01+00:00,98.0,,,0.0,0.0,0.0,0.009,0.037,0.986,,0.0,0.0,0.0,,,,,0.0,0.0,30.0,0.0,0.0,0.0,83.0,36.5,2
26047,SO-0602,Constable Dinesh Chaudhary,Constable,39,2026-07-18 00:09:31+00:00,99.0,,,0.0,0.0,0.0,0.007,0.041,0.973,,0.0,0.0,0.0,,,,,0.0,0.0,30.0,0.0,0.0,0.0,83.0,36.5,2
26048,SO-0602,Constable Dinesh Chaudhary,Constable,39,2026-07-18 00:10:01+00:00,95.0,,,0.0,0.0,0.0,0.012,0.042,0.989,,0.0,0.0,0.0,,,,,0.0,0.0,30.0,0.0,0.0,0.0,83.0,36.5,2
26049,SO-0602,Constable Dinesh Chaudhary,Constable,39,2026-07-18 00:10:31+00:00,94.0,,,0.0,0.0,0.0,0.009,0.039,0.981,,0.0,0.0,0.0,,,,,0.0,0.0,30.0,0.0,0.0,0.0,83.0,36.5,2
26050,SO-0602,Constable Dinesh Chaudhary,Constable,39,2026-07-18 00:11:01+00:00,97.0,,,0.0,0.0,0.0,0.008,0.039,0.976,,0.0,0.0,0.0,,,,,0.0,0.0,30.0,0.0,0.0,0.0,83.0,36.5,2
26051,SO-0602,Constable Dinesh Chaudhary,Constable,39,2026-07-18 00:11:31+00:00,100.0,,,0.0,0.0,0.0,0.012,0.044,0.977,,0.0,0.0,0.0,,,,,0.0,0.0,30.0,0.0,0.0,0.0,83.0,36.5,2
26052,SO-0602,Constable Dinesh Chaudhary,Constable,39,2026-07-18 00:12:01+00:00,99.0,,,0.0,0.0,0.0,0.72,0.349,-0.62,,0.0,0.0,0.0,,,,,0.0,0.0,30.0,0.0,0.0,0.0,83.0,36.5,2
26053,SO-0602,Constable Dinesh Chaudhary,Constable,39,2026-07-18 00:12:31+00:00,93.0,88.0,,0.0,0.0,0.0,0.14,0.167,0.949,,0.0,0.0,0.0,,,,,0.0,0.0,30.0,0.0,0.0,0.0,88.0,36.5,2
26054,SO-0602,Constable Dinesh Chaudhary,Constable,39,2026-07-18 00:13:01+00:00,93.0,,,0.0,0.0,0.0,0.01,0.045,0.977,,0.0,0.0,0.0,,,,,0.0,0.0,30.0,0.0,0.0,0.0,88.0,36.5,2
26055,SO-0602,Constable Dinesh Chaudhary,Constable,39,2026-07-18 00:22:01+00:00,93.0,,,0.0,0.0,0.0,0.008,0.043,0.976,,0.0,0.0,0.0,,,,,0.0,0.0,540.0,0.0,0.0,0.0,88.0,36.5,2
26056,SO-0602,Constable Dinesh Chaudhary,Constable,39,2026-07-18 00:22:31+00:00,100.0,,,0.0,0.0,0.0,0.007,0.046,0.982,,0.0,0.0,0.0,,,,,0.0,0.0,30.0,0.0,0.0,0.0,88.0,36.5,2
26057,SO-0602,Constable Dinesh Chaudhary,Constable,39,2026-07-18 00:23:01+00:00,95.0,,,0.0,0.0,0.0,0.007,0.043,0.984,,0.0,0.0,0.0,,,,,0.0,0.0,30.0,0.0,0.0,0.0,88.0,36.5,2
26058,SO-0602,Constable Dinesh Chaudhary,Constable,39,2026-07-18 00:23:31+00:00,96.0,,,0.0,0.0,0.0,0.008,0.037,0.979,,0.0,0.0,0.0,,,,,0.0,0.0,30.0,0.0,0.0,0.0,88.0,36.5,2
26059,SO-0602,Constable Dinesh Chaudhary,Constable,39,2026-07-18 00:24:01+00:00,97.0,,,0.0,0.0,0.0,0.007,0.042,0.985,,0.0,0.0,0.0,,,,,0.0,0.0,30.0,0.0,0.0,0.0,88.0,36.5,2
26060,SO-0602,Constable Dinesh Chaudhary,Constable,39,2026-07-18 00:24:31+00:00,99.0,,,0.0,0.0,0.0,0.007,0.043,0.981,,0.0,0.0,0.0,,,,,0.0,0.0,30.0,0.0,0.0,0.0,88.0,36.5,2
26061,SO-0602,Constable Dinesh Chaudhary,Constable,39,2026-07-18 00:25:01+00:00,95.0,,,0.0,0.0,0.0,0.01,0.042,0.973,,0.0,0.0,0.0,,,,,0.0,0.0,30.0,0.0,0.0,0.0,88.0,36.5,2
26062,SO-0602,Constable Dinesh Chaudhary,Constable,39,2026-07-18 00:25:31+00:00,97.0,,,0.0,0.0,0.0,0.008,0.042,0.977,,0.0,0.0,0.0,,,,,0.0,0.0,30.0,0.0,0.0,0.0,88.0,36.5,2
26063,SO-0602,Constable Dinesh Chaudhary,Constable,39,2026-07-18 00:26:01+00:00,94.0,,,0.0,0.0,0.0,0.009,0.042,0.992,,0.0,0.0,0.0,,,,,0.0,0.0,30.0,0.0,0.0,0.0,88.0,36.5,2
26064,SO-0602,Constable Dinesh Chaudhary,Constable,39,2026-07-18 00:26:31+00:00,95.0,,,0.0,0.0,0.0,0.01,0.046,0.987,,0.0,0.0,0.0,,,,,0.0,0.0,30.0,0.0,0.0,0.0,88.0,36.5,2
26065,SO-0602,Constable Dinesh Chaudhary,Constable,39,2026-07-18 00:27:01+00:00,100.0,,,0.0,0.0,0.0,0.009,0.043,0.988,,0.0,0.0,0.0,,,,,0.0,0.0,30.0,0.0,0.0,0.0,88.0,36.5,2
26066,SO-0602,Constable Dinesh Chaudhary,Constable,39,2026-07-18 00:27:31+00:00,99.0,,,0.0,0.0,0.0,0.012,0.04,0.976,,0.0,0.0,0.0,,,,,0.0,0.0,30.0,0.0,0.0,0.0,88.0,36.5,2
26067,SO-0602,Constable Dinesh Chaudhary,Constable,39,2026-07-18 00:28:01+00:00,100.0,,,0.0,0.0,0.0,0.009,0.042,0.98,,0.0,0.0,0.0,,,,,0.0,0.0,30.0,0.0,0.0,0.0,88.0,36.5,2
26068,SO-0602,Constable Dinesh Chaudhary,Constable,39,2026-07-18 00:28:31+00:00,88.0,,,0.0,0.0,0.0,0.009,0.042,0.977,,0.0,0.0,0.0,,,,,0.0,0.0,30.0,0.0,0.0,0.0,88.0,36.5,0
26069,SO-0602,Constable Dinesh Chaudhary,Constable,39,2026-07-18 00:29:01+00:00,96.0,,,0.0,0.0,0.0,0.009,0.04,0.98,,0.0,0.0,0.0,,,,,0.0,0.0,30.0,0.0,0.0,0.0,88.0,36.5,2
26070,SO-0602,Constable Dinesh Chaudhary,Constable,39,2026-07-18 00:29:31+00:00,97.0,,,0.0,0.0,0.0,0.007,0.043,0.979,,0.0,0.0,0.0,,,,,0.0,0.0,30.0,0.0,0.0,0.0,88.0,36.5,2
26071,SO-0602,Constable Dinesh Chaudhary,Constable,39,2026-07-18 00:30:01+00:00,95.0,,,0.0,0.0,0.0,0.01,0.043,0.981,,0.0,0.0,0.0,,,,,0.0,0.0,30.0,0.0,0.0,0.0,88.0,36.5,2
26072,SO-0602,Constable Dinesh Chaudhary,Constable,39,2026-07-18 00:30:31+00:00,91.0,,,0.0,0.0,0.0,0.008,0.04,0.981,,0.0,0.0,0.0,,,,,0.0,0.0,30.0,0.0,0.0,0.0,88.0,36.5,2
26073,SO-0602,Constable Dinesh Chaudhary,Constable,39,2026-07-18 00:31:01+00:00,91.0,,,0.0,0.0,0.0,0.01,0.041,0.983,,0.0,0.0,0.0,,,,,0.0,0.0,30.0,0.0,0.0,0.0,88.0,36.5,2
26074,SO-0602,Constable Dinesh Chaudhary,Constable,39,2026-07-18 00:31:31+00:00,100.0,,,0.0,0.0,0.0,0.011,0.039,0.983,,0.0,0.0,0.0,,,,,0.0,0.0,30.0,0.0,0.0,0.0,88.0,36.5,2
26075,SO-0602,Constable Dinesh Chaudhary,Constable,39,2026-07-18 00:32:01+00:00,100.0,,,0.0,0.0,0.0,0.006,0.04,0.987,,0.0,0.0,0.0,,,,,0.0,0.0,30.0,0.0,0.0,0.0,88.0,36.5,2
26076,SO-0602,Constable Dinesh Chaudhary,Constable,39,2026-07-18 00:32:31+00:00,100.0,,,0.0,0.0,0.0,0.01,0.038,0.988,,0.0,0.0,0.0,,,,,0.0,0.0,30.0,0.0,0.0,0.0,88.0,36.5,2
26077,SO-0602,Constable Dinesh Chaudhary,Constable,39,2026-07-18 00:33:01+00:00,92.0,,,0.0,0.0,0.0,0.011,0.042,0.977,,0.0,0.0,0.0,,,,,0.0,0.0,30.0,0.0,0.0,0.0,88.0,36.5,2
26078,SO-0602,Constable Dinesh Chaudhary,Constable,39,2026-07-18 00:33:31+00:00,88.0,,,0.0,0.0,0.0,0.006,0.042,0.979,,0.0,0.0,0.0,,,,,0.0,0.0,30.0,0.0,0.0,0.0,88.0,36.5,0
26079,SO-0602,Constable Dinesh Chaudhary,Constable,39,2026-07-18 00:34:01+00:00,97.0,,,0.0,0.0,0.0,0.009,0.041,0.99,,0.0,0.0,0.0,,,,,0.0,0.0,30.0,0.0,0.0,0.0,88.0,36.5,2
26080,SO-0602,Constable Dinesh Chaudhary,Constable,39,2026-07-18 00:34:31+00:00,96.0,,,0.0,0.0,0.0,0.008,0.039,0.982,,0.0,0.0,0.0,,,,,0.0,0.0,30.0,0.0,0.0,0.0,88.0,36.5,2
26081,SO-0602,Constable Dinesh Chaudhary,Constable,39,2026-07-18 00:35:01+00:00,98.0,,,0.0,0.0,0.0,0.007,0.04,0.983,,0.0,0.0,0.0,,,,,0.0,0.0,30.0,0.0,0.0,0.0,88.0,36.5,2
26082,SO-0602,Constable Dinesh Chaudhary,Constable,39,2026-07-18 00:35:31+00:00,100.0,,,0.0,0.0,0.0,0.009,0.043,0.981,,0.0,0.0,0.0,,,,,0.0,0.0,30.0,0.0,0.0,0.0,88.0,36.5,2
26083,SO-0602,Constable Dinesh Chaudhary,Constable,39,2026-07-18 00:36:01+00:00,90.0,,,0.0,0.0,0.0,0.012,0.04,0.981,,0.0,0.0,0.0,,,,,0.0,0.0,30.0,0.0,0.0,0.0,88.0,36.5,0
26084,SO-0602,Constable Dinesh Chaudhary,Constable,39,2026-07-18 00:36:31+00:00,91.0,,,0.0,0.0,0.0,0.008,0.04,0.982,,0.0,0.0,0.0,,,,,0.0,0.0,30.0,0.0,0.0,0.0,88.0,36.5,2
26085,SO-0602,Constable Dinesh Chaudhary,Constable,39,2026-07-18 00:37:01+00:00,95.0,,,0.0,0.0,0.0,0.007,0.043,0.985,,0.0,0.0,0.0,,,,,0.0,0.0,30.0,0.0,0.0,0.0,88.0,36.5,2
26086,SO-0602,Constable Dinesh Chaudhary,Constable,39,2026-07-18 00:37:31+00:00,96.0,,,0.0,0.0,0.0,0.008,0.041,0.982,,0.0,0.0,0.0,,,,,0.0,0.0,30.0,0.0,0.0,0.0,88.0,36.5,2
26087,SO-0602,Constable Dinesh Chaudhary,Constable,39,2026-07-18 00:38:01+00:00,94.0,,,0.0,0.0,0.0,0.007,0.038,0.981,,0.0,0.0,0.0,,,,,0.0,0.0,30.0,0.0,0.0,0.0,88.0,36.5,2
26088,SO-0602,Constable Dinesh Chaudhary,Constable,39,2026-07-18 00:38:31+00:00,96.0,,,0.0,0.0,0.0,0.008,0.042,0.988,,0.0,0.0,0.0,,,,,0.0,0.0,30.0,0.0,0.0,0.0,88.0,36.5,2
26089,SO-0602,Constable Dinesh Chaudhary,Constable,39,2026-07-18 00:39:01+00:00,95.0,,,0.0,0.0,0.0,0.011,0.046,0.981,,0.0,0.0,0.0,,,,,0.0,0.0,30.0,0.0,0.0,0.0,88.0,36.5,2
26090,SO-0602,Constable Dinesh Chaudhary,Constable,39,2026-07-18 00:39:31+00:00,93.0,,,0.0,0.0,0.0,0.009,0.044,0.976,,0.0,0.0,0.0,,,,,0.0,0.0,30.0,0.0,0.0,0.0,88.0,36.5,2
26091,SO-0602,Constable Dinesh Chaudhary,Constable,39,2026-07-18 00:40:01+00:00,96.0,,,0.0,0.0,0.0,0.012,0.046,0.978,,0.0,0.0,0.0,,,,,0.0,0.0,30.0,0.0,0.0,0.0,88.0,36.5,2
26092,SO-0602,Constable Dinesh Chaudhary,Constable,39,2026-07-18 00:40:31+00:00,96.0,,,0.0,0.0,0.0,0.01,0.042,0.977,,0.0,0.0,0.0,,,,,0.0,0.0,30.0,0.0,0.0,0.0,88.0,36.5,2
26093,SO-0602,Constable Dinesh Chaudhary,Constable,39,2026-07-18 00:41:01+00:00,90.0,,,0.0,0.0,0.0,0.006,0.044,0.983,,0.0,0.0,0.0,,,,,0.0,0.0,30.0,0.0,0.0,0.0,88.0,36.5,0
26094,SO-0602,Constable Dinesh Chaudhary,Constable,39,2026-07-18 00:41:31+00:00,95.0,,,0.0,0.0,0.0,0.008,0.043,0.978,,0.0,0.0,0.0,,,,,0.0,0.0,30.0,0.0,0.0,0.0,88.0,36.5,2
26095,SO-0602,Constable Dinesh Chaudhary,Constable,39,2026-07-18 00:42:01+00:00,91.0,,,0.0,0.0,0.0,0.009,0.037,0.982,,0.0,0.0,0.0,,,,,0.0,0.0,30.0,0.0,0.0,0.0,88.0,36.5,2
26096,SO-0602,Constable Dinesh Chaudhary,Constable,39,2026-07-18 00:42:31+00:00,100.0,,,0.0,0.0,0.0,0.007,0.041,0.982,,0.0,0.0,0.0,,,,,0.0,0.0,30.0,0.0,0.0,0.0,88.0,36.5,2
26097,SO-0602,Constable Dinesh Chaudhary,Constable,39,2026-07-18 00:43:01+00:00,91.0,,,0.0,0.0,0.0,0.007,0.043,0.985,,0.0,0.0,0.0,,,,,0.0,0.0,30.0,0.0,0.0,0.0,88.0,36.5,2
26098,SO-0602,Constable Dinesh Chaudhary,Constable,39,2026-07-18 00:43:31+00:00,90.0,,,0.0,0.0,0.0,0.009,0.039,0.975,,0.0,0.0,0.0,,,,,0.0,0.0,30.0,0.0,0.0,0.0,88.0,36.5,0
26099,SO-0602,Constable Dinesh Chaudhary,Constable,39,2026-07-18 00:44:01+00:00,100.0,,,0.0,0.0,0.0,0.014,0.063,0.994,,0.0,0.0,0.0,,,,,0.0,0.0,30.0,0.0,0.0,0.0,88.0,36.5,2
26100,SO-0602,Constable Dinesh Chaudhary,Constable,39,2026-07-18 00:44:31+00:00,99.0,,,0.0,0.0,0.0,0.009,0.041,0.983,,0.0,0.0,0.0,,,,,0.0,0.0,30.0,0.0,0.0,0.0,88.0,36.5,2
26101,SO-0602,Constable Dinesh Chaudhary,Constable,39,2026-07-18 01:33:01+00:00,92.0,,,0.0,0.0,0.0,0.01,0.043,0.975,,0.0,0.0,0.0,,,,,0.0,0.0,2910.0,0.0,0.0,0.0,88.0,36.5,2
26102,SO-0602,Constable Dinesh Chaudhary,Constable,39,2026-07-18 01:33:31+00:00,93.0,,,0.0,0.0,0.0,0.009,0.042,0.987,,0.0,0.0,0.0,,,,,0.0,0.0,30.0,0.0,0.0,0.0,88.0,36.5,2
26103,SO-0602,Constable Dinesh Chaudhary,Constable,39,2026-07-18 01:34:01+00:00,98.0,,,0.0,0.0,0.0,0.009,0.04,0.983,,0.0,0.0,0.0,,,,,0.0,0.0,30.0,0.0,0.0,0.0,88.0,36.5,2
26104,SO-0602,Constable Dinesh Chaudhary,Constable,39,2026-07-18 01:34:31+00:00,100.0,,,0.0,0.0,0.0,0.008,0.043,0.977,,0.0,0.0,0.0,,,,,0.0,0.0,30.0,0.0,0.0,0.0,88.0,36.5,2
26105,SO-0602,Constable Dinesh Chaudhary,Constable,39,2026-07-18 01:35:01+00:00,100.0,,,0.0,0.0,0.0,0.011,0.045,0.983,,0.0,0.0,0.0,,,,,0.0,0.0,30.0,0.0,0.0,0.0,88.0,36.5,2
26106,SO-0602,Constable Dinesh Chaudhary,Constable,39,2026-07-18 01:35:31+00:00,100.0,,,0.0,0.0,0.0,0.009,0.042,0.981,,0.0,0.0,0.0,,,,,0.0,0.0,30.0,0.0,0.0,0.0,88.0,36.5,2
27461,SO-0602,Constable Dinesh Chaudhary,Constable,39,2026-07-18 15:16:21+00:00,83.0,88.0,,20.9778691,73.1712846,37.90000057220459,0.429,-0.159,0.88,,0.0,0.0,0.0,,,,,0.0,0.0,49250.0,20.9778691,73.1712846,0.0,88.0,36.5,0
27463,SO-0602,Constable Dinesh Chaudhary,Constable,39,2026-07-18 15:16:51+00:00,95.0,88.0,,20.9903833,73.182145,37.90000057220459,0.189,-0.159,0.96,,0.0,0.0,0.0,,,,,0.0,0.0,30.0,0.0125142000000018,0.0108603999999985,217.27,88.0,36.5,1
27465,SO-0602,Constable Dinesh Chaudhary,Constable,39,2026-07-18 15:17:20+00:00,88.0,88.0,,20.9903967,73.1821567,37.90000057220459,0.238,-0.187,0.947,,0.0,0.0,0.0,,,,,0.0,0.0,29.0,1.3400000000274304e-05,1.1699999987513364e-05,0.24,88.0,36.5,0
27467,SO-0602,Constable Dinesh Chaudhary,Constable,39,2026-07-18 15:17:50+00:00,93.0,79.0,,20.9903967,73.18214,37.90000057220459,0.247,-0.196,0.941,,0.0,0.0,0.0,,,,,0.0,0.0,30.0,0.0,-1.6699999989100434e-05,0.21,79.0,36.5,2
27469,SO-0602,Constable Dinesh Chaudhary,Constable,39,2026-07-18 15:18:19+00:00,97.0,83.0,,20.99041,73.1820983,37.90000057220459,0.249,-0.257,0.926,,0.0,0.0,0.0,,,,,0.0,0.0,29.0,1.3299999999105694e-05,-4.1699999997035775e-05,0.58,83.0,36.5,2
27471,SO-0602,Constable Dinesh Chaudhary,Constable,39,2026-07-18 15:18:50+00:00,98.0,87.0,,20.9904067,73.1821083,25.90000000000001,0.214,-0.126,0.964,,0.0,0.0,0.0,,,,,0.0,0.0,31.0,-3.299999999484271e-06,9.999999988963282e-06,0.13,87.0,36.5,2
27473,SO-0602,Constable Dinesh Chaudhary,Constable,39,2026-07-18 15:19:20+00:00,96.0,87.0,,20.9904167,73.182105,37.90000057220459,0.266,-0.118,-1.172,,0.0,0.0,0.0,,,,,0.0,0.0,30.0,9.999999999621425e-06,-3.29999998882613e-06,0.14,87.0,36.5,2
27475,SO-0602,Constable Dinesh Chaudhary,Constable,39,2026-07-18 15:19:51+00:00,85.0,87.0,,20.9904167,73.182105,37.90000057220459,0.932,0.128,0.698,,0.0,0.0,0.0,,,,,0.0,0.0,31.0,0.0,0.0,0.0,87.0,36.5,0
27477,SO-0602,Constable Dinesh Chaudhary,Constable,39,2026-07-18 15:20:21+00:00,83.0,,,20.9896512,73.1827508,37.90000057220459,-0.28,0.81,0.507,,0.0,0.0,0.0,,,,,0.0,0.0,30.0,-0.0007654999999999,0.0006457999999867,13.14,87.0,36.5,1
27479,SO-0602,Constable Dinesh Chaudhary,Constable,39,2026-07-18 15:20:51+00:00,83.0,,,20.99045,73.182085,37.90000057220459,-0.398,-0.912,-0.462,,0.0,0.0,0.0,,,,,0.0,0.0,30.0,0.0007987999999983,-0.000665799999993,13.65,87.0,36.5,1
27481,SO-0602,Constable Dinesh Chaudhary,Constable,39,2026-07-18 15:21:19+00:00,86.0,82.0,,20.990425,73.18211,37.90000057220459,0.373,-0.051,0.964,,0.0,0.0,0.0,,,,,0.0,0.0,28.0,-2.500000000082991e-05,2.4999999993724487e-05,0.5,82.0,36.5,0
27483,SO-0602,Constable Dinesh Chaudhary,Constable,39,2026-07-18 15:21:51+00:00,86.0,86.0,,20.990425,73.18211,37.90000057220459,0.686,-0.23,0.691,,0.0,0.0,0.0,,,,,0.0,0.0,32.0,0.0,0.0,0.0,86.0,36.5,0
27485,SO-0602,Constable Dinesh Chaudhary,Constable,39,2026-07-18 15:22:21+00:00,90.0,83.0,,20.9904633,73.18212,37.90000057220459,-0.869,0.003,0.572,,0.0,0.0,0.0,,,,,0.0,0.0,30.0,3.829999999993561e-05,1.0000000003174137e-05,0.53,83.0,36.5,0
27487,SO-0602,Constable Dinesh Chaudhary,Constable,39,2026-07-18 15:22:51+00:00,89.0,89.0,,20.9908267,73.1809367,37.90000057220459,-0.805,0.054,-0.635,,0.0,0.0,0.0,,,,,0.0,0.0,30.0,0.0003634000000012,-0.0011832999999938,15.94,89.0,36.5,1
27489,SO-0602,Constable Dinesh Chaudhary,Constable,39,2026-07-18 15:23:21+00:00,81.0,85.0,,20.9907133,73.1815233,37.90000057220459,-0.145,0.36,0.914,,0.0,0.0,0.0,,,,,0.0,0.0,30.0,-0.0001134,0.0005865999999912,7.68,85.0,36.5,1
27491,SO-0602,Constable Dinesh Chaudhary,Constable,39,2026-07-18 15:23:51+00:00,81.0,84.0,,20.9907483,73.1817683,37.90000057220459,-0.064,0.206,0.968,,0.0,0.0,0.0,,,,,0.0,0.0,30.0,3.500000000045134e-05,0.0002450000000067,3.18,84.0,36.5,0
27493,SO-0602,Constable Dinesh Chaudhary,Constable,39,2026-07-18 15:24:21+00:00,89.0,88.0,,20.990675,73.1819033,37.90000057220459,-0.054,0.153,0.982,,0.0,0.0,0.0,,,,,0.0,0.0,30.0,-7.330000000038694e-05,0.0001350000000002,1.99,88.0,36.5,0
27495,SO-0602,Constable Dinesh Chaudhary,Constable,39,2026-07-18 15:24:51+00:00,87.0,88.0,,20.9906333,73.18194,37.90000057220459,-1.062,0.096,-0.054,,0.0,0.0,0.0,,,,,0.0,0.0,30.0,-4.170000000058849e-05,3.669999999544871e-05,0.73,88.0,36.5,0
27497,SO-0602,Constable Dinesh Chaudhary,Constable,39,2026-07-18 15:25:21+00:00,82.0,88.0,,20.9903883,73.1821017,37.90000057220459,-0.111,0.14,0.977,,0.0,0.0,0.0,,,,,0.0,0.0,30.0,-0.0002449999999996,0.0001617000000067,3.87,88.0,36.5,0
27499,SO-0602,Constable Dinesh Chaudhary,Constable,39,2026-07-18 15:25:50+00:00,92.0,87.0,,20.9904017,73.182085,37.90000057220459,-0.266,-0.092,0.947,,0.0,0.0,0.0,,,,,0.0,0.0,29.0,1.3400000000274304e-05,-1.670000000331129e-05,0.29,87.0,36.5,2
27501,SO-0602,Constable Dinesh Chaudhary,Constable,39,2026-07-18 15:26:19+00:00,91.0,88.0,,20.99037,73.1820483,37.90000057220459,-0.204,-0.083,0.958,,0.0,0.0,0.0,,,,,0.0,0.0,29.0,-3.1700000000967066e-05,-3.669999999544871e-05,0.65,88.0,36.5,2
27503,SO-0602,Constable Dinesh Chaudhary,Constable,39,2026-07-18 15:26:51+00:00,96.0,88.0,,20.99037,73.1820483,37.90000057220459,-0.168,-0.773,0.388,,0.0,0.0,0.0,,,,,0.0,0.0,32.0,0.0,0.0,0.0,88.0,36.5,2
27505,SO-0602,Constable Dinesh Chaudhary,Constable,39,2026-07-18 15:27:20+00:00,98.0,79.0,,20.990465,73.1820883,37.90000057220459,0.385,0.151,-0.924,,0.0,0.0,0.0,,,,,0.0,0.0,29.0,9.50000000017326e-05,3.999999999848569e-05,1.41,79.0,36.5,2
27507,SO-0602,Constable Dinesh Chaudhary,Constable,39,2026-07-18 15:27:51+00:00,84.0,60.0,,20.990465,73.1820883,37.90000057220459,0.548,-0.076,0.852,,0.0,0.0,0.0,,,,,0.0,0.0,31.0,0.0,0.0,0.0,60.0,36.5,0
27509,SO-0602,Constable Dinesh Chaudhary,Constable,39,2026-07-18 15:28:20+00:00,85.0,86.0,,20.9904483,73.1821317,37.90000057220459,0.522,-0.044,0.846,,0.0,0.0,0.0,,,,,0.0,0.0,29.0,-1.6699999999758575e-05,4.339999999558586e-05,0.62,86.0,36.5,0
27511,SO-0602,Constable Dinesh Chaudhary,Constable,39,2026-07-18 15:28:51+00:00,85.0,82.0,,20.9904483,73.1821317,37.90000057220459,0.603,-0.07,0.817,,0.0,0.0,0.0,,,,,0.0,0.0,31.0,0.0,0.0,0.0,82.0,36.5,0
27513,SO-0602,Constable Dinesh Chaudhary,Constable,39,2026-07-18 15:29:19+00:00,84.0,84.0,,20.9904233,73.1821733,37.90000057220459,0.18,-0.087,-0.871,,0.0,0.0,0.0,,,,,0.0,0.0,28.0,-2.500000000082991e-05,4.160000000297259e-05,0.67,84.0,36.5,0
27515,SO-0602,Constable Dinesh Chaudhary,Constable,39,2026-07-18 15:29:51+00:00,84.0,,,20.9904233,73.1821733,37.90000057220459,0.099,0.137,0.969,,0.0,0.0,0.0,,,,,0.0,0.0,32.0,0.0,0.0,0.0,84.0,36.5,0
27517,SO-0602,Constable Dinesh Chaudhary,Constable,39,2026-07-18 15:30:20+00:00,85.0,88.0,,20.9904017,73.1821733,37.90000057220459,0.006,0.056,0.992,,0.0,0.0,0.0,,,,,0.0,0.0,29.0,-2.1600000000177033e-05,0.0,0.3,88.0,36.5,0
27519,SO-0602,Constable Dinesh Chaudhary,Constable,39,2026-07-18 15:30:51+00:00,82.0,88.0,,20.9904017,73.1821733,37.90000057220459,0.01,0.058,0.989,,0.0,0.0,0.0,,,,,0.0,0.0,31.0,0.0,0.0,0.0,88.0,36.5,0
27522,SO-0602,Constable Dinesh Chaudhary,Constable,39,2026-07-18 15:31:21+00:00,80.0,88.0,,20.990395,73.1821817,37.90000057220459,0.006,0.052,0.989,,0.0,0.0,0.0,,,,,0.0,0.0,30.0,-6.700000000137152e-06,8.399999998687235e-06,0.14,88.0,36.5,0
27525,SO-0602,Constable Dinesh Chaudhary,Constable,39,2026-07-18 15:31:51+00:00,85.0,88.0,,20.9903933,73.1821983,37.90000057220459,0.006,0.056,0.994,,0.0,0.0,0.0,,,,,0.0,0.0,30.0,-1.6999999985500835e-06,1.659999999503725e-05,0.21,88.0,36.5,0
27527,SO-0602,Constable Dinesh Chaudhary,Constable,39,2026-07-18 15:32:21+00:00,87.0,88.0,,20.9904,73.18221,37.90000057220459,0.002,0.055,1.0,,0.0,0.0,0.0,,,,,0.0,0.0,30.0,6.700000000137152e-06,1.170000000172422e-05,0.17,88.0,36.5,0
27529,SO-0602,Constable Dinesh Chaudhary,Constable,39,2026-07-18 15:32:51+00:00,83.0,88.0,,20.9904183,73.1821983,37.90000057220459,0.007,0.053,0.995,,0.0,0.0,0.0,,,,,0.0,0.0,30.0,1.830000000069276e-05,-1.170000000172422e-05,0.29,88.0,36.5,0
27531,SO-0602,Constable Dinesh Chaudhary,Constable,39,2026-07-18 15:33:21+00:00,83.0,,,20.9904067,73.1821833,37.90000057220459,0.005,0.058,0.997,,0.0,0.0,0.0,,,,,0.0,0.0,30.0,-1.160000000055561e-05,-1.499999999055035e-05,0.25,88.0,36.5,0
27533,SO-0602,Constable Dinesh Chaudhary,Constable,39,2026-07-18 15:33:49+00:00,85.0,84.0,,20.990405,73.1821883,24.0,0.002,0.06,0.986,,0.0,0.0,0.0,,,,,0.0,0.0,28.0,-1.7000000021027972e-06,5.000000001587068e-06,0.07,84.0,36.5,0
27536,SO-0602,Constable Dinesh Chaudhary,Constable,39,2026-07-18 15:34:21+00:00,89.0,87.0,,20.990405,73.1821883,24.0,0.002,0.054,0.992,,0.0,0.0,0.0,,,,,0.0,0.0,32.0,0.0,0.0,0.0,87.0,36.5,0
27539,SO-0602,Constable Dinesh Chaudhary,Constable,39,2026-07-18 15:34:51+00:00,89.0,87.0,,20.9904033,73.1821867,37.90000057220459,0.006,0.059,0.999,,0.0,0.0,0.0,,,,,0.0,0.0,30.0,-1.6999999985500835e-06,-1.6000000044869012e-06,0.03,87.0,36.5,0
27542,SO-0602,Constable Dinesh Chaudhary,Constable,39,2026-07-18 15:35:21+00:00,87.0,88.0,,20.990455,73.1822033,37.90000057220459,0.003,0.058,0.989,,0.0,0.0,0.0,,,,,0.0,0.0,30.0,5.170000000020991e-05,1.659999999503725e-05,0.72,88.0,36.5,0
27545,SO-0602,Constable Dinesh Chaudhary,Constable,39,2026-07-18 15:35:51+00:00,88.0,88.0,,20.990485,73.18222,37.90000057220459,0.0,0.055,0.993,,0.0,0.0,0.0,,,,,0.0,0.0,30.0,2.999999999886427e-05,1.670000000331129e-05,0.45,88.0,36.5,0
27548,SO-0602,Constable Dinesh Chaudhary,Constable,39,2026-07-18 15:36:21+00:00,91.0,88.0,,20.9903633,73.1821717,37.90000057220459,0.002,0.056,0.992,,0.0,0.0,0.0,,,,,0.0,0.0,30.0,-0.0001217000000011,-4.8300000003109744e-05,1.74,88.0,36.5,2
27551,SO-0602,Constable Dinesh Chaudhary,Constable,39,2026-07-18 15:36:51+00:00,82.0,88.0,,20.9903617,73.18217,37.90000057220459,0.002,0.055,0.989,,0.0,0.0,0.0,,,,,0.0,0.0,30.0,-1.5999999973814738e-06,-1.6999999985500835e-06,0.03,88.0,36.5,0
27554,SO-0602,Constable Dinesh Chaudhary,Constable,39,2026-07-18 15:37:21+00:00,85.0,88.0,,20.9904417,73.1821267,37.90000057220459,0.007,0.055,0.995,,0.0,0.0,0.0,,,,,0.0,0.0,30.0,8.00000000005241e-05,-4.330000000152267e-05,1.2,88.0,36.5,0
27557,SO-0602,Constable Dinesh Chaudhary,Constable,39,2026-07-18 15:37:51+00:00,88.0,,,20.9903633,73.18213,37.90000057220459,0.0,0.056,0.991,,0.0,0.0,0.0,,,,,0.0,0.0,30.0,-7.840000000314262e-05,3.3000000030369847e-06,1.05,88.0,36.5,0
27560,SO-0602,Constable Dinesh Chaudhary,Constable,39,2026-07-18 15:38:21+00:00,85.0,,,20.9903733,73.1820783,37.90000057220459,-0.001,0.053,0.996,,0.0,0.0,0.0,,,,,0.0,0.0,30.0,1.0000000003174137e-05,-5.170000000020991e-05,0.68,88.0,36.5,0
27562,SO-0602,Constable Dinesh Chaudhary,Constable,39,2026-07-18 15:38:51+00:00,85.0,,,20.9903367,73.18212,24.1,0.002,0.055,0.989,,0.0,0.0,0.0,,,,,0.0,0.0,30.0,-3.660000000138552e-05,4.1699999997035775e-05,0.72,88.0,36.5,0
27564,SO-0602,Constable Dinesh Chaudhary,Constable,39,2026-07-18 15:39:21+00:00,81.0,,,20.9903683,73.1821467,24.1,-0.001,0.056,0.991,,0.0,0.0,0.0,,,,,0.0,0.0,30.0,3.1599999999798456e-05,2.6700000006485425e-05,0.54,88.0,36.5,0
27567,SO-0602,Constable Dinesh Chaudhary,Constable,39,2026-07-18 15:39:51+00:00,83.0,,,20.9903383,73.18212,24.200000000000003,0.002,0.051,0.987,,0.0,0.0,0.0,,,,,0.0,0.0,30.0,-2.999999999886427e-05,-2.6700000006485425e-05,0.53,88.0,36.5,0
27570,SO-0602,Constable Dinesh Chaudhary,Constable,39,2026-07-18 15:40:21+00:00,82.0,80.0,,20.99037,73.18213,37.90000057220459,-0.004,0.055,0.986,,0.0,0.0,0.0,,,,,0.0,0.0,30.0,3.169999999741435e-05,1.0000000003174137e-05,0.44,80.0,36.5,0
27572,SO-0602,Constable Dinesh Chaudhary,Constable,39,2026-07-18 15:40:51+00:00,86.0,,,20.990375,73.18214,24.6,0.001,0.054,0.993,,0.0,0.0,0.0,,,,,0.0,0.0,30.0,5.000000001587068e-06,1.0000000003174137e-05,0.14,80.0,36.5,0
27574,SO-0602,Constable Dinesh Chaudhary,Constable,39,2026-07-18 15:41:21+00:00,88.0,,,20.99037,73.1821417,37.90000057220459,-0.002,0.051,0.987,,0.0,0.0,0.0,,,,,0.0,0.0,30.0,-5.000000001587068e-06,1.6999999985500835e-06,0.07,80.0,36.5,0
27577,SO-0602,Constable Dinesh Chaudhary,Constable,39,2026-07-18 15:41:51+00:00,88.0,,,20.99037,73.1821183,24.6,-0.001,0.052,0.992,,0.0,0.0,0.0,,,,,0.0,0.0,30.0,0.0,-2.340000000344844e-05,0.3,80.0,36.5,0
27580,SO-0602,Constable Dinesh Chaudhary,Constable,39,2026-07-18 15:42:21+00:00,86.0,,,20.9903817,73.18213,24.6,-0.001,0.055,0.99,,0.0,0.0,0.0,,,,,0.0,0.0,30.0,1.170000000172422e-05,1.170000000172422e-05,0.22,80.0,36.5,0
27583,SO-0602,Constable Dinesh Chaudhary,Constable,39,2026-07-18 15:42:51+00:00,90.0,,,20.9904133,73.1821633,37.90000057220459,-0.003,0.05,0.983,,0.0,0.0,0.0,,,,,0.0,0.0,30.0,3.1599999999798456e-05,3.329999999834854e-05,0.6,80.0,36.5,0
27585,SO-0602,Constable Dinesh Chaudhary,Constable,39,2026-07-18 15:43:21+00:00,82.0,,,20.9904117,73.1821567,37.90000057220459,-0.003,0.057,0.989,,0.0,0.0,0.0,,,,,0.0,0.0,30.0,-1.6000000009341877e-06,-6.600000006073969e-06,0.09,80.0,36.5,0
27587,SO-0602,Constable Dinesh Chaudhary,Constable,39,2026-07-18 15:43:51+00:00,90.0,83.0,,20.9903933,73.1821467,24.6,-0.001,0.052,0.988,,0.0,0.0,0.0,,,,,0.0,0.0,30.0,-1.8399999998308655e-05,-9.999999988963282e-06,0.28,83.0,36.5,0
27589,SO-0602,Constable Dinesh Chaudhary,Constable,39,2026-07-18 15:44:21+00:00,81.0,,,20.9903767,73.18212,24.6,0.004,0.053,0.987,,0.0,0.0,0.0,,,,,0.0,0.0,30.0,-1.660000000214268e-05,-2.6700000006485425e-05,0.41,83.0,36.5,0
27591,SO-0602,Constable Dinesh Chaudhary,Constable,39,2026-07-18 15:44:51+00:00,84.0,,,20.990345,73.182125,24.6,-0.002,0.052,0.987,,0.0,0.0,0.0,,,,,0.0,0.0,30.0,-3.169999999741435e-05,5.000000001587068e-06,0.43,83.0,36.5,0
27593,SO-0602,Constable Dinesh Chaudhary,Constable,39,2026-07-18 15:45:21+00:00,83.0,,,20.9903217,73.1821617,24.6,-0.005,0.055,0.995,,0.0,0.0,0.0,,,,,0.0,0.0,30.0,-2.330000000227983e-05,3.669999999544871e-05,0.56,83.0,36.5,0
27596,SO-0602,Constable Dinesh Chaudhary,Constable,39,2026-07-18 15:45:51+00:00,90.0,,,20.9903383,73.1820833,24.700000000000003,0.0,0.054,0.985,,0.0,0.0,0.0,,,,,0.0,0.0,30.0,1.660000000214268e-05,-7.839999999248448e-05,1.03,83.0,36.5,0
27599,SO-0602,Constable Dinesh Chaudhary,Constable,39,2026-07-18 15:46:21+00:00,86.0,,,20.990365,73.1821083,24.700000000000003,-0.001,0.052,0.986,,0.0,0.0,0.0,,,,,0.0,0.0,30.0,2.6699999999379997e-05,2.4999999993724487e-05,0.48,83.0,36.5,0
27602,SO-0602,Constable Dinesh Chaudhary,Constable,39,2026-07-18 15:46:51+00:00,90.0,,,20.99047,73.1821083,24.700000000000003,-0.006,0.053,0.995,,0.0,0.0,0.0,,,,,0.0,0.0,30.0,0.0001049999999978,0.0,1.4,83.0,36.5,0
27605,SO-0602,Constable Dinesh Chaudhary,Constable,39,2026-07-18 15:47:21+00:00,88.0,85.0,,20.9904533,73.1822,24.700000000000003,0.002,0.053,0.991,,0.0,0.0,0.0,,,,,0.0,0.0,30.0,-1.6699999999758575e-05,9.16999999986956e-05,1.2,85.0,36.5,0
27608,SO-0602,Constable Dinesh Chaudhary,Constable,39,2026-07-18 15:47:51+00:00,90.0,83.0,,20.99047,73.1821633,24.700000000000003,-0.01,0.058,0.993,,0.0,0.0,0.0,,,,,0.0,0.0,30.0,1.6699999999758575e-05,-3.669999999544871e-05,0.52,83.0,36.5,0
27611,SO-0602,Constable Dinesh Chaudhary,Constable,39,2026-07-18 15:48:21+00:00,85.0,,,20.9904667,73.1821583,24.700000000000003,0.001,0.054,0.986,,0.0,0.0,0.0,,,,,0.0,0.0,30.0,-3.299999999484271e-06,-5.000000001587068e-06,0.08,83.0,36.5,0
27614,SO-0602,Constable Dinesh Chaudhary,Constable,39,2026-07-18 15:48:51+00:00,85.0,,,20.9904167,73.182165,24.800000000000004,-0.003,0.052,0.996,,0.0,0.0,0.0,,,,,0.0,0.0,30.0,-4.9999999998107114e-05,6.700000000137152e-06,0.67,83.0,36.5,0
27617,SO-0602,Constable Dinesh Chaudhary,Constable,39,2026-07-18 15:49:21+00:00,82.0,,,20.9904283,73.1821783,24.800000000000004,-0.004,0.054,0.995,,0.0,0.0,0.0,,,,,0.0,0.0,30.0,1.160000000055561e-05,1.330000000621112e-05,0.23,83.0,36.5,0
27620,SO-0602,Constable Dinesh Chaudhary,Constable,39,2026-07-18 15:49:51+00:00,87.0,,,20.9904067,73.1821867,24.800000000000004,-0.002,0.05,0.988,,0.0,0.0,0.0,,,,,0.0,0.0,30.0,-2.1600000000177033e-05,8.399999998687235e-06,0.31,83.0,36.5,0
27623,SO-0602,Constable Dinesh Chaudhary,Constable,39,2026-07-18 15:50:21+00:00,83.0,,,20.99037,73.18219,24.90000000000001,0.0,0.06,0.994,,0.0,0.0,0.0,,,,,0.0,0.0,30.0,-3.6700000002554134e-05,3.3000000030369847e-06,0.49,83.0,36.5,0
27626,SO-0602,Constable Dinesh Chaudhary,Constable,39,2026-07-18 15:50:51+00:00,81.0,75.0,,20.99037,73.1821833,24.800000000000004,-0.002,0.055,0.986,,0.0,0.0,0.0,,,,,0.0,0.0,30.0,0.0,-6.700000000137152e-06,0.09,75.0,36.5,0
27628,SO-0602,Constable Dinesh Chaudhary,Constable,39,2026-07-18 15:51:21+00:00,84.0,75.0,,20.9903667,73.1822083,24.800000000000004,-0.009,0.055,0.996,,0.0,0.0,0.0,,,,,0.0,0.0,30.0,-3.299999999484271e-06,2.4999999993724487e-05,0.32,75.0,36.5,0
27630,SO-0602,Constable Dinesh Chaudhary,Constable,39,2026-07-18 15:51:51+00:00,85.0,85.0,,20.990385,73.1821867,24.800000000000004,-0.002,0.055,0.985,,0.0,0.0,0.0,,,,,0.0,0.0,30.0,1.830000000069276e-05,-2.159999999662432e-05,0.37,85.0,36.5,0
27631,SO-0602,Constable Dinesh Chaudhary,Constable,39,2026-07-18 15:52:21+00:00,85.0,87.0,,20.99039,73.1821733,24.90000000000001,-0.006,0.052,0.986,,0.0,0.0,0.0,,,,,0.0,0.0,30.0,5.000000001587068e-06,-1.3400000000274304e-05,0.18,87.0,36.5,0
27635,SO-0602,Constable Dinesh Chaudhary,Constable,39,2026-07-18 15:52:51+00:00,81.0,87.0,,20.99037,73.18213,24.800000000000004,-0.008,0.051,0.992,,0.0,0.0,0.0,,,,,0.0,0.0,30.0,-2.000000000279556e-05,-4.330000000152267e-05,0.62,87.0,36.5,0
27638,SO-0602,Constable Dinesh Chaudhary,Constable,39,2026-07-18 15:53:21+00:00,85.0,82.0,,20.9904467,73.1822183,24.800000000000004,-0.004,0.051,0.986,,0.0,0.0,0.0,,,,,0.0,0.0,30.0,7.670000000103983e-05,8.830000000159544e-05,1.53,82.0,36.5,0
27641,SO-0602,Constable Dinesh Chaudhary,Constable,39,2026-07-18 15:53:51+00:00,88.0,82.0,,20.9904283,73.1821667,24.90000000000001,-0.006,0.053,0.988,,0.0,0.0,0.0,,,,,0.0,0.0,30.0,-1.8399999998308655e-05,-5.160000000614673e-05,0.71,82.0,36.5,0
27644,SO-0602,Constable Dinesh Chaudhary,Constable,39,2026-07-18 15:54:21+00:00,86.0,,,20.990395,73.182145,24.90000000000001,-0.001,0.052,0.992,,0.0,0.0,0.0,,,,,0.0,0.0,30.0,-3.330000000190125e-05,-2.1699999990687505e-05,0.52,82.0,36.5,0
27647,SO-0602,Constable Dinesh Chaudhary,Constable,39,2026-07-18 15:54:51+00:00,85.0,,,20.9903733,73.18214,24.800000000000004,-0.003,0.052,0.985,,0.0,0.0,0.0,,,,,0.0,0.0,30.0,-2.169999999779293e-05,-5.000000001587068e-06,0.3,82.0,36.5,0
27650,SO-0602,Constable Dinesh Chaudhary,Constable,39,2026-07-18 15:55:21+00:00,90.0,,,20.9903767,73.18214,24.800000000000004,-0.009,0.057,0.991,,0.0,0.0,0.0,,,,,0.0,0.0,30.0,3.399999997100167e-06,0.0,0.05,82.0,36.5,0
27653,SO-0602,Constable Dinesh Chaudhary,Constable,39,2026-07-18 15:55:51+00:00,82.0,,,20.9903933,73.18216,24.90000000000001,-0.008,0.052,0.987,,0.0,0.0,0.0,,,,,0.0,0.0,30.0,1.660000000214268e-05,1.9999999992137415e-05,0.34,82.0,36.5,0
27656,SO-0602,Constable Dinesh Chaudhary,Constable,39,2026-07-18 15:56:21+00:00,83.0,85.0,,20.9903867,73.1821617,25.0,-0.005,0.054,0.99,,0.0,0.0,0.0,,,,,0.0,0.0,30.0,-6.600000002521256e-06,1.6999999985500835e-06,0.09,85.0,36.5,0
27659,SO-0602,Constable Dinesh Chaudhary,Constable,39,2026-07-18 15:56:51+00:00,88.0,,,20.9903867,73.1821933,25.0,-0.001,0.055,0.986,,0.0,0.0,0.0,,,,,0.0,0.0,30.0,0.0,3.1599999999798456e-05,0.41,85.0,36.5,0
27662,SO-0602,Constable Dinesh Chaudhary,Constable,39,2026-07-18 15:57:21+00:00,86.0,,,20.9903683,73.1821633,24.90000000000001,-0.002,0.057,0.994,,0.0,0.0,0.0,,,,,0.0,0.0,30.0,-1.8399999998308655e-05,-2.9999999995311555e-05,0.46,85.0,36.5,0
27667,SO-0602,Constable Dinesh Chaudhary,Constable,39,2026-07-18 15:58:19+00:00,90.0,86.0,,20.9903683,73.1820917,25.0,-0.236,-0.621,-0.742,,0.0,0.0,0.0,,,,,0.0,0.0,58.0,0.0,-7.159999999828415e-05,0.48,86.0,36.5,0
27670,SO-0602,Constable Dinesh Chaudhary,Constable,39,2026-07-18 15:58:48+00:00,86.0,87.0,,20.9903683,73.1820917,25.0,-0.197,0.17,0.959,,0.0,0.0,0.0,,,,,0.0,0.0,29.0,0.0,0.0,0.0,87.0,36.5,0
27673,SO-0602,Constable Dinesh Chaudhary,Constable,39,2026-07-18 15:59:21+00:00,81.0,85.0,,20.9903683,73.1820917,25.0,-0.189,0.171,0.955,,0.0,0.0,0.0,,,,,0.0,0.0,33.0,0.0,0.0,0.0,85.0,36.5,0
27676,SO-0602,Constable Dinesh Chaudhary,Constable,39,2026-07-18 15:59:51+00:00,81.0,,,20.9903683,73.1820917,25.0,0.819,0.71,-0.244,,0.0,0.0,0.0,,,,,0.0,0.0,30.0,0.0,0.0,0.0,85.0,36.5,0
28308,SO-0602,Constable Dinesh Chaudhary,Constable,39,2026-07-18 20:25:51+00:00,81.0,,,20.9809797,73.173497,48.0,-0.697,0.06,0.716,,0.0,0.0,0.0,,,,,0.0,0.0,15960.0,-0.0093886000000011,-0.0085947000000032,0.0,85.0,36.5,0
28310,SO-0602,Constable Dinesh Chaudhary,Constable,39,2026-07-18 20:26:21+00:00,93.0,88.0,,20.9903233,73.1821983,38.5,-0.182,-0.867,0.424,,0.0,0.0,0.0,,,,,0.0,0.0,30.0,0.0093436000000011,0.0087012999999984,167.2,88.0,36.5,1
28312,SO-0602,Constable Dinesh Chaudhary,Constable,39,2026-07-18 20:26:51+00:00,100.0,86.0,,20.9903733,73.1822,37.90000057220459,-0.456,-0.146,0.862,,0.0,0.0,0.0,,,,,0.0,0.0,30.0,5.000000000165983e-05,1.6999999985500835e-06,0.67,86.0,36.5,2
28314,SO-0602,Constable Dinesh Chaudhary,Constable,39,2026-07-18 20:27:21+00:00,84.0,88.0,,20.9903633,73.182245,37.90000057220459,-0.522,-0.123,0.836,,0.0,0.0,0.0,,,,,0.0,0.0,30.0,-1.0000000003174137e-05,4.500000000007276e-05,0.59,88.0,36.5,0
28316,SO-0602,Constable Dinesh Chaudhary,Constable,39,2026-07-18 20:27:50+00:00,90.0,85.0,,20.990365,73.1822533,37.90000057220459,-0.076,0.067,0.943,,0.0,0.0,0.0,,,,,0.0,0.0,29.0,1.7000000021027972e-06,8.300000004624053e-06,0.11,85.0,36.5,0
40041,SO-0602,Constable Dinesh Chaudhary,Constable,39,2026-07-21 14:14:57+00:00,87.0,88.0,,21.3374515,72.7513157,16.899999618530273,-0.595,0.048,0.785,,0.0,0.0,0.0,,,,,0.0,0.0,236827.0,0.3470864999999996,-0.4309375999999929,0.0,88.0,36.5,0
40045,SO-0602,Constable Dinesh Chaudhary,Constable,39,2026-07-21 14:15:27+00:00,93.0,88.0,,21.3371926,72.7512067,16.30000114440918,-0.61,0.111,0.771,,0.0,0.0,0.0,,,,,0.0,0.0,30.0,-0.0002588999999986,-0.000109000000009,3.72,88.0,36.5,2
40049,SO-0602,Constable Dinesh Chaudhary,Constable,39,2026-07-21 14:15:58+00:00,96.0,85.0,,21.3372173,72.7512217,16.899999618530273,-0.465,0.414,0.651,,0.0,0.0,0.0,,,,,0.0,0.0,31.0,2.4699999997324085e-05,1.5000000004761205e-05,0.37,85.0,36.5,2
40053,SO-0602,Constable Dinesh Chaudhary,Constable,39,2026-07-21 14:16:27+00:00,91.0,76.0,,21.3375309,72.7512741,16.899999618530273,-0.776,0.141,0.606,,0.0,0.0,0.0,,,,,0.0,0.0,29.0,0.0003136000000019,5.240000000128475e-05,4.38,76.0,36.5,2
40057,SO-0602,Constable Dinesh Chaudhary,Constable,39,2026-07-21 14:16:54+00:00,87.0,86.0,,21.3373761,72.7512169,16.30000114440918,-0.705,0.094,0.68,,0.0,0.0,0.0,,,,,0.0,0.0,27.0,-0.0001548000000006,-5.72000000005346e-05,2.43,86.0,36.5,0
40061,SO-0602,Constable Dinesh Chaudhary,Constable,39,2026-07-21 14:17:27+00:00,84.0,70.0,,21.3374574,72.751257,16.899999618530273,-0.581,0.126,0.779,,0.0,0.0,0.0,,,,,0.0,0.0,33.0,8.130000000150517e-05,4.0099999992548874e-05,1.09,70.0,36.5,0
40065,SO-0602,Constable Dinesh Chaudhary,Constable,39,2026-07-21 14:17:58+00:00,88.0,87.0,,21.3370019,72.7511977,16.899999618530273,-0.927,0.312,0.014,,0.0,0.0,0.0,,,,,0.0,0.0,31.0,-0.000455500000001,-5.929999998954827e-05,5.92,87.0,36.5,1
40069,SO-0602,Constable Dinesh Chaudhary,Constable,39,2026-07-21 14:18:29+00:00,92.0,86.0,,21.3370019,72.7511977,16.899999618530273,-0.948,0.331,0.104,,0.0,0.0,0.0,,,,,0.0,0.0,31.0,0.0,0.0,0.0,86.0,36.5,2
40073,SO-0602,Constable Dinesh Chaudhary,Constable,39,2026-07-21 14:18:59+00:00,98.0,88.0,,21.3371165,72.7513351,16.899999618530273,-0.999,0.069,-0.172,,0.0,0.0,0.0,,,,,0.0,0.0,30.0,0.0001145999999998,0.0001373999999998,2.33,88.0,36.5,2
40077,SO-0602,Constable Dinesh Chaudhary,Constable,39,2026-07-21 14:19:26+00:00,81.0,88.0,,21.3376097,72.7513032,16.899999618530273,-0.943,-0.02,-0.33,,0.0,0.0,0.0,,,,,0.0,0.0,27.0,0.000493200000001,-3.190000001040971e-05,7.31,88.0,36.5,1
40081,SO-0602,Constable Dinesh Chaudhary,Constable,39,2026-07-21 14:19:56+00:00,92.0,82.0,,21.3370577,72.7512936,16.499998092651367,-0.965,0.08,-0.253,,0.0,0.0,0.0,,,,,0.0,0.0,30.0,-0.0005520000000025,-9.599999998499698e-06,7.35,82.0,36.5,1
40085,SO-0602,Constable Dinesh Chaudhary,Constable,39,2026-07-21 14:20:26+00:00,96.0,86.0,,21.3375438,72.7512531,16.69999885559082,-0.348,0.04,0.927,,0.0,0.0,0.0,,,,,0.0,0.0,30.0,0.0004860999999998,-4.049999999722331e-05,6.5,86.0,36.5,1
40089,SO-0602,Constable Dinesh Chaudhary,Constable,39,2026-07-21 14:20:57+00:00,92.0,88.0,,21.3375248,72.7512601,16.899999618530273,-0.921,0.259,-0.115,,0.0,0.0,0.0,,,,,0.0,0.0,31.0,-1.899999999821489e-05,6.999999996537554e-06,0.26,88.0,36.5,2
40092,SO-0602,Constable Dinesh Chaudhary,Constable,39,2026-07-21 14:21:27+00:00,95.0,88.0,,21.3375764,72.7512308,16.899999618530273,-0.918,0.301,-0.205,,0.0,0.0,0.0,,,,,0.0,0.0,30.0,5.15999999990413e-05,-2.929999999423671e-05,0.78,88.0,36.5,2
40096,SO-0602,Constable Dinesh Chaudhary,Constable,39,2026-07-21 14:21:57+00:00,98.0,85.0,,21.3375075,72.7512367,16.899999618530273,-0.985,0.237,-0.056,,0.0,0.0,0.0,,,,,0.0,0.0,30.0,-6.889999999870611e-05,5.900000004999129e-06,0.92,85.0,36.5,2
40099,SO-0602,Constable Dinesh Chaudhary,Constable,39,2026-07-21 14:22:26+00:00,97.0,88.0,,21.337443,72.7512187,16.30000114440918,0.191,-0.888,0.498,,0.0,0.0,0.0,,,,,0.0,0.0,29.0,-6.450000000057798e-05,-1.8000000011397788e-05,0.92,88.0,36.5,2
40102,SO-0602,Constable Dinesh Chaudhary,Constable,39,2026-07-21 14:22:56+00:00,85.0,88.0,,21.3375853,72.7512338,17.19999885559082,0.053,-0.659,0.738,,0.0,0.0,0.0,,,,,0.0,0.0,30.0,0.0001423000000002,1.5099999998824389e-05,1.91,88.0,36.5,0
40105,SO-0602,Constable Dinesh Chaudhary,Constable,39,2026-07-21 14:23:26+00:00,89.0,85.0,,21.3370622,72.7511947,16.30000114440918,0.216,-0.247,0.921,,0.0,0.0,0.0,,,,,0.0,0.0,30.0,-0.0005231000000023,-3.909999999507363e-05,6.99,85.0,36.5,1
40107,SO-0602,Constable Dinesh Chaudhary,Constable,39,2026-07-21 14:23:56+00:00,100.0,86.0,,21.337522,72.7512254,16.899999618530273,-0.361,-0.527,0.743,,0.0,0.0,0.0,,,,,0.0,0.0,30.0,0.0004598000000015,3.0699999996386396e-05,6.14,86.0,36.5,1
40109,SO-0602,Constable Dinesh Chaudhary,Constable,39,2026-07-21 14:24:26+00:00,88.0,84.0,,21.3371302,72.7512008,16.30000114440918,0.07,-0.389,0.899,,0.0,0.0,0.0,,,,,0.0,0.0,30.0,-0.0003917999999991,-2.4599999989050048e-05,5.23,84.0,36.5,1
40112,SO-0602,Constable Dinesh Chaudhary,Constable,39,2026-07-21 14:24:56+00:00,90.0,88.0,,21.3374894,72.7512735,16.899999618530273,-0.414,-0.386,0.779,,0.0,0.0,0.0,,,,,0.0,0.0,30.0,0.0003591999999983,7.269999998982257e-05,4.87,88.0,36.5,1
40115,SO-0602,Constable Dinesh Chaudhary,Constable,39,2026-07-21 14:25:29+00:00,99.0,83.0,,21.3374894,72.7512735,16.899999618530273,-0.975,0.044,0.156,,0.0,0.0,0.0,,,,,0.0,0.0,33.0,0.0,0.0,0.0,83.0,36.5,2
40118,SO-0602,Constable Dinesh Chaudhary,Constable,39,2026-07-21 14:25:56+00:00,90.0,84.0,,21.3375798,72.7512299,16.899999618530273,-0.968,-0.014,0.231,,0.0,0.0,0.0,,,,,0.0,0.0,27.0,9.040000000126724e-05,-4.359999999792308e-05,1.48,84.0,36.5,0
40121,SO-0602,Constable Dinesh Chaudhary,Constable,39,2026-07-21 14:26:27+00:00,93.0,86.0,,21.3370276,72.7512419,16.499998092651367,-0.513,0.054,0.837,,0.0,0.0,0.0,,,,,0.0,0.0,31.0,-0.0005522000000013,1.1999999998124622e-05,7.12,86.0,36.5,1
40125,SO-0602,Constable Dinesh Chaudhary,Constable,39,2026-07-21 14:26:56+00:00,93.0,88.0,,21.3372387,72.7511974,16.899999618530273,-0.692,0.142,0.782,,0.0,0.0,0.0,,,,,0.0,0.0,29.0,0.0002111000000013,-4.450000000133514e-05,2.97,88.0,36.5,2
40129,SO-0602,Constable Dinesh Chaudhary,Constable,39,2026-07-21 14:27:27+00:00,89.0,88.0,,21.3371194,72.7513533,16.499998092651367,-0.96,0.039,0.194,,0.0,0.0,0.0,,,,,0.0,0.0,31.0,-0.0001193000000014,0.0001559000000099,2.47,88.0,36.5,0
40132,SO-0602,Constable Dinesh Chaudhary,Constable,39,2026-07-21 14:27:57+00:00,84.0,88.0,,21.3374112,72.751372,16.69999885559082,-0.983,0.039,0.1,,0.0,0.0,0.0,,,,,0.0,0.0,30.0,0.0002917999999993,1.8699999998261777e-05,3.89,88.0,36.5,0
40137,SO-0602,Constable Dinesh Chaudhary,Constable,39,2026-07-21 14:28:26+00:00,88.0,82.0,,21.3375638,72.7512233,16.899999618530273,-0.961,0.042,0.231,,0.0,0.0,0.0,,,,,0.0,0.0,29.0,0.0001526000000033,-0.0001486999999968,2.88,82.0,36.5,0
40141,SO-0602,Constable Dinesh Chaudhary,Constable,39,2026-07-21 14:28:56+00:00,95.0,87.0,,21.3375658,72.7512447,16.899999618530273,-0.917,0.061,0.343,,0.0,0.0,0.0,,,,,0.0,0.0,30.0,1.999999998503199e-06,2.13999999942871e-05,0.28,87.0,36.5,2
40145,SO-0602,Constable Dinesh Chaudhary,Constable,39,2026-07-21 14:29:26+00:00,85.0,83.0,,21.3372824,72.7512022,17.19999885559082,-0.943,0.031,0.305,,0.0,0.0,0.0,,,,,0.0,0.0,30.0,-0.0002834000000007,-4.250000000638465e-05,3.81,83.0,36.5,0
40149,SO-0602,Constable Dinesh Chaudhary,Constable,39,2026-07-21 14:29:56+00:00,84.0,87.0,,21.337452,72.7512188,16.899999618530273,-0.943,0.055,0.296,,0.0,0.0,0.0,,,,,0.0,0.0,30.0,0.0001695999999995,1.6600000009248106e-05,2.27,87.0,36.5,0
40153,SO-0602,Constable Dinesh Chaudhary,Constable,39,2026-07-21 14:30:27+00:00,89.0,79.0,,21.3374859,72.7512227,16.899999618530273,-0.032,-0.626,0.795,,0.0,0.0,0.0,,,,,0.0,0.0,31.0,3.3900000001807484e-05,3.8999999958377884e-06,0.44,79.0,36.5,0
40157,SO-0602,Constable Dinesh Chaudhary,Constable,39,2026-07-21 14:30:54+00:00,85.0,85.0,,21.3374859,72.7512227,16.899999618530273,-0.559,0.067,0.801,,0.0,0.0,0.0,,,,,0.0,0.0,27.0,0.0,0.0,0.0,85.0,36.5,0
40161,SO-0602,Constable Dinesh Chaudhary,Constable,39,2026-07-21 14:31:26+00:00,92.0,87.0,,21.3369669,72.7511902,16.899999618530273,-0.731,0.599,-0.326,,0.0,0.0,0.0,,,,,0.0,0.0,32.0,-0.0005190000000006,-3.2500000003210516e-05,6.49,87.0,36.5,1
40165,SO-0602,Constable Dinesh Chaudhary,Constable,39,2026-07-21 14:31:57+00:00,83.0,75.0,,21.3370392,72.7512713,16.499998092651367,-0.479,0.585,-0.433,,0.0,0.0,0.0,,,,,0.0,0.0,31.0,7.229999999935899e-05,8.110000000272066e-05,1.37,75.0,36.5,0
40169,SO-0602,Constable Dinesh Chaudhary,Constable,39,2026-07-21 14:32:27+00:00,96.0,76.0,,21.3370252,72.7512951,16.499998092651367,-0.412,0.759,0.487,,0.0,0.0,0.0,,,,,0.0,0.0,30.0,-1.4000000000180536e-05,2.3799999993912024e-05,0.36,76.0,36.5,2
40173,SO-0602,Constable Dinesh Chaudhary,Constable,39,2026-07-21 14:32:57+00:00,99.0,88.0,,21.337423,72.7512176,16.30000114440918,-0.271,0.752,0.461,,0.0,0.0,0.0,,,,,0.0,0.0,30.0,0.0003978000000017,-7.749999998907242e-05,5.39,88.0,36.5,1
40177,SO-0602,Constable Dinesh Chaudhary,Constable,39,2026-07-21 14:33:26+00:00,85.0,88.0,,21.3371172,72.7513712,16.499998092651367,-0.661,0.437,0.593,,0.0,0.0,0.0,,,,,0.0,0.0,29.0,-0.0003057999999995,0.0001535999999902,4.68,88.0,36.5,1
40181,SO-0602,Constable Dinesh Chaudhary,Constable,39,2026-07-21 14:33:56+00:00,87.0,83.0,,21.3374015,72.7512406,16.899999618530273,-0.494,-0.039,0.856,,0.0,0.0,0.0,,,,,0.0,0.0,30.0,0.000284299999997,-0.0001305999999914,4.14,83.0,36.5,0
40186,SO-0602,Constable Dinesh Chaudhary,Constable,39,2026-07-21 14:34:26+00:00,85.0,87.0,,21.3371103,72.7512156,16.899999618530273,-0.521,-0.074,0.83,,0.0,0.0,0.0,,,,,0.0,0.0,30.0,-0.0002911999999994,-2.500000000793534e-05,3.89,87.0,36.5,0
40191,SO-0602,Constable Dinesh Chaudhary,Constable,39,2026-07-21 14:34:56+00:00,97.0,87.0,,21.3374697,72.7512271,16.899999618530273,-0.784,0.98,0.072,,0.0,0.0,0.0,,,,,0.0,0.0,30.0,0.0003594000000006,1.1499999999387e-05,4.79,87.0,36.5,1
40196,SO-0602,Constable Dinesh Chaudhary,Constable,39,2026-07-21 14:35:26+00:00,85.0,88.0,,21.3376143,72.7512421,17.19999885559082,-0.869,-0.014,0.45,,0.0,0.0,0.0,,,,,0.0,0.0,30.0,0.0001445999999987,1.5000000004761205e-05,1.94,88.0,36.5,0
40200,SO-0602,Constable Dinesh Chaudhary,Constable,39,2026-07-21 14:35:59+00:00,93.0,87.0,,21.3376143,72.7512421,17.19999885559082,-0.37,0.129,0.893,,0.0,0.0,0.0,,,,,0.0,0.0,33.0,0.0,0.0,0.0,87.0,36.5,2
40204,SO-0602,Constable Dinesh Chaudhary,Constable,39,2026-07-21 14:36:26+00:00,93.0,88.0,,21.3376166,72.7512374,17.19999885559082,-0.672,0.072,0.723,,0.0,0.0,0.0,,,,,0.0,0.0,27.0,2.3000000020090283e-06,-4.700000005186666e-06,0.08,88.0,36.5,2
40208,SO-0602,Constable Dinesh Chaudhary,Constable,39,2026-07-21 14:36:59+00:00,86.0,88.0,,21.3376166,72.7512374,17.19999885559082,-0.946,0.01,0.047,,0.0,0.0,0.0,,,,,0.0,0.0,33.0,0.0,0.0,0.0,88.0,36.5,0
40212,SO-0602,Constable Dinesh Chaudhary,Constable,39,2026-07-21 14:37:27+00:00,94.0,85.0,,21.3375781,72.7512213,17.19999885559082,-0.771,-0.516,0.172,,0.0,0.0,0.0,,,,,0.0,0.0,28.0,-3.8499999998720114e-05,-1.609999999629963e-05,0.59,85.0,36.5,2
40216,SO-0602,Constable Dinesh Chaudhary,Constable,39,2026-07-21 14:37:57+00:00,88.0,84.0,,21.3376164,72.7512409,17.19999885559082,-0.558,0.775,0.252,,0.0,0.0,0.0,,,,,0.0,0.0,30.0,3.829999999993561e-05,1.960000000167383e-05,0.57,84.0,36.5,0
40220,SO-0602,Constable Dinesh Chaudhary,Constable,39,2026-07-21 14:38:27+00:00,84.0,69.0,,21.3369655,72.7511793,16.30000114440918,-1.005,-0.173,0.091,,0.0,0.0,0.0,,,,,0.0,0.0,30.0,-0.0006509000000001,-6.159999999511001e-05,8.71,69.0,36.5,1
40224,SO-0602,Constable Dinesh Chaudhary,Constable,39,2026-07-21 14:38:56+00:00,88.0,88.0,,21.3374885,72.7512319,16.899999618530273,-0.403,0.386,0.713,,0.0,0.0,0.0,,,,,0.0,0.0,29.0,0.0005229999999976,5.259999998941112e-05,7.24,88.0,36.5,1
40228,SO-0602,Constable Dinesh Chaudhary,Constable,39,2026-07-21 14:39:26+00:00,96.0,84.0,,21.3376177,72.7512624,17.19999885559082,-0.323,0.146,0.95,,0.0,0.0,0.0,,,,,0.0,0.0,30.0,0.0001291999999999,3.050000000826003e-05,1.76,84.0,36.5,2
40232,SO-0602,Constable Dinesh Chaudhary,Constable,39,2026-07-21 14:39:56+00:00,95.0,85.0,,21.3371258,72.7512017,16.30000114440918,0.006,0.426,0.964,,0.0,0.0,0.0,,,,,0.0,0.0,30.0,-0.0004919000000001,-6.0700000005908805e-05,6.6,85.0,36.5,1
40236,SO-0602,Constable Dinesh Chaudhary,Constable,39,2026-07-21 14:40:27+00:00,98.0,85.0,,21.3375659,72.751224,16.899999618530273,-0.973,0.023,0.124,,0.0,0.0,0.0,,,,,0.0,0.0,31.0,0.0004401000000022,2.229999999769916e-05,5.68,85.0,36.5,1
40240,SO-0602,Constable Dinesh Chaudhary,Constable,39,2026-07-21 14:40:59+00:00,98.0,88.0,,21.3375659,72.751224,16.899999618530273,-0.978,-0.014,0.165,,0.0,0.0,0.0,,,,,0.0,0.0,32.0,0.0,0.0,0.0,88.0,36.5,2
40245,SO-0602,Constable Dinesh Chaudhary,Constable,39,2026-07-21 14:41:27+00:00,85.0,84.0,,21.3376326,72.7513253,16.899999618530273,0.07,0.475,0.07,,0.0,0.0,0.0,,,,,0.0,0.0,28.0,6.669999999786569e-05,0.0001013000000114,1.69,84.0,36.5,0
40250,SO-0602,Constable Dinesh Chaudhary,Constable,39,2026-07-21 14:41:57+00:00,96.0,67.0,,21.3378649,72.7512077,16.899999618530273,0.111,0.989,0.216,,0.0,0.0,0.0,,,,,0.0,0.0,30.0,0.0002323000000004,-0.00011760000001,3.44,67.0,36.5,2
40254,SO-0602,Constable Dinesh Chaudhary,Constable,39,2026-07-21 14:42:27+00:00,96.0,82.0,,21.3378183,72.7511593,17.399999618530273,-0.201,0.975,0.115,,0.0,0.0,0.0,,,,,0.0,0.0,30.0,-4.660000000100695e-05,-4.839999999717293e-05,0.88,82.0,36.5,2
40259,SO-0602,Constable Dinesh Chaudhary,Constable,39,2026-07-21 14:42:57+00:00,83.0,86.0,,21.3377698,72.751233,17.399999618530273,-0.194,0.96,0.111,,0.0,0.0,0.0,,,,,0.0,0.0,30.0,-4.8499999998341536e-05,7.370000000150867e-05,1.15,86.0,36.5,0
40264,SO-0602,Constable Dinesh Chaudhary,Constable,39,2026-07-21 14:43:25+00:00,89.0,75.0,,21.3379283,72.751192,17.399999618530273,-0.944,-0.223,-0.225,,0.0,0.0,0.0,,,,,0.0,0.0,28.0,0.0001585000000012,-4.0999999995960934e-05,2.33,75.0,36.5,0
40269,SO-0602,Constable Dinesh Chaudhary,Constable,39,2026-07-21 14:43:57+00:00,87.0,83.0,,21.3376566,72.7512154,17.399999618530273,-0.146,0.968,0.112,,0.0,0.0,0.0,,,,,0.0,0.0,32.0,-0.0002717000000025,2.340000000344844e-05,3.4,83.0,36.5,0
40274,SO-0602,Constable Dinesh Chaudhary,Constable,39,2026-07-21 14:44:26+00:00,91.0,83.0,,21.337626,72.7511717,17.399999618530273,-0.157,0.934,0.015,,0.0,0.0,0.0,,,,,0.0,0.0,29.0,-3.05999999987705e-05,-4.3700000006197115e-05,0.72,83.0,36.5,2
40279,SO-0602,Constable Dinesh Chaudhary,Constable,39,2026-07-21 14:44:56+00:00,83.0,85.0,,21.3377541,72.751242,17.19999885559082,-0.187,0.967,0.086,,0.0,0.0,0.0,,,,,0.0,0.0,30.0,0.0001281000000012,7.03000000044085e-05,1.93,85.0,36.5,0
40284,SO-0602,Constable Dinesh Chaudhary,Constable,39,2026-07-21 14:45:26+00:00,97.0,77.0,,21.3378613,72.7510869,17.19999885559082,-0.197,0.967,0.097,,0.0,0.0,0.0,,,,,0.0,0.0,30.0,0.0001071999999986,-0.0001551000000006,2.45,77.0,36.5,2
40288,SO-0602,Constable Dinesh Chaudhary,Constable,39,2026-07-21 14:45:56+00:00,84.0,75.0,,21.3377457,72.7512439,17.19999885559082,-0.247,0.964,0.123,,0.0,0.0,0.0,,,,,0.0,0.0,30.0,-0.0001156000000008,0.0001570000000015,2.54,75.0,36.5,0
40292,SO-0602,Constable Dinesh Chaudhary,Constable,39,2026-07-21 14:46:26+00:00,85.0,68.0,,21.3377863,72.7512276,17.19999885559082,-0.052,0.719,-0.039,,0.0,0.0,0.0,,,,,0.0,0.0,30.0,4.060000000194464e-05,-1.629999999863685e-05,0.58,68.0,36.5,0
40296,SO-0602,Constable Dinesh Chaudhary,Constable,39,2026-07-21 14:46:56+00:00,83.0,54.0,,21.3377823,72.7512487,17.19999885559082,-0.172,0.99,0.088,,0.0,0.0,0.0,,,,,0.0,0.0,30.0,-4.000000000559112e-06,2.1099999997886695e-05,0.28,54.0,36.5,0
40301,SO-0602,Constable Dinesh Chaudhary,Constable,39,2026-07-21 14:47:26+00:00,89.0,71.0,,21.3377767,72.7512599,16.69999885559082,-0.148,1.251,-0.225,,0.0,0.0,0.0,,,,,0.0,0.0,30.0,-5.600000001493299e-06,1.1199999988775744e-05,0.16,71.0,36.5,0
40309,SO-0602,Constable Dinesh Chaudhary,Constable,39,2026-07-21 14:48:26+00:00,86.0,85.0,,21.3376575,72.7515388,16.899999618530273,-0.536,0.745,0.342,,0.0,0.0,0.0,,,,,0.0,0.0,60.0,-0.0001192000000003,0.000278900000012,1.96,85.0,36.5,0
40314,SO-0602,Constable Dinesh Chaudhary,Constable,39,2026-07-21 14:48:56+00:00,91.0,88.0,,21.3376675,72.7513576,16.899999618530273,-0.018,0.94,0.346,,0.0,0.0,0.0,,,,,0.0,0.0,30.0,9.999999999621425e-06,-0.0001812000000001,2.33,88.0,36.5,2
40319,SO-0602,Constable Dinesh Chaudhary,Constable,39,2026-07-21 14:49:24+00:00,87.0,74.0,,21.3376675,72.7513576,17.19999885559082,-0.098,0.937,0.187,,0.0,0.0,0.0,,,,,0.0,0.0,28.0,0.0,0.0,0.0,74.0,36.5,0
40324,SO-0602,Constable Dinesh Chaudhary,Constable,39,2026-07-21 14:49:56+00:00,86.0,85.0,,21.3375818,72.7514101,17.19999885559082,-0.257,1.0,0.112,,0.0,0.0,0.0,,,,,0.0,0.0,32.0,-8.569999999963329e-05,5.2499999995347935e-05,1.24,85.0,36.5,0
40326,SO-0602,Constable Dinesh Chaudhary,Constable,39,2026-07-21 14:50:27+00:00,90.0,77.0,,21.3375643,72.7513872,16.899999618530273,0.076,-0.343,0.192,,0.0,0.0,0.0,,,,,0.0,0.0,31.0,-1.749999999844931e-05,-2.290000000471082e-05,0.36,77.0,36.5,0
40329,SO-0602,Constable Dinesh Chaudhary,Constable,39,2026-07-21 14:50:56+00:00,90.0,81.0,,21.3375769,72.7513866,16.899999618530273,-0.818,-0.548,0.189,,0.0,0.0,0.0,,,,,0.0,0.0,29.0,1.2599999998030851e-05,-5.999999928008037e-07,0.17,81.0,36.5,0
40334,SO-0602,Constable Dinesh Chaudhary,Constable,39,2026-07-21 14:51:26+00:00,81.0,87.0,,21.3375755,72.7513789,16.899999618530273,-0.878,0.275,-0.23,,0.0,0.0,0.0,,,,,0.0,0.0,30.0,-1.399999998596968e-06,-7.699999997612395e-06,0.1,87.0,36.5,0
40338,SO-0602,Constable Dinesh Chaudhary,Constable,39,2026-07-21 14:51:59+00:00,83.0,73.0,,21.3375755,72.7513789,16.899999618530273,-0.21,0.984,0.042,,0.0,0.0,0.0,,,,,0.0,0.0,33.0,0.0,0.0,0.0,73.0,36.5,0
40342,SO-0602,Constable Dinesh Chaudhary,Constable,39,2026-07-21 14:52:29+00:00,84.0,87.0,,21.3375508,72.7513693,17.19999885559082,-0.808,0.42,0.675,,0.0,0.0,0.0,,,,,0.0,0.0,30.0,-2.47000000008768e-05,-9.600000012710552e-06,0.35,87.0,36.5,0
40345,SO-0602,Constable Dinesh Chaudhary,Constable,39,2026-07-21 14:52:57+00:00,88.0,80.0,,21.3375508,72.7513693,16.499998092651367,-0.944,0.178,-0.016,,0.0,0.0,0.0,,,,,0.0,0.0,28.0,0.0,0.0,0.0,80.0,36.5,0
40348,SO-0602,Constable Dinesh Chaudhary,Constable,39,2026-07-21 14:53:29+00:00,93.0,88.0,,21.3375508,72.7513693,16.499998092651367,-0.875,0.369,0.265,,0.0,0.0,0.0,,,,,0.0,0.0,32.0,0.0,0.0,0.0,88.0,36.5,2
40350,SO-0602,Constable Dinesh Chaudhary,Constable,39,2026-07-21 14:53:58+00:00,88.0,88.0,,21.3375284,72.751226,17.19999885559082,-0.955,0.008,-0.252,,0.0,0.0,0.0,,,,,0.0,0.0,29.0,-2.239999999886777e-05,-0.0001432999999906,1.93,88.0,36.5,0
40353,SO-0602,Constable Dinesh Chaudhary,Constable,39,2026-07-21 14:54:27+00:00,85.0,55.0,,21.3375884,72.7512665,16.69999885559082,-0.983,0.042,-0.135,,0.0,0.0,0.0,,,,,0.0,0.0,29.0,6.000000000128125e-05,4.049999999722331e-05,0.99,55.0,36.5,0
40356,SO-0602,Constable Dinesh Chaudhary,Constable,39,2026-07-21 14:54:55+00:00,91.0,88.0,,21.337594,72.7513043,16.69999885559082,-0.67,-0.683,-0.29,,0.0,0.0,0.0,,,,,0.0,0.0,28.0,5.599999997940586e-06,3.7800000001197986e-05,0.53,88.0,36.5,2
40361,SO-0602,Constable Dinesh Chaudhary,Constable,39,2026-07-21 14:55:27+00:00,89.0,88.0,,21.337399,72.7512342,16.899999618530273,-0.664,-0.727,-0.094,,0.0,0.0,0.0,,,,,0.0,0.0,32.0,-0.0001949999999979,-7.010000000207128e-05,2.58,88.0,36.5,0
40364,SO-0602,Constable Dinesh Chaudhary,Constable,39,2026-07-21 14:55:59+00:00,87.0,87.0,,21.3376496,72.7513473,16.899999618530273,-0.155,0.945,0.063,,0.0,0.0,0.0,,,,,0.0,0.0,32.0,0.0002505999999975,0.0001131000000071,3.41,87.0,36.5,0
40368,SO-0602,Constable Dinesh Chaudhary,Constable,39,2026-07-21 14:56:26+00:00,89.0,83.0,,21.3376503,72.7513494,16.899999618530273,-0.57,0.374,-0.04,,0.0,0.0,0.0,,,,,0.0,0.0,27.0,7.000000010748408e-07,2.099999989013668e-06,0.03,83.0,36.5,0
40372,SO-0602,Constable Dinesh Chaudhary,Constable,39,2026-07-21 14:56:55+00:00,87.0,73.0,,21.3375603,72.7513461,16.899999618530273,-1.016,-0.01,-0.157,,0.0,0.0,0.0,,,,,0.0,0.0,29.0,-9.000000000014552e-05,-3.29999998882613e-06,1.24,73.0,36.5,0
40376,SO-0602,Constable Dinesh Chaudhary,Constable,39,2026-07-21 14:57:26+00:00,95.0,72.0,,21.3375696,72.7513397,16.69999885559082,-0.427,-0.77,0.394,,0.0,0.0,0.0,,,,,0.0,0.0,31.0,9.299999998546582e-06,-6.40000000373675e-06,0.14,72.0,36.5,2
40380,SO-0602,Constable Dinesh Chaudhary,Constable,39,2026-07-21 14:57:56+00:00,87.0,84.0,,21.3375835,72.7513203,17.399999618530273,-0.294,-0.789,0.416,,0.0,0.0,0.0,,,,,0.0,0.0,30.0,1.390000000256464e-05,-1.9399999999336615e-05,0.31,84.0,36.5,0
40384,SO-0602,Constable Dinesh Chaudhary,Constable,39,2026-07-21 14:58:26+00:00,95.0,74.0,,21.3375891,72.7513001,17.399999618530273,-0.166,1.01,0.095,,0.0,0.0,0.0,,,,,0.0,0.0,30.0,5.599999997940586e-06,-2.0200000008685493e-05,0.27,74.0,36.5,2
40389,SO-0602,Constable Dinesh Chaudhary,Constable,39,2026-07-21 14:58:58+00:00,100.0,79.0,,21.3375955,72.7512894,16.899999618530273,-0.63,0.776,-0.142,,0.0,0.0,0.0,,,,,0.0,0.0,32.0,6.400000000184036e-06,-1.0699999990038124e-05,0.15,79.0,36.5,2
40393,SO-0602,Constable Dinesh Chaudhary,Constable,39,2026-07-21 14:59:27+00:00,89.0,88.0,,21.3375969,72.7512874,16.899999618530273,-0.088,1.16,0.22,,0.0,0.0,0.0,,,,,0.0,0.0,29.0,1.4000000021496817e-06,-2.00000000916134e-06,0.03,88.0,36.5,0
40432,SO-0602,Constable Dinesh Chaudhary,Constable,39,2026-07-21 15:05:27+00:00,83.0,84.0,,21.3378453,72.7508377,17.19999885559082,-0.16,0.992,0.131,,0.0,0.0,0.0,,,,,0.0,0.0,360.0,0.0002484000000002,-0.0004496999999901,0.0,84.0,36.5,0
40435,SO-0602,Constable Dinesh Chaudhary,Constable,39,2026-07-21 15:05:57+00:00,83.0,80.0,,21.3378453,72.7508377,16.899999618530273,-0.019,0.708,-0.042,,0.0,0.0,0.0,,,,,0.0,0.0,30.0,0.0,0.0,0.0,80.0,36.5,0
40454,SO-0602,Constable Dinesh Chaudhary,Constable,39,2026-07-21 15:10:26+00:00,81.0,68.0,,21.3376393,72.7513329,16.899999618530273,-0.229,0.973,0.067,,0.0,0.0,0.0,,,,,0.0,0.0,269.0,-0.0002060000000021,0.0004951999999889,0.77,68.0,36.5,0
40457,SO-0602,Constable Dinesh Chaudhary,Constable,39,2026-07-21 15:10:56+00:00,92.0,53.0,,21.3376245,72.7512658,16.899999618530273,-0.234,0.958,0.057,,0.0,0.0,0.0,,,,,0.0,0.0,30.0,-1.4799999998871272e-05,-6.70999999954347e-05,0.88,53.0,36.5,2
40460,SO-0602,Constable Dinesh Chaudhary,Constable,39,2026-07-21 15:11:26+00:00,89.0,88.0,,21.3376263,72.7512816,16.899999618530273,-0.588,0.752,0.137,,0.0,0.0,0.0,,,,,0.0,0.0,30.0,1.7999999997186933e-06,1.5799999999899228e-05,0.2,88.0,36.5,0
40463,SO-0602,Constable Dinesh Chaudhary,Constable,39,2026-07-21 15:11:56+00:00,95.0,80.0,,21.3376159,72.7512434,17.19999885559082,-0.775,0.644,0.022,,0.0,0.0,0.0,,,,,0.0,0.0,30.0,-1.0400000000743148e-05,-3.819999999166157e-05,0.51,80.0,36.5,2
40466,SO-0602,Constable Dinesh Chaudhary,Constable,39,2026-07-21 15:12:26+00:00,88.0,84.0,,21.3376209,72.751271,16.899999618530273,-0.23,0.973,0.127,,0.0,0.0,0.0,,,,,0.0,0.0,30.0,5.000000001587068e-06,2.759999999568663e-05,0.36,84.0,36.5,0
40469,SO-0602,Constable Dinesh Chaudhary,Constable,39,2026-07-21 15:12:57+00:00,97.0,83.0,,21.3376194,72.7512535,17.19999885559082,-0.236,0.949,0.044,,0.0,0.0,0.0,,,,,0.0,0.0,31.0,-1.4999999997655775e-06,-1.749999999844931e-05,0.22,83.0,36.5,2
40472,SO-0602,Constable Dinesh Chaudhary,Constable,39,2026-07-21 15:13:26+00:00,96.0,77.0,,21.3376194,72.7512667,16.899999618530273,-0.234,0.969,0.071,,0.0,0.0,0.0,,,,,0.0,0.0,29.0,0.0,1.3199999997937084e-05,0.18,77.0,36.5,2
40474,SO-0602,Constable Dinesh Chaudhary,Constable,39,2026-07-21 15:13:56+00:00,89.0,88.0,,21.3376261,72.751268,16.899999618530273,-0.624,0.758,0.146,,0.0,0.0,0.0,,,,,0.0,0.0,30.0,6.700000000137152e-06,1.2999999938756446e-06,0.09,88.0,36.5,0
40476,SO-0602,Constable Dinesh Chaudhary,Constable,39,2026-07-21 15:14:26+00:00,89.0,86.0,,21.3376372,72.7513471,16.899999618530273,0.802,0.453,0.476,,0.0,0.0,0.0,,,,,0.0,0.0,30.0,1.1099999998265275e-05,7.910000000777018e-05,1.03,86.0,36.5,0
40478,SO-0602,Constable Dinesh Chaudhary,Constable,39,2026-07-21 15:14:56+00:00,86.0,84.0,,21.3376839,72.7513138,16.899999618530273,-0.304,0.366,0.844,,0.0,0.0,0.0,,,,,0.0,0.0,30.0,4.669999999862284e-05,-3.329999999834854e-05,0.75,84.0,36.5,0
40671,SO-0602,Constable Dinesh Chaudhary,Constable,39,2026-07-21 15:58:29+00:00,99.0,62.0,,21.3377733,72.7512109,17.399999618530273,-0.798,0.597,-0.616,,0.0,0.0,0.0,,,,,0.0,0.0,2613.0,8.940000000023929e-05,-0.0001029000000016,0.0,62.0,36.5,2
40674,SO-0602,Constable Dinesh Chaudhary,Constable,39,2026-07-21 15:58:56+00:00,88.0,64.0,,21.3377801,72.7511954,17.399999618530273,-0.713,0.139,0.102,,0.0,0.0,0.0,,,,,0.0,0.0,27.0,6.8000000013057615e-06,-1.5500000003498826e-05,0.24,64.0,36.5,0
40677,SO-0602,Constable Dinesh Chaudhary,Constable,39,2026-07-21 15:59:27+00:00,95.0,65.0,,21.3376825,72.751297,17.399999618530273,0.381,0.562,0.302,,0.0,0.0,0.0,,,,,0.0,0.0,31.0,-9.760000000014202e-05,0.0001015999999935,1.78,65.0,36.5,2
40688,SO-0602,Constable Dinesh Chaudhary,Constable,39,2026-07-21 16:01:56+00:00,90.0,87.0,,21.3375157,72.7512282,16.899999618530273,-0.095,0.281,0.861,,0.0,0.0,0.0,,,,,0.0,0.0,149.0,-0.0001667999999988,-6.879999999398478e-05,0.48,87.0,36.5,0
40691,SO-0602,Constable Dinesh Chaudhary,Constable,39,2026-07-21 16:02:27+00:00,96.0,88.0,,21.3375306,72.7512441,16.899999618530273,-0.975,0.007,0.218,,0.0,0.0,0.0,,,,,0.0,0.0,31.0,1.490000000003988e-05,1.589999999396241e-05,0.28,88.0,36.5,2
40694,SO-0602,Constable Dinesh Chaudhary,Constable,39,2026-07-21 16:02:56+00:00,91.0,87.0,,21.3376132,72.7512439,17.19999885559082,-0.958,0.078,0.631,,0.0,0.0,0.0,,,,,0.0,0.0,29.0,8.259999999893353e-05,-1.9999998812636477e-07,1.14,87.0,36.5,2
40697,SO-0602,Constable Dinesh Chaudhary,Constable,39,2026-07-21 16:03:27+00:00,100.0,74.0,,21.3376163,72.7512416,17.19999885559082,-0.487,0.028,0.847,,0.0,0.0,0.0,,,,,0.0,0.0,31.0,3.1000000006997652e-06,-2.300000005561742e-06,0.05,74.0,36.5,2
40700,SO-0602,Constable Dinesh Chaudhary,Constable,39,2026-07-21 16:03:56+00:00,90.0,87.0,,21.3376297,72.7512807,16.899999618530273,-0.97,0.047,0.153,,0.0,0.0,0.0,,,,,0.0,0.0,29.0,1.3400000000274304e-05,3.909999999507363e-05,0.55,87.0,36.5,0
40703,SO-0602,Constable Dinesh Chaudhary,Constable,39,2026-07-21 16:04:26+00:00,100.0,87.0,,21.3375096,72.7512474,16.899999618530273,-0.965,0.069,0.353,,0.0,0.0,0.0,,,,,0.0,0.0,30.0,-0.0001201000000001,-3.329999999834854e-05,1.66,87.0,36.5,2
40706,SO-0602,Constable Dinesh Chaudhary,Constable,39,2026-07-21 16:04:57+00:00,97.0,79.0,,21.3376156,72.7512789,16.899999618530273,-0.297,0.08,0.932,,0.0,0.0,0.0,,,,,0.0,0.0,31.0,0.0001059999999988,3.1500000005735274e-05,1.42,79.0,36.5,2
40709,SO-0602,Constable Dinesh Chaudhary,Constable,39,2026-07-21 16:05:26+00:00,100.0,86.0,,21.3375484,72.7512629,16.899999618530273,-0.094,0.132,1.029,,0.0,0.0,0.0,,,,,0.0,0.0,29.0,-6.720000000015602e-05,-1.6000000002236447e-05,0.95,86.0,36.5,2
40712,SO-0602,Constable Dinesh Chaudhary,Constable,39,2026-07-21 16:05:56+00:00,86.0,77.0,,21.3375818,72.7512522,16.69999885559082,-0.655,0.019,0.733,,0.0,0.0,0.0,,,,,0.0,0.0,30.0,3.339999999951715e-05,-1.0700000004248976e-05,0.47,77.0,36.5,0
40715,SO-0602,Constable Dinesh Chaudhary,Constable,39,2026-07-21 16:06:27+00:00,84.0,88.0,,21.337587,72.7512281,16.899999618530273,-0.99,0.025,-0.061,,0.0,0.0,0.0,,,,,0.0,0.0,31.0,5.200000000371574e-06,-2.4099999990312423e-05,0.31,88.0,36.5,0
40718,SO-0602,Constable Dinesh Chaudhary,Constable,39,2026-07-21 16:06:58+00:00,89.0,85.0,,21.3375439,72.751221,17.19999885559082,-0.999,-0.01,-0.039,,0.0,0.0,0.0,,,,,0.0,0.0,31.0,-4.3099999999185457e-05,-7.100000004811591e-06,0.56,85.0,36.5,0
40721,SO-0602,Constable Dinesh Chaudhary,Constable,39,2026-07-21 16:07:26+00:00,100.0,85.0,,21.3375143,72.7512288,16.899999618530273,-0.982,0.002,0.04,,0.0,0.0,0.0,,,,,0.0,0.0,28.0,-2.9600000001295257e-05,7.800000005886432e-06,0.44,85.0,36.5,2
40724,SO-0602,Constable Dinesh Chaudhary,Constable,39,2026-07-21 16:07:57+00:00,90.0,88.0,,21.3375609,72.7512869,16.69999885559082,-0.747,-0.001,0.444,,0.0,0.0,0.0,,,,,0.0,0.0,31.0,4.660000000100695e-05,5.8099999989735807e-05,0.94,88.0,36.5,0
40726,SO-0602,Constable Dinesh Chaudhary,Constable,39,2026-07-21 16:08:26+00:00,83.0,87.0,,21.3375276,72.7512788,16.899999618530273,-0.828,0.062,0.524,,0.0,0.0,0.0,,,,,0.0,0.0,29.0,-3.329999999834854e-05,-8.100000002286833e-06,0.47,87.0,36.5,0
40728,SO-0602,Constable Dinesh Chaudhary,Constable,39,2026-07-21 16:08:56+00:00,85.0,88.0,,21.337233,72.7512001,16.30000114440918,-0.736,0.027,0.598,,0.0,0.0,0.0,,,,,0.0,0.0,30.0,-0.0002946000000001,-7.869999998888488e-05,4.05,88.0,36.5,0
40730,SO-0602,Constable Dinesh Chaudhary,Constable,39,2026-07-21 16:09:26+00:00,88.0,88.0,,21.3372474,72.7511966,16.30000114440918,-0.896,0.022,0.38,,0.0,0.0,0.0,,,,,0.0,0.0,30.0,1.4399999997749546e-05,-3.500000005374204e-06,0.2,88.0,36.5,0
40732,SO-0602,Constable Dinesh Chaudhary,Constable,39,2026-07-21 16:09:56+00:00,82.0,88.0,,21.3376155,72.7512548,17.19999885559082,-0.764,0.01,-0.071,,0.0,0.0,0.0,,,,,0.0,0.0,30.0,0.0003680999999993,5.819999999800984e-05,4.96,88.0,36.5,1
40734,SO-0602,Constable Dinesh Chaudhary,Constable,39,2026-07-21 16:10:26+00:00,96.0,88.0,,21.3375754,72.7512408,16.899999618530273,-0.836,0.032,0.509,,0.0,0.0,0.0,,,,,0.0,0.0,30.0,-4.00999999996543e-05,-1.3999999993075107e-05,0.56,88.0,36.5,2
40736,SO-0602,Constable Dinesh Chaudhary,Constable,39,2026-07-21 16:10:56+00:00,85.0,86.0,,21.3375771,72.7512694,16.899999618530273,-0.676,-0.726,-0.115,,0.0,0.0,0.0,,,,,0.0,0.0,30.0,1.7000000021027972e-06,2.8599999993161873e-05,0.37,86.0,36.5,0
40738,SO-0602,Constable Dinesh Chaudhary,Constable,39,2026-07-21 16:11:26+00:00,100.0,60.0,,21.3372628,72.7512501,16.899999618530273,0.385,1.21,0.857,,0.0,0.0,0.0,,,,,0.0,0.0,30.0,-0.0003142999999994,-1.9300000005273432e-05,4.19,60.0,36.5,2
40740,SO-0602,Constable Dinesh Chaudhary,Constable,39,2026-07-21 16:11:56+00:00,92.0,85.0,,21.3376151,72.7512387,17.19999885559082,-0.654,-0.121,0.714,,0.0,0.0,0.0,,,,,0.0,0.0,30.0,0.0003522999999994,-1.1399999991112963e-05,4.69,85.0,36.5,1
40742,SO-0602,Constable Dinesh Chaudhary,Constable,39,2026-07-21 16:12:26+00:00,82.0,88.0,,21.3376104,72.7512456,17.19999885559082,-0.549,-0.739,0.331,,0.0,0.0,0.0,,,,,0.0,0.0,30.0,-4.700000001633953e-06,6.900000002474371e-06,0.11,88.0,36.5,0
40744,SO-0602,Constable Dinesh Chaudhary,Constable,39,2026-07-21 16:12:56+00:00,96.0,88.0,,21.3376115,72.7512408,17.19999885559082,-0.857,-0.189,0.836,,0.0,0.0,0.0,,,,,0.0,0.0,30.0,1.100000002196566e-06,-4.799999999249849e-06,0.06,88.0,36.5,2
40746,SO-0602,Constable Dinesh Chaudhary,Constable,39,2026-07-21 16:13:26+00:00,84.0,87.0,,21.3376141,72.7512413,17.19999885559082,-0.992,-0.006,-0.005,,0.0,0.0,0.0,,,,,0.0,0.0,30.0,2.59999999840943e-06,4.999999987376214e-07,0.04,87.0,36.5,0
40748,SO-0602,Constable Dinesh Chaudhary,Constable,39,2026-07-21 16:13:56+00:00,88.0,88.0,,21.3374171,72.751215,17.19999885559082,-0.913,-0.207,-0.467,,0.0,0.0,0.0,,,,,0.0,0.0,30.0,-0.000197,-2.6300000001810982e-05,2.65,88.0,36.5,0
40750,SO-0602,Constable Dinesh Chaudhary,Constable,39,2026-07-21 16:14:26+00:00,90.0,65.0,,21.3374338,72.7512439,16.899999618530273,0.639,0.431,1.594,,0.0,0.0,0.0,,,,,0.0,0.0,30.0,1.6699999999758575e-05,2.890000000377313e-05,0.43,65.0,36.5,0
40752,SO-0602,Constable Dinesh Chaudhary,Constable,39,2026-07-21 16:14:57+00:00,89.0,88.0,,21.3372303,72.7512683,16.69999885559082,-0.972,-0.008,-0.002,,0.0,0.0,0.0,,,,,0.0,0.0,31.0,-0.0002034999999978,2.4400000000923683e-05,2.64,88.0,36.5,0
40754,SO-0602,Constable Dinesh Chaudhary,Constable,39,2026-07-21 16:15:27+00:00,93.0,88.0,,21.3375286,72.7512848,16.899999618530273,-0.854,-0.391,0.303,,0.0,0.0,0.0,,,,,0.0,0.0,30.0,0.0002982999999971,1.6499999986763214e-05,3.98,88.0,36.5,2
40756,SO-0602,Constable Dinesh Chaudhary,Constable,39,2026-07-21 16:15:57+00:00,100.0,88.0,,21.3372216,72.75124,16.899999618530273,-0.719,-0.486,0.442,,0.0,0.0,0.0,,,,,0.0,0.0,30.0,-0.0003069999999993,-4.479999999773554e-05,4.13,88.0,36.5,1
40758,SO-0602,Constable Dinesh Chaudhary,Constable,39,2026-07-21 16:16:27+00:00,86.0,69.0,,21.337547,72.75128,16.899999618530273,-0.712,-0.446,0.496,,0.0,0.0,0.0,,,,,0.0,0.0,30.0,0.0003254000000012,3.999999999848569e-05,4.36,69.0,36.5,1
40760,SO-0602,Constable Dinesh Chaudhary,Constable,39,2026-07-21 16:16:57+00:00,88.0,88.0,,21.337612,72.7512451,17.19999885559082,-0.671,0.002,0.704,,0.0,0.0,0.0,,,,,0.0,0.0,30.0,6.49999999993156e-05,-3.4899999988624586e-05,0.97,88.0,36.5,0
40762,SO-0602,Constable Dinesh Chaudhary,Constable,39,2026-07-21 16:17:26+00:00,97.0,86.0,,21.3376166,72.7512374,17.19999885559082,-0.385,0.06,0.896,,0.0,0.0,0.0,,,,,0.0,0.0,29.0,4.600000000465343e-06,-7.70000001182325e-06,0.12,86.0,36.5,2
40764,SO-0602,Constable Dinesh Chaudhary,Constable,39,2026-07-21 16:17:56+00:00,95.0,88.0,,21.3375092,72.7512132,17.19999885559082,-0.231,-0.808,0.524,,0.0,0.0,0.0,,,,,0.0,0.0,30.0,-0.0001074000000009,-2.4199999998586463e-05,1.46,88.0,36.5,2
40766,SO-0602,Constable Dinesh Chaudhary,Constable,39,2026-07-21 16:18:27+00:00,92.0,88.0,,21.3375767,72.751231,16.899999618530273,-0.98,-0.009,-0.183,,0.0,0.0,0.0,,,,,0.0,0.0,31.0,6.750000000010914e-05,1.7800000009060568e-05,0.9,88.0,36.5,2
40768,SO-0602,Constable Dinesh Chaudhary,Constable,39,2026-07-21 16:18:56+00:00,95.0,86.0,,21.3375898,72.7512165,16.899999618530273,-0.988,0.011,-0.104,,0.0,0.0,0.0,,,,,0.0,0.0,29.0,1.3100000000321188e-05,-1.4500000006023583e-05,0.26,86.0,36.5,2
40770,SO-0602,Constable Dinesh Chaudhary,Constable,39,2026-07-21 16:19:26+00:00,95.0,72.0,,21.3375757,72.7512269,16.899999618530273,-0.993,0.015,-0.102,,0.0,0.0,0.0,,,,,0.0,0.0,30.0,-1.4100000001349144e-05,1.0400000007848575e-05,0.23,72.0,36.5,2
40772,SO-0602,Constable Dinesh Chaudhary,Constable,39,2026-07-21 16:19:56+00:00,92.0,87.0,,21.3375936,72.7512389,16.899999618530273,-0.991,0.014,-0.077,,0.0,0.0,0.0,,,,,0.0,0.0,30.0,1.790000000312375e-05,1.1999999998124622e-05,0.28,87.0,36.5,2
40774,SO-0602,Constable Dinesh Chaudhary,Constable,39,2026-07-21 16:20:26+00:00,81.0,84.0,,21.3375044,72.7512257,16.899999618530273,-0.989,0.011,-0.092,,0.0,0.0,0.0,,,,,0.0,0.0,30.0,-8.920000000145478e-05,-1.3199999997937084e-05,1.2,84.0,36.5,0
40776,SO-0602,Constable Dinesh Chaudhary,Constable,39,2026-07-21 16:20:57+00:00,99.0,65.0,,21.3375141,72.7512549,16.69999885559082,-0.99,0.014,-0.117,,0.0,0.0,0.0,,,,,0.0,0.0,31.0,9.699999999668307e-06,2.920000000017353e-05,0.38,65.0,36.5,2
40778,SO-0602,Constable Dinesh Chaudhary,Constable,39,2026-07-21 16:21:27+00:00,100.0,83.0,,21.3375753,72.751196,16.899999618530273,-0.985,0.004,-0.135,,0.0,0.0,0.0,,,,,0.0,0.0,30.0,6.120000000109371e-05,-5.890000001329554e-05,1.11,83.0,36.5,2
40830,SO-0602,Constable Dinesh Chaudhary,Constable,39,2026-07-21 16:46:55+00:00,80.0,84.0,,21.3375307,72.75122,17.19999885559082,-0.959,0.012,0.148,,0.0,0.0,0.0,,,,,0.0,0.0,1528.0,-4.460000000250375e-05,2.40000000104601e-05,0.0,84.0,36.5,0
40832,SO-0602,Constable Dinesh Chaudhary,Constable,39,2026-07-21 16:47:26+00:00,97.0,84.0,,21.3376483,72.7512653,17.19999885559082,-0.103,-0.838,0.491,,0.0,0.0,0.0,,,,,0.0,0.0,31.0,0.0001176000000029,4.529999999647316e-05,1.62,84.0,36.5,2
40835,SO-0602,Constable Dinesh Chaudhary,Constable,39,2026-07-21 16:47:58+00:00,94.0,88.0,,21.3375593,72.7512241,17.19999885559082,-0.353,-0.938,-0.096,,0.0,0.0,0.0,,,,,0.0,0.0,32.0,-8.900000000267028e-05,-4.1199999998298154e-05,1.22,88.0,36.5,2
40838,SO-0602,Constable Dinesh Chaudhary,Constable,39,2026-07-21 16:48:26+00:00,93.0,88.0,,21.337051,72.7511893,16.30000114440918,-0.3,-0.802,0.474,,0.0,0.0,0.0,,,,,0.0,0.0,28.0,-0.0005082999999999,-3.480000000877226e-05,7.27,88.0,36.5,1
43057,SO-0602,Constable Dinesh Chaudhary,Constable,39,2026-07-22 06:22:00+00:00,88.0,88.0,,21.2069968,72.7955503,14.699996948242188,0.012,-0.962,0.241,,0.0,0.0,0.0,,,,,0.0,0.0,48814.0,-0.1300542,0.0443610000000092,0.0,88.0,36.5,0
43058,SO-0602,Constable Dinesh Chaudhary,Constable,39,2026-07-22 06:22:28+00:00,91.0,87.0,,21.2069872,72.7955604,14.699996948242188,-0.019,-0.992,0.05,,0.0,0.0,0.0,,,,,0.0,0.0,28.0,-9.599999998499698e-06,1.009999999723732e-05,0.2,87.0,36.5,2
43059,SO-0602,Constable Dinesh Chaudhary,Constable,39,2026-07-22 06:22:55+00:00,95.0,88.0,,21.2069861,72.7955621,14.699996948242188,-0.192,-0.722,0.648,,0.0,0.0,0.0,,,,,0.0,0.0,27.0,-1.0999999986438525e-06,1.6999999985500835e-06,0.03,88.0,36.5,2
43060,SO-0602,Constable Dinesh Chaudhary,Constable,39,2026-07-22 06:23:27+00:00,90.0,88.0,,21.2070111,72.7955479,14.699996948242188,0.105,-0.936,0.334,,0.0,0.0,0.0,,,,,0.0,0.0,32.0,2.49999999972772e-05,-1.4199999995412329e-05,0.36,88.0,36.5,0
43061,SO-0602,Constable Dinesh Chaudhary,Constable,39,2026-07-22 06:23:55+00:00,95.0,87.0,,21.2069911,72.7955595,14.699996948242188,-0.024,-0.961,0.259,,0.0,0.0,0.0,,,,,0.0,0.0,28.0,-1.999999999924285e-05,1.1599999993450185e-05,0.33,87.0,36.5,2
43062,SO-0602,Constable Dinesh Chaudhary,Constable,39,2026-07-22 06:24:27+00:00,98.0,88.0,,21.2069861,72.7955592,14.699996948242188,0.051,-0.968,0.215,,0.0,0.0,0.0,,,,,0.0,0.0,32.0,-4.9999999980343546e-06,-2.999999964004019e-07,0.06,88.0,36.5,2
43063,SO-0602,Constable Dinesh Chaudhary,Constable,39,2026-07-22 06:24:59+00:00,87.0,88.0,,21.2070175,72.79548,14.699996948242188,0.165,-0.949,0.204,,0.0,0.0,0.0,,,,,0.0,0.0,32.0,3.1399999997461236e-05,-7.920000000183336e-05,1.03,88.0,36.5,0
43064,SO-0602,Constable Dinesh Chaudhary,Constable,39,2026-07-22 06:25:27+00:00,87.0,77.0,,21.2070108,72.7955347,14.699996948242188,0.274,-0.898,0.353,,0.0,0.0,0.0,,,,,0.0,0.0,28.0,-6.700000000137152e-06,5.4700000006846494e-05,0.76,77.0,36.5,0
43065,SO-0602,Constable Dinesh Chaudhary,Constable,39,2026-07-22 06:25:57+00:00,92.0,88.0,,21.2070075,72.7955519,14.699996948242188,-0.083,-0.671,0.729,,0.0,0.0,0.0,,,,,0.0,0.0,30.0,-3.299999999484271e-06,1.720000000204891e-05,0.23,88.0,36.5,2
43066,SO-0602,Constable Dinesh Chaudhary,Constable,39,2026-07-22 06:26:27+00:00,85.0,88.0,,21.2069838,72.7955644,14.699996948242188,0.148,-0.992,0.009,,0.0,0.0,0.0,,,,,0.0,0.0,30.0,-2.369999999984884e-05,1.2499999996862243e-05,0.35,88.0,36.5,0
43067,SO-0602,Constable Dinesh Chaudhary,Constable,39,2026-07-22 06:26:57+00:00,85.0,73.0,,21.2069961,72.7955594,14.699996948242188,0.109,-0.994,0.03,,0.0,0.0,0.0,,,,,0.0,0.0,30.0,1.2300000001630453e-05,-5.000000001587068e-06,0.18,73.0,36.5,0
43068,SO-0602,Constable Dinesh Chaudhary,Constable,39,2026-07-22 06:27:27+00:00,83.0,87.0,,21.2069983,72.7955577,14.89999771118164,0.002,-0.97,0.207,,0.0,0.0,0.0,,,,,0.0,0.0,30.0,2.199999997287705e-06,-1.6999999985500835e-06,0.04,87.0,36.5,0
43069,SO-0602,Constable Dinesh Chaudhary,Constable,39,2026-07-22 06:27:55+00:00,81.0,87.0,,21.2069863,72.7955621,14.699996948242188,0.035,-0.967,0.239,,0.0,0.0,0.0,,,,,0.0,0.0,28.0,-1.1999999998124622e-05,4.39999999457541e-06,0.18,87.0,36.5,0
43070,SO-0602,Constable Dinesh Chaudhary,Constable,39,2026-07-22 06:28:27+00:00,83.0,87.0,,21.2069842,72.7955538,14.699996948242188,0.016,-0.948,0.292,,0.0,0.0,0.0,,,,,0.0,0.0,32.0,-2.099999999671809e-06,-8.300000004624053e-06,0.1,87.0,36.5,0
43071,SO-0602,Constable Dinesh Chaudhary,Constable,39,2026-07-22 06:28:57+00:00,81.0,84.0,,21.2069957,72.7955689,15.099998474121094,-0.022,-0.962,0.28,,0.0,0.0,0.0,,,,,0.0,0.0,30.0,1.1499999999387e-05,1.5100000013035242e-05,0.25,84.0,36.5,0
43072,SO-0602,Constable Dinesh Chaudhary,Constable,39,2026-07-22 06:29:27+00:00,83.0,86.0,,21.2069978,72.7955605,14.699996948242188,-0.012,-0.956,0.276,,0.0,0.0,0.0,,,,,0.0,0.0,30.0,2.099999999671809e-06,-8.40000001289809e-06,0.11,86.0,36.5,0
43073,SO-0602,Constable Dinesh Chaudhary,Constable,39,2026-07-22 06:29:57+00:00,81.0,85.0,,21.2069977,72.7955613,14.699996948242188,-0.003,-0.948,0.285,,0.0,0.0,0.0,,,,,0.0,0.0,30.0,-1.0000000116860974e-07,8.000000093488779e-07,0.01,85.0,36.5,0
43074,SO-0602,Constable Dinesh Chaudhary,Constable,39,2026-07-22 06:30:28+00:00,97.0,51.0,,21.2069966,72.7955562,14.699996948242188,-0.001,-0.913,0.392,,0.0,0.0,0.0,,,,,0.0,0.0,31.0,-1.0999999986438525e-06,-5.100000009861105e-06,0.06,51.0,36.5,2
43075,SO-0602,Constable Dinesh Chaudhary,Constable,39,2026-07-22 06:30:58+00:00,95.0,88.0,,21.2069983,72.7955549,14.699996948242188,-0.316,-0.722,0.595,,0.0,0.0,0.0,,,,,0.0,0.0,30.0,1.6999999985500835e-06,-1.2999999938756446e-06,0.03,88.0,36.5,2
43076,SO-0602,Constable Dinesh Chaudhary,Constable,39,2026-07-22 06:31:27+00:00,87.0,85.0,,21.2069866,72.7955584,14.699996948242188,-0.001,-0.991,0.083,,0.0,0.0,0.0,,,,,0.0,0.0,29.0,-1.1699999998171506e-05,3.500000005374204e-06,0.17,85.0,36.5,0
43077,SO-0602,Constable Dinesh Chaudhary,Constable,39,2026-07-22 06:31:57+00:00,95.0,67.0,,21.2069988,72.7955613,14.699996948242188,0.002,-0.988,0.1,,0.0,0.0,0.0,,,,,0.0,0.0,30.0,1.220000000046184e-05,2.8999999983625457e-06,0.17,67.0,36.5,2
43078,SO-0602,Constable Dinesh Chaudhary,Constable,39,2026-07-22 06:32:27+00:00,89.0,86.0,,21.2069985,72.7955601,14.699996948242188,-0.026,-0.978,0.177,,0.0,0.0,0.0,,,,,0.0,0.0,30.0,-2.999999999531156e-07,-1.1999999998124622e-06,0.02,86.0,36.5,0
43079,SO-0602,Constable Dinesh Chaudhary,Constable,39,2026-07-22 06:32:57+00:00,95.0,81.0,,21.2069949,72.7955585,14.699996948242188,0.073,-0.973,0.209,,0.0,0.0,0.0,,,,,0.0,0.0,30.0,-3.5999999994373866e-06,-1.6000000044869012e-06,0.05,81.0,36.5,2
43080,SO-0602,Constable Dinesh Chaudhary,Constable,39,2026-07-22 06:33:28+00:00,100.0,86.0,,21.2069909,72.79556,14.699996948242188,0.057,-0.962,0.241,,0.0,0.0,0.0,,,,,0.0,0.0,31.0,-4.000000000559112e-06,1.499999996212864e-06,0.05,86.0,36.5,2
43081,SO-0602,Constable Dinesh Chaudhary,Constable,39,2026-07-22 06:33:57+00:00,98.0,84.0,,21.2070066,72.7955458,14.699996948242188,-0.268,-0.846,0.016,,0.0,0.0,0.0,,,,,0.0,0.0,29.0,1.5699999998730618e-05,-1.4199999995412329e-05,0.29,84.0,36.5,2
43082,SO-0602,Constable Dinesh Chaudhary,Constable,39,2026-07-22 06:34:27+00:00,86.0,88.0,,21.2070038,72.7955452,14.699996948242188,-0.787,0.465,0.306,,0.0,0.0,0.0,,,,,0.0,0.0,30.0,-2.8000000007466497e-06,-5.999999928008037e-07,0.04,88.0,36.5,0
43083,SO-0602,Constable Dinesh Chaudhary,Constable,39,2026-07-22 06:34:57+00:00,98.0,88.0,,21.2069933,72.7955585,14.699996948242188,-0.892,0.126,-0.416,,0.0,0.0,0.0,,,,,0.0,0.0,30.0,-1.0499999998359044e-05,1.3299999992000268e-05,0.22,88.0,36.5,2
43084,SO-0602,Constable Dinesh Chaudhary,Constable,39,2026-07-22 06:35:27+00:00,90.0,88.0,,21.2069839,72.7955571,14.699996948242188,-0.91,0.117,-0.385,,0.0,0.0,0.0,,,,,0.0,0.0,30.0,-9.399999999715192e-06,-1.4000000021496817e-06,0.13,88.0,36.5,0
43085,SO-0602,Constable Dinesh Chaudhary,Constable,39,2026-07-22 06:35:57+00:00,96.0,87.0,,21.2069955,72.7955573,14.699996948242188,-0.915,0.139,-0.359,,0.0,0.0,0.0,,,,,0.0,0.0,30.0,1.160000000055561e-05,2.0000000233721948e-07,0.15,87.0,36.5,2
43086,SO-0602,Constable Dinesh Chaudhary,Constable,39,2026-07-22 06:36:27+00:00,81.0,88.0,,21.2070051,72.7955457,14.699996948242188,-0.918,0.07,-0.38,,0.0,0.0,0.0,,,,,0.0,0.0,30.0,9.599999998499698e-06,-1.1599999993450185e-05,0.2,88.0,36.5,0
43087,SO-0602,Constable Dinesh Chaudhary,Constable,39,2026-07-22 06:36:57+00:00,98.0,88.0,,21.2069946,72.7955607,14.699996948242188,-0.904,0.188,-0.354,,0.0,0.0,0.0,,,,,0.0,0.0,30.0,-1.0499999998359044e-05,1.499999999055035e-05,0.24,88.0,36.5,2
43088,SO-0602,Constable Dinesh Chaudhary,Constable,39,2026-07-22 06:37:27+00:00,91.0,88.0,,21.2069837,72.7955578,14.699996948242188,-0.901,0.103,-0.392,,0.0,0.0,0.0,,,,,0.0,0.0,30.0,-1.0900000003033483e-05,-2.8999999983625457e-06,0.15,88.0,36.5,2
43089,SO-0602,Constable Dinesh Chaudhary,Constable,39,2026-07-22 06:37:57+00:00,100.0,88.0,,21.2069848,72.7955593,14.699996948242188,-0.875,0.177,-0.404,,0.0,0.0,0.0,,,,,0.0,0.0,30.0,1.100000002196566e-06,1.499999996212864e-06,0.02,88.0,36.5,2
43090,SO-0602,Constable Dinesh Chaudhary,Constable,39,2026-07-22 06:38:27+00:00,100.0,88.0,,21.206984,72.7955576,14.699996948242188,-0.87,0.232,-0.421,,0.0,0.0,0.0,,,,,0.0,0.0,30.0,-8.000000022434506e-07,-1.6999999985500835e-06,0.02,88.0,36.5,2
43091,SO-0602,Constable Dinesh Chaudhary,Constable,39,2026-07-22 06:38:57+00:00,100.0,88.0,,21.2069839,72.7955574,14.699996948242188,-0.888,0.23,-0.367,,0.0,0.0,0.0,,,,,0.0,0.0,30.0,-9.999999761589606e-08,-1.9999998812636477e-07,0.0,88.0,36.5,2
43092,SO-0602,Constable Dinesh Chaudhary,Constable,39,2026-07-22 06:39:27+00:00,98.0,88.0,,21.2069859,72.7955611,14.699996948242188,-0.864,0.244,-0.427,,0.0,0.0,0.0,,,,,0.0,0.0,30.0,1.999999998503199e-06,3.699999993500569e-06,0.05,88.0,36.5,2
43093,SO-0602,Constable Dinesh Chaudhary,Constable,39,2026-07-22 06:39:57+00:00,97.0,88.0,,21.2069837,72.7955597,14.699996948242188,-0.877,0.265,-0.354,,0.0,0.0,0.0,,,,,0.0,0.0,30.0,-2.2000000008404186e-06,-1.4000000021496817e-06,0.03,88.0,36.5,2
43094,SO-0602,Constable Dinesh Chaudhary,Constable,39,2026-07-22 06:40:25+00:00,95.0,88.0,,21.2069863,72.795562,14.699996948242188,-0.892,0.261,-0.347,,0.0,0.0,0.0,,,,,0.0,0.0,28.0,2.600000001962144e-06,2.300000005561742e-06,0.05,88.0,36.5,2
43095,SO-0602,Constable Dinesh Chaudhary,Constable,39,2026-07-22 06:40:57+00:00,88.0,88.0,,21.206985,72.7955605,14.699996948242188,-0.901,-0.024,-0.414,,0.0,0.0,0.0,,,,,0.0,0.0,32.0,-1.300000000981072e-06,-1.5000000104237188e-06,0.02,88.0,36.5,0
43096,SO-0602,Constable Dinesh Chaudhary,Constable,39,2026-07-22 06:41:27+00:00,86.0,88.0,,21.206984,72.7955589,14.699996948242188,-0.913,-0.076,-0.387,,0.0,0.0,0.0,,,,,0.0,0.0,30.0,-1.0000000010279564e-06,-1.5999999902760464e-06,0.02,88.0,36.5,0
43097,SO-0602,Constable Dinesh Chaudhary,Constable,39,2026-07-22 06:41:57+00:00,92.0,87.0,,21.2069842,72.7955568,14.699996948242188,-0.176,0.971,0.131,,0.0,0.0,0.0,,,,,0.0,0.0,30.0,2.0000000233721948e-07,-2.1000000032245225e-06,0.03,87.0,36.5,2
43098,SO-0602,Constable Dinesh Chaudhary,Constable,39,2026-07-22 06:42:27+00:00,81.0,86.0,,21.2069843,72.7955574,14.699996948242188,-0.269,0.945,0.165,,0.0,0.0,0.0,,,,,0.0,0.0,30.0,9.999999761589606e-08,6.000000070116585e-07,0.01,86.0,36.5,0
43099,SO-0602,Constable Dinesh Chaudhary,Constable,39,2026-07-22 06:42:57+00:00,89.0,88.0,,21.2069835,72.7955586,14.699996948242188,-0.826,0.112,-0.567,,0.0,0.0,0.0,,,,,0.0,0.0,30.0,-7.999999986907369e-07,1.1999999998124622e-06,0.02,88.0,36.5,0
43100,SO-0602,Constable Dinesh Chaudhary,Constable,39,2026-07-22 06:43:27+00:00,90.0,85.0,,21.2069842,72.7955583,14.699996948242188,-0.871,0.155,-0.456,,0.0,0.0,0.0,,,,,0.0,0.0,30.0,7.000000010748408e-07,-3.000000106112566e-07,0.01,85.0,36.5,0
43101,SO-0602,Constable Dinesh Chaudhary,Constable,39,2026-07-22 06:43:57+00:00,81.0,88.0,,21.2069837,72.795558,14.699996948242188,-0.843,-0.049,-0.524,,0.0,0.0,0.0,,,,,0.0,0.0,30.0,-5.00000002290335e-07,-2.999999964004019e-07,0.01,88.0,36.5,0
43102,SO-0602,Constable Dinesh Chaudhary,Constable,39,2026-07-22 06:44:27+00:00,85.0,87.0,,21.2069846,72.7955583,14.699996948242188,-0.812,0.034,-0.611,,0.0,0.0,0.0,,,,,0.0,0.0,30.0,8.999999998593466e-07,2.999999964004019e-07,0.01,87.0,36.5,0
43103,SO-0602,Constable Dinesh Chaudhary,Constable,39,2026-07-22 06:44:57+00:00,83.0,88.0,,21.2069835,72.7955576,14.699996948242188,-0.79,0.209,-0.577,,0.0,0.0,0.0,,,,,0.0,0.0,30.0,-1.0999999986438525e-06,-7.000000010748408e-07,0.02,88.0,36.5,0
43104,SO-0602,Constable Dinesh Chaudhary,Constable,39,2026-07-22 06:45:27+00:00,88.0,88.0,,21.2069853,72.7955596,14.699996948242188,-0.354,0.941,-0.265,,0.0,0.0,0.0,,,,,0.0,0.0,30.0,1.7999999997186933e-06,2.00000000916134e-06,0.04,88.0,36.5,0
43105,SO-0602,Constable Dinesh Chaudhary,Constable,39,2026-07-22 06:45:57+00:00,96.0,88.0,,21.206989,72.7955637,14.699996948242188,0.056,-0.869,-0.536,,0.0,0.0,0.0,,,,,0.0,0.0,30.0,3.700000000605996e-06,4.099999998175008e-06,0.07,88.0,36.5,2
43106,SO-0602,Constable Dinesh Chaudhary,Constable,39,2026-07-22 06:46:27+00:00,89.0,88.0,,21.2069912,72.7955593,14.699996948242188,0.355,-0.817,-0.469,,0.0,0.0,0.0,,,,,0.0,0.0,30.0,2.2000000008404186e-06,-4.4000000087862645e-06,0.06,88.0,36.5,0
43107,SO-0602,Constable Dinesh Chaudhary,Constable,39,2026-07-22 06:46:57+00:00,84.0,80.0,,21.2069914,72.7955597,14.699996948242188,0.405,-0.763,-0.529,,0.0,0.0,0.0,,,,,0.0,0.0,30.0,1.999999987845058e-07,4.0000000467443897e-07,0.01,80.0,36.5,0
43108,SO-0602,Constable Dinesh Chaudhary,Constable,39,2026-07-22 06:47:27+00:00,84.0,86.0,,21.2069917,72.7955659,14.699996948242188,0.347,-0.819,-0.477,,0.0,0.0,0.0,,,,,0.0,0.0,30.0,2.999999999531156e-07,6.2000000013995304e-06,0.08,86.0,36.5,0
43109,SO-0602,Constable Dinesh Chaudhary,Constable,39,2026-07-22 06:47:57+00:00,88.0,88.0,,21.2070073,72.7955699,14.89999771118164,0.318,-0.865,-0.403,,0.0,0.0,0.0,,,,,0.0,0.0,30.0,1.5600000001114722e-05,4.0000000041118255e-06,0.21,88.0,36.5,0
43110,SO-0602,Constable Dinesh Chaudhary,Constable,39,2026-07-22 06:48:27+00:00,86.0,83.0,,21.2069959,72.7955621,14.699996948242188,0.463,-0.778,-0.449,,0.0,0.0,0.0,,,,,0.0,0.0,30.0,-1.1400000001771105e-05,-7.800000005886432e-06,0.18,83.0,36.5,0
43111,SO-0602,Constable Dinesh Chaudhary,Constable,39,2026-07-22 06:48:57+00:00,84.0,,,21.2069882,72.7955632,14.699996948242188,0.5,-0.738,-0.465,,0.0,0.0,0.0,,,,,0.0,0.0,30.0,-7.699999997612395e-06,1.1000000057492798e-06,0.1,83.0,36.5,0
43112,SO-0602,Constable Dinesh Chaudhary,Constable,39,2026-07-22 06:49:27+00:00,91.0,69.0,,21.2069914,72.7955564,14.699996948242188,0.519,-0.737,-0.461,,0.0,0.0,0.0,,,,,0.0,0.0,30.0,3.1999999983156613e-06,-6.800000008411189e-06,0.1,69.0,36.5,2
43113,SO-0602,Constable Dinesh Chaudhary,Constable,39,2026-07-22 06:49:57+00:00,82.0,66.0,,21.2069929,72.7955672,15.099998474121094,0.297,-0.916,-0.25,,0.0,0.0,0.0,,,,,0.0,0.0,30.0,1.4999999997655775e-06,1.079999999831216e-05,0.14,66.0,36.5,0
43114,SO-0602,Constable Dinesh Chaudhary,Constable,39,2026-07-22 06:50:27+00:00,90.0,87.0,,21.2069807,72.795577,14.89999771118164,0.191,-0.961,-0.187,,0.0,0.0,0.0,,,,,0.0,0.0,30.0,-1.220000000046184e-05,9.800000000836915e-06,0.21,87.0,36.5,0
43115,SO-0602,Constable Dinesh Chaudhary,Constable,39,2026-07-22 06:50:57+00:00,94.0,88.0,,21.2069939,72.7955651,15.099998474121094,0.187,-0.976,-0.099,,0.0,0.0,0.0,,,,,0.0,0.0,30.0,1.3200000001489798e-05,-1.1899999989850585e-05,0.23,88.0,36.5,2
43116,SO-0602,Constable Dinesh Chaudhary,Constable,39,2026-07-22 06:51:27+00:00,94.0,87.0,,21.206983,72.7955546,14.699996948242188,0.333,-0.942,0.068,,0.0,0.0,0.0,,,,,0.0,0.0,30.0,-1.089999999948077e-05,-1.0500000001911758e-05,0.2,87.0,36.5,2
43117,SO-0602,Constable Dinesh Chaudhary,Constable,39,2026-07-22 06:51:57+00:00,81.0,88.0,,21.2069842,72.7955583,14.699996948242188,0.372,-0.923,0.07,,0.0,0.0,0.0,,,,,0.0,0.0,30.0,1.1999999998124622e-06,3.699999993500569e-06,0.05,88.0,36.5,0
43118,SO-0602,Constable Dinesh Chaudhary,Constable,39,2026-07-22 06:52:27+00:00,81.0,88.0,,21.2069897,72.7955583,14.699996948242188,0.255,-0.968,-0.062,,0.0,0.0,0.0,,,,,0.0,0.0,30.0,5.50000000032469e-06,0.0,0.07,88.0,36.5,0
43119,SO-0602,Constable Dinesh Chaudhary,Constable,39,2026-07-22 06:52:57+00:00,95.0,79.0,,21.2069898,72.7955609,14.699996948242188,0.277,-0.959,-0.064,,0.0,0.0,0.0,,,,,0.0,0.0,30.0,9.999999761589606e-08,2.600000001962144e-06,0.03,79.0,36.5,2
43120,SO-0602,Constable Dinesh Chaudhary,Constable,39,2026-07-22 06:53:27+00:00,84.0,88.0,,21.2069852,72.7955633,14.89999771118164,0.256,-0.956,-0.174,,0.0,0.0,0.0,,,,,0.0,0.0,30.0,-4.600000000465343e-06,2.3999999996249244e-06,0.07,88.0,36.5,0
43121,SO-0602,Constable Dinesh Chaudhary,Constable,39,2026-07-22 06:53:57+00:00,93.0,86.0,,21.2069912,72.7955597,14.699996948242188,0.248,-0.953,-0.16,,0.0,0.0,0.0,,,,,0.0,0.0,30.0,6.000000002615025e-06,-3.5999999994373866e-06,0.09,86.0,36.5,2
43122,SO-0602,Constable Dinesh Chaudhary,Constable,39,2026-07-22 06:54:27+00:00,93.0,69.0,,21.2069899,72.7955649,14.699996948242188,0.257,-0.952,-0.184,,0.0,0.0,0.0,,,,,0.0,0.0,30.0,-1.300000000981072e-06,5.200000003924288e-06,0.07,69.0,36.5,2
43123,SO-0602,Constable Dinesh Chaudhary,Constable,39,2026-07-22 06:54:57+00:00,81.0,87.0,,21.2069864,72.795561,14.89999771118164,0.249,-0.948,-0.219,,0.0,0.0,0.0,,,,,0.0,0.0,30.0,-3.499999998268777e-06,-3.8999999958377884e-06,0.07,87.0,36.5,0
43124,SO-0602,Constable Dinesh Chaudhary,Constable,39,2026-07-22 06:55:28+00:00,87.0,74.0,,21.2069934,72.79557,15.099998474121094,0.2,-0.967,-0.091,,0.0,0.0,0.0,,,,,0.0,0.0,31.0,7.000000000090267e-06,8.999999991488039e-06,0.14,74.0,36.5,0
43126,SO-0602,Constable Dinesh Chaudhary,Constable,39,2026-07-22 06:55:57+00:00,86.0,86.0,,21.2069951,72.7955671,15.099998474121094,0.149,-0.969,-0.203,,0.0,0.0,0.0,,,,,0.0,0.0,29.0,1.6999999985500835e-06,-2.8999999983625457e-06,0.05,86.0,36.5,0
43128,SO-0602,Constable Dinesh Chaudhary,Constable,39,2026-07-22 06:56:27+00:00,91.0,80.0,,21.2069824,72.795566,14.89999771118164,0.159,-0.956,-0.258,,0.0,0.0,0.0,,,,,0.0,0.0,30.0,-1.2699999999199464e-05,-1.1000000057492798e-06,0.17,80.0,36.5,2
43130,SO-0602,Constable Dinesh Chaudhary,Constable,39,2026-07-22 06:56:57+00:00,93.0,74.0,,21.2069997,72.7955671,15.099998474121094,0.163,-0.969,-0.178,,0.0,0.0,0.0,,,,,0.0,0.0,30.0,1.7299999999664806e-05,1.1000000057492798e-06,0.23,74.0,36.5,2
43132,SO-0602,Constable Dinesh Chaudhary,Constable,39,2026-07-22 06:57:27+00:00,89.0,84.0,,21.2069822,72.7955627,14.89999771118164,0.207,-0.987,-0.04,,0.0,0.0,0.0,,,,,0.0,0.0,30.0,-1.7500000002002025e-05,-4.39999999457541e-06,0.24,84.0,36.5,0
43134,SO-0602,Constable Dinesh Chaudhary,Constable,39,2026-07-22 06:57:57+00:00,83.0,68.0,,21.2069896,72.7955578,14.699996948242188,0.226,-0.969,-0.018,,0.0,0.0,0.0,,,,,0.0,0.0,30.0,7.400000001211993e-06,-4.900000007523886e-06,0.12,68.0,36.5,0
43136,SO-0602,Constable Dinesh Chaudhary,Constable,39,2026-07-22 06:58:27+00:00,100.0,86.0,,21.2069834,72.7955564,14.699996948242188,0.234,-0.982,0.001,,0.0,0.0,0.0,,,,,0.0,0.0,30.0,-6.2000000013995304e-06,-1.4000000021496817e-06,0.08,86.0,36.5,2
43138,SO-0602,Constable Dinesh Chaudhary,Constable,39,2026-07-22 06:58:57+00:00,93.0,79.0,,21.2069922,72.7955673,15.099998474121094,0.242,-0.98,-0.03,,0.0,0.0,0.0,,,,,0.0,0.0,30.0,8.79999999980896e-06,1.0900000006586197e-05,0.18,79.0,36.5,2
43140,SO-0602,Constable Dinesh Chaudhary,Constable,39,2026-07-22 06:59:27+00:00,94.0,79.0,,21.2069855,72.795562,14.89999771118164,0.235,-0.971,-0.086,,0.0,0.0,0.0,,,,,0.0,0.0,30.0,-6.700000000137152e-06,-5.29999999798747e-06,0.11,79.0,36.5,2
43142,SO-0602,Constable Dinesh Chaudhary,Constable,39,2026-07-22 06:59:57+00:00,87.0,83.0,,21.2069827,72.7955636,14.699996948242188,0.232,-0.97,-0.106,,0.0,0.0,0.0,,,,,0.0,0.0,30.0,-2.799999997193936e-06,1.5999999902760464e-06,0.04,83.0,36.5,0
43144,SO-0602,Constable Dinesh Chaudhary,Constable,39,2026-07-22 07:00:27+00:00,88.0,86.0,,21.2069914,72.7955666,15.099998474121094,0.175,-0.978,-0.058,,0.0,0.0,0.0,,,,,0.0,0.0,30.0,8.699999998640351e-06,3.000000006636583e-06,0.12,86.0,36.5,0
43146,SO-0602,Constable Dinesh Chaudhary,Constable,39,2026-07-22 07:00:57+00:00,97.0,78.0,,21.2069839,72.7955614,14.699996948242188,0.195,-0.971,-0.133,,0.0,0.0,0.0,,,,,0.0,0.0,30.0,-7.499999998827889e-06,-5.200000003924288e-06,0.12,78.0,36.5,2
43148,SO-0602,Constable Dinesh Chaudhary,Constable,39,2026-07-22 07:01:27+00:00,98.0,87.0,,21.2069915,72.7955657,14.699996948242188,0.201,-0.967,-0.034,,0.0,0.0,0.0,,,,,0.0,0.0,30.0,7.599999999996499e-06,4.300000000512227e-06,0.12,87.0,36.5,2
43150,SO-0602,Constable Dinesh Chaudhary,Constable,39,2026-07-22 07:01:57+00:00,80.0,88.0,,21.2069837,72.7955582,14.699996948242188,0.252,-0.962,-0.025,,0.0,0.0,0.0,,,,,0.0,0.0,30.0,-7.800000002333718e-06,-7.499999995275175e-06,0.14,88.0,36.5,0
43152,SO-0602,Constable Dinesh Chaudhary,Constable,39,2026-07-22 07:02:27+00:00,93.0,88.0,,21.2069905,72.7955667,14.699996948242188,0.272,-0.961,-0.013,,0.0,0.0,0.0,,,,,0.0,0.0,30.0,6.8000000013057615e-06,8.499999992750418e-06,0.14,88.0,36.5,2
43154,SO-0602,Constable Dinesh Chaudhary,Constable,39,2026-07-22 07:02:57+00:00,86.0,88.0,,21.2069898,72.7955576,14.699996948242188,0.283,-0.959,-0.019,,0.0,0.0,0.0,,,,,0.0,0.0,30.0,-7.000000010748408e-07,-9.099999999762076e-06,0.12,88.0,36.5,0
43156,SO-0602,Constable Dinesh Chaudhary,Constable,39,2026-07-22 07:03:27+00:00,92.0,88.0,,21.2069852,72.795562,14.699996948242188,0.27,-0.969,-0.053,,0.0,0.0,0.0,,,,,0.0,0.0,30.0,-4.600000000465343e-06,4.4000000087862645e-06,0.08,88.0,36.5,2
43158,SO-0602,Constable Dinesh Chaudhary,Constable,39,2026-07-22 07:03:57+00:00,86.0,88.0,,21.2069906,72.7955591,14.699996948242188,0.24,-0.964,-0.094,,0.0,0.0,0.0,,,,,0.0,0.0,30.0,5.4000000027087935e-06,-2.8999999983625457e-06,0.08,88.0,36.5,0
43160,SO-0602,Constable Dinesh Chaudhary,Constable,39,2026-07-22 07:04:26+00:00,82.0,65.0,,21.2069835,72.7955671,14.699996948242188,0.256,-0.962,-0.112,,0.0,0.0,0.0,,,,,0.0,0.0,29.0,-7.100000001258877e-06,7.999999994012796e-06,0.14,65.0,36.5,0
43162,SO-0602,Constable Dinesh Chaudhary,Constable,39,2026-07-22 07:04:57+00:00,81.0,88.0,,21.2069805,72.7955635,14.699996948242188,0.247,-0.968,-0.079,,0.0,0.0,0.0,,,,,0.0,0.0,31.0,-2.9999999995311555e-06,-3.5999999994373866e-06,0.06,88.0,36.5,0
43164,SO-0602,Constable Dinesh Chaudhary,Constable,39,2026-07-22 07:05:27+00:00,92.0,80.0,,21.2069903,72.7955631,14.699996948242188,0.259,-0.963,-0.099,,0.0,0.0,0.0,,,,,0.0,0.0,30.0,9.800000000836915e-06,-4.0000000467443897e-07,0.13,80.0,36.5,2
43166,SO-0602,Constable Dinesh Chaudhary,Constable,39,2026-07-22 07:05:57+00:00,100.0,78.0,,21.2069825,72.7955655,14.699996948242188,0.224,-0.971,-0.066,,0.0,0.0,0.0,,,,,0.0,0.0,30.0,-7.800000002333718e-06,2.3999999996249244e-06,0.11,78.0,36.5,2
43168,SO-0602,Constable Dinesh Chaudhary,Constable,39,2026-07-22 07:06:27+00:00,97.0,88.0,,21.2069819,72.7955565,14.699996948242188,0.202,-0.971,-0.103,,0.0,0.0,0.0,,,,,0.0,0.0,30.0,-5.999999999062311e-07,-8.999999991488039e-06,0.12,88.0,36.5,2
43170,SO-0602,Constable Dinesh Chaudhary,Constable,39,2026-07-22 07:06:57+00:00,92.0,88.0,,21.206983,72.7955589,14.699996948242188,0.213,-0.97,-0.138,,0.0,0.0,0.0,,,,,0.0,0.0,30.0,1.100000002196566e-06,2.3999999996249244e-06,0.03,88.0,36.5,2
43172,SO-0602,Constable Dinesh Chaudhary,Constable,39,2026-07-22 07:07:27+00:00,98.0,87.0,,21.2069814,72.7955664,14.699996948242188,0.216,-0.973,-0.073,,0.0,0.0,0.0,,,,,0.0,0.0,30.0,-1.6000000009341877e-06,7.499999995275175e-06,0.1,87.0,36.5,2
43174,SO-0602,Constable Dinesh Chaudhary,Constable,39,2026-07-22 07:07:57+00:00,91.0,88.0,,21.2069871,72.7955613,14.89999771118164,0.223,-0.976,-0.011,,0.0,0.0,0.0,,,,,0.0,0.0,30.0,5.699999999109195e-06,-5.099999995650251e-06,0.1,88.0,36.5,2
43176,SO-0602,Constable Dinesh Chaudhary,Constable,39,2026-07-22 07:08:27+00:00,88.0,88.0,,21.2069913,72.795565,15.099998474121094,0.268,-0.961,-0.039,,0.0,0.0,0.0,,,,,0.0,0.0,30.0,4.199999999343618e-06,3.699999993500569e-06,0.07,88.0,36.5,0
43178,SO-0602,Constable Dinesh Chaudhary,Constable,39,2026-07-22 07:08:57+00:00,82.0,88.0,,21.2069938,72.7955653,15.099998474121094,0.299,-0.949,-0.038,,0.0,0.0,0.0,,,,,0.0,0.0,30.0,2.500000000793534e-06,3.000000106112566e-07,0.03,88.0,36.5,0
43180,SO-0602,Constable Dinesh Chaudhary,Constable,39,2026-07-22 07:09:27+00:00,98.0,85.0,,21.2069939,72.7955634,14.699996948242188,0.22,-0.971,-0.176,,0.0,0.0,0.0,,,,,0.0,0.0,30.0,1.0000000116860974e-07,-1.900000000887303e-06,0.02,85.0,36.5,2
43182,SO-0602,Constable Dinesh Chaudhary,Constable,39,2026-07-22 07:09:57+00:00,88.0,87.0,,21.2069932,72.795567,14.699996948242188,0.041,-0.954,-0.277,,0.0,0.0,0.0,,,,,0.0,0.0,30.0,-7.000000010748408e-07,3.5999999994373866e-06,0.05,87.0,36.5,0
43184,SO-0602,Constable Dinesh Chaudhary,Constable,39,2026-07-22 07:10:27+00:00,81.0,86.0,,21.2069872,72.7955669,14.699996948242188,0.041,-0.962,-0.276,,0.0,0.0,0.0,,,,,0.0,0.0,30.0,-5.999999999062311e-06,-1.000000082740371e-07,0.08,86.0,36.5,0
43186,SO-0602,Constable Dinesh Chaudhary,Constable,39,2026-07-22 07:10:57+00:00,89.0,82.0,,21.2069922,72.795567,14.699996948242188,-0.028,-0.962,-0.241,,0.0,0.0,0.0,,,,,0.0,0.0,30.0,4.9999999980343546e-06,1.000000082740371e-07,0.07,82.0,36.5,0
43188,SO-0602,Constable Dinesh Chaudhary,Constable,39,2026-07-22 07:11:27+00:00,87.0,88.0,,21.2069972,72.7955664,15.099998474121094,-0.042,-0.964,-0.26,,0.0,0.0,0.0,,,,,0.0,0.0,30.0,5.000000001587068e-06,-6.000000070116585e-07,0.07,88.0,36.5,0
43190,SO-0602,Constable Dinesh Chaudhary,Constable,39,2026-07-22 07:11:57+00:00,84.0,84.0,,21.2069932,72.7955651,14.699996948242188,-0.055,-0.968,-0.268,,0.0,0.0,0.0,,,,,0.0,0.0,30.0,-4.000000000559112e-06,-1.2999999938756446e-06,0.06,84.0,36.5,0
43192,SO-0602,Constable Dinesh Chaudhary,Constable,39,2026-07-22 07:12:27+00:00,82.0,88.0,,21.2069884,72.7955649,14.699996948242188,-0.034,-0.955,-0.297,,0.0,0.0,0.0,,,,,0.0,0.0,30.0,-4.799999999249849e-06,-2.0000000233721948e-07,0.06,88.0,36.5,0
43194,SO-0602,Constable Dinesh Chaudhary,Constable,39,2026-07-22 07:12:57+00:00,89.0,79.0,,21.2069881,72.795569,15.099998474121094,-0.073,-0.958,-0.304,,0.0,0.0,0.0,,,,,0.0,0.0,30.0,-2.999999999531156e-07,4.099999998175008e-06,0.05,79.0,36.5,0
43196,SO-0602,Constable Dinesh Chaudhary,Constable,39,2026-07-22 07:13:27+00:00,89.0,87.0,,21.2069933,72.7955596,14.699996948242188,-0.089,-0.967,-0.269,,0.0,0.0,0.0,,,,,0.0,0.0,30.0,5.200000000371574e-06,-9.399999996162478e-06,0.14,87.0,36.5,0
43197,SO-0602,Constable Dinesh Chaudhary,Constable,39,2026-07-22 07:13:57+00:00,95.0,88.0,,21.2069942,72.7955688,15.099998474121094,-0.041,-0.951,-0.331,,0.0,0.0,0.0,,,,,0.0,0.0,30.0,8.999999998593466e-07,9.19999999382526e-06,0.12,88.0,36.5,2
43198,SO-0602,Constable Dinesh Chaudhary,Constable,39,2026-07-22 07:14:27+00:00,87.0,83.0,,21.2069925,72.7955592,14.699996948242188,-0.081,-0.965,-0.235,,0.0,0.0,0.0,,,,,0.0,0.0,30.0,-1.7000000021027972e-06,-9.599999998499698e-06,0.13,83.0,36.5,0
43199,SO-0602,Constable Dinesh Chaudhary,Constable,39,2026-07-22 07:14:57+00:00,97.0,87.0,,21.2069839,72.795565,14.699996948242188,-0.099,-0.962,-0.269,,0.0,0.0,0.0,,,,,0.0,0.0,30.0,-8.599999997471741e-06,5.7999999967250915e-06,0.14,87.0,36.5,2
43200,SO-0602,Constable Dinesh Chaudhary,Constable,39,2026-07-22 07:15:27+00:00,88.0,88.0,,21.2069927,72.7955684,15.099998474121094,0.133,-0.865,-0.504,,0.0,0.0,0.0,,,,,0.0,0.0,30.0,8.79999999980896e-06,3.399999997100167e-06,0.13,88.0,36.5,0
43201,SO-0602,Constable Dinesh Chaudhary,Constable,39,2026-07-22 07:15:57+00:00,88.0,87.0,,21.2069931,72.7955684,15.099998474121094,0.159,-0.879,-0.461,,0.0,0.0,0.0,,,,,0.0,0.0,30.0,3.999999975690116e-07,0.0,0.01,87.0,36.5,0
43202,SO-0602,Constable Dinesh Chaudhary,Constable,39,2026-07-22 07:16:27+00:00,85.0,88.0,,21.2069901,72.7955599,14.699996948242188,0.043,-0.958,-0.315,,0.0,0.0,0.0,,,,,0.0,0.0,30.0,-2.9999999995311555e-06,-8.499999992750418e-06,0.12,88.0,36.5,0
43203,SO-0602,Constable Dinesh Chaudhary,Constable,39,2026-07-22 07:16:57+00:00,88.0,88.0,,21.2069923,72.7955666,14.699996948242188,0.047,-0.953,-0.291,,0.0,0.0,0.0,,,,,0.0,0.0,30.0,2.2000000008404186e-06,6.700000000137152e-06,0.09,88.0,36.5,0
43204,SO-0602,Constable Dinesh Chaudhary,Constable,39,2026-07-22 07:17:27+00:00,91.0,83.0,,21.2069936,72.7955642,14.699996948242188,0.036,-0.957,-0.292,,0.0,0.0,0.0,,,,,0.0,0.0,30.0,1.300000000981072e-06,-2.3999999996249244e-06,0.04,83.0,36.5,2
43205,SO-0602,Constable Dinesh Chaudhary,Constable,39,2026-07-22 07:17:57+00:00,100.0,83.0,,21.2069994,72.7955658,14.699996948242188,0.031,-0.948,-0.335,,0.0,0.0,0.0,,,,,0.0,0.0,30.0,5.800000000277805e-06,1.6000000044869012e-06,0.08,83.0,36.5,2
43206,SO-0602,Constable Dinesh Chaudhary,Constable,39,2026-07-22 07:18:27+00:00,82.0,88.0,,21.2069898,72.79556,14.699996948242188,0.008,-0.948,-0.315,,0.0,0.0,0.0,,,,,0.0,0.0,30.0,-9.600000002052411e-06,-5.800000010935946e-06,0.15,88.0,36.5,0
43207,SO-0602,Constable Dinesh Chaudhary,Constable,39,2026-07-22 07:18:57+00:00,84.0,88.0,,21.2069901,72.79556,14.699996948242188,0.006,-0.959,-0.298,,0.0,0.0,0.0,,,,,0.0,0.0,30.0,2.999999999531156e-07,0.0,0.0,88.0,36.5,0
43208,SO-0602,Constable Dinesh Chaudhary,Constable,39,2026-07-22 07:19:27+00:00,88.0,83.0,,21.2069868,72.7955668,14.699996948242188,0.017,-0.951,-0.319,,0.0,0.0,0.0,,,,,0.0,0.0,30.0,-3.299999999484271e-06,6.800000008411189e-06,0.1,83.0,36.5,0
43209,SO-0602,Constable Dinesh Chaudhary,Constable,39,2026-07-22 07:19:57+00:00,85.0,87.0,,21.2069839,72.7955645,14.699996948242188,0.005,-0.944,-0.347,,0.0,0.0,0.0,,,,,0.0,0.0,30.0,-2.8999999983625457e-06,-2.300000005561742e-06,0.05,87.0,36.5,0
43210,SO-0602,Constable Dinesh Chaudhary,Constable,39,2026-07-22 07:20:27+00:00,81.0,88.0,,21.2069829,72.7955688,14.699996948242188,-0.02,-0.957,-0.305,,0.0,0.0,0.0,,,,,0.0,0.0,30.0,-1.0000000010279564e-06,4.300000000512227e-06,0.06,88.0,36.5,0
43211,SO-0602,Constable Dinesh Chaudhary,Constable,39,2026-07-22 07:20:57+00:00,84.0,88.0,,21.2069936,72.7955683,15.099998474121094,-0.035,-0.98,-0.192,,0.0,0.0,0.0,,,,,0.0,0.0,30.0,1.0700000000696264e-05,-4.999999987376214e-07,0.14,88.0,36.5,0
43212,SO-0602,Constable Dinesh Chaudhary,Constable,39,2026-07-22 07:21:27+00:00,81.0,85.0,,21.2069931,72.7955596,14.89999771118164,-0.03,-0.962,-0.263,,0.0,0.0,0.0,,,,,0.0,0.0,30.0,-5.00000002290335e-07,-8.699999995087637e-06,0.11,85.0,36.5,0
43213,SO-0602,Constable Dinesh Chaudhary,Constable,39,2026-07-22 07:21:57+00:00,87.0,88.0,,21.2069864,72.7955677,15.099998474121094,-0.061,-0.965,-0.272,,0.0,0.0,0.0,,,,,0.0,0.0,30.0,-6.699999996584438e-06,8.100000002286833e-06,0.14,88.0,36.5,0
43214,SO-0602,Constable Dinesh Chaudhary,Constable,39,2026-07-22 07:22:27+00:00,84.0,83.0,,21.2069827,72.7955664,14.699996948242188,-0.015,-0.98,-0.22,,0.0,0.0,0.0,,,,,0.0,0.0,30.0,-3.700000000605996e-06,-1.3000000080864993e-06,0.05,83.0,36.5,0
43215,SO-0602,Constable Dinesh Chaudhary,Constable,39,2026-07-22 07:22:57+00:00,83.0,88.0,,21.2069858,72.7955668,14.699996948242188,-0.048,-0.962,-0.266,,0.0,0.0,0.0,,,,,0.0,0.0,30.0,3.1000000006997652e-06,4.0000000467443897e-07,0.04,88.0,36.5,0
43216,SO-0602,Constable Dinesh Chaudhary,Constable,39,2026-07-22 07:23:27+00:00,90.0,87.0,,21.2069916,72.7955596,14.699996948242188,-0.091,-0.968,-0.239,,0.0,0.0,0.0,,,,,0.0,0.0,30.0,5.7999999967250915e-06,-7.199999998874773e-06,0.12,87.0,36.5,0
43217,SO-0602,Constable Dinesh Chaudhary,Constable,39,2026-07-22 07:23:57+00:00,86.0,88.0,,21.2069838,72.7955679,15.099998474121094,-0.055,-0.97,-0.238,,0.0,0.0,0.0,,,,,0.0,0.0,30.0,-7.799999998781004e-06,8.299999990413198e-06,0.15,88.0,36.5,0
43218,SO-0602,Constable Dinesh Chaudhary,Constable,39,2026-07-22 07:24:27+00:00,95.0,88.0,,21.2070016,72.7955706,15.099998474121094,-0.099,-0.954,-0.303,,0.0,0.0,0.0,,,,,0.0,0.0,30.0,1.780000000195514e-05,2.700000010236181e-06,0.24,88.0,36.5,2
43219,SO-0602,Constable Dinesh Chaudhary,Constable,39,2026-07-22 07:24:57+00:00,93.0,88.0,,21.2070516,72.7956237,14.699996948242188,-0.023,-0.956,-0.291,,0.0,0.0,0.0,,,,,0.0,0.0,30.0,4.9999999998107114e-05,5.309999998814874e-05,0.95,88.0,36.5,2
43220,SO-0602,Constable Dinesh Chaudhary,Constable,39,2026-07-22 07:25:27+00:00,94.0,88.0,,21.2069944,72.7955689,15.099998474121094,-0.064,-0.963,-0.262,,0.0,0.0,0.0,,,,,0.0,0.0,30.0,-5.72000000005346e-05,-5.479999998669882e-05,1.04,88.0,36.5,2
43221,SO-0602,Constable Dinesh Chaudhary,Constable,39,2026-07-22 07:25:57+00:00,92.0,86.0,,21.2069966,72.7955696,15.099998474121094,-0.085,-0.965,-0.247,,0.0,0.0,0.0,,,,,0.0,0.0,30.0,2.2000000008404186e-06,6.999999868639861e-07,0.03,86.0,36.5,2
43222,SO-0602,Constable Dinesh Chaudhary,Constable,39,2026-07-22 07:26:27+00:00,88.0,87.0,,21.2069929,72.7955684,15.099998474121094,0.12,-0.96,-0.285,,0.0,0.0,0.0,,,,,0.0,0.0,30.0,-3.700000000605996e-06,-1.1999999998124622e-06,0.05,87.0,36.5,0
43223,SO-0602,Constable Dinesh Chaudhary,Constable,39,2026-07-22 07:26:57+00:00,94.0,88.0,,21.207002,72.7955702,15.099998474121094,0.009,-0.927,-0.386,,0.0,0.0,0.0,,,,,0.0,0.0,30.0,9.099999999762076e-06,1.8000000068241206e-06,0.12,88.0,36.5,2
43224,SO-0602,Constable Dinesh Chaudhary,Constable,39,2026-07-22 07:27:27+00:00,82.0,87.0,,21.2069999,72.7955683,14.699996948242188,0.051,-0.909,-0.424,,0.0,0.0,0.0,,,,,0.0,0.0,30.0,-2.099999999671809e-06,-1.900000000887303e-06,0.04,87.0,36.5,0
43225,SO-0602,Constable Dinesh Chaudhary,Constable,39,2026-07-22 07:27:57+00:00,83.0,88.0,,21.2070035,72.7955692,15.099998474121094,0.15,-0.984,0.033,,0.0,0.0,0.0,,,,,0.0,0.0,30.0,3.5999999994373866e-06,9.000000034120603e-07,0.05,88.0,36.5,0
43226,SO-0602,Constable Dinesh Chaudhary,Constable,39,2026-07-22 07:28:27+00:00,81.0,88.0,,21.2070414,72.7955824,15.099998474121094,0.094,-0.994,-0.009,,0.0,0.0,0.0,,,,,0.0,0.0,30.0,3.790000000236659e-05,1.3199999997937084e-05,0.53,88.0,36.5,0
43227,SO-0602,Constable Dinesh Chaudhary,Constable,39,2026-07-22 07:28:57+00:00,94.0,88.0,,21.2069915,72.7955607,15.099998474121094,0.127,-0.986,0.06,,0.0,0.0,0.0,,,,,0.0,0.0,30.0,-4.990000000049122e-05,-2.1700000004898357e-05,0.72,88.0,36.5,2
43228,SO-0602,Constable Dinesh Chaudhary,Constable,39,2026-07-22 07:29:27+00:00,83.0,84.0,,21.2069958,72.7955622,14.699996948242188,-0.273,-0.781,0.539,,0.0,0.0,0.0,,,,,0.0,0.0,30.0,4.300000000512227e-06,1.5000000104237188e-06,0.06,84.0,36.5,0
43229,SO-0602,Constable Dinesh Chaudhary,Constable,39,2026-07-22 07:29:57+00:00,86.0,88.0,,21.2069982,72.7955661,15.099998474121094,-0.417,-0.705,0.548,,0.0,0.0,0.0,,,,,0.0,0.0,30.0,2.3999999996249244e-06,3.8999999958377884e-06,0.06,88.0,36.5,0
43230,SO-0602,Constable Dinesh Chaudhary,Constable,39,2026-07-22 07:30:27+00:00,93.0,88.0,,21.2070029,72.7955706,15.099998474121094,-0.503,-0.705,0.476,,0.0,0.0,0.0,,,,,0.0,0.0,30.0,4.699999998081239e-06,4.500000002849447e-06,0.09,88.0,36.5,2
43231,SO-0602,Constable Dinesh Chaudhary,Constable,39,2026-07-22 07:30:57+00:00,96.0,88.0,,21.2069896,72.7955661,14.699996948242188,-0.49,-0.696,0.488,,0.0,0.0,0.0,,,,,0.0,0.0,30.0,-1.3299999999105694e-05,-4.500000002849447e-06,0.19,88.0,36.5,2
43232,SO-0602,Constable Dinesh Chaudhary,Constable,39,2026-07-22 07:31:27+00:00,93.0,88.0,,21.2070018,72.7955684,14.699996948242188,-0.442,-0.688,0.54,,0.0,0.0,0.0,,,,,0.0,0.0,30.0,1.220000000046184e-05,2.2999999913508873e-06,0.17,88.0,36.5,2
43233,SO-0602,Constable Dinesh Chaudhary,Constable,39,2026-07-22 07:31:57+00:00,84.0,88.0,,21.2069852,72.795562,14.699996948242188,-0.384,-0.794,0.449,,0.0,0.0,0.0,,,,,0.0,0.0,30.0,-1.660000000214268e-05,-6.399999989525895e-06,0.24,88.0,36.5,0
43234,SO-0602,Constable Dinesh Chaudhary,Constable,39,2026-07-22 07:32:27+00:00,88.0,88.0,,21.2069859,72.7955616,14.699996948242188,-0.351,-0.798,0.479,,0.0,0.0,0.0,,,,,0.0,0.0,30.0,7.000000010748408e-07,-4.0000000467443897e-07,0.01,88.0,36.5,0
43235,SO-0602,Constable Dinesh Chaudhary,Constable,39,2026-07-22 07:32:57+00:00,93.0,88.0,,21.2069952,72.7955686,15.099998474121094,-0.409,-0.777,0.46,,0.0,0.0,0.0,,,,,0.0,0.0,30.0,9.300000002099296e-06,6.999999996537554e-06,0.15,88.0,36.5,2
43236,SO-0602,Constable Dinesh Chaudhary,Constable,39,2026-07-22 07:33:27+00:00,81.0,88.0,,21.2070034,72.7955654,15.099998474121094,-0.407,-0.765,0.471,,0.0,0.0,0.0,,,,,0.0,0.0,30.0,8.19999999990273e-06,-3.1999999947629476e-06,0.12,88.0,36.5,0
43237,SO-0602,Constable Dinesh Chaudhary,Constable,39,2026-07-22 07:33:57+00:00,94.0,88.0,,21.2070028,72.7955593,14.699996948242188,-0.464,-0.775,0.396,,0.0,0.0,0.0,,,,,0.0,0.0,30.0,-5.999999999062311e-07,-6.100000007336348e-06,0.08,88.0,36.5,2
43238,SO-0602,Constable Dinesh Chaudhary,Constable,39,2026-07-22 07:34:27+00:00,88.0,88.0,,21.2069959,72.7955615,14.699996948242188,-0.335,-0.793,0.49,,0.0,0.0,0.0,,,,,0.0,0.0,30.0,-6.900000002474371e-06,2.2000000114985596e-06,0.1,88.0,36.5,0
43239,SO-0602,Constable Dinesh Chaudhary,Constable,39,2026-07-22 07:34:59+00:00,100.0,88.0,,21.206997,72.7955614,14.699996948242188,-0.46,-0.762,0.422,,0.0,0.0,0.0,,,,,0.0,0.0,32.0,1.100000002196566e-06,-1.000000082740371e-07,0.01,88.0,36.5,2
43240,SO-0602,Constable Dinesh Chaudhary,Constable,39,2026-07-22 07:35:27+00:00,96.0,84.0,,21.2069848,72.7955601,14.699996948242188,-0.39,-0.835,0.365,,0.0,0.0,0.0,,,,,0.0,0.0,28.0,-1.220000000046184e-05,-1.2999999938756446e-06,0.18,84.0,36.5,2
43241,SO-0602,Constable Dinesh Chaudhary,Constable,39,2026-07-22 07:35:57+00:00,86.0,88.0,,21.2070049,72.7955685,14.699996948242188,-0.303,-0.838,0.424,,0.0,0.0,0.0,,,,,0.0,0.0,30.0,2.0100000000411455e-05,8.399999998687235e-06,0.29,88.0,36.5,0
43242,SO-0602,Constable Dinesh Chaudhary,Constable,39,2026-07-22 07:36:27+00:00,85.0,88.0,,21.207009,72.7955675,14.799999237060549,-0.396,-0.806,0.409,,0.0,0.0,0.0,,,,,0.0,0.0,30.0,4.099999998175008e-06,-9.999999974752427e-07,0.06,88.0,36.5,0
43243,SO-0602,Constable Dinesh Chaudhary,Constable,39,2026-07-22 07:36:57+00:00,87.0,88.0,,21.2069947,72.7955657,14.699996948242188,-0.402,-0.837,0.34,,0.0,0.0,0.0,,,,,0.0,0.0,30.0,-1.430000000013365e-05,-1.8000000068241206e-06,0.19,88.0,36.5,0
43244,SO-0602,Constable Dinesh Chaudhary,Constable,39,2026-07-22 07:37:27+00:00,89.0,88.0,,21.2070077,72.7955689,15.099998474121094,-0.45,-0.805,0.351,,0.0,0.0,0.0,,,,,0.0,0.0,30.0,1.2999999999152578e-05,3.2000000089738023e-06,0.18,88.0,36.5,0
43245,SO-0602,Constable Dinesh Chaudhary,Constable,39,2026-07-22 07:37:57+00:00,89.0,88.0,,21.2070001,72.7955681,14.699996948242188,-0.496,-0.783,0.349,,0.0,0.0,0.0,,,,,0.0,0.0,30.0,-7.599999999996499e-06,-8.000000093488779e-07,0.1,88.0,36.5,0
43246,SO-0602,Constable Dinesh Chaudhary,Constable,39,2026-07-22 07:38:27+00:00,84.0,75.0,,21.2069949,72.795561,14.699996948242188,-0.462,-0.792,0.381,,0.0,0.0,0.0,,,,,0.0,0.0,30.0,-5.19999999681886e-06,-7.099999990600736e-06,0.11,75.0,36.5,0
43247,SO-0602,Constable Dinesh Chaudhary,Constable,39,2026-07-22 07:38:57+00:00,89.0,86.0,,21.2069951,72.7955616,14.699996948242188,-0.545,-0.767,0.302,,0.0,0.0,0.0,,,,,0.0,0.0,30.0,1.999999987845058e-07,5.999999928008037e-07,0.01,86.0,36.5,0
43248,SO-0602,Constable Dinesh Chaudhary,Constable,39,2026-07-22 07:39:27+00:00,87.0,86.0,,21.2069937,72.7955684,14.699996948242188,-0.507,-0.765,0.345,,0.0,0.0,0.0,,,,,0.0,0.0,30.0,-1.399999998596968e-06,6.799999994200334e-06,0.09,86.0,36.5,0
43249,SO-0602,Constable Dinesh Chaudhary,Constable,39,2026-07-22 07:39:57+00:00,87.0,88.0,,21.2070016,72.7955653,15.099998474121094,-0.475,-0.779,0.361,,0.0,0.0,0.0,,,,,0.0,0.0,30.0,7.899999999949614e-06,-3.0999999864889105e-06,0.11,88.0,36.5,0
43250,SO-0602,Constable Dinesh Chaudhary,Constable,39,2026-07-22 07:40:27+00:00,94.0,88.0,,21.2069933,72.795568,15.099998474121094,-0.482,-0.768,0.391,,0.0,0.0,0.0,,,,,0.0,0.0,30.0,-8.30000000107134e-06,2.6999999960253263e-06,0.12,88.0,36.5,2
43251,SO-0602,Constable Dinesh Chaudhary,Constable,39,2026-07-22 07:40:57+00:00,90.0,88.0,,21.2069934,72.7955601,14.699996948242188,-0.516,-0.768,0.353,,0.0,0.0,0.0,,,,,0.0,0.0,30.0,1.0000000116860974e-07,-7.899999999949614e-06,0.1,88.0,36.5,0
43252,SO-0602,Constable Dinesh Chaudhary,Constable,39,2026-07-22 07:41:28+00:00,97.0,88.0,,21.2070023,72.7955684,14.699996948242188,-0.501,-0.756,0.385,,0.0,0.0,0.0,,,,,0.0,0.0,31.0,8.899999997424857e-06,8.299999990413198e-06,0.15,88.0,36.5,2
43253,SO-0602,Constable Dinesh Chaudhary,Constable,39,2026-07-22 07:41:57+00:00,87.0,88.0,,21.2069952,72.795561,14.699996948242188,-0.478,-0.773,0.375,,0.0,0.0,0.0,,,,,0.0,0.0,29.0,-7.099999997706163e-06,-7.399999987001138e-06,0.14,88.0,36.5,0
43254,SO-0602,Constable Dinesh Chaudhary,Constable,39,2026-07-22 07:42:27+00:00,86.0,88.0,,21.2069986,72.7955675,14.699996948242188,-0.476,-0.779,0.377,,0.0,0.0,0.0,,,,,0.0,0.0,30.0,3.399999997100167e-06,6.499999997799932e-06,0.09,88.0,36.5,0
43255,SO-0602,Constable Dinesh Chaudhary,Constable,39,2026-07-22 07:42:57+00:00,84.0,81.0,,21.2069963,72.795562,14.699996948242188,-0.168,-0.971,0.142,,0.0,0.0,0.0,,,,,0.0,0.0,30.0,-2.2999999984563142e-06,-5.50000000032469e-06,0.08,81.0,36.5,0
43256,SO-0602,Constable Dinesh Chaudhary,Constable,39,2026-07-22 07:43:27+00:00,100.0,49.0,,21.207002,72.7955671,14.699996948242188,-0.164,-0.971,0.11,,0.0,0.0,0.0,,,,,0.0,0.0,30.0,5.699999999109195e-06,5.099999995650251e-06,0.1,49.0,36.5,2
43257,SO-0602,Constable Dinesh Chaudhary,Constable,39,2026-07-22 07:43:57+00:00,82.0,88.0,,21.2070054,72.7955694,15.099998474121094,-0.146,-0.977,0.108,,0.0,0.0,0.0,,,,,0.0,0.0,30.0,3.4000000006528808e-06,2.300000005561742e-06,0.05,88.0,36.5,0
43258,SO-0602,Constable Dinesh Chaudhary,Constable,39,2026-07-22 07:44:27+00:00,94.0,88.0,,21.2070053,72.7955695,15.099998474121094,-0.198,-0.988,-0.146,,0.0,0.0,0.0,,,,,0.0,0.0,30.0,-1.0000000116860974e-07,9.999999406318238e-08,0.0,88.0,36.5,2
43259,SO-0602,Constable Dinesh Chaudhary,Constable,39,2026-07-22 07:44:57+00:00,84.0,80.0,,21.2069985,72.7955677,15.099998474121094,-0.138,-0.966,-0.224,,0.0,0.0,0.0,,,,,0.0,0.0,30.0,-6.799999997753048e-06,-1.799999992613266e-06,0.09,80.0,36.5,0
43260,SO-0602,Constable Dinesh Chaudhary,Constable,39,2026-07-22 07:45:27+00:00,87.0,87.0,,21.2070023,72.7955686,14.699996948242188,-0.061,-0.988,-0.225,,0.0,0.0,0.0,,,,,0.0,0.0,30.0,3.799999998221893e-06,8.999999892012056e-07,0.05,87.0,36.5,0
43261,SO-0602,Constable Dinesh Chaudhary,Constable,39,2026-07-22 07:45:57+00:00,86.0,88.0,,21.2070065,72.7955691,15.099998474121094,-0.028,-0.967,-0.281,,0.0,0.0,0.0,,,,,0.0,0.0,30.0,4.199999999343618e-06,4.999999987376214e-07,0.06,88.0,36.5,0
43262,SO-0602,Constable Dinesh Chaudhary,Constable,39,2026-07-22 07:46:27+00:00,84.0,73.0,,21.2070022,72.7955661,15.099998474121094,-0.116,-0.96,-0.247,,0.0,0.0,0.0,,,,,0.0,0.0,30.0,-4.299999996959514e-06,-2.999999992425728e-06,0.07,73.0,36.5,0
43263,SO-0602,Constable Dinesh Chaudhary,Constable,39,2026-07-22 07:46:57+00:00,90.0,88.0,,21.2069931,72.7955634,14.699996948242188,-0.148,-0.965,-0.22,,0.0,0.0,0.0,,,,,0.0,0.0,30.0,-9.10000000331479e-06,-2.6999999960253263e-06,0.13,88.0,36.5,0
43264,SO-0602,Constable Dinesh Chaudhary,Constable,39,2026-07-22 07:47:27+00:00,100.0,85.0,,21.2069843,72.7955646,14.699996948242188,-0.588,-0.707,0.357,,0.0,0.0,0.0,,,,,0.0,0.0,30.0,-8.79999999980896e-06,1.1999999998124622e-06,0.12,85.0,36.5,2
43265,SO-0602,Constable Dinesh Chaudhary,Constable,39,2026-07-22 07:47:57+00:00,88.0,85.0,,21.2069973,72.795569,14.699996948242188,-0.162,-0.984,0.01,,0.0,0.0,0.0,,,,,0.0,0.0,30.0,1.3000000002705292e-05,4.39999999457541e-06,0.18,85.0,36.5,0
43266,SO-0602,Constable Dinesh Chaudhary,Constable,39,2026-07-22 07:48:27+00:00,85.0,88.0,,21.2069934,72.7955667,14.699996948242188,-0.164,-0.983,-0.005,,0.0,0.0,0.0,,,,,0.0,0.0,30.0,-3.899999999390502e-06,-2.300000005561742e-06,0.06,88.0,36.5,0
43267,SO-0602,Constable Dinesh Chaudhary,Constable,39,2026-07-22 07:48:57+00:00,90.0,87.0,,21.2070203,72.7955585,14.699996948242188,-0.193,-0.97,0.056,,0.0,0.0,0.0,,,,,0.0,0.0,30.0,2.6899999998164503e-05,-8.199999996350016e-06,0.37,87.0,36.5,0
43268,SO-0602,Constable Dinesh Chaudhary,Constable,39,2026-07-22 07:49:27+00:00,89.0,86.0,,21.2069948,72.7955627,14.699996948242188,-0.094,-0.975,0.172,,0.0,0.0,0.0,,,,,0.0,0.0,30.0,-2.5499999999567535e-05,4.200000006449045e-06,0.34,86.0,36.5,0
43269,SO-0602,Constable Dinesh Chaudhary,Constable,39,2026-07-22 07:49:57+00:00,83.0,67.0,,21.2069998,72.7955586,14.699996948242188,-0.156,-0.963,0.203,,0.0,0.0,0.0,,,,,0.0,0.0,30.0,4.9999999980343546e-06,-4.099999998175008e-06,0.08,67.0,36.5,0
43270,SO-0602,Constable Dinesh Chaudhary,Constable,39,2026-07-22 07:50:27+00:00,96.0,88.0,,21.2069982,72.795567,14.699996948242188,-0.119,-0.959,0.218,,0.0,0.0,0.0,,,,,0.0,0.0,30.0,-1.5999999973814738e-06,8.399999998687235e-06,0.11,88.0,36.5,2
43271,SO-0602,Constable Dinesh Chaudhary,Constable,39,2026-07-22 07:50:57+00:00,96.0,88.0,,21.2070042,72.7955544,14.699996948242188,-0.147,-0.961,0.173,,0.0,0.0,0.0,,,,,0.0,0.0,30.0,5.999999999062311e-06,-1.260000000513628e-05,0.18,88.0,36.5,2
43272,SO-0602,Constable Dinesh Chaudhary,Constable,39,2026-07-22 07:51:27+00:00,85.0,88.0,,21.2069995,72.7955566,14.699996948242188,-0.092,-0.967,0.206,,0.0,0.0,0.0,,,,,0.0,0.0,30.0,-4.700000001633953e-06,2.199999997287705e-06,0.07,88.0,36.5,0
43273,SO-0602,Constable Dinesh Chaudhary,Constable,39,2026-07-22 07:51:57+00:00,92.0,71.0,,21.2070087,72.7955482,14.699996948242188,-0.129,-0.97,0.142,,0.0,0.0,0.0,,,,,0.0,0.0,30.0,9.200000000930686e-06,-8.399999998687235e-06,0.16,71.0,36.5,2
43274,SO-0602,Constable Dinesh Chaudhary,Constable,39,2026-07-22 07:52:27+00:00,92.0,88.0,,21.2070082,72.7955555,14.699996948242188,-0.125,-0.982,0.13,,0.0,0.0,0.0,,,,,0.0,0.0,30.0,-4.999999987376214e-07,7.30000000714881e-06,0.09,88.0,36.5,2
43275,SO-0602,Constable Dinesh Chaudhary,Constable,39,2026-07-22 07:52:57+00:00,90.0,85.0,,21.2070173,72.7955666,14.699996948242188,-0.076,-0.951,-0.309,,0.0,0.0,0.0,,,,,0.0,0.0,30.0,9.099999999762076e-06,1.1099999994712562e-05,0.19,85.0,36.5,0
43276,SO-0602,Constable Dinesh Chaudhary,Constable,39,2026-07-22 07:53:27+00:00,82.0,87.0,,21.2069995,72.7955624,14.699996948242188,-0.066,-0.958,-0.29,,0.0,0.0,0.0,,,,,0.0,0.0,30.0,-1.780000000195514e-05,-4.200000006449045e-06,0.24,87.0,36.5,0
43277,SO-0602,Constable Dinesh Chaudhary,Constable,39,2026-07-22 07:53:57+00:00,85.0,87.0,,21.2070066,72.7955572,14.699996948242188,-0.078,-0.971,-0.25,,0.0,0.0,0.0,,,,,0.0,0.0,30.0,7.100000001258877e-06,-5.199999989713433e-06,0.12,87.0,36.5,0
43278,SO-0602,Constable Dinesh Chaudhary,Constable,39,2026-07-22 07:54:27+00:00,88.0,86.0,,21.2069882,72.7955618,14.699996948242188,-0.058,-0.97,-0.244,,0.0,0.0,0.0,,,,,0.0,0.0,30.0,-1.8399999998308655e-05,4.599999996912629e-06,0.25,86.0,36.5,0
43279,SO-0602,Constable Dinesh Chaudhary,Constable,39,2026-07-22 07:54:57+00:00,81.0,88.0,,21.2070024,72.7955656,14.699996948242188,-0.024,-0.966,-0.265,,0.0,0.0,0.0,,,,,0.0,0.0,30.0,1.419999999896504e-05,3.800000001774606e-06,0.2,88.0,36.5,0
43280,SO-0602,Constable Dinesh Chaudhary,Constable,39,2026-07-22 07:55:27+00:00,81.0,84.0,,21.2069966,72.7955626,14.699996948242188,0.023,-0.948,-0.333,,0.0,0.0,0.0,,,,,0.0,0.0,30.0,-5.800000000277805e-06,-3.000000006636583e-06,0.09,84.0,36.5,0
43281,SO-0602,Constable Dinesh Chaudhary,Constable,39,2026-07-22 07:55:57+00:00,86.0,88.0,,21.2070078,72.7955642,14.699996948242188,-0.029,-0.991,0.036,,0.0,0.0,0.0,,,,,0.0,0.0,30.0,1.1199999999433883e-05,1.6000000044869012e-06,0.15,88.0,36.5,0
43282,SO-0602,Constable Dinesh Chaudhary,Constable,39,2026-07-22 07:56:27+00:00,89.0,86.0,,21.2069982,72.7955558,14.699996948242188,-0.069,-0.99,0.046,,0.0,0.0,0.0,,,,,0.0,0.0,30.0,-9.599999998499698e-06,-8.399999998687235e-06,0.17,86.0,36.5,0
43283,SO-0602,Constable Dinesh Chaudhary,Constable,39,2026-07-22 07:56:57+00:00,92.0,86.0,,21.2070053,72.7955642,14.699996948242188,-0.118,-0.981,0.076,,0.0,0.0,0.0,,,,,0.0,0.0,30.0,7.099999997706163e-06,8.399999998687235e-06,0.14,86.0,36.5,2
43284,SO-0602,Constable Dinesh Chaudhary,Constable,39,2026-07-22 07:57:27+00:00,94.0,88.0,,21.2069885,72.795562,14.699996948242188,-0.112,-0.983,0.086,,0.0,0.0,0.0,,,,,0.0,0.0,30.0,-1.679999999737447e-05,-2.199999997287705e-06,0.23,88.0,36.5,2
43285,SO-0602,Constable Dinesh Chaudhary,Constable,39,2026-07-22 07:57:57+00:00,94.0,74.0,,21.2070074,72.7955627,14.699996948242188,-0.106,-0.983,0.075,,0.0,0.0,0.0,,,,,0.0,0.0,30.0,1.889999999704628e-05,7.000000010748408e-07,0.25,74.0,36.5,2
43286,SO-0602,Constable Dinesh Chaudhary,Constable,39,2026-07-22 07:58:27+00:00,88.0,68.0,,21.2070024,72.7955615,14.699996948242188,-0.096,-0.989,0.03,,0.0,0.0,0.0,,,,,0.0,0.0,30.0,-4.9999999980343546e-06,-1.1999999998124622e-06,0.07,68.0,36.5,0
43287,SO-0602,Constable Dinesh Chaudhary,Constable,39,2026-07-22 07:58:57+00:00,82.0,86.0,,21.2070055,72.7955467,14.699996948242188,-0.155,-0.964,0.057,,0.0,0.0,0.0,,,,,0.0,0.0,30.0,3.1000000006997652e-06,-1.4800000002423984e-05,0.19,86.0,36.5,0
43288,SO-0602,Constable Dinesh Chaudhary,Constable,39,2026-07-22 07:59:27+00:00,100.0,88.0,,21.2069862,72.7955662,14.699996948242188,-0.121,-0.975,0.119,,0.0,0.0,0.0,,,,,0.0,0.0,30.0,-1.930000000172072e-05,1.9499999993399797e-05,0.36,88.0,36.5,2
43289,SO-0602,Constable Dinesh Chaudhary,Constable,39,2026-07-22 07:59:57+00:00,84.0,88.0,,21.2070018,72.7955544,14.699996948242188,-0.079,-0.979,0.136,,0.0,0.0,0.0,,,,,0.0,0.0,30.0,1.5600000001114722e-05,-1.1799999995787402e-05,0.26,88.0,36.5,0
43290,SO-0602,Constable Dinesh Chaudhary,Constable,39,2026-07-22 08:00:27+00:00,92.0,87.0,,21.2070056,72.7955643,14.699996948242188,-0.211,-0.965,0.094,,0.0,0.0,0.0,,,,,0.0,0.0,30.0,3.799999998221893e-06,9.8999999949001e-06,0.14,87.0,36.5,2
43291,SO-0602,Constable Dinesh Chaudhary,Constable,39,2026-07-22 08:00:57+00:00,86.0,88.0,,21.2070102,72.795532,14.699996948242188,-0.148,-0.975,0.128,,0.0,0.0,0.0,,,,,0.0,0.0,30.0,4.600000000465343e-06,-3.23000000008733e-05,0.42,88.0,36.5,0
43292,SO-0602,Constable Dinesh Chaudhary,Constable,39,2026-07-22 08:01:27+00:00,83.0,88.0,,21.2069973,72.7955552,14.699996948242188,-0.177,-0.952,0.188,,0.0,0.0,0.0,,,,,0.0,0.0,30.0,-1.2899999997983969e-05,2.320000000111122e-05,0.34,88.0,36.5,0
43293,SO-0602,Constable Dinesh Chaudhary,Constable,39,2026-07-22 08:01:57+00:00,92.0,88.0,,21.2069998,72.7955565,14.699996948242188,-0.171,-0.971,0.114,,0.0,0.0,0.0,,,,,0.0,0.0,30.0,2.4999999972408204e-06,1.3000000080864993e-06,0.04,88.0,36.5,2
43294,SO-0602,Constable Dinesh Chaudhary,Constable,39,2026-07-22 08:02:27+00:00,86.0,86.0,,21.2070201,72.7955284,14.699996948242188,-0.156,-0.966,0.169,,0.0,0.0,0.0,,,,,0.0,0.0,30.0,2.0300000002748675e-05,-2.8100000008635103e-05,0.45,86.0,36.5,0
43295,SO-0602,Constable Dinesh Chaudhary,Constable,39,2026-07-22 08:02:57+00:00,83.0,73.0,,21.2070133,72.7955516,14.699996948242188,-0.168,-0.966,0.141,,0.0,0.0,0.0,,,,,0.0,0.0,30.0,-6.8000000013057615e-06,2.320000000111122e-05,0.31,73.0,36.5,0
43296,SO-0602,Constable Dinesh Chaudhary,Constable,39,2026-07-22 08:03:27+00:00,89.0,87.0,,21.207007,72.7955488,14.699996948242188,-0.149,-0.981,0.089,,0.0,0.0,0.0,,,,,0.0,0.0,30.0,-6.2999999990154265e-06,-2.7999999900885086e-06,0.09,87.0,36.5,0
43297,SO-0602,Constable Dinesh Chaudhary,Constable,39,2026-07-22 08:03:57+00:00,89.0,88.0,,21.2070071,72.7955682,14.699996948242188,-0.146,-0.984,0.016,,0.0,0.0,0.0,,,,,0.0,0.0,30.0,9.999999761589606e-08,1.9399999999336615e-05,0.25,88.0,36.5,0
43298,SO-0602,Constable Dinesh Chaudhary,Constable,39,2026-07-22 08:04:27+00:00,97.0,88.0,,21.2070038,72.7955563,14.699996948242188,-0.095,-0.986,-0.024,,0.0,0.0,0.0,,,,,0.0,0.0,30.0,-3.299999999484271e-06,-1.190000000406144e-05,0.16,88.0,36.5,2
43299,SO-0602,Constable Dinesh Chaudhary,Constable,39,2026-07-22 08:04:57+00:00,92.0,88.0,,21.2069997,72.7955585,14.699996948242188,-0.117,-0.982,0.081,,0.0,0.0,0.0,,,,,0.0,0.0,30.0,-4.099999998175008e-06,2.199999997287705e-06,0.06,88.0,36.5,2
43300,SO-0602,Constable Dinesh Chaudhary,Constable,39,2026-07-22 08:05:27+00:00,83.0,88.0,,21.2069962,72.7955552,14.699996948242188,-0.104,-0.985,0.091,,0.0,0.0,0.0,,,,,0.0,0.0,30.0,-3.5000000018214905e-06,-3.3000000030369847e-06,0.06,88.0,36.5,0
43301,SO-0602,Constable Dinesh Chaudhary,Constable,39,2026-07-22 08:05:57+00:00,86.0,88.0,,21.2069971,72.7955542,14.699996948242188,-0.077,-0.98,0.132,,0.0,0.0,0.0,,,,,0.0,0.0,30.0,8.999999998593466e-07,-9.999999974752427e-07,0.02,88.0,36.5,0
43302,SO-0602,Constable Dinesh Chaudhary,Constable,39,2026-07-22 08:06:27+00:00,87.0,88.0,,21.2070037,72.7955691,14.699996948242188,-0.067,-0.963,-0.158,,0.0,0.0,0.0,,,,,0.0,0.0,30.0,6.600000002521256e-06,1.4899999996487168e-05,0.21,88.0,36.5,0
43303,SO-0602,Constable Dinesh Chaudhary,Constable,39,2026-07-22 08:06:57+00:00,86.0,88.0,,21.2069987,72.7955606,14.699996948242188,-0.09,-0.964,-0.249,,0.0,0.0,0.0,,,,,0.0,0.0,30.0,-5.000000001587068e-06,-8.499999992750418e-06,0.13,88.0,36.5,0
43304,SO-0602,Constable Dinesh Chaudhary,Constable,39,2026-07-22 08:07:27+00:00,90.0,88.0,,21.2070057,72.7955579,14.699996948242188,-0.101,-0.982,0.133,,0.0,0.0,0.0,,,,,0.0,0.0,30.0,7.000000000090267e-06,-2.6999999960253263e-06,0.1,88.0,36.5,0
43305,SO-0602,Constable Dinesh Chaudhary,Constable,39,2026-07-22 08:07:57+00:00,88.0,86.0,,21.2069952,72.7955558,14.699996948242188,-0.038,-0.983,0.099,,0.0,0.0,0.0,,,,,0.0,0.0,30.0,-1.0499999998359044e-05,-2.1000000032245225e-06,0.14,86.0,36.5,0
43306,SO-0602,Constable Dinesh Chaudhary,Constable,39,2026-07-22 08:08:27+00:00,89.0,88.0,,21.2070022,72.795555,14.699996948242188,-0.186,-0.979,0.056,,0.0,0.0,0.0,,,,,0.0,0.0,30.0,7.000000000090267e-06,-8.000000093488779e-07,0.09,88.0,36.5,0
43307,SO-0602,Constable Dinesh Chaudhary,Constable,39,2026-07-22 08:08:57+00:00,82.0,88.0,,21.2070034,72.7955548,14.699996948242188,-0.143,-0.973,0.111,,0.0,0.0,0.0,,,,,0.0,0.0,30.0,1.1999999998124622e-06,-1.9999998812636477e-07,0.02,88.0,36.5,0
43308,SO-0602,Constable Dinesh Chaudhary,Constable,39,2026-07-22 08:09:27+00:00,92.0,88.0,,21.2069942,72.7955576,14.699996948242188,-0.174,-0.964,0.153,,0.0,0.0,0.0,,,,,0.0,0.0,30.0,-9.200000000930686e-06,2.7999999900885086e-06,0.13,88.0,36.5,2
43309,SO-0602,Constable Dinesh Chaudhary,Constable,39,2026-07-22 08:09:59+00:00,83.0,72.0,,21.207,72.7955624,14.699996948242188,-1.125,-0.197,-0.482,,0.0,0.0,0.0,,,,,0.0,0.0,32.0,5.800000000277805e-06,4.799999999249849e-06,0.09,72.0,36.5,0
43310,SO-0602,Constable Dinesh Chaudhary,Constable,39,2026-07-22 08:10:27+00:00,83.0,88.0,,21.207,72.7955562,14.699996948242188,-0.607,-0.662,-0.467,,0.0,0.0,0.0,,,,,0.0,0.0,28.0,0.0,-6.2000000013995304e-06,0.09,88.0,36.5,0
43311,SO-0602,Constable Dinesh Chaudhary,Constable,39,2026-07-22 08:10:57+00:00,83.0,76.0,,21.2070027,72.7955528,14.699996948242188,-0.645,-0.573,-0.488,,0.0,0.0,0.0,,,,,0.0,0.0,30.0,2.69999999957804e-06,-3.399999997100167e-06,0.06,76.0,36.5,0
43312,SO-0602,Constable Dinesh Chaudhary,Constable,39,2026-07-22 08:11:27+00:00,84.0,85.0,,21.2070037,72.7955603,14.699996948242188,-0.609,-0.636,-0.485,,0.0,0.0,0.0,,,,,0.0,0.0,30.0,1.0000000010279564e-06,7.50000000948603e-06,0.1,85.0,36.5,0
43313,SO-0602,Constable Dinesh Chaudhary,Constable,39,2026-07-22 08:11:57+00:00,85.0,88.0,,21.2070104,72.7955625,14.699996948242188,-0.597,-0.653,-0.48,,0.0,0.0,0.0,,,,,0.0,0.0,30.0,6.700000000137152e-06,2.199999997287705e-06,0.09,88.0,36.5,0
43314,SO-0602,Constable Dinesh Chaudhary,Constable,39,2026-07-22 08:12:27+00:00,85.0,82.0,,21.2070067,72.7955589,14.699996948242188,-0.954,0.122,0.236,,0.0,0.0,0.0,,,,,0.0,0.0,30.0,-3.700000000605996e-06,-3.5999999994373866e-06,0.07,82.0,36.5,0
43315,SO-0602,Constable Dinesh Chaudhary,Constable,39,2026-07-22 08:12:57+00:00,88.0,87.0,,21.2069859,72.7955557,14.699996948242188,-0.135,0.943,0.302,,0.0,0.0,0.0,,,,,0.0,0.0,30.0,-2.0800000001486296e-05,-3.2000000089738023e-06,0.28,87.0,36.5,0
43316,SO-0602,Constable Dinesh Chaudhary,Constable,39,2026-07-22 08:13:27+00:00,83.0,88.0,,21.2069966,72.7955604,14.699996948242188,-0.174,0.931,0.291,,0.0,0.0,0.0,,,,,0.0,0.0,30.0,1.0700000000696264e-05,4.700000005186666e-06,0.15,88.0,36.5,0
43317,SO-0602,Constable Dinesh Chaudhary,Constable,39,2026-07-22 08:13:57+00:00,81.0,88.0,,21.2069968,72.7955525,14.699996948242188,-0.186,0.934,0.291,,0.0,0.0,0.0,,,,,0.0,0.0,30.0,1.999999987845058e-07,-7.899999999949614e-06,0.1,88.0,36.5,0
43318,SO-0602,Constable Dinesh Chaudhary,Constable,39,2026-07-22 08:14:27+00:00,84.0,88.0,,21.2070509,72.7955476,14.699996948242188,-0.361,-0.856,-0.357,,0.0,0.0,0.0,,,,,0.0,0.0,30.0,5.409999999983483e-05,-4.899999993313031e-06,0.72,88.0,36.5,0
43319,SO-0602,Constable Dinesh Chaudhary,Constable,39,2026-07-22 08:14:57+00:00,84.0,77.0,,21.2070364,72.7955316,14.699996948242188,-0.487,-0.864,-0.37,,0.0,0.0,0.0,,,,,0.0,0.0,30.0,-1.4499999998918156e-05,-1.6000000002236447e-05,0.28,77.0,36.5,0
43320,SO-0602,Constable Dinesh Chaudhary,Constable,39,2026-07-22 08:15:27+00:00,86.0,83.0,,21.2070251,72.7955243,14.699996948242188,-0.411,-0.856,-0.318,,0.0,0.0,0.0,,,,,0.0,0.0,30.0,-1.1300000000602496e-05,-7.30000000714881e-06,0.18,83.0,36.5,0
43321,SO-0602,Constable Dinesh Chaudhary,Constable,39,2026-07-22 08:15:57+00:00,86.0,88.0,,21.2070361,72.7955357,14.699996948242188,-0.399,-0.875,-0.251,,0.0,0.0,0.0,,,,,0.0,0.0,30.0,1.100000000064938e-05,1.1400000005323818e-05,0.21,88.0,36.5,0
43322,SO-0602,Constable Dinesh Chaudhary,Constable,39,2026-07-22 08:16:27+00:00,86.0,84.0,,21.2070428,72.7955407,14.699996948242188,-0.307,-0.898,-0.316,,0.0,0.0,0.0,,,,,0.0,0.0,30.0,6.700000000137152e-06,5.000000001587068e-06,0.11,84.0,36.5,0
43323,SO-0602,Constable Dinesh Chaudhary,Constable,39,2026-07-22 08:16:57+00:00,86.0,88.0,,21.2070193,72.7955426,14.699996948242188,-0.307,-0.903,-0.307,,0.0,0.0,0.0,,,,,0.0,0.0,30.0,-2.3500000001064336e-05,1.900000000887303e-06,0.31,88.0,36.5,0
43324,SO-0602,Constable Dinesh Chaudhary,Constable,39,2026-07-22 08:17:27+00:00,88.0,86.0,,21.2069992,72.7955635,14.699996948242188,-0.281,-0.934,-0.245,,0.0,0.0,0.0,,,,,0.0,0.0,30.0,-2.0100000000411455e-05,2.089999999554948e-05,0.38,86.0,36.5,0
43325,SO-0602,Constable Dinesh Chaudhary,Constable,39,2026-07-22 08:17:57+00:00,82.0,84.0,,21.2070455,72.7955483,14.699996948242188,-0.303,-0.923,-0.218,,0.0,0.0,0.0,,,,,0.0,0.0,30.0,4.630000000105383e-05,-1.5200000007098424e-05,0.65,84.0,36.5,0
43326,SO-0602,Constable Dinesh Chaudhary,Constable,39,2026-07-22 08:18:27+00:00,82.0,86.0,,21.2070108,72.795549,14.699996948242188,-0.303,-0.925,-0.232,,0.0,0.0,0.0,,,,,0.0,0.0,30.0,-3.470000000049822e-05,7.000000010748408e-07,0.46,86.0,36.5,0
43327,SO-0602,Constable Dinesh Chaudhary,Constable,39,2026-07-22 08:18:57+00:00,92.0,61.0,,21.207016,72.795546,14.699996948242188,-0.335,-0.916,-0.233,,0.0,0.0,0.0,,,,,0.0,0.0,30.0,5.200000000371574e-06,-2.999999992425728e-06,0.08,61.0,36.5,2
43328,SO-0602,Constable Dinesh Chaudhary,Constable,39,2026-07-22 08:19:27+00:00,92.0,88.0,,21.2070535,72.7955455,14.699996948242188,-0.306,-0.903,-0.312,,0.0,0.0,0.0,,,,,0.0,0.0,30.0,3.750000000124487e-05,-4.999999987376214e-07,0.5,88.0,36.5,2
43329,SO-0602,Constable Dinesh Chaudhary,Constable,39,2026-07-22 08:19:57+00:00,81.0,87.0,,21.2070082,72.7955574,14.699996948242188,-0.354,-0.898,-0.279,,0.0,0.0,0.0,,,,,0.0,0.0,30.0,-4.5300000000025875e-05,1.190000000406144e-05,0.62,87.0,36.5,0
43330,SO-0602,Constable Dinesh Chaudhary,Constable,39,2026-07-22 08:20:27+00:00,81.0,86.0,,21.2069928,72.7955589,14.89999771118164,-0.332,-0.913,-0.229,,0.0,0.0,0.0,,,,,0.0,0.0,30.0,-1.5400000002330216e-05,1.499999996212864e-06,0.21,86.0,36.5,0
43331,SO-0602,Constable Dinesh Chaudhary,Constable,39,2026-07-22 08:20:57+00:00,84.0,88.0,,21.2070457,72.7955456,14.699996948242188,-0.276,-0.922,-0.271,,0.0,0.0,0.0,,,,,0.0,0.0,30.0,5.2900000000022374e-05,-1.330000000621112e-05,0.73,88.0,36.5,0
43332,SO-0602,Constable Dinesh Chaudhary,Constable,39,2026-07-22 08:21:27+00:00,98.0,88.0,,21.2070287,72.7955302,14.699996948242188,-0.378,-0.905,-0.183,,0.0,0.0,0.0,,,,,0.0,0.0,30.0,-1.699999999971169e-05,-1.539999999522479e-05,0.3,88.0,36.5,2
43333,SO-0602,Constable Dinesh Chaudhary,Constable,39,2026-07-22 08:21:57+00:00,91.0,88.0,,21.2070413,72.7955452,14.699996948242188,-0.362,-0.91,-0.191,,0.0,0.0,0.0,,,,,0.0,0.0,30.0,1.2600000001583568e-05,1.5000000004761205e-05,0.26,88.0,36.5,2
43334,SO-0602,Constable Dinesh Chaudhary,Constable,39,2026-07-22 08:22:27+00:00,91.0,79.0,,21.2070371,72.7955124,14.699996948242188,-0.601,0.762,0.417,,0.0,0.0,0.0,,,,,0.0,0.0,30.0,-4.199999999343618e-06,-3.279999999961092e-05,0.42,79.0,36.5,2
43335,SO-0602,Constable Dinesh Chaudhary,Constable,39,2026-07-22 08:22:57+00:00,100.0,88.0,,21.2070175,72.7955317,14.699996948242188,-0.854,0.461,0.207,,0.0,0.0,0.0,,,,,0.0,0.0,30.0,-1.960000000167383e-05,1.9299999991062577e-05,0.36,88.0,36.5,2
43336,SO-0602,Constable Dinesh Chaudhary,Constable,39,2026-07-22 08:23:27+00:00,91.0,83.0,,21.2070334,72.7955153,14.699996948242188,-0.86,0.472,0.155,,0.0,0.0,0.0,,,,,0.0,0.0,30.0,1.5900000001067838e-05,-1.6399999992700032e-05,0.3,83.0,36.5,2
43337,SO-0602,Constable Dinesh Chaudhary,Constable,39,2026-07-22 08:23:57+00:00,85.0,88.0,,21.2070303,72.7955161,14.699996948242188,-0.827,0.13,-0.57,,0.0,0.0,0.0,,,,,0.0,0.0,30.0,-3.1000000006997652e-06,7.999999951380232e-07,0.04,88.0,36.5,0
43338,SO-0602,Constable Dinesh Chaudhary,Constable,39,2026-07-22 08:24:27+00:00,90.0,87.0,,21.2070032,72.795549,14.699996948242188,-0.692,0.238,-0.704,,0.0,0.0,0.0,,,,,0.0,0.0,30.0,-2.7100000000501723e-05,3.28999999936741e-05,0.56,87.0,36.5,0
43339,SO-0602,Constable Dinesh Chaudhary,Constable,39,2026-07-22 08:24:57+00:00,88.0,88.0,,21.2070071,72.7955421,14.699996948242188,-0.7,0.276,-0.667,,0.0,0.0,0.0,,,,,0.0,0.0,30.0,3.899999999390502e-06,-6.8999999882635166e-06,0.1,88.0,36.5,0
43340,SO-0602,Constable Dinesh Chaudhary,Constable,39,2026-07-22 08:25:27+00:00,96.0,88.0,,21.2070051,72.7955438,14.699996948242188,-0.758,0.267,-0.622,,0.0,0.0,0.0,,,,,0.0,0.0,30.0,-1.999999998503199e-06,1.6999999985500835e-06,0.03,88.0,36.5,2
43341,SO-0602,Constable Dinesh Chaudhary,Constable,39,2026-07-22 08:25:57+00:00,82.0,88.0,,21.2070005,72.7955499,14.699996948242188,-0.776,0.233,-0.608,,0.0,0.0,0.0,,,,,0.0,0.0,30.0,-4.600000000465343e-06,6.099999993125493e-06,0.1,88.0,36.5,0
43342,SO-0602,Constable Dinesh Chaudhary,Constable,39,2026-07-22 08:26:27+00:00,95.0,88.0,,21.2069971,72.7955578,14.699996948242188,-0.88,0.306,-0.383,,0.0,0.0,0.0,,,,,0.0,0.0,30.0,-3.4000000006528808e-06,7.899999999949614e-06,0.11,88.0,36.5,2
43343,SO-0602,Constable Dinesh Chaudhary,Constable,39,2026-07-22 08:26:57+00:00,94.0,88.0,,21.2070263,72.7955202,14.699996948242188,-0.88,0.067,-0.448,,0.0,0.0,0.0,,,,,0.0,0.0,30.0,2.920000000017353e-05,-3.759999999886077e-05,0.62,88.0,36.5,2
43344,SO-0602,Constable Dinesh Chaudhary,Constable,39,2026-07-22 08:27:27+00:00,85.0,88.0,,21.207015,72.7955326,14.699996948242188,-0.863,0.481,-0.176,,0.0,0.0,0.0,,,,,0.0,0.0,30.0,-1.1300000000602496e-05,1.240000000279906e-05,0.22,88.0,36.5,0
43345,SO-0602,Constable Dinesh Chaudhary,Constable,39,2026-07-22 08:27:57+00:00,91.0,88.0,,21.2069942,72.7955583,14.699996948242188,-0.861,0.49,-0.086,,0.0,0.0,0.0,,,,,0.0,0.0,30.0,-2.0799999997933583e-05,2.5699999994799327e-05,0.43,88.0,36.5,2
43346,SO-0602,Constable Dinesh Chaudhary,Constable,39,2026-07-22 08:28:27+00:00,89.0,87.0,,21.2070227,72.7955245,14.699996948242188,-0.85,0.502,-0.131,,0.0,0.0,0.0,,,,,0.0,0.0,30.0,2.849999999909869e-05,-3.379999999708616e-05,0.58,87.0,36.5,0
43347,SO-0602,Constable Dinesh Chaudhary,Constable,39,2026-07-22 08:28:57+00:00,81.0,86.0,,21.2070238,72.7955225,14.699996948242188,-0.858,0.493,-0.131,,0.0,0.0,0.0,,,,,0.0,0.0,30.0,1.100000002196566e-06,-1.9999999949504854e-06,0.03,86.0,36.5,0
43348,SO-0602,Constable Dinesh Chaudhary,Constable,39,2026-07-22 08:29:27+00:00,88.0,88.0,,21.2070328,72.7955149,14.699996948242188,-0.829,0.496,-0.269,,0.0,0.0,0.0,,,,,0.0,0.0,30.0,8.999999998593466e-06,-7.600000003549212e-06,0.15,88.0,36.5,0
43349,SO-0602,Constable Dinesh Chaudhary,Constable,39,2026-07-22 08:29:57+00:00,83.0,88.0,,21.2069923,72.7955585,14.699996948242188,-0.808,0.521,-0.278,,0.0,0.0,0.0,,,,,0.0,0.0,30.0,-4.0500000000776026e-05,4.359999999792308e-05,0.78,88.0,36.5,0
43350,SO-0602,Constable Dinesh Chaudhary,Constable,39,2026-07-22 08:30:27+00:00,83.0,88.0,,21.2069956,72.7955553,14.699996948242188,-0.822,0.455,-0.347,,0.0,0.0,0.0,,,,,0.0,0.0,30.0,3.299999999484271e-06,-3.1999999947629476e-06,0.06,88.0,36.5,0
43351,SO-0602,Constable Dinesh Chaudhary,Constable,39,2026-07-22 08:30:57+00:00,83.0,88.0,,21.2070308,72.7955161,14.699996948242188,-0.789,0.526,-0.302,,0.0,0.0,0.0,,,,,0.0,0.0,30.0,3.519999999923584e-05,-3.920000000334767e-05,0.69,88.0,36.5,0
43352,SO-0602,Constable Dinesh Chaudhary,Constable,39,2026-07-22 08:31:27+00:00,83.0,83.0,,21.2070268,72.7955189,14.699996948242188,-0.695,0.613,-0.397,,0.0,0.0,0.0,,,,,0.0,0.0,30.0,-3.999999997006398e-06,2.8000000042993634e-06,0.06,83.0,36.5,0
43353,SO-0602,Constable Dinesh Chaudhary,Constable,39,2026-07-22 08:31:57+00:00,95.0,59.0,,21.2069945,72.795551,14.699996948242188,-1.092,0.484,-0.867,,0.0,0.0,0.0,,,,,0.0,0.0,30.0,-3.23000000008733e-05,3.209999999853608e-05,0.6,59.0,36.5,2
43354,SO-0602,Constable Dinesh Chaudhary,Constable,39,2026-07-22 08:32:27+00:00,83.0,87.0,,21.2069938,72.7955579,14.699996948242188,-0.573,-0.801,-0.209,,0.0,0.0,0.0,,,,,0.0,0.0,30.0,-7.000000010748408e-07,6.900000002474371e-06,0.09,87.0,36.5,0
43355,SO-0602,Constable Dinesh Chaudhary,Constable,39,2026-07-22 08:32:57+00:00,87.0,79.0,,21.2069997,72.7955522,14.699996948242188,-0.224,1.027,0.049,,0.0,0.0,0.0,,,,,0.0,0.0,30.0,5.900000001446415e-06,-5.700000002661909e-06,0.11,79.0,36.5,0
43356,SO-0602,Constable Dinesh Chaudhary,Constable,39,2026-07-22 08:33:27+00:00,83.0,71.0,,21.2070746,72.7955565,14.699996948242188,-0.795,0.77,0.973,,0.0,0.0,0.0,,,,,0.0,0.0,30.0,7.489999999776842e-05,4.300000000512227e-06,1.0,71.0,36.5,0
43357,SO-0602,Constable Dinesh Chaudhary,Constable,39,2026-07-22 08:33:57+00:00,93.0,79.0,,21.2070285,72.7955237,14.699996948242188,-0.121,-0.922,-0.38,,0.0,0.0,0.0,,,,,0.0,0.0,30.0,-4.609999999871661e-05,-3.279999999961092e-05,0.74,79.0,36.5,2
43358,SO-0602,Constable Dinesh Chaudhary,Constable,39,2026-07-22 08:34:27+00:00,93.0,88.0,,21.2070433,72.7955184,14.699996948242188,-0.108,-0.92,-0.399,,0.0,0.0,0.0,,,,,0.0,0.0,30.0,1.4799999998871272e-05,-5.29999999798747e-06,0.21,88.0,36.5,2
43359,SO-0602,Constable Dinesh Chaudhary,Constable,39,2026-07-22 08:34:57+00:00,86.0,84.0,,21.2070181,72.7955429,14.699996948242188,-0.316,-0.939,-0.146,,0.0,0.0,0.0,,,,,0.0,0.0,30.0,-2.519999999961442e-05,2.4499999994986865e-05,0.46,84.0,36.5,0
43360,SO-0602,Constable Dinesh Chaudhary,Constable,39,2026-07-22 08:35:27+00:00,90.0,88.0,,21.2069885,72.795559,14.699996948242188,-0.225,-0.963,-0.152,,0.0,0.0,0.0,,,,,0.0,0.0,30.0,-2.9599999997742543e-05,1.609999999629963e-05,0.45,88.0,36.5,0
43361,SO-0602,Constable Dinesh Chaudhary,Constable,39,2026-07-22 08:35:57+00:00,84.0,81.0,,21.2070651,72.7955918,14.699996948242188,-0.235,-0.966,-0.106,,0.0,0.0,0.0,,,,,0.0,0.0,30.0,7.659999999987122e-05,3.279999999961092e-05,1.1,81.0,36.5,0
43362,SO-0602,Constable Dinesh Chaudhary,Constable,39,2026-07-22 08:36:27+00:00,89.0,86.0,,21.2069959,72.7955652,14.699996948242188,-0.218,-0.973,-0.023,,0.0,0.0,0.0,,,,,0.0,0.0,30.0,-6.920000000221194e-05,-2.6599999998211388e-05,0.98,86.0,36.5,0
43363,SO-0602,Constable Dinesh Chaudhary,Constable,39,2026-07-22 08:36:58+00:00,85.0,67.0,,21.2069954,72.7955666,14.699996948242188,-0.193,-0.973,-0.028,,0.0,0.0,0.0,,,,,0.0,0.0,31.0,-4.999999987376214e-07,1.4000000021496817e-06,0.02,67.0,36.5,0
43364,SO-0602,Constable Dinesh Chaudhary,Constable,39,2026-07-22 08:37:27+00:00,86.0,84.0,,21.2070739,72.7955929,14.699996948242188,-0.155,-0.979,-0.025,,0.0,0.0,0.0,,,,,0.0,0.0,29.0,7.850000000075852e-05,2.6300000001810982e-05,1.14,84.0,36.5,0
43365,SO-0602,Constable Dinesh Chaudhary,Constable,39,2026-07-22 08:37:57+00:00,91.0,86.0,,21.2070225,72.7955798,15.099998474121094,-0.625,-0.702,0.292,,0.0,0.0,0.0,,,,,0.0,0.0,30.0,-5.14000000002568e-05,-1.3100000003873902e-05,0.7,86.0,36.5,2
43366,SO-0602,Constable Dinesh Chaudhary,Constable,39,2026-07-22 08:38:27+00:00,87.0,88.0,,21.20702,72.7955744,14.699996948242188,-0.212,-0.944,0.196,,0.0,0.0,0.0,,,,,0.0,0.0,30.0,-2.500000000793534e-06,-5.3999999920506525e-06,0.08,88.0,36.5,0
43367,SO-0602,Constable Dinesh Chaudhary,Constable,39,2026-07-22 08:38:57+00:00,100.0,88.0,,21.2069886,72.7955662,14.699996948242188,-0.043,-0.992,0.042,,0.0,0.0,0.0,,,,,0.0,0.0,30.0,-3.140000000101395e-05,-8.20000001056087e-06,0.43,88.0,36.5,2
43368,SO-0602,Constable Dinesh Chaudhary,Constable,39,2026-07-22 08:39:27+00:00,88.0,87.0,,21.2069854,72.7955625,14.699996948242188,0.003,-0.989,0.06,,0.0,0.0,0.0,,,,,0.0,0.0,30.0,-3.1999999983156613e-06,-3.699999993500569e-06,0.06,87.0,36.5,0
43369,SO-0602,Constable Dinesh Chaudhary,Constable,39,2026-07-22 08:39:57+00:00,96.0,83.0,,21.2070776,72.7955933,14.89999771118164,-0.039,-0.992,-0.05,,0.0,0.0,0.0,,,,,0.0,0.0,30.0,9.220000000098594e-05,3.079999999044958e-05,1.29,83.0,36.5,2
43370,SO-0602,Constable Dinesh Chaudhary,Constable,39,2026-07-22 08:40:27+00:00,91.0,61.0,,21.2069967,72.7955613,14.699996948242188,-0.023,-0.987,0.018,,0.0,0.0,0.0,,,,,0.0,0.0,30.0,-8.090000000038344e-05,-3.199999999026204e-05,1.15,61.0,36.5,2
43371,SO-0602,Constable Dinesh Chaudhary,Constable,39,2026-07-22 08:40:57+00:00,90.0,87.0,,21.2069939,72.7955617,14.699996948242188,-0.058,-0.987,-0.028,,0.0,0.0,0.0,,,,,0.0,0.0,30.0,-2.8000000007466497e-06,3.9999999046358425e-07,0.04,87.0,36.5,0
43372,SO-0602,Constable Dinesh Chaudhary,Constable,39,2026-07-22 08:41:27+00:00,97.0,88.0,,21.2069872,72.7955626,14.699996948242188,-0.039,-0.994,-0.072,,0.0,0.0,0.0,,,,,0.0,0.0,30.0,-6.700000000137152e-06,9.000000034120603e-07,0.09,88.0,36.5,2
43373,SO-0602,Constable Dinesh Chaudhary,Constable,39,2026-07-22 08:41:57+00:00,99.0,87.0,,21.2069866,72.7955623,14.699996948242188,-0.062,-0.991,-0.062,,0.0,0.0,0.0,,,,,0.0,0.0,30.0,-5.999999999062311e-07,-2.999999964004019e-07,0.01,87.0,36.5,2
43374,SO-0602,Constable Dinesh Chaudhary,Constable,39,2026-07-22 08:42:27+00:00,88.0,83.0,,21.2069872,72.7955626,14.699996948242188,-0.051,-0.991,-0.031,,0.0,0.0,0.0,,,,,0.0,0.0,30.0,5.999999999062311e-07,2.999999964004019e-07,0.01,83.0,36.5,0
43375,SO-0602,Constable Dinesh Chaudhary,Constable,39,2026-07-22 08:42:57+00:00,92.0,88.0,,21.2070805,72.7955982,14.699996948242188,-0.086,-0.993,-0.05,,0.0,0.0,0.0,,,,,0.0,0.0,30.0,9.32999999996298e-05,3.560000000391028e-05,1.32,88.0,36.5,2
43376,SO-0602,Constable Dinesh Chaudhary,Constable,39,2026-07-22 08:43:27+00:00,90.0,73.0,,21.2070313,72.7955748,14.699996948242188,-0.062,-0.991,-0.032,,0.0,0.0,0.0,,,,,0.0,0.0,30.0,-4.919999999941638e-05,-2.340000000344844e-05,0.72,73.0,36.5,0
43377,SO-0602,Constable Dinesh Chaudhary,Constable,39,2026-07-22 08:43:57+00:00,88.0,88.0,,21.2069924,72.7955604,14.699996948242188,-0.031,-0.992,-0.083,,0.0,0.0,0.0,,,,,0.0,0.0,30.0,-3.889999999984184e-05,-1.4399999997749546e-05,0.55,88.0,36.5,0
43378,SO-0602,Constable Dinesh Chaudhary,Constable,39,2026-07-22 08:44:27+00:00,89.0,86.0,,21.2070682,72.795607,14.699996948242188,-0.073,-0.986,-0.065,,0.0,0.0,0.0,,,,,0.0,0.0,30.0,7.579999999762776e-05,4.660000000455966e-05,1.17,86.0,36.5,0
43379,SO-0602,Constable Dinesh Chaudhary,Constable,39,2026-07-22 08:44:57+00:00,84.0,65.0,,21.2069914,72.7955585,14.699996948242188,-0.078,-0.993,-0.02,,0.0,0.0,0.0,,,,,0.0,0.0,30.0,-7.679999999865572e-05,-4.850000000544696e-05,1.2,65.0,36.5,0
43380,SO-0602,Constable Dinesh Chaudhary,Constable,39,2026-07-22 08:45:27+00:00,95.0,88.0,,21.2070486,72.7955757,14.699996948242188,-0.064,-0.994,-0.016,,0.0,0.0,0.0,,,,,0.0,0.0,30.0,5.72000000005346e-05,1.720000000204891e-05,0.79,88.0,36.5,2
43381,SO-0602,Constable Dinesh Chaudhary,Constable,39,2026-07-22 08:45:57+00:00,92.0,83.0,,21.2069911,72.7955616,14.699996948242188,-0.065,-1.0,-0.036,,0.0,0.0,0.0,,,,,0.0,0.0,30.0,-5.750000000048772e-05,-1.4100000001349144e-05,0.79,83.0,36.5,2
43382,SO-0602,Constable Dinesh Chaudhary,Constable,39,2026-07-22 08:46:27+00:00,98.0,87.0,,21.2070023,72.7955679,14.699996948242188,-0.074,-0.996,-0.011,,0.0,0.0,0.0,,,,,0.0,0.0,30.0,1.1199999999433883e-05,6.299999995462713e-06,0.17,87.0,36.5,2
43383,SO-0602,Constable Dinesh Chaudhary,Constable,39,2026-07-22 08:46:57+00:00,99.0,87.0,,21.2069942,72.7955592,14.699996948242188,-0.067,-0.992,-0.015,,0.0,0.0,0.0,,,,,0.0,0.0,30.0,-8.09999999873412e-06,-8.699999995087637e-06,0.16,87.0,36.5,2
43384,SO-0602,Constable Dinesh Chaudhary,Constable,39,2026-07-22 08:47:27+00:00,100.0,88.0,,21.2069851,72.7955612,14.699996948242188,-0.035,-0.99,-0.066,,0.0,0.0,0.0,,,,,0.0,0.0,30.0,-9.099999999762076e-06,1.9999999949504854e-06,0.12,88.0,36.5,2
43385,SO-0602,Constable Dinesh Chaudhary,Constable,39,2026-07-22 08:47:57+00:00,95.0,83.0,,21.2069862,72.7955608,14.699996948242188,-0.041,-0.995,-0.001,,0.0,0.0,0.0,,,,,0.0,0.0,30.0,1.0999999986438525e-06,-3.9999999046358425e-07,0.02,83.0,36.5,2
43386,SO-0602,Constable Dinesh Chaudhary,Constable,39,2026-07-22 08:48:27+00:00,90.0,67.0,,21.2069925,72.7955627,14.699996948242188,-0.05,-0.987,-0.007,,0.0,0.0,0.0,,,,,0.0,0.0,30.0,6.2999999990154265e-06,1.900000000887303e-06,0.09,67.0,36.5,0
43387,SO-0602,Constable Dinesh Chaudhary,Constable,39,2026-07-22 08:48:57+00:00,97.0,71.0,,21.2069907,72.7955638,14.699996948242188,-0.084,-0.99,0.022,,0.0,0.0,0.0,,,,,0.0,0.0,30.0,-1.7999999997186933e-06,1.099999991538425e-06,0.03,71.0,36.5,2
43388,SO-0602,Constable Dinesh Chaudhary,Constable,39,2026-07-22 08:49:27+00:00,96.0,87.0,,21.2069891,72.7955631,14.699996948242188,-0.064,-0.995,-0.044,,0.0,0.0,0.0,,,,,0.0,0.0,30.0,-1.5999999973814738e-06,-7.000000010748408e-07,0.02,87.0,36.5,2
43389,SO-0602,Constable Dinesh Chaudhary,Constable,39,2026-07-22 08:49:57+00:00,87.0,88.0,,21.2069866,72.7955613,14.699996948242188,-0.064,-0.994,-0.012,,0.0,0.0,0.0,,,,,0.0,0.0,30.0,-2.500000000793534e-06,-1.799999992613266e-06,0.04,88.0,36.5,0
43390,SO-0602,Constable Dinesh Chaudhary,Constable,39,2026-07-22 08:50:27+00:00,97.0,88.0,,21.2069855,72.7955618,14.699996948242188,-0.059,-0.992,-0.001,,0.0,0.0,0.0,,,,,0.0,0.0,30.0,-1.100000002196566e-06,4.999999987376214e-07,0.02,88.0,36.5,2
43391,SO-0602,Constable Dinesh Chaudhary,Constable,39,2026-07-22 08:50:57+00:00,96.0,85.0,,21.2069891,72.7955636,14.699996948242188,-0.067,-0.989,-0.003,,0.0,0.0,0.0,,,,,0.0,0.0,30.0,3.6000000029901003e-06,1.799999992613266e-06,0.05,85.0,36.5,2
43392,SO-0602,Constable Dinesh Chaudhary,Constable,39,2026-07-22 08:51:27+00:00,91.0,88.0,,21.2070836,72.7955843,14.699996948242188,-0.095,-0.988,-0.038,,0.0,0.0,0.0,,,,,0.0,0.0,30.0,9.449999999944224e-05,2.070000000742311e-05,1.29,88.0,36.5,2
43393,SO-0602,Constable Dinesh Chaudhary,Constable,39,2026-07-22 08:51:57+00:00,94.0,75.0,,21.2069986,72.7955643,14.699996948242188,-0.066,-0.978,-0.048,,0.0,0.0,0.0,,,,,0.0,0.0,30.0,-8.500000000211116e-05,-2.0000000006348273e-05,1.16,75.0,36.5,2
43394,SO-0602,Constable Dinesh Chaudhary,Constable,39,2026-07-22 08:52:27+00:00,91.0,88.0,,21.2070063,72.7955675,14.699996948242188,-0.063,-0.993,-0.039,,0.0,0.0,0.0,,,,,0.0,0.0,30.0,7.700000001165108e-06,3.2000000089738023e-06,0.11,88.0,36.5,2
43395,SO-0602,Constable Dinesh Chaudhary,Constable,39,2026-07-22 08:52:55+00:00,96.0,88.0,,21.2069855,72.7955627,14.699996948242188,-0.026,-0.995,-0.029,,0.0,0.0,0.0,,,,,0.0,0.0,28.0,-2.0800000001486296e-05,-4.799999999249849e-06,0.3,88.0,36.5,2
43396,SO-0602,Constable Dinesh Chaudhary,Constable,39,2026-07-22 08:53:27+00:00,100.0,86.0,,21.206999,72.7955662,14.699996948242188,-0.045,-0.994,-0.025,,0.0,0.0,0.0,,,,,0.0,0.0,32.0,1.3500000001442912e-05,3.4999999911633495e-06,0.17,86.0,36.5,2
43397,SO-0602,Constable Dinesh Chaudhary,Constable,39,2026-07-22 08:53:57+00:00,100.0,87.0,,21.2069927,72.7955619,14.699996948242188,-0.052,-0.993,-0.008,,0.0,0.0,0.0,,,,,0.0,0.0,30.0,-6.2999999990154265e-06,-4.300000000512227e-06,0.1,87.0,36.5,2
43398,SO-0602,Constable Dinesh Chaudhary,Constable,39,2026-07-22 08:54:27+00:00,89.0,82.0,,21.2070449,72.7955836,14.89999771118164,-0.023,-0.993,0.021,,0.0,0.0,0.0,,,,,0.0,0.0,30.0,5.219999999894753e-05,2.1700000004898357e-05,0.75,82.0,36.5,0
43399,SO-0602,Constable Dinesh Chaudhary,Constable,39,2026-07-22 08:54:57+00:00,85.0,88.0,,21.2069936,72.7955607,14.699996948242188,0.017,-0.996,-0.047,,0.0,0.0,0.0,,,,,0.0,0.0,30.0,-5.1299999999088186e-05,-2.290000000471082e-05,0.74,88.0,36.5,0
43400,SO-0602,Constable Dinesh Chaudhary,Constable,39,2026-07-22 08:55:27+00:00,92.0,88.0,,21.2069995,72.795557,14.89999771118164,-0.025,-0.996,-0.045,,0.0,0.0,0.0,,,,,0.0,0.0,30.0,5.899999997893701e-06,-3.699999993500569e-06,0.09,88.0,36.5,2
43401,SO-0602,Constable Dinesh Chaudhary,Constable,39,2026-07-22 08:55:57+00:00,92.0,82.0,,21.2069969,72.7955669,14.699996948242188,-0.011,-0.994,0.019,,0.0,0.0,0.0,,,,,0.0,0.0,30.0,-2.59999999840943e-06,9.8999999949001e-06,0.13,82.0,36.5,2
43402,SO-0602,Constable Dinesh Chaudhary,Constable,39,2026-07-22 08:56:27+00:00,94.0,87.0,,21.2069911,72.7955633,14.699996948242188,-0.021,-0.993,0.01,,0.0,0.0,0.0,,,,,0.0,0.0,30.0,-5.800000000277805e-06,-3.5999999994373866e-06,0.09,87.0,36.5,2
43403,SO-0602,Constable Dinesh Chaudhary,Constable,39,2026-07-22 08:56:57+00:00,83.0,88.0,,21.2069899,72.795562,14.699996948242188,-0.036,-0.995,0.019,,0.0,0.0,0.0,,,,,0.0,0.0,30.0,-1.1999999998124622e-06,-1.2999999938756446e-06,0.02,88.0,36.5,0
43404,SO-0602,Constable Dinesh Chaudhary,Constable,39,2026-07-22 08:57:27+00:00,89.0,88.0,,21.2069879,72.7955665,14.699996948242188,0.005,-0.995,-0.1,,0.0,0.0,0.0,,,,,0.0,0.0,30.0,-1.999999998503199e-06,4.500000002849447e-06,0.06,88.0,36.5,0
43405,SO-0602,Constable Dinesh Chaudhary,Constable,39,2026-07-22 08:57:57+00:00,84.0,77.0,,21.2069926,72.7955646,14.89999771118164,-0.034,-0.988,-0.131,,0.0,0.0,0.0,,,,,0.0,0.0,30.0,4.699999998081239e-06,-1.900000000887303e-06,0.07,77.0,36.5,0
43406,SO-0602,Constable Dinesh Chaudhary,Constable,39,2026-07-22 08:58:27+00:00,97.0,86.0,,21.2070032,72.7955673,14.699996948242188,-0.044,-0.995,-0.054,,0.0,0.0,0.0,,,,,0.0,0.0,30.0,1.0599999999527654e-05,2.6999999960253263e-06,0.15,86.0,36.5,2
43407,SO-0602,Constable Dinesh Chaudhary,Constable,39,2026-07-22 08:58:57+00:00,100.0,79.0,,21.2069933,72.7955594,14.699996948242188,-0.036,-0.992,-0.011,,0.0,0.0,0.0,,,,,0.0,0.0,30.0,-9.899999998452811e-06,-7.899999999949614e-06,0.17,79.0,36.5,2
43408,SO-0602,Constable Dinesh Chaudhary,Constable,39,2026-07-22 08:59:27+00:00,85.0,88.0,,21.2069927,72.7955577,14.699996948242188,-0.018,-0.997,-0.005,,0.0,0.0,0.0,,,,,0.0,0.0,30.0,-5.999999999062311e-07,-1.6999999985500835e-06,0.02,88.0,36.5,0
43409,SO-0602,Constable Dinesh Chaudhary,Constable,39,2026-07-22 08:59:57+00:00,88.0,82.0,,21.2070604,72.7955947,14.699996948242188,-0.01,-0.99,0.016,,0.0,0.0,0.0,,,,,0.0,0.0,30.0,6.769999999889365e-05,3.699999999184911e-05,1.02,82.0,36.5,0
43410,SO-0602,Constable Dinesh Chaudhary,Constable,39,2026-07-22 09:00:27+00:00,93.0,87.0,,21.2069882,72.7955636,14.699996948242188,-0.024,-0.992,0.051,,0.0,0.0,0.0,,,,,0.0,0.0,30.0,-7.219999999819038e-05,-3.1100000001060835e-05,1.04,87.0,36.5,2
43411,SO-0602,Constable Dinesh Chaudhary,Constable,39,2026-07-22 09:00:57+00:00,93.0,88.0,,21.2070113,72.7955718,14.89999771118164,-0.089,-0.992,-0.063,,0.0,0.0,0.0,,,,,0.0,0.0,30.0,2.309999999994261e-05,8.20000001056087e-06,0.33,88.0,36.5,2
43412,SO-0602,Constable Dinesh Chaudhary,Constable,39,2026-07-22 09:01:27+00:00,99.0,88.0,,21.2069884,72.7955635,14.699996948242188,0.016,-0.991,-0.001,,0.0,0.0,0.0,,,,,0.0,0.0,30.0,-2.2900000001158105e-05,-8.300000004624053e-06,0.32,88.0,36.5,2
43413,SO-0602,Constable Dinesh Chaudhary,Constable,39,2026-07-22 09:01:57+00:00,92.0,88.0,,21.2069868,72.7955625,14.699996948242188,-0.062,-0.987,0.042,,0.0,0.0,0.0,,,,,0.0,0.0,30.0,-1.6000000009341877e-06,-9.999999974752427e-07,0.02,88.0,36.5,2
43414,SO-0602,Constable Dinesh Chaudhary,Constable,39,2026-07-22 09:02:27+00:00,89.0,87.0,,21.2069935,72.7955614,14.699996948242188,-0.085,-0.988,0.081,,0.0,0.0,0.0,,,,,0.0,0.0,30.0,6.700000000137152e-06,-1.1000000057492798e-06,0.09,87.0,36.5,0
43415,SO-0602,Constable Dinesh Chaudhary,Constable,39,2026-07-22 09:02:55+00:00,98.0,80.0,,21.2069865,72.7955613,14.699996948242188,-0.047,-0.997,0.02,,0.0,0.0,0.0,,,,,0.0,0.0,28.0,-7.000000000090267e-06,-9.999999406318238e-08,0.1,80.0,36.5,2
43416,SO-0602,Constable Dinesh Chaudhary,Constable,39,2026-07-22 09:03:27+00:00,83.0,86.0,,21.2069838,72.7955621,14.699996948242188,-0.064,-0.985,0.064,,0.0,0.0,0.0,,,,,0.0,0.0,32.0,-2.69999999957804e-06,7.999999951380232e-07,0.04,86.0,36.5,0
43417,SO-0602,Constable Dinesh Chaudhary,Constable,39,2026-07-22 09:03:57+00:00,100.0,88.0,,21.207076,72.7956026,14.89999771118164,-0.063,-0.989,-0.039,,0.0,0.0,0.0,,,,,0.0,0.0,30.0,9.220000000098594e-05,4.049999999722331e-05,1.33,88.0,36.5,2
43418,SO-0602,Constable Dinesh Chaudhary,Constable,39,2026-07-22 09:04:27+00:00,100.0,85.0,,21.2069864,72.795562,14.699996948242188,-0.116,-0.992,-0.065,,0.0,0.0,0.0,,,,,0.0,0.0,30.0,-8.95999999990238e-05,-4.0599999991286495e-05,1.3,85.0,36.5,2
43419,SO-0602,Constable Dinesh Chaudhary,Constable,39,2026-07-22 09:04:57+00:00,93.0,84.0,,21.2069852,72.7955616,14.699996948242188,-0.031,-0.997,-0.051,,0.0,0.0,0.0,,,,,0.0,0.0,30.0,-1.200000003365176e-06,-4.0000000467443897e-07,0.02,84.0,36.5,2
43420,SO-0602,Constable Dinesh Chaudhary,Constable,39,2026-07-22 09:05:27+00:00,100.0,87.0,,21.2069978,72.7955618,14.699996948242188,-0.03,-0.992,-0.1,,0.0,0.0,0.0,,,,,0.0,0.0,30.0,1.2600000001583568e-05,2.0000000233721948e-07,0.17,87.0,36.5,2
43421,SO-0602,Constable Dinesh Chaudhary,Constable,39,2026-07-22 09:05:57+00:00,98.0,87.0,,21.2070017,72.7955618,14.89999771118164,-0.113,-0.98,-0.146,,0.0,0.0,0.0,,,,,0.0,0.0,30.0,3.899999999390502e-06,0.0,0.05,87.0,36.5,2
43422,SO-0602,Constable Dinesh Chaudhary,Constable,39,2026-07-22 09:06:27+00:00,94.0,64.0,,21.2069985,72.7955644,14.699996948242188,-0.132,-0.978,-0.16,,0.0,0.0,0.0,,,,,0.0,0.0,30.0,-3.1999999983156613e-06,2.600000001962144e-06,0.05,64.0,36.5,2
43423,SO-0602,Constable Dinesh Chaudhary,Constable,39,2026-07-22 09:06:57+00:00,99.0,85.0,,21.206993,72.7955604,14.89999771118164,-0.129,-0.975,-0.194,,0.0,0.0,0.0,,,,,0.0,0.0,30.0,-5.50000000032469e-06,-4.0000000041118255e-06,0.09,85.0,36.5,2
43424,SO-0602,Constable Dinesh Chaudhary,Constable,39,2026-07-22 09:07:27+00:00,97.0,87.0,,21.2069927,72.7955661,14.699996948242188,-0.109,-0.987,-0.006,,0.0,0.0,0.0,,,,,0.0,0.0,30.0,-2.999999999531156e-07,5.700000002661909e-06,0.07,87.0,36.5,2
43425,SO-0602,Constable Dinesh Chaudhary,Constable,39,2026-07-22 09:07:57+00:00,94.0,88.0,,21.2069925,72.7955635,14.699996948242188,-0.082,-0.989,0.047,,0.0,0.0,0.0,,,,,0.0,0.0,30.0,-2.0000000233721948e-07,-2.600000001962144e-06,0.03,88.0,36.5,2
43426,SO-0602,Constable Dinesh Chaudhary,Constable,39,2026-07-22 09:08:27+00:00,89.0,88.0,,21.2069923,72.7955664,14.699996948242188,-0.028,-0.992,-0.092,,0.0,0.0,0.0,,,,,0.0,0.0,30.0,-1.999999987845058e-07,2.8999999983625457e-06,0.04,88.0,36.5,0
43427,SO-0602,Constable Dinesh Chaudhary,Constable,39,2026-07-22 09:08:57+00:00,84.0,88.0,,21.2069855,72.7955618,14.699996948242188,-0.055,-0.99,-0.023,,0.0,0.0,0.0,,,,,0.0,0.0,30.0,-6.8000000013057615e-06,-4.599999996912629e-06,0.11,88.0,36.5,0
43428,SO-0602,Constable Dinesh Chaudhary,Constable,39,2026-07-22 09:09:27+00:00,84.0,80.0,,21.206986,72.7955611,14.699996948242188,-0.037,-0.986,-0.006,,0.0,0.0,0.0,,,,,0.0,0.0,30.0,5.00000002290335e-07,-7.000000010748408e-07,0.01,80.0,36.5,0
43429,SO-0602,Constable Dinesh Chaudhary,Constable,39,2026-07-22 09:09:57+00:00,84.0,88.0,,21.2069871,72.7955616,14.699996948242188,-0.034,-0.99,-0.011,,0.0,0.0,0.0,,,,,0.0,0.0,30.0,1.0999999986438525e-06,4.999999987376214e-07,0.02,88.0,36.5,0
43430,SO-0602,Constable Dinesh Chaudhary,Constable,39,2026-07-22 09:10:27+00:00,89.0,88.0,,21.2069881,72.7955669,14.699996948242188,-0.144,-0.983,-0.043,,0.0,0.0,0.0,,,,,0.0,0.0,30.0,1.0000000010279564e-06,5.29999999798747e-06,0.07,88.0,36.5,0
43431,SO-0602,Constable Dinesh Chaudhary,Constable,39,2026-07-22 09:10:57+00:00,100.0,87.0,,21.2069872,72.7955616,14.699996948242188,-0.128,-0.987,0.001,,0.0,0.0,0.0,,,,,0.0,0.0,30.0,-8.999999998593466e-07,-5.29999999798747e-06,0.07,87.0,36.5,2
43432,SO-0602,Constable Dinesh Chaudhary,Constable,39,2026-07-22 09:11:27+00:00,100.0,87.0,,21.206986,72.79556,14.699996948242188,-0.105,-0.989,-0.084,,0.0,0.0,0.0,,,,,0.0,0.0,30.0,-1.1999999998124622e-06,-1.6000000044869012e-06,0.03,87.0,36.5,2
43433,SO-0602,Constable Dinesh Chaudhary,Constable,39,2026-07-22 09:11:58+00:00,98.0,80.0,,21.2070043,72.7955669,15.099998474121094,-0.59,-0.68,0.384,,0.0,0.0,0.0,,,,,0.0,0.0,31.0,1.830000000069276e-05,6.900000002474371e-06,0.25,80.0,36.5,2
43434,SO-0602,Constable Dinesh Chaudhary,Constable,39,2026-07-22 09:12:27+00:00,100.0,88.0,,21.2070111,72.7955704,14.699996948242188,0.081,-0.967,-0.247,,0.0,0.0,0.0,,,,,0.0,0.0,29.0,6.799999997753048e-06,3.500000005374204e-06,0.1,88.0,36.5,2
43435,SO-0602,Constable Dinesh Chaudhary,Constable,39,2026-07-22 09:12:57+00:00,84.0,81.0,,21.2069842,72.795565,15.099998474121094,0.75,0.618,-0.178,,0.0,0.0,0.0,,,,,0.0,0.0,30.0,-2.6899999998164503e-05,-5.400000006261507e-06,0.36,81.0,36.5,0
43436,SO-0602,Constable Dinesh Chaudhary,Constable,39,2026-07-22 09:13:28+00:00,93.0,86.0,,21.2069901,72.7955591,14.699996948242188,-0.414,0.123,0.864,,0.0,0.0,0.0,,,,,0.0,0.0,31.0,5.899999997893701e-06,-5.899999990788274e-06,0.11,86.0,36.5,2
43437,SO-0602,Constable Dinesh Chaudhary,Constable,39,2026-07-22 09:13:57+00:00,84.0,84.0,,21.2069897,72.795562,14.89999771118164,-0.257,0.145,0.896,,0.0,0.0,0.0,,,,,0.0,0.0,29.0,-3.999999975690116e-07,2.8999999983625457e-06,0.04,84.0,36.5,0
43438,SO-0602,Constable Dinesh Chaudhary,Constable,39,2026-07-22 09:14:27+00:00,87.0,86.0,,21.2069918,72.7955607,14.89999771118164,0.627,0.556,0.819,,0.0,0.0,0.0,,,,,0.0,0.0,30.0,2.099999999671809e-06,-1.3000000080864993e-06,0.03,86.0,36.5,0
43439,SO-0602,Constable Dinesh Chaudhary,Constable,39,2026-07-22 09:14:57+00:00,88.0,88.0,,21.2069986,72.7955695,15.099998474121094,-0.806,0.657,0.057,,0.0,0.0,0.0,,,,,0.0,0.0,30.0,6.799999997753048e-06,8.800000003361674e-06,0.14,88.0,36.5,0
43440,SO-0602,Constable Dinesh Chaudhary,Constable,39,2026-07-22 09:15:27+00:00,83.0,88.0,,21.2070332,72.7955795,14.699996948242188,-0.082,-0.992,-0.007,,0.0,0.0,0.0,,,,,0.0,0.0,30.0,3.4600000002882325e-05,1.0000000003174137e-05,0.48,88.0,36.5,0
43441,SO-0602,Constable Dinesh Chaudhary,Constable,39,2026-07-22 09:15:57+00:00,83.0,87.0,,21.206996,72.7955679,14.699996948242188,-0.154,-0.964,0.158,,0.0,0.0,0.0,,,,,0.0,0.0,30.0,-3.7200000001291755e-05,-1.1600000007661038e-05,0.52,87.0,36.5,0
43442,SO-0602,Constable Dinesh Chaudhary,Constable,39,2026-07-22 09:16:27+00:00,85.0,88.0,,21.206994,72.7955603,14.699996948242188,-0.303,-0.937,-0.111,,0.0,0.0,0.0,,,,,0.0,0.0,30.0,-1.999999998503199e-06,-7.599999989338357e-06,0.1,88.0,36.5,0
43443,SO-0602,Constable Dinesh Chaudhary,Constable,39,2026-07-22 09:16:57+00:00,85.0,88.0,,21.2070169,72.7955702,14.699996948242188,-0.294,-0.944,-0.144,,0.0,0.0,0.0,,,,,0.0,0.0,30.0,2.289999999760539e-05,9.8999999949001e-06,0.33,88.0,36.5,0
43444,SO-0602,Constable Dinesh Chaudhary,Constable,39,2026-07-22 09:17:27+00:00,89.0,88.0,,21.2070576,72.7955852,15.099998474121094,-0.051,-0.984,-0.179,,0.0,0.0,0.0,,,,,0.0,0.0,30.0,4.069999999956053e-05,1.5000000004761205e-05,0.58,88.0,36.5,0
43445,SO-0602,Constable Dinesh Chaudhary,Constable,39,2026-07-22 09:17:57+00:00,84.0,88.0,,21.2069932,72.7955677,14.699996948242188,-0.24,-0.957,-0.161,,0.0,0.0,0.0,,,,,0.0,0.0,30.0,-6.439999999940937e-05,-1.749999999844931e-05,0.89,88.0,36.5,0
43446,SO-0602,Constable Dinesh Chaudhary,Constable,39,2026-07-22 09:18:27+00:00,84.0,88.0,,21.2070307,72.7955783,15.099998474121094,-0.311,-0.944,-0.046,,0.0,0.0,0.0,,,,,0.0,0.0,30.0,3.750000000124487e-05,1.059999999597494e-05,0.52,88.0,36.5,0
43447,SO-0602,Constable Dinesh Chaudhary,Constable,39,2026-07-22 09:42:57+00:00,84.0,74.0,,21.2069861,72.7955613,14.699996948242188,-0.142,-0.971,0.076,,0.0,0.0,0.0,,,,,0.0,0.0,1470.0,-4.4599999998951034e-05,-1.699999999971169e-05,0.0,74.0,36.5,0
43448,SO-0602,Constable Dinesh Chaudhary,Constable,39,2026-07-22 09:43:27+00:00,81.0,88.0,,21.2069979,72.7955522,14.699996948242188,-0.116,-0.971,0.134,,0.0,0.0,0.0,,,,,0.0,0.0,30.0,1.1799999999340116e-05,-9.099999999762076e-06,0.2,88.0,36.5,0
43449,SO-0602,Constable Dinesh Chaudhary,Constable,39,2026-07-22 09:43:57+00:00,94.0,88.0,,21.2069994,72.7955559,14.699996948242188,-0.191,-0.971,0.056,,0.0,0.0,0.0,,,,,0.0,0.0,30.0,1.4999999997655775e-06,3.699999993500569e-06,0.05,88.0,36.5,2
43450,SO-0602,Constable Dinesh Chaudhary,Constable,39,2026-07-22 09:45:57+00:00,94.0,,,21.2070276,72.7955173,14.699996948242188,0.02,0.044,0.978,,0.0,0.0,0.0,,,,,0.0,0.0,120.0,2.8199999999145575e-05,-3.859999999633601e-05,0.16,88.0,36.5,2
43451,SO-0602,Constable Dinesh Chaudhary,Constable,39,2026-07-22 09:46:27+00:00,100.0,,,21.2070021,72.7955458,14.699996948242188,0.015,0.042,0.974,,0.0,0.0,0.0,,,,,0.0,0.0,30.0,-2.5499999999567535e-05,2.849999999909869e-05,0.5,88.0,36.5,2
43452,SO-0602,Constable Dinesh Chaudhary,Constable,39,2026-07-22 09:46:57+00:00,98.0,,,21.2070362,72.7955421,14.699996948242188,0.018,0.042,0.984,,0.0,0.0,0.0,,,,,0.0,0.0,30.0,3.410000000059199e-05,-3.699999993500569e-06,0.46,88.0,36.5,2
43453,SO-0602,Constable Dinesh Chaudhary,Constable,39,2026-07-22 09:47:27+00:00,95.0,,,21.2070524,72.7955539,14.699996948242188,0.016,0.04,0.982,,0.0,0.0,0.0,,,,,0.0,0.0,30.0,1.619999999746824e-05,1.1799999995787402e-05,0.26,88.0,36.5,2
43454,SO-0602,Constable Dinesh Chaudhary,Constable,39,2026-07-22 09:47:57+00:00,99.0,,,21.2070212,72.7955593,14.699996948242188,0.019,0.04,0.978,,0.0,0.0,0.0,,,,,0.0,0.0,30.0,-3.119999999867673e-05,5.3999999920506525e-06,0.42,88.0,36.5,2
43455,SO-0602,Constable Dinesh Chaudhary,Constable,39,2026-07-22 09:48:27+00:00,100.0,,,21.2070248,72.7955655,14.699996948242188,0.016,0.039,0.977,,0.0,0.0,0.0,,,,,0.0,0.0,30.0,3.5999999994373866e-06,6.2000000013995304e-06,0.09,88.0,36.5,2
43456,SO-0602,Constable Dinesh Chaudhary,Constable,39,2026-07-22 09:48:57+00:00,99.0,,,21.2070002,72.7955635,15.099998474121094,0.017,0.039,0.985,,0.0,0.0,0.0,,,,,0.0,0.0,30.0,-2.459999999970819e-05,-1.9999999949504854e-06,0.33,88.0,36.5,2
43457,SO-0602,Constable Dinesh Chaudhary,Constable,39,2026-07-22 09:49:27+00:00,100.0,,,21.2070087,72.7955524,14.699996948242188,0.015,0.036,0.985,,0.0,0.0,0.0,,,,,0.0,0.0,30.0,8.499999999855845e-06,-1.1099999994712562e-05,0.18,88.0,36.5,2
43458,SO-0602,Constable Dinesh Chaudhary,Constable,39,2026-07-22 09:49:57+00:00,95.0,,,21.2070228,72.7955268,14.699996948242188,0.014,0.037,0.98,,0.0,0.0,0.0,,,,,0.0,0.0,30.0,1.4100000001349144e-05,-2.5600000000736145e-05,0.38,88.0,36.5,2
43459,SO-0602,Constable Dinesh Chaudhary,Constable,39,2026-07-22 09:50:27+00:00,94.0,,,21.2070001,72.7955532,14.699996948242188,0.019,0.043,0.984,,0.0,0.0,0.0,,,,,0.0,0.0,30.0,-2.27000000023736e-05,2.6399999995874168e-05,0.45,88.0,36.5,2
43460,SO-0602,Constable Dinesh Chaudhary,Constable,39,2026-07-22 09:50:57+00:00,97.0,,,21.207027,72.7955287,14.699996948242188,0.013,0.04,0.986,,0.0,0.0,0.0,,,,,0.0,0.0,30.0,2.6900000001717217e-05,-2.4499999994986865e-05,0.48,88.0,36.5,2
43461,SO-0602,Constable Dinesh Chaudhary,Constable,39,2026-07-22 09:51:27+00:00,98.0,,,21.2070361,72.795547,14.699996948242188,0.017,0.04,0.984,,0.0,0.0,0.0,,,,,0.0,0.0,30.0,9.099999999762076e-06,1.8299999993587335e-05,0.26,88.0,36.5,2
43462,SO-0602,Constable Dinesh Chaudhary,Constable,39,2026-07-22 09:51:57+00:00,100.0,,,21.2069956,72.7955564,14.699996948242188,0.018,0.041,0.984,,0.0,0.0,0.0,,,,,0.0,0.0,30.0,-4.0500000000776026e-05,9.399999996162478e-06,0.55,88.0,36.5,2
43463,SO-0602,Constable Dinesh Chaudhary,Constable,39,2026-07-22 09:52:28+00:00,99.0,,,21.2069864,72.7955678,15.099998474121094,0.015,0.043,0.992,,0.0,0.0,0.0,,,,,0.0,0.0,31.0,-9.199999997377972e-06,1.1400000005323818e-05,0.18,88.0,36.5,2
43464,SO-0602,Constable Dinesh Chaudhary,Constable,39,2026-07-22 09:52:58+00:00,95.0,,,21.2070007,72.7955528,14.699996948242188,0.014,0.041,0.982,,0.0,0.0,0.0,,,,,0.0,0.0,30.0,1.4299999996580937e-05,-1.5000000004761205e-05,0.27,88.0,36.5,2
43465,SO-0602,Constable Dinesh Chaudhary,Constable,39,2026-07-22 09:53:28+00:00,97.0,,,21.207007,72.7955493,14.699996948242188,0.013,0.039,0.984,,0.0,0.0,0.0,,,,,0.0,0.0,30.0,6.30000000256814e-06,-3.4999999911633495e-06,0.1,88.0,36.5,2
43466,SO-0602,Constable Dinesh Chaudhary,Constable,39,2026-07-22 09:53:58+00:00,96.0,,,21.2069928,72.7955584,14.699996948242188,0.02,0.037,0.974,,0.0,0.0,0.0,,,,,0.0,0.0,30.0,-1.4200000002517754e-05,9.099999999762076e-06,0.22,88.0,36.5,2
43467,SO-0602,Constable Dinesh Chaudhary,Constable,39,2026-07-22 09:54:28+00:00,96.0,88.0,,21.207009,72.7955461,14.699996948242188,0.012,0.035,0.986,,0.0,0.0,0.0,,,,,0.0,0.0,30.0,1.6200000001020953e-05,-1.230000000873588e-05,0.27,88.0,36.5,2
43468,SO-0602,Constable Dinesh Chaudhary,Constable,39,2026-07-22 09:54:58+00:00,99.0,88.0,,21.207,72.7955465,14.699996948242188,0.012,0.043,0.984,,0.0,0.0,0.0,,,,,0.0,0.0,30.0,-8.999999998593466e-06,4.0000000467443897e-07,0.12,88.0,36.5,2
43469,SO-0602,Constable Dinesh Chaudhary,Constable,39,2026-07-22 09:55:28+00:00,98.0,,,21.2070024,72.7955501,14.699996948242188,0.015,0.038,0.99,,0.0,0.0,0.0,,,,,0.0,0.0,30.0,2.3999999996249244e-06,3.5999999994373866e-06,0.06,88.0,36.5,2
43470,SO-0602,Constable Dinesh Chaudhary,Constable,39,2026-07-22 09:55:58+00:00,99.0,,,21.2069942,72.7955623,14.699996948242188,0.015,0.041,0.984,,0.0,0.0,0.0,,,,,0.0,0.0,30.0,-8.19999999990273e-06,1.220000000046184e-05,0.19,88.0,36.5,2
43471,SO-0602,Constable Dinesh Chaudhary,Constable,39,2026-07-22 09:56:28+00:00,97.0,,,21.2069985,72.7955611,14.699996948242188,0.014,0.04,0.983,,0.0,0.0,0.0,,,,,0.0,0.0,30.0,4.300000000512227e-06,-1.1999999998124622e-06,0.06,88.0,36.5,2
43472,SO-0602,Constable Dinesh Chaudhary,Constable,39,2026-07-22 09:56:58+00:00,97.0,,,21.2069985,72.7955572,14.699996948242188,0.011,0.041,0.988,,0.0,0.0,0.0,,,,,0.0,0.0,30.0,0.0,-3.8999999958377884e-06,0.05,88.0,36.5,2
43473,SO-0602,Constable Dinesh Chaudhary,Constable,39,2026-07-22 09:57:27+00:00,98.0,,,21.2069998,72.7955612,14.699996948242188,0.015,0.041,0.989,,0.0,0.0,0.0,,,,,0.0,0.0,29.0,1.2999999974283585e-06,3.999999989900971e-06,0.06,88.0,36.5,2
43474,SO-0602,Constable Dinesh Chaudhary,Constable,39,2026-07-22 09:57:57+00:00,100.0,,,21.2069956,72.7955681,15.099998474121094,0.014,0.038,0.99,,0.0,0.0,0.0,,,,,0.0,0.0,30.0,-4.199999999343618e-06,6.900000002474371e-06,0.1,88.0,36.5,2
43475,SO-0602,Constable Dinesh Chaudhary,Constable,39,2026-07-22 09:58:27+00:00,95.0,,,21.2069894,72.795554,14.699996948242188,0.014,0.039,0.99,,0.0,0.0,0.0,,,,,0.0,0.0,30.0,-6.199999997846817e-06,-1.4100000001349144e-05,0.2,88.0,36.5,2
43476,SO-0602,Constable Dinesh Chaudhary,Constable,39,2026-07-22 09:58:57+00:00,99.0,,,21.2070233,72.7955381,14.699996948242188,0.011,0.039,0.992,,0.0,0.0,0.0,,,,,0.0,0.0,30.0,3.389999999825477e-05,-1.589999999396241e-05,0.5,88.0,36.5,2
43478,SO-0602,Constable Dinesh Chaudhary,Constable,39,2026-07-22 09:59:27+00:00,97.0,,,21.2069994,72.7955511,14.699996948242188,0.012,0.044,0.985,,0.0,0.0,0.0,,,,,0.0,0.0,30.0,-2.3899999998633348e-05,1.2999999995599865e-05,0.36,88.0,36.5,2
43480,SO-0602,Constable Dinesh Chaudhary,Constable,39,2026-07-22 09:59:57+00:00,98.0,,,21.2070269,72.7955311,14.699996948242188,0.016,0.037,0.988,,0.0,0.0,0.0,,,,,0.0,0.0,30.0,2.7499999998070734e-05,-1.9999999992137415e-05,0.45,88.0,36.5,2
43482,SO-0602,Constable Dinesh Chaudhary,Constable,39,2026-07-22 10:00:27+00:00,98.0,,,21.207013,72.7955447,14.699996948242188,0.015,0.034,0.983,,0.0,0.0,0.0,,,,,0.0,0.0,30.0,-1.3899999999011923e-05,1.3599999988400668e-05,0.25,88.0,36.5,2
43484,SO-0602,Constable Dinesh Chaudhary,Constable,39,2026-07-22 10:00:57+00:00,94.0,,,21.2070219,72.7955359,14.699996948242188,0.014,0.036,0.984,,0.0,0.0,0.0,,,,,0.0,0.0,30.0,8.90000000097757e-06,-8.79999998915082e-06,0.16,88.0,36.5,2
43486,SO-0602,Constable Dinesh Chaudhary,Constable,39,2026-07-22 10:01:27+00:00,93.0,,,21.2070026,72.7955565,14.699996948242188,0.015,0.034,0.978,,0.0,0.0,0.0,,,,,0.0,0.0,30.0,-1.930000000172072e-05,2.0599999999149077e-05,0.37,88.0,36.5,2
43488,SO-0602,Constable Dinesh Chaudhary,Constable,39,2026-07-22 10:01:57+00:00,92.0,,,21.2070039,72.7955617,14.699996948242188,0.013,0.04,0.988,,0.0,0.0,0.0,,,,,0.0,0.0,30.0,1.300000000981072e-06,5.199999989713433e-06,0.07,88.0,36.5,2
43490,SO-0602,Constable Dinesh Chaudhary,Constable,39,2026-07-22 10:02:27+00:00,97.0,,,21.2069859,72.7955647,15.099998474121094,0.016,0.039,0.988,,0.0,0.0,0.0,,,,,0.0,0.0,30.0,-1.8000000000739647e-05,3.000000006636583e-06,0.24,88.0,36.5,2
43492,SO-0602,Constable Dinesh Chaudhary,Constable,39,2026-07-22 10:02:57+00:00,92.0,,,21.2070175,72.7955374,14.699996948242188,0.014,0.044,0.987,,0.0,0.0,0.0,,,,,0.0,0.0,30.0,3.1599999999798456e-05,-2.729999999928623e-05,0.55,88.0,36.5,2
43494,SO-0602,Constable Dinesh Chaudhary,Constable,39,2026-07-22 10:03:27+00:00,93.0,,,21.2070042,72.7955567,14.699996948242188,0.015,0.04,0.988,,0.0,0.0,0.0,,,,,0.0,0.0,30.0,-1.3299999999105694e-05,1.9300000005273432e-05,0.3,88.0,36.5,2
43496,SO-0602,Constable Dinesh Chaudhary,Constable,39,2026-07-22 10:03:57+00:00,100.0,,,21.2070241,72.795531,14.699996948242188,0.013,0.041,0.99,,0.0,0.0,0.0,,,,,0.0,0.0,30.0,1.990000000162695e-05,-2.5700000009010185e-05,0.42,88.0,36.5,2
43497,SO-0602,Constable Dinesh Chaudhary,Constable,39,2026-07-22 10:04:28+00:00,100.0,,,21.2070392,72.7955554,14.699996948242188,0.015,0.045,0.978,,0.0,0.0,0.0,,,,,0.0,0.0,31.0,1.5099999998824389e-05,2.4400000000923683e-05,0.36,88.0,36.5,2
43499,SO-0602,Constable Dinesh Chaudhary,Constable,39,2026-07-22 10:04:57+00:00,98.0,,,21.2070093,72.7955397,14.699996948242188,0.015,0.039,0.991,,0.0,0.0,0.0,,,,,0.0,0.0,29.0,-2.9900000001248372e-05,-1.569999999162519e-05,0.46,88.0,36.5,2
43501,SO-0602,Constable Dinesh Chaudhary,Constable,39,2026-07-22 10:05:57+00:00,90.0,,,21.2070283,72.7955301,14.699996948242188,0.013,0.033,0.985,,0.0,0.0,0.0,,,,,0.0,0.0,60.0,1.9000000001767603e-05,-9.600000012710552e-06,0.14,88.0,36.5,0
43502,SO-0602,Constable Dinesh Chaudhary,Constable,39,2026-07-22 10:06:27+00:00,94.0,,,21.2069845,72.7955588,14.699996948242188,0.014,0.032,0.983,,0.0,0.0,0.0,,,,,0.0,0.0,30.0,-4.38000000002603e-05,2.870000000143591e-05,0.69,88.0,36.5,2
43504,SO-0602,Constable Dinesh Chaudhary,Constable,39,2026-07-22 10:06:57+00:00,92.0,,,21.2070102,72.7955433,14.699996948242188,0.01,0.029,0.993,,0.0,0.0,0.0,,,,,0.0,0.0,30.0,2.569999999835204e-05,-1.549999998928797e-05,0.4,88.0,36.5,2
43506,SO-0602,Constable Dinesh Chaudhary,Constable,39,2026-07-22 10:07:27+00:00,90.0,,,21.2069909,72.7955552,14.699996948242188,0.009,0.031,0.99,,0.0,0.0,0.0,,,,,0.0,0.0,30.0,-1.9299999998168005e-05,1.1899999989850585e-05,0.3,88.0,36.5,0
43507,SO-0602,Constable Dinesh Chaudhary,Constable,39,2026-07-22 10:07:57+00:00,99.0,,,21.2070318,72.7955226,14.699996948242188,0.015,0.033,0.992,,0.0,0.0,0.0,,,,,0.0,0.0,30.0,4.089999999834504e-05,-3.25999999972737e-05,0.69,88.0,36.5,2
43509,SO-0602,Constable Dinesh Chaudhary,Constable,39,2026-07-22 10:08:28+00:00,100.0,,,21.207018,72.7955649,14.699996948242188,0.01,0.03,0.993,,0.0,0.0,0.0,,,,,0.0,0.0,31.0,-1.3799999997843315e-05,4.230000000404743e-05,0.55,88.0,36.5,2
43510,SO-0602,Constable Dinesh Chaudhary,Constable,39,2026-07-22 10:08:57+00:00,94.0,,,21.2070055,72.7955565,14.699996948242188,0.012,0.031,0.987,,0.0,0.0,0.0,,,,,0.0,0.0,29.0,-1.2500000000414955e-05,-8.399999998687235e-06,0.21,88.0,36.5,2
43513,SO-0602,Constable Dinesh Chaudhary,Constable,39,2026-07-22 10:09:28+00:00,100.0,,,21.2069916,72.7955621,14.699996948242188,0.012,0.031,0.986,,0.0,0.0,0.0,,,,,0.0,0.0,31.0,-1.390000000256464e-05,5.599999994387872e-06,0.19,88.0,36.5,2
43515,SO-0602,Constable Dinesh Chaudhary,Constable,39,2026-07-22 10:09:55+00:00,99.0,,,21.2069864,72.7955623,14.699996948242188,0.013,0.03,0.989,,0.0,0.0,0.0,,,,,0.0,0.0,27.0,-5.19999999681886e-06,2.0000000233721948e-07,0.08,88.0,36.5,2
43517,SO-0602,Constable Dinesh Chaudhary,Constable,39,2026-07-22 10:10:27+00:00,95.0,,,21.2070324,72.7955472,14.699996948242188,0.013,0.028,0.98,,0.0,0.0,0.0,,,,,0.0,0.0,32.0,4.5999999997548e-05,-1.5099999998824389e-05,0.6,88.0,36.5,2
43519,SO-0602,Constable Dinesh Chaudhary,Constable,39,2026-07-22 10:10:57+00:00,91.0,,,21.2069984,72.7955536,14.699996948242188,0.013,0.034,0.986,,0.0,0.0,0.0,,,,,0.0,0.0,30.0,-3.399999999942338e-05,6.40000000373675e-06,0.46,88.0,36.5,2
43521,SO-0602,Constable Dinesh Chaudhary,Constable,39,2026-07-22 10:11:27+00:00,97.0,,,21.2070186,72.7955331,14.699996948242188,0.01,0.031,0.988,,0.0,0.0,0.0,,,,,0.0,0.0,30.0,2.0200000001580065e-05,-2.0500000005085894e-05,0.38,88.0,36.5,2
43523,SO-0602,Constable Dinesh Chaudhary,Constable,39,2026-07-22 10:11:55+00:00,98.0,,,21.2069863,72.7955621,14.699996948242188,0.016,0.03,0.995,,0.0,0.0,0.0,,,,,0.0,0.0,28.0,-3.23000000008733e-05,2.8999999997836312e-05,0.61,88.0,36.5,2
43525,SO-0602,Constable Dinesh Chaudhary,Constable,39,2026-07-22 10:12:27+00:00,93.0,,,21.2069943,72.7955527,14.699996948242188,0.01,0.031,0.993,,0.0,0.0,0.0,,,,,0.0,0.0,32.0,8.000000001118224e-06,-9.399999996162478e-06,0.15,88.0,36.5,2
43527,SO-0602,Constable Dinesh Chaudhary,Constable,39,2026-07-22 10:12:57+00:00,91.0,,,21.2070065,72.795542,14.699996948242188,0.013,0.029,0.991,,0.0,0.0,0.0,,,,,0.0,0.0,30.0,1.2199999996909128e-05,-1.0700000004248976e-05,0.21,88.0,36.5,2
43529,SO-0602,Constable Dinesh Chaudhary,Constable,39,2026-07-22 10:13:27+00:00,95.0,,,21.2070413,72.7955096,14.699996948242188,0.011,0.031,0.994,,0.0,0.0,0.0,,,,,0.0,0.0,30.0,3.480000000166683e-05,-3.239999999493648e-05,0.62,88.0,36.5,2
43530,SO-0602,Constable Dinesh Chaudhary,Constable,39,2026-07-22 10:13:57+00:00,92.0,,,21.2069967,72.7955479,14.699996948242188,0.014,0.031,0.989,,0.0,0.0,0.0,,,,,0.0,0.0,30.0,-4.4599999998951034e-05,3.829999999993561e-05,0.77,88.0,36.5,2
43531,SO-0602,Constable Dinesh Chaudhary,Constable,39,2026-07-22 10:14:27+00:00,97.0,,,21.2070024,72.7955543,14.699996948242188,0.015,0.031,0.988,,0.0,0.0,0.0,,,,,0.0,0.0,30.0,5.699999999109195e-06,6.40000000373675e-06,0.11,88.0,36.5,2
43532,SO-0602,Constable Dinesh Chaudhary,Constable,39,2026-07-22 10:14:57+00:00,94.0,,,21.2070151,72.7955357,14.699996948242188,0.014,0.034,0.994,,0.0,0.0,0.0,,,,,0.0,0.0,30.0,1.2699999999199464e-05,-1.860000000419859e-05,0.29,88.0,36.5,2
43533,SO-0602,Constable Dinesh Chaudhary,Constable,39,2026-07-22 10:15:27+00:00,99.0,,,21.2069982,72.7955563,14.699996948242188,0.012,0.027,0.99,,0.0,0.0,0.0,,,,,0.0,0.0,30.0,-1.689999999854308e-05,2.0599999999149077e-05,0.35,88.0,36.5,2
43534,SO-0602,Constable Dinesh Chaudhary,Constable,39,2026-07-22 10:15:55+00:00,98.0,,,21.2069865,72.7955624,14.699996948242188,0.012,0.034,0.983,,0.0,0.0,0.0,,,,,0.0,0.0,28.0,-1.170000000172422e-05,6.099999993125493e-06,0.19,88.0,36.5,2
43535,SO-0602,Constable Dinesh Chaudhary,Constable,39,2026-07-22 10:16:27+00:00,96.0,,,21.2070248,72.7955251,14.699996948242188,0.013,0.031,0.99,,0.0,0.0,0.0,,,,,0.0,0.0,32.0,3.829999999993561e-05,-3.729999998824951e-05,0.66,88.0,36.5,2
43536,SO-0602,Constable Dinesh Chaudhary,Constable,39,2026-07-22 10:16:57+00:00,97.0,,,21.2069949,72.7955574,14.699996948242188,0.013,0.034,0.988,,0.0,0.0,0.0,,,,,0.0,0.0,30.0,-2.989999999769566e-05,3.23000000008733e-05,0.57,88.0,36.5,2
43537,SO-0602,Constable Dinesh Chaudhary,Constable,39,2026-07-22 10:17:28+00:00,98.0,,,21.206984,72.7955594,14.699996948242188,0.009,0.032,0.985,,0.0,0.0,0.0,,,,,0.0,0.0,31.0,-1.0900000003033483e-05,1.9999999949504854e-06,0.14,88.0,36.5,2
43538,SO-0602,Constable Dinesh Chaudhary,Constable,39,2026-07-22 10:17:57+00:00,99.0,,,21.2069995,72.7955525,14.699996948242188,0.009,0.031,0.989,,0.0,0.0,0.0,,,,,0.0,0.0,29.0,1.5499999999946112e-05,-6.900000002474371e-06,0.23,88.0,36.5,2
43539,SO-0602,Constable Dinesh Chaudhary,Constable,39,2026-07-22 10:18:27+00:00,94.0,,,21.2070068,72.7955443,14.699996948242188,0.01,0.032,0.988,,0.0,0.0,0.0,,,,,0.0,0.0,30.0,7.300000000043383e-06,-8.199999996350016e-06,0.14,88.0,36.5,2
43540,SO-0602,Constable Dinesh Chaudhary,Constable,39,2026-07-22 10:18:57+00:00,96.0,,,21.2069844,72.7955561,14.699996948242188,0.011,0.031,0.987,,0.0,0.0,0.0,,,,,0.0,0.0,30.0,-2.239999999886777e-05,1.1799999995787402e-05,0.33,88.0,36.5,2
43541,SO-0602,Constable Dinesh Chaudhary,Constable,39,2026-07-22 10:19:27+00:00,91.0,,,21.2070389,72.7955165,14.699996948242188,0.009,0.032,0.989,,0.0,0.0,0.0,,,,,0.0,0.0,30.0,5.450000000095656e-05,-3.959999999381125e-05,0.89,88.0,36.5,2
43542,SO-0602,Constable Dinesh Chaudhary,Constable,39,2026-07-22 10:19:59+00:00,94.0,,,21.2069833,72.7955621,14.699996948242188,0.009,0.034,0.986,,0.0,0.0,0.0,,,,,0.0,0.0,32.0,-5.5599999999600414e-05,4.559999999287356e-05,0.88,88.0,36.5,2
43543,SO-0602,Constable Dinesh Chaudhary,Constable,39,2026-07-22 10:20:27+00:00,93.0,,,21.2070092,72.7955387,14.699996948242188,0.01,0.031,0.993,,0.0,0.0,0.0,,,,,0.0,0.0,28.0,2.590000000068926e-05,-2.340000000344844e-05,0.49,88.0,36.5,2
43544,SO-0602,Constable Dinesh Chaudhary,Constable,39,2026-07-22 10:20:57+00:00,99.0,,,21.2070271,72.7955421,14.699996948242188,0.011,0.031,0.984,,0.0,0.0,0.0,,,,,0.0,0.0,30.0,1.7899999999571037e-05,3.400000011311022e-06,0.24,88.0,36.5,2
43545,SO-0602,Constable Dinesh Chaudhary,Constable,39,2026-07-22 10:21:28+00:00,91.0,,,21.2069992,72.7955526,14.699996948242188,0.012,0.027,0.988,,0.0,0.0,0.0,,,,,0.0,0.0,31.0,-2.7900000002745173e-05,1.0499999987700905e-05,0.38,88.0,36.5,2
43546,SO-0602,Constable Dinesh Chaudhary,Constable,39,2026-07-22 10:21:57+00:00,95.0,,,21.2070552,72.7955173,14.699996948242188,0.008,0.031,0.991,,0.0,0.0,0.0,,,,,0.0,0.0,29.0,5.600000000072214e-05,-3.5299999993299025e-05,0.9,88.0,36.5,2
43547,SO-0602,Constable Dinesh Chaudhary,Constable,39,2026-07-22 10:22:28+00:00,97.0,,,21.2069939,72.7955602,14.699996948242188,0.013,0.03,0.988,,0.0,0.0,0.0,,,,,0.0,0.0,31.0,-6.129999999870961e-05,4.289999999684824e-05,0.95,88.0,36.5,2
43548,SO-0602,Constable Dinesh Chaudhary,Constable,39,2026-07-22 10:22:57+00:00,92.0,,,21.207006,72.7955403,14.699996948242188,0.009,0.03,0.991,,0.0,0.0,0.0,,,,,0.0,0.0,29.0,1.2099999999293232e-05,-1.9899999998074236e-05,0.31,88.0,36.5,2
43549,SO-0602,Constable Dinesh Chaudhary,Constable,39,2026-07-22 10:23:27+00:00,90.0,,,21.2069959,72.7955599,14.699996948242188,0.01,0.033,0.989,,0.0,0.0,0.0,,,,,0.0,0.0,30.0,-1.0100000000790033e-05,1.960000000167383e-05,0.29,88.0,36.5,0
43550,SO-0602,Constable Dinesh Chaudhary,Constable,39,2026-07-22 10:23:57+00:00,98.0,,,21.2069959,72.7955596,14.699996948242188,0.01,0.032,0.981,,0.0,0.0,0.0,,,,,0.0,0.0,30.0,0.0,-2.999999964004019e-07,0.0,88.0,36.5,2
43551,SO-0602,Constable Dinesh Chaudhary,Constable,39,2026-07-22 10:24:27+00:00,99.0,,,21.206984,72.795559,14.699996948242188,0.01,0.028,0.983,,0.0,0.0,0.0,,,,,0.0,0.0,30.0,-1.1900000000508726e-05,-6.000000070116585e-07,0.16,88.0,36.5,2
43552,SO-0602,Constable Dinesh Chaudhary,Constable,39,2026-07-22 10:24:57+00:00,96.0,,,21.2069963,72.7955601,14.699996948242188,0.01,0.025,0.983,,0.0,0.0,0.0,,,,,0.0,0.0,30.0,1.2300000001630453e-05,1.1000000057492798e-06,0.16,88.0,36.5,2
43553,SO-0602,Constable Dinesh Chaudhary,Constable,39,2026-07-22 10:25:27+00:00,97.0,,,21.2069963,72.7955601,14.699996948242188,0.01,0.031,0.988,,0.0,0.0,0.0,,,,,0.0,0.0,30.0,0.0,0.0,0.0,88.0,36.5,2
43554,SO-0602,Constable Dinesh Chaudhary,Constable,39,2026-07-22 10:25:57+00:00,99.0,,,21.2069963,72.7955601,14.699996948242188,0.01,0.031,0.986,,0.0,0.0,0.0,,,,,0.0,0.0,30.0,0.0,0.0,0.0,88.0,36.5,2
43555,SO-0602,Constable Dinesh Chaudhary,Constable,39,2026-07-22 10:26:27+00:00,93.0,,,21.2069963,72.7955601,14.699996948242188,0.015,0.031,0.988,,0.0,0.0,0.0,,,,,0.0,0.0,30.0,0.0,0.0,0.0,88.0,36.5,2
43556,SO-0602,Constable Dinesh Chaudhary,Constable,39,2026-07-22 10:26:57+00:00,93.0,,,21.2069924,72.7955647,14.699996948242188,0.015,0.029,0.986,,0.0,0.0,0.0,,,,,0.0,0.0,30.0,-3.899999999390502e-06,4.599999996912629e-06,0.08,88.0,36.5,2
43557,SO-0602,Constable Dinesh Chaudhary,Constable,39,2026-07-22 10:27:26+00:00,93.0,,,21.2070004,72.7955544,14.39999771118164,0.01,0.029,0.988,,0.0,0.0,0.0,,,,,0.0,0.0,29.0,7.99999999756551e-06,-1.0299999999574538e-05,0.18,88.0,36.5,2
43558,SO-0602,Constable Dinesh Chaudhary,Constable,39,2026-07-22 10:27:58+00:00,98.0,,,21.2070692,72.7954155,14.39999771118164,0.015,0.03,0.99,,0.0,0.0,0.0,,,,,0.0,0.0,32.0,6.880000000109021e-05,-0.000138899999996,1.88,88.0,36.5,2
43559,SO-0602,Constable Dinesh Chaudhary,Constable,39,2026-07-22 10:28:28+00:00,99.0,,,21.2070911,72.7954192,14.699996948242188,0.007,0.031,0.986,,0.0,0.0,0.0,,,,,0.0,0.0,30.0,2.190000000013015e-05,3.699999993500569e-06,0.3,88.0,36.5,2
43560,SO-0602,Constable Dinesh Chaudhary,Constable,39,2026-07-22 10:28:57+00:00,91.0,,,21.2069853,72.7955593,14.699996948242188,0.008,0.027,0.989,,0.0,0.0,0.0,,,,,0.0,0.0,29.0,-0.0001058,0.0001400999999958,2.36,88.0,36.5,2
43561,SO-0602,Constable Dinesh Chaudhary,Constable,39,2026-07-22 10:29:27+00:00,94.0,,,21.2069854,72.7955597,14.699996948242188,0.008,0.031,0.986,,0.0,0.0,0.0,,,,,0.0,0.0,30.0,1.0000000116860974e-07,4.0000000467443897e-07,0.01,88.0,36.5,2
43562,SO-0602,Constable Dinesh Chaudhary,Constable,39,2026-07-22 10:29:57+00:00,94.0,,,21.2069887,72.7955623,14.699996948242188,0.012,0.031,0.982,,0.0,0.0,0.0,,,,,0.0,0.0,30.0,3.299999999484271e-06,2.600000001962144e-06,0.06,88.0,36.5,2
43563,SO-0602,Constable Dinesh Chaudhary,Constable,39,2026-07-22 10:30:27+00:00,94.0,,,21.2069858,72.7955654,14.699996948242188,0.01,0.03,0.986,,0.0,0.0,0.0,,,,,0.0,0.0,30.0,-2.8999999983625457e-06,3.1000000006997652e-06,0.06,88.0,36.5,2
43564,SO-0602,Constable Dinesh Chaudhary,Constable,39,2026-07-22 10:30:57+00:00,93.0,,,21.206994,72.7955628,14.699996948242188,0.014,0.028,0.991,,0.0,0.0,0.0,,,,,0.0,0.0,30.0,8.19999999990273e-06,-2.600000001962144e-06,0.11,88.0,36.5,2
43565,SO-0602,Constable Dinesh Chaudhary,Constable,39,2026-07-22 10:31:27+00:00,97.0,,,21.2069919,72.7955668,15.099998474121094,0.009,0.027,0.994,,0.0,0.0,0.0,,,,,0.0,0.0,30.0,-2.1000000032245225e-06,4.0000000041118255e-06,0.06,88.0,36.5,2
43566,SO-0602,Constable Dinesh Chaudhary,Constable,39,2026-07-22 10:31:57+00:00,93.0,,,21.2069981,72.7955695,14.699996948242188,0.013,0.034,0.991,,0.0,0.0,0.0,,,,,0.0,0.0,30.0,6.2000000013995304e-06,2.6999999960253263e-06,0.09,88.0,36.5,2
43567,SO-0602,Constable Dinesh Chaudhary,Constable,39,2026-07-22 10:32:27+00:00,96.0,,,21.2070127,72.7955298,14.699996948242188,0.01,0.032,0.982,,0.0,0.0,0.0,,,,,0.0,0.0,30.0,1.4600000000086766e-05,-3.970000000208529e-05,0.55,88.0,36.5,2
43568,SO-0602,Constable Dinesh Chaudhary,Constable,39,2026-07-22 10:32:57+00:00,97.0,,,21.2070142,72.7955416,14.699996948242188,0.011,0.029,0.986,,0.0,0.0,0.0,,,,,0.0,0.0,30.0,1.4999999997655775e-06,1.1800000009998255e-05,0.15,88.0,36.5,2
43569,SO-0602,Constable Dinesh Chaudhary,Constable,39,2026-07-22 10:33:27+00:00,88.0,,,21.2070133,72.7955588,14.699996948242188,0.013,0.03,0.982,,0.0,0.0,0.0,,,,,0.0,0.0,30.0,-8.999999998593466e-07,1.7199999987838055e-05,0.22,88.0,36.5,0
43570,SO-0602,Constable Dinesh Chaudhary,Constable,39,2026-07-22 10:33:57+00:00,95.0,,,21.2069963,72.7955482,14.699996948242188,0.016,0.028,0.993,,0.0,0.0,0.0,,,,,0.0,0.0,30.0,-1.699999999971169e-05,-1.059999999597494e-05,0.26,88.0,36.5,2
43572,SO-0602,Constable Dinesh Chaudhary,Constable,39,2026-07-22 10:34:27+00:00,92.0,,,21.2070255,72.7955401,14.699996948242188,0.009,0.032,0.988,,0.0,0.0,0.0,,,,,0.0,0.0,30.0,2.920000000017353e-05,-8.100000002286833e-06,0.4,88.0,36.5,2
43574,SO-0602,Constable Dinesh Chaudhary,Constable,39,2026-07-22 10:34:57+00:00,96.0,,,21.2070762,72.7954395,14.699996948242188,0.011,0.032,0.986,,0.0,0.0,0.0,,,,,0.0,0.0,30.0,5.0699999999181955e-05,-0.0001005999999961,1.46,88.0,36.5,2
43576,SO-0602,Constable Dinesh Chaudhary,Constable,39,2026-07-22 10:35:27+00:00,97.0,,,21.2069946,72.7955563,14.699996948242188,0.01,0.032,0.992,,0.0,0.0,0.0,,,,,0.0,0.0,30.0,-8.159999999790557e-05,0.0001168000000006,1.85,88.0,36.5,2
43578,SO-0602,Constable Dinesh Chaudhary,Constable,39,2026-07-22 10:35:58+00:00,93.0,,,21.207037,72.7955106,14.699996948242188,0.01,0.033,0.987,,0.0,0.0,0.0,,,,,0.0,0.0,31.0,4.2399999998110616e-05,-4.57000000011476e-05,0.79,88.0,36.5,2
43580,SO-0602,Constable Dinesh Chaudhary,Constable,39,2026-07-22 10:36:27+00:00,93.0,,,21.2070465,72.7954995,14.39999771118164,0.01,0.031,0.987,,0.0,0.0,0.0,,,,,0.0,0.0,29.0,9.5000000008838e-06,-1.1099999994712562e-05,0.2,88.0,36.5,2
43582,SO-0602,Constable Dinesh Chaudhary,Constable,39,2026-07-22 10:36:57+00:00,93.0,,,21.2069874,72.7955608,14.699996948242188,0.024,0.032,0.983,,0.0,0.0,0.0,,,,,0.0,0.0,30.0,-5.9100000001421904e-05,6.129999999870961e-05,1.11,88.0,36.5,2
43584,SO-0602,Constable Dinesh Chaudhary,Constable,39,2026-07-22 10:37:27+00:00,98.0,,,21.2069943,72.7955595,14.699996948242188,0.012,0.029,0.984,,0.0,0.0,0.0,,,,,0.0,0.0,30.0,6.900000002474371e-06,-1.3000000080864993e-06,0.09,88.0,36.5,2
43586,SO-0602,Constable Dinesh Chaudhary,Constable,39,2026-07-22 10:37:57+00:00,98.0,,,21.2069973,72.7955502,14.699996948242188,0.011,0.029,0.983,,0.0,0.0,0.0,,,,,0.0,0.0,30.0,2.9999999995311555e-06,-9.300000002099296e-06,0.13,88.0,36.5,2
43609,SO-0602,Constable Dinesh Chaudhary,Constable,39,2026-07-22 10:48:55+00:00,93.0,,,21.207022,72.7955205,14.699996948242188,0.014,0.032,0.985,,0.0,0.0,0.0,,,,,0.0,0.0,658.0,2.4699999997324085e-05,-2.9699999998911153e-05,0.0,88.0,36.5,2
44602,SO-0602,Constable Dinesh Chaudhary,Constable,39,2026-07-22 17:26:15+00:00,95.0,,,21.3371157,72.7509978,16.30000114440918,0.195,-0.062,-1.05,,0.0,0.0,0.0,,,,,0.0,0.0,23840.0,0.1300936999999997,-0.0445227000000016,0.0,88.0,36.5,2
44605,SO-0602,Constable Dinesh Chaudhary,Constable,39,2026-07-22 17:26:45+00:00,96.0,88.0,,21.3371841,72.7509753,16.30000114440918,-0.895,-0.43,-0.006,,0.0,0.0,0.0,,,,,0.0,0.0,30.0,6.84000000035212e-05,-2.250000000003638e-05,0.96,88.0,36.5,2
44608,SO-0602,Constable Dinesh Chaudhary,Constable,39,2026-07-22 17:27:15+00:00,96.0,80.0,,21.3371118,72.7513304,16.499998092651367,-0.926,0.167,0.104,,0.0,0.0,0.0,,,,,0.0,0.0,30.0,-7.23000000029117e-05,0.0003551000000072,4.66,80.0,36.5,1
44611,SO-0602,Constable Dinesh Chaudhary,Constable,39,2026-07-22 17:27:45+00:00,90.0,86.0,,21.3376064,72.7513659,16.69999885559082,0.547,-0.19,0.776,,0.0,0.0,0.0,,,,,0.0,0.0,30.0,0.0004945999999996,3.5499999995636244e-05,6.6,86.0,36.5,1
44614,SO-0602,Constable Dinesh Chaudhary,Constable,39,2026-07-22 17:28:15+00:00,82.0,85.0,,21.3375472,72.7514209,16.69999885559082,-0.102,-0.232,0.91,,0.0,0.0,0.0,,,,,0.0,0.0,30.0,-5.91999999990378e-05,5.5000000003246896e-05,1.06,85.0,36.5,0
44617,SO-0602,Constable Dinesh Chaudhary,Constable,39,2026-07-22 17:28:45+00:00,84.0,86.0,,21.3370958,72.7515864,16.499998092651367,-0.483,0.844,-0.077,,0.0,0.0,0.0,,,,,0.0,0.0,30.0,-0.0004513999999993,0.0001654999999942,6.38,86.0,36.5,1
44620,SO-0602,Constable Dinesh Chaudhary,Constable,39,2026-07-22 17:29:15+00:00,84.0,86.0,,21.3372643,72.7513586,16.499998092651367,-0.69,1.008,-0.089,,0.0,0.0,0.0,,,,,0.0,0.0,30.0,0.0001685000000009,-0.0002277999999904,3.69,86.0,36.5,0
44623,SO-0602,Constable Dinesh Chaudhary,Constable,39,2026-07-22 17:29:45+00:00,88.0,87.0,,21.3369614,72.7512077,16.30000114440918,0.022,1.13,0.225,,0.0,0.0,0.0,,,,,0.0,0.0,30.0,-0.0003029000000012,-0.0001509000000083,4.48,87.0,36.5,0
44626,SO-0602,Constable Dinesh Chaudhary,Constable,39,2026-07-22 17:30:15+00:00,99.0,82.0,,21.3376201,72.7512537,17.19999885559082,0.522,0.987,0.079,,0.0,0.0,0.0,,,,,0.0,0.0,30.0,0.0006586999999989,4.600000001175886e-05,8.79,82.0,36.5,1
44629,SO-0602,Constable Dinesh Chaudhary,Constable,39,2026-07-22 17:30:46+00:00,100.0,82.0,,21.3376363,72.7512623,17.19999885559082,-0.191,0.838,-0.119,,0.0,0.0,0.0,,,,,0.0,0.0,31.0,1.6200000001020953e-05,8.5999999868136e-06,0.23,82.0,36.5,2
44631,SO-0602,Constable Dinesh Chaudhary,Constable,39,2026-07-22 17:31:16+00:00,92.0,86.0,,21.3372736,72.7512397,16.899999618530273,-0.878,-0.083,0.064,,0.0,0.0,0.0,,,,,0.0,0.0,30.0,-0.0003627000000001,-2.259999999409956e-05,4.84,86.0,36.5,1
44633,SO-0602,Constable Dinesh Chaudhary,Constable,39,2026-07-22 17:31:46+00:00,87.0,78.0,,21.33696,72.7511874,16.30000114440918,-0.369,0.77,-0.257,,0.0,0.0,0.0,,,,,0.0,0.0,30.0,-0.0003135999999983,-5.2299999993010715e-05,4.23,78.0,36.5,0
44635,SO-0602,Constable Dinesh Chaudhary,Constable,39,2026-07-22 17:32:16+00:00,100.0,73.0,,21.3374914,72.7512195,16.899999618530273,-0.69,0.676,-0.232,,0.0,0.0,0.0,,,,,0.0,0.0,30.0,0.0005313999999998,3.209999999853608e-05,7.09,73.0,36.5,1
44636,SO-0602,Constable Dinesh Chaudhary,Constable,39,2026-07-22 17:32:46+00:00,86.0,66.0,,21.3375101,72.7513386,16.899999618530273,-0.75,-0.443,0.72,,0.0,0.0,0.0,,,,,0.0,0.0,30.0,1.8699999998261777e-05,0.000119099999992,1.55,66.0,36.5,0
44638,SO-0602,Constable Dinesh Chaudhary,Constable,39,2026-07-22 17:33:16+00:00,88.0,88.0,,21.3373796,72.7512108,17.19999885559082,-0.805,0.054,0.623,,0.0,0.0,0.0,,,,,0.0,0.0,30.0,-0.0001305000000009,-0.0001278000000013,2.39,88.0,36.5,0
44640,SO-0602,Constable Dinesh Chaudhary,Constable,39,2026-07-22 17:33:46+00:00,90.0,79.0,,21.3376171,72.7512371,17.19999885559082,-1.112,-0.251,0.169,,0.0,0.0,0.0,,,,,0.0,0.0,30.0,0.0002375000000007,2.6300000001810982e-05,3.18,79.0,36.5,0
44642,SO-0602,Constable Dinesh Chaudhary,Constable,39,2026-07-22 17:34:16+00:00,95.0,86.0,,21.3376166,72.7512374,17.19999885559082,-0.633,0.258,0.829,,0.0,0.0,0.0,,,,,0.0,0.0,30.0,-4.999999987376214e-07,2.999999964004019e-07,0.01,86.0,36.5,2
44644,SO-0602,Constable Dinesh Chaudhary,Constable,39,2026-07-22 17:34:46+00:00,90.0,85.0,,21.3373967,72.7514156,17.19999885559082,-1.1,-0.396,-0.107,,0.0,0.0,0.0,,,,,0.0,0.0,30.0,-0.0002199000000011,0.0001782000000076,3.72,85.0,36.5,0
44646,SO-0602,Constable Dinesh Chaudhary,Constable,39,2026-07-22 17:35:17+00:00,85.0,80.0,,21.337617,72.751238,17.19999885559082,-0.794,-0.076,0.258,,0.0,0.0,0.0,,,,,0.0,0.0,31.0,0.0002203000000022,-0.0001776000000006,3.6,80.0,36.5,0
44648,SO-0602,Constable Dinesh Chaudhary,Constable,39,2026-07-22 17:35:46+00:00,99.0,85.0,,21.3376128,72.7512426,17.19999885559082,-0.752,0.02,0.537,,0.0,0.0,0.0,,,,,0.0,0.0,29.0,-4.200000002896331e-06,4.599999996912629e-06,0.08,85.0,36.5,2
44650,SO-0602,Constable Dinesh Chaudhary,Constable,39,2026-07-22 17:36:16+00:00,89.0,87.0,,21.3374619,72.7512309,16.899999618530273,-0.553,0.762,0.261,,0.0,0.0,0.0,,,,,0.0,0.0,30.0,-0.0001508999999977,-1.170000000172422e-05,2.02,87.0,36.5,0
44652,SO-0602,Constable Dinesh Chaudhary,Constable,39,2026-07-22 17:36:46+00:00,82.0,88.0,,21.3376166,72.7512374,17.19999885559082,-0.522,0.795,0.249,,0.0,0.0,0.0,,,,,0.0,0.0,30.0,0.0001546999999995,6.499999997799932e-06,2.06,88.0,36.5,0
44655,SO-0602,Constable Dinesh Chaudhary,Constable,39,2026-07-22 17:37:16+00:00,100.0,88.0,,21.3370954,72.7511897,16.899999618530273,-0.91,0.148,-0.368,,0.0,0.0,0.0,,,,,0.0,0.0,30.0,-0.0005212000000014,-4.7699999996098086e-05,6.97,88.0,36.5,1
44657,SO-0602,Constable Dinesh Chaudhary,Constable,39,2026-07-22 17:37:46+00:00,90.0,86.0,,21.3374048,72.7512087,17.19999885559082,-0.759,0.0,0.626,,0.0,0.0,0.0,,,,,0.0,0.0,30.0,0.0003094000000025,1.900000000887303e-05,4.13,86.0,36.5,0
44659,SO-0602,Constable Dinesh Chaudhary,Constable,39,2026-07-22 17:38:16+00:00,94.0,86.0,,21.3375079,72.7512186,16.899999618530273,-0.848,0.54,-0.115,,0.0,0.0,0.0,,,,,0.0,0.0,30.0,0.0001030999999969,9.8999999949001e-06,1.38,86.0,36.5,2
44661,SO-0602,Constable Dinesh Chaudhary,Constable,39,2026-07-22 17:38:46+00:00,90.0,88.0,,21.3376115,72.7512408,17.19999885559082,-0.966,-0.078,0.393,,0.0,0.0,0.0,,,,,0.0,0.0,30.0,0.0001036000000027,2.2200000003635975e-05,1.41,88.0,36.5,0
44664,SO-0602,Constable Dinesh Chaudhary,Constable,39,2026-07-22 17:39:16+00:00,98.0,69.0,,21.3374805,72.751216,17.19999885559082,-1.019,-0.095,-0.337,,0.0,0.0,0.0,,,,,0.0,0.0,30.0,-0.0001309999999996,-2.480000000559812e-05,1.77,69.0,36.5,2
44676,SO-0602,Constable Dinesh Chaudhary,Constable,39,2026-07-22 17:44:55+00:00,100.0,76.0,,21.3374805,72.751216,17.19999885559082,-1.92,0.801,0.317,,0.0,0.0,0.0,,,,,0.0,0.0,339.0,0.0,0.0,0.0,76.0,36.5,1
44678,SO-0602,Constable Dinesh Chaudhary,Constable,39,2026-07-22 17:45:07+00:00,87.0,88.0,,21.3375697,72.7512691,16.30000114440918,-0.983,-0.003,-0.166,,0.0,0.0,0.0,,,,,0.0,0.0,12.0,8.919999999790207e-05,5.310000000235959e-05,3.42,88.0,36.5,1
44680,SO-0602,Constable Dinesh Chaudhary,Constable,39,2026-07-22 17:45:37+00:00,89.0,83.0,,21.3374771,72.751211,16.899999618530273,-0.8,0.066,-0.584,,0.0,0.0,0.0,,,,,0.0,0.0,30.0,-9.259999999855496e-05,-5.810000000394666e-05,1.44,83.0,36.5,1
44682,SO-0602,Constable Dinesh Chaudhary,Constable,39,2026-07-22 17:46:07+00:00,99.0,89.0,,21.3376184,72.751241,17.19999885559082,-0.341,0.883,-0.252,,0.0,0.0,0.0,,,,,0.0,0.0,30.0,0.0001412999999992,2.9999999995311555e-05,1.92,89.0,36.5,1
44684,SO-0602,Constable Dinesh Chaudhary,Constable,39,2026-07-22 17:46:37+00:00,91.0,79.0,,21.3376184,72.751241,17.19999885559082,-0.294,-0.215,0.938,,0.0,0.0,0.0,,,,,0.0,0.0,30.0,0.0,0.0,0.0,79.0,36.5,1
44686,SO-0602,Constable Dinesh Chaudhary,Constable,39,2026-07-22 17:47:07+00:00,100.0,86.0,,21.3376184,72.751241,17.19999885559082,-0.898,0.248,0.37,,0.0,0.0,0.0,,,,,0.0,0.0,30.0,0.0,0.0,0.0,86.0,36.5,2
44689,SO-0602,Constable Dinesh Chaudhary,Constable,39,2026-07-22 17:47:37+00:00,92.0,88.0,,21.3376184,72.751241,17.19999885559082,-0.641,0.771,-0.064,,0.0,0.0,0.0,,,,,0.0,0.0,30.0,0.0,0.0,0.0,88.0,36.5,2
44691,SO-0602,Constable Dinesh Chaudhary,Constable,39,2026-07-22 17:48:07+00:00,89.0,88.0,,21.3376184,72.751241,17.19999885559082,-0.492,0.741,-0.459,,0.0,0.0,0.0,,,,,0.0,0.0,30.0,0.0,0.0,0.0,88.0,36.5,0
44693,SO-0602,Constable Dinesh Chaudhary,Constable,39,2026-07-22 17:48:37+00:00,97.0,85.0,,21.3376184,72.751241,17.19999885559082,-0.61,0.39,0.587,,0.0,0.0,0.0,,,,,0.0,0.0,30.0,0.0,0.0,0.0,85.0,36.5,2
44696,SO-0602,Constable Dinesh Chaudhary,Constable,39,2026-07-22 17:49:07+00:00,94.0,87.0,,21.3354188,72.7501686,17.19999885559082,-0.646,0.57,0.651,,0.0,0.0,0.0,,,,,0.0,0.0,30.0,-0.0021996000000008,-0.0010723999999981,32.37,87.0,36.5,1
44699,SO-0602,Constable Dinesh Chaudhary,Constable,39,2026-07-22 17:49:37+00:00,83.0,87.0,,21.3354188,72.7501686,17.19999885559082,-0.12,0.818,-0.603,,0.0,0.0,0.0,,,,,0.0,0.0,30.0,0.0,0.0,0.0,87.0,36.5,0
44702,SO-0602,Constable Dinesh Chaudhary,Constable,39,2026-07-22 17:50:07+00:00,99.0,88.0,,21.3354188,72.7501686,17.19999885559082,-0.783,0.352,-0.572,,0.0,0.0,0.0,,,,,0.0,0.0,30.0,0.0,0.0,0.0,88.0,36.5,2
44705,SO-0602,Constable Dinesh Chaudhary,Constable,39,2026-07-22 17:50:37+00:00,94.0,88.0,,21.3354188,72.7501686,17.19999885559082,-0.75,-0.003,-0.619,,0.0,0.0,0.0,,,,,0.0,0.0,30.0,0.0,0.0,0.0,88.0,36.5,2
44708,SO-0602,Constable Dinesh Chaudhary,Constable,39,2026-07-22 17:51:07+00:00,85.0,88.0,,21.3360154,72.7498454,17.19999885559082,-0.768,-0.324,-0.499,,0.0,0.0,0.0,,,,,0.0,0.0,30.0,0.0005966000000015,-0.0003231999999968,8.96,88.0,36.5,1
44711,SO-0602,Constable Dinesh Chaudhary,Constable,39,2026-07-22 17:51:35+00:00,82.0,88.0,,21.3367824,72.7494298,17.19999885559082,-0.816,-0.05,-0.614,,0.0,0.0,0.0,,,,,0.0,0.0,28.0,0.0007669999999997,-0.0004155999999966,12.35,88.0,36.5,1
44714,SO-0602,Constable Dinesh Chaudhary,Constable,39,2026-07-22 17:52:07+00:00,84.0,84.0,,21.3354188,72.7501686,17.19999885559082,-0.78,-0.028,-0.622,,0.0,0.0,0.0,,,,,0.0,0.0,32.0,-0.0013636000000012,0.0007387999999934,19.21,84.0,36.5,1
44717,SO-0602,Constable Dinesh Chaudhary,Constable,39,2026-07-22 17:52:37+00:00,84.0,87.0,,21.3354188,72.7501686,17.19999885559082,-0.812,-0.017,-0.624,,0.0,0.0,0.0,,,,,0.0,0.0,30.0,0.0,0.0,0.0,87.0,36.5,0
44720,SO-0602,Constable Dinesh Chaudhary,Constable,39,2026-07-22 17:53:07+00:00,83.0,88.0,,21.3359259,72.7498939,17.19999885559082,-0.79,-0.039,-0.629,,0.0,0.0,0.0,,,,,0.0,0.0,30.0,0.0005071,-0.0002746999999914,7.62,88.0,36.5,1
44723,SO-0602,Constable Dinesh Chaudhary,Constable,39,2026-07-22 17:53:37+00:00,100.0,83.0,,21.3359273,72.7498931,17.19999885559082,-0.284,0.941,0.046,,0.0,0.0,0.0,,,,,0.0,0.0,30.0,1.4000000021496817e-06,-8.000000093488779e-07,0.02,83.0,36.5,2
44726,SO-0602,Constable Dinesh Chaudhary,Constable,39,2026-07-22 17:54:07+00:00,91.0,82.0,,21.3353424,72.75021,17.19999885559082,-1.748,-0.43,-0.09,,0.0,0.0,0.0,,,,,0.0,0.0,30.0,-0.0005849000000033,0.0003169000000013,8.79,82.0,36.5,1
44729,SO-0602,Constable Dinesh Chaudhary,Constable,39,2026-07-22 17:54:35+00:00,100.0,60.0,,21.3376184,72.751241,17.19999885559082,0.299,0.538,0.898,,0.0,0.0,0.0,,,,,0.0,0.0,28.0,0.0022760000000019,0.0010309999999975,35.44,60.0,36.5,1
44732,SO-0602,Constable Dinesh Chaudhary,Constable,39,2026-07-22 17:55:07+00:00,88.0,78.0,,21.3376264,72.7512538,17.19999885559082,-0.376,0.464,-0.497,,0.0,0.0,0.0,,,,,0.0,0.0,32.0,8.000000001118224e-06,1.28000000074735e-05,0.18,78.0,36.5,1
44735,SO-0602,Constable Dinesh Chaudhary,Constable,39,2026-07-22 17:55:34+00:00,89.0,76.0,,21.3370625,72.7511927,16.899999618530273,-1.133,0.437,0.855,,0.0,0.0,0.0,,,,,0.0,0.0,27.0,-0.000563900000003,-6.109999999637239e-05,8.39,76.0,36.5,1
44737,SO-0602,Constable Dinesh Chaudhary,Constable,39,2026-07-22 17:56:04+00:00,92.0,88.0,,21.3375928,72.7512309,16.899999618530273,-0.734,0.024,0.645,,0.0,0.0,0.0,,,,,0.0,0.0,30.0,0.0005303000000012,3.819999999166157e-05,7.08,88.0,36.5,1
44739,SO-0602,Constable Dinesh Chaudhary,Constable,39,2026-07-22 17:56:34+00:00,94.0,88.0,,21.3372423,72.7512125,16.899999618530273,-0.719,0.104,0.667,,0.0,0.0,0.0,,,,,0.0,0.0,30.0,-0.0003504999999996,-1.8400000001861372e-05,4.67,88.0,36.5,1
44743,SO-0602,Constable Dinesh Chaudhary,Constable,39,2026-07-22 17:57:04+00:00,96.0,88.0,,21.3372957,72.7511896,16.899999618530273,-0.721,0.21,0.63,,0.0,0.0,0.0,,,,,0.0,0.0,30.0,5.3399999998759995e-05,-2.2899999990499964e-05,0.77,88.0,36.5,2
44745,SO-0602,Constable Dinesh Chaudhary,Constable,39,2026-07-22 17:57:34+00:00,100.0,88.0,,21.3375143,72.7512184,16.899999618530273,-0.726,0.14,0.644,,0.0,0.0,0.0,,,,,0.0,0.0,30.0,0.0002186000000001,2.8799999995499093e-05,2.94,88.0,36.5,2
44749,SO-0602,Constable Dinesh Chaudhary,Constable,39,2026-07-22 17:58:04+00:00,84.0,87.0,,21.3371045,72.7512012,16.899999618530273,-0.63,0.194,0.693,,0.0,0.0,0.0,,,,,0.0,0.0,30.0,-0.0004097999999999,-1.720000000204891e-05,5.46,87.0,36.5,1
44752,SO-0602,Constable Dinesh Chaudhary,Constable,39,2026-07-22 17:58:34+00:00,87.0,88.0,,21.3371551,72.7512006,16.30000114440918,-0.677,0.274,0.657,,0.0,0.0,0.0,,,,,0.0,0.0,30.0,5.060000000156606e-05,-5.999999928008037e-07,0.67,88.0,36.5,0
44755,SO-0602,Constable Dinesh Chaudhary,Constable,39,2026-07-22 17:59:04+00:00,99.0,88.0,,21.3369688,72.7511843,16.30000114440918,-0.962,0.172,0.001,,0.0,0.0,0.0,,,,,0.0,0.0,30.0,-0.0001862999999993,-1.629999999863685e-05,2.49,88.0,36.5,2
44757,SO-0602,Constable Dinesh Chaudhary,Constable,39,2026-07-22 17:59:34+00:00,83.0,85.0,,21.3373785,72.7512239,16.899999618530273,-0.79,0.055,0.581,,0.0,0.0,0.0,,,,,0.0,0.0,30.0,0.0004096999999987,3.959999999381125e-05,5.48,85.0,36.5,1
44759,SO-0602,Constable Dinesh Chaudhary,Constable,39,2026-07-22 18:00:04+00:00,91.0,85.0,,21.336955,72.7512252,16.499998092651367,-0.799,0.037,0.546,,0.0,0.0,0.0,,,,,0.0,0.0,30.0,-0.0004235000000001,1.2999999938756446e-06,5.64,85.0,36.5,1
44761,SO-0602,Constable Dinesh Chaudhary,Constable,39,2026-07-22 18:00:34+00:00,95.0,88.0,,21.3370951,72.7511951,16.899999618530273,-0.763,0.08,0.596,,0.0,0.0,0.0,,,,,0.0,0.0,30.0,0.0001400999999994,-3.0099999989374737e-05,1.91,88.0,36.5,2
44763,SO-0602,Constable Dinesh Chaudhary,Constable,39,2026-07-22 18:01:04+00:00,88.0,83.0,,21.3369866,72.7512032,16.899999618530273,-0.411,0.862,-0.198,,0.0,0.0,0.0,,,,,0.0,0.0,30.0,-0.0001084999999996,8.100000002286833e-06,1.45,83.0,36.5,0
44765,SO-0602,Constable Dinesh Chaudhary,Constable,39,2026-07-22 18:01:34+00:00,87.0,86.0,,21.3369614,72.7511872,16.30000114440918,-0.935,0.401,0.355,,0.0,0.0,0.0,,,,,0.0,0.0,30.0,-2.519999999961442e-05,-1.6000000002236447e-05,0.39,86.0,36.5,0
44767,SO-0602,Constable Dinesh Chaudhary,Constable,39,2026-07-22 18:02:04+00:00,90.0,87.0,,21.3374973,72.7512292,16.899999618530273,-1.011,-0.035,-0.111,,0.0,0.0,0.0,,,,,0.0,0.0,30.0,0.0005358999999991,4.199999999343618e-05,7.16,87.0,36.5,1
44769,SO-0602,Constable Dinesh Chaudhary,Constable,39,2026-07-22 18:02:34+00:00,100.0,86.0,,21.3374747,72.75123,16.899999618530273,-0.824,0.367,-0.321,,0.0,0.0,0.0,,,,,0.0,0.0,30.0,-2.2599999997652276e-05,8.000000093488779e-07,0.3,86.0,36.5,2
44771,SO-0602,Constable Dinesh Chaudhary,Constable,39,2026-07-22 18:03:04+00:00,89.0,88.0,,21.33696,72.7511874,16.30000114440918,-0.917,0.04,0.283,,0.0,0.0,0.0,,,,,0.0,0.0,30.0,-0.0005147,-4.2600000000447835e-05,6.88,88.0,36.5,1
44773,SO-0602,Constable Dinesh Chaudhary,Constable,39,2026-07-22 18:03:34+00:00,91.0,88.0,,21.33751,72.7512652,16.899999618530273,-0.961,0.102,0.166,,0.0,0.0,0.0,,,,,0.0,0.0,30.0,0.0005500000000004,7.779999999968368e-05,7.39,88.0,36.5,1
44775,SO-0602,Constable Dinesh Chaudhary,Constable,39,2026-07-22 18:04:04+00:00,81.0,88.0,,21.3373558,72.7512144,16.30000114440918,-0.985,0.0,-0.057,,0.0,0.0,0.0,,,,,0.0,0.0,30.0,-0.0001542000000007,-5.0800000011008706e-05,2.15,88.0,36.5,0
44777,SO-0602,Constable Dinesh Chaudhary,Constable,39,2026-07-22 18:04:34+00:00,83.0,88.0,,21.3374171,72.751215,17.19999885559082,-0.725,0.152,0.642,,0.0,0.0,0.0,,,,,0.0,0.0,30.0,6.129999999870961e-05,6.000000070116585e-07,0.82,88.0,36.5,0
44779,SO-0602,Constable Dinesh Chaudhary,Constable,39,2026-07-22 18:05:04+00:00,99.0,89.0,,21.3369659,72.7511908,16.30000114440918,-0.874,0.078,0.44,,0.0,0.0,0.0,,,,,0.0,0.0,30.0,-0.0004512000000005,-2.4199999998586463e-05,6.02,89.0,36.5,1
44780,SO-0602,Constable Dinesh Chaudhary,Constable,39,2026-07-22 18:05:34+00:00,94.0,88.0,,21.3374756,72.7512316,16.899999618530273,-0.745,0.547,0.364,,0.0,0.0,0.0,,,,,0.0,0.0,30.0,0.000509700000002,4.0799999993623715e-05,6.81,88.0,36.5,1
44783,SO-0602,Constable Dinesh Chaudhary,Constable,39,2026-07-22 18:06:04+00:00,100.0,88.0,,21.3375524,72.7512772,16.899999618530273,-0.989,0.041,-0.106,,0.0,0.0,0.0,,,,,0.0,0.0,30.0,7.679999999865572e-05,4.560000000708442e-05,1.18,88.0,36.5,2
44785,SO-0602,Constable Dinesh Chaudhary,Constable,39,2026-07-22 18:06:32+00:00,94.0,88.0,,21.3376164,72.7512428,17.19999885559082,-0.985,0.045,-0.093,,0.0,0.0,0.0,,,,,0.0,0.0,28.0,6.400000000184036e-05,-3.440000000409782e-05,1.03,88.0,36.5,2
44787,SO-0602,Constable Dinesh Chaudhary,Constable,39,2026-07-22 18:07:04+00:00,85.0,88.0,,21.3376063,72.7512534,16.899999618530273,-0.993,0.037,-0.069,,0.0,0.0,0.0,,,,,0.0,0.0,32.0,-1.0100000000790033e-05,1.059999999597494e-05,0.18,88.0,36.5,0
44789,SO-0602,Constable Dinesh Chaudhary,Constable,39,2026-07-22 18:07:33+00:00,90.0,88.0,,21.3373952,72.7512239,16.899999618530273,-0.734,0.426,-0.204,,0.0,0.0,0.0,,,,,0.0,0.0,29.0,-0.0002111000000013,-2.9499999996573933e-05,2.94,88.0,36.5,0
44791,SO-0602,Constable Dinesh Chaudhary,Constable,39,2026-07-22 18:08:06+00:00,89.0,86.0,,21.3376618,72.751351,16.899999618530273,-1.378,0.386,-1.026,,0.0,0.0,0.0,,,,,0.0,0.0,33.0,0.0002665999999997,0.0001271000000002,3.55,86.0,36.5,1
44793,SO-0602,Constable Dinesh Chaudhary,Constable,39,2026-07-22 18:08:34+00:00,86.0,70.0,,21.337655,72.7513379,16.899999618530273,-0.276,0.901,0.038,,0.0,0.0,0.0,,,,,0.0,0.0,28.0,-6.799999997753048e-06,-1.3100000003873902e-05,0.2,70.0,36.5,1
44795,SO-0602,Constable Dinesh Chaudhary,Constable,39,2026-07-22 18:09:04+00:00,81.0,85.0,,21.3376319,72.7513204,16.899999618530273,0.289,0.685,0.243,,0.0,0.0,0.0,,,,,0.0,0.0,30.0,-2.309999999994261e-05,-1.749999999844931e-05,0.38,85.0,36.5,1
44797,SO-0602,Constable Dinesh Chaudhary,Constable,39,2026-07-22 18:09:35+00:00,100.0,70.0,,21.3376521,72.7513262,16.899999618530273,-0.317,0.945,-0.017,,0.0,0.0,0.0,,,,,0.0,0.0,31.0,2.019999999802735e-05,5.7999999967250915e-06,0.27,70.0,36.5,1
44804,SO-0602,Constable Dinesh Chaudhary,Constable,39,2026-07-22 18:13:04+00:00,100.0,63.0,,21.3376161,72.751263,17.19999885559082,0.178,0.587,0.25,,0.0,0.0,0.0,,,,,0.0,0.0,209.0,-3.599999999792658e-05,-6.319999999959691e-05,0.14,63.0,36.5,1
44819,SO-0602,Constable Dinesh Chaudhary,Constable,39,2026-07-22 18:20:04+00:00,95.0,,,21.3376412,72.7513191,16.899999618530273,-0.251,-0.57,0.493,,0.0,0.0,0.0,,,,,0.0,0.0,420.0,2.509999999844581e-05,5.6100000008996176e-05,0.0,63.0,36.5,2
44821,SO-0602,Constable Dinesh Chaudhary,Constable,39,2026-07-22 18:20:34+00:00,87.0,,,21.3376348,72.7513051,16.899999618530273,-0.464,0.025,-0.93,,0.0,0.0,0.0,,,,,0.0,0.0,30.0,-6.400000000184036e-06,-1.4000000007285962e-05,0.2,63.0,36.5,0
44849,SO-0602,Constable Dinesh Chaudhary,Constable,39,2026-07-22 18:34:37+00:00,100.0,85.0,,21.3376211,72.7512674,16.899999618530273,-0.822,-0.22,0.249,,0.0,0.0,0.0,,,,,0.0,0.0,843.0,-1.370000000022742e-05,-3.769999999292395e-05,0.0,85.0,36.5,2
44850,SO-0602,Constable Dinesh Chaudhary,Constable,39,2026-07-22 18:35:04+00:00,100.0,87.0,,21.3376388,72.7513205,16.899999618530273,-0.751,0.666,-0.016,,0.0,0.0,0.0,,,,,0.0,0.0,27.0,1.770000000078653e-05,5.310000000235959e-05,0.8,87.0,36.5,2
44851,SO-0602,Constable Dinesh Chaudhary,Constable,39,2026-07-22 18:35:32+00:00,98.0,88.0,,21.3376163,72.7512416,17.19999885559082,-0.691,0.714,0.112,,0.0,0.0,0.0,,,,,0.0,0.0,28.0,-2.250000000003638e-05,-7.890000000543296e-05,1.13,88.0,36.5,2
44852,SO-0602,Constable Dinesh Chaudhary,Constable,39,2026-07-22 18:36:04+00:00,89.0,86.0,,21.3376306,72.7512809,16.899999618530273,-0.645,0.711,0.263,,0.0,0.0,0.0,,,,,0.0,0.0,32.0,1.430000000013365e-05,3.929999999741085e-05,0.51,86.0,36.5,0
44853,SO-0602,Constable Dinesh Chaudhary,Constable,39,2026-07-22 18:36:34+00:00,88.0,87.0,,21.337652,72.7513243,16.69999885559082,-0.242,1.024,0.003,,0.0,0.0,0.0,,,,,0.0,0.0,30.0,2.1399999997839817e-05,4.339999999558586e-05,0.63,87.0,36.5,0
44854,SO-0602,Constable Dinesh Chaudhary,Constable,39,2026-07-22 18:37:07+00:00,97.0,88.0,,21.337652,72.7513243,16.69999885559082,-0.265,0.956,0.026,,0.0,0.0,0.0,,,,,0.0,0.0,33.0,0.0,0.0,0.0,88.0,36.5,2
44855,SO-0602,Constable Dinesh Chaudhary,Constable,39,2026-07-22 18:37:32+00:00,100.0,87.0,,21.3376167,72.7512392,17.19999885559082,-0.396,0.931,-0.022,,0.0,0.0,0.0,,,,,0.0,0.0,25.0,-3.529999999685174e-05,-8.509999999262163e-05,1.43,87.0,36.5,2
44856,SO-0602,Constable Dinesh Chaudhary,Constable,39,2026-07-22 18:38:07+00:00,100.0,88.0,,21.3376167,72.7512392,17.19999885559082,-0.716,-0.366,0.096,,0.0,0.0,0.0,,,,,0.0,0.0,35.0,0.0,0.0,0.0,88.0,36.5,2
44857,SO-0602,Constable Dinesh Chaudhary,Constable,39,2026-07-22 18:38:34+00:00,88.0,85.0,,21.3376162,72.7512896,16.899999618530273,-0.362,-0.083,0.96,,0.0,0.0,0.0,,,,,0.0,0.0,27.0,-5.00000002290335e-07,5.040000000633427e-05,0.72,85.0,36.5,0
44858,SO-0602,Constable Dinesh Chaudhary,Constable,39,2026-07-22 18:39:04+00:00,86.0,88.0,,21.3376154,72.7512652,17.19999885559082,-0.973,0.062,0.061,,0.0,0.0,0.0,,,,,0.0,0.0,30.0,-7.999999986907369e-07,-2.4400000000923683e-05,0.31,88.0,36.5,0
44859,SO-0602,Constable Dinesh Chaudhary,Constable,39,2026-07-22 18:39:35+00:00,97.0,84.0,,21.3376288,72.7512748,17.19999885559082,-0.546,0.633,0.516,,0.0,0.0,0.0,,,,,0.0,0.0,31.0,1.3400000000274304e-05,9.599999998499698e-06,0.21,84.0,36.5,2
44860,SO-0602,Constable Dinesh Chaudhary,Constable,39,2026-07-22 18:40:04+00:00,94.0,88.0,,21.3376159,72.7512678,17.19999885559082,0.165,0.98,0.163,,0.0,0.0,0.0,,,,,0.0,0.0,29.0,-1.2900000001536682e-05,-7.000000010748408e-06,0.2,88.0,36.5,2
44861,SO-0602,Constable Dinesh Chaudhary,Constable,39,2026-07-22 18:40:34+00:00,87.0,86.0,,21.3376154,72.7512715,17.19999885559082,0.121,0.969,0.197,,0.0,0.0,0.0,,,,,0.0,0.0,30.0,-4.999999987376214e-07,3.700000007711424e-06,0.05,86.0,36.5,0
44862,SO-0602,Constable Dinesh Chaudhary,Constable,39,2026-07-22 18:41:04+00:00,100.0,88.0,,21.3376153,72.7512755,17.19999885559082,0.146,0.972,0.191,,0.0,0.0,0.0,,,,,0.0,0.0,30.0,-1.0000000116860974e-07,4.0000000041118255e-06,0.05,88.0,36.5,2
44863,SO-0602,Constable Dinesh Chaudhary,Constable,39,2026-07-22 18:41:34+00:00,100.0,88.0,,21.3376158,72.7512817,16.899999618530273,0.193,0.997,0.099,,0.0,0.0,0.0,,,,,0.0,0.0,30.0,4.999999987376214e-07,6.2000000013995304e-06,0.08,88.0,36.5,2
44864,SO-0602,Constable Dinesh Chaudhary,Constable,39,2026-07-22 18:42:05+00:00,88.0,88.0,,21.3376167,72.7512392,17.19999885559082,-1.234,-0.533,-0.134,,0.0,0.0,0.0,,,,,0.0,0.0,31.0,9.000000034120603e-07,-4.250000000638465e-05,0.53,88.0,36.5,0
44865,SO-0602,Constable Dinesh Chaudhary,Constable,39,2026-07-22 18:42:34+00:00,91.0,88.0,,21.3376162,72.7512837,16.899999618530273,0.088,0.967,0.243,,0.0,0.0,0.0,,,,,0.0,0.0,29.0,-5.00000002290335e-07,4.450000000133514e-05,0.59,88.0,36.5,2
44866,SO-0602,Constable Dinesh Chaudhary,Constable,39,2026-07-22 18:43:04+00:00,96.0,88.0,,21.3376217,72.7512884,16.899999618530273,0.185,0.956,0.165,,0.0,0.0,0.0,,,,,0.0,0.0,30.0,5.50000000032469e-06,4.700000005186666e-06,0.09,88.0,36.5,2
44867,SO-0602,Constable Dinesh Chaudhary,Constable,39,2026-07-22 18:43:34+00:00,94.0,86.0,,21.3376163,72.7512943,16.899999618530273,0.151,0.982,0.137,,0.0,0.0,0.0,,,,,0.0,0.0,30.0,-5.39999999915608e-06,5.899999990788274e-06,0.1,86.0,36.5,2
44868,SO-0602,Constable Dinesh Chaudhary,Constable,39,2026-07-22 18:44:04+00:00,99.0,88.0,,21.3376163,72.7512943,16.899999618530273,0.09,0.939,0.235,,0.0,0.0,0.0,,,,,0.0,0.0,30.0,0.0,0.0,0.0,88.0,36.5,2
44869,SO-0602,Constable Dinesh Chaudhary,Constable,39,2026-07-22 18:44:34+00:00,99.0,88.0,,21.3376217,72.7513081,16.899999618530273,0.146,0.939,0.3,,0.0,0.0,0.0,,,,,0.0,0.0,30.0,5.39999999915608e-06,1.3800000004948744e-05,0.19,88.0,36.5,2
44870,SO-0602,Constable Dinesh Chaudhary,Constable,39,2026-07-22 18:45:04+00:00,98.0,88.0,,21.3376159,72.7512586,17.19999885559082,0.233,0.957,0.192,,0.0,0.0,0.0,,,,,0.0,0.0,30.0,-5.800000000277805e-06,-4.9500000002922206e-05,0.64,88.0,36.5,2
44871,SO-0602,Constable Dinesh Chaudhary,Constable,39,2026-07-22 18:45:34+00:00,97.0,88.0,,21.3376294,72.7512759,16.899999618530273,-0.331,0.812,0.459,,0.0,0.0,0.0,,,,,0.0,0.0,30.0,1.3500000001442912e-05,1.7299999996112092e-05,0.29,88.0,36.5,2
44872,SO-0602,Constable Dinesh Chaudhary,Constable,39,2026-07-22 18:46:06+00:00,96.0,88.0,,21.3376393,72.7512922,16.899999618530273,0.056,0.976,0.149,,0.0,0.0,0.0,,,,,0.0,0.0,32.0,9.899999998452811e-06,1.629999999863685e-05,0.23,88.0,36.5,2
44873,SO-0602,Constable Dinesh Chaudhary,Constable,39,2026-07-22 18:46:37+00:00,84.0,87.0,,21.337631,72.7512823,16.899999618530273,-0.869,-0.221,-0.459,,0.0,0.0,0.0,,,,,0.0,0.0,31.0,-8.30000000107134e-06,-9.8999999949001e-06,0.16,87.0,36.5,0
44874,SO-0602,Constable Dinesh Chaudhary,Constable,39,2026-07-22 18:47:02+00:00,92.0,88.0,,21.3376172,72.7512462,17.19999885559082,-0.726,-0.047,-0.712,,0.0,0.0,0.0,,,,,0.0,0.0,25.0,-1.3799999997843315e-05,-3.61000000026479e-05,0.6,88.0,36.5,2
44875,SO-0602,Constable Dinesh Chaudhary,Constable,39,2026-07-22 18:47:34+00:00,96.0,87.0,,21.3376347,72.7512937,16.899999618530273,-0.821,-0.187,-0.559,,0.0,0.0,0.0,,,,,0.0,0.0,32.0,1.749999999844931e-05,4.750000000797172e-05,0.61,87.0,36.5,2
44876,SO-0602,Constable Dinesh Chaudhary,Constable,39,2026-07-22 18:48:05+00:00,96.0,88.0,,21.3376209,72.7513001,16.899999618530273,-0.782,-0.195,-0.609,,0.0,0.0,0.0,,,,,0.0,0.0,31.0,-1.3799999997843315e-05,6.399999989525895e-06,0.19,88.0,36.5,2
44877,SO-0602,Constable Dinesh Chaudhary,Constable,39,2026-07-22 18:48:34+00:00,97.0,88.0,,21.3376318,72.7512931,16.899999618530273,-0.809,-0.265,-0.557,,0.0,0.0,0.0,,,,,0.0,0.0,29.0,1.089999999948077e-05,-6.999999996537554e-06,0.18,88.0,36.5,2
44878,SO-0602,Constable Dinesh Chaudhary,Constable,39,2026-07-22 18:49:04+00:00,94.0,88.0,,21.3376527,72.751327,16.899999618530273,-0.844,-0.209,-0.502,,0.0,0.0,0.0,,,,,0.0,0.0,30.0,2.0899999999102192e-05,3.39000000053602e-05,0.52,88.0,36.5,2
44879,SO-0602,Constable Dinesh Chaudhary,Constable,39,2026-07-22 18:49:35+00:00,95.0,85.0,,21.3376406,72.7513263,16.899999618530273,-0.559,0.309,0.745,,0.0,0.0,0.0,,,,,0.0,0.0,31.0,-1.2099999999293232e-05,-7.000000010748408e-07,0.16,85.0,36.5,2
44880,SO-0602,Constable Dinesh Chaudhary,Constable,39,2026-07-22 18:50:02+00:00,90.0,80.0,,21.3376164,72.7512409,17.19999885559082,-0.406,0.657,0.661,,0.0,0.0,0.0,,,,,0.0,0.0,27.0,-2.4199999998586463e-05,-8.540000000323289e-05,1.27,80.0,36.5,0
44881,SO-0602,Constable Dinesh Chaudhary,Constable,39,2026-07-22 18:50:35+00:00,94.0,88.0,,21.3370293,72.7513273,16.499998092651367,-0.785,0.207,0.546,,0.0,0.0,0.0,,,,,0.0,0.0,33.0,-0.0005871000000006,8.640000000070813e-05,7.18,88.0,36.5,1
44882,SO-0602,Constable Dinesh Chaudhary,Constable,39,2026-07-22 18:51:06+00:00,91.0,83.0,,21.3369579,72.7511855,16.30000114440918,-0.895,0.357,0.209,,0.0,0.0,0.0,,,,,0.0,0.0,31.0,-7.139999999949964e-05,-0.0001417999999944,1.99,83.0,36.5,2
44883,SO-0602,Constable Dinesh Chaudhary,Constable,39,2026-07-22 18:51:34+00:00,98.0,88.0,,21.3369911,72.7511512,16.30000114440918,0.284,-0.327,0.888,,0.0,0.0,0.0,,,,,0.0,0.0,28.0,3.319999999717993e-05,-3.430000001003464e-05,0.67,88.0,36.5,2
44884,SO-0602,Constable Dinesh Chaudhary,Constable,39,2026-07-22 18:52:04+00:00,94.0,87.0,,21.3372031,72.7512428,16.899999618530273,-1.005,-0.118,-0.098,,0.0,0.0,0.0,,,,,0.0,0.0,30.0,0.0002120000000012,9.160000000463242e-05,3.06,87.0,36.5,2
44885,SO-0602,Constable Dinesh Chaudhary,Constable,39,2026-07-22 18:52:34+00:00,99.0,88.0,,21.3371103,72.7512156,16.899999618530273,-0.797,0.229,0.561,,0.0,0.0,0.0,,,,,0.0,0.0,30.0,-9.280000000089216e-05,-2.720000000522305e-05,1.28,88.0,36.5,2
44886,SO-0602,Constable Dinesh Chaudhary,Constable,39,2026-07-22 18:53:07+00:00,94.0,85.0,,21.3373511,72.7512105,16.899999618530273,-0.862,-0.064,-0.509,,0.0,0.0,0.0,,,,,0.0,0.0,33.0,0.0002408000000002,-5.099999995650251e-06,2.92,85.0,36.5,2
44887,SO-0602,Constable Dinesh Chaudhary,Constable,39,2026-07-22 18:53:37+00:00,100.0,88.0,,21.337025,72.7511939,16.899999618530273,-0.958,-0.055,-0.193,,0.0,0.0,0.0,,,,,0.0,0.0,30.0,-0.0003260999999987,-1.659999999503725e-05,4.35,88.0,36.5,2
44888,SO-0602,Constable Dinesh Chaudhary,Constable,39,2026-07-22 18:54:02+00:00,94.0,86.0,,21.3372238,72.7512231,17.19999885559082,-0.635,-0.69,-0.275,,0.0,0.0,0.0,,,,,0.0,0.0,25.0,0.0001987999999997,2.920000000017353e-05,3.21,86.0,36.5,2
44889,SO-0602,Constable Dinesh Chaudhary,Constable,39,2026-07-22 18:54:34+00:00,81.0,88.0,,21.3375417,72.7512379,16.899999618530273,-0.731,-0.13,-0.689,,0.0,0.0,0.0,,,,,0.0,0.0,32.0,0.0003178999999988,1.4800000002423984e-05,3.97,88.0,36.5,0
44890,SO-0602,Constable Dinesh Chaudhary,Constable,39,2026-07-22 18:55:04+00:00,97.0,68.0,,21.3374456,72.7512372,16.899999618530273,-0.919,0.286,0.208,,0.0,0.0,0.0,,,,,0.0,0.0,30.0,-9.610000000037644e-05,-7.000000010748408e-07,1.28,68.0,36.5,2
44891,SO-0602,Constable Dinesh Chaudhary,Constable,39,2026-07-22 18:55:35+00:00,92.0,84.0,,21.3376296,72.7512772,16.899999618530273,-0.752,-0.206,-0.641,,0.0,0.0,0.0,,,,,0.0,0.0,31.0,0.0001840000000008,3.999999999848569e-05,2.42,84.0,36.5,2
44892,SO-0602,Constable Dinesh Chaudhary,Constable,39,2026-07-22 18:56:02+00:00,91.0,79.0,,21.3375581,72.7512238,17.19999885559082,-0.739,-0.21,-0.657,,0.0,0.0,0.0,,,,,0.0,0.0,27.0,-7.150000000066825e-05,-5.3399999998759995e-05,1.3,79.0,36.5,2
44893,SO-0602,Constable Dinesh Chaudhary,Constable,39,2026-07-22 18:56:35+00:00,82.0,87.0,,21.3372698,72.7512237,16.899999618530273,-0.928,0.231,0.321,,0.0,0.0,0.0,,,,,0.0,0.0,33.0,-0.0002882999999975,-1.000000082740371e-07,3.49,87.0,36.5,0
44894,SO-0602,Constable Dinesh Chaudhary,Constable,39,2026-07-22 18:57:04+00:00,81.0,88.0,,21.33755,72.751257,16.69999885559082,-0.908,0.269,0.607,,0.0,0.0,0.0,,,,,0.0,0.0,29.0,0.0002801999999988,3.329999999834854e-05,3.89,88.0,36.5,0
44895,SO-0602,Constable Dinesh Chaudhary,Constable,39,2026-07-22 18:57:34+00:00,98.0,88.0,,21.3371713,72.7513646,16.499998092651367,-0.677,-0.294,-0.694,,0.0,0.0,0.0,,,,,0.0,0.0,30.0,-0.0003786999999988,0.0001076000000068,5.23,88.0,36.5,1
44896,SO-0602,Constable Dinesh Chaudhary,Constable,39,2026-07-22 18:58:05+00:00,98.0,88.0,,21.3375532,72.7513283,16.899999618530273,-0.729,-0.286,-0.644,,0.0,0.0,0.0,,,,,0.0,0.0,31.0,0.0003818999999971,-3.630000000498512e-05,4.94,88.0,36.5,1
44897,SO-0602,Constable Dinesh Chaudhary,Constable,39,2026-07-22 18:58:35+00:00,100.0,87.0,,21.3374823,72.7513181,16.899999618530273,-0.797,-0.269,-0.571,,0.0,0.0,0.0,,,,,0.0,0.0,30.0,-7.08999999972093e-05,-1.01999999913005e-05,0.95,87.0,36.5,2
44898,SO-0602,Constable Dinesh Chaudhary,Constable,39,2026-07-22 18:59:04+00:00,96.0,85.0,,21.3372091,72.751439,16.499998092651367,-0.841,-0.234,-0.499,,0.0,0.0,0.0,,,,,0.0,0.0,29.0,-0.0002732000000023,0.0001208999999988,4.09,85.0,36.5,2
44899,SO-0602,Constable Dinesh Chaudhary,Constable,39,2026-07-22 18:59:34+00:00,100.0,88.0,,21.3375853,72.7512576,16.899999618530273,-0.856,-0.246,-0.456,,0.0,0.0,0.0,,,,,0.0,0.0,30.0,0.0003762000000016,-0.0001814000000024,5.53,88.0,36.5,1
44900,SO-0602,Constable Dinesh Chaudhary,Constable,39,2026-07-22 19:00:03+00:00,91.0,89.0,,21.3376164,72.7512404,17.19999885559082,-0.792,-0.271,-0.568,,0.0,0.0,0.0,,,,,0.0,0.0,29.0,3.1100000001060835e-05,-1.720000000204891e-05,0.49,89.0,36.5,2
44901,SO-0602,Constable Dinesh Chaudhary,Constable,39,2026-07-22 19:00:34+00:00,100.0,88.0,,21.337254,72.7514678,16.499998092651367,-0.779,-0.257,-0.584,,0.0,0.0,0.0,,,,,0.0,0.0,31.0,-0.0003624000000002,0.0002273999999999,5.46,88.0,36.5,1
44902,SO-0602,Constable Dinesh Chaudhary,Constable,39,2026-07-22 19:01:05+00:00,100.0,88.0,,21.3375416,72.7512852,16.69999885559082,-0.792,-0.287,-0.531,,0.0,0.0,0.0,,,,,0.0,0.0,31.0,0.0002876,-0.0001826000000022,4.35,88.0,36.5,2
44903,SO-0602,Constable Dinesh Chaudhary,Constable,39,2026-07-22 19:01:34+00:00,99.0,88.0,,21.3375683,72.7512771,16.69999885559082,-0.863,-0.196,-0.473,,0.0,0.0,0.0,,,,,0.0,0.0,29.0,2.6699999999379997e-05,-8.100000002286833e-06,0.38,88.0,36.5,2
44904,SO-0602,Constable Dinesh Chaudhary,Constable,39,2026-07-22 19:02:04+00:00,93.0,86.0,,21.3375671,72.7512933,16.69999885559082,-0.809,-0.236,-0.548,,0.0,0.0,0.0,,,,,0.0,0.0,30.0,-1.1999999998124622e-06,1.6200000004573667e-05,0.21,86.0,36.5,2
44905,SO-0602,Constable Dinesh Chaudhary,Constable,39,2026-07-22 19:02:34+00:00,100.0,86.0,,21.3375404,72.7513104,16.899999618530273,-0.821,-0.26,-0.526,,0.0,0.0,0.0,,,,,0.0,0.0,30.0,-2.6699999999379997e-05,1.7099999993774873e-05,0.42,86.0,36.5,2
44906,SO-0602,Constable Dinesh Chaudhary,Constable,39,2026-07-22 19:03:04+00:00,88.0,88.0,,21.3376088,72.7512991,16.899999618530273,-0.823,-0.243,-0.532,,0.0,0.0,0.0,,,,,0.0,0.0,30.0,6.839999999996849e-05,-1.129999999704978e-05,0.92,88.0,36.5,0
44907,SO-0602,Constable Dinesh Chaudhary,Constable,39,2026-07-22 19:03:34+00:00,100.0,88.0,,21.3372115,72.7514077,16.499998092651367,-0.823,-0.232,-0.523,,0.0,0.0,0.0,,,,,0.0,0.0,30.0,-0.000397300000003,0.0001086000000043,5.47,88.0,36.5,1
44908,SO-0602,Constable Dinesh Chaudhary,Constable,39,2026-07-22 19:04:04+00:00,95.0,87.0,,21.3375934,72.751247,16.899999618530273,-0.763,-0.254,-0.629,,0.0,0.0,0.0,,,,,0.0,0.0,30.0,0.0003819000000007,-0.000160699999995,5.49,87.0,36.5,1
44909,SO-0602,Constable Dinesh Chaudhary,Constable,39,2026-07-22 19:04:34+00:00,91.0,88.0,,21.3375412,72.7512226,16.899999618530273,-0.767,-0.257,-0.599,,0.0,0.0,0.0,,,,,0.0,0.0,30.0,-5.219999999894753e-05,-2.4400000000923683e-05,0.76,88.0,36.5,2
44910,SO-0602,Constable Dinesh Chaudhary,Constable,39,2026-07-22 19:05:07+00:00,87.0,82.0,,21.3374739,72.7512611,16.899999618530273,-0.759,-0.27,-0.614,,0.0,0.0,0.0,,,,,0.0,0.0,33.0,-6.730000000132463e-05,3.849999998806197e-05,0.93,82.0,36.5,0
44911,SO-0602,Constable Dinesh Chaudhary,Constable,39,2026-07-22 19:05:34+00:00,83.0,88.0,,21.3375714,72.7512688,16.899999618530273,-0.734,-0.281,-0.63,,0.0,0.0,0.0,,,,,0.0,0.0,27.0,9.750000000252612e-05,7.70000001182325e-06,1.45,88.0,36.5,0
44912,SO-0602,Constable Dinesh Chaudhary,Constable,39,2026-07-22 19:06:04+00:00,92.0,88.0,,21.3375033,72.7511831,16.899999618530273,-0.81,-0.235,-0.557,,0.0,0.0,0.0,,,,,0.0,0.0,30.0,-6.810000000001537e-05,-8.569999999963329e-05,1.43,88.0,36.5,2
44913,SO-0602,Constable Dinesh Chaudhary,Constable,39,2026-07-22 19:06:34+00:00,95.0,88.0,,21.3374963,72.7513031,16.899999618530273,-0.795,-0.262,-0.58,,0.0,0.0,0.0,,,,,0.0,0.0,30.0,-7.000000000090267e-06,0.0001199999999954,1.54,88.0,36.5,2
44914,SO-0602,Constable Dinesh Chaudhary,Constable,39,2026-07-22 19:07:04+00:00,96.0,88.0,,21.3375546,72.7513259,16.69999885559082,-0.793,-0.244,-0.543,,0.0,0.0,0.0,,,,,0.0,0.0,30.0,5.8299999999178453e-05,2.279999999643678e-05,0.83,88.0,36.5,2
44915,SO-0602,Constable Dinesh Chaudhary,Constable,39,2026-07-22 19:07:34+00:00,81.0,88.0,,21.3375576,72.7512541,16.899999618530273,-0.664,-0.321,-0.701,,0.0,0.0,0.0,,,,,0.0,0.0,30.0,2.9999999995311555e-06,-7.180000000062137e-05,0.92,88.0,36.5,0
44916,SO-0602,Constable Dinesh Chaudhary,Constable,39,2026-07-22 19:08:04+00:00,94.0,85.0,,21.337514,72.7512924,16.899999618530273,-1.034,-0.263,0.106,,0.0,0.0,0.0,,,,,0.0,0.0,30.0,-4.360000000147579e-05,3.829999999993561e-05,0.76,85.0,36.5,2
44917,SO-0602,Constable Dinesh Chaudhary,Constable,39,2026-07-22 19:08:34+00:00,97.0,88.0,,21.3376165,72.7512438,17.19999885559082,-0.801,-0.399,-0.466,,0.0,0.0,0.0,,,,,0.0,0.0,30.0,0.0001025000000005,-4.8599999999510146e-05,1.5,88.0,36.5,2
44918,SO-0602,Constable Dinesh Chaudhary,Constable,39,2026-07-22 19:09:04+00:00,97.0,88.0,,21.3375726,72.7512555,16.899999618530273,-0.773,-0.391,-0.51,,0.0,0.0,0.0,,,,,0.0,0.0,30.0,-4.3899999997876193e-05,1.170000000172422e-05,0.6,88.0,36.5,2
44919,SO-0602,Constable Dinesh Chaudhary,Constable,39,2026-07-22 19:09:34+00:00,81.0,88.0,,21.3375205,72.751249,16.899999618530273,-0.898,-0.186,-0.457,,0.0,0.0,0.0,,,,,0.0,0.0,30.0,-5.210000000133164e-05,-6.499999997799932e-06,0.7,88.0,36.5,0
44920,SO-0602,Constable Dinesh Chaudhary,Constable,39,2026-07-22 19:10:06+00:00,86.0,85.0,,21.3370648,72.7513602,16.499998092651367,-0.671,-0.108,-0.743,,0.0,0.0,0.0,,,,,0.0,0.0,32.0,-0.0004556999999998,0.000111199999992,5.85,85.0,36.5,1
44921,SO-0602,Constable Dinesh Chaudhary,Constable,39,2026-07-22 19:10:32+00:00,99.0,82.0,,21.3371818,72.751322,16.499998092651367,-0.964,0.51,0.124,,0.0,0.0,0.0,,,,,0.0,0.0,26.0,0.0001169999999994,-3.819999999166157e-05,1.89,82.0,36.5,2
44922,SO-0602,Constable Dinesh Chaudhary,Constable,39,2026-07-22 19:11:02+00:00,89.0,88.0,,21.3374792,72.7513026,16.499998092651367,-0.834,1.073,0.459,,0.0,0.0,0.0,,,,,0.0,0.0,30.0,0.0002974000000008,-1.9399999999336615e-05,3.97,88.0,36.5,0
44923,SO-0602,Constable Dinesh Chaudhary,Constable,39,2026-07-22 19:11:34+00:00,100.0,88.0,,21.3375537,72.7512543,16.69999885559082,-0.402,0.54,0.724,,0.0,0.0,0.0,,,,,0.0,0.0,32.0,7.45000000001994e-05,-4.8300000003109744e-05,1.1,88.0,36.5,2
44924,SO-0602,Constable Dinesh Chaudhary,Constable,39,2026-07-22 19:12:04+00:00,98.0,88.0,,21.3376023,72.7512363,16.899999618530273,-0.117,0.867,0.43,,0.0,0.0,0.0,,,,,0.0,0.0,30.0,4.8599999999510146e-05,-1.7999999997186933e-05,0.69,88.0,36.5,2
44925,SO-0602,Constable Dinesh Chaudhary,Constable,39,2026-07-22 19:12:37+00:00,84.0,88.0,,21.3376023,72.7512363,16.899999618530273,-0.928,-0.242,-0.293,,0.0,0.0,0.0,,,,,0.0,0.0,33.0,0.0,0.0,0.0,88.0,36.5,0
44926,SO-0602,Constable Dinesh Chaudhary,Constable,39,2026-07-22 19:13:04+00:00,100.0,88.0,,21.3375058,72.751238,16.899999618530273,-0.848,-0.245,-0.482,,0.0,0.0,0.0,,,,,0.0,0.0,27.0,-9.650000000149817e-05,1.6999999985500835e-06,1.43,88.0,36.5,2
44927,SO-0602,Constable Dinesh Chaudhary,Constable,39,2026-07-22 19:13:34+00:00,88.0,85.0,,21.3375989,72.751342,16.69999885559082,-0.871,-0.246,-0.462,,0.0,0.0,0.0,,,,,0.0,0.0,30.0,9.310000000084528e-05,0.0001039999999932,1.82,85.0,36.5,0
44928,SO-0602,Constable Dinesh Chaudhary,Constable,39,2026-07-22 19:14:04+00:00,92.0,88.0,,21.3375451,72.7512437,16.899999618530273,-0.221,0.826,0.488,,0.0,0.0,0.0,,,,,0.0,0.0,30.0,-5.379999999988172e-05,-9.829999999055872e-05,1.45,88.0,36.5,2
44929,SO-0602,Constable Dinesh Chaudhary,Constable,39,2026-07-22 19:14:32+00:00,83.0,88.0,,21.3375894,72.7512351,17.19999885559082,-0.987,-0.576,-0.362,,0.0,0.0,0.0,,,,,0.0,0.0,28.0,4.429999999899792e-05,-8.600000001024455e-06,0.64,88.0,36.5,0
44930,SO-0602,Constable Dinesh Chaudhary,Constable,39,2026-07-22 19:15:02+00:00,98.0,87.0,,21.3376175,72.7512453,17.19999885559082,-1.262,-0.497,-0.452,,0.0,0.0,0.0,,,,,0.0,0.0,30.0,2.810000000152968e-05,1.01999999913005e-05,0.4,87.0,36.5,2
44931,SO-0602,Constable Dinesh Chaudhary,Constable,39,2026-07-22 19:15:34+00:00,93.0,88.0,,21.3375056,72.7512779,16.899999618530273,-0.427,0.731,0.54,,0.0,0.0,0.0,,,,,0.0,0.0,32.0,-0.0001119000000002,3.2600000011484553e-05,1.45,88.0,36.5,2
44932,SO-0602,Constable Dinesh Chaudhary,Constable,39,2026-07-22 19:16:03+00:00,87.0,88.0,,21.3374629,72.7512914,16.899999618530273,-0.852,-0.44,-0.169,,0.0,0.0,0.0,,,,,0.0,0.0,29.0,-4.2700000001616445e-05,1.3499999994337486e-05,0.62,88.0,36.5,0
44933,SO-0602,Constable Dinesh Chaudhary,Constable,39,2026-07-22 19:16:34+00:00,100.0,88.0,,21.3374865,72.7512959,16.499998092651367,-0.928,-0.326,-0.168,,0.0,0.0,0.0,,,,,0.0,0.0,31.0,2.3600000002232943e-05,4.500000002849447e-06,0.31,88.0,36.5,2
44934,SO-0602,Constable Dinesh Chaudhary,Constable,39,2026-07-22 19:17:04+00:00,82.0,88.0,,21.3375788,72.7512417,16.69999885559082,-0.937,-0.292,-0.199,,0.0,0.0,0.0,,,,,0.0,0.0,30.0,9.229999999860183e-05,-5.420000000810887e-05,1.41,88.0,36.5,0
44935,SO-0602,Constable Dinesh Chaudhary,Constable,39,2026-07-22 19:17:35+00:00,86.0,88.0,,21.3376105,72.7513115,16.899999618530273,-0.902,-0.312,-0.295,,0.0,0.0,0.0,,,,,0.0,0.0,31.0,3.1700000000967066e-05,6.980000000567088e-05,0.96,88.0,36.5,0
44936,SO-0602,Constable Dinesh Chaudhary,Constable,39,2026-07-22 19:18:04+00:00,96.0,88.0,,21.3374722,72.7513851,16.69999885559082,-0.879,-0.303,-0.359,,0.0,0.0,0.0,,,,,0.0,0.0,29.0,-0.0001382999999997,7.359999999323463e-05,2.14,88.0,36.5,2
44937,SO-0602,Constable Dinesh Chaudhary,Constable,39,2026-07-22 19:18:34+00:00,97.0,88.0,,21.3375848,72.7512923,16.899999618530273,-0.895,-0.276,-0.357,,0.0,0.0,0.0,,,,,0.0,0.0,30.0,0.0001125999999977,-9.279999999023404e-05,1.92,88.0,36.5,2
44938,SO-0602,Constable Dinesh Chaudhary,Constable,39,2026-07-22 19:19:04+00:00,95.0,88.0,,21.3374141,72.751211,17.19999885559082,-1.043,0.142,0.243,,0.0,0.0,0.0,,,,,0.0,0.0,30.0,-0.0001706999999981,-8.130000000505788e-05,2.5,88.0,36.5,2
44939,SO-0602,Constable Dinesh Chaudhary,Constable,39,2026-07-22 19:19:35+00:00,100.0,85.0,,21.3372215,72.7513714,16.499998092651367,-0.891,-0.273,-0.365,,0.0,0.0,0.0,,,,,0.0,0.0,31.0,-0.0001926000000018,0.0001603999999986,3.18,85.0,36.5,2
44940,SO-0602,Constable Dinesh Chaudhary,Constable,39,2026-07-22 19:20:05+00:00,89.0,85.0,,21.3374531,72.7512423,16.899999618530273,-0.446,0.506,-0.748,,0.0,0.0,0.0,,,,,0.0,0.0,30.0,0.0002316000000028,-0.0001290999999952,3.5,85.0,36.5,0
44941,SO-0602,Constable Dinesh Chaudhary,Constable,39,2026-07-22 19:20:35+00:00,91.0,89.0,,21.3376126,72.7512403,17.19999885559082,-0.607,0.565,0.565,,0.0,0.0,0.0,,,,,0.0,0.0,30.0,0.0001594999999987,-1.9999999949504854e-06,2.12,89.0,36.5,2
44942,SO-0602,Constable Dinesh Chaudhary,Constable,39,2026-07-22 19:21:04+00:00,88.0,88.0,,21.3375734,72.7512753,16.899999618530273,-0.776,-0.218,-0.577,,0.0,0.0,0.0,,,,,0.0,0.0,29.0,-3.9199999999794954e-05,3.499999999689862e-05,0.71,88.0,36.5,0
44943,SO-0602,Constable Dinesh Chaudhary,Constable,39,2026-07-22 19:21:34+00:00,94.0,88.0,,21.3375253,72.7512838,16.899999618530273,-0.758,-0.178,-0.658,,0.0,0.0,0.0,,,,,0.0,0.0,30.0,-4.8100000000772525e-05,8.499999992750418e-06,0.65,88.0,36.5,2
44944,SO-0602,Constable Dinesh Chaudhary,Constable,39,2026-07-22 19:22:04+00:00,82.0,88.0,,21.337501,72.7513129,16.899999618530273,-0.747,-0.119,-0.602,,0.0,0.0,0.0,,,,,0.0,0.0,30.0,-2.4299999999755073e-05,2.910000000611035e-05,0.49,88.0,36.5,0
44945,SO-0602,Constable Dinesh Chaudhary,Constable,39,2026-07-22 19:22:35+00:00,85.0,88.0,,21.3376166,72.7512374,17.19999885559082,-0.876,0.341,0.285,,0.0,0.0,0.0,,,,,0.0,0.0,31.0,0.0001156000000008,-7.550000000833279e-05,1.76,88.0,36.5,0
44946,SO-0602,Constable Dinesh Chaudhary,Constable,39,2026-07-22 19:23:04+00:00,93.0,88.0,,21.3373131,72.751308,16.499998092651367,-0.828,-0.276,-0.418,,0.0,0.0,0.0,,,,,0.0,0.0,29.0,-0.0003035000000011,7.06000000008089e-05,4.29,88.0,36.5,2
44947,SO-0602,Constable Dinesh Chaudhary,Constable,39,2026-07-22 19:23:32+00:00,81.0,88.0,,21.3376167,72.7512392,17.19999885559082,-0.828,-0.104,-0.566,,0.0,0.0,0.0,,,,,0.0,0.0,28.0,0.0003036000000022,-6.879999999398478e-05,4.43,88.0,36.5,0
44948,SO-0602,Constable Dinesh Chaudhary,Constable,39,2026-07-22 19:24:02+00:00,98.0,88.0,,21.3375884,72.7512373,16.899999618530273,-0.795,-0.202,-0.589,,0.0,0.0,0.0,,,,,0.0,0.0,30.0,-2.8300000000314185e-05,-1.900000000887303e-06,0.38,88.0,36.5,2
44949,SO-0602,Constable Dinesh Chaudhary,Constable,39,2026-07-22 19:24:35+00:00,90.0,88.0,,21.3376173,72.7512712,17.19999885559082,-0.931,-0.287,-0.12,,0.0,0.0,0.0,,,,,0.0,0.0,33.0,2.8900000000220416e-05,3.39000000053602e-05,0.53,88.0,36.5,0
44950,SO-0602,Constable Dinesh Chaudhary,Constable,39,2026-07-22 19:25:05+00:00,89.0,88.0,,21.3375161,72.7512132,17.19999885559082,-1.062,0.105,-0.763,,0.0,0.0,0.0,,,,,0.0,0.0,30.0,-0.0001012000000031,-5.800000000988348e-05,1.54,88.0,36.5,0
44951,SO-0602,Constable Dinesh Chaudhary,Constable,39,2026-07-22 19:25:34+00:00,96.0,85.0,,21.3372186,72.7514498,16.499998092651367,-0.858,-0.203,-0.472,,0.0,0.0,0.0,,,,,0.0,0.0,29.0,-0.0002974999999985,0.000236600000008,5.16,85.0,36.5,1
44952,SO-0602,Constable Dinesh Chaudhary,Constable,39,2026-07-22 19:26:04+00:00,92.0,88.0,,21.3375433,72.7512238,17.19999885559082,-0.678,0.456,0.409,,0.0,0.0,0.0,,,,,0.0,0.0,30.0,0.0003247000000001,-0.0002259999999978,5.21,88.0,36.5,1
44953,SO-0602,Constable Dinesh Chaudhary,Constable,39,2026-07-22 19:26:35+00:00,84.0,88.0,,21.3370617,72.7512121,16.30000114440918,-0.734,-0.238,-0.685,,0.0,0.0,0.0,,,,,0.0,0.0,31.0,-0.0004816000000005,-1.170000000172422e-05,6.21,88.0,36.5,1
44954,SO-0602,Constable Dinesh Chaudhary,Constable,39,2026-07-22 19:27:04+00:00,98.0,88.0,,21.337573,72.7512355,16.899999618530273,0.124,-0.04,0.988,,0.0,0.0,0.0,,,,,0.0,0.0,29.0,0.0005112999999994,2.340000000344844e-05,7.05,88.0,36.5,1
44955,SO-0602,Constable Dinesh Chaudhary,Constable,39,2026-07-22 19:27:34+00:00,87.0,88.0,,21.3375888,72.7513179,16.899999618530273,0.166,0.037,0.98,,0.0,0.0,0.0,,,,,0.0,0.0,30.0,1.5799999999899228e-05,8.239999999659631e-05,1.08,88.0,36.5,0
44956,SO-0602,Constable Dinesh Chaudhary,Constable,39,2026-07-22 19:28:04+00:00,85.0,88.0,,21.3370518,72.7513192,16.499998092651367,-0.547,0.624,0.486,,0.0,0.0,0.0,,,,,0.0,0.0,30.0,-0.0005369999999977,1.2999999938756446e-06,7.15,88.0,36.5,1
44957,SO-0602,Constable Dinesh Chaudhary,Constable,39,2026-07-22 19:28:36+00:00,91.0,87.0,,21.3376129,72.7512465,17.19999885559082,-0.659,0.559,0.471,,0.0,0.0,0.0,,,,,0.0,0.0,32.0,0.0005610999999987,-7.270000000403343e-05,7.06,87.0,36.5,1
44958,SO-0602,Constable Dinesh Chaudhary,Constable,39,2026-07-22 19:29:04+00:00,84.0,88.0,,21.3373095,72.7513769,16.899999618530273,-0.863,-0.432,-0.373,,0.0,0.0,0.0,,,,,0.0,0.0,28.0,-0.0003033999999999,0.0001304000000033,4.69,88.0,36.5,1
44959,SO-0602,Constable Dinesh Chaudhary,Constable,39,2026-07-22 19:29:32+00:00,89.0,88.0,,21.3376126,72.7512403,17.19999885559082,-0.793,-0.565,-0.091,,0.0,0.0,0.0,,,,,0.0,0.0,28.0,0.0003031,-0.0001365999999904,4.72,88.0,36.5,1
44960,SO-0602,Constable Dinesh Chaudhary,Constable,39,2026-07-22 19:30:04+00:00,84.0,88.0,,21.3374736,72.7512388,16.899999618530273,-0.863,-0.448,-0.19,,0.0,0.0,0.0,,,,,0.0,0.0,32.0,-0.0001390000000007,-1.5000000104237188e-06,1.74,88.0,36.5,0
44961,SO-0602,Constable Dinesh Chaudhary,Constable,39,2026-07-22 19:30:36+00:00,85.0,88.0,,21.3375435,72.7512376,16.899999618530273,-0.729,-0.67,0.029,,0.0,0.0,0.0,,,,,0.0,0.0,32.0,6.989999999973406e-05,-1.1999999998124622e-06,0.87,88.0,36.5,0
44962,SO-0602,Constable Dinesh Chaudhary,Constable,39,2026-07-22 19:31:04+00:00,81.0,83.0,,21.3374647,72.7512818,16.899999618530273,-0.621,-0.684,0.32,,0.0,0.0,0.0,,,,,0.0,0.0,28.0,-7.879999999715892e-05,4.4200000004934736e-05,1.28,83.0,36.5,0
44963,SO-0602,Constable Dinesh Chaudhary,Constable,39,2026-07-22 19:31:35+00:00,86.0,86.0,,21.3375294,72.7512899,16.899999618530273,-0.896,-0.229,-0.375,,0.0,0.0,0.0,,,,,0.0,0.0,31.0,6.469999999936249e-05,8.100000002286833e-06,0.84,86.0,36.5,0
44964,SO-0602,Constable Dinesh Chaudhary,Constable,39,2026-07-22 19:32:04+00:00,93.0,78.0,,21.3373866,72.7513651,16.899999618530273,-0.605,-0.674,0.328,,0.0,0.0,0.0,,,,,0.0,0.0,29.0,-0.0001428000000025,7.519999999772153e-05,2.21,78.0,36.5,2
44965,SO-0602,Constable Dinesh Chaudhary,Constable,39,2026-07-22 19:32:34+00:00,98.0,87.0,,21.3372711,72.7513888,16.899999618530273,-0.405,0.534,0.723,,0.0,0.0,0.0,,,,,0.0,0.0,30.0,-0.0001154999999997,2.369999999984884e-05,1.57,87.0,36.5,2
44966,SO-0602,Constable Dinesh Chaudhary,Constable,39,2026-07-22 19:33:05+00:00,97.0,88.0,,21.3375386,72.7512531,16.899999618530273,-0.846,-0.385,-0.35,,0.0,0.0,0.0,,,,,0.0,0.0,31.0,0.0002674999999996,-0.0001357000000012,3.84,88.0,36.5,2
44967,SO-0602,Constable Dinesh Chaudhary,Constable,39,2026-07-22 19:33:34+00:00,94.0,88.0,,21.3375375,72.7512522,16.899999618530273,-0.863,-0.242,-0.443,,0.0,0.0,0.0,,,,,0.0,0.0,29.0,-1.0999999986438525e-06,-9.000000034120603e-07,0.02,88.0,36.5,2
44968,SO-0602,Constable Dinesh Chaudhary,Constable,39,2026-07-22 19:34:04+00:00,84.0,88.0,,21.3371165,72.7512851,16.499998092651367,-0.865,-0.154,-0.486,,0.0,0.0,0.0,,,,,0.0,0.0,30.0,-0.0004209999999993,3.2900000007884955e-05,5.62,88.0,36.5,1
44969,SO-0602,Constable Dinesh Chaudhary,Constable,39,2026-07-22 19:34:34+00:00,95.0,88.0,,21.3375134,72.7512415,16.899999618530273,-0.806,-0.119,-0.505,,0.0,0.0,0.0,,,,,0.0,0.0,30.0,0.0003968999999983,-4.359999999792308e-05,5.32,88.0,36.5,1
44970,SO-0602,Constable Dinesh Chaudhary,Constable,39,2026-07-22 19:35:04+00:00,100.0,88.0,,21.3373643,72.7513549,16.899999618530273,-0.75,-0.153,-0.658,,0.0,0.0,0.0,,,,,0.0,0.0,30.0,-0.000149099999998,0.0001133999999893,2.46,88.0,36.5,2
44971,SO-0602,Constable Dinesh Chaudhary,Constable,39,2026-07-22 19:35:34+00:00,92.0,88.0,,21.3375289,72.7512512,16.899999618530273,-0.753,-0.11,-0.671,,0.0,0.0,0.0,,,,,0.0,0.0,30.0,0.0001645999999979,-0.0001036999999968,2.56,88.0,36.5,2
44972,SO-0602,Constable Dinesh Chaudhary,Constable,39,2026-07-22 19:36:05+00:00,91.0,88.0,,21.3373904,72.7513466,16.499998092651367,-0.832,-0.225,-0.45,,0.0,0.0,0.0,,,,,0.0,0.0,31.0,-0.0001384999999984,9.540000000640704e-05,2.14,88.0,36.5,2
44973,SO-0602,Constable Dinesh Chaudhary,Constable,39,2026-07-22 19:36:35+00:00,91.0,88.0,,21.3369616,72.7511892,16.30000114440918,-0.589,0.693,0.051,,0.0,0.0,0.0,,,,,0.0,0.0,30.0,-0.0004288000000016,-0.0001574000000061,6.06,88.0,36.5,1
44974,SO-0602,Constable Dinesh Chaudhary,Constable,39,2026-07-22 19:38:35+00:00,92.0,88.0,,21.3374807,72.7512118,17.19999885559082,-0.728,0.091,-0.706,,0.0,0.0,0.0,,,,,0.0,0.0,120.0,0.0005191000000017,2.259999999409956e-05,1.73,88.0,36.5,2
44975,SO-0602,Constable Dinesh Chaudhary,Constable,39,2026-07-22 19:39:07+00:00,88.0,88.0,,21.3374807,72.7512118,17.19999885559082,-0.953,0.15,-0.408,,0.0,0.0,0.0,,,,,0.0,0.0,32.0,0.0,0.0,0.0,88.0,36.5,0
44977,SO-0602,Constable Dinesh Chaudhary,Constable,39,2026-07-22 19:39:34+00:00,82.0,88.0,,21.3375425,72.7512552,16.899999618530273,-0.116,0.995,-0.017,,0.0,0.0,0.0,,,,,0.0,0.0,27.0,6.180000000099994e-05,4.340000000979671e-05,1.1,88.0,36.5,0
44978,SO-0602,Constable Dinesh Chaudhary,Constable,39,2026-07-22 19:40:06+00:00,91.0,87.0,,21.3374594,72.7512828,16.899999618530273,-0.79,-0.233,-0.606,,0.0,0.0,0.0,,,,,0.0,0.0,32.0,-8.310000000122386e-05,2.759999999568663e-05,1.09,87.0,36.5,2
44981,SO-0602,Constable Dinesh Chaudhary,Constable,39,2026-07-22 19:40:36+00:00,90.0,88.0,,21.3376555,72.7513198,16.899999618530273,-0.369,0.874,-0.081,,0.0,0.0,0.0,,,,,0.0,0.0,30.0,0.0001961000000001,3.700000000605996e-05,2.65,88.0,36.5,0
44982,SO-0602,Constable Dinesh Chaudhary,Constable,39,2026-07-22 19:41:03+00:00,100.0,80.0,,21.3376411,72.751334,16.899999618530273,-0.289,1.146,-0.045,,0.0,0.0,0.0,,,,,0.0,0.0,27.0,-1.440000000130226e-05,1.4199999995412329e-05,0.29,80.0,36.5,2
44985,SO-0602,Constable Dinesh Chaudhary,Constable,39,2026-07-22 19:41:36+00:00,90.0,88.0,,21.3375587,72.7514681,16.899999618530273,-0.534,0.858,0.042,,0.0,0.0,0.0,,,,,0.0,0.0,33.0,-8.240000000014902e-05,0.0001340999999968,1.86,88.0,36.5,0
44986,SO-0602,Constable Dinesh Chaudhary,Constable,39,2026-07-22 19:42:04+00:00,91.0,68.0,,21.3376658,72.7513822,16.899999618530273,-0.743,0.049,-0.383,,0.0,0.0,0.0,,,,,0.0,0.0,28.0,0.000107100000001,-8.590000000197051e-05,1.93,68.0,36.5,2
44989,SO-0602,Constable Dinesh Chaudhary,Constable,39,2026-07-22 19:42:32+00:00,88.0,88.0,,21.3376658,72.7513822,17.19999885559082,-0.857,-0.145,-0.503,,0.0,0.0,0.0,,,,,0.0,0.0,28.0,0.0,0.0,0.0,88.0,36.5,0
44990,SO-0602,Constable Dinesh Chaudhary,Constable,39,2026-07-22 19:43:04+00:00,93.0,84.0,,21.3376496,72.7513877,17.19999885559082,-0.65,-0.066,-0.1,,0.0,0.0,0.0,,,,,0.0,0.0,32.0,-1.6200000001020953e-05,5.50000000032469e-06,0.21,84.0,36.5,2
44993,SO-0602,Constable Dinesh Chaudhary,Constable,39,2026-07-22 19:43:37+00:00,98.0,88.0,,21.3376496,72.7513877,17.19999885559082,-0.625,-0.017,0.733,,0.0,0.0,0.0,,,,,0.0,0.0,33.0,0.0,0.0,0.0,88.0,36.5,2
44994,SO-0602,Constable Dinesh Chaudhary,Constable,39,2026-07-22 19:44:03+00:00,96.0,71.0,,21.3375739,72.7513116,17.19999885559082,-0.651,0.78,-0.119,,0.0,0.0,0.0,,,,,0.0,0.0,26.0,-7.570000000001187e-05,-7.61000000011336e-05,1.62,71.0,36.5,2
44997,SO-0602,Constable Dinesh Chaudhary,Constable,39,2026-07-22 19:44:37+00:00,84.0,84.0,,21.3375945,72.7512465,17.19999885559082,-0.991,0.365,0.14,,0.0,0.0,0.0,,,,,0.0,0.0,34.0,2.060000000270179e-05,-6.510000000048421e-05,0.78,84.0,36.5,0
44998,SO-0602,Constable Dinesh Chaudhary,Constable,39,2026-07-22 19:45:04+00:00,91.0,88.0,,21.3375821,72.7512723,16.899999618530273,-0.184,1.061,0.015,,0.0,0.0,0.0,,,,,0.0,0.0,27.0,-1.240000000279906e-05,2.5800000003073364e-05,0.41,88.0,36.5,2
45001,SO-0602,Constable Dinesh Chaudhary,Constable,39,2026-07-22 19:45:37+00:00,87.0,88.0,,21.3375768,72.7512437,16.899999618530273,-0.984,0.084,-0.082,,0.0,0.0,0.0,,,,,0.0,0.0,33.0,-5.29999999798747e-06,-2.8599999993161873e-05,0.34,88.0,36.5,0
45002,SO-0602,Constable Dinesh Chaudhary,Constable,39,2026-07-22 19:46:04+00:00,83.0,88.0,,21.3376232,72.7512466,17.19999885559082,-0.017,1.003,-0.017,,0.0,0.0,0.0,,,,,0.0,0.0,27.0,4.639999999866973e-05,2.8999999983625457e-06,0.69,88.0,36.5,0
45004,SO-0602,Constable Dinesh Chaudhary,Constable,39,2026-07-22 19:46:34+00:00,84.0,88.0,,21.3376139,72.751246,17.19999885559082,0.054,1.0,-0.027,,0.0,0.0,0.0,,,,,0.0,0.0,30.0,-9.299999998546582e-06,-6.000000070116585e-07,0.12,88.0,36.5,0
45007,SO-0602,Constable Dinesh Chaudhary,Constable,39,2026-07-22 19:47:04+00:00,100.0,89.0,,21.3376165,72.7512438,17.19999885559082,0.073,1.003,-0.036,,0.0,0.0,0.0,,,,,0.0,0.0,30.0,2.59999999840943e-06,-2.199999997287705e-06,0.04,89.0,36.5,2
45008,SO-0602,Constable Dinesh Chaudhary,Constable,39,2026-07-22 19:47:34+00:00,95.0,86.0,,21.3376137,72.7512444,17.19999885559082,0.079,1.0,-0.047,,0.0,0.0,0.0,,,,,0.0,0.0,30.0,-2.8000000007466497e-06,6.000000070116585e-07,0.04,86.0,36.5,2
45010,SO-0602,Constable Dinesh Chaudhary,Constable,39,2026-07-22 19:48:04+00:00,97.0,85.0,,21.3374253,72.7513318,17.19999885559082,-0.255,0.966,-0.022,,0.0,0.0,0.0,,,,,0.0,0.0,30.0,-0.0001883999999989,8.739999999818338e-05,2.75,85.0,36.5,2
45013,SO-0602,Constable Dinesh Chaudhary,Constable,39,2026-07-22 19:48:37+00:00,100.0,87.0,,21.3374253,72.7513318,17.19999885559082,-0.257,0.965,-0.011,,0.0,0.0,0.0,,,,,0.0,0.0,33.0,0.0,0.0,0.0,87.0,36.5,2
45014,SO-0602,Constable Dinesh Chaudhary,Constable,39,2026-07-22 19:49:05+00:00,86.0,87.0,,21.3374764,72.7512992,16.899999618530273,-0.245,0.969,-0.024,,0.0,0.0,0.0,,,,,0.0,0.0,28.0,5.110000000030368e-05,-3.25999999972737e-05,0.86,87.0,36.5,0
45016,SO-0602,Constable Dinesh Chaudhary,Constable,39,2026-07-22 19:49:34+00:00,88.0,88.0,,21.3375544,72.7512962,16.69999885559082,-0.93,0.35,-0.077,,0.0,0.0,0.0,,,,,0.0,0.0,29.0,7.799999999846818e-05,-3.000000006636583e-06,1.08,88.0,36.5,0
45018,SO-0602,Constable Dinesh Chaudhary,Constable,39,2026-07-22 19:50:05+00:00,90.0,88.0,,21.3375669,72.7512332,16.899999618530273,-0.967,-0.125,-0.229,,0.0,0.0,0.0,,,,,0.0,0.0,31.0,1.2500000000414955e-05,-6.299999999725969e-05,0.8,88.0,36.5,0
45019,SO-0602,Constable Dinesh Chaudhary,Constable,39,2026-07-22 19:50:32+00:00,93.0,88.0,,21.3376165,72.7512438,17.19999885559082,-0.986,-0.01,-0.102,,0.0,0.0,0.0,,,,,0.0,0.0,27.0,4.96000000005381e-05,1.059999999597494e-05,0.75,88.0,36.5,2
45020,SO-0602,Constable Dinesh Chaudhary,Constable,39,2026-07-22 19:51:04+00:00,98.0,88.0,,21.3375391,72.751226,16.899999618530273,-0.98,0.076,0.1,,0.0,0.0,0.0,,,,,0.0,0.0,32.0,-7.739999999856195e-05,-1.7799999994849713e-05,0.99,88.0,36.5,2
45021,SO-0602,Constable Dinesh Chaudhary,Constable,39,2026-07-22 19:51:34+00:00,100.0,88.0,,21.337537,72.7513049,16.899999618530273,-0.983,0.008,-0.095,,0.0,0.0,0.0,,,,,0.0,0.0,30.0,-2.099999999671809e-06,7.88999999912221e-05,1.01,88.0,36.5,2
45022,SO-0602,Constable Dinesh Chaudhary,Constable,39,2026-07-22 19:52:04+00:00,97.0,88.0,,21.3376412,72.7513222,16.899999618530273,-1.154,-0.061,0.023,,0.0,0.0,0.0,,,,,0.0,0.0,30.0,0.0001041999999991,1.7300000010322947e-05,1.41,88.0,36.5,2
45023,SO-0602,Constable Dinesh Chaudhary,Constable,39,2026-07-22 19:52:32+00:00,91.0,72.0,,21.337614,72.751245,17.19999885559082,-0.681,0.888,0.235,,0.0,0.0,0.0,,,,,0.0,0.0,28.0,-2.7200000001670332e-05,-7.720000000688287e-05,1.13,72.0,36.5,2
45024,SO-0602,Constable Dinesh Chaudhary,Constable,39,2026-07-22 19:53:04+00:00,91.0,88.0,,21.3375592,72.7512993,16.899999618530273,-0.987,0.014,0.003,,0.0,0.0,0.0,,,,,0.0,0.0,32.0,-5.479999999735696e-05,5.4300000002172055e-05,0.95,88.0,36.5,2
45025,SO-0602,Constable Dinesh Chaudhary,Constable,39,2026-07-22 19:53:35+00:00,96.0,84.0,,21.3376155,72.7512675,17.19999885559082,-0.988,0.007,-0.101,,0.0,0.0,0.0,,,,,0.0,0.0,31.0,5.629999999712254e-05,-3.1800000002135675e-05,0.83,84.0,36.5,2
45026,SO-0602,Constable Dinesh Chaudhary,Constable,39,2026-07-22 19:54:04+00:00,90.0,88.0,,21.33758,72.7512859,16.899999618530273,-0.987,0.006,-0.079,,0.0,0.0,0.0,,,,,0.0,0.0,29.0,-3.549999999918896e-05,1.8400000001861372e-05,0.55,88.0,36.5,0
45027,SO-0602,Constable Dinesh Chaudhary,Constable,39,2026-07-22 19:54:35+00:00,91.0,86.0,,21.3374295,72.751382,16.899999618530273,-0.724,0.393,0.822,,0.0,0.0,0.0,,,,,0.0,0.0,31.0,-0.0001505000000001,9.610000000748188e-05,2.28,86.0,36.5,2
45028,SO-0602,Constable Dinesh Chaudhary,Constable,39,2026-07-22 19:55:05+00:00,98.0,82.0,,21.3376162,72.751294,16.899999618530273,-0.247,0.579,0.645,,0.0,0.0,0.0,,,,,0.0,0.0,30.0,0.0001867000000004,-8.800000000519503e-05,2.73,82.0,36.5,2
45029,SO-0602,Constable Dinesh Chaudhary,Constable,39,2026-07-22 19:55:35+00:00,100.0,88.0,,21.3376152,72.7512579,17.19999885559082,-0.984,0.003,-0.133,,0.0,0.0,0.0,,,,,0.0,0.0,30.0,-1.0000000010279564e-06,-3.61000000026479e-05,0.46,88.0,36.5,2
45030,SO-0602,Constable Dinesh Chaudhary,Constable,39,2026-07-22 19:56:04+00:00,91.0,88.0,,21.3376142,72.7512495,17.19999885559082,-0.983,-0.001,-0.131,,0.0,0.0,0.0,,,,,0.0,0.0,29.0,-9.999999974752427e-07,-8.399999998687235e-06,0.11,88.0,36.5,2
45031,SO-0602,Constable Dinesh Chaudhary,Constable,39,2026-07-22 19:56:35+00:00,96.0,88.0,,21.3376141,72.7512495,17.19999885559082,-0.979,0.0,-0.157,,0.0,0.0,0.0,,,,,0.0,0.0,31.0,-1.0000000116860974e-07,0.0,0.0,88.0,36.5,2
45032,SO-0602,Constable Dinesh Chaudhary,Constable,39,2026-07-22 19:57:04+00:00,100.0,88.0,,21.3376139,72.7512427,17.19999885559082,-0.979,0.002,-0.144,,0.0,0.0,0.0,,,,,0.0,0.0,29.0,-1.999999987845058e-07,-6.799999994200334e-06,0.09,88.0,36.5,2
45033,SO-0602,Constable Dinesh Chaudhary,Constable,39,2026-07-22 19:57:37+00:00,98.0,88.0,,21.3376139,72.7512427,17.19999885559082,-0.277,0.576,0.691,,0.0,0.0,0.0,,,,,0.0,0.0,33.0,0.0,0.0,0.0,88.0,36.5,2
45034,SO-0602,Constable Dinesh Chaudhary,Constable,39,2026-07-22 19:58:05+00:00,90.0,88.0,,21.3376166,72.7512374,17.19999885559082,-0.689,0.411,0.561,,0.0,0.0,0.0,,,,,0.0,0.0,28.0,2.69999999957804e-06,-5.300000012198325e-06,0.08,88.0,36.5,0
45035,SO-0602,Constable Dinesh Chaudhary,Constable,39,2026-07-22 19:58:34+00:00,98.0,87.0,,21.3376138,72.7512566,17.19999885559082,-0.748,0.394,0.593,,0.0,0.0,0.0,,,,,0.0,0.0,29.0,-2.8000000007466497e-06,1.920000001121025e-05,0.26,87.0,36.5,2
45036,SO-0602,Constable Dinesh Chaudhary,Constable,39,2026-07-22 19:59:04+00:00,89.0,88.0,,21.3374016,72.7514165,17.19999885559082,-0.79,0.292,0.547,,0.0,0.0,0.0,,,,,0.0,0.0,30.0,-0.0002121999999999,0.0001598999999998,3.49,88.0,36.5,0
45037,SO-0602,Constable Dinesh Chaudhary,Constable,39,2026-07-22 19:59:34+00:00,92.0,88.0,,21.3376256,72.7512652,16.899999618530273,-0.783,0.325,0.522,,0.0,0.0,0.0,,,,,0.0,0.0,30.0,0.0002239999999993,-0.0001512999999988,3.56,88.0,36.5,2
45038,SO-0602,Constable Dinesh Chaudhary,Constable,39,2026-07-22 20:00:04+00:00,91.0,88.0,,21.3375432,72.751338,16.899999618530273,-0.9,-0.161,-0.429,,0.0,0.0,0.0,,,,,0.0,0.0,30.0,-8.240000000014902e-05,7.279999999809661e-05,1.44,88.0,36.5,2
45039,SO-0602,Constable Dinesh Chaudhary,Constable,39,2026-07-22 20:00:34+00:00,85.0,88.0,,21.337593,72.7513456,16.899999618530273,-0.911,-0.036,-0.431,,0.0,0.0,0.0,,,,,0.0,0.0,30.0,4.979999999932261e-05,7.599999989338357e-06,0.67,88.0,36.5,0
45040,SO-0602,Constable Dinesh Chaudhary,Constable,39,2026-07-22 20:01:04+00:00,92.0,83.0,,21.3376166,72.7512374,17.19999885559082,-0.867,-0.032,-0.768,,0.0,0.0,0.0,,,,,0.0,0.0,30.0,2.3600000002232943e-05,-0.0001081999999996,1.42,83.0,36.5,2
45041,SO-0602,Constable Dinesh Chaudhary,Constable,39,2026-07-22 20:01:37+00:00,85.0,88.0,,21.3376166,72.7512374,17.19999885559082,-0.771,-0.154,-0.577,,0.0,0.0,0.0,,,,,0.0,0.0,33.0,0.0,0.0,0.0,88.0,36.5,0
45042,SO-0602,Constable Dinesh Chaudhary,Constable,39,2026-07-22 20:02:04+00:00,88.0,88.0,,21.3376418,72.7512982,16.899999618530273,-0.987,0.0,-0.093,,0.0,0.0,0.0,,,,,0.0,0.0,27.0,2.519999999961442e-05,6.079999999997199e-05,0.94,88.0,36.5,0
45227,SO-0602,Constable Dinesh Chaudhary,Constable,39,2026-07-22 21:13:16+00:00,92.0,88.0,,21.3357586,72.7506635,16.69999885559082,-0.602,0.178,0.709,,0.0,0.0,0.0,,,,,0.0,0.0,4272.0,-0.0018832000000017,-0.0006346999999919,0.0,88.0,36.5,2
45228,SO-0602,Constable Dinesh Chaudhary,Constable,39,2026-07-22 21:13:45+00:00,85.0,83.0,,21.3348165,72.7505173,16.69999885559082,-0.645,0.131,0.711,,0.0,0.0,0.0,,,,,0.0,0.0,29.0,-0.0009420999999996,-0.0001462000000032,13.13,83.0,36.5,1
45229,SO-0602,Constable Dinesh Chaudhary,Constable,39,2026-07-22 21:14:15+00:00,83.0,88.0,,21.3310817,72.7525777,16.69999885559082,-0.528,0.137,0.708,,0.0,0.0,0.0,,,,,0.0,0.0,30.0,-0.0037348000000001,0.0020604000000048,56.34,88.0,36.5,1
45230,SO-0602,Constable Dinesh Chaudhary,Constable,39,2026-07-22 21:14:45+00:00,100.0,88.0,,21.3306762,72.7531581,16.69999885559082,-0.347,0.336,0.917,,0.0,0.0,0.0,,,,,0.0,0.0,30.0,-0.0004054999999993,0.0005803999999898,9.2,88.0,36.5,1
45231,SO-0602,Constable Dinesh Chaudhary,Constable,39,2026-07-22 21:15:15+00:00,92.0,88.0,,21.3290788,72.7533952,16.80000114440918,-0.381,0.328,0.875,,0.0,0.0,0.0,,,,,0.0,0.0,30.0,-0.0015973999999978,0.0002371000000067,21.49,88.0,36.5,1
45232,SO-0602,Constable Dinesh Chaudhary,Constable,39,2026-07-22 21:15:45+00:00,87.0,88.0,,21.3282055,72.7531953,16.19999885559082,-0.486,0.234,0.77,,0.0,0.0,0.0,,,,,0.0,0.0,30.0,-0.000873300000002,-0.0001998999999983,11.91,88.0,36.5,1
45233,SO-0602,Constable Dinesh Chaudhary,Constable,39,2026-07-22 21:16:15+00:00,88.0,86.0,,21.3267915,72.7531669,16.19999885559082,-0.398,0.22,0.918,,0.0,0.0,0.0,,,,,0.0,0.0,30.0,-0.0014140000000004,-2.840000000503551e-05,18.84,86.0,36.5,1
45234,SO-0602,Constable Dinesh Chaudhary,Constable,39,2026-07-22 21:16:45+00:00,95.0,87.0,,21.3239935,72.7533874,15.89999771118164,-0.348,0.399,0.849,,0.0,0.0,0.0,,,,,0.0,0.0,30.0,-0.0027979999999985,0.0002204999999975,37.38,87.0,36.5,1
45235,SO-0602,Constable Dinesh Chaudhary,Constable,39,2026-07-22 21:17:16+00:00,90.0,88.0,,21.3213641,72.7540127,16.100000381469727,-0.882,-0.438,0.117,,0.0,0.0,0.0,,,,,0.0,0.0,31.0,-0.0026294,0.00062530000001,34.77,88.0,36.5,1
45236,SO-0602,Constable Dinesh Chaudhary,Constable,39,2026-07-22 21:17:45+00:00,100.0,87.0,,21.3174585,72.7546309,17.30000114440918,-0.651,0.271,0.71,,0.0,0.0,0.0,,,,,0.0,0.0,29.0,-0.0039055999999995,0.000618199999991,54.44,87.0,36.5,1
45237,SO-0602,Constable Dinesh Chaudhary,Constable,39,2026-07-22 21:18:16+00:00,90.0,88.0,,21.3127458,72.7558747,14.89999771118164,-0.863,0.124,0.514,,0.0,0.0,0.0,,,,,0.0,0.0,31.0,-0.0047127000000024,0.0012438000000116,62.68,88.0,36.5,1
45238,SO-0602,Constable Dinesh Chaudhary,Constable,39,2026-07-22 21:18:45+00:00,89.0,88.0,,21.3083815,72.7577431,14.799999237060549,-0.488,0.423,0.806,,0.0,0.0,0.0,,,,,0.0,0.0,29.0,-0.0043642999999988,0.0018683999999922,65.05,88.0,36.5,1
45239,SO-0602,Constable Dinesh Chaudhary,Constable,39,2026-07-22 21:19:15+00:00,100.0,88.0,,21.3047403,72.7593477,17.499998092651367,-0.281,0.274,0.839,,0.0,0.0,0.0,,,,,0.0,0.0,30.0,-0.0036412000000005,0.0016046000000073,52.69,88.0,36.5,1
45240,SO-0602,Constable Dinesh Chaudhary,Constable,39,2026-07-22 21:19:45+00:00,86.0,88.0,,21.3025068,72.7592493,17.799999237060547,-0.417,0.358,0.752,,0.0,0.0,0.0,,,,,0.0,0.0,30.0,-0.0022334999999991,-9.84000000130436e-05,29.78,88.0,36.5,1
45241,SO-0602,Constable Dinesh Chaudhary,Constable,39,2026-07-22 21:20:15+00:00,85.0,88.0,,21.299594,72.7616815,17.799999237060547,-0.33,0.666,0.641,,0.0,0.0,0.0,,,,,0.0,0.0,30.0,-0.0029128000000007,0.0024322000000012,49.79,88.0,36.5,1
45242,SO-0602,Constable Dinesh Chaudhary,Constable,39,2026-07-22 21:20:45+00:00,93.0,86.0,,21.2960515,72.7633461,17.799999237060547,-0.275,-0.246,0.93,,0.0,0.0,0.0,,,,,0.0,0.0,30.0,-0.0035424999999982,0.0016646000000122,51.8,86.0,36.5,1
45243,SO-0602,Constable Dinesh Chaudhary,Constable,39,2026-07-22 21:21:15+00:00,91.0,87.0,,21.2912209,72.7661658,17.799999237060547,-0.219,0.29,0.874,,0.0,0.0,0.0,,,,,0.0,0.0,30.0,-0.0048306000000017,0.0028196999999892,73.82,87.0,36.5,1
45244,SO-0602,Constable Dinesh Chaudhary,Constable,39,2026-07-22 21:21:45+00:00,90.0,86.0,,21.2870921,72.7670358,17.799999237060547,-0.134,0.212,0.914,,0.0,0.0,0.0,,,,,0.0,0.0,30.0,-0.0041288000000001,0.0008700000000061,56.12,86.0,36.5,1
45245,SO-0602,Constable Dinesh Chaudhary,Constable,39,2026-07-22 21:22:15+00:00,99.0,88.0,,21.2827792,72.7695863,17.799999237060547,-0.223,0.445,0.905,,0.0,0.0,0.0,,,,,0.0,0.0,30.0,-0.0043128999999986,0.0025504999999981,66.12,88.0,36.5,1
45246,SO-0602,Constable Dinesh Chaudhary,Constable,39,2026-07-22 21:22:45+00:00,85.0,88.0,,21.2800883,72.7708457,18.299999237060547,-0.262,0.185,0.975,,0.0,0.0,0.0,,,,,0.0,0.0,30.0,-0.002690900000001,0.001259399999995,39.32,88.0,36.5,1
45247,SO-0602,Constable Dinesh Chaudhary,Constable,39,2026-07-22 21:23:15+00:00,86.0,88.0,,21.27641,72.7725608,18.100000381469727,-0.701,0.306,0.665,,0.0,0.0,0.0,,,,,0.0,0.0,30.0,-0.0036783000000006,0.0017150999999984,53.71,88.0,36.5,1
45248,SO-0602,Constable Dinesh Chaudhary,Constable,39,2026-07-22 21:23:45+00:00,86.0,88.0,,21.2730943,72.7740939,18.100000381469727,-0.806,0.131,0.788,,0.0,0.0,0.0,,,,,0.0,0.0,30.0,-0.0033156999999981,0.0015331000000031,48.35,88.0,36.5,1
45249,SO-0602,Constable Dinesh Chaudhary,Constable,39,2026-07-22 21:24:15+00:00,89.0,81.0,,21.2697658,72.7748644,19.799999237060547,0.09,-0.036,0.971,,0.0,0.0,0.0,,,,,0.0,0.0,30.0,-0.003328500000002,0.0007705000000015,45.42,81.0,36.5,1
45250,SO-0602,Constable Dinesh Chaudhary,Constable,39,2026-07-22 21:24:45+00:00,88.0,88.0,,21.2649405,72.7779807,19.799999237060547,-0.233,0.345,0.864,,0.0,0.0,0.0,,,,,0.0,0.0,30.0,-0.0048252999999967,0.003116300000002,75.7,88.0,36.5,1
45251,SO-0602,Constable Dinesh Chaudhary,Constable,39,2026-07-22 21:25:15+00:00,99.0,88.0,,21.2624631,72.7791734,18.899999618530273,-0.275,0.247,0.998,,0.0,0.0,0.0,,,,,0.0,0.0,30.0,-0.0024774,0.0011927000000042,36.38,88.0,36.5,1
45252,SO-0602,Constable Dinesh Chaudhary,Constable,39,2026-07-22 21:25:45+00:00,99.0,87.0,,21.2612121,72.7809197,18.0,-0.344,0.359,0.929,,0.0,0.0,0.0,,,,,0.0,0.0,30.0,-0.0012509999999998,0.0017462999999935,27.93,87.0,36.5,1
45253,SO-0602,Constable Dinesh Chaudhary,Constable,39,2026-07-22 21:26:15+00:00,99.0,86.0,,21.2566436,72.7818572,18.0,-0.388,0.244,0.858,,0.0,0.0,0.0,,,,,0.0,0.0,30.0,-0.0045685000000013,0.0009375000000062,62.03,86.0,36.5,1
45254,SO-0602,Constable Dinesh Chaudhary,Constable,39,2026-07-22 21:26:46+00:00,93.0,88.0,,21.2530799,72.7835595,17.700000762939453,-0.506,0.251,0.912,,0.0,0.0,0.0,,,,,0.0,0.0,31.0,-0.0035637000000008,0.0017022999999909,50.57,88.0,36.5,1
45255,SO-0602,Constable Dinesh Chaudhary,Constable,39,2026-07-22 21:27:15+00:00,97.0,87.0,,21.2494567,72.7854013,19.899999618530273,-0.253,0.301,0.932,,0.0,0.0,0.0,,,,,0.0,0.0,29.0,-0.0036231999999998,0.0018418000000082,55.59,87.0,36.5,1
45256,SO-0602,Constable Dinesh Chaudhary,Constable,39,2026-07-22 21:27:45+00:00,98.0,88.0,,21.2468893,72.7858373,19.899999618530273,0.018,0.59,0.961,,0.0,0.0,0.0,,,,,0.0,0.0,30.0,-0.0025674000000002,0.0004359999999934,34.65,88.0,36.5,1
45257,SO-0602,Constable Dinesh Chaudhary,Constable,39,2026-07-22 21:28:15+00:00,99.0,88.0,,21.2449103,72.7865826,17.700000762939453,-0.372,0.239,0.898,,0.0,0.0,0.0,,,,,0.0,0.0,30.0,-0.0019789999999986,0.0007453000000054,28.04,88.0,36.5,1
45258,SO-0602,Constable Dinesh Chaudhary,Constable,39,2026-07-22 21:28:45+00:00,100.0,88.0,,21.2417005,72.7876587,17.700000762939453,-0.218,0.433,0.863,,0.0,0.0,0.0,,,,,0.0,0.0,30.0,-0.0032098000000004,0.0010760999999916,44.93,88.0,36.5,1
45259,SO-0602,Constable Dinesh Chaudhary,Constable,39,2026-07-22 21:29:15+00:00,100.0,88.0,,21.2384018,72.7888351,18.100000381469727,-0.278,0.545,0.83,,0.0,0.0,0.0,,,,,0.0,0.0,30.0,-0.0032987000000019,0.0011764000000056,46.46,88.0,36.5,1
45260,SO-0602,Constable Dinesh Chaudhary,Constable,39,2026-07-22 21:29:45+00:00,99.0,88.0,,21.2362562,72.7896018,17.399999618530273,-0.583,0.38,0.722,,0.0,0.0,0.0,,,,,0.0,0.0,30.0,-0.0021455999999986,0.0007666999999997,30.23,88.0,36.5,1
45261,SO-0602,Constable Dinesh Chaudhary,Constable,39,2026-07-22 21:30:15+00:00,89.0,88.0,,21.2336645,72.7899377,16.499998092651367,-0.485,0.251,0.787,,0.0,0.0,0.0,,,,,0.0,0.0,30.0,-0.0025916999999999,0.000335899999996,34.79,88.0,36.5,1
45262,SO-0602,Constable Dinesh Chaudhary,Constable,39,2026-07-22 21:30:45+00:00,87.0,88.0,,21.2310567,72.7910257,19.0,-0.654,0.248,0.756,,0.0,0.0,0.0,,,,,0.0,0.0,30.0,-0.0026077999999998,0.0010880000000099,37.44,88.0,36.5,1
45263,SO-0602,Constable Dinesh Chaudhary,Constable,39,2026-07-22 21:31:18+00:00,99.0,88.0,,21.2281507,72.7903014,19.0,-0.435,-0.172,0.487,,0.0,0.0,0.0,,,,,0.0,0.0,33.0,-0.0029059999999994,-0.0007243000000016,36.19,88.0,36.5,1
45264,SO-0602,Constable Dinesh Chaudhary,Constable,39,2026-07-22 21:31:45+00:00,85.0,87.0,,21.2258414,72.789963,13.39999771118164,-0.058,-0.167,0.952,,0.0,0.0,0.0,,,,,0.0,0.0,27.0,-0.0023093000000002,-0.0003384000000039,34.52,87.0,36.5,1
45265,SO-0602,Constable Dinesh Chaudhary,Constable,39,2026-07-22 21:32:15+00:00,96.0,88.0,,21.2237922,72.7895121,13.39999771118164,-0.313,0.501,0.776,,0.0,0.0,0.0,,,,,0.0,0.0,30.0,-0.0020492000000018,-0.0004509000000041,27.9,88.0,36.5,1
45266,SO-0602,Constable Dinesh Chaudhary,Constable,39,2026-07-22 21:32:45+00:00,94.0,88.0,,21.2227312,72.7898206,44.0,0.198,0.493,0.872,,0.0,0.0,0.0,,,,,0.0,0.0,30.0,-0.0010609999999999,0.0003085000000027,14.68,88.0,36.5,1
45267,SO-0602,Constable Dinesh Chaudhary,Constable,39,2026-07-22 21:33:15+00:00,85.0,88.0,,21.2226346,72.7897279,15.299999237060549,-0.32,0.32,0.891,,0.0,0.0,0.0,,,,,0.0,0.0,30.0,-9.659999999911406e-05,-9.269999999617085e-05,1.75,88.0,36.5,0
45268,SO-0602,Constable Dinesh Chaudhary,Constable,39,2026-07-22 21:33:45+00:00,81.0,85.0,,21.2201362,72.7904352,14.799999237060549,-0.459,0.263,0.776,,0.0,0.0,0.0,,,,,0.0,0.0,30.0,-0.0024984000000003,0.0007073000000019,34.49,85.0,36.5,1
45269,SO-0602,Constable Dinesh Chaudhary,Constable,39,2026-07-22 21:34:15+00:00,88.0,88.0,,21.2168736,72.7913357,14.799999237060549,-0.192,0.34,0.866,,0.0,0.0,0.0,,,,,0.0,0.0,30.0,-0.0032625999999993,0.0009005000000001,44.97,88.0,36.5,1
45270,SO-0602,Constable Dinesh Chaudhary,Constable,39,2026-07-22 21:34:45+00:00,97.0,86.0,,21.2153998,72.7917063,14.499996185302734,-0.652,0.084,0.716,,0.0,0.0,0.0,,,,,0.0,0.0,30.0,-0.0014737999999994,0.0003705999999965,20.2,86.0,36.5,1
45271,SO-0602,Constable Dinesh Chaudhary,Constable,39,2026-07-22 21:35:15+00:00,100.0,88.0,,21.2122019,72.79256,14.89999771118164,-0.426,0.197,0.767,,0.0,0.0,0.0,,,,,0.0,0.0,30.0,-0.0031978999999999,0.0008536999999932,43.98,88.0,36.5,1
45272,SO-0602,Constable Dinesh Chaudhary,Constable,39,2026-07-22 21:35:45+00:00,99.0,83.0,,21.2115739,72.7933169,14.599998474121094,-0.699,0.087,0.797,,0.0,0.0,0.0,,,,,0.0,0.0,30.0,-0.0006279999999989,0.0007568999999989,12.82,83.0,36.5,1
45273,SO-0602,Constable Dinesh Chaudhary,Constable,39,2026-07-22 21:36:15+00:00,93.0,88.0,,21.2102721,72.7940987,14.999996185302734,-0.481,0.288,0.688,,0.0,0.0,0.0,,,,,0.0,0.0,30.0,-0.0013018000000002,0.0007818000000128,20.03,88.0,36.5,1
45274,SO-0602,Constable Dinesh Chaudhary,Constable,39,2026-07-22 21:36:45+00:00,100.0,87.0,,21.2087331,72.793905,14.999996185302734,-0.368,0.232,0.865,,0.0,0.0,0.0,,,,,0.0,0.0,30.0,-0.001539000000001,-0.0001937000000111,20.65,87.0,36.5,1
45275,SO-0602,Constable Dinesh Chaudhary,Constable,39,2026-07-22 21:37:15+00:00,100.0,87.0,,21.2070441,72.7934286,14.699996948242188,-0.197,-0.235,0.915,,0.0,0.0,0.0,,,,,0.0,0.0,30.0,-0.0016889999999989,-0.0004763999999966,23.31,87.0,36.5,1
45276,SO-0602,Constable Dinesh Chaudhary,Constable,39,2026-07-22 21:37:45+00:00,100.0,88.0,,21.2061856,72.7947608,14.699996948242188,-0.049,-0.188,0.979,,0.0,0.0,0.0,,,,,0.0,0.0,30.0,-0.0008584999999996,0.0013322000000073,20.57,88.0,36.5,1
45277,SO-0602,Constable Dinesh Chaudhary,Constable,39,2026-07-22 21:38:15+00:00,84.0,87.0,,21.2071534,72.7955132,14.499996185302734,-0.427,-0.346,0.676,,0.0,0.0,0.0,,,,,0.0,0.0,30.0,0.0009677999999979,0.0007523999999961,16.11,87.0,36.5,1
45278,SO-0602,Constable Dinesh Chaudhary,Constable,39,2026-07-22 21:38:45+00:00,100.0,88.0,,21.2071257,72.7957076,14.499996185302734,0.654,0.998,0.018,,0.0,0.0,0.0,,,,,0.0,0.0,30.0,-2.770000000040795e-05,0.000194399999998,2.52,88.0,36.5,2
45279,SO-0602,Constable Dinesh Chaudhary,Constable,39,2026-07-22 21:39:15+00:00,100.0,65.0,,21.207136,72.7956417,14.89999771118164,-0.246,0.591,0.431,,0.0,0.0,0.0,,,,,0.0,0.0,30.0,1.0299999999574538e-05,-6.589999999562224e-05,0.86,65.0,36.5,2
45280,SO-0602,Constable Dinesh Chaudhary,Constable,39,2026-07-22 21:39:45+00:00,93.0,84.0,,21.2071713,72.7956654,14.89999771118164,0.156,0.085,0.945,,0.0,0.0,0.0,,,,,0.0,0.0,30.0,3.530000000040445e-05,2.369999999984884e-05,0.56,84.0,36.5,2
45281,SO-0602,Constable Dinesh Chaudhary,Constable,39,2026-07-22 21:40:15+00:00,95.0,88.0,,21.2072624,72.7956732,14.89999771118164,-0.173,0.892,0.195,,0.0,0.0,0.0,,,,,0.0,0.0,30.0,9.110000000234209e-05,7.799999991675577e-06,1.22,88.0,36.5,2
45282,SO-0602,Constable Dinesh Chaudhary,Constable,39,2026-07-22 21:40:45+00:00,93.0,87.0,,21.2068487,72.7955924,14.499996185302734,-0.788,-0.317,-0.495,,0.0,0.0,0.0,,,,,0.0,0.0,30.0,-0.0004137000000028,-8.07999999921094e-05,5.61,87.0,36.5,1
45283,SO-0602,Constable Dinesh Chaudhary,Constable,39,2026-07-22 21:41:15+00:00,95.0,83.0,,21.2067327,72.7955251,18.399999618530273,-0.153,0.823,-0.077,,0.0,0.0,0.0,,,,,0.0,0.0,30.0,-0.0001159999999984,-6.729999999777192e-05,1.77,83.0,36.5,2
45284,SO-0602,Constable Dinesh Chaudhary,Constable,39,2026-07-22 21:41:45+00:00,83.0,80.0,,21.2069918,72.7955597,14.699996948242188,-0.238,0.924,-0.573,,0.0,0.0,0.0,,,,,0.0,0.0,30.0,0.0002591000000009,3.4599999992224184e-05,3.48,80.0,36.5,0
45285,SO-0602,Constable Dinesh Chaudhary,Constable,39,2026-07-22 21:42:16+00:00,93.0,87.0,,21.206984,72.7955587,14.699996948242188,-0.578,0.809,-0.201,,0.0,0.0,0.0,,,,,0.0,0.0,31.0,-7.800000002333718e-06,-9.999999974752427e-07,0.1,87.0,36.5,2
45286,SO-0602,Constable Dinesh Chaudhary,Constable,39,2026-07-22 21:42:46+00:00,100.0,88.0,,21.2070438,72.7955815,14.699996948242188,-0.703,0.259,-1.017,,0.0,0.0,0.0,,,,,0.0,0.0,30.0,5.9800000002496745e-05,2.279999999643678e-05,0.85,88.0,36.5,2
45287,SO-0602,Constable Dinesh Chaudhary,Constable,39,2026-07-22 21:51:36+00:00,85.0,85.0,,21.2069987,72.7955602,14.699996948242188,-0.815,0.104,-0.66,,0.0,0.0,0.0,,,,,0.0,0.0,530.0,-4.510000000124137e-05,-2.130000000022392e-05,0.0,85.0,36.5,0
45288,SO-0602,Constable Dinesh Chaudhary,Constable,39,2026-07-22 21:52:01+00:00,85.0,,,21.2069972,72.7955564,14.699996948242188,-0.972,-0.112,-0.476,,0.0,0.0,0.0,,,,,0.0,0.0,25.0,-1.4999999997655775e-06,-3.800000001774606e-06,0.06,85.0,36.5,0
45289,SO-0602,Constable Dinesh Chaudhary,Constable,39,2026-07-22 21:52:31+00:00,89.0,87.0,,21.2069955,72.7955632,14.699996948242188,-0.903,0.42,-0.235,,0.0,0.0,0.0,,,,,0.0,0.0,30.0,-1.6999999985500835e-06,6.800000008411189e-06,0.09,87.0,36.5,0
45290,SO-0602,Constable Dinesh Chaudhary,Constable,39,2026-07-22 21:53:01+00:00,84.0,84.0,,21.2070064,72.795549,14.699996948242188,-0.123,0.954,0.256,,0.0,0.0,0.0,,,,,0.0,0.0,30.0,1.089999999948077e-05,-1.4200000009623182e-05,0.23,84.0,36.5,0
45291,SO-0602,Constable Dinesh Chaudhary,Constable,39,2026-07-22 21:53:31+00:00,82.0,88.0,,21.207002,72.7955543,14.699996948242188,-0.209,0.926,0.292,,0.0,0.0,0.0,,,,,0.0,0.0,30.0,-4.400000001680837e-06,5.300000012198325e-06,0.09,88.0,36.5,0
45292,SO-0602,Constable Dinesh Chaudhary,Constable,39,2026-07-22 21:54:01+00:00,92.0,87.0,,21.2070014,72.7955545,14.699996948242188,-0.446,0.854,-0.287,,0.0,0.0,0.0,,,,,0.0,0.0,30.0,-5.999999999062311e-07,1.9999998812636477e-07,0.01,87.0,36.5,2
45293,SO-0602,Constable Dinesh Chaudhary,Constable,39,2026-07-22 21:54:31+00:00,98.0,88.0,,21.2070069,72.7955478,14.699996948242188,-0.325,0.575,-0.039,,0.0,0.0,0.0,,,,,0.0,0.0,30.0,5.50000000032469e-06,-6.700000000137152e-06,0.11,88.0,36.5,2
45294,SO-0602,Constable Dinesh Chaudhary,Constable,39,2026-07-22 21:55:01+00:00,83.0,83.0,,21.2069992,72.7955578,14.699996948242188,-0.101,0.979,0.184,,0.0,0.0,0.0,,,,,0.0,0.0,30.0,-7.700000001165108e-06,1.0000000003174137e-05,0.16,83.0,36.5,0
45295,SO-0602,Constable Dinesh Chaudhary,Constable,39,2026-07-22 21:55:31+00:00,95.0,85.0,,21.2069968,72.7955622,14.699996948242188,-0.063,0.979,0.202,,0.0,0.0,0.0,,,,,0.0,0.0,30.0,-2.3999999996249244e-06,4.4000000087862645e-06,0.06,85.0,36.5,2
45296,SO-0602,Constable Dinesh Chaudhary,Constable,39,2026-07-22 21:56:01+00:00,100.0,88.0,,21.2070029,72.7955542,14.699996948242188,0.023,0.891,0.443,,0.0,0.0,0.0,,,,,0.0,0.0,30.0,6.100000000230921e-06,-8.000000008223651e-06,0.13,88.0,36.5,2
45297,SO-0602,Constable Dinesh Chaudhary,Constable,39,2026-07-22 21:56:31+00:00,100.0,88.0,,21.2069982,72.7955592,14.699996948242188,-0.776,0.954,0.66,,0.0,0.0,0.0,,,,,0.0,0.0,30.0,-4.699999998081239e-06,5.000000001587068e-06,0.09,88.0,36.5,2
45298,SO-0602,Constable Dinesh Chaudhary,Constable,39,2026-07-22 21:57:01+00:00,91.0,88.0,,21.2070007,72.7955558,14.699996948242188,-1.059,-0.336,0.033,,0.0,0.0,0.0,,,,,0.0,0.0,30.0,2.4999999972408204e-06,-3.399999997100167e-06,0.05,88.0,36.5,2
45299,SO-0602,Constable Dinesh Chaudhary,Constable,39,2026-07-22 21:57:31+00:00,88.0,83.0,,21.2070059,72.7955479,14.699996948242188,-0.67,0.751,-0.063,,0.0,0.0,0.0,,,,,0.0,0.0,30.0,5.200000000371574e-06,-7.899999999949614e-06,0.12,83.0,36.5,0
45300,SO-0602,Constable Dinesh Chaudhary,Constable,39,2026-07-22 21:58:01+00:00,86.0,88.0,,21.2070021,72.795553,14.699996948242188,-1.05,0.136,-0.109,,0.0,0.0,0.0,,,,,0.0,0.0,30.0,-3.799999998221893e-06,5.099999995650251e-06,0.08,88.0,36.5,0
45301,SO-0602,Constable Dinesh Chaudhary,Constable,39,2026-07-22 21:58:31+00:00,86.0,88.0,,21.2069949,72.7955577,14.699996948242188,0.065,1.008,0.005,,0.0,0.0,0.0,,,,,0.0,0.0,30.0,-7.199999998874773e-06,4.700000005186666e-06,0.11,88.0,36.5,0
45302,SO-0602,Constable Dinesh Chaudhary,Constable,39,2026-07-22 21:59:01+00:00,82.0,88.0,,21.2070005,72.7955594,14.699996948242188,0.187,0.738,0.649,,0.0,0.0,0.0,,,,,0.0,0.0,30.0,5.599999997940586e-06,1.6999999985500835e-06,0.08,88.0,36.5,0
45303,SO-0602,Constable Dinesh Chaudhary,Constable,39,2026-07-22 21:59:31+00:00,87.0,87.0,,21.2070058,72.7955508,14.699996948242188,-0.509,0.688,0.539,,0.0,0.0,0.0,,,,,0.0,0.0,30.0,5.300000001540184e-06,-8.600000001024455e-06,0.13,87.0,36.5,0
45304,SO-0602,Constable Dinesh Chaudhary,Constable,39,2026-07-22 22:00:01+00:00,82.0,88.0,,21.2070262,72.7955285,14.699996948242188,-1.55,0.359,0.55,,0.0,0.0,0.0,,,,,0.0,0.0,30.0,2.040000000036457e-05,-2.229999999769916e-05,0.39,88.0,36.5,0
45305,SO-0602,Constable Dinesh Chaudhary,Constable,39,2026-07-22 22:00:31+00:00,94.0,88.0,,21.2070005,72.7955594,14.699996948242188,-0.216,0.976,0.046,,0.0,0.0,0.0,,,,,0.0,0.0,30.0,-2.5700000001904755e-05,3.0899999998723615e-05,0.52,88.0,36.5,2
45306,SO-0602,Constable Dinesh Chaudhary,Constable,39,2026-07-22 22:01:01+00:00,90.0,88.0,,21.2069948,72.7955594,14.699996948242188,-0.106,0.899,0.395,,0.0,0.0,0.0,,,,,0.0,0.0,30.0,-5.699999999109195e-06,0.0,0.08,88.0,36.5,0
45307,SO-0602,Constable Dinesh Chaudhary,Constable,39,2026-07-22 22:01:31+00:00,85.0,88.0,,21.2069942,72.7955577,14.699996948242188,-0.041,0.906,0.366,,0.0,0.0,0.0,,,,,0.0,0.0,30.0,-5.999999999062311e-07,-1.6999999985500835e-06,0.02,88.0,36.5,0
45308,SO-0602,Constable Dinesh Chaudhary,Constable,39,2026-07-22 22:02:01+00:00,97.0,88.0,,21.2069913,72.7955544,14.699996948242188,-0.28,0.882,0.417,,0.0,0.0,0.0,,,,,0.0,0.0,30.0,-2.900000001915259e-06,-3.3000000030369847e-06,0.06,88.0,36.5,2
45309,SO-0602,Constable Dinesh Chaudhary,Constable,39,2026-07-22 22:02:31+00:00,89.0,88.0,,21.2069991,72.7955538,14.699996948242188,-0.325,0.936,0.134,,0.0,0.0,0.0,,,,,0.0,0.0,30.0,7.800000002333718e-06,-6.000000070116585e-07,0.1,88.0,36.5,0
45310,SO-0602,Constable Dinesh Chaudhary,Constable,39,2026-07-22 22:03:01+00:00,89.0,88.0,,21.2069973,72.7955582,14.699996948242188,-0.246,0.863,0.445,,0.0,0.0,0.0,,,,,0.0,0.0,30.0,-1.7999999997186933e-06,4.4000000087862645e-06,0.06,88.0,36.5,0
45311,SO-0602,Constable Dinesh Chaudhary,Constable,39,2026-07-22 22:03:31+00:00,89.0,88.0,,21.2070005,72.7955594,14.699996948242188,-0.251,0.914,0.27,,0.0,0.0,0.0,,,,,0.0,0.0,30.0,3.1999999983156613e-06,1.1999999998124622e-06,0.05,88.0,36.5,0
45312,SO-0602,Constable Dinesh Chaudhary,Constable,39,2026-07-22 22:04:01+00:00,91.0,88.0,,21.2069986,72.7955576,14.699996948242188,0.15,1.14,0.803,,0.0,0.0,0.0,,,,,0.0,0.0,30.0,-1.900000000887303e-06,-1.8000000068241206e-06,0.03,88.0,36.5,2
45313,SO-0602,Constable Dinesh Chaudhary,Constable,39,2026-07-22 22:04:31+00:00,83.0,88.0,,21.2069944,72.795558,14.699996948242188,-0.46,0.782,0.405,,0.0,0.0,0.0,,,,,0.0,0.0,30.0,-4.199999999343618e-06,4.0000000467443897e-07,0.06,88.0,36.5,0
45314,SO-0602,Constable Dinesh Chaudhary,Constable,39,2026-07-22 22:05:01+00:00,96.0,88.0,,21.2069973,72.7955582,14.699996948242188,-0.907,0.272,0.31,,0.0,0.0,0.0,,,,,0.0,0.0,30.0,2.900000001915259e-06,2.0000000233721948e-07,0.04,88.0,36.5,2
45315,SO-0602,Constable Dinesh Chaudhary,Constable,39,2026-07-22 22:05:31+00:00,82.0,88.0,,21.2069995,72.7955565,14.699996948242188,-0.777,-0.548,0.259,,0.0,0.0,0.0,,,,,0.0,0.0,30.0,2.199999997287705e-06,-1.6999999985500835e-06,0.04,88.0,36.5,0
45316,SO-0602,Constable Dinesh Chaudhary,Constable,39,2026-07-22 22:06:01+00:00,95.0,69.0,,21.2069977,72.7955547,14.699996948242188,-0.401,0.896,0.161,,0.0,0.0,0.0,,,,,0.0,0.0,30.0,-1.7999999997186933e-06,-1.8000000068241206e-06,0.03,69.0,36.5,2
45317,SO-0602,Constable Dinesh Chaudhary,Constable,39,2026-07-22 22:06:31+00:00,90.0,88.0,,21.2069967,72.7955552,14.699996948242188,-0.6,-0.535,0.416,,0.0,0.0,0.0,,,,,0.0,0.0,30.0,-9.999999974752427e-07,4.999999987376214e-07,0.01,88.0,36.5,0
45318,SO-0602,Constable Dinesh Chaudhary,Constable,39,2026-07-22 22:07:02+00:00,82.0,88.0,,21.2070173,72.7955363,14.699996948242188,-0.276,-0.875,-0.416,,0.0,0.0,0.0,,,,,0.0,0.0,31.0,2.0599999999149077e-05,-1.8900000000598993e-05,0.35,88.0,36.5,0
45319,SO-0602,Constable Dinesh Chaudhary,Constable,39,2026-07-22 22:07:31+00:00,88.0,84.0,,21.2070351,72.7955171,14.699996948242188,-0.144,-0.908,-0.412,,0.0,0.0,0.0,,,,,0.0,0.0,29.0,1.7799999998402427e-05,-1.9199999996999395e-05,0.35,84.0,36.5,0
45320,SO-0602,Constable Dinesh Chaudhary,Constable,39,2026-07-22 22:08:01+00:00,81.0,87.0,,21.207025,72.795518,14.699996948242188,-0.085,-0.889,-0.46,,0.0,0.0,0.0,,,,,0.0,0.0,30.0,-1.009999999723732e-05,9.000000034120603e-07,0.14,87.0,36.5,0
45321,SO-0602,Constable Dinesh Chaudhary,Constable,39,2026-07-22 22:08:31+00:00,83.0,87.0,,21.2070285,72.7955195,14.699996948242188,-0.09,-0.897,-0.469,,0.0,0.0,0.0,,,,,0.0,0.0,30.0,3.499999998268777e-06,1.499999996212864e-06,0.05,87.0,36.5,0
45322,SO-0602,Constable Dinesh Chaudhary,Constable,39,2026-07-22 22:09:01+00:00,81.0,76.0,,21.2070482,72.7955476,14.699996948242188,-0.153,-0.875,-0.472,,0.0,0.0,0.0,,,,,0.0,0.0,30.0,1.969999999928973e-05,2.8100000008635103e-05,0.45,76.0,36.5,0
45323,SO-0602,Constable Dinesh Chaudhary,Constable,39,2026-07-22 22:09:31+00:00,88.0,88.0,,21.2070107,72.795528,14.699996948242188,-0.126,-0.882,-0.481,,0.0,0.0,0.0,,,,,0.0,0.0,30.0,-3.749999999769216e-05,-1.960000000167383e-05,0.56,88.0,36.5,0
45324,SO-0602,Constable Dinesh Chaudhary,Constable,39,2026-07-22 22:10:01+00:00,84.0,87.0,,21.2070313,72.7955209,14.699996948242188,-0.114,-0.881,-0.478,,0.0,0.0,0.0,,,,,0.0,0.0,30.0,2.0599999999149077e-05,-7.100000004811591e-06,0.29,87.0,36.5,0
45325,SO-0602,Constable Dinesh Chaudhary,Constable,39,2026-07-22 22:10:31+00:00,83.0,75.0,,21.2070245,72.7955222,14.699996948242188,-0.061,-0.882,-0.506,,0.0,0.0,0.0,,,,,0.0,0.0,30.0,-6.8000000013057615e-06,1.2999999938756446e-06,0.09,75.0,36.5,0
45326,SO-0602,Constable Dinesh Chaudhary,Constable,39,2026-07-22 22:11:01+00:00,85.0,87.0,,21.2070309,72.7955255,14.699996948242188,-0.231,-0.891,-0.412,,0.0,0.0,0.0,,,,,0.0,0.0,30.0,6.400000000184036e-06,3.3000000030369847e-06,0.1,87.0,36.5,0
45327,SO-0602,Constable Dinesh Chaudhary,Constable,39,2026-07-22 22:11:31+00:00,81.0,85.0,,21.2070613,72.7955356,14.699996948242188,-0.261,-0.893,-0.398,,0.0,0.0,0.0,,,,,0.0,0.0,30.0,3.039999999998599e-05,1.009999999723732e-05,0.43,85.0,36.5,0
45328,SO-0602,Constable Dinesh Chaudhary,Constable,39,2026-07-22 22:12:01+00:00,83.0,78.0,,21.2070314,72.7955171,14.699996948242188,-0.061,-0.889,-0.485,,0.0,0.0,0.0,,,,,0.0,0.0,30.0,-2.989999999769566e-05,-1.849999999592455e-05,0.46,78.0,36.5,0
45329,SO-0602,Constable Dinesh Chaudhary,Constable,39,2026-07-22 22:12:31+00:00,88.0,80.0,,21.2070313,72.7955165,14.699996948242188,-0.06,-0.891,-0.483,,0.0,0.0,0.0,,,,,0.0,0.0,30.0,-1.0000000116860974e-07,-5.999999928008037e-07,0.01,80.0,36.5,0
45330,SO-0602,Constable Dinesh Chaudhary,Constable,39,2026-07-22 22:13:01+00:00,86.0,84.0,,21.2070163,72.7955332,14.699996948242188,-0.051,-0.887,-0.468,,0.0,0.0,0.0,,,,,0.0,0.0,30.0,-1.5000000001208493e-05,1.6699999989100434e-05,0.29,84.0,36.5,0
45331,SO-0602,Constable Dinesh Chaudhary,Constable,39,2026-07-22 22:13:31+00:00,85.0,73.0,,21.2070315,72.7955444,14.699996948242188,-0.017,-0.922,-0.424,,0.0,0.0,0.0,,,,,0.0,0.0,30.0,1.5199999999992995e-05,1.12000000029866e-05,0.25,73.0,36.5,0
45332,SO-0602,Constable Dinesh Chaudhary,Constable,39,2026-07-22 22:14:01+00:00,85.0,81.0,,21.2070248,72.7955349,14.699996948242188,-0.139,-0.916,-0.399,,0.0,0.0,0.0,,,,,0.0,0.0,30.0,-6.700000000137152e-06,-9.49999999022566e-06,0.15,81.0,36.5,0
45333,SO-0602,Constable Dinesh Chaudhary,Constable,39,2026-07-22 22:14:31+00:00,89.0,78.0,,21.2070299,72.7955094,14.699996948242188,-0.044,-0.905,-0.461,,0.0,0.0,0.0,,,,,0.0,0.0,30.0,5.099999999202964e-06,-2.5500000006672963e-05,0.33,78.0,36.5,0
45334,SO-0602,Constable Dinesh Chaudhary,Constable,39,2026-07-22 22:15:01+00:00,84.0,72.0,,21.2070627,72.7955527,14.699996948242188,0.011,-0.889,-0.471,,0.0,0.0,0.0,,,,,0.0,0.0,30.0,3.280000000316363e-05,4.330000000152267e-05,0.71,72.0,36.5,0
45335,SO-0602,Constable Dinesh Chaudhary,Constable,39,2026-07-22 22:15:31+00:00,84.0,75.0,,21.2070491,72.7955302,14.699996948242188,-0.008,-0.881,-0.502,,0.0,0.0,0.0,,,,,0.0,0.0,30.0,-1.3600000002611525e-05,-2.250000000003638e-05,0.34,75.0,36.5,0
45336,SO-0602,Constable Dinesh Chaudhary,Constable,39,2026-07-22 22:16:01+00:00,94.0,77.0,,21.2070429,72.7955132,14.699996948242188,-0.004,-0.884,-0.492,,0.0,0.0,0.0,,,,,0.0,0.0,30.0,-6.199999997846817e-06,-1.699999999971169e-05,0.23,77.0,36.5,2
45337,SO-0602,Constable Dinesh Chaudhary,Constable,39,2026-07-22 22:16:31+00:00,83.0,73.0,,21.2070258,72.795518,14.699996948242188,0.047,-0.868,-0.519,,0.0,0.0,0.0,,,,,0.0,0.0,30.0,-1.71000000008803e-05,4.799999999249849e-06,0.24,73.0,36.5,0
45338,SO-0602,Constable Dinesh Chaudhary,Constable,39,2026-07-22 22:17:01+00:00,81.0,80.0,,21.2070345,72.7955267,14.699996948242188,0.086,-0.851,-0.545,,0.0,0.0,0.0,,,,,0.0,0.0,30.0,8.699999998640351e-06,8.699999995087637e-06,0.16,80.0,36.5,0
45339,SO-0602,Constable Dinesh Chaudhary,Constable,39,2026-07-22 22:17:32+00:00,84.0,85.0,,21.2070388,72.7955314,14.699996948242188,-0.002,-0.997,-0.124,,0.0,0.0,0.0,,,,,0.0,0.0,31.0,4.300000000512227e-06,4.700000005186666e-06,0.08,85.0,36.5,0
45340,SO-0602,Constable Dinesh Chaudhary,Constable,39,2026-07-22 22:18:01+00:00,91.0,88.0,,21.2070181,72.7955621,14.699996948242188,-0.772,-0.618,-0.136,,0.0,0.0,0.0,,,,,0.0,0.0,29.0,-2.0700000000317686e-05,3.0699999996386396e-05,0.5,88.0,36.5,2
45341,SO-0602,Constable Dinesh Chaudhary,Constable,39,2026-07-22 22:18:31+00:00,90.0,88.0,,21.2070075,72.7955552,14.699996948242188,-0.793,-0.589,-0.142,,0.0,0.0,0.0,,,,,0.0,0.0,30.0,-1.0599999999527654e-05,-6.900000002474371e-06,0.17,88.0,36.5,0
45342,SO-0602,Constable Dinesh Chaudhary,Constable,39,2026-07-22 22:19:02+00:00,95.0,88.0,,21.2070058,72.7955597,14.699996948242188,-0.729,-0.59,0.274,,0.0,0.0,0.0,,,,,0.0,0.0,31.0,-1.6999999985500835e-06,4.500000002849447e-06,0.06,88.0,36.5,2
45343,SO-0602,Constable Dinesh Chaudhary,Constable,39,2026-07-22 22:19:32+00:00,85.0,88.0,,21.2069949,72.795566,14.699996948242188,-0.741,-0.581,0.253,,0.0,0.0,0.0,,,,,0.0,0.0,30.0,-1.089999999948077e-05,6.299999995462713e-06,0.17,88.0,36.5,0
45344,SO-0602,Constable Dinesh Chaudhary,Constable,39,2026-07-22 22:20:02+00:00,86.0,88.0,,21.2069986,72.7955591,14.699996948242188,-0.83,-0.507,0.137,,0.0,0.0,0.0,,,,,0.0,0.0,30.0,3.6999999970532822e-06,-6.8999999882635166e-06,0.1,88.0,36.5,0
45345,SO-0602,Constable Dinesh Chaudhary,Constable,39,2026-07-22 22:20:31+00:00,88.0,88.0,,21.2069986,72.7955557,14.699996948242188,-0.848,-0.489,0.115,,0.0,0.0,0.0,,,,,0.0,0.0,29.0,0.0,-3.400000011311022e-06,0.05,88.0,36.5,0
45346,SO-0602,Constable Dinesh Chaudhary,Constable,39,2026-07-22 22:21:01+00:00,87.0,85.0,,21.2069988,72.7955562,14.699996948242188,-0.851,-0.487,0.111,,0.0,0.0,0.0,,,,,0.0,0.0,30.0,2.0000000233721948e-07,4.999999987376214e-07,0.01,85.0,36.5,0
45347,SO-0602,Constable Dinesh Chaudhary,Constable,39,2026-07-22 22:21:31+00:00,83.0,78.0,,21.2069986,72.7955597,14.699996948242188,-0.835,-0.513,0.116,,0.0,0.0,0.0,,,,,0.0,0.0,30.0,-2.0000000233721948e-07,3.500000005374204e-06,0.04,78.0,36.5,0
45348,SO-0602,Constable Dinesh Chaudhary,Constable,39,2026-07-22 22:22:01+00:00,93.0,87.0,,21.2070032,72.795553,14.699996948242188,-0.838,-0.514,0.109,,0.0,0.0,0.0,,,,,0.0,0.0,30.0,4.600000000465343e-06,-6.700000000137152e-06,0.11,87.0,36.5,2
45349,SO-0602,Constable Dinesh Chaudhary,Constable,39,2026-07-22 22:22:31+00:00,90.0,79.0,,21.2070173,72.7955367,14.699996948242188,-0.836,-0.508,0.115,,0.0,0.0,0.0,,,,,0.0,0.0,30.0,1.4100000001349144e-05,-1.629999999863685e-05,0.28,79.0,36.5,0
45350,SO-0602,Constable Dinesh Chaudhary,Constable,39,2026-07-22 22:23:01+00:00,84.0,86.0,,21.2069938,72.7955588,14.699996948242188,-0.318,-0.623,0.596,,0.0,0.0,0.0,,,,,0.0,0.0,30.0,-2.3500000001064336e-05,2.209999999536194e-05,0.42,86.0,36.5,0
45351,SO-0602,Constable Dinesh Chaudhary,Constable,39,2026-07-22 22:23:31+00:00,88.0,88.0,,21.207016,72.7955664,14.699996948242188,-0.711,-0.664,0.208,,0.0,0.0,0.0,,,,,0.0,0.0,30.0,2.2200000000083264e-05,7.600000003549212e-06,0.31,88.0,36.5,0
45352,SO-0602,Constable Dinesh Chaudhary,Constable,39,2026-07-22 22:24:01+00:00,88.0,88.0,,21.2069929,72.7955625,14.699996948242188,-0.811,-0.542,0.171,,0.0,0.0,0.0,,,,,0.0,0.0,30.0,-2.309999999994261e-05,-3.8999999958377884e-06,0.31,88.0,36.5,0
45353,SO-0602,Constable Dinesh Chaudhary,Constable,39,2026-07-22 22:24:31+00:00,86.0,88.0,,21.2069923,72.7955607,14.699996948242188,-0.822,-0.514,0.12,,0.0,0.0,0.0,,,,,0.0,0.0,30.0,-5.999999999062311e-07,-1.8000000068241206e-06,0.02,88.0,36.5,0
45354,SO-0602,Constable Dinesh Chaudhary,Constable,39,2026-07-22 22:25:01+00:00,86.0,88.0,,21.2069974,72.7955674,14.699996948242188,-0.847,-0.505,0.092,,0.0,0.0,0.0,,,,,0.0,0.0,30.0,5.099999999202964e-06,6.700000000137152e-06,0.11,88.0,36.5,0
45355,SO-0602,Constable Dinesh Chaudhary,Constable,39,2026-07-22 22:25:31+00:00,87.0,88.0,,21.2069937,72.7955612,14.699996948242188,-0.841,-0.505,0.123,,0.0,0.0,0.0,,,,,0.0,0.0,30.0,-3.6999999970532822e-06,-6.2000000013995304e-06,0.09,88.0,36.5,0
45356,SO-0602,Constable Dinesh Chaudhary,Constable,39,2026-07-22 22:26:01+00:00,88.0,88.0,,21.2069937,72.7955593,14.699996948242188,-0.844,-0.504,0.125,,0.0,0.0,0.0,,,,,0.0,0.0,30.0,0.0,-1.900000000887303e-06,0.02,88.0,36.5,0
45357,SO-0602,Constable Dinesh Chaudhary,Constable,39,2026-07-22 22:26:31+00:00,87.0,88.0,,21.2069945,72.7955667,14.699996948242188,-0.804,-0.544,0.11,,0.0,0.0,0.0,,,,,0.0,0.0,30.0,7.999999986907369e-07,7.400000001211993e-06,0.1,88.0,36.5,0
45358,SO-0602,Constable Dinesh Chaudhary,Constable,39,2026-07-22 22:27:01+00:00,91.0,88.0,,21.2069994,72.7955651,14.699996948242188,-0.821,-0.525,0.148,,0.0,0.0,0.0,,,,,0.0,0.0,30.0,4.9000000004184585e-06,-1.5999999902760464e-06,0.07,88.0,36.5,2
45359,SO-0602,Constable Dinesh Chaudhary,Constable,39,2026-07-22 22:27:31+00:00,88.0,87.0,,21.2069888,72.7955649,14.699996948242188,-0.838,-0.511,0.113,,0.0,0.0,0.0,,,,,0.0,0.0,30.0,-1.0599999999527654e-05,-2.0000000233721948e-07,0.14,87.0,36.5,0
45360,SO-0602,Constable Dinesh Chaudhary,Constable,39,2026-07-22 22:28:01+00:00,86.0,88.0,,21.206995,72.795562,14.699996948242188,-0.835,-0.494,0.148,,0.0,0.0,0.0,,,,,0.0,0.0,30.0,6.199999997846817e-06,-2.8999999983625457e-06,0.09,88.0,36.5,0
45361,SO-0602,Constable Dinesh Chaudhary,Constable,39,2026-07-22 22:28:31+00:00,87.0,88.0,,21.2069921,72.7955605,14.699996948242188,-0.84,-0.509,0.09,,0.0,0.0,0.0,,,,,0.0,0.0,30.0,-2.8999999983625457e-06,-1.5000000104237188e-06,0.04,88.0,36.5,0
45362,SO-0602,Constable Dinesh Chaudhary,Constable,39,2026-07-22 22:29:01+00:00,86.0,88.0,,21.2069923,72.79556,14.699996948242188,-0.801,-0.55,0.153,,0.0,0.0,0.0,,,,,0.0,0.0,30.0,1.999999987845058e-07,-4.999999987376214e-07,0.01,88.0,36.5,0
45363,SO-0602,Constable Dinesh Chaudhary,Constable,39,2026-07-22 22:29:31+00:00,87.0,88.0,,21.2069966,72.795567,14.699996948242188,-0.801,-0.546,0.192,,0.0,0.0,0.0,,,,,0.0,0.0,30.0,4.300000000512227e-06,7.000000010748408e-06,0.11,88.0,36.5,0
45364,SO-0602,Constable Dinesh Chaudhary,Constable,39,2026-07-22 22:30:01+00:00,87.0,88.0,,21.2069879,72.7955564,14.699996948242188,-0.772,-0.55,0.235,,0.0,0.0,0.0,,,,,0.0,0.0,30.0,-8.699999998640351e-06,-1.0600000010185797e-05,0.18,88.0,36.5,0
45365,SO-0602,Constable Dinesh Chaudhary,Constable,39,2026-07-22 22:30:31+00:00,86.0,88.0,,21.2069913,72.7955592,14.699996948242188,-0.802,-0.536,0.162,,0.0,0.0,0.0,,,,,0.0,0.0,30.0,3.399999997100167e-06,2.8000000042993634e-06,0.06,88.0,36.5,0
45366,SO-0602,Constable Dinesh Chaudhary,Constable,39,2026-07-22 22:31:01+00:00,86.0,88.0,,21.2069919,72.7955594,14.699996948242188,-0.807,-0.543,0.147,,0.0,0.0,0.0,,,,,0.0,0.0,30.0,5.999999999062311e-07,2.0000000233721948e-07,0.01,88.0,36.5,0
45367,SO-0602,Constable Dinesh Chaudhary,Constable,39,2026-07-22 22:31:31+00:00,86.0,88.0,,21.2069925,72.7955597,14.699996948242188,-0.814,-0.541,0.131,,0.0,0.0,0.0,,,,,0.0,0.0,30.0,5.999999999062311e-07,2.999999964004019e-07,0.01,88.0,36.5,0
45368,SO-0602,Constable Dinesh Chaudhary,Constable,39,2026-07-22 22:32:01+00:00,87.0,88.0,,21.2069913,72.7955594,14.699996948242188,-0.811,-0.538,0.14,,0.0,0.0,0.0,,,,,0.0,0.0,30.0,-1.1999999998124622e-06,-2.999999964004019e-07,0.02,88.0,36.5,0
45369,SO-0602,Constable Dinesh Chaudhary,Constable,39,2026-07-22 22:32:31+00:00,89.0,88.0,,21.2069926,72.7955593,14.699996948242188,-0.828,-0.522,0.111,,0.0,0.0,0.0,,,,,0.0,0.0,30.0,1.300000000981072e-06,-1.000000082740371e-07,0.02,88.0,36.5,0
45370,SO-0602,Constable Dinesh Chaudhary,Constable,39,2026-07-22 22:33:01+00:00,88.0,88.0,,21.2069938,72.7955607,14.699996948242188,-0.824,-0.518,0.134,,0.0,0.0,0.0,,,,,0.0,0.0,30.0,1.1999999998124622e-06,1.4000000021496817e-06,0.02,88.0,36.5,0
45371,SO-0602,Constable Dinesh Chaudhary,Constable,39,2026-07-22 22:33:31+00:00,88.0,88.0,,21.2069868,72.7955651,14.699996948242188,-0.819,-0.492,0.195,,0.0,0.0,0.0,,,,,0.0,0.0,30.0,-7.000000000090267e-06,4.4000000087862645e-06,0.11,88.0,36.5,0
45372,SO-0602,Constable Dinesh Chaudhary,Constable,39,2026-07-22 22:34:01+00:00,85.0,84.0,,21.2069854,72.7955614,14.699996948242188,-0.766,-0.588,0.169,,0.0,0.0,0.0,,,,,0.0,0.0,30.0,-1.399999998596968e-06,-3.700000007711424e-06,0.05,84.0,36.5,0
45373,SO-0602,Constable Dinesh Chaudhary,Constable,39,2026-07-22 22:34:31+00:00,91.0,88.0,,21.2069872,72.7955641,14.699996948242188,-0.73,-0.608,0.258,,0.0,0.0,0.0,,,,,0.0,0.0,30.0,1.7999999997186933e-06,2.700000010236181e-06,0.04,88.0,36.5,2
45374,SO-0602,Constable Dinesh Chaudhary,Constable,39,2026-07-22 22:35:01+00:00,91.0,88.0,,21.2069868,72.7955622,14.699996948242188,-0.765,-0.607,0.176,,0.0,0.0,0.0,,,,,0.0,0.0,30.0,-4.000000011217253e-07,-1.900000000887303e-06,0.02,88.0,36.5,2
45375,SO-0602,Constable Dinesh Chaudhary,Constable,39,2026-07-22 22:35:31+00:00,94.0,88.0,,21.2069942,72.7955661,14.699996948242188,-0.773,-0.587,0.175,,0.0,0.0,0.0,,,,,0.0,0.0,30.0,7.400000001211993e-06,3.8999999958377884e-06,0.11,88.0,36.5,2
45376,SO-0602,Constable Dinesh Chaudhary,Constable,39,2026-07-22 22:36:01+00:00,85.0,87.0,,21.2069862,72.7955604,14.699996948242188,-0.417,-0.906,-0.014,,0.0,0.0,0.0,,,,,0.0,0.0,30.0,-8.000000001118224e-06,-5.700000002661909e-06,0.13,87.0,36.5,0
45377,SO-0602,Constable Dinesh Chaudhary,Constable,39,2026-07-22 22:36:31+00:00,83.0,86.0,,21.2069821,72.7955633,14.699996948242188,-0.395,-0.906,0.06,,0.0,0.0,0.0,,,,,0.0,0.0,30.0,-4.099999998175008e-06,2.8999999983625457e-06,0.07,86.0,36.5,0
45378,SO-0602,Constable Dinesh Chaudhary,Constable,39,2026-07-22 22:37:01+00:00,86.0,86.0,,21.2069908,72.7955587,14.699996948242188,-0.314,-0.935,0.065,,0.0,0.0,0.0,,,,,0.0,0.0,30.0,8.699999998640351e-06,-4.599999996912629e-06,0.13,86.0,36.5,0
45379,SO-0602,Constable Dinesh Chaudhary,Constable,39,2026-07-22 22:37:31+00:00,91.0,88.0,,21.2069892,72.7955603,14.699996948242188,-0.179,-0.974,-0.067,,0.0,0.0,0.0,,,,,0.0,0.0,30.0,-1.6000000009341877e-06,1.6000000044869012e-06,0.03,88.0,36.5,2
45380,SO-0602,Constable Dinesh Chaudhary,Constable,39,2026-07-22 22:38:01+00:00,81.0,87.0,,21.2069898,72.7955605,14.699996948242188,-0.147,-0.976,-0.113,,0.0,0.0,0.0,,,,,0.0,0.0,30.0,5.999999999062311e-07,1.9999998812636477e-07,0.01,87.0,36.5,0
45381,SO-0602,Constable Dinesh Chaudhary,Constable,39,2026-07-22 22:38:31+00:00,81.0,88.0,,21.2069896,72.7955654,14.699996948242188,-0.124,-0.984,-0.087,,0.0,0.0,0.0,,,,,0.0,0.0,30.0,-1.999999987845058e-07,4.900000007523886e-06,0.06,88.0,36.5,0
45382,SO-0602,Constable Dinesh Chaudhary,Constable,39,2026-07-22 22:39:01+00:00,87.0,86.0,,21.2069915,72.7955605,14.699996948242188,-0.293,-0.948,-0.069,,0.0,0.0,0.0,,,,,0.0,0.0,30.0,1.900000000887303e-06,-4.900000007523886e-06,0.07,86.0,36.5,0
45383,SO-0602,Constable Dinesh Chaudhary,Constable,39,2026-07-22 22:39:31+00:00,94.0,88.0,,21.2069991,72.7955653,14.699996948242188,-0.261,-0.957,-0.003,,0.0,0.0,0.0,,,,,0.0,0.0,30.0,7.599999999996499e-06,4.8000000134607035e-06,0.12,88.0,36.5,2
45384,SO-0602,Constable Dinesh Chaudhary,Constable,39,2026-07-22 22:40:01+00:00,83.0,88.0,,21.2069908,72.7955602,14.699996948242188,-0.225,-0.966,0.073,,0.0,0.0,0.0,,,,,0.0,0.0,30.0,-8.30000000107134e-06,-5.100000009861105e-06,0.13,88.0,36.5,0
45385,SO-0602,Constable Dinesh Chaudhary,Constable,39,2026-07-22 22:40:31+00:00,82.0,88.0,,21.2069996,72.7955615,14.699996948242188,0.066,-0.949,0.256,,0.0,0.0,0.0,,,,,0.0,0.0,30.0,8.79999999980896e-06,1.3000000080864993e-06,0.12,88.0,36.5,0
45386,SO-0602,Constable Dinesh Chaudhary,Constable,39,2026-07-22 22:41:01+00:00,98.0,88.0,,21.2069953,72.7955608,14.699996948242188,0.075,-0.99,-0.136,,0.0,0.0,0.0,,,,,0.0,0.0,30.0,-4.300000000512227e-06,-7.000000010748408e-07,0.06,88.0,36.5,2
45387,SO-0602,Constable Dinesh Chaudhary,Constable,39,2026-07-22 22:41:31+00:00,82.0,88.0,,21.206999,72.7955567,14.699996948242188,-0.199,-0.901,-0.395,,0.0,0.0,0.0,,,,,0.0,0.0,30.0,3.700000000605996e-06,-4.099999998175008e-06,0.07,88.0,36.5,0
45388,SO-0602,Constable Dinesh Chaudhary,Constable,39,2026-07-22 22:42:01+00:00,82.0,88.0,,21.20699,72.7955602,14.699996948242188,-0.2,-0.891,-0.421,,0.0,0.0,0.0,,,,,0.0,0.0,30.0,-8.999999998593466e-06,3.4999999911633495e-06,0.13,88.0,36.5,0
45389,SO-0602,Constable Dinesh Chaudhary,Constable,39,2026-07-22 22:42:31+00:00,86.0,88.0,,21.2069827,72.795562,14.699996948242188,-0.184,-0.903,-0.408,,0.0,0.0,0.0,,,,,0.0,0.0,30.0,-7.300000000043383e-06,1.8000000068241206e-06,0.1,88.0,36.5,0
45390,SO-0602,Constable Dinesh Chaudhary,Constable,39,2026-07-22 22:43:01+00:00,80.0,85.0,,21.20699,72.795554,14.799999237060549,-0.214,-0.91,-0.374,,0.0,0.0,0.0,,,,,0.0,0.0,30.0,7.300000000043383e-06,-8.000000008223651e-06,0.14,85.0,36.5,0
45391,SO-0602,Constable Dinesh Chaudhary,Constable,39,2026-07-22 22:43:31+00:00,83.0,70.0,,21.2069868,72.7955523,14.699996948242188,-0.241,-0.885,-0.405,,0.0,0.0,0.0,,,,,0.0,0.0,30.0,-3.200000001868375e-06,-1.6999999985500835e-06,0.05,70.0,36.5,0
45392,SO-0602,Constable Dinesh Chaudhary,Constable,39,2026-07-22 22:44:01+00:00,83.0,88.0,,21.2069862,72.7955536,14.699996948242188,-0.183,-0.886,-0.441,,0.0,0.0,0.0,,,,,0.0,0.0,30.0,-5.999999999062311e-07,1.3000000080864993e-06,0.02,88.0,36.5,0
45393,SO-0602,Constable Dinesh Chaudhary,Constable,39,2026-07-22 22:44:31+00:00,82.0,88.0,,21.2069907,72.7955586,14.699996948242188,-0.2,-0.876,-0.446,,0.0,0.0,0.0,,,,,0.0,0.0,30.0,4.499999999296733e-06,5.000000001587068e-06,0.09,88.0,36.5,0
45394,SO-0602,Constable Dinesh Chaudhary,Constable,39,2026-07-22 22:45:01+00:00,82.0,86.0,,21.2069835,72.7955555,14.699996948242188,-0.245,-0.867,-0.458,,0.0,0.0,0.0,,,,,0.0,0.0,30.0,-7.199999998874773e-06,-3.1000000006997652e-06,0.1,86.0,36.5,0
45395,SO-0602,Constable Dinesh Chaudhary,Constable,39,2026-07-22 22:45:31+00:00,82.0,88.0,,21.2069854,72.7955578,14.699996948242188,-0.262,-0.91,-0.295,,0.0,0.0,0.0,,,,,0.0,0.0,30.0,1.900000000887303e-06,2.2999999913508873e-06,0.04,88.0,36.5,0
45396,SO-0602,Constable Dinesh Chaudhary,Constable,39,2026-07-22 22:46:01+00:00,84.0,88.0,,21.2069893,72.7955618,14.699996948242188,-0.308,-0.891,-0.351,,0.0,0.0,0.0,,,,,0.0,0.0,30.0,3.899999999390502e-06,4.0000000041118255e-06,0.07,88.0,36.5,0
45397,SO-0602,Constable Dinesh Chaudhary,Constable,39,2026-07-22 22:46:31+00:00,80.0,88.0,,21.2069849,72.7955614,14.699996948242188,-0.222,-0.913,-0.363,,0.0,0.0,0.0,,,,,0.0,0.0,30.0,-4.400000001680837e-06,-4.0000000467443897e-07,0.06,88.0,36.5,0
45398,SO-0602,Constable Dinesh Chaudhary,Constable,39,2026-07-22 22:47:01+00:00,84.0,77.0,,21.206993,72.795559,14.699996948242188,-0.361,-0.878,-0.344,,0.0,0.0,0.0,,,,,0.0,0.0,30.0,8.100000002286833e-06,-2.3999999996249244e-06,0.11,77.0,36.5,0
45399,SO-0602,Constable Dinesh Chaudhary,Constable,39,2026-07-22 22:47:31+00:00,80.0,85.0,,21.2069977,72.7955672,14.699996948242188,-0.357,-0.876,-0.341,,0.0,0.0,0.0,,,,,0.0,0.0,30.0,4.699999998081239e-06,8.199999996350016e-06,0.12,85.0,36.5,0
45400,SO-0602,Constable Dinesh Chaudhary,Constable,39,2026-07-22 22:48:01+00:00,81.0,71.0,,21.2069871,72.7955625,14.699996948242188,-0.394,-0.849,-0.362,,0.0,0.0,0.0,,,,,0.0,0.0,30.0,-1.0599999999527654e-05,-4.699999990975812e-06,0.15,71.0,36.5,0
45401,SO-0602,Constable Dinesh Chaudhary,Constable,39,2026-07-22 22:48:31+00:00,81.0,88.0,,21.2070677,72.7956042,14.699996948242188,-0.356,-0.898,-0.286,,0.0,0.0,0.0,,,,,0.0,0.0,30.0,8.060000000043033e-05,4.1699999997035775e-05,1.2,88.0,36.5,0
45402,SO-0602,Constable Dinesh Chaudhary,Constable,39,2026-07-22 22:49:02+00:00,82.0,84.0,,21.2069839,72.7955628,14.699996948242188,-0.166,-0.895,-0.434,,0.0,0.0,0.0,,,,,0.0,0.0,31.0,-8.379999999874599e-05,-4.140000000063537e-05,1.2,84.0,36.5,0
45403,SO-0602,Constable Dinesh Chaudhary,Constable,39,2026-07-22 22:49:31+00:00,89.0,88.0,,21.2069952,72.7955621,14.799999237060549,-0.406,-0.888,0.169,,0.0,0.0,0.0,,,,,0.0,0.0,29.0,1.1300000000602496e-05,-7.000000010748408e-07,0.16,88.0,36.5,0
45404,SO-0602,Constable Dinesh Chaudhary,Constable,39,2026-07-22 22:50:01+00:00,84.0,88.0,,21.2069851,72.7955595,14.699996948242188,-0.618,-0.745,0.171,,0.0,0.0,0.0,,,,,0.0,0.0,30.0,-1.0100000000790033e-05,-2.600000001962144e-06,0.14,88.0,36.5,0
45405,SO-0602,Constable Dinesh Chaudhary,Constable,39,2026-07-22 22:50:32+00:00,92.0,88.0,,21.2069944,72.7955683,15.099998474121094,-0.655,-0.717,0.158,,0.0,0.0,0.0,,,,,0.0,0.0,31.0,9.299999998546582e-06,8.800000003361674e-06,0.16,88.0,36.5,2
45406,SO-0602,Constable Dinesh Chaudhary,Constable,39,2026-07-22 22:51:01+00:00,88.0,88.0,,21.206987,72.7955638,15.099998474121094,-0.65,-0.721,0.132,,0.0,0.0,0.0,,,,,0.0,0.0,29.0,-7.399999997659279e-06,-4.500000002849447e-06,0.12,88.0,36.5,0
45407,SO-0602,Constable Dinesh Chaudhary,Constable,39,2026-07-22 22:51:31+00:00,86.0,80.0,,21.2070024,72.7955701,14.89999771118164,-0.083,-0.988,0.078,,0.0,0.0,0.0,,,,,0.0,0.0,30.0,1.5399999998777503e-05,6.3000000096735675e-06,0.22,80.0,36.5,0
45408,SO-0602,Constable Dinesh Chaudhary,Constable,39,2026-07-22 22:52:01+00:00,92.0,88.0,,21.2069846,72.7955584,14.699996948242188,-0.113,-0.978,0.127,,0.0,0.0,0.0,,,,,0.0,0.0,30.0,-1.780000000195514e-05,-1.170000000172422e-05,0.28,88.0,36.5,2
45409,SO-0602,Constable Dinesh Chaudhary,Constable,39,2026-07-22 22:52:31+00:00,90.0,88.0,,21.206993,72.7955586,14.699996948242188,-0.214,-0.956,0.142,,0.0,0.0,0.0,,,,,0.0,0.0,30.0,8.400000002239949e-06,2.0000000233721948e-07,0.11,88.0,36.5,0
45410,SO-0602,Constable Dinesh Chaudhary,Constable,39,2026-07-22 22:53:01+00:00,84.0,88.0,,21.2069905,72.7955658,14.799999237060549,-0.177,-0.966,0.124,,0.0,0.0,0.0,,,,,0.0,0.0,30.0,-2.500000000793534e-06,7.199999998874773e-06,0.1,88.0,36.5,0
45411,SO-0602,Constable Dinesh Chaudhary,Constable,39,2026-07-22 22:53:31+00:00,91.0,88.0,,21.2069942,72.7955672,15.099998474121094,-0.61,-0.719,0.293,,0.0,0.0,0.0,,,,,0.0,0.0,30.0,3.700000000605996e-06,1.399999987938827e-06,0.05,88.0,36.5,2
45412,SO-0602,Constable Dinesh Chaudhary,Constable,39,2026-07-22 22:54:01+00:00,93.0,88.0,,21.2069915,72.7955589,14.699996948242188,-0.644,-0.719,0.21,,0.0,0.0,0.0,,,,,0.0,0.0,30.0,-2.69999999957804e-06,-8.299999990413198e-06,0.11,88.0,36.5,2
45413,SO-0602,Constable Dinesh Chaudhary,Constable,39,2026-07-22 22:54:31+00:00,100.0,88.0,,21.2069927,72.7955658,14.699996948242188,-0.696,-0.669,0.192,,0.0,0.0,0.0,,,,,0.0,0.0,30.0,1.1999999998124622e-06,6.900000002474371e-06,0.09,88.0,36.5,2
45414,SO-0602,Constable Dinesh Chaudhary,Constable,39,2026-07-22 22:55:01+00:00,99.0,88.0,,21.2069897,72.7955619,14.799999237060549,-0.709,-0.667,0.205,,0.0,0.0,0.0,,,,,0.0,0.0,30.0,-2.9999999995311555e-06,-3.900000010048643e-06,0.06,88.0,36.5,2
45415,SO-0602,Constable Dinesh Chaudhary,Constable,39,2026-07-22 22:55:31+00:00,94.0,88.0,,21.2069843,72.795568,15.099998474121094,-0.701,-0.669,0.199,,0.0,0.0,0.0,,,,,0.0,0.0,30.0,-5.4000000027087935e-06,6.100000007336348e-06,0.11,88.0,36.5,2
45416,SO-0602,Constable Dinesh Chaudhary,Constable,39,2026-07-22 22:56:01+00:00,99.0,88.0,,21.2069852,72.7955595,14.699996948242188,-0.693,-0.672,0.173,,0.0,0.0,0.0,,,,,0.0,0.0,30.0,8.999999998593466e-07,-8.500000006961272e-06,0.11,88.0,36.5,2
45417,SO-0602,Constable Dinesh Chaudhary,Constable,39,2026-07-22 22:56:31+00:00,95.0,88.0,,21.2069948,72.7955611,14.699996948242188,-0.729,-0.645,0.124,,0.0,0.0,0.0,,,,,0.0,0.0,30.0,9.600000002052411e-06,1.6000000044869012e-06,0.13,88.0,36.5,2
45418,SO-0602,Constable Dinesh Chaudhary,Constable,39,2026-07-22 22:57:01+00:00,87.0,88.0,,21.2069848,72.7955639,15.099998474121094,-0.747,-0.634,0.088,,0.0,0.0,0.0,,,,,0.0,0.0,30.0,-9.999999999621425e-06,2.8000000042993634e-06,0.14,88.0,36.5,0
45419,SO-0602,Constable Dinesh Chaudhary,Constable,39,2026-07-22 22:57:31+00:00,91.0,88.0,,21.2069935,72.7955619,14.699996948242188,-0.669,-0.684,0.222,,0.0,0.0,0.0,,,,,0.0,0.0,30.0,8.699999998640351e-06,-2.00000000916134e-06,0.12,88.0,36.5,2
45420,SO-0602,Constable Dinesh Chaudhary,Constable,39,2026-07-22 22:58:01+00:00,95.0,88.0,,21.2069949,72.7955612,14.699996948242188,-0.718,-0.62,0.253,,0.0,0.0,0.0,,,,,0.0,0.0,30.0,1.4000000021496817e-06,-7.000000010748408e-07,0.02,88.0,36.5,2
45421,SO-0602,Constable Dinesh Chaudhary,Constable,39,2026-07-22 22:58:31+00:00,94.0,88.0,,21.206991,72.7955621,14.699996948242188,-0.734,-0.652,0.098,,0.0,0.0,0.0,,,,,0.0,0.0,30.0,-3.900000002943216e-06,9.000000034120603e-07,0.05,88.0,36.5,2
45422,SO-0602,Constable Dinesh Chaudhary,Constable,39,2026-07-22 22:59:01+00:00,99.0,88.0,,21.2069878,72.7955629,15.099998474121094,-0.771,-0.615,0.046,,0.0,0.0,0.0,,,,,0.0,0.0,30.0,-3.1999999983156613e-06,7.999999951380232e-07,0.04,88.0,36.5,2
45423,SO-0602,Constable Dinesh Chaudhary,Constable,39,2026-07-22 22:59:31+00:00,95.0,88.0,,21.2070008,72.7955685,15.099998474121094,-0.756,-0.619,0.092,,0.0,0.0,0.0,,,,,0.0,0.0,30.0,1.2999999999152578e-05,5.600000008598727e-06,0.19,88.0,36.5,2
45424,SO-0602,Constable Dinesh Chaudhary,Constable,39,2026-07-22 23:00:01+00:00,95.0,88.0,,21.2069932,72.7955638,14.699996948242188,-0.753,-0.635,0.085,,0.0,0.0,0.0,,,,,0.0,0.0,30.0,-7.599999999996499e-06,-4.700000005186666e-06,0.12,88.0,36.5,2
45425,SO-0602,Constable Dinesh Chaudhary,Constable,39,2026-07-22 23:00:31+00:00,98.0,88.0,,21.2069957,72.7955619,14.799999237060549,-0.749,-0.641,0.093,,0.0,0.0,0.0,,,,,0.0,0.0,30.0,2.500000000793534e-06,-1.900000000887303e-06,0.04,88.0,36.5,2
45426,SO-0602,Constable Dinesh Chaudhary,Constable,39,2026-07-22 23:01:01+00:00,100.0,88.0,,21.2069955,72.7955626,14.699996948242188,-0.744,-0.645,0.103,,0.0,0.0,0.0,,,,,0.0,0.0,30.0,-1.999999987845058e-07,7.000000010748408e-07,0.01,88.0,36.5,2
45427,SO-0602,Constable Dinesh Chaudhary,Constable,39,2026-07-22 23:01:32+00:00,100.0,88.0,,21.2069878,72.795562,14.699996948242188,-0.777,-0.6,0.018,,0.0,0.0,0.0,,,,,0.0,0.0,31.0,-7.700000001165108e-06,-5.999999928008037e-07,0.1,88.0,36.5,2
45428,SO-0602,Constable Dinesh Chaudhary,Constable,39,2026-07-22 23:02:01+00:00,93.0,88.0,,21.2069949,72.7955685,15.099998474121094,-0.457,-0.865,0.135,,0.0,0.0,0.0,,,,,0.0,0.0,29.0,7.100000001258877e-06,6.499999997799932e-06,0.13,88.0,36.5,2
45429,SO-0602,Constable Dinesh Chaudhary,Constable,39,2026-07-22 23:02:31+00:00,83.0,78.0,,21.2069846,72.7955584,14.699996948242188,-0.049,0.87,0.705,,0.0,0.0,0.0,,,,,0.0,0.0,30.0,-1.0300000003127252e-05,-1.009999999723732e-05,0.19,78.0,36.5,0
45430,SO-0602,Constable Dinesh Chaudhary,Constable,39,2026-07-22 23:03:01+00:00,100.0,88.0,,21.2069906,72.7955561,14.699996948242188,-0.783,-0.449,0.367,,0.0,0.0,0.0,,,,,0.0,0.0,30.0,6.000000002615025e-06,-2.300000005561742e-06,0.09,88.0,36.5,2
45431,SO-0602,Constable Dinesh Chaudhary,Constable,39,2026-07-22 23:03:31+00:00,93.0,88.0,,21.2069862,72.7955604,14.699996948242188,-0.825,-0.46,0.275,,0.0,0.0,0.0,,,,,0.0,0.0,30.0,-4.400000001680837e-06,4.300000000512227e-06,0.08,88.0,36.5,2
45432,SO-0602,Constable Dinesh Chaudhary,Constable,39,2026-07-22 23:04:01+00:00,89.0,84.0,,21.2069841,72.7955629,14.699996948242188,-0.843,-0.375,0.34,,0.0,0.0,0.0,,,,,0.0,0.0,30.0,-2.099999999671809e-06,2.4999999936881068e-06,0.04,84.0,36.5,0
45433,SO-0602,Constable Dinesh Chaudhary,Constable,39,2026-07-22 23:04:31+00:00,84.0,80.0,,21.2069837,72.7955628,14.699996948242188,-0.838,-0.416,0.302,,0.0,0.0,0.0,,,,,0.0,0.0,30.0,-4.000000011217253e-07,-9.999999406318238e-08,0.01,80.0,36.5,0
45434,SO-0602,Constable Dinesh Chaudhary,Constable,39,2026-07-22 23:05:01+00:00,84.0,60.0,,21.2069834,72.7955622,14.699996948242188,-0.838,-0.417,0.298,,0.0,0.0,0.0,,,,,0.0,0.0,30.0,-2.999999999531156e-07,-5.999999928008037e-07,0.01,60.0,36.5,0
45435,SO-0602,Constable Dinesh Chaudhary,Constable,39,2026-07-22 23:05:31+00:00,90.0,76.0,,21.2069831,72.7955625,14.699996948242188,-0.837,-0.419,0.306,,0.0,0.0,0.0,,,,,0.0,0.0,30.0,-2.999999999531156e-07,2.999999964004019e-07,0.01,76.0,36.5,0
45436,SO-0602,Constable Dinesh Chaudhary,Constable,39,2026-07-22 23:06:01+00:00,91.0,83.0,,21.206983,72.7955632,14.699996948242188,-0.833,-0.409,0.308,,0.0,0.0,0.0,,,,,0.0,0.0,30.0,-9.999999761589606e-08,7.000000010748408e-07,0.01,83.0,36.5,2
45437,SO-0602,Constable Dinesh Chaudhary,Constable,39,2026-07-22 23:06:31+00:00,100.0,88.0,,21.2069836,72.7955623,14.699996948242188,0.113,0.165,0.961,,0.0,0.0,0.0,,,,,0.0,0.0,30.0,5.999999999062311e-07,-9.000000034120603e-07,0.01,88.0,36.5,2
45438,SO-0602,Constable Dinesh Chaudhary,Constable,39,2026-07-22 23:07:01+00:00,90.0,88.0,,21.2069826,72.7955606,14.699996948242188,0.095,0.127,0.979,,0.0,0.0,0.0,,,,,0.0,0.0,30.0,-1.0000000010279564e-06,-1.6999999985500835e-06,0.03,88.0,36.5,0
45439,SO-0602,Constable Dinesh Chaudhary,Constable,39,2026-07-22 23:07:31+00:00,90.0,88.0,,21.2069827,72.7955599,14.699996948242188,0.085,0.114,0.975,,0.0,0.0,0.0,,,,,0.0,0.0,30.0,1.0000000116860974e-07,-7.000000010748408e-07,0.01,88.0,36.5,0
45440,SO-0602,Constable Dinesh Chaudhary,Constable,39,2026-07-22 23:08:01+00:00,94.0,88.0,,21.2069845,72.7955626,14.699996948242188,0.064,0.112,0.971,,0.0,0.0,0.0,,,,,0.0,0.0,30.0,1.7999999997186933e-06,2.6999999960253263e-06,0.04,88.0,36.5,2
45441,SO-0602,Constable Dinesh Chaudhary,Constable,39,2026-07-22 23:08:31+00:00,91.0,85.0,,21.2069841,72.7955629,14.699996948242188,0.059,0.113,0.978,,0.0,0.0,0.0,,,,,0.0,0.0,30.0,-4.000000011217253e-07,2.999999964004019e-07,0.01,85.0,36.5,2
45442,SO-0602,Constable Dinesh Chaudhary,Constable,39,2026-07-22 23:09:01+00:00,89.0,85.0,,21.206983,72.7955632,14.699996948242188,0.053,0.113,0.973,,0.0,0.0,0.0,,,,,0.0,0.0,30.0,-1.0999999986438525e-06,3.000000106112566e-07,0.02,85.0,36.5,0
45443,SO-0602,Constable Dinesh Chaudhary,Constable,39,2026-07-22 23:09:31+00:00,94.0,88.0,,21.2069859,72.7955602,14.699996948242188,0.044,0.113,0.975,,0.0,0.0,0.0,,,,,0.0,0.0,30.0,2.8999999983625457e-06,-3.000000006636583e-06,0.05,88.0,36.5,2
45444,SO-0602,Constable Dinesh Chaudhary,Constable,39,2026-07-22 23:10:01+00:00,91.0,86.0,,21.2069856,72.7955599,14.699996948242188,0.023,0.101,0.983,,0.0,0.0,0.0,,,,,0.0,0.0,30.0,-2.999999999531156e-07,-2.999999964004019e-07,0.01,86.0,36.5,2
45445,SO-0602,Constable Dinesh Chaudhary,Constable,39,2026-07-22 23:10:31+00:00,92.0,88.0,,21.2069826,72.7955606,14.699996948242188,0.023,0.11,0.984,,0.0,0.0,0.0,,,,,0.0,0.0,30.0,-2.9999999995311555e-06,7.000000010748408e-07,0.04,88.0,36.5,2
45446,SO-0602,Constable Dinesh Chaudhary,Constable,39,2026-07-22 23:11:01+00:00,87.0,88.0,,21.206983,72.79556,14.699996948242188,0.008,0.097,0.977,,0.0,0.0,0.0,,,,,0.0,0.0,30.0,4.000000011217253e-07,-6.000000070116585e-07,0.01,88.0,36.5,0
45447,SO-0602,Constable Dinesh Chaudhary,Constable,39,2026-07-22 23:11:31+00:00,91.0,88.0,,21.206983,72.79556,14.699996948242188,-0.001,0.095,0.977,,0.0,0.0,0.0,,,,,0.0,0.0,30.0,0.0,0.0,0.0,88.0,36.5,2
45448,SO-0602,Constable Dinesh Chaudhary,Constable,39,2026-07-22 23:12:01+00:00,92.0,87.0,,21.2069825,72.7955598,14.699996948242188,-0.013,0.091,0.975,,0.0,0.0,0.0,,,,,0.0,0.0,30.0,-5.00000002290335e-07,-1.9999998812636477e-07,0.01,87.0,36.5,2
45449,SO-0602,Constable Dinesh Chaudhary,Constable,39,2026-07-22 23:12:31+00:00,90.0,88.0,,21.2069823,72.7955605,14.699996948242188,-0.014,0.096,0.97,,0.0,0.0,0.0,,,,,0.0,0.0,30.0,-1.999999987845058e-07,6.999999868639861e-07,0.01,88.0,36.5,0
45450,SO-0602,Constable Dinesh Chaudhary,Constable,39,2026-07-22 23:13:01+00:00,92.0,83.0,,21.206983,72.79556,14.699996948242188,-0.027,0.092,0.982,,0.0,0.0,0.0,,,,,0.0,0.0,30.0,7.000000010748408e-07,-4.999999987376214e-07,0.01,83.0,36.5,2
45451,SO-0602,Constable Dinesh Chaudhary,Constable,39,2026-07-22 23:13:31+00:00,91.0,87.0,,21.2069859,72.7955602,14.699996948242188,-0.007,0.089,0.98,,0.0,0.0,0.0,,,,,0.0,0.0,30.0,2.8999999983625457e-06,2.0000000233721948e-07,0.04,87.0,36.5,2
45452,SO-0602,Constable Dinesh Chaudhary,Constable,39,2026-07-22 23:14:01+00:00,89.0,88.0,,21.206983,72.79556,14.699996948242188,-0.015,0.088,0.982,,0.0,0.0,0.0,,,,,0.0,0.0,30.0,-2.8999999983625457e-06,-2.0000000233721948e-07,0.04,88.0,36.5,0
45453,SO-0602,Constable Dinesh Chaudhary,Constable,39,2026-07-22 23:14:31+00:00,89.0,88.0,,21.2069828,72.7955613,14.699996948242188,-0.024,0.083,0.979,,0.0,0.0,0.0,,,,,0.0,0.0,30.0,-2.0000000233721948e-07,1.3000000080864993e-06,0.02,88.0,36.5,0
45454,SO-0602,Constable Dinesh Chaudhary,Constable,39,2026-07-22 23:15:01+00:00,92.0,87.0,,21.2069834,72.795564,14.699996948242188,-0.037,0.081,0.979,,0.0,0.0,0.0,,,,,0.0,0.0,30.0,5.999999999062311e-07,2.6999999960253263e-06,0.04,87.0,36.5,2
45455,SO-0602,Constable Dinesh Chaudhary,Constable,39,2026-07-22 23:15:31+00:00,98.0,88.0,,21.2069827,72.7955599,14.699996948242188,-0.057,0.075,0.98,,0.0,0.0,0.0,,,,,0.0,0.0,30.0,-6.999999975221272e-07,-4.099999998175008e-06,0.05,88.0,36.5,2
45456,SO-0602,Constable Dinesh Chaudhary,Constable,39,2026-07-22 23:16:01+00:00,99.0,88.0,,21.2069829,72.7955631,14.699996948242188,-0.058,0.078,0.988,,0.0,0.0,0.0,,,,,0.0,0.0,30.0,1.999999987845058e-07,3.1999999947629476e-06,0.04,88.0,36.5,2
45457,SO-0602,Constable Dinesh Chaudhary,Constable,39,2026-07-22 23:16:31+00:00,92.0,85.0,,21.2069859,72.7955602,14.699996948242188,-0.058,0.077,0.979,,0.0,0.0,0.0,,,,,0.0,0.0,30.0,2.9999999995311555e-06,-2.8999999983625457e-06,0.05,85.0,36.5,2
45458,SO-0602,Constable Dinesh Chaudhary,Constable,39,2026-07-22 23:17:01+00:00,97.0,83.0,,21.2069835,72.7955626,14.699996948242188,-0.081,0.071,0.973,,0.0,0.0,0.0,,,,,0.0,0.0,30.0,-2.3999999996249244e-06,2.3999999996249244e-06,0.04,83.0,36.5,2
45459,SO-0602,Constable Dinesh Chaudhary,Constable,39,2026-07-22 23:17:31+00:00,89.0,87.0,,21.2069834,72.7955634,14.699996948242188,-0.074,0.074,0.979,,0.0,0.0,0.0,,,,,0.0,0.0,30.0,-1.0000000116860974e-07,8.000000093488779e-07,0.01,87.0,36.5,0
45460,SO-0602,Constable Dinesh Chaudhary,Constable,39,2026-07-22 23:18:01+00:00,96.0,88.0,,21.2069834,72.7955634,14.699996948242188,-0.094,0.069,0.971,,0.0,0.0,0.0,,,,,0.0,0.0,30.0,0.0,0.0,0.0,88.0,36.5,2
45461,SO-0602,Constable Dinesh Chaudhary,Constable,39,2026-07-22 23:18:31+00:00,96.0,87.0,,21.2069834,72.7955634,14.699996948242188,-0.094,0.065,0.975,,0.0,0.0,0.0,,,,,0.0,0.0,30.0,0.0,0.0,0.0,87.0,36.5,2
45462,SO-0602,Constable Dinesh Chaudhary,Constable,39,2026-07-22 23:19:01+00:00,96.0,82.0,,21.2069834,72.795564,14.699996948242188,-0.119,0.068,0.975,,0.0,0.0,0.0,,,,,0.0,0.0,30.0,0.0,5.999999928008037e-07,0.01,82.0,36.5,2
45463,SO-0602,Constable Dinesh Chaudhary,Constable,39,2026-07-22 23:19:31+00:00,97.0,86.0,,21.2069826,72.795563,14.699996948242188,-0.108,0.058,0.976,,0.0,0.0,0.0,,,,,0.0,0.0,30.0,-7.999999986907369e-07,-9.999999974752427e-07,0.02,86.0,36.5,2
45464,SO-0602,Constable Dinesh Chaudhary,Constable,39,2026-07-22 23:20:01+00:00,100.0,86.0,,21.2069834,72.7955634,14.699996948242188,-0.115,0.068,0.981,,0.0,0.0,0.0,,,,,0.0,0.0,30.0,7.999999986907369e-07,4.0000000467443897e-07,0.01,86.0,36.5,2
45465,SO-0602,Constable Dinesh Chaudhary,Constable,39,2026-07-22 23:20:31+00:00,95.0,84.0,,21.2069826,72.7955629,14.699996948242188,-0.118,0.061,0.97,,0.0,0.0,0.0,,,,,0.0,0.0,30.0,-7.999999986907369e-07,-5.000000129484761e-07,0.01,84.0,36.5,2
45466,SO-0602,Constable Dinesh Chaudhary,Constable,39,2026-07-22 23:21:01+00:00,96.0,87.0,,21.2069827,72.7955623,14.699996948242188,-0.139,0.064,0.967,,0.0,0.0,0.0,,,,,0.0,0.0,30.0,1.0000000116860974e-07,-5.999999928008037e-07,0.01,87.0,36.5,2
45467,SO-0602,Constable Dinesh Chaudhary,Constable,39,2026-07-22 23:21:31+00:00,99.0,86.0,,21.2069826,72.7955629,14.699996948242188,-0.127,0.062,0.975,,0.0,0.0,0.0,,,,,0.0,0.0,30.0,-1.0000000116860974e-07,5.999999928008037e-07,0.01,86.0,36.5,2
45468,SO-0602,Constable Dinesh Chaudhary,Constable,39,2026-07-22 23:22:01+00:00,99.0,87.0,,21.2069846,72.7955599,14.699996948242188,-0.137,0.057,0.971,,0.0,0.0,0.0,,,,,0.0,0.0,30.0,1.999999998503199e-06,-2.999999992425728e-06,0.05,87.0,36.5,2
45469,SO-0602,Constable Dinesh Chaudhary,Constable,39,2026-07-22 23:22:31+00:00,100.0,86.0,,21.2069856,72.7955599,14.699996948242188,-0.152,0.05,0.969,,0.0,0.0,0.0,,,,,0.0,0.0,30.0,1.0000000010279564e-06,0.0,0.01,86.0,36.5,2
45470,SO-0602,Constable Dinesh Chaudhary,Constable,39,2026-07-22 23:23:01+00:00,96.0,81.0,,21.2070003,72.7955561,14.699996948242188,-0.157,0.055,0.968,,0.0,0.0,0.0,,,,,0.0,0.0,30.0,1.4700000001255376e-05,-3.800000001774606e-06,0.2,81.0,36.5,2
45471,SO-0602,Constable Dinesh Chaudhary,Constable,39,2026-07-22 23:23:31+00:00,99.0,87.0,,21.2069904,72.7955554,14.699996948242188,-0.164,0.045,0.968,,0.0,0.0,0.0,,,,,0.0,0.0,30.0,-9.900000002005528e-06,-7.000000010748408e-07,0.13,87.0,36.5,2
45472,SO-0602,Constable Dinesh Chaudhary,Constable,39,2026-07-22 23:24:01+00:00,94.0,87.0,,21.2070003,72.7955561,14.699996948242188,-0.163,0.047,0.975,,0.0,0.0,0.0,,,,,0.0,0.0,30.0,9.900000002005528e-06,7.000000010748408e-07,0.13,87.0,36.5,2
45473,SO-0602,Constable Dinesh Chaudhary,Constable,39,2026-07-22 23:24:31+00:00,96.0,81.0,,21.2070006,72.7955567,14.699996948242188,-0.169,0.045,0.964,,0.0,0.0,0.0,,,,,0.0,0.0,30.0,2.999999999531156e-07,6.000000070116585e-07,0.01,81.0,36.5,2
45474,SO-0602,Constable Dinesh Chaudhary,Constable,39,2026-07-22 23:25:01+00:00,89.0,84.0,,21.2070003,72.7955561,14.699996948242188,-0.169,0.046,0.968,,0.0,0.0,0.0,,,,,0.0,0.0,30.0,-2.999999999531156e-07,-6.000000070116585e-07,0.01,84.0,36.5,0
45475,SO-0602,Constable Dinesh Chaudhary,Constable,39,2026-07-22 23:25:31+00:00,97.0,87.0,,21.207,72.7955562,14.699996948242188,-0.176,0.04,0.968,,0.0,0.0,0.0,,,,,0.0,0.0,30.0,-2.999999999531156e-07,9.999999406318238e-08,0.0,87.0,36.5,2
45476,SO-0602,Constable Dinesh Chaudhary,Constable,39,2026-07-22 23:26:01+00:00,90.0,85.0,,21.2070003,72.7955561,14.699996948242188,-0.196,0.042,0.97,,0.0,0.0,0.0,,,,,0.0,0.0,30.0,2.999999999531156e-07,-9.999999406318238e-08,0.0,85.0,36.5,0
45477,SO-0602,Constable Dinesh Chaudhary,Constable,39,2026-07-22 23:26:32+00:00,95.0,85.0,,21.206999,72.7955447,14.699996948242188,-0.174,0.042,0.963,,0.0,0.0,0.0,,,,,0.0,0.0,31.0,-1.300000000981072e-06,-1.1400000005323818e-05,0.14,85.0,36.5,2
45478,SO-0602,Constable Dinesh Chaudhary,Constable,39,2026-07-22 23:27:01+00:00,99.0,86.0,,21.2070004,72.7955566,14.699996948242188,-0.203,0.038,0.956,,0.0,0.0,0.0,,,,,0.0,0.0,29.0,1.399999998596968e-06,1.190000000406144e-05,0.16,86.0,36.5,2
45479,SO-0602,Constable Dinesh Chaudhary,Constable,39,2026-07-22 23:27:31+00:00,88.0,86.0,,21.2070029,72.7955527,14.699996948242188,-0.196,0.035,0.956,,0.0,0.0,0.0,,,,,0.0,0.0,30.0,2.500000000793534e-06,-3.8999999958377884e-06,0.06,86.0,36.5,0
45480,SO-0602,Constable Dinesh Chaudhary,Constable,39,2026-07-22 23:28:01+00:00,98.0,87.0,,21.2070008,72.7955565,14.699996948242188,-0.212,0.033,0.965,,0.0,0.0,0.0,,,,,0.0,0.0,30.0,-2.099999999671809e-06,3.800000001774606e-06,0.06,87.0,36.5,2
45481,SO-0602,Constable Dinesh Chaudhary,Constable,39,2026-07-22 23:28:31+00:00,99.0,88.0,,21.2069906,72.7955518,14.699996948242188,-0.204,0.038,0.955,,0.0,0.0,0.0,,,,,0.0,0.0,30.0,-1.0199999998405929e-05,-4.700000005186666e-06,0.15,88.0,36.5,2
45482,SO-0602,Constable Dinesh Chaudhary,Constable,39,2026-07-22 23:29:01+00:00,99.0,84.0,,21.2069902,72.7955549,14.699996948242188,-0.208,0.036,0.96,,0.0,0.0,0.0,,,,,0.0,0.0,30.0,-4.000000011217253e-07,3.1000000006997652e-06,0.04,84.0,36.5,2
45483,SO-0602,Constable Dinesh Chaudhary,Constable,39,2026-07-22 23:29:31+00:00,95.0,86.0,,21.2069915,72.7955514,14.699996948242188,-0.22,0.036,0.958,,0.0,0.0,0.0,,,,,0.0,0.0,30.0,1.300000000981072e-06,-3.500000005374204e-06,0.05,86.0,36.5,2
45484,SO-0602,Constable Dinesh Chaudhary,Constable,39,2026-07-22 23:30:01+00:00,93.0,84.0,,21.2070013,72.7955565,14.699996948242188,-0.219,0.03,0.958,,0.0,0.0,0.0,,,,,0.0,0.0,30.0,9.800000000836915e-06,5.100000009861105e-06,0.15,84.0,36.5,2
45485,SO-0602,Constable Dinesh Chaudhary,Constable,39,2026-07-22 23:30:31+00:00,100.0,85.0,,21.2070072,72.7955473,14.699996948242188,-0.234,0.032,0.962,,0.0,0.0,0.0,,,,,0.0,0.0,30.0,5.899999997893701e-06,-9.200000008036112e-06,0.14,85.0,36.5,2
45486,SO-0602,Constable Dinesh Chaudhary,Constable,39,2026-07-22 23:31:01+00:00,99.0,85.0,,21.2069946,72.7955468,14.699996948242188,-0.237,0.028,0.959,,0.0,0.0,0.0,,,,,0.0,0.0,30.0,-1.2599999998030851e-05,-4.999999987376214e-07,0.17,85.0,36.5,2
45487,SO-0602,Constable Dinesh Chaudhary,Constable,39,2026-07-22 23:31:31+00:00,96.0,86.0,,21.2070037,72.7955521,14.699996948242188,-0.243,0.025,0.953,,0.0,0.0,0.0,,,,,0.0,0.0,30.0,9.099999999762076e-06,5.29999999798747e-06,0.14,86.0,36.5,2
45488,SO-0602,Constable Dinesh Chaudhary,Constable,39,2026-07-22 23:32:01+00:00,90.0,86.0,,21.2070013,72.7955603,14.699996948242188,-0.254,0.013,0.953,,0.0,0.0,0.0,,,,,0.0,0.0,30.0,-2.3999999996249244e-06,8.20000001056087e-06,0.11,86.0,36.5,0
45489,SO-0602,Constable Dinesh Chaudhary,Constable,39,2026-07-22 23:32:31+00:00,98.0,84.0,,21.2070008,72.7955607,14.699996948242188,-0.253,0.026,0.945,,0.0,0.0,0.0,,,,,0.0,0.0,30.0,-5.00000002290335e-07,3.9999999046358425e-07,0.01,84.0,36.5,2
45490,SO-0602,Constable Dinesh Chaudhary,Constable,39,2026-07-22 23:33:01+00:00,88.0,77.0,,21.2069977,72.7955449,14.699996948242188,-0.25,0.023,0.95,,0.0,0.0,0.0,,,,,0.0,0.0,30.0,-3.1000000006997652e-06,-1.5799999999899228e-05,0.21,77.0,36.5,0
45491,SO-0602,Constable Dinesh Chaudhary,Constable,39,2026-07-22 23:33:31+00:00,100.0,88.0,,21.2069946,72.7955557,14.699996948242188,-0.269,0.016,0.943,,0.0,0.0,0.0,,,,,0.0,0.0,30.0,-3.0999999971470515e-06,1.079999999831216e-05,0.14,88.0,36.5,2
45492,SO-0602,Constable Dinesh Chaudhary,Constable,39,2026-07-22 23:34:01+00:00,99.0,87.0,,21.2069955,72.7955461,14.699996948242188,-0.272,0.015,0.94,,0.0,0.0,0.0,,,,,0.0,0.0,30.0,8.999999998593466e-07,-9.599999998499698e-06,0.12,87.0,36.5,2
45493,SO-0602,Constable Dinesh Chaudhary,Constable,39,2026-07-22 23:34:31+00:00,98.0,84.0,,21.2069824,72.7955638,14.699996948242188,-0.275,0.007,0.936,,0.0,0.0,0.0,,,,,0.0,0.0,30.0,-1.3100000000321188e-05,1.770000000078653e-05,0.29,84.0,36.5,2
45494,SO-0602,Constable Dinesh Chaudhary,Constable,39,2026-07-22 23:35:01+00:00,100.0,83.0,,21.2069853,72.7955606,14.699996948242188,-0.293,0.005,0.931,,0.0,0.0,0.0,,,,,0.0,0.0,30.0,2.8999999983625457e-06,-3.1999999947629476e-06,0.06,83.0,36.5,2
45495,SO-0602,Constable Dinesh Chaudhary,Constable,39,2026-07-23 06:48:29+00:00,100.0,84.0,,21.2069957,72.7955621,14.699996948242188,-0.102,-0.66,0.719,,0.0,0.0,0.0,,,,,0.0,0.0,26008.0,1.0400000000743148e-05,1.499999996212864e-06,0.0,84.0,36.5,2
45496,SO-0602,Constable Dinesh Chaudhary,Constable,39,2026-07-23 09:47:15+00:00,100.0,,,21.2070184,72.7955628,14.699996948242188,0.016,0.045,0.981,,0.0,0.0,0.0,,,,,0.0,0.0,10726.0,2.269999999882089e-05,7.000000010748408e-07,0.0,84.0,36.5,2
45497,SO-0602,Constable Dinesh Chaudhary,Constable,39,2026-07-23 09:47:45+00:00,96.0,,,21.2070297,72.7955766,14.699996948242188,0.016,0.044,0.978,,0.0,0.0,0.0,,,,,0.0,0.0,30.0,1.1300000000602496e-05,1.3800000004948744e-05,0.23,84.0,36.5,2
45498,SO-0602,Constable Dinesh Chaudhary,Constable,39,2026-07-23 09:48:15+00:00,96.0,,,21.2070297,72.7955357,14.699996948242188,0.013,0.044,0.983,,0.0,0.0,0.0,,,,,0.0,0.0,30.0,0.0,-4.090000000189775e-05,0.52,84.0,36.5,2
45499,SO-0602,Constable Dinesh Chaudhary,Constable,39,2026-07-23 09:48:45+00:00,95.0,,,21.2070152,72.7955561,14.799999237060549,0.014,0.043,0.973,,0.0,0.0,0.0,,,,,0.0,0.0,30.0,-1.4499999998918156e-05,2.0399999996811857e-05,0.33,84.0,36.5,2
45500,SO-0602,Constable Dinesh Chaudhary,Constable,39,2026-07-23 09:49:13+00:00,95.0,,,21.2069863,72.7955618,14.699996948242188,0.018,0.044,0.985,,0.0,0.0,0.0,,,,,0.0,0.0,28.0,-2.8900000000220416e-05,5.700000002661909e-06,0.42,84.0,36.5,2
45501,SO-0602,Constable Dinesh Chaudhary,Constable,39,2026-07-23 09:49:45+00:00,96.0,,,21.2070194,72.7955671,14.699996948242188,0.017,0.041,0.983,,0.0,0.0,0.0,,,,,0.0,0.0,32.0,3.3099999999564034e-05,5.29999999798747e-06,0.42,84.0,36.5,2
45502,SO-0602,Constable Dinesh Chaudhary,Constable,39,2026-07-23 09:50:15+00:00,90.0,,,21.206998,72.7955612,14.699996948242188,0.012,0.041,0.987,,0.0,0.0,0.0,,,,,0.0,0.0,30.0,-2.1400000001392527e-05,-5.900000004999129e-06,0.29,84.0,36.5,0
45503,SO-0602,Constable Dinesh Chaudhary,Constable,39,2026-07-23 09:50:45+00:00,99.0,,,21.2069984,72.7955631,14.699996948242188,0.015,0.047,0.977,,0.0,0.0,0.0,,,,,0.0,0.0,30.0,4.000000011217253e-07,1.900000000887303e-06,0.02,84.0,36.5,2
45504,SO-0602,Constable Dinesh Chaudhary,Constable,39,2026-07-23 09:51:15+00:00,97.0,,,21.2070061,72.7955669,14.699996948242188,0.016,0.045,0.993,,0.0,0.0,0.0,,,,,0.0,0.0,30.0,7.700000001165108e-06,3.800000001774606e-06,0.11,84.0,36.5,2
45505,SO-0602,Constable Dinesh Chaudhary,Constable,39,2026-07-23 09:51:45+00:00,93.0,,,21.2070014,72.7955599,14.699996948242188,0.014,0.044,0.985,,0.0,0.0,0.0,,,,,0.0,0.0,30.0,-4.700000001633953e-06,-6.999999996537554e-06,0.11,84.0,36.5,2
45506,SO-0602,Constable Dinesh Chaudhary,Constable,39,2026-07-23 09:52:15+00:00,92.0,,,21.2070001,72.7955568,14.699996948242188,0.018,0.046,0.991,,0.0,0.0,0.0,,,,,0.0,0.0,30.0,-1.300000000981072e-06,-3.1000000006997652e-06,0.04,84.0,36.5,2
45507,SO-0602,Constable Dinesh Chaudhary,Constable,39,2026-07-23 09:52:48+00:00,99.0,,,21.2070001,72.7955568,14.699996948242188,0.02,0.044,0.98,,0.0,0.0,0.0,,,,,0.0,0.0,33.0,0.0,0.0,0.0,84.0,36.5,2
45508,SO-0602,Constable Dinesh Chaudhary,Constable,39,2026-07-23 09:53:18+00:00,100.0,,,21.206992,72.7955631,14.699996948242188,0.017,0.043,0.988,,0.0,0.0,0.0,,,,,0.0,0.0,30.0,-8.09999999873412e-06,6.299999995462713e-06,0.13,84.0,36.5,2
45509,SO-0602,Constable Dinesh Chaudhary,Constable,39,2026-07-23 09:53:45+00:00,100.0,,,21.2070404,72.7955117,14.699996948242188,0.011,0.043,0.987,,0.0,0.0,0.0,,,,,0.0,0.0,27.0,4.840000000072564e-05,-5.1399999989598655e-05,1.02,84.0,36.5,2
45510,SO-0602,Constable Dinesh Chaudhary,Constable,39,2026-07-23 09:54:15+00:00,96.0,,,21.2070352,72.7955132,14.699996948242188,0.016,0.047,0.985,,0.0,0.0,0.0,,,,,0.0,0.0,30.0,-5.200000000371574e-06,1.499999996212864e-06,0.07,84.0,36.5,2
45511,SO-0602,Constable Dinesh Chaudhary,Constable,39,2026-07-23 09:57:18+00:00,96.0,,,21.2070352,72.7955132,14.699996948242188,0.016,0.044,0.982,,0.0,0.0,0.0,,,,,0.0,0.0,183.0,0.0,0.0,0.0,84.0,36.5,2
45516,SO-0602,Constable Dinesh Chaudhary,Constable,39,2026-07-23 10:20:06+00:00,89.0,87.0,,21.2220381,72.7896601,14.999996185302734,0.109,0.383,0.886,,0.0,0.0,0.0,,,,,0.0,0.0,1368.0,0.0150028999999989,-0.0058530999999959,0.0,87.0,36.5,0
45518,SO-0602,Constable Dinesh Chaudhary,Constable,39,2026-07-23 10:20:36+00:00,97.0,87.0,,21.2222311,72.7897264,14.999996185302734,0.002,-0.174,1.002,,0.0,0.0,0.0,,,,,0.0,0.0,30.0,0.0001929999999994,6.630000000029668e-05,2.71,87.0,36.5,2
45520,SO-0602,Constable Dinesh Chaudhary,Constable,39,2026-07-23 10:21:06+00:00,84.0,88.0,,21.2226082,72.7895413,15.199996948242188,-0.714,-0.196,0.67,,0.0,0.0,0.0,,,,,0.0,0.0,30.0,0.0003771000000014,-0.0001851000000101,5.56,88.0,36.5,1
45522,SO-0602,Constable Dinesh Chaudhary,Constable,39,2026-07-23 10:21:36+00:00,86.0,88.0,,21.225794,72.7896396,15.199996948242188,-0.27,0.298,0.898,,0.0,0.0,0.0,,,,,0.0,0.0,30.0,0.0031858000000006,9.830000000476956e-05,42.45,88.0,36.5,1
45524,SO-0602,Constable Dinesh Chaudhary,Constable,39,2026-07-23 10:22:06+00:00,100.0,87.0,,21.2277659,72.7901919,15.499996185302734,-0.082,0.499,0.878,,0.0,0.0,0.0,,,,,0.0,0.0,30.0,0.0019719000000009,0.0005522999999953,27.21,87.0,36.5,1
45526,SO-0602,Constable Dinesh Chaudhary,Constable,39,2026-07-23 10:22:37+00:00,92.0,86.0,,21.2299553,72.788887,24.399999618530273,0.119,0.081,0.816,,0.0,0.0,0.0,,,,,0.0,0.0,31.0,0.0021893999999988,-0.0013048999999938,32.54,86.0,36.5,1
45529,SO-0602,Constable Dinesh Chaudhary,Constable,39,2026-07-23 10:23:06+00:00,92.0,87.0,,21.2336762,72.7899131,16.499998092651367,-0.963,-0.476,0.394,,0.0,0.0,0.0,,,,,0.0,0.0,29.0,0.0037209000000011,0.0010261000000042,53.05,87.0,36.5,1
45532,SO-0602,Constable Dinesh Chaudhary,Constable,39,2026-07-23 10:23:38+00:00,92.0,88.0,,21.235723,72.7897015,16.499998092651367,0.373,-0.136,0.785,,0.0,0.0,0.0,,,,,0.0,0.0,32.0,0.0020467999999986,-0.0002116,25.69,88.0,36.5,1
45535,SO-0602,Constable Dinesh Chaudhary,Constable,39,2026-07-23 10:24:07+00:00,100.0,88.0,,21.2379897,72.7889448,15.799999237060549,0.053,0.188,0.774,,0.0,0.0,0.0,,,,,0.0,0.0,29.0,0.0022666999999998,-0.0007567000000108,32.81,88.0,36.5,1
45537,SO-0602,Constable Dinesh Chaudhary,Constable,39,2026-07-23 10:24:36+00:00,84.0,88.0,,21.2408395,72.7884413,17.600000381469727,0.075,0.591,0.821,,0.0,0.0,0.0,,,,,0.0,0.0,29.0,0.0028497999999999,-0.0005034999999935,39.83,88.0,36.5,1
45540,SO-0602,Constable Dinesh Chaudhary,Constable,39,2026-07-23 10:25:07+00:00,88.0,88.0,,21.2443722,72.7865681,18.0,-0.81,-0.34,0.36,,0.0,0.0,0.0,,,,,0.0,0.0,31.0,0.0035327000000009,-0.0018732000000056,51.14,88.0,36.5,1
45543,SO-0602,Constable Dinesh Chaudhary,Constable,39,2026-07-23 10:25:36+00:00,90.0,88.0,,21.2467613,72.7856416,17.30000114440918,-0.813,-0.329,0.117,,0.0,0.0,0.0,,,,,0.0,0.0,29.0,0.0023890999999984,-0.0009264999999913,35.14,88.0,36.5,1
45546,SO-0602,Constable Dinesh Chaudhary,Constable,39,2026-07-23 10:26:06+00:00,87.0,87.0,,21.2493217,72.7848699,18.600000381469727,-0.067,0.271,1.024,,0.0,0.0,0.0,,,,,0.0,0.0,30.0,0.0025604000000001,-0.0007717000000013,35.51,87.0,36.5,1
45549,SO-0602,Constable Dinesh Chaudhary,Constable,39,2026-07-23 10:26:36+00:00,98.0,85.0,,21.2535603,72.7830558,18.600000381469727,0.581,-0.501,0.334,,0.0,0.0,0.0,,,,,0.0,0.0,30.0,0.0042386000000007,-0.0018141000000042,61.07,85.0,36.5,1
45551,SO-0602,Constable Dinesh Chaudhary,Constable,39,2026-07-23 10:27:06+00:00,92.0,87.0,,21.2569502,72.7816469,17.700000762939453,-0.253,0.171,0.906,,0.0,0.0,0.0,,,,,0.0,0.0,30.0,0.0033898999999983,-0.0014089000000012,48.64,87.0,36.5,1
45553,SO-0602,Constable Dinesh Chaudhary,Constable,39,2026-07-23 10:27:36+00:00,100.0,87.0,,21.2607667,72.7801956,18.0,-0.191,0.226,0.969,,0.0,0.0,0.0,,,,,0.0,0.0,30.0,0.0038165000000027,-0.0014512999999993,54.14,87.0,36.5,1
45555,SO-0602,Constable Dinesh Chaudhary,Constable,39,2026-07-23 10:28:06+00:00,92.0,88.0,,21.2635177,72.7785541,18.0,0.147,-0.129,0.912,,0.0,0.0,0.0,,,,,0.0,0.0,30.0,0.0027509999999999,-0.0016415000000051,42.27,88.0,36.5,1
45557,SO-0602,Constable Dinesh Chaudhary,Constable,39,2026-07-23 10:28:36+00:00,92.0,87.0,,21.2676496,72.776641,17.899999618530273,-0.117,0.266,0.994,,0.0,0.0,0.0,,,,,0.0,0.0,30.0,0.0041318999999973,-0.0019130999999958,60.26,87.0,36.5,1
45559,SO-0602,Constable Dinesh Chaudhary,Constable,39,2026-07-23 10:29:06+00:00,87.0,87.0,,21.2715844,72.7747515,17.700000762939453,-0.332,-0.238,0.883,,0.0,0.0,0.0,,,,,0.0,0.0,30.0,0.0039347999999996,-0.0018895000000043,57.75,87.0,36.5,1
45561,SO-0602,Constable Dinesh Chaudhary,Constable,39,2026-07-23 10:29:36+00:00,91.0,87.0,,21.275506,72.7729493,19.899999618530273,-0.098,0.351,1.099,,0.0,0.0,0.0,,,,,0.0,0.0,30.0,0.0039216000000017,-0.0018022000000001,57.13,87.0,36.5,1
45563,SO-0602,Constable Dinesh Chaudhary,Constable,39,2026-07-23 10:30:06+00:00,83.0,88.0,,21.2787098,72.7713648,19.899999618530273,-0.458,0.671,1.146,,0.0,0.0,0.0,,,,,0.0,0.0,30.0,0.0032038000000014,-0.0015844999999927,47.27,88.0,36.5,1
45565,SO-0602,Constable Dinesh Chaudhary,Constable,39,2026-07-23 10:30:36+00:00,92.0,88.0,,21.2816737,72.7699595,17.799999237060547,-0.336,0.199,0.936,,0.0,0.0,0.0,,,,,0.0,0.0,30.0,0.0029638999999974,-0.0014053000000018,43.4,88.0,36.5,1
45567,SO-0602,Constable Dinesh Chaudhary,Constable,39,2026-07-23 10:31:06+00:00,82.0,88.0,,21.2862388,72.7678428,18.299999237060547,-0.208,0.282,0.823,,0.0,0.0,0.0,,,,,0.0,0.0,30.0,0.0045651000000006,-0.0021167000000019,66.6,88.0,36.5,1
45569,SO-0602,Constable Dinesh Chaudhary,Constable,39,2026-07-23 10:31:36+00:00,94.0,88.0,,21.2904466,72.7658425,18.299999237060547,-0.014,0.395,0.837,,0.0,0.0,0.0,,,,,0.0,0.0,30.0,0.0042077999999996,-0.0020002999999917,61.65,88.0,36.5,1
45571,SO-0602,Constable Dinesh Chaudhary,Constable,39,2026-07-23 10:32:06+00:00,82.0,86.0,,21.2944007,72.7639816,18.399999618530273,0.037,0.386,0.841,,0.0,0.0,0.0,,,,,0.0,0.0,30.0,0.0039541000000014,-0.0018609000000111,57.83,86.0,36.5,1
45573,SO-0602,Constable Dinesh Chaudhary,Constable,39,2026-07-23 10:32:36+00:00,82.0,88.0,,21.2974273,72.7626362,16.899999618530273,-0.471,0.595,1.064,,0.0,0.0,0.0,,,,,0.0,0.0,30.0,0.0030265999999983,-0.001345399999991,43.86,88.0,36.5,1
45575,SO-0602,Constable Dinesh Chaudhary,Constable,39,2026-07-23 10:33:06+00:00,88.0,88.0,,21.30045,72.7613125,17.899999618530273,0.121,0.416,0.939,,0.0,0.0,0.0,,,,,0.0,0.0,30.0,0.0030227000000024,-0.0013237000000003,43.7,88.0,36.5,1
45577,SO-0602,Constable Dinesh Chaudhary,Constable,39,2026-07-23 10:33:36+00:00,100.0,88.0,,21.3032731,72.7599389,19.899999618530273,-0.31,0.269,0.823,,0.0,0.0,0.0,,,,,0.0,0.0,30.0,0.0028230999999969,-0.0013736000000079,41.53,88.0,36.5,1
45579,SO-0602,Constable Dinesh Chaudhary,Constable,39,2026-07-23 10:34:06+00:00,91.0,85.0,,21.3068276,72.7583579,17.799999237060547,-0.271,0.345,0.945,,0.0,0.0,0.0,,,,,0.0,0.0,30.0,0.0035544999999999,-0.0015810000000016,51.51,85.0,36.5,1
45581,SO-0602,Constable Dinesh Chaudhary,Constable,39,2026-07-23 10:34:36+00:00,100.0,87.0,,21.3103495,72.7567657,18.100000381469727,-0.339,0.196,0.86,,0.0,0.0,0.0,,,,,0.0,0.0,30.0,0.0035219000000026,-0.0015921999999903,51.17,87.0,36.5,1
45583,SO-0602,Constable Dinesh Chaudhary,Constable,39,2026-07-23 10:35:07+00:00,99.0,88.0,,21.3141627,72.7552592,14.89999771118164,-1.297,0.662,0.468,,0.0,0.0,0.0,,,,,0.0,0.0,31.0,0.0038131999999997,-0.0015065000000049,52.59,88.0,36.5,1
45585,SO-0602,Constable Dinesh Chaudhary,Constable,39,2026-07-23 10:35:35+00:00,91.0,88.0,,21.3178621,72.7548403,17.399999618530273,-0.449,0.232,0.855,,0.0,0.0,0.0,,,,,0.0,0.0,28.0,0.0036993999999985,-0.0004188999999996,53.11,88.0,36.5,1
45587,SO-0602,Constable Dinesh Chaudhary,Constable,39,2026-07-23 10:36:06+00:00,90.0,88.0,,21.3222408,72.7537321,17.399999618530273,-0.438,0.293,0.851,,0.0,0.0,0.0,,,,,0.0,0.0,31.0,0.0043787000000001,-0.0011082000000044,58.1,88.0,36.5,1
45589,SO-0602,Constable Dinesh Chaudhary,Constable,39,2026-07-23 10:36:36+00:00,89.0,88.0,,21.3259404,72.753067,17.100000381469727,-0.462,0.265,0.921,,0.0,0.0,0.0,,,,,0.0,0.0,30.0,0.0036996000000009,-0.0006650999999919,50.01,88.0,36.5,1
45591,SO-0602,Constable Dinesh Chaudhary,Constable,39,2026-07-23 10:37:06+00:00,88.0,88.0,,21.3282469,72.7531968,17.399999618530273,0.226,-0.254,0.892,,0.0,0.0,0.0,,,,,0.0,0.0,30.0,0.0023064999999995,0.0001297999999962,30.77,88.0,36.5,1
45593,SO-0602,Constable Dinesh Chaudhary,Constable,39,2026-07-23 10:37:35+00:00,91.0,88.0,,21.3298752,72.7527783,15.699996948242188,0.095,-0.235,0.937,,0.0,0.0,0.0,,,,,0.0,0.0,29.0,0.0016283000000001,-0.0004184999999949,23.11,88.0,36.5,1
45594,SO-0602,Constable Dinesh Chaudhary,Constable,39,2026-07-23 10:38:06+00:00,94.0,88.0,,21.3316167,72.7528514,15.699996948242188,-0.451,0.253,1.037,,0.0,0.0,0.0,,,,,0.0,0.0,31.0,0.0017415000000013,7.309999999449701e-05,22.47,88.0,36.5,1
45595,SO-0602,Constable Dinesh Chaudhary,Constable,39,2026-07-23 10:38:36+00:00,92.0,87.0,,21.3337797,72.7513968,15.89999771118164,0.41,-0.108,0.957,,0.0,0.0,0.0,,,,,0.0,0.0,30.0,0.0021629999999994,-0.0014546000000024,34.33,87.0,36.5,1
45597,SO-0602,Constable Dinesh Chaudhary,Constable,39,2026-07-23 10:39:06+00:00,83.0,88.0,,21.3357192,72.7506324,16.69999885559082,0.117,0.296,0.899,,0.0,0.0,0.0,,,,,0.0,0.0,30.0,0.0019394999999988,-0.0007643999999942,27.63,88.0,36.5,1
45599,SO-0602,Constable Dinesh Chaudhary,Constable,39,2026-07-23 10:39:36+00:00,83.0,88.0,,21.337026,72.7510785,16.69999885559082,-0.21,0.3,0.917,,0.0,0.0,0.0,,,,,0.0,0.0,30.0,0.0013068000000018,0.0004461000000048,18.32,88.0,36.5,1
45601,SO-0602,Constable Dinesh Chaudhary,Constable,39,2026-07-23 10:40:06+00:00,93.0,86.0,,21.3375,72.7514982,16.899999618530273,-0.001,-0.034,1.112,,0.0,0.0,0.0,,,,,0.0,0.0,30.0,0.0004739999999969,0.0004196999999948,8.3,86.0,36.5,1
45603,SO-0602,Constable Dinesh Chaudhary,Constable,39,2026-07-23 10:40:36+00:00,96.0,84.0,,21.337502,72.7516433,17.399999618530273,0.058,0.324,0.948,,0.0,0.0,0.0,,,,,0.0,0.0,30.0,2.0000000020559128e-06,0.0001450999999974,1.86,84.0,36.5,2
45605,SO-0602,Constable Dinesh Chaudhary,Constable,39,2026-07-23 10:41:06+00:00,97.0,88.0,,21.3376932,72.7512241,17.19999885559082,-0.265,0.204,0.925,,0.0,0.0,0.0,,,,,0.0,0.0,30.0,0.0001911999999997,-0.000419199999996,5.95,88.0,36.5,1
45607,SO-0602,Constable Dinesh Chaudhary,Constable,39,2026-07-23 10:41:35+00:00,97.0,83.0,,21.3375812,72.7514373,17.19999885559082,-1.033,0.974,-0.019,,0.0,0.0,0.0,,,,,0.0,0.0,29.0,-0.0001120000000014,0.0002132000000045,3.22,83.0,36.5,2
45609,SO-0602,Constable Dinesh Chaudhary,Constable,39,2026-07-23 10:42:07+00:00,86.0,70.0,,21.3377976,72.7512901,17.19999885559082,-1.253,0.808,0.942,,0.0,0.0,0.0,,,,,0.0,0.0,32.0,0.0002163999999993,-0.0001472000000006,3.23,70.0,36.5,0
45611,SO-0602,Constable Dinesh Chaudhary,Constable,39,2026-07-23 10:42:35+00:00,91.0,84.0,,21.3376646,72.7512377,17.399999618530273,-1.01,-0.67,0.407,,0.0,0.0,0.0,,,,,0.0,0.0,28.0,-0.0001329999999981,-5.240000000128475e-05,2.03,84.0,36.5,2
45613,SO-0602,Constable Dinesh Chaudhary,Constable,39,2026-07-23 10:43:07+00:00,91.0,66.0,,21.3378043,72.7512421,17.399999618530273,0.248,0.906,-0.315,,0.0,0.0,0.0,,,,,0.0,0.0,32.0,0.0001396999999982,4.39999999457541e-06,1.75,66.0,36.5,2
45615,SO-0602,Constable Dinesh Chaudhary,Constable,39,2026-07-23 10:43:36+00:00,99.0,88.0,,21.3377452,72.7511968,17.799999237060547,-0.115,0.996,0.076,,0.0,0.0,0.0,,,,,0.0,0.0,29.0,-5.909999999786919e-05,-4.529999999647316e-05,1.01,88.0,36.5,2
45617,SO-0602,Constable Dinesh Chaudhary,Constable,39,2026-07-23 10:44:05+00:00,100.0,87.0,,21.3376167,72.7512392,17.19999885559082,-0.104,0.989,-0.018,,0.0,0.0,0.0,,,,,0.0,0.0,29.0,-0.0001284999999988,4.2399999998110616e-05,1.86,87.0,36.5,2
45619,SO-0602,Constable Dinesh Chaudhary,Constable,39,2026-07-23 10:44:37+00:00,97.0,74.0,,21.3376075,72.7512902,16.899999618530273,-0.098,0.933,-0.075,,0.0,0.0,0.0,,,,,0.0,0.0,32.0,-9.200000000930686e-06,5.099999999913507e-05,0.62,74.0,36.5,2
45621,SO-0602,Constable Dinesh Chaudhary,Constable,39,2026-07-23 10:45:07+00:00,93.0,83.0,,21.3376157,72.7512413,17.19999885559082,-0.976,0.229,0.029,,0.0,0.0,0.0,,,,,0.0,0.0,30.0,8.19999999990273e-06,-4.889999999591055e-05,0.64,83.0,36.5,2
45623,SO-0602,Constable Dinesh Chaudhary,Constable,39,2026-07-23 10:45:40+00:00,92.0,88.0,,21.3376157,72.7512413,17.19999885559082,-0.137,0.966,0.123,,0.0,0.0,0.0,,,,,0.0,0.0,33.0,0.0,0.0,0.0,88.0,36.5,2
45625,SO-0602,Constable Dinesh Chaudhary,Constable,39,2026-07-23 10:46:10+00:00,91.0,84.0,,21.3373887,72.7512279,17.19999885559082,-0.958,0.845,0.284,,0.0,0.0,0.0,,,,,0.0,0.0,30.0,-0.0002269999999988,-1.3400000000274304e-05,3.03,84.0,36.5,2
45627,SO-0602,Constable Dinesh Chaudhary,Constable,39,2026-07-23 10:46:35+00:00,85.0,83.0,,21.3373887,72.7512279,17.19999885559082,-1.023,-0.096,0.058,,0.0,0.0,0.0,,,,,0.0,0.0,25.0,0.0,0.0,0.0,83.0,36.5,0
45629,SO-0602,Constable Dinesh Chaudhary,Constable,39,2026-07-23 10:47:07+00:00,89.0,88.0,,21.3375593,72.7512241,17.19999885559082,-0.071,0.313,0.575,,0.0,0.0,0.0,,,,,0.0,0.0,32.0,0.000170599999997,-3.800000001774606e-06,2.13,88.0,36.5,0
45631,SO-0602,Constable Dinesh Chaudhary,Constable,39,2026-07-23 10:47:37+00:00,82.0,88.0,,21.3371389,72.7515596,16.499998092651367,-0.641,0.671,0.164,,0.0,0.0,0.0,,,,,0.0,0.0,30.0,-0.0004203999999994,0.0003354999999913,7.06,88.0,36.5,1
45633,SO-0602,Constable Dinesh Chaudhary,Constable,39,2026-07-23 10:48:05+00:00,98.0,87.0,,21.3375036,72.7512426,16.499998092651367,-0.516,0.671,0.468,,0.0,0.0,0.0,,,,,0.0,0.0,28.0,0.0003647000000022,-0.0003169999999954,6.79,87.0,36.5,1
45635,SO-0602,Constable Dinesh Chaudhary,Constable,39,2026-07-23 10:48:37+00:00,91.0,88.0,,21.3370027,72.7512646,16.499998092651367,-0.52,0.273,0.807,,0.0,0.0,0.0,,,,,0.0,0.0,32.0,-0.0005009000000022,2.200000000129876e-05,6.26,88.0,36.5,1
45637,SO-0602,Constable Dinesh Chaudhary,Constable,39,2026-07-23 10:49:07+00:00,87.0,88.0,,21.337224,72.7513856,16.499998092651367,-0.527,-0.022,0.829,,0.0,0.0,0.0,,,,,0.0,0.0,30.0,0.0002212999999997,0.0001210000000071,3.33,88.0,36.5,0
45639,SO-0602,Constable Dinesh Chaudhary,Constable,39,2026-07-23 10:49:35+00:00,93.0,88.0,,21.3376126,72.7512403,17.19999885559082,-0.356,0.019,0.908,,0.0,0.0,0.0,,,,,0.0,0.0,28.0,0.0003886000000008,-0.0001452999999997,5.89,88.0,36.5,1
45641,SO-0602,Constable Dinesh Chaudhary,Constable,39,2026-07-23 10:50:07+00:00,95.0,84.0,,21.3373558,72.7512144,16.30000114440918,-0.406,0.041,0.881,,0.0,0.0,0.0,,,,,0.0,0.0,32.0,-0.0002567999999989,-2.59000000113474e-05,3.22,84.0,36.5,2
45643,SO-0602,Constable Dinesh Chaudhary,Constable,39,2026-07-23 10:50:37+00:00,88.0,84.0,,21.3374893,72.7513847,17.19999885559082,-0.821,0.622,-0.069,,0.0,0.0,0.0,,,,,0.0,0.0,30.0,0.0001335000000004,0.0001703000000077,2.82,84.0,36.5,0
45645,SO-0602,Constable Dinesh Chaudhary,Constable,39,2026-07-23 10:51:07+00:00,95.0,86.0,,21.3370877,72.7512352,16.499998092651367,-0.307,0.029,0.934,,0.0,0.0,0.0,,,,,0.0,0.0,30.0,-0.0004016,-0.0001495000000062,5.68,86.0,36.5,1
45647,SO-0602,Constable Dinesh Chaudhary,Constable,39,2026-07-23 10:51:36+00:00,100.0,87.0,,21.3376151,72.7512387,17.19999885559082,-0.342,0.029,0.915,,0.0,0.0,0.0,,,,,0.0,0.0,29.0,0.0005273999999992,3.500000005374204e-06,7.27,87.0,36.5,1
45649,SO-0602,Constable Dinesh Chaudhary,Constable,39,2026-07-23 10:52:06+00:00,82.0,87.0,,21.3376173,72.7512712,17.19999885559082,0.446,0.123,0.875,,0.0,0.0,0.0,,,,,0.0,0.0,30.0,2.2000000008404186e-06,3.2500000003210516e-05,0.42,87.0,36.5,0
45651,SO-0602,Constable Dinesh Chaudhary,Constable,39,2026-07-23 10:52:36+00:00,95.0,77.0,,21.3376166,72.751246,17.19999885559082,-0.398,0.583,0.622,,0.0,0.0,0.0,,,,,0.0,0.0,30.0,-7.000000010748408e-07,-2.520000001027256e-05,0.32,77.0,36.5,2
45653,SO-0602,Constable Dinesh Chaudhary,Constable,39,2026-07-23 10:53:06+00:00,85.0,71.0,,21.3370289,72.7514396,16.499998092651367,-0.858,0.195,0.498,,0.0,0.0,0.0,,,,,0.0,0.0,30.0,-0.0005877000000005,0.0001936000000029,8.21,71.0,36.5,1
45655,SO-0602,Constable Dinesh Chaudhary,Constable,39,2026-07-23 10:53:36+00:00,93.0,77.0,,21.3376126,72.7512403,17.19999885559082,-0.417,0.022,0.866,,0.0,0.0,0.0,,,,,0.0,0.0,30.0,0.0005836999999999,-0.0001992999999913,8.18,77.0,36.5,1
45657,SO-0602,Constable Dinesh Chaudhary,Constable,39,2026-07-23 10:54:05+00:00,95.0,87.0,,21.3376171,72.7512371,17.19999885559082,-0.032,0.261,0.988,,0.0,0.0,0.0,,,,,0.0,0.0,29.0,4.499999999296733e-06,-3.2000000089738023e-06,0.08,87.0,36.5,2
45659,SO-0602,Constable Dinesh Chaudhary,Constable,39,2026-07-23 10:54:39+00:00,98.0,88.0,,21.3372461,72.7513565,16.499998092651367,-0.615,0.524,0.563,,0.0,0.0,0.0,,,,,0.0,0.0,34.0,-0.0003709999999976,0.0001194000000026,4.57,88.0,36.5,1
45661,SO-0602,Constable Dinesh Chaudhary,Constable,39,2026-07-23 10:55:05+00:00,100.0,87.0,,21.337617,72.751238,17.19999885559082,-0.368,0.015,0.909,,0.0,0.0,0.0,,,,,0.0,0.0,26.0,0.0003709,-0.0001184999999992,5.96,87.0,36.5,1
45663,SO-0602,Constable Dinesh Chaudhary,Constable,39,2026-07-23 10:55:36+00:00,87.0,87.0,,21.3376126,72.7512403,17.19999885559082,-0.407,-0.018,0.893,,0.0,0.0,0.0,,,,,0.0,0.0,31.0,-4.400000001680837e-06,2.300000005561742e-06,0.06,87.0,36.5,0
45665,SO-0602,Constable Dinesh Chaudhary,Constable,39,2026-07-23 10:56:06+00:00,93.0,87.0,,21.3376128,72.7512493,17.19999885559082,-0.571,-0.028,0.794,,0.0,0.0,0.0,,,,,0.0,0.0,30.0,1.999999987845058e-07,8.999999991488039e-06,0.12,87.0,36.5,2
45667,SO-0602,Constable Dinesh Chaudhary,Constable,39,2026-07-23 10:56:36+00:00,96.0,88.0,,21.3376151,72.7512387,17.19999885559082,-0.443,-0.179,0.845,,0.0,0.0,0.0,,,,,0.0,0.0,30.0,2.3000000020090283e-06,-1.059999999597494e-05,0.14,88.0,36.5,2
45669,SO-0602,Constable Dinesh Chaudhary,Constable,39,2026-07-23 10:57:06+00:00,100.0,88.0,,21.3376164,72.7512409,17.19999885559082,-0.395,0.034,0.886,,0.0,0.0,0.0,,,,,0.0,0.0,30.0,1.300000000981072e-06,2.199999997287705e-06,0.03,88.0,36.5,2
45671,SO-0602,Constable Dinesh Chaudhary,Constable,39,2026-07-23 10:57:36+00:00,90.0,88.0,,21.3376166,72.7512374,17.19999885559082,-0.377,-0.009,0.905,,0.0,0.0,0.0,,,,,0.0,0.0,30.0,1.999999987845058e-07,-3.500000005374204e-06,0.04,88.0,36.5,0
45673,SO-0602,Constable Dinesh Chaudhary,Constable,39,2026-07-23 10:58:06+00:00,97.0,88.0,,21.3373796,72.7512108,17.19999885559082,-0.189,0.047,0.913,,0.0,0.0,0.0,,,,,0.0,0.0,30.0,-0.000237000000002,-2.6599999998211388e-05,3.18,88.0,36.5,2
45675,SO-0602,Constable Dinesh Chaudhary,Constable,39,2026-07-23 10:58:36+00:00,97.0,88.0,,21.337436,72.7512067,17.19999885559082,-0.43,-0.008,0.886,,0.0,0.0,0.0,,,,,0.0,0.0,30.0,5.6400000001843864e-05,-4.099999998175008e-06,0.75,88.0,36.5,2
45677,SO-0602,Constable Dinesh Chaudhary,Constable,39,2026-07-23 10:59:06+00:00,97.0,88.0,,21.3374141,72.751211,17.19999885559082,-0.501,0.023,0.832,,0.0,0.0,0.0,,,,,0.0,0.0,30.0,-2.190000000013015e-05,4.300000000512227e-06,0.3,88.0,36.5,2
45679,SO-0602,Constable Dinesh Chaudhary,Constable,39,2026-07-23 10:59:36+00:00,96.0,88.0,,21.3376177,72.7512624,17.19999885559082,-0.583,-0.222,0.766,,0.0,0.0,0.0,,,,,0.0,0.0,30.0,0.0002035999999989,5.140000000380951e-05,2.79,88.0,36.5,2
45681,SO-0602,Constable Dinesh Chaudhary,Constable,39,2026-07-23 11:00:06+00:00,93.0,86.0,,21.337615,72.7512441,17.19999885559082,-0.225,0.963,0.169,,0.0,0.0,0.0,,,,,0.0,0.0,30.0,-2.69999999957804e-06,-1.830000000779819e-05,0.24,86.0,36.5,2
45683,SO-0602,Constable Dinesh Chaudhary,Constable,39,2026-07-23 11:00:40+00:00,82.0,85.0,,21.3375315,72.7512278,17.19999885559082,-0.638,0.191,0.631,,0.0,0.0,0.0,,,,,0.0,0.0,34.0,-8.349999999879287e-05,-1.629999999863685e-05,1.0,85.0,36.5,0
45685,SO-0602,Constable Dinesh Chaudhary,Constable,39,2026-07-23 11:01:10+00:00,82.0,84.0,,21.3375315,72.7512278,17.19999885559082,-0.063,-0.836,0.501,,0.0,0.0,0.0,,,,,0.0,0.0,30.0,0.0,0.0,0.0,84.0,36.5,0
45687,SO-0602,Constable Dinesh Chaudhary,Constable,39,2026-07-23 11:01:40+00:00,90.0,88.0,,21.3375018,72.751121,16.899999618530273,-0.68,-0.3,0.648,,0.0,0.0,0.0,,,,,0.0,0.0,30.0,-2.9700000002463867e-05,-0.0001067999999975,1.43,88.0,36.5,0
45689,SO-0602,Constable Dinesh Chaudhary,Constable,39,2026-07-23 11:02:07+00:00,88.0,88.0,,21.3375168,72.7512728,16.899999618530273,-0.688,-0.268,0.663,,0.0,0.0,0.0,,,,,0.0,0.0,27.0,1.5000000001208493e-05,0.0001517999999975,2.18,88.0,36.5,0
45691,SO-0602,Constable Dinesh Chaudhary,Constable,39,2026-07-23 11:02:35+00:00,88.0,88.0,,21.3370584,72.7513678,16.499998092651367,-0.955,0.152,0.235,,0.0,0.0,0.0,,,,,0.0,0.0,28.0,-0.0004583999999994,9.50000000017326e-05,6.67,88.0,36.5,1
45693,SO-0602,Constable Dinesh Chaudhary,Constable,39,2026-07-23 11:03:05+00:00,97.0,88.0,,21.3376164,72.7512404,17.19999885559082,-0.947,0.265,0.08,,0.0,0.0,0.0,,,,,0.0,0.0,30.0,0.0005580000000016,-0.0001273999999966,7.61,88.0,36.5,1
45695,SO-0602,Constable Dinesh Chaudhary,Constable,39,2026-07-23 11:03:37+00:00,90.0,79.0,,21.3375744,72.7512425,16.899999618530273,-0.945,0.29,0.106,,0.0,0.0,0.0,,,,,0.0,0.0,32.0,-4.20000000005416e-05,2.1000000032245225e-06,0.53,79.0,36.5,0
45697,SO-0602,Constable Dinesh Chaudhary,Constable,39,2026-07-23 11:04:08+00:00,82.0,83.0,,21.3375311,72.7512591,16.899999618530273,-0.945,0.302,0.013,,0.0,0.0,0.0,,,,,0.0,0.0,31.0,-4.330000000152267e-05,1.659999999503725e-05,0.6,83.0,36.5,0
45699,SO-0602,Constable Dinesh Chaudhary,Constable,39,2026-07-23 11:04:38+00:00,95.0,88.0,,21.3375898,72.751307,16.899999618530273,-0.927,0.345,0.038,,0.0,0.0,0.0,,,,,0.0,0.0,30.0,5.870000000030018e-05,4.7899999998435305e-05,0.99,88.0,36.5,2
45700,SO-0602,Constable Dinesh Chaudhary,Constable,39,2026-07-23 11:05:08+00:00,95.0,88.0,,21.3374989,72.7513335,16.499998092651367,-0.878,0.428,0.087,,0.0,0.0,0.0,,,,,0.0,0.0,30.0,-9.090000000000488e-05,2.6500000004148205e-05,1.26,88.0,36.5,2
45702,SO-0602,Constable Dinesh Chaudhary,Constable,39,2026-07-23 11:05:35+00:00,87.0,88.0,,21.337618,72.7512457,17.19999885559082,-0.973,-0.028,0.186,,0.0,0.0,0.0,,,,,0.0,0.0,27.0,0.0001190999999991,-8.780000000285781e-05,2.16,88.0,36.5,0
45704,SO-0602,Constable Dinesh Chaudhary,Constable,39,2026-07-23 11:06:05+00:00,96.0,87.0,,21.3376164,72.7512404,17.19999885559082,-0.98,-0.037,0.104,,0.0,0.0,0.0,,,,,0.0,0.0,30.0,-1.5999999973814738e-06,-5.29999999798747e-06,0.07,87.0,36.5,2
45705,SO-0602,Constable Dinesh Chaudhary,Constable,39,2026-07-23 11:06:37+00:00,96.0,88.0,,21.3375124,72.7512246,16.899999618530273,-0.956,-0.034,0.231,,0.0,0.0,0.0,,,,,0.0,0.0,32.0,-0.0001040000000003,-1.5799999999899228e-05,1.31,88.0,36.5,2
45707,SO-0602,Constable Dinesh Chaudhary,Constable,39,2026-07-23 11:07:05+00:00,100.0,88.0,,21.337617,72.751238,17.19999885559082,-0.955,-0.032,0.227,,0.0,0.0,0.0,,,,,0.0,0.0,28.0,0.0001046000000002,1.3400000000274304e-05,1.5,88.0,36.5,2
45708,SO-0602,Constable Dinesh Chaudhary,Constable,39,2026-07-23 11:07:37+00:00,84.0,88.0,,21.3375114,72.751223,16.899999618530273,-0.968,-0.035,0.197,,0.0,0.0,0.0,,,,,0.0,0.0,32.0,-0.0001056000000012,-1.5000000004761205e-05,1.33,88.0,36.5,0
45710,SO-0602,Constable Dinesh Chaudhary,Constable,39,2026-07-23 11:08:05+00:00,90.0,88.0,,21.3376171,72.7512371,17.19999885559082,-0.979,-0.04,0.131,,0.0,0.0,0.0,,,,,0.0,0.0,28.0,0.0001056999999988,1.4100000001349144e-05,1.52,88.0,36.5,0
45711,SO-0602,Constable Dinesh Chaudhary,Constable,39,2026-07-23 11:08:37+00:00,89.0,88.0,,21.3375831,72.7512347,16.899999618530273,-0.966,-0.03,0.222,,0.0,0.0,0.0,,,,,0.0,0.0,32.0,-3.399999999942338e-05,-2.3999999996249244e-06,0.43,88.0,36.5,0
45713,SO-0602,Constable Dinesh Chaudhary,Constable,39,2026-07-23 11:09:07+00:00,97.0,87.0,,21.3375372,72.7512568,16.899999618530273,-0.958,-0.035,0.247,,0.0,0.0,0.0,,,,,0.0,0.0,30.0,-4.5899999999932106e-05,2.209999999536194e-05,0.67,87.0,36.5,2
45714,SO-0602,Constable Dinesh Chaudhary,Constable,39,2026-07-23 11:09:37+00:00,97.0,88.0,,21.3375488,72.7512381,16.899999618530273,-0.947,-0.033,0.234,,0.0,0.0,0.0,,,,,0.0,0.0,30.0,1.160000000055561e-05,-1.8699999998261777e-05,0.29,88.0,36.5,2
45716,SO-0602,Constable Dinesh Chaudhary,Constable,39,2026-07-23 11:10:05+00:00,94.0,88.0,,21.3376168,72.7512444,17.19999885559082,-0.947,-0.04,0.231,,0.0,0.0,0.0,,,,,0.0,0.0,28.0,6.799999999884676e-05,6.3000000096735675e-06,0.97,88.0,36.5,2
45717,SO-0602,Constable Dinesh Chaudhary,Constable,39,2026-07-23 11:10:37+00:00,86.0,88.0,,21.3374951,72.7512596,16.899999618530273,-0.948,-0.057,0.223,,0.0,0.0,0.0,,,,,0.0,0.0,32.0,-0.0001216999999975,1.519999999288757e-05,1.53,88.0,36.5,0
45720,SO-0602,Constable Dinesh Chaudhary,Constable,39,2026-07-23 11:11:07+00:00,83.0,88.0,,21.337467,72.7512833,16.899999618530273,-0.976,-0.051,0.173,,0.0,0.0,0.0,,,,,0.0,0.0,30.0,-2.810000000152968e-05,2.369999999984884e-05,0.48,88.0,36.5,0
45722,SO-0602,Constable Dinesh Chaudhary,Constable,39,2026-07-23 11:11:37+00:00,95.0,88.0,,21.337606,72.7512396,17.19999885559082,-1.028,-0.1,0.066,,0.0,0.0,0.0,,,,,0.0,0.0,30.0,0.0001390000000007,-4.369999999198626e-05,1.93,88.0,36.5,2
45724,SO-0602,Constable Dinesh Chaudhary,Constable,39,2026-07-23 11:12:08+00:00,88.0,88.0,,21.3375374,72.7513488,17.19999885559082,-0.285,0.895,0.176,,0.0,0.0,0.0,,,,,0.0,0.0,31.0,-6.86000000023057e-05,0.0001091999999971,1.62,88.0,36.5,0
45726,SO-0602,Constable Dinesh Chaudhary,Constable,39,2026-07-23 11:12:37+00:00,84.0,85.0,,21.3375423,72.7512529,16.899999618530273,-0.886,-0.017,0.423,,0.0,0.0,0.0,,,,,0.0,0.0,29.0,4.9000000004184585e-06,-9.590000000514463e-05,1.27,85.0,36.5,0
45728,SO-0602,Constable Dinesh Chaudhary,Constable,39,2026-07-23 11:13:05+00:00,97.0,88.0,,21.3376167,72.7512392,17.19999885559082,-0.977,0.208,0.106,,0.0,0.0,0.0,,,,,0.0,0.0,28.0,7.440000000258351e-05,-1.3699999996674704e-05,1.08,88.0,36.5,2
45730,SO-0602,Constable Dinesh Chaudhary,Constable,39,2026-07-23 11:13:37+00:00,95.0,88.0,,21.3374737,72.7512739,16.899999618530273,-0.964,0.221,-0.106,,0.0,0.0,0.0,,,,,0.0,0.0,32.0,-0.0001430000000013,3.470000000049822e-05,1.83,88.0,36.5,2
45732,SO-0602,Constable Dinesh Chaudhary,Constable,39,2026-07-23 11:14:07+00:00,99.0,87.0,,21.3374141,72.7513027,16.899999618530273,-0.95,0.225,-0.218,,0.0,0.0,0.0,,,,,0.0,0.0,30.0,-5.9600000000159525e-05,2.8799999995499093e-05,0.88,87.0,36.5,2
45734,SO-0602,Constable Dinesh Chaudhary,Constable,39,2026-07-23 11:14:37+00:00,89.0,86.0,,21.3374303,72.751298,16.899999618530273,-0.241,0.897,-0.395,,0.0,0.0,0.0,,,,,0.0,0.0,30.0,1.6200000001020953e-05,-4.699999990975812e-06,0.22,86.0,36.5,0
45736,SO-0602,Constable Dinesh Chaudhary,Constable,39,2026-07-23 11:15:07+00:00,92.0,88.0,,21.3375024,72.7512585,16.899999618530273,-1.007,0.005,-0.146,,0.0,0.0,0.0,,,,,0.0,0.0,30.0,7.210000000057448e-05,-3.949999999974807e-05,1.09,88.0,36.5,2
45738,SO-0602,Constable Dinesh Chaudhary,Constable,39,2026-07-23 11:15:37+00:00,87.0,87.0,,21.3374952,72.7512683,16.899999618530273,-0.967,0.008,-0.166,,0.0,0.0,0.0,,,,,0.0,0.0,30.0,-7.200000002427487e-06,9.800000000836915e-06,0.16,87.0,36.5,0
45740,SO-0602,Constable Dinesh Chaudhary,Constable,39,2026-07-23 11:16:08+00:00,90.0,77.0,,21.3373926,72.7511646,16.899999618530273,-0.959,-0.043,-0.281,,0.0,0.0,0.0,,,,,0.0,0.0,31.0,-0.0001025999999981,-0.000103700000011,1.85,77.0,36.5,0
45742,SO-0602,Constable Dinesh Chaudhary,Constable,39,2026-07-23 11:16:36+00:00,95.0,83.0,,21.3374902,72.7512702,16.899999618530273,-1.135,0.197,0.213,,0.0,0.0,0.0,,,,,0.0,0.0,28.0,9.760000000014202e-05,0.0001055999999977,2.01,83.0,36.5,2
45744,SO-0602,Constable Dinesh Chaudhary,Constable,39,2026-07-23 11:17:05+00:00,82.0,88.0,,21.3375515,72.7512217,17.19999885559082,-0.99,0.001,0.01,,0.0,0.0,0.0,,,,,0.0,0.0,29.0,6.129999999870961e-05,-4.849999999123611e-05,1.06,88.0,36.5,0
45746,SO-0602,Constable Dinesh Chaudhary,Constable,39,2026-07-23 11:17:37+00:00,96.0,88.0,,21.3374601,72.7512818,16.899999618530273,-0.504,0.041,0.874,,0.0,0.0,0.0,,,,,0.0,0.0,32.0,-9.139999999874247e-05,6.009999999889715e-05,1.35,88.0,36.5,2
45748,SO-0602,Constable Dinesh Chaudhary,Constable,39,2026-07-23 11:18:05+00:00,97.0,88.0,,21.3376167,72.7512392,17.19999885559082,-0.14,0.53,0.756,,0.0,0.0,0.0,,,,,0.0,0.0,28.0,0.0001566000000003,-4.2600000000447835e-05,2.31,88.0,36.5,2
45750,SO-0602,Constable Dinesh Chaudhary,Constable,39,2026-07-23 11:18:37+00:00,89.0,86.0,,21.3374971,72.7512978,16.899999618530273,-0.472,0.418,0.746,,0.0,0.0,0.0,,,,,0.0,0.0,32.0,-0.0001196000000014,5.860000000268428e-05,1.65,86.0,36.5,0
45752,SO-0602,Constable Dinesh Chaudhary,Constable,39,2026-07-23 11:19:07+00:00,82.0,87.0,,21.3374839,72.7512172,16.899999618530273,-0.961,0.155,0.143,,0.0,0.0,0.0,,,,,0.0,0.0,30.0,-1.3200000001489798e-05,-8.060000000398304e-05,1.05,87.0,36.5,0
45754,SO-0602,Constable Dinesh Chaudhary,Constable,39,2026-07-23 11:19:37+00:00,88.0,87.0,,21.337534,72.7512343,16.899999618530273,-0.942,0.218,-0.197,,0.0,0.0,0.0,,,,,0.0,0.0,30.0,5.010000000282844e-05,1.7099999993774873e-05,0.7,87.0,36.5,0
45756,SO-0602,Constable Dinesh Chaudhary,Constable,39,2026-07-23 11:20:07+00:00,86.0,88.0,,21.3371177,72.7515243,16.499998092651367,-0.257,0.06,0.959,,0.0,0.0,0.0,,,,,0.0,0.0,30.0,-0.0004163000000012,0.0002900000000067,6.68,88.0,36.5,1
45758,SO-0602,Constable Dinesh Chaudhary,Constable,39,2026-07-23 11:20:39+00:00,100.0,89.0,,21.337516,72.7512104,17.19999885559082,0.007,0.891,0.454,,0.0,0.0,0.0,,,,,0.0,0.0,32.0,0.0003983000000005,-0.0003138999999947,6.24,89.0,36.5,1
45760,SO-0602,Constable Dinesh Chaudhary,Constable,39,2026-07-23 11:21:06+00:00,96.0,85.0,,21.3375071,72.7512558,16.899999618530273,-0.097,0.192,1.082,,0.0,0.0,0.0,,,,,0.0,0.0,27.0,-8.90000000097757e-06,4.5399999990536344e-05,0.66,85.0,36.5,2
45763,SO-0602,Constable Dinesh Chaudhary,Constable,39,2026-07-23 11:21:37+00:00,85.0,88.0,,21.337533,72.751254,16.899999618530273,-0.389,0.309,0.825,,0.0,0.0,0.0,,,,,0.0,0.0,31.0,2.590000000068926e-05,-1.799999992613266e-06,0.33,88.0,36.5,0
45766,SO-0602,Constable Dinesh Chaudhary,Constable,39,2026-07-23 11:22:07+00:00,95.0,86.0,,21.3375294,72.7512183,16.899999618530273,-0.403,0.219,0.905,,0.0,0.0,0.0,,,,,0.0,0.0,30.0,-3.5999999994373866e-06,-3.5699999997973464e-05,0.46,86.0,36.5,2
45768,SO-0602,Constable Dinesh Chaudhary,Constable,39,2026-07-23 11:22:36+00:00,94.0,88.0,,21.3375294,72.7512183,16.899999618530273,-0.515,-0.667,0.466,,0.0,0.0,0.0,,,,,0.0,0.0,29.0,0.0,0.0,0.0,88.0,36.5,2
45770,SO-0602,Constable Dinesh Chaudhary,Constable,39,2026-07-23 11:23:07+00:00,83.0,88.0,,21.3375671,72.7513152,17.19999885559082,-0.969,0.017,0.178,,0.0,0.0,0.0,,,,,0.0,0.0,31.0,3.770000000002938e-05,9.689999998840904e-05,1.3,88.0,36.5,0
45772,SO-0602,Constable Dinesh Chaudhary,Constable,39,2026-07-23 11:23:36+00:00,99.0,88.0,,21.3376122,72.7512414,17.19999885559082,-0.063,0.751,0.545,,0.0,0.0,0.0,,,,,0.0,0.0,29.0,4.5099999997688656e-05,-7.379999999557185e-05,1.16,88.0,36.5,2
45774,SO-0602,Constable Dinesh Chaudhary,Constable,39,2026-07-23 11:24:05+00:00,100.0,87.0,,21.3376122,72.7512414,17.19999885559082,-0.075,1.042,0.26,,0.0,0.0,0.0,,,,,0.0,0.0,29.0,0.0,0.0,0.0,87.0,36.5,2
45776,SO-0602,Constable Dinesh Chaudhary,Constable,39,2026-07-23 11:24:37+00:00,99.0,88.0,,21.3374667,72.7512562,16.899999618530273,0.353,0.53,0.783,,0.0,0.0,0.0,,,,,0.0,0.0,32.0,-0.0001454999999985,1.4800000002423984e-05,1.83,88.0,36.5,2
45778,SO-0602,Constable Dinesh Chaudhary,Constable,39,2026-07-23 11:25:07+00:00,84.0,88.0,,21.3375294,72.7512183,16.899999618530273,-0.661,0.084,0.731,,0.0,0.0,0.0,,,,,0.0,0.0,30.0,6.270000000085929e-05,-3.789999999526117e-05,0.97,88.0,36.5,0
45780,SO-0602,Constable Dinesh Chaudhary,Constable,39,2026-07-23 11:25:37+00:00,99.0,87.0,,21.3375647,72.7512261,17.19999885559082,-0.26,0.781,0.543,,0.0,0.0,0.0,,,,,0.0,0.0,30.0,3.530000000040445e-05,7.799999991675577e-06,0.48,87.0,36.5,2
45782,SO-0602,Constable Dinesh Chaudhary,Constable,39,2026-07-23 11:26:07+00:00,95.0,88.0,,21.3370955,72.7513259,16.499998092651367,0.059,0.859,0.488,,0.0,0.0,0.0,,,,,0.0,0.0,30.0,-0.0004692000000012,9.980000000098244e-05,6.38,88.0,36.5,1
45785,SO-0602,Constable Dinesh Chaudhary,Constable,39,2026-07-23 11:26:37+00:00,94.0,88.0,,21.3375167,72.7512858,16.899999618530273,-0.445,-0.053,0.907,,0.0,0.0,0.0,,,,,0.0,0.0,30.0,0.0004211999999981,-4.0099999992548874e-05,5.63,88.0,36.5,1
45786,SO-0602,Constable Dinesh Chaudhary,Constable,39,2026-07-23 11:27:08+00:00,100.0,86.0,,21.3373431,72.7512225,16.899999618530273,-0.824,-0.055,0.417,,0.0,0.0,0.0,,,,,0.0,0.0,31.0,-0.0001736000000001,-6.330000000787095e-05,2.37,86.0,36.5,2
45788,SO-0602,Constable Dinesh Chaudhary,Constable,39,2026-07-23 11:27:35+00:00,100.0,88.0,,21.337617,72.7512448,17.19999885559082,-0.92,-0.023,0.323,,0.0,0.0,0.0,,,,,0.0,0.0,27.0,0.0002739000000033,2.229999999769916e-05,4.07,88.0,36.5,2
45790,SO-0602,Constable Dinesh Chaudhary,Constable,39,2026-07-23 11:28:07+00:00,96.0,86.0,,21.3372592,72.7515015,16.899999618530273,-0.903,-0.059,0.387,,0.0,0.0,0.0,,,,,0.0,0.0,32.0,-0.0003578000000032,0.0002567000000084,5.43,86.0,36.5,1
45794,SO-0602,Constable Dinesh Chaudhary,Constable,39,2026-07-23 11:28:38+00:00,97.0,87.0,,21.3371602,72.751145,16.899999618530273,-0.165,-0.577,0.871,,0.0,0.0,0.0,,,,,0.0,0.0,31.0,-9.8999999998739e-05,-0.0003565000000094,4.61,87.0,36.5,1
45797,SO-0602,Constable Dinesh Chaudhary,Constable,39,2026-07-23 11:29:09+00:00,98.0,88.0,,21.3369581,72.7511907,16.30000114440918,-0.376,-0.828,0.366,,0.0,0.0,0.0,,,,,0.0,0.0,31.0,-0.0002020999999992,4.57000000011476e-05,2.67,88.0,36.5,2
45798,SO-0602,Constable Dinesh Chaudhary,Constable,39,2026-07-23 11:29:38+00:00,89.0,88.0,,21.3374002,72.75122,16.30000114440918,-0.14,0.421,0.874,,0.0,0.0,0.0,,,,,0.0,0.0,29.0,0.0004421000000007,2.930000000844757e-05,6.1,88.0,36.5,1
45800,SO-0602,Constable Dinesh Chaudhary,Constable,39,2026-07-23 11:30:07+00:00,91.0,88.0,,21.3374002,72.75122,16.30000114440918,-0.574,0.714,0.363,,0.0,0.0,0.0,,,,,0.0,0.0,29.0,0.0,0.0,0.0,88.0,36.5,2
45802,SO-0602,Constable Dinesh Chaudhary,Constable,39,2026-07-23 11:30:35+00:00,100.0,77.0,,21.337617,72.751238,17.19999885559082,-0.498,-0.744,0.443,,0.0,0.0,0.0,,,,,0.0,0.0,28.0,0.0002168000000004,1.7999999997186933e-05,3.1,77.0,36.5,2
45804,SO-0602,Constable Dinesh Chaudhary,Constable,39,2026-07-23 11:31:07+00:00,98.0,88.0,,21.3375428,72.7512944,16.899999618530273,-0.266,0.58,0.706,,0.0,0.0,0.0,,,,,0.0,0.0,32.0,-7.420000000024629e-05,5.640000000539658e-05,1.15,88.0,36.5,2
45806,SO-0602,Constable Dinesh Chaudhary,Constable,39,2026-07-23 11:31:37+00:00,97.0,87.0,,21.3376154,72.7512436,17.19999885559082,-0.146,0.914,0.2,,0.0,0.0,0.0,,,,,0.0,0.0,30.0,7.25999999993121e-05,-5.0800000011008706e-05,1.17,87.0,36.5,2
45809,SO-0602,Constable Dinesh Chaudhary,Constable,39,2026-07-23 11:32:07+00:00,98.0,64.0,,21.3376184,72.7513234,16.899999618530273,-0.329,0.941,0.149,,0.0,0.0,0.0,,,,,0.0,0.0,30.0,2.9999999995311555e-06,7.980000000884502e-05,1.02,64.0,36.5,2
45812,SO-0602,Constable Dinesh Chaudhary,Constable,39,2026-07-23 11:32:39+00:00,97.0,75.0,,21.3375451,72.7512784,16.899999618530273,-0.206,0.83,0.718,,0.0,0.0,0.0,,,,,0.0,0.0,32.0,-7.330000000038694e-05,-4.500000000007276e-05,1.06,75.0,36.5,2
45813,SO-0602,Constable Dinesh Chaudhary,Constable,39,2026-07-23 11:33:05+00:00,90.0,88.0,,21.3376168,72.7512444,17.19999885559082,1.062,1.363,-0.235,,0.0,0.0,0.0,,,,,0.0,0.0,26.0,7.169999999945276e-05,-3.399999999942338e-05,1.21,88.0,36.5,0
45815,SO-0602,Constable Dinesh Chaudhary,Constable,39,2026-07-23 11:33:38+00:00,93.0,88.0,,21.3375017,72.7512137,17.19999885559082,-0.938,0.296,-0.174,,0.0,0.0,0.0,,,,,0.0,0.0,33.0,-0.0001150999999985,-3.070000001059725e-05,1.44,88.0,36.5,2
45817,SO-0602,Constable Dinesh Chaudhary,Constable,39,2026-07-23 11:34:08+00:00,81.0,88.0,,21.3374912,72.7512109,17.19999885559082,-0.921,0.26,-0.301,,0.0,0.0,0.0,,,,,0.0,0.0,30.0,-1.0500000001911758e-05,-2.7999999900885086e-06,0.14,88.0,36.5,0
45819,SO-0602,Constable Dinesh Chaudhary,Constable,39,2026-07-23 11:34:37+00:00,85.0,83.0,,21.3375269,72.7512177,17.19999885559082,-0.929,0.291,-0.216,,0.0,0.0,0.0,,,,,0.0,0.0,29.0,3.570000000152618e-05,6.799999994200334e-06,0.5,83.0,36.5,0
45821,SO-0602,Constable Dinesh Chaudhary,Constable,39,2026-07-23 11:35:08+00:00,91.0,67.0,,21.3374463,72.7513516,17.19999885559082,-0.899,0.231,-0.345,,0.0,0.0,0.0,,,,,0.0,0.0,31.0,-8.060000000043033e-05,0.0001339000000086,1.96,67.0,36.5,2
45823,SO-0602,Constable Dinesh Chaudhary,Constable,39,2026-07-23 11:35:38+00:00,94.0,87.0,,21.3375172,72.7512697,16.899999618530273,-0.967,0.225,-0.099,,0.0,0.0,0.0,,,,,0.0,0.0,30.0,7.090000000076202e-05,-8.190000001206954e-05,1.41,87.0,36.5,2
45825,SO-0602,Constable Dinesh Chaudhary,Constable,39,2026-07-23 11:36:05+00:00,82.0,88.0,,21.3376164,72.7512428,17.19999885559082,-0.952,0.218,-0.135,,0.0,0.0,0.0,,,,,0.0,0.0,27.0,9.92000000010762e-05,-2.689999999461179e-05,1.52,88.0,36.5,0
45828,SO-0602,Constable Dinesh Chaudhary,Constable,39,2026-07-23 11:36:38+00:00,84.0,84.0,,21.3376153,72.7512424,17.19999885559082,-0.953,0.228,-0.167,,0.0,0.0,0.0,,,,,0.0,0.0,33.0,-1.100000002196566e-06,-4.0000000467443897e-07,0.01,84.0,36.5,0
45831,SO-0602,Constable Dinesh Chaudhary,Constable,39,2026-07-23 11:37:07+00:00,82.0,88.0,,21.3375801,72.7512683,16.899999618530273,-0.945,0.237,-0.171,,0.0,0.0,0.0,,,,,0.0,0.0,29.0,-3.519999999923584e-05,2.59000000113474e-05,0.59,88.0,36.5,0
45834,SO-0602,Constable Dinesh Chaudhary,Constable,39,2026-07-23 11:37:37+00:00,90.0,86.0,,21.3374874,72.7512779,16.899999618530273,-0.945,0.254,-0.179,,0.0,0.0,0.0,,,,,0.0,0.0,30.0,-9.269999999972356e-05,9.599999998499698e-06,1.24,86.0,36.5,0
45837,SO-0602,Constable Dinesh Chaudhary,Constable,39,2026-07-23 11:38:07+00:00,90.0,86.0,,21.3374573,72.7513005,16.899999618530273,-0.905,0.305,-0.313,,0.0,0.0,0.0,,,,,0.0,0.0,30.0,-3.010000000003288e-05,2.259999999409956e-05,0.49,86.0,36.5,0
45839,SO-0602,Constable Dinesh Chaudhary,Constable,39,2026-07-23 11:38:38+00:00,87.0,88.0,,21.3375695,72.7512232,17.19999885559082,-0.971,0.175,-0.004,,0.0,0.0,0.0,,,,,0.0,0.0,31.0,0.0001122000000002,-7.730000000094606e-05,1.74,88.0,36.5,0
45842,SO-0602,Constable Dinesh Chaudhary,Constable,39,2026-07-23 11:39:05+00:00,100.0,80.0,,21.3376167,72.7512392,17.19999885559082,-0.997,0.097,0.001,,0.0,0.0,0.0,,,,,0.0,0.0,27.0,4.720000000091318e-05,1.6000000002236447e-05,0.73,80.0,36.5,2
45845,SO-0602,Constable Dinesh Chaudhary,Constable,39,2026-07-23 11:39:37+00:00,82.0,88.0,,21.3375346,72.7512542,16.899999618530273,-0.981,0.135,-0.025,,0.0,0.0,0.0,,,,,0.0,0.0,32.0,-8.21000000001959e-05,1.5000000004761205e-05,1.04,88.0,36.5,0
45848,SO-0602,Constable Dinesh Chaudhary,Constable,39,2026-07-23 11:40:07+00:00,91.0,88.0,,21.337495,72.7512699,16.899999618530273,-0.98,0.078,-0.148,,0.0,0.0,0.0,,,,,0.0,0.0,30.0,-3.960000000091668e-05,1.569999999162519e-05,0.56,88.0,36.5,2
45850,SO-0602,Constable Dinesh Chaudhary,Constable,39,2026-07-23 11:40:39+00:00,84.0,83.0,,21.3373875,72.7512524,16.899999618530273,-0.978,0.072,-0.159,,0.0,0.0,0.0,,,,,0.0,0.0,32.0,-0.0001075000000021,-1.749999999844931e-05,1.36,83.0,36.5,0
45852,SO-0602,Constable Dinesh Chaudhary,Constable,39,2026-07-23 11:41:05+00:00,93.0,88.0,,21.3375736,72.7512364,16.899999618530273,-0.237,0.84,0.491,,0.0,0.0,0.0,,,,,0.0,0.0,26.0,0.0001861000000005,-1.6000000002236447e-05,2.87,88.0,36.5,2
45854,SO-0602,Constable Dinesh Chaudhary,Constable,39,2026-07-23 11:41:37+00:00,86.0,88.0,,21.3375475,72.751424,16.899999618530273,-1.011,0.066,0.081,,0.0,0.0,0.0,,,,,0.0,0.0,32.0,-2.6099999999473766e-05,0.0001876000000038,2.28,88.0,36.5,0
45858,SO-0602,Constable Dinesh Chaudhary,Constable,39,2026-07-23 11:42:07+00:00,92.0,88.0,,21.337551,72.7512467,16.899999618530273,0.065,0.958,0.305,,0.0,0.0,0.0,,,,,0.0,0.0,30.0,3.5000000018214905e-06,-0.0001773000000042,2.28,88.0,36.5,2
45861,SO-0602,Constable Dinesh Chaudhary,Constable,39,2026-07-23 11:42:37+00:00,99.0,88.0,,21.3371748,72.7511991,16.899999618530273,-0.118,0.902,0.383,,0.0,0.0,0.0,,,,,0.0,0.0,30.0,-0.0003762000000016,-4.7600000002034903e-05,5.05,88.0,36.5,1
45865,SO-0602,Constable Dinesh Chaudhary,Constable,39,2026-07-23 11:43:07+00:00,100.0,88.0,,21.3373478,72.7513505,16.899999618530273,-0.385,0.897,0.2,,0.0,0.0,0.0,,,,,0.0,0.0,30.0,0.0001730000000002,0.0001514000000071,3.01,88.0,36.5,2
45868,SO-0602,Constable Dinesh Chaudhary,Constable,39,2026-07-23 11:43:37+00:00,84.0,88.0,,21.3375546,72.7512614,16.899999618530273,-0.39,0.92,0.077,,0.0,0.0,0.0,,,,,0.0,0.0,30.0,0.0002068000000008,-8.909999999673346e-05,2.98,88.0,36.5,0
45871,SO-0602,Constable Dinesh Chaudhary,Constable,39,2026-07-23 11:44:08+00:00,86.0,83.0,,21.3371883,72.7512361,16.899999618530273,-0.439,0.882,-0.075,,0.0,0.0,0.0,,,,,0.0,0.0,31.0,-0.0003662999999995,-2.5300000004335743e-05,4.73,83.0,36.5,1
45874,SO-0602,Constable Dinesh Chaudhary,Constable,39,2026-07-23 11:44:35+00:00,100.0,88.0,,21.3374147,72.7511602,16.499998092651367,-0.464,0.903,0.207,,0.0,0.0,0.0,,,,,0.0,0.0,27.0,0.0002263999999989,-7.589999999879637e-05,3.52,88.0,36.5,2
45876,SO-0602,Constable Dinesh Chaudhary,Constable,39,2026-07-23 11:45:07+00:00,84.0,88.0,,21.3374918,72.7512602,16.899999618530273,-0.444,0.888,0.015,,0.0,0.0,0.0,,,,,0.0,0.0,32.0,7.709999999860884e-05,0.0001000000000033,1.54,88.0,36.5,0
45878,SO-0602,Constable Dinesh Chaudhary,Constable,39,2026-07-23 11:45:37+00:00,89.0,86.0,,21.3375675,72.7512259,16.899999618530273,-0.82,0.219,0.198,,0.0,0.0,0.0,,,,,0.0,0.0,30.0,7.570000000001187e-05,-3.430000001003464e-05,1.1,86.0,36.5,0
45882,SO-0602,Constable Dinesh Chaudhary,Constable,39,2026-07-23 11:46:09+00:00,88.0,88.0,,21.3375145,72.7512197,17.19999885559082,-0.241,-0.248,0.933,,0.0,0.0,0.0,,,,,0.0,0.0,32.0,-5.299999999763827e-05,-6.2000000013995304e-06,0.67,88.0,36.5,0
45884,SO-0602,Constable Dinesh Chaudhary,Constable,39,2026-07-23 11:46:37+00:00,87.0,88.0,,21.337504,72.751371,17.19999885559082,-0.633,0.038,0.424,,0.0,0.0,0.0,,,,,0.0,0.0,28.0,-1.0500000001911758e-05,0.000151300000013,2.09,88.0,36.5,0
45887,SO-0602,Constable Dinesh Chaudhary,Constable,39,2026-07-23 11:47:07+00:00,100.0,71.0,,21.3376031,72.7513012,17.19999885559082,-0.127,0.827,0.044,,0.0,0.0,0.0,,,,,0.0,0.0,30.0,9.90999999999076e-05,-6.980000000567088e-05,1.6,71.0,36.5,2
45890,SO-0602,Constable Dinesh Chaudhary,Constable,39,2026-07-23 11:47:37+00:00,89.0,80.0,,21.337623,72.7512749,16.899999618530273,1.011,-0.625,0.207,,0.0,0.0,0.0,,,,,0.0,0.0,30.0,1.990000000162695e-05,-2.6300000001810982e-05,0.43,80.0,36.5,0
45893,SO-0602,Constable Dinesh Chaudhary,Constable,39,2026-07-23 11:48:10+00:00,87.0,88.0,,21.337623,72.7512749,16.899999618530273,-0.353,0.717,0.585,,0.0,0.0,0.0,,,,,0.0,0.0,33.0,0.0,0.0,0.0,88.0,36.5,0
45896,SO-0602,Constable Dinesh Chaudhary,Constable,39,2026-07-23 11:48:36+00:00,100.0,70.0,,21.3376352,72.7512812,17.19999885559082,-0.303,0.837,0.417,,0.0,0.0,0.0,,,,,0.0,0.0,26.0,1.220000000046184e-05,6.299999995462713e-06,0.21,70.0,36.5,2
45899,SO-0602,Constable Dinesh Chaudhary,Constable,39,2026-07-23 11:49:06+00:00,100.0,78.0,,21.3376175,72.7512453,17.19999885559082,-0.329,0.61,0.652,,0.0,0.0,0.0,,,,,0.0,0.0,30.0,-1.770000000078653e-05,-3.5900000000310683e-05,0.52,78.0,36.5,2
45901,SO-0602,Constable Dinesh Chaudhary,Constable,39,2026-07-23 11:49:35+00:00,99.0,72.0,,21.3376178,72.7512455,17.19999885559082,0.044,-0.727,0.211,,0.0,0.0,0.0,,,,,0.0,0.0,29.0,2.999999999531156e-07,2.0000000233721948e-07,0.0,72.0,36.5,2
45904,SO-0602,Constable Dinesh Chaudhary,Constable,39,2026-07-23 11:50:07+00:00,100.0,86.0,,21.337615,72.7512421,17.19999885559082,-0.034,1.158,0.444,,0.0,0.0,0.0,,,,,0.0,0.0,32.0,-2.8000000007466497e-06,-3.399999997100167e-06,0.05,86.0,36.5,2
45907,SO-0602,Constable Dinesh Chaudhary,Constable,39,2026-07-23 11:50:37+00:00,86.0,88.0,,21.3376292,72.7512775,16.899999618530273,-0.663,0.646,0.314,,0.0,0.0,0.0,,,,,0.0,0.0,30.0,1.419999999896504e-05,3.540000000157306e-05,0.49,88.0,36.5,0
45910,SO-0602,Constable Dinesh Chaudhary,Constable,39,2026-07-23 11:51:07+00:00,96.0,88.0,,21.3376251,72.7512413,17.19999885559082,-0.003,0.921,0.191,,0.0,0.0,0.0,,,,,0.0,0.0,30.0,-4.099999998175008e-06,-3.6199999996711085e-05,0.47,88.0,36.5,2
45913,SO-0602,Constable Dinesh Chaudhary,Constable,39,2026-07-23 11:51:37+00:00,85.0,88.0,,21.3375749,72.751242,16.899999618530273,-0.003,0.91,0.026,,0.0,0.0,0.0,,,,,0.0,0.0,30.0,-5.0200000000444334e-05,7.000000010748408e-07,0.67,88.0,36.5,0
45916,SO-0602,Constable Dinesh Chaudhary,Constable,39,2026-07-23 11:52:07+00:00,94.0,86.0,,21.3373476,72.7512203,16.899999618530273,-0.983,0.136,-0.083,,0.0,0.0,0.0,,,,,0.0,0.0,30.0,-0.0002272999999988,-2.1700000004898357e-05,3.04,86.0,36.5,2
45919,SO-0602,Constable Dinesh Chaudhary,Constable,39,2026-07-23 11:52:37+00:00,90.0,88.0,,21.3374961,72.7512249,16.899999618530273,-0.359,-0.394,0.94,,0.0,0.0,0.0,,,,,0.0,0.0,30.0,0.0001484999999981,4.599999996912629e-06,1.98,88.0,36.5,0
45922,SO-0602,Constable Dinesh Chaudhary,Constable,39,2026-07-23 11:53:06+00:00,91.0,88.0,,21.3375526,72.7511985,16.899999618530273,-0.977,0.052,0.114,,0.0,0.0,0.0,,,,,0.0,0.0,29.0,5.649999999945976e-05,-2.6399999995874168e-05,0.85,88.0,36.5,2
45926,SO-0602,Constable Dinesh Chaudhary,Constable,39,2026-07-23 11:53:39+00:00,100.0,88.0,,21.3371445,72.7512382,16.899999618530273,-0.985,0.076,-0.005,,0.0,0.0,0.0,,,,,0.0,0.0,33.0,-0.0004080999999978,3.970000000208529e-05,4.96,88.0,36.5,1
45928,SO-0602,Constable Dinesh Chaudhary,Constable,39,2026-07-23 11:54:05+00:00,98.0,88.0,,21.3376171,72.7512371,17.19999885559082,-0.981,0.141,-0.017,,0.0,0.0,0.0,,,,,0.0,0.0,26.0,0.0004725999999983,-1.1000000057492798e-06,7.26,88.0,36.5,1
45932,SO-0602,Constable Dinesh Chaudhary,Constable,39,2026-07-23 11:54:38+00:00,94.0,88.0,,21.3369753,72.7511797,16.30000114440918,-0.979,0.108,0.003,,0.0,0.0,0.0,,,,,0.0,0.0,33.0,-0.0006418000000003,-5.740000000287182e-05,7.8,88.0,36.5,1
45935,SO-0602,Constable Dinesh Chaudhary,Constable,39,2026-07-23 11:55:08+00:00,83.0,88.0,,21.3374333,72.7511981,16.899999618530273,-0.977,0.104,0.022,,0.0,0.0,0.0,,,,,0.0,0.0,30.0,0.0004580000000018,1.8400000001861372e-05,6.11,88.0,36.5,1
45937,SO-0602,Constable Dinesh Chaudhary,Constable,39,2026-07-23 11:55:37+00:00,86.0,87.0,,21.3369984,72.7512105,16.899999618530273,-0.979,0.107,0.037,,0.0,0.0,0.0,,,,,0.0,0.0,29.0,-0.0004349000000019,1.240000000279906e-05,5.99,87.0,36.5,1
45941,SO-0602,Constable Dinesh Chaudhary,Constable,39,2026-07-23 11:56:08+00:00,96.0,88.0,,21.3375385,72.7511969,16.899999618530273,-0.104,0.999,0.088,,0.0,0.0,0.0,,,,,0.0,0.0,31.0,0.000540100000002,-1.3600000002611525e-05,6.96,88.0,36.5,1
45943,SO-0602,Constable Dinesh Chaudhary,Constable,39,2026-07-23 11:56:39+00:00,91.0,88.0,,21.3375208,72.7511805,16.899999618530273,-0.899,0.395,-0.125,,0.0,0.0,0.0,,,,,0.0,0.0,31.0,-1.770000000078653e-05,-1.6399999992700032e-05,0.31,88.0,36.5,2
46028,SO-0602,Constable Dinesh Chaudhary,Constable,39,2026-07-23 12:12:38+00:00,86.0,88.0,,21.3371193,72.7513399,16.499998092651367,-0.876,0.187,0.229,,0.0,0.0,0.0,,,,,0.0,0.0,959.0,-0.0004014999999988,0.0001594000000011,0.0,88.0,36.5,0
46032,SO-0602,Constable Dinesh Chaudhary,Constable,39,2026-07-23 12:13:08+00:00,90.0,88.0,,21.3375689,72.7512973,16.899999618530273,-0.925,0.245,-0.292,,0.0,0.0,0.0,,,,,0.0,0.0,30.0,0.0004495999999996,-4.2600000000447835e-05,6.01,88.0,36.5,1
46036,SO-0602,Constable Dinesh Chaudhary,Constable,39,2026-07-23 12:13:37+00:00,83.0,58.0,,21.3375416,72.7512744,16.69999885559082,-0.914,0.248,-0.342,,0.0,0.0,0.0,,,,,0.0,0.0,29.0,-2.729999999928623e-05,-2.290000000471082e-05,0.48,58.0,36.5,0
46040,SO-0602,Constable Dinesh Chaudhary,Constable,39,2026-07-23 12:14:05+00:00,91.0,88.0,,21.3376171,72.7512371,17.19999885559082,-0.105,-0.516,0.794,,0.0,0.0,0.0,,,,,0.0,0.0,28.0,7.549999999767465e-05,-3.7300000002460365e-05,1.19,88.0,36.5,2
46045,SO-0602,Constable Dinesh Chaudhary,Constable,39,2026-07-23 12:14:39+00:00,90.0,78.0,,21.3375859,72.7512123,17.19999885559082,-0.953,0.193,-0.229,,0.0,0.0,0.0,,,,,0.0,0.0,34.0,-3.119999999867673e-05,-2.4799999991387267e-05,0.46,78.0,36.5,0
46048,SO-0602,Constable Dinesh Chaudhary,Constable,39,2026-07-23 12:15:08+00:00,87.0,78.0,,21.3376009,72.751244,16.899999618530273,-0.942,0.177,-0.296,,0.0,0.0,0.0,,,,,0.0,0.0,29.0,1.5000000001208493e-05,3.169999999386164e-05,0.47,78.0,36.5,0
46052,SO-0602,Constable Dinesh Chaudhary,Constable,39,2026-07-23 12:15:37+00:00,88.0,83.0,,21.3374244,72.7513347,16.899999618530273,-0.918,0.179,-0.315,,0.0,0.0,0.0,,,,,0.0,0.0,29.0,-0.000176500000002,9.070000000122036e-05,2.71,83.0,36.5,0
46056,SO-0602,Constable Dinesh Chaudhary,Constable,39,2026-07-23 12:16:07+00:00,84.0,87.0,,21.337549,72.751266,16.899999618530273,-0.071,0.987,0.111,,0.0,0.0,0.0,,,,,0.0,0.0,30.0,0.0001245999999994,-6.86999999999216e-05,1.88,87.0,36.5,0
46062,SO-0602,Constable Dinesh Chaudhary,Constable,39,2026-07-23 12:16:37+00:00,83.0,88.0,,21.3374014,72.7513658,16.899999618530273,-0.974,0.161,-0.083,,0.0,0.0,0.0,,,,,0.0,0.0,30.0,-0.0001475999999982,9.980000000098244e-05,2.35,88.0,36.5,0
46067,SO-0602,Constable Dinesh Chaudhary,Constable,39,2026-07-23 12:17:07+00:00,91.0,88.0,,21.3373897,72.7512976,16.899999618530273,-0.964,0.184,-0.194,,0.0,0.0,0.0,,,,,0.0,0.0,30.0,-1.170000000172422e-05,-6.820000000118398e-05,0.89,88.0,36.5,2
46072,SO-0602,Constable Dinesh Chaudhary,Constable,39,2026-07-23 12:17:37+00:00,89.0,85.0,,21.3374194,72.7513466,16.899999618530273,-0.959,0.187,-0.22,,0.0,0.0,0.0,,,,,0.0,0.0,30.0,2.9700000002463867e-05,4.9000000004184585e-05,0.74,85.0,36.5,0
46079,SO-0602,Constable Dinesh Chaudhary,Constable,39,2026-07-23 12:18:07+00:00,83.0,88.0,,21.3375537,72.7512565,16.69999885559082,-0.118,0.993,-0.003,,0.0,0.0,0.0,,,,,0.0,0.0,30.0,0.0001342999999991,-9.010000000841956e-05,2.13,88.0,36.5,0
46085,SO-0602,Constable Dinesh Chaudhary,Constable,39,2026-07-23 12:18:38+00:00,86.0,88.0,,21.3375807,72.7512844,16.899999618530273,-0.928,0.192,-0.323,,0.0,0.0,0.0,,,,,0.0,0.0,31.0,2.6999999999333113e-05,2.7900000006297887e-05,0.49,88.0,36.5,0
46089,SO-0602,Constable Dinesh Chaudhary,Constable,39,2026-07-23 12:19:06+00:00,95.0,88.0,,21.33751,72.7513561,16.69999885559082,0.573,1.335,0.683,,0.0,0.0,0.0,,,,,0.0,0.0,28.0,-7.06999999984248e-05,7.169999999234733e-05,1.41,88.0,36.5,2
46094,SO-0602,Constable Dinesh Chaudhary,Constable,39,2026-07-23 12:19:35+00:00,98.0,87.0,,21.3376171,72.7512371,17.19999885559082,-0.269,0.848,0.507,,0.0,0.0,0.0,,,,,0.0,0.0,29.0,0.0001070999999974,-0.0001189999999979,2.16,87.0,36.5,2
46100,SO-0602,Constable Dinesh Chaudhary,Constable,39,2026-07-23 12:20:10+00:00,94.0,88.0,,21.3373824,72.751151,17.19999885559082,-0.296,-0.065,0.911,,0.0,0.0,0.0,,,,,0.0,0.0,35.0,-0.0002347,-8.610000000430773e-05,2.84,88.0,36.5,2
46104,SO-0602,Constable Dinesh Chaudhary,Constable,39,2026-07-23 12:20:38+00:00,97.0,88.0,,21.3375645,72.7512221,16.899999618530273,-0.947,0.001,0.264,,0.0,0.0,0.0,,,,,0.0,0.0,28.0,0.0001820999999999,7.110000001375738e-05,2.78,88.0,36.5,2
46108,SO-0602,Constable Dinesh Chaudhary,Constable,39,2026-07-23 12:21:08+00:00,93.0,86.0,,21.3375755,72.7512232,17.19999885559082,-0.95,-0.007,0.25,,0.0,0.0,0.0,,,,,0.0,0.0,30.0,1.100000000064938e-05,1.099999991538425e-06,0.15,86.0,36.5,2
46112,SO-0602,Constable Dinesh Chaudhary,Constable,39,2026-07-23 12:21:37+00:00,100.0,88.0,,21.3375712,72.7512404,16.899999618530273,-0.966,-0.003,0.198,,0.0,0.0,0.0,,,,,0.0,0.0,29.0,-4.300000000512227e-06,1.720000000204891e-05,0.24,88.0,36.5,2
46117,SO-0602,Constable Dinesh Chaudhary,Constable,39,2026-07-23 12:22:08+00:00,84.0,86.0,,21.3376134,72.7512594,17.19999885559082,-0.483,0.888,0.083,,0.0,0.0,0.0,,,,,0.0,0.0,31.0,4.219999999932611e-05,1.8999999994662176e-05,0.59,86.0,36.5,0
46122,SO-0602,Constable Dinesh Chaudhary,Constable,39,2026-07-23 12:22:35+00:00,93.0,88.0,,21.337617,72.751238,17.19999885559082,-0.965,0.227,-0.089,,0.0,0.0,0.0,,,,,0.0,0.0,27.0,3.6000000029901003e-06,-2.13999999942871e-05,0.31,88.0,36.5,2
46131,SO-0602,Constable Dinesh Chaudhary,Constable,39,2026-07-23 12:23:07+00:00,88.0,87.0,,21.3374725,72.7513233,16.69999885559082,-0.207,0.788,0.55,,0.0,0.0,0.0,,,,,0.0,0.0,32.0,-0.0001445000000011,8.529999999495885e-05,2.08,87.0,36.5,0
46138,SO-0602,Constable Dinesh Chaudhary,Constable,39,2026-07-23 12:23:38+00:00,95.0,86.0,,21.3376126,72.7512403,17.19999885559082,-0.59,0.102,0.934,,0.0,0.0,0.0,,,,,0.0,0.0,31.0,0.0001400999999994,-8.299999998939711e-05,2.08,86.0,36.5,2
46142,SO-0602,Constable Dinesh Chaudhary,Constable,39,2026-07-23 12:24:07+00:00,81.0,88.0,,21.3376088,72.7512382,17.19999885559082,-0.961,-0.22,0.095,,0.0,0.0,0.0,,,,,0.0,0.0,29.0,-3.799999998221893e-06,-2.1000000032245225e-06,0.06,88.0,36.5,0
46149,SO-0602,Constable Dinesh Chaudhary,Constable,39,2026-07-23 12:24:37+00:00,88.0,88.0,,21.3376151,72.7512387,17.19999885559082,-0.901,-0.195,-0.391,,0.0,0.0,0.0,,,,,0.0,0.0,30.0,6.2999999990154265e-06,4.999999987376214e-07,0.08,88.0,36.5,0
46155,SO-0602,Constable Dinesh Chaudhary,Constable,39,2026-07-23 12:25:07+00:00,93.0,83.0,,21.3376126,72.7512403,17.19999885559082,-0.303,0.856,0.37,,0.0,0.0,0.0,,,,,0.0,0.0,30.0,-2.500000000793534e-06,1.6000000044869012e-06,0.04,83.0,36.5,2
46158,SO-0602,Constable Dinesh Chaudhary,Constable,39,2026-07-23 12:25:37+00:00,91.0,85.0,,21.3376102,72.7512387,17.19999885559082,-0.287,-0.08,0.949,,0.0,0.0,0.0,,,,,0.0,0.0,30.0,-2.3999999996249244e-06,-1.6000000044869012e-06,0.04,85.0,36.5,2
46164,SO-0602,Constable Dinesh Chaudhary,Constable,39,2026-07-23 12:26:07+00:00,100.0,88.0,,21.3376166,72.751246,17.19999885559082,0.844,-0.179,0.035,,0.0,0.0,0.0,,,,,0.0,0.0,30.0,6.400000000184036e-06,7.2999999929379555e-06,0.13,88.0,36.5,2
46170,SO-0602,Constable Dinesh Chaudhary,Constable,39,2026-07-23 12:26:37+00:00,97.0,88.0,,21.3376113,72.7512432,17.19999885559082,-0.435,0.001,0.873,,0.0,0.0,0.0,,,,,0.0,0.0,30.0,-5.300000001540184e-06,-2.7999999900885086e-06,0.08,88.0,36.5,2
46175,SO-0602,Constable Dinesh Chaudhary,Constable,39,2026-07-23 12:27:07+00:00,98.0,88.0,,21.3376103,72.7512405,17.19999885559082,-0.209,0.358,0.912,,0.0,0.0,0.0,,,,,0.0,0.0,30.0,-9.999999974752427e-07,-2.700000010236181e-06,0.04,88.0,36.5,2
46180,SO-0602,Constable Dinesh Chaudhary,Constable,39,2026-07-23 12:27:37+00:00,93.0,88.0,,21.3376122,72.7512397,17.19999885559082,-0.403,-0.224,0.856,,0.0,0.0,0.0,,,,,0.0,0.0,30.0,1.8999999973345896e-06,-7.999999951380232e-07,0.03,88.0,36.5,2
46185,SO-0602,Constable Dinesh Chaudhary,Constable,39,2026-07-23 12:28:08+00:00,98.0,88.0,,21.3375935,72.7512398,17.19999885559082,-0.932,-0.297,0.072,,0.0,0.0,0.0,,,,,0.0,0.0,31.0,-1.8699999998261777e-05,9.999999406318238e-08,0.24,88.0,36.5,2
46190,SO-0602,Constable Dinesh Chaudhary,Constable,39,2026-07-23 12:28:38+00:00,88.0,88.0,,21.337497,72.7512617,16.899999618530273,-0.945,-0.262,0.127,,0.0,0.0,0.0,,,,,0.0,0.0,30.0,-9.650000000149817e-05,2.1900000007235576e-05,1.32,88.0,36.5,0
46197,SO-0602,Constable Dinesh Chaudhary,Constable,39,2026-07-23 12:29:08+00:00,89.0,82.0,,21.3375733,72.7512356,16.899999618530273,-0.947,-0.284,0.224,,0.0,0.0,0.0,,,,,0.0,0.0,30.0,7.62999999999181e-05,-2.6099999999473766e-05,1.07,82.0,36.5,0
46201,SO-0602,Constable Dinesh Chaudhary,Constable,39,2026-07-23 12:29:37+00:00,84.0,88.0,,21.3375295,72.7512434,16.899999618530273,-0.926,-0.285,0.185,,0.0,0.0,0.0,,,,,0.0,0.0,29.0,-4.38000000002603e-05,7.800000005886432e-06,0.61,88.0,36.5,0
46206,SO-0602,Constable Dinesh Chaudhary,Constable,39,2026-07-23 12:30:07+00:00,99.0,88.0,,21.3375182,72.7512736,16.899999618530273,-0.927,-0.262,0.193,,0.0,0.0,0.0,,,,,0.0,0.0,30.0,-1.129999999704978e-05,3.0199999997648778e-05,0.42,88.0,36.5,2
46213,SO-0602,Constable Dinesh Chaudhary,Constable,39,2026-07-23 12:30:40+00:00,87.0,79.0,,21.3374125,72.7511193,16.899999618530273,-0.909,-0.302,0.205,,0.0,0.0,0.0,,,,,0.0,0.0,33.0,-0.0001057000000024,-0.0001543000000054,2.21,79.0,36.5,0
46218,SO-0602,Constable Dinesh Chaudhary,Constable,39,2026-07-23 12:31:05+00:00,98.0,88.0,,21.3376172,72.7512451,17.19999885559082,-0.949,-0.25,0.123,,0.0,0.0,0.0,,,,,0.0,0.0,25.0,0.0002047000000011,0.0001258000000063,3.8,88.0,36.5,2
46224,SO-0602,Constable Dinesh Chaudhary,Constable,39,2026-07-23 12:31:37+00:00,95.0,87.0,,21.3376117,72.7512515,17.19999885559082,-0.825,0.5,-0.225,,0.0,0.0,0.0,,,,,0.0,0.0,32.0,-5.50000000032469e-06,6.399999989525895e-06,0.1,87.0,36.5,2
46232,SO-0602,Constable Dinesh Chaudhary,Constable,39,2026-07-23 12:32:08+00:00,83.0,84.0,,21.3373563,72.751345,16.499998092651367,-0.63,-0.624,0.313,,0.0,0.0,0.0,,,,,0.0,0.0,31.0,-0.0002554000000003,9.350000000551972e-05,3.49,84.0,36.5,0
46238,SO-0602,Constable Dinesh Chaudhary,Constable,39,2026-07-23 12:32:38+00:00,97.0,87.0,,21.3375824,72.7512252,17.19999885559082,-0.941,-0.237,0.144,,0.0,0.0,0.0,,,,,0.0,0.0,30.0,0.000226099999999,-0.0001198000000073,3.38,87.0,36.5,2
46242,SO-0602,Constable Dinesh Chaudhary,Constable,39,2026-07-23 12:33:07+00:00,100.0,87.0,,21.3375954,72.751234,17.19999885559082,-0.939,-0.228,0.2,,0.0,0.0,0.0,,,,,0.0,0.0,29.0,1.3000000002705292e-05,8.800000003361674e-06,0.21,87.0,36.5,2
46248,SO-0602,Constable Dinesh Chaudhary,Constable,39,2026-07-23 12:33:37+00:00,97.0,88.0,,21.3375799,72.7512375,16.899999618530273,-0.954,-0.188,0.19,,0.0,0.0,0.0,,,,,0.0,0.0,30.0,-1.5499999999946112e-05,3.500000005374204e-06,0.21,88.0,36.5,2
46255,SO-0602,Constable Dinesh Chaudhary,Constable,39,2026-07-23 12:34:08+00:00,99.0,88.0,,21.3375858,72.751236,16.899999618530273,-0.955,-0.153,0.213,,0.0,0.0,0.0,,,,,0.0,0.0,31.0,5.899999997893701e-06,-1.499999996212864e-06,0.08,88.0,36.5,2
46260,SO-0602,Constable Dinesh Chaudhary,Constable,39,2026-07-23 12:34:38+00:00,94.0,88.0,,21.3375695,72.7512232,17.19999885559082,-0.948,-0.168,0.187,,0.0,0.0,0.0,,,,,0.0,0.0,30.0,-1.629999999863685e-05,-1.28000000074735e-05,0.27,88.0,36.5,2
46266,SO-0602,Constable Dinesh Chaudhary,Constable,39,2026-07-23 12:35:07+00:00,91.0,88.0,,21.3375985,72.751235,17.19999885559082,-0.941,-0.184,0.212,,0.0,0.0,0.0,,,,,0.0,0.0,29.0,2.8999999997836312e-05,1.1799999995787402e-05,0.43,88.0,36.5,2
46272,SO-0602,Constable Dinesh Chaudhary,Constable,39,2026-07-23 12:35:37+00:00,98.0,88.0,,21.337427,72.7512991,16.899999618530273,-0.969,0.352,0.12,,0.0,0.0,0.0,,,,,0.0,0.0,30.0,-0.0001714999999968,6.410000000300897e-05,2.43,88.0,36.5,2
46278,SO-0602,Constable Dinesh Chaudhary,Constable,39,2026-07-23 12:36:07+00:00,100.0,86.0,,21.3376171,72.7512371,17.19999885559082,-0.138,0.935,0.313,,0.0,0.0,0.0,,,,,0.0,0.0,30.0,0.0001900999999975,-6.199999999978445e-05,2.65,86.0,36.5,2
46287,SO-0602,Constable Dinesh Chaudhary,Constable,39,2026-07-23 12:36:38+00:00,99.0,88.0,,21.3374926,72.7512147,17.19999885559082,-0.89,0.268,-0.041,,0.0,0.0,0.0,,,,,0.0,0.0,31.0,-0.0001244999999983,-2.2399999991762343e-05,1.63,88.0,36.5,2
46290,SO-0602,Constable Dinesh Chaudhary,Constable,39,2026-07-23 12:37:09+00:00,91.0,82.0,,21.3375035,72.751223,16.899999618530273,-0.914,0.35,-0.229,,0.0,0.0,0.0,,,,,0.0,0.0,31.0,1.089999999948077e-05,8.299999990413198e-06,0.17,82.0,36.5,2
46297,SO-0602,Constable Dinesh Chaudhary,Constable,39,2026-07-23 12:37:39+00:00,100.0,86.0,,21.3374747,72.75123,16.899999618530273,-0.159,0.923,0.323,,0.0,0.0,0.0,,,,,0.0,0.0,30.0,-2.879999999905181e-05,7.000000010748408e-06,0.39,86.0,36.5,2
46305,SO-0602,Constable Dinesh Chaudhary,Constable,39,2026-07-23 12:38:08+00:00,100.0,76.0,,21.337466,72.751213,17.19999885559082,-0.219,0.933,0.283,,0.0,0.0,0.0,,,,,0.0,0.0,29.0,-8.700000002193065e-06,-1.699999999971169e-05,0.26,76.0,36.5,2
46310,SO-0602,Constable Dinesh Chaudhary,Constable,39,2026-07-23 12:38:37+00:00,100.0,81.0,,21.3375157,72.7512282,16.899999618530273,-1.062,0.324,0.183,,0.0,0.0,0.0,,,,,0.0,0.0,29.0,4.970000000170671e-05,1.519999999288757e-05,0.71,81.0,36.5,2
46314,SO-0602,Constable Dinesh Chaudhary,Constable,39,2026-07-23 12:39:05+00:00,92.0,88.0,,21.3376171,72.7512371,17.19999885559082,-0.921,0.345,-0.207,,0.0,0.0,0.0,,,,,0.0,0.0,28.0,0.0001013999999983,8.899999997424857e-06,1.45,88.0,36.5,2
46323,SO-0602,Constable Dinesh Chaudhary,Constable,39,2026-07-23 12:39:37+00:00,90.0,88.0,,21.3371426,72.7512194,16.899999618530273,-0.914,0.304,-0.237,,0.0,0.0,0.0,,,,,0.0,0.0,32.0,-0.0004744999999992,-1.770000000078653e-05,5.93,88.0,36.5,1
46328,SO-0602,Constable Dinesh Chaudhary,Constable,39,2026-07-23 12:40:08+00:00,87.0,88.0,,21.3374007,72.7512173,16.30000114440918,0.027,0.975,0.213,,0.0,0.0,0.0,,,,,0.0,0.0,31.0,0.0002580999999999,-2.1000000032245225e-06,3.33,88.0,36.5,0
46331,SO-0602,Constable Dinesh Chaudhary,Constable,39,2026-07-23 12:40:37+00:00,97.0,88.0,,21.337507,72.7512523,16.899999618530273,-0.961,-0.178,0.177,,0.0,0.0,0.0,,,,,0.0,0.0,29.0,0.0001062999999987,3.500000001110948e-05,1.54,88.0,36.5,2
46337,SO-0602,Constable Dinesh Chaudhary,Constable,39,2026-07-23 12:41:10+00:00,97.0,88.0,,21.337507,72.7512523,16.899999618530273,-0.954,-0.178,0.171,,0.0,0.0,0.0,,,,,0.0,0.0,33.0,0.0,0.0,0.0,88.0,36.5,2
46341,SO-0602,Constable Dinesh Chaudhary,Constable,39,2026-07-23 12:41:35+00:00,91.0,88.0,,21.3375636,72.751226,17.19999885559082,-0.962,-0.19,0.145,,0.0,0.0,0.0,,,,,0.0,0.0,25.0,5.660000000062837e-05,-2.6300000001810982e-05,0.99,88.0,36.5,2
46346,SO-0602,Constable Dinesh Chaudhary,Constable,39,2026-07-23 12:42:08+00:00,94.0,84.0,,21.337583,72.7512259,17.19999885559082,-0.961,-0.18,0.152,,0.0,0.0,0.0,,,,,0.0,0.0,33.0,1.9399999999336615e-05,-1.000000082740371e-07,0.23,84.0,36.5,2
46351,SO-0602,Constable Dinesh Chaudhary,Constable,39,2026-07-23 12:42:35+00:00,92.0,87.0,,21.3376168,72.7512444,17.19999885559082,-0.956,-0.187,0.166,,0.0,0.0,0.0,,,,,0.0,0.0,27.0,3.3800000000638875e-05,1.850000001013541e-05,0.57,87.0,36.5,2
46358,SO-0602,Constable Dinesh Chaudhary,Constable,39,2026-07-23 12:43:08+00:00,93.0,88.0,,21.3375483,72.7512302,16.899999618530273,-0.949,-0.208,0.171,,0.0,0.0,0.0,,,,,0.0,0.0,33.0,-6.849999999758438e-05,-1.4200000009623182e-05,0.85,88.0,36.5,2
46362,SO-0602,Constable Dinesh Chaudhary,Constable,39,2026-07-23 12:43:37+00:00,94.0,88.0,,21.3374802,72.7512837,16.899999618530273,-0.945,-0.22,0.169,,0.0,0.0,0.0,,,,,0.0,0.0,29.0,-6.810000000001537e-05,5.350000000703403e-05,1.18,88.0,36.5,2
46367,SO-0602,Constable Dinesh Chaudhary,Constable,39,2026-07-23 12:44:08+00:00,94.0,88.0,,21.3375677,72.7512259,16.899999618530273,-0.936,-0.239,0.166,,0.0,0.0,0.0,,,,,0.0,0.0,31.0,8.749999999935199e-05,-5.780000000754626e-05,1.34,88.0,36.5,2
46372,SO-0602,Constable Dinesh Chaudhary,Constable,39,2026-07-23 12:44:37+00:00,93.0,87.0,,21.3375123,72.7512491,16.899999618530273,-0.876,0.406,0.08,,0.0,0.0,0.0,,,,,0.0,0.0,29.0,-5.540000000081591e-05,2.320000000111122e-05,0.82,87.0,36.5,2
46380,SO-0602,Constable Dinesh Chaudhary,Constable,39,2026-07-23 12:45:07+00:00,86.0,88.0,,21.3375517,72.7512228,17.19999885559082,-0.073,0.991,0.09,,0.0,0.0,0.0,,,,,0.0,0.0,30.0,3.939999999857946e-05,-2.6300000001810982e-05,0.62,88.0,36.5,0
46383,SO-0602,Constable Dinesh Chaudhary,Constable,39,2026-07-23 12:45:37+00:00,100.0,86.0,,21.337509,72.7512244,17.19999885559082,0.066,0.977,0.232,,0.0,0.0,0.0,,,,,0.0,0.0,30.0,-4.269999999806373e-05,1.6000000044869012e-06,0.57,86.0,36.5,2
46389,SO-0602,Constable Dinesh Chaudhary,Constable,39,2026-07-23 12:46:08+00:00,91.0,87.0,,21.3372173,72.7512041,16.30000114440918,-0.942,0.363,-0.038,,0.0,0.0,0.0,,,,,0.0,0.0,31.0,-0.0002917000000017,-2.0300000002748675e-05,3.77,87.0,36.5,2
46394,SO-0602,Constable Dinesh Chaudhary,Constable,39,2026-07-23 12:46:35+00:00,87.0,88.0,,21.3376163,72.7512416,17.19999885559082,-0.958,0.018,-0.113,,0.0,0.0,0.0,,,,,0.0,0.0,27.0,0.0003990000000015,3.7500000004797585e-05,5.93,88.0,36.5,1
46401,SO-0602,Constable Dinesh Chaudhary,Constable,39,2026-07-23 12:47:07+00:00,85.0,88.0,,21.3375622,72.7512253,17.19999885559082,-0.982,-0.046,0.098,,0.0,0.0,0.0,,,,,0.0,0.0,32.0,-5.409999999983483e-05,-1.629999999863685e-05,0.7,88.0,36.5,0
46408,SO-0602,Constable Dinesh Chaudhary,Constable,39,2026-07-23 12:47:39+00:00,85.0,88.0,,21.3375377,72.751226,17.19999885559082,-0.989,-0.04,0.057,,0.0,0.0,0.0,,,,,0.0,0.0,32.0,-2.4500000002092293e-05,7.000000010748408e-07,0.31,88.0,36.5,0
46416,SO-0602,Constable Dinesh Chaudhary,Constable,39,2026-07-23 12:48:09+00:00,88.0,88.0,,21.3375413,72.7512312,17.19999885559082,-0.975,-0.034,0.116,,0.0,0.0,0.0,,,,,0.0,0.0,30.0,3.6000000029901003e-06,5.200000003924288e-06,0.08,88.0,36.5,0
46422,SO-0602,Constable Dinesh Chaudhary,Constable,39,2026-07-23 12:48:40+00:00,97.0,80.0,,21.3375413,72.7512312,17.19999885559082,-0.407,0.568,0.797,,0.0,0.0,0.0,,,,,0.0,0.0,31.0,0.0,0.0,0.0,80.0,36.5,2
46430,SO-0602,Constable Dinesh Chaudhary,Constable,39,2026-07-23 12:49:10+00:00,95.0,84.0,,21.3375528,72.7514097,17.19999885559082,-0.718,-0.429,0.314,,0.0,0.0,0.0,,,,,0.0,0.0,30.0,1.1499999999387e-05,0.0001784999999898,2.3,84.0,36.5,2
46437,SO-0602,Constable Dinesh Chaudhary,Constable,39,2026-07-23 12:49:40+00:00,100.0,84.0,,21.3374285,72.7511342,17.19999885559082,-0.969,-0.017,0.023,,0.0,0.0,0.0,,,,,0.0,0.0,30.0,-0.0001242999999995,-0.0002755000000007,3.9,84.0,36.5,2
46442,SO-0602,Constable Dinesh Chaudhary,Constable,39,2026-07-23 12:50:07+00:00,100.0,88.0,,21.3375814,72.7512246,17.19999885559082,-0.939,-0.034,0.285,,0.0,0.0,0.0,,,,,0.0,0.0,27.0,0.0001528999999997,9.040000000481996e-05,2.6,88.0,36.5,2
46449,SO-0602,Constable Dinesh Chaudhary,Constable,39,2026-07-23 12:50:37+00:00,89.0,88.0,,21.3375275,72.7512181,16.899999618530273,-0.959,-0.005,0.23,,0.0,0.0,0.0,,,,,0.0,0.0,30.0,-5.390000000105033e-05,-6.499999997799932e-06,0.72,88.0,36.5,0
46456,SO-0602,Constable Dinesh Chaudhary,Constable,39,2026-07-23 12:51:07+00:00,86.0,88.0,,21.337577,72.7512239,17.19999885559082,-0.959,-0.007,0.233,,0.0,0.0,0.0,,,,,0.0,0.0,30.0,4.949999999936949e-05,5.7999999967250915e-06,0.66,88.0,36.5,0
46463,SO-0602,Constable Dinesh Chaudhary,Constable,39,2026-07-23 12:51:37+00:00,85.0,85.0,,21.3375425,72.751231,16.899999618530273,-0.765,-0.382,0.433,,0.0,0.0,0.0,,,,,0.0,0.0,30.0,-3.4499999998161e-05,7.100000004811591e-06,0.47,85.0,36.5,0
46470,SO-0602,Constable Dinesh Chaudhary,Constable,39,2026-07-23 12:52:07+00:00,92.0,81.0,,21.3375161,72.7512132,17.19999885559082,-0.581,-0.021,0.13,,0.0,0.0,0.0,,,,,0.0,0.0,30.0,-2.6400000002979596e-05,-1.7800000009060568e-05,0.42,81.0,36.5,2
46478,SO-0602,Constable Dinesh Chaudhary,Constable,39,2026-07-23 12:52:39+00:00,95.0,83.0,,21.3375115,72.7512164,17.19999885559082,-1.02,-0.021,-0.261,,0.0,0.0,0.0,,,,,0.0,0.0,32.0,-4.599999996912629e-06,3.2000000089738023e-06,0.07,83.0,36.5,2
46484,SO-0602,Constable Dinesh Chaudhary,Constable,39,2026-07-23 12:53:05+00:00,98.0,86.0,,21.337617,72.751238,17.19999885559082,-0.713,-0.135,0.685,,0.0,0.0,0.0,,,,,0.0,0.0,26.0,0.0001055,2.159999999662432e-05,1.65,86.0,36.5,2
46491,SO-0602,Constable Dinesh Chaudhary,Constable,39,2026-07-23 12:53:37+00:00,91.0,87.0,,21.337549,72.7512207,17.19999885559082,-0.718,-0.276,0.583,,0.0,0.0,0.0,,,,,0.0,0.0,32.0,-6.800000000239947e-05,-1.7299999996112092e-05,0.87,87.0,36.5,2
46496,SO-0602,Constable Dinesh Chaudhary,Constable,39,2026-07-23 12:54:05+00:00,92.0,85.0,,21.3376171,72.7512371,17.19999885559082,-0.688,-0.271,0.649,,0.0,0.0,0.0,,,,,0.0,0.0,28.0,6.810000000001537e-05,1.6399999992700032e-05,1.0,85.0,36.5,2
46502,SO-0602,Constable Dinesh Chaudhary,Constable,39,2026-07-23 12:54:37+00:00,89.0,79.0,,21.3375964,72.7512389,17.19999885559082,-1.526,0.251,0.188,,0.0,0.0,0.0,,,,,0.0,0.0,32.0,-2.0700000000317686e-05,1.8000000068241206e-06,0.26,79.0,36.5,0
46508,SO-0602,Constable Dinesh Chaudhary,Constable,39,2026-07-23 12:55:07+00:00,100.0,88.0,,21.3375269,72.7512177,17.19999885559082,-0.525,0.056,0.846,,0.0,0.0,0.0,,,,,0.0,0.0,30.0,-6.949999999861234e-05,-2.1200000006160735e-05,0.96,88.0,36.5,2
46515,SO-0602,Constable Dinesh Chaudhary,Constable,39,2026-07-23 12:55:37+00:00,83.0,88.0,,21.3375609,72.7512184,17.19999885559082,-0.318,0.77,0.836,,0.0,0.0,0.0,,,,,0.0,0.0,30.0,3.399999999942338e-05,7.000000010748408e-07,0.45,88.0,36.5,0
46523,SO-0602,Constable Dinesh Chaudhary,Constable,39,2026-07-23 12:56:07+00:00,99.0,78.0,,21.3375492,72.751227,16.899999618530273,-1.163,0.084,0.042,,0.0,0.0,0.0,,,,,0.0,0.0,30.0,-1.1699999998171506e-05,8.600000001024455e-06,0.19,78.0,36.5,2
46529,SO-0602,Constable Dinesh Chaudhary,Constable,39,2026-07-23 12:56:35+00:00,93.0,88.0,,21.3376167,72.7512392,17.19999885559082,-0.98,-0.042,0.107,,0.0,0.0,0.0,,,,,0.0,0.0,28.0,6.750000000010914e-05,1.220000000046184e-05,0.98,88.0,36.5,2
46536,SO-0602,Constable Dinesh Chaudhary,Constable,39,2026-07-23 12:57:07+00:00,88.0,88.0,,21.3375378,72.7512143,17.19999885559082,-0.398,-0.058,0.892,,0.0,0.0,0.0,,,,,0.0,0.0,32.0,-7.890000000188024e-05,-2.4899999999661304e-05,1.03,88.0,36.5,0
46542,SO-0602,Constable Dinesh Chaudhary,Constable,39,2026-07-23 12:57:37+00:00,95.0,88.0,,21.3376116,72.7512422,17.19999885559082,-0.489,-0.086,0.832,,0.0,0.0,0.0,,,,,0.0,0.0,30.0,7.379999999912457e-05,2.7899999992087032e-05,1.05,88.0,36.5,2
46549,SO-0602,Constable Dinesh Chaudhary,Constable,39,2026-07-23 12:58:07+00:00,97.0,80.0,,21.3375367,72.751217,17.19999885559082,-0.613,-0.273,0.692,,0.0,0.0,0.0,,,,,0.0,0.0,30.0,-7.489999999776842e-05,-2.5199999996061703e-05,1.05,80.0,36.5,2
46557,SO-0602,Constable Dinesh Chaudhary,Constable,39,2026-07-23 12:58:39+00:00,91.0,88.0,,21.3376167,72.7512392,17.19999885559082,-0.4,-0.275,0.906,,0.0,0.0,0.0,,,,,0.0,0.0,32.0,8.00000000005241e-05,2.2200000003635975e-05,1.03,88.0,36.5,2
53527,SO-0602,Constable Dinesh Chaudhary,Constable,39,2026-07-25 16:13:53+00:00,100.0,76.0,,21.3167406,72.8884805,26.200000762939453,-0.822,0.921,-0.123,,0.0,0.0,0.0,,,,,0.0,0.0,184514.0,-0.0208761000000023,0.1372412999999994,0.0,76.0,36.5,2
53529,SO-0602,Constable Dinesh Chaudhary,Constable,39,2026-07-25 16:14:23+00:00,85.0,87.0,,21.3167648,72.8884411,26.200000762939453,-0.17,0.983,0.044,,0.0,0.0,0.0,,,,,0.0,0.0,30.0,2.4200000002139177e-05,-3.940000000568489e-05,0.6,87.0,36.5,0
53531,SO-0602,Constable Dinesh Chaudhary,Constable,39,2026-07-25 16:14:53+00:00,95.0,77.0,,21.3167303,72.8884759,26.200000762939453,-0.142,0.987,0.031,,0.0,0.0,0.0,,,,,0.0,0.0,30.0,-3.4500000001713715e-05,3.480000000877226e-05,0.64,77.0,36.5,2
53533,SO-0602,Constable Dinesh Chaudhary,Constable,39,2026-07-25 16:15:23+00:00,92.0,71.0,,21.3167551,72.8884994,26.200000762939453,-0.458,1.024,0.119,,0.0,0.0,0.0,,,,,0.0,0.0,30.0,2.4800000002045408e-05,2.3499999997511622e-05,0.45,71.0,36.5,2
53535,SO-0602,Constable Dinesh Chaudhary,Constable,39,2026-07-25 16:15:53+00:00,92.0,50.0,,21.3166628,72.8887997,26.100000381469727,-0.23,1.084,0.144,,0.0,0.0,0.0,,,,,0.0,0.0,30.0,-9.230000000215456e-05,0.0003003000000063,4.04,50.0,36.5,2
53537,SO-0602,Constable Dinesh Chaudhary,Constable,39,2026-07-25 16:16:23+00:00,100.0,52.0,,21.3166283,72.8889192,26.100000381469727,-0.148,0.96,0.089,,0.0,0.0,0.0,,,,,0.0,0.0,30.0,-3.4499999998161e-05,0.0001194999999967,1.6,52.0,36.5,2
53539,SO-0602,Constable Dinesh Chaudhary,Constable,39,2026-07-25 16:16:53+00:00,100.0,88.0,,21.3165037,72.889025,26.200000762939453,-0.298,0.949,-0.148,,0.0,0.0,0.0,,,,,0.0,0.0,30.0,-0.000124600000003,0.0001058,2.14,88.0,36.5,2
53541,SO-0602,Constable Dinesh Chaudhary,Constable,39,2026-07-25 16:17:23+00:00,98.0,85.0,,21.3166813,72.8890258,26.200000762939453,-0.976,0.064,0.123,,0.0,0.0,0.0,,,,,0.0,0.0,30.0,0.0001776000000006,7.999999951380232e-07,2.37,85.0,36.5,2
53543,SO-0602,Constable Dinesh Chaudhary,Constable,39,2026-07-25 16:17:53+00:00,87.0,84.0,,21.3164956,72.8890162,26.100000381469727,-0.869,0.086,0.374,,0.0,0.0,0.0,,,,,0.0,0.0,30.0,-0.0001856999999994,-9.599999998499698e-06,2.48,84.0,36.5,0
53545,SO-0602,Constable Dinesh Chaudhary,Constable,39,2026-07-25 16:18:23+00:00,88.0,84.0,,21.3166451,72.8889646,26.200000762939453,-0.959,0.092,0.032,,0.0,0.0,0.0,,,,,0.0,0.0,30.0,0.0001494999999991,-5.160000000614673e-05,2.1,84.0,36.5,0
53547,SO-0602,Constable Dinesh Chaudhary,Constable,39,2026-07-25 16:18:53+00:00,95.0,87.0,,21.3166829,72.8890219,26.200000762939453,-0.122,0.511,0.8,,0.0,0.0,0.0,,,,,0.0,0.0,30.0,3.7800000001197986e-05,5.730000000880864e-05,0.89,87.0,36.5,2
53549,SO-0602,Constable Dinesh Chaudhary,Constable,39,2026-07-25 16:19:23+00:00,94.0,86.0,,21.3166706,72.8889022,26.200000762939453,-0.972,0.118,0.052,,0.0,0.0,0.0,,,,,0.0,0.0,30.0,-1.2300000001630453e-05,-0.000119699999999,1.54,86.0,36.5,2
53551,SO-0602,Constable Dinesh Chaudhary,Constable,39,2026-07-25 16:19:53+00:00,87.0,87.0,,21.3165103,72.8890081,26.100000381469727,-0.977,0.114,0.145,,0.0,0.0,0.0,,,,,0.0,0.0,30.0,-0.0001602999999974,0.0001058999999941,2.53,87.0,36.5,0
53553,SO-0602,Constable Dinesh Chaudhary,Constable,39,2026-07-25 16:20:23+00:00,96.0,86.0,,21.3164884,72.8890148,26.100000381469727,-0.974,0.122,0.069,,0.0,0.0,0.0,,,,,0.0,0.0,30.0,-2.190000000013015e-05,6.700000000137152e-06,0.3,86.0,36.5,2
53555,SO-0602,Constable Dinesh Chaudhary,Constable,39,2026-07-25 16:20:53+00:00,85.0,87.0,,21.3165047,72.8890207,26.200000762939453,-0.812,0.134,0.524,,0.0,0.0,0.0,,,,,0.0,0.0,30.0,1.629999999863685e-05,5.900000004999129e-06,0.23,87.0,36.5,0
53557,SO-0602,Constable Dinesh Chaudhary,Constable,39,2026-07-25 16:21:23+00:00,96.0,85.0,,21.3166934,72.8890644,26.200000762939453,-0.825,0.122,0.521,,0.0,0.0,0.0,,,,,0.0,0.0,30.0,0.0001886999999989,4.369999999198626e-05,2.58,85.0,36.5,2
53559,SO-0602,Constable Dinesh Chaudhary,Constable,39,2026-07-25 16:21:53+00:00,98.0,84.0,,21.3164922,72.8890257,26.200000762939453,-0.808,0.116,0.527,,0.0,0.0,0.0,,,,,0.0,0.0,30.0,-0.0002011999999993,-3.869999999039919e-05,2.73,84.0,36.5,2
53561,SO-0602,Constable Dinesh Chaudhary,Constable,39,2026-07-25 16:22:23+00:00,88.0,86.0,,21.316509,72.8890279,26.100000381469727,-0.949,0.106,0.141,,0.0,0.0,0.0,,,,,0.0,0.0,30.0,1.6800000000927184e-05,2.199999997287705e-06,0.23,86.0,36.5,0
53563,SO-0602,Constable Dinesh Chaudhary,Constable,39,2026-07-25 16:22:54+00:00,100.0,87.0,,21.3166891,72.8890231,26.200000762939453,-0.836,0.099,-0.569,,0.0,0.0,0.0,,,,,0.0,0.0,31.0,0.0001801000000014,-4.799999999249849e-06,2.32,87.0,36.5,2
53565,SO-0602,Constable Dinesh Chaudhary,Constable,39,2026-07-25 16:23:23+00:00,88.0,71.0,,21.3166972,72.8890968,26.200000762939453,-0.992,0.104,0.118,,0.0,0.0,0.0,,,,,0.0,0.0,29.0,8.09999999873412e-06,7.370000000150867e-05,0.98,71.0,36.5,0
53567,SO-0602,Constable Dinesh Chaudhary,Constable,39,2026-07-25 16:23:53+00:00,84.0,88.0,,21.3166721,72.8890602,26.200000762939453,-0.97,0.105,0.175,,0.0,0.0,0.0,,,,,0.0,0.0,30.0,-2.509999999844581e-05,-3.660000000138552e-05,0.58,88.0,36.5,0
53569,SO-0602,Constable Dinesh Chaudhary,Constable,39,2026-07-25 16:24:23+00:00,90.0,88.0,,21.3165132,72.8890347,26.200000762939453,-0.98,0.108,0.154,,0.0,0.0,0.0,,,,,0.0,0.0,30.0,-0.0001589000000024,-2.5500000006672963e-05,2.14,88.0,36.5,0
53571,SO-0602,Constable Dinesh Chaudhary,Constable,39,2026-07-25 16:24:53+00:00,92.0,68.0,,21.3166598,72.8889836,26.200000762939453,-0.936,0.104,0.134,,0.0,0.0,0.0,,,,,0.0,0.0,30.0,0.0001466000000007,-5.109999999319825e-05,2.06,68.0,36.5,2
53573,SO-0602,Constable Dinesh Chaudhary,Constable,39,2026-07-25 16:25:23+00:00,96.0,86.0,,21.3166802,72.8889724,26.200000762939453,-0.909,0.144,0.247,,0.0,0.0,0.0,,,,,0.0,0.0,30.0,2.040000000036457e-05,-1.12000000029866e-05,0.31,86.0,36.5,2
53575,SO-0602,Constable Dinesh Chaudhary,Constable,39,2026-07-25 16:25:53+00:00,85.0,84.0,,21.3164981,72.8890215,26.100000381469727,-0.969,0.123,0.257,,0.0,0.0,0.0,,,,,0.0,0.0,30.0,-0.0001820999999999,4.909999999824777e-05,2.51,84.0,36.5,0
53577,SO-0602,Constable Dinesh Chaudhary,Constable,39,2026-07-25 16:26:23+00:00,89.0,87.0,,21.3166964,72.889031,26.200000762939453,-0.716,-0.563,0.037,,0.0,0.0,0.0,,,,,0.0,0.0,30.0,0.0001983000000009,9.500000004436515e-06,2.64,87.0,36.5,0
53579,SO-0602,Constable Dinesh Chaudhary,Constable,39,2026-07-25 16:26:53+00:00,93.0,85.0,,21.3166582,72.8889755,26.200000762939453,-1.058,0.074,-0.007,,0.0,0.0,0.0,,,,,0.0,0.0,30.0,-3.820000000231971e-05,-5.550000000198452e-05,0.88,85.0,36.5,2
53581,SO-0602,Constable Dinesh Chaudhary,Constable,39,2026-07-25 16:27:24+00:00,97.0,83.0,,21.3164876,72.8890168,26.100000381469727,-0.557,-0.201,0.807,,0.0,0.0,0.0,,,,,0.0,0.0,31.0,-0.0001706000000005,4.1299999992361336e-05,2.26,83.0,36.5,2
53582,SO-0602,Constable Dinesh Chaudhary,Constable,39,2026-07-25 16:27:53+00:00,100.0,88.0,,21.3166568,72.8889679,26.200000762939453,-0.935,-0.439,-0.367,,0.0,0.0,0.0,,,,,0.0,0.0,29.0,0.0001692000000019,-4.889999999591055e-05,2.42,88.0,36.5,2
53585,SO-0602,Constable Dinesh Chaudhary,Constable,39,2026-07-25 16:28:23+00:00,99.0,88.0,,21.3166487,72.8889258,26.200000762939453,-0.352,-0.856,0.234,,0.0,0.0,0.0,,,,,0.0,0.0,30.0,-8.100000002286833e-06,-4.2100000001710214e-05,0.55,88.0,36.5,2
53587,SO-0602,Constable Dinesh Chaudhary,Constable,39,2026-07-25 16:28:53+00:00,96.0,86.0,,21.3166618,72.8889861,26.200000762939453,-0.911,0.331,0.23,,0.0,0.0,0.0,,,,,0.0,0.0,30.0,1.3100000000321188e-05,6.0300000001234366e-05,0.79,86.0,36.5,2
53589,SO-0602,Constable Dinesh Chaudhary,Constable,39,2026-07-25 16:29:23+00:00,100.0,87.0,,21.3165383,72.8890299,26.100000381469727,-0.82,-0.123,0.467,,0.0,0.0,0.0,,,,,0.0,0.0,30.0,-0.0001234999999972,4.38000000002603e-05,1.74,87.0,36.5,2
53590,SO-0602,Constable Dinesh Chaudhary,Constable,39,2026-07-25 16:29:53+00:00,98.0,87.0,,21.3166693,72.8889745,26.200000762939453,-0.382,-0.916,-0.063,,0.0,0.0,0.0,,,,,0.0,0.0,30.0,0.0001309999999996,-5.539999999371048e-05,1.88,87.0,36.5,2
53591,SO-0602,Constable Dinesh Chaudhary,Constable,39,2026-07-25 16:30:23+00:00,83.0,88.0,,21.3166666,72.8889814,26.200000762939453,-0.194,-0.969,-0.136,,0.0,0.0,0.0,,,,,0.0,0.0,30.0,-2.69999999957804e-06,6.900000002474371e-06,0.1,88.0,36.5,0
53593,SO-0602,Constable Dinesh Chaudhary,Constable,39,2026-07-25 16:30:53+00:00,87.0,84.0,,21.316686,72.8889304,26.200000762939453,0.053,-0.842,0.15,,0.0,0.0,0.0,,,,,0.0,0.0,30.0,1.9399999999336615e-05,-5.099999999913507e-05,0.7,84.0,36.5,0
53595,SO-0602,Constable Dinesh Chaudhary,Constable,39,2026-07-25 16:31:23+00:00,83.0,84.0,,21.3165516,72.888986,26.200000762939453,-0.652,-0.172,-0.709,,0.0,0.0,0.0,,,,,0.0,0.0,30.0,-0.0001344000000003,5.55999999960477e-05,1.93,84.0,36.5,0
53597,SO-0602,Constable Dinesh Chaudhary,Constable,39,2026-07-25 16:31:53+00:00,81.0,88.0,,21.3166862,72.8890363,26.200000762939453,-0.969,-0.06,0.209,,0.0,0.0,0.0,,,,,0.0,0.0,30.0,0.000134599999999,5.029999999806023e-05,1.91,88.0,36.5,0
53600,SO-0602,Constable Dinesh Chaudhary,Constable,39,2026-07-25 16:32:25+00:00,98.0,84.0,,21.3164744,72.8889217,26.200000762939453,-0.383,0.994,0.205,,0.0,0.0,0.0,,,,,0.0,0.0,32.0,-0.0002117999999988,-0.0001146000000034,2.98,84.0,36.5,2
53602,SO-0602,Constable Dinesh Chaudhary,Constable,39,2026-07-25 16:32:53+00:00,100.0,51.0,,21.3166761,72.8889051,27.901418176152333,-0.168,0.768,0.004,,0.0,0.0,0.0,,,,,0.0,0.0,28.0,0.000201699999998,-1.659999999503725e-05,2.89,51.0,36.5,2
53605,SO-0602,Constable Dinesh Chaudhary,Constable,39,2026-07-25 16:33:23+00:00,96.0,51.0,,21.3167513,72.8885582,26.200000762939453,-0.429,1.132,0.191,,0.0,0.0,0.0,,,,,0.0,0.0,30.0,7.520000000127425e-05,-0.0003468999999967,4.56,51.0,36.5,1
53608,SO-0602,Constable Dinesh Chaudhary,Constable,39,2026-07-25 16:33:53+00:00,100.0,72.0,,21.3167363,72.888516,26.100000381469727,-0.245,0.878,0.685,,0.0,0.0,0.0,,,,,0.0,0.0,30.0,-1.5000000001208493e-05,-4.220000000998425e-05,0.58,72.0,36.5,2
53611,SO-0602,Constable Dinesh Chaudhary,Constable,39,2026-07-25 16:34:23+00:00,96.0,84.0,,21.3167515,72.8883193,26.200000762939453,-0.638,0.895,0.091,,0.0,0.0,0.0,,,,,0.0,0.0,30.0,1.5199999999992995e-05,-0.0001966999999893,2.53,84.0,36.5,2
53616,SO-0602,Constable Dinesh Chaudhary,Constable,39,2026-07-25 16:35:23+00:00,100.0,86.0,,21.3167264,72.8884899,26.200000762939453,-0.219,0.975,0.063,,0.0,0.0,0.0,,,,,0.0,0.0,60.0,-2.509999999844581e-05,0.0001705999999899,1.11,86.0,36.5,2
53620,SO-0602,Constable Dinesh Chaudhary,Constable,39,2026-07-25 16:35:57+00:00,97.0,87.0,,21.3167264,72.8884899,27.855727569645353,-0.591,-0.673,0.344,,0.0,0.0,0.0,,,,,0.0,0.0,34.0,0.0,0.0,0.0,87.0,36.5,2
53622,SO-0602,Constable Dinesh Chaudhary,Constable,39,2026-07-25 16:36:23+00:00,100.0,55.0,,21.3167574,72.8883624,27.890933978134015,-0.725,0.067,0.759,,0.0,0.0,0.0,,,,,0.0,0.0,26.0,3.0999999999892225e-05,-0.0001274999999907,1.95,55.0,36.5,2
53625,SO-0602,Constable Dinesh Chaudhary,Constable,39,2026-07-25 16:36:53+00:00,96.0,87.0,,21.3169571,72.887739,25.5,-0.649,0.277,0.864,,0.0,0.0,0.0,,,,,0.0,0.0,30.0,0.0001996999999995,-0.0006234000000091,8.43,87.0,36.5,1
53627,SO-0602,Constable Dinesh Chaudhary,Constable,39,2026-07-25 16:37:23+00:00,97.0,88.0,,21.317067,72.8873621,25.799999237060547,-0.61,0.187,0.752,,0.0,0.0,0.0,,,,,0.0,0.0,30.0,0.0001099000000017,-0.000376899999992,5.05,88.0,36.5,1
53629,SO-0602,Constable Dinesh Chaudhary,Constable,39,2026-07-25 16:37:53+00:00,86.0,86.0,,21.3170808,72.8873461,25.799999237060547,-0.527,0.106,0.828,,0.0,0.0,0.0,,,,,0.0,0.0,30.0,1.3799999997843315e-05,-1.6000000002236447e-05,0.28,86.0,36.5,0
53631,SO-0602,Constable Dinesh Chaudhary,Constable,39,2026-07-25 16:38:23+00:00,85.0,88.0,,21.3171833,72.8872344,26.299999237060547,-0.46,0.052,0.852,,0.0,0.0,0.0,,,,,0.0,0.0,30.0,0.0001025000000005,-0.000111700000005,1.98,88.0,36.5,0
53635,SO-0602,Constable Dinesh Chaudhary,Constable,39,2026-07-25 16:38:57+00:00,84.0,85.0,,21.3153348,72.8853316,26.299999237060547,-0.98,0.112,-0.061,,0.0,0.0,0.0,,,,,0.0,0.0,34.0,-0.0018485000000012,-0.0019027999999963,30.6,85.0,36.5,1
53638,SO-0602,Constable Dinesh Chaudhary,Constable,39,2026-07-25 16:39:26+00:00,100.0,83.0,,21.3171057,72.886783,26.299999237060547,-0.769,0.328,0.565,,0.0,0.0,0.0,,,,,0.0,0.0,29.0,0.0017709000000003,0.0014513999999934,31.09,83.0,36.5,1
53640,SO-0602,Constable Dinesh Chaudhary,Constable,39,2026-07-25 16:39:53+00:00,100.0,56.0,,21.3170521,72.8871788,25.700000762939453,-0.198,1.029,0.01,,0.0,0.0,0.0,,,,,0.0,0.0,27.0,-5.35999999975445e-05,0.0003958000000068,5.7,56.0,36.5,1
53644,SO-0602,Constable Dinesh Chaudhary,Constable,39,2026-07-25 16:40:24+00:00,92.0,76.0,,21.3171308,72.8873231,25.899999618530273,-0.204,0.972,0.063,,0.0,0.0,0.0,,,,,0.0,0.0,31.0,7.869999999954302e-05,0.0001443000000023,2.06,76.0,36.5,2
53646,SO-0602,Constable Dinesh Chaudhary,Constable,39,2026-07-25 16:40:53+00:00,96.0,76.0,,21.3171402,72.8873274,25.899999618530273,-0.147,0.956,0.088,,0.0,0.0,0.0,,,,,0.0,0.0,29.0,9.399999999715192e-06,4.300000000512227e-06,0.14,76.0,36.5,2
53649,SO-0602,Constable Dinesh Chaudhary,Constable,39,2026-07-25 16:41:23+00:00,87.0,85.0,,21.3170996,72.8873649,25.799999237060547,-0.182,0.968,0.121,,0.0,0.0,0.0,,,,,0.0,0.0,30.0,-4.060000000194464e-05,3.749999999058673e-05,0.72,85.0,36.5,0
53652,SO-0602,Constable Dinesh Chaudhary,Constable,39,2026-07-25 16:41:53+00:00,96.0,77.0,,21.3170688,72.887216,25.799999237060547,-0.188,0.977,0.125,,0.0,0.0,0.0,,,,,0.0,0.0,30.0,-3.0799999997555005e-05,-0.0001488999999992,1.95,77.0,36.5,2
53655,SO-0602,Constable Dinesh Chaudhary,Constable,39,2026-07-25 16:42:22+00:00,94.0,69.0,,21.3169958,72.8872443,25.899999618530273,-0.238,1.075,0.063,,0.0,0.0,0.0,,,,,0.0,0.0,29.0,-7.300000000043383e-05,2.830000001097233e-05,1.07,69.0,36.5,2
53658,SO-0602,Constable Dinesh Chaudhary,Constable,39,2026-07-25 16:42:53+00:00,97.0,70.0,,21.3171072,72.8873676,25.799999237060547,-0.195,0.963,0.092,,0.0,0.0,0.0,,,,,0.0,0.0,31.0,0.0001113999999979,0.0001232999999984,2.1,70.0,36.5,2
53661,SO-0602,Constable Dinesh Chaudhary,Constable,39,2026-07-25 16:43:23+00:00,96.0,79.0,,21.3170624,72.88741,25.799999237060547,-0.707,1.347,0.1,,0.0,0.0,0.0,,,,,0.0,0.0,30.0,-4.479999999773554e-05,4.2399999998110616e-05,0.81,79.0,36.5,2
53664,SO-0602,Constable Dinesh Chaudhary,Constable,39,2026-07-25 16:43:53+00:00,88.0,87.0,,21.3171077,72.8876464,25.5,-0.445,-0.099,1.322,,0.0,0.0,0.0,,,,,0.0,0.0,30.0,4.5300000000025875e-05,0.0002363999999914,3.09,87.0,36.5,0
53668,SO-0602,Constable Dinesh Chaudhary,Constable,39,2026-07-25 16:44:27+00:00,99.0,83.0,,21.3170465,72.887916,25.799999237060547,-1.685,-0.101,0.269,,0.0,0.0,0.0,,,,,0.0,0.0,34.0,-6.120000000109371e-05,0.0002696000000099,3.14,83.0,36.5,2
53670,SO-0602,Constable Dinesh Chaudhary,Constable,39,2026-07-25 16:44:52+00:00,93.0,88.0,,21.3186965,72.8875666,24.600000381469727,-0.933,-0.095,0.281,,0.0,0.0,0.0,,,,,0.0,0.0,25.0,0.0016500000000014,-0.0003494000000046,26.92,88.0,36.5,1
53675,SO-0602,Constable Dinesh Chaudhary,Constable,39,2026-07-25 16:45:24+00:00,96.0,76.0,,21.3196371,72.8876713,24.600000381469727,-1.013,-0.232,0.236,,0.0,0.0,0.0,,,,,0.0,0.0,32.0,0.0009405999999998,0.0001046999999942,11.81,76.0,36.5,1
53679,SO-0602,Constable Dinesh Chaudhary,Constable,39,2026-07-25 16:45:55+00:00,84.0,88.0,,21.3203191,72.8879967,24.600000381469727,-0.976,-0.219,0.175,,0.0,0.0,0.0,,,,,0.0,0.0,31.0,0.0006819999999976,0.0003254000000083,9.68,88.0,36.5,1
53683,SO-0602,Constable Dinesh Chaudhary,Constable,39,2026-07-25 16:46:24+00:00,97.0,85.0,,21.3214167,72.8887228,25.399999618530273,-0.929,-0.045,0.331,,0.0,0.0,0.0,,,,,0.0,0.0,29.0,0.0010976000000013,0.0007260999999942,17.93,85.0,36.5,1
53686,SO-0602,Constable Dinesh Chaudhary,Constable,39,2026-07-25 16:46:53+00:00,96.0,87.0,,21.3229904,72.889662,27.1941077893607,-0.829,0.031,-0.361,,0.0,0.0,0.0,,,,,0.0,0.0,29.0,0.001573699999998,0.0009392000000048,25.01,87.0,36.5,1
53690,SO-0602,Constable Dinesh Chaudhary,Constable,39,2026-07-25 16:47:23+00:00,90.0,87.0,,21.3222191,72.8885347,29.60818954388887,0.137,-0.892,0.149,,0.0,0.0,0.0,,,,,0.0,0.0,30.0,-0.0007712999999966,-0.0011273000000073,17.74,87.0,36.5,1
53694,SO-0602,Constable Dinesh Chaudhary,Constable,39,2026-07-25 16:47:53+00:00,87.0,88.0,,21.3205087,72.8852837,28.325943737260545,-1.574,-0.191,0.576,,0.0,0.0,0.0,,,,,0.0,0.0,30.0,-0.0017104000000003,-0.0032509999999916,47.53,88.0,36.5,1
53698,SO-0602,Constable Dinesh Chaudhary,Constable,39,2026-07-25 16:48:23+00:00,94.0,87.0,,21.3199471,72.8841957,25.100000381469727,-0.883,-0.236,0.348,,0.0,0.0,0.0,,,,,0.0,0.0,30.0,-0.000561600000001,-0.0010879999999957,15.84,87.0,36.5,1
53702,SO-0602,Constable Dinesh Chaudhary,Constable,39,2026-07-25 16:48:53+00:00,100.0,88.0,,21.3200454,72.883799,24.700000762939453,-0.221,0.226,0.861,,0.0,0.0,0.0,,,,,0.0,0.0,30.0,9.830000000121686e-05,-0.0003967000000102,5.26,88.0,36.5,1
53706,SO-0602,Constable Dinesh Chaudhary,Constable,39,2026-07-25 16:49:23+00:00,98.0,78.0,,21.3199827,72.8829051,24.5,-0.406,-0.718,0.375,,0.0,0.0,0.0,,,,,0.0,0.0,30.0,-6.270000000085929e-05,-0.0008938999999941,11.5,78.0,36.5,1
53710,SO-0602,Constable Dinesh Chaudhary,Constable,39,2026-07-25 16:49:53+00:00,96.0,85.0,,21.3199711,72.8829317,24.5,-0.172,-0.546,0.518,,0.0,0.0,0.0,,,,,0.0,0.0,30.0,-1.160000000055561e-05,2.6599999998211388e-05,0.37,85.0,36.5,1
53714,SO-0602,Constable Dinesh Chaudhary,Constable,39,2026-07-25 16:50:23+00:00,85.0,84.0,,21.3199625,72.8829702,24.299999237060547,-0.191,0.987,0.083,,0.0,0.0,0.0,,,,,0.0,0.0,30.0,-8.600000001024455e-06,3.850000000227283e-05,0.51,84.0,36.5,0
53718,SO-0602,Constable Dinesh Chaudhary,Constable,39,2026-07-25 16:50:53+00:00,94.0,80.0,,21.3199617,72.8829418,24.299999237060547,-0.119,0.982,0.13,,0.0,0.0,0.0,,,,,0.0,0.0,30.0,-7.999999986907369e-07,-2.840000000503551e-05,0.36,80.0,36.5,2
53722,SO-0602,Constable Dinesh Chaudhary,Constable,39,2026-07-25 16:51:23+00:00,91.0,62.0,,21.3199592,72.8829927,24.299999237060547,-0.163,0.961,0.103,,0.0,0.0,0.0,,,,,0.0,0.0,30.0,-2.500000000793534e-06,5.090000000507189e-05,0.65,62.0,36.5,2
53726,SO-0602,Constable Dinesh Chaudhary,Constable,39,2026-07-25 16:51:53+00:00,100.0,72.0,,21.3199436,72.8829178,24.299999237060547,-0.971,0.063,-0.206,,0.0,0.0,0.0,,,,,0.0,0.0,30.0,-1.5600000001114722e-05,-7.490000000132113e-05,0.98,72.0,36.5,2
53730,SO-0602,Constable Dinesh Chaudhary,Constable,39,2026-07-25 16:52:23+00:00,90.0,81.0,,21.3199456,72.8829198,24.299999237060547,-0.13,0.998,0.058,,0.0,0.0,0.0,,,,,0.0,0.0,30.0,2.0000000020559128e-06,1.9999999949504854e-06,0.04,81.0,36.5,0
53734,SO-0602,Constable Dinesh Chaudhary,Constable,39,2026-07-25 16:52:53+00:00,98.0,88.0,,21.3200161,72.8830276,24.299999237060547,-0.574,-0.401,0.088,,0.0,0.0,0.0,,,,,0.0,0.0,30.0,7.04999999996403e-05,0.0001078000000092,1.67,88.0,36.5,2
53738,SO-0602,Constable Dinesh Chaudhary,Constable,39,2026-07-25 16:53:23+00:00,100.0,87.0,,21.3199976,72.8828898,24.299999237060547,-0.926,0.091,0.305,,0.0,0.0,0.0,,,,,0.0,0.0,30.0,-1.8499999999477268e-05,-0.0001378000000045,1.79,87.0,36.5,2
53742,SO-0602,Constable Dinesh Chaudhary,Constable,39,2026-07-25 16:53:53+00:00,98.0,88.0,,21.3199952,72.8825642,24.399999618530273,-1.0,-0.263,-0.001,,0.0,0.0,0.0,,,,,0.0,0.0,30.0,-2.3999999996249244e-06,-0.0003255999999964,4.18,88.0,36.5,2
53746,SO-0602,Constable Dinesh Chaudhary,Constable,39,2026-07-25 16:54:23+00:00,100.0,84.0,,21.3199077,72.8825294,24.399999618530273,-0.894,-0.158,0.348,,0.0,0.0,0.0,,,,,0.0,0.0,30.0,-8.749999999935199e-05,-3.480000000877226e-05,1.25,84.0,36.5,2
53750,SO-0602,Constable Dinesh Chaudhary,Constable,39,2026-07-25 16:54:53+00:00,95.0,88.0,,21.3200064,72.8818508,24.799999237060547,-0.99,-0.093,0.197,,0.0,0.0,0.0,,,,,0.0,0.0,30.0,9.869999999878588e-05,-0.0006786000000005,8.81,88.0,36.5,1
53754,SO-0602,Constable Dinesh Chaudhary,Constable,39,2026-07-25 16:55:23+00:00,100.0,86.0,,21.3190185,72.8814636,24.700000762939453,-0.935,-0.256,0.375,,0.0,0.0,0.0,,,,,0.0,0.0,30.0,-0.0009879000000019,-0.0003871999999915,14.07,86.0,36.5,1
53758,SO-0602,Constable Dinesh Chaudhary,Constable,39,2026-07-25 16:55:52+00:00,100.0,81.0,,21.3182268,72.8810415,24.600000381469727,-0.772,-0.312,0.535,,0.0,0.0,0.0,,,,,0.0,0.0,29.0,-0.000791699999997,-0.0004221000000086,12.26,81.0,36.5,1
53762,SO-0602,Constable Dinesh Chaudhary,Constable,39,2026-07-25 16:56:23+00:00,98.0,88.0,,21.3178062,72.8820933,24.899999618530273,-0.845,-0.254,0.216,,0.0,0.0,0.0,,,,,0.0,0.0,31.0,-0.0004206000000017,0.001051799999999,14.14,88.0,36.5,1
53766,SO-0602,Constable Dinesh Chaudhary,Constable,39,2026-07-25 16:56:53+00:00,100.0,88.0,,21.3178755,72.8836832,24.899999618530273,-0.857,-0.249,0.435,,0.0,0.0,0.0,,,,,0.0,0.0,30.0,6.929999999982783e-05,0.001589899999999,20.42,88.0,36.5,1
53771,SO-0602,Constable Dinesh Chaudhary,Constable,39,2026-07-25 16:57:24+00:00,100.0,88.0,,21.3174086,72.884893,25.700000762939453,-0.508,-0.709,0.328,,0.0,0.0,0.0,,,,,0.0,0.0,31.0,-0.0004668999999992,0.0012098000000122,16.18,88.0,36.5,1
53775,SO-0602,Constable Dinesh Chaudhary,Constable,39,2026-07-25 16:57:54+00:00,84.0,87.0,,21.3173165,72.8845045,24.0,-0.205,-1.048,-0.112,,0.0,0.0,0.0,,,,,0.0,0.0,30.0,-9.209999999981731e-05,-0.0003884999999996,5.13,87.0,36.5,1
53779,SO-0602,Constable Dinesh Chaudhary,Constable,39,2026-07-25 16:58:25+00:00,96.0,88.0,,21.3169731,72.8868614,24.0,-0.963,-0.118,0.14,,0.0,0.0,0.0,,,,,0.0,0.0,31.0,-0.0003434000000019,0.0023568999999952,29.6,88.0,36.5,1
53782,SO-0602,Constable Dinesh Chaudhary,Constable,39,2026-07-25 16:58:53+00:00,99.0,88.0,,21.3169571,72.8878648,25.899999618530273,-0.981,-0.08,0.16,,0.0,0.0,0.0,,,,,0.0,0.0,28.0,-1.5999999998683734e-05,0.0010034000000018,13.8,88.0,36.5,1
53786,SO-0602,Constable Dinesh Chaudhary,Constable,39,2026-07-25 16:59:23+00:00,92.0,86.0,,21.3166408,72.8892026,26.200000762939453,-0.81,0.022,0.586,,0.0,0.0,0.0,,,,,0.0,0.0,30.0,-0.0003163000000014,0.0013378000000017,17.68,86.0,36.5,1
53790,SO-0602,Constable Dinesh Chaudhary,Constable,39,2026-07-25 16:59:53+00:00,96.0,79.0,,21.3166961,72.8890963,26.200000762939453,0.115,-0.875,0.299,,0.0,0.0,0.0,,,,,0.0,0.0,30.0,5.530000000320001e-05,-0.0001062999999987,1.55,79.0,36.5,2
53794,SO-0602,Constable Dinesh Chaudhary,Constable,39,2026-07-25 17:00:23+00:00,99.0,85.0,,21.3162484,72.8871776,26.200000762939453,-0.389,0.966,0.083,,0.0,0.0,0.0,,,,,0.0,0.0,30.0,-0.0004477000000022,-0.0019187000000044,25.33,85.0,36.5,1
53799,SO-0602,Constable Dinesh Chaudhary,Constable,39,2026-07-25 17:00:53+00:00,84.0,88.0,,21.3162484,72.8871776,26.200000762939453,-0.592,0.809,-0.003,,0.0,0.0,0.0,,,,,0.0,0.0,30.0,0.0,0.0,0.0,88.0,36.5,0
53803,SO-0602,Constable Dinesh Chaudhary,Constable,39,2026-07-25 17:01:27+00:00,90.0,88.0,,21.3156043,72.887916,26.200000762939453,-0.708,0.681,-0.059,,0.0,0.0,0.0,,,,,0.0,0.0,34.0,-0.0006440999999988,0.000738400000003,11.28,88.0,36.5,1
53807,SO-0602,Constable Dinesh Chaudhary,Constable,39,2026-07-25 17:01:57+00:00,98.0,87.0,,21.3156043,72.887916,26.200000762939453,-1.013,0.729,0.298,,0.0,0.0,0.0,,,,,0.0,0.0,30.0,0.0,0.0,0.0,87.0,36.5,2
53810,SO-0602,Constable Dinesh Chaudhary,Constable,39,2026-07-25 17:02:25+00:00,100.0,85.0,,21.3158494,72.8868084,26.200000762939453,-1.075,-0.145,-0.884,,0.0,0.0,0.0,,,,,0.0,0.0,28.0,0.0002451000000007,-0.0011075999999974,15.63,85.0,36.5,1
53814,SO-0602,Constable Dinesh Chaudhary,Constable,39,2026-07-25 17:02:57+00:00,97.0,87.0,,21.3156043,72.887916,26.200000762939453,-0.5,0.239,0.624,,0.0,0.0,0.0,,,,,0.0,0.0,32.0,-0.0002451000000007,0.0011075999999974,13.67,87.0,36.5,1
53818,SO-0602,Constable Dinesh Chaudhary,Constable,39,2026-07-25 17:03:27+00:00,91.0,87.0,,21.3156043,72.887916,26.100000381469727,-0.175,0.693,0.205,,0.0,0.0,0.0,,,,,0.0,0.0,30.0,0.0,0.0,0.0,87.0,36.5,2
53822,SO-0602,Constable Dinesh Chaudhary,Constable,39,2026-07-25 17:03:57+00:00,87.0,74.0,,21.3156043,72.887916,26.100000381469727,-0.074,0.969,-0.256,,0.0,0.0,0.0,,,,,0.0,0.0,30.0,0.0,0.0,0.0,74.0,36.5,0
53826,SO-0602,Constable Dinesh Chaudhary,Constable,39,2026-07-25 17:04:24+00:00,95.0,72.0,,21.3166474,72.8875468,26.100000381469727,-0.904,0.344,0.237,,0.0,0.0,0.0,,,,,0.0,0.0,27.0,0.0010431000000004,-0.0003692000000086,16.31,72.0,36.5,1
53831,SO-0602,Constable Dinesh Chaudhary,Constable,39,2026-07-25 17:04:57+00:00,99.0,88.0,,21.317008,72.8875468,26.100000381469727,-0.928,0.153,-0.358,,0.0,0.0,0.0,,,,,0.0,0.0,33.0,0.0003606000000004,0.0,4.37,88.0,36.5,2
53834,SO-0602,Constable Dinesh Chaudhary,Constable,39,2026-07-25 17:05:27+00:00,94.0,88.0,,21.317008,72.8875468,26.100000381469727,-0.944,0.153,-0.308,,0.0,0.0,0.0,,,,,0.0,0.0,30.0,0.0,0.0,0.0,88.0,36.5,2
53839,SO-0602,Constable Dinesh Chaudhary,Constable,39,2026-07-25 17:05:57+00:00,95.0,78.0,,21.317008,72.8875468,26.100000381469727,-1.966,0.925,1.322,,0.0,0.0,0.0,,,,,0.0,0.0,30.0,0.0,0.0,0.0,78.0,36.5,1
53842,SO-0602,Constable Dinesh Chaudhary,Constable,39,2026-07-25 17:06:27+00:00,88.0,87.0,,21.3160033,72.8882852,28.71829041648857,-0.325,-0.018,0.923,,0.0,0.0,0.0,,,,,0.0,0.0,30.0,-0.0010047000000028,0.000738400000003,16.4,87.0,36.5,1
53846,SO-0602,Constable Dinesh Chaudhary,Constable,39,2026-07-25 17:06:57+00:00,90.0,86.0,,21.3160033,72.8882852,26.100000381469727,-0.343,0.122,0.911,,0.0,0.0,0.0,,,,,0.0,0.0,30.0,0.0,0.0,0.0,86.0,36.5,1
53850,SO-0602,Constable Dinesh Chaudhary,Constable,39,2026-07-25 17:07:27+00:00,87.0,87.0,,21.3160033,72.8882852,26.100000381469727,-0.346,0.126,0.915,,0.0,0.0,0.0,,,,,0.0,0.0,30.0,0.0,0.0,0.0,87.0,36.5,1
53854,SO-0602,Constable Dinesh Chaudhary,Constable,39,2026-07-25 17:07:57+00:00,83.0,88.0,,21.3160033,72.8882852,26.100000381469727,-0.375,0.127,0.905,,0.0,0.0,0.0,,,,,0.0,0.0,30.0,0.0,0.0,0.0,88.0,36.5,1
53857,SO-0602,Constable Dinesh Chaudhary,Constable,39,2026-07-25 17:08:27+00:00,83.0,88.0,,21.3160033,72.8882852,26.100000381469727,-0.372,0.136,0.9,,0.0,0.0,0.0,,,,,0.0,0.0,30.0,0.0,0.0,0.0,88.0,36.5,0
53860,SO-0602,Constable Dinesh Chaudhary,Constable,39,2026-07-25 17:08:57+00:00,82.0,87.0,,21.3160033,72.8882852,26.100000381469727,-0.376,0.138,0.898,,0.0,0.0,0.0,,,,,0.0,0.0,30.0,0.0,0.0,0.0,87.0,36.5,0
53863,SO-0602,Constable Dinesh Chaudhary,Constable,39,2026-07-25 17:09:27+00:00,86.0,88.0,,21.3160033,72.8882852,26.100000381469727,-0.377,0.147,0.901,,0.0,0.0,0.0,,,,,0.0,0.0,30.0,0.0,0.0,0.0,88.0,36.5,0
53866,SO-0602,Constable Dinesh Chaudhary,Constable,39,2026-07-25 17:09:57+00:00,86.0,84.0,,21.3160033,72.8882852,26.100000381469727,-0.391,0.149,0.902,,0.0,0.0,0.0,,,,,0.0,0.0,30.0,0.0,0.0,0.0,84.0,36.5,0
53869,SO-0602,Constable Dinesh Chaudhary,Constable,39,2026-07-25 17:10:27+00:00,81.0,88.0,,21.3160033,72.8882852,26.100000381469727,-0.336,0.091,0.915,,0.0,0.0,0.0,,,,,0.0,0.0,30.0,0.0,0.0,0.0,88.0,36.5,0
53872,SO-0602,Constable Dinesh Chaudhary,Constable,39,2026-07-25 17:10:54+00:00,86.0,88.0,,21.3162869,72.8875468,26.100000381469727,-0.335,0.099,0.917,,0.0,0.0,0.0,,,,,0.0,0.0,27.0,0.000283600000003,-0.000738400000003,11.33,88.0,36.5,1
53875,SO-0602,Constable Dinesh Chaudhary,Constable,39,2026-07-25 17:11:27+00:00,100.0,88.0,,21.3160033,72.8882852,26.100000381469727,-0.196,1.069,0.14,,0.0,0.0,0.0,,,,,0.0,0.0,33.0,-0.000283600000003,0.000738400000003,9.27,88.0,36.5,1
53878,SO-0602,Constable Dinesh Chaudhary,Constable,39,2026-07-25 17:11:54+00:00,92.0,81.0,,21.3162484,72.8871776,26.100000381469727,-0.346,0.875,-0.258,,0.0,0.0,0.0,,,,,0.0,0.0,27.0,0.0002451000000007,-0.0011075999999974,16.2,81.0,36.5,1
53880,SO-0602,Constable Dinesh Chaudhary,Constable,39,2026-07-25 17:12:23+00:00,94.0,78.0,,21.3166089,72.8871776,26.100000381469727,-0.241,0.866,-0.047,,0.0,0.0,0.0,,,,,0.0,0.0,29.0,0.0003604999999993,0.0,4.97,78.0,36.5,1
53883,SO-0602,Constable Dinesh Chaudhary,Constable,39,2026-07-25 17:12:53+00:00,96.0,79.0,,21.316694,72.8888881,26.200000762939453,-0.178,0.872,0.009,,0.0,0.0,0.0,,,,,0.0,0.0,30.0,8.509999999972706e-05,0.0017105000000015,21.98,79.0,36.5,1
53887,SO-0602,Constable Dinesh Chaudhary,Constable,39,2026-07-25 17:13:23+00:00,100.0,66.0,,21.3167234,72.8887697,26.5,0.034,0.815,-0.006,,0.0,0.0,0.0,,,,,0.0,0.0,30.0,2.940000000251075e-05,-0.0001184000000051,1.57,66.0,36.5,2
53889,SO-0602,Constable Dinesh Chaudhary,Constable,39,2026-07-25 17:13:53+00:00,98.0,86.0,,21.3167504,72.8884392,26.200000762939453,-0.16,1.011,0.161,,0.0,0.0,0.0,,,,,0.0,0.0,30.0,2.6999999999333113e-05,-0.000330500000004,4.26,86.0,36.5,2
53892,SO-0602,Constable Dinesh Chaudhary,Constable,39,2026-07-25 17:14:23+00:00,99.0,63.0,,21.3167609,72.8884767,26.200000762939453,-0.205,0.993,0.143,,0.0,0.0,0.0,,,,,0.0,0.0,30.0,1.0499999998359044e-05,3.7500000004797585e-05,0.5,63.0,36.5,2
53896,SO-0602,Constable Dinesh Chaudhary,Constable,39,2026-07-25 17:14:53+00:00,98.0,82.0,,21.3167492,72.8884702,23.561302445594507,-0.871,0.348,-0.123,,0.0,0.0,0.0,,,,,0.0,0.0,30.0,-1.1699999998171506e-05,-6.499999997799932e-06,0.18,82.0,36.5,2
53900,SO-0602,Constable Dinesh Chaudhary,Constable,39,2026-07-25 17:15:24+00:00,94.0,75.0,,21.3167507,72.8883876,26.200000762939453,-1.199,-0.299,0.071,,0.0,0.0,0.0,,,,,0.0,0.0,31.0,1.4999999997655775e-06,-8.259999999893353e-05,1.03,75.0,36.5,2
53904,SO-0602,Constable Dinesh Chaudhary,Constable,39,2026-07-25 17:15:53+00:00,88.0,87.0,,21.316738,72.8884197,26.200000762939453,-0.222,0.962,0.096,,0.0,0.0,0.0,,,,,0.0,0.0,29.0,-1.2699999999199464e-05,3.209999999853608e-05,0.46,87.0,36.5,0
53908,SO-0602,Constable Dinesh Chaudhary,Constable,39,2026-07-25 17:16:23+00:00,100.0,88.0,,21.3167437,72.8884286,26.200000762939453,-0.306,0.969,0.07,,0.0,0.0,0.0,,,,,0.0,0.0,30.0,5.699999999109195e-06,8.899999997424857e-06,0.14,88.0,36.5,2
53912,SO-0602,Constable Dinesh Chaudhary,Constable,39,2026-07-25 17:16:53+00:00,98.0,84.0,,21.3167472,72.8883895,28.115453978550903,-0.746,1.367,0.052,,0.0,0.0,0.0,,,,,0.0,0.0,30.0,3.499999998268777e-06,-3.909999999507363e-05,0.5,84.0,36.5,2
53916,SO-0602,Constable Dinesh Chaudhary,Constable,39,2026-07-25 17:17:23+00:00,91.0,87.0,,21.3167399,72.8884654,26.100000381469727,0.682,-0.469,0.531,,0.0,0.0,0.0,,,,,0.0,0.0,30.0,-7.299999996490669e-06,7.589999999879637e-05,0.98,87.0,36.5,2
53920,SO-0602,Constable Dinesh Chaudhary,Constable,39,2026-07-25 17:17:53+00:00,95.0,88.0,,21.3167843,72.8884724,26.200000762939453,-0.849,0.412,0.22,,0.0,0.0,0.0,,,,,0.0,0.0,30.0,4.4399999996613815e-05,6.999999996537554e-06,0.6,88.0,36.5,2
53924,SO-0602,Constable Dinesh Chaudhary,Constable,39,2026-07-25 17:18:23+00:00,85.0,88.0,,21.3167302,72.8884546,28.944716485197233,-0.661,0.686,0.275,,0.0,0.0,0.0,,,,,0.0,0.0,30.0,-5.409999999983483e-05,-1.7799999994849713e-05,0.76,88.0,36.5,0
53928,SO-0602,Constable Dinesh Chaudhary,Constable,39,2026-07-25 17:18:53+00:00,100.0,85.0,,21.3167297,72.8884514,23.13825989938121,-0.671,0.671,-0.313,,0.0,0.0,0.0,,,,,0.0,0.0,30.0,-4.999999987376214e-07,-3.2000000089738023e-06,0.04,85.0,36.5,2
53932,SO-0602,Constable Dinesh Chaudhary,Constable,39,2026-07-25 17:19:23+00:00,95.0,84.0,,21.3167363,72.888516,26.100000381469727,-0.512,0.74,0.542,,0.0,0.0,0.0,,,,,0.0,0.0,30.0,6.599999998968542e-06,6.46000000017466e-05,0.83,84.0,36.5,2
53936,SO-0602,Constable Dinesh Chaudhary,Constable,39,2026-07-25 17:19:53+00:00,99.0,85.0,,21.3167422,72.888447,26.200000762939453,-1.064,-0.061,0.482,,0.0,0.0,0.0,,,,,0.0,0.0,30.0,5.900000001446415e-06,-6.8999999996322e-05,0.89,85.0,36.5,2
53941,SO-0602,Constable Dinesh Chaudhary,Constable,39,2026-07-25 17:20:27+00:00,90.0,85.0,,21.317008,72.8875468,26.200000762939453,0.486,-0.697,0.502,,0.0,0.0,0.0,,,,,0.0,0.0,34.0,0.000265800000001,-0.0009002000000037,10.66,85.0,36.5,1
53944,SO-0602,Constable Dinesh Chaudhary,Constable,39,2026-07-25 17:20:53+00:00,88.0,78.0,,21.3167211,72.8884799,26.200000762939453,0.502,-0.697,0.48,,0.0,0.0,0.0,,,,,0.0,0.0,26.0,-0.0002869000000025,0.0009330999999974,14.5,78.0,36.5,1
53949,SO-0602,Constable Dinesh Chaudhary,Constable,39,2026-07-25 17:21:27+00:00,84.0,57.0,,21.3167211,72.8884799,26.200000762939453,0.542,-0.702,0.45,,0.0,0.0,0.0,,,,,0.0,0.0,34.0,0.0,0.0,0.0,57.0,36.5,0
53952,SO-0602,Constable Dinesh Chaudhary,Constable,39,2026-07-25 17:21:53+00:00,91.0,79.0,,21.3167867,72.8883583,26.200000762939453,-0.18,0.986,0.179,,0.0,0.0,0.0,,,,,0.0,0.0,26.0,6.560000000277455e-05,-0.0001215999999999,2.06,79.0,36.5,2
53956,SO-0602,Constable Dinesh Chaudhary,Constable,39,2026-07-25 17:22:23+00:00,94.0,87.0,,21.316758,72.8884076,26.200000762939453,-0.426,0.816,-0.223,,0.0,0.0,0.0,,,,,0.0,0.0,30.0,-2.870000000143591e-05,4.930000000058499e-05,0.74,87.0,36.5,2
53960,SO-0602,Constable Dinesh Chaudhary,Constable,39,2026-07-25 17:22:53+00:00,98.0,85.0,,21.316748,72.8884222,26.200000762939453,-0.942,-0.281,-0.244,,0.0,0.0,0.0,,,,,0.0,0.0,30.0,-9.999999999621425e-06,1.4600000000086766e-05,0.23,85.0,36.5,2
53964,SO-0602,Constable Dinesh Chaudhary,Constable,39,2026-07-25 17:23:23+00:00,84.0,88.0,,21.316752,72.8883693,26.200000762939453,-0.93,-0.187,-0.294,,0.0,0.0,0.0,,,,,0.0,0.0,30.0,4.000000000559112e-06,-5.2900000000022374e-05,0.68,88.0,36.5,0
53968,SO-0602,Constable Dinesh Chaudhary,Constable,39,2026-07-25 17:23:53+00:00,99.0,86.0,,21.3167816,72.8884071,26.200000762939453,-0.669,-0.184,0.54,,0.0,0.0,0.0,,,,,0.0,0.0,30.0,2.9599999997742543e-05,3.7800000001197986e-05,0.63,86.0,36.5,2
53972,SO-0602,Constable Dinesh Chaudhary,Constable,39,2026-07-25 17:24:23+00:00,100.0,87.0,,21.3167538,72.8884516,26.200000762939453,-0.502,-0.815,0.318,,0.0,0.0,0.0,,,,,0.0,0.0,30.0,-2.779999999802385e-05,4.450000000133514e-05,0.68,87.0,36.5,2
53976,SO-0602,Constable Dinesh Chaudhary,Constable,39,2026-07-25 17:24:53+00:00,95.0,83.0,,21.3167653,72.8883417,26.200000762939453,-0.241,1.074,0.022,,0.0,0.0,0.0,,,,,0.0,0.0,30.0,1.1499999999387e-05,-0.0001098999999982,1.42,83.0,36.5,2
53980,SO-0602,Constable Dinesh Chaudhary,Constable,39,2026-07-25 17:25:23+00:00,97.0,87.0,,21.3167599,72.888327,26.200000762939453,-0.815,-0.559,-0.028,,0.0,0.0,0.0,,,,,0.0,0.0,30.0,-5.39999999915608e-06,-1.4699999994149948e-05,0.2,87.0,36.5,2
53984,SO-0602,Constable Dinesh Chaudhary,Constable,39,2026-07-25 17:25:53+00:00,100.0,88.0,,21.3167808,72.8883313,26.200000762939453,-0.85,0.02,-0.55,,0.0,0.0,0.0,,,,,0.0,0.0,30.0,2.0899999999102192e-05,4.300000000512227e-06,0.28,88.0,36.5,2
53988,SO-0602,Constable Dinesh Chaudhary,Constable,39,2026-07-25 17:26:23+00:00,94.0,88.0,,21.3167622,72.8883318,26.200000762939453,-0.992,0.129,-0.448,,0.0,0.0,0.0,,,,,0.0,0.0,30.0,-1.860000000064588e-05,4.999999987376214e-07,0.25,88.0,36.5,2
53992,SO-0602,Constable Dinesh Chaudhary,Constable,39,2026-07-25 17:26:53+00:00,93.0,85.0,,21.3167668,72.8883326,26.200000762939453,-0.93,0.146,-0.303,,0.0,0.0,0.0,,,,,0.0,0.0,30.0,4.600000000465343e-06,7.999999951380232e-07,0.06,85.0,36.5,2
53996,SO-0602,Constable Dinesh Chaudhary,Constable,39,2026-07-25 17:27:23+00:00,90.0,88.0,,21.316771,72.8883441,26.200000762939453,-0.951,0.177,-0.274,,0.0,0.0,0.0,,,,,0.0,0.0,30.0,4.199999999343618e-06,1.1499999999387e-05,0.16,88.0,36.5,0
53999,SO-0602,Constable Dinesh Chaudhary,Constable,39,2026-07-25 17:27:53+00:00,95.0,82.0,,21.3167627,72.888332,26.200000762939453,-0.939,0.177,-0.271,,0.0,0.0,0.0,,,,,0.0,0.0,30.0,-8.299999997518626e-06,-1.2099999992187804e-05,0.19,82.0,36.5,2
54004,SO-0602,Constable Dinesh Chaudhary,Constable,39,2026-07-25 17:28:23+00:00,94.0,88.0,,21.3167508,72.8883759,26.200000762939453,0.165,-0.907,0.446,,0.0,0.0,0.0,,,,,0.0,0.0,30.0,-1.1900000000508726e-05,4.389999999432348e-05,0.59,88.0,36.5,2
54008,SO-0602,Constable Dinesh Chaudhary,Constable,39,2026-07-25 17:28:53+00:00,91.0,87.0,,21.316779,72.8883521,26.200000762939453,-0.325,0.834,0.126,,0.0,0.0,0.0,,,,,0.0,0.0,30.0,2.8199999999145575e-05,-2.3799999993912024e-05,0.48,87.0,36.5,2
54012,SO-0602,Constable Dinesh Chaudhary,Constable,39,2026-07-25 17:29:23+00:00,90.0,57.0,,21.3167541,72.8883895,26.200000762939453,-0.373,-0.872,0.342,,0.0,0.0,0.0,,,,,0.0,0.0,30.0,-2.4899999999661304e-05,3.739999999652355e-05,0.58,57.0,36.5,0
54016,SO-0602,Constable Dinesh Chaudhary,Constable,39,2026-07-25 17:29:53+00:00,87.0,88.0,,21.3167432,72.8884945,26.200000762939453,-0.158,-0.879,0.39,,0.0,0.0,0.0,,,,,0.0,0.0,30.0,-1.089999999948077e-05,0.0001049999999906,1.36,88.0,36.5,0
54020,SO-0602,Constable Dinesh Chaudhary,Constable,39,2026-07-25 17:30:23+00:00,80.0,88.0,,21.3167405,72.8884869,26.200000762939453,-0.129,-0.924,0.276,,0.0,0.0,0.0,,,,,0.0,0.0,30.0,-2.69999999957804e-06,-7.599999989338357e-06,0.1,88.0,36.5,0
54024,SO-0602,Constable Dinesh Chaudhary,Constable,39,2026-07-25 17:30:53+00:00,100.0,88.0,,21.3167526,72.8884711,26.200000762939453,-0.073,-0.944,0.291,,0.0,0.0,0.0,,,,,0.0,0.0,30.0,1.2099999999293232e-05,-1.5799999999899228e-05,0.26,88.0,36.5,2
54028,SO-0602,Constable Dinesh Chaudhary,Constable,39,2026-07-25 17:31:23+00:00,98.0,75.0,,21.3167966,72.8882803,26.200000762939453,-0.679,-0.503,0.528,,0.0,0.0,0.0,,,,,0.0,0.0,30.0,4.39999999990448e-05,-0.0001907999999986,2.52,75.0,36.5,2
54032,SO-0602,Constable Dinesh Chaudhary,Constable,39,2026-07-25 17:31:53+00:00,99.0,87.0,,21.3167496,72.8884155,20.006936462307593,-0.318,0.798,0.378,,0.0,0.0,0.0,,,,,0.0,0.0,30.0,-4.699999999857596e-05,0.0001351999999883,1.84,87.0,36.5,2
54036,SO-0602,Constable Dinesh Chaudhary,Constable,39,2026-07-25 17:32:23+00:00,91.0,60.0,,21.3167424,72.8884982,26.200000762939453,-0.683,0.488,0.627,,0.0,0.0,0.0,,,,,0.0,0.0,30.0,-7.200000002427487e-06,8.270000000720756e-05,1.07,60.0,36.5,2
54041,SO-0602,Constable Dinesh Chaudhary,Constable,39,2026-07-25 17:32:54+00:00,100.0,88.0,,21.3167272,72.8884929,26.200000762939453,-0.132,-0.954,0.225,,0.0,0.0,0.0,,,,,0.0,0.0,31.0,-1.5199999999992995e-05,-5.29999999798747e-06,0.21,88.0,36.5,2
54044,SO-0602,Constable Dinesh Chaudhary,Constable,39,2026-07-25 17:33:23+00:00,88.0,88.0,,21.3167366,72.8884499,26.200000762939453,-0.218,-0.96,0.15,,0.0,0.0,0.0,,,,,0.0,0.0,29.0,9.399999999715192e-06,-4.3000000005122274e-05,0.59,88.0,36.5,0
54048,SO-0602,Constable Dinesh Chaudhary,Constable,39,2026-07-25 17:33:53+00:00,87.0,88.0,,21.3167471,72.888428,26.200000762939453,-0.289,-0.895,0.168,,0.0,0.0,0.0,,,,,0.0,0.0,30.0,1.0500000001911758e-05,-2.189999999302472e-05,0.31,88.0,36.5,0
54051,SO-0602,Constable Dinesh Chaudhary,Constable,39,2026-07-25 17:34:23+00:00,98.0,82.0,,21.3167412,72.8884509,26.200000762939453,-0.243,-0.596,0.842,,0.0,0.0,0.0,,,,,0.0,0.0,30.0,-5.900000001446415e-06,2.2899999990499964e-05,0.3,82.0,36.5,2
54054,SO-0602,Constable Dinesh Chaudhary,Constable,39,2026-07-25 17:34:53+00:00,90.0,87.0,,21.3167441,72.8884233,26.100000381469727,-0.869,0.337,-0.376,,0.0,0.0,0.0,,,,,0.0,0.0,30.0,2.900000001915259e-06,-2.759999999568663e-05,0.36,87.0,36.5,0
54057,SO-0602,Constable Dinesh Chaudhary,Constable,39,2026-07-25 17:35:23+00:00,93.0,88.0,,21.3167487,72.8883663,26.200000762939453,-0.813,-0.066,-0.515,,0.0,0.0,0.0,,,,,0.0,0.0,30.0,4.600000000465343e-06,-5.699999999819738e-05,0.73,88.0,36.5,2
54060,SO-0602,Constable Dinesh Chaudhary,Constable,39,2026-07-25 17:35:53+00:00,90.0,88.0,,21.3167407,72.8885149,26.100000381469727,-0.908,0.338,-0.241,,0.0,0.0,0.0,,,,,0.0,0.0,30.0,-8.000000001118224e-06,0.0001486000000028,1.91,88.0,36.5,0
54064,SO-0602,Constable Dinesh Chaudhary,Constable,39,2026-07-25 17:36:23+00:00,88.0,85.0,,21.316744,72.8884221,26.200000762939453,-0.91,0.339,-0.231,,0.0,0.0,0.0,,,,,0.0,0.0,30.0,3.299999999484271e-06,-9.280000000444488e-05,1.19,85.0,36.5,0
54068,SO-0602,Constable Dinesh Chaudhary,Constable,39,2026-07-25 17:36:53+00:00,88.0,88.0,,21.3167368,72.8884508,26.200000762939453,-0.912,0.36,-0.202,,0.0,0.0,0.0,,,,,0.0,0.0,30.0,-7.199999998874773e-06,2.870000000143591e-05,0.38,88.0,36.5,0
54072,SO-0602,Constable Dinesh Chaudhary,Constable,39,2026-07-25 17:37:23+00:00,81.0,88.0,,21.3167513,72.8884018,26.200000762939453,-0.915,0.351,-0.203,,0.0,0.0,0.0,,,,,0.0,0.0,30.0,1.4499999998918156e-05,-4.9000000004184585e-05,0.66,88.0,36.5,0
54076,SO-0602,Constable Dinesh Chaudhary,Constable,39,2026-07-25 17:37:53+00:00,98.0,88.0,,21.3167372,72.8885096,26.100000381469727,-0.951,0.261,-0.155,,0.0,0.0,0.0,,,,,0.0,0.0,30.0,-1.4100000001349144e-05,0.0001078000000092,1.4,88.0,36.5,2
54081,SO-0602,Constable Dinesh Chaudhary,Constable,39,2026-07-25 17:38:23+00:00,99.0,87.0,,21.3167427,72.8883954,26.200000762939453,-0.768,-0.181,0.594,,0.0,0.0,0.0,,,,,0.0,0.0,30.0,5.50000000032469e-06,-0.0001142000000129,1.47,87.0,36.5,2
54084,SO-0602,Constable Dinesh Chaudhary,Constable,39,2026-07-25 17:38:53+00:00,99.0,67.0,,21.3167359,72.888432,26.200000762939453,-0.171,1.053,0.016,,0.0,0.0,0.0,,,,,0.0,0.0,30.0,-6.799999997753048e-06,3.660000000138552e-05,0.48,67.0,36.5,2
54088,SO-0602,Constable Dinesh Chaudhary,Constable,39,2026-07-25 17:39:23+00:00,98.0,88.0,,21.3169265,72.8884399,26.100000381469727,-0.71,0.538,0.426,,0.0,0.0,0.0,,,,,0.0,0.0,30.0,0.0001905999999998,7.899999999949614e-06,2.54,88.0,36.5,2
54092,SO-0602,Constable Dinesh Chaudhary,Constable,39,2026-07-25 17:39:53+00:00,100.0,82.0,,21.3168942,72.8884532,26.100000381469727,-0.268,0.929,0.016,,0.0,0.0,0.0,,,,,0.0,0.0,30.0,-3.23000000008733e-05,1.330000000621112e-05,0.46,82.0,36.5,2
54096,SO-0602,Constable Dinesh Chaudhary,Constable,39,2026-07-25 17:40:23+00:00,85.0,88.0,,21.3168521,72.8884805,26.100000381469727,-0.327,0.807,0.467,,0.0,0.0,0.0,,,,,0.0,0.0,30.0,-4.2100000001710214e-05,2.729999999928623e-05,0.66,88.0,36.5,0
54100,SO-0602,Constable Dinesh Chaudhary,Constable,39,2026-07-25 17:40:53+00:00,93.0,85.0,,21.3167398,72.8884848,26.200000762939453,-0.431,0.833,0.326,,0.0,0.0,0.0,,,,,0.0,0.0,30.0,-0.0001122999999978,4.300000000512227e-06,1.5,85.0,36.5,2
54104,SO-0602,Constable Dinesh Chaudhary,Constable,39,2026-07-25 17:41:23+00:00,85.0,82.0,,21.3167353,72.8884798,26.200000762939453,-0.541,0.521,0.64,,0.0,0.0,0.0,,,,,0.0,0.0,30.0,-4.499999999296733e-06,-5.000000001587068e-06,0.09,82.0,36.5,0
54108,SO-0602,Constable Dinesh Chaudhary,Constable,39,2026-07-25 17:41:53+00:00,99.0,87.0,,21.3167515,72.8883193,26.200000762939453,-0.348,0.448,0.796,,0.0,0.0,0.0,,,,,0.0,0.0,30.0,1.619999999746824e-05,-0.0001604999999926,2.07,87.0,36.5,2
54112,SO-0602,Constable Dinesh Chaudhary,Constable,39,2026-07-25 17:42:23+00:00,100.0,80.0,,21.3167521,72.8884082,26.200000762939453,-0.517,-0.76,-0.323,,0.0,0.0,0.0,,,,,0.0,0.0,30.0,5.999999999062311e-07,8.889999999439624e-05,1.14,80.0,36.5,2
54116,SO-0602,Constable Dinesh Chaudhary,Constable,39,2026-07-25 17:42:53+00:00,98.0,82.0,,21.3168476,72.8884787,26.100000381469727,-0.669,0.49,0.422,,0.0,0.0,0.0,,,,,0.0,0.0,30.0,9.55000000004702e-05,7.049999999253487e-05,1.56,82.0,36.5,2
54120,SO-0602,Constable Dinesh Chaudhary,Constable,39,2026-07-25 17:43:23+00:00,97.0,84.0,,21.316726,72.8884771,26.200000762939453,-0.552,0.421,0.7,,0.0,0.0,0.0,,,,,0.0,0.0,30.0,-0.0001215999999999,-1.5999999902760464e-06,1.62,84.0,36.5,2
54124,SO-0602,Constable Dinesh Chaudhary,Constable,39,2026-07-25 17:43:53+00:00,96.0,88.0,,21.3167349,72.8884562,26.200000762939453,-0.478,0.671,0.544,,0.0,0.0,0.0,,,,,0.0,0.0,30.0,8.90000000097757e-06,-2.0900000009760333e-05,0.29,88.0,36.5,2
54128,SO-0602,Constable Dinesh Chaudhary,Constable,39,2026-07-25 17:44:23+00:00,100.0,82.0,,21.3167355,72.8884887,26.200000762939453,-0.659,0.28,0.265,,0.0,0.0,0.0,,,,,0.0,0.0,30.0,5.999999999062311e-07,3.2500000003210516e-05,0.42,82.0,36.5,2
54132,SO-0602,Constable Dinesh Chaudhary,Constable,39,2026-07-25 17:44:53+00:00,98.0,84.0,,21.3167339,72.8884447,26.200000762939453,-0.642,0.674,-0.12,,0.0,0.0,0.0,,,,,0.0,0.0,30.0,-1.6000000009341877e-06,-4.400000000259752e-05,0.57,84.0,36.5,2
54136,SO-0602,Constable Dinesh Chaudhary,Constable,39,2026-07-25 17:45:23+00:00,100.0,87.0,,21.3167761,72.8883525,21.719991815223963,-0.273,0.96,0.096,,0.0,0.0,0.0,,,,,0.0,0.0,30.0,4.219999999932611e-05,-9.219999999743322e-05,1.31,87.0,36.5,2
54140,SO-0602,Constable Dinesh Chaudhary,Constable,39,2026-07-25 17:45:53+00:00,90.0,87.0,,21.3167464,72.8883967,26.200000762939453,-0.729,0.538,0.393,,0.0,0.0,0.0,,,,,0.0,0.0,30.0,-2.9699999998911153e-05,4.4200000004934736e-05,0.69,87.0,36.5,0
54144,SO-0602,Constable Dinesh Chaudhary,Constable,39,2026-07-25 17:46:23+00:00,96.0,86.0,,21.3167402,72.888457,26.200000762939453,-0.713,-0.201,0.617,,0.0,0.0,0.0,,,,,0.0,0.0,30.0,-6.199999997846817e-06,6.0300000001234366e-05,0.78,86.0,36.5,2
54148,SO-0602,Constable Dinesh Chaudhary,Constable,39,2026-07-25 17:46:53+00:00,94.0,86.0,,21.3167521,72.8883652,26.200000762939453,-0.022,-0.98,0.137,,0.0,0.0,0.0,,,,,0.0,0.0,30.0,1.1899999996956012e-05,-9.180000000696964e-05,1.19,86.0,36.5,2
54152,SO-0602,Constable Dinesh Chaudhary,Constable,39,2026-07-25 17:47:23+00:00,100.0,86.0,,21.3167384,72.8884484,26.200000762939453,-0.62,0.045,1.021,,0.0,0.0,0.0,,,,,0.0,0.0,30.0,-1.370000000022742e-05,8.320000000594518e-05,1.08,86.0,36.5,2
54156,SO-0602,Constable Dinesh Chaudhary,Constable,39,2026-07-25 17:47:53+00:00,81.0,87.0,,21.3167445,72.8884582,26.200000762939453,-0.813,0.464,-0.368,,0.0,0.0,0.0,,,,,0.0,0.0,30.0,6.100000000230921e-06,9.800000000836915e-06,0.15,87.0,36.5,0
54160,SO-0602,Constable Dinesh Chaudhary,Constable,39,2026-07-25 17:48:23+00:00,100.0,87.0,,21.3167497,72.8883931,26.200000762939453,-0.602,-0.564,0.513,,0.0,0.0,0.0,,,,,0.0,0.0,30.0,5.200000000371574e-06,-6.510000000048421e-05,0.84,87.0,36.5,2
54164,SO-0602,Constable Dinesh Chaudhary,Constable,39,2026-07-25 17:48:53+00:00,91.0,88.0,,21.3167386,72.8884155,26.200000762939453,-0.928,0.266,-0.016,,0.0,0.0,0.0,,,,,0.0,0.0,30.0,-1.1099999998265275e-05,2.2399999991762343e-05,0.32,88.0,36.5,2
54168,SO-0602,Constable Dinesh Chaudhary,Constable,39,2026-07-25 17:49:23+00:00,98.0,85.0,,21.3167484,72.8884048,26.200000762939453,-0.938,0.245,0.151,,0.0,0.0,0.0,,,,,0.0,0.0,30.0,9.800000000836915e-06,-1.0699999990038124e-05,0.19,85.0,36.5,2
54172,SO-0602,Constable Dinesh Chaudhary,Constable,39,2026-07-25 17:49:53+00:00,97.0,88.0,,21.3167411,72.8884039,26.200000762939453,-0.893,0.376,0.193,,0.0,0.0,0.0,,,,,0.0,0.0,30.0,-7.300000000043383e-06,-9.000000034120603e-07,0.1,88.0,36.5,2
54177,SO-0602,Constable Dinesh Chaudhary,Constable,39,2026-07-25 17:50:24+00:00,87.0,86.0,,21.316755,72.8883606,26.200000762939453,0.0,-0.942,0.316,,0.0,0.0,0.0,,,,,0.0,0.0,31.0,1.3899999999011923e-05,-4.330000000152267e-05,0.57,86.0,36.5,0
54180,SO-0602,Constable Dinesh Chaudhary,Constable,39,2026-07-25 17:50:53+00:00,94.0,85.0,,21.3167529,72.8883741,26.200000762939453,-0.886,0.033,0.443,,0.0,0.0,0.0,,,,,0.0,0.0,29.0,-2.099999999671809e-06,1.3499999994337486e-05,0.18,85.0,36.5,2
54184,SO-0602,Constable Dinesh Chaudhary,Constable,39,2026-07-25 17:51:23+00:00,99.0,85.0,,21.3167435,72.8884354,26.200000762939453,-0.412,-0.026,0.878,,0.0,0.0,0.0,,,,,0.0,0.0,30.0,-9.399999999715192e-06,6.130000001292046e-05,0.8,85.0,36.5,2
54188,SO-0602,Constable Dinesh Chaudhary,Constable,39,2026-07-25 17:51:53+00:00,92.0,88.0,,21.3167452,72.888417,26.200000762939453,-0.848,0.133,0.423,,0.0,0.0,0.0,,,,,0.0,0.0,30.0,1.6999999985500835e-06,-1.8400000001861372e-05,0.24,88.0,36.5,2
54192,SO-0602,Constable Dinesh Chaudhary,Constable,39,2026-07-25 17:52:23+00:00,98.0,88.0,,21.3167304,72.888495,26.100000381469727,-0.809,0.528,0.324,,0.0,0.0,0.0,,,,,0.0,0.0,30.0,-1.4799999998871272e-05,7.80000000020209e-05,1.02,88.0,36.5,2
54196,SO-0602,Constable Dinesh Chaudhary,Constable,39,2026-07-25 17:52:53+00:00,98.0,80.0,,21.316843,72.8884633,26.100000381469727,-0.454,0.715,0.52,,0.0,0.0,0.0,,,,,0.0,0.0,30.0,0.0001125999999977,-3.170000000807249e-05,1.55,80.0,36.5,2
54200,SO-0602,Constable Dinesh Chaudhary,Constable,39,2026-07-25 17:53:23+00:00,84.0,87.0,,21.316904,72.8884572,26.100000381469727,-0.43,0.745,0.515,,0.0,0.0,0.0,,,,,0.0,0.0,30.0,6.100000000230921e-05,-6.099999993125493e-06,0.82,87.0,36.5,0
54204,SO-0602,Constable Dinesh Chaudhary,Constable,39,2026-07-25 17:53:53+00:00,86.0,86.0,,21.3168446,72.8884713,26.100000381469727,-0.451,0.733,0.493,,0.0,0.0,0.0,,,,,0.0,0.0,30.0,-5.940000000137502e-05,1.4100000001349144e-05,0.81,86.0,36.5,0
54208,SO-0602,Constable Dinesh Chaudhary,Constable,39,2026-07-25 17:54:23+00:00,98.0,88.0,,21.3167276,72.8884593,26.200000762939453,-0.306,0.891,0.304,,0.0,0.0,0.0,,,,,0.0,0.0,30.0,-0.0001169999999994,-1.2000000012335477e-05,1.57,88.0,36.5,2
54212,SO-0602,Constable Dinesh Chaudhary,Constable,39,2026-07-25 17:54:53+00:00,100.0,88.0,,21.3168457,72.8884562,26.200000762939453,-0.525,0.779,0.307,,0.0,0.0,0.0,,,,,0.0,0.0,30.0,0.0001180999999981,-3.1000000006997652e-06,1.57,88.0,36.5,2
54216,SO-0602,Constable Dinesh Chaudhary,Constable,39,2026-07-25 17:55:23+00:00,95.0,87.0,,21.3168358,72.8884678,26.100000381469727,-0.327,0.956,0.183,,0.0,0.0,0.0,,,,,0.0,0.0,30.0,-9.899999998452811e-06,1.1600000007661038e-05,0.2,87.0,36.5,2
54220,SO-0602,Constable Dinesh Chaudhary,Constable,39,2026-07-25 17:55:53+00:00,98.0,84.0,,21.3168586,72.888451,26.100000381469727,-0.17,0.971,0.118,,0.0,0.0,0.0,,,,,0.0,0.0,30.0,2.2799999999989495e-05,-1.679999999737447e-05,0.37,84.0,36.5,2
54224,SO-0602,Constable Dinesh Chaudhary,Constable,39,2026-07-25 17:56:23+00:00,83.0,85.0,,21.3167313,72.8884474,26.200000762939453,-0.154,0.979,0.118,,0.0,0.0,0.0,,,,,0.0,0.0,30.0,-0.000127299999999,-3.5999999994373866e-06,1.7,85.0,36.5,0
54228,SO-0602,Constable Dinesh Chaudhary,Constable,39,2026-07-25 17:56:53+00:00,97.0,88.0,,21.316729,72.8884518,26.200000762939453,-0.28,0.907,0.304,,0.0,0.0,0.0,,,,,0.0,0.0,30.0,-2.3000000020090283e-06,4.39999999457541e-06,0.06,88.0,36.5,2
54232,SO-0602,Constable Dinesh Chaudhary,Constable,39,2026-07-25 17:57:23+00:00,95.0,87.0,,21.3167937,72.8884678,26.200000762939453,-0.748,-0.299,-0.236,,0.0,0.0,0.0,,,,,0.0,0.0,30.0,6.47000000029152e-05,1.6000000002236447e-05,0.89,87.0,36.5,2
54235,SO-0602,Constable Dinesh Chaudhary,Constable,39,2026-07-25 17:57:53+00:00,99.0,87.0,,21.3167302,72.8884765,26.200000762939453,-0.765,-0.074,0.663,,0.0,0.0,0.0,,,,,0.0,0.0,30.0,-6.350000000310274e-05,8.699999995087637e-06,0.85,87.0,36.5,2
54240,SO-0602,Constable Dinesh Chaudhary,Constable,39,2026-07-25 17:58:23+00:00,96.0,85.0,,21.3167545,72.8884736,26.200000762939453,-0.702,-0.072,0.584,,0.0,0.0,0.0,,,,,0.0,0.0,30.0,2.4299999999755073e-05,-2.8999999983625457e-06,0.33,85.0,36.5,2
54244,SO-0602,Constable Dinesh Chaudhary,Constable,39,2026-07-25 17:58:53+00:00,81.0,87.0,,21.3167754,72.8884711,26.200000762939453,-0.701,-0.055,0.669,,0.0,0.0,0.0,,,,,0.0,0.0,30.0,2.0900000002654903e-05,-2.4999999936881068e-06,0.28,87.0,36.5,0
54248,SO-0602,Constable Dinesh Chaudhary,Constable,39,2026-07-25 17:59:23+00:00,100.0,84.0,,21.3168507,72.8884378,26.100000381469727,-0.557,0.183,-0.743,,0.0,0.0,0.0,,,,,0.0,0.0,30.0,7.529999999889014e-05,-3.329999999834854e-05,1.09,84.0,36.5,2
54252,SO-0602,Constable Dinesh Chaudhary,Constable,39,2026-07-25 17:59:53+00:00,90.0,86.0,,21.3168168,72.8884656,26.100000381469727,-0.398,0.744,0.508,,0.0,0.0,0.0,,,,,0.0,0.0,30.0,-3.389999999825477e-05,2.779999999802385e-05,0.58,86.0,36.5,0
54256,SO-0602,Constable Dinesh Chaudhary,Constable,39,2026-07-25 18:00:23+00:00,95.0,88.0,,21.3168859,72.8884277,26.200000762939453,-0.875,0.271,-0.363,,0.0,0.0,0.0,,,,,0.0,0.0,30.0,6.909999999749061e-05,-3.7900000009472024e-05,1.04,88.0,36.5,2
54262,SO-0602,Constable Dinesh Chaudhary,Constable,39,2026-07-25 18:01:23+00:00,100.0,88.0,,21.3167322,72.88847,26.200000762939453,-0.329,0.913,-0.164,,0.0,0.0,0.0,,,,,0.0,0.0,60.0,-0.0001536999999984,4.230000000404743e-05,1.06,88.0,36.5,2
54266,SO-0602,Constable Dinesh Chaudhary,Constable,39,2026-07-25 18:01:53+00:00,99.0,86.0,,21.3167367,72.8884605,13.613135813540865,-0.734,-0.192,0.363,,0.0,0.0,0.0,,,,,0.0,0.0,30.0,4.499999999296733e-06,-9.500000004436515e-06,0.14,86.0,36.5,2
54270,SO-0602,Constable Dinesh Chaudhary,Constable,39,2026-07-25 18:02:23+00:00,92.0,87.0,,21.316758,72.8883684,26.200000762939453,-0.244,-0.884,0.278,,0.0,0.0,0.0,,,,,0.0,0.0,30.0,2.130000000022392e-05,-9.20999999891592e-05,1.22,87.0,36.5,2
54274,SO-0602,Constable Dinesh Chaudhary,Constable,39,2026-07-25 18:02:53+00:00,92.0,87.0,,21.3167597,72.8884298,26.200000762939453,-0.208,0.97,0.148,,0.0,0.0,0.0,,,,,0.0,0.0,30.0,1.6999999985500835e-06,6.139999999277279e-05,0.79,87.0,36.5,2
54278,SO-0602,Constable Dinesh Chaudhary,Constable,39,2026-07-25 18:03:23+00:00,98.0,87.0,,21.3167826,72.8883605,26.200000762939453,-0.545,0.837,-0.039,,0.0,0.0,0.0,,,,,0.0,0.0,30.0,2.2900000001158105e-05,-6.92999999927224e-05,0.94,87.0,36.5,2
54282,SO-0602,Constable Dinesh Chaudhary,Constable,39,2026-07-25 18:03:53+00:00,95.0,83.0,,21.3167982,72.8883037,26.200000762939453,-0.603,0.784,-0.101,,0.0,0.0,0.0,,,,,0.0,0.0,30.0,1.5600000001114722e-05,-5.680000001007102e-05,0.76,83.0,36.5,2
54286,SO-0602,Constable Dinesh Chaudhary,Constable,39,2026-07-25 18:04:23+00:00,98.0,78.0,,21.3167685,72.8883878,26.200000762939453,-0.758,-0.209,0.718,,0.0,0.0,0.0,,,,,0.0,0.0,30.0,-2.9700000002463867e-05,8.410000000935725e-05,1.15,78.0,36.5,2
54290,SO-0602,Constable Dinesh Chaudhary,Constable,39,2026-07-25 18:04:53+00:00,96.0,82.0,,21.3167467,72.8884031,26.200000762939453,-0.663,-0.747,0.134,,0.0,0.0,0.0,,,,,0.0,0.0,30.0,-2.179999999896154e-05,1.5300000001161607e-05,0.35,82.0,36.5,2
54294,SO-0602,Constable Dinesh Chaudhary,Constable,39,2026-07-25 18:05:23+00:00,99.0,83.0,,21.3167304,72.888495,26.100000381469727,-0.945,0.112,0.285,,0.0,0.0,0.0,,,,,0.0,0.0,30.0,-1.629999999863685e-05,9.190000000103282e-05,1.2,83.0,36.5,2
54299,SO-0602,Constable Dinesh Chaudhary,Constable,39,2026-07-25 18:05:53+00:00,100.0,80.0,,21.3167453,72.8885059,26.200000762939453,-0.906,-0.24,-0.019,,0.0,0.0,0.0,,,,,0.0,0.0,30.0,1.490000000003988e-05,1.0899999992375342e-05,0.24,80.0,36.5,2
54301,SO-0602,Constable Dinesh Chaudhary,Constable,39,2026-07-25 18:06:23+00:00,92.0,84.0,,21.3167377,72.8884346,26.200000762939453,-0.8,-0.308,0.289,,0.0,0.0,0.0,,,,,0.0,0.0,30.0,-7.599999999996499e-06,-7.130000000188375e-05,0.92,84.0,36.5,2
54305,SO-0602,Constable Dinesh Chaudhary,Constable,39,2026-07-25 18:06:53+00:00,100.0,82.0,,21.3167291,72.8884562,26.200000762939453,-0.28,-0.235,0.955,,0.0,0.0,0.0,,,,,0.0,0.0,30.0,-8.600000001024455e-06,2.159999999662432e-05,0.3,82.0,36.5,2
54309,SO-0602,Constable Dinesh Chaudhary,Constable,39,2026-07-25 18:07:23+00:00,99.0,84.0,,21.3167403,72.8884523,26.200000762939453,-0.62,-0.035,0.679,,0.0,0.0,0.0,,,,,0.0,0.0,30.0,1.1199999999433883e-05,-3.8999999958377884e-06,0.16,84.0,36.5,2
54313,SO-0602,Constable Dinesh Chaudhary,Constable,39,2026-07-25 18:07:54+00:00,100.0,83.0,,21.3167401,72.8884393,26.200000762939453,-0.961,0.069,0.214,,0.0,0.0,0.0,,,,,0.0,0.0,31.0,-1.999999987845058e-07,-1.2999999995599865e-05,0.16,83.0,36.5,2
54317,SO-0602,Constable Dinesh Chaudhary,Constable,39,2026-07-25 18:08:23+00:00,88.0,87.0,,21.3167441,72.8884217,26.200000762939453,-0.82,0.431,0.333,,0.0,0.0,0.0,,,,,0.0,0.0,29.0,4.000000000559112e-06,-1.760000000672335e-05,0.24,87.0,36.5,0
54321,SO-0602,Constable Dinesh Chaudhary,Constable,39,2026-07-25 18:08:53+00:00,87.0,87.0,,21.3167449,72.888409,26.200000762939453,-0.313,0.431,0.851,,0.0,0.0,0.0,,,,,0.0,0.0,30.0,7.999999986907369e-07,-1.2699999999199464e-05,0.16,87.0,36.5,0
54326,SO-0602,Constable Dinesh Chaudhary,Constable,39,2026-07-25 18:09:23+00:00,97.0,88.0,,21.3167435,72.8884354,26.200000762939453,-0.498,0.438,0.723,,0.0,0.0,0.0,,,,,0.0,0.0,30.0,-1.399999998596968e-06,2.6400000010085023e-05,0.34,88.0,36.5,2
54329,SO-0602,Constable Dinesh Chaudhary,Constable,39,2026-07-25 18:09:53+00:00,100.0,65.0,,21.3167372,72.888446,26.200000762939453,-0.628,0.388,0.759,,0.0,0.0,0.0,,,,,0.0,0.0,30.0,-6.30000000256814e-06,1.059999999597494e-05,0.16,65.0,36.5,2
54333,SO-0602,Constable Dinesh Chaudhary,Constable,39,2026-07-25 18:10:23+00:00,87.0,87.0,,21.3167523,72.8884082,26.200000762939453,-0.677,-0.02,0.723,,0.0,0.0,0.0,,,,,0.0,0.0,30.0,1.51000000023771e-05,-3.7800000001197986e-05,0.53,87.0,36.5,0
54600,SO-0602,Constable Dinesh Chaudhary,Constable,39,2026-07-25 19:01:23+00:00,87.0,,,21.3167318,72.8884657,26.200000762939453,-0.629,-0.072,0.791,,0.0,0.0,0.0,,,,,0.0,0.0,3060.0,-2.050000000153318e-05,5.7499999996935e-05,0.0,87.0,36.5,0
54605,SO-0602,Constable Dinesh Chaudhary,Constable,39,2026-07-25 19:02:23+00:00,91.0,84.0,,21.3167526,72.888383,24.18585842501533,-0.338,1.06,0.508,,0.0,0.0,0.0,,,,,0.0,0.0,60.0,2.0800000001486296e-05,-8.269999999299671e-05,0.55,84.0,36.5,2
54608,SO-0602,Constable Dinesh Chaudhary,Constable,39,2026-07-25 19:02:53+00:00,89.0,87.0,,21.3167422,72.8885186,24.253557302625396,-0.954,-0.236,0.031,,0.0,0.0,0.0,,,,,0.0,0.0,30.0,-1.0400000000743148e-05,0.000135599999993,1.75,87.0,36.5,0
54611,SO-0602,Constable Dinesh Chaudhary,Constable,39,2026-07-25 19:03:23+00:00,96.0,87.0,,21.316733,72.8884685,21.526081709488125,-0.341,-0.438,0.704,,0.0,0.0,0.0,,,,,0.0,0.0,30.0,-9.200000000930686e-06,-5.009999999572301e-05,0.65,87.0,36.5,2
54614,SO-0602,Constable Dinesh Chaudhary,Constable,39,2026-07-25 19:03:53+00:00,82.0,88.0,,21.31674,72.8884407,24.106341797237064,-0.887,-0.349,0.232,,0.0,0.0,0.0,,,,,0.0,0.0,30.0,7.000000000090267e-06,-2.779999999802385e-05,0.37,88.0,36.5,0
54617,SO-0602,Constable Dinesh Chaudhary,Constable,39,2026-07-25 19:04:23+00:00,85.0,88.0,,21.3167393,72.8884575,26.200000762939453,-0.888,-0.343,0.275,,0.0,0.0,0.0,,,,,0.0,0.0,30.0,-7.000000010748408e-07,1.679999999737447e-05,0.22,88.0,36.5,0
54620,SO-0602,Constable Dinesh Chaudhary,Constable,39,2026-07-25 19:04:53+00:00,89.0,84.0,,21.3167356,72.8884744,26.200000762939453,-0.615,-0.259,0.663,,0.0,0.0,0.0,,,,,0.0,0.0,30.0,-3.6999999970532822e-06,1.6900000005648508e-05,0.22,84.0,36.5,0
54623,SO-0602,Constable Dinesh Chaudhary,Constable,39,2026-07-25 19:05:23+00:00,94.0,87.0,,21.3167317,72.8884674,26.200000762939453,-0.531,-0.797,-0.368,,0.0,0.0,0.0,,,,,0.0,0.0,30.0,-3.900000002943216e-06,-7.000000010748408e-06,0.1,87.0,36.5,2
54626,SO-0602,Constable Dinesh Chaudhary,Constable,39,2026-07-25 19:05:53+00:00,93.0,78.0,,21.3167366,72.888435,26.200000762939453,-0.154,-0.988,-0.024,,0.0,0.0,0.0,,,,,0.0,0.0,30.0,4.9000000004184585e-06,-3.239999999493648e-05,0.42,78.0,36.5,2
54629,SO-0602,Constable Dinesh Chaudhary,Constable,39,2026-07-25 19:06:23+00:00,82.0,83.0,,21.3167335,72.8884727,26.200000762939453,-0.033,-0.994,-0.041,,0.0,0.0,0.0,,,,,0.0,0.0,30.0,-3.0999999971470515e-06,3.769999999292395e-05,0.49,83.0,36.5,0
54632,SO-0602,Constable Dinesh Chaudhary,Constable,39,2026-07-25 19:06:53+00:00,94.0,83.0,,21.3167366,72.8884786,26.200000762939453,0.006,-0.949,0.293,,0.0,0.0,0.0,,,,,0.0,0.0,30.0,3.0999999971470515e-06,5.900000004999129e-06,0.09,83.0,36.5,2
54635,SO-0602,Constable Dinesh Chaudhary,Constable,39,2026-07-25 19:07:23+00:00,100.0,88.0,,21.3167405,72.8885193,26.100000381469727,-0.016,-0.887,0.413,,0.0,0.0,0.0,,,,,0.0,0.0,30.0,3.900000002943216e-06,4.069999999956053e-05,0.52,88.0,36.5,2
54638,SO-0602,Constable Dinesh Chaudhary,Constable,39,2026-07-25 19:07:53+00:00,98.0,87.0,,21.3167352,72.8884417,26.200000762939453,0.107,-0.94,0.272,,0.0,0.0,0.0,,,,,0.0,0.0,30.0,-5.300000001540184e-06,-7.759999999734646e-05,1.0,87.0,36.5,2
54641,SO-0602,Constable Dinesh Chaudhary,Constable,39,2026-07-25 19:08:23+00:00,86.0,86.0,,21.3167343,72.8884505,26.200000762939453,-0.305,-0.923,0.196,,0.0,0.0,0.0,,,,,0.0,0.0,30.0,-8.999999998593466e-07,8.800000003361674e-06,0.11,86.0,36.5,0
54644,SO-0602,Constable Dinesh Chaudhary,Constable,39,2026-07-25 19:08:53+00:00,96.0,82.0,,21.3167534,72.8883302,26.200000762939453,-0.019,-0.85,0.482,,0.0,0.0,0.0,,,,,0.0,0.0,30.0,1.90999999993835e-05,-0.000120300000006,1.56,82.0,36.5,2
54647,SO-0602,Constable Dinesh Chaudhary,Constable,39,2026-07-25 19:09:23+00:00,100.0,83.0,,21.3167391,72.8884514,26.200000762939453,-0.157,1.107,-0.02,,0.0,0.0,0.0,,,,,0.0,0.0,30.0,-1.430000000013365e-05,0.0001211999999952,1.57,83.0,36.5,2
54650,SO-0602,Constable Dinesh Chaudhary,Constable,39,2026-07-25 19:09:53+00:00,93.0,86.0,,21.3167293,72.8884979,26.200000762939453,-0.784,0.406,-0.531,,0.0,0.0,0.0,,,,,0.0,0.0,30.0,-9.800000000836915e-06,4.650000001049648e-05,0.61,86.0,36.5,2
54653,SO-0602,Constable Dinesh Chaudhary,Constable,39,2026-07-25 19:10:23+00:00,86.0,84.0,,21.316743,72.8884419,26.200000762939453,-0.171,0.983,0.003,,0.0,0.0,0.0,,,,,0.0,0.0,30.0,1.370000000022742e-05,-5.600000000072214e-05,0.74,84.0,36.5,0
54656,SO-0602,Constable Dinesh Chaudhary,Constable,39,2026-07-25 19:10:53+00:00,87.0,85.0,,21.316737,72.8884435,26.200000762939453,-0.314,0.913,0.185,,0.0,0.0,0.0,,,,,0.0,0.0,30.0,-5.999999999062311e-06,1.5999999902760464e-06,0.08,85.0,36.5,0
54659,SO-0602,Constable Dinesh Chaudhary,Constable,39,2026-07-25 19:11:23+00:00,100.0,86.0,,21.3167397,72.8884549,26.200000762939453,-0.926,0.204,0.376,,0.0,0.0,0.0,,,,,0.0,0.0,30.0,2.69999999957804e-06,1.1400000005323818e-05,0.15,86.0,36.5,2
54662,SO-0602,Constable Dinesh Chaudhary,Constable,39,2026-07-25 19:11:53+00:00,86.0,88.0,,21.3167327,72.8884623,26.200000762939453,-0.91,0.288,0.259,,0.0,0.0,0.0,,,,,0.0,0.0,30.0,-7.000000000090267e-06,7.400000001211993e-06,0.13,88.0,36.5,0
54665,SO-0602,Constable Dinesh Chaudhary,Constable,39,2026-07-25 19:12:23+00:00,99.0,88.0,,21.3167464,72.8883878,26.200000762939453,-0.748,0.452,0.489,,0.0,0.0,0.0,,,,,0.0,0.0,30.0,1.370000000022742e-05,-7.449999999664669e-05,0.97,88.0,36.5,2
54668,SO-0602,Constable Dinesh Chaudhary,Constable,39,2026-07-25 19:12:53+00:00,96.0,73.0,,21.3167466,72.8884163,26.200000762939453,-0.539,0.154,0.913,,0.0,0.0,0.0,,,,,0.0,0.0,30.0,1.999999987845058e-07,2.849999999909869e-05,0.37,73.0,36.5,2
54671,SO-0602,Constable Dinesh Chaudhary,Constable,39,2026-07-25 19:13:23+00:00,88.0,79.0,,21.3167375,72.8884142,26.200000762939453,-0.543,0.877,0.023,,0.0,0.0,0.0,,,,,0.0,0.0,30.0,-9.099999999762076e-06,-2.1000000032245225e-06,0.12,79.0,36.5,0
54674,SO-0602,Constable Dinesh Chaudhary,Constable,39,2026-07-25 19:13:53+00:00,88.0,84.0,,21.316743,72.8884437,26.200000762939453,-0.706,-0.073,0.664,,0.0,0.0,0.0,,,,,0.0,0.0,30.0,5.50000000032469e-06,2.9499999996573933e-05,0.39,84.0,36.5,0
54677,SO-0602,Constable Dinesh Chaudhary,Constable,39,2026-07-25 19:14:23+00:00,95.0,87.0,,21.3167505,72.8883861,26.200000762939453,-0.132,0.318,0.896,,0.0,0.0,0.0,,,,,0.0,0.0,30.0,7.500000002380602e-06,-5.7599999990998185e-05,0.75,87.0,36.5,2
54680,SO-0602,Constable Dinesh Chaudhary,Constable,39,2026-07-25 19:14:53+00:00,99.0,86.0,,21.3167395,72.8884734,26.200000762939453,-0.677,-0.088,0.696,,0.0,0.0,0.0,,,,,0.0,0.0,30.0,-1.100000000064938e-05,8.729999998990934e-05,1.13,86.0,36.5,2
54683,SO-0602,Constable Dinesh Chaudhary,Constable,39,2026-07-25 19:15:23+00:00,94.0,87.0,,21.3167421,72.8884577,26.200000762939453,0.028,0.698,1.463,,0.0,0.0,0.0,,,,,0.0,0.0,30.0,2.59999999840943e-06,-1.569999999162519e-05,0.2,87.0,36.5,2
54686,SO-0602,Constable Dinesh Chaudhary,Constable,39,2026-07-25 19:15:53+00:00,82.0,88.0,,21.3167457,72.8885228,26.100000381469727,-1.028,-0.245,-0.133,,0.0,0.0,0.0,,,,,0.0,0.0,30.0,3.5999999994373866e-06,6.510000000048421e-05,0.84,88.0,36.5,0
54689,SO-0602,Constable Dinesh Chaudhary,Constable,39,2026-07-25 19:16:23+00:00,100.0,81.0,,21.3167411,72.8884436,26.200000762939453,-0.719,0.062,0.627,,0.0,0.0,0.0,,,,,0.0,0.0,30.0,-4.599999996912629e-06,-7.920000000183336e-05,1.02,81.0,36.5,2
54692,SO-0602,Constable Dinesh Chaudhary,Constable,39,2026-07-25 19:16:53+00:00,83.0,82.0,,21.3167499,72.8883813,26.200000762939453,-0.427,0.23,0.706,,0.0,0.0,0.0,,,,,0.0,0.0,30.0,8.79999999980896e-06,-6.229999999618485e-05,0.81,82.0,36.5,0
54694,SO-0602,Constable Dinesh Chaudhary,Constable,39,2026-07-25 19:17:23+00:00,85.0,88.0,,21.3167516,72.8884033,26.200000762939453,-1.016,0.036,-0.042,,0.0,0.0,0.0,,,,,0.0,0.0,30.0,1.6999999985500835e-06,2.1999999987087904e-05,0.28,88.0,36.5,0
54696,SO-0602,Constable Dinesh Chaudhary,Constable,39,2026-07-25 19:17:54+00:00,84.0,88.0,,21.316745,72.8883939,26.200000762939453,-0.991,0.03,-0.016,,0.0,0.0,0.0,,,,,0.0,0.0,31.0,-6.599999998968542e-06,-9.399999996162478e-06,0.14,88.0,36.5,0
54698,SO-0602,Constable Dinesh Chaudhary,Constable,39,2026-07-25 19:18:23+00:00,81.0,76.0,,21.3167405,72.8885193,26.100000381469727,-0.715,0.663,0.08,,0.0,0.0,0.0,,,,,0.0,0.0,29.0,-4.499999999296733e-06,0.0001254000000017,1.67,76.0,36.5,0
54701,SO-0602,Constable Dinesh Chaudhary,Constable,39,2026-07-25 19:18:53+00:00,90.0,88.0,,21.3167659,72.88838,26.200000762939453,-0.977,-0.179,-0.125,,0.0,0.0,0.0,,,,,0.0,0.0,30.0,2.539999999839893e-05,-0.0001393000000007,1.82,88.0,36.5,0
54705,SO-0602,Constable Dinesh Chaudhary,Constable,39,2026-07-25 19:19:23+00:00,85.0,88.0,,21.3167381,72.8884238,26.200000762939453,-0.84,0.755,0.123,,0.0,0.0,0.0,,,,,0.0,0.0,30.0,-2.7800000001576564e-05,4.38000000002603e-05,0.67,88.0,36.5,0
54708,SO-0602,Constable Dinesh Chaudhary,Constable,39,2026-07-25 19:19:53+00:00,100.0,84.0,,21.3167542,72.8883671,26.200000762939453,-0.213,0.406,0.989,,0.0,0.0,0.0,,,,,0.0,0.0,30.0,1.6099999999852344e-05,-5.670000000179698e-05,0.76,84.0,36.5,2
54711,SO-0602,Constable Dinesh Chaudhary,Constable,39,2026-07-25 19:20:23+00:00,90.0,87.0,,21.3167533,72.8884174,26.200000762939453,-0.773,-0.207,0.633,,0.0,0.0,0.0,,,,,0.0,0.0,30.0,-8.999999998593466e-07,5.029999999806023e-05,0.65,87.0,36.5,0
54714,SO-0602,Constable Dinesh Chaudhary,Constable,39,2026-07-25 19:20:53+00:00,82.0,69.0,,21.3167499,72.888421,26.200000762939453,-0.864,0.136,0.439,,0.0,0.0,0.0,,,,,0.0,0.0,30.0,-3.399999997100167e-06,3.5999999994373866e-06,0.06,69.0,36.5,0
54717,SO-0602,Constable Dinesh Chaudhary,Constable,39,2026-07-25 19:21:23+00:00,98.0,77.0,,21.3167411,72.8883894,26.200000762939453,-1.008,-0.108,-0.066,,0.0,0.0,0.0,,,,,0.0,0.0,30.0,-8.79999999980896e-06,-3.1599999999798456e-05,0.42,77.0,36.5,2
54720,SO-0602,Constable Dinesh Chaudhary,Constable,39,2026-07-25 19:21:57+00:00,100.0,87.0,,21.317008,72.8875468,26.200000762939453,-0.237,-0.954,0.065,,0.0,0.0,0.0,,,,,0.0,0.0,34.0,0.0002668999999997,-0.0008425999999985,10.04,87.0,36.5,1
54723,SO-0602,Constable Dinesh Chaudhary,Constable,39,2026-07-25 19:22:25+00:00,95.0,87.0,,21.3167228,72.8885061,26.200000762939453,-0.735,-0.08,0.643,,0.0,0.0,0.0,,,,,0.0,0.0,28.0,-0.0002852000000004,0.0009593000000052,13.8,87.0,36.5,1
54726,SO-0602,Constable Dinesh Chaudhary,Constable,39,2026-07-25 19:22:53+00:00,86.0,88.0,,21.3167564,72.8883474,26.200000762939453,-0.714,-0.086,0.68,,0.0,0.0,0.0,,,,,0.0,0.0,28.0,3.3599999998301655e-05,-0.0001587,2.23,88.0,36.5,0
54729,SO-0602,Constable Dinesh Chaudhary,Constable,39,2026-07-25 19:23:23+00:00,94.0,86.0,,21.3167534,72.8884236,26.200000762939453,-0.708,-0.106,0.661,,0.0,0.0,0.0,,,,,0.0,0.0,30.0,-2.9999999995311555e-06,7.619999999519678e-05,0.98,86.0,36.5,2
54732,SO-0602,Constable Dinesh Chaudhary,Constable,39,2026-07-25 19:23:53+00:00,100.0,87.0,,21.3167363,72.888516,26.100000381469727,-0.706,-0.104,0.671,,0.0,0.0,0.0,,,,,0.0,0.0,30.0,-1.71000000008803e-05,9.239999999977044e-05,1.21,87.0,36.5,2
54735,SO-0602,Constable Dinesh Chaudhary,Constable,39,2026-07-25 19:24:27+00:00,96.0,88.0,,21.3166474,72.8875468,26.100000381469727,-0.978,-0.151,0.33,,0.0,0.0,0.0,,,,,0.0,0.0,34.0,-8.889999999794895e-05,-0.0009692000000001,11.02,88.0,36.5,1
54738,SO-0602,Constable Dinesh Chaudhary,Constable,39,2026-07-25 19:24:55+00:00,84.0,88.0,,21.3167322,72.8884092,26.200000762939453,-1.054,-0.05,-0.167,,0.0,0.0,0.0,,,,,0.0,0.0,28.0,8.479999999977395e-05,0.0008624000000025,11.92,88.0,36.5,1
54741,SO-0602,Constable Dinesh Chaudhary,Constable,39,2026-07-25 19:25:23+00:00,94.0,80.0,,21.3167515,72.8883193,26.200000762939453,-0.952,-0.102,0.154,,0.0,0.0,0.0,,,,,0.0,0.0,28.0,1.9299999998168005e-05,-8.989999999187148e-05,1.27,80.0,36.5,2
54744,SO-0602,Constable Dinesh Chaudhary,Constable,39,2026-07-25 19:25:53+00:00,94.0,87.0,,21.3167515,72.8883193,26.200000762939453,-0.866,-0.119,-0.545,,0.0,0.0,0.0,,,,,0.0,0.0,30.0,0.0,0.0,0.0,87.0,36.5,2
54747,SO-0602,Constable Dinesh Chaudhary,Constable,39,2026-07-25 19:26:23+00:00,98.0,87.0,,21.3167211,72.8884799,26.200000762939453,-0.931,-0.146,-0.337,,0.0,0.0,0.0,,,,,0.0,0.0,30.0,-3.039999999998599e-05,0.0001605999999867,2.1,87.0,36.5,2
54750,SO-0602,Constable Dinesh Chaudhary,Constable,39,2026-07-25 19:26:53+00:00,93.0,88.0,,21.3167427,72.8883833,26.200000762939453,-0.955,-0.147,-0.282,,0.0,0.0,0.0,,,,,0.0,0.0,30.0,2.1600000000177033e-05,-9.659999999200863e-05,1.27,88.0,36.5,2
54753,SO-0602,Constable Dinesh Chaudhary,Constable,39,2026-07-25 19:27:23+00:00,91.0,84.0,,21.3167545,72.8883179,26.200000762939453,-0.684,-0.204,-0.733,,0.0,0.0,0.0,,,,,0.0,0.0,30.0,1.1799999999340116e-05,-6.539999999688462e-05,0.85,84.0,36.5,2
54756,SO-0602,Constable Dinesh Chaudhary,Constable,39,2026-07-25 19:27:53+00:00,93.0,79.0,,21.3167515,72.8883193,26.200000762939453,-0.977,-0.162,0.052,,0.0,0.0,0.0,,,,,0.0,0.0,30.0,-2.9999999995311555e-06,1.4000000021496817e-06,0.04,79.0,36.5,2
54759,SO-0602,Constable Dinesh Chaudhary,Constable,39,2026-07-25 19:28:23+00:00,100.0,85.0,,21.3167385,72.8884554,26.200000762939453,-0.283,0.815,0.1,,0.0,0.0,0.0,,,,,0.0,0.0,30.0,-1.2999999999152578e-05,0.0001360999999917,1.76,85.0,36.5,2
54761,SO-0602,Constable Dinesh Chaudhary,Constable,39,2026-07-25 19:28:53+00:00,95.0,74.0,,21.3167407,72.8884712,26.200000762939453,-0.594,0.625,0.104,,0.0,0.0,0.0,,,,,0.0,0.0,30.0,2.2000000008404186e-06,1.5799999999899228e-05,0.2,74.0,36.5,2
54763,SO-0602,Constable Dinesh Chaudhary,Constable,39,2026-07-25 19:29:23+00:00,89.0,88.0,,21.3167397,72.8884784,26.200000762939453,-0.602,0.843,-0.019,,0.0,0.0,0.0,,,,,0.0,0.0,30.0,-1.0000000010279564e-06,7.199999998874773e-06,0.09,88.0,36.5,0
54766,SO-0602,Constable Dinesh Chaudhary,Constable,39,2026-07-25 19:29:53+00:00,91.0,75.0,,21.3167442,72.8883783,26.200000762939453,-1.224,0.26,-0.387,,0.0,0.0,0.0,,,,,0.0,0.0,30.0,4.499999999296733e-06,-0.0001000999999973,1.29,75.0,36.5,2
54769,SO-0602,Constable Dinesh Chaudhary,Constable,39,2026-07-25 19:30:23+00:00,100.0,88.0,,21.3167563,72.8883163,26.200000762939453,-0.993,0.109,-0.039,,0.0,0.0,0.0,,,,,0.0,0.0,30.0,1.2100000002845944e-05,-6.199999999978445e-05,0.81,88.0,36.5,2
54772,SO-0602,Constable Dinesh Chaudhary,Constable,39,2026-07-25 19:30:53+00:00,98.0,87.0,,21.3167417,72.8883982,26.200000762939453,-0.206,-0.626,0.425,,0.0,0.0,0.0,,,,,0.0,0.0,30.0,-1.4600000000086766e-05,8.189999999785869e-05,1.07,87.0,36.5,2
54775,SO-0602,Constable Dinesh Chaudhary,Constable,39,2026-07-25 19:31:23+00:00,97.0,79.0,,21.3167363,72.888516,26.100000381469727,-0.98,-0.132,-0.321,,0.0,0.0,0.0,,,,,0.0,0.0,30.0,-5.4000000027087935e-06,0.0001177999999981,1.51,79.0,36.5,2
54779,SO-0602,Constable Dinesh Chaudhary,Constable,39,2026-07-25 19:31:53+00:00,96.0,86.0,,21.3167228,72.8884794,26.200000762939453,-0.909,-0.252,0.465,,0.0,0.0,0.0,,,,,0.0,0.0,30.0,-1.34999999978902e-05,-3.660000000138552e-05,0.5,86.0,36.5,2
54783,SO-0602,Constable Dinesh Chaudhary,Constable,39,2026-07-25 19:32:27+00:00,94.0,75.0,,21.3170465,72.887916,26.200000762939453,-0.357,1.14,0.217,,0.0,0.0,0.0,,,,,0.0,0.0,34.0,0.0003236999999991,-0.0005633999999901,7.43,75.0,36.5,1
54787,SO-0602,Constable Dinesh Chaudhary,Constable,39,2026-07-25 19:32:53+00:00,86.0,84.0,,21.3167573,72.8883158,26.200000762939453,-0.584,0.308,0.614,,0.0,0.0,0.0,,,,,0.0,0.0,26.0,-0.0002892000000009,0.0003997999999967,7.4,84.0,36.5,1
54791,SO-0602,Constable Dinesh Chaudhary,Constable,39,2026-07-25 19:33:23+00:00,93.0,76.0,,21.3167365,72.8884321,26.200000762939453,-0.785,-0.019,0.585,,0.0,0.0,0.0,,,,,0.0,0.0,30.0,-2.0799999997933583e-05,0.0001163000000019,1.52,76.0,36.5,2
54795,SO-0602,Constable Dinesh Chaudhary,Constable,39,2026-07-25 19:33:53+00:00,96.0,86.0,,21.3167467,72.888367,26.200000762939453,-0.497,-0.114,0.834,,0.0,0.0,0.0,,,,,0.0,0.0,30.0,1.0199999998405929e-05,-6.510000000048421e-05,0.85,86.0,36.5,2
54799,SO-0602,Constable Dinesh Chaudhary,Constable,39,2026-07-25 19:34:23+00:00,93.0,82.0,,21.3167571,72.8883176,26.200000762939453,-1.077,-0.232,0.158,,0.0,0.0,0.0,,,,,0.0,0.0,30.0,1.0400000000743148e-05,-4.9400000008859024e-05,0.65,82.0,36.5,2
54803,SO-0602,Constable Dinesh Chaudhary,Constable,39,2026-07-25 19:34:53+00:00,94.0,63.0,,21.3167489,72.8883904,26.200000762939453,-0.787,-0.322,0.63,,0.0,0.0,0.0,,,,,0.0,0.0,30.0,-8.19999999990273e-06,7.280000001230746e-05,0.94,63.0,36.5,2
54807,SO-0602,Constable Dinesh Chaudhary,Constable,39,2026-07-25 19:35:24+00:00,90.0,83.0,,21.3167363,72.888516,26.100000381469727,-0.884,-0.206,0.459,,0.0,0.0,0.0,,,,,0.0,0.0,31.0,-1.2600000001583568e-05,0.0001255999999898,1.57,83.0,36.5,0
54811,SO-0602,Constable Dinesh Chaudhary,Constable,39,2026-07-25 19:35:53+00:00,93.0,87.0,,21.3167353,72.8885155,26.100000381469727,-0.898,-0.183,0.268,,0.0,0.0,0.0,,,,,0.0,0.0,29.0,-9.999999974752427e-07,-4.999999987376214e-07,0.02,87.0,36.5,2
54815,SO-0602,Constable Dinesh Chaudhary,Constable,39,2026-07-25 19:36:23+00:00,81.0,71.0,,21.3167695,72.8883888,26.200000762939453,-0.251,-0.859,0.457,,0.0,0.0,0.0,,,,,0.0,0.0,30.0,3.4199999998207886e-05,-0.0001266999999955,1.69,71.0,36.5,0
54819,SO-0602,Constable Dinesh Chaudhary,Constable,39,2026-07-25 19:36:52+00:00,100.0,88.0,,0.0,0.0,0.0,-0.138,0.893,-0.109,,0.0,0.0,0.0,,,,,0.0,0.0,29.0,-21.3167695,-72.8883888,1011196.28,88.0,36.5,1
54823,SO-0602,Constable Dinesh Chaudhary,Constable,39,2026-07-25 19:37:22+00:00,96.0,86.0,,0.0,0.0,0.0,0.949,-0.05,-0.469,,0.0,0.0,0.0,,,,,0.0,0.0,30.0,0.0,0.0,0.0,86.0,36.5,2
54827,SO-0602,Constable Dinesh Chaudhary,Constable,39,2026-07-25 19:37:52+00:00,98.0,88.0,,0.0,0.0,0.0,0.957,0.352,-0.202,,0.0,0.0,0.0,,,,,0.0,0.0,30.0,0.0,0.0,0.0,88.0,36.5,2
54834,SO-0602,Constable Dinesh Chaudhary,Constable,39,2026-07-25 19:38:52+00:00,85.0,84.0,,0.0,0.0,0.0,-0.988,0.013,-0.02,,0.0,0.0,0.0,,,,,0.0,0.0,60.0,0.0,0.0,0.0,84.0,36.5,0
54838,SO-0602,Constable Dinesh Chaudhary,Constable,39,2026-07-25 19:39:22+00:00,93.0,88.0,,0.0,0.0,0.0,-0.834,-0.16,0.374,,0.0,0.0,0.0,,,,,0.0,0.0,30.0,0.0,0.0,0.0,88.0,36.5,2
54841,SO-0602,Constable Dinesh Chaudhary,Constable,39,2026-07-25 19:39:52+00:00,96.0,86.0,,0.0,0.0,0.0,-0.768,-0.071,-0.388,,0.0,0.0,0.0,,,,,0.0,0.0,30.0,0.0,0.0,0.0,86.0,36.5,2
54845,SO-0602,Constable Dinesh Chaudhary,Constable,39,2026-07-25 19:40:22+00:00,100.0,82.0,,0.0,0.0,0.0,-1.361,0.41,0.442,,0.0,0.0,0.0,,,,,0.0,0.0,30.0,0.0,0.0,0.0,82.0,36.5,2
54850,SO-0602,Constable Dinesh Chaudhary,Constable,39,2026-07-25 19:40:52+00:00,100.0,60.0,,0.0,0.0,0.0,-0.208,0.952,0.152,,0.0,0.0,0.0,,,,,0.0,0.0,30.0,0.0,0.0,0.0,60.0,36.5,2
54854,SO-0602,Constable Dinesh Chaudhary,Constable,39,2026-07-25 19:41:22+00:00,100.0,53.0,,0.0,0.0,0.0,-0.173,0.902,-0.077,,0.0,0.0,0.0,,,,,0.0,0.0,30.0,0.0,0.0,0.0,53.0,36.5,2
54858,SO-0602,Constable Dinesh Chaudhary,Constable,39,2026-07-25 19:41:52+00:00,100.0,53.0,,0.0,0.0,0.0,-0.493,1.177,0.175,,0.0,0.0,0.0,,,,,0.0,0.0,30.0,0.0,0.0,0.0,53.0,36.5,2
54862,SO-0602,Constable Dinesh Chaudhary,Constable,39,2026-07-25 19:42:22+00:00,84.0,86.0,,0.0,0.0,0.0,-0.778,-0.74,-0.189,,0.0,0.0,0.0,,,,,0.0,0.0,30.0,0.0,0.0,0.0,86.0,36.5,0
54865,SO-0602,Constable Dinesh Chaudhary,Constable,39,2026-07-25 19:42:52+00:00,90.0,87.0,,0.0,0.0,0.0,-0.936,-0.127,-0.305,,0.0,0.0,0.0,,,,,0.0,0.0,30.0,0.0,0.0,0.0,87.0,36.5,0
54869,SO-0602,Constable Dinesh Chaudhary,Constable,39,2026-07-25 19:43:22+00:00,89.0,88.0,,0.0,0.0,0.0,-0.852,0.521,-0.087,,0.0,0.0,0.0,,,,,0.0,0.0,30.0,0.0,0.0,0.0,88.0,36.5,0
54872,SO-0602,Constable Dinesh Chaudhary,Constable,39,2026-07-25 19:43:52+00:00,96.0,88.0,,0.0,0.0,0.0,-0.871,0.469,-0.135,,0.0,0.0,0.0,,,,,0.0,0.0,30.0,0.0,0.0,0.0,88.0,36.5,2
54875,SO-0602,Constable Dinesh Chaudhary,Constable,39,2026-07-25 19:44:22+00:00,83.0,88.0,,0.0,0.0,0.0,-0.903,0.413,-0.128,,0.0,0.0,0.0,,,,,0.0,0.0,30.0,0.0,0.0,0.0,88.0,36.5,0
54878,SO-0602,Constable Dinesh Chaudhary,Constable,39,2026-07-25 19:44:52+00:00,87.0,88.0,,0.0,0.0,0.0,-0.903,0.41,-0.086,,0.0,0.0,0.0,,,,,0.0,0.0,30.0,0.0,0.0,0.0,88.0,36.5,0
54881,SO-0602,Constable Dinesh Chaudhary,Constable,39,2026-07-25 19:45:22+00:00,93.0,88.0,,0.0,0.0,0.0,-0.881,0.379,-0.295,,0.0,0.0,0.0,,,,,0.0,0.0,30.0,0.0,0.0,0.0,88.0,36.5,2
54884,SO-0602,Constable Dinesh Chaudhary,Constable,39,2026-07-25 19:45:52+00:00,85.0,85.0,,0.0,0.0,0.0,-0.888,0.416,-0.204,,0.0,0.0,0.0,,,,,0.0,0.0,30.0,0.0,0.0,0.0,85.0,36.5,0
54887,SO-0602,Constable Dinesh Chaudhary,Constable,39,2026-07-25 19:46:22+00:00,86.0,88.0,,0.0,0.0,0.0,-0.944,0.323,-0.283,,0.0,0.0,0.0,,,,,0.0,0.0,30.0,0.0,0.0,0.0,88.0,36.5,0
54890,SO-0602,Constable Dinesh Chaudhary,Constable,39,2026-07-25 19:46:52+00:00,90.0,88.0,,0.0,0.0,0.0,0.729,-0.498,0.414,,0.0,0.0,0.0,,,,,0.0,0.0,30.0,0.0,0.0,0.0,88.0,36.5,0
54893,SO-0602,Constable Dinesh Chaudhary,Constable,39,2026-07-25 19:47:22+00:00,90.0,83.0,,0.0,0.0,0.0,-0.298,0.935,0.095,,0.0,0.0,0.0,,,,,0.0,0.0,30.0,0.0,0.0,0.0,83.0,36.5,0
54896,SO-0602,Constable Dinesh Chaudhary,Constable,39,2026-07-25 19:47:52+00:00,86.0,54.0,,0.0,0.0,0.0,0.96,0.219,0.167,,0.0,0.0,0.0,,,,,0.0,0.0,30.0,0.0,0.0,0.0,54.0,36.5,0
54899,SO-0602,Constable Dinesh Chaudhary,Constable,39,2026-07-25 19:48:22+00:00,86.0,83.0,,0.0,0.0,0.0,-0.22,1.077,0.381,,0.0,0.0,0.0,,,,,0.0,0.0,30.0,0.0,0.0,0.0,83.0,36.5,0
54902,SO-0602,Constable Dinesh Chaudhary,Constable,39,2026-07-25 19:48:52+00:00,92.0,82.0,,0.0,0.0,0.0,-0.804,0.417,0.458,,0.0,0.0,0.0,,,,,0.0,0.0,30.0,0.0,0.0,0.0,82.0,36.5,2
54905,SO-0602,Constable Dinesh Chaudhary,Constable,39,2026-07-25 19:49:22+00:00,100.0,86.0,,0.0,0.0,0.0,-0.861,-0.144,0.426,,0.0,0.0,0.0,,,,,0.0,0.0,30.0,0.0,0.0,0.0,86.0,36.5,2
54908,SO-0602,Constable Dinesh Chaudhary,Constable,39,2026-07-25 19:49:52+00:00,87.0,79.0,,0.0,0.0,0.0,-0.257,0.943,0.188,,0.0,0.0,0.0,,,,,0.0,0.0,30.0,0.0,0.0,0.0,79.0,36.5,0
54911,SO-0602,Constable Dinesh Chaudhary,Constable,39,2026-07-25 19:50:22+00:00,92.0,87.0,,0.0,0.0,0.0,-0.285,0.985,0.052,,0.0,0.0,0.0,,,,,0.0,0.0,30.0,0.0,0.0,0.0,87.0,36.5,2
54914,SO-0602,Constable Dinesh Chaudhary,Constable,39,2026-07-25 19:50:52+00:00,96.0,78.0,,0.0,0.0,0.0,-0.511,0.354,0.195,,0.0,0.0,0.0,,,,,0.0,0.0,30.0,0.0,0.0,0.0,78.0,36.5,2
54917,SO-0602,Constable Dinesh Chaudhary,Constable,39,2026-07-25 19:51:22+00:00,90.0,86.0,,0.0,0.0,0.0,-0.138,0.911,0.045,,0.0,0.0,0.0,,,,,0.0,0.0,30.0,0.0,0.0,0.0,86.0,36.5,0
54920,SO-0602,Constable Dinesh Chaudhary,Constable,39,2026-07-25 19:51:52+00:00,82.0,85.0,,0.0,0.0,0.0,-0.365,0.927,0.053,,0.0,0.0,0.0,,,,,0.0,0.0,30.0,0.0,0.0,0.0,85.0,36.5,0
54922,SO-0602,Constable Dinesh Chaudhary,Constable,39,2026-07-25 19:52:22+00:00,91.0,85.0,,0.0,0.0,0.0,-0.527,0.973,-0.11,,0.0,0.0,0.0,,,,,0.0,0.0,30.0,0.0,0.0,0.0,85.0,36.5,2
54926,SO-0602,Constable Dinesh Chaudhary,Constable,39,2026-07-25 19:52:52+00:00,89.0,88.0,,0.0,0.0,0.0,-0.646,0.793,-0.111,,0.0,0.0,0.0,,,,,0.0,0.0,30.0,0.0,0.0,0.0,88.0,36.5,0
54929,SO-0602,Constable Dinesh Chaudhary,Constable,39,2026-07-25 19:53:22+00:00,98.0,87.0,,0.0,0.0,0.0,-1.398,0.639,-0.349,,0.0,0.0,0.0,,,,,0.0,0.0,30.0,0.0,0.0,0.0,87.0,36.5,2
54932,SO-0602,Constable Dinesh Chaudhary,Constable,39,2026-07-25 19:53:52+00:00,99.0,81.0,,0.0,0.0,0.0,-0.285,0.946,0.108,,0.0,0.0,0.0,,,,,0.0,0.0,30.0,0.0,0.0,0.0,81.0,36.5,2
54935,SO-0602,Constable Dinesh Chaudhary,Constable,39,2026-07-25 19:54:22+00:00,88.0,87.0,,0.0,0.0,0.0,-0.407,-0.84,0.252,,0.0,0.0,0.0,,,,,0.0,0.0,30.0,0.0,0.0,0.0,87.0,36.5,0
54938,SO-0602,Constable Dinesh Chaudhary,Constable,39,2026-07-25 19:54:52+00:00,95.0,88.0,,0.0,0.0,0.0,-0.725,-0.654,-0.104,,0.0,0.0,0.0,,,,,0.0,0.0,30.0,0.0,0.0,0.0,88.0,36.5,2
54941,SO-0602,Constable Dinesh Chaudhary,Constable,39,2026-07-25 19:55:22+00:00,84.0,78.0,,0.0,0.0,0.0,-0.192,0.935,0.134,,0.0,0.0,0.0,,,,,0.0,0.0,30.0,0.0,0.0,0.0,78.0,36.5,0
54944,SO-0602,Constable Dinesh Chaudhary,Constable,39,2026-07-25 19:55:52+00:00,84.0,46.0,,0.0,0.0,0.0,0.137,-0.735,0.635,,0.0,0.0,0.0,,,,,0.0,0.0,30.0,0.0,0.0,0.0,46.0,36.5,0
54947,SO-0602,Constable Dinesh Chaudhary,Constable,39,2026-07-25 19:56:22+00:00,87.0,80.0,,0.0,0.0,0.0,-0.917,0.565,0.567,,0.0,0.0,0.0,,,,,0.0,0.0,30.0,0.0,0.0,0.0,80.0,36.5,0
54950,SO-0602,Constable Dinesh Chaudhary,Constable,39,2026-07-25 19:56:52+00:00,81.0,80.0,,0.0,0.0,0.0,-0.368,0.852,0.221,,0.0,0.0,0.0,,,,,0.0,0.0,30.0,0.0,0.0,0.0,80.0,36.5,0
54953,SO-0602,Constable Dinesh Chaudhary,Constable,39,2026-07-25 19:57:22+00:00,93.0,79.0,,0.0,0.0,0.0,-0.628,1.008,0.169,,0.0,0.0,0.0,,,,,0.0,0.0,30.0,0.0,0.0,0.0,79.0,36.5,2
54955,SO-0602,Constable Dinesh Chaudhary,Constable,39,2026-07-25 19:57:52+00:00,93.0,51.0,,0.0,0.0,0.0,-0.174,0.709,0.019,,0.0,0.0,0.0,,,,,0.0,0.0,30.0,0.0,0.0,0.0,51.0,36.5,2
54958,SO-0602,Constable Dinesh Chaudhary,Constable,39,2026-07-25 19:58:22+00:00,90.0,52.0,,0.0,0.0,0.0,-0.606,1.146,0.334,,0.0,0.0,0.0,,,,,0.0,0.0,30.0,0.0,0.0,0.0,52.0,36.5,0
54960,SO-0602,Constable Dinesh Chaudhary,Constable,39,2026-07-25 19:58:52+00:00,94.0,88.0,,0.0,0.0,0.0,-0.326,0.942,0.033,,0.0,0.0,0.0,,,,,0.0,0.0,30.0,0.0,0.0,0.0,88.0,36.5,2
54964,SO-0602,Constable Dinesh Chaudhary,Constable,39,2026-07-25 19:59:23+00:00,89.0,80.0,,0.0,0.0,0.0,-0.953,-0.236,-0.122,,0.0,0.0,0.0,,,,,0.0,0.0,31.0,0.0,0.0,0.0,80.0,36.5,0
54968,SO-0602,Constable Dinesh Chaudhary,Constable,39,2026-07-25 19:59:52+00:00,97.0,87.0,,0.0,0.0,0.0,-0.697,-0.154,-1.085,,0.0,0.0,0.0,,,,,0.0,0.0,29.0,0.0,0.0,0.0,87.0,36.5,2
54972,SO-0602,Constable Dinesh Chaudhary,Constable,39,2026-07-25 20:00:22+00:00,84.0,88.0,,0.0,0.0,0.0,-0.664,0.722,0.064,,0.0,0.0,0.0,,,,,0.0,0.0,30.0,0.0,0.0,0.0,88.0,36.5,0
54975,SO-0602,Constable Dinesh Chaudhary,Constable,39,2026-07-25 20:00:52+00:00,90.0,88.0,,0.0,0.0,0.0,-0.694,0.732,0.096,,0.0,0.0,0.0,,,,,0.0,0.0,30.0,0.0,0.0,0.0,88.0,36.5,0
54979,SO-0602,Constable Dinesh Chaudhary,Constable,39,2026-07-25 20:01:22+00:00,96.0,82.0,,21.3167542,72.8884347,26.200000762939453,-1.506,0.636,-0.346,,0.0,0.0,0.0,,,,,0.0,0.0,30.0,21.3167542,72.8884347,977490.24,82.0,36.5,1
54983,SO-0602,Constable Dinesh Chaudhary,Constable,39,2026-07-25 20:01:57+00:00,83.0,88.0,,21.3170465,72.887916,26.200000762939453,-0.787,-0.216,0.399,,0.0,0.0,0.0,,,,,0.0,0.0,35.0,0.0002923000000016,-0.0005187000000006,6.61,88.0,36.5,1
54987,SO-0602,Constable Dinesh Chaudhary,Constable,39,2026-07-25 20:02:27+00:00,100.0,88.0,,21.3167563,72.8883163,26.200000762939453,-0.685,-0.218,-0.731,,0.0,0.0,0.0,,,,,0.0,0.0,30.0,-0.0002901999999984,0.0004002999999954,6.43,88.0,36.5,1
54991,SO-0602,Constable Dinesh Chaudhary,Constable,39,2026-07-25 20:02:55+00:00,92.0,88.0,,21.3167363,72.888516,26.100000381469727,-0.826,-0.246,-0.739,,0.0,0.0,0.0,,,,,0.0,0.0,28.0,-2.000000000279556e-05,0.000199699999996,2.76,88.0,36.5,2
54995,SO-0602,Constable Dinesh Chaudhary,Constable,39,2026-07-25 20:03:27+00:00,100.0,88.0,,21.3167363,72.888516,26.100000381469727,-0.693,-0.209,-0.711,,0.0,0.0,0.0,,,,,0.0,0.0,32.0,0.0,0.0,0.0,88.0,36.5,2
54999,SO-0602,Constable Dinesh Chaudhary,Constable,39,2026-07-25 20:03:53+00:00,100.0,81.0,,21.3167493,72.8883392,26.200000762939453,-0.719,-0.19,-0.693,,0.0,0.0,0.0,,,,,0.0,0.0,26.0,1.3000000002705292e-05,-0.0001767999999913,2.63,81.0,36.5,2
55003,SO-0602,Constable Dinesh Chaudhary,Constable,39,2026-07-25 20:04:23+00:00,95.0,84.0,,21.3167573,72.8883158,26.200000762939453,-0.715,-0.185,-0.694,,0.0,0.0,0.0,,,,,0.0,0.0,30.0,7.99999999756551e-06,-2.340000000344844e-05,0.32,84.0,36.5,2
55007,SO-0602,Constable Dinesh Chaudhary,Constable,39,2026-07-25 20:04:53+00:00,99.0,82.0,,21.3167563,72.8883163,26.200000762939453,-0.736,-0.183,-0.683,,0.0,0.0,0.0,,,,,0.0,0.0,30.0,-9.999999974752427e-07,4.999999987376214e-07,0.01,82.0,36.5,2
55011,SO-0602,Constable Dinesh Chaudhary,Constable,39,2026-07-25 20:05:23+00:00,94.0,85.0,,21.3167438,72.8885185,26.100000381469727,-0.738,-0.186,-0.701,,0.0,0.0,0.0,,,,,0.0,0.0,30.0,-1.2500000000414955e-05,0.0002022000000039,2.6,85.0,36.5,2
55014,SO-0602,Constable Dinesh Chaudhary,Constable,39,2026-07-25 20:05:53+00:00,100.0,88.0,,21.3167363,72.888516,26.100000381469727,-0.753,-0.187,-0.663,,0.0,0.0,0.0,,,,,0.0,0.0,30.0,-7.500000002380602e-06,-2.5000000078989615e-06,0.1,88.0,36.5,2
55017,SO-0602,Constable Dinesh Chaudhary,Constable,39,2026-07-25 20:06:27+00:00,94.0,74.0,,21.3170465,72.887916,26.100000381469727,-0.739,-0.196,-0.7,,0.0,0.0,0.0,,,,,0.0,0.0,34.0,0.0003102000000012,-0.0005999999999914,7.71,74.0,36.5,1
55020,SO-0602,Constable Dinesh Chaudhary,Constable,39,2026-07-25 20:06:55+00:00,100.0,88.0,,21.3167226,72.8885282,26.100000381469727,-0.7,-0.188,-0.713,,0.0,0.0,0.0,,,,,0.0,0.0,28.0,-0.0003239000000014,0.0006121999999919,9.6,88.0,36.5,1
55024,SO-0602,Constable Dinesh Chaudhary,Constable,39,2026-07-25 20:07:23+00:00,98.0,88.0,,21.3167515,72.8883193,26.200000762939453,-0.636,-0.259,-0.778,,0.0,0.0,0.0,,,,,0.0,0.0,28.0,2.8900000000220416e-05,-0.0002088999999898,2.9,88.0,36.5,2
55028,SO-0602,Constable Dinesh Chaudhary,Constable,39,2026-07-25 20:07:57+00:00,100.0,87.0,,21.3167515,72.8883193,28.04068119571106,-0.678,-0.187,-0.702,,0.0,0.0,0.0,,,,,0.0,0.0,34.0,0.0,0.0,0.0,87.0,36.5,2
55032,SO-0602,Constable Dinesh Chaudhary,Constable,39,2026-07-25 20:08:25+00:00,97.0,88.0,,21.3167325,72.8884097,26.200000762939453,-0.737,-0.176,-0.696,,0.0,0.0,0.0,,,,,0.0,0.0,28.0,-1.899999999821489e-05,9.03999999906091e-05,1.27,88.0,36.5,2
55036,SO-0602,Constable Dinesh Chaudhary,Constable,39,2026-07-25 20:08:53+00:00,92.0,87.0,,21.3167417,72.8883982,26.200000762939453,-0.935,-0.082,-0.223,,0.0,0.0,0.0,,,,,0.0,0.0,28.0,9.200000000930686e-06,-1.1499999999387e-05,0.21,87.0,36.5,2
55040,SO-0602,Constable Dinesh Chaudhary,Constable,39,2026-07-25 20:09:23+00:00,86.0,88.0,,21.3167515,72.8883193,26.200000762939453,-0.905,-0.14,-0.433,,0.0,0.0,0.0,,,,,0.0,0.0,30.0,9.799999997284203e-06,-7.88999999912221e-05,1.02,88.0,36.5,0
55044,SO-0602,Constable Dinesh Chaudhary,Constable,39,2026-07-25 20:09:53+00:00,87.0,80.0,,21.3167515,72.8883193,26.200000762939453,-0.917,-0.124,-0.4,,0.0,0.0,0.0,,,,,0.0,0.0,30.0,0.0,0.0,0.0,80.0,36.5,0
55048,SO-0602,Constable Dinesh Chaudhary,Constable,39,2026-07-25 20:10:24+00:00,96.0,88.0,,21.3167228,72.8884794,26.200000762939453,-0.923,-0.161,-0.377,,0.0,0.0,0.0,,,,,0.0,0.0,31.0,-2.8699999997883197e-05,0.000160099999988,2.02,88.0,36.5,2
55052,SO-0602,Constable Dinesh Chaudhary,Constable,39,2026-07-25 20:10:53+00:00,97.0,88.0,,21.3167466,72.8884044,26.200000762939453,-0.853,-0.336,-0.56,,0.0,0.0,0.0,,,,,0.0,0.0,29.0,2.3799999997464735e-05,-7.499999999538431e-05,1.05,88.0,36.5,2
55056,SO-0602,Constable Dinesh Chaudhary,Constable,39,2026-07-25 20:11:23+00:00,89.0,87.0,,21.3167468,72.8884042,26.200000762939453,-0.412,-0.899,-0.135,,0.0,0.0,0.0,,,,,0.0,0.0,30.0,2.0000000233721948e-07,-2.0000000233721948e-07,0.0,87.0,36.5,0
55060,SO-0602,Constable Dinesh Chaudhary,Constable,39,2026-07-25 20:11:57+00:00,87.0,88.0,,21.3167468,72.8884042,26.200000762939453,-0.215,-0.934,0.178,,0.0,0.0,0.0,,,,,0.0,0.0,34.0,0.0,0.0,0.0,88.0,36.5,0
55064,SO-0602,Constable Dinesh Chaudhary,Constable,39,2026-07-25 20:12:23+00:00,95.0,87.0,,21.3167574,72.8883164,26.200000762939453,-0.245,-0.93,0.18,,0.0,0.0,0.0,,,,,0.0,0.0,26.0,1.0599999999527654e-05,-8.780000000285781e-05,1.31,87.0,36.5,2
55068,SO-0602,Constable Dinesh Chaudhary,Constable,39,2026-07-25 20:12:57+00:00,98.0,88.0,,21.3167574,72.8883164,26.200000762939453,-0.533,-0.796,0.455,,0.0,0.0,0.0,,,,,0.0,0.0,34.0,0.0,0.0,0.0,88.0,36.5,2
55072,SO-0602,Constable Dinesh Chaudhary,Constable,39,2026-07-25 20:13:25+00:00,83.0,81.0,,21.3167525,72.8883199,26.200000762939453,-0.796,-0.099,0.553,,0.0,0.0,0.0,,,,,0.0,0.0,28.0,-4.9000000004184585e-06,3.500000005374204e-06,0.08,81.0,36.5,0
55076,SO-0602,Constable Dinesh Chaudhary,Constable,39,2026-07-25 20:13:53+00:00,90.0,88.0,,21.3167545,72.8883179,26.200000762939453,-1.422,-0.21,0.652,,0.0,0.0,0.0,,,,,0.0,0.0,28.0,1.999999998503199e-06,-1.9999999949504854e-06,0.04,88.0,36.5,0
55080,SO-0602,Constable Dinesh Chaudhary,Constable,39,2026-07-25 20:14:23+00:00,89.0,88.0,,21.3167571,72.8883176,29.286170535231335,-0.802,-0.091,0.576,,0.0,0.0,0.0,,,,,0.0,0.0,30.0,2.600000001962144e-06,-3.000000106112566e-07,0.03,88.0,36.5,0
55086,SO-0602,Constable Dinesh Chaudhary,Constable,39,2026-07-25 20:15:25+00:00,96.0,88.0,,21.3167571,72.8883176,26.200000762939453,-0.659,-0.216,0.691,,0.0,0.0,0.0,,,,,0.0,0.0,62.0,0.0,0.0,0.0,88.0,36.5,2
55094,SO-0602,Constable Dinesh Chaudhary,Constable,39,2026-07-25 20:15:53+00:00,90.0,87.0,,21.3167563,72.8883163,26.200000762939453,-0.716,-0.24,0.622,,0.0,0.0,0.0,,,,,0.0,0.0,28.0,-7.999999986907369e-07,-1.2999999938756446e-06,0.02,87.0,36.5,0
55095,SO-0602,Constable Dinesh Chaudhary,Constable,39,2026-07-25 20:16:23+00:00,87.0,88.0,,21.3167563,72.8883163,26.200000762939453,-0.345,-0.034,1.082,,0.0,0.0,0.0,,,,,0.0,0.0,30.0,0.0,0.0,0.0,88.0,36.5,0
55098,SO-0602,Constable Dinesh Chaudhary,Constable,39,2026-07-25 20:16:53+00:00,96.0,88.0,,21.3167545,72.8883179,26.200000762939453,-0.937,-0.218,-0.277,,0.0,0.0,0.0,,,,,0.0,0.0,30.0,-1.800000003271407e-06,1.6000000044869012e-06,0.03,88.0,36.5,2
55102,SO-0602,Constable Dinesh Chaudhary,Constable,39,2026-07-25 20:17:23+00:00,91.0,86.0,,21.3167574,72.8883164,26.200000762939453,-0.721,-0.269,0.595,,0.0,0.0,0.0,,,,,0.0,0.0,30.0,2.900000001915259e-06,-1.5000000104237188e-06,0.04,86.0,36.5,2
55106,SO-0602,Constable Dinesh Chaudhary,Constable,39,2026-07-25 20:17:53+00:00,82.0,86.0,,21.3167573,72.8883158,26.200000762939453,-0.799,-0.31,0.475,,0.0,0.0,0.0,,,,,0.0,0.0,30.0,-1.0000000116860974e-07,-5.999999928008037e-07,0.01,86.0,36.5,0
55110,SO-0602,Constable Dinesh Chaudhary,Constable,39,2026-07-25 20:18:27+00:00,88.0,88.0,,21.3167573,72.8883158,26.200000762939453,-0.224,-0.937,0.203,,0.0,0.0,0.0,,,,,0.0,0.0,34.0,0.0,0.0,0.0,88.0,36.5,0
55114,SO-0602,Constable Dinesh Chaudhary,Constable,39,2026-07-25 20:18:53+00:00,88.0,88.0,,21.3167563,72.8883163,26.200000762939453,-0.438,-0.907,0.045,,0.0,0.0,0.0,,,,,0.0,0.0,26.0,-9.999999974752427e-07,4.999999987376214e-07,0.02,88.0,36.5,0
55118,SO-0602,Constable Dinesh Chaudhary,Constable,39,2026-07-25 20:19:27+00:00,93.0,87.0,,21.3167563,72.8883163,26.200000762939453,-0.508,-0.878,-0.007,,0.0,0.0,0.0,,,,,0.0,0.0,34.0,0.0,0.0,0.0,87.0,36.5,2
55122,SO-0602,Constable Dinesh Chaudhary,Constable,39,2026-07-25 20:19:53+00:00,88.0,85.0,,21.3167515,72.8883193,26.200000762939453,-0.924,-0.344,-0.164,,0.0,0.0,0.0,,,,,0.0,0.0,26.0,-4.8000000028025624e-06,3.000000006636583e-06,0.09,85.0,36.5,0
55126,SO-0602,Constable Dinesh Chaudhary,Constable,39,2026-07-25 20:20:23+00:00,90.0,87.0,,21.3167568,72.8883199,26.200000762939453,-0.934,-0.35,-0.123,,0.0,0.0,0.0,,,,,0.0,0.0,30.0,5.300000001540184e-06,5.999999928008037e-07,0.07,87.0,36.5,0
55130,SO-0602,Constable Dinesh Chaudhary,Constable,39,2026-07-25 20:20:57+00:00,96.0,88.0,,21.3167568,72.8883199,26.200000762939453,-0.422,-0.919,-0.286,,0.0,0.0,0.0,,,,,0.0,0.0,34.0,0.0,0.0,0.0,88.0,36.5,2
55134,SO-0602,Constable Dinesh Chaudhary,Constable,39,2026-07-25 20:21:23+00:00,94.0,88.0,,21.3167519,72.8883787,26.200000762939453,-0.866,-0.474,-0.122,,0.0,0.0,0.0,,,,,0.0,0.0,26.0,-4.9000000004184585e-06,5.88000000050215e-05,0.87,88.0,36.5,2
55138,SO-0602,Constable Dinesh Chaudhary,Constable,39,2026-07-25 20:21:53+00:00,92.0,88.0,,21.3167571,72.8883176,26.200000762939453,-0.869,-0.465,-0.149,,0.0,0.0,0.0,,,,,0.0,0.0,30.0,5.200000000371574e-06,-6.110000001058324e-05,0.79,88.0,36.5,2
55142,SO-0602,Constable Dinesh Chaudhary,Constable,39,2026-07-25 20:22:23+00:00,82.0,88.0,,21.3167427,72.8883833,26.200000762939453,-0.865,-0.476,-0.149,,0.0,0.0,0.0,,,,,0.0,0.0,30.0,-1.440000000130226e-05,6.570000000749587e-05,0.86,88.0,36.5,0
55146,SO-0602,Constable Dinesh Chaudhary,Constable,39,2026-07-25 20:22:53+00:00,84.0,61.0,,21.3167445,72.8884179,26.200000762939453,-0.862,-0.472,-0.155,,0.0,0.0,0.0,,,,,0.0,0.0,30.0,1.7999999997186933e-06,3.4599999992224184e-05,0.44,61.0,36.5,0
55150,SO-0602,Constable Dinesh Chaudhary,Constable,39,2026-07-25 20:23:23+00:00,85.0,88.0,,21.3167211,72.8884799,26.200000762939453,-0.434,-0.858,-0.08,,0.0,0.0,0.0,,,,,0.0,0.0,30.0,-2.3399999999895726e-05,6.199999999978445e-05,0.85,88.0,36.5,0
55154,SO-0602,Constable Dinesh Chaudhary,Constable,39,2026-07-25 20:23:57+00:00,93.0,81.0,,21.3167211,72.8884799,26.200000762939453,-0.429,-0.523,0.672,,0.0,0.0,0.0,,,,,0.0,0.0,34.0,0.0,0.0,0.0,81.0,36.5,2
55158,SO-0602,Constable Dinesh Chaudhary,Constable,39,2026-07-25 20:24:25+00:00,96.0,88.0,,21.3167227,72.8884794,26.200000762939453,-0.638,-0.427,0.622,,0.0,0.0,0.0,,,,,0.0,0.0,28.0,1.6000000009341877e-06,-4.999999987376214e-07,0.02,88.0,36.5,2
55161,SO-0602,Constable Dinesh Chaudhary,Constable,39,2026-07-25 20:24:57+00:00,85.0,88.0,,21.3167228,72.8884794,26.200000762939453,-0.743,-0.464,0.431,,0.0,0.0,0.0,,,,,0.0,0.0,32.0,1.0000000116860974e-07,0.0,0.0,88.0,36.5,0
55166,SO-0602,Constable Dinesh Chaudhary,Constable,39,2026-07-25 20:25:23+00:00,84.0,88.0,,21.3167427,72.8883833,26.200000762939453,-0.47,-0.966,0.45,,0.0,0.0,0.0,,,,,0.0,0.0,26.0,1.9899999998074236e-05,-9.6099999993271e-05,1.46,88.0,36.5,0
55170,SO-0602,Constable Dinesh Chaudhary,Constable,39,2026-07-25 20:25:53+00:00,93.0,88.0,,21.3167425,72.8884419,26.200000762939453,-0.854,-0.434,0.385,,0.0,0.0,0.0,,,,,0.0,0.0,30.0,-1.999999987845058e-07,5.860000000268428e-05,0.75,88.0,36.5,2
55173,SO-0602,Constable Dinesh Chaudhary,Constable,39,2026-07-25 20:26:23+00:00,87.0,88.0,,21.3167362,72.8884229,26.200000762939453,-0.386,-0.821,0.381,,0.0,0.0,0.0,,,,,0.0,0.0,30.0,-6.2999999990154265e-06,-1.900000000887303e-05,0.26,88.0,36.5,0
55178,SO-0602,Constable Dinesh Chaudhary,Constable,39,2026-07-25 20:26:53+00:00,89.0,88.0,,21.3167573,72.8883158,26.200000762939453,-0.361,-0.906,0.025,,0.0,0.0,0.0,,,,,0.0,0.0,30.0,2.1099999997886695e-05,-0.0001070999999939,1.4,88.0,36.5,0
55182,SO-0602,Constable Dinesh Chaudhary,Constable,39,2026-07-25 20:27:23+00:00,88.0,88.0,,21.3167571,72.8883176,26.200000762939453,-0.388,-0.877,0.184,,0.0,0.0,0.0,,,,,0.0,0.0,30.0,-1.999999987845058e-07,1.799999992613266e-06,0.02,88.0,36.5,0
55186,SO-0602,Constable Dinesh Chaudhary,Constable,39,2026-07-25 20:27:54+00:00,91.0,83.0,,21.3167448,72.888381,26.200000762939453,-0.345,-0.931,-0.132,,0.0,0.0,0.0,,,,,0.0,0.0,31.0,-1.2300000001630453e-05,6.340000000193413e-05,0.8,83.0,36.5,2
55190,SO-0602,Constable Dinesh Chaudhary,Constable,39,2026-07-25 20:28:23+00:00,91.0,69.0,,21.3167515,72.8883773,26.200000762939453,-0.378,-0.92,-0.09,,0.0,0.0,0.0,,,,,0.0,0.0,29.0,6.700000000137152e-06,-3.699999993500569e-06,0.1,69.0,36.5,2
55194,SO-0602,Constable Dinesh Chaudhary,Constable,39,2026-07-25 20:28:53+00:00,99.0,88.0,,21.3167485,72.8883901,26.200000762939453,-0.574,-0.804,0.086,,0.0,0.0,0.0,,,,,0.0,0.0,30.0,-2.9999999995311555e-06,1.2799999993262643e-05,0.17,88.0,36.5,2
55197,SO-0602,Constable Dinesh Chaudhary,Constable,39,2026-07-25 20:29:23+00:00,85.0,88.0,,21.3167545,72.8883179,26.200000762939453,-0.687,-0.227,0.217,,0.0,0.0,0.0,,,,,0.0,0.0,30.0,5.999999999062311e-06,-7.219999999108495e-05,0.93,88.0,36.5,0
55200,SO-0602,Constable Dinesh Chaudhary,Constable,39,2026-07-25 20:29:53+00:00,84.0,62.0,,21.3167515,72.8883193,26.200000762939453,-0.872,0.922,-0.281,,0.0,0.0,0.0,,,,,0.0,0.0,30.0,-2.9999999995311555e-06,1.4000000021496817e-06,0.04,62.0,36.5,0
55203,SO-0602,Constable Dinesh Chaudhary,Constable,39,2026-07-25 20:30:23+00:00,85.0,86.0,,21.3167477,72.8883973,26.200000762939453,-1.034,-0.371,-0.004,,0.0,0.0,0.0,,,,,0.0,0.0,30.0,-3.799999998221893e-06,7.799999998781004e-05,1.0,86.0,36.5,0
55206,SO-0602,Constable Dinesh Chaudhary,Constable,39,2026-07-25 20:30:53+00:00,86.0,87.0,,21.3167336,72.8884327,26.200000762939453,-0.787,-0.096,-0.002,,0.0,0.0,0.0,,,,,0.0,0.0,30.0,-1.4100000001349144e-05,3.540000000157306e-05,0.49,87.0,36.5,0
55209,SO-0602,Constable Dinesh Chaudhary,Constable,39,2026-07-25 20:31:23+00:00,88.0,86.0,,21.3167356,72.8884197,26.200000762939453,-0.747,-0.01,0.395,,0.0,0.0,0.0,,,,,0.0,0.0,30.0,2.0000000020559128e-06,-1.2999999995599865e-05,0.17,86.0,36.5,0
55212,SO-0602,Constable Dinesh Chaudhary,Constable,39,2026-07-25 20:31:53+00:00,91.0,86.0,,21.3167336,72.8884327,26.200000762939453,-0.837,1.06,0.766,,0.0,0.0,0.0,,,,,0.0,0.0,30.0,-2.0000000020559128e-06,1.2999999995599865e-05,0.17,86.0,36.5,2
55215,SO-0602,Constable Dinesh Chaudhary,Constable,39,2026-07-25 20:32:23+00:00,93.0,88.0,,21.3167305,72.8884417,26.200000762939453,0.107,-0.929,0.339,,0.0,0.0,0.0,,,,,0.0,0.0,30.0,-3.1000000006997652e-06,9.000000005698894e-06,0.12,88.0,36.5,2
55218,SO-0602,Constable Dinesh Chaudhary,Constable,39,2026-07-25 20:32:53+00:00,91.0,88.0,,21.316729,72.8884625,26.200000762939453,0.374,-0.916,0.072,,0.0,0.0,0.0,,,,,0.0,0.0,30.0,-1.4999999997655775e-06,2.0800000001486296e-05,0.27,88.0,36.5,2
55221,SO-0602,Constable Dinesh Chaudhary,Constable,39,2026-07-25 20:33:23+00:00,99.0,88.0,,21.316722,72.8884788,26.200000762939453,-0.906,-0.214,0.316,,0.0,0.0,0.0,,,,,0.0,0.0,30.0,-7.000000000090267e-06,1.629999999863685e-05,0.23,88.0,36.5,2
55223,SO-0602,Constable Dinesh Chaudhary,Constable,39,2026-07-25 20:33:53+00:00,94.0,84.0,,21.3167326,72.8884366,26.200000762939453,-0.845,0.019,0.504,,0.0,0.0,0.0,,,,,0.0,0.0,30.0,1.0600000003080368e-05,-4.219999999577339e-05,0.56,84.0,36.5,2
55225,SO-0602,Constable Dinesh Chaudhary,Constable,39,2026-07-25 20:34:23+00:00,85.0,83.0,,21.3167435,72.8884991,26.200000762939453,-0.832,0.014,0.51,,0.0,0.0,0.0,,,,,0.0,0.0,30.0,1.089999999948077e-05,6.249999999852207e-05,0.82,83.0,36.5,0
55227,SO-0602,Constable Dinesh Chaudhary,Constable,39,2026-07-25 20:34:53+00:00,83.0,,,21.3167298,72.8884513,26.200000762939453,-0.839,0.015,0.52,,0.0,0.0,0.0,,,,,0.0,0.0,30.0,-1.370000000022742e-05,-4.780000000437212e-05,0.64,83.0,36.5,0
55229,SO-0602,Constable Dinesh Chaudhary,Constable,39,2026-07-25 20:35:23+00:00,82.0,,,21.3167563,72.8883163,26.200000762939453,-0.581,0.803,0.371,,0.0,0.0,0.0,,,,,0.0,0.0,30.0,2.650000000059549e-05,-0.0001350000000002,1.77,83.0,36.5,0
55231,SO-0602,Constable Dinesh Chaudhary,Constable,39,2026-07-25 20:35:53+00:00,99.0,88.0,,21.316749,72.8884471,26.200000762939453,-0.616,-0.38,-0.567,,0.0,0.0,0.0,,,,,0.0,0.0,30.0,-7.300000000043383e-06,0.0001307999999937,1.68,88.0,36.5,2
55233,SO-0602,Constable Dinesh Chaudhary,Constable,39,2026-07-25 20:36:23+00:00,92.0,86.0,,21.3167015,72.8887368,26.5,-0.292,-0.937,0.379,,0.0,0.0,0.0,,,,,0.0,0.0,30.0,-4.7500000000866294e-05,0.0002897000000103,3.77,86.0,36.5,2
55235,SO-0602,Constable Dinesh Chaudhary,Constable,39,2026-07-25 20:36:53+00:00,100.0,58.0,,21.3165405,72.8889976,26.200000762939453,-0.22,1.252,0.194,,0.0,0.0,0.0,,,,,0.0,0.0,30.0,-0.000161000000002,0.0002607999999924,3.97,58.0,36.5,2
55237,SO-0602,Constable Dinesh Chaudhary,Constable,39,2026-07-25 20:37:23+00:00,100.0,52.0,,21.316412,72.8889328,25.899999618530273,-0.239,0.859,0.066,,0.0,0.0,0.0,,,,,0.0,0.0,30.0,-0.0001284999999988,-6.479999998987296e-05,1.9,52.0,36.5,2
55239,SO-0602,Constable Dinesh Chaudhary,Constable,39,2026-07-25 20:37:53+00:00,92.0,83.0,,21.3165112,72.8889771,26.0,-0.764,-0.257,0.512,,0.0,0.0,0.0,,,,,0.0,0.0,30.0,9.92000000010762e-05,4.429999999899792e-05,1.44,83.0,36.5,2
55241,SO-0602,Constable Dinesh Chaudhary,Constable,39,2026-07-25 20:38:23+00:00,100.0,88.0,,21.3166795,72.8891122,26.200000762939453,0.604,0.002,0.756,,0.0,0.0,0.0,,,,,0.0,0.0,30.0,0.0001682999999985,0.0001350999999942,2.83,88.0,36.5,2
55243,SO-0602,Constable Dinesh Chaudhary,Constable,39,2026-07-25 20:38:53+00:00,81.0,88.0,,21.3166767,72.8891009,26.200000762939453,0.612,0.002,0.771,,0.0,0.0,0.0,,,,,0.0,0.0,30.0,-2.8000000007466497e-06,-1.129999999704978e-05,0.15,88.0,36.5,0
55245,SO-0602,Constable Dinesh Chaudhary,Constable,39,2026-07-25 20:39:23+00:00,83.0,87.0,,21.3166926,72.8891022,26.0,-0.175,0.051,0.975,,0.0,0.0,0.0,,,,,0.0,0.0,30.0,1.5900000001067838e-05,1.2999999938756446e-06,0.21,87.0,36.5,0
55247,SO-0602,Constable Dinesh Chaudhary,Constable,39,2026-07-25 20:39:53+00:00,96.0,70.0,,21.316686,72.889106,26.0,0.101,-0.025,0.99,,0.0,0.0,0.0,,,,,0.0,0.0,30.0,-6.599999998968542e-06,3.800000001774606e-06,0.1,70.0,36.5,2
55249,SO-0602,Constable Dinesh Chaudhary,Constable,39,2026-07-25 20:40:23+00:00,96.0,87.0,,21.3166784,72.8891071,26.200000762939453,0.09,-0.012,0.982,,0.0,0.0,0.0,,,,,0.0,0.0,30.0,-7.599999999996499e-06,1.1000000057492798e-06,0.1,87.0,36.5,2
55251,SO-0602,Constable Dinesh Chaudhary,Constable,39,2026-07-25 20:40:53+00:00,91.0,87.0,,21.3165205,72.8889916,26.200000762939453,-0.373,-0.782,0.464,,0.0,0.0,0.0,,,,,0.0,0.0,30.0,-0.0001579000000013,-0.0001155000000068,2.57,87.0,36.5,2
55253,SO-0602,Constable Dinesh Chaudhary,Constable,39,2026-07-25 20:41:23+00:00,100.0,88.0,,21.3165156,72.8889763,26.0,-0.393,-0.785,0.446,,0.0,0.0,0.0,,,,,0.0,0.0,30.0,-4.9000000004184585e-06,-1.5300000001161607e-05,0.21,88.0,36.5,2
55255,SO-0602,Constable Dinesh Chaudhary,Constable,39,2026-07-25 20:41:53+00:00,85.0,88.0,,21.316736,72.8890747,26.0,-0.391,-0.785,0.442,,0.0,0.0,0.0,,,,,0.0,0.0,30.0,0.0002203999999998,9.839999999883275e-05,3.2,88.0,36.5,0
55257,SO-0602,Constable Dinesh Chaudhary,Constable,39,2026-07-25 20:42:23+00:00,95.0,88.0,,21.3167402,72.8890895,26.0,-0.377,-0.79,0.448,,0.0,0.0,0.0,,,,,0.0,0.0,30.0,4.200000002896331e-06,1.4800000002423984e-05,0.2,88.0,36.5,2
55259,SO-0602,Constable Dinesh Chaudhary,Constable,39,2026-07-25 20:42:53+00:00,94.0,79.0,,21.3164805,72.8889705,26.0,-0.219,0.971,0.067,,0.0,0.0,0.0,,,,,0.0,0.0,30.0,-0.0002597000000008,-0.0001189999999979,3.78,79.0,36.5,2
55261,SO-0602,Constable Dinesh Chaudhary,Constable,39,2026-07-25 20:43:23+00:00,85.0,86.0,,21.3164745,72.888955,26.200000762939453,-0.207,0.979,0.085,,0.0,0.0,0.0,,,,,0.0,0.0,30.0,-5.999999999062311e-06,-1.5500000003498826e-05,0.21,86.0,36.5,0
55263,SO-0602,Constable Dinesh Chaudhary,Constable,39,2026-07-25 20:43:53+00:00,94.0,82.0,,21.3166964,72.8890986,26.200000762939453,-0.193,0.969,0.156,,0.0,0.0,0.0,,,,,0.0,0.0,30.0,0.0002218999999996,0.0001436000000012,3.48,82.0,36.5,2
55265,SO-0602,Constable Dinesh Chaudhary,Constable,39,2026-07-25 20:44:23+00:00,93.0,84.0,,21.3165058,72.8889406,26.0,-0.261,0.955,0.092,,0.0,0.0,0.0,,,,,0.0,0.0,30.0,-0.0001905999999998,-0.0001579999999989,3.25,84.0,36.5,2
55267,SO-0602,Constable Dinesh Chaudhary,Constable,39,2026-07-25 20:44:53+00:00,84.0,81.0,,21.3164708,72.8889541,26.0,-0.22,0.968,0.112,,0.0,0.0,0.0,,,,,0.0,0.0,30.0,-3.500000000045134e-05,1.350000000854834e-05,0.5,81.0,36.5,0
55269,SO-0602,Constable Dinesh Chaudhary,Constable,39,2026-07-25 20:45:23+00:00,84.0,61.0,,21.316479,72.8889496,26.0,-0.233,0.986,0.002,,0.0,0.0,0.0,,,,,0.0,0.0,30.0,8.19999999990273e-06,-4.500000002849447e-06,0.12,61.0,36.5,0
55271,SO-0602,Constable Dinesh Chaudhary,Constable,39,2026-07-25 20:45:53+00:00,84.0,51.0,,21.3164653,72.8889419,26.100000381469727,-0.566,1.266,0.093,,0.0,0.0,0.0,,,,,0.0,0.0,30.0,-1.370000000022742e-05,-7.699999997612395e-06,0.21,51.0,36.5,0
55273,SO-0602,Constable Dinesh Chaudhary,Constable,39,2026-07-25 20:46:23+00:00,84.0,54.0,,21.3167088,72.8887159,26.5,-0.565,1.128,0.087,,0.0,0.0,0.0,,,,,0.0,0.0,30.0,0.0002434999999998,-0.000226000000012,4.35,54.0,36.5,0
55275,SO-0602,Constable Dinesh Chaudhary,Constable,39,2026-07-25 20:46:53+00:00,84.0,53.0,,21.3167675,72.8884707,26.200000762939453,-0.19,0.951,0.229,,0.0,0.0,0.0,,,,,0.0,0.0,30.0,5.870000000030018e-05,-0.0002451999999948,3.24,53.0,36.5,0
55277,SO-0602,Constable Dinesh Chaudhary,Constable,39,2026-07-25 20:47:23+00:00,87.0,87.0,,21.3167675,72.8884707,26.200000762939453,-0.514,0.525,0.63,,0.0,0.0,0.0,,,,,0.0,0.0,30.0,0.0,0.0,0.0,87.0,36.5,0
55279,SO-0602,Constable Dinesh Chaudhary,Constable,39,2026-07-25 20:47:57+00:00,83.0,87.0,,21.3167675,72.8884707,26.200000762939453,-0.629,-0.39,0.638,,0.0,0.0,0.0,,,,,0.0,0.0,34.0,0.0,0.0,0.0,87.0,36.5,0
55282,SO-0602,Constable Dinesh Chaudhary,Constable,39,2026-07-25 20:48:27+00:00,93.0,88.0,,21.3167675,72.8884707,26.200000762939453,-1.044,-0.334,0.257,,0.0,0.0,0.0,,,,,0.0,0.0,30.0,0.0,0.0,0.0,88.0,36.5,2
55283,SO-0602,Constable Dinesh Chaudhary,Constable,39,2026-07-25 20:48:57+00:00,90.0,86.0,,21.3167211,72.8884799,26.200000762939453,0.758,-0.558,0.149,,0.0,0.0,0.0,,,,,0.0,0.0,30.0,-4.640000000222244e-05,9.19999999382526e-06,0.63,86.0,36.5,0
55285,SO-0602,Constable Dinesh Chaudhary,Constable,39,2026-07-25 20:49:25+00:00,88.0,85.0,,21.3167358,72.8885149,26.100000381469727,0.715,-0.66,0.24,,0.0,0.0,0.0,,,,,0.0,0.0,28.0,1.4700000001255376e-05,3.500000001110948e-05,0.52,85.0,36.5,0
55287,SO-0602,Constable Dinesh Chaudhary,Constable,39,2026-07-25 20:49:57+00:00,88.0,79.0,,21.3167363,72.888516,26.100000381469727,0.721,-0.678,0.154,,0.0,0.0,0.0,,,,,0.0,0.0,32.0,4.999999987376214e-07,1.099999991538425e-06,0.01,79.0,36.5,0
55289,SO-0602,Constable Dinesh Chaudhary,Constable,39,2026-07-25 20:50:25+00:00,88.0,87.0,,21.3167324,72.888491,26.100000381469727,0.693,-0.665,0.24,,0.0,0.0,0.0,,,,,0.0,0.0,28.0,-3.899999999390502e-06,-2.4999999993724487e-05,0.35,87.0,36.5,0
55291,SO-0602,Constable Dinesh Chaudhary,Constable,39,2026-07-25 20:50:53+00:00,93.0,87.0,,21.3167353,72.8885155,26.100000381469727,0.72,-0.673,0.192,,0.0,0.0,0.0,,,,,0.0,0.0,28.0,2.900000001915259e-06,2.4499999994986865e-05,0.34,87.0,36.5,2
55293,SO-0602,Constable Dinesh Chaudhary,Constable,39,2026-07-25 20:51:27+00:00,95.0,88.0,,21.3167353,72.8885155,26.100000381469727,0.367,-0.717,0.576,,0.0,0.0,0.0,,,,,0.0,0.0,34.0,0.0,0.0,0.0,88.0,36.5,2
55295,SO-0602,Constable Dinesh Chaudhary,Constable,39,2026-07-25 20:51:57+00:00,82.0,88.0,,21.3167353,72.8885155,26.100000381469727,0.461,-0.759,0.43,,0.0,0.0,0.0,,,,,0.0,0.0,30.0,0.0,0.0,0.0,88.0,36.5,0
55297,SO-0602,Constable Dinesh Chaudhary,Constable,39,2026-07-25 20:52:25+00:00,95.0,82.0,,21.3167307,72.8884927,26.100000381469727,-0.494,-0.789,0.281,,0.0,0.0,0.0,,,,,0.0,0.0,28.0,-4.600000000465343e-06,-2.279999999643678e-05,0.32,82.0,36.5,2
55299,SO-0602,Constable Dinesh Chaudhary,Constable,39,2026-07-25 20:52:53+00:00,86.0,88.0,,21.3167259,72.8884957,26.200000762939453,0.209,-0.713,0.643,,0.0,0.0,0.0,,,,,0.0,0.0,28.0,-4.799999999249849e-06,3.000000006636583e-06,0.08,88.0,36.5,0
55301,SO-0602,Constable Dinesh Chaudhary,Constable,39,2026-07-25 20:53:23+00:00,88.0,88.0,,21.3167384,72.888514,26.100000381469727,0.264,-0.711,0.625,,0.0,0.0,0.0,,,,,0.0,0.0,30.0,1.2499999996862243e-05,1.8299999993587335e-05,0.29,88.0,36.5,0
55303,SO-0602,Constable Dinesh Chaudhary,Constable,39,2026-07-25 20:53:53+00:00,89.0,87.0,,21.3167249,72.8884779,26.200000762939453,0.232,-0.719,0.639,,0.0,0.0,0.0,,,,,0.0,0.0,30.0,-1.34999999978902e-05,-3.61000000026479e-05,0.5,87.0,36.5,0
55306,SO-0602,Constable Dinesh Chaudhary,Constable,39,2026-07-25 20:54:23+00:00,87.0,86.0,,21.3167254,72.8884945,26.200000762939453,0.281,-0.694,0.629,,0.0,0.0,0.0,,,,,0.0,0.0,30.0,4.999999987376214e-07,1.659999999503725e-05,0.21,86.0,36.5,0
55309,SO-0602,Constable Dinesh Chaudhary,Constable,39,2026-07-25 20:54:53+00:00,87.0,88.0,,21.3167353,72.8885155,26.100000381469727,0.227,-0.719,0.635,,0.0,0.0,0.0,,,,,0.0,0.0,30.0,9.900000002005528e-06,2.1000000003823516e-05,0.3,88.0,36.5,0
55312,SO-0602,Constable Dinesh Chaudhary,Constable,39,2026-07-25 20:55:23+00:00,82.0,88.0,,21.3167242,72.8884854,26.200000762939453,0.262,-0.703,0.633,,0.0,0.0,0.0,,,,,0.0,0.0,30.0,-1.1100000001817987e-05,-3.0100000003585592e-05,0.41,88.0,36.5,0
55315,SO-0602,Constable Dinesh Chaudhary,Constable,39,2026-07-25 20:55:53+00:00,80.0,88.0,,21.3167236,72.8884897,26.200000762939453,0.244,-0.698,0.644,,0.0,0.0,0.0,,,,,0.0,0.0,30.0,-5.999999999062311e-07,4.300000000512227e-06,0.06,88.0,36.5,0
55318,SO-0602,Constable Dinesh Chaudhary,Constable,39,2026-07-25 20:56:23+00:00,89.0,88.0,,21.3167363,72.888516,26.100000381469727,0.261,-0.697,0.639,,0.0,0.0,0.0,,,,,0.0,0.0,30.0,1.2699999999199464e-05,2.6300000001810982e-05,0.38,88.0,36.5,0
55321,SO-0602,Constable Dinesh Chaudhary,Constable,39,2026-07-25 20:56:53+00:00,90.0,87.0,,21.3167211,72.8884799,26.200000762939453,0.502,-0.709,0.544,,0.0,0.0,0.0,,,,,0.0,0.0,30.0,-1.5199999999992995e-05,-3.61000000026479e-05,0.51,87.0,36.5,0
55324,SO-0602,Constable Dinesh Chaudhary,Constable,39,2026-07-25 20:57:23+00:00,82.0,88.0,,21.3167384,72.888514,26.100000381469727,0.28,-0.724,0.611,,0.0,0.0,0.0,,,,,0.0,0.0,30.0,1.7299999999664806e-05,3.410000000769742e-05,0.49,88.0,36.5,0
55327,SO-0602,Constable Dinesh Chaudhary,Constable,39,2026-07-25 20:57:53+00:00,81.0,87.0,,21.3167363,72.888516,26.100000381469727,0.271,-0.723,0.615,,0.0,0.0,0.0,,,,,0.0,0.0,30.0,-2.099999999671809e-06,1.9999999949504854e-06,0.04,87.0,36.5,0
55330,SO-0602,Constable Dinesh Chaudhary,Constable,39,2026-07-25 20:58:23+00:00,81.0,88.0,,21.3167211,72.8884799,26.200000762939453,0.271,-0.724,0.607,,0.0,0.0,0.0,,,,,0.0,0.0,30.0,-1.5199999999992995e-05,-3.61000000026479e-05,0.51,88.0,36.5,0
55333,SO-0602,Constable Dinesh Chaudhary,Constable,39,2026-07-25 20:58:57+00:00,94.0,88.0,,21.3167211,72.8884799,26.200000762939453,0.408,-0.46,0.758,,0.0,0.0,0.0,,,,,0.0,0.0,34.0,0.0,0.0,0.0,88.0,36.5,2
55336,SO-0602,Constable Dinesh Chaudhary,Constable,39,2026-07-25 20:59:27+00:00,83.0,86.0,,21.3167211,72.8884799,26.200000762939453,-0.659,-0.369,0.649,,0.0,0.0,0.0,,,,,0.0,0.0,30.0,0.0,0.0,0.0,86.0,36.5,0
55339,SO-0602,Constable Dinesh Chaudhary,Constable,39,2026-07-25 20:59:57+00:00,81.0,88.0,,21.3167157,72.8884893,26.200000762939453,-0.065,-0.226,0.964,,0.0,0.0,0.0,,,,,0.0,0.0,30.0,-5.39999999915608e-06,9.400000010373333e-06,0.14,88.0,36.5,0
55342,SO-0602,Constable Dinesh Chaudhary,Constable,39,2026-07-25 21:00:27+00:00,98.0,88.0,,21.3167213,72.8884795,26.200000762939453,-0.068,-0.222,0.959,,0.0,0.0,0.0,,,,,0.0,0.0,30.0,5.600000001493299e-06,-9.800000000836915e-06,0.15,88.0,36.5,2
55345,SO-0602,Constable Dinesh Chaudhary,Constable,39,2026-07-25 21:00:57+00:00,95.0,83.0,,21.3170113,72.887977,26.200000762939453,-0.364,-0.26,0.878,,0.0,0.0,0.0,,,,,0.0,0.0,30.0,0.0002899999999996,-0.000502499999996,7.52,83.0,36.5,1
55348,SO-0602,Constable Dinesh Chaudhary,Constable,39,2026-07-25 21:01:27+00:00,96.0,88.0,,21.3170509,72.8879084,26.200000762939453,-0.041,-0.206,0.96,,0.0,0.0,0.0,,,,,0.0,0.0,30.0,3.960000000091668e-05,-6.860000000585842e-05,1.03,88.0,36.5,2
55351,SO-0602,Constable Dinesh Chaudhary,Constable,39,2026-07-25 21:01:57+00:00,92.0,84.0,,21.3170465,72.887916,26.200000762939453,0.961,-0.028,-0.381,,0.0,0.0,0.0,,,,,0.0,0.0,30.0,-4.400000001680837e-06,7.600000003549212e-06,0.11,84.0,36.5,2
55354,SO-0602,Constable Dinesh Chaudhary,Constable,39,2026-07-25 21:02:27+00:00,98.0,89.0,,21.3170465,72.887916,26.200000762939453,0.948,-0.013,-0.156,,0.0,0.0,0.0,,,,,0.0,0.0,30.0,0.0,0.0,0.0,89.0,36.5,2
55357,SO-0602,Constable Dinesh Chaudhary,Constable,39,2026-07-25 21:02:55+00:00,100.0,88.0,,21.3167271,72.888458,26.200000762939453,0.8,0.134,-0.647,,0.0,0.0,0.0,,,,,0.0,0.0,28.0,-0.0003193999999986,0.0005419999999958,8.74,88.0,36.5,1
55360,SO-0602,Constable Dinesh Chaudhary,Constable,39,2026-07-25 21:03:27+00:00,95.0,88.0,,21.3167228,72.8884794,26.200000762939453,0.808,0.049,-0.616,,0.0,0.0,0.0,,,,,0.0,0.0,32.0,-4.300000000512227e-06,2.13999999942871e-05,0.26,88.0,36.5,2
55363,SO-0602,Constable Dinesh Chaudhary,Constable,39,2026-07-25 21:03:57+00:00,100.0,88.0,,21.3167228,72.8884794,26.200000762939453,0.739,-0.033,-0.724,,0.0,0.0,0.0,,,,,0.0,0.0,30.0,0.0,0.0,0.0,88.0,36.5,2
55366,SO-0602,Constable Dinesh Chaudhary,Constable,39,2026-07-25 21:04:27+00:00,84.0,84.0,,21.3167228,72.8884794,26.200000762939453,0.907,-0.014,-0.455,,0.0,0.0,0.0,,,,,0.0,0.0,30.0,0.0,0.0,0.0,84.0,36.5,0
56433,SO-0602,Constable Dinesh Chaudhary,Constable,39,2026-07-26 12:09:36+00:00,99.0,86.0,,21.3375981,72.7512636,16.69999885559082,0.167,-1.044,0.146,,0.0,0.0,0.0,,,,,0.0,0.0,54309.0,0.0208753000000001,-0.1372157999999927,0.0,86.0,36.5,2
56435,SO-0602,Constable Dinesh Chaudhary,Constable,39,2026-07-26 12:10:06+00:00,100.0,87.0,,21.3376353,72.7512993,16.69999885559082,-0.687,0.61,0.375,,0.0,0.0,0.0,,,,,0.0,0.0,30.0,3.719999999773904e-05,3.5699999997973464e-05,0.67,87.0,36.5,2
56438,SO-0602,Constable Dinesh Chaudhary,Constable,39,2026-07-26 12:10:36+00:00,82.0,84.0,,21.3376161,72.7512766,16.69999885559082,-0.769,0.656,0.136,,0.0,0.0,0.0,,,,,0.0,0.0,30.0,-1.9199999996999395e-05,-2.27000000023736e-05,0.39,84.0,36.5,0
56440,SO-0602,Constable Dinesh Chaudhary,Constable,39,2026-07-26 12:11:06+00:00,88.0,55.0,,21.337755,72.7512237,17.30000114440918,-0.146,1.122,-0.194,,0.0,0.0,0.0,,,,,0.0,0.0,30.0,0.0001388999999996,-5.2900000000022374e-05,1.97,55.0,36.5,0
56443,SO-0602,Constable Dinesh Chaudhary,Constable,39,2026-07-26 12:11:36+00:00,95.0,82.0,,21.3377569,72.7512226,17.30000114440918,0.074,0.967,-0.049,,0.0,0.0,0.0,,,,,0.0,0.0,30.0,1.8999999973345896e-06,-1.099999991538425e-06,0.03,82.0,36.5,2
56446,SO-0602,Constable Dinesh Chaudhary,Constable,39,2026-07-26 12:12:06+00:00,84.0,88.0,,21.3377552,72.7512241,17.30000114440918,-0.946,-0.218,-0.178,,0.0,0.0,0.0,,,,,0.0,0.0,30.0,-1.6999999985500835e-06,1.499999996212864e-06,0.03,88.0,36.5,0
56449,SO-0602,Constable Dinesh Chaudhary,Constable,39,2026-07-26 12:12:36+00:00,85.0,88.0,,21.3377578,72.7512265,17.30000114440918,-0.961,-0.086,0.232,,0.0,0.0,0.0,,,,,0.0,0.0,30.0,2.59999999840943e-06,2.3999999996249244e-06,0.05,88.0,36.5,0
56452,SO-0602,Constable Dinesh Chaudhary,Constable,39,2026-07-26 12:13:07+00:00,100.0,88.0,,21.3377556,72.7512221,17.30000114440918,-0.783,-0.437,0.183,,0.0,0.0,0.0,,,,,0.0,0.0,31.0,-2.199999997287705e-06,-4.39999999457541e-06,0.06,88.0,36.5,2
56455,SO-0602,Constable Dinesh Chaudhary,Constable,39,2026-07-26 12:13:36+00:00,89.0,87.0,,21.337756,72.7512251,17.30000114440918,-0.938,-0.136,-0.321,,0.0,0.0,0.0,,,,,0.0,0.0,29.0,3.999999975690116e-07,2.999999992425728e-06,0.04,87.0,36.5,0
56457,SO-0602,Constable Dinesh Chaudhary,Constable,39,2026-07-26 12:14:06+00:00,88.0,88.0,,21.3377539,72.7512262,17.30000114440918,-0.887,-0.211,-0.411,,0.0,0.0,0.0,,,,,0.0,0.0,30.0,-2.099999999671809e-06,1.1000000057492798e-06,0.03,88.0,36.5,0
56460,SO-0602,Constable Dinesh Chaudhary,Constable,39,2026-07-26 12:14:36+00:00,82.0,87.0,,21.3377548,72.7512249,17.30000114440918,-0.88,-0.22,-0.361,,0.0,0.0,0.0,,,,,0.0,0.0,30.0,8.999999998593466e-07,-1.3000000080864993e-06,0.02,87.0,36.5,0
56463,SO-0602,Constable Dinesh Chaudhary,Constable,39,2026-07-26 12:15:06+00:00,84.0,88.0,,21.3377555,72.7512244,17.30000114440918,-0.907,-0.238,-0.346,,0.0,0.0,0.0,,,,,0.0,0.0,30.0,7.000000010748408e-07,-4.999999987376214e-07,0.01,88.0,36.5,0
56465,SO-0602,Constable Dinesh Chaudhary,Constable,39,2026-07-26 12:15:36+00:00,97.0,88.0,,21.3377546,72.7512252,17.30000114440918,-0.212,0.964,-0.117,,0.0,0.0,0.0,,,,,0.0,0.0,30.0,-8.999999998593466e-07,7.999999951380232e-07,0.02,88.0,36.5,2
56467,SO-0602,Constable Dinesh Chaudhary,Constable,39,2026-07-26 12:16:06+00:00,91.0,67.0,,21.3377549,72.7512243,17.30000114440918,-0.241,0.99,0.19,,0.0,0.0,0.0,,,,,0.0,0.0,30.0,2.999999999531156e-07,-8.999999892012056e-07,0.01,67.0,36.5,2
56469,SO-0602,Constable Dinesh Chaudhary,Constable,39,2026-07-26 12:16:36+00:00,97.0,87.0,,21.3377562,72.7512254,17.30000114440918,-0.477,0.89,-0.007,,0.0,0.0,0.0,,,,,0.0,0.0,30.0,1.300000000981072e-06,1.099999991538425e-06,0.02,87.0,36.5,2
56471,SO-0602,Constable Dinesh Chaudhary,Constable,39,2026-07-26 12:17:06+00:00,97.0,88.0,,21.3377616,72.751224,17.30000114440918,-0.258,0.961,0.094,,0.0,0.0,0.0,,,,,0.0,0.0,30.0,5.39999999915608e-06,-1.4000000021496817e-06,0.07,88.0,36.5,2
56474,SO-0602,Constable Dinesh Chaudhary,Constable,39,2026-07-26 12:17:36+00:00,97.0,88.0,,21.3377557,72.7512223,17.30000114440918,-0.261,0.957,0.102,,0.0,0.0,0.0,,,,,0.0,0.0,30.0,-5.900000001446415e-06,-1.6999999985500835e-06,0.08,88.0,36.5,2
56476,SO-0602,Constable Dinesh Chaudhary,Constable,39,2026-07-26 12:18:06+00:00,100.0,87.0,,21.337764,72.7512235,17.30000114440918,-0.809,-0.486,0.281,,0.0,0.0,0.0,,,,,0.0,0.0,30.0,8.30000000107134e-06,1.1999999998124622e-06,0.11,87.0,36.5,2
56478,SO-0602,Constable Dinesh Chaudhary,Constable,39,2026-07-26 12:18:36+00:00,100.0,88.0,,21.3377544,72.7512229,17.30000114440918,-0.524,-0.501,0.662,,0.0,0.0,0.0,,,,,0.0,0.0,30.0,-9.599999998499698e-06,-5.999999928008037e-07,0.13,88.0,36.5,2
56480,SO-0602,Constable Dinesh Chaudhary,Constable,39,2026-07-26 12:19:06+00:00,89.0,88.0,,21.3377542,72.7512243,17.30000114440918,-0.454,-0.542,0.686,,0.0,0.0,0.0,,,,,0.0,0.0,30.0,-2.0000000233721948e-07,1.4000000021496817e-06,0.02,88.0,36.5,0
56483,SO-0602,Constable Dinesh Chaudhary,Constable,39,2026-07-26 12:19:36+00:00,92.0,88.0,,21.3377547,72.7512246,17.30000114440918,-0.667,-0.519,0.541,,0.0,0.0,0.0,,,,,0.0,0.0,30.0,5.00000002290335e-07,2.999999964004019e-07,0.01,88.0,36.5,2
56485,SO-0602,Constable Dinesh Chaudhary,Constable,39,2026-07-26 12:20:06+00:00,82.0,88.0,,21.3377566,72.7512266,17.30000114440918,-0.752,-0.481,0.436,,0.0,0.0,0.0,,,,,0.0,0.0,30.0,1.8999999973345896e-06,1.9999999949504854e-06,0.04,88.0,36.5,0
56488,SO-0602,Constable Dinesh Chaudhary,Constable,39,2026-07-26 12:20:36+00:00,100.0,88.0,,21.3377542,72.7512268,17.30000114440918,-0.48,0.91,0.298,,0.0,0.0,0.0,,,,,0.0,0.0,30.0,-2.3999999996249244e-06,2.0000000233721948e-07,0.03,88.0,36.5,2
56491,SO-0602,Constable Dinesh Chaudhary,Constable,39,2026-07-26 12:21:06+00:00,98.0,88.0,,21.3377524,72.7512253,17.30000114440918,-0.908,-0.206,-0.36,,0.0,0.0,0.0,,,,,0.0,0.0,30.0,-1.7999999997186933e-06,-1.499999996212864e-06,0.03,88.0,36.5,2
56494,SO-0602,Constable Dinesh Chaudhary,Constable,39,2026-07-26 12:21:36+00:00,98.0,88.0,,21.3377532,72.751225,17.30000114440918,-0.91,-0.136,-0.595,,0.0,0.0,0.0,,,,,0.0,0.0,30.0,8.000000022434506e-07,-2.999999964004019e-07,0.01,88.0,36.5,2
56498,SO-0602,Constable Dinesh Chaudhary,Constable,39,2026-07-26 12:22:06+00:00,98.0,88.0,,21.3377521,72.7512256,17.30000114440918,-0.274,-1.02,0.347,,0.0,0.0,0.0,,,,,0.0,0.0,30.0,-1.100000002196566e-06,5.999999928008037e-07,0.02,88.0,36.5,2
56500,SO-0602,Constable Dinesh Chaudhary,Constable,39,2026-07-26 12:22:36+00:00,91.0,76.0,,21.3377136,72.7512246,17.30000114440918,-0.309,0.841,0.231,,0.0,0.0,0.0,,,,,0.0,0.0,30.0,-3.8499999998720114e-05,-9.999999974752427e-07,0.51,76.0,36.5,2
56503,SO-0602,Constable Dinesh Chaudhary,Constable,39,2026-07-26 12:23:06+00:00,99.0,87.0,,21.337755,72.751223,17.30000114440918,-0.643,-0.167,0.673,,0.0,0.0,0.0,,,,,0.0,0.0,30.0,4.140000000063537e-05,-1.6000000044869012e-06,0.55,87.0,36.5,2
56508,SO-0602,Constable Dinesh Chaudhary,Constable,39,2026-07-26 12:23:36+00:00,81.0,88.0,,21.3377555,72.7512212,17.30000114440918,-0.107,0.983,0.135,,0.0,0.0,0.0,,,,,0.0,0.0,30.0,4.999999987376214e-07,-1.799999992613266e-06,0.02,88.0,36.5,0
56510,SO-0602,Constable Dinesh Chaudhary,Constable,39,2026-07-26 12:24:06+00:00,81.0,87.0,,21.337754,72.7512221,17.30000114440918,-0.104,0.984,0.121,,0.0,0.0,0.0,,,,,0.0,0.0,30.0,-1.4999999997655775e-06,9.000000034120603e-07,0.02,87.0,36.5,0
56513,SO-0602,Constable Dinesh Chaudhary,Constable,39,2026-07-26 12:24:36+00:00,100.0,81.0,,21.3377528,72.7512254,17.30000114440918,-0.697,0.774,-0.605,,0.0,0.0,0.0,,,,,0.0,0.0,30.0,-1.1999999998124622e-06,3.29999998882613e-06,0.05,81.0,36.5,2
56516,SO-0602,Constable Dinesh Chaudhary,Constable,39,2026-07-26 12:25:06+00:00,100.0,63.0,,21.3377516,72.751226,17.30000114440918,-0.457,0.719,-0.32,,0.0,0.0,0.0,,,,,0.0,0.0,30.0,-1.1999999998124622e-06,6.000000070116585e-07,0.02,63.0,36.5,2
56518,SO-0602,Constable Dinesh Chaudhary,Constable,39,2026-07-26 12:25:36+00:00,98.0,79.0,,21.3369283,72.7511819,17.30000114440918,-0.108,0.996,-0.086,,0.0,0.0,0.0,,,,,0.0,0.0,30.0,-0.0008233000000004,-4.40999999966607e-05,10.98,79.0,36.5,1
56520,SO-0602,Constable Dinesh Chaudhary,Constable,39,2026-07-26 12:26:06+00:00,96.0,85.0,,21.3369527,72.7511789,17.30000114440918,-0.16,0.987,-0.091,,0.0,0.0,0.0,,,,,0.0,0.0,30.0,2.4400000000923683e-05,-3.000000006636583e-06,0.33,85.0,36.5,2
56521,SO-0602,Constable Dinesh Chaudhary,Constable,39,2026-07-26 12:26:36+00:00,98.0,85.0,,21.3376181,72.7512335,17.100000381469727,-0.049,0.724,-0.252,,0.0,0.0,0.0,,,,,0.0,0.0,30.0,0.000665399999999,5.459999999857246e-05,8.89,85.0,36.5,1
56523,SO-0602,Constable Dinesh Chaudhary,Constable,39,2026-07-26 12:27:06+00:00,100.0,88.0,,21.3376194,72.7512869,16.69999885559082,0.643,-0.651,0.364,,0.0,0.0,0.0,,,,,0.0,0.0,30.0,1.300000000981072e-06,5.3399999998759995e-05,0.69,88.0,36.5,2
56526,SO-0602,Constable Dinesh Chaudhary,Constable,39,2026-07-26 12:27:37+00:00,95.0,86.0,,21.337621,72.7512386,19.13104872240521,-0.414,1.184,0.181,,0.0,0.0,0.0,,,,,0.0,0.0,31.0,1.5999999973814738e-06,-4.8300000003109744e-05,0.6,86.0,36.5,2
56529,SO-0602,Constable Dinesh Chaudhary,Constable,39,2026-07-26 12:28:06+00:00,100.0,86.0,,21.3377577,72.7512247,14.273744583647868,-0.523,1.074,0.299,,0.0,0.0,0.0,,,,,0.0,0.0,29.0,0.0001367000000023,-1.3899999999011923e-05,1.89,86.0,36.5,2
56532,SO-0602,Constable Dinesh Chaudhary,Constable,39,2026-07-26 12:28:36+00:00,91.0,86.0,,21.3377546,72.7512231,17.30000114440918,-0.714,0.268,0.639,,0.0,0.0,0.0,,,,,0.0,0.0,30.0,-3.1000000006997652e-06,-1.5999999902760464e-06,0.05,86.0,36.5,2
56537,SO-0602,Constable Dinesh Chaudhary,Constable,39,2026-07-26 12:29:06+00:00,100.0,86.0,,21.3377555,72.7512238,17.30000114440918,-0.695,0.316,0.631,,0.0,0.0,0.0,,,,,0.0,0.0,30.0,8.999999998593466e-07,7.000000010748408e-07,0.01,86.0,36.5,2
56540,SO-0602,Constable Dinesh Chaudhary,Constable,39,2026-07-26 12:29:36+00:00,98.0,88.0,,21.3377547,72.7512228,17.30000114440918,-0.51,-0.328,0.78,,0.0,0.0,0.0,,,,,0.0,0.0,30.0,-7.999999986907369e-07,-1.0000000116860974e-06,0.02,88.0,36.5,2
56543,SO-0602,Constable Dinesh Chaudhary,Constable,39,2026-07-26 12:30:06+00:00,89.0,88.0,,21.3377535,72.7512244,17.30000114440918,-0.425,-0.369,0.815,,0.0,0.0,0.0,,,,,0.0,0.0,30.0,-1.1999999998124622e-06,1.6000000044869012e-06,0.03,88.0,36.5,0
56545,SO-0602,Constable Dinesh Chaudhary,Constable,39,2026-07-26 12:30:36+00:00,97.0,88.0,,21.3377552,72.7512223,17.30000114440918,-0.771,-0.222,0.677,,0.0,0.0,0.0,,,,,0.0,0.0,30.0,1.6999999985500835e-06,-2.1000000032245225e-06,0.04,88.0,36.5,2
56548,SO-0602,Constable Dinesh Chaudhary,Constable,39,2026-07-26 12:31:06+00:00,100.0,85.0,,21.3377537,72.751225,17.30000114440918,-0.425,-0.347,0.824,,0.0,0.0,0.0,,,,,0.0,0.0,30.0,-1.4999999997655775e-06,2.700000010236181e-06,0.04,85.0,36.5,2
56551,SO-0602,Constable Dinesh Chaudhary,Constable,39,2026-07-26 12:31:36+00:00,90.0,83.0,,21.3377542,72.7512209,17.30000114440918,-0.507,-0.271,0.789,,0.0,0.0,0.0,,,,,0.0,0.0,30.0,4.999999987376214e-07,-4.099999998175008e-06,0.05,83.0,36.5,0
56554,SO-0602,Constable Dinesh Chaudhary,Constable,39,2026-07-26 12:32:06+00:00,84.0,86.0,,21.3377541,72.7512216,17.30000114440918,-0.494,-0.342,0.778,,0.0,0.0,0.0,,,,,0.0,0.0,30.0,-9.999999761589606e-08,6.999999868639861e-07,0.01,86.0,36.5,0
56556,SO-0602,Constable Dinesh Chaudhary,Constable,39,2026-07-26 12:32:36+00:00,85.0,87.0,,21.337753,72.7512251,17.30000114440918,-0.709,0.167,0.67,,0.0,0.0,0.0,,,,,0.0,0.0,30.0,-1.100000002196566e-06,3.500000005374204e-06,0.05,87.0,36.5,0
56558,SO-0602,Constable Dinesh Chaudhary,Constable,39,2026-07-26 12:33:06+00:00,88.0,88.0,,21.3377554,72.7512224,17.30000114440918,-0.366,-0.245,0.879,,0.0,0.0,0.0,,,,,0.0,0.0,30.0,2.3999999996249244e-06,-2.6999999960253263e-06,0.05,88.0,36.5,0
56562,SO-0602,Constable Dinesh Chaudhary,Constable,39,2026-07-26 12:33:36+00:00,99.0,83.0,,21.3377548,72.7512204,17.30000114440918,-0.395,0.224,0.888,,0.0,0.0,0.0,,,,,0.0,0.0,30.0,-5.999999999062311e-07,-2.00000000916134e-06,0.03,83.0,36.5,2
56565,SO-0602,Constable Dinesh Chaudhary,Constable,39,2026-07-26 12:34:06+00:00,96.0,87.0,,21.3377551,72.7512197,17.30000114440918,-0.608,-0.246,0.754,,0.0,0.0,0.0,,,,,0.0,0.0,30.0,2.999999999531156e-07,-7.000000010748408e-07,0.01,87.0,36.5,2
56568,SO-0602,Constable Dinesh Chaudhary,Constable,39,2026-07-26 12:34:36+00:00,94.0,88.0,,21.3377537,72.7512241,17.30000114440918,-0.288,-0.219,0.925,,0.0,0.0,0.0,,,,,0.0,0.0,30.0,-1.399999998596968e-06,4.4000000087862645e-06,0.06,88.0,36.5,2
56571,SO-0602,Constable Dinesh Chaudhary,Constable,39,2026-07-26 12:35:06+00:00,97.0,88.0,,21.3377571,72.7512213,17.30000114440918,-0.362,-0.238,0.888,,0.0,0.0,0.0,,,,,0.0,0.0,30.0,3.4000000006528808e-06,-2.8000000042993634e-06,0.06,88.0,36.5,2
56574,SO-0602,Constable Dinesh Chaudhary,Constable,39,2026-07-26 12:35:36+00:00,97.0,87.0,,21.3377535,72.7512233,17.30000114440918,-0.343,-0.223,0.902,,0.0,0.0,0.0,,,,,0.0,0.0,30.0,-3.5999999994373866e-06,2.00000000916134e-06,0.05,87.0,36.5,2
56576,SO-0602,Constable Dinesh Chaudhary,Constable,39,2026-07-26 12:36:06+00:00,97.0,86.0,,21.3377539,72.7512215,17.30000114440918,-0.29,-0.226,0.929,,0.0,0.0,0.0,,,,,0.0,0.0,30.0,3.999999975690116e-07,-1.8000000068241206e-06,0.02,86.0,36.5,2
56579,SO-0602,Constable Dinesh Chaudhary,Constable,39,2026-07-26 12:36:36+00:00,100.0,84.0,,21.3377568,72.751222,17.30000114440918,-0.679,0.085,0.695,,0.0,0.0,0.0,,,,,0.0,0.0,30.0,2.900000001915259e-06,4.999999987376214e-07,0.04,84.0,36.5,2
56583,SO-0602,Constable Dinesh Chaudhary,Constable,39,2026-07-26 12:37:06+00:00,93.0,76.0,,21.337756,72.7512196,17.30000114440918,-1.026,0.265,-0.166,,0.0,0.0,0.0,,,,,0.0,0.0,30.0,-8.000000022434506e-07,-2.3999999996249244e-06,0.03,76.0,36.5,2
56585,SO-0602,Constable Dinesh Chaudhary,Constable,39,2026-07-26 12:37:36+00:00,90.0,87.0,,21.3377568,72.7512186,17.30000114440918,-0.333,0.983,0.271,,0.0,0.0,0.0,,,,,0.0,0.0,30.0,8.000000022434506e-07,-9.999999974752427e-07,0.02,87.0,36.5,0
56587,SO-0602,Constable Dinesh Chaudhary,Constable,39,2026-07-26 12:38:06+00:00,93.0,88.0,,21.3377567,72.7512221,17.30000114440918,-0.89,-0.108,0.408,,0.0,0.0,0.0,,,,,0.0,0.0,30.0,-1.0000000116860974e-07,3.500000005374204e-06,0.04,88.0,36.5,2
56590,SO-0602,Constable Dinesh Chaudhary,Constable,39,2026-07-26 12:38:36+00:00,94.0,88.0,,21.3377553,72.7512224,17.30000114440918,-0.51,-0.276,0.826,,0.0,0.0,0.0,,,,,0.0,0.0,30.0,-1.399999998596968e-06,2.999999964004019e-07,0.02,88.0,36.5,2
56592,SO-0602,Constable Dinesh Chaudhary,Constable,39,2026-07-26 12:39:06+00:00,90.0,84.0,,21.3377571,72.7512195,17.30000114440918,-0.558,-0.402,0.711,,0.0,0.0,0.0,,,,,0.0,0.0,30.0,1.7999999997186933e-06,-2.8999999983625457e-06,0.04,84.0,36.5,0
56594,SO-0602,Constable Dinesh Chaudhary,Constable,39,2026-07-26 12:39:36+00:00,96.0,82.0,,21.3377582,72.7512201,17.30000114440918,-0.866,-0.248,0.021,,0.0,0.0,0.0,,,,,0.0,0.0,30.0,1.0999999986438525e-06,5.999999928008037e-07,0.02,82.0,36.5,2
56596,SO-0602,Constable Dinesh Chaudhary,Constable,39,2026-07-26 12:40:06+00:00,98.0,87.0,,21.3377552,72.751222,17.30000114440918,-0.74,0.194,0.623,,0.0,0.0,0.0,,,,,0.0,0.0,30.0,-2.9999999995311555e-06,1.900000000887303e-06,0.05,87.0,36.5,2
56597,SO-0602,Constable Dinesh Chaudhary,Constable,39,2026-07-26 12:40:36+00:00,83.0,78.0,,21.3377563,72.7512213,17.30000114440918,-0.499,-0.48,0.705,,0.0,0.0,0.0,,,,,0.0,0.0,30.0,1.0999999986438525e-06,-7.000000010748408e-07,0.02,78.0,36.5,0
56598,SO-0602,Constable Dinesh Chaudhary,Constable,39,2026-07-26 12:41:06+00:00,98.0,88.0,,21.3377554,72.7512217,17.30000114440918,-0.354,-0.293,0.93,,0.0,0.0,0.0,,,,,0.0,0.0,30.0,-8.999999998593466e-07,4.0000000467443897e-07,0.01,88.0,36.5,2
56599,SO-0602,Constable Dinesh Chaudhary,Constable,39,2026-07-26 12:41:36+00:00,91.0,88.0,,21.3377555,72.7512212,17.30000114440918,-0.369,-0.29,0.869,,0.0,0.0,0.0,,,,,0.0,0.0,30.0,1.0000000116860974e-07,-4.999999987376214e-07,0.01,88.0,36.5,2
56601,SO-0602,Constable Dinesh Chaudhary,Constable,39,2026-07-26 12:42:06+00:00,89.0,88.0,,21.3377529,72.7512229,17.30000114440918,-0.326,-0.397,0.846,,0.0,0.0,0.0,,,,,0.0,0.0,30.0,-2.59999999840943e-06,1.6999999985500835e-06,0.04,88.0,36.5,0
56603,SO-0602,Constable Dinesh Chaudhary,Constable,39,2026-07-26 12:42:36+00:00,100.0,81.0,,21.3377549,72.7512243,12.858095209901151,-0.615,0.801,0.136,,0.0,0.0,0.0,,,,,0.0,0.0,30.0,1.999999998503199e-06,1.4000000021496817e-06,0.03,81.0,36.5,2
56605,SO-0602,Constable Dinesh Chaudhary,Constable,39,2026-07-26 12:43:06+00:00,99.0,87.0,,21.3377567,72.7512252,17.30000114440918,0.253,-0.157,0.92,,0.0,0.0,0.0,,,,,0.0,0.0,30.0,1.7999999997186933e-06,8.999999892012056e-07,0.03,87.0,36.5,2
56607,SO-0602,Constable Dinesh Chaudhary,Constable,39,2026-07-26 12:43:36+00:00,99.0,83.0,,21.3377535,72.7512272,17.30000114440918,-0.3,0.997,0.423,,0.0,0.0,0.0,,,,,0.0,0.0,30.0,-3.1999999983156613e-06,2.00000000916134e-06,0.05,83.0,36.5,2
56609,SO-0602,Constable Dinesh Chaudhary,Constable,39,2026-07-26 12:44:07+00:00,98.0,88.0,,21.3377538,72.7512241,17.30000114440918,-0.482,0.811,0.314,,0.0,0.0,0.0,,,,,0.0,0.0,31.0,2.999999999531156e-07,-3.1000000006997652e-06,0.04,88.0,36.5,2
56611,SO-0602,Constable Dinesh Chaudhary,Constable,39,2026-07-26 12:44:36+00:00,100.0,84.0,,21.337754,72.7512239,17.30000114440918,-0.745,0.571,-0.326,,0.0,0.0,0.0,,,,,0.0,0.0,29.0,1.999999987845058e-07,-2.0000000233721948e-07,0.0,84.0,36.5,2
56613,SO-0602,Constable Dinesh Chaudhary,Constable,39,2026-07-26 12:45:06+00:00,98.0,88.0,,21.3377569,72.7512232,17.30000114440918,-0.578,0.801,-0.064,,0.0,0.0,0.0,,,,,0.0,0.0,30.0,2.8999999983625457e-06,-7.000000010748408e-07,0.04,88.0,36.5,2
56615,SO-0602,Constable Dinesh Chaudhary,Constable,39,2026-07-26 12:45:36+00:00,100.0,84.0,,21.3377542,72.7512247,17.30000114440918,-0.032,0.806,0.907,,0.0,0.0,0.0,,,,,0.0,0.0,30.0,-2.69999999957804e-06,1.499999996212864e-06,0.04,84.0,36.5,2
56616,SO-0602,Constable Dinesh Chaudhary,Constable,39,2026-07-26 12:46:06+00:00,89.0,56.0,,21.3376174,72.7512384,20.75600753700483,-0.474,0.681,0.484,,0.0,0.0,0.0,,,,,0.0,0.0,30.0,-0.0001367999999999,1.370000001088556e-05,1.83,56.0,36.5,0
56617,SO-0602,Constable Dinesh Chaudhary,Constable,39,2026-07-26 12:46:36+00:00,96.0,87.0,,21.3377544,72.7512219,17.30000114440918,-0.781,-0.146,0.583,,0.0,0.0,0.0,,,,,0.0,0.0,30.0,0.0001370000000022,-1.650000000097407e-05,1.84,87.0,36.5,2
56618,SO-0602,Constable Dinesh Chaudhary,Constable,39,2026-07-26 12:47:06+00:00,93.0,88.0,,21.3377547,72.7512247,11.209052555118404,-0.713,-0.006,0.631,,0.0,0.0,0.0,,,,,0.0,0.0,30.0,2.999999999531156e-07,2.7999999900885086e-06,0.04,88.0,36.5,2
56619,SO-0602,Constable Dinesh Chaudhary,Constable,39,2026-07-26 12:47:36+00:00,99.0,82.0,,21.3377631,72.7512229,17.30000114440918,-0.949,-0.215,0.099,,0.0,0.0,0.0,,,,,0.0,0.0,30.0,8.399999998687235e-06,-1.799999992613266e-06,0.11,82.0,36.5,2
56620,SO-0602,Constable Dinesh Chaudhary,Constable,39,2026-07-26 12:48:06+00:00,100.0,88.0,,21.3377558,72.7512244,17.30000114440918,-0.613,-0.08,0.764,,0.0,0.0,0.0,,,,,0.0,0.0,30.0,-7.300000000043383e-06,1.499999996212864e-06,0.1,88.0,36.5,2
56621,SO-0602,Constable Dinesh Chaudhary,Constable,39,2026-07-26 12:48:36+00:00,81.0,86.0,,21.3377568,72.7512219,17.30000114440918,-0.923,-0.209,0.283,,0.0,0.0,0.0,,,,,0.0,0.0,30.0,1.0000000010279564e-06,-2.4999999936881068e-06,0.03,86.0,36.5,0
56622,SO-0602,Constable Dinesh Chaudhary,Constable,39,2026-07-26 12:49:06+00:00,97.0,85.0,,21.3377543,72.7512262,17.30000114440918,-0.201,0.97,0.131,,0.0,0.0,0.0,,,,,0.0,0.0,30.0,-2.500000000793534e-06,4.300000000512227e-06,0.06,85.0,36.5,2
56623,SO-0602,Constable Dinesh Chaudhary,Constable,39,2026-07-26 12:49:36+00:00,100.0,84.0,,21.3377548,72.7512249,17.30000114440918,-0.02,0.886,-0.109,,0.0,0.0,0.0,,,,,0.0,0.0,30.0,4.999999987376214e-07,-1.3000000080864993e-06,0.02,84.0,36.5,2
56624,SO-0602,Constable Dinesh Chaudhary,Constable,39,2026-07-26 12:50:06+00:00,96.0,88.0,,21.337756,72.7512193,17.30000114440918,-0.913,-0.133,0.357,,0.0,0.0,0.0,,,,,0.0,0.0,30.0,1.1999999998124622e-06,-5.599999994387872e-06,0.07,88.0,36.5,2
56625,SO-0602,Constable Dinesh Chaudhary,Constable,39,2026-07-26 12:50:36+00:00,85.0,87.0,,21.3377561,72.7512188,17.30000114440918,-0.905,-0.192,0.34,,0.0,0.0,0.0,,,,,0.0,0.0,30.0,1.0000000116860974e-07,-4.999999987376214e-07,0.01,87.0,36.5,0
56626,SO-0602,Constable Dinesh Chaudhary,Constable,39,2026-07-26 12:51:06+00:00,93.0,85.0,,21.3377549,72.7512223,17.30000114440918,-0.913,0.211,-0.241,,0.0,0.0,0.0,,,,,0.0,0.0,30.0,-1.1999999998124622e-06,3.4999999911633495e-06,0.05,85.0,36.5,2
56627,SO-0602,Constable Dinesh Chaudhary,Constable,39,2026-07-26 12:51:36+00:00,96.0,85.0,,21.3377582,72.7512254,17.30000114440918,-0.228,0.963,0.064,,0.0,0.0,0.0,,,,,0.0,0.0,30.0,3.299999999484271e-06,3.1000000006997652e-06,0.06,85.0,36.5,2
56628,SO-0602,Constable Dinesh Chaudhary,Constable,39,2026-07-26 12:52:06+00:00,94.0,84.0,,21.337755,72.7512272,17.30000114440918,-0.24,0.969,0.034,,0.0,0.0,0.0,,,,,0.0,0.0,30.0,-3.1999999983156613e-06,1.8000000068241206e-06,0.05,84.0,36.5,2
56631,SO-0602,Constable Dinesh Chaudhary,Constable,39,2026-07-26 12:52:36+00:00,82.0,88.0,,21.3377554,72.7512214,17.30000114440918,-0.955,-0.173,0.144,,0.0,0.0,0.0,,,,,0.0,0.0,30.0,3.999999975690116e-07,-5.7999999967250915e-06,0.07,88.0,36.5,0
56632,SO-0602,Constable Dinesh Chaudhary,Constable,39,2026-07-26 12:53:06+00:00,89.0,88.0,,21.3377563,72.7512222,17.30000114440918,-0.242,0.964,0.152,,0.0,0.0,0.0,,,,,0.0,0.0,30.0,8.999999998593466e-07,7.999999951380232e-07,0.02,88.0,36.5,0
56633,SO-0602,Constable Dinesh Chaudhary,Constable,39,2026-07-26 12:53:36+00:00,93.0,88.0,,21.3377549,72.7512251,17.30000114440918,-0.043,0.991,-0.187,,0.0,0.0,0.0,,,,,0.0,0.0,30.0,-1.399999998596968e-06,2.8999999983625457e-06,0.04,88.0,36.5,2
56634,SO-0602,Constable Dinesh Chaudhary,Constable,39,2026-07-26 12:54:06+00:00,99.0,88.0,,21.3376175,72.7512371,17.100000381469727,-0.189,0.961,0.147,,0.0,0.0,0.0,,,,,0.0,0.0,30.0,-0.0001373999999998,1.1999999998124622e-05,1.84,88.0,36.5,2
56635,SO-0602,Constable Dinesh Chaudhary,Constable,39,2026-07-26 12:54:36+00:00,90.0,88.0,,21.3377518,72.7512266,17.30000114440918,-0.755,0.103,0.63,,0.0,0.0,0.0,,,,,0.0,0.0,30.0,0.0001342999999991,-1.0500000001911758e-05,1.79,88.0,36.5,0
56636,SO-0602,Constable Dinesh Chaudhary,Constable,39,2026-07-26 12:55:06+00:00,100.0,88.0,,21.3377539,72.7512261,17.30000114440918,-0.458,0.12,0.868,,0.0,0.0,0.0,,,,,0.0,0.0,30.0,2.099999999671809e-06,-4.999999987376214e-07,0.03,88.0,36.5,2
56637,SO-0602,Constable Dinesh Chaudhary,Constable,39,2026-07-26 12:55:36+00:00,96.0,87.0,,21.337755,72.7512264,17.30000114440918,-0.262,1.275,0.2,,0.0,0.0,0.0,,,,,0.0,0.0,30.0,1.100000002196566e-06,2.999999964004019e-07,0.02,87.0,36.5,2
56638,SO-0602,Constable Dinesh Chaudhary,Constable,39,2026-07-26 12:56:06+00:00,85.0,86.0,,21.3377534,72.7512267,17.30000114440918,-0.853,-0.357,0.062,,0.0,0.0,0.0,,,,,0.0,0.0,30.0,-1.6000000009341877e-06,3.000000106112566e-07,0.02,86.0,36.5,0
56639,SO-0602,Constable Dinesh Chaudhary,Constable,39,2026-07-26 12:56:36+00:00,100.0,87.0,,21.3377546,72.7512255,17.30000114440918,-0.697,-0.058,0.19,,0.0,0.0,0.0,,,,,0.0,0.0,30.0,1.1999999998124622e-06,-1.1999999998124622e-06,0.02,87.0,36.5,2
56640,SO-0602,Constable Dinesh Chaudhary,Constable,39,2026-07-26 12:57:06+00:00,100.0,52.0,,21.3376507,72.751354,16.69999885559082,-0.301,1.157,0.126,,0.0,0.0,0.0,,,,,0.0,0.0,30.0,-0.0001038999999991,0.0001285000000024,2.15,52.0,36.5,2
56641,SO-0602,Constable Dinesh Chaudhary,Constable,39,2026-07-26 12:57:37+00:00,97.0,56.0,,21.3376507,72.751354,21.2038634674998,-0.341,1.195,0.31,,0.0,0.0,0.0,,,,,0.0,0.0,31.0,0.0,0.0,0.0,56.0,36.5,2
56642,SO-0602,Constable Dinesh Chaudhary,Constable,39,2026-07-26 12:58:06+00:00,98.0,72.0,,21.337274,72.7523646,16.399999618530273,0.757,-0.455,0.425,,0.0,0.0,0.0,,,,,0.0,0.0,29.0,-0.0003767000000003,0.0010106000000007,14.38,72.0,36.5,1
56643,SO-0602,Constable Dinesh Chaudhary,Constable,39,2026-07-26 12:58:36+00:00,99.0,87.0,,21.3372332,72.7523838,17.399999618530273,-0.208,-0.952,0.183,,0.0,0.0,0.0,,,,,0.0,0.0,30.0,-4.080000000072914e-05,1.9199999996999395e-05,0.6,87.0,36.5,2
56644,SO-0602,Constable Dinesh Chaudhary,Constable,39,2026-07-26 12:59:06+00:00,97.0,88.0,,21.3374927,72.7516545,16.69999885559082,-0.218,0.682,0.687,,0.0,0.0,0.0,,,,,0.0,0.0,30.0,0.0002594999999985,-0.0007293000000032,9.98,88.0,36.5,1
56690,SO-0602,Constable Dinesh Chaudhary,Constable,39,2026-07-26 13:22:07+00:00,98.0,88.0,,21.3219604,72.8596421,24.98029698995917,-0.343,-0.293,0.825,,0.0,0.0,0.0,,,,,0.0,0.0,1381.0,-0.0155323000000002,0.1079876000000013,0.0,88.0,36.5,2
56692,SO-0602,Constable Dinesh Chaudhary,Constable,39,2026-07-26 13:22:36+00:00,100.0,86.0,,21.322364,72.8636439,24.399999618530273,-0.484,-0.112,1.062,,0.0,0.0,0.0,,,,,0.0,0.0,29.0,0.000403600000002,0.0040017999999975,53.41,86.0,36.5,1
56694,SO-0602,Constable Dinesh Chaudhary,Constable,39,2026-07-26 13:23:06+00:00,97.0,88.0,,21.321892,72.8647869,28.8787304542995,-0.273,-0.227,0.86,,0.0,0.0,0.0,,,,,0.0,0.0,30.0,-0.000472000000002,0.001142999999999,15.96,88.0,36.5,1
58436,SO-0602,Constable Dinesh Chaudhary,Constable,39,2026-07-26 21:27:57+00:00,97.0,84.0,,21.3167357,72.8884259,26.200000762939453,-0.343,-0.934,-0.075,,0.0,0.0,0.0,,,,,0.0,0.0,29091.0,-0.0051562999999994,0.0236390000000028,0.0,84.0,36.5,2
58438,SO-0602,Constable Dinesh Chaudhary,Constable,39,2026-07-26 21:28:27+00:00,100.0,84.0,,21.3167363,72.888516,26.100000381469727,0.148,-0.947,0.3,,0.0,0.0,0.0,,,,,0.0,0.0,30.0,5.999999999062311e-07,9.00999999942087e-05,1.16,84.0,36.5,2
58440,SO-0602,Constable Dinesh Chaudhary,Constable,39,2026-07-26 21:28:57+00:00,84.0,84.0,,21.3167353,72.8885155,26.100000381469727,0.114,-0.956,0.249,,0.0,0.0,0.0,,,,,0.0,0.0,30.0,-9.999999974752427e-07,-4.999999987376214e-07,0.01,84.0,36.5,0
58443,SO-0602,Constable Dinesh Chaudhary,Constable,39,2026-07-26 21:29:28+00:00,94.0,85.0,,21.3167457,72.888411,26.200000762939453,-0.626,-0.768,-0.05,,0.0,0.0,0.0,,,,,0.0,0.0,31.0,1.0399999997190434e-05,-0.0001044999999919,1.3,85.0,36.5,2
58446,SO-0602,Constable Dinesh Chaudhary,Constable,39,2026-07-26 21:29:57+00:00,100.0,83.0,,21.3167384,72.888514,26.100000381469727,-0.653,-0.748,-0.144,,0.0,0.0,0.0,,,,,0.0,0.0,29.0,-7.300000000043383e-06,0.0001029999999957,1.37,83.0,36.5,2
58449,SO-0602,Constable Dinesh Chaudhary,Constable,39,2026-07-26 21:30:27+00:00,99.0,88.0,,21.3167459,72.8884113,26.200000762939453,-0.681,-0.724,-0.121,,0.0,0.0,0.0,,,,,0.0,0.0,30.0,7.500000002380602e-06,-0.0001026999999993,1.32,88.0,36.5,2
58452,SO-0602,Constable Dinesh Chaudhary,Constable,39,2026-07-26 21:30:57+00:00,96.0,87.0,,21.3167403,72.8884653,26.100000381469727,-0.349,-0.659,0.624,,0.0,0.0,0.0,,,,,0.0,0.0,30.0,-5.600000001493299e-06,5.39999999915608e-05,0.7,87.0,36.5,2
58455,SO-0602,Constable Dinesh Chaudhary,Constable,39,2026-07-26 21:31:31+00:00,88.0,86.0,,21.3167403,72.8884653,26.100000381469727,-0.194,-0.979,-0.038,,0.0,0.0,0.0,,,,,0.0,0.0,34.0,0.0,0.0,0.0,86.0,36.5,0
58460,SO-0602,Constable Dinesh Chaudhary,Constable,39,2026-07-26 21:32:01+00:00,81.0,84.0,,21.3167403,72.8884653,26.100000381469727,-0.21,-0.969,-0.052,,0.0,0.0,0.0,,,,,0.0,0.0,30.0,0.0,0.0,0.0,84.0,36.5,0
58461,SO-0602,Constable Dinesh Chaudhary,Constable,39,2026-07-26 21:32:31+00:00,98.0,88.0,,21.3167403,72.8884653,26.100000381469727,-0.191,-0.973,-0.06,,0.0,0.0,0.0,,,,,0.0,0.0,30.0,0.0,0.0,0.0,88.0,36.5,2
58464,SO-0602,Constable Dinesh Chaudhary,Constable,39,2026-07-26 21:33:01+00:00,92.0,87.0,,21.3167403,72.8884653,26.100000381469727,-0.218,-0.971,-0.055,,0.0,0.0,0.0,,,,,0.0,0.0,30.0,0.0,0.0,0.0,87.0,36.5,2
58467,SO-0602,Constable Dinesh Chaudhary,Constable,39,2026-07-26 21:33:31+00:00,97.0,88.0,,21.3167322,72.88849,26.100000381469727,-0.664,-0.721,0.091,,0.0,0.0,0.0,,,,,0.0,0.0,30.0,-8.09999999873412e-06,2.470000001153494e-05,0.33,88.0,36.5,2
58470,SO-0602,Constable Dinesh Chaudhary,Constable,39,2026-07-26 21:33:57+00:00,96.0,88.0,,21.3167406,72.8884421,26.100000381469727,-0.599,-0.68,-0.42,,0.0,0.0,0.0,,,,,0.0,0.0,26.0,8.399999998687235e-06,-4.7899999998435305e-05,0.72,88.0,36.5,2
58473,SO-0602,Constable Dinesh Chaudhary,Constable,39,2026-07-26 21:34:27+00:00,92.0,84.0,,21.3167251,72.888486,26.200000762939453,-0.264,-0.966,0.058,,0.0,0.0,0.0,,,,,0.0,0.0,30.0,-1.5499999999946112e-05,4.389999999432348e-05,0.6,84.0,36.5,2
58476,SO-0602,Constable Dinesh Chaudhary,Constable,39,2026-07-26 21:34:57+00:00,84.0,80.0,,21.3167323,72.8885044,26.100000381469727,-0.936,-0.289,0.009,,0.0,0.0,0.0,,,,,0.0,0.0,30.0,7.200000002427487e-06,1.8400000001861372e-05,0.25,80.0,36.5,0
58479,SO-0602,Constable Dinesh Chaudhary,Constable,39,2026-07-26 21:35:31+00:00,100.0,80.0,,21.3167323,72.8885044,26.100000381469727,-0.979,-0.421,-0.093,,0.0,0.0,0.0,,,,,0.0,0.0,34.0,0.0,0.0,0.0,80.0,36.5,2
58481,SO-0602,Constable Dinesh Chaudhary,Constable,39,2026-07-26 21:35:59+00:00,97.0,88.0,,21.3167353,72.8885155,26.100000381469727,-0.947,-0.307,0.099,,0.0,0.0,0.0,,,,,0.0,0.0,28.0,2.9999999995311555e-06,1.1099999994712562e-05,0.16,88.0,36.5,2
58483,SO-0602,Constable Dinesh Chaudhary,Constable,39,2026-07-26 21:36:27+00:00,85.0,78.0,,21.3167249,72.8884779,26.200000762939453,-0.927,-0.314,0.111,,0.0,0.0,0.0,,,,,0.0,0.0,28.0,-1.0400000000743148e-05,-3.759999999886077e-05,0.54,78.0,36.5,0
58485,SO-0602,Constable Dinesh Chaudhary,Constable,39,2026-07-26 21:37:01+00:00,82.0,86.0,,21.3170465,72.887916,26.200000762939453,-0.933,-0.312,0.107,,0.0,0.0,0.0,,,,,0.0,0.0,34.0,0.0003215999999994,-0.0005618999999938,7.4,86.0,36.5,1
58487,SO-0602,Constable Dinesh Chaudhary,Constable,39,2026-07-26 21:37:27+00:00,91.0,85.0,,21.3167515,72.8883193,26.200000762939453,-0.879,-0.437,-0.198,,0.0,0.0,0.0,,,,,0.0,0.0,26.0,-0.0002950000000012,0.0004033000000021,7.5,85.0,36.5,1
58489,SO-0602,Constable Dinesh Chaudhary,Constable,39,2026-07-26 21:37:57+00:00,87.0,85.0,,21.3167357,72.8884259,26.200000762939453,-0.942,-0.323,-0.019,,0.0,0.0,0.0,,,,,0.0,0.0,30.0,-1.5799999999899228e-05,0.0001065999999951,1.38,85.0,36.5,0
58491,SO-0602,Constable Dinesh Chaudhary,Constable,39,2026-07-26 21:38:27+00:00,83.0,86.0,,21.3167515,72.8883193,26.200000762939453,-0.942,-0.316,-0.009,,0.0,0.0,0.0,,,,,0.0,0.0,30.0,1.5799999999899228e-05,-0.0001065999999951,1.38,86.0,36.5,0
58493,SO-0602,Constable Dinesh Chaudhary,Constable,39,2026-07-26 21:38:57+00:00,86.0,66.0,,21.3167432,72.8884171,26.100000381469727,-0.946,-0.315,-0.027,,0.0,0.0,0.0,,,,,0.0,0.0,30.0,-8.299999997518626e-06,9.77999999918211e-05,1.26,66.0,36.5,0
58495,SO-0602,Constable Dinesh Chaudhary,Constable,39,2026-07-26 21:39:27+00:00,85.0,,,21.3167329,72.8884062,26.200000762939453,-0.936,-0.319,-0.042,,0.0,0.0,0.0,,,,,0.0,0.0,30.0,-1.0299999999574538e-05,-1.0899999992375342e-05,0.2,66.0,36.5,0
58497,SO-0602,Constable Dinesh Chaudhary,Constable,39,2026-07-26 21:39:57+00:00,90.0,86.0,,21.3167525,72.8883199,26.200000762939453,-0.93,-0.323,0.096,,0.0,0.0,0.0,,,,,0.0,0.0,30.0,1.959999999812112e-05,-8.630000000664495e-05,1.14,86.0,36.5,0
58499,SO-0602,Constable Dinesh Chaudhary,Constable,39,2026-07-26 21:40:27+00:00,86.0,86.0,,21.3167386,72.8884741,26.200000762939453,-0.93,-0.344,-0.03,,0.0,0.0,0.0,,,,,0.0,0.0,30.0,-1.3899999999011923e-05,0.0001541999999972,1.99,86.0,36.5,0
58501,SO-0602,Constable Dinesh Chaudhary,Constable,39,2026-07-26 21:40:57+00:00,87.0,69.0,,21.316738,72.8884671,26.200000762939453,-0.931,-0.346,-0.028,,0.0,0.0,0.0,,,,,0.0,0.0,30.0,-5.999999999062311e-07,-6.999999996537554e-06,0.09,69.0,36.5,0
58503,SO-0602,Constable Dinesh Chaudhary,Constable,39,2026-07-26 21:41:27+00:00,82.0,86.0,,21.3167432,72.8884171,26.100000381469727,-0.927,-0.344,-0.017,,0.0,0.0,0.0,,,,,0.0,0.0,30.0,5.200000000371574e-06,-5.000000000165983e-05,0.65,86.0,36.5,0
58505,SO-0602,Constable Dinesh Chaudhary,Constable,39,2026-07-26 21:41:57+00:00,92.0,87.0,,21.3167211,72.8884799,26.200000762939453,-0.925,-0.332,0.054,,0.0,0.0,0.0,,,,,0.0,0.0,30.0,-2.2100000002467368e-05,6.279999999492247e-05,0.86,87.0,36.5,2
58507,SO-0602,Constable Dinesh Chaudhary,Constable,39,2026-07-26 21:42:27+00:00,85.0,88.0,,21.3167249,72.8884779,26.200000762939453,-0.924,-0.342,0.147,,0.0,0.0,0.0,,,,,0.0,0.0,30.0,3.800000001774606e-06,-1.9999999949504854e-06,0.06,88.0,36.5,0
58509,SO-0602,Constable Dinesh Chaudhary,Constable,39,2026-07-26 21:43:01+00:00,82.0,51.0,,21.3167249,72.8884779,26.200000762939453,-0.918,-0.35,0.135,,0.0,0.0,0.0,,,,,0.0,0.0,34.0,0.0,0.0,0.0,51.0,36.5,0
58511,SO-0602,Constable Dinesh Chaudhary,Constable,39,2026-07-26 21:43:27+00:00,98.0,88.0,,21.3167411,72.8884326,26.200000762939453,-0.63,-0.622,-0.374,,0.0,0.0,0.0,,,,,0.0,0.0,26.0,1.6200000001020953e-05,-4.529999999647316e-05,0.72,88.0,36.5,2
58513,SO-0602,Constable Dinesh Chaudhary,Constable,39,2026-07-26 21:43:57+00:00,100.0,88.0,,21.316741,72.8884326,26.100000381469727,-0.936,-0.333,-0.001,,0.0,0.0,0.0,,,,,0.0,0.0,30.0,-1.0000000116860974e-07,0.0,0.0,88.0,36.5,2
58515,SO-0602,Constable Dinesh Chaudhary,Constable,39,2026-07-26 21:44:27+00:00,87.0,81.0,,21.3167457,72.888415,26.100000381469727,-0.917,-0.341,0.174,,0.0,0.0,0.0,,,,,0.0,0.0,30.0,4.699999998081239e-06,-1.760000000672335e-05,0.23,81.0,36.5,0
58517,SO-0602,Constable Dinesh Chaudhary,Constable,39,2026-07-26 21:44:57+00:00,100.0,87.0,,21.3167406,72.8884421,26.100000381469727,-0.866,-0.438,0.166,,0.0,0.0,0.0,,,,,0.0,0.0,30.0,-5.099999999202964e-06,2.7100000011159864e-05,0.35,87.0,36.5,2
58519,SO-0602,Constable Dinesh Chaudhary,Constable,39,2026-07-26 21:45:27+00:00,81.0,70.0,,21.3167425,72.8884419,24.174405659038214,-0.859,-0.321,0.379,,0.0,0.0,0.0,,,,,0.0,0.0,30.0,1.900000000887303e-06,-2.0000000233721948e-07,0.03,70.0,36.5,0
58521,SO-0602,Constable Dinesh Chaudhary,Constable,39,2026-07-26 21:45:57+00:00,95.0,63.0,,21.3167384,72.888514,23.81730289418748,-0.869,-0.312,0.345,,0.0,0.0,0.0,,,,,0.0,0.0,30.0,-4.100000001727722e-06,7.209999999702177e-05,0.93,63.0,36.5,2
58523,SO-0602,Constable Dinesh Chaudhary,Constable,39,2026-07-26 21:46:27+00:00,92.0,85.0,,21.3167353,72.8885155,23.66208068140334,-0.906,-0.291,0.217,,0.0,0.0,0.0,,,,,0.0,0.0,30.0,-3.0999999971470515e-06,1.499999996212864e-06,0.05,85.0,36.5,2
58525,SO-0602,Constable Dinesh Chaudhary,Constable,39,2026-07-26 21:46:57+00:00,81.0,88.0,,21.3167363,72.888516,22.70878407255904,-0.908,-0.303,0.255,,0.0,0.0,0.0,,,,,0.0,0.0,30.0,9.999999974752427e-07,4.999999987376214e-07,0.01,88.0,36.5,0
58527,SO-0602,Constable Dinesh Chaudhary,Constable,39,2026-07-26 21:47:27+00:00,84.0,86.0,,21.3167396,72.8884419,22.79634871550324,-0.919,-0.306,0.198,,0.0,0.0,0.0,,,,,0.0,0.0,30.0,3.299999999484271e-06,-7.409999999197225e-05,0.95,86.0,36.5,0
58529,SO-0602,Constable Dinesh Chaudhary,Constable,39,2026-07-26 21:47:57+00:00,88.0,88.0,,21.3167363,72.888516,22.644815256257505,-0.916,-0.338,0.154,,0.0,0.0,0.0,,,,,0.0,0.0,30.0,-3.299999999484271e-06,7.409999999197225e-05,0.95,88.0,36.5,0
58531,SO-0602,Constable Dinesh Chaudhary,Constable,39,2026-07-26 21:48:27+00:00,95.0,79.0,,21.3167386,72.88844,22.811030299799725,-0.839,-0.327,0.308,,0.0,0.0,0.0,,,,,0.0,0.0,30.0,2.3000000020090283e-06,-7.599999999285956e-05,0.98,79.0,36.5,2
58533,SO-0602,Constable Dinesh Chaudhary,Constable,39,2026-07-26 21:48:57+00:00,94.0,84.0,,21.3167386,72.88844,22.805321530760423,-0.908,-0.307,0.247,,0.0,0.0,0.0,,,,,0.0,0.0,30.0,0.0,0.0,0.0,84.0,36.5,2
58535,SO-0602,Constable Dinesh Chaudhary,Constable,39,2026-07-26 21:49:27+00:00,87.0,71.0,,21.3167384,72.888514,22.969963757014952,-0.905,-0.301,0.232,,0.0,0.0,0.0,,,,,0.0,0.0,30.0,-2.0000000233721948e-07,7.399999999790907e-05,0.95,71.0,36.5,0
58537,SO-0602,Constable Dinesh Chaudhary,Constable,39,2026-07-26 21:49:57+00:00,85.0,71.0,,21.316733,72.8885036,22.87138777794567,-0.909,-0.305,0.209,,0.0,0.0,0.0,,,,,0.0,0.0,30.0,-5.39999999915608e-06,-1.039999999363772e-05,0.15,71.0,36.5,0
58539,SO-0602,Constable Dinesh Chaudhary,Constable,39,2026-07-26 21:50:27+00:00,92.0,86.0,,21.3167357,72.8884259,22.685250047595517,-0.892,-0.311,0.291,,0.0,0.0,0.0,,,,,0.0,0.0,30.0,2.69999999957804e-06,-7.77000000056205e-05,1.0,86.0,36.5,2
58541,SO-0602,Constable Dinesh Chaudhary,Constable,39,2026-07-26 21:50:57+00:00,96.0,64.0,,21.3167402,72.8884304,22.703077148729705,-0.905,-0.311,0.259,,0.0,0.0,0.0,,,,,0.0,0.0,30.0,4.500000002849447e-06,4.500000002849447e-06,0.08,64.0,36.5,2
58543,SO-0602,Constable Dinesh Chaudhary,Constable,39,2026-07-26 21:51:27+00:00,99.0,84.0,,21.3167402,72.8884502,22.953184787166464,-0.718,-0.607,-0.341,,0.0,0.0,0.0,,,,,0.0,0.0,30.0,0.0,1.97999999898002e-05,0.25,84.0,36.5,2
58545,SO-0602,Constable Dinesh Chaudhary,Constable,39,2026-07-26 21:51:57+00:00,100.0,81.0,,21.3167417,72.8884231,22.830538056882247,-0.919,-0.329,0.156,,0.0,0.0,0.0,,,,,0.0,0.0,30.0,1.4999999997655775e-06,-2.709999999694901e-05,0.35,81.0,36.5,2
58547,SO-0602,Constable Dinesh Chaudhary,Constable,39,2026-07-26 21:52:27+00:00,94.0,82.0,,21.3167396,72.8884419,22.64283094229893,-0.906,-0.305,0.235,,0.0,0.0,0.0,,,,,0.0,0.0,30.0,-2.1000000032245225e-06,1.880000000653581e-05,0.24,82.0,36.5,2
58549,SO-0602,Constable Dinesh Chaudhary,Constable,39,2026-07-26 21:52:57+00:00,84.0,88.0,,21.3167211,72.8884799,22.911284835716444,-0.798,-0.296,0.493,,0.0,0.0,0.0,,,,,0.0,0.0,30.0,-1.8499999999477268e-05,3.799999998932435e-05,0.55,88.0,36.5,0
58551,SO-0602,Constable Dinesh Chaudhary,Constable,39,2026-07-26 21:53:31+00:00,95.0,84.0,,21.3167211,72.8884799,22.911284835716444,-0.777,-0.293,0.545,,0.0,0.0,0.0,,,,,0.0,0.0,34.0,0.0,0.0,0.0,84.0,36.5,2
58553,SO-0602,Constable Dinesh Chaudhary,Constable,39,2026-07-26 21:53:57+00:00,93.0,88.0,,21.3167322,72.88849,23.109049877552735,-0.825,-0.287,0.445,,0.0,0.0,0.0,,,,,0.0,0.0,26.0,1.1100000001817987e-05,1.0100000011448174e-05,0.23,88.0,36.5,2
58555,SO-0602,Constable Dinesh Chaudhary,Constable,39,2026-07-26 21:54:27+00:00,82.0,84.0,,21.3167353,72.8885155,23.318784059547497,-0.807,-0.286,0.484,,0.0,0.0,0.0,,,,,0.0,0.0,30.0,3.1000000006997652e-06,2.5499999992462108e-05,0.33,84.0,36.5,0
58557,SO-0602,Constable Dinesh Chaudhary,Constable,39,2026-07-26 21:55:01+00:00,93.0,76.0,,21.3167353,72.8885155,23.29518870872384,-0.877,-0.302,0.317,,0.0,0.0,0.0,,,,,0.0,0.0,34.0,0.0,0.0,0.0,76.0,36.5,2
58559,SO-0602,Constable Dinesh Chaudhary,Constable,39,2026-07-26 21:55:27+00:00,86.0,87.0,,21.3170524,72.88824,23.090698379985085,-0.883,-0.302,0.315,,0.0,0.0,0.0,,,,,0.0,0.0,26.0,0.0003171000000001,-0.0002755000000007,6.36,87.0,36.5,1
58561,SO-0602,Constable Dinesh Chaudhary,Constable,39,2026-07-26 21:56:01+00:00,84.0,81.0,,21.3170524,72.88824,23.338416799702628,-0.881,-0.302,0.317,,0.0,0.0,0.0,,,,,0.0,0.0,34.0,0.0,0.0,0.0,81.0,36.5,0
58563,SO-0602,Constable Dinesh Chaudhary,Constable,39,2026-07-26 21:56:27+00:00,84.0,77.0,,21.3169946,72.8883588,23.557147438160357,-0.907,-0.299,0.304,,0.0,0.0,0.0,,,,,0.0,0.0,26.0,-5.780000000044083e-05,0.0001188000000098,1.97,77.0,36.5,0
58565,SO-0602,Constable Dinesh Chaudhary,Constable,39,2026-07-26 21:56:57+00:00,90.0,78.0,,21.3167353,72.8885155,23.7432957201398,-0.897,-0.297,0.297,,0.0,0.0,0.0,,,,,0.0,0.0,30.0,-0.0002592999999997,0.0001566999999909,4.0,78.0,36.5,0
58567,SO-0602,Constable Dinesh Chaudhary,Constable,39,2026-07-26 21:57:27+00:00,84.0,76.0,,21.3167479,72.888412,26.200000762939453,-0.897,-0.297,0.303,,0.0,0.0,0.0,,,,,0.0,0.0,30.0,1.2599999998030851e-05,-0.0001034999999944,1.34,76.0,36.5,0
58569,SO-0602,Constable Dinesh Chaudhary,Constable,39,2026-07-26 21:57:57+00:00,87.0,56.0,,21.3167363,72.888516,26.100000381469727,-0.895,-0.297,0.295,,0.0,0.0,0.0,,,,,0.0,0.0,30.0,-1.160000000055561e-05,0.0001039999999932,1.34,56.0,36.5,0
58571,SO-0602,Constable Dinesh Chaudhary,Constable,39,2026-07-26 21:58:27+00:00,90.0,56.0,,21.3167363,72.888516,26.100000381469727,-0.9,-0.299,0.287,,0.0,0.0,0.0,,,,,0.0,0.0,30.0,0.0,0.0,0.0,56.0,36.5,0
58573,SO-0602,Constable Dinesh Chaudhary,Constable,39,2026-07-26 21:59:01+00:00,87.0,71.0,,21.3167363,72.888516,26.100000381469727,-0.91,-0.296,0.255,,0.0,0.0,0.0,,,,,0.0,0.0,34.0,0.0,0.0,0.0,71.0,36.5,0
58575,SO-0602,Constable Dinesh Chaudhary,Constable,39,2026-07-26 21:59:27+00:00,86.0,72.0,,21.3167363,72.888516,26.100000381469727,-0.913,-0.292,0.242,,0.0,0.0,0.0,,,,,0.0,0.0,26.0,0.0,0.0,0.0,72.0,36.5,0
58577,SO-0602,Constable Dinesh Chaudhary,Constable,39,2026-07-26 21:59:57+00:00,83.0,75.0,,21.31673,72.8884942,26.100000381469727,-0.929,-0.293,0.185,,0.0,0.0,0.0,,,,,0.0,0.0,30.0,-6.2999999990154265e-06,-2.179999999896154e-05,0.29,75.0,36.5,0
58579,SO-0602,Constable Dinesh Chaudhary,Constable,39,2026-07-26 22:00:27+00:00,84.0,87.0,,21.316731,72.8884959,26.100000381469727,-0.932,-0.292,0.172,,0.0,0.0,0.0,,,,,0.0,0.0,30.0,1.0000000010279564e-06,1.6999999985500835e-06,0.03,87.0,36.5,0
58581,SO-0602,Constable Dinesh Chaudhary,Constable,39,2026-07-26 22:00:57+00:00,91.0,75.0,,21.3167363,72.888516,26.100000381469727,-0.934,-0.291,0.145,,0.0,0.0,0.0,,,,,0.0,0.0,30.0,5.29999999798747e-06,2.0100000000411455e-05,0.27,75.0,36.5,2
58583,SO-0602,Constable Dinesh Chaudhary,Constable,39,2026-07-26 22:01:27+00:00,86.0,87.0,,21.3167393,72.8884504,26.100000381469727,-0.687,-0.587,-0.426,,0.0,0.0,0.0,,,,,0.0,0.0,30.0,2.9999999995311555e-06,-6.559999999922184e-05,0.84,87.0,36.5,0
58585,SO-0602,Constable Dinesh Chaudhary,Constable,39,2026-07-26 22:01:57+00:00,99.0,85.0,,21.3167109,72.8885902,26.700000762939453,-0.448,-0.873,0.036,,0.0,0.0,0.0,,,,,0.0,0.0,30.0,-2.839999999793008e-05,0.0001397999999994,1.83,85.0,36.5,2
58587,SO-0602,Constable Dinesh Chaudhary,Constable,39,2026-07-26 22:02:31+00:00,85.0,88.0,,21.316741,72.8885163,26.100000381469727,-0.079,-0.98,0.133,,0.0,0.0,0.0,,,,,0.0,0.0,34.0,3.010000000003288e-05,-7.389999998963503e-05,0.91,88.0,36.5,0
58589,SO-0602,Constable Dinesh Chaudhary,Constable,39,2026-07-26 22:03:01+00:00,86.0,87.0,,21.316741,72.8885163,26.100000381469727,-0.124,-0.976,0.131,,0.0,0.0,0.0,,,,,0.0,0.0,30.0,0.0,0.0,0.0,87.0,36.5,0
58591,SO-0602,Constable Dinesh Chaudhary,Constable,39,2026-07-26 22:03:31+00:00,83.0,,,21.316741,72.8885163,26.100000381469727,-0.122,-0.978,0.105,,0.0,0.0,0.0,,,,,0.0,0.0,30.0,0.0,0.0,0.0,87.0,36.5,0
58593,SO-0602,Constable Dinesh Chaudhary,Constable,39,2026-07-26 22:04:01+00:00,83.0,88.0,,21.316741,72.8885163,26.100000381469727,-0.119,-0.982,0.106,,0.0,0.0,0.0,,,,,0.0,0.0,30.0,0.0,0.0,0.0,88.0,36.5,0
58595,SO-0602,Constable Dinesh Chaudhary,Constable,39,2026-07-26 22:04:29+00:00,88.0,87.0,,21.3167363,72.888516,26.100000381469727,-0.107,-0.973,0.147,,0.0,0.0,0.0,,,,,0.0,0.0,28.0,-4.700000001633953e-06,-3.000000106112566e-07,0.07,87.0,36.5,0
58597,SO-0602,Constable Dinesh Chaudhary,Constable,39,2026-07-26 22:05:01+00:00,85.0,88.0,,21.316741,72.8885163,26.100000381469727,-0.113,-0.975,0.127,,0.0,0.0,0.0,,,,,0.0,0.0,32.0,4.700000001633953e-06,3.000000106112566e-07,0.06,88.0,36.5,0
58599,SO-0602,Constable Dinesh Chaudhary,Constable,39,2026-07-26 22:05:31+00:00,83.0,88.0,,21.3167353,72.8885155,26.100000381469727,-0.127,-0.978,0.107,,0.0,0.0,0.0,,,,,0.0,0.0,30.0,-5.699999999109195e-06,-8.000000093488779e-07,0.08,88.0,36.5,0
58601,SO-0602,Constable Dinesh Chaudhary,Constable,39,2026-07-26 22:06:01+00:00,93.0,69.0,,21.3167353,72.8885155,26.100000381469727,-0.097,-0.982,0.107,,0.0,0.0,0.0,,,,,0.0,0.0,30.0,0.0,0.0,0.0,69.0,36.5,2
58603,SO-0602,Constable Dinesh Chaudhary,Constable,39,2026-07-26 22:06:31+00:00,82.0,83.0,,21.317008,72.8875468,26.100000381469727,-0.104,-0.979,0.107,,0.0,0.0,0.0,,,,,0.0,0.0,30.0,0.0002727,-0.0009687000000013,12.95,83.0,36.5,1
58605,SO-0602,Constable Dinesh Chaudhary,Constable,39,2026-07-26 22:06:57+00:00,95.0,87.0,,21.3167363,72.888516,26.100000381469727,-0.095,-0.976,0.154,,0.0,0.0,0.0,,,,,0.0,0.0,26.0,-0.0002717000000025,0.0009692000000001,14.95,87.0,36.5,1
58607,SO-0602,Constable Dinesh Chaudhary,Constable,39,2026-07-26 22:07:27+00:00,91.0,88.0,,21.3167363,72.888516,26.100000381469727,-0.089,-0.985,0.114,,0.0,0.0,0.0,,,,,0.0,0.0,30.0,0.0,0.0,0.0,88.0,36.5,2
58609,SO-0602,Constable Dinesh Chaudhary,Constable,39,2026-07-26 22:07:57+00:00,89.0,87.0,,21.3167353,72.8885155,26.100000381469727,-0.083,-0.982,0.097,,0.0,0.0,0.0,,,,,0.0,0.0,30.0,-9.999999974752427e-07,-4.999999987376214e-07,0.01,87.0,36.5,0
58611,SO-0602,Constable Dinesh Chaudhary,Constable,39,2026-07-26 22:08:27+00:00,84.0,66.0,,21.3167384,72.888514,26.100000381469727,-0.116,-0.975,0.13,,0.0,0.0,0.0,,,,,0.0,0.0,30.0,3.0999999971470515e-06,-1.499999996212864e-06,0.05,66.0,36.5,0
58613,SO-0602,Constable Dinesh Chaudhary,Constable,39,2026-07-26 22:09:01+00:00,83.0,73.0,,21.317008,72.8875468,26.100000381469727,-0.083,-0.989,0.085,,0.0,0.0,0.0,,,,,0.0,0.0,34.0,0.0002696000000028,-0.0009672000000051,11.4,73.0,36.5,1
58615,SO-0602,Constable Dinesh Chaudhary,Constable,39,2026-07-26 22:09:31+00:00,100.0,88.0,,21.317008,72.8875468,26.100000381469727,-0.11,-0.98,0.116,,0.0,0.0,0.0,,,,,0.0,0.0,30.0,0.0,0.0,0.0,88.0,36.5,2
58617,SO-0602,Constable Dinesh Chaudhary,Constable,39,2026-07-26 22:09:57+00:00,92.0,87.0,,21.3167353,72.8885155,26.100000381469727,-0.091,-0.984,0.069,,0.0,0.0,0.0,,,,,0.0,0.0,26.0,-0.0002727,0.0009687000000013,14.94,87.0,36.5,1
58619,SO-0602,Constable Dinesh Chaudhary,Constable,39,2026-07-26 22:10:27+00:00,84.0,86.0,,21.3167402,72.8884304,26.100000381469727,-0.854,-0.404,0.3,,0.0,0.0,0.0,,,,,0.0,0.0,30.0,4.9000000004184585e-06,-8.509999999262163e-05,1.09,86.0,36.5,0
58621,SO-0602,Constable Dinesh Chaudhary,Constable,39,2026-07-26 22:10:57+00:00,92.0,88.0,,21.3167426,72.8884448,26.200000762939453,-0.719,-0.521,-0.499,,0.0,0.0,0.0,,,,,0.0,0.0,30.0,2.3999999996249244e-06,1.4399999997749546e-05,0.19,88.0,36.5,2
58623,SO-0602,Constable Dinesh Chaudhary,Constable,39,2026-07-26 22:11:27+00:00,89.0,62.0,,21.3167384,72.888514,26.100000381469727,-0.783,-0.498,-0.406,,0.0,0.0,0.0,,,,,0.0,0.0,30.0,-4.200000002896331e-06,6.919999999865922e-05,0.89,62.0,36.5,0
58625,SO-0602,Constable Dinesh Chaudhary,Constable,39,2026-07-26 22:11:57+00:00,84.0,85.0,,21.316731,72.8884959,26.100000381469727,-0.797,-0.485,-0.369,,0.0,0.0,0.0,,,,,0.0,0.0,30.0,-7.399999997659279e-06,-1.810000000546097e-05,0.25,85.0,36.5,0
58627,SO-0602,Constable Dinesh Chaudhary,Constable,39,2026-07-26 22:12:27+00:00,96.0,84.0,,21.316731,72.8884551,26.200000762939453,-0.835,-0.454,0.229,,0.0,0.0,0.0,,,,,0.0,0.0,30.0,0.0,-4.0799999993623715e-05,0.52,84.0,36.5,2
58629,SO-0602,Constable Dinesh Chaudhary,Constable,39,2026-07-26 22:13:01+00:00,90.0,84.0,,21.3170465,72.887916,26.200000762939453,-0.877,-0.478,-0.362,,0.0,0.0,0.0,,,,,0.0,0.0,34.0,0.0003154999999992,-0.0005390999999974,7.14,84.0,36.5,1
58631,SO-0602,Constable Dinesh Chaudhary,Constable,39,2026-07-26 22:13:31+00:00,86.0,86.0,,21.3170465,72.887916,26.100000381469727,-0.696,-0.447,-0.587,,0.0,0.0,0.0,,,,,0.0,0.0,30.0,0.0,0.0,0.0,86.0,36.5,0
58633,SO-0602,Constable Dinesh Chaudhary,Constable,39,2026-07-26 22:13:57+00:00,93.0,86.0,,21.3167353,72.8885155,26.100000381469727,-0.896,-0.426,0.036,,0.0,0.0,0.0,,,,,0.0,0.0,26.0,-0.0003111999999987,0.0005994999999927,10.08,86.0,36.5,1
58635,SO-0602,Constable Dinesh Chaudhary,Constable,39,2026-07-26 22:14:29+00:00,97.0,77.0,,21.3167353,72.8885155,26.100000381469727,-0.929,-0.489,-0.427,,0.0,0.0,0.0,,,,,0.0,0.0,32.0,0.0,0.0,0.0,77.0,36.5,2
58637,SO-0602,Constable Dinesh Chaudhary,Constable,39,2026-07-26 22:14:57+00:00,91.0,88.0,,21.3167363,72.888516,26.100000381469727,-0.872,-0.409,0.215,,0.0,0.0,0.0,,,,,0.0,0.0,28.0,9.999999974752427e-07,4.999999987376214e-07,0.02,88.0,36.5,2
58639,SO-0602,Constable Dinesh Chaudhary,Constable,39,2026-07-26 22:15:27+00:00,94.0,83.0,,21.3167432,72.8884171,26.100000381469727,-0.84,-0.406,0.278,,0.0,0.0,0.0,,,,,0.0,0.0,30.0,6.900000002474371e-06,-9.889999999757038e-05,1.27,83.0,36.5,2
58641,SO-0602,Constable Dinesh Chaudhary,Constable,39,2026-07-26 22:15:57+00:00,92.0,82.0,,21.3167359,72.888456,26.200000762939453,-0.871,-0.406,0.243,,0.0,0.0,0.0,,,,,0.0,0.0,30.0,-7.300000000043383e-06,3.8900000006947266e-05,0.51,82.0,36.5,2
58643,SO-0602,Constable Dinesh Chaudhary,Constable,39,2026-07-26 22:16:27+00:00,98.0,88.0,,21.3167353,72.8885155,33.0322161472219,-0.831,-0.38,0.371,,0.0,0.0,0.0,,,,,0.0,0.0,30.0,-5.999999999062311e-07,5.949999999188549e-05,0.76,88.0,36.5,2
58645,SO-0602,Constable Dinesh Chaudhary,Constable,39,2026-07-26 22:16:57+00:00,92.0,85.0,,21.3167306,72.8884922,26.100000381469727,-0.907,-0.406,0.072,,0.0,0.0,0.0,,,,,0.0,0.0,30.0,-4.700000001633953e-06,-2.3299999995174403e-05,0.31,85.0,36.5,2
58647,SO-0602,Constable Dinesh Chaudhary,Constable,39,2026-07-26 22:17:27+00:00,94.0,86.0,,21.3167306,72.8884922,26.100000381469727,-0.859,-0.412,0.261,,0.0,0.0,0.0,,,,,0.0,0.0,30.0,0.0,0.0,0.0,86.0,36.5,2
58649,SO-0602,Constable Dinesh Chaudhary,Constable,39,2026-07-26 22:17:57+00:00,92.0,84.0,,21.3167411,72.8884266,26.100000381469727,-0.902,-0.409,0.145,,0.0,0.0,0.0,,,,,0.0,0.0,30.0,1.0500000001911758e-05,-6.559999999922184e-05,0.85,84.0,36.5,2
58650,SO-0602,Constable Dinesh Chaudhary,Constable,39,2026-07-26 22:18:27+00:00,97.0,88.0,,21.3167259,72.8884957,26.200000762939453,-0.867,-0.401,0.26,,0.0,0.0,0.0,,,,,0.0,0.0,30.0,-1.5199999999992995e-05,6.910000000459604e-05,0.91,88.0,36.5,2
58651,SO-0602,Constable Dinesh Chaudhary,Constable,39,2026-07-26 22:18:57+00:00,96.0,87.0,,21.3167363,72.8884323,26.200000762939453,-0.896,-0.389,0.105,,0.0,0.0,0.0,,,,,0.0,0.0,30.0,1.0399999997190434e-05,-6.340000000193413e-05,0.83,87.0,36.5,2
58652,SO-0602,Constable Dinesh Chaudhary,Constable,39,2026-07-26 22:19:27+00:00,88.0,88.0,,21.3167363,72.888516,26.100000381469727,-0.903,-0.402,0.117,,0.0,0.0,0.0,,,,,0.0,0.0,30.0,0.0,8.369999999047195e-05,1.07,88.0,36.5,0
58653,SO-0602,Constable Dinesh Chaudhary,Constable,39,2026-07-26 22:19:57+00:00,94.0,88.0,,21.3167411,72.8884266,26.100000381469727,-0.886,-0.394,0.237,,0.0,0.0,0.0,,,,,0.0,0.0,30.0,4.8000000028025624e-06,-8.939999999313386e-05,1.15,88.0,36.5,2
58654,SO-0602,Constable Dinesh Chaudhary,Constable,39,2026-07-26 22:20:27+00:00,91.0,84.0,,21.3167432,72.8884171,26.100000381469727,-0.921,-0.395,0.006,,0.0,0.0,0.0,,,,,0.0,0.0,30.0,2.099999999671809e-06,-9.500000004436515e-06,0.13,84.0,36.5,2
58655,SO-0602,Constable Dinesh Chaudhary,Constable,39,2026-07-26 22:20:57+00:00,90.0,80.0,,21.3167401,72.8884323,26.200000762939453,-0.912,-0.385,0.015,,0.0,0.0,0.0,,,,,0.0,0.0,30.0,-3.1000000006997652e-06,1.5200000007098424e-05,0.2,80.0,36.5,0
58656,SO-0602,Constable Dinesh Chaudhary,Constable,39,2026-07-26 22:21:27+00:00,92.0,88.0,,21.3167353,72.8885155,26.100000381469727,-0.891,-0.387,0.148,,0.0,0.0,0.0,,,,,0.0,0.0,30.0,-4.799999999249849e-06,8.319999999173433e-05,1.07,88.0,36.5,2
58657,SO-0602,Constable Dinesh Chaudhary,Constable,39,2026-07-26 22:21:57+00:00,95.0,86.0,,21.3167479,72.888412,26.200000762939453,-0.892,-0.387,0.213,,0.0,0.0,0.0,,,,,0.0,0.0,30.0,1.2599999998030851e-05,-0.0001034999999944,1.34,86.0,36.5,2
58658,SO-0602,Constable Dinesh Chaudhary,Constable,39,2026-07-26 22:22:26+00:00,88.0,84.0,,21.3167407,72.8885149,26.100000381469727,-0.823,-0.449,-0.381,,0.0,0.0,0.0,,,,,0.0,0.0,29.0,-7.199999998874773e-06,0.0001029000000016,1.37,84.0,36.5,0
58659,SO-0602,Constable Dinesh Chaudhary,Constable,39,2026-07-26 22:22:57+00:00,95.0,87.0,,21.3167407,72.8884766,26.200000762939453,-0.768,-0.411,-0.524,,0.0,0.0,0.0,,,,,0.0,0.0,31.0,0.0,-3.829999999993561e-05,0.48,87.0,36.5,2
58660,SO-0602,Constable Dinesh Chaudhary,Constable,39,2026-07-26 22:23:27+00:00,100.0,86.0,,21.3167514,72.8884989,26.200000762939453,-0.794,-0.425,-0.465,,0.0,0.0,0.0,,,,,0.0,0.0,30.0,1.0700000000696264e-05,2.229999999769916e-05,0.32,86.0,36.5,2
58661,SO-0602,Constable Dinesh Chaudhary,Constable,39,2026-07-26 22:23:57+00:00,82.0,85.0,,21.3167414,72.8884789,26.100000381469727,-0.809,-0.457,-0.373,,0.0,0.0,0.0,,,,,0.0,0.0,30.0,-9.999999999621425e-06,-2.0000000006348273e-05,0.29,85.0,36.5,0
58662,SO-0602,Constable Dinesh Chaudhary,Constable,39,2026-07-26 22:24:27+00:00,95.0,88.0,,21.3167481,72.8884884,26.200000762939453,-0.988,-0.469,0.297,,0.0,0.0,0.0,,,,,0.0,0.0,30.0,6.700000000137152e-06,9.500000004436515e-06,0.15,88.0,36.5,2
58663,SO-0602,Constable Dinesh Chaudhary,Constable,39,2026-07-26 22:24:56+00:00,100.0,87.0,,21.3167501,72.8884967,26.100000381469727,-0.195,-0.935,0.273,,0.0,0.0,0.0,,,,,0.0,0.0,29.0,1.999999998503199e-06,8.300000004624053e-06,0.11,87.0,36.5,2
58664,SO-0602,Constable Dinesh Chaudhary,Constable,39,2026-07-26 22:25:27+00:00,91.0,68.0,,21.316741,72.8884853,26.200000762939453,-0.244,-0.918,0.259,,0.0,0.0,0.0,,,,,0.0,0.0,31.0,-9.099999999762076e-06,-1.1400000005323818e-05,0.18,68.0,36.5,2
58665,SO-0602,Constable Dinesh Chaudhary,Constable,39,2026-07-26 22:25:57+00:00,94.0,74.0,,21.3167504,72.8884921,26.200000762939453,-0.256,-0.91,0.273,,0.0,0.0,0.0,,,,,0.0,0.0,30.0,9.399999999715192e-06,6.799999994200334e-06,0.15,74.0,36.5,2
58666,SO-0602,Constable Dinesh Chaudhary,Constable,39,2026-07-26 22:26:27+00:00,91.0,85.0,,21.3167384,72.8884777,26.200000762939453,-0.171,-0.927,0.28,,0.0,0.0,0.0,,,,,0.0,0.0,30.0,-1.2000000001677336e-05,-1.4399999997749546e-05,0.24,85.0,36.5,2
58667,SO-0602,Constable Dinesh Chaudhary,Constable,39,2026-07-26 22:26:57+00:00,96.0,87.0,,21.3167421,72.8884841,26.100000381469727,-0.221,-0.929,0.26,,0.0,0.0,0.0,,,,,0.0,0.0,30.0,3.700000000605996e-06,6.40000000373675e-06,0.1,87.0,36.5,2
58668,SO-0602,Constable Dinesh Chaudhary,Constable,39,2026-07-26 22:27:27+00:00,98.0,87.0,,21.3167418,72.8884785,26.100000381469727,-0.129,-0.933,0.3,,0.0,0.0,0.0,,,,,0.0,0.0,30.0,-2.999999999531156e-07,-5.599999994387872e-06,0.07,87.0,36.5,2
58669,SO-0602,Constable Dinesh Chaudhary,Constable,39,2026-07-26 22:27:57+00:00,95.0,88.0,,21.3167412,72.8884706,26.200000762939453,-0.35,-0.689,0.637,,0.0,0.0,0.0,,,,,0.0,0.0,30.0,-5.999999999062311e-07,-7.899999999949614e-06,0.1,88.0,36.5,2
58670,SO-0602,Constable Dinesh Chaudhary,Constable,39,2026-07-26 22:28:27+00:00,92.0,88.0,,21.3167414,72.8884643,26.200000762939453,-0.781,-0.469,0.375,,0.0,0.0,0.0,,,,,0.0,0.0,30.0,2.0000000233721948e-07,-6.3000000096735675e-06,0.08,88.0,36.5,2
58671,SO-0602,Constable Dinesh Chaudhary,Constable,39,2026-07-26 22:28:57+00:00,100.0,87.0,,21.3167501,72.8884967,26.100000381469727,-0.166,-0.947,0.228,,0.0,0.0,0.0,,,,,0.0,0.0,30.0,8.699999998640351e-06,3.2400000009147334e-05,0.43,87.0,36.5,2
58672,SO-0602,Constable Dinesh Chaudhary,Constable,39,2026-07-26 22:29:27+00:00,94.0,82.0,,21.3167707,72.888478,26.200000762939453,-0.131,1.013,0.155,,0.0,0.0,0.0,,,,,0.0,0.0,30.0,2.0599999999149077e-05,-1.8699999998261777e-05,0.36,82.0,36.5,2
58673,SO-0602,Constable Dinesh Chaudhary,Constable,39,2026-07-26 22:29:56+00:00,94.0,78.0,,21.3167382,72.8884602,26.200000762939453,-0.475,0.696,0.483,,0.0,0.0,0.0,,,,,0.0,0.0,29.0,-3.24999999996578e-05,-1.7800000009060568e-05,0.51,78.0,36.5,2
58674,SO-0602,Constable Dinesh Chaudhary,Constable,39,2026-07-26 22:30:28+00:00,80.0,83.0,,21.3167432,72.8884171,26.100000381469727,0.326,-0.775,0.504,,0.0,0.0,0.0,,,,,0.0,0.0,32.0,5.000000001587068e-06,-4.3099999999185457e-05,0.52,83.0,36.5,0
58675,SO-0602,Constable Dinesh Chaudhary,Constable,39,2026-07-26 22:30:56+00:00,88.0,88.0,,21.3167261,72.8885206,26.200000762939453,0.58,-0.647,0.483,,0.0,0.0,0.0,,,,,0.0,0.0,28.0,-1.71000000008803e-05,0.0001035000000086,1.44,88.0,36.5,0
58676,SO-0602,Constable Dinesh Chaudhary,Constable,39,2026-07-26 22:31:27+00:00,86.0,88.0,,21.3167379,72.8884585,26.200000762939453,0.318,-0.801,0.478,,0.0,0.0,0.0,,,,,0.0,0.0,31.0,1.1799999999340116e-05,-6.210000000805849e-05,0.79,88.0,36.5,0
58677,SO-0602,Constable Dinesh Chaudhary,Constable,39,2026-07-26 22:31:57+00:00,95.0,79.0,,21.3167384,72.888514,26.100000381469727,-0.058,-0.777,0.512,,0.0,0.0,0.0,,,,,0.0,0.0,30.0,4.999999987376214e-07,5.550000000198452e-05,0.71,79.0,36.5,2
58678,SO-0602,Constable Dinesh Chaudhary,Constable,39,2026-07-26 22:32:27+00:00,97.0,80.0,,21.3167506,72.8885069,26.200000762939453,-0.844,-0.615,-0.263,,0.0,0.0,0.0,,,,,0.0,0.0,30.0,1.220000000046184e-05,-7.100000004811591e-06,0.19,80.0,36.5,2
58679,SO-0602,Constable Dinesh Chaudhary,Constable,39,2026-07-26 22:32:57+00:00,90.0,88.0,,21.316739,72.8884696,26.200000762939453,-0.332,-0.326,0.722,,0.0,0.0,0.0,,,,,0.0,0.0,30.0,-1.160000000055561e-05,-3.7300000002460365e-05,0.5,88.0,36.5,0
58680,SO-0602,Constable Dinesh Chaudhary,Constable,39,2026-07-26 22:33:27+00:00,98.0,88.0,,21.3169337,72.8877567,25.899999618530273,-1.027,-0.136,0.175,,0.0,0.0,0.0,,,,,0.0,0.0,30.0,0.0001947000000015,-0.0007128999999963,9.51,88.0,36.5,1
58681,SO-0602,Constable Dinesh Chaudhary,Constable,39,2026-07-26 22:33:57+00:00,94.0,88.0,,21.3168946,72.8860483,25.700000762939453,-0.817,-0.22,0.578,,0.0,0.0,0.0,,,,,0.0,0.0,30.0,-3.9099999998626345e-05,-0.0017083999999982,21.93,88.0,36.5,1
58682,SO-0602,Constable Dinesh Chaudhary,Constable,39,2026-07-26 22:34:27+00:00,97.0,85.0,,21.316979,72.885451,25.5,-0.779,-0.557,0.427,,0.0,0.0,0.0,,,,,0.0,0.0,30.0,8.439999999865222e-05,-0.0005972999999954,7.75,85.0,36.5,1
58683,SO-0602,Constable Dinesh Chaudhary,Constable,39,2026-07-26 22:34:56+00:00,100.0,85.0,,21.3173882,72.8842627,24.100000381469727,-0.542,-0.184,0.971,,0.0,0.0,0.0,,,,,0.0,0.0,29.0,0.0004091999999999,-0.0011883000000096,16.75,85.0,36.5,1
58684,SO-0602,Constable Dinesh Chaudhary,Constable,39,2026-07-26 22:35:27+00:00,100.0,87.0,,21.3172395,72.88457,25.5,-0.763,-0.142,0.649,,0.0,0.0,0.0,,,,,0.0,0.0,31.0,-0.0001487000000004,0.0003073000000028,4.27,87.0,36.5,2
58685,SO-0602,Constable Dinesh Chaudhary,Constable,39,2026-07-26 22:35:57+00:00,92.0,86.0,,21.3176726,72.8820232,27.476853936035965,-0.68,-0.278,0.596,,0.0,0.0,0.0,,,,,0.0,0.0,30.0,0.0004331000000021,-0.0025467999999904,33.19,86.0,36.5,1
58686,SO-0602,Constable Dinesh Chaudhary,Constable,39,2026-07-26 22:36:27+00:00,98.0,88.0,,21.3183389,72.8807869,25.100000381469727,-0.807,-0.214,0.412,,0.0,0.0,0.0,,,,,0.0,0.0,30.0,0.0006662999999988,-0.0012363000000021,18.18,88.0,36.5,1
58687,SO-0602,Constable Dinesh Chaudhary,Constable,39,2026-07-26 22:36:57+00:00,94.0,88.0,,21.3197698,72.8816495,24.899999618530273,-0.734,-0.39,0.432,,0.0,0.0,0.0,,,,,0.0,0.0,30.0,0.001430899999999,0.0008625999999907,22.04,88.0,36.5,1
58688,SO-0602,Constable Dinesh Chaudhary,Constable,39,2026-07-26 22:37:27+00:00,95.0,86.0,,21.3218009,72.8799034,25.100000381469727,-0.731,-0.287,0.617,,0.0,0.0,0.0,,,,,0.0,0.0,30.0,0.0020310999999999,-0.0017460999999912,35.13,86.0,36.5,1
58689,SO-0602,Constable Dinesh Chaudhary,Constable,39,2026-07-26 22:37:57+00:00,96.0,88.0,,21.3218512,72.8798895,24.5,-0.429,-0.294,0.757,,0.0,0.0,0.0,,,,,0.0,0.0,30.0,5.030000000161294e-05,-1.3899999999011923e-05,0.69,88.0,36.5,2
58690,SO-0602,Constable Dinesh Chaudhary,Constable,39,2026-07-26 22:38:27+00:00,93.0,87.0,,21.3218331,72.8787789,26.2698867675699,-0.196,-0.53,1.013,,0.0,0.0,0.0,,,,,0.0,0.0,30.0,-1.8100000001908256e-05,-0.001110600000004,14.25,87.0,36.5,1
58691,SO-0602,Constable Dinesh Chaudhary,Constable,39,2026-07-26 22:38:57+00:00,100.0,88.0,,21.3238626,72.8777652,26.358878856829634,-0.608,-0.358,0.715,,0.0,0.0,0.0,,,,,0.0,0.0,30.0,0.002029499999999,-0.0010137000000014,30.0,88.0,36.5,1
58692,SO-0602,Constable Dinesh Chaudhary,Constable,39,2026-07-26 22:39:28+00:00,91.0,88.0,,21.3247497,72.8763134,27.43192011914681,-0.634,-0.416,0.558,,0.0,0.0,0.0,,,,,0.0,0.0,31.0,0.0008871000000034,-0.0014517999999981,21.35,88.0,36.5,1
58693,SO-0602,Constable Dinesh Chaudhary,Constable,39,2026-07-26 22:39:57+00:00,93.0,85.0,,21.3255877,72.8741412,27.273549135110528,-0.421,-0.883,0.114,,0.0,0.0,0.0,,,,,0.0,0.0,29.0,0.0008379999999981,-0.0021722000000039,31.06,85.0,36.5,1
58694,SO-0602,Constable Dinesh Chaudhary,Constable,39,2026-07-26 22:40:27+00:00,90.0,88.0,,21.3254571,72.8740355,26.21101202131828,-0.713,-0.462,0.508,,0.0,0.0,0.0,,,,,0.0,0.0,30.0,-0.0001305999999985,-0.0001056999999917,2.21,88.0,36.5,0
58695,SO-0602,Constable Dinesh Chaudhary,Constable,39,2026-07-26 22:40:57+00:00,88.0,88.0,,21.3292683,72.8716955,24.5,-0.719,-0.358,0.508,,0.0,0.0,0.0,,,,,0.0,0.0,30.0,0.0038111999999976,-0.0023400000000037,58.98,88.0,36.5,1
58696,SO-0602,Constable Dinesh Chaudhary,Constable,39,2026-07-26 22:41:27+00:00,93.0,86.0,,21.3319319,72.8708499,26.110862523658128,-0.772,-0.395,0.529,,0.0,0.0,0.0,,,,,0.0,0.0,30.0,0.0026636000000017,-0.0008456000000052,37.1,86.0,36.5,1
58697,SO-0602,Constable Dinesh Chaudhary,Constable,39,2026-07-26 22:41:57+00:00,99.0,79.0,,21.3331256,72.8693388,27.856567107155627,-0.729,-0.364,0.53,,0.0,0.0,0.0,,,,,0.0,0.0,30.0,0.0011936999999981,-0.0015111000000018,25.08,79.0,36.5,1
58698,SO-0602,Constable Dinesh Chaudhary,Constable,39,2026-07-26 22:42:28+00:00,98.0,87.0,,21.3322883,72.8680784,24.5,-0.729,-0.255,0.68,,0.0,0.0,0.0,,,,,0.0,0.0,31.0,-0.0008373000000005,-0.0012603999999925,19.01,87.0,36.5,1
58699,SO-0602,Constable Dinesh Chaudhary,Constable,39,2026-07-26 22:42:57+00:00,99.0,88.0,,21.3312668,72.8673494,23.5,0.393,-0.315,0.927,,0.0,0.0,0.0,,,,,0.0,0.0,29.0,-0.0010214999999966,-0.0007290000000068,17.08,88.0,36.5,1
58700,SO-0602,Constable Dinesh Chaudhary,Constable,39,2026-07-26 22:43:27+00:00,100.0,87.0,,21.3302198,72.867089,24.799999237060547,-0.767,-0.055,0.644,,0.0,0.0,0.0,,,,,0.0,0.0,30.0,-0.0010470000000033,-0.0002603999999877,14.34,87.0,36.5,1
58701,SO-0602,Constable Dinesh Chaudhary,Constable,39,2026-07-26 22:43:57+00:00,100.0,88.0,,21.3288647,72.8658076,24.799999237060547,-0.598,-0.742,0.263,,0.0,0.0,0.0,,,,,0.0,0.0,30.0,-0.0013550999999978,-0.0012814000000105,24.42,88.0,36.5,1
58702,SO-0602,Constable Dinesh Chaudhary,Constable,39,2026-07-26 22:44:28+00:00,97.0,88.0,,21.3273496,72.8638519,24.799999237060547,-0.586,0.007,0.43,,0.0,0.0,0.0,,,,,0.0,0.0,31.0,-0.0015150999999988,-0.0019556999999963,31.17,88.0,36.5,1
58703,SO-0602,Constable Dinesh Chaudhary,Constable,39,2026-07-26 22:44:58+00:00,99.0,88.0,,21.3257763,72.8621143,24.799999237060547,-1.05,-0.379,-0.244,,0.0,0.0,0.0,,,,,0.0,0.0,30.0,-0.0015733000000004,-0.0017375999999984,30.6,88.0,36.5,1
58704,SO-0602,Constable Dinesh Chaudhary,Constable,39,2026-07-26 22:45:27+00:00,94.0,86.0,,21.3257626,72.8621879,24.799999237060547,-0.489,0.951,-0.004,,0.0,0.0,0.0,,,,,0.0,0.0,29.0,-1.370000000022742e-05,7.359999999323463e-05,1.0,86.0,36.5,2
58705,SO-0602,Constable Dinesh Chaudhary,Constable,39,2026-07-26 22:45:57+00:00,92.0,85.0,,21.3257581,72.8621142,24.799999237060547,-0.909,0.203,-0.244,,0.0,0.0,0.0,,,,,0.0,0.0,30.0,-4.499999999296733e-06,-7.370000000150867e-05,0.95,85.0,36.5,2
58706,SO-0602,Constable Dinesh Chaudhary,Constable,39,2026-07-26 22:46:27+00:00,94.0,85.0,,21.3257487,72.8621362,24.799999237060547,-0.667,0.003,-0.771,,0.0,0.0,0.0,,,,,0.0,0.0,30.0,-9.400000003267904e-06,2.200000000129876e-05,0.31,85.0,36.5,2
58707,SO-0602,Constable Dinesh Chaudhary,Constable,39,2026-07-26 22:47:01+00:00,100.0,87.0,,21.3257487,72.8621362,26.596940018304736,-0.611,-0.166,0.836,,0.0,0.0,0.0,,,,,0.0,0.0,34.0,0.0,0.0,0.0,87.0,36.5,2
58708,SO-0602,Constable Dinesh Chaudhary,Constable,39,2026-07-26 22:47:31+00:00,100.0,87.0,,21.3222675,72.8653942,27.491038078439516,-0.482,-0.151,0.807,,0.0,0.0,0.0,,,,,0.0,0.0,30.0,-0.0034811999999995,0.0032580000000024,62.43,87.0,36.5,1
58709,SO-0602,Constable Dinesh Chaudhary,Constable,39,2026-07-26 22:48:01+00:00,90.0,84.0,,21.3222675,72.8653942,30.527994701384415,-0.573,-0.155,0.734,,0.0,0.0,0.0,,,,,0.0,0.0,30.0,0.0,0.0,0.0,84.0,36.5,0
58710,SO-0602,Constable Dinesh Chaudhary,Constable,39,2026-07-26 22:48:29+00:00,97.0,88.0,,21.320477,72.8677024,24.799999237060547,-0.782,0.039,0.673,,0.0,0.0,0.0,,,,,0.0,0.0,28.0,-0.0017904999999984,0.0023082000000016,40.74,88.0,36.5,1
58711,SO-0602,Constable Dinesh Chaudhary,Constable,39,2026-07-26 22:49:01+00:00,95.0,88.0,,21.3196781,72.871671,30.96185826002217,-0.624,0.131,0.789,,0.0,0.0,0.0,,,,,0.0,0.0,32.0,-0.0007988999999994,0.0039686000000074,48.78,88.0,36.5,1
58712,SO-0602,Constable Dinesh Chaudhary,Constable,39,2026-07-26 22:49:28+00:00,98.0,85.0,,21.3195514,72.8724567,25.5,-0.506,-0.218,0.827,,0.0,0.0,0.0,,,,,0.0,0.0,27.0,-0.0001266999999991,0.0007856999999944,11.36,85.0,36.5,1
58713,SO-0602,Constable Dinesh Chaudhary,Constable,39,2026-07-26 22:49:58+00:00,90.0,81.0,,21.319501,72.8746629,28.724574021649342,0.052,-1.0,0.286,,0.0,0.0,0.0,,,,,0.0,0.0,30.0,-5.040000000278155e-05,0.0022062000000033,28.32,81.0,36.5,1
58714,SO-0602,Constable Dinesh Chaudhary,Constable,39,2026-07-26 22:50:27+00:00,92.0,83.0,,21.3187266,72.8777054,26.200000762939453,-0.695,0.104,0.746,,0.0,0.0,0.0,,,,,0.0,0.0,29.0,-0.0007743999999973,0.0030424999999922,41.78,83.0,36.5,1
58715,SO-0602,Constable Dinesh Chaudhary,Constable,39,2026-07-26 22:50:57+00:00,87.0,80.0,,21.3179015,72.8788137,25.600000381469727,-0.656,-0.13,0.747,,0.0,0.0,0.0,,,,,0.0,0.0,30.0,-0.0008251000000001,0.0011082999999985,17.97,80.0,36.5,1
58716,SO-0602,Constable Dinesh Chaudhary,Constable,39,2026-07-26 22:51:27+00:00,92.0,78.0,,21.3182431,72.8806183,24.899999618530273,-0.597,-0.24,0.741,,0.0,0.0,0.0,,,,,0.0,0.0,30.0,0.0003415999999987,0.0018045999999998,23.6,78.0,36.5,1
58717,SO-0602,Constable Dinesh Chaudhary,Constable,39,2026-07-26 22:51:58+00:00,98.0,84.0,,21.3180534,72.8808809,25.0,-0.562,-0.391,0.77,,0.0,0.0,0.0,,,,,0.0,0.0,31.0,-0.0001896999999999,0.0002625999999992,4.08,84.0,36.5,2
58718,SO-0602,Constable Dinesh Chaudhary,Constable,39,2026-07-26 22:52:27+00:00,98.0,88.0,,21.3182792,72.8809628,25.0,-0.588,-0.144,0.735,,0.0,0.0,0.0,,,,,0.0,0.0,29.0,0.000225799999999,8.190000001206954e-05,3.3,88.0,36.5,2
58719,SO-0602,Constable Dinesh Chaudhary,Constable,39,2026-07-26 22:52:57+00:00,99.0,88.0,,21.3174573,72.8814927,26.100000381469727,-0.631,-0.182,0.741,,0.0,0.0,0.0,,,,,0.0,0.0,30.0,-0.0008218999999982,0.0005298999999894,12.89,88.0,36.5,1
58720,SO-0602,Constable Dinesh Chaudhary,Constable,39,2026-07-26 22:53:27+00:00,98.0,85.0,,21.3175645,72.884348,24.399999618530273,-0.518,-0.233,0.728,,0.0,0.0,0.0,,,,,0.0,0.0,30.0,0.0001071999999986,0.0028553000000073,36.67,85.0,36.5,1
58721,SO-0602,Constable Dinesh Chaudhary,Constable,39,2026-07-26 22:53:57+00:00,98.0,88.0,,21.3171839,72.8865256,25.5,-0.793,-0.267,0.539,,0.0,0.0,0.0,,,,,0.0,0.0,30.0,-0.0003805999999997,0.002177599999996,28.4,88.0,36.5,1
58722,SO-0602,Constable Dinesh Chaudhary,Constable,39,2026-07-26 22:54:27+00:00,91.0,84.0,,21.3168916,72.888149,26.299999237060547,-0.742,-0.175,0.687,,0.0,0.0,0.0,,,,,0.0,0.0,30.0,-0.0002922999999981,0.0016233999999997,21.19,84.0,36.5,1
58723,SO-0602,Constable Dinesh Chaudhary,Constable,39,2026-07-26 22:54:57+00:00,100.0,87.0,,21.316761,72.8884737,26.200000762939453,-0.807,0.545,0.472,,0.0,0.0,0.0,,,,,0.0,0.0,30.0,-0.000130600000002,0.0003247000000072,4.52,87.0,36.5,1
58724,SO-0602,Constable Dinesh Chaudhary,Constable,39,2026-07-26 22:55:27+00:00,94.0,83.0,,21.3167546,72.8884091,26.200000762939453,0.852,-0.172,0.06,,0.0,0.0,0.0,,,,,0.0,0.0,30.0,-6.400000000184036e-06,-6.46000000017466e-05,0.83,83.0,36.5,2
58725,SO-0602,Constable Dinesh Chaudhary,Constable,39,2026-07-26 22:55:57+00:00,100.0,84.0,,21.3167401,72.8885124,26.100000381469727,0.092,-0.878,0.428,,0.0,0.0,0.0,,,,,0.0,0.0,30.0,-1.4499999998918156e-05,0.0001032999999921,1.34,84.0,36.5,2
58726,SO-0602,Constable Dinesh Chaudhary,Constable,39,2026-07-26 22:56:27+00:00,89.0,88.0,,21.3167329,72.8885037,26.100000381469727,0.235,-0.83,0.46,,0.0,0.0,0.0,,,,,0.0,0.0,30.0,-7.199999998874773e-06,-8.699999995087637e-06,0.15,88.0,36.5,0
58727,SO-0602,Constable Dinesh Chaudhary,Constable,39,2026-07-26 22:56:58+00:00,96.0,87.0,,21.3167348,72.8884633,26.200000762939453,0.265,-0.848,0.441,,0.0,0.0,0.0,,,,,0.0,0.0,31.0,1.8999999973345896e-06,-4.040000000316013e-05,0.5,87.0,36.5,2
58728,SO-0602,Constable Dinesh Chaudhary,Constable,39,2026-07-26 22:57:27+00:00,96.0,88.0,,21.3167386,72.88844,26.100000381469727,0.155,-0.867,0.447,,0.0,0.0,0.0,,,,,0.0,0.0,29.0,3.800000001774606e-06,-2.3299999995174403e-05,0.31,88.0,36.5,2
58729,SO-0602,Constable Dinesh Chaudhary,Constable,39,2026-07-26 22:57:57+00:00,85.0,87.0,,21.3167363,72.8884568,26.200000762939453,0.234,-0.879,0.376,,0.0,0.0,0.0,,,,,0.0,0.0,30.0,-2.3000000020090283e-06,1.679999999737447e-05,0.22,87.0,36.5,0
58730,SO-0602,Constable Dinesh Chaudhary,Constable,39,2026-07-26 22:58:27+00:00,96.0,86.0,,21.3167384,72.888514,26.100000381469727,0.018,-0.923,0.291,,0.0,0.0,0.0,,,,,0.0,0.0,30.0,2.099999999671809e-06,5.72000000005346e-05,0.73,86.0,36.5,2
58731,SO-0602,Constable Dinesh Chaudhary,Constable,39,2026-07-26 22:58:57+00:00,81.0,88.0,,21.316731,72.8884959,26.100000381469727,0.18,-0.867,0.436,,0.0,0.0,0.0,,,,,0.0,0.0,30.0,-7.399999997659279e-06,-1.810000000546097e-05,0.25,88.0,36.5,0
58732,SO-0602,Constable Dinesh Chaudhary,Constable,39,2026-07-26 22:59:27+00:00,93.0,87.0,,21.3167382,72.8884504,26.100000381469727,0.57,-0.642,0.495,,0.0,0.0,0.0,,,,,0.0,0.0,30.0,7.199999998874773e-06,-4.549999999881038e-05,0.59,87.0,36.5,2
58733,SO-0602,Constable Dinesh Chaudhary,Constable,39,2026-07-26 22:59:57+00:00,100.0,88.0,,21.3167303,72.8884971,26.100000381469727,0.515,-0.643,0.55,,0.0,0.0,0.0,,,,,0.0,0.0,30.0,-7.899999999949614e-06,4.669999999862284e-05,0.61,88.0,36.5,2
58734,SO-0602,Constable Dinesh Chaudhary,Constable,39,2026-07-26 23:00:27+00:00,85.0,88.0,,21.3167353,72.8885155,26.100000381469727,0.721,-0.673,0.139,,0.0,0.0,0.0,,,,,0.0,0.0,30.0,5.000000001587068e-06,1.8400000001861372e-05,0.25,88.0,36.5,0
58735,SO-0602,Constable Dinesh Chaudhary,Constable,39,2026-07-26 23:00:57+00:00,84.0,86.0,,21.3167421,72.8884264,26.200000762939453,0.683,-0.621,0.324,,0.0,0.0,0.0,,,,,0.0,0.0,30.0,6.799999997753048e-06,-8.909999999673346e-05,1.15,86.0,36.5,0
58736,SO-0602,Constable Dinesh Chaudhary,Constable,39,2026-07-26 23:01:27+00:00,88.0,84.0,,21.3167402,72.8884304,26.100000381469727,0.711,-0.616,0.307,,0.0,0.0,0.0,,,,,0.0,0.0,30.0,-1.8999999973345896e-06,4.0000000041118255e-06,0.06,84.0,36.5,0
58737,SO-0602,Constable Dinesh Chaudhary,Constable,39,2026-07-26 23:01:57+00:00,83.0,78.0,,21.316734,72.8884443,26.200000762939453,0.697,-0.625,0.315,,0.0,0.0,0.0,,,,,0.0,0.0,30.0,-6.2000000013995304e-06,1.3899999999011923e-05,0.2,78.0,36.5,0
58738,SO-0602,Constable Dinesh Chaudhary,Constable,39,2026-07-26 23:02:27+00:00,94.0,88.0,,21.3167353,72.8885155,26.100000381469727,0.885,-0.314,0.32,,0.0,0.0,0.0,,,,,0.0,0.0,30.0,1.300000000981072e-06,7.119999999360971e-05,0.91,88.0,36.5,2
58739,SO-0602,Constable Dinesh Chaudhary,Constable,39,2026-07-26 23:02:57+00:00,89.0,88.0,,21.3167263,72.8884939,26.200000762939453,0.587,-0.601,0.511,,0.0,0.0,0.0,,,,,0.0,0.0,30.0,-9.00000000214618e-06,-2.159999999662432e-05,0.3,88.0,36.5,0
58740,SO-0602,Constable Dinesh Chaudhary,Constable,39,2026-07-26 23:03:27+00:00,99.0,88.0,,21.31673,72.8884942,26.100000381469727,0.685,-0.607,0.385,,0.0,0.0,0.0,,,,,0.0,0.0,30.0,3.700000000605996e-06,2.999999964004019e-07,0.05,88.0,36.5,2
58741,SO-0602,Constable Dinesh Chaudhary,Constable,39,2026-07-26 23:03:57+00:00,86.0,87.0,,21.3167331,72.8884471,26.200000762939453,0.701,-0.625,0.319,,0.0,0.0,0.0,,,,,0.0,0.0,30.0,3.1000000006997652e-06,-4.710000000329728e-05,0.61,87.0,36.5,0
58742,SO-0602,Constable Dinesh Chaudhary,Constable,39,2026-07-26 23:04:27+00:00,84.0,82.0,,21.3167409,72.8885137,26.100000381469727,0.126,-0.937,0.296,,0.0,0.0,0.0,,,,,0.0,0.0,30.0,7.799999998781004e-06,6.660000001090793e-05,0.86,82.0,36.5,0
58743,SO-0602,Constable Dinesh Chaudhary,Constable,39,2026-07-26 23:04:57+00:00,89.0,87.0,,21.3167384,72.888514,26.100000381469727,0.132,-0.934,0.268,,0.0,0.0,0.0,,,,,0.0,0.0,30.0,-2.500000000793534e-06,2.999999964004019e-07,0.03,87.0,36.5,0
58744,SO-0602,Constable Dinesh Chaudhary,Constable,39,2026-07-26 23:05:27+00:00,84.0,87.0,,21.3167396,72.8884419,26.100000381469727,0.031,-0.968,0.19,,0.0,0.0,0.0,,,,,0.0,0.0,30.0,1.1999999998124622e-06,-7.209999999702177e-05,0.93,87.0,36.5,0
58745,SO-0602,Constable Dinesh Chaudhary,Constable,39,2026-07-26 23:05:57+00:00,81.0,87.0,,21.3167353,72.8884345,26.200000762939453,0.001,-0.978,0.15,,0.0,0.0,0.0,,,,,0.0,0.0,30.0,-4.299999996959514e-06,-7.400000001211993e-06,0.11,87.0,36.5,0
58746,SO-0602,Constable Dinesh Chaudhary,Constable,39,2026-07-26 23:06:27+00:00,95.0,88.0,,21.3167263,72.8884939,26.200000762939453,0.731,0.026,0.771,,0.0,0.0,0.0,,,,,0.0,0.0,30.0,-9.00000000214618e-06,5.9399999997822306e-05,0.77,88.0,36.5,2
58747,SO-0602,Constable Dinesh Chaudhary,Constable,39,2026-07-26 23:06:57+00:00,86.0,88.0,,21.3167263,72.8884939,26.200000762939453,0.688,-0.632,0.33,,0.0,0.0,0.0,,,,,0.0,0.0,30.0,0.0,0.0,0.0,88.0,36.5,0
59266,SO-0602,Constable Dinesh Chaudhary,Constable,39,2026-07-27 11:50:54+00:00,82.0,88.0,,21.337611,72.7512837,16.69999885559082,0.878,0.033,-0.335,,0.0,0.0,0.0,,,,,0.0,0.0,45837.0,0.0208846999999998,-0.1372101999999984,0.0,88.0,36.5,0
59269,SO-0602,Constable Dinesh Chaudhary,Constable,39,2026-07-27 11:51:24+00:00,87.0,87.0,,21.3376146,72.7512404,17.100000381469727,0.859,-0.084,0.528,,0.0,0.0,0.0,,,,,0.0,0.0,30.0,3.5999999994373866e-06,-4.330000000152267e-05,0.56,87.0,36.5,0
59272,SO-0602,Constable Dinesh Chaudhary,Constable,39,2026-07-27 11:51:54+00:00,88.0,83.0,,21.3376149,72.7512378,17.100000381469727,0.529,0.002,0.665,,0.0,0.0,0.0,,,,,0.0,0.0,30.0,2.999999999531156e-07,-2.600000001962144e-06,0.03,83.0,36.5,0
59275,SO-0602,Constable Dinesh Chaudhary,Constable,39,2026-07-27 11:52:24+00:00,92.0,86.0,,21.3376202,72.751298,16.69999885559082,0.933,-0.229,0.35,,0.0,0.0,0.0,,,,,0.0,0.0,30.0,5.300000001540184e-06,6.0200000007171184e-05,0.78,86.0,36.5,2
59278,SO-0602,Constable Dinesh Chaudhary,Constable,39,2026-07-27 11:52:54+00:00,94.0,88.0,,21.3376173,72.7512221,17.100000381469727,0.324,-0.194,1.057,,0.0,0.0,0.0,,,,,0.0,0.0,30.0,-2.8999999983625457e-06,-7.589999999879637e-05,0.97,88.0,36.5,2
59281,SO-0602,Constable Dinesh Chaudhary,Constable,39,2026-07-27 11:53:24+00:00,82.0,87.0,,21.3376177,72.7512784,16.69999885559082,-0.062,-0.104,0.999,,0.0,0.0,0.0,,,,,0.0,0.0,30.0,3.999999975690116e-07,5.629999999712254e-05,0.72,87.0,36.5,0
59284,SO-0602,Constable Dinesh Chaudhary,Constable,39,2026-07-27 11:53:54+00:00,100.0,84.0,,21.3376187,72.7512862,16.69999885559082,0.718,-0.065,0.7,,0.0,0.0,0.0,,,,,0.0,0.0,30.0,1.0000000010279564e-06,7.799999991675577e-06,0.1,84.0,36.5,2
59287,SO-0602,Constable Dinesh Chaudhary,Constable,39,2026-07-27 11:54:24+00:00,87.0,87.0,,21.3376188,72.7512873,16.69999885559082,0.493,-0.095,0.872,,0.0,0.0,0.0,,,,,0.0,0.0,30.0,1.0000000116860974e-07,1.1000000057492798e-06,0.01,87.0,36.5,0
59290,SO-0602,Constable Dinesh Chaudhary,Constable,39,2026-07-27 11:54:54+00:00,97.0,88.0,,21.3376152,72.7512443,17.100000381469727,0.832,0.54,-0.254,,0.0,0.0,0.0,,,,,0.0,0.0,30.0,-3.6000000029901003e-06,-4.3000000005122274e-05,0.55,88.0,36.5,2
59293,SO-0602,Constable Dinesh Chaudhary,Constable,39,2026-07-27 11:55:24+00:00,96.0,88.0,,21.3376172,72.751255,17.100000381469727,0.642,0.735,0.252,,0.0,0.0,0.0,,,,,0.0,0.0,30.0,2.0000000020559128e-06,1.0700000004248976e-05,0.14,88.0,36.5,2
59296,SO-0602,Constable Dinesh Chaudhary,Constable,39,2026-07-27 11:55:54+00:00,81.0,86.0,,21.3376172,72.7512561,17.100000381469727,0.836,-0.417,0.328,,0.0,0.0,0.0,,,,,0.0,0.0,30.0,0.0,1.1000000057492798e-06,0.01,86.0,36.5,0
59299,SO-0602,Constable Dinesh Chaudhary,Constable,39,2026-07-27 11:56:24+00:00,100.0,86.0,,21.3376178,72.7512791,16.69999885559082,0.748,-0.14,-0.72,,0.0,0.0,0.0,,,,,0.0,0.0,30.0,5.999999999062311e-07,2.2999999998774e-05,0.3,86.0,36.5,2
59302,SO-0602,Constable Dinesh Chaudhary,Constable,39,2026-07-27 11:56:54+00:00,93.0,88.0,,21.3376153,72.751356,16.69999885559082,0.831,-0.435,-0.376,,0.0,0.0,0.0,,,,,0.0,0.0,30.0,-2.500000000793534e-06,7.689999999627162e-05,0.99,88.0,36.5,2
59305,SO-0602,Constable Dinesh Chaudhary,Constable,39,2026-07-27 11:57:24+00:00,100.0,85.0,,21.3376151,72.7512937,16.69999885559082,0.959,-0.326,0.028,,0.0,0.0,0.0,,,,,0.0,0.0,30.0,-1.999999987845058e-07,-6.229999999618485e-05,0.8,85.0,36.5,2
59308,SO-0602,Constable Dinesh Chaudhary,Constable,39,2026-07-27 11:57:54+00:00,100.0,88.0,,21.337623,72.7513235,16.69999885559082,0.474,0.183,0.885,,0.0,0.0,0.0,,,,,0.0,0.0,30.0,7.899999999949614e-06,2.9799999992974335e-05,0.4,88.0,36.5,2
59311,SO-0602,Constable Dinesh Chaudhary,Constable,39,2026-07-27 11:58:24+00:00,90.0,81.0,,21.3376188,72.7512869,16.69999885559082,0.124,-0.038,0.882,,0.0,0.0,0.0,,,,,0.0,0.0,30.0,-4.199999999343618e-06,-3.660000000138552e-05,0.47,81.0,36.5,0
59314,SO-0602,Constable Dinesh Chaudhary,Constable,39,2026-07-27 11:58:54+00:00,99.0,87.0,,21.337619,72.7512886,16.69999885559082,0.928,-0.286,0.116,,0.0,0.0,0.0,,,,,0.0,0.0,30.0,1.999999987845058e-07,1.6999999985500835e-06,0.02,87.0,36.5,2
59317,SO-0602,Constable Dinesh Chaudhary,Constable,39,2026-07-27 11:59:24+00:00,81.0,87.0,,21.3376171,72.7512656,17.100000381469727,0.096,-0.771,0.319,,0.0,0.0,0.0,,,,,0.0,0.0,30.0,-1.900000000887303e-06,-2.2999999998774e-05,0.3,87.0,36.5,0
59320,SO-0602,Constable Dinesh Chaudhary,Constable,39,2026-07-27 11:59:54+00:00,96.0,88.0,,21.3376181,72.7512335,17.100000381469727,0.952,0.734,0.402,,0.0,0.0,0.0,,,,,0.0,0.0,30.0,1.0000000010279564e-06,-3.209999999853608e-05,0.41,88.0,36.5,2
59324,SO-0602,Constable Dinesh Chaudhary,Constable,39,2026-07-27 12:00:23+00:00,85.0,88.0,,21.3376177,72.7512347,17.100000381469727,0.883,0.229,-0.347,,0.0,0.0,0.0,,,,,0.0,0.0,29.0,-4.000000011217253e-07,1.1999999998124622e-06,0.02,88.0,36.5,0
59328,SO-0602,Constable Dinesh Chaudhary,Constable,39,2026-07-27 12:00:54+00:00,84.0,88.0,,21.3376172,72.7512746,17.100000381469727,0.597,-0.038,0.532,,0.0,0.0,0.0,,,,,0.0,0.0,31.0,-4.999999987376214e-07,3.990000000442251e-05,0.5,88.0,36.5,0
59332,SO-0602,Constable Dinesh Chaudhary,Constable,39,2026-07-27 12:01:24+00:00,86.0,84.0,,21.337605,72.7512928,16.69999885559082,0.993,-0.126,0.373,,0.0,0.0,0.0,,,,,0.0,0.0,30.0,-1.220000000046184e-05,1.8199999999524152e-05,0.28,84.0,36.5,0
59336,SO-0602,Constable Dinesh Chaudhary,Constable,39,2026-07-27 12:01:54+00:00,82.0,86.0,,21.3376153,72.7512764,16.69999885559082,0.533,-0.05,0.775,,0.0,0.0,0.0,,,,,0.0,0.0,30.0,1.0299999999574538e-05,-1.6400000006910886e-05,0.25,86.0,36.5,0
59340,SO-0602,Constable Dinesh Chaudhary,Constable,39,2026-07-27 12:02:24+00:00,87.0,79.0,,21.337623,72.7513217,16.69999885559082,0.247,-0.426,0.876,,0.0,0.0,0.0,,,,,0.0,0.0,30.0,7.700000001165108e-06,4.5300000010684016e-05,0.59,79.0,36.5,0
59344,SO-0602,Constable Dinesh Chaudhary,Constable,39,2026-07-27 12:02:54+00:00,97.0,79.0,,21.3376173,72.75127,17.100000381469727,1.006,0.131,-0.244,,0.0,0.0,0.0,,,,,0.0,0.0,30.0,-5.699999999109195e-06,-5.170000000020991e-05,0.67,79.0,36.5,2
59348,SO-0602,Constable Dinesh Chaudhary,Constable,39,2026-07-27 12:03:24+00:00,81.0,86.0,,21.3376187,72.751283,16.69999885559082,0.663,-0.021,-0.777,,0.0,0.0,0.0,,,,,0.0,0.0,30.0,1.399999998596968e-06,1.2999999995599865e-05,0.17,86.0,36.5,0
59352,SO-0602,Constable Dinesh Chaudhary,Constable,39,2026-07-27 12:03:54+00:00,88.0,88.0,,21.3376176,72.7512605,17.100000381469727,0.64,-0.006,-0.776,,0.0,0.0,0.0,,,,,0.0,0.0,30.0,-1.0999999986438525e-06,-2.250000000003638e-05,0.29,88.0,36.5,0
59356,SO-0602,Constable Dinesh Chaudhary,Constable,39,2026-07-27 12:04:24+00:00,96.0,88.0,,21.3376179,72.7512793,16.69999885559082,0.897,-0.282,-0.277,,0.0,0.0,0.0,,,,,0.0,0.0,30.0,2.999999999531156e-07,1.8799999992324956e-05,0.24,88.0,36.5,2
59360,SO-0602,Constable Dinesh Chaudhary,Constable,39,2026-07-27 12:04:54+00:00,87.0,81.0,,21.3376212,72.7513041,16.69999885559082,1.934,-0.373,-0.304,,0.0,0.0,0.0,,,,,0.0,0.0,30.0,3.299999999484271e-06,2.480000000559812e-05,0.32,81.0,36.5,1
59364,SO-0602,Constable Dinesh Chaudhary,Constable,39,2026-07-27 12:05:24+00:00,85.0,86.0,,21.3376203,72.7512981,16.69999885559082,0.289,-1.342,0.707,,0.0,0.0,0.0,,,,,0.0,0.0,30.0,-8.999999998593466e-07,-5.999999999062311e-06,0.08,86.0,36.5,1
59367,SO-0602,Constable Dinesh Chaudhary,Constable,39,2026-07-27 12:05:54+00:00,86.0,78.0,,21.3376123,72.7512521,17.100000381469727,0.688,-0.004,-0.741,,0.0,0.0,0.0,,,,,0.0,0.0,30.0,-8.000000001118224e-06,-4.5999999997548e-05,0.6,78.0,36.5,1
59371,SO-0602,Constable Dinesh Chaudhary,Constable,39,2026-07-27 12:06:24+00:00,91.0,88.0,,21.3376131,72.7512612,17.100000381469727,0.72,-0.017,-0.714,,0.0,0.0,0.0,,,,,0.0,0.0,30.0,7.999999986907369e-07,9.099999999762076e-06,0.12,88.0,36.5,1
59375,SO-0602,Constable Dinesh Chaudhary,Constable,39,2026-07-27 12:06:54+00:00,86.0,88.0,,21.3376176,72.7512605,17.100000381469727,-0.23,0.744,0.538,,0.0,0.0,0.0,,,,,0.0,0.0,30.0,4.500000002849447e-06,-7.000000010748408e-07,0.06,88.0,36.5,1
59380,SO-0602,Constable Dinesh Chaudhary,Constable,39,2026-07-27 12:07:24+00:00,94.0,88.0,,21.3376179,72.7512562,17.100000381469727,0.6,0.261,0.782,,0.0,0.0,0.0,,,,,0.0,0.0,30.0,2.999999999531156e-07,-4.300000000512227e-06,0.06,88.0,36.5,2
59384,SO-0602,Constable Dinesh Chaudhary,Constable,39,2026-07-27 12:07:54+00:00,90.0,88.0,,21.3376172,72.7512561,17.100000381469727,0.606,0.264,0.75,,0.0,0.0,0.0,,,,,0.0,0.0,30.0,-7.000000010748408e-07,-9.999999406318238e-08,0.01,88.0,36.5,0
59388,SO-0602,Constable Dinesh Chaudhary,Constable,39,2026-07-27 12:08:24+00:00,90.0,88.0,,21.3376175,72.7512561,17.100000381469727,0.585,0.321,0.761,,0.0,0.0,0.0,,,,,0.0,0.0,30.0,2.999999999531156e-07,0.0,0.0,88.0,36.5,0
59391,SO-0602,Constable Dinesh Chaudhary,Constable,39,2026-07-27 12:08:54+00:00,84.0,88.0,,21.3376176,72.7512652,17.100000381469727,0.69,0.114,0.781,,0.0,0.0,0.0,,,,,0.0,0.0,30.0,1.0000000116860974e-07,9.099999999762076e-06,0.12,88.0,36.5,0
59395,SO-0602,Constable Dinesh Chaudhary,Constable,39,2026-07-27 12:09:24+00:00,95.0,81.0,,21.3376175,72.7512561,17.100000381469727,0.435,-0.077,0.922,,0.0,0.0,0.0,,,,,0.0,0.0,30.0,-1.0000000116860974e-07,-9.099999999762076e-06,0.12,81.0,36.5,2
59400,SO-0602,Constable Dinesh Chaudhary,Constable,39,2026-07-27 12:09:54+00:00,82.0,87.0,,21.3376174,72.7512606,17.100000381469727,0.069,0.91,0.422,,0.0,0.0,0.0,,,,,0.0,0.0,30.0,-1.0000000116860974e-07,4.499999988638592e-06,0.06,87.0,36.5,0
59404,SO-0602,Constable Dinesh Chaudhary,Constable,39,2026-07-27 12:10:24+00:00,97.0,83.0,,21.3376172,72.7512653,17.100000381469727,0.365,-0.277,0.886,,0.0,0.0,0.0,,,,,0.0,0.0,30.0,-1.999999987845058e-07,4.700000005186666e-06,0.06,83.0,36.5,2
59408,SO-0602,Constable Dinesh Chaudhary,Constable,39,2026-07-27 12:10:54+00:00,83.0,83.0,,21.3376176,72.7512605,17.100000381469727,0.692,0.753,-0.015,,0.0,0.0,0.0,,,,,0.0,0.0,30.0,4.000000011217253e-07,-4.799999999249849e-06,0.06,83.0,36.5,0
59412,SO-0602,Constable Dinesh Chaudhary,Constable,39,2026-07-27 12:11:24+00:00,83.0,88.0,,21.3376171,72.751252,17.100000381469727,0.421,-0.065,0.842,,0.0,0.0,0.0,,,,,0.0,0.0,30.0,-5.00000002290335e-07,-8.500000006961272e-06,0.11,88.0,36.5,0
59416,SO-0602,Constable Dinesh Chaudhary,Constable,39,2026-07-27 12:11:54+00:00,91.0,88.0,,21.3376174,72.7512606,17.100000381469727,0.784,0.127,0.612,,0.0,0.0,0.0,,,,,0.0,0.0,30.0,2.999999999531156e-07,8.600000001024455e-06,0.11,88.0,36.5,2
59420,SO-0602,Constable Dinesh Chaudhary,Constable,39,2026-07-27 12:12:24+00:00,87.0,88.0,,21.3376104,72.7512483,17.100000381469727,0.308,-0.22,0.875,,0.0,0.0,0.0,,,,,0.0,0.0,30.0,-7.000000000090267e-06,-1.2299999994525024e-05,0.18,88.0,36.5,0
59424,SO-0602,Constable Dinesh Chaudhary,Constable,39,2026-07-27 12:12:54+00:00,81.0,88.0,,21.337617,72.7512703,17.100000381469727,0.655,-0.631,0.423,,0.0,0.0,0.0,,,,,0.0,0.0,30.0,6.600000002521256e-06,2.200000000129876e-05,0.3,88.0,36.5,0
59427,SO-0602,Constable Dinesh Chaudhary,Constable,39,2026-07-27 12:13:24+00:00,85.0,87.0,,21.3376176,72.7512652,17.100000381469727,0.581,-0.259,0.766,,0.0,0.0,0.0,,,,,0.0,0.0,30.0,5.999999999062311e-07,-5.099999995650251e-06,0.07,87.0,36.5,0
59430,SO-0602,Constable Dinesh Chaudhary,Constable,39,2026-07-27 12:13:54+00:00,86.0,87.0,,21.337611,72.7512622,17.100000381469727,0.575,-0.219,0.815,,0.0,0.0,0.0,,,,,0.0,0.0,30.0,-6.600000002521256e-06,-3.000000006636583e-06,0.1,87.0,36.5,0
59434,SO-0602,Constable Dinesh Chaudhary,Constable,39,2026-07-27 12:14:24+00:00,93.0,84.0,,21.3376176,72.7512605,17.100000381469727,0.383,-0.679,0.636,,0.0,0.0,0.0,,,,,0.0,0.0,30.0,6.600000002521256e-06,-1.6999999985500835e-06,0.09,84.0,36.5,2
59438,SO-0602,Constable Dinesh Chaudhary,Constable,39,2026-07-27 12:14:54+00:00,91.0,87.0,,21.3376172,72.7512653,17.100000381469727,0.813,-0.128,0.552,,0.0,0.0,0.0,,,,,0.0,0.0,30.0,-4.000000011217253e-07,4.799999999249849e-06,0.06,87.0,36.5,2
59442,SO-0602,Constable Dinesh Chaudhary,Constable,39,2026-07-27 12:15:24+00:00,83.0,88.0,,21.3376104,72.7512483,17.100000381469727,0.518,-0.578,0.637,,0.0,0.0,0.0,,,,,0.0,0.0,30.0,-6.8000000013057615e-06,-1.699999999971169e-05,0.24,88.0,36.5,0
59446,SO-0602,Constable Dinesh Chaudhary,Constable,39,2026-07-27 12:15:54+00:00,84.0,88.0,,21.3376174,72.7512606,17.100000381469727,0.465,-0.6,0.645,,0.0,0.0,0.0,,,,,0.0,0.0,30.0,7.000000000090267e-06,1.2299999994525024e-05,0.18,88.0,36.5,0
59450,SO-0602,Constable Dinesh Chaudhary,Constable,39,2026-07-27 12:16:24+00:00,100.0,88.0,,21.3376158,72.7512455,17.100000381469727,0.581,-0.546,0.593,,0.0,0.0,0.0,,,,,0.0,0.0,30.0,-1.6000000009341877e-06,-1.5099999998824389e-05,0.19,88.0,36.5,2
59454,SO-0602,Constable Dinesh Chaudhary,Constable,39,2026-07-27 12:16:54+00:00,95.0,69.0,,21.3376167,72.7512518,17.100000381469727,0.278,-0.233,0.936,,0.0,0.0,0.0,,,,,0.0,0.0,30.0,9.000000034120603e-07,6.3000000096735675e-06,0.08,69.0,36.5,2
59458,SO-0602,Constable Dinesh Chaudhary,Constable,39,2026-07-27 12:17:24+00:00,90.0,60.0,,21.3376161,72.7512481,17.100000381469727,0.294,-0.259,0.917,,0.0,0.0,0.0,,,,,0.0,0.0,30.0,-5.999999999062311e-07,-3.700000007711424e-06,0.05,60.0,36.5,0
59461,SO-0602,Constable Dinesh Chaudhary,Constable,39,2026-07-27 12:17:54+00:00,81.0,60.0,,21.3376126,72.7512489,17.100000381469727,0.556,-0.152,0.822,,0.0,0.0,0.0,,,,,0.0,0.0,30.0,-3.5000000018214905e-06,7.999999951380232e-07,0.05,60.0,36.5,0
59464,SO-0602,Constable Dinesh Chaudhary,Constable,39,2026-07-27 12:18:24+00:00,99.0,85.0,,21.3376123,72.751272,17.100000381469727,0.596,0.173,0.8,,0.0,0.0,0.0,,,,,0.0,0.0,30.0,-2.999999999531156e-07,2.310000000704804e-05,0.3,85.0,36.5,2
59467,SO-0602,Constable Dinesh Chaudhary,Constable,39,2026-07-27 12:18:54+00:00,83.0,85.0,,21.3376159,72.7512383,17.100000381469727,0.524,0.139,0.846,,0.0,0.0,0.0,,,,,0.0,0.0,30.0,3.5999999994373866e-06,-3.370000000302298e-05,0.44,85.0,36.5,0
59470,SO-0602,Constable Dinesh Chaudhary,Constable,39,2026-07-27 12:19:24+00:00,91.0,84.0,,21.3376176,72.7512605,17.100000381469727,1.256,-0.409,0.266,,0.0,0.0,0.0,,,,,0.0,0.0,30.0,1.7000000021027972e-06,2.2200000003635975e-05,0.29,84.0,36.5,2
59473,SO-0602,Constable Dinesh Chaudhary,Constable,39,2026-07-27 12:19:54+00:00,94.0,88.0,,21.3376171,72.751265,17.100000381469727,0.979,0.11,-0.057,,0.0,0.0,0.0,,,,,0.0,0.0,30.0,-5.00000002290335e-07,4.500000002849447e-06,0.06,88.0,36.5,2
59476,SO-0602,Constable Dinesh Chaudhary,Constable,39,2026-07-27 12:20:24+00:00,96.0,87.0,,21.3376171,72.7512656,17.100000381469727,0.821,0.189,0.548,,0.0,0.0,0.0,,,,,0.0,0.0,30.0,0.0,5.999999928008037e-07,0.01,87.0,36.5,2
59479,SO-0602,Constable Dinesh Chaudhary,Constable,39,2026-07-27 12:20:54+00:00,91.0,88.0,,21.3376173,72.7512608,17.100000381469727,0.641,-0.517,0.55,,0.0,0.0,0.0,,,,,0.0,0.0,30.0,2.0000000233721948e-07,-4.799999999249849e-06,0.06,88.0,36.5,2
59482,SO-0602,Constable Dinesh Chaudhary,Constable,39,2026-07-27 12:21:24+00:00,92.0,88.0,,21.337617,72.7512699,17.100000381469727,0.622,0.281,-0.754,,0.0,0.0,0.0,,,,,0.0,0.0,30.0,-2.999999999531156e-07,9.099999999762076e-06,0.12,88.0,36.5,2
59485,SO-0602,Constable Dinesh Chaudhary,Constable,39,2026-07-27 12:21:54+00:00,88.0,88.0,,21.337617,72.751269,17.100000381469727,0.774,0.008,-0.655,,0.0,0.0,0.0,,,,,0.0,0.0,30.0,0.0,-9.000000034120603e-07,0.01,88.0,36.5,0
59488,SO-0602,Constable Dinesh Chaudhary,Constable,39,2026-07-27 12:22:24+00:00,97.0,88.0,,21.3375891,72.7512874,17.100000381469727,0.724,0.021,-0.707,,0.0,0.0,0.0,,,,,0.0,0.0,30.0,-2.7900000002745173e-05,1.8400000001861372e-05,0.44,88.0,36.5,2
59491,SO-0602,Constable Dinesh Chaudhary,Constable,39,2026-07-27 12:22:54+00:00,100.0,88.0,,21.3376174,72.7512835,16.69999885559082,0.762,0.022,-0.671,,0.0,0.0,0.0,,,,,0.0,0.0,30.0,2.8300000000314185e-05,-3.8999999958377884e-06,0.38,88.0,36.5,2
59494,SO-0602,Constable Dinesh Chaudhary,Constable,39,2026-07-27 12:23:24+00:00,86.0,88.0,,21.3376213,72.7512696,16.69999885559082,0.774,0.03,-0.652,,0.0,0.0,0.0,,,,,0.0,0.0,30.0,3.899999999390502e-06,-1.3899999999011923e-05,0.19,88.0,36.5,0
59497,SO-0602,Constable Dinesh Chaudhary,Constable,39,2026-07-27 12:23:54+00:00,96.0,87.0,,21.3376165,72.7512673,17.100000381469727,0.51,-0.029,0.926,,0.0,0.0,0.0,,,,,0.0,0.0,30.0,-4.799999999249849e-06,-2.300000005561742e-06,0.07,87.0,36.5,2
59500,SO-0602,Constable Dinesh Chaudhary,Constable,39,2026-07-27 12:24:23+00:00,99.0,88.0,,21.3376216,72.7513104,16.69999885559082,0.731,0.131,0.657,,0.0,0.0,0.0,,,,,0.0,0.0,29.0,5.099999999202964e-06,4.3099999999185457e-05,0.58,88.0,36.5,2
59503,SO-0602,Constable Dinesh Chaudhary,Constable,39,2026-07-27 12:24:54+00:00,83.0,85.0,,21.3376172,72.7512558,17.100000381469727,0.635,0.213,0.759,,0.0,0.0,0.0,,,,,0.0,0.0,31.0,-4.3999999981281235e-06,-5.459999999857246e-05,0.68,85.0,36.5,0
59506,SO-0602,Constable Dinesh Chaudhary,Constable,39,2026-07-27 12:25:24+00:00,95.0,86.0,,21.3376166,72.7512617,17.100000381469727,1.276,0.264,0.081,,0.0,0.0,0.0,,,,,0.0,0.0,30.0,-5.999999999062311e-07,5.900000004999129e-06,0.08,86.0,36.5,2
59509,SO-0602,Constable Dinesh Chaudhary,Constable,39,2026-07-27 12:25:54+00:00,87.0,88.0,,21.3376193,72.7512923,16.69999885559082,0.698,0.003,0.71,,0.0,0.0,0.0,,,,,0.0,0.0,30.0,2.69999999957804e-06,3.060000000232321e-05,0.39,88.0,36.5,0
59512,SO-0602,Constable Dinesh Chaudhary,Constable,39,2026-07-27 12:26:24+00:00,95.0,86.0,,21.3376155,72.7512462,17.100000381469727,0.653,-0.592,0.142,,0.0,0.0,0.0,,,,,0.0,0.0,30.0,-3.800000001774606e-06,-4.610000000582204e-05,0.59,86.0,36.5,2
59515,SO-0602,Constable Dinesh Chaudhary,Constable,39,2026-07-27 12:26:54+00:00,93.0,88.0,,21.3376188,72.7512873,16.69999885559082,-1.305,-1.05,-1.026,,0.0,0.0,0.0,,,,,0.0,0.0,30.0,3.3000000030369847e-06,4.110000000423497e-05,0.53,88.0,36.5,1
59518,SO-0602,Constable Dinesh Chaudhary,Constable,39,2026-07-27 12:27:24+00:00,100.0,88.0,,21.3376171,72.751264,17.100000381469727,0.193,0.545,0.787,,0.0,0.0,0.0,,,,,0.0,0.0,30.0,-1.7000000021027972e-06,-2.3299999995174403e-05,0.3,88.0,36.5,1
59521,SO-0602,Constable Dinesh Chaudhary,Constable,39,2026-07-27 12:27:54+00:00,83.0,83.0,,21.3376166,72.7512769,16.69999885559082,1.212,0.071,0.5,,0.0,0.0,0.0,,,,,0.0,0.0,30.0,-4.999999987376214e-07,1.2899999987325828e-05,0.17,83.0,36.5,1
59524,SO-0602,Constable Dinesh Chaudhary,Constable,39,2026-07-27 12:28:24+00:00,88.0,88.0,,21.3376167,72.7512517,17.100000381469727,0.821,0.357,-0.337,,0.0,0.0,0.0,,,,,0.0,0.0,30.0,1.0000000116860974e-07,-2.5199999996061703e-05,0.32,88.0,36.5,1
59527,SO-0602,Constable Dinesh Chaudhary,Constable,39,2026-07-27 12:28:54+00:00,97.0,87.0,,21.337617,72.751269,17.100000381469727,0.864,0.515,-0.31,,0.0,0.0,0.0,,,,,0.0,0.0,30.0,2.999999999531156e-07,1.7299999996112092e-05,0.22,87.0,36.5,1
59530,SO-0602,Constable Dinesh Chaudhary,Constable,39,2026-07-27 12:29:24+00:00,94.0,88.0,,21.3376167,72.7512724,17.100000381469727,0.736,0.552,0.432,,0.0,0.0,0.0,,,,,0.0,0.0,30.0,-2.999999999531156e-07,3.400000011311022e-06,0.04,88.0,36.5,2
59533,SO-0602,Constable Dinesh Chaudhary,Constable,39,2026-07-27 12:29:54+00:00,86.0,88.0,,21.337617,72.7512731,17.100000381469727,0.74,0.262,0.587,,0.0,0.0,0.0,,,,,0.0,0.0,30.0,2.999999999531156e-07,7.000000010748408e-07,0.01,88.0,36.5,0
59536,SO-0602,Constable Dinesh Chaudhary,Constable,39,2026-07-27 12:30:24+00:00,96.0,86.0,,21.3376171,72.751264,17.100000381469727,0.911,-0.037,0.415,,0.0,0.0,0.0,,,,,0.0,0.0,30.0,9.999999761589606e-08,-9.099999999762076e-06,0.12,86.0,36.5,2
59539,SO-0602,Constable Dinesh Chaudhary,Constable,39,2026-07-27 12:30:54+00:00,100.0,81.0,,21.3376171,72.751264,17.100000381469727,0.019,-0.847,0.451,,0.0,0.0,0.0,,,,,0.0,0.0,30.0,0.0,0.0,0.0,81.0,36.5,2
59542,SO-0602,Constable Dinesh Chaudhary,Constable,39,2026-07-27 12:31:24+00:00,96.0,88.0,,21.3376171,72.751264,17.100000381469727,0.34,-0.134,0.898,,0.0,0.0,0.0,,,,,0.0,0.0,30.0,0.0,0.0,0.0,88.0,36.5,2
59545,SO-0602,Constable Dinesh Chaudhary,Constable,39,2026-07-27 12:31:54+00:00,98.0,87.0,,21.3376156,72.7512466,17.100000381469727,0.08,0.248,0.896,,0.0,0.0,0.0,,,,,0.0,0.0,30.0,-1.4999999997655775e-06,-1.740000000438613e-05,0.22,87.0,36.5,2
59548,SO-0602,Constable Dinesh Chaudhary,Constable,39,2026-07-27 12:32:24+00:00,95.0,73.0,,21.3376171,72.7512572,17.100000381469727,0.667,0.438,-0.422,,0.0,0.0,0.0,,,,,0.0,0.0,30.0,1.4999999997655775e-06,1.059999999597494e-05,0.14,73.0,36.5,2
59551,SO-0602,Constable Dinesh Chaudhary,Constable,39,2026-07-27 12:32:54+00:00,98.0,82.0,,21.3376172,72.7512738,17.100000381469727,-0.827,0.222,0.391,,0.0,0.0,0.0,,,,,0.0,0.0,30.0,1.0000000116860974e-07,1.6600000009248106e-05,0.21,82.0,36.5,2
59554,SO-0602,Constable Dinesh Chaudhary,Constable,39,2026-07-27 12:33:24+00:00,92.0,88.0,,21.3376187,72.7512807,16.69999885559082,0.218,-0.401,-0.911,,0.0,0.0,0.0,,,,,0.0,0.0,30.0,1.4999999997655775e-06,6.8999999882635166e-06,0.09,88.0,36.5,2
59557,SO-0602,Constable Dinesh Chaudhary,Constable,39,2026-07-27 12:33:54+00:00,97.0,86.0,,21.3376171,72.751264,17.100000381469727,-0.204,0.161,1.003,,0.0,0.0,0.0,,,,,0.0,0.0,30.0,-1.6000000009341877e-06,-1.6699999989100434e-05,0.22,86.0,36.5,2
59560,SO-0602,Constable Dinesh Chaudhary,Constable,39,2026-07-27 12:34:24+00:00,93.0,85.0,,21.3376051,72.7512864,16.69999885559082,0.802,-0.823,0.053,,0.0,0.0,0.0,,,,,0.0,0.0,30.0,-1.1999999998124622e-05,2.2399999991762343e-05,0.33,85.0,36.5,2
59563,SO-0602,Constable Dinesh Chaudhary,Constable,39,2026-07-27 12:34:54+00:00,99.0,88.0,,21.337618,72.7512743,17.100000381469727,0.627,-0.197,0.742,,0.0,0.0,0.0,,,,,0.0,0.0,30.0,1.2899999997983969e-05,-1.2099999992187804e-05,0.23,88.0,36.5,2
59566,SO-0602,Constable Dinesh Chaudhary,Constable,39,2026-07-27 12:35:24+00:00,99.0,88.0,,21.3376187,72.7512824,16.69999885559082,0.694,0.056,-0.492,,0.0,0.0,0.0,,,,,0.0,0.0,30.0,7.000000010748408e-07,8.099999988075979e-06,0.1,88.0,36.5,2
59569,SO-0602,Constable Dinesh Chaudhary,Constable,39,2026-07-27 12:35:54+00:00,94.0,86.0,,21.3376177,72.7512401,17.100000381469727,0.617,0.671,0.231,,0.0,0.0,0.0,,,,,0.0,0.0,30.0,-1.0000000010279564e-06,-4.229999998983658e-05,0.54,86.0,36.5,2
59571,SO-0602,Constable Dinesh Chaudhary,Constable,39,2026-07-27 12:36:24+00:00,100.0,83.0,,21.3376187,72.7512824,16.69999885559082,-0.746,0.459,0.404,,0.0,0.0,0.0,,,,,0.0,0.0,30.0,1.0000000010279564e-06,4.229999998983658e-05,0.54,83.0,36.5,2
59573,SO-0602,Constable Dinesh Chaudhary,Constable,39,2026-07-27 12:36:54+00:00,99.0,88.0,,21.3376192,72.7512897,16.69999885559082,0.283,-0.034,0.961,,0.0,0.0,0.0,,,,,0.0,0.0,30.0,4.999999987376214e-07,7.30000000714881e-06,0.09,88.0,36.5,2
59575,SO-0602,Constable Dinesh Chaudhary,Constable,39,2026-07-27 12:37:24+00:00,100.0,87.0,,21.3376203,72.7512955,16.69999885559082,0.537,0.856,0.174,,0.0,0.0,0.0,,,,,0.0,0.0,30.0,1.100000002196566e-06,5.7999999967250915e-06,0.08,87.0,36.5,2
59577,SO-0602,Constable Dinesh Chaudhary,Constable,39,2026-07-27 12:37:54+00:00,100.0,80.0,,21.337619,72.7512886,16.69999885559082,0.073,-0.101,1.06,,0.0,0.0,0.0,,,,,0.0,0.0,30.0,-1.300000000981072e-06,-6.900000002474371e-06,0.09,80.0,36.5,2
59579,SO-0602,Constable Dinesh Chaudhary,Constable,39,2026-07-27 12:38:24+00:00,100.0,80.0,,21.3376189,72.751285,16.69999885559082,-0.295,0.885,0.335,,0.0,0.0,0.0,,,,,0.0,0.0,30.0,-1.0000000116860974e-07,-3.5999999994373866e-06,0.05,80.0,36.5,2
59581,SO-0602,Constable Dinesh Chaudhary,Constable,39,2026-07-27 12:38:54+00:00,100.0,87.0,,21.3376171,72.7512702,17.100000381469727,-0.177,-0.159,0.964,,0.0,0.0,0.0,,,,,0.0,0.0,30.0,-1.7999999997186933e-06,-1.4800000002423984e-05,0.19,87.0,36.5,2
59583,SO-0602,Constable Dinesh Chaudhary,Constable,39,2026-07-27 12:39:24+00:00,87.0,88.0,,21.3376133,72.7512867,16.69999885559082,0.443,0.635,0.626,,0.0,0.0,0.0,,,,,0.0,0.0,30.0,-3.799999998221893e-06,1.650000000097407e-05,0.22,88.0,36.5,0
59585,SO-0602,Constable Dinesh Chaudhary,Constable,39,2026-07-27 12:39:54+00:00,99.0,83.0,,21.3376195,72.7512929,16.69999885559082,0.704,-0.083,0.677,,0.0,0.0,0.0,,,,,0.0,0.0,30.0,6.199999997846817e-06,6.2000000013995304e-06,0.11,83.0,36.5,2
59587,SO-0602,Constable Dinesh Chaudhary,Constable,39,2026-07-27 12:40:24+00:00,100.0,88.0,,21.3376178,72.7512791,16.69999885559082,0.373,-0.033,0.921,,0.0,0.0,0.0,,,,,0.0,0.0,30.0,-1.6999999985500835e-06,-1.3799999990737888e-05,0.18,88.0,36.5,2
59589,SO-0602,Constable Dinesh Chaudhary,Constable,39,2026-07-27 12:40:54+00:00,94.0,88.0,,21.3376177,72.7512784,16.69999885559082,0.901,-0.01,-0.468,,0.0,0.0,0.0,,,,,0.0,0.0,30.0,-1.0000000116860974e-07,-7.000000010748408e-07,0.01,88.0,36.5,2
59591,SO-0602,Constable Dinesh Chaudhary,Constable,39,2026-07-27 12:41:24+00:00,89.0,88.0,,21.3376187,72.751283,16.69999885559082,0.915,-0.01,-0.415,,0.0,0.0,0.0,,,,,0.0,0.0,30.0,1.0000000010279564e-06,4.599999996912629e-06,0.06,88.0,36.5,0
59593,SO-0602,Constable Dinesh Chaudhary,Constable,39,2026-07-27 12:41:54+00:00,92.0,86.0,,21.337617,72.7512703,17.100000381469727,0.942,0.064,-0.35,,0.0,0.0,0.0,,,,,0.0,0.0,30.0,-1.6999999985500835e-06,-1.2699999999199464e-05,0.16,86.0,36.5,2
59596,SO-0602,Constable Dinesh Chaudhary,Constable,39,2026-07-27 12:42:24+00:00,100.0,88.0,,21.3376171,72.7512702,17.100000381469727,0.954,0.073,-0.312,,0.0,0.0,0.0,,,,,0.0,0.0,30.0,9.999999761589606e-08,-1.000000082740371e-07,0.0,88.0,36.5,2
59599,SO-0602,Constable Dinesh Chaudhary,Constable,39,2026-07-27 12:42:54+00:00,93.0,88.0,,21.3376172,72.7512738,17.100000381469727,0.943,0.059,-0.365,,0.0,0.0,0.0,,,,,0.0,0.0,30.0,1.0000000116860974e-07,3.6000000136482413e-06,0.05,88.0,36.5,2
59602,SO-0602,Constable Dinesh Chaudhary,Constable,39,2026-07-27 12:43:24+00:00,92.0,83.0,,21.3376179,72.7512793,16.69999885559082,0.397,-0.507,0.638,,0.0,0.0,0.0,,,,,0.0,0.0,30.0,7.000000010748408e-07,5.499999986113835e-06,0.07,83.0,36.5,2
59605,SO-0602,Constable Dinesh Chaudhary,Constable,39,2026-07-27 12:43:54+00:00,95.0,87.0,,21.3376169,72.7512681,17.100000381469727,0.599,0.725,-0.244,,0.0,0.0,0.0,,,,,0.0,0.0,30.0,-1.0000000010279564e-06,-1.1199999988775744e-05,0.14,87.0,36.5,2
59608,SO-0602,Constable Dinesh Chaudhary,Constable,39,2026-07-27 12:44:24+00:00,96.0,87.0,,21.3376179,72.7512793,16.69999885559082,0.675,0.008,-0.734,,0.0,0.0,0.0,,,,,0.0,0.0,30.0,1.0000000010279564e-06,1.1199999988775744e-05,0.14,87.0,36.5,2
59611,SO-0602,Constable Dinesh Chaudhary,Constable,39,2026-07-27 12:44:54+00:00,88.0,86.0,,21.3376173,72.7512607,17.100000381469727,0.971,-0.039,0.242,,0.0,0.0,0.0,,,,,0.0,0.0,30.0,-5.999999999062311e-07,-1.8599999989987737e-05,0.24,86.0,36.5,0
59615,SO-0602,Constable Dinesh Chaudhary,Constable,39,2026-07-27 12:45:24+00:00,83.0,88.0,,21.3376189,72.7512878,16.69999885559082,-0.341,0.233,0.887,,0.0,0.0,0.0,,,,,0.0,0.0,30.0,1.5999999973814738e-06,2.709999999694901e-05,0.35,88.0,36.5,0
59619,SO-0602,Constable Dinesh Chaudhary,Constable,39,2026-07-27 12:45:54+00:00,100.0,88.0,,21.3376173,72.75126,17.100000381469727,0.899,0.214,-0.217,,0.0,0.0,0.0,,,,,0.0,0.0,30.0,-1.5999999973814738e-06,-2.779999999802385e-05,0.36,88.0,36.5,2
59621,SO-0602,Constable Dinesh Chaudhary,Constable,39,2026-07-27 12:46:24+00:00,97.0,88.0,,21.3376172,72.7512558,17.100000381469727,0.763,0.343,-0.594,,0.0,0.0,0.0,,,,,0.0,0.0,30.0,-1.0000000116860974e-07,-4.200000006449045e-06,0.05,88.0,36.5,2
59626,SO-0602,Constable Dinesh Chaudhary,Constable,39,2026-07-27 12:46:54+00:00,100.0,88.0,,21.3376171,72.7512702,17.100000381469727,0.41,0.708,-0.174,,0.0,0.0,0.0,,,,,0.0,0.0,30.0,-1.0000000116860974e-07,1.4399999997749546e-05,0.18,88.0,36.5,2
59630,SO-0602,Constable Dinesh Chaudhary,Constable,39,2026-07-27 12:47:24+00:00,86.0,84.0,,21.3376155,72.7512462,17.100000381469727,1.033,0.384,-0.165,,0.0,0.0,0.0,,,,,0.0,0.0,30.0,-1.6000000009341877e-06,-2.3999999996249244e-05,0.31,84.0,36.5,0
59634,SO-0602,Constable Dinesh Chaudhary,Constable,39,2026-07-27 12:47:54+00:00,92.0,83.0,,21.3376173,72.75126,17.100000381469727,0.99,-0.334,0.318,,0.0,0.0,0.0,,,,,0.0,0.0,30.0,1.800000003271407e-06,1.3800000004948744e-05,0.18,83.0,36.5,2
59638,SO-0602,Constable Dinesh Chaudhary,Constable,39,2026-07-27 12:48:24+00:00,97.0,82.0,,21.3376171,72.751265,17.100000381469727,0.749,-0.237,0.428,,0.0,0.0,0.0,,,,,0.0,0.0,30.0,-2.0000000233721948e-07,5.000000001587068e-06,0.06,82.0,36.5,2
59642,SO-0602,Constable Dinesh Chaudhary,Constable,39,2026-07-27 12:48:54+00:00,87.0,88.0,,21.3376148,72.751236,17.100000381469727,-0.17,0.002,0.935,,0.0,0.0,0.0,,,,,0.0,0.0,30.0,-2.2999999984563142e-06,-2.8999999997836312e-05,0.37,88.0,36.5,0
59646,SO-0602,Constable Dinesh Chaudhary,Constable,39,2026-07-27 12:49:24+00:00,95.0,88.0,,21.3376172,72.751255,17.100000381469727,0.497,-0.125,0.85,,0.0,0.0,0.0,,,,,0.0,0.0,30.0,2.3999999996249244e-06,1.8999999994662176e-05,0.25,88.0,36.5,2
59650,SO-0602,Constable Dinesh Chaudhary,Constable,39,2026-07-27 12:49:54+00:00,100.0,88.0,,21.3376171,72.751265,17.100000381469727,0.364,-0.251,0.931,,0.0,0.0,0.0,,,,,0.0,0.0,30.0,-1.0000000116860974e-07,1.0000000003174137e-05,0.13,88.0,36.5,2
59654,SO-0602,Constable Dinesh Chaudhary,Constable,39,2026-07-27 12:50:24+00:00,96.0,85.0,,21.3376148,72.7512409,17.100000381469727,0.746,-0.112,0.739,,0.0,0.0,0.0,,,,,0.0,0.0,30.0,-2.2999999984563142e-06,-2.410000000452328e-05,0.31,85.0,36.5,2
59658,SO-0602,Constable Dinesh Chaudhary,Constable,39,2026-07-27 12:50:54+00:00,99.0,86.0,,21.3376099,72.7512564,17.100000381469727,0.292,-0.158,0.92,,0.0,0.0,0.0,,,,,0.0,0.0,30.0,-4.9000000004184585e-06,1.5500000003498826e-05,0.21,86.0,36.5,2
59662,SO-0602,Constable Dinesh Chaudhary,Constable,39,2026-07-27 12:51:24+00:00,100.0,88.0,,21.3376152,72.7512443,17.100000381469727,0.542,-0.114,0.848,,0.0,0.0,0.0,,,,,0.0,0.0,30.0,5.29999999798747e-06,-1.210000000639866e-05,0.17,88.0,36.5,2
59666,SO-0602,Constable Dinesh Chaudhary,Constable,39,2026-07-27 12:51:54+00:00,84.0,88.0,,21.3376173,72.7512607,17.100000381469727,0.365,-0.22,0.897,,0.0,0.0,0.0,,,,,0.0,0.0,30.0,2.1000000032245225e-06,1.6400000006910886e-05,0.21,88.0,36.5,0
59670,SO-0602,Constable Dinesh Chaudhary,Constable,39,2026-07-27 12:52:24+00:00,89.0,88.0,,21.3376173,72.7512608,17.100000381469727,0.528,-0.238,0.813,,0.0,0.0,0.0,,,,,0.0,0.0,30.0,0.0,9.999999406318238e-08,0.0,88.0,36.5,0
59674,SO-0602,Constable Dinesh Chaudhary,Constable,39,2026-07-27 12:52:54+00:00,84.0,88.0,,21.3376171,72.7512656,17.100000381469727,0.759,-0.083,0.817,,0.0,0.0,0.0,,,,,0.0,0.0,30.0,-2.0000000233721948e-07,4.799999999249849e-06,0.06,88.0,36.5,0
59678,SO-0602,Constable Dinesh Chaudhary,Constable,39,2026-07-27 12:53:24+00:00,90.0,88.0,,21.3376177,72.7512784,16.69999885559082,0.131,-0.195,0.964,,0.0,0.0,0.0,,,,,0.0,0.0,30.0,5.999999999062311e-07,1.28000000074735e-05,0.16,88.0,36.5,0
59682,SO-0602,Constable Dinesh Chaudhary,Constable,39,2026-07-27 12:53:54+00:00,98.0,87.0,,21.3376149,72.7512333,17.100000381469727,0.188,0.988,0.048,,0.0,0.0,0.0,,,,,0.0,0.0,30.0,-2.8000000007466497e-06,-4.51000000083468e-05,0.58,87.0,36.5,2
59686,SO-0602,Constable Dinesh Chaudhary,Constable,39,2026-07-27 12:54:24+00:00,92.0,87.0,,21.3376148,72.7512409,17.100000381469727,-0.219,0.951,0.021,,0.0,0.0,0.0,,,,,0.0,0.0,30.0,-9.999999761589606e-08,7.600000003549212e-06,0.1,87.0,36.5,2
59690,SO-0602,Constable Dinesh Chaudhary,Constable,39,2026-07-27 12:54:54+00:00,99.0,88.0,,21.3376171,72.7512656,17.100000381469727,0.592,0.03,0.799,,0.0,0.0,0.0,,,,,0.0,0.0,30.0,2.2999999984563142e-06,2.4699999997324085e-05,0.32,88.0,36.5,2
59694,SO-0602,Constable Dinesh Chaudhary,Constable,39,2026-07-27 12:55:24+00:00,99.0,88.0,,21.3376231,72.7513231,16.69999885559082,0.953,0.225,0.119,,0.0,0.0,0.0,,,,,0.0,0.0,30.0,5.999999999062311e-06,5.7499999996935e-05,0.74,88.0,36.5,2
59698,SO-0602,Constable Dinesh Chaudhary,Constable,39,2026-07-27 12:55:54+00:00,99.0,88.0,,21.3376147,72.7512427,17.100000381469727,0.997,-0.009,-0.079,,0.0,0.0,0.0,,,,,0.0,0.0,30.0,-8.399999998687235e-06,-8.039999998743497e-05,1.04,88.0,36.5,2
59702,SO-0602,Constable Dinesh Chaudhary,Constable,39,2026-07-27 12:56:24+00:00,94.0,88.0,,21.3376193,72.7512925,16.69999885559082,1.076,0.46,0.553,,0.0,0.0,0.0,,,,,0.0,0.0,30.0,4.600000000465343e-06,4.979999999932261e-05,0.64,88.0,36.5,2
59705,SO-0602,Constable Dinesh Chaudhary,Constable,39,2026-07-27 12:56:54+00:00,86.0,88.0,,21.3376165,72.7512673,17.100000381469727,0.41,0.387,0.684,,0.0,0.0,0.0,,,,,0.0,0.0,30.0,-2.8000000007466497e-06,-2.520000001027256e-05,0.33,88.0,36.5,0
59708,SO-0602,Constable Dinesh Chaudhary,Constable,39,2026-07-27 12:57:24+00:00,86.0,88.0,,21.3376227,72.7513213,16.69999885559082,0.54,0.123,0.751,,0.0,0.0,0.0,,,,,0.0,0.0,30.0,6.2000000013995304e-06,5.400000000577165e-05,0.7,88.0,36.5,0
59711,SO-0602,Constable Dinesh Chaudhary,Constable,39,2026-07-27 12:57:54+00:00,86.0,88.0,,21.3376161,72.7512602,17.100000381469727,1.41,-0.496,-0.621,,0.0,0.0,0.0,,,,,0.0,0.0,30.0,-6.599999998968542e-06,-6.109999999637239e-05,0.79,88.0,36.5,0
59714,SO-0602,Constable Dinesh Chaudhary,Constable,39,2026-07-27 12:58:24+00:00,87.0,87.0,,21.3376215,72.7512765,16.69999885559082,0.492,0.158,0.851,,0.0,0.0,0.0,,,,,0.0,0.0,30.0,5.39999999915608e-06,1.629999999863685e-05,0.22,87.0,36.5,0
59717,SO-0602,Constable Dinesh Chaudhary,Constable,39,2026-07-27 12:58:54+00:00,96.0,79.0,,21.3376172,72.7512445,17.100000381469727,0.564,-1.106,0.257,,0.0,0.0,0.0,,,,,0.0,0.0,30.0,-4.300000000512227e-06,-3.2000000004472895e-05,0.41,79.0,36.5,2
59720,SO-0602,Constable Dinesh Chaudhary,Constable,39,2026-07-27 12:59:24+00:00,96.0,53.0,,21.3369757,72.7512554,16.399999618530273,0.096,-0.929,-0.015,,0.0,0.0,0.0,,,,,0.0,0.0,30.0,-0.0006415000000004,1.0900000006586197e-05,8.55,53.0,36.5,1
59722,SO-0602,Constable Dinesh Chaudhary,Constable,39,2026-07-27 12:59:54+00:00,89.0,66.0,,21.3371078,72.7515753,16.499998092651367,0.849,-0.565,0.251,,0.0,0.0,0.0,,,,,0.0,0.0,30.0,0.0001320999999983,0.0003198999999938,4.47,66.0,36.5,0
59726,SO-0602,Constable Dinesh Chaudhary,Constable,39,2026-07-27 13:00:24+00:00,84.0,88.0,,21.3364891,72.7506559,16.19999885559082,0.669,-0.48,0.343,,0.0,0.0,0.0,,,,,0.0,0.0,30.0,-0.0006186999999968,-0.0009194000000007,14.39,88.0,36.5,1
59729,SO-0602,Constable Dinesh Chaudhary,Constable,39,2026-07-27 13:00:54+00:00,82.0,88.0,,21.3366351,72.7491484,16.30000114440918,0.781,-0.545,0.49,,0.0,0.0,0.0,,,,,0.0,0.0,30.0,0.0001459999999973,-0.0015075000000024,19.44,88.0,36.5,1
59732,SO-0602,Constable Dinesh Chaudhary,Constable,39,2026-07-27 13:01:24+00:00,87.0,88.0,,21.3362738,72.7484928,15.299999237060549,1.094,-0.49,0.444,,0.0,0.0,0.0,,,,,0.0,0.0,30.0,-0.000361299999998,-0.0006556000000017,9.69,88.0,36.5,1
59735,SO-0602,Constable Dinesh Chaudhary,Constable,39,2026-07-27 13:01:54+00:00,81.0,88.0,,21.3368783,72.7477195,14.699996948242188,-0.278,-0.983,0.027,,0.0,0.0,0.0,,,,,0.0,0.0,30.0,0.0006044999999978,-0.0007732999999916,12.78,88.0,36.5,1
59738,SO-0602,Constable Dinesh Chaudhary,Constable,39,2026-07-27 13:02:24+00:00,95.0,77.0,,21.3365765,72.7478079,13.799999237060549,0.234,-1.031,0.437,,0.0,0.0,0.0,,,,,0.0,0.0,30.0,-0.000301799999999,8.839999999565862e-05,4.18,77.0,36.5,2
59741,SO-0602,Constable Dinesh Chaudhary,Constable,39,2026-07-27 13:02:54+00:00,95.0,72.0,,21.3365765,72.7478079,13.799999237060549,0.548,-0.142,-0.649,,0.0,0.0,0.0,,,,,0.0,0.0,30.0,0.0,0.0,0.0,72.0,36.5,2
59744,SO-0602,Constable Dinesh Chaudhary,Constable,39,2026-07-27 13:03:28+00:00,93.0,87.0,,21.3365765,72.7478079,13.799999237060549,0.432,0.026,-0.939,,0.0,0.0,0.0,,,,,0.0,0.0,34.0,0.0,0.0,0.0,87.0,36.5,2
59747,SO-0602,Constable Dinesh Chaudhary,Constable,39,2026-07-27 13:03:58+00:00,86.0,88.0,,21.3365704,72.7478092,13.799999237060549,-0.024,0.009,0.989,,0.0,0.0,0.0,,,,,0.0,0.0,30.0,-6.100000000230921e-06,1.3000000080864993e-06,0.08,88.0,36.5,0
59750,SO-0602,Constable Dinesh Chaudhary,Constable,39,2026-07-27 13:04:28+00:00,86.0,,,21.3365693,72.7478045,13.799999237060549,-0.018,0.004,0.991,,0.0,0.0,0.0,,,,,0.0,0.0,30.0,-1.0999999986438525e-06,-4.700000005186666e-06,0.06,88.0,36.5,0
59753,SO-0602,Constable Dinesh Chaudhary,Constable,39,2026-07-27 13:04:58+00:00,86.0,,,21.3365693,72.7478047,13.799999237060549,-0.021,0.009,0.988,,0.0,0.0,0.0,,,,,0.0,0.0,30.0,0.0,2.0000000233721948e-07,0.0,88.0,36.5,0
59756,SO-0602,Constable Dinesh Chaudhary,Constable,39,2026-07-27 13:05:27+00:00,86.0,,,21.3361783,72.750538,13.799999237060549,-0.023,0.005,0.994,,0.0,0.0,0.0,,,,,0.0,0.0,29.0,-0.0003910000000004,0.0027333000000027,36.68,88.0,36.5,1
59759,SO-0602,Constable Dinesh Chaudhary,Constable,39,2026-07-27 13:05:58+00:00,86.0,,,21.3354188,72.7501686,13.799999237060549,-0.02,0.004,0.985,,0.0,0.0,0.0,,,,,0.0,0.0,31.0,-0.0007595000000009,-0.0003694000000109,10.81,88.0,36.5,1
59762,SO-0602,Constable Dinesh Chaudhary,Constable,39,2026-07-27 13:06:28+00:00,86.0,,,21.3365649,72.747798,13.799999237060549,-0.019,0.004,0.991,,0.0,0.0,0.0,,,,,0.0,0.0,30.0,0.0011460999999997,-0.0023705999999918,34.04,88.0,36.5,1
59765,SO-0602,Constable Dinesh Chaudhary,Constable,39,2026-07-27 13:06:58+00:00,86.0,,,21.3365646,72.7477976,13.799999237060549,-0.021,0.006,0.991,,0.0,0.0,0.0,,,,,0.0,0.0,30.0,-2.999999999531156e-07,-4.0000000467443897e-07,0.01,88.0,36.5,0
59768,SO-0602,Constable Dinesh Chaudhary,Constable,39,2026-07-27 13:07:28+00:00,86.0,,,21.3365697,72.7478053,13.799999237060549,-0.021,0.005,0.99,,0.0,0.0,0.0,,,,,0.0,0.0,30.0,5.099999999202964e-06,7.699999997612395e-06,0.12,88.0,36.5,0
59771,SO-0602,Constable Dinesh Chaudhary,Constable,39,2026-07-27 13:07:58+00:00,86.0,,,21.3365693,72.7478047,13.799999237060549,-0.021,0.007,0.992,,0.0,0.0,0.0,,,,,0.0,0.0,30.0,-3.999999975690116e-07,-5.999999928008037e-07,0.01,88.0,36.5,0
59774,SO-0602,Constable Dinesh Chaudhary,Constable,39,2026-07-27 13:08:28+00:00,86.0,,,21.3365688,72.747804,13.799999237060549,-0.02,0.005,0.983,,0.0,0.0,0.0,,,,,0.0,0.0,30.0,-5.00000002290335e-07,-7.000000010748408e-07,0.01,88.0,36.5,0
59777,SO-0602,Constable Dinesh Chaudhary,Constable,39,2026-07-27 13:08:58+00:00,86.0,,,21.3365676,72.7478015,13.799999237060549,-0.019,0.008,0.987,,0.0,0.0,0.0,,,,,0.0,0.0,30.0,-1.1999999998124622e-06,-2.5000000078989615e-06,0.04,88.0,36.5,0
59780,SO-0602,Constable Dinesh Chaudhary,Constable,39,2026-07-27 13:09:28+00:00,86.0,,,21.3365674,72.7478012,13.799999237060549,-0.02,0.009,0.989,,0.0,0.0,0.0,,,,,0.0,0.0,30.0,-1.999999987845058e-07,-2.999999964004019e-07,0.0,88.0,36.5,0
59783,SO-0602,Constable Dinesh Chaudhary,Constable,39,2026-07-27 13:09:58+00:00,86.0,,,21.3365674,72.7478012,13.799999237060549,-0.018,0.005,0.985,,0.0,0.0,0.0,,,,,0.0,0.0,30.0,0.0,0.0,0.0,88.0,36.5,0
59786,SO-0602,Constable Dinesh Chaudhary,Constable,39,2026-07-27 13:10:28+00:00,86.0,,,21.3365644,72.7477973,13.799999237060549,-0.021,0.003,0.994,,0.0,0.0,0.0,,,,,0.0,0.0,30.0,-2.9999999995311555e-06,-3.8999999958377884e-06,0.06,88.0,36.5,0
59789,SO-0602,Constable Dinesh Chaudhary,Constable,39,2026-07-27 13:10:58+00:00,86.0,,,21.3365595,72.7477962,13.799999237060549,-0.02,0.007,0.995,,0.0,0.0,0.0,,,,,0.0,0.0,30.0,-4.9000000004184585e-06,-1.1000000057492798e-06,0.07,88.0,36.5,0
59793,SO-0602,Constable Dinesh Chaudhary,Constable,39,2026-07-27 13:11:28+00:00,86.0,,,21.3365599,72.7477963,13.799999237060549,-0.024,0.005,0.984,,0.0,0.0,0.0,,,,,0.0,0.0,30.0,4.000000011217253e-07,1.000000082740371e-07,0.01,88.0,36.5,0
59797,SO-0602,Constable Dinesh Chaudhary,Constable,39,2026-07-27 13:11:58+00:00,93.0,86.0,,21.3365704,72.7478088,13.799999237060549,-0.026,0.033,0.989,,0.0,0.0,0.0,,,,,0.0,0.0,30.0,1.0499999998359044e-05,1.2499999996862243e-05,0.21,86.0,36.5,2
59801,SO-0602,Constable Dinesh Chaudhary,Constable,39,2026-07-27 13:12:28+00:00,84.0,88.0,,21.3365708,72.7478094,13.799999237060549,-0.023,0.014,0.979,,0.0,0.0,0.0,,,,,0.0,0.0,30.0,4.000000011217253e-07,5.999999928008037e-07,0.01,88.0,36.5,0
59804,SO-0602,Constable Dinesh Chaudhary,Constable,39,2026-07-27 13:12:58+00:00,93.0,87.0,,21.3365692,72.7478045,13.799999237060549,-0.024,0.016,0.983,,0.0,0.0,0.0,,,,,0.0,0.0,30.0,-1.6000000009341877e-06,-4.899999993313031e-06,0.07,87.0,36.5,2
59806,SO-0602,Constable Dinesh Chaudhary,Constable,39,2026-07-27 13:13:28+00:00,93.0,,,21.3365705,72.7478077,13.799999237060549,-0.022,0.014,0.987,,0.0,0.0,0.0,,,,,0.0,0.0,30.0,1.300000000981072e-06,3.1999999947629476e-06,0.04,87.0,36.5,2
59808,SO-0602,Constable Dinesh Chaudhary,Constable,39,2026-07-27 13:13:58+00:00,93.0,,,21.3365676,72.747802,13.799999237060549,-0.02,0.014,0.989,,0.0,0.0,0.0,,,,,0.0,0.0,30.0,-2.900000001915259e-06,-5.700000002661909e-06,0.08,87.0,36.5,2
59810,SO-0602,Constable Dinesh Chaudhary,Constable,39,2026-07-27 13:14:28+00:00,93.0,,,21.3365711,72.7478099,13.799999237060549,-0.025,0.018,0.988,,0.0,0.0,0.0,,,,,0.0,0.0,30.0,3.5000000018214905e-06,7.899999999949614e-06,0.11,87.0,36.5,2
59812,SO-0602,Constable Dinesh Chaudhary,Constable,39,2026-07-27 13:14:58+00:00,93.0,,,21.3365654,72.7478098,13.799999237060549,-0.024,0.013,0.989,,0.0,0.0,0.0,,,,,0.0,0.0,30.0,-5.699999999109195e-06,-9.999999406318238e-08,0.08,87.0,36.5,2
59814,SO-0602,Constable Dinesh Chaudhary,Constable,39,2026-07-27 13:15:28+00:00,93.0,88.0,,21.3365658,72.7478098,13.799999237060549,-0.013,0.004,0.992,,0.0,0.0,0.0,,,,,0.0,0.0,30.0,3.999999975690116e-07,0.0,0.01,88.0,36.5,2
59816,SO-0602,Constable Dinesh Chaudhary,Constable,39,2026-07-27 13:15:58+00:00,87.0,88.0,,21.3365531,72.7477944,13.799999237060549,0.028,0.035,0.984,,0.0,0.0,0.0,,,,,0.0,0.0,30.0,-1.2699999999199464e-05,-1.539999999522479e-05,0.26,88.0,36.5,0
59819,SO-0602,Constable Dinesh Chaudhary,Constable,39,2026-07-27 13:16:28+00:00,90.0,88.0,,21.3365667,72.7478109,13.799999237060549,0.027,0.039,0.988,,0.0,0.0,0.0,,,,,0.0,0.0,30.0,1.359999999905881e-05,1.650000000097407e-05,0.28,88.0,36.5,0
59822,SO-0602,Constable Dinesh Chaudhary,Constable,39,2026-07-27 13:16:58+00:00,90.0,88.0,,21.3365696,72.7478052,13.799999237060549,0.024,0.034,0.985,,0.0,0.0,0.0,,,,,0.0,0.0,30.0,2.900000001915259e-06,-5.700000002661909e-06,0.08,88.0,36.5,0
59825,SO-0602,Constable Dinesh Chaudhary,Constable,39,2026-07-27 13:17:28+00:00,90.0,88.0,,21.3365693,72.7478047,13.799999237060549,0.023,0.035,0.988,,0.0,0.0,0.0,,,,,0.0,0.0,30.0,-2.999999999531156e-07,-4.999999987376214e-07,0.01,88.0,36.5,0
59828,SO-0602,Constable Dinesh Chaudhary,Constable,39,2026-07-27 13:17:58+00:00,90.0,87.0,,21.3365701,72.74781,13.799999237060549,0.029,0.032,0.983,,0.0,0.0,0.0,,,,,0.0,0.0,30.0,7.999999986907369e-07,5.29999999798747e-06,0.07,87.0,36.5,0
59831,SO-0602,Constable Dinesh Chaudhary,Constable,39,2026-07-27 13:18:28+00:00,90.0,85.0,,21.3365691,72.7478089,13.799999237060549,0.024,0.037,0.984,,0.0,0.0,0.0,,,,,0.0,0.0,30.0,-1.0000000010279564e-06,-1.1000000057492798e-06,0.02,85.0,36.5,0
59834,SO-0602,Constable Dinesh Chaudhary,Constable,39,2026-07-27 13:18:58+00:00,81.0,85.0,,21.3365674,72.7478012,13.799999237060549,0.021,0.024,0.99,,0.0,0.0,0.0,,,,,0.0,0.0,30.0,-1.6999999985500835e-06,-7.699999997612395e-06,0.1,85.0,36.5,0
59837,SO-0602,Constable Dinesh Chaudhary,Constable,39,2026-07-27 13:19:28+00:00,81.0,85.0,,21.3354188,72.7501686,13.799999237060549,0.023,0.021,0.985,,0.0,0.0,0.0,,,,,0.0,0.0,30.0,-0.0011486000000004,0.0023673999999971,34.01,85.0,36.5,1
59840,SO-0602,Constable Dinesh Chaudhary,Constable,39,2026-07-27 13:19:58+00:00,81.0,,,21.3354188,72.7501686,13.799999237060549,0.018,0.021,0.987,,0.0,0.0,0.0,,,,,0.0,0.0,30.0,0.0,0.0,0.0,85.0,36.5,0
59843,SO-0602,Constable Dinesh Chaudhary,Constable,39,2026-07-27 13:20:28+00:00,81.0,,,21.3365599,72.7477963,13.799999237060549,0.025,0.021,0.99,,0.0,0.0,0.0,,,,,0.0,0.0,30.0,0.0011411000000016,-0.0023722999999904,34.03,85.0,36.5,1
59846,SO-0602,Constable Dinesh Chaudhary,Constable,39,2026-07-27 13:20:58+00:00,81.0,,,21.3354188,72.7501686,13.799999237060549,0.022,0.022,0.983,,0.0,0.0,0.0,,,,,0.0,0.0,30.0,-0.0011411000000016,0.0023722999999904,34.03,85.0,36.5,1
59849,SO-0602,Constable Dinesh Chaudhary,Constable,39,2026-07-27 13:21:28+00:00,81.0,,,21.3354188,72.7501686,13.799999237060549,0.021,0.021,0.986,,0.0,0.0,0.0,,,,,0.0,0.0,30.0,0.0,0.0,0.0,85.0,36.5,0
61078,SO-0602,Constable Dinesh Chaudhary,Constable,39,2026-07-27 18:17:41+00:00,100.0,88.0,,0.0,0.0,0.0,-0.911,-0.124,0.336,,0.0,0.0,0.0,,,,,0.0,0.0,17773.0,-21.3354188,-72.7501686,0.0,88.0,36.5,2
61079,SO-0602,Constable Dinesh Chaudhary,Constable,39,2026-07-27 18:18:11+00:00,90.0,81.0,,0.0,0.0,0.0,0.193,-0.992,0.108,,0.0,0.0,0.0,,,,,0.0,0.0,30.0,0.0,0.0,0.0,81.0,36.5,0
61080,SO-0602,Constable Dinesh Chaudhary,Constable,39,2026-07-27 18:18:41+00:00,92.0,88.0,,0.0,0.0,0.0,-0.363,-0.423,0.822,,0.0,0.0,0.0,,,,,0.0,0.0,30.0,0.0,0.0,0.0,88.0,36.5,2
61081,SO-0602,Constable Dinesh Chaudhary,Constable,39,2026-07-27 18:19:11+00:00,96.0,83.0,,0.0,0.0,0.0,-2.0,-0.153,0.02,,0.0,0.0,0.0,,,,,0.0,0.0,30.0,0.0,0.0,0.0,83.0,36.5,1
61082,SO-0602,Constable Dinesh Chaudhary,Constable,39,2026-07-27 18:19:41+00:00,100.0,88.0,,0.0,0.0,0.0,-0.911,-0.038,0.375,,0.0,0.0,0.0,,,,,0.0,0.0,30.0,0.0,0.0,0.0,88.0,36.5,1
61083,SO-0602,Constable Dinesh Chaudhary,Constable,39,2026-07-27 18:20:11+00:00,99.0,88.0,,0.0,0.0,0.0,-0.948,-0.041,0.259,,0.0,0.0,0.0,,,,,0.0,0.0,30.0,0.0,0.0,0.0,88.0,36.5,1
61084,SO-0602,Constable Dinesh Chaudhary,Constable,39,2026-07-27 18:20:41+00:00,94.0,88.0,,0.0,0.0,0.0,-0.999,-0.097,0.546,,0.0,0.0,0.0,,,,,0.0,0.0,30.0,0.0,0.0,0.0,88.0,36.5,1
61085,SO-0602,Constable Dinesh Chaudhary,Constable,39,2026-07-27 18:21:11+00:00,94.0,88.0,,0.0,0.0,0.0,-0.933,-0.079,0.274,,0.0,0.0,0.0,,,,,0.0,0.0,30.0,0.0,0.0,0.0,88.0,36.5,1
61086,SO-0602,Constable Dinesh Chaudhary,Constable,39,2026-07-27 18:21:41+00:00,95.0,88.0,,0.0,0.0,0.0,-0.5,0.268,0.81,,0.0,0.0,0.0,,,,,0.0,0.0,30.0,0.0,0.0,0.0,88.0,36.5,2
61087,SO-0602,Constable Dinesh Chaudhary,Constable,39,2026-07-27 18:22:11+00:00,89.0,87.0,,0.0,0.0,0.0,-0.616,0.15,0.889,,0.0,0.0,0.0,,,,,0.0,0.0,30.0,0.0,0.0,0.0,87.0,36.5,0
61088,SO-0602,Constable Dinesh Chaudhary,Constable,39,2026-07-27 18:22:41+00:00,91.0,88.0,,0.0,0.0,0.0,-0.151,-0.046,0.98,,0.0,0.0,0.0,,,,,0.0,0.0,30.0,0.0,0.0,0.0,88.0,36.5,2
61089,SO-0602,Constable Dinesh Chaudhary,Constable,39,2026-07-27 18:23:11+00:00,90.0,88.0,,0.0,0.0,0.0,-0.023,-0.312,0.933,,0.0,0.0,0.0,,,,,0.0,0.0,30.0,0.0,0.0,0.0,88.0,36.5,0
61090,SO-0602,Constable Dinesh Chaudhary,Constable,39,2026-07-27 18:23:41+00:00,96.0,87.0,,0.0,0.0,0.0,-0.823,-0.534,0.042,,0.0,0.0,0.0,,,,,0.0,0.0,30.0,0.0,0.0,0.0,87.0,36.5,2
61091,SO-0602,Constable Dinesh Chaudhary,Constable,39,2026-07-27 18:24:11+00:00,92.0,88.0,,0.0,0.0,0.0,-0.109,0.505,1.073,,0.0,0.0,0.0,,,,,0.0,0.0,30.0,0.0,0.0,0.0,88.0,36.5,2
61092,SO-0602,Constable Dinesh Chaudhary,Constable,39,2026-07-27 18:24:41+00:00,90.0,88.0,,0.0,0.0,0.0,-0.657,0.413,0.607,,0.0,0.0,0.0,,,,,0.0,0.0,30.0,0.0,0.0,0.0,88.0,36.5,0
61093,SO-0602,Constable Dinesh Chaudhary,Constable,39,2026-07-27 18:25:11+00:00,98.0,88.0,,0.0,0.0,0.0,-0.589,-0.109,0.786,,0.0,0.0,0.0,,,,,0.0,0.0,30.0,0.0,0.0,0.0,88.0,36.5,2
61094,SO-0602,Constable Dinesh Chaudhary,Constable,39,2026-07-27 18:25:41+00:00,100.0,84.0,,0.0,0.0,0.0,-0.364,-0.11,0.98,,0.0,0.0,0.0,,,,,0.0,0.0,30.0,0.0,0.0,0.0,84.0,36.5,2
61095,SO-0602,Constable Dinesh Chaudhary,Constable,39,2026-07-27 18:26:11+00:00,92.0,79.0,,0.0,0.0,0.0,-0.218,-0.033,0.962,,0.0,0.0,0.0,,,,,0.0,0.0,30.0,0.0,0.0,0.0,79.0,36.5,2
61096,SO-0602,Constable Dinesh Chaudhary,Constable,39,2026-07-27 18:26:41+00:00,90.0,84.0,,0.0,0.0,0.0,-0.392,0.535,0.653,,0.0,0.0,0.0,,,,,0.0,0.0,30.0,0.0,0.0,0.0,84.0,36.5,0
61097,SO-0602,Constable Dinesh Chaudhary,Constable,39,2026-07-27 18:27:11+00:00,86.0,88.0,,0.0,0.0,0.0,-0.222,-0.145,0.911,,0.0,0.0,0.0,,,,,0.0,0.0,30.0,0.0,0.0,0.0,88.0,36.5,0
61098,SO-0602,Constable Dinesh Chaudhary,Constable,39,2026-07-27 18:27:41+00:00,94.0,75.0,,0.0,0.0,0.0,-0.248,-0.159,0.927,,0.0,0.0,0.0,,,,,0.0,0.0,30.0,0.0,0.0,0.0,75.0,36.5,2
61099,SO-0602,Constable Dinesh Chaudhary,Constable,39,2026-07-27 18:28:11+00:00,96.0,88.0,,0.0,0.0,0.0,-0.313,-0.179,0.933,,0.0,0.0,0.0,,,,,0.0,0.0,30.0,0.0,0.0,0.0,88.0,36.5,2
61100,SO-0602,Constable Dinesh Chaudhary,Constable,39,2026-07-27 18:28:41+00:00,90.0,83.0,,0.0,0.0,0.0,-0.089,0.002,1.0,,0.0,0.0,0.0,,,,,0.0,0.0,30.0,0.0,0.0,0.0,83.0,36.5,0
61101,SO-0602,Constable Dinesh Chaudhary,Constable,39,2026-07-27 18:29:11+00:00,92.0,82.0,,0.0,0.0,0.0,-0.871,-0.093,-0.456,,0.0,0.0,0.0,,,,,0.0,0.0,30.0,0.0,0.0,0.0,82.0,36.5,2
61102,SO-0602,Constable Dinesh Chaudhary,Constable,39,2026-07-27 18:29:41+00:00,89.0,88.0,,0.0,0.0,0.0,0.057,0.299,0.958,,0.0,0.0,0.0,,,,,0.0,0.0,30.0,0.0,0.0,0.0,88.0,36.5,0
61103,SO-0602,Constable Dinesh Chaudhary,Constable,39,2026-07-27 18:30:11+00:00,97.0,88.0,,0.0,0.0,0.0,-0.981,0.163,-0.023,,0.0,0.0,0.0,,,,,0.0,0.0,30.0,0.0,0.0,0.0,88.0,36.5,2
61104,SO-0602,Constable Dinesh Chaudhary,Constable,39,2026-07-27 18:30:41+00:00,93.0,86.0,,0.0,0.0,0.0,-0.981,0.162,-0.017,,0.0,0.0,0.0,,,,,0.0,0.0,30.0,0.0,0.0,0.0,86.0,36.5,2
61105,SO-0602,Constable Dinesh Chaudhary,Constable,39,2026-07-27 18:31:11+00:00,91.0,88.0,,0.0,0.0,0.0,-0.947,-0.009,-0.325,,0.0,0.0,0.0,,,,,0.0,0.0,30.0,0.0,0.0,0.0,88.0,36.5,2
61106,SO-0602,Constable Dinesh Chaudhary,Constable,39,2026-07-27 18:31:41+00:00,94.0,88.0,,0.0,0.0,0.0,-0.966,0.009,-0.258,,0.0,0.0,0.0,,,,,0.0,0.0,30.0,0.0,0.0,0.0,88.0,36.5,2
61107,SO-0602,Constable Dinesh Chaudhary,Constable,39,2026-07-27 18:32:11+00:00,87.0,88.0,,0.0,0.0,0.0,-0.978,0.02,-0.184,,0.0,0.0,0.0,,,,,0.0,0.0,30.0,0.0,0.0,0.0,88.0,36.5,0
61108,SO-0602,Constable Dinesh Chaudhary,Constable,39,2026-07-27 18:32:41+00:00,94.0,88.0,,0.0,0.0,0.0,-0.921,-0.035,-0.386,,0.0,0.0,0.0,,,,,0.0,0.0,30.0,0.0,0.0,0.0,88.0,36.5,2
61109,SO-0602,Constable Dinesh Chaudhary,Constable,39,2026-07-27 18:33:11+00:00,97.0,88.0,,0.0,0.0,0.0,-0.915,-0.028,-0.408,,0.0,0.0,0.0,,,,,0.0,0.0,30.0,0.0,0.0,0.0,88.0,36.5,2
61110,SO-0602,Constable Dinesh Chaudhary,Constable,39,2026-07-27 18:33:41+00:00,87.0,67.0,,0.0,0.0,0.0,-0.92,-0.023,-0.388,,0.0,0.0,0.0,,,,,0.0,0.0,30.0,0.0,0.0,0.0,67.0,36.5,0
61111,SO-0602,Constable Dinesh Chaudhary,Constable,39,2026-07-27 18:34:11+00:00,86.0,86.0,,0.0,0.0,0.0,-0.922,-0.135,-0.376,,0.0,0.0,0.0,,,,,0.0,0.0,30.0,0.0,0.0,0.0,86.0,36.5,0
61112,SO-0602,Constable Dinesh Chaudhary,Constable,39,2026-07-27 18:34:41+00:00,93.0,88.0,,0.0,0.0,0.0,-0.417,0.525,0.746,,0.0,0.0,0.0,,,,,0.0,0.0,30.0,0.0,0.0,0.0,88.0,36.5,2
61113,SO-0602,Constable Dinesh Chaudhary,Constable,39,2026-07-27 18:35:11+00:00,95.0,84.0,,0.0,0.0,0.0,-0.948,0.037,-0.279,,0.0,0.0,0.0,,,,,0.0,0.0,30.0,0.0,0.0,0.0,84.0,36.5,2
61114,SO-0602,Constable Dinesh Chaudhary,Constable,39,2026-07-27 18:35:41+00:00,98.0,87.0,,0.0,0.0,0.0,-0.908,-0.013,-0.418,,0.0,0.0,0.0,,,,,0.0,0.0,30.0,0.0,0.0,0.0,87.0,36.5,2
61115,SO-0602,Constable Dinesh Chaudhary,Constable,39,2026-07-27 18:36:41+00:00,87.0,86.0,,0.0,0.0,0.0,-0.13,0.277,0.846,,0.0,0.0,0.0,,,,,0.0,0.0,60.0,0.0,0.0,0.0,86.0,36.5,0
61116,SO-0602,Constable Dinesh Chaudhary,Constable,39,2026-07-27 18:37:11+00:00,83.0,83.0,,0.0,0.0,0.0,-0.986,0.016,0.146,,0.0,0.0,0.0,,,,,0.0,0.0,30.0,0.0,0.0,0.0,83.0,36.5,0
61117,SO-0602,Constable Dinesh Chaudhary,Constable,39,2026-07-27 18:37:41+00:00,88.0,88.0,,0.0,0.0,0.0,-0.817,-0.05,-0.24,,0.0,0.0,0.0,,,,,0.0,0.0,30.0,0.0,0.0,0.0,88.0,36.5,0
61118,SO-0602,Constable Dinesh Chaudhary,Constable,39,2026-07-27 18:38:11+00:00,93.0,88.0,,0.0,0.0,0.0,-0.96,0.222,-0.09,,0.0,0.0,0.0,,,,,0.0,0.0,30.0,0.0,0.0,0.0,88.0,36.5,2
61119,SO-0602,Constable Dinesh Chaudhary,Constable,39,2026-07-27 18:38:41+00:00,93.0,87.0,,0.0,0.0,0.0,-0.424,0.474,0.772,,0.0,0.0,0.0,,,,,0.0,0.0,30.0,0.0,0.0,0.0,87.0,36.5,2
61120,SO-0602,Constable Dinesh Chaudhary,Constable,39,2026-07-27 18:39:11+00:00,89.0,88.0,,0.0,0.0,0.0,-0.693,-0.097,0.667,,0.0,0.0,0.0,,,,,0.0,0.0,30.0,0.0,0.0,0.0,88.0,36.5,0
61121,SO-0602,Constable Dinesh Chaudhary,Constable,39,2026-07-27 18:39:41+00:00,83.0,88.0,,0.0,0.0,0.0,-0.707,-0.139,0.676,,0.0,0.0,0.0,,,,,0.0,0.0,30.0,0.0,0.0,0.0,88.0,36.5,0
61122,SO-0602,Constable Dinesh Chaudhary,Constable,39,2026-07-27 18:40:11+00:00,97.0,88.0,,0.0,0.0,0.0,-0.748,-0.087,0.625,,0.0,0.0,0.0,,,,,0.0,0.0,30.0,0.0,0.0,0.0,88.0,36.5,2
61123,SO-0602,Constable Dinesh Chaudhary,Constable,39,2026-07-27 18:40:41+00:00,87.0,88.0,,0.0,0.0,0.0,-0.771,-0.099,0.616,,0.0,0.0,0.0,,,,,0.0,0.0,30.0,0.0,0.0,0.0,88.0,36.5,0
61124,SO-0602,Constable Dinesh Chaudhary,Constable,39,2026-07-27 18:41:11+00:00,97.0,88.0,,0.0,0.0,0.0,-0.603,-0.071,0.84,,0.0,0.0,0.0,,,,,0.0,0.0,30.0,0.0,0.0,0.0,88.0,36.5,2
61125,SO-0602,Constable Dinesh Chaudhary,Constable,39,2026-07-27 18:41:41+00:00,81.0,87.0,,0.0,0.0,0.0,-0.445,-0.025,0.918,,0.0,0.0,0.0,,,,,0.0,0.0,30.0,0.0,0.0,0.0,87.0,36.5,0
61126,SO-0602,Constable Dinesh Chaudhary,Constable,39,2026-07-27 18:42:11+00:00,82.0,82.0,,0.0,0.0,0.0,0.086,-0.095,1.305,,0.0,0.0,0.0,,,,,0.0,0.0,30.0,0.0,0.0,0.0,82.0,36.5,0
61127,SO-0602,Constable Dinesh Chaudhary,Constable,39,2026-07-27 18:42:41+00:00,95.0,87.0,,0.0,0.0,0.0,-1.161,-0.183,0.526,,0.0,0.0,0.0,,,,,0.0,0.0,30.0,0.0,0.0,0.0,87.0,36.5,2
61128,SO-0602,Constable Dinesh Chaudhary,Constable,39,2026-07-27 18:43:11+00:00,100.0,88.0,,0.0,0.0,0.0,0.141,-0.072,1.094,,0.0,0.0,0.0,,,,,0.0,0.0,30.0,0.0,0.0,0.0,88.0,36.5,2
61129,SO-0602,Constable Dinesh Chaudhary,Constable,39,2026-07-27 18:43:41+00:00,99.0,86.0,,0.0,0.0,0.0,-0.665,-0.029,0.68,,0.0,0.0,0.0,,,,,0.0,0.0,30.0,0.0,0.0,0.0,86.0,36.5,2
61130,SO-0602,Constable Dinesh Chaudhary,Constable,39,2026-07-27 18:44:11+00:00,94.0,88.0,,0.0,0.0,0.0,0.417,-0.294,0.802,,0.0,0.0,0.0,,,,,0.0,0.0,30.0,0.0,0.0,0.0,88.0,36.5,2
61131,SO-0602,Constable Dinesh Chaudhary,Constable,39,2026-07-27 18:44:41+00:00,87.0,88.0,,0.0,0.0,0.0,-1.0,-0.021,0.15,,0.0,0.0,0.0,,,,,0.0,0.0,30.0,0.0,0.0,0.0,88.0,36.5,0
61132,SO-0602,Constable Dinesh Chaudhary,Constable,39,2026-07-27 18:45:11+00:00,99.0,87.0,,0.0,0.0,0.0,-0.473,-0.016,0.866,,0.0,0.0,0.0,,,,,0.0,0.0,30.0,0.0,0.0,0.0,87.0,36.5,2
61133,SO-0602,Constable Dinesh Chaudhary,Constable,39,2026-07-27 18:45:41+00:00,92.0,82.0,,0.0,0.0,0.0,-0.325,-0.916,-0.073,,0.0,0.0,0.0,,,,,0.0,0.0,30.0,0.0,0.0,0.0,82.0,36.5,2
61134,SO-0602,Constable Dinesh Chaudhary,Constable,39,2026-07-27 18:46:11+00:00,87.0,88.0,,0.0,0.0,0.0,0.968,-0.418,-0.48,,0.0,0.0,0.0,,,,,0.0,0.0,30.0,0.0,0.0,0.0,88.0,36.5,0
61135,SO-0602,Constable Dinesh Chaudhary,Constable,39,2026-07-27 18:46:41+00:00,96.0,88.0,,0.0,0.0,0.0,-0.324,0.801,0.486,,0.0,0.0,0.0,,,,,0.0,0.0,30.0,0.0,0.0,0.0,88.0,36.5,2
61136,SO-0602,Constable Dinesh Chaudhary,Constable,39,2026-07-27 18:47:11+00:00,98.0,88.0,,0.0,0.0,0.0,-0.625,0.393,0.687,,0.0,0.0,0.0,,,,,0.0,0.0,30.0,0.0,0.0,0.0,88.0,36.5,2
61137,SO-0602,Constable Dinesh Chaudhary,Constable,39,2026-07-27 18:47:41+00:00,89.0,87.0,,0.0,0.0,0.0,-0.827,-0.506,-0.267,,0.0,0.0,0.0,,,,,0.0,0.0,30.0,0.0,0.0,0.0,87.0,36.5,0
61138,SO-0602,Constable Dinesh Chaudhary,Constable,39,2026-07-27 18:48:11+00:00,87.0,88.0,,0.0,0.0,0.0,-1.164,0.934,1.487,,0.0,0.0,0.0,,,,,0.0,0.0,30.0,0.0,0.0,0.0,88.0,36.5,1
61139,SO-0602,Constable Dinesh Chaudhary,Constable,39,2026-07-27 18:48:41+00:00,89.0,87.0,,0.0,0.0,0.0,0.415,-0.952,0.289,,0.0,0.0,0.0,,,,,0.0,0.0,30.0,0.0,0.0,0.0,87.0,36.5,1
61140,SO-0602,Constable Dinesh Chaudhary,Constable,39,2026-07-27 18:49:11+00:00,88.0,88.0,,0.0,0.0,0.0,-0.195,-0.076,0.969,,0.0,0.0,0.0,,,,,0.0,0.0,30.0,0.0,0.0,0.0,88.0,36.5,1
61141,SO-0602,Constable Dinesh Chaudhary,Constable,39,2026-07-27 18:49:41+00:00,87.0,76.0,,0.0,0.0,0.0,-0.391,0.047,0.907,,0.0,0.0,0.0,,,,,0.0,0.0,30.0,0.0,0.0,0.0,76.0,36.5,1
61142,SO-0602,Constable Dinesh Chaudhary,Constable,39,2026-07-27 18:50:11+00:00,81.0,79.0,,0.0,0.0,0.0,-0.423,0.077,0.89,,0.0,0.0,0.0,,,,,0.0,0.0,30.0,0.0,0.0,0.0,79.0,36.5,1
61143,SO-0602,Constable Dinesh Chaudhary,Constable,39,2026-07-27 18:50:41+00:00,90.0,87.0,,0.0,0.0,0.0,-0.601,0.102,0.774,,0.0,0.0,0.0,,,,,0.0,0.0,30.0,0.0,0.0,0.0,87.0,36.5,0
61144,SO-0602,Constable Dinesh Chaudhary,Constable,39,2026-07-27 18:51:11+00:00,86.0,88.0,,0.0,0.0,0.0,-0.612,0.098,0.764,,0.0,0.0,0.0,,,,,0.0,0.0,30.0,0.0,0.0,0.0,88.0,36.5,0
61145,SO-0602,Constable Dinesh Chaudhary,Constable,39,2026-07-27 18:51:41+00:00,95.0,79.0,,0.0,0.0,0.0,-0.6,0.098,0.773,,0.0,0.0,0.0,,,,,0.0,0.0,30.0,0.0,0.0,0.0,79.0,36.5,2
61146,SO-0602,Constable Dinesh Chaudhary,Constable,39,2026-07-27 18:52:11+00:00,98.0,88.0,,0.0,0.0,0.0,-0.778,-0.121,0.621,,0.0,0.0,0.0,,,,,0.0,0.0,30.0,0.0,0.0,0.0,88.0,36.5,2
61147,SO-0602,Constable Dinesh Chaudhary,Constable,39,2026-07-27 18:52:41+00:00,97.0,87.0,,0.0,0.0,0.0,-0.573,0.77,0.277,,0.0,0.0,0.0,,,,,0.0,0.0,30.0,0.0,0.0,0.0,87.0,36.5,2
61148,SO-0602,Constable Dinesh Chaudhary,Constable,39,2026-07-27 18:53:11+00:00,96.0,88.0,,0.0,0.0,0.0,-0.63,0.781,0.031,,0.0,0.0,0.0,,,,,0.0,0.0,30.0,0.0,0.0,0.0,88.0,36.5,2
61149,SO-0602,Constable Dinesh Chaudhary,Constable,39,2026-07-27 18:53:41+00:00,97.0,88.0,,0.0,0.0,0.0,-0.585,0.813,-0.065,,0.0,0.0,0.0,,,,,0.0,0.0,30.0,0.0,0.0,0.0,88.0,36.5,2
61150,SO-0602,Constable Dinesh Chaudhary,Constable,39,2026-07-27 18:54:11+00:00,99.0,85.0,,0.0,0.0,0.0,-0.812,-0.21,-0.522,,0.0,0.0,0.0,,,,,0.0,0.0,30.0,0.0,0.0,0.0,85.0,36.5,2
61151,SO-0602,Constable Dinesh Chaudhary,Constable,39,2026-07-27 18:54:41+00:00,98.0,88.0,,0.0,0.0,0.0,-0.632,-0.056,-0.784,,0.0,0.0,0.0,,,,,0.0,0.0,30.0,0.0,0.0,0.0,88.0,36.5,2
61152,SO-0602,Constable Dinesh Chaudhary,Constable,39,2026-07-27 18:55:11+00:00,93.0,88.0,,0.0,0.0,0.0,-0.419,0.684,0.55,,0.0,0.0,0.0,,,,,0.0,0.0,30.0,0.0,0.0,0.0,88.0,36.5,2
61153,SO-0602,Constable Dinesh Chaudhary,Constable,39,2026-07-27 18:55:41+00:00,94.0,84.0,,0.0,0.0,0.0,-0.136,-0.615,0.753,,0.0,0.0,0.0,,,,,0.0,0.0,30.0,0.0,0.0,0.0,84.0,36.5,2
61154,SO-0602,Constable Dinesh Chaudhary,Constable,39,2026-07-27 18:56:11+00:00,91.0,88.0,,0.0,0.0,0.0,-0.712,0.39,0.562,,0.0,0.0,0.0,,,,,0.0,0.0,30.0,0.0,0.0,0.0,88.0,36.5,2
61155,SO-0602,Constable Dinesh Chaudhary,Constable,39,2026-07-27 18:56:41+00:00,91.0,88.0,,0.0,0.0,0.0,-0.305,0.444,0.881,,0.0,0.0,0.0,,,,,0.0,0.0,30.0,0.0,0.0,0.0,88.0,36.5,2
61156,SO-0602,Constable Dinesh Chaudhary,Constable,39,2026-07-27 18:57:11+00:00,83.0,88.0,,0.0,0.0,0.0,-0.705,-0.286,0.627,,0.0,0.0,0.0,,,,,0.0,0.0,30.0,0.0,0.0,0.0,88.0,36.5,0
61157,SO-0602,Constable Dinesh Chaudhary,Constable,39,2026-07-27 18:57:41+00:00,87.0,88.0,,0.0,0.0,0.0,-0.716,-0.288,0.594,,0.0,0.0,0.0,,,,,0.0,0.0,30.0,0.0,0.0,0.0,88.0,36.5,0
61158,SO-0602,Constable Dinesh Chaudhary,Constable,39,2026-07-27 18:58:11+00:00,97.0,88.0,,0.0,0.0,0.0,-0.253,-0.062,0.959,,0.0,0.0,0.0,,,,,0.0,0.0,30.0,0.0,0.0,0.0,88.0,36.5,2
61159,SO-0602,Constable Dinesh Chaudhary,Constable,39,2026-07-27 18:58:41+00:00,92.0,88.0,,0.0,0.0,0.0,-0.397,-0.068,0.917,,0.0,0.0,0.0,,,,,0.0,0.0,30.0,0.0,0.0,0.0,88.0,36.5,2
61160,SO-0602,Constable Dinesh Chaudhary,Constable,39,2026-07-27 18:59:11+00:00,89.0,85.0,,0.0,0.0,0.0,-0.262,0.001,0.971,,0.0,0.0,0.0,,,,,0.0,0.0,30.0,0.0,0.0,0.0,85.0,36.5,0
61161,SO-0602,Constable Dinesh Chaudhary,Constable,39,2026-07-27 18:59:41+00:00,90.0,88.0,,0.0,0.0,0.0,-0.635,-0.262,0.705,,0.0,0.0,0.0,,,,,0.0,0.0,30.0,0.0,0.0,0.0,88.0,36.5,0
61162,SO-0602,Constable Dinesh Chaudhary,Constable,39,2026-07-27 19:00:11+00:00,81.0,88.0,,0.0,0.0,0.0,-0.552,0.647,0.503,,0.0,0.0,0.0,,,,,0.0,0.0,30.0,0.0,0.0,0.0,88.0,36.5,0
61163,SO-0602,Constable Dinesh Chaudhary,Constable,39,2026-07-27 19:00:41+00:00,88.0,88.0,,0.0,0.0,0.0,-0.549,-0.078,0.746,,0.0,0.0,0.0,,,,,0.0,0.0,30.0,0.0,0.0,0.0,88.0,36.5,0
61164,SO-0602,Constable Dinesh Chaudhary,Constable,39,2026-07-27 19:01:11+00:00,99.0,87.0,,0.0,0.0,0.0,-0.854,-0.426,-0.295,,0.0,0.0,0.0,,,,,0.0,0.0,30.0,0.0,0.0,0.0,87.0,36.5,2
61165,SO-0602,Constable Dinesh Chaudhary,Constable,39,2026-07-27 19:01:41+00:00,98.0,84.0,,0.0,0.0,0.0,-0.951,-0.266,-0.067,,0.0,0.0,0.0,,,,,0.0,0.0,30.0,0.0,0.0,0.0,84.0,36.5,2
61166,SO-0602,Constable Dinesh Chaudhary,Constable,39,2026-07-27 19:02:11+00:00,90.0,79.0,,0.0,0.0,0.0,-0.554,-0.4,0.693,,0.0,0.0,0.0,,,,,0.0,0.0,30.0,0.0,0.0,0.0,79.0,36.5,0
61167,SO-0602,Constable Dinesh Chaudhary,Constable,39,2026-07-27 19:02:41+00:00,93.0,71.0,,0.0,0.0,0.0,-0.891,0.46,-0.151,,0.0,0.0,0.0,,,,,0.0,0.0,30.0,0.0,0.0,0.0,71.0,36.5,2
61168,SO-0602,Constable Dinesh Chaudhary,Constable,39,2026-07-27 19:03:11+00:00,89.0,85.0,,0.0,0.0,0.0,-0.796,0.401,-0.513,,0.0,0.0,0.0,,,,,0.0,0.0,30.0,0.0,0.0,0.0,85.0,36.5,0
61169,SO-0602,Constable Dinesh Chaudhary,Constable,39,2026-07-27 19:03:41+00:00,85.0,84.0,,0.0,0.0,0.0,-0.426,0.17,0.877,,0.0,0.0,0.0,,,,,0.0,0.0,30.0,0.0,0.0,0.0,84.0,36.5,0
61170,SO-0602,Constable Dinesh Chaudhary,Constable,39,2026-07-27 19:04:11+00:00,99.0,66.0,,0.0,0.0,0.0,-0.233,0.371,0.885,,0.0,0.0,0.0,,,,,0.0,0.0,30.0,0.0,0.0,0.0,66.0,36.5,2
61171,SO-0602,Constable Dinesh Chaudhary,Constable,39,2026-07-27 19:04:41+00:00,92.0,88.0,,0.0,0.0,0.0,-0.274,0.36,0.875,,0.0,0.0,0.0,,,,,0.0,0.0,30.0,0.0,0.0,0.0,88.0,36.5,2
61172,SO-0602,Constable Dinesh Chaudhary,Constable,39,2026-07-27 19:05:11+00:00,87.0,88.0,,0.0,0.0,0.0,-0.181,0.425,0.872,,0.0,0.0,0.0,,,,,0.0,0.0,30.0,0.0,0.0,0.0,88.0,36.5,0
61173,SO-0602,Constable Dinesh Chaudhary,Constable,39,2026-07-27 19:05:41+00:00,88.0,84.0,,0.0,0.0,0.0,0.017,0.458,0.861,,0.0,0.0,0.0,,,,,0.0,0.0,30.0,0.0,0.0,0.0,84.0,36.5,0
61174,SO-0602,Constable Dinesh Chaudhary,Constable,39,2026-07-27 19:06:11+00:00,89.0,88.0,,0.0,0.0,0.0,-0.874,-0.416,-0.222,,0.0,0.0,0.0,,,,,0.0,0.0,30.0,0.0,0.0,0.0,88.0,36.5,0
61175,SO-0602,Constable Dinesh Chaudhary,Constable,39,2026-07-27 19:06:41+00:00,84.0,88.0,,0.0,0.0,0.0,-0.894,0.248,0.386,,0.0,0.0,0.0,,,,,0.0,0.0,30.0,0.0,0.0,0.0,88.0,36.5,0
61176,SO-0602,Constable Dinesh Chaudhary,Constable,39,2026-07-27 19:07:11+00:00,83.0,88.0,,0.0,0.0,0.0,-0.374,0.356,0.852,,0.0,0.0,0.0,,,,,0.0,0.0,30.0,0.0,0.0,0.0,88.0,36.5,0
61177,SO-0602,Constable Dinesh Chaudhary,Constable,39,2026-07-27 19:07:41+00:00,90.0,85.0,,0.0,0.0,0.0,-0.713,0.232,0.649,,0.0,0.0,0.0,,,,,0.0,0.0,30.0,0.0,0.0,0.0,85.0,36.5,0
61178,SO-0602,Constable Dinesh Chaudhary,Constable,39,2026-07-27 19:08:11+00:00,98.0,86.0,,0.0,0.0,0.0,-0.694,0.338,0.62,,0.0,0.0,0.0,,,,,0.0,0.0,30.0,0.0,0.0,0.0,86.0,36.5,2
61179,SO-0602,Constable Dinesh Chaudhary,Constable,39,2026-07-27 19:08:41+00:00,100.0,88.0,,0.0,0.0,0.0,0.461,-0.865,-0.219,,0.0,0.0,0.0,,,,,0.0,0.0,30.0,0.0,0.0,0.0,88.0,36.5,2
61180,SO-0602,Constable Dinesh Chaudhary,Constable,39,2026-07-27 19:09:11+00:00,89.0,88.0,,0.0,0.0,0.0,-0.912,-0.378,0.143,,0.0,0.0,0.0,,,,,0.0,0.0,30.0,0.0,0.0,0.0,88.0,36.5,0
61181,SO-0602,Constable Dinesh Chaudhary,Constable,39,2026-07-27 19:09:41+00:00,88.0,88.0,,0.0,0.0,0.0,-0.594,0.557,0.21,,0.0,0.0,0.0,,,,,0.0,0.0,30.0,0.0,0.0,0.0,88.0,36.5,0
61182,SO-0602,Constable Dinesh Chaudhary,Constable,39,2026-07-27 19:10:11+00:00,96.0,89.0,,0.0,0.0,0.0,-0.594,-0.228,0.745,,0.0,0.0,0.0,,,,,0.0,0.0,30.0,0.0,0.0,0.0,89.0,36.5,2
61183,SO-0602,Constable Dinesh Chaudhary,Constable,39,2026-07-27 19:10:41+00:00,89.0,85.0,,0.0,0.0,0.0,-0.43,-0.436,0.788,,0.0,0.0,0.0,,,,,0.0,0.0,30.0,0.0,0.0,0.0,85.0,36.5,0
61184,SO-0602,Constable Dinesh Chaudhary,Constable,39,2026-07-27 19:11:11+00:00,98.0,88.0,,0.0,0.0,0.0,-0.482,-0.344,0.784,,0.0,0.0,0.0,,,,,0.0,0.0,30.0,0.0,0.0,0.0,88.0,36.5,2
61185,SO-0602,Constable Dinesh Chaudhary,Constable,39,2026-07-27 19:11:41+00:00,100.0,88.0,,0.0,0.0,0.0,-0.842,-0.465,-0.269,,0.0,0.0,0.0,,,,,0.0,0.0,30.0,0.0,0.0,0.0,88.0,36.5,2
61186,SO-0602,Constable Dinesh Chaudhary,Constable,39,2026-07-27 19:12:11+00:00,85.0,88.0,,0.0,0.0,0.0,0.086,0.024,1.119,,0.0,0.0,0.0,,,,,0.0,0.0,30.0,0.0,0.0,0.0,88.0,36.5,0
61187,SO-0602,Constable Dinesh Chaudhary,Constable,39,2026-07-27 19:12:41+00:00,81.0,88.0,,0.0,0.0,0.0,-0.888,0.977,-0.242,,0.0,0.0,0.0,,,,,0.0,0.0,30.0,0.0,0.0,0.0,88.0,36.5,0
61188,SO-0602,Constable Dinesh Chaudhary,Constable,39,2026-07-27 19:13:11+00:00,87.0,88.0,,0.0,0.0,0.0,-1.063,0.39,0.637,,0.0,0.0,0.0,,,,,0.0,0.0,30.0,0.0,0.0,0.0,88.0,36.5,0
61189,SO-0602,Constable Dinesh Chaudhary,Constable,39,2026-07-27 19:13:41+00:00,94.0,88.0,,0.0,0.0,0.0,-0.571,0.207,0.773,,0.0,0.0,0.0,,,,,0.0,0.0,30.0,0.0,0.0,0.0,88.0,36.5,2
61190,SO-0602,Constable Dinesh Chaudhary,Constable,39,2026-07-27 19:14:11+00:00,90.0,88.0,,0.0,0.0,0.0,-0.407,0.213,0.864,,0.0,0.0,0.0,,,,,0.0,0.0,30.0,0.0,0.0,0.0,88.0,36.5,0
61191,SO-0602,Constable Dinesh Chaudhary,Constable,39,2026-07-27 19:14:41+00:00,90.0,86.0,,0.0,0.0,0.0,-0.412,0.145,0.881,,0.0,0.0,0.0,,,,,0.0,0.0,30.0,0.0,0.0,0.0,86.0,36.5,0
61192,SO-0602,Constable Dinesh Chaudhary,Constable,39,2026-07-27 19:15:11+00:00,96.0,84.0,,0.0,0.0,0.0,-0.64,0.239,0.71,,0.0,0.0,0.0,,,,,0.0,0.0,30.0,0.0,0.0,0.0,84.0,36.5,2
61193,SO-0602,Constable Dinesh Chaudhary,Constable,39,2026-07-27 19:15:41+00:00,97.0,88.0,,0.0,0.0,0.0,-0.704,0.246,0.669,,0.0,0.0,0.0,,,,,0.0,0.0,30.0,0.0,0.0,0.0,88.0,36.5,2
61194,SO-0602,Constable Dinesh Chaudhary,Constable,39,2026-07-27 19:16:11+00:00,82.0,88.0,,0.0,0.0,0.0,0.308,0.142,0.92,,0.0,0.0,0.0,,,,,0.0,0.0,30.0,0.0,0.0,0.0,88.0,36.5,0
61195,SO-0602,Constable Dinesh Chaudhary,Constable,39,2026-07-27 19:16:41+00:00,94.0,87.0,,0.0,0.0,0.0,-0.542,0.262,0.78,,0.0,0.0,0.0,,,,,0.0,0.0,30.0,0.0,0.0,0.0,87.0,36.5,2
61196,SO-0602,Constable Dinesh Chaudhary,Constable,39,2026-07-27 19:17:11+00:00,96.0,87.0,,0.0,0.0,0.0,-0.914,-0.085,0.368,,0.0,0.0,0.0,,,,,0.0,0.0,30.0,0.0,0.0,0.0,87.0,36.5,2
61197,SO-0602,Constable Dinesh Chaudhary,Constable,39,2026-07-27 19:17:41+00:00,99.0,86.0,,0.0,0.0,0.0,-0.439,-0.177,0.917,,0.0,0.0,0.0,,,,,0.0,0.0,30.0,0.0,0.0,0.0,86.0,36.5,2
61198,SO-0602,Constable Dinesh Chaudhary,Constable,39,2026-07-27 19:18:11+00:00,85.0,88.0,,0.0,0.0,0.0,-0.645,0.25,0.712,,0.0,0.0,0.0,,,,,0.0,0.0,30.0,0.0,0.0,0.0,88.0,36.5,0
61199,SO-0602,Constable Dinesh Chaudhary,Constable,39,2026-07-27 19:18:41+00:00,92.0,88.0,,0.0,0.0,0.0,0.201,0.289,1.541,,0.0,0.0,0.0,,,,,0.0,0.0,30.0,0.0,0.0,0.0,88.0,36.5,2
61200,SO-0602,Constable Dinesh Chaudhary,Constable,39,2026-07-27 19:19:11+00:00,83.0,87.0,,0.0,0.0,0.0,-0.798,0.165,0.616,,0.0,0.0,0.0,,,,,0.0,0.0,30.0,0.0,0.0,0.0,87.0,36.5,0
61201,SO-0602,Constable Dinesh Chaudhary,Constable,39,2026-07-27 19:19:41+00:00,95.0,88.0,,0.0,0.0,0.0,-0.796,-0.595,-0.125,,0.0,0.0,0.0,,,,,0.0,0.0,30.0,0.0,0.0,0.0,88.0,36.5,2
61202,SO-0602,Constable Dinesh Chaudhary,Constable,39,2026-07-27 19:20:11+00:00,91.0,87.0,,0.0,0.0,0.0,-0.076,1.114,-0.327,,0.0,0.0,0.0,,,,,0.0,0.0,30.0,0.0,0.0,0.0,87.0,36.5,2
61203,SO-0602,Constable Dinesh Chaudhary,Constable,39,2026-07-27 19:20:41+00:00,92.0,88.0,,0.0,0.0,0.0,-0.577,-0.066,0.792,,0.0,0.0,0.0,,,,,0.0,0.0,30.0,0.0,0.0,0.0,88.0,36.5,2
61204,SO-0602,Constable Dinesh Chaudhary,Constable,39,2026-07-27 19:21:11+00:00,95.0,88.0,,0.0,0.0,0.0,-0.822,-0.554,-0.104,,0.0,0.0,0.0,,,,,0.0,0.0,30.0,0.0,0.0,0.0,88.0,36.5,2
61205,SO-0602,Constable Dinesh Chaudhary,Constable,39,2026-07-27 19:21:41+00:00,92.0,86.0,,0.0,0.0,0.0,-0.037,0.46,0.888,,0.0,0.0,0.0,,,,,0.0,0.0,30.0,0.0,0.0,0.0,86.0,36.5,2
61206,SO-0602,Constable Dinesh Chaudhary,Constable,39,2026-07-27 19:22:11+00:00,93.0,88.0,,0.0,0.0,0.0,-0.927,0.238,0.275,,0.0,0.0,0.0,,,,,0.0,0.0,30.0,0.0,0.0,0.0,88.0,36.5,2
61207,SO-0602,Constable Dinesh Chaudhary,Constable,39,2026-07-27 19:22:41+00:00,91.0,88.0,,0.0,0.0,0.0,0.396,0.071,0.902,,0.0,0.0,0.0,,,,,0.0,0.0,30.0,0.0,0.0,0.0,88.0,36.5,2
61208,SO-0602,Constable Dinesh Chaudhary,Constable,39,2026-07-27 19:23:11+00:00,100.0,82.0,,0.0,0.0,0.0,-0.542,-0.441,0.647,,0.0,0.0,0.0,,,,,0.0,0.0,30.0,0.0,0.0,0.0,82.0,36.5,2
61209,SO-0602,Constable Dinesh Chaudhary,Constable,39,2026-07-27 19:23:41+00:00,100.0,86.0,,0.0,0.0,0.0,-0.894,0.089,-0.615,,0.0,0.0,0.0,,,,,0.0,0.0,30.0,0.0,0.0,0.0,86.0,36.5,2
61210,SO-0602,Constable Dinesh Chaudhary,Constable,39,2026-07-27 19:24:11+00:00,88.0,88.0,,0.0,0.0,0.0,-0.698,0.439,0.625,,0.0,0.0,0.0,,,,,0.0,0.0,30.0,0.0,0.0,0.0,88.0,36.5,0
61211,SO-0602,Constable Dinesh Chaudhary,Constable,39,2026-07-27 19:24:41+00:00,96.0,72.0,,0.0,0.0,0.0,-0.379,0.594,0.668,,0.0,0.0,0.0,,,,,0.0,0.0,30.0,0.0,0.0,0.0,72.0,36.5,2
61212,SO-0602,Constable Dinesh Chaudhary,Constable,39,2026-07-27 19:25:11+00:00,95.0,87.0,,0.0,0.0,0.0,-0.644,-0.733,-0.23,,0.0,0.0,0.0,,,,,0.0,0.0,30.0,0.0,0.0,0.0,87.0,36.5,2
61213,SO-0602,Constable Dinesh Chaudhary,Constable,39,2026-07-27 19:25:41+00:00,100.0,88.0,,0.0,0.0,0.0,-0.824,-0.07,0.563,,0.0,0.0,0.0,,,,,0.0,0.0,30.0,0.0,0.0,0.0,88.0,36.5,2
61214,SO-0602,Constable Dinesh Chaudhary,Constable,39,2026-07-27 19:26:11+00:00,84.0,87.0,,0.0,0.0,0.0,-0.705,-0.198,0.653,,0.0,0.0,0.0,,,,,0.0,0.0,30.0,0.0,0.0,0.0,87.0,36.5,0
61215,SO-0602,Constable Dinesh Chaudhary,Constable,39,2026-07-27 19:26:41+00:00,90.0,88.0,,0.0,0.0,0.0,-0.886,-0.42,-0.332,,0.0,0.0,0.0,,,,,0.0,0.0,30.0,0.0,0.0,0.0,88.0,36.5,0
61216,SO-0602,Constable Dinesh Chaudhary,Constable,39,2026-07-27 19:27:41+00:00,93.0,77.0,,0.0,0.0,0.0,-0.418,-0.838,-0.131,,0.0,0.0,0.0,,,,,0.0,0.0,60.0,0.0,0.0,0.0,77.0,36.5,2
61217,SO-0602,Constable Dinesh Chaudhary,Constable,39,2026-07-27 19:28:11+00:00,89.0,85.0,,0.0,0.0,0.0,-0.627,-0.804,-0.124,,0.0,0.0,0.0,,,,,0.0,0.0,30.0,0.0,0.0,0.0,85.0,36.5,0
61218,SO-0602,Constable Dinesh Chaudhary,Constable,39,2026-07-27 19:28:41+00:00,96.0,88.0,,0.0,0.0,0.0,-0.743,0.003,0.654,,0.0,0.0,0.0,,,,,0.0,0.0,30.0,0.0,0.0,0.0,88.0,36.5,2
61219,SO-0602,Constable Dinesh Chaudhary,Constable,39,2026-07-27 19:29:41+00:00,94.0,88.0,,0.0,0.0,0.0,-0.858,0.254,0.387,,0.0,0.0,0.0,,,,,0.0,0.0,60.0,0.0,0.0,0.0,88.0,36.5,2
61220,SO-0602,Constable Dinesh Chaudhary,Constable,39,2026-07-27 19:30:11+00:00,92.0,81.0,,0.0,0.0,0.0,-0.344,0.538,0.75,,0.0,0.0,0.0,,,,,0.0,0.0,30.0,0.0,0.0,0.0,81.0,36.5,2
61221,SO-0602,Constable Dinesh Chaudhary,Constable,39,2026-07-27 19:30:41+00:00,93.0,82.0,,0.0,0.0,0.0,-0.329,0.427,0.036,,0.0,0.0,0.0,,,,,0.0,0.0,30.0,0.0,0.0,0.0,82.0,36.5,2
61222,SO-0602,Constable Dinesh Chaudhary,Constable,39,2026-07-27 19:31:11+00:00,93.0,82.0,,0.0,0.0,0.0,-0.526,0.013,0.951,,0.0,0.0,0.0,,,,,0.0,0.0,30.0,0.0,0.0,0.0,82.0,36.5,2
61224,SO-0602,Constable Dinesh Chaudhary,Constable,39,2026-07-27 19:33:11+00:00,84.0,86.0,,0.0,0.0,0.0,-0.36,0.819,0.69,,0.0,0.0,0.0,,,,,0.0,0.0,120.0,0.0,0.0,0.0,86.0,36.5,0
61226,SO-0602,Constable Dinesh Chaudhary,Constable,39,2026-07-27 19:33:41+00:00,87.0,88.0,,0.0,0.0,0.0,-0.341,-0.034,0.553,,0.0,0.0,0.0,,,,,0.0,0.0,30.0,0.0,0.0,0.0,88.0,36.5,0
61238,SO-0602,Constable Dinesh Chaudhary,Constable,39,2026-07-27 19:39:11+00:00,83.0,70.0,,0.0,0.0,0.0,-0.632,0.622,0.695,,0.0,0.0,0.0,,,,,0.0,0.0,330.0,0.0,0.0,0.0,70.0,36.5,0
61240,SO-0602,Constable Dinesh Chaudhary,Constable,39,2026-07-27 19:39:41+00:00,95.0,88.0,,0.0,0.0,0.0,-0.452,-0.141,0.873,,0.0,0.0,0.0,,,,,0.0,0.0,30.0,0.0,0.0,0.0,88.0,36.5,2
61242,SO-0602,Constable Dinesh Chaudhary,Constable,39,2026-07-27 19:40:11+00:00,100.0,86.0,,0.0,0.0,0.0,-0.299,-0.191,0.916,,0.0,0.0,0.0,,,,,0.0,0.0,30.0,0.0,0.0,0.0,86.0,36.5,2
61244,SO-0602,Constable Dinesh Chaudhary,Constable,39,2026-07-27 19:40:41+00:00,96.0,85.0,,0.0,0.0,0.0,-0.211,-0.098,1.063,,0.0,0.0,0.0,,,,,0.0,0.0,30.0,0.0,0.0,0.0,85.0,36.5,2
61246,SO-0602,Constable Dinesh Chaudhary,Constable,39,2026-07-27 19:41:11+00:00,82.0,76.0,,0.0,0.0,0.0,0.074,-0.246,0.876,,0.0,0.0,0.0,,,,,0.0,0.0,30.0,0.0,0.0,0.0,76.0,36.5,0
61248,SO-0602,Constable Dinesh Chaudhary,Constable,39,2026-07-27 19:41:41+00:00,94.0,88.0,,0.0,0.0,0.0,-0.84,-0.467,0.024,,0.0,0.0,0.0,,,,,0.0,0.0,30.0,0.0,0.0,0.0,88.0,36.5,2
61250,SO-0602,Constable Dinesh Chaudhary,Constable,39,2026-07-27 19:42:11+00:00,95.0,88.0,,0.0,0.0,0.0,-0.909,0.054,0.268,,0.0,0.0,0.0,,,,,0.0,0.0,30.0,0.0,0.0,0.0,88.0,36.5,2
61253,SO-0602,Constable Dinesh Chaudhary,Constable,39,2026-07-27 19:42:41+00:00,93.0,88.0,,0.0,0.0,0.0,0.795,-0.552,-0.093,,0.0,0.0,0.0,,,,,0.0,0.0,30.0,0.0,0.0,0.0,88.0,36.5,2
61256,SO-0602,Constable Dinesh Chaudhary,Constable,39,2026-07-27 19:43:11+00:00,96.0,88.0,,0.0,0.0,0.0,-0.348,0.154,-0.442,,0.0,0.0,0.0,,,,,0.0,0.0,30.0,0.0,0.0,0.0,88.0,36.5,2
61258,SO-0602,Constable Dinesh Chaudhary,Constable,39,2026-07-27 19:43:41+00:00,89.0,88.0,,0.0,0.0,0.0,-0.465,-0.178,0.845,,0.0,0.0,0.0,,,,,0.0,0.0,30.0,0.0,0.0,0.0,88.0,36.5,0
61260,SO-0602,Constable Dinesh Chaudhary,Constable,39,2026-07-27 19:44:11+00:00,99.0,88.0,,0.0,0.0,0.0,-0.336,-0.163,0.915,,0.0,0.0,0.0,,,,,0.0,0.0,30.0,0.0,0.0,0.0,88.0,36.5,2
61262,SO-0602,Constable Dinesh Chaudhary,Constable,39,2026-07-27 19:44:41+00:00,98.0,88.0,,0.0,0.0,0.0,-0.29,-0.172,1.402,,0.0,0.0,0.0,,,,,0.0,0.0,30.0,0.0,0.0,0.0,88.0,36.5,2
61264,SO-0602,Constable Dinesh Chaudhary,Constable,39,2026-07-27 19:45:11+00:00,94.0,88.0,,0.0,0.0,0.0,-0.461,-0.237,0.832,,0.0,0.0,0.0,,,,,0.0,0.0,30.0,0.0,0.0,0.0,88.0,36.5,2
61266,SO-0602,Constable Dinesh Chaudhary,Constable,39,2026-07-27 19:45:41+00:00,90.0,87.0,,0.0,0.0,0.0,-0.224,0.111,0.94,,0.0,0.0,0.0,,,,,0.0,0.0,30.0,0.0,0.0,0.0,87.0,36.5,0
61269,SO-0602,Constable Dinesh Chaudhary,Constable,39,2026-07-27 19:46:11+00:00,95.0,88.0,,0.0,0.0,0.0,-0.256,0.309,0.897,,0.0,0.0,0.0,,,,,0.0,0.0,30.0,0.0,0.0,0.0,88.0,36.5,2
61272,SO-0602,Constable Dinesh Chaudhary,Constable,39,2026-07-27 19:46:41+00:00,93.0,83.0,,0.0,0.0,0.0,-0.914,0.45,0.58,,0.0,0.0,0.0,,,,,0.0,0.0,30.0,0.0,0.0,0.0,83.0,36.5,2
61275,SO-0602,Constable Dinesh Chaudhary,Constable,39,2026-07-27 19:47:11+00:00,85.0,81.0,,0.0,0.0,0.0,-0.394,-0.46,0.765,,0.0,0.0,0.0,,,,,0.0,0.0,30.0,0.0,0.0,0.0,81.0,36.5,0
61278,SO-0602,Constable Dinesh Chaudhary,Constable,39,2026-07-27 19:47:41+00:00,97.0,85.0,,0.0,0.0,0.0,-0.323,-0.157,0.87,,0.0,0.0,0.0,,,,,0.0,0.0,30.0,0.0,0.0,0.0,85.0,36.5,2
61281,SO-0602,Constable Dinesh Chaudhary,Constable,39,2026-07-27 19:48:11+00:00,94.0,88.0,,0.0,0.0,0.0,-0.406,-0.231,0.869,,0.0,0.0,0.0,,,,,0.0,0.0,30.0,0.0,0.0,0.0,88.0,36.5,2
61284,SO-0602,Constable Dinesh Chaudhary,Constable,39,2026-07-27 19:48:41+00:00,97.0,88.0,,0.0,0.0,0.0,-0.405,-0.24,0.831,,0.0,0.0,0.0,,,,,0.0,0.0,30.0,0.0,0.0,0.0,88.0,36.5,2
61287,SO-0602,Constable Dinesh Chaudhary,Constable,39,2026-07-27 19:49:11+00:00,91.0,88.0,,0.0,0.0,0.0,-0.601,-0.003,0.777,,0.0,0.0,0.0,,,,,0.0,0.0,30.0,0.0,0.0,0.0,88.0,36.5,2
61290,SO-0602,Constable Dinesh Chaudhary,Constable,39,2026-07-27 19:49:41+00:00,94.0,88.0,,0.0,0.0,0.0,-0.285,-0.163,0.926,,0.0,0.0,0.0,,,,,0.0,0.0,30.0,0.0,0.0,0.0,88.0,36.5,2
61293,SO-0602,Constable Dinesh Chaudhary,Constable,39,2026-07-27 19:50:11+00:00,82.0,87.0,,0.0,0.0,0.0,-0.763,-0.188,0.59,,0.0,0.0,0.0,,,,,0.0,0.0,30.0,0.0,0.0,0.0,87.0,36.5,0
61296,SO-0602,Constable Dinesh Chaudhary,Constable,39,2026-07-27 19:50:41+00:00,96.0,87.0,,0.0,0.0,0.0,-0.533,-0.129,0.968,,0.0,0.0,0.0,,,,,0.0,0.0,30.0,0.0,0.0,0.0,87.0,36.5,2
61299,SO-0602,Constable Dinesh Chaudhary,Constable,39,2026-07-27 19:51:11+00:00,100.0,88.0,,0.0,0.0,0.0,-0.476,-0.25,0.819,,0.0,0.0,0.0,,,,,0.0,0.0,30.0,0.0,0.0,0.0,88.0,36.5,2
61301,SO-0602,Constable Dinesh Chaudhary,Constable,39,2026-07-27 19:51:41+00:00,85.0,88.0,,0.0,0.0,0.0,-0.488,-0.261,0.813,,0.0,0.0,0.0,,,,,0.0,0.0,30.0,0.0,0.0,0.0,88.0,36.5,0
61303,SO-0602,Constable Dinesh Chaudhary,Constable,39,2026-07-27 19:52:11+00:00,92.0,86.0,,0.0,0.0,0.0,-0.524,-0.126,0.823,,0.0,0.0,0.0,,,,,0.0,0.0,30.0,0.0,0.0,0.0,86.0,36.5,2
61305,SO-0602,Constable Dinesh Chaudhary,Constable,39,2026-07-27 19:52:41+00:00,94.0,81.0,,0.0,0.0,0.0,-0.841,0.534,-0.074,,0.0,0.0,0.0,,,,,0.0,0.0,30.0,0.0,0.0,0.0,81.0,36.5,2
61307,SO-0602,Constable Dinesh Chaudhary,Constable,39,2026-07-27 19:53:11+00:00,98.0,88.0,,0.0,0.0,0.0,-0.434,-0.14,0.873,,0.0,0.0,0.0,,,,,0.0,0.0,30.0,0.0,0.0,0.0,88.0,36.5,2
61309,SO-0602,Constable Dinesh Chaudhary,Constable,39,2026-07-27 19:53:41+00:00,85.0,88.0,,0.0,0.0,0.0,-0.186,-0.247,1.015,,0.0,0.0,0.0,,,,,0.0,0.0,30.0,0.0,0.0,0.0,88.0,36.5,0
61311,SO-0602,Constable Dinesh Chaudhary,Constable,39,2026-07-27 19:54:11+00:00,97.0,79.0,,0.0,0.0,0.0,-0.278,0.278,0.827,,0.0,0.0,0.0,,,,,0.0,0.0,30.0,0.0,0.0,0.0,79.0,36.5,2
61313,SO-0602,Constable Dinesh Chaudhary,Constable,39,2026-07-27 19:54:41+00:00,90.0,86.0,,0.0,0.0,0.0,-0.718,-0.699,0.073,,0.0,0.0,0.0,,,,,0.0,0.0,30.0,0.0,0.0,0.0,86.0,36.5,0
61315,SO-0602,Constable Dinesh Chaudhary,Constable,39,2026-07-27 19:55:11+00:00,96.0,87.0,,0.0,0.0,0.0,-0.528,0.26,0.78,,0.0,0.0,0.0,,,,,0.0,0.0,30.0,0.0,0.0,0.0,87.0,36.5,2
61317,SO-0602,Constable Dinesh Chaudhary,Constable,39,2026-07-27 19:55:41+00:00,97.0,88.0,,0.0,0.0,0.0,-0.276,0.056,0.944,,0.0,0.0,0.0,,,,,0.0,0.0,30.0,0.0,0.0,0.0,88.0,36.5,2
61319,SO-0602,Constable Dinesh Chaudhary,Constable,39,2026-07-27 19:56:11+00:00,95.0,88.0,,0.0,0.0,0.0,-0.575,0.317,0.751,,0.0,0.0,0.0,,,,,0.0,0.0,30.0,0.0,0.0,0.0,88.0,36.5,2
61321,SO-0602,Constable Dinesh Chaudhary,Constable,39,2026-07-27 19:56:41+00:00,100.0,86.0,,0.0,0.0,0.0,-0.686,0.315,0.622,,0.0,0.0,0.0,,,,,0.0,0.0,30.0,0.0,0.0,0.0,86.0,36.5,2
61323,SO-0602,Constable Dinesh Chaudhary,Constable,39,2026-07-27 19:57:11+00:00,98.0,88.0,,0.0,0.0,0.0,-0.576,0.091,0.792,,0.0,0.0,0.0,,,,,0.0,0.0,30.0,0.0,0.0,0.0,88.0,36.5,2
61326,SO-0602,Constable Dinesh Chaudhary,Constable,39,2026-07-27 19:57:41+00:00,97.0,82.0,,0.0,0.0,0.0,-0.661,0.026,0.721,,0.0,0.0,0.0,,,,,0.0,0.0,30.0,0.0,0.0,0.0,82.0,36.5,2
61329,SO-0602,Constable Dinesh Chaudhary,Constable,39,2026-07-27 19:58:11+00:00,96.0,88.0,,0.0,0.0,0.0,-0.079,0.21,0.848,,0.0,0.0,0.0,,,,,0.0,0.0,30.0,0.0,0.0,0.0,88.0,36.5,2
61332,SO-0602,Constable Dinesh Chaudhary,Constable,39,2026-07-27 19:58:41+00:00,81.0,85.0,,0.0,0.0,0.0,-0.687,0.3,0.634,,0.0,0.0,0.0,,,,,0.0,0.0,30.0,0.0,0.0,0.0,85.0,36.5,0
61335,SO-0602,Constable Dinesh Chaudhary,Constable,39,2026-07-27 19:59:11+00:00,93.0,88.0,,0.0,0.0,0.0,-0.652,-0.259,0.691,,0.0,0.0,0.0,,,,,0.0,0.0,30.0,0.0,0.0,0.0,88.0,36.5,2
61338,SO-0602,Constable Dinesh Chaudhary,Constable,39,2026-07-27 19:59:41+00:00,89.0,88.0,,0.0,0.0,0.0,-0.814,-0.563,-0.017,,0.0,0.0,0.0,,,,,0.0,0.0,30.0,0.0,0.0,0.0,88.0,36.5,0
61341,SO-0602,Constable Dinesh Chaudhary,Constable,39,2026-07-27 20:00:11+00:00,82.0,86.0,,0.0,0.0,0.0,-0.603,-0.468,-0.662,,0.0,0.0,0.0,,,,,0.0,0.0,30.0,0.0,0.0,0.0,86.0,36.5,0
61344,SO-0602,Constable Dinesh Chaudhary,Constable,39,2026-07-27 20:00:41+00:00,85.0,72.0,,0.0,0.0,0.0,-0.831,-0.095,-0.737,,0.0,0.0,0.0,,,,,0.0,0.0,30.0,0.0,0.0,0.0,72.0,36.5,0
61347,SO-0602,Constable Dinesh Chaudhary,Constable,39,2026-07-27 20:01:11+00:00,98.0,86.0,,0.0,0.0,0.0,0.408,-0.833,0.223,,0.0,0.0,0.0,,,,,0.0,0.0,30.0,0.0,0.0,0.0,86.0,36.5,2
61350,SO-0602,Constable Dinesh Chaudhary,Constable,39,2026-07-27 20:01:41+00:00,96.0,86.0,,0.0,0.0,0.0,-0.958,-0.234,-0.245,,0.0,0.0,0.0,,,,,0.0,0.0,30.0,0.0,0.0,0.0,86.0,36.5,2
61353,SO-0602,Constable Dinesh Chaudhary,Constable,39,2026-07-27 20:02:11+00:00,91.0,88.0,,0.0,0.0,0.0,-0.954,-0.24,0.075,,0.0,0.0,0.0,,,,,0.0,0.0,30.0,0.0,0.0,0.0,88.0,36.5,2
61356,SO-0602,Constable Dinesh Chaudhary,Constable,39,2026-07-27 20:02:41+00:00,82.0,84.0,,0.0,0.0,0.0,-0.824,-0.715,-0.109,,0.0,0.0,0.0,,,,,0.0,0.0,30.0,0.0,0.0,0.0,84.0,36.5,0
61359,SO-0602,Constable Dinesh Chaudhary,Constable,39,2026-07-27 20:03:11+00:00,95.0,87.0,,0.0,0.0,0.0,-0.477,-0.292,0.801,,0.0,0.0,0.0,,,,,0.0,0.0,30.0,0.0,0.0,0.0,87.0,36.5,2
61362,SO-0602,Constable Dinesh Chaudhary,Constable,39,2026-07-27 20:03:41+00:00,85.0,87.0,,0.0,0.0,0.0,0.003,-0.048,0.985,,0.0,0.0,0.0,,,,,0.0,0.0,30.0,0.0,0.0,0.0,87.0,36.5,0
61365,SO-0602,Constable Dinesh Chaudhary,Constable,39,2026-07-27 20:04:11+00:00,96.0,86.0,,0.0,0.0,0.0,-0.813,-0.398,-0.007,,0.0,0.0,0.0,,,,,0.0,0.0,30.0,0.0,0.0,0.0,86.0,36.5,2
61368,SO-0602,Constable Dinesh Chaudhary,Constable,39,2026-07-27 20:04:41+00:00,81.0,87.0,,0.0,0.0,0.0,-0.341,-0.163,0.906,,0.0,0.0,0.0,,,,,0.0,0.0,30.0,0.0,0.0,0.0,87.0,36.5,0
61371,SO-0602,Constable Dinesh Chaudhary,Constable,39,2026-07-27 20:05:11+00:00,93.0,72.0,,0.0,0.0,0.0,-0.28,0.591,0.736,,0.0,0.0,0.0,,,,,0.0,0.0,30.0,0.0,0.0,0.0,72.0,36.5,2
61374,SO-0602,Constable Dinesh Chaudhary,Constable,39,2026-07-27 20:05:41+00:00,100.0,84.0,,0.0,0.0,0.0,-0.959,-0.31,-0.102,,0.0,0.0,0.0,,,,,0.0,0.0,30.0,0.0,0.0,0.0,84.0,36.5,2
61377,SO-0602,Constable Dinesh Chaudhary,Constable,39,2026-07-27 20:06:11+00:00,99.0,83.0,,0.0,0.0,0.0,-0.906,-0.203,-0.365,,0.0,0.0,0.0,,,,,0.0,0.0,30.0,0.0,0.0,0.0,83.0,36.5,2
61380,SO-0602,Constable Dinesh Chaudhary,Constable,39,2026-07-27 20:06:41+00:00,92.0,79.0,,0.0,0.0,0.0,-0.136,0.896,0.282,,0.0,0.0,0.0,,,,,0.0,0.0,30.0,0.0,0.0,0.0,79.0,36.5,2
61383,SO-0602,Constable Dinesh Chaudhary,Constable,39,2026-07-27 20:07:11+00:00,99.0,86.0,,0.0,0.0,0.0,-0.231,1.015,0.173,,0.0,0.0,0.0,,,,,0.0,0.0,30.0,0.0,0.0,0.0,86.0,36.5,2
61386,SO-0602,Constable Dinesh Chaudhary,Constable,39,2026-07-27 20:07:41+00:00,94.0,88.0,,0.0,0.0,0.0,-0.476,-0.048,-0.951,,0.0,0.0,0.0,,,,,0.0,0.0,30.0,0.0,0.0,0.0,88.0,36.5,2
61389,SO-0602,Constable Dinesh Chaudhary,Constable,39,2026-07-27 20:08:11+00:00,100.0,88.0,,0.0,0.0,0.0,-0.698,-0.104,-0.728,,0.0,0.0,0.0,,,,,0.0,0.0,30.0,0.0,0.0,0.0,88.0,36.5,2
61392,SO-0602,Constable Dinesh Chaudhary,Constable,39,2026-07-27 20:08:41+00:00,90.0,71.0,,0.0,0.0,0.0,-0.473,0.049,-0.707,,0.0,0.0,0.0,,,,,0.0,0.0,30.0,0.0,0.0,0.0,71.0,36.5,0
61395,SO-0602,Constable Dinesh Chaudhary,Constable,39,2026-07-27 20:09:11+00:00,98.0,60.0,,0.0,0.0,0.0,-0.066,1.09,0.134,,0.0,0.0,0.0,,,,,0.0,0.0,30.0,0.0,0.0,0.0,60.0,36.5,2
61398,SO-0602,Constable Dinesh Chaudhary,Constable,39,2026-07-27 20:09:41+00:00,96.0,87.0,,0.0,0.0,0.0,0.007,0.932,0.325,,0.0,0.0,0.0,,,,,0.0,0.0,30.0,0.0,0.0,0.0,87.0,36.5,2
61401,SO-0602,Constable Dinesh Chaudhary,Constable,39,2026-07-27 20:10:11+00:00,90.0,85.0,,0.0,0.0,0.0,-0.083,0.938,0.217,,0.0,0.0,0.0,,,,,0.0,0.0,30.0,0.0,0.0,0.0,85.0,36.5,0
61404,SO-0602,Constable Dinesh Chaudhary,Constable,39,2026-07-27 20:10:41+00:00,97.0,51.0,,0.0,0.0,0.0,-0.446,1.1,0.225,,0.0,0.0,0.0,,,,,0.0,0.0,30.0,0.0,0.0,0.0,51.0,36.5,2
61407,SO-0602,Constable Dinesh Chaudhary,Constable,39,2026-07-27 20:11:11+00:00,100.0,54.0,,0.0,0.0,0.0,-0.064,0.782,0.128,,0.0,0.0,0.0,,,,,0.0,0.0,30.0,0.0,0.0,0.0,54.0,36.5,2
61409,SO-0602,Constable Dinesh Chaudhary,Constable,39,2026-07-27 20:11:41+00:00,95.0,87.0,,0.0,0.0,0.0,-0.69,0.064,-0.434,,0.0,0.0,0.0,,,,,0.0,0.0,30.0,0.0,0.0,0.0,87.0,36.5,2
61411,SO-0602,Constable Dinesh Chaudhary,Constable,39,2026-07-27 20:12:11+00:00,92.0,70.0,,0.0,0.0,0.0,-0.534,0.971,0.252,,0.0,0.0,0.0,,,,,0.0,0.0,30.0,0.0,0.0,0.0,70.0,36.5,2
61414,SO-0602,Constable Dinesh Chaudhary,Constable,39,2026-07-27 20:12:41+00:00,92.0,52.0,,0.0,0.0,0.0,0.142,0.813,0.115,,0.0,0.0,0.0,,,,,0.0,0.0,30.0,0.0,0.0,0.0,52.0,36.5,2
61417,SO-0602,Constable Dinesh Chaudhary,Constable,39,2026-07-27 20:13:11+00:00,92.0,53.0,,0.0,0.0,0.0,0.163,0.702,0.0,,0.0,0.0,0.0,,,,,0.0,0.0,30.0,0.0,0.0,0.0,53.0,36.5,2
61420,SO-0602,Constable Dinesh Chaudhary,Constable,39,2026-07-27 20:13:41+00:00,92.0,53.0,,0.0,0.0,0.0,0.298,0.663,0.175,,0.0,0.0,0.0,,,,,0.0,0.0,30.0,0.0,0.0,0.0,53.0,36.5,2
61423,SO-0602,Constable Dinesh Chaudhary,Constable,39,2026-07-27 20:14:11+00:00,92.0,52.0,,0.0,0.0,0.0,0.193,0.625,0.248,,0.0,0.0,0.0,,,,,0.0,0.0,30.0,0.0,0.0,0.0,52.0,36.5,2
61426,SO-0602,Constable Dinesh Chaudhary,Constable,39,2026-07-27 20:14:41+00:00,97.0,54.0,,0.0,0.0,0.0,0.244,0.717,0.334,,0.0,0.0,0.0,,,,,0.0,0.0,30.0,0.0,0.0,0.0,54.0,36.5,2
61429,SO-0602,Constable Dinesh Chaudhary,Constable,39,2026-07-27 20:15:11+00:00,97.0,53.0,,0.0,0.0,0.0,-0.674,1.096,0.204,,0.0,0.0,0.0,,,,,0.0,0.0,30.0,0.0,0.0,0.0,53.0,36.5,2
61432,SO-0602,Constable Dinesh Chaudhary,Constable,39,2026-07-27 20:15:41+00:00,97.0,54.0,,0.0,0.0,0.0,0.418,0.485,0.097,,0.0,0.0,0.0,,,,,0.0,0.0,30.0,0.0,0.0,0.0,54.0,36.5,2
61435,SO-0602,Constable Dinesh Chaudhary,Constable,39,2026-07-27 20:16:11+00:00,97.0,52.0,,0.0,0.0,0.0,-0.101,0.86,0.113,,0.0,0.0,0.0,,,,,0.0,0.0,30.0,0.0,0.0,0.0,52.0,36.5,2
61438,SO-0602,Constable Dinesh Chaudhary,Constable,39,2026-07-27 20:16:41+00:00,97.0,53.0,,0.0,0.0,0.0,-0.701,-0.304,-1.686,,0.0,0.0,0.0,,,,,0.0,0.0,30.0,0.0,0.0,0.0,53.0,36.5,1
61441,SO-0602,Constable Dinesh Chaudhary,Constable,39,2026-07-27 20:17:11+00:00,98.0,70.0,,0.0,0.0,0.0,-0.52,1.029,0.139,,0.0,0.0,0.0,,,,,0.0,0.0,30.0,0.0,0.0,0.0,70.0,36.5,1
61444,SO-0602,Constable Dinesh Chaudhary,Constable,39,2026-07-27 20:17:41+00:00,98.0,56.0,,0.0,0.0,0.0,0.491,-0.359,0.685,,0.0,0.0,0.0,,,,,0.0,0.0,30.0,0.0,0.0,0.0,56.0,36.5,1
61447,SO-0602,Constable Dinesh Chaudhary,Constable,39,2026-07-27 20:18:11+00:00,92.0,80.0,,0.0,0.0,0.0,-0.511,0.208,-0.544,,0.0,0.0,0.0,,,,,0.0,0.0,30.0,0.0,0.0,0.0,80.0,36.5,1
61450,SO-0602,Constable Dinesh Chaudhary,Constable,39,2026-07-27 20:18:41+00:00,97.0,67.0,,0.0,0.0,0.0,-0.826,0.217,-0.47,,0.0,0.0,0.0,,,,,0.0,0.0,30.0,0.0,0.0,0.0,67.0,36.5,1
61491,SO-0602,Constable Dinesh Chaudhary,Constable,39,2026-07-27 20:29:11+00:00,97.0,,,0.0,0.0,0.0,0.031,0.023,0.978,,0.0,0.0,0.0,,,,,0.0,0.0,630.0,0.0,0.0,0.0,67.0,36.5,2
61494,SO-0602,Constable Dinesh Chaudhary,Constable,39,2026-07-27 20:29:41+00:00,84.0,,,0.0,0.0,0.0,0.025,0.025,0.974,,0.0,0.0,0.0,,,,,0.0,0.0,30.0,0.0,0.0,0.0,67.0,36.5,0
61497,SO-0602,Constable Dinesh Chaudhary,Constable,39,2026-07-27 20:30:11+00:00,84.0,88.0,,0.0,0.0,0.0,0.032,0.033,0.978,,0.0,0.0,0.0,,,,,0.0,0.0,30.0,0.0,0.0,0.0,88.0,36.5,0
61556,SO-0602,Constable Dinesh Chaudhary,Constable,39,2026-07-27 20:45:11+00:00,84.0,,,0.0,0.0,0.0,0.037,-0.002,0.98,,0.0,0.0,0.0,,,,,0.0,0.0,900.0,0.0,0.0,0.0,88.0,36.5,0
61559,SO-0602,Constable Dinesh Chaudhary,Constable,39,2026-07-27 20:45:41+00:00,84.0,,,0.0,0.0,0.0,0.036,-0.003,0.98,,0.0,0.0,0.0,,,,,0.0,0.0,30.0,0.0,0.0,0.0,88.0,36.5,0
61562,SO-0602,Constable Dinesh Chaudhary,Constable,39,2026-07-27 20:46:11+00:00,84.0,46.0,,0.0,0.0,0.0,0.039,0.0,0.971,,0.0,0.0,0.0,,,,,0.0,0.0,30.0,0.0,0.0,0.0,46.0,36.5,0
61953,SO-0602,Constable Dinesh Chaudhary,Constable,39,2026-07-28 09:04:11+00:00,100.0,88.0,,0.0,0.0,0.0,-0.684,-0.795,0.341,,0.0,0.0,0.0,,,,,0.0,0.0,44280.0,0.0,0.0,0.0,88.0,36.5,2
61955,SO-0602,Constable Dinesh Chaudhary,Constable,39,2026-07-28 09:04:41+00:00,88.0,88.0,,0.0,0.0,0.0,-0.014,-0.852,0.401,,0.0,0.0,0.0,,,,,0.0,0.0,30.0,0.0,0.0,0.0,88.0,36.5,0
61957,SO-0602,Constable Dinesh Chaudhary,Constable,39,2026-07-28 09:05:11+00:00,98.0,87.0,,0.0,0.0,0.0,-0.16,-0.694,0.433,,0.0,0.0,0.0,,,,,0.0,0.0,30.0,0.0,0.0,0.0,87.0,36.5,2
61959,SO-0602,Constable Dinesh Chaudhary,Constable,39,2026-07-28 09:05:41+00:00,87.0,87.0,,0.0,0.0,0.0,-1.084,-0.301,-0.227,,0.0,0.0,0.0,,,,,0.0,0.0,30.0,0.0,0.0,0.0,87.0,36.5,0
61961,SO-0602,Constable Dinesh Chaudhary,Constable,39,2026-07-28 09:06:11+00:00,96.0,85.0,,0.0,0.0,0.0,0.063,-0.915,0.382,,0.0,0.0,0.0,,,,,0.0,0.0,30.0,0.0,0.0,0.0,85.0,36.5,2
61963,SO-0602,Constable Dinesh Chaudhary,Constable,39,2026-07-28 09:06:41+00:00,92.0,87.0,,0.0,0.0,0.0,0.023,-0.939,0.36,,0.0,0.0,0.0,,,,,0.0,0.0,30.0,0.0,0.0,0.0,87.0,36.5,2
61965,SO-0602,Constable Dinesh Chaudhary,Constable,39,2026-07-28 09:07:11+00:00,97.0,88.0,,0.0,0.0,0.0,-0.042,-0.883,0.28,,0.0,0.0,0.0,,,,,0.0,0.0,30.0,0.0,0.0,0.0,88.0,36.5,2
61967,SO-0602,Constable Dinesh Chaudhary,Constable,39,2026-07-28 09:07:41+00:00,86.0,88.0,,0.0,0.0,0.0,-0.051,-1.167,0.3,,0.0,0.0,0.0,,,,,0.0,0.0,30.0,0.0,0.0,0.0,88.0,36.5,0
61969,SO-0602,Constable Dinesh Chaudhary,Constable,39,2026-07-28 09:08:11+00:00,88.0,88.0,,0.0,0.0,0.0,0.305,-0.677,0.58,,0.0,0.0,0.0,,,,,0.0,0.0,30.0,0.0,0.0,0.0,88.0,36.5,0
61971,SO-0602,Constable Dinesh Chaudhary,Constable,39,2026-07-28 09:08:41+00:00,81.0,88.0,,0.0,0.0,0.0,-0.873,0.004,0.176,,0.0,0.0,0.0,,,,,0.0,0.0,30.0,0.0,0.0,0.0,88.0,36.5,0
61973,SO-0602,Constable Dinesh Chaudhary,Constable,39,2026-07-28 09:09:11+00:00,87.0,88.0,,0.0,0.0,0.0,-1.478,0.206,0.406,,0.0,0.0,0.0,,,,,0.0,0.0,30.0,0.0,0.0,0.0,88.0,36.5,0
61975,SO-0602,Constable Dinesh Chaudhary,Constable,39,2026-07-28 09:09:41+00:00,93.0,88.0,,0.0,0.0,0.0,-0.458,-0.752,0.376,,0.0,0.0,0.0,,,,,0.0,0.0,30.0,0.0,0.0,0.0,88.0,36.5,2
61977,SO-0602,Constable Dinesh Chaudhary,Constable,39,2026-07-28 09:10:11+00:00,93.0,88.0,,0.0,0.0,0.0,-0.201,-0.917,0.454,,0.0,0.0,0.0,,,,,0.0,0.0,30.0,0.0,0.0,0.0,88.0,36.5,2
61979,SO-0602,Constable Dinesh Chaudhary,Constable,39,2026-07-28 09:10:41+00:00,95.0,88.0,,0.0,0.0,0.0,-0.814,-0.395,-0.379,,0.0,0.0,0.0,,,,,0.0,0.0,30.0,0.0,0.0,0.0,88.0,36.5,2
61981,SO-0602,Constable Dinesh Chaudhary,Constable,39,2026-07-28 09:11:11+00:00,95.0,88.0,,0.0,0.0,0.0,-0.092,-0.888,0.56,,0.0,0.0,0.0,,,,,0.0,0.0,30.0,0.0,0.0,0.0,88.0,36.5,2
61983,SO-0602,Constable Dinesh Chaudhary,Constable,39,2026-07-28 09:11:41+00:00,90.0,88.0,,0.0,0.0,0.0,0.137,-0.899,0.636,,0.0,0.0,0.0,,,,,0.0,0.0,30.0,0.0,0.0,0.0,88.0,36.5,0
61985,SO-0602,Constable Dinesh Chaudhary,Constable,39,2026-07-28 09:12:11+00:00,96.0,87.0,,0.0,0.0,0.0,0.058,-0.915,0.416,,0.0,0.0,0.0,,,,,0.0,0.0,30.0,0.0,0.0,0.0,87.0,36.5,2
61987,SO-0602,Constable Dinesh Chaudhary,Constable,39,2026-07-28 09:12:41+00:00,91.0,88.0,,0.0,0.0,0.0,0.031,-0.883,0.428,,0.0,0.0,0.0,,,,,0.0,0.0,30.0,0.0,0.0,0.0,88.0,36.5,2
61989,SO-0602,Constable Dinesh Chaudhary,Constable,39,2026-07-28 09:13:11+00:00,95.0,88.0,,0.0,0.0,0.0,-0.013,-0.88,0.513,,0.0,0.0,0.0,,,,,0.0,0.0,30.0,0.0,0.0,0.0,88.0,36.5,2
61992,SO-0602,Constable Dinesh Chaudhary,Constable,39,2026-07-28 09:13:41+00:00,82.0,88.0,,0.0,0.0,0.0,0.019,-0.874,0.427,,0.0,0.0,0.0,,,,,0.0,0.0,30.0,0.0,0.0,0.0,88.0,36.5,0
61995,SO-0602,Constable Dinesh Chaudhary,Constable,39,2026-07-28 09:14:11+00:00,89.0,87.0,,0.0,0.0,0.0,-0.166,-1.035,0.399,,0.0,0.0,0.0,,,,,0.0,0.0,30.0,0.0,0.0,0.0,87.0,36.5,0
61998,SO-0602,Constable Dinesh Chaudhary,Constable,39,2026-07-28 09:14:41+00:00,93.0,88.0,,0.0,0.0,0.0,-0.044,-0.844,0.306,,0.0,0.0,0.0,,,,,0.0,0.0,30.0,0.0,0.0,0.0,88.0,36.5,2
62001,SO-0602,Constable Dinesh Chaudhary,Constable,39,2026-07-28 09:15:11+00:00,89.0,88.0,,0.0,0.0,0.0,-0.042,-0.777,0.318,,0.0,0.0,0.0,,,,,0.0,0.0,30.0,0.0,0.0,0.0,88.0,36.5,0
62004,SO-0602,Constable Dinesh Chaudhary,Constable,39,2026-07-28 09:15:41+00:00,92.0,88.0,,0.0,0.0,0.0,-0.153,-1.03,0.341,,0.0,0.0,0.0,,,,,0.0,0.0,30.0,0.0,0.0,0.0,88.0,36.5,2
62007,SO-0602,Constable Dinesh Chaudhary,Constable,39,2026-07-28 09:16:11+00:00,95.0,88.0,,0.0,0.0,0.0,-0.118,-0.851,0.325,,0.0,0.0,0.0,,,,,0.0,0.0,30.0,0.0,0.0,0.0,88.0,36.5,2
62010,SO-0602,Constable Dinesh Chaudhary,Constable,39,2026-07-28 09:16:41+00:00,93.0,88.0,,0.0,0.0,0.0,-0.478,-0.727,0.487,,0.0,0.0,0.0,,,,,0.0,0.0,30.0,0.0,0.0,0.0,88.0,36.5,2
62013,SO-0602,Constable Dinesh Chaudhary,Constable,39,2026-07-28 09:17:11+00:00,94.0,88.0,,0.0,0.0,0.0,-0.12,-0.863,0.436,,0.0,0.0,0.0,,,,,0.0,0.0,30.0,0.0,0.0,0.0,88.0,36.5,2
62016,SO-0602,Constable Dinesh Chaudhary,Constable,39,2026-07-28 09:17:41+00:00,89.0,88.0,,0.0,0.0,0.0,-0.682,0.395,0.728,,0.0,0.0,0.0,,,,,0.0,0.0,30.0,0.0,0.0,0.0,88.0,36.5,0
62019,SO-0602,Constable Dinesh Chaudhary,Constable,39,2026-07-28 09:18:11+00:00,92.0,87.0,,0.0,0.0,0.0,0.583,-0.389,0.96,,0.0,0.0,0.0,,,,,0.0,0.0,30.0,0.0,0.0,0.0,87.0,36.5,2
62022,SO-0602,Constable Dinesh Chaudhary,Constable,39,2026-07-28 09:18:41+00:00,84.0,,,0.0,0.0,0.0,-0.347,-0.405,0.812,,0.0,0.0,0.0,,,,,0.0,0.0,30.0,0.0,0.0,0.0,87.0,36.5,0
62025,SO-0602,Constable Dinesh Chaudhary,Constable,39,2026-07-28 09:19:11+00:00,91.0,87.0,,0.0,0.0,0.0,0.434,-0.847,1.043,,0.0,0.0,0.0,,,,,0.0,0.0,30.0,0.0,0.0,0.0,87.0,36.5,2
62028,SO-0602,Constable Dinesh Chaudhary,Constable,39,2026-07-28 09:19:41+00:00,92.0,88.0,,0.0,0.0,0.0,-0.394,-0.088,-0.809,,0.0,0.0,0.0,,,,,0.0,0.0,30.0,0.0,0.0,0.0,88.0,36.5,2
62031,SO-0602,Constable Dinesh Chaudhary,Constable,39,2026-07-28 09:20:11+00:00,94.0,84.0,,0.0,0.0,0.0,-0.616,0.439,-0.724,,0.0,0.0,0.0,,,,,0.0,0.0,30.0,0.0,0.0,0.0,84.0,36.5,2
62034,SO-0602,Constable Dinesh Chaudhary,Constable,39,2026-07-28 09:20:41+00:00,89.0,88.0,,0.0,0.0,0.0,-0.69,0.172,-0.716,,0.0,0.0,0.0,,,,,0.0,0.0,30.0,0.0,0.0,0.0,88.0,36.5,0
62037,SO-0602,Constable Dinesh Chaudhary,Constable,39,2026-07-28 09:21:11+00:00,100.0,86.0,,0.0,0.0,0.0,-0.742,0.157,-0.637,,0.0,0.0,0.0,,,,,0.0,0.0,30.0,0.0,0.0,0.0,86.0,36.5,2
62040,SO-0602,Constable Dinesh Chaudhary,Constable,39,2026-07-28 09:21:41+00:00,85.0,88.0,,0.0,0.0,0.0,-0.756,0.164,-0.656,,0.0,0.0,0.0,,,,,0.0,0.0,30.0,0.0,0.0,0.0,88.0,36.5,0
62043,SO-0602,Constable Dinesh Chaudhary,Constable,39,2026-07-28 09:22:11+00:00,90.0,87.0,,0.0,0.0,0.0,-0.71,-0.167,-0.634,,0.0,0.0,0.0,,,,,0.0,0.0,30.0,0.0,0.0,0.0,87.0,36.5,0
62046,SO-0602,Constable Dinesh Chaudhary,Constable,39,2026-07-28 09:22:41+00:00,100.0,,,0.0,0.0,0.0,-0.624,-0.011,-0.731,,0.0,0.0,0.0,,,,,0.0,0.0,30.0,0.0,0.0,0.0,87.0,36.5,2
62049,SO-0602,Constable Dinesh Chaudhary,Constable,39,2026-07-28 09:23:11+00:00,87.0,86.0,,0.0,0.0,0.0,-0.379,-0.574,0.313,,0.0,0.0,0.0,,,,,0.0,0.0,30.0,0.0,0.0,0.0,86.0,36.5,0
62052,SO-0602,Constable Dinesh Chaudhary,Constable,39,2026-07-28 09:23:41+00:00,92.0,90.0,,0.0,0.0,0.0,-0.63,-0.012,-0.759,,0.0,0.0,0.0,,,,,0.0,0.0,30.0,0.0,0.0,0.0,90.0,36.5,2
62055,SO-0602,Constable Dinesh Chaudhary,Constable,39,2026-07-28 09:24:11+00:00,80.0,88.0,,0.0,0.0,0.0,-0.924,0.197,0.239,,0.0,0.0,0.0,,,,,0.0,0.0,30.0,0.0,0.0,0.0,88.0,36.5,0
62058,SO-0602,Constable Dinesh Chaudhary,Constable,39,2026-07-28 09:24:41+00:00,100.0,85.0,,0.0,0.0,0.0,-0.934,0.217,0.253,,0.0,0.0,0.0,,,,,0.0,0.0,30.0,0.0,0.0,0.0,85.0,36.5,2
62061,SO-0602,Constable Dinesh Chaudhary,Constable,39,2026-07-28 09:25:11+00:00,85.0,88.0,,0.0,0.0,0.0,-0.937,0.217,0.225,,0.0,0.0,0.0,,,,,0.0,0.0,30.0,0.0,0.0,0.0,88.0,36.5,0
62064,SO-0602,Constable Dinesh Chaudhary,Constable,39,2026-07-28 09:25:41+00:00,85.0,88.0,,0.0,0.0,0.0,-0.83,-0.039,-0.61,,0.0,0.0,0.0,,,,,0.0,0.0,30.0,0.0,0.0,0.0,88.0,36.5,0
62067,SO-0602,Constable Dinesh Chaudhary,Constable,39,2026-07-28 09:26:11+00:00,84.0,88.0,,0.0,0.0,0.0,-0.543,0.146,-0.84,,0.0,0.0,0.0,,,,,0.0,0.0,30.0,0.0,0.0,0.0,88.0,36.5,0
62070,SO-0602,Constable Dinesh Chaudhary,Constable,39,2026-07-28 09:26:41+00:00,82.0,87.0,,0.0,0.0,0.0,-0.895,0.163,-0.65,,0.0,0.0,0.0,,,,,0.0,0.0,30.0,0.0,0.0,0.0,87.0,36.5,0
62073,SO-0602,Constable Dinesh Chaudhary,Constable,39,2026-07-28 09:27:11+00:00,81.0,88.0,,0.0,0.0,0.0,-0.66,0.255,-0.721,,0.0,0.0,0.0,,,,,0.0,0.0,30.0,0.0,0.0,0.0,88.0,36.5,0
62076,SO-0602,Constable Dinesh Chaudhary,Constable,39,2026-07-28 09:27:41+00:00,88.0,88.0,,0.0,0.0,0.0,-0.792,-0.232,-0.572,,0.0,0.0,0.0,,,,,0.0,0.0,30.0,0.0,0.0,0.0,88.0,36.5,0
62079,SO-0602,Constable Dinesh Chaudhary,Constable,39,2026-07-28 09:28:11+00:00,84.0,88.0,,0.0,0.0,0.0,-0.772,0.477,0.407,,0.0,0.0,0.0,,,,,0.0,0.0,30.0,0.0,0.0,0.0,88.0,36.5,0
62082,SO-0602,Constable Dinesh Chaudhary,Constable,39,2026-07-28 09:28:41+00:00,99.0,87.0,,0.0,0.0,0.0,-0.854,0.419,0.397,,0.0,0.0,0.0,,,,,0.0,0.0,30.0,0.0,0.0,0.0,87.0,36.5,2
62085,SO-0602,Constable Dinesh Chaudhary,Constable,39,2026-07-28 09:29:11+00:00,89.0,88.0,,0.0,0.0,0.0,-0.779,0.371,0.388,,0.0,0.0,0.0,,,,,0.0,0.0,30.0,0.0,0.0,0.0,88.0,36.5,0
62088,SO-0602,Constable Dinesh Chaudhary,Constable,39,2026-07-28 09:29:41+00:00,87.0,73.0,,0.0,0.0,0.0,-0.826,0.337,0.392,,0.0,0.0,0.0,,,,,0.0,0.0,30.0,0.0,0.0,0.0,73.0,36.5,0
62091,SO-0602,Constable Dinesh Chaudhary,Constable,39,2026-07-28 09:30:11+00:00,100.0,88.0,,0.0,0.0,0.0,-0.859,0.339,0.369,,0.0,0.0,0.0,,,,,0.0,0.0,30.0,0.0,0.0,0.0,88.0,36.5,2
62094,SO-0602,Constable Dinesh Chaudhary,Constable,39,2026-07-28 09:30:41+00:00,89.0,88.0,,0.0,0.0,0.0,-0.662,0.404,0.603,,0.0,0.0,0.0,,,,,0.0,0.0,30.0,0.0,0.0,0.0,88.0,36.5,0
62097,SO-0602,Constable Dinesh Chaudhary,Constable,39,2026-07-28 09:31:11+00:00,85.0,88.0,,0.0,0.0,0.0,-0.756,0.365,0.443,,0.0,0.0,0.0,,,,,0.0,0.0,30.0,0.0,0.0,0.0,88.0,36.5,0
62100,SO-0602,Constable Dinesh Chaudhary,Constable,39,2026-07-28 09:31:41+00:00,91.0,88.0,,0.0,0.0,0.0,-0.87,-0.193,-0.46,,0.0,0.0,0.0,,,,,0.0,0.0,30.0,0.0,0.0,0.0,88.0,36.5,2
62103,SO-0602,Constable Dinesh Chaudhary,Constable,39,2026-07-28 09:32:11+00:00,89.0,88.0,,0.0,0.0,0.0,-0.691,0.41,0.57,,0.0,0.0,0.0,,,,,0.0,0.0,30.0,0.0,0.0,0.0,88.0,36.5,0
62106,SO-0602,Constable Dinesh Chaudhary,Constable,39,2026-07-28 09:32:41+00:00,98.0,89.0,,0.0,0.0,0.0,-0.6,-0.245,-0.784,,0.0,0.0,0.0,,,,,0.0,0.0,30.0,0.0,0.0,0.0,89.0,36.5,2
62109,SO-0602,Constable Dinesh Chaudhary,Constable,39,2026-07-28 09:33:11+00:00,100.0,88.0,,0.0,0.0,0.0,-0.77,-0.197,-0.606,,0.0,0.0,0.0,,,,,0.0,0.0,30.0,0.0,0.0,0.0,88.0,36.5,2
62111,SO-0602,Constable Dinesh Chaudhary,Constable,39,2026-07-28 09:33:41+00:00,96.0,88.0,,0.0,0.0,0.0,-0.8,-0.087,-0.613,,0.0,0.0,0.0,,,,,0.0,0.0,30.0,0.0,0.0,0.0,88.0,36.5,2
62114,SO-0602,Constable Dinesh Chaudhary,Constable,39,2026-07-28 09:34:11+00:00,95.0,88.0,,0.0,0.0,0.0,-1.017,0.004,-0.065,,0.0,0.0,0.0,,,,,0.0,0.0,30.0,0.0,0.0,0.0,88.0,36.5,2
62117,SO-0602,Constable Dinesh Chaudhary,Constable,39,2026-07-28 09:34:41+00:00,96.0,88.0,,0.0,0.0,0.0,-0.447,-0.307,0.837,,0.0,0.0,0.0,,,,,0.0,0.0,30.0,0.0,0.0,0.0,88.0,36.5,2
62120,SO-0602,Constable Dinesh Chaudhary,Constable,39,2026-07-28 09:35:11+00:00,96.0,88.0,,0.0,0.0,0.0,-0.588,-0.295,0.743,,0.0,0.0,0.0,,,,,0.0,0.0,30.0,0.0,0.0,0.0,88.0,36.5,2
62123,SO-0602,Constable Dinesh Chaudhary,Constable,39,2026-07-28 09:35:41+00:00,93.0,88.0,,0.0,0.0,0.0,-0.899,-0.295,0.47,,0.0,0.0,0.0,,,,,0.0,0.0,30.0,0.0,0.0,0.0,88.0,36.5,2
62126,SO-0602,Constable Dinesh Chaudhary,Constable,39,2026-07-28 09:36:11+00:00,89.0,,,0.0,0.0,0.0,-0.784,-0.305,0.582,,0.0,0.0,0.0,,,,,0.0,0.0,30.0,0.0,0.0,0.0,88.0,36.5,0
62129,SO-0602,Constable Dinesh Chaudhary,Constable,39,2026-07-28 09:36:41+00:00,93.0,88.0,,0.0,0.0,0.0,-0.769,-0.277,0.555,,0.0,0.0,0.0,,,,,0.0,0.0,30.0,0.0,0.0,0.0,88.0,36.5,2
62132,SO-0602,Constable Dinesh Chaudhary,Constable,39,2026-07-28 09:37:11+00:00,93.0,88.0,,0.0,0.0,0.0,-0.954,-0.148,0.45,,0.0,0.0,0.0,,,,,0.0,0.0,30.0,0.0,0.0,0.0,88.0,36.5,2
62135,SO-0602,Constable Dinesh Chaudhary,Constable,39,2026-07-28 09:37:41+00:00,86.0,88.0,,0.0,0.0,0.0,-0.725,-0.087,0.655,,0.0,0.0,0.0,,,,,0.0,0.0,30.0,0.0,0.0,0.0,88.0,36.5,0
62138,SO-0602,Constable Dinesh Chaudhary,Constable,39,2026-07-28 09:38:11+00:00,100.0,88.0,,0.0,0.0,0.0,-0.811,-0.252,-0.539,,0.0,0.0,0.0,,,,,0.0,0.0,30.0,0.0,0.0,0.0,88.0,36.5,2
62141,SO-0602,Constable Dinesh Chaudhary,Constable,39,2026-07-28 09:38:41+00:00,82.0,88.0,,0.0,0.0,0.0,-0.766,-0.426,-0.608,,0.0,0.0,0.0,,,,,0.0,0.0,30.0,0.0,0.0,0.0,88.0,36.5,0
62144,SO-0602,Constable Dinesh Chaudhary,Constable,39,2026-07-28 09:39:11+00:00,94.0,87.0,,0.0,0.0,0.0,-0.647,-0.193,0.676,,0.0,0.0,0.0,,,,,0.0,0.0,30.0,0.0,0.0,0.0,87.0,36.5,2
62147,SO-0602,Constable Dinesh Chaudhary,Constable,39,2026-07-28 09:39:41+00:00,90.0,88.0,,0.0,0.0,0.0,-0.971,-0.374,0.647,,0.0,0.0,0.0,,,,,0.0,0.0,30.0,0.0,0.0,0.0,88.0,36.5,0
62150,SO-0602,Constable Dinesh Chaudhary,Constable,39,2026-07-28 09:40:11+00:00,93.0,88.0,,0.0,0.0,0.0,-0.625,-0.191,0.75,,0.0,0.0,0.0,,,,,0.0,0.0,30.0,0.0,0.0,0.0,88.0,36.5,2
62153,SO-0602,Constable Dinesh Chaudhary,Constable,39,2026-07-28 09:40:41+00:00,91.0,88.0,,0.0,0.0,0.0,-0.642,-0.16,0.675,,0.0,0.0,0.0,,,,,0.0,0.0,30.0,0.0,0.0,0.0,88.0,36.5,2
62156,SO-0602,Constable Dinesh Chaudhary,Constable,39,2026-07-28 09:41:11+00:00,91.0,88.0,,0.0,0.0,0.0,-0.712,-0.267,0.682,,0.0,0.0,0.0,,,,,0.0,0.0,30.0,0.0,0.0,0.0,88.0,36.5,2
62159,SO-0602,Constable Dinesh Chaudhary,Constable,39,2026-07-28 09:41:41+00:00,92.0,88.0,,0.0,0.0,0.0,-0.692,-0.066,0.694,,0.0,0.0,0.0,,,,,0.0,0.0,30.0,0.0,0.0,0.0,88.0,36.5,2
62162,SO-0602,Constable Dinesh Chaudhary,Constable,39,2026-07-28 09:42:11+00:00,93.0,88.0,,0.0,0.0,0.0,-0.733,-0.254,0.713,,0.0,0.0,0.0,,,,,0.0,0.0,30.0,0.0,0.0,0.0,88.0,36.5,2
62165,SO-0602,Constable Dinesh Chaudhary,Constable,39,2026-07-28 09:42:41+00:00,86.0,88.0,,0.0,0.0,0.0,-0.848,0.228,0.53,,0.0,0.0,0.0,,,,,0.0,0.0,30.0,0.0,0.0,0.0,88.0,36.5,0
62168,SO-0602,Constable Dinesh Chaudhary,Constable,39,2026-07-28 09:43:11+00:00,82.0,86.0,,0.0,0.0,0.0,-0.791,0.106,0.574,,0.0,0.0,0.0,,,,,0.0,0.0,30.0,0.0,0.0,0.0,86.0,36.5,0
62171,SO-0602,Constable Dinesh Chaudhary,Constable,39,2026-07-28 09:43:41+00:00,82.0,75.0,,0.0,0.0,0.0,-0.881,0.124,0.498,,0.0,0.0,0.0,,,,,0.0,0.0,30.0,0.0,0.0,0.0,75.0,36.5,0
62174,SO-0602,Constable Dinesh Chaudhary,Constable,39,2026-07-28 09:44:11+00:00,86.0,87.0,,0.0,0.0,0.0,-0.784,0.026,0.616,,0.0,0.0,0.0,,,,,0.0,0.0,30.0,0.0,0.0,0.0,87.0,36.5,0
62177,SO-0602,Constable Dinesh Chaudhary,Constable,39,2026-07-28 09:44:41+00:00,92.0,88.0,,0.0,0.0,0.0,-0.831,-0.081,0.543,,0.0,0.0,0.0,,,,,0.0,0.0,30.0,0.0,0.0,0.0,88.0,36.5,2
62180,SO-0602,Constable Dinesh Chaudhary,Constable,39,2026-07-28 09:45:11+00:00,82.0,88.0,,0.0,0.0,0.0,-0.611,-0.114,0.748,,0.0,0.0,0.0,,,,,0.0,0.0,30.0,0.0,0.0,0.0,88.0,36.5,0
62183,SO-0602,Constable Dinesh Chaudhary,Constable,39,2026-07-28 09:45:41+00:00,92.0,88.0,,0.0,0.0,0.0,-0.935,0.06,0.31,,0.0,0.0,0.0,,,,,0.0,0.0,30.0,0.0,0.0,0.0,88.0,36.5,2
62186,SO-0602,Constable Dinesh Chaudhary,Constable,39,2026-07-28 09:46:11+00:00,88.0,88.0,,0.0,0.0,0.0,-0.789,0.112,0.592,,0.0,0.0,0.0,,,,,0.0,0.0,30.0,0.0,0.0,0.0,88.0,36.5,0
62189,SO-0602,Constable Dinesh Chaudhary,Constable,39,2026-07-28 09:46:41+00:00,86.0,83.0,,0.0,0.0,0.0,-0.791,0.121,0.563,,0.0,0.0,0.0,,,,,0.0,0.0,30.0,0.0,0.0,0.0,83.0,36.5,0
62192,SO-0602,Constable Dinesh Chaudhary,Constable,39,2026-07-28 09:47:11+00:00,87.0,83.0,,0.0,0.0,0.0,-0.807,0.129,0.554,,0.0,0.0,0.0,,,,,0.0,0.0,30.0,0.0,0.0,0.0,83.0,36.5,0
62195,SO-0602,Constable Dinesh Chaudhary,Constable,39,2026-07-28 09:47:41+00:00,81.0,87.0,,0.0,0.0,0.0,-0.834,0.094,0.683,,0.0,0.0,0.0,,,,,0.0,0.0,30.0,0.0,0.0,0.0,87.0,36.5,0
62198,SO-0602,Constable Dinesh Chaudhary,Constable,39,2026-07-28 09:48:11+00:00,90.0,88.0,,0.0,0.0,0.0,-0.849,0.052,0.495,,0.0,0.0,0.0,,,,,0.0,0.0,30.0,0.0,0.0,0.0,88.0,36.5,0
62201,SO-0602,Constable Dinesh Chaudhary,Constable,39,2026-07-28 09:48:41+00:00,85.0,80.0,,0.0,0.0,0.0,-0.871,0.01,0.535,,0.0,0.0,0.0,,,,,0.0,0.0,30.0,0.0,0.0,0.0,80.0,36.5,0
62204,SO-0602,Constable Dinesh Chaudhary,Constable,39,2026-07-28 09:49:11+00:00,81.0,88.0,,0.0,0.0,0.0,-0.856,0.003,0.644,,0.0,0.0,0.0,,,,,0.0,0.0,30.0,0.0,0.0,0.0,88.0,36.5,0
62207,SO-0602,Constable Dinesh Chaudhary,Constable,39,2026-07-28 09:49:41+00:00,82.0,88.0,,0.0,0.0,0.0,-0.816,0.029,0.593,,0.0,0.0,0.0,,,,,0.0,0.0,30.0,0.0,0.0,0.0,88.0,36.5,0
62210,SO-0602,Constable Dinesh Chaudhary,Constable,39,2026-07-28 09:50:11+00:00,80.0,88.0,,0.0,0.0,0.0,-0.835,0.061,0.571,,0.0,0.0,0.0,,,,,0.0,0.0,30.0,0.0,0.0,0.0,88.0,36.5,0
62213,SO-0602,Constable Dinesh Chaudhary,Constable,39,2026-07-28 09:50:41+00:00,87.0,87.0,,0.0,0.0,0.0,-0.809,0.011,0.569,,0.0,0.0,0.0,,,,,0.0,0.0,30.0,0.0,0.0,0.0,87.0,36.5,0
62216,SO-0602,Constable Dinesh Chaudhary,Constable,39,2026-07-28 09:51:11+00:00,83.0,88.0,,0.0,0.0,0.0,-0.761,-0.018,0.666,,0.0,0.0,0.0,,,,,0.0,0.0,30.0,0.0,0.0,0.0,88.0,36.5,0
62219,SO-0602,Constable Dinesh Chaudhary,Constable,39,2026-07-28 09:51:41+00:00,91.0,88.0,,0.0,0.0,0.0,-0.747,0.032,0.638,,0.0,0.0,0.0,,,,,0.0,0.0,30.0,0.0,0.0,0.0,88.0,36.5,2
62222,SO-0602,Constable Dinesh Chaudhary,Constable,39,2026-07-28 09:52:11+00:00,94.0,88.0,,0.0,0.0,0.0,-0.819,0.004,0.497,,0.0,0.0,0.0,,,,,0.0,0.0,30.0,0.0,0.0,0.0,88.0,36.5,2
62225,SO-0602,Constable Dinesh Chaudhary,Constable,39,2026-07-28 09:52:41+00:00,93.0,83.0,,0.0,0.0,0.0,-0.895,0.14,0.408,,0.0,0.0,0.0,,,,,0.0,0.0,30.0,0.0,0.0,0.0,83.0,36.5,2
62228,SO-0602,Constable Dinesh Chaudhary,Constable,39,2026-07-28 09:53:11+00:00,94.0,88.0,,0.0,0.0,0.0,-0.818,0.084,0.588,,0.0,0.0,0.0,,,,,0.0,0.0,30.0,0.0,0.0,0.0,88.0,36.5,2
62231,SO-0602,Constable Dinesh Chaudhary,Constable,39,2026-07-28 09:53:41+00:00,98.0,88.0,,0.0,0.0,0.0,-0.892,0.083,0.481,,0.0,0.0,0.0,,,,,0.0,0.0,30.0,0.0,0.0,0.0,88.0,36.5,2
62234,SO-0602,Constable Dinesh Chaudhary,Constable,39,2026-07-28 09:54:11+00:00,92.0,88.0,,0.0,0.0,0.0,-0.68,0.0,-0.482,,0.0,0.0,0.0,,,,,0.0,0.0,30.0,0.0,0.0,0.0,88.0,36.5,2
62237,SO-0602,Constable Dinesh Chaudhary,Constable,39,2026-07-28 09:54:41+00:00,90.0,88.0,,0.0,0.0,0.0,-0.541,-0.048,-0.583,,0.0,0.0,0.0,,,,,0.0,0.0,30.0,0.0,0.0,0.0,88.0,36.5,0
62240,SO-0602,Constable Dinesh Chaudhary,Constable,39,2026-07-28 09:55:11+00:00,97.0,87.0,,0.0,0.0,0.0,-0.672,-0.04,-0.538,,0.0,0.0,0.0,,,,,0.0,0.0,30.0,0.0,0.0,0.0,87.0,36.5,2
62243,SO-0602,Constable Dinesh Chaudhary,Constable,39,2026-07-28 09:55:41+00:00,94.0,88.0,,0.0,0.0,0.0,-0.83,-0.012,-0.545,,0.0,0.0,0.0,,,,,0.0,0.0,30.0,0.0,0.0,0.0,88.0,36.5,2
62246,SO-0602,Constable Dinesh Chaudhary,Constable,39,2026-07-28 09:56:11+00:00,85.0,88.0,,0.0,0.0,0.0,-0.928,0.159,0.135,,0.0,0.0,0.0,,,,,0.0,0.0,30.0,0.0,0.0,0.0,88.0,36.5,0
62249,SO-0602,Constable Dinesh Chaudhary,Constable,39,2026-07-28 09:56:41+00:00,99.0,88.0,,0.0,0.0,0.0,-0.894,0.044,0.614,,0.0,0.0,0.0,,,,,0.0,0.0,30.0,0.0,0.0,0.0,88.0,36.5,2
62252,SO-0602,Constable Dinesh Chaudhary,Constable,39,2026-07-28 09:57:11+00:00,96.0,88.0,,0.0,0.0,0.0,-0.832,-0.033,0.637,,0.0,0.0,0.0,,,,,0.0,0.0,30.0,0.0,0.0,0.0,88.0,36.5,2
62255,SO-0602,Constable Dinesh Chaudhary,Constable,39,2026-07-28 09:57:41+00:00,96.0,87.0,,0.0,0.0,0.0,-0.734,-0.053,0.556,,0.0,0.0,0.0,,,,,0.0,0.0,30.0,0.0,0.0,0.0,87.0,36.5,2
62258,SO-0602,Constable Dinesh Chaudhary,Constable,39,2026-07-28 09:58:11+00:00,98.0,88.0,,0.0,0.0,0.0,-0.863,0.041,0.486,,0.0,0.0,0.0,,,,,0.0,0.0,30.0,0.0,0.0,0.0,88.0,36.5,2
62261,SO-0602,Constable Dinesh Chaudhary,Constable,39,2026-07-28 09:58:41+00:00,97.0,88.0,,0.0,0.0,0.0,-0.755,0.044,0.553,,0.0,0.0,0.0,,,,,0.0,0.0,30.0,0.0,0.0,0.0,88.0,36.5,2
62264,SO-0602,Constable Dinesh Chaudhary,Constable,39,2026-07-28 09:59:11+00:00,100.0,88.0,,0.0,0.0,0.0,-0.735,-0.139,0.664,,0.0,0.0,0.0,,,,,0.0,0.0,30.0,0.0,0.0,0.0,88.0,36.5,2
62267,SO-0602,Constable Dinesh Chaudhary,Constable,39,2026-07-28 09:59:41+00:00,95.0,88.0,,0.0,0.0,0.0,-0.78,-0.112,0.552,,0.0,0.0,0.0,,,,,0.0,0.0,30.0,0.0,0.0,0.0,88.0,36.5,2
62270,SO-0602,Constable Dinesh Chaudhary,Constable,39,2026-07-28 10:00:11+00:00,94.0,88.0,,0.0,0.0,0.0,-0.706,-0.11,0.549,,0.0,0.0,0.0,,,,,0.0,0.0,30.0,0.0,0.0,0.0,88.0,36.5,2
62273,SO-0602,Constable Dinesh Chaudhary,Constable,39,2026-07-28 10:00:41+00:00,94.0,88.0,,0.0,0.0,0.0,-0.739,-0.04,0.523,,0.0,0.0,0.0,,,,,0.0,0.0,30.0,0.0,0.0,0.0,88.0,36.5,2
62276,SO-0602,Constable Dinesh Chaudhary,Constable,39,2026-07-28 10:01:11+00:00,93.0,88.0,,0.0,0.0,0.0,-0.768,-0.07,0.54,,0.0,0.0,0.0,,,,,0.0,0.0,30.0,0.0,0.0,0.0,88.0,36.5,2
62279,SO-0602,Constable Dinesh Chaudhary,Constable,39,2026-07-28 10:01:41+00:00,93.0,88.0,,0.0,0.0,0.0,-0.713,-0.075,0.617,,0.0,0.0,0.0,,,,,0.0,0.0,30.0,0.0,0.0,0.0,88.0,36.5,2
62282,SO-0602,Constable Dinesh Chaudhary,Constable,39,2026-07-28 10:02:11+00:00,83.0,88.0,,0.0,0.0,0.0,-0.674,-0.079,0.512,,0.0,0.0,0.0,,,,,0.0,0.0,30.0,0.0,0.0,0.0,88.0,36.5,0
62285,SO-0602,Constable Dinesh Chaudhary,Constable,39,2026-07-28 10:02:41+00:00,83.0,88.0,,0.0,0.0,0.0,-0.76,-0.094,0.592,,0.0,0.0,0.0,,,,,0.0,0.0,30.0,0.0,0.0,0.0,88.0,36.5,0
62288,SO-0602,Constable Dinesh Chaudhary,Constable,39,2026-07-28 10:03:11+00:00,94.0,88.0,,0.0,0.0,0.0,-0.675,-0.083,0.65,,0.0,0.0,0.0,,,,,0.0,0.0,30.0,0.0,0.0,0.0,88.0,36.5,2
62291,SO-0602,Constable Dinesh Chaudhary,Constable,39,2026-07-28 10:03:41+00:00,92.0,88.0,,0.0,0.0,0.0,-0.818,-0.164,0.632,,0.0,0.0,0.0,,,,,0.0,0.0,30.0,0.0,0.0,0.0,88.0,36.5,2
62294,SO-0602,Constable Dinesh Chaudhary,Constable,39,2026-07-28 10:04:11+00:00,94.0,88.0,,0.0,0.0,0.0,-0.831,-0.037,0.574,,0.0,0.0,0.0,,,,,0.0,0.0,30.0,0.0,0.0,0.0,88.0,36.5,2
62297,SO-0602,Constable Dinesh Chaudhary,Constable,39,2026-07-28 10:04:41+00:00,95.0,86.0,,0.0,0.0,0.0,-0.859,0.027,0.595,,0.0,0.0,0.0,,,,,0.0,0.0,30.0,0.0,0.0,0.0,86.0,36.5,2
62300,SO-0602,Constable Dinesh Chaudhary,Constable,39,2026-07-28 10:05:11+00:00,96.0,88.0,,0.0,0.0,0.0,-0.754,-0.081,0.622,,0.0,0.0,0.0,,,,,0.0,0.0,30.0,0.0,0.0,0.0,88.0,36.5,2
62303,SO-0602,Constable Dinesh Chaudhary,Constable,39,2026-07-28 10:05:41+00:00,95.0,88.0,,0.0,0.0,0.0,-0.825,-0.02,0.625,,0.0,0.0,0.0,,,,,0.0,0.0,30.0,0.0,0.0,0.0,88.0,36.5,2
62306,SO-0602,Constable Dinesh Chaudhary,Constable,39,2026-07-28 10:06:11+00:00,98.0,88.0,,0.0,0.0,0.0,-0.804,-0.024,0.548,,0.0,0.0,0.0,,,,,0.0,0.0,30.0,0.0,0.0,0.0,88.0,36.5,2
62309,SO-0602,Constable Dinesh Chaudhary,Constable,39,2026-07-28 10:06:41+00:00,97.0,88.0,,0.0,0.0,0.0,-0.81,0.054,0.591,,0.0,0.0,0.0,,,,,0.0,0.0,30.0,0.0,0.0,0.0,88.0,36.5,2
62312,SO-0602,Constable Dinesh Chaudhary,Constable,39,2026-07-28 10:07:11+00:00,98.0,87.0,,0.0,0.0,0.0,-0.859,-0.009,0.409,,0.0,0.0,0.0,,,,,0.0,0.0,30.0,0.0,0.0,0.0,87.0,36.5,2
62315,SO-0602,Constable Dinesh Chaudhary,Constable,39,2026-07-28 10:07:41+00:00,88.0,88.0,,0.0,0.0,0.0,-0.95,0.108,-0.255,,0.0,0.0,0.0,,,,,0.0,0.0,30.0,0.0,0.0,0.0,88.0,36.5,0
62318,SO-0602,Constable Dinesh Chaudhary,Constable,39,2026-07-28 10:08:11+00:00,98.0,86.0,,0.0,0.0,0.0,-0.909,0.149,-0.402,,0.0,0.0,0.0,,,,,0.0,0.0,30.0,0.0,0.0,0.0,86.0,36.5,2
62321,SO-0602,Constable Dinesh Chaudhary,Constable,39,2026-07-28 10:08:41+00:00,99.0,88.0,,0.0,0.0,0.0,-0.683,-0.174,0.647,,0.0,0.0,0.0,,,,,0.0,0.0,30.0,0.0,0.0,0.0,88.0,36.5,2
62324,SO-0602,Constable Dinesh Chaudhary,Constable,39,2026-07-28 10:09:11+00:00,81.0,88.0,,0.0,0.0,0.0,-0.663,-0.011,0.74,,0.0,0.0,0.0,,,,,0.0,0.0,30.0,0.0,0.0,0.0,88.0,36.5,0
62327,SO-0602,Constable Dinesh Chaudhary,Constable,39,2026-07-28 10:09:41+00:00,92.0,88.0,,0.0,0.0,0.0,-0.311,-0.028,0.155,,0.0,0.0,0.0,,,,,0.0,0.0,30.0,0.0,0.0,0.0,88.0,36.5,2
62330,SO-0602,Constable Dinesh Chaudhary,Constable,39,2026-07-28 10:10:11+00:00,96.0,88.0,,0.0,0.0,0.0,-0.65,0.22,0.706,,0.0,0.0,0.0,,,,,0.0,0.0,30.0,0.0,0.0,0.0,88.0,36.5,2
62333,SO-0602,Constable Dinesh Chaudhary,Constable,39,2026-07-28 10:10:41+00:00,83.0,88.0,,0.0,0.0,0.0,-0.803,0.108,0.51,,0.0,0.0,0.0,,,,,0.0,0.0,30.0,0.0,0.0,0.0,88.0,36.5,0
62336,SO-0602,Constable Dinesh Chaudhary,Constable,39,2026-07-28 10:11:11+00:00,96.0,87.0,,0.0,0.0,0.0,-0.849,0.027,0.54,,0.0,0.0,0.0,,,,,0.0,0.0,30.0,0.0,0.0,0.0,87.0,36.5,2
62339,SO-0602,Constable Dinesh Chaudhary,Constable,39,2026-07-28 10:11:41+00:00,93.0,88.0,,0.0,0.0,0.0,-0.826,-0.017,0.542,,0.0,0.0,0.0,,,,,0.0,0.0,30.0,0.0,0.0,0.0,88.0,36.5,2
62342,SO-0602,Constable Dinesh Chaudhary,Constable,39,2026-07-28 10:12:11+00:00,84.0,88.0,,0.0,0.0,0.0,-0.756,-0.019,0.621,,0.0,0.0,0.0,,,,,0.0,0.0,30.0,0.0,0.0,0.0,88.0,36.5,0
62345,SO-0602,Constable Dinesh Chaudhary,Constable,39,2026-07-28 10:12:41+00:00,91.0,88.0,,0.0,0.0,0.0,-1.231,0.269,0.59,,0.0,0.0,0.0,,,,,0.0,0.0,30.0,0.0,0.0,0.0,88.0,36.5,2
62348,SO-0602,Constable Dinesh Chaudhary,Constable,39,2026-07-28 10:13:11+00:00,85.0,88.0,,0.0,0.0,0.0,-0.858,0.067,0.481,,0.0,0.0,0.0,,,,,0.0,0.0,30.0,0.0,0.0,0.0,88.0,36.5,0
62351,SO-0602,Constable Dinesh Chaudhary,Constable,39,2026-07-28 10:13:41+00:00,80.0,88.0,,0.0,0.0,0.0,-0.866,0.039,0.472,,0.0,0.0,0.0,,,,,0.0,0.0,30.0,0.0,0.0,0.0,88.0,36.5,0
62354,SO-0602,Constable Dinesh Chaudhary,Constable,39,2026-07-28 10:14:11+00:00,83.0,88.0,,0.0,0.0,0.0,-0.852,-0.008,0.544,,0.0,0.0,0.0,,,,,0.0,0.0,30.0,0.0,0.0,0.0,88.0,36.5,0
62357,SO-0602,Constable Dinesh Chaudhary,Constable,39,2026-07-28 10:14:41+00:00,85.0,88.0,,0.0,0.0,0.0,-0.885,0.053,0.552,,0.0,0.0,0.0,,,,,0.0,0.0,30.0,0.0,0.0,0.0,88.0,36.5,0
62360,SO-0602,Constable Dinesh Chaudhary,Constable,39,2026-07-28 10:15:11+00:00,99.0,88.0,,0.0,0.0,0.0,-0.845,0.025,0.506,,0.0,0.0,0.0,,,,,0.0,0.0,30.0,0.0,0.0,0.0,88.0,36.5,2
62363,SO-0602,Constable Dinesh Chaudhary,Constable,39,2026-07-28 10:15:41+00:00,91.0,88.0,,0.0,0.0,0.0,-1.013,0.084,0.427,,0.0,0.0,0.0,,,,,0.0,0.0,30.0,0.0,0.0,0.0,88.0,36.5,2
62366,SO-0602,Constable Dinesh Chaudhary,Constable,39,2026-07-28 10:16:11+00:00,88.0,88.0,,0.0,0.0,0.0,-0.9,-0.414,0.703,,0.0,0.0,0.0,,,,,0.0,0.0,30.0,0.0,0.0,0.0,88.0,36.5,0
62369,SO-0602,Constable Dinesh Chaudhary,Constable,39,2026-07-28 10:16:41+00:00,90.0,87.0,,0.0,0.0,0.0,-0.514,-0.552,-0.684,,0.0,0.0,0.0,,,,,0.0,0.0,30.0,0.0,0.0,0.0,87.0,36.5,0
62372,SO-0602,Constable Dinesh Chaudhary,Constable,39,2026-07-28 10:17:11+00:00,86.0,86.0,,0.0,0.0,0.0,-0.704,-0.124,0.528,,0.0,0.0,0.0,,,,,0.0,0.0,30.0,0.0,0.0,0.0,86.0,36.5,0
62375,SO-0602,Constable Dinesh Chaudhary,Constable,39,2026-07-28 10:17:41+00:00,100.0,88.0,,0.0,0.0,0.0,-0.816,-0.172,0.587,,0.0,0.0,0.0,,,,,0.0,0.0,30.0,0.0,0.0,0.0,88.0,36.5,2
62378,SO-0602,Constable Dinesh Chaudhary,Constable,39,2026-07-28 10:18:11+00:00,95.0,88.0,,0.0,0.0,0.0,-0.874,-0.106,0.484,,0.0,0.0,0.0,,,,,0.0,0.0,30.0,0.0,0.0,0.0,88.0,36.5,2
62381,SO-0602,Constable Dinesh Chaudhary,Constable,39,2026-07-28 10:18:41+00:00,88.0,88.0,,0.0,0.0,0.0,-0.74,-0.439,-0.263,,0.0,0.0,0.0,,,,,0.0,0.0,30.0,0.0,0.0,0.0,88.0,36.5,0
62384,SO-0602,Constable Dinesh Chaudhary,Constable,39,2026-07-28 10:19:11+00:00,90.0,88.0,,0.0,0.0,0.0,-0.794,-0.381,-0.395,,0.0,0.0,0.0,,,,,0.0,0.0,30.0,0.0,0.0,0.0,88.0,36.5,0
62387,SO-0602,Constable Dinesh Chaudhary,Constable,39,2026-07-28 10:19:41+00:00,100.0,88.0,,0.0,0.0,0.0,-0.797,-0.114,0.568,,0.0,0.0,0.0,,,,,0.0,0.0,30.0,0.0,0.0,0.0,88.0,36.5,2
62390,SO-0602,Constable Dinesh Chaudhary,Constable,39,2026-07-28 10:20:11+00:00,87.0,88.0,,0.0,0.0,0.0,-0.73,-0.178,0.721,,0.0,0.0,0.0,,,,,0.0,0.0,30.0,0.0,0.0,0.0,88.0,36.5,0
62393,SO-0602,Constable Dinesh Chaudhary,Constable,39,2026-07-28 10:20:41+00:00,91.0,88.0,,0.0,0.0,0.0,-0.794,-0.093,0.642,,0.0,0.0,0.0,,,,,0.0,0.0,30.0,0.0,0.0,0.0,88.0,36.5,2
62396,SO-0602,Constable Dinesh Chaudhary,Constable,39,2026-07-28 10:21:11+00:00,86.0,88.0,,0.0,0.0,0.0,-0.704,-0.107,0.696,,0.0,0.0,0.0,,,,,0.0,0.0,30.0,0.0,0.0,0.0,88.0,36.5,0
62399,SO-0602,Constable Dinesh Chaudhary,Constable,39,2026-07-28 10:21:41+00:00,83.0,88.0,,0.0,0.0,0.0,-0.816,-0.136,0.634,,0.0,0.0,0.0,,,,,0.0,0.0,30.0,0.0,0.0,0.0,88.0,36.5,0
62402,SO-0602,Constable Dinesh Chaudhary,Constable,39,2026-07-28 10:22:11+00:00,88.0,86.0,,0.0,0.0,0.0,-0.835,-0.142,0.561,,0.0,0.0,0.0,,,,,0.0,0.0,30.0,0.0,0.0,0.0,86.0,36.5,0
62405,SO-0602,Constable Dinesh Chaudhary,Constable,39,2026-07-28 10:22:41+00:00,87.0,88.0,,0.0,0.0,0.0,-0.825,-0.079,0.6,,0.0,0.0,0.0,,,,,0.0,0.0,30.0,0.0,0.0,0.0,88.0,36.5,0
62408,SO-0602,Constable Dinesh Chaudhary,Constable,39,2026-07-28 10:23:11+00:00,84.0,88.0,,0.0,0.0,0.0,-0.708,-0.068,0.68,,0.0,0.0,0.0,,,,,0.0,0.0,30.0,0.0,0.0,0.0,88.0,36.5,0
62411,SO-0602,Constable Dinesh Chaudhary,Constable,39,2026-07-28 10:23:41+00:00,85.0,88.0,,0.0,0.0,0.0,-0.708,-0.151,0.661,,0.0,0.0,0.0,,,,,0.0,0.0,30.0,0.0,0.0,0.0,88.0,36.5,0
62414,SO-0602,Constable Dinesh Chaudhary,Constable,39,2026-07-28 10:24:11+00:00,80.0,88.0,,0.0,0.0,0.0,-0.699,-0.085,0.635,,0.0,0.0,0.0,,,,,0.0,0.0,30.0,0.0,0.0,0.0,88.0,36.5,0
62417,SO-0602,Constable Dinesh Chaudhary,Constable,39,2026-07-28 10:24:41+00:00,81.0,87.0,,0.0,0.0,0.0,-0.864,-0.042,0.611,,0.0,0.0,0.0,,,,,0.0,0.0,30.0,0.0,0.0,0.0,87.0,36.5,0
62420,SO-0602,Constable Dinesh Chaudhary,Constable,39,2026-07-28 10:25:11+00:00,83.0,85.0,,0.0,0.0,0.0,-0.825,-0.268,-0.342,,0.0,0.0,0.0,,,,,0.0,0.0,30.0,0.0,0.0,0.0,85.0,36.5,0
62423,SO-0602,Constable Dinesh Chaudhary,Constable,39,2026-07-28 10:25:41+00:00,97.0,88.0,,0.0,0.0,0.0,-0.777,0.224,0.554,,0.0,0.0,0.0,,,,,0.0,0.0,30.0,0.0,0.0,0.0,88.0,36.5,2
62426,SO-0602,Constable Dinesh Chaudhary,Constable,39,2026-07-28 10:26:11+00:00,94.0,88.0,,0.0,0.0,0.0,-0.319,-0.153,0.872,,0.0,0.0,0.0,,,,,0.0,0.0,30.0,0.0,0.0,0.0,88.0,36.5,2
62429,SO-0602,Constable Dinesh Chaudhary,Constable,39,2026-07-28 10:26:41+00:00,87.0,88.0,,0.0,0.0,0.0,-0.369,-0.004,0.921,,0.0,0.0,0.0,,,,,0.0,0.0,30.0,0.0,0.0,0.0,88.0,36.5,0
62432,SO-0602,Constable Dinesh Chaudhary,Constable,39,2026-07-28 10:27:11+00:00,100.0,88.0,,0.0,0.0,0.0,-0.322,-0.091,0.885,,0.0,0.0,0.0,,,,,0.0,0.0,30.0,0.0,0.0,0.0,88.0,36.5,2
62435,SO-0602,Constable Dinesh Chaudhary,Constable,39,2026-07-28 10:27:41+00:00,99.0,89.0,,0.0,0.0,0.0,-0.42,0.046,0.871,,0.0,0.0,0.0,,,,,0.0,0.0,30.0,0.0,0.0,0.0,89.0,36.5,2
62438,SO-0602,Constable Dinesh Chaudhary,Constable,39,2026-07-28 10:28:11+00:00,98.0,88.0,,0.0,0.0,0.0,-0.261,-0.062,1.063,,0.0,0.0,0.0,,,,,0.0,0.0,30.0,0.0,0.0,0.0,88.0,36.5,2
62441,SO-0602,Constable Dinesh Chaudhary,Constable,39,2026-07-28 10:28:41+00:00,93.0,88.0,,0.0,0.0,0.0,-0.329,-0.017,1.062,,0.0,0.0,0.0,,,,,0.0,0.0,30.0,0.0,0.0,0.0,88.0,36.5,2
62444,SO-0602,Constable Dinesh Chaudhary,Constable,39,2026-07-28 10:29:11+00:00,94.0,88.0,,0.0,0.0,0.0,-0.301,-0.052,0.884,,0.0,0.0,0.0,,,,,0.0,0.0,30.0,0.0,0.0,0.0,88.0,36.5,2
62447,SO-0602,Constable Dinesh Chaudhary,Constable,39,2026-07-28 10:29:41+00:00,100.0,88.0,,0.0,0.0,0.0,-0.206,-0.095,0.764,,0.0,0.0,0.0,,,,,0.0,0.0,30.0,0.0,0.0,0.0,88.0,36.5,2
62450,SO-0602,Constable Dinesh Chaudhary,Constable,39,2026-07-28 10:30:11+00:00,97.0,88.0,,0.0,0.0,0.0,-1.801,-0.289,0.06,,0.0,0.0,0.0,,,,,0.0,0.0,30.0,0.0,0.0,0.0,88.0,36.5,1
62453,SO-0602,Constable Dinesh Chaudhary,Constable,39,2026-07-28 10:30:41+00:00,90.0,88.0,,0.0,0.0,0.0,-0.146,-0.038,0.638,,0.0,0.0,0.0,,,,,0.0,0.0,30.0,0.0,0.0,0.0,88.0,36.5,1
62456,SO-0602,Constable Dinesh Chaudhary,Constable,39,2026-07-28 10:31:11+00:00,87.0,88.0,,0.0,0.0,0.0,-0.642,-0.235,-0.641,,0.0,0.0,0.0,,,,,0.0,0.0,30.0,0.0,0.0,0.0,88.0,36.5,1
62459,SO-0602,Constable Dinesh Chaudhary,Constable,39,2026-07-28 10:31:41+00:00,88.0,86.0,,0.0,0.0,0.0,-0.24,-0.551,0.82,,0.0,0.0,0.0,,,,,0.0,0.0,30.0,0.0,0.0,0.0,86.0,36.5,1
62462,SO-0602,Constable Dinesh Chaudhary,Constable,39,2026-07-28 10:32:11+00:00,97.0,88.0,,0.0,0.0,0.0,-0.832,-0.009,0.309,,0.0,0.0,0.0,,,,,0.0,0.0,30.0,0.0,0.0,0.0,88.0,36.5,1
62465,SO-0602,Constable Dinesh Chaudhary,Constable,39,2026-07-28 10:32:41+00:00,85.0,88.0,,0.0,0.0,0.0,-0.816,-0.572,0.031,,0.0,0.0,0.0,,,,,0.0,0.0,30.0,0.0,0.0,0.0,88.0,36.5,0
62468,SO-0602,Constable Dinesh Chaudhary,Constable,39,2026-07-28 10:33:11+00:00,93.0,88.0,,0.0,0.0,0.0,-0.823,-0.509,-0.307,,0.0,0.0,0.0,,,,,0.0,0.0,30.0,0.0,0.0,0.0,88.0,36.5,2
62471,SO-0602,Constable Dinesh Chaudhary,Constable,39,2026-07-28 10:33:41+00:00,84.0,88.0,,0.0,0.0,0.0,-0.796,0.145,0.52,,0.0,0.0,0.0,,,,,0.0,0.0,30.0,0.0,0.0,0.0,88.0,36.5,0
62474,SO-0602,Constable Dinesh Chaudhary,Constable,39,2026-07-28 10:34:11+00:00,84.0,88.0,,0.0,0.0,0.0,-0.776,0.136,0.369,,0.0,0.0,0.0,,,,,0.0,0.0,30.0,0.0,0.0,0.0,88.0,36.5,0
62477,SO-0602,Constable Dinesh Chaudhary,Constable,39,2026-07-28 10:34:41+00:00,84.0,88.0,,0.0,0.0,0.0,-0.77,-0.003,0.622,,0.0,0.0,0.0,,,,,0.0,0.0,30.0,0.0,0.0,0.0,88.0,36.5,0
62480,SO-0602,Constable Dinesh Chaudhary,Constable,39,2026-07-28 10:35:11+00:00,81.0,88.0,,0.0,0.0,0.0,-0.806,-0.014,0.647,,0.0,0.0,0.0,,,,,0.0,0.0,30.0,0.0,0.0,0.0,88.0,36.5,0
62483,SO-0602,Constable Dinesh Chaudhary,Constable,39,2026-07-28 10:35:41+00:00,84.0,88.0,,0.0,0.0,0.0,-0.795,-0.035,0.519,,0.0,0.0,0.0,,,,,0.0,0.0,30.0,0.0,0.0,0.0,88.0,36.5,0
62486,SO-0602,Constable Dinesh Chaudhary,Constable,39,2026-07-28 10:36:11+00:00,89.0,88.0,,0.0,0.0,0.0,-0.524,0.1,0.703,,0.0,0.0,0.0,,,,,0.0,0.0,30.0,0.0,0.0,0.0,88.0,36.5,0
62489,SO-0602,Constable Dinesh Chaudhary,Constable,39,2026-07-28 10:36:41+00:00,84.0,88.0,,0.0,0.0,0.0,-0.716,-0.015,0.493,,0.0,0.0,0.0,,,,,0.0,0.0,30.0,0.0,0.0,0.0,88.0,36.5,0
62492,SO-0602,Constable Dinesh Chaudhary,Constable,39,2026-07-28 10:37:11+00:00,88.0,87.0,,0.0,0.0,0.0,-0.905,0.339,0.412,,0.0,0.0,0.0,,,,,0.0,0.0,30.0,0.0,0.0,0.0,87.0,36.5,0
62495,SO-0602,Constable Dinesh Chaudhary,Constable,39,2026-07-28 10:37:41+00:00,83.0,80.0,,0.0,0.0,0.0,-0.795,-0.07,0.696,,0.0,0.0,0.0,,,,,0.0,0.0,30.0,0.0,0.0,0.0,80.0,36.5,0
62498,SO-0602,Constable Dinesh Chaudhary,Constable,39,2026-07-28 10:38:11+00:00,93.0,87.0,,0.0,0.0,0.0,-0.778,0.232,0.663,,0.0,0.0,0.0,,,,,0.0,0.0,30.0,0.0,0.0,0.0,87.0,36.5,2
62501,SO-0602,Constable Dinesh Chaudhary,Constable,39,2026-07-28 10:38:41+00:00,87.0,74.0,,0.0,0.0,0.0,-0.743,0.073,0.617,,0.0,0.0,0.0,,,,,0.0,0.0,30.0,0.0,0.0,0.0,74.0,36.5,0
62504,SO-0602,Constable Dinesh Chaudhary,Constable,39,2026-07-28 10:39:11+00:00,83.0,88.0,,0.0,0.0,0.0,-0.752,0.032,0.68,,0.0,0.0,0.0,,,,,0.0,0.0,30.0,0.0,0.0,0.0,88.0,36.5,0
62507,SO-0602,Constable Dinesh Chaudhary,Constable,39,2026-07-28 10:39:41+00:00,88.0,83.0,,0.0,0.0,0.0,-0.83,0.011,0.625,,0.0,0.0,0.0,,,,,0.0,0.0,30.0,0.0,0.0,0.0,83.0,36.5,0
62510,SO-0602,Constable Dinesh Chaudhary,Constable,39,2026-07-28 10:40:11+00:00,82.0,88.0,,0.0,0.0,0.0,-0.921,-0.107,0.279,,0.0,0.0,0.0,,,,,0.0,0.0,30.0,0.0,0.0,0.0,88.0,36.5,0
62513,SO-0602,Constable Dinesh Chaudhary,Constable,39,2026-07-28 10:40:41+00:00,86.0,88.0,,0.0,0.0,0.0,-0.876,-0.448,-0.157,,0.0,0.0,0.0,,,,,0.0,0.0,30.0,0.0,0.0,0.0,88.0,36.5,0
62516,SO-0602,Constable Dinesh Chaudhary,Constable,39,2026-07-28 10:41:11+00:00,83.0,88.0,,0.0,0.0,0.0,-0.966,-0.396,-0.246,,0.0,0.0,0.0,,,,,0.0,0.0,30.0,0.0,0.0,0.0,88.0,36.5,0
62519,SO-0602,Constable Dinesh Chaudhary,Constable,39,2026-07-28 10:41:41+00:00,96.0,87.0,,0.0,0.0,0.0,-0.795,-0.559,-0.165,,0.0,0.0,0.0,,,,,0.0,0.0,30.0,0.0,0.0,0.0,87.0,36.5,2
62522,SO-0602,Constable Dinesh Chaudhary,Constable,39,2026-07-28 10:42:11+00:00,94.0,88.0,,0.0,0.0,0.0,-0.772,0.214,0.65,,0.0,0.0,0.0,,,,,0.0,0.0,30.0,0.0,0.0,0.0,88.0,36.5,2
62525,SO-0602,Constable Dinesh Chaudhary,Constable,39,2026-07-28 10:42:41+00:00,97.0,88.0,,0.0,0.0,0.0,-0.545,0.082,0.753,,0.0,0.0,0.0,,,,,0.0,0.0,30.0,0.0,0.0,0.0,88.0,36.5,2
62528,SO-0602,Constable Dinesh Chaudhary,Constable,39,2026-07-28 10:43:11+00:00,81.0,88.0,,0.0,0.0,0.0,-0.739,0.166,0.711,,0.0,0.0,0.0,,,,,0.0,0.0,30.0,0.0,0.0,0.0,88.0,36.5,0
62531,SO-0602,Constable Dinesh Chaudhary,Constable,39,2026-07-28 10:43:41+00:00,83.0,88.0,,0.0,0.0,0.0,-0.781,0.03,0.637,,0.0,0.0,0.0,,,,,0.0,0.0,30.0,0.0,0.0,0.0,88.0,36.5,0
62534,SO-0602,Constable Dinesh Chaudhary,Constable,39,2026-07-28 10:44:11+00:00,95.0,88.0,,0.0,0.0,0.0,-0.621,0.104,0.792,,0.0,0.0,0.0,,,,,0.0,0.0,30.0,0.0,0.0,0.0,88.0,36.5,2
62537,SO-0602,Constable Dinesh Chaudhary,Constable,39,2026-07-28 10:44:41+00:00,100.0,88.0,,0.0,0.0,0.0,-0.429,0.119,0.876,,0.0,0.0,0.0,,,,,0.0,0.0,30.0,0.0,0.0,0.0,88.0,36.5,2
62540,SO-0602,Constable Dinesh Chaudhary,Constable,39,2026-07-28 10:45:11+00:00,95.0,88.0,,0.0,0.0,0.0,-0.809,0.229,0.746,,0.0,0.0,0.0,,,,,0.0,0.0,30.0,0.0,0.0,0.0,88.0,36.5,2
62543,SO-0602,Constable Dinesh Chaudhary,Constable,39,2026-07-28 10:45:41+00:00,95.0,88.0,,0.0,0.0,0.0,-0.629,0.3,0.639,,0.0,0.0,0.0,,,,,0.0,0.0,30.0,0.0,0.0,0.0,88.0,36.5,2
62545,SO-0602,Constable Dinesh Chaudhary,Constable,39,2026-07-28 10:46:11+00:00,91.0,88.0,,0.0,0.0,0.0,-0.718,0.099,0.722,,0.0,0.0,0.0,,,,,0.0,0.0,30.0,0.0,0.0,0.0,88.0,36.5,2
62547,SO-0602,Constable Dinesh Chaudhary,Constable,39,2026-07-28 10:46:41+00:00,85.0,88.0,,0.0,0.0,0.0,-0.69,0.115,0.524,,0.0,0.0,0.0,,,,,0.0,0.0,30.0,0.0,0.0,0.0,88.0,36.5,0
62549,SO-0602,Constable Dinesh Chaudhary,Constable,39,2026-07-28 10:47:11+00:00,84.0,85.0,,0.0,0.0,0.0,-0.857,0.139,0.572,,0.0,0.0,0.0,,,,,0.0,0.0,30.0,0.0,0.0,0.0,85.0,36.5,0
62551,SO-0602,Constable Dinesh Chaudhary,Constable,39,2026-07-28 10:47:41+00:00,89.0,82.0,,0.0,0.0,0.0,-0.94,-0.068,0.774,,0.0,0.0,0.0,,,,,0.0,0.0,30.0,0.0,0.0,0.0,82.0,36.5,0
62553,SO-0602,Constable Dinesh Chaudhary,Constable,39,2026-07-28 10:48:11+00:00,91.0,88.0,,0.0,0.0,0.0,-0.817,0.111,0.282,,0.0,0.0,0.0,,,,,0.0,0.0,30.0,0.0,0.0,0.0,88.0,36.5,2
62555,SO-0602,Constable Dinesh Chaudhary,Constable,39,2026-07-28 10:48:41+00:00,94.0,88.0,,0.0,0.0,0.0,-0.687,-0.017,0.619,,0.0,0.0,0.0,,,,,0.0,0.0,30.0,0.0,0.0,0.0,88.0,36.5,2
62557,SO-0602,Constable Dinesh Chaudhary,Constable,39,2026-07-28 10:49:11+00:00,94.0,88.0,,0.0,0.0,0.0,-0.187,-0.861,0.412,,0.0,0.0,0.0,,,,,0.0,0.0,30.0,0.0,0.0,0.0,88.0,36.5,2
62559,SO-0602,Constable Dinesh Chaudhary,Constable,39,2026-07-28 10:49:41+00:00,94.0,,,0.0,0.0,0.0,-0.77,0.277,-0.414,,0.0,0.0,0.0,,,,,0.0,0.0,30.0,0.0,0.0,0.0,88.0,36.5,2
62561,SO-0602,Constable Dinesh Chaudhary,Constable,39,2026-07-28 10:50:11+00:00,89.0,88.0,,0.0,0.0,0.0,-0.785,0.148,0.522,,0.0,0.0,0.0,,,,,0.0,0.0,30.0,0.0,0.0,0.0,88.0,36.5,0
62563,SO-0602,Constable Dinesh Chaudhary,Constable,39,2026-07-28 10:50:41+00:00,83.0,84.0,,0.0,0.0,0.0,-0.568,0.03,-0.762,,0.0,0.0,0.0,,,,,0.0,0.0,30.0,0.0,0.0,0.0,84.0,36.5,0
62565,SO-0602,Constable Dinesh Chaudhary,Constable,39,2026-07-28 10:51:11+00:00,88.0,86.0,,0.0,0.0,0.0,-0.987,0.056,-0.069,,0.0,0.0,0.0,,,,,0.0,0.0,30.0,0.0,0.0,0.0,86.0,36.5,0
62567,SO-0602,Constable Dinesh Chaudhary,Constable,39,2026-07-28 10:51:41+00:00,92.0,88.0,,0.0,0.0,0.0,-0.723,0.559,0.396,,0.0,0.0,0.0,,,,,0.0,0.0,30.0,0.0,0.0,0.0,88.0,36.5,2
62569,SO-0602,Constable Dinesh Chaudhary,Constable,39,2026-07-28 10:52:11+00:00,88.0,87.0,,0.0,0.0,0.0,-0.363,-0.09,-0.951,,0.0,0.0,0.0,,,,,0.0,0.0,30.0,0.0,0.0,0.0,87.0,36.5,0
62571,SO-0602,Constable Dinesh Chaudhary,Constable,39,2026-07-28 10:52:41+00:00,92.0,87.0,,0.0,0.0,0.0,-0.628,0.257,0.87,,0.0,0.0,0.0,,,,,0.0,0.0,30.0,0.0,0.0,0.0,87.0,36.5,2
62573,SO-0602,Constable Dinesh Chaudhary,Constable,39,2026-07-28 10:53:11+00:00,94.0,88.0,,0.0,0.0,0.0,-0.423,0.325,0.987,,0.0,0.0,0.0,,,,,0.0,0.0,30.0,0.0,0.0,0.0,88.0,36.5,2
62575,SO-0602,Constable Dinesh Chaudhary,Constable,39,2026-07-28 10:53:41+00:00,92.0,88.0,,0.0,0.0,0.0,-0.403,0.313,0.862,,0.0,0.0,0.0,,,,,0.0,0.0,30.0,0.0,0.0,0.0,88.0,36.5,2
62577,SO-0602,Constable Dinesh Chaudhary,Constable,39,2026-07-28 10:54:11+00:00,92.0,88.0,,0.0,0.0,0.0,-0.276,0.608,-0.779,,0.0,0.0,0.0,,,,,0.0,0.0,30.0,0.0,0.0,0.0,88.0,36.5,2
62579,SO-0602,Constable Dinesh Chaudhary,Constable,39,2026-07-28 10:54:41+00:00,89.0,88.0,,0.0,0.0,0.0,-0.455,-0.104,-1.024,,0.0,0.0,0.0,,,,,0.0,0.0,30.0,0.0,0.0,0.0,88.0,36.5,0
62582,SO-0602,Constable Dinesh Chaudhary,Constable,39,2026-07-28 10:55:11+00:00,90.0,88.0,,0.0,0.0,0.0,-0.117,0.164,-1.004,,0.0,0.0,0.0,,,,,0.0,0.0,30.0,0.0,0.0,0.0,88.0,36.5,0
62585,SO-0602,Constable Dinesh Chaudhary,Constable,39,2026-07-28 10:55:41+00:00,89.0,87.0,,0.0,0.0,0.0,-0.186,0.429,-1.025,,0.0,0.0,0.0,,,,,0.0,0.0,30.0,0.0,0.0,0.0,87.0,36.5,0
62588,SO-0602,Constable Dinesh Chaudhary,Constable,39,2026-07-28 10:56:11+00:00,84.0,87.0,,0.0,0.0,0.0,0.179,0.507,-0.853,,0.0,0.0,0.0,,,,,0.0,0.0,30.0,0.0,0.0,0.0,87.0,36.5,0
62591,SO-0602,Constable Dinesh Chaudhary,Constable,39,2026-07-28 10:56:41+00:00,97.0,79.0,,0.0,0.0,0.0,-0.681,-0.035,-0.438,,0.0,0.0,0.0,,,,,0.0,0.0,30.0,0.0,0.0,0.0,79.0,36.5,2
62594,SO-0602,Constable Dinesh Chaudhary,Constable,39,2026-07-28 10:57:11+00:00,87.0,88.0,,0.0,0.0,0.0,-0.21,-0.496,-0.973,,0.0,0.0,0.0,,,,,0.0,0.0,30.0,0.0,0.0,0.0,88.0,36.5,0
62597,SO-0602,Constable Dinesh Chaudhary,Constable,39,2026-07-28 10:57:41+00:00,85.0,85.0,,0.0,0.0,0.0,-0.741,0.654,-0.669,,0.0,0.0,0.0,,,,,0.0,0.0,30.0,0.0,0.0,0.0,85.0,36.5,0
62600,SO-0602,Constable Dinesh Chaudhary,Constable,39,2026-07-28 10:58:11+00:00,91.0,88.0,,0.0,0.0,0.0,-0.567,0.2,-0.523,,0.0,0.0,0.0,,,,,0.0,0.0,30.0,0.0,0.0,0.0,88.0,36.5,2
62603,SO-0602,Constable Dinesh Chaudhary,Constable,39,2026-07-28 10:58:41+00:00,85.0,85.0,,0.0,0.0,0.0,-0.773,0.198,-0.608,,0.0,0.0,0.0,,,,,0.0,0.0,30.0,0.0,0.0,0.0,85.0,36.5,0
62606,SO-0602,Constable Dinesh Chaudhary,Constable,39,2026-07-28 10:59:11+00:00,90.0,86.0,,0.0,0.0,0.0,-0.652,0.102,-0.588,,0.0,0.0,0.0,,,,,0.0,0.0,30.0,0.0,0.0,0.0,86.0,36.5,0
62609,SO-0602,Constable Dinesh Chaudhary,Constable,39,2026-07-28 10:59:41+00:00,90.0,88.0,,0.0,0.0,0.0,-1.133,0.023,-0.246,,0.0,0.0,0.0,,,,,0.0,0.0,30.0,0.0,0.0,0.0,88.0,36.5,0
62612,SO-0602,Constable Dinesh Chaudhary,Constable,39,2026-07-28 11:00:11+00:00,82.0,88.0,,0.0,0.0,0.0,-1.224,0.034,-0.648,,0.0,0.0,0.0,,,,,0.0,0.0,30.0,0.0,0.0,0.0,88.0,36.5,0
62615,SO-0602,Constable Dinesh Chaudhary,Constable,39,2026-07-28 11:00:41+00:00,84.0,88.0,,0.0,0.0,0.0,-0.78,0.289,-0.124,,0.0,0.0,0.0,,,,,0.0,0.0,30.0,0.0,0.0,0.0,88.0,36.5,0
62618,SO-0602,Constable Dinesh Chaudhary,Constable,39,2026-07-28 11:01:11+00:00,86.0,88.0,,0.0,0.0,0.0,-0.931,0.123,-0.165,,0.0,0.0,0.0,,,,,0.0,0.0,30.0,0.0,0.0,0.0,88.0,36.5,0
62621,SO-0602,Constable Dinesh Chaudhary,Constable,39,2026-07-28 11:01:41+00:00,85.0,88.0,,0.0,0.0,0.0,-0.807,0.078,-0.021,,0.0,0.0,0.0,,,,,0.0,0.0,30.0,0.0,0.0,0.0,88.0,36.5,0
62624,SO-0602,Constable Dinesh Chaudhary,Constable,39,2026-07-28 11:02:11+00:00,88.0,88.0,,0.0,0.0,0.0,-0.895,0.07,-0.276,,0.0,0.0,0.0,,,,,0.0,0.0,30.0,0.0,0.0,0.0,88.0,36.5,0
62627,SO-0602,Constable Dinesh Chaudhary,Constable,39,2026-07-28 11:02:41+00:00,82.0,85.0,,0.0,0.0,0.0,-0.888,0.054,-0.271,,0.0,0.0,0.0,,,,,0.0,0.0,30.0,0.0,0.0,0.0,85.0,36.5,0
62630,SO-0602,Constable Dinesh Chaudhary,Constable,39,2026-07-28 11:03:11+00:00,83.0,88.0,,0.0,0.0,0.0,-1.107,0.094,-0.473,,0.0,0.0,0.0,,,,,0.0,0.0,30.0,0.0,0.0,0.0,88.0,36.5,0
62632,SO-0602,Constable Dinesh Chaudhary,Constable,39,2026-07-28 11:03:41+00:00,83.0,88.0,,0.0,0.0,0.0,-0.916,-0.038,-0.32,,0.0,0.0,0.0,,,,,0.0,0.0,30.0,0.0,0.0,0.0,88.0,36.5,0
62634,SO-0602,Constable Dinesh Chaudhary,Constable,39,2026-07-28 11:04:11+00:00,83.0,88.0,,0.0,0.0,0.0,-1.017,0.18,-0.442,,0.0,0.0,0.0,,,,,0.0,0.0,30.0,0.0,0.0,0.0,88.0,36.5,0
63928,SO-0602,Constable Dinesh Chaudhary,Constable,39,2026-07-29 10:55:48+00:00,86.0,86.0,,0.0,0.0,0.0,0.631,-0.124,0.878,,0.0,0.0,0.0,,,,,0.0,0.0,85897.0,0.0,0.0,0.0,86.0,36.5,0
63930,SO-0602,Constable Dinesh Chaudhary,Constable,39,2026-07-29 10:56:18+00:00,84.0,88.0,,0.0,0.0,0.0,0.745,0.292,0.584,,0.0,0.0,0.0,,,,,0.0,0.0,30.0,0.0,0.0,0.0,88.0,36.5,0
63932,SO-0602,Constable Dinesh Chaudhary,Constable,39,2026-07-29 10:56:48+00:00,95.0,85.0,,0.0,0.0,0.0,0.738,0.102,0.609,,0.0,0.0,0.0,,,,,0.0,0.0,30.0,0.0,0.0,0.0,85.0,36.5,2
63934,SO-0602,Constable Dinesh Chaudhary,Constable,39,2026-07-29 10:57:18+00:00,95.0,86.0,,0.0,0.0,0.0,0.771,0.176,0.607,,0.0,0.0,0.0,,,,,0.0,0.0,30.0,0.0,0.0,0.0,86.0,36.5,2
63936,SO-0602,Constable Dinesh Chaudhary,Constable,39,2026-07-29 10:57:48+00:00,96.0,87.0,,0.0,0.0,0.0,0.73,0.022,0.761,,0.0,0.0,0.0,,,,,0.0,0.0,30.0,0.0,0.0,0.0,87.0,36.5,2
63938,SO-0602,Constable Dinesh Chaudhary,Constable,39,2026-07-29 10:58:18+00:00,83.0,88.0,,0.0,0.0,0.0,0.71,0.082,0.692,,0.0,0.0,0.0,,,,,0.0,0.0,30.0,0.0,0.0,0.0,88.0,36.5,0
63940,SO-0602,Constable Dinesh Chaudhary,Constable,39,2026-07-29 10:58:48+00:00,82.0,88.0,,0.0,0.0,0.0,0.762,0.033,0.637,,0.0,0.0,0.0,,,,,0.0,0.0,30.0,0.0,0.0,0.0,88.0,36.5,0
63942,SO-0602,Constable Dinesh Chaudhary,Constable,39,2026-07-29 10:59:18+00:00,87.0,88.0,,0.0,0.0,0.0,0.779,0.043,0.646,,0.0,0.0,0.0,,,,,0.0,0.0,30.0,0.0,0.0,0.0,88.0,36.5,0
63944,SO-0602,Constable Dinesh Chaudhary,Constable,39,2026-07-29 10:59:48+00:00,92.0,79.0,,0.0,0.0,0.0,0.939,0.484,0.073,,0.0,0.0,0.0,,,,,0.0,0.0,30.0,0.0,0.0,0.0,79.0,36.5,2
63946,SO-0602,Constable Dinesh Chaudhary,Constable,39,2026-07-29 11:00:18+00:00,97.0,49.0,,0.0,0.0,0.0,0.593,-0.059,0.626,,0.0,0.0,0.0,,,,,0.0,0.0,30.0,0.0,0.0,0.0,49.0,36.5,2
63948,SO-0602,Constable Dinesh Chaudhary,Constable,39,2026-07-29 11:00:48+00:00,99.0,83.0,,0.0,0.0,0.0,0.566,0.538,-0.628,,0.0,0.0,0.0,,,,,0.0,0.0,30.0,0.0,0.0,0.0,83.0,36.5,2
63950,SO-0602,Constable Dinesh Chaudhary,Constable,39,2026-07-29 11:01:18+00:00,92.0,76.0,,0.0,0.0,0.0,0.516,-0.739,0.498,,0.0,0.0,0.0,,,,,0.0,0.0,30.0,0.0,0.0,0.0,76.0,36.5,2
63952,SO-0602,Constable Dinesh Chaudhary,Constable,39,2026-07-29 11:01:48+00:00,91.0,84.0,,0.0,0.0,0.0,0.187,0.122,-1.011,,0.0,0.0,0.0,,,,,0.0,0.0,30.0,0.0,0.0,0.0,84.0,36.5,2
63954,SO-0602,Constable Dinesh Chaudhary,Constable,39,2026-07-29 11:02:18+00:00,84.0,88.0,,0.0,0.0,0.0,0.858,-0.089,0.483,,0.0,0.0,0.0,,,,,0.0,0.0,30.0,0.0,0.0,0.0,88.0,36.5,0
63956,SO-0602,Constable Dinesh Chaudhary,Constable,39,2026-07-29 11:02:48+00:00,100.0,83.0,,0.0,0.0,0.0,0.439,0.898,-0.11,,0.0,0.0,0.0,,,,,0.0,0.0,30.0,0.0,0.0,0.0,83.0,36.5,2
63958,SO-0602,Constable Dinesh Chaudhary,Constable,39,2026-07-29 11:03:18+00:00,87.0,87.0,,0.0,0.0,0.0,0.449,0.846,-0.196,,0.0,0.0,0.0,,,,,0.0,0.0,30.0,0.0,0.0,0.0,87.0,36.5,0
63960,SO-0602,Constable Dinesh Chaudhary,Constable,39,2026-07-29 11:03:48+00:00,86.0,71.0,,0.0,0.0,0.0,1.234,0.032,-0.145,,0.0,0.0,0.0,,,,,0.0,0.0,30.0,0.0,0.0,0.0,71.0,36.5,0
63962,SO-0602,Constable Dinesh Chaudhary,Constable,39,2026-07-29 11:04:18+00:00,89.0,87.0,,0.0,0.0,0.0,0.451,0.883,-0.092,,0.0,0.0,0.0,,,,,0.0,0.0,30.0,0.0,0.0,0.0,87.0,36.5,0
63964,SO-0602,Constable Dinesh Chaudhary,Constable,39,2026-07-29 11:04:48+00:00,86.0,86.0,,0.0,0.0,0.0,0.47,0.879,-0.005,,0.0,0.0,0.0,,,,,0.0,0.0,30.0,0.0,0.0,0.0,86.0,36.5,0
63966,SO-0602,Constable Dinesh Chaudhary,Constable,39,2026-07-29 11:05:18+00:00,91.0,87.0,,0.0,0.0,0.0,-0.052,0.946,0.315,,0.0,0.0,0.0,,,,,0.0,0.0,30.0,0.0,0.0,0.0,87.0,36.5,2
63968,SO-0602,Constable Dinesh Chaudhary,Constable,39,2026-07-29 11:05:48+00:00,85.0,86.0,,0.0,0.0,0.0,0.615,-0.028,0.777,,0.0,0.0,0.0,,,,,0.0,0.0,30.0,0.0,0.0,0.0,86.0,36.5,0
63970,SO-0602,Constable Dinesh Chaudhary,Constable,39,2026-07-29 11:06:18+00:00,82.0,86.0,,0.0,0.0,0.0,0.791,-0.318,0.576,,0.0,0.0,0.0,,,,,0.0,0.0,30.0,0.0,0.0,0.0,86.0,36.5,0
63972,SO-0602,Constable Dinesh Chaudhary,Constable,39,2026-07-29 11:06:48+00:00,98.0,72.0,,0.0,0.0,0.0,0.675,-0.578,0.437,,0.0,0.0,0.0,,,,,0.0,0.0,30.0,0.0,0.0,0.0,72.0,36.5,2
63974,SO-0602,Constable Dinesh Chaudhary,Constable,39,2026-07-29 11:07:18+00:00,88.0,87.0,,0.0,0.0,0.0,0.666,-0.59,0.434,,0.0,0.0,0.0,,,,,0.0,0.0,30.0,0.0,0.0,0.0,87.0,36.5,0
63976,SO-0602,Constable Dinesh Chaudhary,Constable,39,2026-07-29 11:07:48+00:00,100.0,74.0,,0.0,0.0,0.0,0.477,-0.785,0.2,,0.0,0.0,0.0,,,,,0.0,0.0,30.0,0.0,0.0,0.0,74.0,36.5,2
63978,SO-0602,Constable Dinesh Chaudhary,Constable,39,2026-07-29 11:08:18+00:00,89.0,87.0,,0.0,0.0,0.0,0.087,-0.917,0.255,,0.0,0.0,0.0,,,,,0.0,0.0,30.0,0.0,0.0,0.0,87.0,36.5,0
63980,SO-0602,Constable Dinesh Chaudhary,Constable,39,2026-07-29 11:08:48+00:00,95.0,82.0,,0.0,0.0,0.0,-0.015,0.447,0.299,,0.0,0.0,0.0,,,,,0.0,0.0,30.0,0.0,0.0,0.0,82.0,36.5,2
63982,SO-0602,Constable Dinesh Chaudhary,Constable,39,2026-07-29 11:09:18+00:00,100.0,86.0,,0.0,0.0,0.0,0.833,-0.366,0.427,,0.0,0.0,0.0,,,,,0.0,0.0,30.0,0.0,0.0,0.0,86.0,36.5,2
63984,SO-0602,Constable Dinesh Chaudhary,Constable,39,2026-07-29 11:09:48+00:00,99.0,83.0,,0.0,0.0,0.0,0.406,-0.788,0.502,,0.0,0.0,0.0,,,,,0.0,0.0,30.0,0.0,0.0,0.0,83.0,36.5,2
63986,SO-0602,Constable Dinesh Chaudhary,Constable,39,2026-07-29 11:10:18+00:00,100.0,86.0,,0.0,0.0,0.0,-0.117,-0.953,0.081,,0.0,0.0,0.0,,,,,0.0,0.0,30.0,0.0,0.0,0.0,86.0,36.5,2
63988,SO-0602,Constable Dinesh Chaudhary,Constable,39,2026-07-29 11:10:48+00:00,88.0,88.0,,0.0,0.0,0.0,0.278,0.014,0.923,,0.0,0.0,0.0,,,,,0.0,0.0,30.0,0.0,0.0,0.0,88.0,36.5,0
63990,SO-0602,Constable Dinesh Chaudhary,Constable,39,2026-07-29 11:11:18+00:00,92.0,88.0,,0.0,0.0,0.0,0.417,0.033,0.929,,0.0,0.0,0.0,,,,,0.0,0.0,30.0,0.0,0.0,0.0,88.0,36.5,2
63992,SO-0602,Constable Dinesh Chaudhary,Constable,39,2026-07-29 11:11:48+00:00,97.0,82.0,,0.0,0.0,0.0,0.78,-0.196,-0.644,,0.0,0.0,0.0,,,,,0.0,0.0,30.0,0.0,0.0,0.0,82.0,36.5,2
63994,SO-0602,Constable Dinesh Chaudhary,Constable,39,2026-07-29 11:12:18+00:00,83.0,88.0,,0.0,0.0,0.0,0.793,-0.49,0.313,,0.0,0.0,0.0,,,,,0.0,0.0,30.0,0.0,0.0,0.0,88.0,36.5,0
63996,SO-0602,Constable Dinesh Chaudhary,Constable,39,2026-07-29 11:12:48+00:00,84.0,88.0,,0.0,0.0,0.0,0.293,0.951,0.13,,0.0,0.0,0.0,,,,,0.0,0.0,30.0,0.0,0.0,0.0,88.0,36.5,0
63998,SO-0602,Constable Dinesh Chaudhary,Constable,39,2026-07-29 11:13:18+00:00,97.0,88.0,,0.0,0.0,0.0,0.848,-0.422,0.297,,0.0,0.0,0.0,,,,,0.0,0.0,30.0,0.0,0.0,0.0,88.0,36.5,2
64000,SO-0602,Constable Dinesh Chaudhary,Constable,39,2026-07-29 11:13:48+00:00,100.0,88.0,,0.0,0.0,0.0,0.627,-0.22,0.723,,0.0,0.0,0.0,,,,,0.0,0.0,30.0,0.0,0.0,0.0,88.0,36.5,2
64002,SO-0602,Constable Dinesh Chaudhary,Constable,39,2026-07-29 11:14:18+00:00,96.0,88.0,,0.0,0.0,0.0,0.036,1.004,0.01,,0.0,0.0,0.0,,,,,0.0,0.0,30.0,0.0,0.0,0.0,88.0,36.5,2
64004,SO-0602,Constable Dinesh Chaudhary,Constable,39,2026-07-29 11:14:48+00:00,89.0,84.0,,0.0,0.0,0.0,0.825,-0.455,0.285,,0.0,0.0,0.0,,,,,0.0,0.0,30.0,0.0,0.0,0.0,84.0,36.5,0
64006,SO-0602,Constable Dinesh Chaudhary,Constable,39,2026-07-29 11:15:18+00:00,89.0,84.0,,0.0,0.0,0.0,0.85,-0.368,0.357,,0.0,0.0,0.0,,,,,0.0,0.0,30.0,0.0,0.0,0.0,84.0,36.5,0
64008,SO-0602,Constable Dinesh Chaudhary,Constable,39,2026-07-29 11:15:48+00:00,89.0,87.0,,0.0,0.0,0.0,0.851,-0.036,0.537,,0.0,0.0,0.0,,,,,0.0,0.0,30.0,0.0,0.0,0.0,87.0,36.5,0
64010,SO-0602,Constable Dinesh Chaudhary,Constable,39,2026-07-29 11:16:18+00:00,99.0,83.0,,0.0,0.0,0.0,0.717,-0.007,0.594,,0.0,0.0,0.0,,,,,0.0,0.0,30.0,0.0,0.0,0.0,83.0,36.5,2
64012,SO-0602,Constable Dinesh Chaudhary,Constable,39,2026-07-29 11:16:48+00:00,95.0,86.0,,0.0,0.0,0.0,0.345,0.022,0.927,,0.0,0.0,0.0,,,,,0.0,0.0,30.0,0.0,0.0,0.0,86.0,36.5,2
64014,SO-0602,Constable Dinesh Chaudhary,Constable,39,2026-07-29 11:17:18+00:00,95.0,88.0,,0.0,0.0,0.0,0.8,0.448,0.383,,0.0,0.0,0.0,,,,,0.0,0.0,30.0,0.0,0.0,0.0,88.0,36.5,2
64017,SO-0602,Constable Dinesh Chaudhary,Constable,39,2026-07-29 11:17:48+00:00,89.0,84.0,,0.0,0.0,0.0,0.599,0.159,-0.795,,0.0,0.0,0.0,,,,,0.0,0.0,30.0,0.0,0.0,0.0,84.0,36.5,0
64020,SO-0602,Constable Dinesh Chaudhary,Constable,39,2026-07-29 11:18:18+00:00,100.0,85.0,,0.0,0.0,0.0,0.708,0.083,0.698,,0.0,0.0,0.0,,,,,0.0,0.0,30.0,0.0,0.0,0.0,85.0,36.5,2
64023,SO-0602,Constable Dinesh Chaudhary,Constable,39,2026-07-29 11:18:48+00:00,91.0,86.0,,0.0,0.0,0.0,0.499,0.076,0.823,,0.0,0.0,0.0,,,,,0.0,0.0,30.0,0.0,0.0,0.0,86.0,36.5,2
64026,SO-0602,Constable Dinesh Chaudhary,Constable,39,2026-07-29 11:19:18+00:00,91.0,87.0,,0.0,0.0,0.0,1.247,0.168,0.988,,0.0,0.0,0.0,,,,,0.0,0.0,30.0,0.0,0.0,0.0,87.0,36.5,2
64029,SO-0602,Constable Dinesh Chaudhary,Constable,39,2026-07-29 11:19:48+00:00,94.0,84.0,,0.0,0.0,0.0,0.701,0.146,-0.702,,0.0,0.0,0.0,,,,,0.0,0.0,30.0,0.0,0.0,0.0,84.0,36.5,2
64032,SO-0602,Constable Dinesh Chaudhary,Constable,39,2026-07-29 11:20:18+00:00,81.0,87.0,,0.0,0.0,0.0,0.877,0.149,-0.463,,0.0,0.0,0.0,,,,,0.0,0.0,30.0,0.0,0.0,0.0,87.0,36.5,0
64035,SO-0602,Constable Dinesh Chaudhary,Constable,39,2026-07-29 11:20:48+00:00,81.0,87.0,,0.0,0.0,0.0,0.868,0.163,-0.481,,0.0,0.0,0.0,,,,,0.0,0.0,30.0,0.0,0.0,0.0,87.0,36.5,0
64038,SO-0602,Constable Dinesh Chaudhary,Constable,39,2026-07-29 11:21:18+00:00,92.0,84.0,,0.0,0.0,0.0,0.899,0.147,-0.468,,0.0,0.0,0.0,,,,,0.0,0.0,30.0,0.0,0.0,0.0,84.0,36.5,2
64041,SO-0602,Constable Dinesh Chaudhary,Constable,39,2026-07-29 11:21:48+00:00,89.0,74.0,,0.0,0.0,0.0,0.822,0.779,0.283,,0.0,0.0,0.0,,,,,0.0,0.0,30.0,0.0,0.0,0.0,74.0,36.5,0
64044,SO-0602,Constable Dinesh Chaudhary,Constable,39,2026-07-29 11:22:18+00:00,86.0,86.0,,0.0,0.0,0.0,0.936,0.334,0.041,,0.0,0.0,0.0,,,,,0.0,0.0,30.0,0.0,0.0,0.0,86.0,36.5,0
64047,SO-0602,Constable Dinesh Chaudhary,Constable,39,2026-07-29 11:22:48+00:00,100.0,71.0,,0.0,0.0,0.0,0.944,0.131,-0.17,,0.0,0.0,0.0,,,,,0.0,0.0,30.0,0.0,0.0,0.0,71.0,36.5,2
64050,SO-0602,Constable Dinesh Chaudhary,Constable,39,2026-07-29 11:23:18+00:00,97.0,87.0,,0.0,0.0,0.0,0.786,-0.344,0.506,,0.0,0.0,0.0,,,,,0.0,0.0,30.0,0.0,0.0,0.0,87.0,36.5,2
64053,SO-0602,Constable Dinesh Chaudhary,Constable,39,2026-07-29 11:23:48+00:00,92.0,86.0,,0.0,0.0,0.0,0.635,0.199,0.735,,0.0,0.0,0.0,,,,,0.0,0.0,30.0,0.0,0.0,0.0,86.0,36.5,2
64056,SO-0602,Constable Dinesh Chaudhary,Constable,39,2026-07-29 11:24:18+00:00,100.0,84.0,,0.0,0.0,0.0,0.518,0.128,0.807,,0.0,0.0,0.0,,,,,0.0,0.0,30.0,0.0,0.0,0.0,84.0,36.5,2
64059,SO-0602,Constable Dinesh Chaudhary,Constable,39,2026-07-29 11:24:48+00:00,83.0,88.0,,0.0,0.0,0.0,0.429,0.086,0.894,,0.0,0.0,0.0,,,,,0.0,0.0,30.0,0.0,0.0,0.0,88.0,36.5,0
64062,SO-0602,Constable Dinesh Chaudhary,Constable,39,2026-07-29 11:25:18+00:00,94.0,87.0,,0.0,0.0,0.0,0.491,0.128,0.834,,0.0,0.0,0.0,,,,,0.0,0.0,30.0,0.0,0.0,0.0,87.0,36.5,2
64065,SO-0602,Constable Dinesh Chaudhary,Constable,39,2026-07-29 11:25:48+00:00,100.0,86.0,,0.0,0.0,0.0,0.531,0.315,0.771,,0.0,0.0,0.0,,,,,0.0,0.0,30.0,0.0,0.0,0.0,86.0,36.5,2
64068,SO-0602,Constable Dinesh Chaudhary,Constable,39,2026-07-29 11:26:18+00:00,93.0,82.0,,0.0,0.0,0.0,0.661,-0.372,0.636,,0.0,0.0,0.0,,,,,0.0,0.0,30.0,0.0,0.0,0.0,82.0,36.5,2
64071,SO-0602,Constable Dinesh Chaudhary,Constable,39,2026-07-29 11:26:48+00:00,95.0,83.0,,0.0,0.0,0.0,0.74,0.073,0.667,,0.0,0.0,0.0,,,,,0.0,0.0,30.0,0.0,0.0,0.0,83.0,36.5,2
64074,SO-0602,Constable Dinesh Chaudhary,Constable,39,2026-07-29 11:27:18+00:00,90.0,83.0,,0.0,0.0,0.0,0.605,0.027,0.785,,0.0,0.0,0.0,,,,,0.0,0.0,30.0,0.0,0.0,0.0,83.0,36.5,0
64077,SO-0602,Constable Dinesh Chaudhary,Constable,39,2026-07-29 11:27:48+00:00,100.0,88.0,,0.0,0.0,0.0,0.52,0.171,0.784,,0.0,0.0,0.0,,,,,0.0,0.0,30.0,0.0,0.0,0.0,88.0,36.5,2
64080,SO-0602,Constable Dinesh Chaudhary,Constable,39,2026-07-29 11:28:18+00:00,93.0,86.0,,0.0,0.0,0.0,0.485,0.117,0.861,,0.0,0.0,0.0,,,,,0.0,0.0,30.0,0.0,0.0,0.0,86.0,36.5,2
64083,SO-0602,Constable Dinesh Chaudhary,Constable,39,2026-07-29 11:28:48+00:00,96.0,88.0,,0.0,0.0,0.0,0.074,0.283,0.872,,0.0,0.0,0.0,,,,,0.0,0.0,30.0,0.0,0.0,0.0,88.0,36.5,2
64086,SO-0602,Constable Dinesh Chaudhary,Constable,39,2026-07-29 11:29:18+00:00,100.0,86.0,,0.0,0.0,0.0,0.549,0.141,0.82,,0.0,0.0,0.0,,,,,0.0,0.0,30.0,0.0,0.0,0.0,86.0,36.5,2
64089,SO-0602,Constable Dinesh Chaudhary,Constable,39,2026-07-29 11:29:48+00:00,100.0,74.0,,0.0,0.0,0.0,0.477,0.112,0.858,,0.0,0.0,0.0,,,,,0.0,0.0,30.0,0.0,0.0,0.0,74.0,36.5,2
64092,SO-0602,Constable Dinesh Chaudhary,Constable,39,2026-07-29 11:30:18+00:00,86.0,81.0,,0.0,0.0,0.0,0.566,0.135,0.805,,0.0,0.0,0.0,,,,,0.0,0.0,30.0,0.0,0.0,0.0,81.0,36.5,0
64095,SO-0602,Constable Dinesh Chaudhary,Constable,39,2026-07-29 11:30:48+00:00,86.0,,,0.0,0.0,0.0,0.548,0.124,0.817,,0.0,0.0,0.0,,,,,0.0,0.0,30.0,0.0,0.0,0.0,81.0,36.5,0
64098,SO-0602,Constable Dinesh Chaudhary,Constable,39,2026-07-29 11:31:18+00:00,100.0,79.0,,0.0,0.0,0.0,0.75,-0.135,0.673,,0.0,0.0,0.0,,,,,0.0,0.0,30.0,0.0,0.0,0.0,79.0,36.5,2
64101,SO-0602,Constable Dinesh Chaudhary,Constable,39,2026-07-29 11:31:48+00:00,93.0,86.0,,0.0,0.0,0.0,0.11,0.094,0.987,,0.0,0.0,0.0,,,,,0.0,0.0,30.0,0.0,0.0,0.0,86.0,36.5,2
64104,SO-0602,Constable Dinesh Chaudhary,Constable,39,2026-07-29 11:32:18+00:00,83.0,86.0,,0.0,0.0,0.0,0.329,0.015,0.934,,0.0,0.0,0.0,,,,,0.0,0.0,30.0,0.0,0.0,0.0,86.0,36.5,0
64107,SO-0602,Constable Dinesh Chaudhary,Constable,39,2026-07-29 11:32:48+00:00,91.0,87.0,,0.0,0.0,0.0,0.707,0.037,0.686,,0.0,0.0,0.0,,,,,0.0,0.0,30.0,0.0,0.0,0.0,87.0,36.5,2
64109,SO-0602,Constable Dinesh Chaudhary,Constable,39,2026-07-29 11:33:18+00:00,94.0,83.0,,0.0,0.0,0.0,0.893,-0.047,-0.503,,0.0,0.0,0.0,,,,,0.0,0.0,30.0,0.0,0.0,0.0,83.0,36.5,2
64111,SO-0602,Constable Dinesh Chaudhary,Constable,39,2026-07-29 11:33:48+00:00,100.0,69.0,,0.0,0.0,0.0,0.973,0.167,-0.18,,0.0,0.0,0.0,,,,,0.0,0.0,30.0,0.0,0.0,0.0,69.0,36.5,2
64113,SO-0602,Constable Dinesh Chaudhary,Constable,39,2026-07-29 11:34:18+00:00,82.0,71.0,,0.0,0.0,0.0,0.652,0.123,0.723,,0.0,0.0,0.0,,,,,0.0,0.0,30.0,0.0,0.0,0.0,71.0,36.5,0
64115,SO-0602,Constable Dinesh Chaudhary,Constable,39,2026-07-29 11:34:48+00:00,81.0,84.0,,0.0,0.0,0.0,0.569,0.071,0.809,,0.0,0.0,0.0,,,,,0.0,0.0,30.0,0.0,0.0,0.0,84.0,36.5,0
64117,SO-0602,Constable Dinesh Chaudhary,Constable,39,2026-07-29 11:35:18+00:00,93.0,86.0,,0.0,0.0,0.0,0.501,-0.01,0.866,,0.0,0.0,0.0,,,,,0.0,0.0,30.0,0.0,0.0,0.0,86.0,36.5,2
64119,SO-0602,Constable Dinesh Chaudhary,Constable,39,2026-07-29 11:35:48+00:00,89.0,87.0,,0.0,0.0,0.0,0.773,0.01,0.599,,0.0,0.0,0.0,,,,,0.0,0.0,30.0,0.0,0.0,0.0,87.0,36.5,0
64122,SO-0602,Constable Dinesh Chaudhary,Constable,39,2026-07-29 11:36:18+00:00,87.0,88.0,,0.0,0.0,0.0,0.775,0.024,0.624,,0.0,0.0,0.0,,,,,0.0,0.0,30.0,0.0,0.0,0.0,88.0,36.5,0
64125,SO-0602,Constable Dinesh Chaudhary,Constable,39,2026-07-29 11:36:48+00:00,83.0,88.0,,0.0,0.0,0.0,0.85,-0.029,0.53,,0.0,0.0,0.0,,,,,0.0,0.0,30.0,0.0,0.0,0.0,88.0,36.5,0
64128,SO-0602,Constable Dinesh Chaudhary,Constable,39,2026-07-29 11:37:18+00:00,81.0,88.0,,0.0,0.0,0.0,0.789,-0.024,0.569,,0.0,0.0,0.0,,,,,0.0,0.0,30.0,0.0,0.0,0.0,88.0,36.5,0
64131,SO-0602,Constable Dinesh Chaudhary,Constable,39,2026-07-29 11:37:48+00:00,89.0,88.0,,0.0,0.0,0.0,0.794,-0.029,0.557,,0.0,0.0,0.0,,,,,0.0,0.0,30.0,0.0,0.0,0.0,88.0,36.5,0
64134,SO-0602,Constable Dinesh Chaudhary,Constable,39,2026-07-29 11:38:18+00:00,98.0,76.0,,0.0,0.0,0.0,0.795,0.253,-0.5,,0.0,0.0,0.0,,,,,0.0,0.0,30.0,0.0,0.0,0.0,76.0,36.5,2
64137,SO-0602,Constable Dinesh Chaudhary,Constable,39,2026-07-29 11:38:48+00:00,84.0,83.0,,0.0,0.0,0.0,1.002,-0.022,-0.073,,0.0,0.0,0.0,,,,,0.0,0.0,30.0,0.0,0.0,0.0,83.0,36.5,0
64140,SO-0602,Constable Dinesh Chaudhary,Constable,39,2026-07-29 11:39:18+00:00,92.0,87.0,,0.0,0.0,0.0,0.246,-0.724,0.624,,0.0,0.0,0.0,,,,,0.0,0.0,30.0,0.0,0.0,0.0,87.0,36.5,2
64143,SO-0602,Constable Dinesh Chaudhary,Constable,39,2026-07-29 11:39:48+00:00,86.0,88.0,,0.0,0.0,0.0,0.25,-0.715,0.626,,0.0,0.0,0.0,,,,,0.0,0.0,30.0,0.0,0.0,0.0,88.0,36.5,0
64146,SO-0602,Constable Dinesh Chaudhary,Constable,39,2026-07-29 11:40:18+00:00,88.0,,,0.0,0.0,0.0,0.253,-0.713,0.642,,0.0,0.0,0.0,,,,,0.0,0.0,30.0,0.0,0.0,0.0,88.0,36.5,0
64149,SO-0602,Constable Dinesh Chaudhary,Constable,39,2026-07-29 11:40:48+00:00,98.0,85.0,,0.0,0.0,0.0,0.999,0.001,-0.103,,0.0,0.0,0.0,,,,,0.0,0.0,30.0,0.0,0.0,0.0,85.0,36.5,2
64151,SO-0602,Constable Dinesh Chaudhary,Constable,39,2026-07-29 11:41:18+00:00,89.0,73.0,,0.0,0.0,0.0,0.904,0.041,-0.468,,0.0,0.0,0.0,,,,,0.0,0.0,30.0,0.0,0.0,0.0,73.0,36.5,0
64154,SO-0602,Constable Dinesh Chaudhary,Constable,39,2026-07-29 11:41:48+00:00,98.0,87.0,,0.0,0.0,0.0,0.159,0.627,0.694,,0.0,0.0,0.0,,,,,0.0,0.0,30.0,0.0,0.0,0.0,87.0,36.5,2
64156,SO-0602,Constable Dinesh Chaudhary,Constable,39,2026-07-29 11:42:18+00:00,98.0,87.0,,0.0,0.0,0.0,0.984,0.04,-0.025,,0.0,0.0,0.0,,,,,0.0,0.0,30.0,0.0,0.0,0.0,87.0,36.5,2
64158,SO-0602,Constable Dinesh Chaudhary,Constable,39,2026-07-29 11:42:48+00:00,97.0,83.0,,0.0,0.0,0.0,0.783,-0.003,0.58,,0.0,0.0,0.0,,,,,0.0,0.0,30.0,0.0,0.0,0.0,83.0,36.5,2
64160,SO-0602,Constable Dinesh Chaudhary,Constable,39,2026-07-29 11:43:18+00:00,93.0,88.0,,0.0,0.0,0.0,0.464,-0.677,0.546,,0.0,0.0,0.0,,,,,0.0,0.0,30.0,0.0,0.0,0.0,88.0,36.5,2
64162,SO-0602,Constable Dinesh Chaudhary,Constable,39,2026-07-29 11:43:48+00:00,100.0,85.0,,0.0,0.0,0.0,-0.456,-0.226,0.824,,0.0,0.0,0.0,,,,,0.0,0.0,30.0,0.0,0.0,0.0,85.0,36.5,2
64163,SO-0602,Constable Dinesh Chaudhary,Constable,39,2026-07-29 11:44:18+00:00,97.0,88.0,,0.0,0.0,0.0,1.027,-0.162,0.569,,0.0,0.0,0.0,,,,,0.0,0.0,30.0,0.0,0.0,0.0,88.0,36.5,2
64164,SO-0602,Constable Dinesh Chaudhary,Constable,39,2026-07-29 11:44:48+00:00,100.0,87.0,,0.0,0.0,0.0,0.422,-0.848,0.297,,0.0,0.0,0.0,,,,,0.0,0.0,30.0,0.0,0.0,0.0,87.0,36.5,2
64165,SO-0602,Constable Dinesh Chaudhary,Constable,39,2026-07-29 11:45:18+00:00,85.0,79.0,,0.0,0.0,0.0,1.171,0.182,-0.076,,0.0,0.0,0.0,,,,,0.0,0.0,30.0,0.0,0.0,0.0,79.0,36.5,0
64166,SO-0602,Constable Dinesh Chaudhary,Constable,39,2026-07-29 11:45:48+00:00,83.0,66.0,,0.0,0.0,0.0,0.942,-0.069,-0.359,,0.0,0.0,0.0,,,,,0.0,0.0,30.0,0.0,0.0,0.0,66.0,36.5,0
64167,SO-0602,Constable Dinesh Chaudhary,Constable,39,2026-07-29 11:46:18+00:00,100.0,88.0,,0.0,0.0,0.0,0.998,0.119,-0.059,,0.0,0.0,0.0,,,,,0.0,0.0,30.0,0.0,0.0,0.0,88.0,36.5,2
64168,SO-0602,Constable Dinesh Chaudhary,Constable,39,2026-07-29 11:46:48+00:00,92.0,87.0,,0.0,0.0,0.0,0.519,-0.725,0.429,,0.0,0.0,0.0,,,,,0.0,0.0,30.0,0.0,0.0,0.0,87.0,36.5,2
64169,SO-0602,Constable Dinesh Chaudhary,Constable,39,2026-07-29 11:47:18+00:00,100.0,86.0,,0.0,0.0,0.0,1.231,-0.078,-0.356,,0.0,0.0,0.0,,,,,0.0,0.0,30.0,0.0,0.0,0.0,86.0,36.5,2
64171,SO-0602,Constable Dinesh Chaudhary,Constable,39,2026-07-29 11:47:48+00:00,82.0,88.0,,0.0,0.0,0.0,0.947,-0.031,0.301,,0.0,0.0,0.0,,,,,0.0,0.0,30.0,0.0,0.0,0.0,88.0,36.5,0
70865,SO-0602,Constable Dinesh Chaudhary,Constable,39,2026-07-31 16:07:36+00:00,84.0,72.0,,0.0,0.0,0.0,-0.723,0.361,-0.437,,0.0,0.0,0.0,,,,,0.0,0.0,188388.0,0.0,0.0,0.0,72.0,36.5,0
70868,SO-0602,Constable Dinesh Chaudhary,Constable,39,2026-07-31 16:08:06+00:00,85.0,87.0,,0.0,0.0,0.0,-0.811,-0.13,0.657,,0.0,0.0,0.0,,,,,0.0,0.0,30.0,0.0,0.0,0.0,87.0,36.5,0
70871,SO-0602,Constable Dinesh Chaudhary,Constable,39,2026-07-31 16:08:36+00:00,92.0,88.0,,0.0,0.0,0.0,-0.327,0.281,0.74,,0.0,0.0,0.0,,,,,0.0,0.0,30.0,0.0,0.0,0.0,88.0,36.5,2
70874,SO-0602,Constable Dinesh Chaudhary,Constable,39,2026-07-31 16:09:06+00:00,92.0,87.0,,0.0,0.0,0.0,-0.641,0.281,0.726,,0.0,0.0,0.0,,,,,0.0,0.0,30.0,0.0,0.0,0.0,87.0,36.5,2
70877,SO-0602,Constable Dinesh Chaudhary,Constable,39,2026-07-31 16:09:36+00:00,98.0,88.0,,0.0,0.0,0.0,-0.813,0.15,0.799,,0.0,0.0,0.0,,,,,0.0,0.0,30.0,0.0,0.0,0.0,88.0,36.5,2
70880,SO-0602,Constable Dinesh Chaudhary,Constable,39,2026-07-31 16:10:06+00:00,85.0,88.0,,0.0,0.0,0.0,-0.778,0.079,0.617,,0.0,0.0,0.0,,,,,0.0,0.0,30.0,0.0,0.0,0.0,88.0,36.5,0
70883,SO-0602,Constable Dinesh Chaudhary,Constable,39,2026-07-31 16:10:36+00:00,99.0,86.0,,0.0,0.0,0.0,-0.881,0.18,0.419,,0.0,0.0,0.0,,,,,0.0,0.0,30.0,0.0,0.0,0.0,86.0,36.5,2
70886,SO-0602,Constable Dinesh Chaudhary,Constable,39,2026-07-31 16:11:06+00:00,96.0,88.0,,0.0,0.0,0.0,-0.967,0.278,0.427,,0.0,0.0,0.0,,,,,0.0,0.0,30.0,0.0,0.0,0.0,88.0,36.5,2
70889,SO-0602,Constable Dinesh Chaudhary,Constable,39,2026-07-31 16:11:36+00:00,84.0,88.0,,0.0,0.0,0.0,-0.3,0.289,0.772,,0.0,0.0,0.0,,,,,0.0,0.0,30.0,0.0,0.0,0.0,88.0,36.5,0
70892,SO-0602,Constable Dinesh Chaudhary,Constable,39,2026-07-31 16:12:06+00:00,92.0,88.0,,0.0,0.0,0.0,-0.865,0.22,0.445,,0.0,0.0,0.0,,,,,0.0,0.0,30.0,0.0,0.0,0.0,88.0,36.5,2
70895,SO-0602,Constable Dinesh Chaudhary,Constable,39,2026-07-31 16:12:36+00:00,85.0,88.0,,0.0,0.0,0.0,-0.45,0.2,0.742,,0.0,0.0,0.0,,,,,0.0,0.0,30.0,0.0,0.0,0.0,88.0,36.5,0
70898,SO-0602,Constable Dinesh Chaudhary,Constable,39,2026-07-31 16:13:06+00:00,100.0,87.0,,0.0,0.0,0.0,-0.81,0.113,0.559,,0.0,0.0,0.0,,,,,0.0,0.0,30.0,0.0,0.0,0.0,87.0,36.5,2
70901,SO-0602,Constable Dinesh Chaudhary,Constable,39,2026-07-31 16:13:36+00:00,86.0,88.0,,0.0,0.0,0.0,-0.65,0.282,0.802,,0.0,0.0,0.0,,,,,0.0,0.0,30.0,0.0,0.0,0.0,88.0,36.5,0
70904,SO-0602,Constable Dinesh Chaudhary,Constable,39,2026-07-31 16:14:06+00:00,88.0,89.0,,0.0,0.0,0.0,-0.797,0.244,0.544,,0.0,0.0,0.0,,,,,0.0,0.0,30.0,0.0,0.0,0.0,89.0,36.5,0
70907,SO-0602,Constable Dinesh Chaudhary,Constable,39,2026-07-31 16:14:36+00:00,95.0,88.0,,0.0,0.0,0.0,-0.87,-0.141,0.439,,0.0,0.0,0.0,,,,,0.0,0.0,30.0,0.0,0.0,0.0,88.0,36.5,2
70910,SO-0602,Constable Dinesh Chaudhary,Constable,39,2026-07-31 16:15:06+00:00,90.0,87.0,,0.0,0.0,0.0,-0.911,-0.175,0.351,,0.0,0.0,0.0,,,,,0.0,0.0,30.0,0.0,0.0,0.0,87.0,36.5,0
70913,SO-0602,Constable Dinesh Chaudhary,Constable,39,2026-07-31 16:15:36+00:00,89.0,88.0,,0.0,0.0,0.0,-1.028,0.062,-0.054,,0.0,0.0,0.0,,,,,0.0,0.0,30.0,0.0,0.0,0.0,88.0,36.5,0
70916,SO-0602,Constable Dinesh Chaudhary,Constable,39,2026-07-31 16:16:06+00:00,88.0,87.0,,0.0,0.0,0.0,-0.851,0.291,0.419,,0.0,0.0,0.0,,,,,0.0,0.0,30.0,0.0,0.0,0.0,87.0,36.5,0
70919,SO-0602,Constable Dinesh Chaudhary,Constable,39,2026-07-31 16:16:36+00:00,96.0,88.0,,0.0,0.0,0.0,-0.95,-0.026,-0.286,,0.0,0.0,0.0,,,,,0.0,0.0,30.0,0.0,0.0,0.0,88.0,36.5,2
70922,SO-0602,Constable Dinesh Chaudhary,Constable,39,2026-07-31 16:17:06+00:00,90.0,88.0,,0.0,0.0,0.0,-0.665,0.305,0.673,,0.0,0.0,0.0,,,,,0.0,0.0,30.0,0.0,0.0,0.0,88.0,36.5,0
70925,SO-0602,Constable Dinesh Chaudhary,Constable,39,2026-07-31 16:17:36+00:00,87.0,88.0,,0.0,0.0,0.0,-0.841,0.266,0.455,,0.0,0.0,0.0,,,,,0.0,0.0,30.0,0.0,0.0,0.0,88.0,36.5,0
70928,SO-0602,Constable Dinesh Chaudhary,Constable,39,2026-07-31 16:18:06+00:00,91.0,88.0,,0.0,0.0,0.0,-0.989,-0.097,-0.073,,0.0,0.0,0.0,,,,,0.0,0.0,30.0,0.0,0.0,0.0,88.0,36.5,2
70931,SO-0602,Constable Dinesh Chaudhary,Constable,39,2026-07-31 16:18:36+00:00,91.0,83.0,,0.0,0.0,0.0,-0.92,-0.127,0.34,,0.0,0.0,0.0,,,,,0.0,0.0,30.0,0.0,0.0,0.0,83.0,36.5,2
70934,SO-0602,Constable Dinesh Chaudhary,Constable,39,2026-07-31 16:19:06+00:00,93.0,88.0,,0.0,0.0,0.0,-0.761,-0.107,0.639,,0.0,0.0,0.0,,,,,0.0,0.0,30.0,0.0,0.0,0.0,88.0,36.5,2
70937,SO-0602,Constable Dinesh Chaudhary,Constable,39,2026-07-31 16:19:36+00:00,93.0,88.0,,0.0,0.0,0.0,0.174,0.798,1.475,,0.0,0.0,0.0,,,,,0.0,0.0,30.0,0.0,0.0,0.0,88.0,36.5,2
70940,SO-0602,Constable Dinesh Chaudhary,Constable,39,2026-07-31 16:20:06+00:00,91.0,88.0,,0.0,0.0,0.0,-0.977,-0.151,0.098,,0.0,0.0,0.0,,,,,0.0,0.0,30.0,0.0,0.0,0.0,88.0,36.5,2
70943,SO-0602,Constable Dinesh Chaudhary,Constable,39,2026-07-31 16:20:36+00:00,95.0,86.0,,0.0,0.0,0.0,-0.981,-0.037,0.012,,0.0,0.0,0.0,,,,,0.0,0.0,30.0,0.0,0.0,0.0,86.0,36.5,2
70946,SO-0602,Constable Dinesh Chaudhary,Constable,39,2026-07-31 16:21:06+00:00,91.0,86.0,,0.0,0.0,0.0,-0.823,0.426,0.336,,0.0,0.0,0.0,,,,,0.0,0.0,30.0,0.0,0.0,0.0,86.0,36.5,2
70949,SO-0602,Constable Dinesh Chaudhary,Constable,39,2026-07-31 16:21:36+00:00,84.0,87.0,,0.0,0.0,0.0,-0.868,0.282,0.3,,0.0,0.0,0.0,,,,,0.0,0.0,30.0,0.0,0.0,0.0,87.0,36.5,0
70952,SO-0602,Constable Dinesh Chaudhary,Constable,39,2026-07-31 16:22:06+00:00,88.0,88.0,,0.0,0.0,0.0,-0.913,0.389,0.117,,0.0,0.0,0.0,,,,,0.0,0.0,30.0,0.0,0.0,0.0,88.0,36.5,0
70955,SO-0602,Constable Dinesh Chaudhary,Constable,39,2026-07-31 16:22:36+00:00,89.0,88.0,,0.0,0.0,0.0,-1.143,0.392,0.002,,0.0,0.0,0.0,,,,,0.0,0.0,30.0,0.0,0.0,0.0,88.0,36.5,0
70958,SO-0602,Constable Dinesh Chaudhary,Constable,39,2026-07-31 16:23:06+00:00,89.0,88.0,,0.0,0.0,0.0,-0.875,0.404,0.243,,0.0,0.0,0.0,,,,,0.0,0.0,30.0,0.0,0.0,0.0,88.0,36.5,0
70961,SO-0602,Constable Dinesh Chaudhary,Constable,39,2026-07-31 16:23:36+00:00,87.0,88.0,,0.0,0.0,0.0,-0.891,0.403,0.163,,0.0,0.0,0.0,,,,,0.0,0.0,30.0,0.0,0.0,0.0,88.0,36.5,0
70964,SO-0602,Constable Dinesh Chaudhary,Constable,39,2026-07-31 16:24:06+00:00,90.0,88.0,,0.0,0.0,0.0,-0.927,0.385,0.079,,0.0,0.0,0.0,,,,,0.0,0.0,30.0,0.0,0.0,0.0,88.0,36.5,0
70968,SO-0602,Constable Dinesh Chaudhary,Constable,39,2026-07-31 16:24:36+00:00,88.0,87.0,,0.0,0.0,0.0,-0.903,0.375,0.181,,0.0,0.0,0.0,,,,,0.0,0.0,30.0,0.0,0.0,0.0,87.0,36.5,0
70972,SO-0602,Constable Dinesh Chaudhary,Constable,39,2026-07-31 16:25:06+00:00,99.0,88.0,,0.0,0.0,0.0,-0.898,0.385,0.146,,0.0,0.0,0.0,,,,,0.0,0.0,30.0,0.0,0.0,0.0,88.0,36.5,2
70976,SO-0602,Constable Dinesh Chaudhary,Constable,39,2026-07-31 16:25:36+00:00,80.0,88.0,,0.0,0.0,0.0,-0.724,0.552,0.396,,0.0,0.0,0.0,,,,,0.0,0.0,30.0,0.0,0.0,0.0,88.0,36.5,0
70980,SO-0602,Constable Dinesh Chaudhary,Constable,39,2026-07-31 16:26:06+00:00,91.0,87.0,,0.0,0.0,0.0,-0.906,0.382,0.094,,0.0,0.0,0.0,,,,,0.0,0.0,30.0,0.0,0.0,0.0,87.0,36.5,2
70984,SO-0602,Constable Dinesh Chaudhary,Constable,39,2026-07-31 16:26:36+00:00,93.0,88.0,,0.0,0.0,0.0,-0.941,0.31,0.078,,0.0,0.0,0.0,,,,,0.0,0.0,30.0,0.0,0.0,0.0,88.0,36.5,2
70988,SO-0602,Constable Dinesh Chaudhary,Constable,39,2026-07-31 16:27:06+00:00,94.0,88.0,,0.0,0.0,0.0,-0.858,0.307,0.372,,0.0,0.0,0.0,,,,,0.0,0.0,30.0,0.0,0.0,0.0,88.0,36.5,2
70992,SO-0602,Constable Dinesh Chaudhary,Constable,39,2026-07-31 16:27:36+00:00,91.0,88.0,,0.0,0.0,0.0,-0.901,0.368,0.174,,0.0,0.0,0.0,,,,,0.0,0.0,30.0,0.0,0.0,0.0,88.0,36.5,2
70996,SO-0602,Constable Dinesh Chaudhary,Constable,39,2026-07-31 16:28:06+00:00,96.0,77.0,,0.0,0.0,0.0,-0.893,-0.181,0.414,,0.0,0.0,0.0,,,,,0.0,0.0,30.0,0.0,0.0,0.0,77.0,36.5,2
71000,SO-0602,Constable Dinesh Chaudhary,Constable,39,2026-07-31 16:28:36+00:00,99.0,84.0,,0.0,0.0,0.0,-0.651,-0.64,-0.454,,0.0,0.0,0.0,,,,,0.0,0.0,30.0,0.0,0.0,0.0,84.0,36.5,2
71004,SO-0602,Constable Dinesh Chaudhary,Constable,39,2026-07-31 16:29:06+00:00,90.0,88.0,,0.0,0.0,0.0,-0.975,-0.042,-0.223,,0.0,0.0,0.0,,,,,0.0,0.0,30.0,0.0,0.0,0.0,88.0,36.5,0
71008,SO-0602,Constable Dinesh Chaudhary,Constable,39,2026-07-31 16:29:36+00:00,100.0,87.0,,0.0,0.0,0.0,-0.808,0.486,0.353,,0.0,0.0,0.0,,,,,0.0,0.0,30.0,0.0,0.0,0.0,87.0,36.5,2
71012,SO-0602,Constable Dinesh Chaudhary,Constable,39,2026-07-31 16:30:06+00:00,89.0,88.0,,0.0,0.0,0.0,-0.987,0.048,-0.11,,0.0,0.0,0.0,,,,,0.0,0.0,30.0,0.0,0.0,0.0,88.0,36.5,0
71016,SO-0602,Constable Dinesh Chaudhary,Constable,39,2026-07-31 16:30:36+00:00,92.0,87.0,,0.0,0.0,0.0,-0.956,0.017,-0.323,,0.0,0.0,0.0,,,,,0.0,0.0,30.0,0.0,0.0,0.0,87.0,36.5,2
71020,SO-0602,Constable Dinesh Chaudhary,Constable,39,2026-07-31 16:31:06+00:00,89.0,88.0,,0.0,0.0,0.0,-0.743,-0.36,-0.773,,0.0,0.0,0.0,,,,,0.0,0.0,30.0,0.0,0.0,0.0,88.0,36.5,0
71024,SO-0602,Constable Dinesh Chaudhary,Constable,39,2026-07-31 16:31:36+00:00,85.0,88.0,,0.0,0.0,0.0,-0.827,0.483,0.28,,0.0,0.0,0.0,,,,,0.0,0.0,30.0,0.0,0.0,0.0,88.0,36.5,0
71028,SO-0602,Constable Dinesh Chaudhary,Constable,39,2026-07-31 16:32:06+00:00,85.0,88.0,,0.0,0.0,0.0,-1.963,0.309,0.709,,0.0,0.0,0.0,,,,,0.0,0.0,30.0,0.0,0.0,0.0,88.0,36.5,1
71032,SO-0602,Constable Dinesh Chaudhary,Constable,39,2026-07-31 16:32:36+00:00,92.0,83.0,,0.0,0.0,0.0,-0.601,0.354,0.621,,0.0,0.0,0.0,,,,,0.0,0.0,30.0,0.0,0.0,0.0,83.0,36.5,1
71036,SO-0602,Constable Dinesh Chaudhary,Constable,39,2026-07-31 16:33:06+00:00,92.0,87.0,,0.0,0.0,0.0,-0.826,0.534,0.143,,0.0,0.0,0.0,,,,,0.0,0.0,30.0,0.0,0.0,0.0,87.0,36.5,1
71039,SO-0602,Constable Dinesh Chaudhary,Constable,39,2026-07-31 16:33:36+00:00,91.0,88.0,,0.0,0.0,0.0,-0.712,-0.141,-0.723,,0.0,0.0,0.0,,,,,0.0,0.0,30.0,0.0,0.0,0.0,88.0,36.5,1
71042,SO-0602,Constable Dinesh Chaudhary,Constable,39,2026-07-31 16:34:06+00:00,90.0,88.0,,0.0,0.0,0.0,-0.745,0.628,0.181,,0.0,0.0,0.0,,,,,0.0,0.0,30.0,0.0,0.0,0.0,88.0,36.5,1
71045,SO-0602,Constable Dinesh Chaudhary,Constable,39,2026-07-31 16:34:36+00:00,85.0,88.0,,0.0,0.0,0.0,-0.402,-0.093,-0.934,,0.0,0.0,0.0,,,,,0.0,0.0,30.0,0.0,0.0,0.0,88.0,36.5,0
71048,SO-0602,Constable Dinesh Chaudhary,Constable,39,2026-07-31 16:35:06+00:00,93.0,87.0,,0.0,0.0,0.0,-0.916,0.366,0.161,,0.0,0.0,0.0,,,,,0.0,0.0,30.0,0.0,0.0,0.0,87.0,36.5,2
71051,SO-0602,Constable Dinesh Chaudhary,Constable,39,2026-07-31 16:35:36+00:00,83.0,87.0,,0.0,0.0,0.0,-0.548,0.757,0.327,,0.0,0.0,0.0,,,,,0.0,0.0,30.0,0.0,0.0,0.0,87.0,36.5,0
71054,SO-0602,Constable Dinesh Chaudhary,Constable,39,2026-07-31 16:36:06+00:00,94.0,88.0,,0.0,0.0,0.0,-0.692,0.03,-0.707,,0.0,0.0,0.0,,,,,0.0,0.0,30.0,0.0,0.0,0.0,88.0,36.5,2
71058,SO-0602,Constable Dinesh Chaudhary,Constable,39,2026-07-31 16:36:36+00:00,100.0,88.0,,0.0,0.0,0.0,-0.877,0.333,0.273,,0.0,0.0,0.0,,,,,0.0,0.0,30.0,0.0,0.0,0.0,88.0,36.5,2
71062,SO-0602,Constable Dinesh Chaudhary,Constable,39,2026-07-31 16:37:06+00:00,91.0,88.0,,0.0,0.0,0.0,-0.879,0.325,0.203,,0.0,0.0,0.0,,,,,0.0,0.0,30.0,0.0,0.0,0.0,88.0,36.5,2
71066,SO-0602,Constable Dinesh Chaudhary,Constable,39,2026-07-31 16:37:36+00:00,90.0,88.0,,0.0,0.0,0.0,-0.928,0.289,0.152,,0.0,0.0,0.0,,,,,0.0,0.0,30.0,0.0,0.0,0.0,88.0,36.5,0
71070,SO-0602,Constable Dinesh Chaudhary,Constable,39,2026-07-31 16:38:06+00:00,98.0,88.0,,0.0,0.0,0.0,-1.252,0.358,0.187,,0.0,0.0,0.0,,,,,0.0,0.0,30.0,0.0,0.0,0.0,88.0,36.5,2
71074,SO-0602,Constable Dinesh Chaudhary,Constable,39,2026-07-31 16:38:36+00:00,90.0,88.0,,0.0,0.0,0.0,-0.912,0.332,0.191,,0.0,0.0,0.0,,,,,0.0,0.0,30.0,0.0,0.0,0.0,88.0,36.5,0
71078,SO-0602,Constable Dinesh Chaudhary,Constable,39,2026-07-31 16:39:06+00:00,87.0,88.0,,0.0,0.0,0.0,-0.62,-0.02,-0.808,,0.0,0.0,0.0,,,,,0.0,0.0,30.0,0.0,0.0,0.0,88.0,36.5,0
71082,SO-0602,Constable Dinesh Chaudhary,Constable,39,2026-07-31 16:39:36+00:00,94.0,88.0,,0.0,0.0,0.0,-1.019,0.152,0.441,,0.0,0.0,0.0,,,,,0.0,0.0,30.0,0.0,0.0,0.0,88.0,36.5,2
71086,SO-0602,Constable Dinesh Chaudhary,Constable,39,2026-07-31 16:40:06+00:00,95.0,88.0,,0.0,0.0,0.0,-0.928,0.233,0.261,,0.0,0.0,0.0,,,,,0.0,0.0,30.0,0.0,0.0,0.0,88.0,36.5,2
71090,SO-0602,Constable Dinesh Chaudhary,Constable,39,2026-07-31 16:40:36+00:00,90.0,88.0,,0.0,0.0,0.0,-0.93,0.31,0.138,,0.0,0.0,0.0,,,,,0.0,0.0,30.0,0.0,0.0,0.0,88.0,36.5,0
71094,SO-0602,Constable Dinesh Chaudhary,Constable,39,2026-07-31 16:41:06+00:00,94.0,83.0,,0.0,0.0,0.0,-0.93,-0.007,0.322,,0.0,0.0,0.0,,,,,0.0,0.0,30.0,0.0,0.0,0.0,83.0,36.5,2
71098,SO-0602,Constable Dinesh Chaudhary,Constable,39,2026-07-31 16:41:36+00:00,94.0,88.0,,0.0,0.0,0.0,-1.13,0.285,0.264,,0.0,0.0,0.0,,,,,0.0,0.0,30.0,0.0,0.0,0.0,88.0,36.5,2
71102,SO-0602,Constable Dinesh Chaudhary,Constable,39,2026-07-31 16:42:06+00:00,93.0,88.0,,0.0,0.0,0.0,-0.928,0.386,0.248,,0.0,0.0,0.0,,,,,0.0,0.0,30.0,0.0,0.0,0.0,88.0,36.5,2
71106,SO-0602,Constable Dinesh Chaudhary,Constable,39,2026-07-31 16:42:36+00:00,95.0,88.0,,0.0,0.0,0.0,-0.952,0.323,0.038,,0.0,0.0,0.0,,,,,0.0,0.0,30.0,0.0,0.0,0.0,88.0,36.5,2
71110,SO-0602,Constable Dinesh Chaudhary,Constable,39,2026-07-31 16:43:06+00:00,88.0,88.0,,0.0,0.0,0.0,-0.98,0.354,0.064,,0.0,0.0,0.0,,,,,0.0,0.0,30.0,0.0,0.0,0.0,88.0,36.5,0
71114,SO-0602,Constable Dinesh Chaudhary,Constable,39,2026-07-31 16:43:36+00:00,92.0,89.0,,0.0,0.0,0.0,-0.834,0.167,0.558,,0.0,0.0,0.0,,,,,0.0,0.0,30.0,0.0,0.0,0.0,89.0,36.5,2
71118,SO-0602,Constable Dinesh Chaudhary,Constable,39,2026-07-31 16:44:06+00:00,92.0,88.0,,0.0,0.0,0.0,-0.854,0.429,0.461,,0.0,0.0,0.0,,,,,0.0,0.0,30.0,0.0,0.0,0.0,88.0,36.5,2
71122,SO-0602,Constable Dinesh Chaudhary,Constable,39,2026-07-31 16:44:36+00:00,92.0,82.0,,0.0,0.0,0.0,-0.936,0.352,0.099,,0.0,0.0,0.0,,,,,0.0,0.0,30.0,0.0,0.0,0.0,82.0,36.5,2
71126,SO-0602,Constable Dinesh Chaudhary,Constable,39,2026-07-31 16:45:06+00:00,93.0,87.0,,0.0,0.0,0.0,-0.904,0.358,0.147,,0.0,0.0,0.0,,,,,0.0,0.0,30.0,0.0,0.0,0.0,87.0,36.5,2
71130,SO-0602,Constable Dinesh Chaudhary,Constable,39,2026-07-31 16:45:36+00:00,94.0,88.0,,0.0,0.0,0.0,-0.798,0.444,0.208,,0.0,0.0,0.0,,,,,0.0,0.0,30.0,0.0,0.0,0.0,88.0,36.5,2
71134,SO-0602,Constable Dinesh Chaudhary,Constable,39,2026-07-31 16:46:06+00:00,95.0,88.0,,0.0,0.0,0.0,-0.827,0.358,0.426,,0.0,0.0,0.0,,,,,0.0,0.0,30.0,0.0,0.0,0.0,88.0,36.5,2
71138,SO-0602,Constable Dinesh Chaudhary,Constable,39,2026-07-31 16:46:36+00:00,92.0,88.0,,0.0,0.0,0.0,-0.917,0.38,0.091,,0.0,0.0,0.0,,,,,0.0,0.0,30.0,0.0,0.0,0.0,88.0,36.5,2
71142,SO-0602,Constable Dinesh Chaudhary,Constable,39,2026-07-31 16:47:06+00:00,93.0,85.0,,0.0,0.0,0.0,-0.745,0.589,0.276,,0.0,0.0,0.0,,,,,0.0,0.0,30.0,0.0,0.0,0.0,85.0,36.5,2
71146,SO-0602,Constable Dinesh Chaudhary,Constable,39,2026-07-31 16:47:36+00:00,88.0,88.0,,0.0,0.0,0.0,-0.988,-0.048,-0.055,,0.0,0.0,0.0,,,,,0.0,0.0,30.0,0.0,0.0,0.0,88.0,36.5,0
71150,SO-0602,Constable Dinesh Chaudhary,Constable,39,2026-07-31 16:48:06+00:00,90.0,88.0,,0.0,0.0,0.0,-0.692,-0.282,-0.684,,0.0,0.0,0.0,,,,,0.0,0.0,30.0,0.0,0.0,0.0,88.0,36.5,0
71154,SO-0602,Constable Dinesh Chaudhary,Constable,39,2026-07-31 16:48:36+00:00,96.0,84.0,,0.0,0.0,0.0,-0.629,0.707,0.297,,0.0,0.0,0.0,,,,,0.0,0.0,30.0,0.0,0.0,0.0,84.0,36.5,2
71158,SO-0602,Constable Dinesh Chaudhary,Constable,39,2026-07-31 16:49:06+00:00,91.0,86.0,,0.0,0.0,0.0,-0.678,0.698,0.208,,0.0,0.0,0.0,,,,,0.0,0.0,30.0,0.0,0.0,0.0,86.0,36.5,2
71162,SO-0602,Constable Dinesh Chaudhary,Constable,39,2026-07-31 16:49:36+00:00,93.0,88.0,,0.0,0.0,0.0,-0.918,-0.037,0.369,,0.0,0.0,0.0,,,,,0.0,0.0,30.0,0.0,0.0,0.0,88.0,36.5,2
71165,SO-0602,Constable Dinesh Chaudhary,Constable,39,2026-07-31 16:50:06+00:00,97.0,88.0,,0.0,0.0,0.0,-0.438,0.879,-0.105,,0.0,0.0,0.0,,,,,0.0,0.0,30.0,0.0,0.0,0.0,88.0,36.5,2
71168,SO-0602,Constable Dinesh Chaudhary,Constable,39,2026-07-31 16:50:36+00:00,86.0,76.0,,0.0,0.0,0.0,-0.616,-0.392,-0.834,,0.0,0.0,0.0,,,,,0.0,0.0,30.0,0.0,0.0,0.0,76.0,36.5,0
71171,SO-0602,Constable Dinesh Chaudhary,Constable,39,2026-07-31 16:51:06+00:00,91.0,88.0,,0.0,0.0,0.0,-0.89,-0.26,0.333,,0.0,0.0,0.0,,,,,0.0,0.0,30.0,0.0,0.0,0.0,88.0,36.5,2
71174,SO-0602,Constable Dinesh Chaudhary,Constable,39,2026-07-31 16:51:36+00:00,97.0,87.0,,0.0,0.0,0.0,-1.009,-0.043,0.062,,0.0,0.0,0.0,,,,,0.0,0.0,30.0,0.0,0.0,0.0,87.0,36.5,2
71177,SO-0602,Constable Dinesh Chaudhary,Constable,39,2026-07-31 16:52:06+00:00,93.0,88.0,,0.0,0.0,0.0,-0.923,0.379,-0.02,,0.0,0.0,0.0,,,,,0.0,0.0,30.0,0.0,0.0,0.0,88.0,36.5,2
71180,SO-0602,Constable Dinesh Chaudhary,Constable,39,2026-07-31 16:52:36+00:00,93.0,88.0,,0.0,0.0,0.0,-0.908,0.408,0.06,,0.0,0.0,0.0,,,,,0.0,0.0,30.0,0.0,0.0,0.0,88.0,36.5,2
71183,SO-0602,Constable Dinesh Chaudhary,Constable,39,2026-07-31 16:53:06+00:00,95.0,87.0,,0.0,0.0,0.0,-0.98,-0.134,-0.133,,0.0,0.0,0.0,,,,,0.0,0.0,30.0,0.0,0.0,0.0,87.0,36.5,2
71186,SO-0602,Constable Dinesh Chaudhary,Constable,39,2026-07-31 16:53:36+00:00,93.0,88.0,,0.0,0.0,0.0,-0.882,0.436,0.471,,0.0,0.0,0.0,,,,,0.0,0.0,30.0,0.0,0.0,0.0,88.0,36.5,2
71189,SO-0602,Constable Dinesh Chaudhary,Constable,39,2026-07-31 16:54:06+00:00,92.0,88.0,,0.0,0.0,0.0,-0.862,0.349,0.495,,0.0,0.0,0.0,,,,,0.0,0.0,30.0,0.0,0.0,0.0,88.0,36.5,2
71192,SO-0602,Constable Dinesh Chaudhary,Constable,39,2026-07-31 16:54:36+00:00,100.0,88.0,,0.0,0.0,0.0,-0.958,0.267,0.041,,0.0,0.0,0.0,,,,,0.0,0.0,30.0,0.0,0.0,0.0,88.0,36.5,2
71195,SO-0602,Constable Dinesh Chaudhary,Constable,39,2026-07-31 16:55:06+00:00,96.0,88.0,,0.0,0.0,0.0,-0.956,0.27,0.061,,0.0,0.0,0.0,,,,,0.0,0.0,30.0,0.0,0.0,0.0,88.0,36.5,2
71198,SO-0602,Constable Dinesh Chaudhary,Constable,39,2026-07-31 16:55:36+00:00,95.0,88.0,,0.0,0.0,0.0,-1.322,0.261,0.094,,0.0,0.0,0.0,,,,,0.0,0.0,30.0,0.0,0.0,0.0,88.0,36.5,2
71201,SO-0602,Constable Dinesh Chaudhary,Constable,39,2026-07-31 16:56:06+00:00,94.0,88.0,,0.0,0.0,0.0,-0.901,0.31,0.296,,0.0,0.0,0.0,,,,,0.0,0.0,30.0,0.0,0.0,0.0,88.0,36.5,2
71205,SO-0602,Constable Dinesh Chaudhary,Constable,39,2026-07-31 16:56:36+00:00,96.0,88.0,,0.0,0.0,0.0,-0.974,-0.102,0.066,,0.0,0.0,0.0,,,,,0.0,0.0,30.0,0.0,0.0,0.0,88.0,36.5,2
71209,SO-0602,Constable Dinesh Chaudhary,Constable,39,2026-07-31 16:57:06+00:00,86.0,87.0,,0.0,0.0,0.0,-0.984,-0.111,0.113,,0.0,0.0,0.0,,,,,0.0,0.0,30.0,0.0,0.0,0.0,87.0,36.5,0
71212,SO-0602,Constable Dinesh Chaudhary,Constable,39,2026-07-31 16:57:36+00:00,94.0,86.0,,0.0,0.0,0.0,-0.432,-0.145,-0.913,,0.0,0.0,0.0,,,,,0.0,0.0,30.0,0.0,0.0,0.0,86.0,36.5,2
71215,SO-0602,Constable Dinesh Chaudhary,Constable,39,2026-07-31 16:58:06+00:00,86.0,88.0,,0.0,0.0,0.0,-0.69,-0.068,-0.76,,0.0,0.0,0.0,,,,,0.0,0.0,30.0,0.0,0.0,0.0,88.0,36.5,0
71218,SO-0602,Constable Dinesh Chaudhary,Constable,39,2026-07-31 16:58:36+00:00,82.0,88.0,,0.0,0.0,0.0,-0.757,0.004,-0.673,,0.0,0.0,0.0,,,,,0.0,0.0,30.0,0.0,0.0,0.0,88.0,36.5,0
71221,SO-0602,Constable Dinesh Chaudhary,Constable,39,2026-07-31 16:59:06+00:00,91.0,88.0,,0.0,0.0,0.0,-0.692,-0.067,-0.724,,0.0,0.0,0.0,,,,,0.0,0.0,30.0,0.0,0.0,0.0,88.0,36.5,2
71225,SO-0602,Constable Dinesh Chaudhary,Constable,39,2026-07-31 16:59:36+00:00,89.0,88.0,,0.0,0.0,0.0,-0.729,-0.05,-0.715,,0.0,0.0,0.0,,,,,0.0,0.0,30.0,0.0,0.0,0.0,88.0,36.5,0
71229,SO-0602,Constable Dinesh Chaudhary,Constable,39,2026-07-31 17:00:06+00:00,86.0,88.0,,0.0,0.0,0.0,-0.706,-0.068,-0.727,,0.0,0.0,0.0,,,,,0.0,0.0,30.0,0.0,0.0,0.0,88.0,36.5,0
71233,SO-0602,Constable Dinesh Chaudhary,Constable,39,2026-07-31 17:00:36+00:00,91.0,88.0,,0.0,0.0,0.0,-0.645,-0.078,-0.782,,0.0,0.0,0.0,,,,,0.0,0.0,30.0,0.0,0.0,0.0,88.0,36.5,2
71237,SO-0602,Constable Dinesh Chaudhary,Constable,39,2026-07-31 17:01:06+00:00,93.0,88.0,,0.0,0.0,0.0,-1.004,-0.044,0.104,,0.0,0.0,0.0,,,,,0.0,0.0,30.0,0.0,0.0,0.0,88.0,36.5,2
71241,SO-0602,Constable Dinesh Chaudhary,Constable,39,2026-07-31 17:01:36+00:00,90.0,86.0,,0.0,0.0,0.0,-0.814,0.42,0.365,,0.0,0.0,0.0,,,,,0.0,0.0,30.0,0.0,0.0,0.0,86.0,36.5,0
71245,SO-0602,Constable Dinesh Chaudhary,Constable,39,2026-07-31 17:02:06+00:00,91.0,84.0,,0.0,0.0,0.0,-0.944,-0.134,0.261,,0.0,0.0,0.0,,,,,0.0,0.0,30.0,0.0,0.0,0.0,84.0,36.5,2
71249,SO-0602,Constable Dinesh Chaudhary,Constable,39,2026-07-31 17:02:36+00:00,98.0,77.0,,0.0,0.0,0.0,-0.375,0.957,0.201,,0.0,0.0,0.0,,,,,0.0,0.0,30.0,0.0,0.0,0.0,77.0,36.5,2
71253,SO-0602,Constable Dinesh Chaudhary,Constable,39,2026-07-31 17:03:06+00:00,89.0,88.0,,0.0,0.0,0.0,-0.976,0.066,-0.221,,0.0,0.0,0.0,,,,,0.0,0.0,30.0,0.0,0.0,0.0,88.0,36.5,0
71257,SO-0602,Constable Dinesh Chaudhary,Constable,39,2026-07-31 17:03:36+00:00,90.0,88.0,,0.0,0.0,0.0,-0.936,-0.066,0.323,,0.0,0.0,0.0,,,,,0.0,0.0,30.0,0.0,0.0,0.0,88.0,36.5,0
71261,SO-0602,Constable Dinesh Chaudhary,Constable,39,2026-07-31 17:04:06+00:00,95.0,79.0,,0.0,0.0,0.0,-0.864,-0.283,-0.326,,0.0,0.0,0.0,,,,,0.0,0.0,30.0,0.0,0.0,0.0,79.0,36.5,2
71265,SO-0602,Constable Dinesh Chaudhary,Constable,39,2026-07-31 17:04:36+00:00,90.0,85.0,,0.0,0.0,0.0,-0.656,-0.122,-0.474,,0.0,0.0,0.0,,,,,0.0,0.0,30.0,0.0,0.0,0.0,85.0,36.5,0
71269,SO-0602,Constable Dinesh Chaudhary,Constable,39,2026-07-31 17:05:06+00:00,89.0,86.0,,0.0,0.0,0.0,-0.888,-0.228,-0.51,,0.0,0.0,0.0,,,,,0.0,0.0,30.0,0.0,0.0,0.0,86.0,36.5,0
71273,SO-0602,Constable Dinesh Chaudhary,Constable,39,2026-07-31 17:05:36+00:00,85.0,83.0,,0.0,0.0,0.0,-0.89,-0.242,-0.412,,0.0,0.0,0.0,,,,,0.0,0.0,30.0,0.0,0.0,0.0,83.0,36.5,0
71277,SO-0602,Constable Dinesh Chaudhary,Constable,39,2026-07-31 17:06:06+00:00,97.0,88.0,,0.0,0.0,0.0,-0.781,-0.2,-0.624,,0.0,0.0,0.0,,,,,0.0,0.0,30.0,0.0,0.0,0.0,88.0,36.5,2
71281,SO-0602,Constable Dinesh Chaudhary,Constable,39,2026-07-31 17:06:36+00:00,90.0,87.0,,0.0,0.0,0.0,-0.964,-0.177,-0.207,,0.0,0.0,0.0,,,,,0.0,0.0,30.0,0.0,0.0,0.0,87.0,36.5,0
71285,SO-0602,Constable Dinesh Chaudhary,Constable,39,2026-07-31 17:07:06+00:00,95.0,88.0,,0.0,0.0,0.0,-0.991,-0.048,-0.125,,0.0,0.0,0.0,,,,,0.0,0.0,30.0,0.0,0.0,0.0,88.0,36.5,2
71289,SO-0602,Constable Dinesh Chaudhary,Constable,39,2026-07-31 17:07:36+00:00,99.0,88.0,,0.0,0.0,0.0,-0.797,0.623,0.876,,0.0,0.0,0.0,,,,,0.0,0.0,30.0,0.0,0.0,0.0,88.0,36.5,2
71293,SO-0602,Constable Dinesh Chaudhary,Constable,39,2026-07-31 17:08:06+00:00,96.0,88.0,,0.0,0.0,0.0,-1.022,-0.131,-0.013,,0.0,0.0,0.0,,,,,0.0,0.0,30.0,0.0,0.0,0.0,88.0,36.5,2
71297,SO-0602,Constable Dinesh Chaudhary,Constable,39,2026-07-31 17:08:36+00:00,92.0,76.0,,0.0,0.0,0.0,-0.29,0.803,-0.293,,0.0,0.0,0.0,,,,,0.0,0.0,30.0,0.0,0.0,0.0,76.0,36.5,2
71301,SO-0602,Constable Dinesh Chaudhary,Constable,39,2026-07-31 17:09:06+00:00,83.0,88.0,,0.0,0.0,0.0,-0.422,-0.864,-0.29,,0.0,0.0,0.0,,,,,0.0,0.0,30.0,0.0,0.0,0.0,88.0,36.5,0
71305,SO-0602,Constable Dinesh Chaudhary,Constable,39,2026-07-31 17:09:36+00:00,100.0,88.0,,0.0,0.0,0.0,-0.378,-0.749,-0.646,,0.0,0.0,0.0,,,,,0.0,0.0,30.0,0.0,0.0,0.0,88.0,36.5,2
71309,SO-0602,Constable Dinesh Chaudhary,Constable,39,2026-07-31 17:10:06+00:00,88.0,88.0,,0.0,0.0,0.0,-0.449,-0.336,-0.867,,0.0,0.0,0.0,,,,,0.0,0.0,30.0,0.0,0.0,0.0,88.0,36.5,0
71313,SO-0602,Constable Dinesh Chaudhary,Constable,39,2026-07-31 17:10:36+00:00,88.0,86.0,,0.0,0.0,0.0,-0.389,0.842,0.115,,0.0,0.0,0.0,,,,,0.0,0.0,30.0,0.0,0.0,0.0,86.0,36.5,0
71317,SO-0602,Constable Dinesh Chaudhary,Constable,39,2026-07-31 17:11:06+00:00,85.0,87.0,,0.0,0.0,0.0,-0.906,0.141,-0.413,,0.0,0.0,0.0,,,,,0.0,0.0,30.0,0.0,0.0,0.0,87.0,36.5,0
71321,SO-0602,Constable Dinesh Chaudhary,Constable,39,2026-07-31 17:11:36+00:00,91.0,89.0,,0.0,0.0,0.0,-1.074,-0.006,-0.448,,0.0,0.0,0.0,,,,,0.0,0.0,30.0,0.0,0.0,0.0,89.0,36.5,2
71325,SO-0602,Constable Dinesh Chaudhary,Constable,39,2026-07-31 17:12:06+00:00,91.0,87.0,,0.0,0.0,0.0,-0.719,-0.457,0.46,,0.0,0.0,0.0,,,,,0.0,0.0,30.0,0.0,0.0,0.0,87.0,36.5,2
71329,SO-0602,Constable Dinesh Chaudhary,Constable,39,2026-07-31 17:12:36+00:00,90.0,88.0,,0.0,0.0,0.0,-0.468,-0.292,-0.852,,0.0,0.0,0.0,,,,,0.0,0.0,30.0,0.0,0.0,0.0,88.0,36.5,0
71333,SO-0602,Constable Dinesh Chaudhary,Constable,39,2026-07-31 17:13:06+00:00,93.0,88.0,,0.0,0.0,0.0,-0.989,0.118,0.057,,0.0,0.0,0.0,,,,,0.0,0.0,30.0,0.0,0.0,0.0,88.0,36.5,2
71337,SO-0602,Constable Dinesh Chaudhary,Constable,39,2026-07-31 17:13:36+00:00,97.0,88.0,,0.0,0.0,0.0,-0.701,-0.196,0.683,,0.0,0.0,0.0,,,,,0.0,0.0,30.0,0.0,0.0,0.0,88.0,36.5,2
71341,SO-0602,Constable Dinesh Chaudhary,Constable,39,2026-07-31 17:14:06+00:00,94.0,88.0,,0.0,0.0,0.0,-0.764,-0.068,0.63,,0.0,0.0,0.0,,,,,0.0,0.0,30.0,0.0,0.0,0.0,88.0,36.5,2
71345,SO-0602,Constable Dinesh Chaudhary,Constable,39,2026-07-31 17:14:36+00:00,92.0,88.0,,0.0,0.0,0.0,-0.538,-0.085,0.809,,0.0,0.0,0.0,,,,,0.0,0.0,30.0,0.0,0.0,0.0,88.0,36.5,2
71349,SO-0602,Constable Dinesh Chaudhary,Constable,39,2026-07-31 17:15:06+00:00,92.0,88.0,,0.0,0.0,0.0,-0.782,-0.078,0.618,,0.0,0.0,0.0,,,,,0.0,0.0,30.0,0.0,0.0,0.0,88.0,36.5,2
71353,SO-0602,Constable Dinesh Chaudhary,Constable,39,2026-07-31 17:15:36+00:00,88.0,87.0,,0.0,0.0,0.0,-0.682,-0.165,-0.701,,0.0,0.0,0.0,,,,,0.0,0.0,30.0,0.0,0.0,0.0,87.0,36.5,0
71357,SO-0602,Constable Dinesh Chaudhary,Constable,39,2026-07-31 17:16:06+00:00,94.0,89.0,,0.0,0.0,0.0,-0.986,-0.132,-0.033,,0.0,0.0,0.0,,,,,0.0,0.0,30.0,0.0,0.0,0.0,89.0,36.5,2
71361,SO-0602,Constable Dinesh Chaudhary,Constable,39,2026-07-31 17:16:36+00:00,89.0,88.0,,0.0,0.0,0.0,-0.768,-0.203,-0.635,,0.0,0.0,0.0,,,,,0.0,0.0,30.0,0.0,0.0,0.0,88.0,36.5,0
71365,SO-0602,Constable Dinesh Chaudhary,Constable,39,2026-07-31 17:17:06+00:00,84.0,88.0,,0.0,0.0,0.0,-0.803,-0.196,-0.602,,0.0,0.0,0.0,,,,,0.0,0.0,30.0,0.0,0.0,0.0,88.0,36.5,0
71369,SO-0602,Constable Dinesh Chaudhary,Constable,39,2026-07-31 17:17:36+00:00,89.0,88.0,,0.0,0.0,0.0,-0.781,-0.205,-0.622,,0.0,0.0,0.0,,,,,0.0,0.0,30.0,0.0,0.0,0.0,88.0,36.5,0
71373,SO-0602,Constable Dinesh Chaudhary,Constable,39,2026-07-31 17:18:06+00:00,95.0,87.0,,0.0,0.0,0.0,-0.812,-0.182,-0.576,,0.0,0.0,0.0,,,,,0.0,0.0,30.0,0.0,0.0,0.0,87.0,36.5,2
71377,SO-0602,Constable Dinesh Chaudhary,Constable,39,2026-07-31 17:18:36+00:00,91.0,88.0,,0.0,0.0,0.0,-0.807,-0.173,-0.594,,0.0,0.0,0.0,,,,,0.0,0.0,30.0,0.0,0.0,0.0,88.0,36.5,2
71381,SO-0602,Constable Dinesh Chaudhary,Constable,39,2026-07-31 17:19:06+00:00,92.0,88.0,,0.0,0.0,0.0,-0.721,-0.07,0.673,,0.0,0.0,0.0,,,,,0.0,0.0,30.0,0.0,0.0,0.0,88.0,36.5,2
71385,SO-0602,Constable Dinesh Chaudhary,Constable,39,2026-07-31 17:19:36+00:00,90.0,88.0,,0.0,0.0,0.0,-0.549,-0.08,0.816,,0.0,0.0,0.0,,,,,0.0,0.0,30.0,0.0,0.0,0.0,88.0,36.5,0
71389,SO-0602,Constable Dinesh Chaudhary,Constable,39,2026-07-31 17:20:06+00:00,81.0,87.0,,0.0,0.0,0.0,-0.306,0.176,1.244,,0.0,0.0,0.0,,,,,0.0,0.0,30.0,0.0,0.0,0.0,87.0,36.5,0
71393,SO-0602,Constable Dinesh Chaudhary,Constable,39,2026-07-31 17:20:36+00:00,100.0,79.0,,0.0,0.0,0.0,-0.875,-0.153,-0.47,,0.0,0.0,0.0,,,,,0.0,0.0,30.0,0.0,0.0,0.0,79.0,36.5,2
71397,SO-0602,Constable Dinesh Chaudhary,Constable,39,2026-07-31 17:21:06+00:00,100.0,87.0,,0.0,0.0,0.0,-0.868,-0.145,-0.505,,0.0,0.0,0.0,,,,,0.0,0.0,30.0,0.0,0.0,0.0,87.0,36.5,2
71401,SO-0602,Constable Dinesh Chaudhary,Constable,39,2026-07-31 17:21:36+00:00,85.0,87.0,,0.0,0.0,0.0,-0.762,-0.038,0.615,,0.0,0.0,0.0,,,,,0.0,0.0,30.0,0.0,0.0,0.0,87.0,36.5,0
71405,SO-0602,Constable Dinesh Chaudhary,Constable,39,2026-07-31 17:22:06+00:00,100.0,88.0,,0.0,0.0,0.0,-0.917,-0.068,0.467,,0.0,0.0,0.0,,,,,0.0,0.0,30.0,0.0,0.0,0.0,88.0,36.5,2
71409,SO-0602,Constable Dinesh Chaudhary,Constable,39,2026-07-31 17:22:36+00:00,96.0,88.0,,0.0,0.0,0.0,-0.461,-0.115,0.836,,0.0,0.0,0.0,,,,,0.0,0.0,30.0,0.0,0.0,0.0,88.0,36.5,2
71413,SO-0602,Constable Dinesh Chaudhary,Constable,39,2026-07-31 17:23:06+00:00,82.0,88.0,,0.0,0.0,0.0,-0.676,0.01,0.704,,0.0,0.0,0.0,,,,,0.0,0.0,30.0,0.0,0.0,0.0,88.0,36.5,0
71417,SO-0602,Constable Dinesh Chaudhary,Constable,39,2026-07-31 17:23:36+00:00,91.0,88.0,,0.0,0.0,0.0,-0.662,0.003,0.739,,0.0,0.0,0.0,,,,,0.0,0.0,30.0,0.0,0.0,0.0,88.0,36.5,2
71421,SO-0602,Constable Dinesh Chaudhary,Constable,39,2026-07-31 17:24:06+00:00,82.0,88.0,,0.0,0.0,0.0,-0.97,0.113,-0.219,,0.0,0.0,0.0,,,,,0.0,0.0,30.0,0.0,0.0,0.0,88.0,36.5,0
71425,SO-0602,Constable Dinesh Chaudhary,Constable,39,2026-07-31 17:24:36+00:00,94.0,85.0,,0.0,0.0,0.0,-0.579,-0.164,-0.675,,0.0,0.0,0.0,,,,,0.0,0.0,30.0,0.0,0.0,0.0,85.0,36.5,2
71429,SO-0602,Constable Dinesh Chaudhary,Constable,39,2026-07-31 17:25:06+00:00,81.0,88.0,,0.0,0.0,0.0,-0.893,-0.156,-0.449,,0.0,0.0,0.0,,,,,0.0,0.0,30.0,0.0,0.0,0.0,88.0,36.5,0
71433,SO-0602,Constable Dinesh Chaudhary,Constable,39,2026-07-31 17:25:36+00:00,83.0,88.0,,0.0,0.0,0.0,-0.923,0.054,0.509,,0.0,0.0,0.0,,,,,0.0,0.0,30.0,0.0,0.0,0.0,88.0,36.5,0
71437,SO-0602,Constable Dinesh Chaudhary,Constable,39,2026-07-31 17:26:06+00:00,86.0,88.0,,0.0,0.0,0.0,-0.534,-0.217,-0.857,,0.0,0.0,0.0,,,,,0.0,0.0,30.0,0.0,0.0,0.0,88.0,36.5,0
71441,SO-0602,Constable Dinesh Chaudhary,Constable,39,2026-07-31 17:26:36+00:00,98.0,88.0,,0.0,0.0,0.0,-0.759,0.026,0.602,,0.0,0.0,0.0,,,,,0.0,0.0,30.0,0.0,0.0,0.0,88.0,36.5,2
71445,SO-0602,Constable Dinesh Chaudhary,Constable,39,2026-07-31 17:27:06+00:00,90.0,88.0,,0.0,0.0,0.0,-0.738,0.097,0.634,,0.0,0.0,0.0,,,,,0.0,0.0,30.0,0.0,0.0,0.0,88.0,36.5,0
71449,SO-0602,Constable Dinesh Chaudhary,Constable,39,2026-07-31 17:27:36+00:00,80.0,83.0,,0.0,0.0,0.0,-0.975,-0.13,-0.173,,0.0,0.0,0.0,,,,,0.0,0.0,30.0,0.0,0.0,0.0,83.0,36.5,0
71453,SO-0602,Constable Dinesh Chaudhary,Constable,39,2026-07-31 17:28:06+00:00,89.0,88.0,,0.0,0.0,0.0,-0.44,-0.059,-0.917,,0.0,0.0,0.0,,,,,0.0,0.0,30.0,0.0,0.0,0.0,88.0,36.5,0
71457,SO-0602,Constable Dinesh Chaudhary,Constable,39,2026-07-31 17:28:36+00:00,99.0,88.0,,0.0,0.0,0.0,-0.438,-0.113,-0.928,,0.0,0.0,0.0,,,,,0.0,0.0,30.0,0.0,0.0,0.0,88.0,36.5,2
71461,SO-0602,Constable Dinesh Chaudhary,Constable,39,2026-07-31 17:29:06+00:00,81.0,60.0,,0.0,0.0,0.0,-0.804,-0.023,-0.616,,0.0,0.0,0.0,,,,,0.0,0.0,30.0,0.0,0.0,0.0,60.0,36.5,0
71465,SO-0602,Constable Dinesh Chaudhary,Constable,39,2026-07-31 17:29:36+00:00,91.0,86.0,,0.0,0.0,0.0,-0.691,-0.066,-0.772,,0.0,0.0,0.0,,,,,0.0,0.0,30.0,0.0,0.0,0.0,86.0,36.5,2
71469,SO-0602,Constable Dinesh Chaudhary,Constable,39,2026-07-31 17:30:06+00:00,100.0,88.0,,0.0,0.0,0.0,-0.609,-0.019,-0.819,,0.0,0.0,0.0,,,,,0.0,0.0,30.0,0.0,0.0,0.0,88.0,36.5,2
71473,SO-0602,Constable Dinesh Chaudhary,Constable,39,2026-07-31 17:30:36+00:00,98.0,78.0,,0.0,0.0,0.0,-0.627,-0.012,-0.818,,0.0,0.0,0.0,,,,,0.0,0.0,30.0,0.0,0.0,0.0,78.0,36.5,2
71477,SO-0602,Constable Dinesh Chaudhary,Constable,39,2026-07-31 17:31:06+00:00,97.0,80.0,,0.0,0.0,0.0,-0.633,-0.008,-0.809,,0.0,0.0,0.0,,,,,0.0,0.0,30.0,0.0,0.0,0.0,80.0,36.5,2
71481,SO-0602,Constable Dinesh Chaudhary,Constable,39,2026-07-31 17:31:36+00:00,98.0,86.0,,0.0,0.0,0.0,-0.648,-0.029,-0.795,,0.0,0.0,0.0,,,,,0.0,0.0,30.0,0.0,0.0,0.0,86.0,36.5,2
71485,SO-0602,Constable Dinesh Chaudhary,Constable,39,2026-07-31 17:32:06+00:00,87.0,87.0,,0.0,0.0,0.0,-0.928,-0.056,-0.377,,0.0,0.0,0.0,,,,,0.0,0.0,30.0,0.0,0.0,0.0,87.0,36.5,0
71489,SO-0602,Constable Dinesh Chaudhary,Constable,39,2026-07-31 17:32:36+00:00,87.0,88.0,,0.0,0.0,0.0,-0.896,-0.073,-0.466,,0.0,0.0,0.0,,,,,0.0,0.0,30.0,0.0,0.0,0.0,88.0,36.5,0
71493,SO-0602,Constable Dinesh Chaudhary,Constable,39,2026-07-31 17:33:06+00:00,87.0,84.0,,0.0,0.0,0.0,-0.89,-0.069,-0.459,,0.0,0.0,0.0,,,,,0.0,0.0,30.0,0.0,0.0,0.0,84.0,36.5,0
71497,SO-0602,Constable Dinesh Chaudhary,Constable,39,2026-07-31 17:33:36+00:00,99.0,72.0,,0.0,0.0,0.0,-0.83,0.031,-0.562,,0.0,0.0,0.0,,,,,0.0,0.0,30.0,0.0,0.0,0.0,72.0,36.5,2
71501,SO-0602,Constable Dinesh Chaudhary,Constable,39,2026-07-31 17:34:06+00:00,100.0,84.0,,0.0,0.0,0.0,-0.792,-0.039,-0.429,,0.0,0.0,0.0,,,,,0.0,0.0,30.0,0.0,0.0,0.0,84.0,36.5,2
71505,SO-0602,Constable Dinesh Chaudhary,Constable,39,2026-07-31 17:34:36+00:00,83.0,88.0,,0.0,0.0,0.0,-0.724,0.03,-0.734,,0.0,0.0,0.0,,,,,0.0,0.0,30.0,0.0,0.0,0.0,88.0,36.5,0
71509,SO-0602,Constable Dinesh Chaudhary,Constable,39,2026-07-31 17:35:06+00:00,90.0,88.0,,0.0,0.0,0.0,-0.675,-0.006,-0.781,,0.0,0.0,0.0,,,,,0.0,0.0,30.0,0.0,0.0,0.0,88.0,36.5,0
71513,SO-0602,Constable Dinesh Chaudhary,Constable,39,2026-07-31 17:35:36+00:00,84.0,84.0,,0.0,0.0,0.0,-0.988,-0.141,-0.744,,0.0,0.0,0.0,,,,,0.0,0.0,30.0,0.0,0.0,0.0,84.0,36.5,0
71516,SO-0602,Constable Dinesh Chaudhary,Constable,39,2026-07-31 17:36:06+00:00,86.0,88.0,,0.0,0.0,0.0,-0.783,-0.068,-0.478,,0.0,0.0,0.0,,,,,0.0,0.0,30.0,0.0,0.0,0.0,88.0,36.5,0
71519,SO-0602,Constable Dinesh Chaudhary,Constable,39,2026-07-31 17:36:36+00:00,82.0,88.0,,0.0,0.0,0.0,-0.716,-0.122,-0.72,,0.0,0.0,0.0,,,,,0.0,0.0,30.0,0.0,0.0,0.0,88.0,36.5,0
71522,SO-0602,Constable Dinesh Chaudhary,Constable,39,2026-07-31 17:37:06+00:00,95.0,84.0,,0.0,0.0,0.0,-0.726,-0.061,-0.711,,0.0,0.0,0.0,,,,,0.0,0.0,30.0,0.0,0.0,0.0,84.0,36.5,2
71525,SO-0602,Constable Dinesh Chaudhary,Constable,39,2026-07-31 17:37:36+00:00,93.0,85.0,,0.0,0.0,0.0,-0.37,-0.087,-1.049,,0.0,0.0,0.0,,,,,0.0,0.0,30.0,0.0,0.0,0.0,85.0,36.5,2
71528,SO-0602,Constable Dinesh Chaudhary,Constable,39,2026-07-31 17:38:06+00:00,86.0,83.0,,0.0,0.0,0.0,-0.907,-0.128,-0.42,,0.0,0.0,0.0,,,,,0.0,0.0,30.0,0.0,0.0,0.0,83.0,36.5,0
71531,SO-0602,Constable Dinesh Chaudhary,Constable,39,2026-07-31 17:38:36+00:00,83.0,84.0,,0.0,0.0,0.0,-0.905,-0.137,-0.426,,0.0,0.0,0.0,,,,,0.0,0.0,30.0,0.0,0.0,0.0,84.0,36.5,0
71534,SO-0602,Constable Dinesh Chaudhary,Constable,39,2026-07-31 17:39:06+00:00,97.0,88.0,,0.0,0.0,0.0,-0.622,-0.025,0.775,,0.0,0.0,0.0,,,,,0.0,0.0,30.0,0.0,0.0,0.0,88.0,36.5,2
71537,SO-0602,Constable Dinesh Chaudhary,Constable,39,2026-07-31 17:39:36+00:00,99.0,88.0,,0.0,0.0,0.0,-0.686,0.11,0.727,,0.0,0.0,0.0,,,,,0.0,0.0,30.0,0.0,0.0,0.0,88.0,36.5,2
71539,SO-0602,Constable Dinesh Chaudhary,Constable,39,2026-07-31 17:40:06+00:00,95.0,88.0,,0.0,0.0,0.0,-0.483,0.038,0.834,,0.0,0.0,0.0,,,,,0.0,0.0,30.0,0.0,0.0,0.0,88.0,36.5,2
71541,SO-0602,Constable Dinesh Chaudhary,Constable,39,2026-07-31 17:40:36+00:00,86.0,85.0,,0.0,0.0,0.0,-0.842,-0.327,0.005,,0.0,0.0,0.0,,,,,0.0,0.0,30.0,0.0,0.0,0.0,85.0,36.5,0
71543,SO-0602,Constable Dinesh Chaudhary,Constable,39,2026-07-31 17:41:06+00:00,93.0,88.0,,0.0,0.0,0.0,-0.883,-0.051,0.451,,0.0,0.0,0.0,,,,,0.0,0.0,30.0,0.0,0.0,0.0,88.0,36.5,2
71545,SO-0602,Constable Dinesh Chaudhary,Constable,39,2026-07-31 17:41:36+00:00,88.0,87.0,,0.0,0.0,0.0,-0.506,-0.197,-0.973,,0.0,0.0,0.0,,,,,0.0,0.0,30.0,0.0,0.0,0.0,87.0,36.5,0
71547,SO-0602,Constable Dinesh Chaudhary,Constable,39,2026-07-31 17:42:06+00:00,89.0,88.0,,0.0,0.0,0.0,-0.9,-0.154,-0.423,,0.0,0.0,0.0,,,,,0.0,0.0,30.0,0.0,0.0,0.0,88.0,36.5,0
71549,SO-0602,Constable Dinesh Chaudhary,Constable,39,2026-07-31 17:42:36+00:00,95.0,88.0,,0.0,0.0,0.0,-0.984,0.102,-0.102,,0.0,0.0,0.0,,,,,0.0,0.0,30.0,0.0,0.0,0.0,88.0,36.5,2
71551,SO-0602,Constable Dinesh Chaudhary,Constable,39,2026-07-31 17:43:06+00:00,82.0,88.0,,0.0,0.0,0.0,-0.994,0.053,-0.085,,0.0,0.0,0.0,,,,,0.0,0.0,30.0,0.0,0.0,0.0,88.0,36.5,0
71553,SO-0602,Constable Dinesh Chaudhary,Constable,39,2026-07-31 17:43:36+00:00,100.0,88.0,,0.0,0.0,0.0,-0.99,-0.03,-0.022,,0.0,0.0,0.0,,,,,0.0,0.0,30.0,0.0,0.0,0.0,88.0,36.5,2
71555,SO-0602,Constable Dinesh Chaudhary,Constable,39,2026-07-31 17:44:06+00:00,91.0,85.0,,0.0,0.0,0.0,-0.699,-0.092,0.684,,0.0,0.0,0.0,,,,,0.0,0.0,30.0,0.0,0.0,0.0,85.0,36.5,2
71557,SO-0602,Constable Dinesh Chaudhary,Constable,39,2026-07-31 17:44:36+00:00,98.0,88.0,,0.0,0.0,0.0,-0.736,-0.031,0.712,,0.0,0.0,0.0,,,,,0.0,0.0,30.0,0.0,0.0,0.0,88.0,36.5,2
71559,SO-0602,Constable Dinesh Chaudhary,Constable,39,2026-07-31 17:45:06+00:00,93.0,88.0,,0.0,0.0,0.0,-0.693,-0.001,0.688,,0.0,0.0,0.0,,,,,0.0,0.0,30.0,0.0,0.0,0.0,88.0,36.5,2
71561,SO-0602,Constable Dinesh Chaudhary,Constable,39,2026-07-31 17:45:36+00:00,97.0,78.0,,0.0,0.0,0.0,-0.791,-0.165,-0.321,,0.0,0.0,0.0,,,,,0.0,0.0,30.0,0.0,0.0,0.0,78.0,36.5,2
71563,SO-0602,Constable Dinesh Chaudhary,Constable,39,2026-07-31 17:46:06+00:00,94.0,88.0,,0.0,0.0,0.0,-0.961,-0.144,-0.225,,0.0,0.0,0.0,,,,,0.0,0.0,30.0,0.0,0.0,0.0,88.0,36.5,2
71565,SO-0602,Constable Dinesh Chaudhary,Constable,39,2026-07-31 17:46:36+00:00,96.0,88.0,,0.0,0.0,0.0,-0.955,-0.137,-0.226,,0.0,0.0,0.0,,,,,0.0,0.0,30.0,0.0,0.0,0.0,88.0,36.5,2
71567,SO-0602,Constable Dinesh Chaudhary,Constable,39,2026-07-31 17:47:06+00:00,89.0,88.0,,0.0,0.0,0.0,-0.673,-0.113,0.758,,0.0,0.0,0.0,,,,,0.0,0.0,30.0,0.0,0.0,0.0,88.0,36.5,0
71569,SO-0602,Constable Dinesh Chaudhary,Constable,39,2026-07-31 17:47:36+00:00,86.0,87.0,,0.0,0.0,0.0,-0.476,0.004,0.858,,0.0,0.0,0.0,,,,,0.0,0.0,30.0,0.0,0.0,0.0,87.0,36.5,0
71571,SO-0602,Constable Dinesh Chaudhary,Constable,39,2026-07-31 17:48:06+00:00,96.0,88.0,,0.0,0.0,0.0,-0.466,-0.06,0.86,,0.0,0.0,0.0,,,,,0.0,0.0,30.0,0.0,0.0,0.0,88.0,36.5,2
71573,SO-0602,Constable Dinesh Chaudhary,Constable,39,2026-07-31 17:48:36+00:00,90.0,88.0,,0.0,0.0,0.0,-0.578,-0.01,0.796,,0.0,0.0,0.0,,,,,0.0,0.0,30.0,0.0,0.0,0.0,88.0,36.5,0
71575,SO-0602,Constable Dinesh Chaudhary,Constable,39,2026-07-31 17:49:06+00:00,91.0,88.0,,0.0,0.0,0.0,-1.149,-0.332,-0.526,,0.0,0.0,0.0,,,,,0.0,0.0,30.0,0.0,0.0,0.0,88.0,36.5,2
71577,SO-0602,Constable Dinesh Chaudhary,Constable,39,2026-07-31 17:49:36+00:00,83.0,88.0,,0.0,0.0,0.0,-0.988,-0.06,-0.418,,0.0,0.0,0.0,,,,,0.0,0.0,30.0,0.0,0.0,0.0,88.0,36.5,0
71579,SO-0602,Constable Dinesh Chaudhary,Constable,39,2026-07-31 17:50:06+00:00,85.0,86.0,,0.0,0.0,0.0,-0.832,-0.083,-0.919,,0.0,0.0,0.0,,,,,0.0,0.0,30.0,0.0,0.0,0.0,86.0,36.5,0
71581,SO-0602,Constable Dinesh Chaudhary,Constable,39,2026-07-31 17:50:36+00:00,88.0,87.0,,0.0,0.0,0.0,-0.972,-0.047,0.212,,0.0,0.0,0.0,,,,,0.0,0.0,30.0,0.0,0.0,0.0,87.0,36.5,0
71583,SO-0602,Constable Dinesh Chaudhary,Constable,39,2026-07-31 17:51:06+00:00,88.0,88.0,,0.0,0.0,0.0,-0.9,0.028,-0.515,,0.0,0.0,0.0,,,,,0.0,0.0,30.0,0.0,0.0,0.0,88.0,36.5,0
71585,SO-0602,Constable Dinesh Chaudhary,Constable,39,2026-07-31 17:51:36+00:00,89.0,87.0,,0.0,0.0,0.0,-0.997,-0.021,0.09,,0.0,0.0,0.0,,,,,0.0,0.0,30.0,0.0,0.0,0.0,87.0,36.5,0
71587,SO-0602,Constable Dinesh Chaudhary,Constable,39,2026-07-31 17:52:06+00:00,91.0,88.0,,0.0,0.0,0.0,0.022,-0.978,0.163,,0.0,0.0,0.0,,,,,0.0,0.0,30.0,0.0,0.0,0.0,88.0,36.5,2
71589,SO-0602,Constable Dinesh Chaudhary,Constable,39,2026-07-31 17:52:36+00:00,90.0,85.0,,0.0,0.0,0.0,-0.28,-0.136,0.586,,0.0,0.0,0.0,,,,,0.0,0.0,30.0,0.0,0.0,0.0,85.0,36.5,0
71591,SO-0602,Constable Dinesh Chaudhary,Constable,39,2026-07-31 17:53:06+00:00,87.0,83.0,,0.0,0.0,0.0,-0.665,0.788,-0.011,,0.0,0.0,0.0,,,,,0.0,0.0,30.0,0.0,0.0,0.0,83.0,36.5,0
71593,SO-0602,Constable Dinesh Chaudhary,Constable,39,2026-07-31 17:53:36+00:00,87.0,,,0.0,0.0,0.0,-0.539,0.731,-0.081,,0.0,0.0,0.0,,,,,0.0,0.0,30.0,0.0,0.0,0.0,83.0,36.5,0
80946,SO-0602,Constable Dinesh Chaudhary,Constable,39,2026-08-06 12:25:01+00:00,99.0,87.0,,21.3167468,72.8883901,26.200000762939453,-0.618,-0.179,0.728,,0.0,0.0,0.0,,,,,0.0,0.0,498685.0,21.3167468,72.8883901,0.0,87.0,36.5,2
80948,SO-0602,Constable Dinesh Chaudhary,Constable,39,2026-08-06 12:25:31+00:00,84.0,85.0,,21.3167503,72.8883689,26.200000762939453,-0.589,-0.23,0.736,,0.0,0.0,0.0,,,,,0.0,0.0,30.0,3.499999998268777e-06,-2.119999999194988e-05,0.28,85.0,36.5,0
80950,SO-0602,Constable Dinesh Chaudhary,Constable,39,2026-08-06 12:26:01+00:00,81.0,86.0,,21.3167468,72.8883901,26.200000762939453,0.561,-0.802,0.186,,0.0,0.0,0.0,,,,,0.0,0.0,30.0,-3.499999998268777e-06,2.119999999194988e-05,0.28,86.0,36.5,0
80952,SO-0602,Constable Dinesh Chaudhary,Constable,39,2026-08-06 12:26:31+00:00,85.0,83.0,,21.3167464,72.8883898,26.200000762939453,0.548,-0.857,0.028,,0.0,0.0,0.0,,,,,0.0,0.0,30.0,-4.000000011217253e-07,-2.999999964004019e-07,0.01,83.0,36.5,0
80954,SO-0602,Constable Dinesh Chaudhary,Constable,39,2026-08-06 12:27:01+00:00,99.0,86.0,,21.316745,72.888397,26.200000762939453,0.369,-0.708,0.36,,0.0,0.0,0.0,,,,,0.0,0.0,30.0,-1.399999998596968e-06,7.199999998874773e-06,0.09,86.0,36.5,2
80956,SO-0602,Constable Dinesh Chaudhary,Constable,39,2026-08-06 12:27:31+00:00,96.0,88.0,,21.3167299,72.888514,26.100000381469727,-0.969,0.458,0.281,,0.0,0.0,0.0,,,,,0.0,0.0,30.0,-1.51000000023771e-05,0.000117000000003,1.51,88.0,36.5,2
80958,SO-0602,Constable Dinesh Chaudhary,Constable,39,2026-08-06 12:28:01+00:00,100.0,88.0,,21.3167371,72.88842,26.100000381469727,-0.258,-0.914,0.272,,0.0,0.0,0.0,,,,,0.0,0.0,30.0,7.200000002427487e-06,-9.400000000425734e-05,1.21,88.0,36.5,2
80960,SO-0602,Constable Dinesh Chaudhary,Constable,39,2026-08-06 12:28:31+00:00,98.0,83.0,,21.316745,72.8883741,26.200000762939453,-0.322,-0.884,0.307,,0.0,0.0,0.0,,,,,0.0,0.0,30.0,7.899999999949614e-06,-4.590000000348482e-05,0.6,83.0,36.5,2
80962,SO-0602,Constable Dinesh Chaudhary,Constable,39,2026-08-06 12:29:01+00:00,86.0,85.0,,21.3167503,72.8883689,26.200000762939453,-0.191,-0.89,0.373,,0.0,0.0,0.0,,,,,0.0,0.0,30.0,5.29999999798747e-06,-5.199999989713433e-06,0.1,85.0,36.5,0
80964,SO-0602,Constable Dinesh Chaudhary,Constable,39,2026-08-06 12:29:31+00:00,85.0,87.0,,21.316723,72.8884608,26.200000762939453,-0.283,-0.916,0.235,,0.0,0.0,0.0,,,,,0.0,0.0,30.0,-2.729999999928623e-05,9.190000000103282e-05,1.23,87.0,36.5,0
80966,SO-0602,Constable Dinesh Chaudhary,Constable,39,2026-08-06 12:30:01+00:00,93.0,88.0,,21.3167151,72.8884774,26.299999237060547,-0.189,-0.972,0.052,,0.0,0.0,0.0,,,,,0.0,0.0,30.0,-7.899999999949614e-06,1.659999999503725e-05,0.24,88.0,36.5,2
80967,SO-0602,Constable Dinesh Chaudhary,Constable,39,2026-08-06 12:30:32+00:00,89.0,88.0,,21.31675,72.8883806,26.200000762939453,-0.345,-0.936,0.028,,0.0,0.0,0.0,,,,,0.0,0.0,31.0,3.489999999928273e-05,-9.679999999434584e-05,1.28,88.0,36.5,0
80968,SO-0602,Constable Dinesh Chaudhary,Constable,39,2026-08-06 12:31:01+00:00,92.0,81.0,,21.3167495,72.8883769,31.50635765659771,-0.942,-0.244,0.182,,0.0,0.0,0.0,,,,,0.0,0.0,29.0,-4.999999987376214e-07,-3.700000007711424e-06,0.05,81.0,36.5,2
80969,SO-0602,Constable Dinesh Chaudhary,Constable,39,2026-08-06 12:31:32+00:00,98.0,87.0,,21.3167443,72.888404,26.200000762939453,-0.851,-0.546,-0.371,,0.0,0.0,0.0,,,,,0.0,0.0,31.0,-5.200000000371574e-06,2.709999999694901e-05,0.34,87.0,36.5,2
80970,SO-0602,Constable Dinesh Chaudhary,Constable,39,2026-08-06 12:32:01+00:00,81.0,88.0,,21.3167545,72.8883179,26.200000762939453,-0.485,-0.057,0.864,,0.0,0.0,0.0,,,,,0.0,0.0,29.0,1.0199999998405929e-05,-8.609999999009688e-05,1.15,88.0,36.5,0
80971,SO-0602,Constable Dinesh Chaudhary,Constable,39,2026-08-06 12:32:32+00:00,97.0,,,21.3167563,72.8883163,26.200000762939453,-0.638,-0.571,-0.528,,0.0,0.0,0.0,,,,,0.0,0.0,31.0,1.800000003271407e-06,-1.6000000044869012e-06,0.03,88.0,36.5,2
80972,SO-0602,Constable Dinesh Chaudhary,Constable,39,2026-08-06 12:33:02+00:00,81.0,88.0,,21.3167462,72.8883879,26.200000762939453,-0.352,-0.858,0.295,,0.0,0.0,0.0,,,,,0.0,0.0,30.0,-1.0100000000790033e-05,7.159999999828415e-05,0.93,88.0,36.5,0
80973,SO-0602,Constable Dinesh Chaudhary,Constable,39,2026-08-06 12:33:32+00:00,81.0,86.0,,21.3167442,72.8884166,26.200000762939453,-0.523,-0.824,0.135,,0.0,0.0,0.0,,,,,0.0,0.0,30.0,-2.0000000020559128e-06,2.870000000143591e-05,0.37,86.0,36.5,0
80974,SO-0602,Constable Dinesh Chaudhary,Constable,39,2026-08-06 12:34:03+00:00,97.0,69.0,,21.3167487,72.8883871,26.200000762939453,-0.655,-0.022,0.73,,0.0,0.0,0.0,,,,,0.0,0.0,31.0,4.500000002849447e-06,-2.9499999996573933e-05,0.37,69.0,36.5,2
80975,SO-0602,Constable Dinesh Chaudhary,Constable,39,2026-08-06 12:34:31+00:00,84.0,88.0,,21.3167488,72.8883818,26.200000762939453,-0.569,-0.817,-0.074,,0.0,0.0,0.0,,,,,0.0,0.0,28.0,9.999999761589606e-08,-5.29999999798747e-06,0.07,88.0,36.5,0
80976,SO-0602,Constable Dinesh Chaudhary,Constable,39,2026-08-06 12:35:01+00:00,87.0,88.0,,21.3167459,72.8884047,24.34573194042322,-0.831,-0.099,0.479,,0.0,0.0,0.0,,,,,0.0,0.0,30.0,-2.8999999983625457e-06,2.2899999990499964e-05,0.3,88.0,36.5,0
80977,SO-0602,Constable Dinesh Chaudhary,Constable,39,2026-08-06 12:35:31+00:00,99.0,87.0,,21.3167384,72.8884172,26.100000381469727,-0.754,-0.009,0.645,,0.0,0.0,0.0,,,,,0.0,0.0,30.0,-7.500000002380602e-06,1.2500000011073098e-05,0.19,87.0,36.5,2
80978,SO-0602,Constable Dinesh Chaudhary,Constable,39,2026-08-06 12:36:01+00:00,92.0,88.0,,21.3167541,72.8883532,26.200000762939453,-0.971,0.029,0.442,,0.0,0.0,0.0,,,,,0.0,0.0,30.0,1.5700000002283332e-05,-6.400000000894579e-05,0.85,88.0,36.5,2
80979,SO-0602,Constable Dinesh Chaudhary,Constable,39,2026-08-06 12:36:31+00:00,91.0,88.0,,21.316743,72.8884181,26.200000762939453,-0.697,0.039,0.703,,0.0,0.0,0.0,,,,,0.0,0.0,30.0,-1.1100000001817987e-05,6.4899999998147e-05,0.85,88.0,36.5,2
80980,SO-0602,Constable Dinesh Chaudhary,Constable,39,2026-08-06 12:37:01+00:00,82.0,86.0,,21.3167453,72.8884072,26.200000762939453,-0.589,0.021,0.798,,0.0,0.0,0.0,,,,,0.0,0.0,30.0,2.3000000020090283e-06,-1.0899999992375342e-05,0.14,86.0,36.5,0
80981,SO-0602,Constable Dinesh Chaudhary,Constable,39,2026-08-06 12:37:31+00:00,94.0,58.0,,21.3167547,72.8883385,26.200000762939453,-0.267,0.636,0.664,,0.0,0.0,0.0,,,,,0.0,0.0,30.0,9.399999999715192e-06,-6.86999999999216e-05,0.89,58.0,36.5,2
80982,SO-0602,Constable Dinesh Chaudhary,Constable,39,2026-08-06 12:38:01+00:00,81.0,87.0,,21.3167618,72.8883186,26.299999237060547,-0.827,0.773,-0.725,,0.0,0.0,0.0,,,,,0.0,0.0,30.0,7.099999997706163e-06,-1.9899999998074236e-05,0.27,87.0,36.5,0
80983,SO-0602,Constable Dinesh Chaudhary,Constable,39,2026-08-06 12:38:31+00:00,100.0,87.0,,21.3168289,72.8886562,26.399999618530273,-0.969,-0.211,0.153,,0.0,0.0,0.0,,,,,0.0,0.0,30.0,6.710000000254013e-05,0.0003375999999946,4.42,87.0,36.5,2
80984,SO-0602,Constable Dinesh Chaudhary,Constable,39,2026-08-06 12:39:01+00:00,99.0,88.0,,21.3167778,72.8883117,26.200000762939453,-0.954,-0.261,-0.178,,0.0,0.0,0.0,,,,,0.0,0.0,30.0,-5.110000000030368e-05,-0.000344499999997,4.47,88.0,36.5,2
80985,SO-0602,Constable Dinesh Chaudhary,Constable,39,2026-08-06 12:39:31+00:00,95.0,88.0,,21.316741,72.8883711,26.299999237060547,-0.934,-0.334,0.062,,0.0,0.0,0.0,,,,,0.0,0.0,30.0,-3.680000000017003e-05,5.9399999997822306e-05,0.91,88.0,36.5,2
80986,SO-0602,Constable Dinesh Chaudhary,Constable,39,2026-08-06 12:40:01+00:00,93.0,82.0,,21.316747,72.8884363,26.299999237060547,-0.596,1.03,0.198,,0.0,0.0,0.0,,,,,0.0,0.0,30.0,5.999999999062311e-06,6.51999999945474e-05,0.84,82.0,36.5,2
80987,SO-0602,Constable Dinesh Chaudhary,Constable,39,2026-08-06 12:40:32+00:00,94.0,86.0,,21.3167417,72.888445,26.200000762939453,-0.208,0.908,0.199,,0.0,0.0,0.0,,,,,0.0,0.0,31.0,-5.29999999798747e-06,8.700000009298492e-06,0.13,86.0,36.5,2
80988,SO-0602,Constable Dinesh Chaudhary,Constable,39,2026-08-06 12:41:01+00:00,97.0,88.0,,21.3168055,72.8884929,26.200000762939453,-1.045,-0.111,-0.206,,0.0,0.0,0.0,,,,,0.0,0.0,29.0,6.379999999950314e-05,4.7899999998435305e-05,1.08,88.0,36.5,2
80989,SO-0602,Constable Dinesh Chaudhary,Constable,39,2026-08-06 12:41:31+00:00,97.0,86.0,,21.3167891,72.8884784,26.200000762939453,-0.767,-0.409,-0.562,,0.0,0.0,0.0,,,,,0.0,0.0,30.0,-1.639999999980546e-05,-1.4500000006023583e-05,0.29,86.0,36.5,2
80990,SO-0602,Constable Dinesh Chaudhary,Constable,39,2026-08-06 12:42:02+00:00,89.0,88.0,,21.3168278,72.8884641,26.200000762939453,-0.815,-0.129,-0.14,,0.0,0.0,0.0,,,,,0.0,0.0,31.0,3.869999999750462e-05,-1.4300000003686364e-05,0.53,88.0,36.5,0
80991,SO-0602,Constable Dinesh Chaudhary,Constable,39,2026-08-06 12:42:33+00:00,96.0,88.0,,21.3167362,72.8884641,26.200000762939453,-0.923,-0.139,0.103,,0.0,0.0,0.0,,,,,0.0,0.0,31.0,-9.1599999997527e-05,0.0,1.18,88.0,36.5,2
80992,SO-0602,Constable Dinesh Chaudhary,Constable,39,2026-08-06 12:43:02+00:00,100.0,85.0,,21.316994,72.8884918,26.200000762939453,-0.454,-0.208,0.889,,0.0,0.0,0.0,,,,,0.0,0.0,29.0,0.0002577999999999,2.7700000003960668e-05,3.57,85.0,36.5,2
80993,SO-0602,Constable Dinesh Chaudhary,Constable,39,2026-08-06 12:43:31+00:00,97.0,88.0,,21.316735,72.8884655,26.100000381469727,-0.981,-0.187,0.026,,0.0,0.0,0.0,,,,,0.0,0.0,29.0,-0.0002589999999997,-2.6300000001810982e-05,3.59,88.0,36.5,2
80994,SO-0602,Constable Dinesh Chaudhary,Constable,39,2026-08-06 12:44:03+00:00,85.0,84.0,,21.3167278,72.8885103,26.100000381469727,-0.784,-0.186,0.554,,0.0,0.0,0.0,,,,,0.0,0.0,32.0,-7.200000002427487e-06,4.479999999773554e-05,0.55,84.0,36.5,0
80995,SO-0602,Constable Dinesh Chaudhary,Constable,39,2026-08-06 12:44:31+00:00,84.0,88.0,,21.3168406,72.8884692,26.200000762939453,-0.957,-0.159,0.167,,0.0,0.0,0.0,,,,,0.0,0.0,28.0,0.0001128000000001,-4.109999999002411e-05,1.71,88.0,36.5,0
80996,SO-0602,Constable Dinesh Chaudhary,Constable,39,2026-08-06 12:45:02+00:00,98.0,83.0,,21.3169157,72.888494,26.200000762939453,-0.973,-0.131,0.188,,0.0,0.0,0.0,,,,,0.0,0.0,31.0,7.510000000010564e-05,2.4799999991387267e-05,1.02,83.0,36.5,2
80997,SO-0602,Constable Dinesh Chaudhary,Constable,39,2026-08-06 12:45:32+00:00,93.0,87.0,,21.3168021,72.8884615,26.200000762939453,-0.366,0.281,0.884,,0.0,0.0,0.0,,,,,0.0,0.0,30.0,-0.0001135999999988,-3.249999998899966e-05,1.57,87.0,36.5,2
80998,SO-0602,Constable Dinesh Chaudhary,Constable,39,2026-08-06 12:46:03+00:00,81.0,88.0,,21.3168068,72.8884801,26.200000762939453,-0.797,-0.14,-0.553,,0.0,0.0,0.0,,,,,0.0,0.0,31.0,4.699999998081239e-06,1.8599999989987737e-05,0.24,88.0,36.5,0
80999,SO-0602,Constable Dinesh Chaudhary,Constable,39,2026-08-06 12:46:32+00:00,81.0,88.0,,21.3169129,72.8884906,26.200000762939453,0.172,0.906,0.362,,0.0,0.0,0.0,,,,,0.0,0.0,29.0,0.0001060999999999,1.0500000001911758e-05,1.47,88.0,36.5,0
81000,SO-0602,Constable Dinesh Chaudhary,Constable,39,2026-08-06 12:47:01+00:00,84.0,72.0,,21.3167361,72.8884875,26.200000762939453,-0.792,-0.132,-0.632,,0.0,0.0,0.0,,,,,0.0,0.0,29.0,-0.0001767999999984,-3.1000000006997652e-06,2.44,72.0,36.5,0
81001,SO-0602,Constable Dinesh Chaudhary,Constable,39,2026-08-06 12:47:31+00:00,90.0,86.0,,21.3167737,72.8883969,26.200000762939453,-0.943,-0.169,-0.65,,0.0,0.0,0.0,,,,,0.0,0.0,30.0,3.759999999886077e-05,-9.059999999294632e-05,1.27,86.0,36.5,0
81002,SO-0602,Constable Dinesh Chaudhary,Constable,39,2026-08-06 12:48:01+00:00,98.0,88.0,,21.3167289,72.8884811,26.200000762939453,-0.662,-0.693,-0.478,,0.0,0.0,0.0,,,,,0.0,0.0,30.0,-4.479999999773554e-05,8.420000000342043e-05,1.23,88.0,36.5,2
81003,SO-0602,Constable Dinesh Chaudhary,Constable,39,2026-08-06 12:48:36+00:00,97.0,87.0,,21.3170465,72.887916,26.200000762939453,-0.522,0.109,0.796,,0.0,0.0,0.0,,,,,0.0,0.0,35.0,0.0003175999999989,-0.0005651000000028,7.2,87.0,36.5,1
81004,SO-0602,Constable Dinesh Chaudhary,Constable,39,2026-08-06 12:49:03+00:00,92.0,87.0,,21.3169622,72.8884628,26.200000762939453,-0.578,0.124,0.769,,0.0,0.0,0.0,,,,,0.0,0.0,27.0,-8.430000000103632e-05,0.000546799999995,7.9,87.0,36.5,1
81005,SO-0602,Constable Dinesh Chaudhary,Constable,39,2026-08-06 12:49:36+00:00,99.0,88.0,,21.3170465,72.887916,26.200000762939453,-0.547,0.278,0.758,,0.0,0.0,0.0,,,,,0.0,0.0,33.0,8.430000000103632e-05,-0.000546799999995,6.46,88.0,36.5,1
81006,SO-0602,Constable Dinesh Chaudhary,Constable,39,2026-08-06 12:50:06+00:00,99.0,88.0,,21.3170465,72.887916,26.200000762939453,-0.939,-0.03,0.347,,0.0,0.0,0.0,,,,,0.0,0.0,30.0,0.0,0.0,0.0,88.0,36.5,2
81007,SO-0602,Constable Dinesh Chaudhary,Constable,39,2026-08-06 12:50:36+00:00,99.0,88.0,,21.3170465,72.887916,26.200000762939453,-0.597,-0.072,0.655,,0.0,0.0,0.0,,,,,0.0,0.0,30.0,0.0,0.0,0.0,88.0,36.5,2
81008,SO-0602,Constable Dinesh Chaudhary,Constable,39,2026-08-06 12:51:06+00:00,85.0,86.0,,21.3170465,72.887916,26.200000762939453,-1.044,0.062,-0.107,,0.0,0.0,0.0,,,,,0.0,0.0,30.0,0.0,0.0,0.0,86.0,36.5,0
81009,SO-0602,Constable Dinesh Chaudhary,Constable,39,2026-08-06 12:51:36+00:00,88.0,88.0,,21.3170465,72.887916,26.200000762939453,-0.993,-0.081,-0.106,,0.0,0.0,0.0,,,,,0.0,0.0,30.0,0.0,0.0,0.0,88.0,36.5,0
81010,SO-0602,Constable Dinesh Chaudhary,Constable,39,2026-08-06 12:52:04+00:00,100.0,77.0,,21.3169599,72.8884624,26.200000762939453,-0.485,0.308,0.831,,0.0,0.0,0.0,,,,,0.0,0.0,28.0,-8.659999999949264e-05,0.0005463999999903,7.61,77.0,36.5,1
81011,SO-0602,Constable Dinesh Chaudhary,Constable,39,2026-08-06 12:52:36+00:00,100.0,84.0,,21.3168014,72.8890235,26.200000762939453,-0.976,-0.209,0.116,,0.0,0.0,0.0,,,,,0.0,0.0,32.0,-0.0001585000000012,0.0005610999999987,7.03,84.0,36.5,1
81012,SO-0602,Constable Dinesh Chaudhary,Constable,39,2026-08-06 12:53:06+00:00,99.0,82.0,,21.3170465,72.887916,26.200000762939453,-1.007,-0.161,-0.183,,0.0,0.0,0.0,,,,,0.0,0.0,30.0,0.0002451000000007,-0.0011074999999891,14.58,82.0,36.5,1
81013,SO-0602,Constable Dinesh Chaudhary,Constable,39,2026-08-06 12:53:36+00:00,100.0,88.0,,21.3170465,72.887916,26.200000762939453,-0.719,-0.048,0.643,,0.0,0.0,0.0,,,,,0.0,0.0,30.0,0.0,0.0,0.0,88.0,36.5,2
81014,SO-0602,Constable Dinesh Chaudhary,Constable,39,2026-08-06 12:54:06+00:00,97.0,81.0,,21.3170465,72.887916,26.200000762939453,-0.825,-0.03,0.369,,0.0,0.0,0.0,,,,,0.0,0.0,30.0,0.0,0.0,0.0,81.0,36.5,2
81015,SO-0602,Constable Dinesh Chaudhary,Constable,39,2026-08-06 12:54:31+00:00,94.0,87.0,,21.3167329,72.888397,24.132364083093393,-0.394,1.203,0.614,,0.0,0.0,0.0,,,,,0.0,0.0,25.0,-0.0003135999999983,0.0004809999999935,8.94,87.0,36.5,1
81016,SO-0602,Constable Dinesh Chaudhary,Constable,39,2026-08-06 12:55:01+00:00,96.0,88.0,,21.3167545,72.8883179,26.200000762939453,-0.392,0.229,0.971,,0.0,0.0,0.0,,,,,0.0,0.0,30.0,2.159999999662432e-05,-7.909999999355932e-05,1.06,88.0,36.5,2
81017,SO-0602,Constable Dinesh Chaudhary,Constable,39,2026-08-06 12:55:32+00:00,99.0,88.0,,21.3170438,72.8885152,26.200000762939453,-0.238,0.398,0.898,,0.0,0.0,0.0,,,,,0.0,0.0,31.0,0.0002893000000021,0.0001972999999964,4.46,88.0,36.5,2
81019,SO-0602,Constable Dinesh Chaudhary,Constable,39,2026-08-06 12:56:01+00:00,91.0,83.0,,21.3169132,72.8884851,26.100000381469727,0.152,0.1,0.881,,0.0,0.0,0.0,,,,,0.0,0.0,29.0,-0.000130600000002,-3.0100000003585592e-05,1.84,83.0,36.5,2
81021,SO-0602,Constable Dinesh Chaudhary,Constable,39,2026-08-06 12:56:33+00:00,81.0,86.0,,21.3169504,72.8884994,26.100000381469727,-1.115,0.084,0.036,,0.0,0.0,0.0,,,,,0.0,0.0,32.0,3.7200000001291755e-05,1.4300000003686364e-05,0.5,86.0,36.5,0
81023,SO-0602,Constable Dinesh Chaudhary,Constable,39,2026-08-06 12:57:01+00:00,100.0,88.0,,21.3167268,72.8885155,26.100000381469727,0.288,0.167,0.76,,0.0,0.0,0.0,,,,,0.0,0.0,28.0,-0.0002235999999982,1.609999999629963e-05,3.2,88.0,36.5,2
81025,SO-0602,Constable Dinesh Chaudhary,Constable,39,2026-08-06 12:57:31+00:00,95.0,88.0,,21.3167279,72.888516,26.100000381469727,-0.473,0.177,0.872,,0.0,0.0,0.0,,,,,0.0,0.0,30.0,1.0999999986438525e-06,4.999999987376214e-07,0.02,88.0,36.5,2
81027,SO-0602,Constable Dinesh Chaudhary,Constable,39,2026-08-06 12:58:01+00:00,86.0,83.0,,21.3167242,72.888495,26.100000381469727,-0.783,-0.201,0.571,,0.0,0.0,0.0,,,,,0.0,0.0,30.0,-3.700000000605996e-06,-2.099999998961266e-05,0.27,83.0,36.5,0
81029,SO-0602,Constable Dinesh Chaudhary,Constable,39,2026-08-06 12:58:31+00:00,97.0,88.0,,21.3167405,72.8883802,26.200000762939453,-0.746,0.074,0.669,,0.0,0.0,0.0,,,,,0.0,0.0,30.0,1.6300000002189563e-05,-0.0001148000000057,1.49,88.0,36.5,2
81031,SO-0602,Constable Dinesh Chaudhary,Constable,39,2026-08-06 12:59:01+00:00,93.0,86.0,,21.3167234,72.8884964,26.100000381469727,-1.002,-0.094,-0.05,,0.0,0.0,0.0,,,,,0.0,0.0,30.0,-1.71000000008803e-05,0.0001161999999936,1.51,86.0,36.5,2
81033,SO-0602,Constable Dinesh Chaudhary,Constable,39,2026-08-06 12:59:34+00:00,91.0,85.0,,21.3170807,72.8885763,26.100000381469727,-0.631,-0.06,0.747,,0.0,0.0,0.0,,,,,0.0,0.0,33.0,0.000357300000001,7.99000000029082e-05,4.43,85.0,36.5,2
81035,SO-0602,Constable Dinesh Chaudhary,Constable,39,2026-08-06 13:00:01+00:00,94.0,72.0,,21.316745,72.888412,26.200000762939453,-0.627,-0.008,0.764,,0.0,0.0,0.0,,,,,0.0,0.0,27.0,-0.0003357000000008,-0.0001642999999944,5.49,72.0,36.5,1
81037,SO-0602,Constable Dinesh Chaudhary,Constable,39,2026-08-06 13:00:31+00:00,98.0,86.0,,21.3167268,72.8885155,26.100000381469727,-0.542,-0.043,0.783,,0.0,0.0,0.0,,,,,0.0,0.0,30.0,-1.8199999999524152e-05,0.0001034999999944,1.35,86.0,36.5,2
81039,SO-0602,Constable Dinesh Chaudhary,Constable,39,2026-08-06 13:01:01+00:00,92.0,84.0,,21.316745,72.888397,26.200000762939453,-0.499,-0.223,0.835,,0.0,0.0,0.0,,,,,0.0,0.0,30.0,1.8199999999524152e-05,-0.0001184999999992,1.54,84.0,36.5,2
81041,SO-0602,Constable Dinesh Chaudhary,Constable,39,2026-08-06 13:01:31+00:00,95.0,87.0,,21.3167515,72.8883193,26.200000762939453,-0.873,0.112,0.478,,0.0,0.0,0.0,,,,,0.0,0.0,30.0,6.499999997799932e-06,-7.769999999140964e-05,1.0,87.0,36.5,2
81043,SO-0602,Constable Dinesh Chaudhary,Constable,39,2026-08-06 13:02:01+00:00,100.0,88.0,,21.3167279,72.888516,26.100000381469727,0.059,-0.532,0.777,,0.0,0.0,0.0,,,,,0.0,0.0,30.0,-2.3599999998680232e-05,0.0001966999999893,2.54,88.0,36.5,2
81045,SO-0602,Constable Dinesh Chaudhary,Constable,39,2026-08-06 13:02:32+00:00,95.0,85.0,,21.3167275,72.8885099,26.100000381469727,-0.215,0.99,0.214,,0.0,0.0,0.0,,,,,0.0,0.0,31.0,-4.000000011217253e-07,-6.099999993125493e-06,0.08,85.0,36.5,2
81047,SO-0602,Constable Dinesh Chaudhary,Constable,39,2026-08-06 13:03:01+00:00,88.0,80.0,,21.3167355,72.8884437,26.299999237060547,-0.47,0.982,0.795,,0.0,0.0,0.0,,,,,0.0,0.0,29.0,8.000000001118224e-06,-6.62000000062335e-05,0.89,80.0,36.5,0
81049,SO-0602,Constable Dinesh Chaudhary,Constable,39,2026-08-06 13:03:31+00:00,100.0,76.0,,21.3167613,72.888363,26.299999237060547,-0.298,0.99,0.265,,0.0,0.0,0.0,,,,,0.0,0.0,30.0,2.579999999952065e-05,-8.069999999804622e-05,1.09,76.0,36.5,2
81051,SO-0602,Constable Dinesh Chaudhary,Constable,39,2026-08-06 13:04:02+00:00,95.0,77.0,,21.3167701,72.8883554,26.399999618530273,-0.904,-0.173,0.332,,0.0,0.0,0.0,,,,,0.0,0.0,31.0,8.79999999980896e-06,-7.600000003549212e-06,0.15,77.0,36.5,2
81053,SO-0602,Constable Dinesh Chaudhary,Constable,39,2026-08-06 13:04:31+00:00,97.0,76.0,,21.3167406,72.8883797,26.299999237060547,-0.286,-0.244,0.94,,0.0,0.0,0.0,,,,,0.0,0.0,29.0,-2.9500000000126647e-05,2.43000000068605e-05,0.52,76.0,36.5,2
81055,SO-0602,Constable Dinesh Chaudhary,Constable,39,2026-08-06 13:05:01+00:00,85.0,86.0,,21.3167334,72.8884149,26.299999237060547,-0.83,-0.201,-0.517,,0.0,0.0,0.0,,,,,0.0,0.0,30.0,-7.199999998874773e-06,3.519999999923584e-05,0.46,86.0,36.5,0
81058,SO-0602,Constable Dinesh Chaudhary,Constable,39,2026-08-06 13:06:01+00:00,82.0,64.0,,21.3167349,72.888443,26.299999237060547,-0.743,-0.168,-0.688,,0.0,0.0,0.0,,,,,0.0,0.0,60.0,1.4999999997655775e-06,2.8099999994424252e-05,0.18,64.0,36.5,0
81060,SO-0602,Constable Dinesh Chaudhary,Constable,39,2026-08-06 13:06:31+00:00,97.0,81.0,,21.3167666,72.8883595,26.200000762939453,-0.609,0.103,0.751,,0.0,0.0,0.0,,,,,0.0,0.0,30.0,3.1700000000967066e-05,-8.349999998813473e-05,1.15,81.0,36.5,2
81062,SO-0602,Constable Dinesh Chaudhary,Constable,39,2026-08-06 13:07:01+00:00,96.0,78.0,,21.3167301,72.8884884,30.102499148670987,-0.127,0.941,0.325,,0.0,0.0,0.0,,,,,0.0,0.0,30.0,-3.6500000000216914e-05,0.0001288999999928,1.72,78.0,36.5,2
81064,SO-0602,Constable Dinesh Chaudhary,Constable,39,2026-08-06 13:07:33+00:00,96.0,82.0,,21.3167508,72.8883725,26.200000762939453,-0.1,0.937,0.271,,0.0,0.0,0.0,,,,,0.0,0.0,32.0,2.0700000000317686e-05,-0.0001158999999972,1.42,82.0,36.5,2
81066,SO-0602,Constable Dinesh Chaudhary,Constable,39,2026-08-06 13:08:03+00:00,89.0,87.0,,21.3167415,72.8883826,26.200000762939453,-0.262,-0.843,0.41,,0.0,0.0,0.0,,,,,0.0,0.0,30.0,-9.300000002099296e-06,1.009999999723732e-05,0.18,87.0,36.5,0
81068,SO-0602,Constable Dinesh Chaudhary,Constable,39,2026-08-06 13:08:33+00:00,90.0,86.0,,21.3167312,72.8884347,26.200000762939453,-0.502,-0.742,0.424,,0.0,0.0,0.0,,,,,0.0,0.0,30.0,-1.0299999999574538e-05,5.210000000488435e-05,0.68,86.0,36.5,0
81070,SO-0602,Constable Dinesh Chaudhary,Constable,39,2026-08-06 13:09:01+00:00,86.0,61.0,,21.3167334,72.8884207,26.200000762939453,-0.506,-0.744,0.439,,0.0,0.0,0.0,,,,,0.0,0.0,28.0,2.2000000008404186e-06,-1.4000000007285962e-05,0.2,61.0,36.5,0
81071,SO-0602,Constable Dinesh Chaudhary,Constable,39,2026-08-06 13:09:31+00:00,92.0,85.0,,21.3167338,72.8884233,26.200000762939453,-0.534,-0.722,0.423,,0.0,0.0,0.0,,,,,0.0,0.0,30.0,4.000000011217253e-07,2.600000001962144e-06,0.03,85.0,36.5,2
81072,SO-0602,Constable Dinesh Chaudhary,Constable,39,2026-08-06 13:10:01+00:00,90.0,61.0,,21.316749,72.8884019,26.200000762939453,-0.553,-0.713,0.378,,0.0,0.0,0.0,,,,,0.0,0.0,30.0,1.5199999999992995e-05,-2.13999999942871e-05,0.34,61.0,36.5,0
81073,SO-0602,Constable Dinesh Chaudhary,Constable,39,2026-08-06 13:10:33+00:00,83.0,85.0,,21.3167334,72.8884254,26.200000762939453,-0.539,-0.722,0.406,,0.0,0.0,0.0,,,,,0.0,0.0,32.0,-1.5600000001114722e-05,2.3499999997511622e-05,0.34,85.0,36.5,0
81074,SO-0602,Constable Dinesh Chaudhary,Constable,39,2026-08-06 13:11:01+00:00,87.0,88.0,,21.3167323,72.8884333,26.200000762939453,-0.516,-0.723,0.407,,0.0,0.0,0.0,,,,,0.0,0.0,28.0,-1.0999999986438525e-06,7.899999999949614e-06,0.11,88.0,36.5,0
81075,SO-0602,Constable Dinesh Chaudhary,Constable,39,2026-08-06 13:11:31+00:00,83.0,87.0,,21.3167433,72.8884186,26.200000762939453,-0.535,-0.718,0.41,,0.0,0.0,0.0,,,,,0.0,0.0,30.0,1.0999999997096666e-05,-1.4700000008360805e-05,0.24,87.0,36.5,0
81076,SO-0602,Constable Dinesh Chaudhary,Constable,39,2026-08-06 13:12:01+00:00,88.0,70.0,,21.3167205,72.8884593,26.299999237060547,-0.56,-0.711,0.398,,0.0,0.0,0.0,,,,,0.0,0.0,30.0,-2.2799999999989495e-05,4.069999999956053e-05,0.6,70.0,36.5,0
81077,SO-0602,Constable Dinesh Chaudhary,Constable,39,2026-08-06 13:12:31+00:00,83.0,56.0,,21.3167283,72.8884365,26.200000762939453,-0.615,-0.697,0.374,,0.0,0.0,0.0,,,,,0.0,0.0,30.0,7.800000002333718e-06,-2.279999999643678e-05,0.31,56.0,36.5,0
81078,SO-0602,Constable Dinesh Chaudhary,Constable,39,2026-08-06 13:13:01+00:00,81.0,77.0,,21.3167293,72.8884369,26.200000762939453,-0.549,-0.713,0.411,,0.0,0.0,0.0,,,,,0.0,0.0,30.0,9.999999974752427e-07,4.0000000467443897e-07,0.01,77.0,36.5,0
81079,SO-0602,Constable Dinesh Chaudhary,Constable,39,2026-08-06 13:13:31+00:00,81.0,58.0,,21.3167313,72.8884234,26.200000762939453,-0.568,-0.701,0.403,,0.0,0.0,0.0,,,,,0.0,0.0,30.0,2.0000000020559128e-06,-1.350000000854834e-05,0.18,58.0,36.5,0
81080,SO-0602,Constable Dinesh Chaudhary,Constable,39,2026-08-06 13:14:01+00:00,89.0,76.0,,21.3167305,72.8884344,26.200000762939453,-0.551,-0.707,0.42,,0.0,0.0,0.0,,,,,0.0,0.0,30.0,-8.000000022434506e-07,1.100000000064938e-05,0.14,76.0,36.5,0
81081,SO-0602,Constable Dinesh Chaudhary,Constable,39,2026-08-06 13:14:31+00:00,96.0,86.0,,21.3167288,72.8884408,26.200000762939453,-0.551,-0.703,0.432,,0.0,0.0,0.0,,,,,0.0,0.0,30.0,-1.6999999985500835e-06,6.40000000373675e-06,0.09,86.0,36.5,2
81082,SO-0602,Constable Dinesh Chaudhary,Constable,39,2026-08-06 13:15:01+00:00,91.0,75.0,,21.316725,72.888504,26.100000381469727,-0.55,-0.693,0.425,,0.0,0.0,0.0,,,,,0.0,0.0,30.0,-3.799999998221893e-06,6.319999999959691e-05,0.81,75.0,36.5,2
81083,SO-0602,Constable Dinesh Chaudhary,Constable,39,2026-08-06 13:15:31+00:00,82.0,85.0,,21.3167284,72.8884478,26.200000762939453,-0.55,-0.704,0.425,,0.0,0.0,0.0,,,,,0.0,0.0,30.0,3.399999997100167e-06,-5.620000000305936e-05,0.72,85.0,36.5,0
81084,SO-0602,Constable Dinesh Chaudhary,Constable,39,2026-08-06 13:16:01+00:00,100.0,80.0,,21.3167443,72.888404,26.200000762939453,-0.548,-0.704,0.432,,0.0,0.0,0.0,,,,,0.0,0.0,30.0,1.5900000001067838e-05,-4.38000000002603e-05,0.6,80.0,36.5,2
81085,SO-0602,Constable Dinesh Chaudhary,Constable,39,2026-08-06 13:16:31+00:00,81.0,80.0,,21.31673,72.8884321,26.200000762939453,-0.547,-0.699,0.43,,0.0,0.0,0.0,,,,,0.0,0.0,30.0,-1.430000000013365e-05,2.8100000008635103e-05,0.41,80.0,36.5,0
81086,SO-0602,Constable Dinesh Chaudhary,Constable,39,2026-08-06 13:17:01+00:00,95.0,83.0,,21.3167191,72.8884845,26.299999237060547,-0.539,-0.696,0.434,,0.0,0.0,0.0,,,,,0.0,0.0,30.0,-1.089999999948077e-05,5.240000000128475e-05,0.69,83.0,36.5,2
81087,SO-0602,Constable Dinesh Chaudhary,Constable,39,2026-08-06 13:17:31+00:00,84.0,78.0,,21.3167277,72.8884379,26.200000762939453,-0.541,-0.701,0.442,,0.0,0.0,0.0,,,,,0.0,0.0,30.0,8.600000001024455e-06,-4.660000000455966e-05,0.61,78.0,36.5,0
81088,SO-0602,Constable Dinesh Chaudhary,Constable,39,2026-08-06 13:18:01+00:00,90.0,85.0,,21.3167321,72.8884187,26.200000762939453,-0.535,-0.698,0.436,,0.0,0.0,0.0,,,,,0.0,0.0,30.0,4.3999999981281235e-06,-1.9199999996999395e-05,0.25,85.0,36.5,0
81089,SO-0602,Constable Dinesh Chaudhary,Constable,39,2026-08-06 13:18:33+00:00,84.0,88.0,,21.3167285,72.8884383,26.200000762939453,-0.542,-0.696,0.438,,0.0,0.0,0.0,,,,,0.0,0.0,32.0,-3.5999999994373866e-06,1.960000000167383e-05,0.24,88.0,36.5,0
81090,SO-0602,Constable Dinesh Chaudhary,Constable,39,2026-08-06 13:19:01+00:00,85.0,84.0,,21.3167305,72.8884344,26.200000762939453,-0.543,-0.701,0.428,,0.0,0.0,0.0,,,,,0.0,0.0,28.0,1.999999998503199e-06,-3.900000010048643e-06,0.06,84.0,36.5,0
81091,SO-0602,Constable Dinesh Chaudhary,Constable,39,2026-08-06 13:19:31+00:00,93.0,88.0,,21.3167456,72.8884022,26.200000762939453,-0.541,-0.694,0.428,,0.0,0.0,0.0,,,,,0.0,0.0,30.0,1.51000000023771e-05,-3.219999999259926e-05,0.46,88.0,36.5,2
81092,SO-0602,Constable Dinesh Chaudhary,Constable,39,2026-08-06 13:20:01+00:00,85.0,66.0,,21.3167294,72.8884316,26.200000762939453,-0.548,-0.705,0.421,,0.0,0.0,0.0,,,,,0.0,0.0,30.0,-1.6200000001020953e-05,2.940000000251075e-05,0.43,66.0,36.5,0
81093,SO-0602,Constable Dinesh Chaudhary,Constable,39,2026-08-06 13:20:31+00:00,98.0,87.0,,21.3167496,72.8884014,26.200000762939453,-0.542,-0.702,0.428,,0.0,0.0,0.0,,,,,0.0,0.0,30.0,2.0200000001580065e-05,-3.0199999997648778e-05,0.47,87.0,36.5,2
81094,SO-0602,Constable Dinesh Chaudhary,Constable,39,2026-08-06 13:21:01+00:00,83.0,61.0,,21.3167249,72.8884503,26.200000762939453,-0.541,-0.698,0.43,,0.0,0.0,0.0,,,,,0.0,0.0,30.0,-2.47000000008768e-05,4.889999999591055e-05,0.71,61.0,36.5,0
81095,SO-0602,Constable Dinesh Chaudhary,Constable,39,2026-08-06 13:21:31+00:00,83.0,86.0,,21.3167289,72.8884337,26.200000762939453,-0.537,-0.706,0.429,,0.0,0.0,0.0,,,,,0.0,0.0,30.0,4.000000000559112e-06,-1.6600000009248106e-05,0.22,86.0,36.5,0
81096,SO-0602,Constable Dinesh Chaudhary,Constable,39,2026-08-06 13:22:01+00:00,84.0,78.0,,21.3167263,72.8884494,26.200000762939453,-0.53,-0.699,0.434,,0.0,0.0,0.0,,,,,0.0,0.0,30.0,-2.600000001962144e-06,1.5700000005836046e-05,0.2,78.0,36.5,0
81097,SO-0602,Constable Dinesh Chaudhary,Constable,39,2026-08-06 13:22:31+00:00,92.0,83.0,,21.3167509,72.8884077,26.200000762939453,-0.566,-0.692,0.427,,0.0,0.0,0.0,,,,,0.0,0.0,30.0,2.459999999970819e-05,-4.1699999997035775e-05,0.63,83.0,36.5,2
81098,SO-0602,Constable Dinesh Chaudhary,Constable,39,2026-08-06 13:23:01+00:00,92.0,75.0,,21.316745,72.888412,26.200000762939453,-0.549,-0.695,0.439,,0.0,0.0,0.0,,,,,0.0,0.0,30.0,-5.899999997893701e-06,4.300000000512227e-06,0.1,75.0,36.5,2
81099,SO-0602,Constable Dinesh Chaudhary,Constable,39,2026-08-06 13:23:31+00:00,85.0,75.0,,21.3167371,72.88842,26.100000381469727,-0.536,-0.691,0.462,,0.0,0.0,0.0,,,,,0.0,0.0,30.0,-7.899999999949614e-06,7.999999994012796e-06,0.15,75.0,36.5,0
81100,SO-0602,Constable Dinesh Chaudhary,Constable,39,2026-08-06 13:24:01+00:00,82.0,75.0,,21.3167293,72.8884369,26.200000762939453,-0.515,-0.677,0.476,,0.0,0.0,0.0,,,,,0.0,0.0,30.0,-7.800000002333718e-06,1.6900000005648508e-05,0.24,75.0,36.5,0
81101,SO-0602,Constable Dinesh Chaudhary,Constable,39,2026-08-06 13:24:31+00:00,82.0,84.0,,21.3167293,72.8884369,26.200000762939453,-0.521,-0.691,0.464,,0.0,0.0,0.0,,,,,0.0,0.0,30.0,0.0,0.0,0.0,84.0,36.5,0
81102,SO-0602,Constable Dinesh Chaudhary,Constable,39,2026-08-06 13:25:01+00:00,89.0,71.0,,21.3167313,72.8884485,26.200000762939453,-0.514,-0.697,0.462,,0.0,0.0,0.0,,,,,0.0,0.0,30.0,2.0000000020559128e-06,1.1599999993450185e-05,0.15,71.0,36.5,0
81103,SO-0602,Constable Dinesh Chaudhary,Constable,39,2026-08-06 13:25:31+00:00,89.0,88.0,,21.3167241,72.8884601,26.200000762939453,-0.507,-0.695,0.48,,0.0,0.0,0.0,,,,,0.0,0.0,30.0,-7.200000002427487e-06,1.1600000007661038e-05,0.18,88.0,36.5,0
81104,SO-0602,Constable Dinesh Chaudhary,Constable,39,2026-08-06 13:26:01+00:00,85.0,77.0,,21.3167266,72.8884378,26.200000762939453,-0.526,-0.672,0.482,,0.0,0.0,0.0,,,,,0.0,0.0,30.0,2.500000000793534e-06,-2.229999999769916e-05,0.29,77.0,36.5,0
81105,SO-0602,Constable Dinesh Chaudhary,Constable,39,2026-08-06 13:26:33+00:00,89.0,87.0,,21.3167401,72.8884145,26.200000762939453,-0.557,-0.681,0.439,,0.0,0.0,0.0,,,,,0.0,0.0,32.0,1.3500000001442912e-05,-2.3300000009385254e-05,0.33,87.0,36.5,0
81106,SO-0602,Constable Dinesh Chaudhary,Constable,39,2026-08-06 13:27:01+00:00,85.0,82.0,,21.3167426,72.8884112,26.200000762939453,-0.599,-0.667,0.419,,0.0,0.0,0.0,,,,,0.0,0.0,28.0,2.500000000793534e-06,-3.3000000030369847e-06,0.06,82.0,36.5,0
81107,SO-0602,Constable Dinesh Chaudhary,Constable,39,2026-08-06 13:27:31+00:00,88.0,88.0,,21.3167421,72.8884176,26.200000762939453,-0.605,-0.657,0.43,,0.0,0.0,0.0,,,,,0.0,0.0,30.0,-5.00000002290335e-07,6.40000000373675e-06,0.08,88.0,36.5,0
81108,SO-0602,Constable Dinesh Chaudhary,Constable,39,2026-08-06 13:28:01+00:00,81.0,68.0,,21.3167499,72.8883785,26.200000762939453,-0.593,-0.661,0.429,,0.0,0.0,0.0,,,,,0.0,0.0,30.0,7.800000002333718e-06,-3.909999999507363e-05,0.51,68.0,36.5,0
81109,SO-0602,Constable Dinesh Chaudhary,Constable,39,2026-08-06 13:28:31+00:00,92.0,83.0,,21.3167313,72.8884234,26.200000762939453,-0.576,-0.663,0.438,,0.0,0.0,0.0,,,,,0.0,0.0,30.0,-1.860000000064588e-05,4.489999999179872e-05,0.63,83.0,36.5,2
81110,SO-0602,Constable Dinesh Chaudhary,Constable,39,2026-08-06 13:29:01+00:00,82.0,83.0,,21.3167383,72.8883959,26.200000762939453,-0.576,-0.671,0.43,,0.0,0.0,0.0,,,,,0.0,0.0,30.0,7.000000000090267e-06,-2.7499999987412593e-05,0.37,83.0,36.5,0
81111,SO-0602,Constable Dinesh Chaudhary,Constable,39,2026-08-06 13:29:36+00:00,87.0,88.0,,21.3170465,72.887916,26.200000762939453,-0.235,-0.959,0.196,,0.0,0.0,0.0,,,,,0.0,0.0,35.0,0.0003081999999992,-0.0004799000000019,6.34,88.0,36.5,1
81112,SO-0602,Constable Dinesh Chaudhary,Constable,39,2026-08-06 13:30:01+00:00,82.0,88.0,,21.3167515,72.8883193,26.200000762939453,-0.006,-0.375,-0.96,,0.0,0.0,0.0,,,,,0.0,0.0,25.0,-0.0002950000000012,0.0004033000000021,7.8,88.0,36.5,1
81113,SO-0602,Constable Dinesh Chaudhary,Constable,39,2026-08-06 13:30:31+00:00,83.0,87.0,,21.3167563,72.8883163,26.200000762939453,-0.003,-0.383,-0.958,,0.0,0.0,0.0,,,,,0.0,0.0,30.0,4.8000000028025624e-06,-3.000000006636583e-06,0.07,87.0,36.5,0
81114,SO-0602,Constable Dinesh Chaudhary,Constable,39,2026-08-06 13:31:01+00:00,85.0,88.0,,21.3167563,72.8883163,26.200000762939453,0.003,-0.385,-0.958,,0.0,0.0,0.0,,,,,0.0,0.0,30.0,0.0,0.0,0.0,88.0,36.5,0
81115,SO-0602,Constable Dinesh Chaudhary,Constable,39,2026-08-06 13:31:31+00:00,81.0,,,21.3167545,72.8883179,26.200000762939453,0.007,-0.385,-0.962,,0.0,0.0,0.0,,,,,0.0,0.0,30.0,-1.800000003271407e-06,1.6000000044869012e-06,0.03,88.0,36.5,0
81116,SO-0602,Constable Dinesh Chaudhary,Constable,39,2026-08-06 13:32:01+00:00,82.0,,,21.3167563,72.8883163,26.200000762939453,0.013,-0.384,-0.948,,0.0,0.0,0.0,,,,,0.0,0.0,30.0,1.800000003271407e-06,-1.6000000044869012e-06,0.03,88.0,36.5,0
81117,SO-0602,Constable Dinesh Chaudhary,Constable,39,2026-08-06 13:32:36+00:00,82.0,,,21.3166474,72.8875468,26.200000762939453,0.01,-0.387,-0.96,,0.0,0.0,0.0,,,,,0.0,0.0,35.0,-0.0001089000000007,-0.000769500000004,8.55,88.0,36.5,1
81118,SO-0602,Constable Dinesh Chaudhary,Constable,39,2026-08-06 13:33:01+00:00,91.0,88.0,,21.3167563,72.8883163,26.200000762939453,0.42,-0.258,-0.894,,0.0,0.0,0.0,,,,,0.0,0.0,25.0,0.0001089000000007,0.000769500000004,11.98,88.0,36.5,1
81119,SO-0602,Constable Dinesh Chaudhary,Constable,39,2026-08-06 13:33:31+00:00,93.0,85.0,,21.3167569,72.8883187,26.200000762939453,-0.287,0.323,0.891,,0.0,0.0,0.0,,,,,0.0,0.0,30.0,5.999999999062311e-07,2.3999999996249244e-06,0.03,85.0,36.5,2
81120,SO-0602,Constable Dinesh Chaudhary,Constable,39,2026-08-06 13:34:01+00:00,83.0,85.0,,21.3167569,72.8883187,26.200000762939453,-0.312,0.284,0.892,,0.0,0.0,0.0,,,,,0.0,0.0,30.0,0.0,0.0,0.0,85.0,36.5,0
81121,SO-0602,Constable Dinesh Chaudhary,Constable,39,2026-08-06 13:34:31+00:00,84.0,86.0,,21.3167571,72.8883176,26.200000762939453,-0.325,0.279,0.891,,0.0,0.0,0.0,,,,,0.0,0.0,30.0,1.999999987845058e-07,-1.1000000057492798e-06,0.01,86.0,36.5,0
81122,SO-0602,Constable Dinesh Chaudhary,Constable,39,2026-08-06 13:35:01+00:00,82.0,85.0,,21.3167574,72.8883164,26.200000762939453,-0.272,0.327,0.893,,0.0,0.0,0.0,,,,,0.0,0.0,30.0,2.999999999531156e-07,-1.1999999998124622e-06,0.02,85.0,36.5,0
81123,SO-0602,Constable Dinesh Chaudhary,Constable,39,2026-08-06 13:35:31+00:00,84.0,87.0,,21.3167571,72.8883176,26.200000762939453,-0.234,0.351,0.894,,0.0,0.0,0.0,,,,,0.0,0.0,30.0,-2.999999999531156e-07,1.1999999998124622e-06,0.02,87.0,36.5,0
81124,SO-0602,Constable Dinesh Chaudhary,Constable,39,2026-08-06 13:36:01+00:00,90.0,88.0,,21.3167522,72.8883621,26.200000762939453,0.758,0.599,-0.264,,0.0,0.0,0.0,,,,,0.0,0.0,30.0,-4.9000000004184585e-06,4.450000000133514e-05,0.57,88.0,36.5,0
81125,SO-0602,Constable Dinesh Chaudhary,Constable,39,2026-08-06 13:43:01+00:00,88.0,88.0,,21.3167427,72.8884142,26.200000762939453,-0.529,-0.682,0.464,,0.0,0.0,0.0,,,,,0.0,0.0,420.0,-9.5000000008838e-06,5.210000000488435e-05,0.0,88.0,36.5,0
81126,SO-0602,Constable Dinesh Chaudhary,Constable,39,2026-08-06 13:43:36+00:00,86.0,84.0,,21.3167218,72.8884773,26.299999237060547,-0.789,0.344,0.475,,0.0,0.0,0.0,,,,,0.0,0.0,35.0,-2.0899999999102192e-05,6.310000000553373e-05,0.73,84.0,36.5,0
81127,SO-0602,Constable Dinesh Chaudhary,Constable,39,2026-08-06 13:44:04+00:00,86.0,72.0,,21.3168146,72.8885238,26.299999237060547,-0.253,0.914,0.278,,0.0,0.0,0.0,,,,,0.0,0.0,28.0,9.280000000089216e-05,4.6499999996285624e-05,1.47,72.0,36.5,0
81128,SO-0602,Constable Dinesh Chaudhary,Constable,39,2026-08-06 13:44:32+00:00,86.0,68.0,,21.3167637,72.8883932,26.299999237060547,-0.361,0.908,0.209,,0.0,0.0,0.0,,,,,0.0,0.0,28.0,-5.0900000001519174e-05,-0.0001306000000056,1.94,68.0,36.5,0
81406,SO-0602,Constable Dinesh Chaudhary,Constable,39,2026-08-06 15:13:02+00:00,90.0,88.0,,21.3167549,72.8883472,26.200000762939453,-0.733,-0.474,0.432,,0.0,0.0,0.0,,,,,0.0,0.0,5310.0,-8.79999999980896e-06,-4.5999999997548e-05,0.0,88.0,36.5,0
81409,SO-0602,Constable Dinesh Chaudhary,Constable,39,2026-08-06 15:13:31+00:00,88.0,76.0,,21.3167317,72.8885124,26.100000381469727,-0.852,-0.479,0.157,,0.0,0.0,0.0,,,,,0.0,0.0,29.0,-2.320000000111122e-05,0.0001651999999978,2.22,76.0,36.5,0
81411,SO-0602,Constable Dinesh Chaudhary,Constable,39,2026-08-06 15:14:02+00:00,93.0,76.0,,21.3167549,72.8883472,26.200000762939453,-0.534,-0.509,0.64,,0.0,0.0,0.0,,,,,0.0,0.0,31.0,2.320000000111122e-05,-0.0001651999999978,2.07,76.0,36.5,2
81414,SO-0602,Constable Dinesh Chaudhary,Constable,39,2026-08-06 15:14:32+00:00,89.0,88.0,,21.3167508,72.8883741,26.200000762939453,-0.402,-0.487,0.751,,0.0,0.0,0.0,,,,,0.0,0.0,30.0,-4.099999998175008e-06,2.689999999461179e-05,0.35,88.0,36.5,0
81417,SO-0602,Constable Dinesh Chaudhary,Constable,39,2026-08-06 15:15:01+00:00,94.0,88.0,,21.3167522,72.8883645,26.200000762939453,-0.56,-0.271,0.756,,0.0,0.0,0.0,,,,,0.0,0.0,29.0,1.399999998596968e-06,-9.599999998499698e-06,0.13,88.0,36.5,2
81419,SO-0602,Constable Dinesh Chaudhary,Constable,39,2026-08-06 15:15:32+00:00,86.0,88.0,,21.3167524,72.8883659,26.200000762939453,-0.562,-0.27,0.754,,0.0,0.0,0.0,,,,,0.0,0.0,31.0,1.999999987845058e-07,1.4000000021496817e-06,0.02,88.0,36.5,0
81663,SO-0602,Constable Dinesh Chaudhary,Constable,39,2026-08-06 16:11:23+00:00,84.0,86.0,,21.3166959,72.8890809,26.200000762939453,-0.175,0.966,0.083,,0.0,0.0,0.0,,,,,0.0,0.0,3351.0,-5.649999999945976e-05,0.0007149999999995,0.0,86.0,36.5,0
81667,SO-0602,Constable Dinesh Chaudhary,Constable,39,2026-08-06 16:11:55+00:00,95.0,82.0,,21.3167415,72.8889018,26.299999237060547,-0.511,1.299,0.183,,0.0,0.0,0.0,,,,,0.0,0.0,32.0,4.559999999997899e-05,-0.0001790999999968,2.23,82.0,36.5,2
81669,SO-0602,Constable Dinesh Chaudhary,Constable,39,2026-08-06 16:12:23+00:00,95.0,54.0,,21.316776,72.8885685,22.726201919602488,-0.544,1.46,0.174,,0.0,0.0,0.0,,,,,0.0,0.0,28.0,3.4500000001713715e-05,-0.000333299999994,4.61,54.0,36.5,1
81672,SO-0602,Constable Dinesh Chaudhary,Constable,39,2026-08-06 16:12:53+00:00,85.0,54.0,,21.3169343,72.8884301,26.600000381469727,-0.277,0.987,-0.115,,0.0,0.0,0.0,,,,,0.0,0.0,30.0,0.0001582999999989,-0.0001384000000115,2.76,54.0,36.5,0
81675,SO-0602,Constable Dinesh Chaudhary,Constable,39,2026-08-06 16:13:23+00:00,100.0,88.0,,21.3169288,72.8884294,13.245638291203718,-0.939,0.143,-0.154,,0.0,0.0,0.0,,,,,0.0,0.0,30.0,-5.50000000032469e-06,-6.999999868639861e-07,0.07,88.0,36.5,2
81678,SO-0602,Constable Dinesh Chaudhary,Constable,39,2026-08-06 16:13:53+00:00,100.0,88.0,,21.3169346,72.8884257,26.600000381469727,-0.929,0.12,-0.44,,0.0,0.0,0.0,,,,,0.0,0.0,30.0,5.800000000277805e-06,-3.700000007711424e-06,0.09,88.0,36.5,2
81681,SO-0602,Constable Dinesh Chaudhary,Constable,39,2026-08-06 16:14:23+00:00,100.0,86.0,,21.3169319,72.8884216,26.600000381469727,-0.097,1.04,-0.001,,0.0,0.0,0.0,,,,,0.0,0.0,30.0,-2.69999999957804e-06,-4.099999998175008e-06,0.06,86.0,36.5,2
81684,SO-0602,Constable Dinesh Chaudhary,Constable,39,2026-08-06 16:14:53+00:00,93.0,71.0,,21.3168555,72.8884273,26.5,-0.795,0.875,0.72,,0.0,0.0,0.0,,,,,0.0,0.0,30.0,-7.640000000108671e-05,5.700000002661909e-06,1.02,71.0,36.5,2
81688,SO-0602,Constable Dinesh Chaudhary,Constable,39,2026-08-06 16:15:24+00:00,93.0,56.0,,21.3168559,72.888411,26.399999618530273,-0.105,0.849,-0.047,,0.0,0.0,0.0,,,,,0.0,0.0,31.0,4.000000011217253e-07,-1.629999999863685e-05,0.2,56.0,36.5,2
81690,SO-0602,Constable Dinesh Chaudhary,Constable,39,2026-08-06 16:15:53+00:00,94.0,85.0,,21.3167545,72.8883179,26.200000762939453,-0.282,-0.453,0.816,,0.0,0.0,0.0,,,,,0.0,0.0,29.0,-0.0001014000000019,-9.310000000084528e-05,1.87,85.0,36.5,2
81694,SO-0602,Constable Dinesh Chaudhary,Constable,39,2026-08-06 16:16:27+00:00,88.0,87.0,,21.3170465,72.887916,26.200000762939453,-0.64,-0.165,0.741,,0.0,0.0,0.0,,,,,0.0,0.0,34.0,0.0002920000000017,-0.0004018999999999,5.7,87.0,36.5,1
81696,SO-0602,Constable Dinesh Chaudhary,Constable,39,2026-08-06 16:16:53+00:00,89.0,86.0,,21.3167563,72.8883163,26.200000762939453,-0.406,-0.648,0.627,,0.0,0.0,0.0,,,,,0.0,0.0,26.0,-0.0002901999999984,0.0004002999999954,7.42,86.0,36.5,1
81699,SO-0602,Constable Dinesh Chaudhary,Constable,39,2026-08-06 16:17:23+00:00,96.0,88.0,,21.3167279,72.888516,26.100000381469727,0.028,-0.892,0.396,,0.0,0.0,0.0,,,,,0.0,0.0,30.0,-2.8400000001482795e-05,0.000199699999996,2.59,88.0,36.5,2
81702,SO-0602,Constable Dinesh Chaudhary,Constable,39,2026-08-06 16:17:53+00:00,92.0,86.0,,21.31689,72.8883971,26.600000381469727,-0.265,-0.659,0.885,,0.0,0.0,0.0,,,,,0.0,0.0,30.0,0.0001621000000007,-0.0001188999999897,2.64,86.0,36.5,2
81705,SO-0602,Constable Dinesh Chaudhary,Constable,39,2026-08-06 16:18:23+00:00,84.0,88.0,,21.3168006,72.8884842,26.100000381469727,-0.173,-0.551,0.797,,0.0,0.0,0.0,,,,,0.0,0.0,30.0,-8.940000000023929e-05,8.709999998757212e-05,1.63,88.0,36.5,0
81708,SO-0602,Constable Dinesh Chaudhary,Constable,39,2026-08-06 16:18:53+00:00,93.0,87.0,,21.3167441,72.8884043,26.200000762939453,-0.2,-0.558,0.79,,0.0,0.0,0.0,,,,,0.0,0.0,30.0,-5.649999999945976e-05,-7.989999998869735e-05,1.27,87.0,36.5,2
81711,SO-0602,Constable Dinesh Chaudhary,Constable,39,2026-08-06 16:19:23+00:00,81.0,86.0,,21.316745,72.888397,26.200000762939453,-0.321,-0.557,0.74,,0.0,0.0,0.0,,,,,0.0,0.0,30.0,8.999999998593466e-07,-7.30000000714881e-06,0.09,86.0,36.5,0
81714,SO-0602,Constable Dinesh Chaudhary,Constable,39,2026-08-06 16:19:53+00:00,83.0,65.0,,21.3167279,72.888516,26.100000381469727,-0.309,-0.556,0.761,,0.0,0.0,0.0,,,,,0.0,0.0,30.0,-1.71000000008803e-05,0.0001189999999979,1.54,65.0,36.5,0
81717,SO-0602,Constable Dinesh Chaudhary,Constable,39,2026-08-06 16:20:23+00:00,85.0,85.0,,21.3167454,72.8883971,26.200000762939453,-0.91,-0.235,0.328,,0.0,0.0,0.0,,,,,0.0,0.0,30.0,1.749999999844931e-05,-0.0001188999999897,1.54,85.0,36.5,0
81721,SO-0602,Constable Dinesh Chaudhary,Constable,39,2026-08-06 16:20:57+00:00,92.0,86.0,,21.3167454,72.8883971,26.200000762939453,-0.349,0.977,0.536,,0.0,0.0,0.0,,,,,0.0,0.0,34.0,0.0,0.0,0.0,86.0,36.5,2
81724,SO-0602,Constable Dinesh Chaudhary,Constable,39,2026-08-06 16:21:25+00:00,84.0,75.0,,21.3167543,72.8883199,26.200000762939453,-0.396,0.268,0.91,,0.0,0.0,0.0,,,,,0.0,0.0,28.0,8.90000000097757e-06,-7.720000000688287e-05,1.07,75.0,36.5,0
81727,SO-0602,Constable Dinesh Chaudhary,Constable,39,2026-08-06 16:21:53+00:00,87.0,88.0,,21.3167573,72.8883158,26.200000762939453,-0.927,-0.045,0.442,,0.0,0.0,0.0,,,,,0.0,0.0,28.0,2.9999999995311555e-06,-4.099999998175008e-06,0.07,88.0,36.5,0
81729,SO-0602,Constable Dinesh Chaudhary,Constable,39,2026-08-06 16:22:23+00:00,99.0,88.0,,21.3168877,72.8883924,26.200000762939453,-0.046,0.53,0.84,,0.0,0.0,0.0,,,,,0.0,0.0,30.0,0.0001303999999997,7.659999999987122e-05,2.0,88.0,36.5,2
81732,SO-0602,Constable Dinesh Chaudhary,Constable,39,2026-08-06 16:22:53+00:00,97.0,68.0,,21.31682,72.8883911,26.200000762939453,-0.191,0.036,0.975,,0.0,0.0,0.0,,,,,0.0,0.0,30.0,-6.769999999889365e-05,-1.2999999938756446e-06,0.9,68.0,36.5,2
81735,SO-0602,Constable Dinesh Chaudhary,Constable,39,2026-08-06 16:23:23+00:00,100.0,88.0,,21.3167545,72.8883179,26.200000762939453,-0.654,0.25,0.709,,0.0,0.0,0.0,,,,,0.0,0.0,30.0,-6.550000000160594e-05,-7.320000000277105e-05,1.28,88.0,36.5,2
81739,SO-0602,Constable Dinesh Chaudhary,Constable,39,2026-08-06 16:23:57+00:00,82.0,88.0,,21.3167545,72.8883179,26.200000762939453,-0.814,0.427,0.399,,0.0,0.0,0.0,,,,,0.0,0.0,34.0,0.0,0.0,0.0,88.0,36.5,0
81741,SO-0602,Constable Dinesh Chaudhary,Constable,39,2026-08-06 16:24:23+00:00,94.0,75.0,,21.3168873,72.8883948,26.200000762939453,-0.795,0.342,0.495,,0.0,0.0,0.0,,,,,0.0,0.0,26.0,0.0001328000000029,7.689999999627162e-05,2.34,75.0,36.5,2
81744,SO-0602,Constable Dinesh Chaudhary,Constable,39,2026-08-06 16:24:53+00:00,95.0,87.0,,21.3167515,72.8883193,26.200000762939453,-0.816,0.325,0.454,,0.0,0.0,0.0,,,,,0.0,0.0,30.0,-0.0001358000000024,-7.549999999412194e-05,2.05,87.0,36.5,2
81748,SO-0602,Constable Dinesh Chaudhary,Constable,39,2026-08-06 16:25:27+00:00,100.0,80.0,,21.3167515,72.8883193,26.200000762939453,-0.317,0.249,1.0,,0.0,0.0,0.0,,,,,0.0,0.0,34.0,0.0,0.0,0.0,80.0,36.5,2
81750,SO-0602,Constable Dinesh Chaudhary,Constable,39,2026-08-06 16:25:53+00:00,94.0,84.0,,21.3168877,72.8883924,26.200000762939453,-0.535,-0.168,0.83,,0.0,0.0,0.0,,,,,0.0,0.0,26.0,0.0001362,7.309999999449701e-05,2.36,84.0,36.5,2
81754,SO-0602,Constable Dinesh Chaudhary,Constable,39,2026-08-06 16:26:27+00:00,89.0,88.0,,21.3168877,72.8883924,26.200000762939453,0.176,0.153,0.973,,0.0,0.0,0.0,,,,,0.0,0.0,34.0,0.0,0.0,0.0,88.0,36.5,0
81756,SO-0602,Constable Dinesh Chaudhary,Constable,39,2026-08-06 16:26:53+00:00,84.0,87.0,,21.316858,72.8884159,26.200000762939453,-0.816,-0.25,0.343,,0.0,0.0,0.0,,,,,0.0,0.0,26.0,-2.9699999998911153e-05,2.3499999997511622e-05,0.57,87.0,36.5,0
81759,SO-0602,Constable Dinesh Chaudhary,Constable,39,2026-08-06 16:27:23+00:00,90.0,80.0,,21.3169329,72.8884146,26.600000381469727,-0.937,-0.153,0.363,,0.0,0.0,0.0,,,,,0.0,0.0,30.0,7.490000000132113e-05,-1.2999999938756446e-06,1.0,80.0,36.5,0
81762,SO-0602,Constable Dinesh Chaudhary,Constable,39,2026-08-06 16:27:53+00:00,100.0,88.0,,21.3167573,72.8883158,26.200000762939453,-0.955,-0.19,0.027,,0.0,0.0,0.0,,,,,0.0,0.0,30.0,-0.0001756000000021,-9.88000000035072e-05,2.66,88.0,36.5,2
81766,SO-0602,Constable Dinesh Chaudhary,Constable,39,2026-08-06 16:28:27+00:00,98.0,88.0,,21.3167573,72.8883158,26.200000762939453,-0.905,-0.201,-0.377,,0.0,0.0,0.0,,,,,0.0,0.0,34.0,0.0,0.0,0.0,88.0,36.5,2
81768,SO-0602,Constable Dinesh Chaudhary,Constable,39,2026-08-06 16:28:53+00:00,95.0,87.0,,21.3167156,72.8879837,26.200000762939453,-0.799,-0.327,-0.381,,0.0,0.0,0.0,,,,,0.0,0.0,26.0,-4.170000000058849e-05,-0.0003320999999942,4.96,87.0,36.5,1
81771,SO-0602,Constable Dinesh Chaudhary,Constable,39,2026-08-06 16:29:23+00:00,83.0,87.0,,21.3169178,72.8884183,26.399999618530273,-0.824,0.711,-0.313,,0.0,0.0,0.0,,,,,0.0,0.0,30.0,0.0002022000000003,0.0004345999999912,6.19,87.0,36.5,1
81774,SO-0602,Constable Dinesh Chaudhary,Constable,39,2026-08-06 16:29:53+00:00,89.0,87.0,,21.316934,72.8884263,26.600000381469727,-0.226,0.944,0.054,,0.0,0.0,0.0,,,,,0.0,0.0,30.0,1.6200000001020953e-05,8.000000008223651e-06,0.24,87.0,36.5,0
81777,SO-0602,Constable Dinesh Chaudhary,Constable,39,2026-08-06 16:30:23+00:00,94.0,88.0,,21.3168781,72.8884115,26.200000762939453,-0.034,0.966,0.218,,0.0,0.0,0.0,,,,,0.0,0.0,30.0,-5.589999999955353e-05,-1.4800000002423984e-05,0.77,88.0,36.5,2
81780,SO-0602,Constable Dinesh Chaudhary,Constable,39,2026-08-06 16:30:53+00:00,87.0,84.0,,21.316933,72.8884216,26.600000381469727,-0.112,0.942,0.153,,0.0,0.0,0.0,,,,,0.0,0.0,30.0,5.489999999852557e-05,1.009999999723732e-05,0.74,84.0,36.5,0
81784,SO-0602,Constable Dinesh Chaudhary,Constable,39,2026-08-06 16:31:24+00:00,99.0,88.0,,21.3169301,72.8884207,26.600000381469727,-0.97,0.181,-0.181,,0.0,0.0,0.0,,,,,0.0,0.0,31.0,-2.8999999983625457e-06,-9.000000034120603e-07,0.04,88.0,36.5,2
81786,SO-0602,Constable Dinesh Chaudhary,Constable,39,2026-08-06 16:31:53+00:00,100.0,88.0,,21.3169299,72.8884278,26.600000381469727,-0.674,0.223,-0.74,,0.0,0.0,0.0,,,,,0.0,0.0,29.0,-1.999999987845058e-07,7.100000004811591e-06,0.09,88.0,36.5,2
81789,SO-0602,Constable Dinesh Chaudhary,Constable,39,2026-08-06 16:32:23+00:00,95.0,88.0,,21.3169336,72.888426,26.600000381469727,-0.674,0.232,-0.732,,0.0,0.0,0.0,,,,,0.0,0.0,30.0,3.6999999970532822e-06,-1.8000000068241206e-06,0.05,88.0,36.5,2
81791,SO-0602,Constable Dinesh Chaudhary,Constable,39,2026-08-06 16:32:53+00:00,93.0,84.0,,21.3169313,72.8884236,26.600000381469727,-0.892,0.102,-0.54,,0.0,0.0,0.0,,,,,0.0,0.0,30.0,-2.2999999984563142e-06,-2.3999999996249244e-06,0.04,84.0,36.5,2
81794,SO-0602,Constable Dinesh Chaudhary,Constable,39,2026-08-06 16:33:23+00:00,93.0,88.0,,21.3169317,72.8884191,26.600000381469727,-0.797,0.207,-0.562,,0.0,0.0,0.0,,,,,0.0,0.0,30.0,4.000000011217253e-07,-4.500000002849447e-06,0.06,88.0,36.5,2
81797,SO-0602,Constable Dinesh Chaudhary,Constable,39,2026-08-06 16:33:54+00:00,98.0,87.0,,21.3169326,72.8884292,26.600000381469727,-0.975,0.127,-0.365,,0.0,0.0,0.0,,,,,0.0,0.0,31.0,8.999999998593466e-07,1.0100000011448174e-05,0.13,87.0,36.5,2
81800,SO-0602,Constable Dinesh Chaudhary,Constable,39,2026-08-06 16:34:23+00:00,86.0,86.0,,21.3169345,72.8884286,26.600000381469727,-0.343,-0.951,-0.011,,0.0,0.0,0.0,,,,,0.0,0.0,29.0,1.8999999973345896e-06,-6.000000070116585e-07,0.03,86.0,36.5,0
81802,SO-0602,Constable Dinesh Chaudhary,Constable,39,2026-08-06 16:34:53+00:00,94.0,86.0,,21.316936,72.8884318,26.600000381469727,-0.331,-0.941,-0.045,,0.0,0.0,0.0,,,,,0.0,0.0,30.0,1.4999999997655775e-06,3.2000000089738023e-06,0.05,86.0,36.5,2
81805,SO-0602,Constable Dinesh Chaudhary,Constable,39,2026-08-06 16:35:23+00:00,90.0,77.0,,21.3169335,72.8884175,26.600000381469727,-0.367,-0.924,-0.133,,0.0,0.0,0.0,,,,,0.0,0.0,30.0,-2.4999999972408204e-06,-1.4300000003686364e-05,0.19,77.0,36.5,0
81808,SO-0602,Constable Dinesh Chaudhary,Constable,39,2026-08-06 16:35:56+00:00,94.0,85.0,,21.3169156,72.888428,26.200000762939453,-0.271,-0.967,-0.099,,0.0,0.0,0.0,,,,,0.0,0.0,33.0,-1.7899999999571037e-05,1.0500000001911758e-05,0.25,85.0,36.5,2
81811,SO-0602,Constable Dinesh Chaudhary,Constable,39,2026-08-06 16:36:23+00:00,91.0,88.0,,21.3169328,72.8884238,26.600000381469727,-0.408,-0.905,-0.113,,0.0,0.0,0.0,,,,,0.0,0.0,27.0,1.7199999998496196e-05,-4.200000006449045e-06,0.26,88.0,36.5,2
81814,SO-0602,Constable Dinesh Chaudhary,Constable,39,2026-08-06 16:36:53+00:00,95.0,84.0,,21.3169356,72.8884265,26.600000381469727,-0.942,0.163,-0.316,,0.0,0.0,0.0,,,,,0.0,0.0,30.0,2.8000000007466497e-06,2.6999999960253263e-06,0.05,84.0,36.5,2
81818,SO-0602,Constable Dinesh Chaudhary,Constable,39,2026-08-06 16:37:24+00:00,91.0,87.0,,21.3169348,72.8884282,26.600000381469727,-0.976,0.14,0.172,,0.0,0.0,0.0,,,,,0.0,0.0,31.0,-8.000000022434506e-07,1.7000000127609385e-06,0.02,87.0,36.5,2
81820,SO-0602,Constable Dinesh Chaudhary,Constable,39,2026-08-06 16:37:53+00:00,100.0,87.0,,21.3169339,72.888429,26.600000381469727,-0.802,0.185,-0.629,,0.0,0.0,0.0,,,,,0.0,0.0,29.0,-8.999999998593466e-07,7.999999951380232e-07,0.02,87.0,36.5,2
81823,SO-0602,Constable Dinesh Chaudhary,Constable,39,2026-08-06 16:38:23+00:00,81.0,87.0,,21.316932,72.8884221,26.600000381469727,-0.996,0.189,0.043,,0.0,0.0,0.0,,,,,0.0,0.0,30.0,-1.8999999973345896e-06,-6.900000002474371e-06,0.09,87.0,36.5,0
81826,SO-0602,Constable Dinesh Chaudhary,Constable,39,2026-08-06 16:38:52+00:00,100.0,88.0,,21.3169309,72.8884275,26.600000381469727,-0.906,0.124,-0.412,,0.0,0.0,0.0,,,,,0.0,0.0,29.0,-1.100000002196566e-06,5.400000006261507e-06,0.07,88.0,36.5,2
81829,SO-0602,Constable Dinesh Chaudhary,Constable,39,2026-08-06 16:39:22+00:00,84.0,86.0,,21.3169309,72.8884284,26.600000381469727,-0.987,0.124,-0.065,,0.0,0.0,0.0,,,,,0.0,0.0,30.0,0.0,8.999999892012056e-07,0.01,86.0,36.5,0
81832,SO-0602,Constable Dinesh Chaudhary,Constable,39,2026-08-06 16:39:53+00:00,82.0,72.0,,21.3169315,72.8884221,26.600000381469727,-0.998,0.14,-0.184,,0.0,0.0,0.0,,,,,0.0,0.0,31.0,5.999999999062311e-07,-6.299999995462713e-06,0.08,72.0,36.5,0
81835,SO-0602,Constable Dinesh Chaudhary,Constable,39,2026-08-06 16:40:22+00:00,100.0,87.0,,21.3169328,72.8884233,26.600000381469727,-0.974,0.191,-0.268,,0.0,0.0,0.0,,,,,0.0,0.0,29.0,1.300000000981072e-06,1.1999999998124622e-06,0.02,87.0,36.5,2
81838,SO-0602,Constable Dinesh Chaudhary,Constable,39,2026-08-06 16:40:53+00:00,86.0,77.0,,21.316815,72.8884005,26.200000762939453,-0.091,-0.136,0.965,,0.0,0.0,0.0,,,,,0.0,0.0,31.0,-0.0001178000000017,-2.279999999643678e-05,1.54,77.0,36.5,0
81841,SO-0602,Constable Dinesh Chaudhary,Constable,39,2026-08-06 16:41:23+00:00,94.0,83.0,,21.3168808,72.8883894,26.200000762939453,-0.733,0.565,0.445,,0.0,0.0,0.0,,,,,0.0,0.0,30.0,6.580000000155906e-05,-1.1100000008923416e-05,0.89,83.0,36.5,2
81844,SO-0602,Constable Dinesh Chaudhary,Constable,39,2026-08-06 16:41:53+00:00,88.0,68.0,,21.3167532,72.8883606,26.200000762939453,-0.99,-0.102,-0.276,,0.0,0.0,0.0,,,,,0.0,0.0,30.0,-0.000127599999999,-2.8799999995499093e-05,1.74,68.0,36.5,0
81847,SO-0602,Constable Dinesh Chaudhary,Constable,39,2026-08-06 16:42:23+00:00,91.0,87.0,,21.3168474,72.8883699,26.200000762939453,0.125,-0.071,1.16,,0.0,0.0,0.0,,,,,0.0,0.0,30.0,9.419999999948914e-05,9.300000002099296e-06,1.26,87.0,36.5,2
81850,SO-0602,Constable Dinesh Chaudhary,Constable,39,2026-08-06 16:42:53+00:00,96.0,78.0,,21.3167495,72.8883769,26.200000762939453,-1.053,-0.063,0.292,,0.0,0.0,0.0,,,,,0.0,0.0,30.0,-9.790000000009512e-05,6.999999996537554e-06,1.31,78.0,36.5,2
81853,SO-0602,Constable Dinesh Chaudhary,Constable,39,2026-08-06 16:43:23+00:00,96.0,87.0,,21.3168643,72.8884467,26.200000762939453,-0.622,-0.026,0.782,,0.0,0.0,0.0,,,,,0.0,0.0,30.0,0.0001147999999986,6.980000000567088e-05,1.77,87.0,36.5,2
81856,SO-0602,Constable Dinesh Chaudhary,Constable,39,2026-08-06 16:43:53+00:00,88.0,88.0,,21.3168432,72.8884188,26.200000762939453,-0.237,0.207,0.946,,0.0,0.0,0.0,,,,,0.0,0.0,30.0,-2.1099999997886695e-05,-2.7900000006297887e-05,0.46,88.0,36.5,0
81859,SO-0602,Constable Dinesh Chaudhary,Constable,39,2026-08-06 16:44:23+00:00,86.0,88.0,,21.3167378,72.8884153,26.200000762939453,-0.833,-0.114,0.533,,0.0,0.0,0.0,,,,,0.0,0.0,30.0,-0.0001054000000024,-3.4999999911633495e-06,1.4,88.0,36.5,0
81860,SO-0602,Constable Dinesh Chaudhary,Constable,39,2026-08-06 16:44:53+00:00,81.0,88.0,,21.3168556,72.88842,26.200000762939453,-0.819,-0.124,0.534,,0.0,0.0,0.0,,,,,0.0,0.0,30.0,0.0001178000000017,4.699999990975812e-06,1.57,88.0,36.5,0
81861,SO-0602,Constable Dinesh Chaudhary,Constable,39,2026-08-06 16:45:23+00:00,89.0,88.0,,21.3168823,72.8884226,26.5,-0.76,-0.149,0.586,,0.0,0.0,0.0,,,,,0.0,0.0,30.0,2.6699999999379997e-05,2.600000001962144e-06,0.36,88.0,36.5,0
81863,SO-0602,Constable Dinesh Chaudhary,Constable,39,2026-08-06 16:45:53+00:00,84.0,88.0,,21.316852,72.8884499,26.200000762939453,-0.923,-0.042,0.301,,0.0,0.0,0.0,,,,,0.0,0.0,30.0,-3.0299999998817384e-05,2.729999999928623e-05,0.53,88.0,36.5,0
81865,SO-0602,Constable Dinesh Chaudhary,Constable,39,2026-08-06 16:46:23+00:00,85.0,87.0,,21.3169158,72.8884273,26.5,-0.419,-0.311,1.039,,0.0,0.0,0.0,,,,,0.0,0.0,30.0,6.379999999950314e-05,-2.259999999409956e-05,0.9,87.0,36.5,0
81867,SO-0602,Constable Dinesh Chaudhary,Constable,39,2026-08-06 16:46:53+00:00,89.0,87.0,,21.3168651,72.8884282,26.200000762939453,-0.929,0.208,0.296,,0.0,0.0,0.0,,,,,0.0,0.0,30.0,-5.0699999999181955e-05,9.000000034120603e-07,0.68,87.0,36.5,0
81869,SO-0602,Constable Dinesh Chaudhary,Constable,39,2026-08-06 16:47:23+00:00,89.0,78.0,,21.3167407,72.8884125,26.200000762939453,-0.935,0.203,0.278,,0.0,0.0,0.0,,,,,0.0,0.0,30.0,-0.0001244000000006,-1.5700000005836046e-05,1.67,78.0,36.5,0
81871,SO-0602,Constable Dinesh Chaudhary,Constable,39,2026-08-06 16:47:53+00:00,83.0,81.0,,21.3168353,72.8884044,26.200000762939453,-0.887,-0.16,0.644,,0.0,0.0,0.0,,,,,0.0,0.0,30.0,9.460000000061086e-05,-8.100000002286833e-06,1.26,81.0,36.5,0
81873,SO-0602,Constable Dinesh Chaudhary,Constable,39,2026-08-06 16:48:23+00:00,85.0,88.0,,21.3168357,72.8884138,26.200000762939453,0.259,-0.906,0.286,,0.0,0.0,0.0,,,,,0.0,0.0,30.0,3.999999975690116e-07,9.399999996162478e-06,0.12,88.0,36.5,0
81875,SO-0602,Constable Dinesh Chaudhary,Constable,39,2026-08-06 16:48:53+00:00,80.0,88.0,,21.3168297,72.8884105,26.200000762939453,0.232,-0.871,0.406,,0.0,0.0,0.0,,,,,0.0,0.0,30.0,-5.999999999062311e-06,-3.29999998882613e-06,0.09,88.0,36.5,0
81877,SO-0602,Constable Dinesh Chaudhary,Constable,39,2026-08-06 16:49:23+00:00,82.0,81.0,,21.3168127,72.8884061,26.200000762939453,0.232,-0.874,0.409,,0.0,0.0,0.0,,,,,0.0,0.0,30.0,-1.699999999971169e-05,-4.4000000087862645e-06,0.23,81.0,36.5,0
81879,SO-0602,Constable Dinesh Chaudhary,Constable,39,2026-08-06 16:49:53+00:00,95.0,72.0,,21.3167472,72.8883921,26.200000762939453,0.233,-0.875,0.402,,0.0,0.0,0.0,,,,,0.0,0.0,30.0,-6.550000000160594e-05,-1.3999999993075107e-05,0.89,72.0,36.5,2
81881,SO-0602,Constable Dinesh Chaudhary,Constable,39,2026-08-06 16:50:23+00:00,100.0,81.0,,21.316832,72.8884056,26.200000762939453,0.241,-0.865,0.403,,0.0,0.0,0.0,,,,,0.0,0.0,30.0,8.480000000332666e-05,1.3499999994337486e-05,1.14,81.0,36.5,2
81883,SO-0602,Constable Dinesh Chaudhary,Constable,39,2026-08-06 16:50:53+00:00,88.0,88.0,,21.3168459,72.8884142,26.200000762939453,0.695,-0.629,0.327,,0.0,0.0,0.0,,,,,0.0,0.0,30.0,1.3899999999011923e-05,8.600000001024455e-06,0.22,88.0,36.5,0
81885,SO-0602,Constable Dinesh Chaudhary,Constable,39,2026-08-06 16:51:23+00:00,96.0,88.0,,21.3167441,72.8884045,26.200000762939453,0.716,-0.61,0.263,,0.0,0.0,0.0,,,,,0.0,0.0,30.0,-0.0001017999999994,-9.700000006773736e-06,1.36,88.0,36.5,2
81887,SO-0602,Constable Dinesh Chaudhary,Constable,39,2026-08-06 16:51:53+00:00,87.0,88.0,,21.3167473,72.8883931,26.200000762939453,0.784,-0.576,0.198,,0.0,0.0,0.0,,,,,0.0,0.0,30.0,3.1999999983156613e-06,-1.1399999991112963e-05,0.15,88.0,36.5,0
81889,SO-0602,Constable Dinesh Chaudhary,Constable,39,2026-08-06 16:52:23+00:00,98.0,87.0,,21.3168434,72.8884176,26.200000762939453,0.167,-0.938,0.169,,0.0,0.0,0.0,,,,,0.0,0.0,30.0,9.610000000037644e-05,2.4499999994986865e-05,1.32,87.0,36.5,2
81891,SO-0602,Constable Dinesh Chaudhary,Constable,39,2026-08-06 16:52:53+00:00,94.0,87.0,,21.3167442,72.8884041,26.200000762939453,-0.482,-0.982,0.146,,0.0,0.0,0.0,,,,,0.0,0.0,30.0,-9.92000000010762e-05,-1.3499999994337486e-05,1.33,87.0,36.5,2
81893,SO-0602,Constable Dinesh Chaudhary,Constable,39,2026-08-06 16:53:23+00:00,86.0,88.0,,21.3168436,72.8884183,26.200000762939453,0.052,-0.88,0.443,,0.0,0.0,0.0,,,,,0.0,0.0,30.0,9.939999999986072e-05,1.4199999995412329e-05,1.34,88.0,36.5,0
81895,SO-0602,Constable Dinesh Chaudhary,Constable,39,2026-08-06 16:53:53+00:00,90.0,88.0,,21.3168271,72.8884155,24.423449847747904,-0.008,-0.891,0.4,,0.0,0.0,0.0,,,,,0.0,0.0,30.0,-1.6499999997421355e-05,-2.8000000042993634e-06,0.22,88.0,36.5,0
81897,SO-0602,Constable Dinesh Chaudhary,Constable,39,2026-08-06 16:54:23+00:00,94.0,88.0,,21.3168204,72.888411,26.200000762939453,0.78,-0.601,0.109,,0.0,0.0,0.0,,,,,0.0,0.0,30.0,-6.700000000137152e-06,-4.499999988638592e-06,0.11,88.0,36.5,2
81899,SO-0602,Constable Dinesh Chaudhary,Constable,39,2026-08-06 16:54:53+00:00,100.0,87.0,,21.3167501,72.8883798,26.200000762939453,0.076,-0.836,0.526,,0.0,0.0,0.0,,,,,0.0,0.0,30.0,-7.030000000085579e-05,-3.120000000933487e-05,1.02,87.0,36.5,2
81901,SO-0602,Constable Dinesh Chaudhary,Constable,39,2026-08-06 16:55:23+00:00,85.0,88.0,,21.3168357,72.8884138,26.200000762939453,0.098,-0.844,0.495,,0.0,0.0,0.0,,,,,0.0,0.0,30.0,8.559999999846468e-05,3.399999999942338e-05,1.22,88.0,36.5,0
81903,SO-0602,Constable Dinesh Chaudhary,Constable,39,2026-08-06 16:55:53+00:00,91.0,88.0,,21.3168328,72.8883993,26.200000762939453,-0.507,-0.537,0.682,,0.0,0.0,0.0,,,,,0.0,0.0,30.0,-2.8999999983625457e-06,-1.4499999991812729e-05,0.19,88.0,36.5,2
81905,SO-0602,Constable Dinesh Chaudhary,Constable,39,2026-08-06 16:56:23+00:00,97.0,88.0,,21.3168336,72.8884194,26.200000762939453,0.072,-0.877,0.439,,0.0,0.0,0.0,,,,,0.0,0.0,30.0,7.999999986907369e-07,2.0100000000411455e-05,0.26,88.0,36.5,2
81907,SO-0602,Constable Dinesh Chaudhary,Constable,39,2026-08-06 16:56:53+00:00,92.0,87.0,,21.3168124,72.8883921,26.200000762939453,0.06,-0.905,0.387,,0.0,0.0,0.0,,,,,0.0,0.0,30.0,-2.1199999999055308e-05,-2.729999999928623e-05,0.45,87.0,36.5,2
81909,SO-0602,Constable Dinesh Chaudhary,Constable,39,2026-08-06 16:57:23+00:00,92.0,88.0,,21.3168717,72.888439,26.100000381469727,0.143,-0.905,0.373,,0.0,0.0,0.0,,,,,0.0,0.0,30.0,5.930000000020641e-05,4.690000000096006e-05,0.99,88.0,36.5,2
81911,SO-0602,Constable Dinesh Chaudhary,Constable,39,2026-08-06 16:57:53+00:00,86.0,88.0,,21.3167501,72.8883798,26.200000762939453,0.218,-0.863,0.419,,0.0,0.0,0.0,,,,,0.0,0.0,30.0,-0.0001215999999999,-5.920000000969594e-05,1.79,88.0,36.5,0
81913,SO-0602,Constable Dinesh Chaudhary,Constable,39,2026-08-06 16:58:23+00:00,82.0,83.0,,21.3167472,72.8883921,26.200000762939453,0.196,-0.87,0.424,,0.0,0.0,0.0,,,,,0.0,0.0,30.0,-2.900000001915259e-06,1.230000000873588e-05,0.16,83.0,36.5,0
81914,SO-0602,Constable Dinesh Chaudhary,Constable,39,2026-08-06 16:58:53+00:00,82.0,88.0,,21.3167499,72.8883785,26.200000762939453,0.161,-0.88,0.422,,0.0,0.0,0.0,,,,,0.0,0.0,30.0,2.7000000031307536e-06,-1.3600000002611525e-05,0.18,88.0,36.5,0
81916,SO-0602,Constable Dinesh Chaudhary,Constable,39,2026-08-06 16:59:24+00:00,82.0,87.0,,21.3167363,72.8884419,22.234851985812128,-0.141,-0.908,0.378,,0.0,0.0,0.0,,,,,0.0,0.0,31.0,-1.3600000002611525e-05,6.340000000193413e-05,0.81,87.0,36.5,0
81918,SO-0602,Constable Dinesh Chaudhary,Constable,39,2026-08-06 16:59:54+00:00,92.0,88.0,,21.3168737,72.8884306,26.200000762939453,-0.398,0.795,0.192,,0.0,0.0,0.0,,,,,0.0,0.0,30.0,0.0001373999999998,-1.129999999704978e-05,1.84,88.0,36.5,2
81920,SO-0602,Constable Dinesh Chaudhary,Constable,39,2026-08-06 17:00:24+00:00,91.0,66.0,,21.3169073,72.8884346,26.5,-0.287,0.727,0.751,,0.0,0.0,0.0,,,,,0.0,0.0,30.0,3.360000000185437e-05,3.999999989900971e-06,0.45,66.0,36.5,2
81922,SO-0602,Constable Dinesh Chaudhary,Constable,39,2026-08-06 17:00:53+00:00,94.0,87.0,,21.316945,72.8884622,26.200000762939453,-0.191,0.958,0.213,,0.0,0.0,0.0,,,,,0.0,0.0,29.0,3.770000000002938e-05,2.7600000009897485e-05,0.64,87.0,36.5,2
81924,SO-0602,Constable Dinesh Chaudhary,Constable,39,2026-08-06 17:01:23+00:00,97.0,87.0,,21.3169397,72.8884641,26.200000762939453,-0.126,0.868,0.591,,0.0,0.0,0.0,,,,,0.0,0.0,30.0,-5.300000001540184e-06,1.8999999866764483e-06,0.07,87.0,36.5,2
81926,SO-0602,Constable Dinesh Chaudhary,Constable,39,2026-08-06 17:01:53+00:00,95.0,87.0,,21.3169441,72.8884597,26.200000762939453,-0.366,0.789,0.488,,0.0,0.0,0.0,,,,,0.0,0.0,30.0,4.400000001680837e-06,-4.39999999457541e-06,0.08,87.0,36.5,2
81928,SO-0602,Constable Dinesh Chaudhary,Constable,39,2026-08-06 17:02:23+00:00,99.0,87.0,,21.3169474,72.8884708,26.200000762939453,0.361,1.564,-0.217,,0.0,0.0,0.0,,,,,0.0,0.0,30.0,3.299999999484271e-06,1.1099999994712562e-05,0.15,87.0,36.5,2
81930,SO-0602,Constable Dinesh Chaudhary,Constable,39,2026-08-06 17:02:54+00:00,81.0,87.0,,21.3169031,72.8884596,26.200000762939453,-0.161,0.996,0.023,,0.0,0.0,0.0,,,,,0.0,0.0,31.0,-4.429999999899792e-05,-1.1199999988775744e-05,0.59,87.0,36.5,0
81932,SO-0602,Constable Dinesh Chaudhary,Constable,39,2026-08-06 17:03:23+00:00,81.0,88.0,,21.3169184,72.88844,31.32764704561768,-0.269,0.757,0.639,,0.0,0.0,0.0,,,,,0.0,0.0,29.0,1.5299999997608893e-05,-1.960000000167383e-05,0.33,88.0,36.5,0
81934,SO-0602,Constable Dinesh Chaudhary,Constable,39,2026-08-06 17:03:53+00:00,85.0,88.0,,21.3169202,72.8884225,26.600000381469727,-0.287,0.926,0.214,,0.0,0.0,0.0,,,,,0.0,0.0,30.0,1.7999999997186933e-06,-1.749999999844931e-05,0.23,88.0,36.5,0
81936,SO-0602,Constable Dinesh Chaudhary,Constable,39,2026-08-06 17:04:24+00:00,100.0,88.0,,21.3169277,72.888436,26.200000762939453,-0.88,-0.145,0.442,,0.0,0.0,0.0,,,,,0.0,0.0,31.0,7.500000002380602e-06,1.3499999994337486e-05,0.19,88.0,36.5,2
81938,SO-0602,Constable Dinesh Chaudhary,Constable,39,2026-08-06 17:04:53+00:00,97.0,86.0,,21.316873,72.8884488,26.600000381469727,-0.838,0.619,-0.008,,0.0,0.0,0.0,,,,,0.0,0.0,29.0,-5.469999999974107e-05,1.28000000074735e-05,0.77,86.0,36.5,2
81940,SO-0602,Constable Dinesh Chaudhary,Constable,39,2026-08-06 17:05:23+00:00,91.0,74.0,,21.3169151,72.8884405,26.200000762939453,-1.029,0.472,-0.762,,0.0,0.0,0.0,,,,,0.0,0.0,30.0,4.20999999981575e-05,-8.300000004624053e-06,0.57,74.0,36.5,2
81942,SO-0602,Constable Dinesh Chaudhary,Constable,39,2026-08-06 17:05:53+00:00,87.0,88.0,,21.3169239,72.8884454,26.600000381469727,-0.294,0.948,0.036,,0.0,0.0,0.0,,,,,0.0,0.0,30.0,8.79999999980896e-06,4.899999993313031e-06,0.13,88.0,36.5,0
81944,SO-0602,Constable Dinesh Chaudhary,Constable,39,2026-08-06 17:06:23+00:00,83.0,84.0,,21.3169015,72.8884425,26.5,-0.26,0.72,0.711,,0.0,0.0,0.0,,,,,0.0,0.0,30.0,-2.239999999886777e-05,-2.8999999983625457e-06,0.3,84.0,36.5,0
81946,SO-0602,Constable Dinesh Chaudhary,Constable,39,2026-08-06 17:06:53+00:00,86.0,87.0,,21.3168604,72.8884429,26.399999618530273,-0.508,0.691,0.449,,0.0,0.0,0.0,,,,,0.0,0.0,30.0,-4.110000000068226e-05,4.0000000467443897e-07,0.55,87.0,36.5,0
81948,SO-0602,Constable Dinesh Chaudhary,Constable,39,2026-08-06 17:07:22+00:00,86.0,86.0,,21.3168106,72.8884805,26.399999618530273,-0.38,0.844,-0.455,,0.0,0.0,0.0,,,,,0.0,0.0,29.0,-4.979999999932261e-05,3.759999999886077e-05,0.85,86.0,36.5,0
81950,SO-0602,Constable Dinesh Chaudhary,Constable,39,2026-08-06 17:07:52+00:00,88.0,88.0,,21.3168328,72.8884675,26.600000381469727,-0.632,0.662,-0.377,,0.0,0.0,0.0,,,,,0.0,0.0,30.0,2.2200000000083264e-05,-1.2999999995599865e-05,0.34,88.0,36.5,0
81952,SO-0602,Constable Dinesh Chaudhary,Constable,39,2026-08-06 17:08:22+00:00,99.0,82.0,,21.316841,72.8884618,26.600000381469727,-0.742,-0.343,0.063,,0.0,0.0,0.0,,,,,0.0,0.0,30.0,8.19999999990273e-06,-5.700000002661909e-06,0.13,82.0,36.5,2
81954,SO-0602,Constable Dinesh Chaudhary,Constable,39,2026-08-06 17:08:53+00:00,89.0,88.0,,21.3169356,72.8884192,26.600000381469727,-0.462,0.356,1.199,,0.0,0.0,0.0,,,,,0.0,0.0,31.0,9.460000000061086e-05,-4.2600000000447835e-05,1.33,88.0,36.5,0
81956,SO-0602,Constable Dinesh Chaudhary,Constable,39,2026-08-06 17:09:23+00:00,96.0,88.0,,21.3169292,72.8884286,26.5,-0.271,0.782,0.164,,0.0,0.0,0.0,,,,,0.0,0.0,30.0,-6.400000000184036e-06,9.399999996162478e-06,0.15,88.0,36.5,2
81958,SO-0602,Constable Dinesh Chaudhary,Constable,39,2026-08-06 17:09:57+00:00,91.0,82.0,,21.3170465,72.887916,26.5,0.579,0.89,0.672,,0.0,0.0,0.0,,,,,0.0,0.0,34.0,0.0001172999999994,-0.0005125999999933,5.97,82.0,36.5,1
81960,SO-0602,Constable Dinesh Chaudhary,Constable,39,2026-08-06 17:10:27+00:00,82.0,86.0,,21.3167545,72.8883179,26.200000762939453,-0.334,-0.061,0.928,,0.0,0.0,0.0,,,,,0.0,0.0,30.0,-0.0002920000000017,0.0004018999999999,6.46,86.0,36.5,1
81962,SO-0602,Constable Dinesh Chaudhary,Constable,39,2026-08-06 17:10:57+00:00,94.0,88.0,,21.3167545,72.8883179,26.200000762939453,-0.215,-0.024,0.968,,0.0,0.0,0.0,,,,,0.0,0.0,30.0,0.0,0.0,0.0,88.0,36.5,2
81964,SO-0602,Constable Dinesh Chaudhary,Constable,39,2026-08-06 17:11:23+00:00,99.0,88.0,,21.3167545,72.8883179,26.200000762939453,-0.185,-0.05,0.968,,0.0,0.0,0.0,,,,,0.0,0.0,26.0,0.0,0.0,0.0,88.0,36.5,2
81966,SO-0602,Constable Dinesh Chaudhary,Constable,39,2026-08-06 17:11:57+00:00,91.0,88.0,,21.3167572,72.8883202,26.200000762939453,-0.701,-0.841,0.119,,0.0,0.0,0.0,,,,,0.0,0.0,34.0,2.7000000031307536e-06,2.2999999913508873e-06,0.04,88.0,36.5,2
81968,SO-0602,Constable Dinesh Chaudhary,Constable,39,2026-08-06 17:12:25+00:00,97.0,86.0,,21.3169037,72.8884196,26.600000381469727,-0.215,-0.354,0.98,,0.0,0.0,0.0,,,,,0.0,0.0,28.0,0.0001464999999996,9.940000001051884e-05,2.5,86.0,36.5,2
81970,SO-0602,Constable Dinesh Chaudhary,Constable,39,2026-08-06 17:12:57+00:00,96.0,86.0,,21.3168968,72.8884149,26.600000381469727,0.324,-0.252,0.871,,0.0,0.0,0.0,,,,,0.0,0.0,32.0,-6.900000002474371e-06,-4.700000005186666e-06,0.1,86.0,36.5,2
81972,SO-0602,Constable Dinesh Chaudhary,Constable,39,2026-08-06 17:13:23+00:00,90.0,88.0,,21.3169338,72.8884225,26.600000381469727,-0.148,-0.094,0.961,,0.0,0.0,0.0,,,,,0.0,0.0,26.0,3.700000000250725e-05,7.600000003549212e-06,0.58,88.0,36.5,0
81974,SO-0602,Constable Dinesh Chaudhary,Constable,39,2026-08-06 17:13:53+00:00,86.0,84.0,,21.3169338,72.8884225,26.600000381469727,-0.053,-0.097,0.985,,0.0,0.0,0.0,,,,,0.0,0.0,30.0,0.0,0.0,0.0,84.0,36.5,0
81976,SO-0602,Constable Dinesh Chaudhary,Constable,39,2026-08-06 17:14:23+00:00,95.0,87.0,,21.316934,72.8884229,26.600000381469727,-0.143,-0.093,0.969,,0.0,0.0,0.0,,,,,0.0,0.0,30.0,1.999999987845058e-07,3.9999999046358425e-07,0.01,87.0,36.5,2
81978,SO-0602,Constable Dinesh Chaudhary,Constable,39,2026-08-06 17:14:53+00:00,86.0,77.0,,21.3169337,72.8884222,26.600000381469727,-0.235,-0.139,0.948,,0.0,0.0,0.0,,,,,0.0,0.0,30.0,-2.999999999531156e-07,-7.000000010748408e-07,0.01,77.0,36.5,0
81979,SO-0602,Constable Dinesh Chaudhary,Constable,39,2026-08-06 17:15:23+00:00,100.0,88.0,,21.3169337,72.8884221,26.600000381469727,-0.115,-0.233,0.969,,0.0,0.0,0.0,,,,,0.0,0.0,30.0,0.0,-9.999999406318238e-08,0.0,88.0,36.5,2
81981,SO-0602,Constable Dinesh Chaudhary,Constable,39,2026-08-06 17:15:53+00:00,98.0,87.0,,21.3169328,72.8884233,26.600000381469727,-0.193,-0.115,0.958,,0.0,0.0,0.0,,,,,0.0,0.0,30.0,-8.999999998593466e-07,1.1999999998124622e-06,0.02,87.0,36.5,2
81983,SO-0602,Constable Dinesh Chaudhary,Constable,39,2026-08-06 17:16:23+00:00,88.0,87.0,,21.3169328,72.8884233,26.600000381469727,-0.267,-0.187,0.944,,0.0,0.0,0.0,,,,,0.0,0.0,30.0,0.0,0.0,0.0,87.0,36.5,0
81985,SO-0602,Constable Dinesh Chaudhary,Constable,39,2026-08-06 17:16:53+00:00,98.0,87.0,,21.3169219,72.8884124,26.600000381469727,-0.383,-0.203,2.0,,0.0,0.0,0.0,,,,,0.0,0.0,30.0,-1.089999999948077e-05,-1.0899999992375342e-05,0.2,87.0,36.5,1
81987,SO-0602,Constable Dinesh Chaudhary,Constable,39,2026-08-06 17:17:23+00:00,87.0,87.0,,21.3169338,72.8884225,26.600000381469727,-0.202,-0.057,0.974,,0.0,0.0,0.0,,,,,0.0,0.0,30.0,1.1900000000508726e-05,1.009999999723732e-05,0.2,87.0,36.5,1
81989,SO-0602,Constable Dinesh Chaudhary,Constable,39,2026-08-06 17:17:53+00:00,88.0,82.0,,21.3169338,72.8884225,26.600000381469727,-0.178,-0.066,0.965,,0.0,0.0,0.0,,,,,0.0,0.0,30.0,0.0,0.0,0.0,82.0,36.5,1
81991,SO-0602,Constable Dinesh Chaudhary,Constable,39,2026-08-06 17:18:23+00:00,81.0,86.0,,21.3169348,72.8884225,26.600000381469727,-0.277,-0.082,0.945,,0.0,0.0,0.0,,,,,0.0,0.0,30.0,9.999999974752427e-07,0.0,0.01,86.0,36.5,1
81993,SO-0602,Constable Dinesh Chaudhary,Constable,39,2026-08-06 17:18:53+00:00,100.0,87.0,,21.3169336,72.8884217,26.600000381469727,-0.187,-0.135,0.938,,0.0,0.0,0.0,,,,,0.0,0.0,30.0,-1.1999999998124622e-06,-8.000000093488779e-07,0.02,87.0,36.5,1
81995,SO-0602,Constable Dinesh Chaudhary,Constable,39,2026-08-06 17:19:23+00:00,98.0,88.0,,21.3169315,72.8884212,26.600000381469727,-0.291,-0.055,1.057,,0.0,0.0,0.0,,,,,0.0,0.0,30.0,-2.099999999671809e-06,-4.999999987376214e-07,0.03,88.0,36.5,2
81997,SO-0602,Constable Dinesh Chaudhary,Constable,39,2026-08-06 17:19:53+00:00,83.0,88.0,,21.3169315,72.8884212,26.600000381469727,-0.152,-0.181,0.962,,0.0,0.0,0.0,,,,,0.0,0.0,30.0,0.0,0.0,0.0,88.0,36.5,0
81999,SO-0602,Constable Dinesh Chaudhary,Constable,39,2026-08-06 17:20:27+00:00,85.0,85.0,,21.3169315,72.8884212,26.600000381469727,-0.149,-0.097,0.975,,0.0,0.0,0.0,,,,,0.0,0.0,34.0,0.0,0.0,0.0,85.0,36.5,0
82001,SO-0602,Constable Dinesh Chaudhary,Constable,39,2026-08-06 17:20:55+00:00,97.0,87.0,,21.3167525,72.8883199,26.200000762939453,-0.137,-0.105,0.935,,0.0,0.0,0.0,,,,,0.0,0.0,28.0,-0.0001789999999992,-0.0001012999999971,2.91,87.0,36.5,2
82003,SO-0602,Constable Dinesh Chaudhary,Constable,39,2026-08-06 17:21:27+00:00,97.0,88.0,,21.3167525,72.8883199,26.200000762939453,-0.42,-0.024,0.91,,0.0,0.0,0.0,,,,,0.0,0.0,32.0,0.0,0.0,0.0,88.0,36.5,2
82005,SO-0602,Constable Dinesh Chaudhary,Constable,39,2026-08-06 17:21:57+00:00,84.0,88.0,,21.3167048,72.8885867,26.899999618530273,-0.14,0.274,1.026,,0.0,0.0,0.0,,,,,0.0,0.0,30.0,-4.76999999996508e-05,0.0002668000000056,3.48,88.0,36.5,0
82007,SO-0602,Constable Dinesh Chaudhary,Constable,39,2026-08-06 17:22:23+00:00,97.0,84.0,,21.3167135,72.8885367,26.899999618530273,-0.64,-0.124,0.734,,0.0,0.0,0.0,,,,,0.0,0.0,26.0,8.699999998640351e-06,-5.000000000165983e-05,0.75,84.0,36.5,2
82009,SO-0602,Constable Dinesh Chaudhary,Constable,39,2026-08-06 17:22:53+00:00,89.0,88.0,,21.3166975,72.8885524,26.200000762939453,-0.098,0.039,0.964,,0.0,0.0,0.0,,,,,0.0,0.0,30.0,-1.5999999998683734e-05,1.569999999162519e-05,0.29,88.0,36.5,0
82011,SO-0602,Constable Dinesh Chaudhary,Constable,39,2026-08-06 17:23:27+00:00,83.0,86.0,,21.3166975,72.8885524,26.200000762939453,-0.412,0.052,0.899,,0.0,0.0,0.0,,,,,0.0,0.0,34.0,0.0,0.0,0.0,86.0,36.5,0
82013,SO-0602,Constable Dinesh Chaudhary,Constable,39,2026-08-06 17:23:55+00:00,98.0,85.0,,21.3167515,72.8883193,26.200000762939453,-1.009,-0.154,-0.436,,0.0,0.0,0.0,,,,,0.0,0.0,28.0,5.3999999998666226e-05,-0.0002330999999884,3.3,85.0,36.5,2
82015,SO-0602,Constable Dinesh Chaudhary,Constable,39,2026-08-06 17:24:27+00:00,93.0,77.0,,21.3167515,72.8883193,26.200000762939453,-0.716,-0.4,-0.107,,0.0,0.0,0.0,,,,,0.0,0.0,32.0,0.0,0.0,0.0,77.0,36.5,2
82017,SO-0602,Constable Dinesh Chaudhary,Constable,39,2026-08-06 17:24:53+00:00,95.0,75.0,,21.3167046,72.8885855,26.899999618530273,-0.115,1.104,0.102,,0.0,0.0,0.0,,,,,0.0,0.0,26.0,-4.689999999740735e-05,0.0002661999999986,4.01,75.0,36.5,2
82020,SO-0602,Constable Dinesh Chaudhary,Constable,39,2026-08-06 17:25:53+00:00,93.0,86.0,,21.3167093,72.8885476,26.200000762939453,-0.354,-0.11,0.818,,0.0,0.0,0.0,,,,,0.0,0.0,60.0,4.699999998081239e-06,-3.7900000009472024e-05,0.25,86.0,36.5,2
82022,SO-0602,Constable Dinesh Chaudhary,Constable,39,2026-08-06 17:26:23+00:00,87.0,84.0,,21.316897,72.8884409,29.764423891918824,-0.637,1.19,-0.119,,0.0,0.0,0.0,,,,,0.0,0.0,30.0,0.0001877000000014,-0.0001066999999892,2.85,84.0,36.5,0
82024,SO-0602,Constable Dinesh Chaudhary,Constable,39,2026-08-06 17:26:53+00:00,91.0,78.0,,21.3168721,72.8884144,26.5,-0.93,-0.537,-0.167,,0.0,0.0,0.0,,,,,0.0,0.0,30.0,-2.4899999999661304e-05,-2.6500000004148205e-05,0.48,78.0,36.5,2
82026,SO-0602,Constable Dinesh Chaudhary,Constable,39,2026-08-06 17:27:23+00:00,87.0,75.0,,21.3169141,72.8884191,26.5,-0.721,0.587,-0.16,,0.0,0.0,0.0,,,,,0.0,0.0,30.0,4.20000000005416e-05,4.699999990975812e-06,0.56,75.0,36.5,0
82028,SO-0602,Constable Dinesh Chaudhary,Constable,39,2026-08-06 17:27:53+00:00,100.0,80.0,,21.3168388,72.8884089,26.200000762939453,-0.807,-0.092,0.603,,0.0,0.0,0.0,,,,,0.0,0.0,30.0,-7.530000000244286e-05,-1.01999999913005e-05,1.01,80.0,36.5,2
82030,SO-0602,Constable Dinesh Chaudhary,Constable,39,2026-08-06 17:28:23+00:00,99.0,86.0,,21.3168482,72.8884244,26.200000762939453,-0.99,-0.132,-0.118,,0.0,0.0,0.0,,,,,0.0,0.0,30.0,9.399999999715192e-06,1.5500000003498826e-05,0.24,86.0,36.5,2
82032,SO-0602,Constable Dinesh Chaudhary,Constable,39,2026-08-06 17:28:53+00:00,95.0,88.0,,21.3168901,72.8883958,26.5,-0.115,-0.113,0.921,,0.0,0.0,0.0,,,,,0.0,0.0,30.0,4.1899999999372994e-05,-2.8600000007372728e-05,0.67,88.0,36.5,2
82034,SO-0602,Constable Dinesh Chaudhary,Constable,39,2026-08-06 17:29:23+00:00,92.0,88.0,,21.3168911,72.8884186,26.5,-0.984,-0.145,-0.028,,0.0,0.0,0.0,,,,,0.0,0.0,30.0,1.0000000010279564e-06,2.279999999643678e-05,0.29,88.0,36.5,2
82036,SO-0602,Constable Dinesh Chaudhary,Constable,39,2026-08-06 17:29:53+00:00,100.0,87.0,,21.3168282,72.8884039,26.200000762939453,-1.0,-0.146,0.036,,0.0,0.0,0.0,,,,,0.0,0.0,30.0,-6.28999999996438e-05,-1.4699999994149948e-05,0.86,87.0,36.5,2
82039,SO-0602,Constable Dinesh Chaudhary,Constable,39,2026-08-06 17:30:23+00:00,81.0,88.0,,21.3168432,72.8883867,26.200000762939453,-1.114,0.675,1.089,,0.0,0.0,0.0,,,,,0.0,0.0,30.0,1.5000000001208493e-05,-1.720000000204891e-05,0.3,88.0,36.5,0
82042,SO-0602,Constable Dinesh Chaudhary,Constable,39,2026-08-06 17:30:53+00:00,100.0,88.0,,21.3168301,72.8883826,26.200000762939453,-0.865,-0.536,-0.058,,0.0,0.0,0.0,,,,,0.0,0.0,30.0,-1.3100000000321188e-05,-4.099999998175008e-06,0.18,88.0,36.5,2
82045,SO-0602,Constable Dinesh Chaudhary,Constable,39,2026-08-06 17:31:23+00:00,90.0,88.0,,21.3168679,72.8884171,26.5,-0.213,0.96,0.121,,0.0,0.0,0.0,,,,,0.0,0.0,30.0,3.779999999764527e-05,3.4499999998161e-05,0.67,88.0,36.5,0
82048,SO-0602,Constable Dinesh Chaudhary,Constable,39,2026-08-06 17:31:53+00:00,91.0,77.0,,21.3167429,72.8884111,26.200000762939453,-0.187,0.917,0.522,,0.0,0.0,0.0,,,,,0.0,0.0,30.0,-0.000124999999997,-5.999999999062311e-06,1.67,77.0,36.5,2
82051,SO-0602,Constable Dinesh Chaudhary,Constable,39,2026-08-06 17:32:23+00:00,100.0,84.0,,21.3168526,72.8884195,26.200000762939453,0.445,-0.884,0.275,,0.0,0.0,0.0,,,,,0.0,0.0,30.0,0.0001096999999994,8.399999998687235e-06,1.47,84.0,36.5,2
82054,SO-0602,Constable Dinesh Chaudhary,Constable,39,2026-08-06 17:32:54+00:00,100.0,87.0,,21.3167472,72.8883921,26.200000762939453,0.306,-0.865,0.309,,0.0,0.0,0.0,,,,,0.0,0.0,31.0,-0.0001054000000024,-2.739999999334941e-05,1.4,87.0,36.5,2
82057,SO-0602,Constable Dinesh Chaudhary,Constable,39,2026-08-06 17:33:23+00:00,83.0,88.0,,21.3167468,72.8883901,26.200000762939453,0.238,-0.927,0.239,,0.0,0.0,0.0,,,,,0.0,0.0,29.0,-3.999999975690116e-07,-2.00000000916134e-06,0.03,88.0,36.5,0
82060,SO-0602,Constable Dinesh Chaudhary,Constable,39,2026-08-06 17:33:53+00:00,86.0,88.0,,21.3167574,72.8883164,26.200000762939453,0.259,-0.857,0.379,,0.0,0.0,0.0,,,,,0.0,0.0,30.0,1.0599999999527654e-05,-7.370000000150867e-05,0.96,88.0,36.5,0
82063,SO-0602,Constable Dinesh Chaudhary,Constable,39,2026-08-06 17:34:23+00:00,100.0,80.0,,21.3167268,72.8885155,26.100000381469727,0.458,-0.842,0.239,,0.0,0.0,0.0,,,,,0.0,0.0,30.0,-3.05999999987705e-05,0.0001991000000032,2.59,80.0,36.5,2
82066,SO-0602,Constable Dinesh Chaudhary,Constable,39,2026-08-06 17:34:53+00:00,90.0,88.0,,21.3167384,72.8884172,26.100000381469727,-0.025,-0.769,0.612,,0.0,0.0,0.0,,,,,0.0,0.0,30.0,1.1599999997002897e-05,-9.829999999055872e-05,1.27,88.0,36.5,0
82069,SO-0602,Constable Dinesh Chaudhary,Constable,39,2026-08-06 17:35:22+00:00,92.0,87.0,,21.3167008,72.8885874,26.899999618530273,0.289,-0.897,0.233,,0.0,0.0,0.0,,,,,0.0,0.0,29.0,-3.759999999886077e-05,0.0001701999999994,2.32,87.0,36.5,2
82072,SO-0602,Constable Dinesh Chaudhary,Constable,39,2026-08-06 17:35:52+00:00,99.0,88.0,,21.3167317,72.8885124,26.100000381469727,0.219,-0.914,0.319,,0.0,0.0,0.0,,,,,0.0,0.0,30.0,3.0899999998723615e-05,-7.500000000959517e-05,1.05,88.0,36.5,2
82075,SO-0602,Constable Dinesh Chaudhary,Constable,39,2026-08-06 17:36:23+00:00,94.0,87.0,,21.3167299,72.888514,26.100000381469727,0.235,-0.909,0.301,,0.0,0.0,0.0,,,,,0.0,0.0,31.0,-1.7999999997186933e-06,1.6000000044869012e-06,0.03,87.0,36.5,2
82078,SO-0602,Constable Dinesh Chaudhary,Constable,39,2026-08-06 17:36:53+00:00,89.0,77.0,,21.3167474,72.8883938,26.200000762939453,0.047,-0.96,0.206,,0.0,0.0,0.0,,,,,0.0,0.0,30.0,1.7500000002002025e-05,-0.0001201999999977,1.56,77.0,36.5,0
82081,SO-0602,Constable Dinesh Chaudhary,Constable,39,2026-08-06 17:37:23+00:00,82.0,88.0,,21.3167513,72.8883734,26.200000762939453,0.197,-0.97,0.092,,0.0,0.0,0.0,,,,,0.0,0.0,30.0,3.899999999390502e-06,-2.0399999996811857e-05,0.27,88.0,36.5,0
82084,SO-0602,Constable Dinesh Chaudhary,Constable,39,2026-08-06 17:37:52+00:00,91.0,87.0,,21.3167326,72.8885119,26.100000381469727,0.151,-0.883,0.454,,0.0,0.0,0.0,,,,,0.0,0.0,29.0,-1.8699999998261777e-05,0.0001384999999913,1.86,87.0,36.5,2
82087,SO-0602,Constable Dinesh Chaudhary,Constable,39,2026-08-06 17:38:23+00:00,82.0,88.0,,21.3167871,72.8883916,26.200000762939453,0.354,-0.646,0.706,,0.0,0.0,0.0,,,,,0.0,0.0,31.0,5.449999999740385e-05,-0.0001202999999918,1.65,88.0,36.5,0
82090,SO-0602,Constable Dinesh Chaudhary,Constable,39,2026-08-06 17:38:53+00:00,92.0,88.0,,21.3167563,72.8883163,26.200000762939453,0.329,-0.698,0.61,,0.0,0.0,0.0,,,,,0.0,0.0,30.0,-3.0799999997555005e-05,-7.530000000599557e-05,1.05,88.0,36.5,2
82093,SO-0602,Constable Dinesh Chaudhary,Constable,39,2026-08-06 17:39:23+00:00,97.0,88.0,,21.3167441,72.8884045,26.200000762939453,0.071,-0.652,0.605,,0.0,0.0,0.0,,,,,0.0,0.0,30.0,-1.220000000046184e-05,8.81999999933214e-05,1.14,88.0,36.5,2
82096,SO-0602,Constable Dinesh Chaudhary,Constable,39,2026-08-06 17:39:53+00:00,91.0,88.0,,21.3168569,72.888411,26.200000762939453,0.406,-0.671,0.606,,0.0,0.0,0.0,,,,,0.0,0.0,30.0,0.0001128000000001,6.500000012010787e-06,1.5,88.0,36.5,2
82099,SO-0602,Constable Dinesh Chaudhary,Constable,39,2026-08-06 17:40:24+00:00,100.0,86.0,,21.3167429,72.8884111,26.200000762939453,0.337,-0.67,0.638,,0.0,0.0,0.0,,,,,0.0,0.0,31.0,-0.0001139999999999,9.999999406318238e-08,1.47,86.0,36.5,2
82102,SO-0602,Constable Dinesh Chaudhary,Constable,39,2026-08-06 17:40:53+00:00,95.0,88.0,,21.3168526,72.8884195,26.200000762939453,0.353,-0.675,0.621,,0.0,0.0,0.0,,,,,0.0,0.0,29.0,0.0001096999999994,8.399999998687235e-06,1.52,88.0,36.5,2
82104,SO-0602,Constable Dinesh Chaudhary,Constable,39,2026-08-06 17:41:23+00:00,85.0,88.0,,21.3167317,72.8885124,26.100000381469727,0.31,-0.675,0.644,,0.0,0.0,0.0,,,,,0.0,0.0,30.0,-0.0001209000000024,9.289999999850806e-05,2.0,88.0,36.5,0
82106,SO-0602,Constable Dinesh Chaudhary,Constable,39,2026-08-06 17:41:53+00:00,89.0,71.0,,21.3167376,72.8884221,26.100000381469727,0.39,-0.849,0.257,,0.0,0.0,0.0,,,,,0.0,0.0,30.0,5.900000001446415e-06,-9.029999999654592e-05,1.16,71.0,36.5,0
82109,SO-0602,Constable Dinesh Chaudhary,Constable,39,2026-08-06 17:42:23+00:00,100.0,88.0,,21.3168475,72.8884094,26.200000762939453,0.216,-0.87,0.409,,0.0,0.0,0.0,,,,,0.0,0.0,30.0,0.0001099000000017,-1.2699999999199464e-05,1.47,88.0,36.5,2
82112,SO-0602,Constable Dinesh Chaudhary,Constable,39,2026-08-06 17:42:53+00:00,95.0,88.0,,21.3167471,72.8883908,26.200000762939453,0.281,-0.909,0.269,,0.0,0.0,0.0,,,,,0.0,0.0,30.0,-0.0001004000000008,-1.860000000419859e-05,1.36,88.0,36.5,2
82115,SO-0602,Constable Dinesh Chaudhary,Constable,39,2026-08-06 17:43:27+00:00,85.0,86.0,,21.3167471,72.8883908,26.200000762939453,0.673,-0.657,0.318,,0.0,0.0,0.0,,,,,0.0,0.0,34.0,0.0,0.0,0.0,86.0,36.5,0
82117,SO-0602,Constable Dinesh Chaudhary,Constable,39,2026-08-06 17:43:53+00:00,81.0,88.0,,21.3168328,72.8883993,26.200000762939453,-0.649,-0.706,0.354,,0.0,0.0,0.0,,,,,0.0,0.0,26.0,8.569999999963329e-05,8.500000006961272e-06,1.32,88.0,36.5,0
82120,SO-0602,Constable Dinesh Chaudhary,Constable,39,2026-08-06 17:44:24+00:00,81.0,54.0,,21.3167574,72.8885077,26.200000762939453,-0.751,-0.072,0.525,,0.0,0.0,0.0,,,,,0.0,0.0,31.0,-7.540000000005875e-05,0.000108400000002,1.66,54.0,36.5,0
82123,SO-0602,Constable Dinesh Chaudhary,Constable,39,2026-08-06 17:44:54+00:00,94.0,63.0,,21.3169328,72.88842,26.600000381469727,-0.916,0.384,-0.099,,0.0,0.0,0.0,,,,,0.0,0.0,30.0,0.0001753999999998,-8.770000000879463e-05,2.59,63.0,36.5,2
82126,SO-0602,Constable Dinesh Chaudhary,Constable,39,2026-08-06 17:45:23+00:00,93.0,87.0,,21.3169326,72.8884167,26.600000381469727,-0.601,0.748,0.21,,0.0,0.0,0.0,,,,,0.0,0.0,29.0,-1.999999987845058e-07,-3.3000000030369847e-06,0.04,87.0,36.5,2
82129,SO-0602,Constable Dinesh Chaudhary,Constable,39,2026-08-06 17:45:53+00:00,87.0,88.0,,21.3168917,72.8884421,26.600000381469727,-0.017,0.881,0.328,,0.0,0.0,0.0,,,,,0.0,0.0,30.0,-4.090000000189775e-05,2.540000001260978e-05,0.63,88.0,36.5,0
82132,SO-0602,Constable Dinesh Chaudhary,Constable,39,2026-08-06 17:46:23+00:00,94.0,59.0,,21.3168489,72.88845,26.200000762939453,-0.2,0.973,0.092,,0.0,0.0,0.0,,,,,0.0,0.0,30.0,-4.279999999923234e-05,7.899999999949614e-06,0.58,59.0,36.5,2
82135,SO-0602,Constable Dinesh Chaudhary,Constable,39,2026-08-06 17:46:53+00:00,83.0,84.0,,21.3167842,72.8884443,26.200000762939453,0.079,-0.431,0.919,,0.0,0.0,0.0,,,,,0.0,0.0,30.0,-6.469999999936249e-05,-5.700000002661909e-06,0.86,84.0,36.5,0
82138,SO-0602,Constable Dinesh Chaudhary,Constable,39,2026-08-06 17:47:23+00:00,97.0,86.0,,21.3167525,72.8883199,26.200000762939453,-0.577,-0.042,0.782,,0.0,0.0,0.0,,,,,0.0,0.0,30.0,-3.1700000000967066e-05,-0.0001244000000042,1.65,86.0,36.5,2
82141,SO-0602,Constable Dinesh Chaudhary,Constable,39,2026-08-06 17:47:57+00:00,91.0,83.0,,21.3167326,72.8885163,26.100000381469727,-0.835,-0.489,0.205,,0.0,0.0,0.0,,,,,0.0,0.0,34.0,-1.9899999998074236e-05,0.0001964000000072,2.24,83.0,36.5,2
82144,SO-0602,Constable Dinesh Chaudhary,Constable,39,2026-08-06 17:48:25+00:00,86.0,85.0,,21.3167268,72.8885155,26.100000381469727,-0.955,0.517,0.305,,0.0,0.0,0.0,,,,,0.0,0.0,28.0,-5.800000000277805e-06,-8.000000093488779e-07,0.08,85.0,36.5,0
