log_id,badge_id,officer_name,rank,user_id,timestamp,spo2,pulse,temperature,latitude,longitude,altitude,accel_x,accel_y,accel_z,barometer,gyro_x,gyro_y,gyro_z,mag_x,mag_y,mag_z,bat_v,ir,red,time_delta,lat_delta,lon_delta,approx_speed_kmh,heart_rate,skin_temperature,target
503,SO-0501,ASI Nidhi Vaghela,ASI,35,2026-07-14 16:47:02+00:00,98.0,87.0,,21.1811589,72.801231,18.399999618530273,-0.786,-0.073,-0.614,,0.0,0.0,0.0,,,,,0.0,0.0,0.0,0.0,0.0,0.0,87.0,36.5,2
515,SO-0501,ASI Nidhi Vaghela,ASI,35,2026-07-14 16:47:32+00:00,91.0,86.0,,21.1811643,72.8012529,18.399999618530273,-0.927,0.186,0.635,,0.0,0.0,0.0,,,,,0.0,0.0,30.0,5.39999999915608e-06,2.189999999302472e-05,0.28,86.0,36.5,2
527,SO-0501,ASI Nidhi Vaghela,ASI,35,2026-07-14 16:48:02+00:00,90.0,80.0,,21.181175,72.8012688,18.399999618530273,-0.594,0.297,0.851,,0.0,0.0,0.0,,,,,0.0,0.0,30.0,1.0700000000696264e-05,1.5900000008173265e-05,0.24,80.0,36.5,0
538,SO-0501,ASI Nidhi Vaghela,ASI,35,2026-07-14 16:48:32+00:00,82.0,84.0,,21.1811301,72.8013074,18.399999618530273,-0.233,-0.902,0.437,,0.0,0.0,0.0,,,,,0.0,0.0,30.0,-4.489999999890415e-05,3.859999999633601e-05,0.77,84.0,36.5,0
550,SO-0501,ASI Nidhi Vaghela,ASI,35,2026-07-14 16:49:02+00:00,88.0,81.0,,21.1811428,72.8012642,18.399999618530273,-0.631,0.211,0.855,,0.0,0.0,0.0,,,,,0.0,0.0,30.0,1.2699999999199464e-05,-4.319999999324864e-05,0.56,81.0,36.5,0
559,SO-0501,ASI Nidhi Vaghela,ASI,35,2026-07-14 16:49:32+00:00,95.0,86.0,,21.1814188,72.801216,21.299999237060547,-0.236,0.556,0.9,,0.0,0.0,0.0,,,,,0.0,0.0,30.0,0.0002759999999994,-4.820000000904656e-05,3.72,86.0,36.5,2
571,SO-0501,ASI Nidhi Vaghela,ASI,35,2026-07-14 16:50:02+00:00,93.0,88.0,,21.1811528,72.8012938,18.399999618530273,-0.255,0.797,0.648,,0.0,0.0,0.0,,,,,0.0,0.0,30.0,-0.0002659999999998,7.779999999968368e-05,3.67,88.0,36.5,2
582,SO-0501,ASI Nidhi Vaghela,ASI,35,2026-07-14 16:50:32+00:00,82.0,81.0,,21.1811503,72.8012844,18.399999618530273,-0.601,0.693,0.531,,0.0,0.0,0.0,,,,,0.0,0.0,30.0,-2.500000000793534e-06,-9.399999996162478e-06,0.12,81.0,36.5,0
595,SO-0501,ASI Nidhi Vaghela,ASI,35,2026-07-14 16:51:02+00:00,84.0,87.0,,21.1811442,72.8012924,21.299999237060547,-0.298,0.775,0.653,,0.0,0.0,0.0,,,,,0.0,0.0,30.0,-6.100000000230921e-06,7.999999994012796e-06,0.13,87.0,36.5,0
605,SO-0501,ASI Nidhi Vaghela,ASI,35,2026-07-14 16:51:30+00:00,86.0,88.0,,21.1811968,72.8012144,21.299999237060547,-0.958,0.131,-0.135,,0.0,0.0,0.0,,,,,0.0,0.0,28.0,5.260000000006926e-05,-7.799999998781004e-05,1.28,88.0,36.5,0
616,SO-0501,ASI Nidhi Vaghela,ASI,35,2026-07-14 16:52:02+00:00,82.0,88.0,,21.1811533,72.8012628,21.299999237060547,-0.505,0.713,0.591,,0.0,0.0,0.0,,,,,0.0,0.0,32.0,-4.350000000030718e-05,4.839999999717293e-05,0.78,88.0,36.5,0
628,SO-0501,ASI Nidhi Vaghela,ASI,35,2026-07-14 16:52:32+00:00,92.0,80.0,,21.1811359,72.8012979,18.399999618530273,-0.783,0.266,0.672,,0.0,0.0,0.0,,,,,0.0,0.0,30.0,-1.7399999997280702e-05,3.5099999990961805e-05,0.49,80.0,36.5,2
640,SO-0501,ASI Nidhi Vaghela,ASI,35,2026-07-14 16:53:02+00:00,87.0,77.0,,21.181136,72.801266,18.399999618530273,-0.601,0.108,0.853,,0.0,0.0,0.0,,,,,0.0,0.0,30.0,9.999999761589606e-08,-3.189999999619886e-05,0.4,77.0,36.5,0
650,SO-0501,ASI Nidhi Vaghela,ASI,35,2026-07-14 16:53:32+00:00,94.0,78.0,,21.1811557,72.801241,18.399999618530273,-0.536,0.419,0.865,,0.0,0.0,0.0,,,,,0.0,0.0,30.0,1.9700000002842444e-05,-2.4999999993724487e-05,0.41,78.0,36.5,2
660,SO-0501,ASI Nidhi Vaghela,ASI,35,2026-07-14 16:54:02+00:00,81.0,87.0,,21.1811478,72.8012941,18.399999618530273,-0.455,0.532,0.82,,0.0,0.0,0.0,,,,,0.0,0.0,30.0,-7.899999999949614e-06,5.310000000235959e-05,0.67,87.0,36.5,0
668,SO-0501,ASI Nidhi Vaghela,ASI,35,2026-07-14 16:54:32+00:00,89.0,88.0,,21.1811679,72.8012431,21.299999237060547,-0.386,-0.005,0.891,,0.0,0.0,0.0,,,,,0.0,0.0,30.0,2.0099999996858745e-05,-5.1000000013345925e-05,0.69,88.0,36.5,0
678,SO-0501,ASI Nidhi Vaghela,ASI,35,2026-07-14 16:55:02+00:00,90.0,88.0,,21.1811555,72.8012444,18.399999618530273,-0.574,0.143,0.918,,0.0,0.0,0.0,,,,,0.0,0.0,30.0,-1.2399999999246347e-05,1.3000000080864993e-06,0.17,88.0,36.5,0
687,SO-0501,ASI Nidhi Vaghela,ASI,35,2026-07-14 16:55:32+00:00,82.0,88.0,,21.1811213,72.8012395,18.399999618530273,-0.261,0.289,1.054,,0.0,0.0,0.0,,,,,0.0,0.0,30.0,-3.4199999998207886e-05,-4.900000007523886e-06,0.46,88.0,36.5,0
695,SO-0501,ASI Nidhi Vaghela,ASI,35,2026-07-14 16:56:02+00:00,83.0,88.0,,21.1811481,72.8013115,18.399999618530273,-0.577,0.809,0.279,,0.0,0.0,0.0,,,,,0.0,0.0,30.0,2.6800000000548607e-05,7.200000000295859e-05,0.96,88.0,36.5,0
705,SO-0501,ASI Nidhi Vaghela,ASI,35,2026-07-14 16:56:35+00:00,85.0,84.0,,21.1811576,72.8012725,18.399999618530273,-0.528,0.812,0.379,,0.0,0.0,0.0,,,,,0.0,0.0,33.0,9.499999997331088e-06,-3.900000000101045e-05,0.46,84.0,36.5,0
713,SO-0501,ASI Nidhi Vaghela,ASI,35,2026-07-14 16:57:05+00:00,90.0,87.0,,21.1811885,72.8012503,21.299999237060547,-0.308,-0.344,1.164,,0.0,0.0,0.0,,,,,0.0,0.0,30.0,3.090000000227633e-05,-2.2199999989425123e-05,0.5,87.0,36.5,0
723,SO-0501,ASI Nidhi Vaghela,ASI,35,2026-07-14 16:57:36+00:00,91.0,88.0,,21.1811448,72.8013472,18.399999618530273,-0.513,-0.755,0.56,,0.0,0.0,0.0,,,,,0.0,0.0,31.0,-4.37000000026444e-05,9.689999998840904e-05,1.29,88.0,36.5,2
732,SO-0501,ASI Nidhi Vaghela,ASI,35,2026-07-14 16:58:07+00:00,94.0,85.0,,21.1811596,72.801262,21.299999237060547,-0.511,0.512,0.637,,0.0,0.0,0.0,,,,,0.0,0.0,31.0,1.4800000002423984e-05,-8.520000000089567e-05,1.04,85.0,36.5,2
744,SO-0501,ASI Nidhi Vaghela,ASI,35,2026-07-14 16:58:37+00:00,86.0,87.0,,21.1811756,72.8012594,21.299999237060547,-0.367,0.684,0.732,,0.0,0.0,0.0,,,,,0.0,0.0,30.0,1.5999999998683734e-05,-2.599999987751289e-06,0.22,87.0,36.5,0
755,SO-0501,ASI Nidhi Vaghela,ASI,35,2026-07-14 16:59:07+00:00,88.0,88.0,,21.1811607,72.801231,18.399999618530273,-0.961,0.168,0.341,,0.0,0.0,0.0,,,,,0.0,0.0,30.0,-1.490000000003988e-05,-2.840000000503551e-05,0.4,88.0,36.5,0
766,SO-0501,ASI Nidhi Vaghela,ASI,35,2026-07-14 16:59:37+00:00,84.0,68.0,,21.181188,72.8012573,21.299999237060547,-0.694,0.233,0.806,,0.0,0.0,0.0,,,,,0.0,0.0,30.0,2.729999999928623e-05,2.6300000001810982e-05,0.49,68.0,36.5,0
777,SO-0501,ASI Nidhi Vaghela,ASI,35,2026-07-14 17:00:08+00:00,85.0,88.0,,21.1812062,72.8012177,18.399999618530273,-0.306,0.761,0.672,,0.0,0.0,0.0,,,,,0.0,0.0,31.0,1.8199999999524152e-05,-3.960000000802211e-05,0.53,88.0,36.5,0
788,SO-0501,ASI Nidhi Vaghela,ASI,35,2026-07-14 17:00:40+00:00,99.0,88.0,,21.181192,72.8012369,21.299999237060547,-0.18,0.963,0.227,,0.0,0.0,0.0,,,,,0.0,0.0,32.0,-1.419999999896504e-05,1.920000001121025e-05,0.29,88.0,36.5,2
799,SO-0501,ASI Nidhi Vaghela,ASI,35,2026-07-14 17:01:08+00:00,94.0,86.0,,21.1811619,72.8012619,21.299999237060547,-0.961,0.278,0.534,,0.0,0.0,0.0,,,,,0.0,0.0,28.0,-3.010000000003288e-05,2.4999999993724487e-05,0.54,86.0,36.5,2
810,SO-0501,ASI Nidhi Vaghela,ASI,35,2026-07-14 17:01:38+00:00,97.0,83.0,,21.1811741,72.8012529,18.399999618530273,-0.352,0.858,0.467,,0.0,0.0,0.0,,,,,0.0,0.0,30.0,1.220000000046184e-05,-9.000000005698894e-06,0.2,83.0,36.5,2
821,SO-0501,ASI Nidhi Vaghela,ASI,35,2026-07-14 17:02:10+00:00,92.0,88.0,,21.1811967,72.8012498,18.399999618530273,-0.351,0.825,0.54,,0.0,0.0,0.0,,,,,0.0,0.0,32.0,2.260000000120499e-05,-3.1000000006997652e-06,0.28,88.0,36.5,2
832,SO-0501,ASI Nidhi Vaghela,ASI,35,2026-07-14 17:02:37+00:00,97.0,85.0,,21.1811614,72.8012423,18.399999618530273,-0.781,0.633,-0.019,,0.0,0.0,0.0,,,,,0.0,0.0,27.0,-3.530000000040445e-05,-7.499999995275175e-06,0.53,85.0,36.5,2
843,SO-0501,ASI Nidhi Vaghela,ASI,35,2026-07-14 17:03:07+00:00,90.0,86.0,,21.1811638,72.8012419,18.399999618530273,-0.731,0.681,-0.068,,0.0,0.0,0.0,,,,,0.0,0.0,30.0,2.3999999996249244e-06,-4.0000000467443897e-07,0.03,86.0,36.5,0
854,SO-0501,ASI Nidhi Vaghela,ASI,35,2026-07-14 17:03:37+00:00,91.0,88.0,,21.1811582,72.8012326,18.399999618530273,-0.779,0.639,0.169,,0.0,0.0,0.0,,,,,0.0,0.0,30.0,-5.600000001493299e-06,-9.29999998788844e-06,0.14,88.0,36.5,2
865,SO-0501,ASI Nidhi Vaghela,ASI,35,2026-07-14 17:04:08+00:00,90.0,83.0,,21.1811726,72.8012824,21.299999237060547,-0.447,0.833,0.526,,0.0,0.0,0.0,,,,,0.0,0.0,31.0,1.440000000130226e-05,4.979999999932261e-05,0.63,83.0,36.5,0
876,SO-0501,ASI Nidhi Vaghela,ASI,35,2026-07-14 17:04:39+00:00,84.0,88.0,,21.1811878,72.8012617,21.299999237060547,-0.469,0.802,0.48,,0.0,0.0,0.0,,,,,0.0,0.0,31.0,1.5199999999992995e-05,-2.070000000742311e-05,0.32,88.0,36.5,0
887,SO-0501,ASI Nidhi Vaghela,ASI,35,2026-07-14 17:05:11+00:00,85.0,88.0,,21.181156,72.8013158,21.299999237060547,-0.433,0.725,0.67,,0.0,0.0,0.0,,,,,0.0,0.0,32.0,-3.179999999858296e-05,5.409999999983483e-05,0.74,88.0,36.5,0
898,SO-0501,ASI Nidhi Vaghela,ASI,35,2026-07-14 17:05:42+00:00,89.0,84.0,,21.1811574,72.8012746,21.299999237060547,-0.528,0.738,0.531,,0.0,0.0,0.0,,,,,0.0,0.0,31.0,1.399999998596968e-06,-4.1199999998298154e-05,0.5,84.0,36.5,0
910,SO-0501,ASI Nidhi Vaghela,ASI,35,2026-07-14 17:06:12+00:00,87.0,88.0,,21.1811573,72.8012832,21.299999237060547,-0.52,0.745,0.54,,0.0,0.0,0.0,,,,,0.0,0.0,30.0,-1.0000000116860974e-07,8.600000001024455e-06,0.11,88.0,36.5,0
921,SO-0501,ASI Nidhi Vaghela,ASI,35,2026-07-14 17:06:43+00:00,81.0,87.0,,21.1812978,72.8012312,21.299999237060547,-0.464,0.785,0.514,,0.0,0.0,0.0,,,,,0.0,0.0,31.0,0.0001405000000005,-5.199999999661031e-05,1.92,87.0,36.5,0
932,SO-0501,ASI Nidhi Vaghela,ASI,35,2026-07-14 17:07:13+00:00,82.0,88.0,,21.1811992,72.8012281,18.399999618530273,-0.496,0.81,0.453,,0.0,0.0,0.0,,,,,0.0,0.0,30.0,-9.860000000116996e-05,-3.1000000006997652e-06,1.31,88.0,36.5,0
943,SO-0501,ASI Nidhi Vaghela,ASI,35,2026-07-14 17:07:44+00:00,95.0,86.0,,21.1813607,72.8012222,21.299999237060547,-0.74,0.29,0.732,,0.0,0.0,0.0,,,,,0.0,0.0,31.0,0.0001615000000008,-5.900000004999129e-06,2.08,86.0,36.5,2
954,SO-0501,ASI Nidhi Vaghela,ASI,35,2026-07-14 17:08:14+00:00,90.0,84.0,,21.1811854,72.8012229,18.399999618530273,-0.419,0.749,0.611,,0.0,0.0,0.0,,,,,0.0,0.0,30.0,-0.0001752999999986,7.000000010748408e-07,2.34,84.0,36.5,0
967,SO-0501,ASI Nidhi Vaghela,ASI,35,2026-07-14 17:08:47+00:00,85.0,87.0,,21.1812208,72.8012321,21.299999237060547,-0.707,0.321,-0.571,,0.0,0.0,0.0,,,,,0.0,0.0,33.0,3.539999999802035e-05,9.19999999382526e-06,0.44,87.0,36.5,0
978,SO-0501,ASI Nidhi Vaghela,ASI,35,2026-07-14 17:09:18+00:00,95.0,75.0,,21.1811907,72.8012251,18.399999618530273,-0.806,0.152,-0.475,,0.0,0.0,0.0,,,,,0.0,0.0,31.0,-3.010000000003288e-05,-6.999999996537554e-06,0.4,75.0,36.5,2
989,SO-0501,ASI Nidhi Vaghela,ASI,35,2026-07-14 17:09:48+00:00,90.0,88.0,,21.1813606,72.801219,21.299999237060547,-0.498,0.721,0.609,,0.0,0.0,0.0,,,,,0.0,0.0,30.0,0.000169900000003,-6.099999993125493e-06,2.26,88.0,36.5,0
1000,SO-0501,ASI Nidhi Vaghela,ASI,35,2026-07-14 17:10:19+00:00,86.0,76.0,,21.1812958,72.8012283,21.299999237060547,-0.925,0.254,0.217,,0.0,0.0,0.0,,,,,0.0,0.0,31.0,-6.48000000005311e-05,9.300000002099296e-06,0.84,76.0,36.5,0
1011,SO-0501,ASI Nidhi Vaghela,ASI,35,2026-07-14 17:10:49+00:00,87.0,84.0,,21.181212,72.8012387,18.399999618530273,-0.224,0.21,1.118,,0.0,0.0,0.0,,,,,0.0,0.0,30.0,-8.38000000022987e-05,1.039999999363772e-05,1.12,84.0,36.5,0
1022,SO-0501,ASI Nidhi Vaghela,ASI,35,2026-07-14 17:11:19+00:00,84.0,88.0,,21.1811946,72.8012274,18.399999618530273,-0.858,0.605,-0.192,,0.0,0.0,0.0,,,,,0.0,0.0,30.0,-1.7399999997280702e-05,-1.129999999704978e-05,0.27,88.0,36.5,0
1034,SO-0501,ASI Nidhi Vaghela,ASI,35,2026-07-14 17:11:50+00:00,99.0,88.0,,21.1813451,72.8012195,21.299999237060547,-0.444,-0.849,0.403,,0.0,0.0,0.0,,,,,0.0,0.0,31.0,0.0001505000000001,-7.899999999949614e-06,1.94,88.0,36.5,2
1045,SO-0501,ASI Nidhi Vaghela,ASI,35,2026-07-14 17:12:20+00:00,100.0,87.0,,21.1811483,72.8012449,18.399999618530273,-0.432,0.909,0.232,,0.0,0.0,0.0,,,,,0.0,0.0,30.0,-0.0001968000000012,2.539999999839893e-05,2.64,87.0,36.5,2
1058,SO-0501,ASI Nidhi Vaghela,ASI,35,2026-07-14 17:12:50+00:00,85.0,84.0,,21.1811562,72.8012226,18.399999618530273,-1.078,0.377,0.174,,0.0,0.0,0.0,,,,,0.0,0.0,30.0,7.899999999949614e-06,-2.229999999769916e-05,0.3,84.0,36.5,0
1067,SO-0501,ASI Nidhi Vaghela,ASI,35,2026-07-14 17:13:20+00:00,87.0,88.0,,21.181169,72.8012348,18.399999618530273,-0.848,-0.502,0.074,,0.0,0.0,0.0,,,,,0.0,0.0,30.0,1.2800000000368073e-05,1.220000000046184e-05,0.23,88.0,36.5,0
1078,SO-0501,ASI Nidhi Vaghela,ASI,35,2026-07-14 17:13:50+00:00,85.0,83.0,,21.181112,72.8012041,17.899999618530273,-0.258,0.958,0.294,,0.0,0.0,0.0,,,,,0.0,0.0,30.0,-5.7000000001750095e-05,-3.0699999996386396e-05,0.85,83.0,36.5,0
1088,SO-0501,ASI Nidhi Vaghela,ASI,35,2026-07-14 17:14:20+00:00,95.0,86.0,,21.1811107,72.8012195,18.399999618530273,-0.27,0.957,0.285,,0.0,0.0,0.0,,,,,0.0,0.0,30.0,-1.2999999974283585e-06,1.539999999522479e-05,0.19,86.0,36.5,2
1099,SO-0501,ASI Nidhi Vaghela,ASI,35,2026-07-14 17:14:50+00:00,92.0,88.0,,21.1811479,72.8012364,18.399999618530273,-0.291,0.942,0.25,,0.0,0.0,0.0,,,,,0.0,0.0,30.0,3.719999999773904e-05,1.6899999991437653e-05,0.54,88.0,36.5,2
1110,SO-0501,ASI Nidhi Vaghela,ASI,35,2026-07-14 17:15:20+00:00,99.0,86.0,,21.1811794,72.8012237,18.399999618530273,-0.296,0.963,0.265,,0.0,0.0,0.0,,,,,0.0,0.0,30.0,3.150000000218256e-05,-1.2699999999199464e-05,0.45,86.0,36.5,2
1122,SO-0501,ASI Nidhi Vaghela,ASI,35,2026-07-14 17:15:52+00:00,82.0,86.0,,21.1811729,72.8012538,18.399999618530273,0.484,0.441,0.876,,0.0,0.0,0.0,,,,,0.0,0.0,32.0,-6.500000001352646e-06,3.0100000003585592e-05,0.36,86.0,36.5,0
1133,SO-0501,ASI Nidhi Vaghela,ASI,35,2026-07-14 17:16:22+00:00,84.0,88.0,,21.1811697,72.8012225,18.399999618530273,-0.335,0.951,0.076,,0.0,0.0,0.0,,,,,0.0,0.0,30.0,-3.1999999983156613e-06,-3.1300000003398054e-05,0.39,88.0,36.5,0
1146,SO-0501,ASI Nidhi Vaghela,ASI,35,2026-07-14 17:16:53+00:00,92.0,88.0,,21.1811285,72.801235,18.399999618530273,-0.304,0.921,0.218,,0.0,0.0,0.0,,,,,0.0,0.0,31.0,-4.120000000185087e-05,1.2500000011073098e-05,0.55,88.0,36.5,2
1158,SO-0501,ASI Nidhi Vaghela,ASI,35,2026-07-14 17:17:24+00:00,92.0,74.0,,21.1811431,72.801221,18.399999618530273,-0.865,0.666,-0.227,,0.0,0.0,0.0,,,,,0.0,0.0,31.0,1.4600000000086766e-05,-1.4000000007285962e-05,0.25,74.0,36.5,2
1169,SO-0501,ASI Nidhi Vaghela,ASI,35,2026-07-14 17:17:54+00:00,83.0,87.0,,21.181161,72.8012584,18.399999618530273,-0.406,0.744,0.625,,0.0,0.0,0.0,,,,,0.0,0.0,30.0,1.7899999999571037e-05,3.739999999652355e-05,0.52,87.0,36.5,0
1181,SO-0501,ASI Nidhi Vaghela,ASI,35,2026-07-14 17:18:26+00:00,91.0,86.0,,21.1811201,72.8012279,18.399999618530273,-0.268,0.937,0.301,,0.0,0.0,0.0,,,,,0.0,0.0,32.0,-4.089999999834504e-05,-3.0499999994049176e-05,0.62,86.0,36.5,2
1194,SO-0501,ASI Nidhi Vaghela,ASI,35,2026-07-14 17:18:57+00:00,94.0,78.0,,21.1811683,72.8012397,18.399999618530273,-0.709,0.401,0.437,,0.0,0.0,0.0,,,,,0.0,0.0,31.0,4.819999999838842e-05,1.1799999995787402e-05,0.64,78.0,36.5,2
1208,SO-0501,ASI Nidhi Vaghela,ASI,35,2026-07-14 17:19:30+00:00,87.0,88.0,,21.1810975,72.8012057,17.899999618530273,-0.502,1.016,0.35,,0.0,0.0,0.0,,,,,0.0,0.0,33.0,-7.079999999959341e-05,-3.399999999942338e-05,0.94,88.0,36.5,0
1220,SO-0501,ASI Nidhi Vaghela,ASI,35,2026-07-14 17:20:01+00:00,87.0,86.0,,21.1811472,72.8012206,18.399999618530273,-0.239,0.981,0.141,,0.0,0.0,0.0,,,,,0.0,0.0,31.0,4.970000000170671e-05,1.4899999996487168e-05,0.67,86.0,36.5,0
1232,SO-0501,ASI Nidhi Vaghela,ASI,35,2026-07-14 17:20:31+00:00,83.0,84.0,,21.1810991,72.8011996,17.899999618530273,0.381,1.78,0.526,,0.0,0.0,0.0,,,,,0.0,0.0,30.0,-4.8100000000772525e-05,-2.099999998961266e-05,0.69,84.0,36.5,1
1248,SO-0501,ASI Nidhi Vaghela,ASI,35,2026-07-14 17:21:04+00:00,82.0,67.0,,21.1811248,72.8011731,21.0,-0.438,1.11,0.426,,0.0,0.0,0.0,,,,,0.0,0.0,33.0,2.569999999835204e-05,-2.6500000004148205e-05,0.43,67.0,36.5,1
1260,SO-0501,ASI Nidhi Vaghela,ASI,35,2026-07-14 17:21:31+00:00,94.0,88.0,,21.1811293,72.8012048,21.0,-0.559,0.804,-0.01,,0.0,0.0,0.0,,,,,0.0,0.0,27.0,4.499999999296733e-06,3.169999999386164e-05,0.44,88.0,36.5,1
1274,SO-0501,ASI Nidhi Vaghela,ASI,35,2026-07-14 17:22:04+00:00,94.0,77.0,,21.1811549,72.8012582,21.399999618530273,-0.929,0.6,0.61,,0.0,0.0,0.0,,,,,0.0,0.0,33.0,2.5600000000736145e-05,5.340000001297085e-05,0.68,77.0,36.5,1
1287,SO-0501,ASI Nidhi Vaghela,ASI,35,2026-07-14 17:22:32+00:00,86.0,80.0,,21.1811281,72.8011977,21.0,-0.331,0.937,0.208,,0.0,0.0,0.0,,,,,0.0,0.0,28.0,-2.6800000000548607e-05,-6.0500000003571586e-05,0.89,80.0,36.5,1
1300,SO-0501,ASI Nidhi Vaghela,ASI,35,2026-07-14 17:23:03+00:00,92.0,63.0,,21.1811374,72.801195,21.0,-0.696,1.349,0.323,,0.0,0.0,0.0,,,,,0.0,0.0,31.0,9.300000002099296e-06,-2.6999999960253263e-06,0.12,63.0,36.5,2
1314,SO-0501,ASI Nidhi Vaghela,ASI,35,2026-07-14 17:23:33+00:00,88.0,78.0,,21.1811493,72.8012333,18.399999618530273,-0.402,0.938,0.157,,0.0,0.0,0.0,,,,,0.0,0.0,30.0,1.1900000000508726e-05,3.829999999993561e-05,0.5,78.0,36.5,0
1326,SO-0501,ASI Nidhi Vaghela,ASI,35,2026-07-14 17:24:04+00:00,93.0,84.0,,21.1811286,72.8011994,21.0,-1.039,0.45,0.774,,0.0,0.0,0.0,,,,,0.0,0.0,31.0,-2.0700000000317686e-05,-3.39000000053602e-05,0.49,84.0,36.5,2
1339,SO-0501,ASI Nidhi Vaghela,ASI,35,2026-07-14 17:24:34+00:00,89.0,80.0,,21.1811827,72.8012684,21.0,-0.431,0.898,0.079,,0.0,0.0,0.0,,,,,0.0,0.0,30.0,5.409999999983483e-05,6.8999999996322e-05,1.12,80.0,36.5,0
1350,SO-0501,ASI Nidhi Vaghela,ASI,35,2026-07-14 17:25:04+00:00,83.0,83.0,,21.1811818,72.8012624,21.0,-0.555,-0.606,0.656,,0.0,0.0,0.0,,,,,0.0,0.0,30.0,-8.999999998593466e-07,-5.999999999062311e-06,0.08,83.0,36.5,0
1363,SO-0501,ASI Nidhi Vaghela,ASI,35,2026-07-14 17:25:34+00:00,90.0,88.0,,21.1812055,72.8012855,21.0,-0.761,-0.082,-0.396,,0.0,0.0,0.0,,,,,0.0,0.0,30.0,2.369999999984884e-05,2.310000000704804e-05,0.43,88.0,36.5,0
1375,SO-0501,ASI Nidhi Vaghela,ASI,35,2026-07-14 17:26:04+00:00,95.0,84.0,,21.1812089,72.8012802,21.399999618530273,-0.099,0.709,0.148,,0.0,0.0,0.0,,,,,0.0,0.0,30.0,3.4000000006528808e-06,-5.300000012198325e-06,0.08,84.0,36.5,2
1387,SO-0501,ASI Nidhi Vaghela,ASI,35,2026-07-14 17:26:34+00:00,94.0,84.0,,21.1812054,72.8012783,21.399999618530273,-1.077,-0.248,0.023,,0.0,0.0,0.0,,,,,0.0,0.0,30.0,-3.5000000018214905e-06,-1.8999999866764483e-06,0.05,84.0,36.5,2
1398,SO-0501,ASI Nidhi Vaghela,ASI,35,2026-07-14 17:27:03+00:00,88.0,85.0,,21.1812054,72.8012783,21.399999618530273,-0.941,-0.228,-0.159,,0.0,0.0,0.0,,,,,0.0,0.0,29.0,0.0,0.0,0.0,85.0,36.5,0
1411,SO-0501,ASI Nidhi Vaghela,ASI,35,2026-07-14 17:27:35+00:00,87.0,88.0,,21.1811903,72.8012612,21.399999618530273,-0.986,-0.24,-0.15,,0.0,0.0,0.0,,,,,0.0,0.0,32.0,-1.5099999998824389e-05,-1.7100000007985727e-05,0.27,88.0,36.5,0
1423,SO-0501,ASI Nidhi Vaghela,ASI,35,2026-07-14 17:28:05+00:00,87.0,86.0,,21.1811806,72.8012608,21.399999618530273,-0.781,-0.44,0.521,,0.0,0.0,0.0,,,,,0.0,0.0,30.0,-9.699999999668307e-06,-4.0000000467443897e-07,0.13,86.0,36.5,0
1436,SO-0501,ASI Nidhi Vaghela,ASI,35,2026-07-14 17:28:35+00:00,92.0,88.0,,21.181163,72.8012492,21.399999618530273,-0.94,-0.276,0.309,,0.0,0.0,0.0,,,,,0.0,0.0,30.0,-1.759999999961792e-05,-1.1599999993450185e-05,0.28,88.0,36.5,2
1448,SO-0501,ASI Nidhi Vaghela,ASI,35,2026-07-14 17:29:05+00:00,92.0,88.0,,21.1811735,72.8012556,21.399999618530273,-0.743,-0.258,0.738,,0.0,0.0,0.0,,,,,0.0,0.0,30.0,1.0499999998359044e-05,6.40000000373675e-06,0.16,88.0,36.5,2
1458,SO-0501,ASI Nidhi Vaghela,ASI,35,2026-07-14 17:29:35+00:00,85.0,88.0,,21.181174,72.8012545,21.399999618530273,-0.951,-0.284,-0.145,,0.0,0.0,0.0,,,,,0.0,0.0,30.0,4.999999987376214e-07,-1.1000000057492798e-06,0.02,88.0,36.5,0
1472,SO-0501,ASI Nidhi Vaghela,ASI,35,2026-07-14 17:30:05+00:00,82.0,88.0,,21.1812075,72.8012676,21.399999618530273,-0.943,-0.283,-0.191,,0.0,0.0,0.0,,,,,0.0,0.0,30.0,3.350000000068576e-05,1.3100000003873902e-05,0.47,88.0,36.5,0
1483,SO-0501,ASI Nidhi Vaghela,ASI,35,2026-07-14 17:30:35+00:00,81.0,84.0,,21.1812064,72.80128,21.399999618530273,-0.357,0.933,0.18,,0.0,0.0,0.0,,,,,0.0,0.0,30.0,-1.0999999986438525e-06,1.240000000279906e-05,0.15,84.0,36.5,0
1493,SO-0501,ASI Nidhi Vaghela,ASI,35,2026-07-14 17:31:05+00:00,87.0,88.0,,21.181207,72.8012829,21.399999618530273,-0.624,0.564,-0.535,,0.0,0.0,0.0,,,,,0.0,0.0,30.0,5.999999999062311e-07,2.8999999983625457e-06,0.04,88.0,36.5,0
1505,SO-0501,ASI Nidhi Vaghela,ASI,35,2026-07-14 17:31:36+00:00,87.0,88.0,,21.1812058,72.8012773,21.299999237060547,-0.599,0.772,0.354,,0.0,0.0,0.0,,,,,0.0,0.0,31.0,-1.1999999998124622e-06,-5.600000008598727e-06,0.07,88.0,36.5,0
1515,SO-0501,ASI Nidhi Vaghela,ASI,35,2026-07-14 17:32:07+00:00,87.0,87.0,,21.1812001,72.8012788,21.399999618530273,-0.682,0.501,0.515,,0.0,0.0,0.0,,,,,0.0,0.0,31.0,-5.699999999109195e-06,1.5000000104237188e-06,0.08,87.0,36.5,0
1526,SO-0501,ASI Nidhi Vaghela,ASI,35,2026-07-14 17:32:40+00:00,95.0,88.0,,21.1812084,72.8012807,21.399999618530273,-0.321,0.737,0.494,,0.0,0.0,0.0,,,,,0.0,0.0,33.0,8.299999997518626e-06,1.900000000887303e-06,0.1,88.0,36.5,2
1539,SO-0501,ASI Nidhi Vaghela,ASI,35,2026-07-14 17:33:12+00:00,88.0,88.0,,21.1811899,72.8012625,21.399999618530273,-0.988,0.058,-0.163,,0.0,0.0,0.0,,,,,0.0,0.0,32.0,-1.8499999999477268e-05,-1.8199999999524152e-05,0.31,88.0,36.5,0
1549,SO-0501,ASI Nidhi Vaghela,ASI,35,2026-07-14 17:33:40+00:00,86.0,88.0,,21.181216,72.801263,21.399999618530273,-0.96,0.026,-0.261,,0.0,0.0,0.0,,,,,0.0,0.0,28.0,2.6099999999473766e-05,4.999999987376214e-07,0.37,88.0,36.5,0
1562,SO-0501,ASI Nidhi Vaghela,ASI,35,2026-07-14 17:34:10+00:00,83.0,88.0,,21.1812056,72.8012709,21.399999618530273,-0.937,0.011,-0.288,,0.0,0.0,0.0,,,,,0.0,0.0,30.0,-1.0400000000743148e-05,7.899999999949614e-06,0.17,88.0,36.5,0
1574,SO-0501,ASI Nidhi Vaghela,ASI,35,2026-07-14 17:34:40+00:00,82.0,88.0,,21.1812132,72.80127,21.399999618530273,-0.958,0.02,-0.257,,0.0,0.0,0.0,,,,,0.0,0.0,30.0,7.599999999996499e-06,-9.000000034120603e-07,0.1,88.0,36.5,0
1585,SO-0501,ASI Nidhi Vaghela,ASI,35,2026-07-14 17:35:10+00:00,83.0,86.0,,21.1811976,72.8012783,21.399999618530273,-0.806,0.06,-0.535,,0.0,0.0,0.0,,,,,0.0,0.0,30.0,-1.559999999756201e-05,8.300000004624053e-06,0.23,86.0,36.5,0
1597,SO-0501,ASI Nidhi Vaghela,ASI,35,2026-07-14 17:35:39+00:00,87.0,88.0,,21.1811914,72.801264,21.399999618530273,-0.775,0.048,-0.555,,0.0,0.0,0.0,,,,,0.0,0.0,29.0,-6.2000000013995304e-06,-1.4300000003686364e-05,0.2,88.0,36.5,0
1609,SO-0501,ASI Nidhi Vaghela,ASI,35,2026-07-14 17:36:10+00:00,85.0,88.0,,21.1812101,72.801273,21.399999618530273,-0.807,0.042,-0.542,,0.0,0.0,0.0,,,,,0.0,0.0,31.0,1.8700000001814487e-05,8.999999991488039e-06,0.26,88.0,36.5,0
1621,SO-0501,ASI Nidhi Vaghela,ASI,35,2026-07-14 17:36:40+00:00,87.0,84.0,,21.1812172,72.801263,21.399999618530273,-0.778,0.04,-0.579,,0.0,0.0,0.0,,,,,0.0,0.0,30.0,7.099999997706163e-06,-9.999999988963282e-06,0.16,84.0,36.5,0
1633,SO-0501,ASI Nidhi Vaghela,ASI,35,2026-07-14 17:37:10+00:00,92.0,88.0,,21.1812005,72.8012804,21.399999618530273,-0.796,0.054,-0.545,,0.0,0.0,0.0,,,,,0.0,0.0,30.0,-1.6699999999758575e-05,1.7399999990175274e-05,0.31,88.0,36.5,2
1645,SO-0501,ASI Nidhi Vaghela,ASI,35,2026-07-14 17:37:40+00:00,81.0,88.0,,21.1812062,72.8012786,21.399999618530273,-0.819,-0.014,0.693,,0.0,0.0,0.0,,,,,0.0,0.0,30.0,5.699999999109195e-06,-1.799999992613266e-06,0.08,88.0,36.5,0
1658,SO-0501,ASI Nidhi Vaghela,ASI,35,2026-07-14 17:38:10+00:00,86.0,88.0,,21.1812016,72.8012751,21.399999618530273,-0.858,-0.019,0.562,,0.0,0.0,0.0,,,,,0.0,0.0,30.0,-4.599999996912629e-06,-3.500000005374204e-06,0.08,88.0,36.5,0
1670,SO-0501,ASI Nidhi Vaghela,ASI,35,2026-07-14 17:38:39+00:00,84.0,88.0,,21.1812033,72.8012839,21.399999618530273,-1.033,0.21,0.122,,0.0,0.0,0.0,,,,,0.0,0.0,29.0,1.6999999985500835e-06,8.800000003361674e-06,0.12,88.0,36.5,0
1682,SO-0501,ASI Nidhi Vaghela,ASI,35,2026-07-14 17:39:10+00:00,88.0,87.0,,21.1811747,72.8012589,21.399999618530273,-0.781,0.619,0.289,,0.0,0.0,0.0,,,,,0.0,0.0,31.0,-2.86000000002673e-05,-2.500000000793534e-05,0.48,87.0,36.5,0
1694,SO-0501,ASI Nidhi Vaghela,ASI,35,2026-07-14 17:39:41+00:00,81.0,84.0,,21.1811878,72.8012724,21.399999618530273,-0.878,0.123,-0.695,,0.0,0.0,0.0,,,,,0.0,0.0,31.0,1.3100000000321188e-05,1.350000000854834e-05,0.23,84.0,36.5,0
1706,SO-0501,ASI Nidhi Vaghela,ASI,35,2026-07-14 17:40:13+00:00,81.0,88.0,,21.181206,72.8012825,21.399999618530273,-0.612,0.615,-0.45,,0.0,0.0,0.0,,,,,0.0,0.0,32.0,1.8199999999524152e-05,1.009999999723732e-05,0.26,88.0,36.5,0
1719,SO-0501,ASI Nidhi Vaghela,ASI,35,2026-07-14 17:40:44+00:00,81.0,88.0,,21.1811983,72.8012769,21.399999618530273,-0.627,0.532,-0.553,,0.0,0.0,0.0,,,,,0.0,0.0,31.0,-7.700000001165108e-06,-5.599999994387872e-06,0.12,88.0,36.5,0
1731,SO-0501,ASI Nidhi Vaghela,ASI,35,2026-07-14 17:41:15+00:00,80.0,88.0,,21.1812051,72.8012788,21.399999618530273,-0.74,0.673,-0.118,,0.0,0.0,0.0,,,,,0.0,0.0,31.0,6.8000000013057615e-06,1.900000000887303e-06,0.09,88.0,36.5,0
1744,SO-0501,ASI Nidhi Vaghela,ASI,35,2026-07-14 17:41:46+00:00,83.0,88.0,,21.1812026,72.8012814,21.399999618530273,-0.938,-0.31,-0.142,,0.0,0.0,0.0,,,,,0.0,0.0,31.0,-2.500000000793534e-06,2.599999987751289e-06,0.04,88.0,36.5,0
1756,SO-0501,ASI Nidhi Vaghela,ASI,35,2026-07-14 17:42:18+00:00,87.0,89.0,,21.1811975,72.801277,21.399999618530273,-0.341,-0.909,0.031,,0.0,0.0,0.0,,,,,0.0,0.0,32.0,-5.099999999202964e-06,-4.39999999457541e-06,0.08,89.0,36.5,0
1767,SO-0501,ASI Nidhi Vaghela,ASI,35,2026-07-14 17:42:46+00:00,82.0,87.0,,21.1811136,72.8011788,21.0,-0.502,-0.777,0.165,,0.0,0.0,0.0,,,,,0.0,0.0,28.0,-8.38999999999146e-05,-9.819999999649554e-05,1.77,87.0,36.5,0
1779,SO-0501,ASI Nidhi Vaghela,ASI,35,2026-07-14 17:43:16+00:00,87.0,87.0,,21.1811227,72.8012272,17.899999618530273,-0.96,-0.124,-0.367,,0.0,0.0,0.0,,,,,0.0,0.0,30.0,9.099999999762076e-06,4.839999999717293e-05,0.61,87.0,36.5,0
1792,SO-0501,ASI Nidhi Vaghela,ASI,35,2026-07-14 17:43:48+00:00,86.0,72.0,,21.1810808,72.8011122,17.899999618530273,-0.375,-0.803,0.095,,0.0,0.0,0.0,,,,,0.0,0.0,32.0,-4.1899999999372994e-05,-0.0001149999999938,1.44,72.0,36.5,0
1804,SO-0501,ASI Nidhi Vaghela,ASI,35,2026-07-14 17:44:17+00:00,82.0,81.0,,21.18108,72.8011085,17.899999618530273,-0.646,-0.646,0.007,,0.0,0.0,0.0,,,,,0.0,0.0,29.0,-7.999999986907369e-07,-3.700000007711424e-06,0.05,81.0,36.5,0
1816,SO-0501,ASI Nidhi Vaghela,ASI,35,2026-07-14 17:44:47+00:00,84.0,84.0,,21.1811534,72.8010626,17.899999618530273,-0.835,0.209,-0.4,,0.0,0.0,0.0,,,,,0.0,0.0,30.0,7.339999999800284e-05,-4.590000000348482e-05,1.13,84.0,36.5,0
1829,SO-0501,ASI Nidhi Vaghela,ASI,35,2026-07-14 17:45:20+00:00,88.0,86.0,,21.1810843,72.8011116,17.899999618530273,-0.6,0.229,-0.721,,0.0,0.0,0.0,,,,,0.0,0.0,33.0,-6.910000000104333e-05,4.9000000004184585e-05,1.0,86.0,36.5,0
1840,SO-0501,ASI Nidhi Vaghela,ASI,35,2026-07-14 17:45:47+00:00,82.0,86.0,,21.1810796,72.8011138,17.899999618530273,-0.585,0.221,-0.719,,0.0,0.0,0.0,,,,,0.0,0.0,27.0,-4.699999998081239e-06,2.199999997287705e-06,0.08,86.0,36.5,0
1852,SO-0501,ASI Nidhi Vaghela,ASI,35,2026-07-14 17:46:17+00:00,86.0,88.0,,21.1811044,72.8010825,17.899999618530273,-0.243,-0.702,-0.619,,0.0,0.0,0.0,,,,,0.0,0.0,30.0,2.4799999998492694e-05,-3.12999999891872e-05,0.51,88.0,36.5,0
1864,SO-0501,ASI Nidhi Vaghela,ASI,35,2026-07-14 17:46:50+00:00,94.0,87.0,,21.1810889,72.801096,17.899999618530273,-0.802,0.239,-0.534,,0.0,0.0,0.0,,,,,0.0,0.0,33.0,-1.5499999999946112e-05,1.3499999994337486e-05,0.24,87.0,36.5,2
1876,SO-0501,ASI Nidhi Vaghela,ASI,35,2026-07-14 17:47:17+00:00,82.0,88.0,,21.181081,72.8011117,17.899999618530273,-0.546,0.241,-0.746,,0.0,0.0,0.0,,,,,0.0,0.0,27.0,-7.899999999949614e-06,1.5700000005836046e-05,0.25,88.0,36.5,0
1888,SO-0501,ASI Nidhi Vaghela,ASI,35,2026-07-14 17:47:47+00:00,82.0,88.0,,21.1810815,72.8011022,17.899999618530273,-0.556,0.254,-0.735,,0.0,0.0,0.0,,,,,0.0,0.0,30.0,5.00000002290335e-07,-9.500000004436515e-06,0.12,88.0,36.5,0
1900,SO-0501,ASI Nidhi Vaghela,ASI,35,2026-07-14 17:48:17+00:00,86.0,88.0,,21.1810916,72.8010976,17.899999618530273,-0.297,0.825,-0.056,,0.0,0.0,0.0,,,,,0.0,0.0,30.0,1.009999999723732e-05,-4.599999996912629e-06,0.15,88.0,36.5,0
1912,SO-0501,ASI Nidhi Vaghela,ASI,35,2026-07-14 17:48:47+00:00,100.0,87.0,,21.1810998,72.8010874,17.899999618530273,-1.197,0.506,-0.259,,0.0,0.0,0.0,,,,,0.0,0.0,30.0,8.19999999990273e-06,-1.0200000005511356e-05,0.17,87.0,36.5,2
1924,SO-0501,ASI Nidhi Vaghela,ASI,35,2026-07-14 17:49:17+00:00,97.0,88.0,,21.1810806,72.8011298,17.899999618530273,0.638,-0.413,0.954,,0.0,0.0,0.0,,,,,0.0,0.0,30.0,-1.9199999996999395e-05,4.2399999998110616e-05,0.59,88.0,36.5,2
1936,SO-0501,ASI Nidhi Vaghela,ASI,35,2026-07-14 17:49:47+00:00,89.0,83.0,,21.1811004,72.8011825,17.899999618530273,-0.613,0.819,0.056,,0.0,0.0,0.0,,,,,0.0,0.0,30.0,1.9799999996905623e-05,5.2699999997685154e-05,0.71,83.0,36.5,0
1948,SO-0501,ASI Nidhi Vaghela,ASI,35,2026-07-14 17:50:19+00:00,82.0,88.0,,21.1810992,72.8011821,17.899999618530273,-0.957,-0.254,0.031,,0.0,0.0,0.0,,,,,0.0,0.0,32.0,-1.1999999998124622e-06,-3.9999999046358425e-07,0.02,88.0,36.5,0
1960,SO-0501,ASI Nidhi Vaghela,ASI,35,2026-07-14 17:50:49+00:00,92.0,88.0,,21.1810856,72.8011934,17.899999618530273,0.137,0.667,0.58,,0.0,0.0,0.0,,,,,0.0,0.0,30.0,-1.359999999905881e-05,1.129999999704978e-05,0.23,88.0,36.5,2
1972,SO-0501,ASI Nidhi Vaghela,ASI,35,2026-07-14 17:51:19+00:00,84.0,68.0,,21.1810399,72.8013922,15.199996948242188,-0.864,-0.077,-0.157,,0.0,0.0,0.0,,,,,0.0,0.0,30.0,-4.57000000011476e-05,0.0001987999999926,2.54,68.0,36.5,0
1984,SO-0501,ASI Nidhi Vaghela,ASI,35,2026-07-14 17:51:49+00:00,84.0,83.0,,21.180817,72.8012836,15.199996948242188,-0.991,0.177,-0.554,,0.0,0.0,0.0,,,,,0.0,0.0,30.0,-0.0002228999999971,-0.0001085999999901,3.26,83.0,36.5,0
1996,SO-0501,ASI Nidhi Vaghela,ASI,35,2026-07-14 17:52:19+00:00,83.0,,,21.1809365,72.8019697,13.799999237060549,-1.12,0.179,-0.631,,0.0,0.0,0.0,,,,,0.0,0.0,30.0,0.0001195000000002,0.0006860999999958,8.67,83.0,36.5,1
2009,SO-0501,ASI Nidhi Vaghela,ASI,35,2026-07-14 17:52:50+00:00,87.0,87.0,,21.1809697,72.8020136,13.799999237060549,-0.842,0.291,0.051,,0.0,0.0,0.0,,,,,0.0,0.0,31.0,3.319999999717993e-05,4.389999999432348e-05,0.68,87.0,36.5,0
2022,SO-0501,ASI Nidhi Vaghela,ASI,35,2026-07-14 17:53:21+00:00,92.0,88.0,,21.1805175,72.8018489,13.39999771118164,-0.577,-0.163,-0.713,,0.0,0.0,0.0,,,,,0.0,0.0,31.0,-0.000452199999998,-0.0001646999999991,6.16,88.0,36.5,1
2033,SO-0501,ASI Nidhi Vaghela,ASI,35,2026-07-14 17:53:51+00:00,82.0,88.0,,21.180517,72.8018556,13.39999771118164,-0.412,0.118,-0.903,,0.0,0.0,0.0,,,,,0.0,0.0,30.0,-5.00000002290335e-07,6.700000000137152e-06,0.08,88.0,36.5,0
2046,SO-0501,ASI Nidhi Vaghela,ASI,35,2026-07-14 17:54:22+00:00,83.0,,,21.1805172,72.8018562,13.39999771118164,-0.283,0.65,-0.75,,0.0,0.0,0.0,,,,,0.0,0.0,31.0,2.0000000233721948e-07,6.000000070116585e-07,0.01,88.0,36.5,0
2057,SO-0501,ASI Nidhi Vaghela,ASI,35,2026-07-14 17:54:51+00:00,86.0,,,21.1817054,72.8033564,13.39999771118164,-0.35,0.953,-0.021,,0.0,0.0,0.0,,,,,0.0,0.0,29.0,0.0011881999999978,0.0015001999999952,25.29,88.0,36.5,1
2069,SO-0501,ASI Nidhi Vaghela,ASI,35,2026-07-14 17:55:21+00:00,87.0,60.0,,21.1809869,72.8019798,13.39999771118164,-0.311,1.36,-0.149,,0.0,0.0,0.0,,,,,0.0,0.0,30.0,-0.0007184999999978,-0.0013766000000003,19.6,60.0,36.5,1
2081,SO-0501,ASI Nidhi Vaghela,ASI,35,2026-07-14 17:55:51+00:00,96.0,,,21.1810541,72.8019277,13.39999771118164,-0.292,0.788,-0.478,,0.0,0.0,0.0,,,,,0.0,0.0,30.0,6.720000000015602e-05,-5.210000000488435e-05,1.1,60.0,36.5,2
2094,SO-0501,ASI Nidhi Vaghela,ASI,35,2026-07-14 17:56:26+00:00,88.0,,,21.1811144,72.8019027,13.39999771118164,-0.702,0.239,-0.432,,0.0,0.0,0.0,,,,,0.0,0.0,35.0,6.029999999768165e-05,-2.4999999993724487e-05,0.74,60.0,36.5,0
2105,SO-0501,ASI Nidhi Vaghela,ASI,35,2026-07-14 17:56:56+00:00,85.0,87.0,,21.1810308,72.8019399,13.39999771118164,-0.861,-0.168,-0.042,,0.0,0.0,0.0,,,,,0.0,0.0,30.0,-8.359999999996148e-05,3.719999999418633e-05,1.21,87.0,36.5,0
2117,SO-0501,ASI Nidhi Vaghela,ASI,35,2026-07-14 17:57:28+00:00,89.0,88.0,,21.1810534,72.8019429,13.39999771118164,-0.246,0.531,0.902,,0.0,0.0,0.0,,,,,0.0,0.0,32.0,2.260000000120499e-05,3.000000006636583e-06,0.28,88.0,36.5,0
2128,SO-0501,ASI Nidhi Vaghela,ASI,35,2026-07-14 17:57:57+00:00,95.0,83.0,,21.1810497,72.8019333,13.39999771118164,-0.572,-0.626,0.783,,0.0,0.0,0.0,,,,,0.0,0.0,29.0,-3.700000000605996e-06,-9.599999998499698e-06,0.13,83.0,36.5,2
2140,SO-0501,ASI Nidhi Vaghela,ASI,35,2026-07-14 17:58:28+00:00,96.0,84.0,,21.181179,72.8021501,13.39999771118164,0.149,0.549,0.937,,0.0,0.0,0.0,,,,,0.0,0.0,31.0,0.0001293000000011,0.000216800000004,3.09,84.0,36.5,2
2149,SO-0501,ASI Nidhi Vaghela,ASI,35,2026-07-14 17:58:57+00:00,86.0,88.0,,21.1819999,72.8034166,13.699996948242188,-1.003,-0.312,-0.123,,0.0,0.0,0.0,,,,,0.0,0.0,29.0,0.0008209000000007,0.0012664999999998,19.82,88.0,36.5,1
2162,SO-0501,ASI Nidhi Vaghela,ASI,35,2026-07-14 17:59:28+00:00,90.0,85.0,,21.1830328,72.8051284,15.999996185302734,-0.911,-0.26,-0.15,,0.0,0.0,0.0,,,,,0.0,0.0,31.0,0.0010328999999984,0.0017117999999953,24.51,85.0,36.5,1
2172,SO-0501,ASI Nidhi Vaghela,ASI,35,2026-07-14 17:59:57+00:00,91.0,85.0,,21.1839699,72.8064849,15.999996185302734,-0.97,-0.355,-0.098,,0.0,0.0,0.0,,,,,0.0,0.0,29.0,0.0009371000000015,0.0013564999999999,21.69,85.0,36.5,1
2184,SO-0501,ASI Nidhi Vaghela,ASI,35,2026-07-14 18:00:29+00:00,95.0,87.0,,21.1849636,72.8082602,13.699996948242188,-0.223,-0.435,-0.757,,0.0,0.0,0.0,,,,,0.0,0.0,32.0,0.0009936999999986,0.0017753000000055,24.11,87.0,36.5,1
2195,SO-0501,ASI Nidhi Vaghela,ASI,35,2026-07-14 18:00:58+00:00,83.0,88.0,,21.1852829,72.8092793,13.39999771118164,-0.277,-0.974,0.067,,0.0,0.0,0.0,,,,,0.0,0.0,29.0,0.000319300000001,0.0010190999999935,13.82,88.0,36.5,1
2206,SO-0501,ASI Nidhi Vaghela,ASI,35,2026-07-14 18:01:29+00:00,81.0,87.0,,21.1855762,72.8100568,13.89999771118164,-0.801,0.615,0.043,,0.0,0.0,0.0,,,,,0.0,0.0,31.0,0.0002932999999991,0.000777499999998,10.08,87.0,36.5,1
2217,SO-0501,ASI Nidhi Vaghela,ASI,35,2026-07-14 18:02:00+00:00,81.0,88.0,,21.1856071,72.8100802,13.299999237060549,-0.112,-0.969,0.364,,0.0,0.0,0.0,,,,,0.0,0.0,31.0,3.0899999998723615e-05,2.340000000344844e-05,0.49,88.0,36.5,0
2230,SO-0501,ASI Nidhi Vaghela,ASI,35,2026-07-14 18:02:30+00:00,85.0,87.0,,21.1855747,72.8099945,13.39999771118164,-0.617,0.584,0.15,,0.0,0.0,0.0,,,,,0.0,0.0,30.0,-3.239999999848919e-05,-8.569999999963329e-05,1.15,87.0,36.5,0
2242,SO-0501,ASI Nidhi Vaghela,ASI,35,2026-07-14 18:03:00+00:00,81.0,88.0,,21.1856357,72.8100726,13.39999771118164,-0.975,-0.259,0.298,,0.0,0.0,0.0,,,,,0.0,0.0,30.0,6.099999999875649e-05,7.809999999608408e-05,1.27,88.0,36.5,0
2253,SO-0501,ASI Nidhi Vaghela,ASI,35,2026-07-14 18:03:30+00:00,84.0,88.0,,21.1856321,72.8100885,13.599998474121094,-0.929,-0.4,-0.3,,0.0,0.0,0.0,,,,,0.0,0.0,30.0,-3.5999999994373866e-06,1.5900000008173265e-05,0.2,88.0,36.5,0
2263,SO-0501,ASI Nidhi Vaghela,ASI,35,2026-07-14 18:04:00+00:00,81.0,88.0,,21.1859062,72.8104497,18.799999237060547,-1.021,-0.056,0.149,,0.0,0.0,0.0,,,,,0.0,0.0,30.0,0.0002741000000021,0.0003612000000003,5.78,88.0,36.5,1
2275,SO-0501,ASI Nidhi Vaghela,ASI,35,2026-07-14 18:04:28+00:00,89.0,88.0,,21.1861386,72.8109825,17.799999237060547,-0.913,-0.031,0.517,,0.0,0.0,0.0,,,,,0.0,0.0,28.0,0.000232399999998,0.0005327999999877,7.83,88.0,36.5,1
2286,SO-0501,ASI Nidhi Vaghela,ASI,35,2026-07-14 18:04:58+00:00,84.0,88.0,,21.1850988,72.8118733,27.5,-1.185,-0.14,0.304,,0.0,0.0,0.0,,,,,0.0,0.0,30.0,-0.0010398000000009,0.0008908000000076,17.73,88.0,36.5,1
2297,SO-0501,ASI Nidhi Vaghela,ASI,35,2026-07-14 18:05:30+00:00,82.0,88.0,,21.1835781,72.813713,14.199996948242188,-0.361,-0.505,-0.477,,0.0,0.0,0.0,,,,,0.0,0.0,32.0,-0.0015207000000003,0.0018397000000049,28.63,88.0,36.5,1
2308,SO-0501,ASI Nidhi Vaghela,ASI,35,2026-07-14 18:06:00+00:00,84.0,79.0,,21.182977,72.8143675,28.899999618530273,-1.046,0.078,0.383,,0.0,0.0,0.0,,,,,0.0,0.0,30.0,-0.0006010999999972,0.000654499999996,11.41,79.0,36.5,1
2319,SO-0501,ASI Nidhi Vaghela,ASI,35,2026-07-14 18:06:31+00:00,92.0,88.0,,21.1815399,72.8159754,12.699996948242188,-0.963,-0.228,-0.363,,0.0,0.0,0.0,,,,,0.0,0.0,31.0,-0.0014371000000004,0.0016078999999962,26.77,88.0,36.5,1
2330,SO-0501,ASI Nidhi Vaghela,ASI,35,2026-07-14 18:07:01+00:00,91.0,88.0,,21.1807233,72.8184689,13.999996185302734,-0.738,-0.698,0.168,,0.0,0.0,0.0,,,,,0.0,0.0,30.0,-0.0008166000000002,0.0024934999999999,32.83,88.0,36.5,1
2343,SO-0501,ASI Nidhi Vaghela,ASI,35,2026-07-14 18:07:33+00:00,84.0,87.0,,21.1806137,72.8208658,27.299999237060547,-0.901,-0.546,-0.19,,0.0,0.0,0.0,,,,,0.0,0.0,32.0,-0.0001096000000018,0.0023969000000079,27.95,87.0,36.5,1
2353,SO-0501,ASI Nidhi Vaghela,ASI,35,2026-07-14 18:08:04+00:00,81.0,88.0,,21.180944,72.8227218,15.699996948242188,-0.86,-0.439,-0.042,,0.0,0.0,0.0,,,,,0.0,0.0,31.0,0.0003303000000016,0.0018559999999894,22.72,88.0,36.5,1
2367,SO-0501,ASI Nidhi Vaghela,ASI,35,2026-07-14 18:08:36+00:00,86.0,82.0,,21.1811708,72.8238062,16.30000114440918,-0.611,-0.304,0.748,,0.0,0.0,0.0,,,,,0.0,0.0,32.0,0.0002268,0.0010844000000105,12.94,82.0,36.5,1
2379,SO-0501,ASI Nidhi Vaghela,ASI,35,2026-07-14 18:09:08+00:00,85.0,88.0,,21.1811924,72.8237421,15.699996948242188,-0.341,0.233,0.911,,0.0,0.0,0.0,,,,,0.0,0.0,32.0,2.1600000000177033e-05,-6.410000000300897e-05,0.79,88.0,36.5,0
2391,SO-0501,ASI Nidhi Vaghela,ASI,35,2026-07-14 18:09:36+00:00,84.0,88.0,,21.18118,72.8251145,18.299999237060547,-0.391,0.277,1.034,,0.0,0.0,0.0,,,,,0.0,0.0,28.0,-1.2399999999246347e-05,0.0013723999999939,18.27,88.0,36.5,1
2401,SO-0501,ASI Nidhi Vaghela,ASI,35,2026-07-14 18:10:04+00:00,88.0,85.0,,21.1815698,72.8266001,16.80000114440918,-0.05,0.557,1.03,,0.0,0.0,0.0,,,,,0.0,0.0,28.0,0.0003897999999971,0.0014855999999952,20.54,85.0,36.5,1
2415,SO-0501,ASI Nidhi Vaghela,ASI,35,2026-07-14 18:10:36+00:00,90.0,84.0,,21.1822973,72.8278109,16.80000114440918,-0.306,0.165,1.069,,0.0,0.0,0.0,,,,,0.0,0.0,32.0,0.0007274999999999,0.0012108000000097,16.77,84.0,36.5,1
2427,SO-0501,ASI Nidhi Vaghela,ASI,35,2026-07-14 18:11:08+00:00,90.0,79.0,,21.1830713,72.8290988,16.899999618530273,-0.913,-0.314,-0.336,,0.0,0.0,0.0,,,,,0.0,0.0,32.0,0.0007740000000033,0.0012878999999941,17.84,79.0,36.5,1
2439,SO-0501,ASI Nidhi Vaghela,ASI,35,2026-07-14 18:11:38+00:00,83.0,88.0,,21.183462,72.8301289,16.899999618530273,-0.208,0.086,1.04,,0.0,0.0,0.0,,,,,0.0,0.0,30.0,0.0003906999999969,0.0010301000000083,13.81,88.0,36.5,1
2451,SO-0501,ASI Nidhi Vaghela,ASI,35,2026-07-14 18:12:09+00:00,83.0,75.0,,21.1835874,72.8304021,15.999996185302734,-0.094,0.075,0.906,,0.0,0.0,0.0,,,,,0.0,0.0,31.0,0.0001254000000017,0.0002731999999951,3.66,75.0,36.5,0
2463,SO-0501,ASI Nidhi Vaghela,ASI,35,2026-07-14 18:12:39+00:00,92.0,69.0,,21.183656,72.8304885,15.299999237060549,0.448,0.453,0.14,,0.0,0.0,0.0,,,,,0.0,0.0,30.0,6.859999999875299e-05,8.640000000070813e-05,1.41,69.0,36.5,2
2475,SO-0501,ASI Nidhi Vaghela,ASI,35,2026-07-14 18:13:10+00:00,93.0,75.0,,21.1836821,72.8307378,15.099998474121094,-0.704,0.273,0.897,,0.0,0.0,0.0,,,,,0.0,0.0,31.0,2.6099999999473766e-05,0.000249299999993,3.02,75.0,36.5,2
2488,SO-0501,ASI Nidhi Vaghela,ASI,35,2026-07-14 18:13:42+00:00,95.0,83.0,,21.1837626,72.8307033,15.299999237060549,-0.326,0.912,0.727,,0.0,0.0,0.0,,,,,0.0,0.0,32.0,8.050000000281443e-05,-3.4499999998161e-05,1.08,83.0,36.5,2
2500,SO-0501,ASI Nidhi Vaghela,ASI,35,2026-07-14 18:14:13+00:00,89.0,56.0,,21.1837185,72.8308685,15.299999237060549,-1.106,0.062,0.806,,0.0,0.0,0.0,,,,,0.0,0.0,31.0,-4.410000000021341e-05,0.0001651999999978,2.07,56.0,36.5,0
2512,SO-0501,ASI Nidhi Vaghela,ASI,35,2026-07-14 18:14:43+00:00,99.0,88.0,,21.1838586,72.8309202,15.499996185302734,-0.937,0.077,-0.338,,0.0,0.0,0.0,,,,,0.0,0.0,30.0,0.0001400999999994,5.170000000020991e-05,1.97,88.0,36.5,2
2524,SO-0501,ASI Nidhi Vaghela,ASI,35,2026-07-14 18:15:12+00:00,82.0,87.0,,21.1838588,72.8309171,15.499996185302734,-0.686,0.208,0.408,,0.0,0.0,0.0,,,,,0.0,0.0,29.0,1.999999987845058e-07,-3.1000000006997652e-06,0.04,87.0,36.5,0
2536,SO-0501,ASI Nidhi Vaghela,ASI,35,2026-07-14 18:15:45+00:00,81.0,88.0,,21.1838518,72.830919,15.499996185302734,-0.888,0.463,0.201,,0.0,0.0,0.0,,,,,0.0,0.0,33.0,-7.000000000090267e-06,1.900000000887303e-06,0.09,88.0,36.5,0
2548,SO-0501,ASI Nidhi Vaghela,ASI,35,2026-07-14 18:16:12+00:00,81.0,88.0,,21.1838497,72.8309183,15.499996185302734,-0.803,0.386,0.574,,0.0,0.0,0.0,,,,,0.0,0.0,27.0,-2.099999999671809e-06,-7.000000010748408e-07,0.03,88.0,36.5,0
2559,SO-0501,ASI Nidhi Vaghela,ASI,35,2026-07-14 18:16:42+00:00,81.0,84.0,,21.1838491,72.8309171,15.499996185302734,-0.694,0.366,0.702,,0.0,0.0,0.0,,,,,0.0,0.0,30.0,-5.999999999062311e-07,-1.1999999998124622e-06,0.02,84.0,36.5,0
2572,SO-0501,ASI Nidhi Vaghela,ASI,35,2026-07-14 18:17:12+00:00,84.0,88.0,,21.183856,72.8309202,15.499996185302734,-0.699,0.358,0.711,,0.0,0.0,0.0,,,,,0.0,0.0,30.0,6.899999998921658e-06,3.1000000006997652e-06,0.1,88.0,36.5,0
2582,SO-0501,ASI Nidhi Vaghela,ASI,35,2026-07-14 18:17:42+00:00,84.0,88.0,,21.18385,72.830918,15.499996185302734,-0.652,0.36,0.754,,0.0,0.0,0.0,,,,,0.0,0.0,30.0,-5.999999999062311e-06,-2.199999997287705e-06,0.08,88.0,36.5,0
2593,SO-0501,ASI Nidhi Vaghela,ASI,35,2026-07-14 18:18:12+00:00,96.0,88.0,,21.1838546,72.8309201,15.499996185302734,-0.813,0.115,1.221,,0.0,0.0,0.0,,,,,0.0,0.0,30.0,4.600000000465343e-06,2.1000000032245225e-06,0.07,88.0,36.5,2
2605,SO-0501,ASI Nidhi Vaghela,ASI,35,2026-07-14 18:18:42+00:00,93.0,88.0,,21.1838505,72.8309146,15.499996185302734,-0.371,0.61,0.786,,0.0,0.0,0.0,,,,,0.0,0.0,30.0,-4.100000001727722e-06,-5.50000000032469e-06,0.09,88.0,36.5,2
2616,SO-0501,ASI Nidhi Vaghela,ASI,35,2026-07-14 18:19:12+00:00,95.0,88.0,,21.1838549,72.8309139,15.499996185302734,-0.171,0.987,0.19,,0.0,0.0,0.0,,,,,0.0,0.0,30.0,4.400000001680837e-06,-7.000000010748408e-07,0.06,88.0,36.5,2
2627,SO-0501,ASI Nidhi Vaghela,ASI,35,2026-07-14 18:19:42+00:00,88.0,88.0,,21.1838552,72.8309095,15.499996185302734,-1.365,0.252,0.163,,0.0,0.0,0.0,,,,,0.0,0.0,30.0,2.999999999531156e-07,-4.39999999457541e-06,0.05,88.0,36.5,0
2639,SO-0501,ASI Nidhi Vaghela,ASI,35,2026-07-14 18:20:12+00:00,93.0,88.0,,21.1838566,72.8309193,15.499996185302734,-0.829,0.244,0.846,,0.0,0.0,0.0,,,,,0.0,0.0,30.0,1.399999998596968e-06,9.800000000836915e-06,0.12,88.0,36.5,2
2651,SO-0501,ASI Nidhi Vaghela,ASI,35,2026-07-14 18:20:42+00:00,89.0,76.0,,21.1838561,72.8309182,15.499996185302734,-0.66,0.379,0.775,,0.0,0.0,0.0,,,,,0.0,0.0,30.0,-4.999999987376214e-07,-1.1000000057492798e-06,0.02,76.0,36.5,0
2662,SO-0501,ASI Nidhi Vaghela,ASI,35,2026-07-14 18:21:12+00:00,94.0,88.0,,21.1838549,72.8309173,15.499996185302734,-0.926,-0.033,-0.087,,0.0,0.0,0.0,,,,,0.0,0.0,30.0,-1.1999999998124622e-06,-9.000000034120603e-07,0.02,88.0,36.5,2
2673,SO-0501,ASI Nidhi Vaghela,ASI,35,2026-07-14 18:21:42+00:00,86.0,88.0,,21.1838482,72.8309114,15.499996185302734,-0.936,-0.188,-0.05,,0.0,0.0,0.0,,,,,0.0,0.0,30.0,-6.700000000137152e-06,-5.899999990788274e-06,0.12,88.0,36.5,0
2684,SO-0501,ASI Nidhi Vaghela,ASI,35,2026-07-14 18:22:14+00:00,81.0,88.0,,21.1838499,72.8309076,15.499996185302734,-0.622,0.741,0.403,,0.0,0.0,0.0,,,,,0.0,0.0,32.0,1.6999999985500835e-06,-3.800000001774606e-06,0.05,88.0,36.5,0
2694,SO-0501,ASI Nidhi Vaghela,ASI,35,2026-07-14 18:22:42+00:00,88.0,88.0,,21.1838442,72.8308956,15.599998474121094,-0.4,0.913,-0.057,,0.0,0.0,0.0,,,,,0.0,0.0,28.0,-5.699999999109195e-06,-1.1999999998124622e-05,0.18,88.0,36.5,0
2704,SO-0501,ASI Nidhi Vaghela,ASI,35,2026-07-14 18:23:15+00:00,83.0,88.0,,21.1838504,72.8309186,15.599998474121094,-0.692,-0.274,-0.617,,0.0,0.0,0.0,,,,,0.0,0.0,33.0,6.2000000013995304e-06,2.2999999998774e-05,0.27,88.0,36.5,0
2714,SO-0501,ASI Nidhi Vaghela,ASI,35,2026-07-14 18:23:43+00:00,85.0,88.0,,21.1838509,72.8309096,15.599998474121094,-0.678,-0.223,-0.693,,0.0,0.0,0.0,,,,,0.0,0.0,28.0,4.999999987376214e-07,-9.000000005698894e-06,0.12,88.0,36.5,0
2724,SO-0501,ASI Nidhi Vaghela,ASI,35,2026-07-14 18:24:13+00:00,84.0,88.0,,21.1838522,72.8309125,15.599998474121094,-0.661,-0.22,-0.668,,0.0,0.0,0.0,,,,,0.0,0.0,30.0,1.300000000981072e-06,2.8999999983625457e-06,0.04,88.0,36.5,0
2734,SO-0501,ASI Nidhi Vaghela,ASI,35,2026-07-14 18:24:43+00:00,82.0,88.0,,21.1838647,72.8308981,15.599998474121094,-0.7,-0.663,-0.193,,0.0,0.0,0.0,,,,,0.0,0.0,30.0,1.2500000000414955e-05,-1.4399999997749546e-05,0.24,88.0,36.5,0
2744,SO-0501,ASI Nidhi Vaghela,ASI,35,2026-07-14 18:25:12+00:00,86.0,88.0,,21.183858,72.8309117,15.599998474121094,-0.453,0.716,-0.413,,0.0,0.0,0.0,,,,,0.0,0.0,29.0,-6.700000000137152e-06,1.3600000002611525e-05,0.2,88.0,36.5,0
2754,SO-0501,ASI Nidhi Vaghela,ASI,35,2026-07-14 18:25:44+00:00,89.0,87.0,,21.183859,72.8309148,15.599998474121094,-0.694,0.196,-0.55,,0.0,0.0,0.0,,,,,0.0,0.0,32.0,1.0000000010279564e-06,3.1000000006997652e-06,0.04,87.0,36.5,0
2765,SO-0501,ASI Nidhi Vaghela,ASI,35,2026-07-14 18:26:19+00:00,94.0,87.0,,21.1838457,72.8309101,15.599998474121094,-0.398,-0.255,-0.918,,0.0,0.0,0.0,,,,,0.0,0.0,35.0,-1.3300000002658408e-05,-4.700000005186666e-06,0.16,87.0,36.5,2
2776,SO-0501,ASI Nidhi Vaghela,ASI,35,2026-07-14 18:26:50+00:00,87.0,87.0,,21.1838434,72.8309159,15.499996185302734,-0.629,-0.208,-0.914,,0.0,0.0,0.0,,,,,0.0,0.0,31.0,-2.2999999984563142e-06,5.7999999967250915e-06,0.08,87.0,36.5,0
2788,SO-0501,ASI Nidhi Vaghela,ASI,35,2026-07-14 18:27:21+00:00,96.0,88.0,,21.1838535,72.8309165,15.599998474121094,-0.914,-0.672,0.337,,0.0,0.0,0.0,,,,,0.0,0.0,31.0,1.0100000000790033e-05,6.000000070116585e-07,0.13,88.0,36.5,2
2800,SO-0501,ASI Nidhi Vaghela,ASI,35,2026-07-14 18:27:55+00:00,92.0,84.0,,21.1838473,72.8309094,15.499996185302734,-0.722,0.796,0.168,,0.0,0.0,0.0,,,,,0.0,0.0,34.0,-6.2000000013995304e-06,-7.100000004811591e-06,0.11,84.0,36.5,2
2808,SO-0501,ASI Nidhi Vaghela,ASI,35,2026-07-14 18:28:25+00:00,93.0,88.0,,21.1838504,72.830912,15.599998474121094,-0.612,-0.064,-0.732,,0.0,0.0,0.0,,,,,0.0,0.0,30.0,3.1000000006997652e-06,2.600000001962144e-06,0.05,88.0,36.5,2
2818,SO-0501,ASI Nidhi Vaghela,ASI,35,2026-07-14 18:28:55+00:00,92.0,88.0,,21.183851,72.8308906,15.599998474121094,-0.717,-0.096,-0.647,,0.0,0.0,0.0,,,,,0.0,0.0,30.0,5.999999999062311e-07,-2.13999999942871e-05,0.27,88.0,36.5,2
2828,SO-0501,ASI Nidhi Vaghela,ASI,35,2026-07-14 18:29:25+00:00,91.0,88.0,,21.1838489,72.8309164,15.599998474121094,-0.496,-0.031,-0.804,,0.0,0.0,0.0,,,,,0.0,0.0,30.0,-2.099999999671809e-06,2.5800000003073364e-05,0.32,88.0,36.5,2
2838,SO-0501,ASI Nidhi Vaghela,ASI,35,2026-07-14 18:29:55+00:00,86.0,87.0,,21.1838491,72.8309137,15.599998474121094,-0.306,0.824,0.579,,0.0,0.0,0.0,,,,,0.0,0.0,30.0,1.999999987845058e-07,-2.700000010236181e-06,0.03,87.0,36.5,0
2848,SO-0501,ASI Nidhi Vaghela,ASI,35,2026-07-14 18:30:25+00:00,82.0,84.0,,21.183843,72.8309098,15.599998474121094,-0.27,0.834,0.563,,0.0,0.0,0.0,,,,,0.0,0.0,30.0,-6.100000000230921e-06,-3.8999999958377884e-06,0.09,84.0,36.5,0
2858,SO-0501,ASI Nidhi Vaghela,ASI,35,2026-07-14 18:30:55+00:00,82.0,87.0,,21.1838435,72.8309093,15.599998474121094,-0.295,0.83,0.572,,0.0,0.0,0.0,,,,,0.0,0.0,30.0,4.999999987376214e-07,-4.999999987376214e-07,0.01,87.0,36.5,0
2868,SO-0501,ASI Nidhi Vaghela,ASI,35,2026-07-14 18:31:25+00:00,84.0,77.0,,21.1838511,72.8309131,15.599998474121094,-0.274,0.833,0.57,,0.0,0.0,0.0,,,,,0.0,0.0,30.0,7.599999999996499e-06,3.800000001774606e-06,0.11,77.0,36.5,0
2878,SO-0501,ASI Nidhi Vaghela,ASI,35,2026-07-14 18:31:55+00:00,84.0,87.0,,21.1838301,72.8309043,15.599998474121094,-0.328,0.837,0.564,,0.0,0.0,0.0,,,,,0.0,0.0,30.0,-2.099999999671809e-05,-8.800000003361674e-06,0.3,87.0,36.5,0
2888,SO-0501,ASI Nidhi Vaghela,ASI,35,2026-07-14 18:32:25+00:00,84.0,87.0,,21.1838288,72.8309054,15.599998474121094,-0.337,0.814,0.565,,0.0,0.0,0.0,,,,,0.0,0.0,30.0,-1.300000000981072e-06,1.1000000057492798e-06,0.02,87.0,36.5,0
2898,SO-0501,ASI Nidhi Vaghela,ASI,35,2026-07-14 18:32:55+00:00,84.0,88.0,,21.1838435,72.8309114,15.599998474121094,-0.324,0.826,0.562,,0.0,0.0,0.0,,,,,0.0,0.0,30.0,1.4699999997702662e-05,5.999999999062311e-06,0.21,88.0,36.5,0
2908,SO-0501,ASI Nidhi Vaghela,ASI,35,2026-07-14 18:33:25+00:00,84.0,84.0,,21.1838459,72.8309152,15.599998474121094,-0.317,0.829,0.562,,0.0,0.0,0.0,,,,,0.0,0.0,30.0,2.400000003177638e-06,3.800000001774606e-06,0.06,84.0,36.5,0
2918,SO-0501,ASI Nidhi Vaghela,ASI,35,2026-07-14 18:33:55+00:00,84.0,87.0,,21.1838346,72.8309115,15.599998474121094,-0.318,0.823,0.557,,0.0,0.0,0.0,,,,,0.0,0.0,30.0,-1.1300000000602496e-05,-3.700000007711424e-06,0.16,87.0,36.5,0
2928,SO-0501,ASI Nidhi Vaghela,ASI,35,2026-07-14 18:34:25+00:00,82.0,88.0,,21.1838287,72.8309066,15.599998474121094,-0.328,0.814,0.574,,0.0,0.0,0.0,,,,,0.0,0.0,30.0,-5.900000001446415e-06,-4.899999993313031e-06,0.1,88.0,36.5,0
2938,SO-0501,ASI Nidhi Vaghela,ASI,35,2026-07-14 18:34:55+00:00,82.0,87.0,,21.1838477,72.8308964,15.599998474121094,-0.334,0.815,0.572,,0.0,0.0,0.0,,,,,0.0,0.0,30.0,1.9000000001767603e-05,-1.0200000005511356e-05,0.28,87.0,36.5,0
2949,SO-0501,ASI Nidhi Vaghela,ASI,35,2026-07-14 18:35:25+00:00,86.0,88.0,,21.1838378,72.8309114,15.499996185302734,-0.584,0.747,0.444,,0.0,0.0,0.0,,,,,0.0,0.0,30.0,-9.900000002005528e-06,1.5000000004761205e-05,0.23,88.0,36.5,0
2958,SO-0501,ASI Nidhi Vaghela,ASI,35,2026-07-14 18:35:55+00:00,82.0,88.0,,21.1838529,72.8309195,15.599998474121094,-0.946,-0.188,0.401,,0.0,0.0,0.0,,,,,0.0,0.0,30.0,1.51000000023771e-05,8.099999988075979e-06,0.22,88.0,36.5,0
2968,SO-0501,ASI Nidhi Vaghela,ASI,35,2026-07-14 18:36:25+00:00,81.0,74.0,,21.1838084,72.83089,15.599998474121094,-0.062,0.694,0.073,,0.0,0.0,0.0,,,,,0.0,0.0,30.0,-4.450000000133514e-05,-2.9499999996573933e-05,0.7,74.0,36.5,0
2978,SO-0501,ASI Nidhi Vaghela,ASI,35,2026-07-14 18:36:53+00:00,86.0,88.0,,21.1838568,72.8309153,15.499996185302734,-0.707,0.645,0.417,,0.0,0.0,0.0,,,,,0.0,0.0,28.0,4.840000000072564e-05,2.5300000004335743e-05,0.77,88.0,36.5,0
2988,SO-0501,ASI Nidhi Vaghela,ASI,35,2026-07-14 18:37:25+00:00,88.0,88.0,,21.1838567,72.8309186,15.499996185302734,-0.259,0.945,0.297,,0.0,0.0,0.0,,,,,0.0,0.0,32.0,-1.0000000116860974e-07,3.3000000030369847e-06,0.04,88.0,36.5,0
2998,SO-0501,ASI Nidhi Vaghela,ASI,35,2026-07-14 18:37:55+00:00,87.0,85.0,,21.1838568,72.8309192,15.499996185302734,-0.305,0.895,0.407,,0.0,0.0,0.0,,,,,0.0,0.0,30.0,1.0000000116860974e-07,5.999999928008037e-07,0.01,85.0,36.5,0
3007,SO-0501,ASI Nidhi Vaghela,ASI,35,2026-07-14 18:38:25+00:00,86.0,88.0,,21.1838589,72.830921,15.499996185302734,-0.604,0.674,0.534,,0.0,0.0,0.0,,,,,0.0,0.0,30.0,2.099999999671809e-06,1.8000000068241206e-06,0.04,88.0,36.5,0
3018,SO-0501,ASI Nidhi Vaghela,ASI,35,2026-07-14 18:38:55+00:00,86.0,88.0,,21.1838538,72.8309164,15.499996185302734,-0.28,0.918,0.378,,0.0,0.0,0.0,,,,,0.0,0.0,30.0,-5.099999999202964e-06,-4.599999996912629e-06,0.09,88.0,36.5,0
3027,SO-0501,ASI Nidhi Vaghela,ASI,35,2026-07-14 18:39:25+00:00,90.0,88.0,,21.1838538,72.8309187,15.499996185302734,-0.649,0.673,0.475,,0.0,0.0,0.0,,,,,0.0,0.0,30.0,0.0,2.2999999913508873e-06,0.03,88.0,36.5,0
3039,SO-0501,ASI Nidhi Vaghela,ASI,35,2026-07-14 18:39:55+00:00,87.0,88.0,,21.1838521,72.8309184,15.499996185302734,-0.671,0.626,0.503,,0.0,0.0,0.0,,,,,0.0,0.0,30.0,-1.7000000021027972e-06,-2.999999964004019e-07,0.02,88.0,36.5,0
3047,SO-0501,ASI Nidhi Vaghela,ASI,35,2026-07-14 18:40:25+00:00,87.0,87.0,,21.1838541,72.8309184,15.499996185302734,-0.676,0.625,0.516,,0.0,0.0,0.0,,,,,0.0,0.0,30.0,2.0000000020559128e-06,0.0,0.03,87.0,36.5,0
3057,SO-0501,ASI Nidhi Vaghela,ASI,35,2026-07-14 18:40:55+00:00,87.0,85.0,,21.1838536,72.8309218,15.499996185302734,-0.679,0.616,0.502,,0.0,0.0,0.0,,,,,0.0,0.0,30.0,-5.00000002290335e-07,3.399999997100167e-06,0.04,85.0,36.5,0
3068,SO-0501,ASI Nidhi Vaghela,ASI,35,2026-07-14 18:41:25+00:00,87.0,87.0,,21.1838543,72.8309192,15.499996185302734,-0.758,0.56,0.449,,0.0,0.0,0.0,,,,,0.0,0.0,30.0,7.000000010748408e-07,-2.600000001962144e-06,0.03,87.0,36.5,0
3077,SO-0501,ASI Nidhi Vaghela,ASI,35,2026-07-14 18:41:55+00:00,98.0,88.0,,21.1838539,72.8309183,15.499996185302734,-0.661,0.62,0.53,,0.0,0.0,0.0,,,,,0.0,0.0,30.0,-4.000000011217253e-07,-9.000000034120603e-07,0.01,88.0,36.5,2
3087,SO-0501,ASI Nidhi Vaghela,ASI,35,2026-07-14 18:42:25+00:00,82.0,88.0,,21.1838518,72.8309185,15.499996185302734,-0.774,0.64,0.215,,0.0,0.0,0.0,,,,,0.0,0.0,30.0,-2.099999999671809e-06,2.0000000233721948e-07,0.03,88.0,36.5,0
3098,SO-0501,ASI Nidhi Vaghela,ASI,35,2026-07-14 18:42:55+00:00,82.0,87.0,,21.183854,72.8309173,15.499996185302734,-0.72,0.635,0.408,,0.0,0.0,0.0,,,,,0.0,0.0,30.0,2.2000000008404186e-06,-1.1999999998124622e-06,0.03,87.0,36.5,0
3108,SO-0501,ASI Nidhi Vaghela,ASI,35,2026-07-14 18:43:25+00:00,81.0,86.0,,21.1838528,72.830919,15.499996185302734,-0.22,0.93,0.391,,0.0,0.0,0.0,,,,,0.0,0.0,30.0,-1.1999999998124622e-06,1.6999999985500835e-06,0.03,86.0,36.5,0
3117,SO-0501,ASI Nidhi Vaghela,ASI,35,2026-07-14 18:43:55+00:00,84.0,69.0,,21.183854,72.8309189,15.499996185302734,-0.73,-0.253,0.79,,0.0,0.0,0.0,,,,,0.0,0.0,30.0,1.1999999998124622e-06,-9.999999406318238e-08,0.02,69.0,36.5,0
3128,SO-0501,ASI Nidhi Vaghela,ASI,35,2026-07-14 18:44:25+00:00,87.0,87.0,,21.1838541,72.830919,15.499996185302734,-0.356,0.872,0.398,,0.0,0.0,0.0,,,,,0.0,0.0,30.0,1.0000000116860974e-07,9.999999406318238e-08,0.0,87.0,36.5,0
3138,SO-0501,ASI Nidhi Vaghela,ASI,35,2026-07-14 18:44:55+00:00,84.0,88.0,,21.1838564,72.8309191,15.499996185302734,-0.555,0.759,0.617,,0.0,0.0,0.0,,,,,0.0,0.0,30.0,2.2999999984563142e-06,1.000000082740371e-07,0.03,88.0,36.5,0
3148,SO-0501,ASI Nidhi Vaghela,ASI,35,2026-07-14 18:45:25+00:00,83.0,74.0,,21.1838546,72.8309179,15.499996185302734,-0.956,0.357,0.106,,0.0,0.0,0.0,,,,,0.0,0.0,30.0,-1.7999999997186933e-06,-1.1999999998124622e-06,0.03,74.0,36.5,0
3157,SO-0501,ASI Nidhi Vaghela,ASI,35,2026-07-14 18:45:55+00:00,87.0,88.0,,21.1838538,72.8309186,15.499996185302734,-0.907,0.41,0.291,,0.0,0.0,0.0,,,,,0.0,0.0,30.0,-7.999999986907369e-07,7.000000010748408e-07,0.01,88.0,36.5,0
3167,SO-0501,ASI Nidhi Vaghela,ASI,35,2026-07-14 18:46:25+00:00,97.0,85.0,,21.1838535,72.830919,15.499996185302734,-0.922,0.399,-0.053,,0.0,0.0,0.0,,,,,0.0,0.0,30.0,-2.999999999531156e-07,3.9999999046358425e-07,0.01,85.0,36.5,2
3178,SO-0501,ASI Nidhi Vaghela,ASI,35,2026-07-14 18:46:55+00:00,85.0,72.0,,21.1838545,72.830919,15.499996185302734,-0.931,0.368,-0.059,,0.0,0.0,0.0,,,,,0.0,0.0,30.0,9.999999974752427e-07,0.0,0.01,72.0,36.5,0
3189,SO-0501,ASI Nidhi Vaghela,ASI,35,2026-07-14 18:47:25+00:00,95.0,88.0,,21.1838563,72.8309192,15.499996185302734,-0.753,0.425,0.618,,0.0,0.0,0.0,,,,,0.0,0.0,30.0,1.7999999997186933e-06,2.0000000233721948e-07,0.02,88.0,36.5,2
3197,SO-0501,ASI Nidhi Vaghela,ASI,35,2026-07-14 18:47:55+00:00,82.0,87.0,,21.1838535,72.8309189,15.499996185302734,-0.922,0.345,0.305,,0.0,0.0,0.0,,,,,0.0,0.0,30.0,-2.799999997193936e-06,-2.999999964004019e-07,0.04,87.0,36.5,0
3208,SO-0501,ASI Nidhi Vaghela,ASI,35,2026-07-14 18:48:25+00:00,82.0,88.0,,21.1838552,72.8309168,15.499996185302734,-0.583,0.64,0.546,,0.0,0.0,0.0,,,,,0.0,0.0,30.0,1.6999999985500835e-06,-2.1000000032245225e-06,0.03,88.0,36.5,0
3216,SO-0501,ASI Nidhi Vaghela,ASI,35,2026-07-14 18:48:55+00:00,90.0,88.0,,21.1838498,72.830916,15.499996185302734,-1.008,0.053,0.17,,0.0,0.0,0.0,,,,,0.0,0.0,30.0,-5.39999999915608e-06,-7.999999951380232e-07,0.07,88.0,36.5,0
3227,SO-0501,ASI Nidhi Vaghela,ASI,35,2026-07-14 18:49:26+00:00,89.0,88.0,,21.183859,72.8309192,15.499996185302734,-0.462,-0.672,-0.39,,0.0,0.0,0.0,,,,,0.0,0.0,31.0,9.200000000930686e-06,3.1999999947629476e-06,0.12,88.0,36.5,0
3235,SO-0501,ASI Nidhi Vaghela,ASI,35,2026-07-14 18:49:55+00:00,82.0,83.0,,21.1838555,72.8309173,15.499996185302734,-0.524,-0.785,-0.133,,0.0,0.0,0.0,,,,,0.0,0.0,29.0,-3.5000000018214905e-06,-1.900000000887303e-06,0.05,83.0,36.5,0
3246,SO-0501,ASI Nidhi Vaghela,ASI,35,2026-07-14 18:50:24+00:00,83.0,88.0,,21.1838555,72.8309173,15.499996185302734,-0.144,0.812,0.166,,0.0,0.0,0.0,,,,,0.0,0.0,29.0,0.0,0.0,0.0,88.0,36.5,0
3254,SO-0501,ASI Nidhi Vaghela,ASI,35,2026-07-14 18:50:58+00:00,91.0,88.0,,21.1838513,72.8309161,15.499996185302734,-1.219,-0.085,0.136,,0.0,0.0,0.0,,,,,0.0,0.0,34.0,-4.199999999343618e-06,-1.1999999998124622e-06,0.05,88.0,36.5,2
3264,SO-0501,ASI Nidhi Vaghela,ASI,35,2026-07-14 18:51:29+00:00,87.0,75.0,,21.1837189,72.830838,15.599998474121094,-0.507,-0.398,-0.51,,0.0,0.0,0.0,,,,,0.0,0.0,31.0,-0.0001324000000018,-7.809999999608408e-05,1.95,75.0,36.5,0
3273,SO-0501,ASI Nidhi Vaghela,ASI,35,2026-07-14 18:52:00+00:00,89.0,56.0,,21.1838521,72.8309131,15.499996185302734,-0.232,0.989,0.387,,0.0,0.0,0.0,,,,,0.0,0.0,31.0,0.0001332000000004,7.510000000365835e-05,1.94,56.0,36.5,0
3282,SO-0501,ASI Nidhi Vaghela,ASI,35,2026-07-14 18:52:30+00:00,94.0,,,21.1838503,72.8309154,15.499996185302734,-0.217,0.553,-0.775,,0.0,0.0,0.0,,,,,0.0,0.0,30.0,-1.7999999997186933e-06,2.2999999913508873e-06,0.04,56.0,36.5,2
3291,SO-0501,ASI Nidhi Vaghela,ASI,35,2026-07-14 18:53:01+00:00,81.0,,,21.1838574,72.8309186,15.499996185302734,-1.188,-0.276,0.032,,0.0,0.0,0.0,,,,,0.0,0.0,31.0,7.100000001258877e-06,3.2000000089738023e-06,0.1,56.0,36.5,0
3301,SO-0501,ASI Nidhi Vaghela,ASI,35,2026-07-14 18:53:33+00:00,84.0,,,21.1838542,72.8309185,15.499996185302734,-0.542,0.61,-0.296,,0.0,0.0,0.0,,,,,0.0,0.0,32.0,-3.200000001868375e-06,-1.000000082740371e-07,0.04,56.0,36.5,0
3310,SO-0501,ASI Nidhi Vaghela,ASI,35,2026-07-14 18:54:06+00:00,84.0,,,21.1838485,72.8309127,15.499996185302734,-0.45,0.954,-0.662,,0.0,0.0,0.0,,,,,0.0,0.0,33.0,-5.699999999109195e-06,-5.7999999967250915e-06,0.1,56.0,36.5,0
3319,SO-0501,ASI Nidhi Vaghela,ASI,35,2026-07-14 18:54:38+00:00,100.0,88.0,,21.1838484,72.8309147,15.499996185302734,-0.294,0.943,-0.041,,0.0,0.0,0.0,,,,,0.0,0.0,32.0,-1.0000000116860974e-07,1.9999999949504854e-06,0.02,88.0,36.5,2
3327,SO-0501,ASI Nidhi Vaghela,ASI,35,2026-07-14 18:55:07+00:00,100.0,85.0,,21.183849,72.8309148,15.499996185302734,-0.207,0.992,0.056,,0.0,0.0,0.0,,,,,0.0,0.0,29.0,5.999999999062311e-07,1.000000082740371e-07,0.01,85.0,36.5,2
3335,SO-0501,ASI Nidhi Vaghela,ASI,35,2026-07-14 18:55:40+00:00,100.0,79.0,,21.1838524,72.830917,15.499996185302734,-0.277,0.961,-0.032,,0.0,0.0,0.0,,,,,0.0,0.0,33.0,3.4000000006528808e-06,2.199999997287705e-06,0.05,79.0,36.5,2
3342,SO-0501,ASI Nidhi Vaghela,ASI,35,2026-07-14 18:56:10+00:00,88.0,87.0,,21.1838563,72.8309171,15.499996185302734,-0.23,0.967,0.219,,0.0,0.0,0.0,,,,,0.0,0.0,30.0,3.899999999390502e-06,9.999999406318238e-08,0.05,87.0,36.5,0
3349,SO-0501,ASI Nidhi Vaghela,ASI,35,2026-07-14 18:56:41+00:00,86.0,88.0,,21.183849,72.830917,15.499996185302734,-0.967,-0.357,0.071,,0.0,0.0,0.0,,,,,0.0,0.0,31.0,-7.300000000043383e-06,-9.999999406318238e-08,0.09,88.0,36.5,0
3357,SO-0501,ASI Nidhi Vaghela,ASI,35,2026-07-14 18:57:11+00:00,83.0,88.0,,21.1838515,72.8309187,15.499996185302734,-0.967,-0.311,0.178,,0.0,0.0,0.0,,,,,0.0,0.0,30.0,2.500000000793534e-06,1.6999999985500835e-06,0.04,88.0,36.5,0
3364,SO-0501,ASI Nidhi Vaghela,ASI,35,2026-07-14 18:57:41+00:00,99.0,87.0,,21.1838527,72.8309173,15.499996185302734,-0.988,-0.244,0.202,,0.0,0.0,0.0,,,,,0.0,0.0,30.0,1.1999999998124622e-06,-1.4000000021496817e-06,0.02,87.0,36.5,2
3371,SO-0501,ASI Nidhi Vaghela,ASI,35,2026-07-14 18:58:11+00:00,87.0,88.0,,21.183851,72.8309162,15.499996185302734,-0.99,-0.123,-0.046,,0.0,0.0,0.0,,,,,0.0,0.0,30.0,-1.6999999985500835e-06,-1.099999991538425e-06,0.03,88.0,36.5,0
3378,SO-0501,ASI Nidhi Vaghela,ASI,35,2026-07-14 18:58:41+00:00,88.0,87.0,,21.1838558,72.8309175,15.499996185302734,-0.926,-0.413,0.03,,0.0,0.0,0.0,,,,,0.0,0.0,30.0,4.799999999249849e-06,1.2999999938756446e-06,0.07,87.0,36.5,0
3385,SO-0501,ASI Nidhi Vaghela,ASI,35,2026-07-14 18:59:12+00:00,82.0,86.0,,21.1838514,72.8309151,15.499996185302734,-0.412,0.768,-0.238,,0.0,0.0,0.0,,,,,0.0,0.0,31.0,-4.3999999981281235e-06,-2.3999999996249244e-06,0.06,86.0,36.5,0
3392,SO-0501,ASI Nidhi Vaghela,ASI,35,2026-07-14 18:59:45+00:00,85.0,84.0,,21.1838563,72.8309193,15.499996185302734,-0.265,0.965,-0.048,,0.0,0.0,0.0,,,,,0.0,0.0,33.0,4.899999996865745e-06,4.200000006449045e-06,0.08,84.0,36.5,0
3399,SO-0501,ASI Nidhi Vaghela,ASI,35,2026-07-14 19:00:18+00:00,85.0,87.0,,21.1838509,72.830917,15.499996185302734,-0.29,0.965,-0.02,,0.0,0.0,0.0,,,,,0.0,0.0,33.0,-5.39999999915608e-06,-2.300000005561742e-06,0.07,87.0,36.5,0
3405,SO-0501,ASI Nidhi Vaghela,ASI,35,2026-07-14 19:00:49+00:00,85.0,73.0,,21.1838541,72.8309158,15.499996185302734,0.207,0.976,0.457,,0.0,0.0,0.0,,,,,0.0,0.0,31.0,3.200000001868375e-06,-1.1999999998124622e-06,0.04,73.0,36.5,0
3412,SO-0501,ASI Nidhi Vaghela,ASI,35,2026-07-14 19:01:19+00:00,85.0,83.0,,21.1838522,72.8309171,15.499996185302734,-0.288,0.968,-0.044,,0.0,0.0,0.0,,,,,0.0,0.0,30.0,-1.900000000887303e-06,1.2999999938756446e-06,0.03,83.0,36.5,0
3418,SO-0501,ASI Nidhi Vaghela,ASI,35,2026-07-14 19:01:51+00:00,85.0,79.0,,21.1838524,72.8309169,15.499996185302734,-0.28,0.965,-0.057,,0.0,0.0,0.0,,,,,0.0,0.0,32.0,1.999999987845058e-07,-1.9999998812636477e-07,0.0,79.0,36.5,0
3424,SO-0501,ASI Nidhi Vaghela,ASI,35,2026-07-14 19:02:21+00:00,86.0,79.0,,21.1838508,72.8309164,15.499996185302734,-0.307,0.945,-0.081,,0.0,0.0,0.0,,,,,0.0,0.0,30.0,-1.6000000009341877e-06,-4.999999987376214e-07,0.02,79.0,36.5,0
3431,SO-0501,ASI Nidhi Vaghela,ASI,35,2026-07-14 19:02:53+00:00,81.0,74.0,,21.1838541,72.8309185,15.499996185302734,-0.279,0.96,-0.073,,0.0,0.0,0.0,,,,,0.0,0.0,32.0,3.3000000030369847e-06,2.099999989013668e-06,0.05,74.0,36.5,0
3437,SO-0501,ASI Nidhi Vaghela,ASI,35,2026-07-14 19:03:25+00:00,94.0,73.0,,21.1838528,72.8309218,15.499996185302734,-0.314,0.954,-0.047,,0.0,0.0,0.0,,,,,0.0,0.0,32.0,-1.300000000981072e-06,3.3000000030369847e-06,0.04,73.0,36.5,2
3444,SO-0501,ASI Nidhi Vaghela,ASI,35,2026-07-14 19:03:57+00:00,94.0,64.0,,21.1838549,72.8309179,15.499996185302734,-0.284,1.008,0.12,,0.0,0.0,0.0,,,,,0.0,0.0,32.0,2.099999999671809e-06,-3.8999999958377884e-06,0.05,64.0,36.5,2
3450,SO-0501,ASI Nidhi Vaghela,ASI,35,2026-07-14 19:04:28+00:00,90.0,88.0,,21.1838537,72.8309172,15.499996185302734,0.036,0.931,0.116,,0.0,0.0,0.0,,,,,0.0,0.0,31.0,-1.1999999998124622e-06,-7.000000010748408e-07,0.02,88.0,36.5,0
3456,SO-0501,ASI Nidhi Vaghela,ASI,35,2026-07-14 19:04:59+00:00,98.0,88.0,,21.1838504,72.8309152,15.499996185302734,-0.718,0.134,0.787,,0.0,0.0,0.0,,,,,0.0,0.0,31.0,-3.299999999484271e-06,-1.9999999949504854e-06,0.05,88.0,36.5,2
3463,SO-0501,ASI Nidhi Vaghela,ASI,35,2026-07-14 19:05:31+00:00,93.0,75.0,,21.1838504,72.830917,15.499996185302734,-0.703,0.279,0.774,,0.0,0.0,0.0,,,,,0.0,0.0,32.0,0.0,1.799999992613266e-06,0.02,75.0,36.5,2
3470,SO-0501,ASI Nidhi Vaghela,ASI,35,2026-07-14 19:06:04+00:00,83.0,87.0,,21.1838516,72.8309171,15.499996185302734,-0.712,0.812,0.442,,0.0,0.0,0.0,,,,,0.0,0.0,33.0,1.1999999998124622e-06,9.999999406318238e-08,0.01,87.0,36.5,0
3476,SO-0501,ASI Nidhi Vaghela,ASI,35,2026-07-14 19:06:35+00:00,82.0,60.0,,21.183854,72.8309185,15.499996185302734,-0.353,0.888,-0.024,,0.0,0.0,0.0,,,,,0.0,0.0,31.0,2.3999999996249244e-06,1.4000000021496817e-06,0.04,60.0,36.5,0
3482,SO-0501,ASI Nidhi Vaghela,ASI,35,2026-07-14 19:07:06+00:00,88.0,86.0,,21.1838531,72.8309172,15.499996185302734,-0.226,0.945,-0.173,,0.0,0.0,0.0,,,,,0.0,0.0,31.0,-8.999999998593466e-07,-1.2999999938756446e-06,0.02,86.0,36.5,0
3488,SO-0501,ASI Nidhi Vaghela,ASI,35,2026-07-14 19:07:37+00:00,87.0,88.0,,21.1838561,72.8309193,15.499996185302734,-0.578,-0.308,0.838,,0.0,0.0,0.0,,,,,0.0,0.0,31.0,2.9999999995311555e-06,2.1000000032245225e-06,0.05,88.0,36.5,0
3494,SO-0501,ASI Nidhi Vaghela,ASI,35,2026-07-14 19:08:09+00:00,86.0,88.0,,21.1838428,72.8309119,15.499996185302734,-0.887,-0.228,0.56,,0.0,0.0,0.0,,,,,0.0,0.0,32.0,-1.3299999999105694e-05,-7.400000001211993e-06,0.19,88.0,36.5,0
3500,SO-0501,ASI Nidhi Vaghela,ASI,35,2026-07-14 19:08:40+00:00,89.0,88.0,,21.1838516,72.8309169,15.499996185302734,-0.34,0.953,0.105,,0.0,0.0,0.0,,,,,0.0,0.0,31.0,8.79999999980896e-06,5.000000001587068e-06,0.13,88.0,36.5,0
3506,SO-0501,ASI Nidhi Vaghela,ASI,35,2026-07-14 19:09:10+00:00,89.0,74.0,,21.1838584,72.8309168,15.499996185302734,-0.422,-0.194,-1.09,,0.0,0.0,0.0,,,,,0.0,0.0,30.0,6.799999997753048e-06,-1.000000082740371e-07,0.09,74.0,36.5,0
3512,SO-0501,ASI Nidhi Vaghela,ASI,35,2026-07-14 19:09:39+00:00,84.0,82.0,,21.1838575,72.8309139,15.499996185302734,-1.04,0.175,-0.149,,0.0,0.0,0.0,,,,,0.0,0.0,29.0,-8.999999998593466e-07,-2.8999999983625457e-06,0.04,82.0,36.5,0
3518,SO-0501,ASI Nidhi Vaghela,ASI,35,2026-07-14 19:10:10+00:00,82.0,,,21.1838577,72.8309207,15.499996185302734,-0.541,0.583,-0.289,,0.0,0.0,0.0,,,,,0.0,0.0,31.0,2.0000000233721948e-07,6.799999994200334e-06,0.08,82.0,36.5,0
3523,SO-0501,ASI Nidhi Vaghela,ASI,35,2026-07-14 19:10:40+00:00,83.0,88.0,,21.1838579,72.8309184,15.499996185302734,-0.631,-0.767,-0.029,,0.0,0.0,0.0,,,,,0.0,0.0,30.0,1.999999987845058e-07,-2.2999999913508873e-06,0.03,88.0,36.5,0
3528,SO-0501,ASI Nidhi Vaghela,ASI,35,2026-07-14 19:11:11+00:00,82.0,88.0,,21.1838564,72.8309184,15.499996185302734,-0.683,-0.751,0.15,,0.0,0.0,0.0,,,,,0.0,0.0,31.0,-1.4999999997655775e-06,0.0,0.02,88.0,36.5,0
3534,SO-0501,ASI Nidhi Vaghela,ASI,35,2026-07-14 19:11:39+00:00,80.0,85.0,,21.1838564,72.8309184,15.499996185302734,-0.697,-0.743,0.006,,0.0,0.0,0.0,,,,,0.0,0.0,28.0,0.0,0.0,0.0,85.0,36.5,0
3540,SO-0501,ASI Nidhi Vaghela,ASI,35,2026-07-14 19:12:15+00:00,83.0,89.0,,21.1838534,72.8309191,15.499996185302734,-0.957,0.439,-0.31,,0.0,0.0,0.0,,,,,0.0,0.0,36.0,-2.9999999995311555e-06,7.000000010748408e-07,0.03,89.0,36.5,0
3545,SO-0501,ASI Nidhi Vaghela,ASI,35,2026-07-14 19:12:43+00:00,84.0,74.0,,21.1838104,72.8308909,15.599998474121094,-0.677,0.832,-0.342,,0.0,0.0,0.0,,,,,0.0,0.0,28.0,-4.300000000156956e-05,-2.820000000269829e-05,0.72,74.0,36.5,0
3550,SO-0501,ASI Nidhi Vaghela,ASI,35,2026-07-14 19:13:13+00:00,83.0,63.0,,21.1838093,72.830893,15.599998474121094,-0.091,-0.011,0.762,,0.0,0.0,0.0,,,,,0.0,0.0,30.0,-1.0999999986438525e-06,2.1000000032245225e-06,0.03,63.0,36.5,0
3556,SO-0501,ASI Nidhi Vaghela,ASI,35,2026-07-14 19:13:43+00:00,85.0,88.0,,21.1838221,72.8309015,15.599998474121094,-0.717,-0.1,-0.698,,0.0,0.0,0.0,,,,,0.0,0.0,30.0,1.2800000000368073e-05,8.499999992750418e-06,0.2,88.0,36.5,0
3562,SO-0501,ASI Nidhi Vaghela,ASI,35,2026-07-14 19:14:14+00:00,90.0,88.0,,21.1838219,72.8309111,15.499996185302734,-0.828,-0.154,-0.454,,0.0,0.0,0.0,,,,,0.0,0.0,31.0,-1.999999987845058e-07,9.599999998499698e-06,0.12,88.0,36.5,0
3568,SO-0501,ASI Nidhi Vaghela,ASI,35,2026-07-14 19:14:44+00:00,88.0,84.0,,21.183592,72.8307962,15.499996185302734,-0.961,0.975,0.249,,0.0,0.0,0.0,,,,,0.0,0.0,30.0,-0.0002299000000007,-0.0001148999999998,3.38,84.0,36.5,0
3574,SO-0501,ASI Nidhi Vaghela,ASI,35,2026-07-14 19:15:15+00:00,80.0,89.0,,21.1834983,72.8307382,15.89999771118164,-1.013,-0.104,0.185,,0.0,0.0,0.0,,,,,0.0,0.0,31.0,-9.370000000075152e-05,-5.7999999995672624e-05,1.39,89.0,36.5,0
3580,SO-0501,ASI Nidhi Vaghela,ASI,35,2026-07-14 19:15:44+00:00,91.0,88.0,,21.1837552,72.8307434,15.299999237060549,-2.0,0.307,-0.197,,0.0,0.0,0.0,,,,,0.0,0.0,29.0,0.0002569000000001,5.200000003924288e-06,3.54,88.0,36.5,1
3586,SO-0501,ASI Nidhi Vaghela,ASI,35,2026-07-14 19:16:14+00:00,81.0,88.0,,21.1837455,72.8308727,15.499996185302734,-0.804,0.617,0.226,,0.0,0.0,0.0,,,,,0.0,0.0,30.0,-9.699999999668307e-06,0.0001292999999975,1.61,88.0,36.5,1
3592,SO-0501,ASI Nidhi Vaghela,ASI,35,2026-07-14 19:16:44+00:00,94.0,88.0,,21.1831812,72.8304847,15.599998474121094,-0.865,-0.431,-0.274,,0.0,0.0,0.0,,,,,0.0,0.0,30.0,-0.0005643000000006,-0.0003880000000009,8.93,88.0,36.5,1
3598,SO-0501,ASI Nidhi Vaghela,ASI,35,2026-07-14 19:17:12+00:00,80.0,87.0,,21.1832785,72.8303658,15.599998474121094,-1.117,-0.198,-0.209,,0.0,0.0,0.0,,,,,0.0,0.0,28.0,9.73000000001889e-05,-0.0001189000000039,2.11,87.0,36.5,1
3604,SO-0501,ASI Nidhi Vaghela,ASI,35,2026-07-14 19:17:40+00:00,95.0,88.0,,21.1823281,72.8292919,17.100000381469727,-0.831,0.14,0.685,,0.0,0.0,0.0,,,,,0.0,0.0,28.0,-0.0009504000000006,-0.0010738999999944,19.7,88.0,36.5,1
3610,SO-0501,ASI Nidhi Vaghela,ASI,35,2026-07-14 19:18:14+00:00,88.0,88.0,,21.1816657,72.8264755,16.80000114440918,-0.772,0.068,0.705,,0.0,0.0,0.0,,,,,0.0,0.0,34.0,-0.0006623999999995,-0.0028164000000003,31.84,88.0,36.5,1
3616,SO-0501,ASI Nidhi Vaghela,ASI,35,2026-07-14 19:18:44+00:00,91.0,87.0,,21.1810125,72.8252469,39.19999980926514,-0.626,0.061,0.479,,0.0,0.0,0.0,,,,,0.0,0.0,30.0,-0.0006531999999985,-0.0012286000000045,17.57,87.0,36.5,1
3622,SO-0501,ASI Nidhi Vaghela,ASI,35,2026-07-14 19:19:14+00:00,85.0,87.0,,21.1806927,72.8226696,39.19999980926514,-1.082,0.106,0.734,,0.0,0.0,0.0,,,,,0.0,0.0,30.0,-0.0003197999999997,-0.0025772999999986,32.3,87.0,36.5,1
3628,SO-0501,ASI Nidhi Vaghela,ASI,35,2026-07-14 19:19:42+00:00,92.0,88.0,,21.1806127,72.8216368,16.30000114440918,-0.824,0.02,0.616,,0.0,0.0,0.0,,,,,0.0,0.0,28.0,-8.00000000005241e-05,-0.0010328000000043,13.79,88.0,36.5,1
3632,SO-0501,ASI Nidhi Vaghela,ASI,35,2026-07-14 19:20:12+00:00,87.0,88.0,,21.1804035,72.8198821,15.499996185302734,-1.061,0.441,0.177,,0.0,0.0,0.0,,,,,0.0,0.0,30.0,-0.0002092000000004,-0.0017546999999922,21.98,88.0,36.5,1
3636,SO-0501,ASI Nidhi Vaghela,ASI,35,2026-07-14 19:20:43+00:00,86.0,88.0,,21.1808783,72.8178096,15.199996948242188,-0.882,0.039,0.773,,0.0,0.0,0.0,,,,,0.0,0.0,31.0,0.0004747999999992,-0.002072499999997,25.66,88.0,36.5,1
3640,SO-0501,ASI Nidhi Vaghela,ASI,35,2026-07-14 19:21:14+00:00,81.0,88.0,,21.1815818,72.8158035,14.999996185302734,-0.837,-0.026,0.662,,0.0,0.0,0.0,,,,,0.0,0.0,31.0,0.0007035000000001,-0.0020061000000026,25.77,88.0,36.5,1
3644,SO-0501,ASI Nidhi Vaghela,ASI,35,2026-07-14 19:21:44+00:00,84.0,88.0,,21.1826946,72.8141345,12.699996948242188,-0.844,0.017,0.695,,0.0,0.0,0.0,,,,,0.0,0.0,30.0,0.0011128000000013,-0.0016690000000068,25.49,88.0,36.5,1
3649,SO-0501,ASI Nidhi Vaghela,ASI,35,2026-07-14 19:22:14+00:00,85.0,86.0,,21.1839394,72.8129809,12.699996948242188,-0.804,0.223,0.69,,0.0,0.0,0.0,,,,,0.0,0.0,30.0,0.0012447999999984,-0.0011535999999949,21.92,86.0,36.5,1
3654,SO-0501,ASI Nidhi Vaghela,ASI,35,2026-07-14 19:22:47+00:00,100.0,85.0,,21.1851465,72.8112018,12.89999771118164,-0.043,0.466,0.995,,0.0,0.0,0.0,,,,,0.0,0.0,33.0,0.0012070999999984,-0.0017790999999931,24.85,85.0,36.5,1
3659,SO-0501,ASI Nidhi Vaghela,ASI,35,2026-07-14 19:23:17+00:00,83.0,88.0,,21.1858165,72.8105728,12.89999771118164,-0.832,0.085,0.698,,0.0,0.0,0.0,,,,,0.0,0.0,30.0,0.000670000000003,-0.0006290000000035,11.86,88.0,36.5,1
3664,SO-0501,ASI Nidhi Vaghela,ASI,35,2026-07-14 19:23:48+00:00,83.0,84.0,,21.1865888,72.8100041,13.699996948242188,-0.595,-0.046,0.791,,0.0,0.0,0.0,,,,,0.0,0.0,31.0,0.0007722999999977,-0.0005687000000023,12.08,84.0,36.5,1
3670,SO-0501,ASI Nidhi Vaghela,ASI,35,2026-07-14 19:24:19+00:00,87.0,88.0,,21.1890104,72.8078901,13.199996948242188,-0.973,-0.103,0.606,,0.0,0.0,0.0,,,,,0.0,0.0,31.0,0.0024216000000016,-0.0021140000000059,40.25,88.0,36.5,1
3676,SO-0501,ASI Nidhi Vaghela,ASI,35,2026-07-14 19:24:52+00:00,85.0,88.0,,21.1914178,72.8053821,10.599998474121094,-0.843,-0.062,0.563,,0.0,0.0,0.0,,,,,0.0,0.0,33.0,0.0024073999999991,-0.0025079999999917,40.65,88.0,36.5,1
3681,SO-0501,ASI Nidhi Vaghela,ASI,35,2026-07-14 19:25:22+00:00,88.0,88.0,,21.1931061,72.8030512,10.599998474121094,-0.934,-0.291,-0.354,,0.0,0.0,0.0,,,,,0.0,0.0,30.0,0.0016883000000014,-0.002330900000004,36.66,88.0,36.5,1
3686,SO-0501,ASI Nidhi Vaghela,ASI,35,2026-07-14 19:25:53+00:00,81.0,88.0,,21.1936615,72.8023135,13.599998474121094,-0.635,0.093,0.828,,0.0,0.0,0.0,,,,,0.0,0.0,31.0,0.0005553999999996,-0.0007377000000019,11.4,88.0,36.5,1
3691,SO-0501,ASI Nidhi Vaghela,ASI,35,2026-07-14 19:26:22+00:00,82.0,88.0,,21.1942304,72.8016555,13.099998474121094,-0.855,0.052,0.672,,0.0,0.0,0.0,,,,,0.0,0.0,29.0,0.0005688999999975,-0.0006580000000013,11.53,88.0,36.5,1
3696,SO-0501,ASI Nidhi Vaghela,ASI,35,2026-07-14 19:26:53+00:00,96.0,88.0,,21.1951411,72.8020402,12.299999237060549,-0.762,0.093,0.735,,0.0,0.0,0.0,,,,,0.0,0.0,31.0,0.0009107000000021,0.0003846999999979,12.62,88.0,36.5,1
3701,SO-0501,ASI Nidhi Vaghela,ASI,35,2026-07-14 19:27:22+00:00,85.0,87.0,,21.1951699,72.802034,12.299999237060549,-0.322,-0.963,0.094,,0.0,0.0,0.0,,,,,0.0,0.0,29.0,2.879999999905181e-05,-6.199999987188676e-06,0.4,87.0,36.5,0
3706,SO-0501,ASI Nidhi Vaghela,ASI,35,2026-07-14 19:27:55+00:00,87.0,86.0,,21.1979883,72.8024081,12.299999237060549,-1.009,-0.072,0.575,,0.0,0.0,0.0,,,,,0.0,0.0,33.0,0.0028183999999988,0.0003740999999877,34.39,86.0,36.5,1
3711,SO-0501,ASI Nidhi Vaghela,ASI,35,2026-07-14 19:28:23+00:00,92.0,88.0,,21.1985175,72.8006277,12.999996185302734,-0.912,0.032,0.72,,0.0,0.0,0.0,,,,,0.0,0.0,28.0,0.0005292000000025,-0.001780399999987,24.87,88.0,36.5,1
3716,SO-0501,ASI Nidhi Vaghela,ASI,35,2026-07-14 19:28:56+00:00,84.0,88.0,,21.1990856,72.7986696,13.699996948242188,-0.833,-0.007,0.647,,0.0,0.0,0.0,,,,,0.0,0.0,33.0,0.0005680999999988,-0.0019581000000101,23.16,88.0,36.5,1
3722,SO-0501,ASI Nidhi Vaghela,ASI,35,2026-07-14 19:29:27+00:00,83.0,86.0,,21.2000662,72.797469,13.39999771118164,-0.92,-0.058,0.366,,0.0,0.0,0.0,,,,,0.0,0.0,31.0,0.0009805999999983,-0.00120059999999,19.19,86.0,36.5,1
3727,SO-0501,ASI Nidhi Vaghela,ASI,35,2026-07-14 19:29:56+00:00,83.0,88.0,,21.2017333,72.7975357,13.799999237060549,-0.789,0.605,0.045,,0.0,0.0,0.0,,,,,0.0,0.0,29.0,0.0016671000000023,6.669999999076026e-05,22.99,88.0,36.5,1
3733,SO-0501,ASI Nidhi Vaghela,ASI,35,2026-07-14 19:30:29+00:00,88.0,88.0,,21.2035064,72.7975509,13.89999771118164,-0.82,0.127,0.57,,0.0,0.0,0.0,,,,,0.0,0.0,33.0,0.0017730999999976,1.5200000007098424e-05,21.47,88.0,36.5,1
3737,SO-0501,ASI Nidhi Vaghela,ASI,35,2026-07-14 19:30:59+00:00,81.0,88.0,,21.2056316,72.7974586,14.099998474121094,-1.206,0.81,0.13,,0.0,0.0,0.0,,,,,0.0,0.0,30.0,0.0021252000000018,-9.230000000570726e-05,28.33,88.0,36.5,1
3743,SO-0501,ASI Nidhi Vaghela,ASI,35,2026-07-14 19:31:29+00:00,84.0,88.0,,21.2072966,72.7968432,15.099998474121094,-0.839,0.278,0.572,,0.0,0.0,0.0,,,,,0.0,0.0,30.0,0.0016649999999991,-0.0006154000000009,23.46,88.0,36.5,1
3748,SO-0501,ASI Nidhi Vaghela,ASI,35,2026-07-14 19:32:00+00:00,80.0,86.0,,21.2091983,72.7952061,14.799999237060549,-0.89,-0.116,0.522,,0.0,0.0,0.0,,,,,0.0,0.0,31.0,0.0019017000000012,-0.0016370999999963,31.44,86.0,36.5,1
3753,SO-0501,ASI Nidhi Vaghela,ASI,35,2026-07-14 19:32:31+00:00,84.0,88.0,,21.2106233,72.7940579,14.89999771118164,-0.816,0.088,0.785,,0.0,0.0,0.0,,,,,0.0,0.0,31.0,0.0014250000000011,-0.0011482000000029,22.98,88.0,36.5,1
3758,SO-0501,ASI Nidhi Vaghela,ASI,35,2026-07-14 19:33:01+00:00,83.0,88.0,,21.2115265,72.7930399,14.89999771118164,-0.832,0.577,-0.021,,0.0,0.0,0.0,,,,,0.0,0.0,30.0,0.0009031999999997,-0.0010180000000019,17.45,88.0,36.5,1
3763,SO-0501,ASI Nidhi Vaghela,ASI,35,2026-07-14 19:33:31+00:00,83.0,88.0,,21.2116145,72.793278,14.599998474121094,-1.186,0.659,-0.193,,0.0,0.0,0.0,,,,,0.0,0.0,30.0,8.79999999980896e-05,0.0002381000000042,3.18,88.0,36.5,0
3768,SO-0501,ASI Nidhi Vaghela,ASI,35,2026-07-14 19:34:01+00:00,87.0,88.0,,21.2114827,72.7929614,14.499996185302734,-0.915,0.484,-0.045,,0.0,0.0,0.0,,,,,0.0,0.0,30.0,-0.0001317999999983,-0.0003166000000049,4.31,88.0,36.5,0
3773,SO-0501,ASI Nidhi Vaghela,ASI,35,2026-07-14 19:34:31+00:00,88.0,88.0,,21.2118727,72.7927393,14.499996185302734,-0.883,0.071,0.46,,0.0,0.0,0.0,,,,,0.0,0.0,30.0,0.0003899999999994,-0.000222100000002,5.88,88.0,36.5,1
3778,SO-0501,ASI Nidhi Vaghela,ASI,35,2026-07-14 19:34:59+00:00,80.0,88.0,,21.2135136,72.7920237,14.499996185302734,-0.898,0.072,0.567,,0.0,0.0,0.0,,,,,0.0,0.0,28.0,0.0016408999999981,-0.0007155999999923,25.28,88.0,36.5,1
3783,SO-0501,ASI Nidhi Vaghela,ASI,35,2026-07-14 19:35:30+00:00,81.0,88.0,,21.2150194,72.7917382,14.799999237060549,-0.854,0.582,-0.002,,0.0,0.0,0.0,,,,,0.0,0.0,31.0,0.0015058000000003,-0.0002855000000039,19.71,88.0,36.5,1
3788,SO-0501,ASI Nidhi Vaghela,ASI,35,2026-07-14 19:36:01+00:00,87.0,86.0,,21.2159315,72.7913109,14.799999237060549,-0.78,-0.218,0.513,,0.0,0.0,0.0,,,,,0.0,0.0,31.0,0.0009121000000007,-0.0004272999999983,12.83,86.0,36.5,1
3792,SO-0501,ASI Nidhi Vaghela,ASI,35,2026-07-14 19:36:30+00:00,83.0,88.0,,21.218301,72.7907944,14.999996185302734,-0.895,-0.065,0.409,,0.0,0.0,0.0,,,,,0.0,0.0,29.0,0.0023695000000003,-0.0005165000000033,33.32,88.0,36.5,1
3798,SO-0501,ASI Nidhi Vaghela,ASI,35,2026-07-14 19:37:02+00:00,83.0,88.0,,21.2210307,72.7900646,14.599998474121094,-0.828,-0.055,0.469,,0.0,0.0,0.0,,,,,0.0,0.0,32.0,0.0027296999999997,-0.000729800000002,35.13,88.0,36.5,1
3803,SO-0501,ASI Nidhi Vaghela,ASI,35,2026-07-14 19:37:31+00:00,88.0,88.0,,21.2224484,72.7896511,15.099998474121094,-0.98,0.025,0.457,,0.0,0.0,0.0,,,,,0.0,0.0,29.0,0.001417700000001,-0.0004134999999934,20.24,88.0,36.5,1
3807,SO-0501,ASI Nidhi Vaghela,ASI,35,2026-07-14 19:38:00+00:00,81.0,88.0,,21.2234582,72.7894322,15.199996948242188,-0.817,-0.21,-0.699,,0.0,0.0,0.0,,,,,0.0,0.0,29.0,0.0010097999999985,-0.0002189000000072,14.2,88.0,36.5,1
3813,SO-0501,ASI Nidhi Vaghela,ASI,35,2026-07-14 19:38:30+00:00,91.0,88.0,,21.2244832,72.7895307,15.699996948242188,-0.811,0.096,0.457,,0.0,0.0,0.0,,,,,0.0,0.0,30.0,0.001025000000002,9.85000000071068e-05,13.71,88.0,36.5,1
3818,SO-0501,ASI Nidhi Vaghela,ASI,35,2026-07-14 19:39:02+00:00,95.0,85.0,,21.2263964,72.7898101,14.299999237060549,-2.0,0.352,0.406,,0.0,0.0,0.0,,,,,0.0,0.0,32.0,0.001913199999997,0.0002793999999965,24.11,85.0,36.5,1
3823,SO-0501,ASI Nidhi Vaghela,ASI,35,2026-07-14 19:39:31+00:00,87.0,87.0,,21.2283469,72.7901292,15.299999237060549,-0.877,-0.394,-0.45,,0.0,0.0,0.0,,,,,0.0,0.0,29.0,0.0019504999999995,0.0003190999999986,27.19,87.0,36.5,1
3828,SO-0501,ASI Nidhi Vaghela,ASI,35,2026-07-14 19:40:01+00:00,92.0,88.0,,21.2309186,72.7905451,15.199996948242188,-0.681,-0.284,-0.555,,0.0,0.0,0.0,,,,,0.0,0.0,30.0,0.0025717000000007,0.0004159000000072,34.64,88.0,36.5,1
3833,SO-0501,ASI Nidhi Vaghela,ASI,35,2026-07-14 19:40:31+00:00,94.0,88.0,,21.2327754,72.7904525,15.299999237060549,-0.844,-0.55,-0.131,,0.0,0.0,0.0,,,,,0.0,0.0,30.0,0.0018568000000023,-9.260000000210766e-05,24.76,88.0,36.5,1
3838,SO-0501,ASI Nidhi Vaghela,ASI,35,2026-07-14 19:41:01+00:00,98.0,88.0,,21.2354483,72.7897957,16.399999618530273,-0.766,-0.277,-0.669,,0.0,0.0,0.0,,,,,0.0,0.0,30.0,0.0026729000000003,-0.0006568000000015,36.53,88.0,36.5,1
3843,SO-0501,ASI Nidhi Vaghela,ASI,35,2026-07-14 19:41:32+00:00,86.0,88.0,,21.2370853,72.7890067,17.499998092651367,-0.797,-0.257,-0.504,,0.0,0.0,0.0,,,,,0.0,0.0,31.0,0.0016369999999987,-0.0007889999999974,23.14,88.0,36.5,1
3848,SO-0501,ASI Nidhi Vaghela,ASI,35,2026-07-14 19:42:03+00:00,83.0,88.0,,21.2395245,72.7883192,17.499998092651367,-0.877,-0.412,0.346,,0.0,0.0,0.0,,,,,0.0,0.0,31.0,0.0024392000000013,-0.0006874999999979,32.51,88.0,36.5,1
3853,SO-0501,ASI Nidhi Vaghela,ASI,35,2026-07-14 19:42:33+00:00,87.0,88.0,,21.240773,72.7885672,17.600000381469727,-0.949,-0.385,-0.114,,0.0,0.0,0.0,,,,,0.0,0.0,30.0,0.001248499999999,0.0002479999999991,16.91,88.0,36.5,1
3858,SO-0501,ASI Nidhi Vaghela,ASI,35,2026-07-14 19:43:02+00:00,86.0,82.0,,21.244035,72.7871562,18.0,-1.001,-0.136,0.226,,0.0,0.0,0.0,,,,,0.0,0.0,29.0,0.0032619999999994,-0.0014110000000044,48.47,82.0,36.5,1
3863,SO-0501,ASI Nidhi Vaghela,ASI,35,2026-07-14 19:43:32+00:00,84.0,86.0,,21.2464079,72.7858004,18.0,-0.596,0.5,0.812,,0.0,0.0,0.0,,,,,0.0,0.0,30.0,0.002372900000001,-0.0013557999999989,35.81,86.0,36.5,1
3868,SO-0501,ASI Nidhi Vaghela,ASI,35,2026-07-14 19:44:02+00:00,82.0,88.0,,21.2488057,72.78494,18.299999237060547,-0.636,-0.458,0.69,,0.0,0.0,0.0,,,,,0.0,0.0,30.0,0.0023977999999971,-0.0008603999999934,33.68,88.0,36.5,1
3873,SO-0501,ASI Nidhi Vaghela,ASI,35,2026-07-14 19:44:30+00:00,88.0,88.0,,21.2520327,72.7836494,18.0,-1.042,-0.181,0.182,,0.0,0.0,0.0,,,,,0.0,0.0,28.0,0.0032270000000025,-0.0012906000000043,49.15,88.0,36.5,1
3878,SO-0501,ASI Nidhi Vaghela,ASI,35,2026-07-14 19:45:01+00:00,100.0,88.0,,21.2557542,72.782062,31.5,-1.289,-0.048,0.14,,0.0,0.0,0.0,,,,,0.0,0.0,31.0,0.0037214999999974,-0.0015874000000053,51.63,88.0,36.5,1
3883,SO-0501,ASI Nidhi Vaghela,ASI,35,2026-07-14 19:45:31+00:00,81.0,88.0,,21.2580843,72.7810991,17.700000762939453,-0.982,-0.169,-0.086,,0.0,0.0,0.0,,,,,0.0,0.0,30.0,0.0023301000000017,-0.0009628999999904,33.26,88.0,36.5,1
3888,SO-0501,ASI Nidhi Vaghela,ASI,35,2026-07-14 19:46:01+00:00,82.0,88.0,,21.2613733,72.7795553,17.700000762939453,-0.225,-0.935,0.144,,0.0,0.0,0.0,,,,,0.0,0.0,30.0,0.0032889999999987,-0.0015438000000074,47.82,88.0,36.5,1
3893,SO-0501,ASI Nidhi Vaghela,ASI,35,2026-07-14 19:46:31+00:00,89.0,88.0,,21.2626067,72.7793482,19.299999237060547,-0.824,0.064,0.421,,0.0,0.0,0.0,,,,,0.0,0.0,30.0,0.0012334000000002,-0.0002070999999972,16.63,88.0,36.5,1
3898,SO-0501,ASI Nidhi Vaghela,ASI,35,2026-07-14 19:47:02+00:00,81.0,88.0,,21.2622091,72.7801992,18.700000762939453,-1.012,-0.079,0.378,,0.0,0.0,0.0,,,,,0.0,0.0,31.0,-0.0003975999999994,0.0008509999999972,11.44,88.0,36.5,1
3903,SO-0501,ASI Nidhi Vaghela,ASI,35,2026-07-14 19:47:32+00:00,82.0,88.0,,21.2616185,72.7808346,18.5,-0.848,-0.407,0.035,,0.0,0.0,0.0,,,,,0.0,0.0,30.0,-0.0005905999999988,0.0006354000000072,11.14,88.0,36.5,1
3908,SO-0501,ASI Nidhi Vaghela,ASI,35,2026-07-14 19:48:02+00:00,84.0,,,21.2615825,72.7808147,19.399999618530273,-0.899,0.248,-0.093,,0.0,0.0,0.0,,,,,0.0,0.0,30.0,-3.600000000147929e-05,-1.990000001228509e-05,0.54,88.0,36.5,0
3913,SO-0501,ASI Nidhi Vaghela,ASI,35,2026-07-14 19:48:32+00:00,90.0,88.0,,21.261451,72.7807299,18.5,-0.486,-0.325,-0.761,,0.0,0.0,0.0,,,,,0.0,0.0,30.0,-0.0001314999999983,-8.479999999622123e-05,2.04,88.0,36.5,0
3918,SO-0501,ASI Nidhi Vaghela,ASI,35,2026-07-14 19:49:02+00:00,87.0,88.0,,21.2613362,72.7808794,19.399999618530273,-0.721,-0.694,-0.166,,0.0,0.0,0.0,,,,,0.0,0.0,30.0,-0.0001148000000021,0.0001495000000062,2.41,88.0,36.5,0
3923,SO-0501,ASI Nidhi Vaghela,ASI,35,2026-07-14 19:49:32+00:00,92.0,88.0,,21.261338,72.7808868,19.399999618530273,-0.959,0.208,-0.195,,0.0,0.0,0.0,,,,,0.0,0.0,30.0,1.7999999997186933e-06,7.400000001211993e-06,0.1,88.0,36.5,2
3928,SO-0501,ASI Nidhi Vaghela,ASI,35,2026-07-14 19:50:03+00:00,94.0,69.0,,21.2616621,72.7808566,19.399999618530273,-0.724,0.856,-0.079,,0.0,0.0,0.0,,,,,0.0,0.0,31.0,0.0003241000000002,-3.0199999997648778e-05,4.19,69.0,36.5,2
3933,SO-0501,ASI Nidhi Vaghela,ASI,35,2026-07-14 19:50:32+00:00,94.0,86.0,,21.2615619,72.780801,19.399999618530273,-0.42,0.774,0.234,,0.0,0.0,0.0,,,,,0.0,0.0,29.0,-0.0001001999999985,-5.5600000010258555e-05,1.55,86.0,36.5,2
3938,SO-0501,ASI Nidhi Vaghela,ASI,35,2026-07-14 19:51:03+00:00,98.0,62.0,,21.2615572,72.7808979,19.399999618530273,-0.115,0.718,-0.704,,0.0,0.0,0.0,,,,,0.0,0.0,31.0,-4.700000001633953e-06,9.690000000261988e-05,1.17,62.0,36.5,2
3943,SO-0501,ASI Nidhi Vaghela,ASI,35,2026-07-14 19:51:33+00:00,86.0,82.0,,21.2615579,72.7808796,19.399999618530273,-0.432,-0.674,-0.266,,0.0,0.0,0.0,,,,,0.0,0.0,30.0,7.000000010748408e-07,-1.8299999993587335e-05,0.23,82.0,36.5,0
3948,SO-0501,ASI Nidhi Vaghela,ASI,35,2026-07-14 19:52:06+00:00,90.0,80.0,,21.2615777,72.7808681,19.399999618530273,0.562,-0.224,0.913,,0.0,0.0,0.0,,,,,0.0,0.0,33.0,1.980000000045834e-05,-1.1499999999387e-05,0.27,80.0,36.5,0
3953,SO-0501,ASI Nidhi Vaghela,ASI,35,2026-07-14 19:52:37+00:00,92.0,80.0,,21.2615823,72.7808664,19.399999618530273,-0.577,0.574,0.757,,0.0,0.0,0.0,,,,,0.0,0.0,31.0,4.600000000465343e-06,-1.7000000127609385e-06,0.06,80.0,36.5,2
3958,SO-0501,ASI Nidhi Vaghela,ASI,35,2026-07-14 19:53:10+00:00,97.0,87.0,,21.2615781,72.7808689,18.0,-0.639,0.792,0.083,,0.0,0.0,0.0,,,,,0.0,0.0,33.0,-4.199999999343618e-06,2.5000000078989615e-06,0.06,87.0,36.5,2
3963,SO-0501,ASI Nidhi Vaghela,ASI,35,2026-07-14 19:53:39+00:00,85.0,89.0,,21.261835,72.7806153,19.399999618530273,-0.484,0.564,1.314,,0.0,0.0,0.0,,,,,0.0,0.0,29.0,0.0002569000000001,-0.0002536000000077,4.81,89.0,36.5,1
3967,SO-0501,ASI Nidhi Vaghela,ASI,35,2026-07-14 19:54:11+00:00,85.0,87.0,,21.2628247,72.7797271,18.600000381469727,-0.673,-0.174,0.916,,0.0,0.0,0.0,,,,,0.0,0.0,32.0,0.000989699999998,-0.0008881999999914,16.12,87.0,36.5,1
3972,SO-0501,ASI Nidhi Vaghela,ASI,35,2026-07-14 19:54:42+00:00,85.0,86.0,,21.2620162,72.7799643,18.0,-0.958,-0.299,0.647,,0.0,0.0,0.0,,,,,0.0,0.0,31.0,-0.0008084999999979,0.0002372000000008,10.8,86.0,36.5,1
3977,SO-0501,ASI Nidhi Vaghela,ASI,35,2026-07-14 19:55:11+00:00,85.0,86.0,,21.2590345,72.7807154,18.0,-0.292,0.432,1.1,,0.0,0.0,0.0,,,,,0.0,0.0,29.0,-0.0029817000000029,0.0007511000000022,42.2,86.0,36.5,1
3982,SO-0501,ASI Nidhi Vaghela,ASI,35,2026-07-14 19:55:42+00:00,85.0,83.0,,21.2568656,72.7818282,17.700000762939453,-0.839,-0.504,0.979,,0.0,0.0,0.0,,,,,0.0,0.0,31.0,-0.0021688999999973,0.0011128000000013,30.99,83.0,36.5,1
3987,SO-0501,ASI Nidhi Vaghela,ASI,35,2026-07-14 19:56:12+00:00,85.0,87.0,,21.2493269,72.7859834,54.69999980926514,-0.245,0.062,0.869,,0.0,0.0,0.0,,,,,0.0,0.0,30.0,-0.0075387000000013,0.0041551999999995,112.91,87.0,36.5,1
3991,SO-0501,ASI Nidhi Vaghela,ASI,35,2026-07-14 19:56:44+00:00,85.0,84.0,,21.2505578,72.7845819,54.69999980926514,-0.652,0.259,0.712,,0.0,0.0,0.0,,,,,0.0,0.0,32.0,0.0012308999999994,-0.0014015,22.42,84.0,36.5,1
3996,SO-0501,ASI Nidhi Vaghela,ASI,35,2026-07-14 19:57:13+00:00,85.0,88.0,,21.2480055,72.7856158,17.700000762939453,-0.519,0.31,1.015,,0.0,0.0,0.0,,,,,0.0,0.0,29.0,-0.0025522999999978,0.0010338999999959,37.6,88.0,36.5,1
4001,SO-0501,ASI Nidhi Vaghela,ASI,35,2026-07-14 19:57:43+00:00,84.0,89.0,,21.2456815,72.7864054,18.100000381469727,-0.52,0.482,0.969,,0.0,0.0,0.0,,,,,0.0,0.0,30.0,-0.0023240000000015,0.0007896000000044,32.47,89.0,36.5,1
4006,SO-0501,ASI Nidhi Vaghela,ASI,35,2026-07-14 19:58:14+00:00,84.0,88.0,,21.242247,72.7870571,17.499998092651367,-1.137,-0.681,0.565,,0.0,0.0,0.0,,,,,0.0,0.0,31.0,-0.0034345000000008,0.0006516999999917,44.96,88.0,36.5,1
4011,SO-0501,ASI Nidhi Vaghela,ASI,35,2026-07-14 19:58:45+00:00,84.0,85.0,,21.2406473,72.7883494,17.700000762939453,-0.423,0.318,1.234,,0.0,0.0,0.0,,,,,0.0,0.0,31.0,-0.0015996999999998,0.0012923000000029,25.82,85.0,36.5,1
4016,SO-0501,ASI Nidhi Vaghela,ASI,35,2026-07-14 19:59:17+00:00,84.0,86.0,,21.2382096,72.7890007,17.600000381469727,-0.463,0.556,0.866,,0.0,0.0,0.0,,,,,0.0,0.0,32.0,-0.0024376999999979,0.0006513000000012,31.37,86.0,36.5,1
4021,SO-0501,ASI Nidhi Vaghela,ASI,35,2026-07-14 19:59:47+00:00,83.0,88.0,,21.2374951,72.7891521,17.600000381469727,-0.83,-0.344,0.764,,0.0,0.0,0.0,,,,,0.0,0.0,30.0,-0.0007145000000008,0.0001513999999929,9.7,88.0,36.5,1
4026,SO-0501,ASI Nidhi Vaghela,ASI,35,2026-07-14 20:00:16+00:00,82.0,88.0,,21.2352968,72.7899674,18.0,-0.549,0.442,1.121,,0.0,0.0,0.0,,,,,0.0,0.0,29.0,-0.0021982999999998,0.0008152999999992,32.05,88.0,36.5,1
4030,SO-0501,ASI Nidhi Vaghela,ASI,35,2026-07-14 20:00:47+00:00,86.0,88.0,,21.2323102,72.7904396,15.999996185302734,-0.728,-0.325,0.863,,0.0,0.0,0.0,,,,,0.0,0.0,31.0,-0.0029865999999998,0.0004722000000043,38.91,88.0,36.5,1
4036,SO-0501,ASI Nidhi Vaghela,ASI,35,2026-07-14 20:01:20+00:00,84.0,83.0,,21.2296724,72.7905931,15.999996185302734,-0.763,-0.129,0.474,,0.0,0.0,0.0,,,,,0.0,0.0,33.0,-0.0026378000000022,0.0001534999999961,31.99,83.0,36.5,1
4040,SO-0501,ASI Nidhi Vaghela,ASI,35,2026-07-14 20:01:51+00:00,92.0,83.0,,21.2275624,72.7899299,15.299999237060549,-0.78,-0.215,0.358,,0.0,0.0,0.0,,,,,0.0,0.0,31.0,-0.0021099999999982,-0.000663199999991,28.34,83.0,36.5,1
4045,SO-0501,ASI Nidhi Vaghela,ASI,35,2026-07-14 20:02:23+00:00,92.0,88.0,,21.2254946,72.7878444,15.299999237060549,-0.713,-0.019,0.99,,0.0,0.0,0.0,,,,,0.0,0.0,32.0,-0.0020677999999989,-0.0020855000000068,35.45,88.0,36.5,1
4049,SO-0501,ASI Nidhi Vaghela,ASI,35,2026-07-14 20:02:51+00:00,84.0,88.0,,21.2228456,72.7894716,15.39999771118164,-0.52,0.114,0.807,,0.0,0.0,0.0,,,,,0.0,0.0,28.0,-0.0026490000000016,0.0016272000000014,43.57,88.0,36.5,1
4054,SO-0501,ASI Nidhi Vaghela,ASI,35,2026-07-14 20:03:21+00:00,95.0,88.0,,21.2224904,72.7893897,14.799999237060549,-0.5,-0.196,0.903,,0.0,0.0,0.0,,,,,0.0,0.0,30.0,-0.0003551999999977,-8.189999999785869e-05,4.84,88.0,36.5,1
4058,SO-0501,ASI Nidhi Vaghela,ASI,35,2026-07-14 20:03:51+00:00,95.0,89.0,,21.2221702,72.7878889,14.699996948242188,-0.929,0.182,1.045,,0.0,0.0,0.0,,,,,0.0,0.0,30.0,-0.0003202000000008,-0.0015008000000023,19.13,89.0,36.5,1
4062,SO-0501,ASI Nidhi Vaghela,ASI,35,2026-07-14 20:04:21+00:00,83.0,87.0,,21.2219097,72.7869719,14.499996185302734,-0.915,-0.057,0.389,,0.0,0.0,0.0,,,,,0.0,0.0,30.0,-0.0002604999999995,-0.0009170000000011,11.91,87.0,36.5,1
4066,SO-0501,ASI Nidhi Vaghela,ASI,35,2026-07-14 20:04:50+00:00,91.0,88.0,,21.2199731,72.7867364,14.599998474121094,-0.814,0.061,1.042,,0.0,0.0,0.0,,,,,0.0,0.0,29.0,-0.0019366000000005,-0.0002355000000022,26.86,88.0,36.5,1
4073,SO-0501,ASI Nidhi Vaghela,ASI,35,2026-07-14 20:05:22+00:00,83.0,88.0,,21.2202522,72.7884717,15.39999771118164,-1.226,-0.893,0.672,,0.0,0.0,0.0,,,,,0.0,0.0,32.0,0.0002791000000001,0.0017353000000071,20.51,88.0,36.5,1
4075,SO-0501,ASI Nidhi Vaghela,ASI,35,2026-07-14 20:05:49+00:00,84.0,88.0,,21.2204085,72.7893931,15.999996185302734,-0.64,0.814,0.732,,0.0,0.0,0.0,,,,,0.0,0.0,27.0,0.0001563000000004,0.0009213999999957,12.93,88.0,36.5,1
4081,SO-0501,ASI Nidhi Vaghela,ASI,35,2026-07-14 20:06:21+00:00,83.0,76.0,,21.2201072,72.7897053,14.799999237060549,-0.903,0.045,0.66,,0.0,0.0,0.0,,,,,0.0,0.0,32.0,-0.0003013000000002,0.0003121999999962,5.23,76.0,36.5,1
4086,SO-0501,ASI Nidhi Vaghela,ASI,35,2026-07-14 20:06:51+00:00,92.0,88.0,,21.2203553,72.7899396,14.799999237060549,-0.028,0.912,-0.13,,0.0,0.0,0.0,,,,,0.0,0.0,30.0,0.0002481000000003,0.0002343000000024,4.4,88.0,36.5,2
4092,SO-0501,ASI Nidhi Vaghela,ASI,35,2026-07-14 20:07:24+00:00,88.0,87.0,,21.2203261,72.7896263,14.799999237060549,-0.893,0.362,0.383,,0.0,0.0,0.0,,,,,0.0,0.0,33.0,-2.920000000017353e-05,-0.0003133000000019,3.56,87.0,36.5,0
4096,SO-0501,ASI Nidhi Vaghela,ASI,35,2026-07-14 20:07:52+00:00,83.0,88.0,,21.2203646,72.789959,14.799999237060549,-0.638,0.045,0.857,,0.0,0.0,0.0,,,,,0.0,0.0,28.0,3.8499999998720114e-05,0.0003327000000012,4.46,88.0,36.5,0
4101,SO-0501,ASI Nidhi Vaghela,ASI,35,2026-07-14 20:08:22+00:00,83.0,87.0,,21.2201819,72.7898796,14.799999237060549,-0.758,0.469,0.652,,0.0,0.0,0.0,,,,,0.0,0.0,30.0,-0.0001826999999998,-7.939999998995972e-05,2.63,87.0,36.5,0
4106,SO-0501,ASI Nidhi Vaghela,ASI,35,2026-07-14 20:08:52+00:00,88.0,88.0,,21.2204189,72.7899611,14.799999237060549,-0.474,0.524,0.793,,0.0,0.0,0.0,,,,,0.0,0.0,30.0,0.0002369999999984,8.149999999318425e-05,3.32,88.0,36.5,0
4111,SO-0501,ASI Nidhi Vaghela,ASI,35,2026-07-14 20:09:22+00:00,81.0,88.0,,21.2203106,72.789604,14.599998474121094,-0.809,-0.529,-0.147,,0.0,0.0,0.0,,,,,0.0,0.0,30.0,-0.0001082999999972,-0.0003571000000022,4.66,88.0,36.5,1
4117,SO-0501,ASI Nidhi Vaghela,ASI,35,2026-07-14 20:09:54+00:00,81.0,88.0,,21.2210413,72.7900605,14.599998474121094,-0.548,0.289,0.883,,0.0,0.0,0.0,,,,,0.0,0.0,32.0,0.0007306999999983,0.0004564999999985,10.56,88.0,36.5,1
4122,SO-0501,ASI Nidhi Vaghela,ASI,35,2026-07-14 20:10:24+00:00,81.0,88.0,,21.2204391,72.7899795,14.799999237060549,-0.207,0.448,0.958,,0.0,0.0,0.0,,,,,0.0,0.0,30.0,-0.0006021999999994,-8.099999999444663e-05,8.08,88.0,36.5,1
4127,SO-0501,ASI Nidhi Vaghela,ASI,35,2026-07-14 20:10:52+00:00,90.0,86.0,,21.2204328,72.7899799,14.799999237060549,-0.692,-0.368,0.696,,0.0,0.0,0.0,,,,,0.0,0.0,28.0,-6.2999999990154265e-06,4.0000000467443897e-07,0.09,86.0,36.5,0
4132,SO-0501,ASI Nidhi Vaghela,ASI,35,2026-07-14 20:11:23+00:00,83.0,66.0,,21.2202303,72.7899128,14.799999237060549,-0.425,0.336,0.956,,0.0,0.0,0.0,,,,,0.0,0.0,31.0,-0.0002025000000003,-6.710000000964556e-05,2.73,66.0,36.5,0
4136,SO-0501,ASI Nidhi Vaghela,ASI,35,2026-07-14 20:11:53+00:00,99.0,88.0,,21.2203047,72.7896059,14.599998474121094,-0.363,-0.084,1.008,,0.0,0.0,0.0,,,,,0.0,0.0,30.0,7.43999999990308e-05,-0.0003068999999982,3.94,88.0,36.5,2
4141,SO-0501,ASI Nidhi Vaghela,ASI,35,2026-07-14 20:12:22+00:00,82.0,72.0,,21.2203635,72.7899318,14.799999237060549,-1.006,0.011,0.077,,0.0,0.0,0.0,,,,,0.0,0.0,29.0,5.880000000146879e-05,0.000325900000007,4.27,72.0,36.5,0
4146,SO-0501,ASI Nidhi Vaghela,ASI,35,2026-07-14 20:12:52+00:00,85.0,88.0,,21.2200921,72.7897379,14.89999771118164,-1.001,0.122,0.132,,0.0,0.0,0.0,,,,,0.0,0.0,30.0,-0.0002714000000025,-0.0001938999999993,4.34,88.0,36.5,0
4151,SO-0501,ASI Nidhi Vaghela,ASI,35,2026-07-14 20:13:22+00:00,83.0,86.0,,21.220439,72.7899794,15.599998474121094,-0.966,0.229,0.037,,0.0,0.0,0.0,,,,,0.0,0.0,30.0,0.0003469000000002,0.0002415000000013,5.51,86.0,36.5,1
4156,SO-0501,ASI Nidhi Vaghela,ASI,35,2026-07-14 20:13:52+00:00,98.0,88.0,,21.2204171,72.7899653,14.799999237060549,-0.902,-0.316,-0.335,,0.0,0.0,0.0,,,,,0.0,0.0,30.0,-2.190000000013015e-05,-1.4100000001349144e-05,0.34,88.0,36.5,2
4161,SO-0501,ASI Nidhi Vaghela,ASI,35,2026-07-14 20:14:22+00:00,98.0,88.0,,21.2200669,72.7896559,15.599998474121094,-0.783,-0.561,-0.104,,0.0,0.0,0.0,,,,,0.0,0.0,30.0,-0.0003501999999997,-0.0003094000000061,6.04,88.0,36.5,1
4167,SO-0501,ASI Nidhi Vaghela,ASI,35,2026-07-14 20:14:55+00:00,80.0,88.0,,21.2210413,72.7900605,15.599998474121094,-1.059,0.405,-0.387,,0.0,0.0,0.0,,,,,0.0,0.0,33.0,0.0009744000000004,0.0004045999999959,12.65,88.0,36.5,1
4171,SO-0501,ASI Nidhi Vaghela,ASI,35,2026-07-14 20:15:22+00:00,80.0,71.0,,21.220072,72.7897877,14.799999237060549,-1.065,0.275,-0.015,,0.0,0.0,0.0,,,,,0.0,0.0,27.0,-0.0009693000000012,-0.0002727999999905,14.83,71.0,36.5,1
4177,SO-0501,ASI Nidhi Vaghela,ASI,35,2026-07-14 20:15:53+00:00,85.0,88.0,,21.2201228,72.789676,14.599998474121094,-0.661,0.661,0.274,,0.0,0.0,0.0,,,,,0.0,0.0,31.0,5.0800000000350565e-05,-0.000111700000005,1.49,88.0,36.5,0
4182,SO-0501,ASI Nidhi Vaghela,ASI,35,2026-07-14 20:16:24+00:00,91.0,85.0,,21.2202277,72.7896378,14.799999237060549,-0.415,0.474,0.234,,0.0,0.0,0.0,,,,,0.0,0.0,31.0,0.0001049000000001,-3.8200000005872425e-05,1.43,85.0,36.5,2
4186,SO-0501,ASI Nidhi Vaghela,ASI,35,2026-07-14 20:16:54+00:00,86.0,88.0,,21.2207516,72.7901532,15.099998474121094,-0.674,0.104,0.694,,0.0,0.0,0.0,,,,,0.0,0.0,30.0,0.000523900000001,0.0005154000000118,9.47,88.0,36.5,1
4190,SO-0501,ASI Nidhi Vaghela,ASI,35,2026-07-14 20:17:24+00:00,82.0,85.0,,21.2216615,72.7897099,14.89999771118164,-0.389,0.73,0.807,,0.0,0.0,0.0,,,,,0.0,0.0,30.0,0.0009098999999999,-0.0004433000000005,13.31,85.0,36.5,1
4195,SO-0501,ASI Nidhi Vaghela,ASI,35,2026-07-14 20:17:54+00:00,82.0,82.0,,21.2226967,72.7895813,14.89999771118164,-0.682,0.571,0.959,,0.0,0.0,0.0,,,,,0.0,0.0,30.0,0.0010352000000004,-0.0001286000000106,13.88,82.0,36.5,1
4200,SO-0501,ASI Nidhi Vaghela,ASI,35,2026-07-14 20:18:24+00:00,100.0,87.0,,21.2241954,72.7893614,15.39999771118164,-0.561,1.467,1.559,,0.0,0.0,0.0,,,,,0.0,0.0,30.0,0.001498699999999,-0.0002198999999905,20.15,87.0,36.5,1
4205,SO-0501,ASI Nidhi Vaghela,ASI,35,2026-07-14 20:18:56+00:00,100.0,88.0,,21.2258347,72.7900221,13.39999771118164,-0.462,0.65,0.71,,0.0,0.0,0.0,,,,,0.0,0.0,32.0,0.0016393000000007,0.0006606999999974,21.87,88.0,36.5,1
4210,SO-0501,ASI Nidhi Vaghela,ASI,35,2026-07-14 20:19:26+00:00,91.0,87.0,,21.2277219,72.7898584,15.39999771118164,-1.162,0.6,1.341,,0.0,0.0,0.0,,,,,0.0,0.0,30.0,0.0018871999999987,-0.0001637000000016,25.22,87.0,36.5,1
4215,SO-0501,ASI Nidhi Vaghela,ASI,35,2026-07-14 20:19:57+00:00,91.0,88.0,,21.2293738,72.7902772,15.39999771118164,-0.555,0.337,1.177,,0.0,0.0,0.0,,,,,0.0,0.0,31.0,0.0016519000000023,0.0004188000000056,21.88,88.0,36.5,1
4220,SO-0501,ASI Nidhi Vaghela,ASI,35,2026-07-14 20:20:26+00:00,91.0,88.0,,21.2313583,72.7905178,15.39999771118164,-0.799,0.05,0.944,,0.0,0.0,0.0,,,,,0.0,0.0,29.0,0.0019844999999989,0.0002405999999979,27.52,88.0,36.5,1
4226,SO-0501,ASI Nidhi Vaghela,ASI,35,2026-07-14 20:20:57+00:00,99.0,88.0,,21.2336912,72.7898055,16.499998092651367,-0.502,0.529,0.731,,0.0,0.0,0.0,,,,,0.0,0.0,31.0,0.0023328999999989,-0.0007123000000035,31.27,88.0,36.5,1
4231,SO-0501,ASI Nidhi Vaghela,ASI,35,2026-07-14 20:21:28+00:00,99.0,88.0,,21.235486,72.7895355,16.69999885559082,-0.494,0.67,1.198,,0.0,0.0,0.0,,,,,0.0,0.0,31.0,0.0017948000000025,-0.0002700000000004,23.36,88.0,36.5,1
4237,SO-0501,ASI Nidhi Vaghela,ASI,35,2026-07-14 20:21:59+00:00,99.0,88.0,,21.2369755,72.7890363,17.700000762939453,-0.461,0.253,1.128,,0.0,0.0,0.0,,,,,0.0,0.0,31.0,0.0014894999999981,-0.000499199999993,20.12,88.0,36.5,1
4242,SO-0501,ASI Nidhi Vaghela,ASI,35,2026-07-14 20:22:29+00:00,99.0,87.0,,21.2389396,72.7884569,17.700000762939453,-0.462,0.401,0.638,,0.0,0.0,0.0,,,,,0.0,0.0,30.0,0.0019640999999985,-0.0005794000000065,27.13,87.0,36.5,1
4247,SO-0501,ASI Nidhi Vaghela,ASI,35,2026-07-14 20:22:59+00:00,99.0,86.0,,21.2419125,72.7880897,18.399999618530273,-0.535,0.388,0.81,,0.0,0.0,0.0,,,,,0.0,0.0,30.0,0.0029729000000031,-0.0003671999999994,39.86,86.0,36.5,1
4252,SO-0501,ASI Nidhi Vaghela,ASI,35,2026-07-14 20:23:30+00:00,99.0,88.0,,21.2428797,72.7868173,17.700000762939453,-0.334,0.111,0.91,,0.0,0.0,0.0,,,,,0.0,0.0,31.0,0.000967199999998,-0.0012724000000048,19.73,88.0,36.5,1
4257,SO-0501,ASI Nidhi Vaghela,ASI,35,2026-07-14 20:24:01+00:00,99.0,88.0,,21.2457663,72.7859983,17.700000762939453,-0.412,0.437,0.697,,0.0,0.0,0.0,,,,,0.0,0.0,31.0,0.0028866,-0.0008189999999927,38.49,88.0,36.5,1
4262,SO-0501,ASI Nidhi Vaghela,ASI,35,2026-07-14 20:24:33+00:00,99.0,89.0,,21.248172,72.7852801,17.799999237060547,-0.593,0.603,1.002,,0.0,0.0,0.0,,,,,0.0,0.0,32.0,0.0024057000000006,-0.0007182000000085,31.18,89.0,36.5,1
4267,SO-0501,ASI Nidhi Vaghela,ASI,35,2026-07-14 20:25:04+00:00,88.0,88.0,,21.2495626,72.7845705,18.5,-0.499,0.2,0.933,,0.0,0.0,0.0,,,,,0.0,0.0,31.0,0.0013906000000005,-0.0007095999999933,19.85,88.0,36.5,1
4272,SO-0501,ASI Nidhi Vaghela,ASI,35,2026-07-14 20:25:33+00:00,86.0,88.0,,21.2538556,72.7830925,18.399999618530273,-0.291,-0.917,0.338,,0.0,0.0,0.0,,,,,0.0,0.0,29.0,0.0042930000000005,-0.0014780000000058,62.13,88.0,36.5,1
4277,SO-0501,ASI Nidhi Vaghela,ASI,35,2026-07-14 20:26:01+00:00,86.0,87.0,,21.2575251,72.7816264,17.700000762939453,-0.365,0.71,-0.037,,0.0,0.0,0.0,,,,,0.0,0.0,28.0,0.0036694999999973,-0.0014661000000018,55.89,87.0,36.5,1
4282,SO-0501,ASI Nidhi Vaghela,ASI,35,2026-07-14 20:26:33+00:00,91.0,88.0,,21.2578819,72.7814605,17.700000762939453,-0.663,0.169,0.939,,0.0,0.0,0.0,,,,,0.0,0.0,32.0,0.0003568000000022,-0.0001658999999989,4.86,88.0,36.5,1
4287,SO-0501,ASI Nidhi Vaghela,ASI,35,2026-07-14 20:27:03+00:00,83.0,88.0,,21.2614092,72.7795299,17.600000381469727,-0.841,-0.098,0.934,,0.0,0.0,0.0,,,,,0.0,0.0,30.0,0.0035272999999982,-0.0019305999999943,52.75,88.0,36.5,1
4292,SO-0501,ASI Nidhi Vaghela,ASI,35,2026-07-14 20:27:34+00:00,89.0,85.0,,21.2626964,72.7795464,18.899999618530273,-0.436,0.303,0.746,,0.0,0.0,0.0,,,,,0.0,0.0,31.0,0.0012872000000001,1.650000000097407e-05,16.59,85.0,36.5,1
4298,SO-0501,ASI Nidhi Vaghela,ASI,35,2026-07-14 20:28:05+00:00,89.0,88.0,,21.2621584,72.780547,17.30000114440918,-0.584,0.249,0.547,,0.0,0.0,0.0,,,,,0.0,0.0,31.0,-0.0005379999999988,0.0010005999999975,13.89,88.0,36.5,1
4303,SO-0501,ASI Nidhi Vaghela,ASI,35,2026-07-14 20:28:36+00:00,89.0,88.0,,21.2613131,72.7808393,18.0,-0.371,0.285,1.002,,0.0,0.0,0.0,,,,,0.0,0.0,31.0,-0.0008453000000017,0.0002922999999981,11.45,88.0,36.5,1
4308,SO-0501,ASI Nidhi Vaghela,ASI,35,2026-07-14 20:29:06+00:00,89.0,79.0,,21.261347,72.780927,19.399999618530273,-0.906,0.491,-0.05,,0.0,0.0,0.0,,,,,0.0,0.0,30.0,3.3900000001807484e-05,8.770000000879463e-05,1.18,79.0,36.5,0
4313,SO-0501,ASI Nidhi Vaghela,ASI,35,2026-07-14 20:29:38+00:00,84.0,86.0,,21.2613328,72.7808981,19.399999618530273,-1.156,0.447,-0.023,,0.0,0.0,0.0,,,,,0.0,0.0,32.0,-1.419999999896504e-05,-2.890000000377313e-05,0.38,86.0,36.5,0
4318,SO-0501,ASI Nidhi Vaghela,ASI,35,2026-07-14 20:30:10+00:00,88.0,88.0,,21.2616208,72.7809131,19.399999618530273,-0.875,0.036,-0.477,,0.0,0.0,0.0,,,,,0.0,0.0,32.0,0.0002879999999976,1.5000000004761205e-05,3.6,88.0,36.5,0
4323,SO-0501,ASI Nidhi Vaghela,ASI,35,2026-07-14 20:30:40+00:00,88.0,82.0,,21.2615713,72.7808929,19.399999618530273,-0.986,-0.102,0.321,,0.0,0.0,0.0,,,,,0.0,0.0,30.0,-4.949999999936949e-05,-2.0200000008685493e-05,0.71,82.0,36.5,0
4328,SO-0501,ASI Nidhi Vaghela,ASI,35,2026-07-14 20:31:10+00:00,89.0,84.0,,21.2613475,72.780929,19.399999618530273,-0.859,0.685,-0.114,,0.0,0.0,0.0,,,,,0.0,0.0,30.0,-0.0002238000000005,3.61000000026479e-05,3.01,84.0,36.5,0
4333,SO-0501,ASI Nidhi Vaghela,ASI,35,2026-07-14 20:31:42+00:00,83.0,84.0,,21.261346,72.7809253,18.0,-0.647,0.548,-0.195,,0.0,0.0,0.0,,,,,0.0,0.0,32.0,-1.4999999997655775e-06,-3.699999993500569e-06,0.05,84.0,36.5,0
4338,SO-0501,ASI Nidhi Vaghela,ASI,35,2026-07-14 20:32:12+00:00,83.0,75.0,,21.2613509,72.7809288,19.399999618530273,-0.444,0.243,0.88,,0.0,0.0,0.0,,,,,0.0,0.0,30.0,4.9000000004184585e-06,3.4999999911633495e-06,0.08,75.0,36.5,0
4343,SO-0501,ASI Nidhi Vaghela,ASI,35,2026-07-14 20:32:42+00:00,80.0,87.0,,21.2613376,72.7809188,19.399999618530273,-0.565,1.021,0.177,,0.0,0.0,0.0,,,,,0.0,0.0,30.0,-1.3299999999105694e-05,-1.0000000003174137e-05,0.22,87.0,36.5,0
4348,SO-0501,ASI Nidhi Vaghela,ASI,35,2026-07-14 20:33:12+00:00,89.0,81.0,,21.2613482,72.7809293,19.399999618530273,-1.023,-0.677,-0.104,,0.0,0.0,0.0,,,,,0.0,0.0,30.0,1.0599999999527654e-05,1.0500000001911758e-05,0.19,81.0,36.5,0
4353,SO-0501,ASI Nidhi Vaghela,ASI,35,2026-07-14 20:33:44+00:00,82.0,88.0,,21.2573492,72.7823042,19.399999618530273,-0.125,0.993,0.232,,0.0,0.0,0.0,,,,,0.0,0.0,32.0,-0.0039990000000003,0.0013749000000018,52.44,88.0,36.5,1
4358,SO-0501,ASI Nidhi Vaghela,ASI,35,2026-07-14 20:34:14+00:00,82.0,88.0,,21.2613448,72.7809242,19.399999618530273,-0.56,0.765,0.368,,0.0,0.0,0.0,,,,,0.0,0.0,30.0,0.0039955999999996,-0.0013799999999974,55.91,88.0,36.5,1
4363,SO-0501,ASI Nidhi Vaghela,ASI,35,2026-07-14 20:34:42+00:00,89.0,88.0,,21.2613456,72.7809254,19.399999618530273,-0.114,0.407,-0.85,,0.0,0.0,0.0,,,,,0.0,0.0,28.0,7.999999986907369e-07,1.1999999998124622e-06,0.02,88.0,36.5,0
4368,SO-0501,ASI Nidhi Vaghela,ASI,35,2026-07-14 20:35:09+00:00,88.0,88.0,,21.2613472,72.7809268,19.399999618530273,0.01,0.142,1.08,,0.0,0.0,0.0,,,,,0.0,0.0,27.0,1.6000000009341877e-06,1.4000000021496817e-06,0.03,88.0,36.5,0
4373,SO-0501,ASI Nidhi Vaghela,ASI,35,2026-07-14 20:35:42+00:00,89.0,88.0,,21.2613472,72.7809268,19.399999618530273,0.01,0.027,1.084,,0.0,0.0,0.0,,,,,0.0,0.0,33.0,0.0,0.0,0.0,88.0,36.5,0
4378,SO-0501,ASI Nidhi Vaghela,ASI,35,2026-07-14 20:36:12+00:00,82.0,88.0,,21.261349,72.7809298,19.399999618530273,0.011,0.028,1.093,,0.0,0.0,0.0,,,,,0.0,0.0,30.0,1.7999999997186933e-06,2.999999992425728e-06,0.04,88.0,36.5,0
4383,SO-0501,ASI Nidhi Vaghela,ASI,35,2026-07-14 20:36:42+00:00,82.0,87.0,,21.2613479,72.7809298,19.399999618530273,0.002,-0.002,1.089,,0.0,0.0,0.0,,,,,0.0,0.0,30.0,-1.0999999986438525e-06,0.0,0.01,87.0,36.5,0
4388,SO-0501,ASI Nidhi Vaghela,ASI,35,2026-07-14 20:37:12+00:00,83.0,87.0,,21.2613476,72.7809296,19.399999618530273,0.001,0.0,1.093,,0.0,0.0,0.0,,,,,0.0,0.0,30.0,-2.999999999531156e-07,-2.0000000233721948e-07,0.0,87.0,36.5,0
4393,SO-0501,ASI Nidhi Vaghela,ASI,35,2026-07-14 20:37:44+00:00,82.0,,,21.2613476,72.7809296,19.399999618530273,0.001,0.0,1.093,,0.0,0.0,0.0,,,,,0.0,0.0,32.0,0.0,0.0,0.0,87.0,36.5,0
4398,SO-0501,ASI Nidhi Vaghela,ASI,35,2026-07-14 20:38:13+00:00,82.0,,,21.2613468,72.7809285,19.399999618530273,-0.001,0.004,1.089,,0.0,0.0,0.0,,,,,0.0,0.0,29.0,-8.000000022434506e-07,-1.099999991538425e-06,0.02,87.0,36.5,0
4403,SO-0501,ASI Nidhi Vaghela,ASI,35,2026-07-14 20:38:44+00:00,84.0,,,21.2613468,72.7809285,19.399999618530273,0.002,0.002,1.089,,0.0,0.0,0.0,,,,,0.0,0.0,31.0,0.0,0.0,0.0,87.0,36.5,0
4408,SO-0501,ASI Nidhi Vaghela,ASI,35,2026-07-14 20:39:14+00:00,82.0,,,21.261349,72.7809298,19.399999618530273,0.001,0.002,1.091,,0.0,0.0,0.0,,,,,0.0,0.0,30.0,2.2000000008404186e-06,1.2999999938756446e-06,0.03,87.0,36.5,0
4413,SO-0501,ASI Nidhi Vaghela,ASI,35,2026-07-14 20:39:42+00:00,84.0,,,21.2613476,72.7809296,19.399999618530273,-0.001,0.002,1.09,,0.0,0.0,0.0,,,,,0.0,0.0,28.0,-1.399999998596968e-06,-2.0000000233721948e-07,0.02,87.0,36.5,0
4418,SO-0501,ASI Nidhi Vaghela,ASI,35,2026-07-14 20:40:12+00:00,83.0,,,21.2613479,72.7809298,19.399999618530273,0.002,0.004,1.085,,0.0,0.0,0.0,,,,,0.0,0.0,30.0,2.999999999531156e-07,2.0000000233721948e-07,0.0,87.0,36.5,0
4423,SO-0501,ASI Nidhi Vaghela,ASI,35,2026-07-14 20:40:45+00:00,91.0,,,21.2613479,72.7809298,19.399999618530273,0.0,0.002,1.089,,0.0,0.0,0.0,,,,,0.0,0.0,33.0,0.0,0.0,0.0,87.0,36.5,2
4428,SO-0501,ASI Nidhi Vaghela,ASI,35,2026-07-14 20:41:14+00:00,85.0,,,21.2613476,72.7809296,19.399999618530273,0.001,0.0,1.092,,0.0,0.0,0.0,,,,,0.0,0.0,29.0,-2.999999999531156e-07,-2.0000000233721948e-07,0.0,87.0,36.5,0
4433,SO-0501,ASI Nidhi Vaghela,ASI,35,2026-07-14 20:41:42+00:00,83.0,,,21.2613476,72.7809296,19.399999618530273,-0.001,0.001,1.093,,0.0,0.0,0.0,,,,,0.0,0.0,28.0,0.0,0.0,0.0,87.0,36.5,0
4438,SO-0501,ASI Nidhi Vaghela,ASI,35,2026-07-14 20:42:12+00:00,82.0,,,21.2613472,72.7809292,19.399999618530273,0.001,0.0,1.091,,0.0,0.0,0.0,,,,,0.0,0.0,30.0,-4.000000011217253e-07,-3.9999999046358425e-07,0.01,87.0,36.5,0
4443,SO-0501,ASI Nidhi Vaghela,ASI,35,2026-07-14 20:42:43+00:00,85.0,,,21.2613487,72.78093,19.399999618530273,-0.002,-0.002,1.092,,0.0,0.0,0.0,,,,,0.0,0.0,31.0,1.4999999997655775e-06,7.999999951380232e-07,0.02,87.0,36.5,0
4448,SO-0501,ASI Nidhi Vaghela,ASI,35,2026-07-14 20:43:12+00:00,86.0,,,21.2613483,72.78093,19.399999618530273,0.0,0.002,1.093,,0.0,0.0,0.0,,,,,0.0,0.0,29.0,-3.999999975690116e-07,0.0,0.01,87.0,36.5,0
4453,SO-0501,ASI Nidhi Vaghela,ASI,35,2026-07-14 20:43:42+00:00,81.0,,,21.2613479,72.7809298,19.399999618530273,0.001,0.0,1.092,,0.0,0.0,0.0,,,,,0.0,0.0,30.0,-4.000000011217253e-07,-2.0000000233721948e-07,0.01,87.0,36.5,0
4458,SO-0501,ASI Nidhi Vaghela,ASI,35,2026-07-14 20:44:12+00:00,84.0,,,21.2613483,72.78093,19.399999618530273,-0.001,0.004,1.091,,0.0,0.0,0.0,,,,,0.0,0.0,30.0,4.000000011217253e-07,2.0000000233721948e-07,0.01,87.0,36.5,0
4463,SO-0501,ASI Nidhi Vaghela,ASI,35,2026-07-14 20:44:44+00:00,80.0,,,21.2613483,72.78093,19.399999618530273,-0.004,0.0,1.091,,0.0,0.0,0.0,,,,,0.0,0.0,32.0,0.0,0.0,0.0,87.0,36.5,0
4468,SO-0501,ASI Nidhi Vaghela,ASI,35,2026-07-14 20:45:12+00:00,83.0,,,21.2613472,72.7809292,19.399999618530273,-0.007,0.0,1.094,,0.0,0.0,0.0,,,,,0.0,0.0,28.0,-1.100000002196566e-06,-7.999999951380232e-07,0.02,87.0,36.5,0
4473,SO-0501,ASI Nidhi Vaghela,ASI,35,2026-07-14 20:45:42+00:00,86.0,88.0,,21.2613483,72.78093,19.399999618530273,0.003,0.009,1.089,,0.0,0.0,0.0,,,,,0.0,0.0,30.0,1.100000002196566e-06,7.999999951380232e-07,0.02,88.0,36.5,0
4478,SO-0501,ASI Nidhi Vaghela,ASI,35,2026-07-14 20:46:12+00:00,88.0,88.0,,21.2613483,72.78093,19.399999618530273,0.002,0.008,1.087,,0.0,0.0,0.0,,,,,0.0,0.0,30.0,0.0,0.0,0.0,88.0,36.5,0
4483,SO-0501,ASI Nidhi Vaghela,ASI,35,2026-07-14 20:46:42+00:00,81.0,,,21.2613483,72.78093,19.399999618530273,0.003,0.007,1.09,,0.0,0.0,0.0,,,,,0.0,0.0,30.0,0.0,0.0,0.0,88.0,36.5,0
4488,SO-0501,ASI Nidhi Vaghela,ASI,35,2026-07-14 20:47:12+00:00,82.0,88.0,,21.2613459,72.7809275,19.399999618530273,-0.006,-0.018,1.086,,0.0,0.0,0.0,,,,,0.0,0.0,30.0,-2.400000003177638e-06,-2.4999999936881068e-06,0.04,88.0,36.5,0
4493,SO-0501,ASI Nidhi Vaghela,ASI,35,2026-07-14 20:47:42+00:00,93.0,88.0,,21.2613469,72.7809292,19.399999618530273,-0.897,0.378,0.354,,0.0,0.0,0.0,,,,,0.0,0.0,30.0,1.0000000010279564e-06,1.6999999985500835e-06,0.02,88.0,36.5,2
4498,SO-0501,ASI Nidhi Vaghela,ASI,35,2026-07-14 20:48:14+00:00,83.0,88.0,,21.2613469,72.7809292,19.399999618530273,0.02,0.013,1.092,,0.0,0.0,0.0,,,,,0.0,0.0,32.0,0.0,0.0,0.0,88.0,36.5,0
4502,SO-0501,ASI Nidhi Vaghela,ASI,35,2026-07-14 20:48:43+00:00,88.0,,,21.2613467,72.7809277,19.399999618530273,-0.01,0.085,1.061,,0.0,0.0,0.0,,,,,0.0,0.0,29.0,-1.999999987845058e-07,-1.499999996212864e-06,0.02,88.0,36.5,0
7687,SO-0501,ASI Nidhi Vaghela,ASI,35,2026-07-15 11:27:57+00:00,86.0,87.0,,21.2633814,72.7832512,34.30000019073486,0.584,-1.081,-0.152,,0.0,0.0,0.0,,,,,0.0,0.0,52754.0,0.0020346999999993,0.0023234999999885,0.0,87.0,36.5,0
7693,SO-0501,ASI Nidhi Vaghela,ASI,35,2026-07-15 11:28:27+00:00,86.0,88.0,,21.2627495,72.7827926,19.600000381469727,0.535,0.799,-0.347,,0.0,0.0,0.0,,,,,0.0,0.0,30.0,-0.0006318999999983,-0.0004586000000017,10.16,88.0,36.5,1
7699,SO-0501,ASI Nidhi Vaghela,ASI,35,2026-07-15 11:28:56+00:00,84.0,85.0,,21.263172,72.7824758,18.700000762939453,0.458,0.847,0.235,,0.0,0.0,0.0,,,,,0.0,0.0,29.0,0.0004224999999991,-0.0003167999999931,7.1,85.0,36.5,1
7706,SO-0501,ASI Nidhi Vaghela,ASI,35,2026-07-15 11:29:27+00:00,82.0,83.0,,21.2632304,72.7831344,19.600000381469727,0.574,-0.793,0.348,,0.0,0.0,0.0,,,,,0.0,0.0,31.0,5.840000000034706e-05,0.0006585999999941,7.95,83.0,36.5,1
7713,SO-0501,ASI Nidhi Vaghela,ASI,35,2026-07-15 11:29:56+00:00,82.0,82.0,,21.2633589,72.7826002,18.700000762939453,0.397,-0.741,0.067,,0.0,0.0,0.0,,,,,0.0,0.0,29.0,0.0001284999999988,-0.0005341999999899,7.09,82.0,36.5,1
7719,SO-0501,ASI Nidhi Vaghela,ASI,35,2026-07-15 11:30:26+00:00,85.0,86.0,,21.2631101,72.78278,19.600000381469727,0.366,-0.64,0.407,,0.0,0.0,0.0,,,,,0.0,0.0,30.0,-0.0002488000000013,0.0001797999999979,4.0,86.0,36.5,0
7727,SO-0501,ASI Nidhi Vaghela,ASI,35,2026-07-15 11:30:56+00:00,85.0,85.0,,21.2630551,72.7825038,19.600000381469727,0.221,-0.805,0.336,,0.0,0.0,0.0,,,,,0.0,0.0,30.0,-5.499999999969418e-05,-0.0002762000000018,3.51,85.0,36.5,0
7733,SO-0501,ASI Nidhi Vaghela,ASI,35,2026-07-15 11:31:26+00:00,85.0,66.0,,21.2625144,72.7829375,19.600000381469727,0.731,-0.368,0.272,,0.0,0.0,0.0,,,,,0.0,0.0,30.0,-0.0005406999999983,0.000433700000002,8.99,66.0,36.5,1
7738,SO-0501,ASI Nidhi Vaghela,ASI,35,2026-07-15 11:31:56+00:00,85.0,76.0,,21.2613796,72.7808343,19.399999618530273,0.196,-0.907,0.23,,0.0,0.0,0.0,,,,,0.0,0.0,30.0,-0.0011347999999991,-0.0021032000000076,30.18,76.0,36.5,1
7744,SO-0501,ASI Nidhi Vaghela,ASI,35,2026-07-15 11:32:26+00:00,85.0,76.0,,21.2618465,72.7808632,19.399999618530273,0.581,-0.816,0.048,,0.0,0.0,0.0,,,,,0.0,0.0,30.0,0.0004668999999992,2.890000000377313e-05,6.23,76.0,36.5,1
7749,SO-0501,ASI Nidhi Vaghela,ASI,35,2026-07-15 11:32:56+00:00,85.0,86.0,,21.2624125,72.7830306,19.600000381469727,0.596,-0.732,0.36,,0.0,0.0,0.0,,,,,0.0,0.0,30.0,0.0005659999999991,0.0021674000000047,27.96,86.0,36.5,1
7754,SO-0501,ASI Nidhi Vaghela,ASI,35,2026-07-15 11:33:26+00:00,85.0,86.0,,21.2619077,72.7804489,19.600000381469727,0.761,0.076,1.116,,0.0,0.0,0.0,,,,,0.0,0.0,30.0,-0.0005048000000016,-0.0025817000000074,32.77,86.0,36.5,1
7759,SO-0501,ASI Nidhi Vaghela,ASI,35,2026-07-15 11:33:56+00:00,85.0,88.0,,21.262756,72.7797791,18.700000762939453,0.55,-0.052,0.898,,0.0,0.0,0.0,,,,,0.0,0.0,30.0,0.0008483000000012,-0.0006697999999971,14.03,88.0,36.5,1
7765,SO-0501,ASI Nidhi Vaghela,ASI,35,2026-07-15 11:34:25+00:00,82.0,86.0,,21.2625548,72.779246,18.700000762939453,1.106,0.071,0.73,,0.0,0.0,0.0,,,,,0.0,0.0,29.0,-0.0002011999999993,-0.0005330999999983,7.39,86.0,36.5,1
7771,SO-0501,ASI Nidhi Vaghela,ASI,35,2026-07-15 11:34:56+00:00,82.0,84.0,,21.2626186,72.7794585,18.600000381469727,0.891,0.085,-0.324,,0.0,0.0,0.0,,,,,0.0,0.0,31.0,6.379999999950314e-05,0.0002125000000035,2.68,84.0,36.5,0
7777,SO-0501,ASI Nidhi Vaghela,ASI,35,2026-07-15 11:35:26+00:00,82.0,85.0,,21.2618451,72.7790275,19.600000381469727,1.001,0.215,-0.07,,0.0,0.0,0.0,,,,,0.0,0.0,30.0,-0.000773500000001,-0.000431000000006,11.61,85.0,36.5,1
7782,SO-0501,ASI Nidhi Vaghela,ASI,35,2026-07-15 11:35:56+00:00,91.0,88.0,,21.2625046,72.7794502,18.899999618530273,0.284,-0.941,0.236,,0.0,0.0,0.0,,,,,0.0,0.0,30.0,0.0006595000000011,0.0004227000000014,10.23,88.0,36.5,1
7787,SO-0501,ASI Nidhi Vaghela,ASI,35,2026-07-15 11:36:26+00:00,91.0,88.0,,21.2626082,72.7794467,18.600000381469727,0.917,0.109,-0.28,,0.0,0.0,0.0,,,,,0.0,0.0,30.0,0.0001035999999992,-3.500000005374204e-06,1.38,88.0,36.5,2
7793,SO-0501,ASI Nidhi Vaghela,ASI,35,2026-07-15 11:36:56+00:00,91.0,87.0,,21.2623284,72.7793037,18.700000762939453,0.474,-0.825,-0.318,,0.0,0.0,0.0,,,,,0.0,0.0,30.0,-0.0002797999999977,-0.0001429999999942,4.13,87.0,36.5,2
7798,SO-0501,ASI Nidhi Vaghela,ASI,35,2026-07-15 11:37:26+00:00,91.0,88.0,,21.2620478,72.7790469,18.700000762939453,0.498,-0.09,0.942,,0.0,0.0,0.0,,,,,0.0,0.0,30.0,-0.0002805999999999,-0.0002568000000024,4.91,88.0,36.5,1
7804,SO-0501,ASI Nidhi Vaghela,ASI,35,2026-07-15 11:37:56+00:00,91.0,87.0,,21.2619821,72.7789688,19.299999237060547,0.958,-0.338,-0.2,,0.0,0.0,0.0,,,,,0.0,0.0,30.0,-6.570000000039045e-05,-7.809999999608408e-05,1.31,87.0,36.5,2
7810,SO-0501,ASI Nidhi Vaghela,ASI,35,2026-07-15 11:38:26+00:00,82.0,88.0,,21.2626549,72.7794432,18.700000762939453,0.253,-0.967,0.149,,0.0,0.0,0.0,,,,,0.0,0.0,30.0,0.0006728000000002,0.0004744000000016,10.73,88.0,36.5,1
7816,SO-0501,ASI Nidhi Vaghela,ASI,35,2026-07-15 11:38:56+00:00,84.0,87.0,,21.2626407,72.7794299,18.899999618530273,0.295,-0.98,-0.002,,0.0,0.0,0.0,,,,,0.0,0.0,30.0,-1.4200000002517754e-05,-1.330000000621112e-05,0.25,87.0,36.5,0
7822,SO-0501,ASI Nidhi Vaghela,ASI,35,2026-07-15 11:39:26+00:00,82.0,86.0,,21.2619722,72.7790899,19.299999237060547,0.812,0.035,-0.492,,0.0,0.0,0.0,,,,,0.0,0.0,30.0,-0.0006684999999997,-0.0003399999999942,9.86,86.0,36.5,1
7828,SO-0501,ASI Nidhi Vaghela,ASI,35,2026-07-15 11:39:55+00:00,93.0,65.0,,21.2626555,72.7793723,19.299999237060547,0.925,0.032,-0.241,,0.0,0.0,0.0,,,,,0.0,0.0,29.0,0.0006833000000021,0.0002824000000032,10.09,65.0,36.5,1
7834,SO-0501,ASI Nidhi Vaghela,ASI,35,2026-07-15 11:40:25+00:00,85.0,80.0,,21.262563,72.7792133,18.899999618530273,0.12,0.291,0.583,,0.0,0.0,0.0,,,,,0.0,0.0,30.0,-9.250000000093904e-05,-0.0001590000000106,2.33,80.0,36.5,0
7840,SO-0501,ASI Nidhi Vaghela,ASI,35,2026-07-15 11:40:55+00:00,83.0,88.0,,21.2646203,72.7779717,19.299999237060547,0.745,0.649,-0.093,,0.0,0.0,0.0,,,,,0.0,0.0,30.0,0.0020573000000005,-0.0012416000000001,31.45,88.0,36.5,1
7847,SO-0501,ASI Nidhi Vaghela,ASI,35,2026-07-15 11:41:25+00:00,83.0,88.0,,21.2678295,72.7764773,18.899999618530273,0.765,0.585,-0.174,,0.0,0.0,0.0,,,,,0.0,0.0,30.0,0.0032092000000005,-0.0014943999999985,46.6,88.0,36.5,1
7854,SO-0501,ASI Nidhi Vaghela,ASI,35,2026-07-15 11:41:55+00:00,89.0,88.0,,21.2714986,72.7748168,17.700000762939453,0.8,0.55,-0.082,,0.0,0.0,0.0,,,,,0.0,0.0,30.0,0.0036690999999997,-0.0016604999999998,53.05,88.0,36.5,1
7862,SO-0501,ASI Nidhi Vaghela,ASI,35,2026-07-15 11:42:26+00:00,83.0,88.0,,21.2748583,72.7732403,19.899999618530273,0.776,0.629,-0.095,,0.0,0.0,0.0,,,,,0.0,0.0,31.0,0.0033597000000007,-0.0015764999999987,47.27,88.0,36.5,1
7868,SO-0501,ASI Nidhi Vaghela,ASI,35,2026-07-15 11:42:55+00:00,82.0,88.0,,21.2780041,72.7717542,19.899999618530273,0.756,0.64,-0.178,,0.0,0.0,0.0,,,,,0.0,0.0,29.0,0.0031457999999986,-0.0014860999999939,47.37,88.0,36.5,1
7875,SO-0501,ASI Nidhi Vaghela,ASI,35,2026-07-15 11:43:26+00:00,82.0,88.0,,21.2798511,72.7711154,18.100000381469727,0.645,0.587,-0.197,,0.0,0.0,0.0,,,,,0.0,0.0,31.0,0.0018469999999979,-0.0006388000000043,25.02,88.0,36.5,1
7882,SO-0501,ASI Nidhi Vaghela,ASI,35,2026-07-15 11:43:56+00:00,88.0,88.0,,21.283243,72.7703209,18.100000381469727,1.059,0.062,0.496,,0.0,0.0,0.0,,,,,0.0,0.0,30.0,0.0033919000000004,-0.0007944999999978,46.25,88.0,36.5,1
7887,SO-0501,ASI Nidhi Vaghela,ASI,35,2026-07-15 11:44:26+00:00,83.0,88.0,,21.2872879,72.7655589,17.700000762939453,0.605,-0.167,0.859,,0.0,0.0,0.0,,,,,0.0,0.0,30.0,0.0040449000000002,-0.0047619999999994,80.02,88.0,36.5,1
7894,SO-0501,ASI Nidhi Vaghela,ASI,35,2026-07-15 11:44:55+00:00,89.0,88.0,,21.2916152,72.7653602,17.700000762939453,0.393,-0.667,0.468,,0.0,0.0,0.0,,,,,0.0,0.0,29.0,0.0043272999999999,-0.0001986999999985,59.68,88.0,36.5,1
7900,SO-0501,ASI Nidhi Vaghela,ASI,35,2026-07-15 11:45:25+00:00,82.0,88.0,,21.295138,72.7637888,18.0,0.423,-0.011,0.949,,0.0,0.0,0.0,,,,,0.0,0.0,30.0,0.0035228000000024,-0.0015714000000031,50.82,88.0,36.5,1
7906,SO-0501,ASI Nidhi Vaghela,ASI,35,2026-07-15 11:45:55+00:00,86.0,88.0,,21.2981654,72.7622641,16.999998092651367,0.844,0.284,-0.051,,0.0,0.0,0.0,,,,,0.0,0.0,30.0,0.003027399999997,-0.0015247000000044,44.55,88.0,36.5,1
7912,SO-0501,ASI Nidhi Vaghela,ASI,35,2026-07-15 11:46:25+00:00,98.0,88.0,,21.3009734,72.7609318,17.700000762939453,0.489,-0.192,1.021,,0.0,0.0,0.0,,,,,0.0,0.0,30.0,0.0028080000000016,-0.0013323000000013,40.9,88.0,36.5,1
7918,SO-0501,ASI Nidhi Vaghela,ASI,35,2026-07-15 11:46:55+00:00,88.0,88.0,,21.3041775,72.7596287,19.899999618530273,0.523,-0.116,0.998,,0.0,0.0,0.0,,,,,0.0,0.0,30.0,0.0032041000000013,-0.0013031000000012,45.65,88.0,36.5,1
7924,SO-0501,ASI Nidhi Vaghela,ASI,35,2026-07-15 11:47:25+00:00,81.0,88.0,,21.3087326,72.7576272,17.799999237060547,0.652,-0.16,0.776,,0.0,0.0,0.0,,,,,0.0,0.0,30.0,0.0045550999999974,-0.0020014999999915,65.57,88.0,36.5,1
7930,SO-0501,ASI Nidhi Vaghela,ASI,35,2026-07-15 11:47:56+00:00,86.0,88.0,,21.3149806,72.757757,15.299999237060549,0.477,-0.377,0.964,,0.0,0.0,0.0,,,,,0.0,0.0,31.0,0.0062479999999993,0.0001297999999962,80.55,88.0,36.5,1
7936,SO-0501,ASI Nidhi Vaghela,ASI,35,2026-07-15 11:48:25+00:00,93.0,85.0,,21.3172257,72.7545344,15.299999237060549,0.535,-0.191,0.949,,0.0,0.0,0.0,,,,,0.0,0.0,29.0,0.0022451000000032,-0.0032226000000008,51.69,85.0,36.5,1
7943,SO-0501,ASI Nidhi Vaghela,ASI,35,2026-07-15 11:48:55+00:00,85.0,83.0,,21.3217741,72.7539139,17.100000381469727,0.299,-0.177,1.041,,0.0,0.0,0.0,,,,,0.0,0.0,30.0,0.0045483999999973,-0.0006204999999965,61.07,83.0,36.5,1
7949,SO-0501,ASI Nidhi Vaghela,ASI,35,2026-07-15 11:49:24+00:00,95.0,88.0,,21.3242828,72.7532184,17.799999237060547,0.444,-0.24,0.966,,0.0,0.0,0.0,,,,,0.0,0.0,29.0,0.0025086999999999,-0.0006955000000061,35.7,88.0,36.5,1
7955,SO-0501,ASI Nidhi Vaghela,ASI,35,2026-07-15 11:49:54+00:00,87.0,80.0,,21.3242891,72.7532411,15.699996948242188,0.613,-0.147,-0.881,,0.0,0.0,0.0,,,,,0.0,0.0,30.0,6.30000000256814e-06,2.27000000023736e-05,0.29,80.0,36.5,0
7962,SO-0501,ASI Nidhi Vaghela,ASI,35,2026-07-15 11:50:24+00:00,87.0,63.0,,21.3242713,72.7531252,15.699996948242188,0.722,-0.51,-0.303,,0.0,0.0,0.0,,,,,0.0,0.0,30.0,-1.780000000195514e-05,-0.0001158999999972,1.46,63.0,36.5,0
7968,SO-0501,ASI Nidhi Vaghela,ASI,35,2026-07-15 11:50:56+00:00,87.0,63.0,,21.3242129,72.7528917,15.699996948242188,0.653,-0.053,0.396,,0.0,0.0,0.0,,,,,0.0,0.0,32.0,-5.840000000034706e-05,-0.0002334999999931,2.82,63.0,36.5,0
7975,SO-0501,ASI Nidhi Vaghela,ASI,35,2026-07-15 11:51:26+00:00,87.0,88.0,,21.3242113,72.7528912,15.699996948242188,1.053,0.24,0.375,,0.0,0.0,0.0,,,,,0.0,0.0,30.0,-1.5999999973814738e-06,-5.000000129484761e-07,0.02,88.0,36.5,0
7981,SO-0501,ASI Nidhi Vaghela,ASI,35,2026-07-15 11:51:56+00:00,93.0,88.0,,21.3242117,72.7528914,15.699996948242188,1.755,-0.94,2.0,,0.0,0.0,0.0,,,,,0.0,0.0,30.0,3.999999975690116e-07,2.0000000233721948e-07,0.01,88.0,36.5,1
7989,SO-0501,ASI Nidhi Vaghela,ASI,35,2026-07-15 11:52:26+00:00,93.0,88.0,,21.3242111,72.7528911,15.699996948242188,0.75,-0.098,-0.552,,0.0,0.0,0.0,,,,,0.0,0.0,30.0,-5.999999999062311e-07,-2.999999964004019e-07,0.01,88.0,36.5,1
7995,SO-0501,ASI Nidhi Vaghela,ASI,35,2026-07-15 11:52:56+00:00,93.0,88.0,,21.3242112,72.7528915,15.699996948242188,0.946,-0.138,0.336,,0.0,0.0,0.0,,,,,0.0,0.0,30.0,1.0000000116860974e-07,4.0000000467443897e-07,0.01,88.0,36.5,1
8003,SO-0501,ASI Nidhi Vaghela,ASI,35,2026-07-15 11:53:26+00:00,82.0,88.0,,21.3242112,72.7528914,15.699996948242188,0.874,-0.068,0.561,,0.0,0.0,0.0,,,,,0.0,0.0,30.0,0.0,-1.000000082740371e-07,0.0,88.0,36.5,1
8012,SO-0501,ASI Nidhi Vaghela,ASI,35,2026-07-15 11:53:56+00:00,85.0,88.0,,21.324211,72.7528914,15.699996948242188,0.691,0.102,0.866,,0.0,0.0,0.0,,,,,0.0,0.0,30.0,-2.0000000233721948e-07,0.0,0.0,88.0,36.5,1
8020,SO-0501,ASI Nidhi Vaghela,ASI,35,2026-07-15 11:54:26+00:00,88.0,87.0,,21.3242141,72.7528954,15.699996948242188,0.998,-0.312,0.876,,0.0,0.0,0.0,,,,,0.0,0.0,30.0,3.1000000006997652e-06,4.0000000041118255e-06,0.06,87.0,36.5,0
8026,SO-0501,ASI Nidhi Vaghela,ASI,35,2026-07-15 11:54:56+00:00,88.0,84.0,,21.3242126,72.7528916,15.699996948242188,0.473,-0.773,0.501,,0.0,0.0,0.0,,,,,0.0,0.0,30.0,-1.4999999997655775e-06,-3.800000001774606e-06,0.05,84.0,36.5,0
8033,SO-0501,ASI Nidhi Vaghela,ASI,35,2026-07-15 11:55:26+00:00,82.0,87.0,,21.3242128,72.752892,15.699996948242188,0.786,-0.541,0.757,,0.0,0.0,0.0,,,,,0.0,0.0,30.0,2.0000000233721948e-07,4.0000000467443897e-07,0.01,87.0,36.5,0
8042,SO-0501,ASI Nidhi Vaghela,ASI,35,2026-07-15 11:55:56+00:00,98.0,82.0,,21.3242111,72.7528909,15.699996948242188,0.536,-0.844,0.174,,0.0,0.0,0.0,,,,,0.0,0.0,30.0,-1.7000000021027972e-06,-1.1000000057492798e-06,0.03,82.0,36.5,2
8049,SO-0501,ASI Nidhi Vaghela,ASI,35,2026-07-15 11:56:26+00:00,84.0,84.0,,21.3242129,72.7528919,15.699996948242188,0.316,0.354,-0.518,,0.0,0.0,0.0,,,,,0.0,0.0,30.0,1.7999999997186933e-06,9.999999974752427e-07,0.03,84.0,36.5,0
8057,SO-0501,ASI Nidhi Vaghela,ASI,35,2026-07-15 11:56:56+00:00,83.0,88.0,,21.3242126,72.7528916,15.699996948242188,0.462,-0.673,0.662,,0.0,0.0,0.0,,,,,0.0,0.0,30.0,-2.999999999531156e-07,-2.999999964004019e-07,0.01,88.0,36.5,0
8066,SO-0501,ASI Nidhi Vaghela,ASI,35,2026-07-15 11:57:26+00:00,88.0,84.0,,21.3242106,72.7528907,15.699996948242188,0.166,-0.935,-0.132,,0.0,0.0,0.0,,,,,0.0,0.0,30.0,-1.999999998503199e-06,-9.000000034120603e-07,0.03,84.0,36.5,0
8073,SO-0501,ASI Nidhi Vaghela,ASI,35,2026-07-15 11:57:56+00:00,83.0,87.0,,21.3242124,72.7528921,15.699996948242188,0.756,-0.056,-0.555,,0.0,0.0,0.0,,,,,0.0,0.0,30.0,1.7999999997186933e-06,1.4000000021496817e-06,0.03,87.0,36.5,0
8082,SO-0501,ASI Nidhi Vaghela,ASI,35,2026-07-15 11:58:26+00:00,90.0,87.0,,21.3242129,72.7528917,15.699996948242188,0.2,-0.949,0.296,,0.0,0.0,0.0,,,,,0.0,0.0,30.0,4.999999987376214e-07,-3.9999999046358425e-07,0.01,87.0,36.5,0
8090,SO-0501,ASI Nidhi Vaghela,ASI,35,2026-07-15 11:58:56+00:00,90.0,87.0,,21.3242106,72.7528907,15.699996948242188,0.623,-0.727,-0.188,,0.0,0.0,0.0,,,,,0.0,0.0,30.0,-2.2999999984563142e-06,-1.0000000116860974e-06,0.03,87.0,36.5,0
8097,SO-0501,ASI Nidhi Vaghela,ASI,35,2026-07-15 11:59:26+00:00,90.0,86.0,,21.3242129,72.7528917,15.699996948242188,0.254,-0.965,0.104,,0.0,0.0,0.0,,,,,0.0,0.0,30.0,2.2999999984563142e-06,1.0000000116860974e-06,0.03,86.0,36.5,0
8104,SO-0501,ASI Nidhi Vaghela,ASI,35,2026-07-15 11:59:56+00:00,88.0,82.0,,21.3242129,72.7528917,15.699996948242188,0.177,-0.969,0.15,,0.0,0.0,0.0,,,,,0.0,0.0,30.0,0.0,0.0,0.0,82.0,36.5,0
8111,SO-0501,ASI Nidhi Vaghela,ASI,35,2026-07-15 12:00:26+00:00,86.0,88.0,,21.3242124,72.7528921,15.699996948242188,0.501,-0.513,0.803,,0.0,0.0,0.0,,,,,0.0,0.0,30.0,-4.999999987376214e-07,3.9999999046358425e-07,0.01,88.0,36.5,0
8118,SO-0501,ASI Nidhi Vaghela,ASI,35,2026-07-15 12:00:56+00:00,97.0,88.0,,21.324211,72.7528913,15.699996948242188,0.43,-0.908,0.168,,0.0,0.0,0.0,,,,,0.0,0.0,30.0,-1.4000000021496817e-06,-7.999999951380232e-07,0.02,88.0,36.5,2
8125,SO-0501,ASI Nidhi Vaghela,ASI,35,2026-07-15 12:01:26+00:00,95.0,88.0,,21.3242121,72.7528921,15.699996948242188,0.384,-0.887,-0.113,,0.0,0.0,0.0,,,,,0.0,0.0,30.0,1.100000002196566e-06,7.999999951380232e-07,0.02,88.0,36.5,2
8134,SO-0501,ASI Nidhi Vaghela,ASI,35,2026-07-15 12:01:56+00:00,81.0,87.0,,21.3242124,72.7528921,15.699996948242188,0.978,-0.241,-0.033,,0.0,0.0,0.0,,,,,0.0,0.0,30.0,2.999999999531156e-07,0.0,0.0,87.0,36.5,0
8141,SO-0501,ASI Nidhi Vaghela,ASI,35,2026-07-15 12:02:27+00:00,81.0,88.0,,21.3242128,72.752892,15.699996948242188,0.645,-0.667,0.454,,0.0,0.0,0.0,,,,,0.0,0.0,31.0,4.000000011217253e-07,-9.999999406318238e-08,0.01,88.0,36.5,0
8149,SO-0501,ASI Nidhi Vaghela,ASI,35,2026-07-15 12:02:56+00:00,93.0,87.0,,21.3242119,72.7528915,15.699996948242188,0.285,-0.86,0.504,,0.0,0.0,0.0,,,,,0.0,0.0,29.0,-8.999999998593466e-07,-4.999999987376214e-07,0.01,87.0,36.5,2
8154,SO-0501,ASI Nidhi Vaghela,ASI,35,2026-07-15 12:03:23+00:00,89.0,85.0,,21.32421,72.7528927,15.699996948242188,0.108,-0.931,0.446,,0.0,0.0,0.0,,,,,0.0,0.0,27.0,-1.900000000887303e-06,1.1999999998124622e-06,0.03,85.0,36.5,0
8163,SO-0501,ASI Nidhi Vaghela,ASI,35,2026-07-15 12:03:56+00:00,91.0,70.0,,21.3242075,72.7528879,15.699996948242188,0.657,-0.686,0.268,,0.0,0.0,0.0,,,,,0.0,0.0,33.0,-2.500000000793534e-06,-4.799999999249849e-06,0.06,70.0,36.5,2
8172,SO-0501,ASI Nidhi Vaghela,ASI,35,2026-07-15 12:04:26+00:00,86.0,87.0,,21.3242071,72.7528912,15.699996948242188,0.759,-0.674,0.214,,0.0,0.0,0.0,,,,,0.0,0.0,30.0,-4.000000011217253e-07,3.29999998882613e-06,0.04,87.0,36.5,0
8179,SO-0501,ASI Nidhi Vaghela,ASI,35,2026-07-15 12:04:53+00:00,94.0,85.0,,21.3242071,72.7528912,15.699996948242188,0.792,-0.25,-0.356,,0.0,0.0,0.0,,,,,0.0,0.0,27.0,0.0,0.0,0.0,85.0,36.5,2
8189,SO-0501,ASI Nidhi Vaghela,ASI,35,2026-07-15 12:05:26+00:00,90.0,88.0,,21.3242162,72.7528794,15.699996948242188,0.65,-0.553,0.594,,0.0,0.0,0.0,,,,,0.0,0.0,33.0,9.099999999762076e-06,-1.1799999995787402e-05,0.17,88.0,36.5,0
8197,SO-0501,ASI Nidhi Vaghela,ASI,35,2026-07-15 12:05:56+00:00,90.0,88.0,,21.3242084,72.7528845,15.699996948242188,0.658,-0.679,0.4,,0.0,0.0,0.0,,,,,0.0,0.0,30.0,-7.799999998781004e-06,5.099999995650251e-06,0.12,88.0,36.5,0
8204,SO-0501,ASI Nidhi Vaghela,ASI,35,2026-07-15 12:06:26+00:00,84.0,86.0,,21.3242078,72.7528929,15.699996948242188,0.502,-0.857,-0.098,,0.0,0.0,0.0,,,,,0.0,0.0,30.0,-5.999999999062311e-07,8.40000001289809e-06,0.1,86.0,36.5,0
8211,SO-0501,ASI Nidhi Vaghela,ASI,35,2026-07-15 12:06:56+00:00,90.0,88.0,,21.3242113,72.7528788,16.100000381469727,0.43,-0.902,-0.024,,0.0,0.0,0.0,,,,,0.0,0.0,30.0,3.5000000018214905e-06,-1.4100000001349144e-05,0.18,88.0,36.5,0
8219,SO-0501,ASI Nidhi Vaghela,ASI,35,2026-07-15 12:07:26+00:00,83.0,86.0,,21.3242072,72.7528919,16.100000381469727,0.543,-0.822,-0.018,,0.0,0.0,0.0,,,,,0.0,0.0,30.0,-4.100000001727722e-06,1.3099999989663049e-05,0.17,86.0,36.5,0
8227,SO-0501,ASI Nidhi Vaghela,ASI,35,2026-07-15 12:07:56+00:00,81.0,87.0,,21.3242084,72.752893,16.100000381469727,0.53,-0.834,-0.037,,0.0,0.0,0.0,,,,,0.0,0.0,30.0,1.1999999998124622e-06,1.1000000057492798e-06,0.02,87.0,36.5,0
8235,SO-0501,ASI Nidhi Vaghela,ASI,35,2026-07-15 12:08:26+00:00,84.0,86.0,,21.3242072,72.7528919,16.100000381469727,0.593,-0.755,-0.15,,0.0,0.0,0.0,,,,,0.0,0.0,30.0,-1.1999999998124622e-06,-1.1000000057492798e-06,0.02,86.0,36.5,0
8242,SO-0501,ASI Nidhi Vaghela,ASI,35,2026-07-15 12:08:57+00:00,89.0,88.0,,21.3245976,72.7534931,16.100000381469727,0.526,-0.603,0.616,,0.0,0.0,0.0,,,,,0.0,0.0,31.0,0.0003904000000005,0.0006012000000055,8.81,88.0,36.5,1
8247,SO-0501,ASI Nidhi Vaghela,ASI,35,2026-07-15 12:09:27+00:00,89.0,88.0,,21.3245976,72.7534931,16.100000381469727,0.58,-0.657,0.598,,0.0,0.0,0.0,,,,,0.0,0.0,30.0,0.0,0.0,0.0,88.0,36.5,0
8252,SO-0501,ASI Nidhi Vaghela,ASI,35,2026-07-15 12:09:57+00:00,98.0,88.0,,21.3245976,72.7534931,16.100000381469727,0.629,-0.572,0.619,,0.0,0.0,0.0,,,,,0.0,0.0,30.0,0.0,0.0,0.0,88.0,36.5,2
8258,SO-0501,ASI Nidhi Vaghela,ASI,35,2026-07-15 12:10:27+00:00,90.0,88.0,,21.3242186,72.7533384,16.100000381469727,0.609,-0.725,-0.205,,0.0,0.0,0.0,,,,,0.0,0.0,30.0,-0.0003790000000023,-0.0001546999999959,5.4,88.0,36.5,1
8264,SO-0501,ASI Nidhi Vaghela,ASI,35,2026-07-15 12:10:57+00:00,99.0,88.0,,21.3242137,72.7533364,16.100000381469727,0.7,-0.501,-0.336,,0.0,0.0,0.0,,,,,0.0,0.0,30.0,-4.899999996865745e-06,-2.00000000916134e-06,0.07,88.0,36.5,2
8272,SO-0501,ASI Nidhi Vaghela,ASI,35,2026-07-15 12:11:27+00:00,89.0,60.0,,21.3242137,72.7533364,16.100000381469727,0.937,-0.134,-0.006,,0.0,0.0,0.0,,,,,0.0,0.0,30.0,0.0,0.0,0.0,60.0,36.5,0
8280,SO-0501,ASI Nidhi Vaghela,ASI,35,2026-07-15 12:11:57+00:00,85.0,87.0,,21.3242137,72.7533364,16.100000381469727,0.118,-0.828,0.281,,0.0,0.0,0.0,,,,,0.0,0.0,30.0,0.0,0.0,0.0,87.0,36.5,0
8288,SO-0501,ASI Nidhi Vaghela,ASI,35,2026-07-15 12:12:27+00:00,85.0,79.0,,21.3242137,72.7533364,16.100000381469727,0.568,-0.232,0.488,,0.0,0.0,0.0,,,,,0.0,0.0,30.0,0.0,0.0,0.0,79.0,36.5,0
8294,SO-0501,ASI Nidhi Vaghela,ASI,35,2026-07-15 12:12:55+00:00,85.0,57.0,,21.3243326,72.7531742,15.699996948242188,0.491,-0.424,-0.629,,0.0,0.0,0.0,,,,,0.0,0.0,28.0,0.0001189000000003,-0.0001621999999912,2.75,57.0,36.5,0
8302,SO-0501,ASI Nidhi Vaghela,ASI,35,2026-07-15 12:13:25+00:00,87.0,87.0,,21.3260299,72.7530951,15.699996948242188,0.516,-0.086,0.933,,0.0,0.0,0.0,,,,,0.0,0.0,30.0,0.0016973,-7.910000000777018e-05,22.63,87.0,36.5,1
8309,SO-0501,ASI Nidhi Vaghela,ASI,35,2026-07-15 12:13:55+00:00,92.0,86.0,,21.3276122,72.7531656,17.499998092651367,0.019,-0.208,0.831,,0.0,0.0,0.0,,,,,0.0,0.0,30.0,0.001582299999999,7.050000000674572e-05,21.09,86.0,36.5,1
8316,SO-0501,ASI Nidhi Vaghela,ASI,35,2026-07-15 12:14:25+00:00,89.0,86.0,,21.3296887,72.7531335,16.600000381469727,0.324,-0.06,1.0,,0.0,0.0,0.0,,,,,0.0,0.0,30.0,0.0020764999999975,-3.209999999853608e-05,27.66,86.0,36.5,1
8322,SO-0501,ASI Nidhi Vaghela,ASI,35,2026-07-15 12:14:55+00:00,92.0,87.0,,21.33161,72.7527923,16.19999885559082,0.661,-1.07,1.461,,0.0,0.0,0.0,,,,,0.0,0.0,30.0,0.0019213000000029,-0.0003412000000082,25.94,87.0,36.5,1
8328,SO-0501,ASI Nidhi Vaghela,ASI,35,2026-07-15 12:15:25+00:00,86.0,87.0,,21.3337098,72.7514,17.30000114440918,-0.168,0.773,0.664,,0.0,0.0,0.0,,,,,0.0,0.0,30.0,0.0020997999999998,-0.001392299999992,32.89,87.0,36.5,1
8336,SO-0501,ASI Nidhi Vaghela,ASI,35,2026-07-15 12:15:55+00:00,86.0,88.0,,21.3359278,72.750429,16.30000114440918,0.695,-0.819,0.503,,0.0,0.0,0.0,,,,,0.0,0.0,30.0,0.0022179999999991,-0.0009710000000069,31.91,88.0,36.5,1
8344,SO-0501,ASI Nidhi Vaghela,ASI,35,2026-07-15 12:16:25+00:00,87.0,88.0,,21.3364772,72.7495162,16.30000114440918,0.842,0.053,0.615,,0.0,0.0,0.0,,,,,0.0,0.0,30.0,0.0005494000000005,-0.0009127999999947,13.5,88.0,36.5,1
8351,SO-0501,ASI Nidhi Vaghela,ASI,35,2026-07-15 12:16:55+00:00,85.0,86.0,,21.3362269,72.7477949,15.699996948242188,0.888,-0.005,0.471,,0.0,0.0,0.0,,,,,0.0,0.0,30.0,-0.0002503000000011,-0.0017212999999998,21.64,86.0,36.5,1
8357,SO-0501,ASI Nidhi Vaghela,ASI,35,2026-07-15 12:17:25+00:00,89.0,84.0,,21.3358953,72.7457345,13.999996185302734,0.125,-0.791,1.687,,0.0,0.0,0.0,,,,,0.0,0.0,30.0,-0.000331599999999,-0.0020604000000048,25.97,84.0,36.5,1
8363,SO-0501,ASI Nidhi Vaghela,ASI,35,2026-07-15 12:17:55+00:00,93.0,88.0,,21.3356353,72.7437629,13.599998474121094,-0.473,0.223,1.086,,0.0,0.0,0.0,,,,,0.0,0.0,30.0,-0.0002600000000008,-0.0019716000000045,24.74,88.0,36.5,1
8369,SO-0501,ASI Nidhi Vaghela,ASI,35,2026-07-15 12:18:26+00:00,82.0,88.0,,21.3358006,72.7428387,14.099998474121094,-0.302,-0.054,1.112,,0.0,0.0,0.0,,,,,0.0,0.0,31.0,0.000165299999999,-0.0009242,11.31,88.0,36.5,1
8374,SO-0501,ASI Nidhi Vaghela,ASI,35,2026-07-15 12:18:53+00:00,81.0,88.0,,21.3359092,72.7430078,20.899999618530273,-0.349,0.091,1.03,,0.0,0.0,0.0,,,,,0.0,0.0,27.0,0.0001086000000007,0.0001691000000079,2.83,88.0,36.5,0
8381,SO-0501,ASI Nidhi Vaghela,ASI,35,2026-07-15 12:19:26+00:00,87.0,88.0,,21.3359032,72.7430213,20.899999618530273,0.021,0.266,1.066,,0.0,0.0,0.0,,,,,0.0,0.0,33.0,-5.999999999062311e-06,1.3499999994337486e-05,0.17,88.0,36.5,0
8387,SO-0501,ASI Nidhi Vaghela,ASI,35,2026-07-15 12:19:55+00:00,86.0,,,21.335719,72.7426781,14.699996948242188,0.02,0.269,1.067,,0.0,0.0,0.0,,,,,0.0,0.0,29.0,-0.0001841999999996,-0.0003431999999889,5.09,88.0,36.5,1
8396,SO-0501,ASI Nidhi Vaghela,ASI,35,2026-07-15 12:20:25+00:00,84.0,88.0,,21.3358423,72.742618,14.099998474121094,-0.337,0.251,1.008,,0.0,0.0,0.0,,,,,0.0,0.0,30.0,0.0001232999999984,-6.0100000013108e-05,1.8,88.0,36.5,0
8403,SO-0501,ASI Nidhi Vaghela,ASI,35,2026-07-15 12:20:53+00:00,84.0,88.0,,21.3359092,72.7430138,16.899999618530273,-0.338,0.237,1.016,,0.0,0.0,0.0,,,,,0.0,0.0,28.0,6.690000000020291e-05,0.0003958000000068,5.35,88.0,36.5,1
9393,SO-0501,ASI Nidhi Vaghela,ASI,35,2026-07-15 14:39:01+00:00,82.0,88.0,,21.3366529,72.7493505,19.200000762939453,-0.817,-0.053,-0.498,,0.0,0.0,0.0,,,,,0.0,0.0,8288.0,0.000743700000001,0.0063367000000056,0.0,88.0,36.5,0
9396,SO-0501,ASI Nidhi Vaghela,ASI,35,2026-07-15 14:39:29+00:00,95.0,85.0,,21.3366752,72.7493909,19.200000762939453,-1.007,0.114,0.082,,0.0,0.0,0.0,,,,,0.0,0.0,28.0,2.229999999769916e-05,4.039999998894928e-05,0.62,85.0,36.5,2
9399,SO-0501,ASI Nidhi Vaghela,ASI,35,2026-07-15 14:39:59+00:00,84.0,88.0,,21.3366755,72.7493998,15.599998474121094,-0.494,-0.827,-0.203,,0.0,0.0,0.0,,,,,0.0,0.0,30.0,2.999999999531156e-07,8.900000011635711e-06,0.11,88.0,36.5,0
9402,SO-0501,ASI Nidhi Vaghela,ASI,35,2026-07-15 14:40:29+00:00,83.0,88.0,,21.3366735,72.7494016,15.599998474121094,-0.936,-0.024,-0.309,,0.0,0.0,0.0,,,,,0.0,0.0,30.0,-1.999999998503199e-06,1.799999992613266e-06,0.03,88.0,36.5,0
9405,SO-0501,ASI Nidhi Vaghela,ASI,35,2026-07-15 14:40:59+00:00,84.0,86.0,,21.33667,72.7493941,19.200000762939453,-0.913,-0.09,-0.332,,0.0,0.0,0.0,,,,,0.0,0.0,30.0,-3.499999998268777e-06,-7.499999995275175e-06,0.1,86.0,36.5,0
9408,SO-0501,ASI Nidhi Vaghela,ASI,35,2026-07-15 14:41:29+00:00,85.0,88.0,,21.3366738,72.7493925,19.200000762939453,-0.902,-0.181,-0.43,,0.0,0.0,0.0,,,,,0.0,0.0,30.0,3.799999998221893e-06,-1.6000000044869012e-06,0.05,88.0,36.5,0
9411,SO-0501,ASI Nidhi Vaghela,ASI,35,2026-07-15 14:41:59+00:00,87.0,86.0,,21.3366752,72.7494008,16.80000114440918,-0.339,-0.09,-0.863,,0.0,0.0,0.0,,,,,0.0,0.0,30.0,1.399999998596968e-06,8.300000004624053e-06,0.1,86.0,36.5,0
9414,SO-0501,ASI Nidhi Vaghela,ASI,35,2026-07-15 14:42:29+00:00,82.0,88.0,,21.336671,72.7493959,19.200000762939453,-0.998,0.079,0.12,,0.0,0.0,0.0,,,,,0.0,0.0,30.0,-4.199999999343618e-06,-4.900000007523886e-06,0.08,88.0,36.5,0
9417,SO-0501,ASI Nidhi Vaghela,ASI,35,2026-07-15 14:42:59+00:00,86.0,88.0,,21.3366736,72.7493789,19.200000762939453,-0.781,-0.095,-0.529,,0.0,0.0,0.0,,,,,0.0,0.0,30.0,2.600000001962144e-06,-1.699999999971169e-05,0.21,88.0,36.5,0
9420,SO-0501,ASI Nidhi Vaghela,ASI,35,2026-07-15 14:43:29+00:00,81.0,88.0,,21.3366767,72.7493915,19.200000762939453,-0.676,-0.669,-0.223,,0.0,0.0,0.0,,,,,0.0,0.0,30.0,3.1000000006997652e-06,1.260000000513628e-05,0.16,88.0,36.5,0
9423,SO-0501,ASI Nidhi Vaghela,ASI,35,2026-07-15 14:43:59+00:00,90.0,88.0,,21.3366765,72.7493935,19.200000762939453,-0.701,0.276,-0.594,,0.0,0.0,0.0,,,,,0.0,0.0,30.0,-2.0000000233721948e-07,1.9999999949504854e-06,0.02,88.0,36.5,0
9426,SO-0501,ASI Nidhi Vaghela,ASI,35,2026-07-15 14:44:29+00:00,85.0,88.0,,21.3366369,72.7493709,16.80000114440918,-0.46,-0.438,-0.69,,0.0,0.0,0.0,,,,,0.0,0.0,30.0,-3.960000000091668e-05,-2.259999999409956e-05,0.6,88.0,36.5,0
9429,SO-0501,ASI Nidhi Vaghela,ASI,35,2026-07-15 14:45:00+00:00,84.0,87.0,,21.3366053,72.7491603,15.499996185302734,-0.739,0.151,-0.595,,0.0,0.0,0.0,,,,,0.0,0.0,31.0,-3.1599999999798456e-05,-0.0002106000000026,2.56,87.0,36.5,0
9432,SO-0501,ASI Nidhi Vaghela,ASI,35,2026-07-15 14:45:29+00:00,87.0,88.0,,21.3366786,72.7493971,19.200000762939453,-0.787,0.076,0.706,,0.0,0.0,0.0,,,,,0.0,0.0,29.0,7.330000000038694e-05,0.0002367999999961,3.21,88.0,36.5,0
9435,SO-0501,ASI Nidhi Vaghela,ASI,35,2026-07-15 14:45:59+00:00,85.0,88.0,,21.3366642,72.7493941,15.599998474121094,-0.824,0.113,0.748,,0.0,0.0,0.0,,,,,0.0,0.0,30.0,-1.4399999997749546e-05,-2.999999992425728e-06,0.2,88.0,36.5,0
9438,SO-0501,ASI Nidhi Vaghela,ASI,35,2026-07-15 14:46:29+00:00,82.0,88.0,,21.3366508,72.7493542,19.200000762939453,-0.78,-0.133,-0.485,,0.0,0.0,0.0,,,,,0.0,0.0,30.0,-1.3400000000274304e-05,-3.990000000442251e-05,0.53,88.0,36.5,0
9441,SO-0501,ASI Nidhi Vaghela,ASI,35,2026-07-15 14:46:59+00:00,82.0,87.0,,21.3366686,72.7493981,19.200000762939453,-0.971,-0.023,-0.425,,0.0,0.0,0.0,,,,,0.0,0.0,30.0,1.7799999998402427e-05,4.389999999432348e-05,0.59,87.0,36.5,0
9444,SO-0501,ASI Nidhi Vaghela,ASI,35,2026-07-15 14:47:31+00:00,87.0,79.0,,21.3366749,72.7493945,19.200000762939453,-0.873,1.094,-0.458,,0.0,0.0,0.0,,,,,0.0,0.0,32.0,6.2999999990154265e-06,-3.5999999994373866e-06,0.09,79.0,36.5,0
9447,SO-0501,ASI Nidhi Vaghela,ASI,35,2026-07-15 14:48:00+00:00,84.0,87.0,,21.3366742,72.7493882,16.600000381469727,-0.734,0.361,-0.142,,0.0,0.0,0.0,,,,,0.0,0.0,29.0,-6.999999975221272e-07,-6.299999995462713e-06,0.08,87.0,36.5,0
9450,SO-0501,ASI Nidhi Vaghela,ASI,35,2026-07-15 14:48:29+00:00,84.0,67.0,,21.3365807,72.7492845,16.600000381469727,-0.167,0.922,-0.632,,0.0,0.0,0.0,,,,,0.0,0.0,29.0,-9.3500000001967e-05,-0.0001036999999968,1.85,67.0,36.5,0
9453,SO-0501,ASI Nidhi Vaghela,ASI,35,2026-07-15 14:48:58+00:00,82.0,,,21.3365508,72.749166,15.89999771118164,-0.188,0.046,1.032,,0.0,0.0,0.0,,,,,0.0,0.0,29.0,-2.989999999769566e-05,-0.0001184999999992,1.58,67.0,36.5,0
9456,SO-0501,ASI Nidhi Vaghela,ASI,35,2026-07-15 14:49:32+00:00,94.0,86.0,,21.336382,72.7499909,15.999996185302734,-0.969,-0.196,-0.02,,0.0,0.0,0.0,,,,,0.0,0.0,34.0,-0.0001688000000008,0.0008248999999977,9.26,86.0,36.5,1
9459,SO-0501,ASI Nidhi Vaghela,ASI,35,2026-07-15 14:50:00+00:00,82.0,84.0,,21.3362428,72.7503864,15.599998474121094,-0.929,0.095,0.363,,0.0,0.0,0.0,,,,,0.0,0.0,28.0,-0.0001391999999995,0.0003954999999962,5.63,84.0,36.5,1
9462,SO-0501,ASI Nidhi Vaghela,ASI,35,2026-07-15 14:50:32+00:00,83.0,87.0,,21.3348212,72.7505073,16.499998092651367,-0.287,-0.979,0.181,,0.0,0.0,0.0,,,,,0.0,0.0,32.0,-0.0014216000000004,0.0001208999999988,17.81,87.0,36.5,1
9465,SO-0501,ASI Nidhi Vaghela,ASI,35,2026-07-15 14:51:02+00:00,80.0,88.0,,21.3336126,72.7516148,16.19999885559082,-0.235,-1.006,0.18,,0.0,0.0,0.0,,,,,0.0,0.0,30.0,-0.0012086000000017,0.0011075000000033,21.18,88.0,36.5,1
9468,SO-0501,ASI Nidhi Vaghela,ASI,35,2026-07-15 14:51:31+00:00,92.0,88.0,,21.3320689,72.7526427,16.69999885559082,-0.743,0.582,0.701,,0.0,0.0,0.0,,,,,0.0,0.0,29.0,-0.0015436999999991,0.0010278999999968,25.04,88.0,36.5,1
9472,SO-0501,ASI Nidhi Vaghela,ASI,35,2026-07-15 14:52:01+00:00,84.0,86.0,,21.3305661,72.7532166,17.30000114440918,-0.409,0.289,0.938,,0.0,0.0,0.0,,,,,0.0,0.0,30.0,-0.0015028000000008,0.0005739000000062,21.25,86.0,36.5,1
9475,SO-0501,ASI Nidhi Vaghela,ASI,35,2026-07-15 14:52:30+00:00,84.0,87.0,,21.3291342,72.7533607,16.80000114440918,-0.689,0.641,0.47,,0.0,0.0,0.0,,,,,0.0,0.0,29.0,-0.0014319,0.0001440999999999,19.82,87.0,36.5,1
9480,SO-0501,ASI Nidhi Vaghela,ASI,35,2026-07-15 14:53:02+00:00,88.0,88.0,,21.3283089,72.7532784,16.19999885559082,-0.724,0.271,0.545,,0.0,0.0,0.0,,,,,0.0,0.0,32.0,-0.0008252999999989,-8.230000000253312e-05,10.35,88.0,36.5,1
9485,SO-0501,ASI Nidhi Vaghela,ASI,35,2026-07-15 14:53:33+00:00,82.0,85.0,,21.3282864,72.7533324,16.19999885559082,-0.152,0.372,0.967,,0.0,0.0,0.0,,,,,0.0,0.0,31.0,-2.250000000003638e-05,5.400000000577165e-05,0.71,85.0,36.5,0
9489,SO-0501,ASI Nidhi Vaghela,ASI,35,2026-07-15 14:54:05+00:00,84.0,88.0,,21.3283002,72.7532882,16.499998092651367,-0.722,-0.401,0.74,,0.0,0.0,0.0,,,,,0.0,0.0,32.0,1.3800000001396027e-05,-4.4200000004934736e-05,0.54,88.0,36.5,0
9493,SO-0501,ASI Nidhi Vaghela,ASI,35,2026-07-15 14:54:34+00:00,82.0,88.0,,21.3282319,72.7534578,16.499998092651367,-0.87,-0.291,0.343,,0.0,0.0,0.0,,,,,0.0,0.0,29.0,-6.830000000235259e-05,0.0001696000000066,2.37,88.0,36.5,0
9497,SO-0501,ASI Nidhi Vaghela,ASI,35,2026-07-15 14:55:03+00:00,100.0,82.0,,21.3282499,72.753316,16.499998092651367,-0.817,-0.123,-0.483,,0.0,0.0,0.0,,,,,0.0,0.0,29.0,1.8000000000739647e-05,-0.0001418000000086,1.84,82.0,36.5,2
9500,SO-0501,ASI Nidhi Vaghela,ASI,35,2026-07-15 14:55:32+00:00,84.0,,,21.3271795,72.7531968,16.19999885559082,-0.927,0.232,0.332,,0.0,0.0,0.0,,,,,0.0,0.0,29.0,-0.0010703999999996,-0.0001192000000003,14.83,82.0,36.5,1
9505,SO-0501,ASI Nidhi Vaghela,ASI,35,2026-07-15 14:56:03+00:00,81.0,88.0,,21.3243297,72.7532487,15.999996185302734,-0.773,-0.602,-0.138,,0.0,0.0,0.0,,,,,0.0,0.0,31.0,-0.0028497999999999,5.190000000254713e-05,36.74,88.0,36.5,1
9508,SO-0501,ASI Nidhi Vaghela,ASI,35,2026-07-15 14:56:32+00:00,82.0,88.0,,21.3220416,72.7538271,15.89999771118164,-0.855,-0.218,-0.52,,0.0,0.0,0.0,,,,,0.0,0.0,29.0,-0.0022881000000012,0.0005783999999948,32.39,88.0,36.5,1
9513,SO-0501,ASI Nidhi Vaghela,ASI,35,2026-07-15 14:57:03+00:00,80.0,85.0,,21.3185046,72.7546199,16.999998092651367,-0.683,-0.563,-0.482,,0.0,0.0,0.0,,,,,0.0,0.0,31.0,-0.0035369999999979,0.0007927999999992,46.58,85.0,36.5,1
9517,SO-0501,ASI Nidhi Vaghela,ASI,35,2026-07-15 14:57:34+00:00,85.0,87.0,,21.3143019,72.7552676,16.999998092651367,-0.403,-0.912,0.039,,0.0,0.0,0.0,,,,,0.0,0.0,31.0,-0.0042027000000004,0.0006477000000018,54.73,87.0,36.5,1
9520,SO-0501,ASI Nidhi Vaghela,ASI,35,2026-07-15 14:58:04+00:00,84.0,88.0,,21.310531,72.7567686,14.999996185302734,-0.261,-0.93,0.117,,0.0,0.0,0.0,,,,,0.0,0.0,30.0,-0.0037708999999992,0.0015010000000046,53.58,88.0,36.5,1
9523,SO-0501,ASI Nidhi Vaghela,ASI,35,2026-07-15 14:58:33+00:00,82.0,88.0,,21.306867,72.7583747,14.999996185302734,-0.986,-0.031,0.105,,0.0,0.0,0.0,,,,,0.0,0.0,29.0,-0.0036640000000005,0.0016061000000036,54.54,88.0,36.5,1
9526,SO-0501,ASI Nidhi Vaghela,ASI,35,2026-07-15 14:59:04+00:00,82.0,85.0,,21.3031216,72.7601143,17.799999237060547,-0.783,0.577,-0.125,,0.0,0.0,0.0,,,,,0.0,0.0,31.0,-0.0037453999999996,0.0017395999999934,52.61,85.0,36.5,1
9529,SO-0501,ASI Nidhi Vaghela,ASI,35,2026-07-15 14:59:35+00:00,82.0,88.0,,21.3000675,72.7617496,18.200000762939453,-0.897,0.013,0.235,,0.0,0.0,0.0,,,,,0.0,0.0,31.0,-0.0030540999999999,0.0016353000000037,44.0,88.0,36.5,1
9532,SO-0501,ASI Nidhi Vaghela,ASI,35,2026-07-15 15:00:03+00:00,81.0,88.0,,21.2973991,72.7626224,18.200000762939453,-1.063,0.042,0.209,,0.0,0.0,0.0,,,,,0.0,0.0,28.0,-0.002668400000001,0.0008727999999962,39.81,88.0,36.5,1
9536,SO-0501,ASI Nidhi Vaghela,ASI,35,2026-07-15 15:00:33+00:00,81.0,88.0,,21.2938964,72.764334,16.899999618530273,-1.059,0.126,0.224,,0.0,0.0,0.0,,,,,0.0,0.0,30.0,-0.0035026999999985,0.0017116000000072,51.27,88.0,36.5,1
9540,SO-0501,ASI Nidhi Vaghela,ASI,35,2026-07-15 15:01:05+00:00,86.0,88.0,,21.291241,72.7654445,18.0,-0.964,0.095,0.143,,0.0,0.0,0.0,,,,,0.0,0.0,32.0,-0.0026554000000018,0.0011104999999957,35.59,88.0,36.5,1
9544,SO-0501,ASI Nidhi Vaghela,ASI,35,2026-07-15 15:01:33+00:00,80.0,88.0,,21.2893506,72.7664847,18.0,-0.718,-0.771,0.009,,0.0,0.0,0.0,,,,,0.0,0.0,28.0,-0.0018904000000006,0.0010402000000055,30.32,88.0,36.5,1
9548,SO-0501,ASI Nidhi Vaghela,ASI,35,2026-07-15 15:02:05+00:00,81.0,88.0,,21.2850718,72.7684916,18.100000381469727,-0.657,0.598,-0.285,,0.0,0.0,0.0,,,,,0.0,0.0,32.0,-0.004278799999998,0.0020068999999978,58.32,88.0,36.5,1
9552,SO-0501,ASI Nidhi Vaghela,ASI,35,2026-07-15 15:02:34+00:00,82.0,88.0,,21.2807744,72.7704784,18.100000381469727,-0.958,0.211,-0.011,,0.0,0.0,0.0,,,,,0.0,0.0,29.0,-0.0042974000000022,0.0019867999999974,64.49,88.0,36.5,1
9556,SO-0501,ASI Nidhi Vaghela,ASI,35,2026-07-15 15:03:04+00:00,83.0,88.0,,21.2784315,72.7715757,18.299999237060547,-0.934,0.019,0.099,,0.0,0.0,0.0,,,,,0.0,0.0,30.0,-0.0023428999999985,0.0010972999999978,34.05,88.0,36.5,1
9561,SO-0501,ASI Nidhi Vaghela,ASI,35,2026-07-15 15:03:34+00:00,88.0,88.0,,21.2744442,72.7735464,18.299999237060547,-0.987,0.213,0.02,,0.0,0.0,0.0,,,,,0.0,0.0,30.0,-0.0039872999999985,0.0019707000000011,58.48,88.0,36.5,1
9566,SO-0501,ASI Nidhi Vaghela,ASI,35,2026-07-15 15:04:05+00:00,81.0,88.0,,21.2715044,72.7749211,19.0,-0.951,0.063,0.071,,0.0,0.0,0.0,,,,,0.0,0.0,31.0,-0.0029398,0.0013746999999995,41.34,88.0,36.5,1
9571,SO-0501,ASI Nidhi Vaghela,ASI,35,2026-07-15 15:04:34+00:00,84.0,88.0,,21.2703801,72.7754435,18.100000381469727,-0.33,-0.618,-0.781,,0.0,0.0,0.0,,,,,0.0,0.0,29.0,-0.0011243000000007,0.0005223999999941,16.88,88.0,36.5,1
9576,SO-0501,ASI Nidhi Vaghela,ASI,35,2026-07-15 15:05:06+00:00,83.0,64.0,,21.2703223,72.7752685,19.799999237060547,-0.534,0.69,-0.458,,0.0,0.0,0.0,,,,,0.0,0.0,32.0,-5.780000000044083e-05,-0.0001749999999987,2.16,64.0,36.5,0
9581,SO-0501,ASI Nidhi Vaghela,ASI,35,2026-07-15 15:05:38+00:00,88.0,88.0,,21.270278,72.775203,19.600000381469727,-0.572,0.897,-0.532,,0.0,0.0,0.0,,,,,0.0,0.0,32.0,-4.429999999899792e-05,-6.54999999909478e-05,0.94,88.0,36.5,0
9585,SO-0501,ASI Nidhi Vaghela,ASI,35,2026-07-15 15:06:08+00:00,88.0,88.0,,21.2702825,72.7751289,19.899999618530273,-0.898,-0.04,-0.32,,0.0,0.0,0.0,,,,,0.0,0.0,30.0,4.499999999296733e-06,-7.410000000618311e-05,0.92,88.0,36.5,0
9590,SO-0501,ASI Nidhi Vaghela,ASI,35,2026-07-15 15:06:40+00:00,83.0,88.0,,21.2701945,72.7751775,19.899999618530273,-0.784,-0.514,0.373,,0.0,0.0,0.0,,,,,0.0,0.0,32.0,-8.800000000164232e-05,4.8599999999510146e-05,1.24,88.0,36.5,0
9595,SO-0501,ASI Nidhi Vaghela,ASI,35,2026-07-15 15:07:11+00:00,82.0,88.0,,21.2702094,72.7751969,19.899999618530273,-0.522,-0.481,-0.663,,0.0,0.0,0.0,,,,,0.0,0.0,31.0,1.490000000003988e-05,1.9399999999336615e-05,0.3,88.0,36.5,0
9600,SO-0501,ASI Nidhi Vaghela,ASI,35,2026-07-15 15:07:41+00:00,81.0,85.0,,21.270211,72.7751932,19.899999618530273,-0.508,-0.424,0.955,,0.0,0.0,0.0,,,,,0.0,0.0,30.0,1.6000000009341877e-06,-3.699999993500569e-06,0.05,85.0,36.5,0
9605,SO-0501,ASI Nidhi Vaghela,ASI,35,2026-07-15 15:08:12+00:00,81.0,84.0,,21.2702118,72.7751971,19.899999618530273,-0.809,-0.4,0.722,,0.0,0.0,0.0,,,,,0.0,0.0,31.0,7.999999986907369e-07,3.8999999958377884e-06,0.05,84.0,36.5,0
9610,SO-0501,ASI Nidhi Vaghela,ASI,35,2026-07-15 15:08:42+00:00,84.0,88.0,,21.2702113,72.7751963,19.899999618530273,-0.659,-0.694,0.006,,0.0,0.0,0.0,,,,,0.0,0.0,30.0,-4.999999987376214e-07,-7.999999951380232e-07,0.01,88.0,36.5,0
9615,SO-0501,ASI Nidhi Vaghela,ASI,35,2026-07-15 15:09:10+00:00,91.0,85.0,,21.2703312,72.7752503,19.899999618530273,-0.263,0.959,-0.041,,0.0,0.0,0.0,,,,,0.0,0.0,28.0,0.0001199000000013,5.39999999915608e-05,1.86,85.0,36.5,2
9620,SO-0501,ASI Nidhi Vaghela,ASI,35,2026-07-15 15:09:39+00:00,82.0,87.0,,21.270369,72.7754932,19.600000381469727,-0.641,-0.169,-0.769,,0.0,0.0,0.0,,,,,0.0,0.0,29.0,3.779999999764527e-05,0.0002429000000034,3.16,87.0,36.5,0
9625,SO-0501,ASI Nidhi Vaghela,ASI,35,2026-07-15 15:10:11+00:00,84.0,88.0,,21.2696897,72.775787,19.600000381469727,-0.714,-0.238,-0.503,,0.0,0.0,0.0,,,,,0.0,0.0,32.0,-0.000679299999998,0.0002937999999943,9.15,88.0,36.5,1
9630,SO-0501,ASI Nidhi Vaghela,ASI,35,2026-07-15 15:10:42+00:00,80.0,88.0,,21.2661344,72.7774184,19.5,-0.883,0.045,0.433,,0.0,0.0,0.0,,,,,0.0,0.0,31.0,-0.0035553000000021,0.0016314000000079,49.85,88.0,36.5,1
9635,SO-0501,ASI Nidhi Vaghela,ASI,35,2026-07-15 15:11:10+00:00,82.0,88.0,,21.2631915,72.7788191,17.700000762939453,-0.845,0.129,0.368,,0.0,0.0,0.0,,,,,0.0,0.0,28.0,-0.0029428999999971,0.0014007000000049,45.95,88.0,36.5,1
9641,SO-0501,ASI Nidhi Vaghela,ASI,35,2026-07-15 15:11:42+00:00,81.0,88.0,,21.2629229,72.779949,17.899999618530273,-0.98,0.281,0.411,,0.0,0.0,0.0,,,,,0.0,0.0,32.0,-0.0002686000000018,0.0011298999999951,13.58,88.0,36.5,1
9647,SO-0501,ASI Nidhi Vaghela,ASI,35,2026-07-15 15:12:12+00:00,81.0,88.0,,21.2621274,72.7806257,18.700000762939453,-0.785,0.37,0.415,,0.0,0.0,0.0,,,,,0.0,0.0,30.0,-0.0007954999999988,0.0006766999999996,13.53,88.0,36.5,1
9653,SO-0501,ASI Nidhi Vaghela,ASI,35,2026-07-15 15:12:44+00:00,85.0,88.0,,21.261631,72.7808591,18.700000762939453,-0.477,0.219,-0.231,,0.0,0.0,0.0,,,,,0.0,0.0,32.0,-0.0004963999999993,0.000233399999999,6.77,88.0,36.5,1
9659,SO-0501,ASI Nidhi Vaghela,ASI,35,2026-07-15 15:13:14+00:00,81.0,86.0,,21.261562,72.7808097,17.30000114440918,-0.77,1.093,-0.478,,0.0,0.0,0.0,,,,,0.0,0.0,30.0,-6.899999999987472e-05,-4.939999999464817e-05,1.11,86.0,36.5,0
9665,SO-0501,ASI Nidhi Vaghela,ASI,35,2026-07-15 15:13:46+00:00,98.0,88.0,,21.2616604,72.7808008,19.399999618530273,-0.461,0.732,-0.551,,0.0,0.0,0.0,,,,,0.0,0.0,32.0,9.839999999883275e-05,-8.900000011635711e-06,1.23,88.0,36.5,2
9671,SO-0501,ASI Nidhi Vaghela,ASI,35,2026-07-15 15:14:17+00:00,81.0,79.0,,21.2616889,72.7805908,19.600000381469727,-0.047,0.898,0.342,,0.0,0.0,0.0,,,,,0.0,0.0,31.0,2.849999999909869e-05,-0.0002099999999956,2.55,79.0,36.5,0
9677,SO-0501,ASI Nidhi Vaghela,ASI,35,2026-07-15 15:14:48+00:00,91.0,87.0,,21.2613489,72.7809295,18.700000762939453,-0.063,0.943,-0.117,,0.0,0.0,0.0,,,,,0.0,0.0,31.0,-0.0003399999999977,0.0003387000000003,5.98,87.0,36.5,1
9683,SO-0501,ASI Nidhi Vaghela,ASI,35,2026-07-15 15:15:18+00:00,91.0,70.0,,21.2613373,72.7809184,19.399999618530273,-0.966,0.508,0.023,,0.0,0.0,0.0,,,,,0.0,0.0,30.0,-1.160000000055561e-05,-1.1099999994712562e-05,0.21,70.0,36.5,2
9689,SO-0501,ASI Nidhi Vaghela,ASI,35,2026-07-15 15:15:48+00:00,94.0,87.0,,21.2613462,72.7809289,19.399999618530273,0.709,-0.378,-0.619,,0.0,0.0,0.0,,,,,0.0,0.0,30.0,8.899999997424857e-06,1.0500000001911758e-05,0.18,87.0,36.5,2
9695,SO-0501,ASI Nidhi Vaghela,ASI,35,2026-07-15 15:16:18+00:00,87.0,78.0,,21.2613482,72.7809293,19.399999618530273,-0.285,0.438,-0.48,,0.0,0.0,0.0,,,,,0.0,0.0,30.0,2.0000000020559128e-06,3.9999999046358425e-07,0.03,78.0,36.5,0
9701,SO-0501,ASI Nidhi Vaghela,ASI,35,2026-07-15 15:16:48+00:00,83.0,79.0,,21.2613443,72.7809284,19.399999618530273,-0.797,0.763,-0.628,,0.0,0.0,0.0,,,,,0.0,0.0,30.0,-3.899999999390502e-06,-9.000000034120603e-07,0.05,79.0,36.5,0
9707,SO-0501,ASI Nidhi Vaghela,ASI,35,2026-07-15 15:17:19+00:00,80.0,72.0,,21.2613443,72.7809284,19.399999618530273,-0.666,-0.39,-0.383,,0.0,0.0,0.0,,,,,0.0,0.0,31.0,0.0,0.0,0.0,72.0,36.5,0
9713,SO-0501,ASI Nidhi Vaghela,ASI,35,2026-07-15 15:17:49+00:00,82.0,84.0,,21.2613479,72.7809298,19.399999618530273,-1.142,0.645,0.564,,0.0,0.0,0.0,,,,,0.0,0.0,30.0,3.5999999994373866e-06,1.4000000021496817e-06,0.05,84.0,36.5,0
9720,SO-0501,ASI Nidhi Vaghela,ASI,35,2026-07-15 15:18:18+00:00,85.0,88.0,,21.2613424,72.7809262,19.399999618530273,-0.571,-0.157,-0.774,,0.0,0.0,0.0,,,,,0.0,0.0,29.0,-5.50000000032469e-06,-3.5999999994373866e-06,0.09,88.0,36.5,0
9727,SO-0501,ASI Nidhi Vaghela,ASI,35,2026-07-15 15:18:48+00:00,100.0,88.0,,21.2613476,72.7809296,19.399999618530273,-0.529,-0.13,0.825,,0.0,0.0,0.0,,,,,0.0,0.0,30.0,5.200000000371574e-06,3.399999997100167e-06,0.08,88.0,36.5,2
9734,SO-0501,ASI Nidhi Vaghela,ASI,35,2026-07-15 15:19:18+00:00,82.0,,,21.2613479,72.7809298,19.399999618530273,-0.95,0.728,0.794,,0.0,0.0,0.0,,,,,0.0,0.0,30.0,2.999999999531156e-07,2.0000000233721948e-07,0.0,88.0,36.5,0
9740,SO-0501,ASI Nidhi Vaghela,ASI,35,2026-07-15 15:19:48+00:00,89.0,87.0,,21.2613472,72.7809292,19.399999618530273,-0.628,-0.289,-0.367,,0.0,0.0,0.0,,,,,0.0,0.0,30.0,-7.000000010748408e-07,-5.999999928008037e-07,0.01,87.0,36.5,0
9746,SO-0501,ASI Nidhi Vaghela,ASI,35,2026-07-15 15:20:18+00:00,80.0,88.0,,21.261349,72.7809298,19.399999618530273,-0.387,0.878,0.009,,0.0,0.0,0.0,,,,,0.0,0.0,30.0,1.7999999997186933e-06,5.999999928008037e-07,0.03,88.0,36.5,0
9754,SO-0501,ASI Nidhi Vaghela,ASI,35,2026-07-15 15:20:48+00:00,93.0,88.0,,21.2613491,72.7809295,19.399999618530273,-0.325,0.969,0.07,,0.0,0.0,0.0,,,,,0.0,0.0,30.0,1.0000000116860974e-07,-2.999999964004019e-07,0.0,88.0,36.5,2
9761,SO-0501,ASI Nidhi Vaghela,ASI,35,2026-07-15 15:21:19+00:00,81.0,87.0,,21.2613491,72.7809295,19.399999618530273,-0.35,0.925,-0.026,,0.0,0.0,0.0,,,,,0.0,0.0,31.0,0.0,0.0,0.0,87.0,36.5,0
9768,SO-0501,ASI Nidhi Vaghela,ASI,35,2026-07-15 15:21:49+00:00,83.0,88.0,,21.2613479,72.7809298,19.399999618530273,-0.312,0.714,-0.117,,0.0,0.0,0.0,,,,,0.0,0.0,30.0,-1.1999999998124622e-06,2.999999964004019e-07,0.02,88.0,36.5,0
9775,SO-0501,ASI Nidhi Vaghela,ASI,35,2026-07-15 15:22:19+00:00,85.0,81.0,,21.2613492,72.7809297,19.399999618530273,-0.894,0.179,0.004,,0.0,0.0,0.0,,,,,0.0,0.0,30.0,1.300000000981072e-06,-9.999999406318238e-08,0.02,81.0,36.5,0
9782,SO-0501,ASI Nidhi Vaghela,ASI,35,2026-07-15 15:22:49+00:00,91.0,82.0,,21.2613472,72.7809292,19.399999618530273,-0.92,0.605,-0.241,,0.0,0.0,0.0,,,,,0.0,0.0,30.0,-2.0000000020559128e-06,-4.999999987376214e-07,0.03,82.0,36.5,2
9789,SO-0501,ASI Nidhi Vaghela,ASI,35,2026-07-15 15:23:19+00:00,84.0,88.0,,21.2613483,72.78093,19.399999618530273,-0.861,0.438,-0.145,,0.0,0.0,0.0,,,,,0.0,0.0,30.0,1.100000002196566e-06,7.999999951380232e-07,0.02,88.0,36.5,0
9796,SO-0501,ASI Nidhi Vaghela,ASI,35,2026-07-15 15:23:49+00:00,86.0,88.0,,21.2613472,72.7809292,19.399999618530273,-0.906,-0.07,-0.331,,0.0,0.0,0.0,,,,,0.0,0.0,30.0,-1.100000002196566e-06,-7.999999951380232e-07,0.02,88.0,36.5,0
9803,SO-0501,ASI Nidhi Vaghela,ASI,35,2026-07-15 15:24:19+00:00,85.0,88.0,,21.261349,72.7809298,19.399999618530273,-1.315,0.04,-0.244,,0.0,0.0,0.0,,,,,0.0,0.0,30.0,1.7999999997186933e-06,5.999999928008037e-07,0.03,88.0,36.5,0
9810,SO-0501,ASI Nidhi Vaghela,ASI,35,2026-07-15 15:24:48+00:00,85.0,88.0,,21.2613468,72.7809285,19.399999618530273,-0.316,0.087,-0.862,,0.0,0.0,0.0,,,,,0.0,0.0,29.0,-2.2000000008404186e-06,-1.2999999938756446e-06,0.03,88.0,36.5,0
9817,SO-0501,ASI Nidhi Vaghela,ASI,35,2026-07-15 15:25:18+00:00,89.0,,,21.2613437,72.780924,19.399999618530273,0.005,0.019,1.088,,0.0,0.0,0.0,,,,,0.0,0.0,30.0,-3.0999999971470515e-06,-4.500000002849447e-06,0.07,88.0,36.5,0
9824,SO-0501,ASI Nidhi Vaghela,ASI,35,2026-07-15 15:25:48+00:00,91.0,,,21.2613419,72.7809225,19.399999618530273,0.004,0.019,1.093,,0.0,0.0,0.0,,,,,0.0,0.0,30.0,-1.7999999997186933e-06,-1.499999996212864e-06,0.03,88.0,36.5,2
9831,SO-0501,ASI Nidhi Vaghela,ASI,35,2026-07-15 15:26:18+00:00,82.0,,,21.2613455,72.7809267,19.399999618530273,0.007,0.018,1.09,,0.0,0.0,0.0,,,,,0.0,0.0,30.0,3.5999999994373866e-06,4.19999999223819e-06,0.07,88.0,36.5,0
9838,SO-0501,ASI Nidhi Vaghela,ASI,35,2026-07-15 15:26:48+00:00,85.0,,,21.2613472,72.7809275,19.399999618530273,0.009,0.021,1.095,,0.0,0.0,0.0,,,,,0.0,0.0,30.0,1.6999999985500835e-06,8.000000093488779e-07,0.02,88.0,36.5,0
9845,SO-0501,ASI Nidhi Vaghela,ASI,35,2026-07-15 15:27:18+00:00,88.0,,,21.2613472,72.7809275,19.399999618530273,0.008,0.02,1.093,,0.0,0.0,0.0,,,,,0.0,0.0,30.0,0.0,0.0,0.0,88.0,36.5,0
9851,SO-0501,ASI Nidhi Vaghela,ASI,35,2026-07-15 15:27:48+00:00,88.0,,,21.2613468,72.7809269,19.399999618530273,0.005,0.016,1.09,,0.0,0.0,0.0,,,,,0.0,0.0,30.0,-4.000000011217253e-07,-6.000000070116585e-07,0.01,88.0,36.5,0
9858,SO-0501,ASI Nidhi Vaghela,ASI,35,2026-07-15 15:28:18+00:00,83.0,,,21.2613419,72.7809225,19.399999618530273,0.003,0.02,1.094,,0.0,0.0,0.0,,,,,0.0,0.0,30.0,-4.899999996865745e-06,-4.39999999457541e-06,0.09,88.0,36.5,0
9865,SO-0501,ASI Nidhi Vaghela,ASI,35,2026-07-15 15:28:48+00:00,83.0,,,21.261345,72.7809271,19.399999618530273,0.009,0.019,1.085,,0.0,0.0,0.0,,,,,0.0,0.0,30.0,3.0999999971470515e-06,4.599999996912629e-06,0.07,88.0,36.5,0
9872,SO-0501,ASI Nidhi Vaghela,ASI,35,2026-07-15 15:29:18+00:00,85.0,,,21.2613483,72.78093,19.399999618530273,0.004,0.023,1.094,,0.0,0.0,0.0,,,,,0.0,0.0,30.0,3.3000000030369847e-06,2.8999999983625457e-06,0.06,88.0,36.5,0
9879,SO-0501,ASI Nidhi Vaghela,ASI,35,2026-07-15 15:29:48+00:00,83.0,,,21.2613461,72.7809264,19.399999618530273,0.014,0.018,1.093,,0.0,0.0,0.0,,,,,0.0,0.0,30.0,-2.2000000008404186e-06,-3.5999999994373866e-06,0.05,88.0,36.5,0
9886,SO-0501,ASI Nidhi Vaghela,ASI,35,2026-07-15 15:30:18+00:00,86.0,,,21.261349,72.7809298,19.399999618530273,0.002,0.025,1.088,,0.0,0.0,0.0,,,,,0.0,0.0,30.0,2.8999999983625457e-06,3.399999997100167e-06,0.06,88.0,36.5,0
9891,SO-0501,ASI Nidhi Vaghela,ASI,35,2026-07-15 15:30:48+00:00,85.0,,,21.2613492,72.7809297,19.399999618530273,0.007,0.022,1.091,,0.0,0.0,0.0,,,,,0.0,0.0,30.0,2.0000000233721948e-07,-9.999999406318238e-08,0.0,88.0,36.5,0
9897,SO-0501,ASI Nidhi Vaghela,ASI,35,2026-07-15 15:31:18+00:00,83.0,,,21.261349,72.7809298,19.399999618530273,0.007,0.022,1.092,,0.0,0.0,0.0,,,,,0.0,0.0,30.0,-2.0000000233721948e-07,9.999999406318238e-08,0.0,88.0,36.5,0
9903,SO-0501,ASI Nidhi Vaghela,ASI,35,2026-07-15 15:31:48+00:00,84.0,,,21.2613475,72.7809296,19.399999618530273,0.006,0.019,1.097,,0.0,0.0,0.0,,,,,0.0,0.0,30.0,-1.4999999997655775e-06,-2.0000000233721948e-07,0.02,88.0,36.5,0
9910,SO-0501,ASI Nidhi Vaghela,ASI,35,2026-07-15 15:32:18+00:00,82.0,,,21.2613492,72.7809297,19.399999618530273,0.006,0.021,1.099,,0.0,0.0,0.0,,,,,0.0,0.0,30.0,1.7000000021027972e-06,1.000000082740371e-07,0.02,88.0,36.5,0
9917,SO-0501,ASI Nidhi Vaghela,ASI,35,2026-07-15 15:32:49+00:00,82.0,,,21.2613492,72.7809297,19.399999618530273,0.006,0.022,1.092,,0.0,0.0,0.0,,,,,0.0,0.0,31.0,0.0,0.0,0.0,88.0,36.5,0
9923,SO-0501,ASI Nidhi Vaghela,ASI,35,2026-07-15 15:33:19+00:00,82.0,,,21.2613487,72.78093,19.399999618530273,0.007,0.018,1.091,,0.0,0.0,0.0,,,,,0.0,0.0,30.0,-5.00000002290335e-07,2.999999964004019e-07,0.01,88.0,36.5,0
9930,SO-0501,ASI Nidhi Vaghela,ASI,35,2026-07-15 15:33:48+00:00,83.0,,,21.2613483,72.78093,19.399999618530273,0.008,0.02,1.09,,0.0,0.0,0.0,,,,,0.0,0.0,29.0,-3.999999975690116e-07,0.0,0.01,88.0,36.5,0
9937,SO-0501,ASI Nidhi Vaghela,ASI,35,2026-07-15 15:34:18+00:00,85.0,,,21.2613474,72.7809274,19.399999618530273,0.005,0.019,1.095,,0.0,0.0,0.0,,,,,0.0,0.0,30.0,-9.000000034120603e-07,-2.600000001962144e-06,0.03,88.0,36.5,0
9943,SO-0501,ASI Nidhi Vaghela,ASI,35,2026-07-15 15:34:48+00:00,87.0,,,21.2613468,72.7809269,19.399999618530273,0.006,0.023,1.09,,0.0,0.0,0.0,,,,,0.0,0.0,30.0,-5.999999999062311e-07,-4.999999987376214e-07,0.01,88.0,36.5,0
9949,SO-0501,ASI Nidhi Vaghela,ASI,35,2026-07-15 15:35:18+00:00,88.0,,,21.2613468,72.7809269,19.399999618530273,0.002,0.024,1.095,,0.0,0.0,0.0,,,,,0.0,0.0,30.0,0.0,0.0,0.0,88.0,36.5,0
9955,SO-0501,ASI Nidhi Vaghela,ASI,35,2026-07-15 15:35:48+00:00,86.0,,,21.2613452,72.7809258,19.399999618530273,0.005,0.021,1.084,,0.0,0.0,0.0,,,,,0.0,0.0,30.0,-1.5999999973814738e-06,-1.099999991538425e-06,0.03,88.0,36.5,0
9960,SO-0501,ASI Nidhi Vaghela,ASI,35,2026-07-15 15:36:18+00:00,85.0,,,21.2613452,72.7809258,19.399999618530273,0.009,0.014,1.088,,0.0,0.0,0.0,,,,,0.0,0.0,30.0,0.0,0.0,0.0,88.0,36.5,0
9966,SO-0501,ASI Nidhi Vaghela,ASI,35,2026-07-15 15:36:48+00:00,84.0,,,21.2613295,72.7809002,19.399999618530273,0.0,0.02,1.088,,0.0,0.0,0.0,,,,,0.0,0.0,30.0,-1.5700000002283332e-05,-2.5600000000736145e-05,0.38,88.0,36.5,0
9972,SO-0501,ASI Nidhi Vaghela,ASI,35,2026-07-15 15:37:18+00:00,86.0,,,21.2613426,72.7809241,19.399999618530273,0.002,0.022,1.092,,0.0,0.0,0.0,,,,,0.0,0.0,30.0,1.3100000000321188e-05,2.3899999987975207e-05,0.34,88.0,36.5,0
9978,SO-0501,ASI Nidhi Vaghela,ASI,35,2026-07-15 15:37:48+00:00,83.0,,,21.2613442,72.7809251,19.399999618530273,0.004,0.02,1.093,,0.0,0.0,0.0,,,,,0.0,0.0,30.0,1.6000000009341877e-06,1.0000000116860974e-06,0.02,88.0,36.5,0
9984,SO-0501,ASI Nidhi Vaghela,ASI,35,2026-07-15 15:38:18+00:00,85.0,,,21.2613461,72.7809264,19.399999618530273,0.006,0.02,1.093,,0.0,0.0,0.0,,,,,0.0,0.0,30.0,1.900000000887303e-06,1.2999999938756446e-06,0.03,88.0,36.5,0
9990,SO-0501,ASI Nidhi Vaghela,ASI,35,2026-07-15 15:38:48+00:00,84.0,,,21.261349,72.7809298,19.399999618530273,0.007,0.018,1.094,,0.0,0.0,0.0,,,,,0.0,0.0,30.0,2.8999999983625457e-06,3.399999997100167e-06,0.06,88.0,36.5,0
9996,SO-0501,ASI Nidhi Vaghela,ASI,35,2026-07-15 15:39:18+00:00,83.0,,,21.2613419,72.7809225,19.399999618530273,0.006,0.018,1.095,,0.0,0.0,0.0,,,,,0.0,0.0,30.0,-7.099999997706163e-06,-7.2999999929379555e-06,0.13,88.0,36.5,0
10002,SO-0501,ASI Nidhi Vaghela,ASI,35,2026-07-15 15:39:48+00:00,86.0,,,21.2625293,72.782893,17.899999618530273,0.001,0.021,1.094,,0.0,0.0,0.0,,,,,0.0,0.0,30.0,0.0011873999999991,0.0019704999999987,29.14,88.0,36.5,1
10009,SO-0501,ASI Nidhi Vaghela,ASI,35,2026-07-15 15:40:18+00:00,87.0,,,21.2628401,72.7824428,17.700000762939453,0.004,0.02,1.088,,0.0,0.0,0.0,,,,,0.0,0.0,30.0,0.0003107999999976,-0.000450200000003,6.96,88.0,36.5,1
10016,SO-0501,ASI Nidhi Vaghela,ASI,35,2026-07-15 15:40:48+00:00,84.0,,,21.2613464,72.7809291,19.399999618530273,0.006,0.019,1.096,,0.0,0.0,0.0,,,,,0.0,0.0,30.0,-0.0014936999999974,-0.0015137000000038,27.38,88.0,36.5,1
10022,SO-0501,ASI Nidhi Vaghela,ASI,35,2026-07-15 15:41:19+00:00,81.0,,,21.2613472,72.7809296,19.399999618530273,0.007,0.019,1.097,,0.0,0.0,0.0,,,,,0.0,0.0,31.0,7.999999986907369e-07,4.999999987376214e-07,0.01,88.0,36.5,0
10028,SO-0501,ASI Nidhi Vaghela,ASI,35,2026-07-15 15:41:48+00:00,90.0,,,21.2613329,72.78091,19.399999618530273,0.006,0.018,1.101,,0.0,0.0,0.0,,,,,0.0,0.0,29.0,-1.430000000013365e-05,-1.959999998746298e-05,0.32,88.0,36.5,0
10033,SO-0501,ASI Nidhi Vaghela,ASI,35,2026-07-15 15:42:18+00:00,92.0,,,21.2613483,72.7809295,19.399999618530273,0.008,0.019,1.091,,0.0,0.0,0.0,,,,,0.0,0.0,30.0,1.5400000002330216e-05,1.9499999993399797e-05,0.32,88.0,36.5,2
10039,SO-0501,ASI Nidhi Vaghela,ASI,35,2026-07-15 15:42:47+00:00,89.0,,,21.2613285,72.7808856,19.399999618530273,0.003,0.02,1.093,,0.0,0.0,0.0,,,,,0.0,0.0,29.0,-1.980000000045834e-05,-4.389999999432348e-05,0.63,88.0,36.5,0
10045,SO-0501,ASI Nidhi Vaghela,ASI,35,2026-07-15 15:43:18+00:00,83.0,,,21.2613461,72.7809292,19.399999618530273,0.004,0.018,1.09,,0.0,0.0,0.0,,,,,0.0,0.0,31.0,1.759999999961792e-05,4.359999999792308e-05,0.57,88.0,36.5,0
10051,SO-0501,ASI Nidhi Vaghela,ASI,35,2026-07-15 15:43:48+00:00,87.0,,,21.2613476,72.7809293,19.399999618530273,0.004,0.019,1.093,,0.0,0.0,0.0,,,,,0.0,0.0,30.0,1.4999999997655775e-06,9.999999406318238e-08,0.02,88.0,36.5,0
10057,SO-0501,ASI Nidhi Vaghela,ASI,35,2026-07-15 15:44:18+00:00,86.0,,,21.2613457,72.7809304,19.700000762939453,0.005,0.021,1.091,,0.0,0.0,0.0,,,,,0.0,0.0,30.0,-1.900000000887303e-06,1.1000000057492798e-06,0.03,88.0,36.5,0
10063,SO-0501,ASI Nidhi Vaghela,ASI,35,2026-07-15 15:44:48+00:00,86.0,,,21.261349,72.7809302,19.399999618530273,0.004,0.021,1.093,,0.0,0.0,0.0,,,,,0.0,0.0,30.0,3.299999999484271e-06,-2.0000000233721948e-07,0.04,88.0,36.5,0
10623,SO-0501,ASI Nidhi Vaghela,ASI,35,2026-07-15 16:56:27+00:00,86.0,88.0,,21.2471039,72.7808268,17.899999618530273,0.264,0.003,1.054,,0.0,0.0,0.0,,,,,0.0,0.0,4299.0,-0.0142451000000001,-0.0001034000000004,0.0,88.0,36.5,0
10628,SO-0501,ASI Nidhi Vaghela,ASI,35,2026-07-15 16:56:57+00:00,85.0,87.0,,21.2613487,72.78093,17.899999618530273,0.313,-0.006,1.043,,0.0,0.0,0.0,,,,,0.0,0.0,30.0,0.0142448000000001,0.000103199999998,189.75,87.0,36.5,1
10653,SO-0501,ASI Nidhi Vaghela,ASI,35,2026-07-15 16:59:56+00:00,85.0,,,21.2613487,72.78093,17.899999618530273,-0.554,-0.6,0.315,,0.0,0.0,0.0,,,,,0.0,0.0,179.0,0.0,0.0,0.0,87.0,36.5,0
10658,SO-0501,ASI Nidhi Vaghela,ASI,35,2026-07-15 17:00:26+00:00,82.0,,,21.2613487,72.78093,17.899999618530273,0.342,-0.399,-0.765,,0.0,0.0,0.0,,,,,0.0,0.0,30.0,0.0,0.0,0.0,87.0,36.5,0
10663,SO-0501,ASI Nidhi Vaghela,ASI,35,2026-07-15 17:00:55+00:00,82.0,88.0,,21.2613485,72.7809294,17.899999618530273,-0.965,-0.211,0.157,,0.0,0.0,0.0,,,,,0.0,0.0,29.0,-1.999999987845058e-07,-5.999999928008037e-07,0.01,88.0,36.5,0
10668,SO-0501,ASI Nidhi Vaghela,ASI,35,2026-07-15 17:01:26+00:00,82.0,88.0,,21.2613294,72.7808991,19.399999618530273,-0.959,-0.184,0.278,,0.0,0.0,0.0,,,,,0.0,0.0,31.0,-1.90999999993835e-05,-3.030000000592281e-05,0.44,88.0,36.5,0
10673,SO-0501,ASI Nidhi Vaghela,ASI,35,2026-07-15 17:01:55+00:00,82.0,88.0,,21.2613489,72.7809295,19.399999618530273,-0.949,-0.216,-0.118,,0.0,0.0,0.0,,,,,0.0,0.0,29.0,1.9500000000505224e-05,3.039999999998599e-05,0.47,88.0,36.5,0
10678,SO-0501,ASI Nidhi Vaghela,ASI,35,2026-07-15 17:02:27+00:00,100.0,88.0,,21.2613489,72.7809295,19.399999618530273,-0.592,-0.628,-0.436,,0.0,0.0,0.0,,,,,0.0,0.0,32.0,0.0,0.0,0.0,88.0,36.5,2
10683,SO-0501,ASI Nidhi Vaghela,ASI,35,2026-07-15 17:02:57+00:00,99.0,86.0,,21.2613485,72.7809294,19.399999618530273,-0.364,-0.617,-0.114,,0.0,0.0,0.0,,,,,0.0,0.0,30.0,-4.000000011217253e-07,-9.999999406318238e-08,0.01,86.0,36.5,2
10688,SO-0501,ASI Nidhi Vaghela,ASI,35,2026-07-15 17:03:25+00:00,96.0,88.0,,21.2613474,72.7809289,19.399999618530273,-0.54,-0.369,0.842,,0.0,0.0,0.0,,,,,0.0,0.0,28.0,-1.100000002196566e-06,-4.999999987376214e-07,0.02,88.0,36.5,2
10693,SO-0501,ASI Nidhi Vaghela,ASI,35,2026-07-15 17:03:57+00:00,89.0,88.0,,21.2613474,72.7809289,19.399999618530273,-0.949,-0.172,0.039,,0.0,0.0,0.0,,,,,0.0,0.0,32.0,0.0,0.0,0.0,88.0,36.5,0
10698,SO-0501,ASI Nidhi Vaghela,ASI,35,2026-07-15 17:04:27+00:00,82.0,89.0,,21.2613486,72.7809298,19.399999618530273,-0.962,-0.196,0.079,,0.0,0.0,0.0,,,,,0.0,0.0,30.0,1.200000003365176e-06,8.999999892012056e-07,0.02,89.0,36.5,0
10703,SO-0501,ASI Nidhi Vaghela,ASI,35,2026-07-15 17:04:55+00:00,95.0,88.0,,21.2613479,72.7809298,19.399999618530273,-0.966,-0.197,0.024,,0.0,0.0,0.0,,,,,0.0,0.0,28.0,-7.000000010748408e-07,0.0,0.01,88.0,36.5,2
10708,SO-0501,ASI Nidhi Vaghela,ASI,35,2026-07-15 17:05:25+00:00,98.0,88.0,,21.2613482,72.7809293,19.399999618530273,-0.94,-0.189,-0.216,,0.0,0.0,0.0,,,,,0.0,0.0,30.0,2.999999999531156e-07,-4.999999987376214e-07,0.01,88.0,36.5,2
10713,SO-0501,ASI Nidhi Vaghela,ASI,35,2026-07-15 17:05:57+00:00,84.0,88.0,,21.2613482,72.7809293,19.399999618530273,-0.959,-0.206,-0.044,,0.0,0.0,0.0,,,,,0.0,0.0,32.0,0.0,0.0,0.0,88.0,36.5,0
10718,SO-0501,ASI Nidhi Vaghela,ASI,35,2026-07-15 17:06:27+00:00,82.0,88.0,,21.2613491,72.7809295,19.399999618530273,-0.961,-0.202,-0.069,,0.0,0.0,0.0,,,,,0.0,0.0,30.0,8.999999998593466e-07,2.0000000233721948e-07,0.01,88.0,36.5,0
10723,SO-0501,ASI Nidhi Vaghela,ASI,35,2026-07-15 17:06:55+00:00,85.0,88.0,,21.2613491,72.7809295,19.399999618530273,-0.959,-0.179,-0.057,,0.0,0.0,0.0,,,,,0.0,0.0,28.0,0.0,0.0,0.0,88.0,36.5,0
10728,SO-0501,ASI Nidhi Vaghela,ASI,35,2026-07-15 17:07:25+00:00,85.0,88.0,,21.2613489,72.7809295,19.399999618530273,-0.953,-0.177,-0.081,,0.0,0.0,0.0,,,,,0.0,0.0,30.0,-1.999999987845058e-07,0.0,0.0,88.0,36.5,0
10733,SO-0501,ASI Nidhi Vaghela,ASI,35,2026-07-15 17:07:56+00:00,86.0,88.0,,21.2613487,72.78093,19.399999618530273,-0.975,-0.198,0.099,,0.0,0.0,0.0,,,,,0.0,0.0,31.0,-2.0000000233721948e-07,4.999999987376214e-07,0.01,88.0,36.5,0
10738,SO-0501,ASI Nidhi Vaghela,ASI,35,2026-07-15 17:08:25+00:00,86.0,88.0,,21.2613491,72.7809295,19.399999618530273,-0.95,-0.212,-0.125,,0.0,0.0,0.0,,,,,0.0,0.0,29.0,4.000000011217253e-07,-4.999999987376214e-07,0.01,88.0,36.5,0
10743,SO-0501,ASI Nidhi Vaghela,ASI,35,2026-07-15 17:08:55+00:00,86.0,88.0,,21.2613482,72.7809293,19.399999618530273,-0.95,-0.193,-0.127,,0.0,0.0,0.0,,,,,0.0,0.0,30.0,-8.999999998593466e-07,-2.0000000233721948e-07,0.01,88.0,36.5,0
10748,SO-0501,ASI Nidhi Vaghela,ASI,35,2026-07-15 17:09:25+00:00,83.0,88.0,,21.2613474,72.7809289,19.399999618530273,-0.948,-0.183,-0.132,,0.0,0.0,0.0,,,,,0.0,0.0,30.0,-8.000000022434506e-07,-3.9999999046358425e-07,0.01,88.0,36.5,0
10753,SO-0501,ASI Nidhi Vaghela,ASI,35,2026-07-15 17:09:57+00:00,87.0,88.0,,21.2613474,72.7809289,19.399999618530273,-0.951,-0.177,-0.115,,0.0,0.0,0.0,,,,,0.0,0.0,32.0,0.0,0.0,0.0,88.0,36.5,0
10758,SO-0501,ASI Nidhi Vaghela,ASI,35,2026-07-15 17:10:27+00:00,85.0,88.0,,21.2613482,72.7809293,19.399999618530273,0.294,-0.604,-0.194,,0.0,0.0,0.0,,,,,0.0,0.0,30.0,8.000000022434506e-07,3.9999999046358425e-07,0.01,88.0,36.5,0
10762,SO-0501,ASI Nidhi Vaghela,ASI,35,2026-07-15 17:10:55+00:00,91.0,88.0,,21.2613294,72.7808991,19.399999618530273,-0.094,-0.868,-0.447,,0.0,0.0,0.0,,,,,0.0,0.0,28.0,-1.8799999999430383e-05,-3.0199999997648778e-05,0.48,88.0,36.5,2
10767,SO-0501,ASI Nidhi Vaghela,ASI,35,2026-07-15 17:11:27+00:00,95.0,88.0,,21.2613294,72.7808991,19.399999618530273,0.394,-0.88,-0.197,,0.0,0.0,0.0,,,,,0.0,0.0,32.0,0.0,0.0,0.0,88.0,36.5,2
10771,SO-0501,ASI Nidhi Vaghela,ASI,35,2026-07-15 17:11:57+00:00,91.0,84.0,,21.2613489,72.7809291,19.399999618530273,0.427,-0.869,-0.17,,0.0,0.0,0.0,,,,,0.0,0.0,30.0,1.9500000000505224e-05,2.9999999995311555e-05,0.45,84.0,36.5,2
10777,SO-0501,ASI Nidhi Vaghela,ASI,35,2026-07-15 17:12:25+00:00,81.0,86.0,,21.2613477,72.7809291,19.399999618530273,0.409,-0.891,-0.145,,0.0,0.0,0.0,,,,,0.0,0.0,28.0,-1.1999999998124622e-06,0.0,0.02,86.0,36.5,0
10781,SO-0501,ASI Nidhi Vaghela,ASI,35,2026-07-15 17:12:55+00:00,86.0,88.0,,21.2625293,72.7828919,17.899999618530273,0.538,-0.819,-0.04,,0.0,0.0,0.0,,,,,0.0,0.0,30.0,0.0011815999999988,0.0019628000000011,29.02,88.0,36.5,1
10787,SO-0501,ASI Nidhi Vaghela,ASI,35,2026-07-15 17:13:25+00:00,89.0,82.0,,21.2625295,72.7828908,17.899999618530273,0.292,-0.958,0.111,,0.0,0.0,0.0,,,,,0.0,0.0,30.0,1.999999987845058e-07,-1.099999991538425e-06,0.01,82.0,36.5,0
10792,SO-0501,ASI Nidhi Vaghela,ASI,35,2026-07-15 17:13:55+00:00,92.0,88.0,,21.2613485,72.7809294,17.899999618530273,0.406,-0.888,-0.126,,0.0,0.0,0.0,,,,,0.0,0.0,30.0,-0.0011809999999989,-0.001961399999999,29.0,88.0,36.5,1
10797,SO-0501,ASI Nidhi Vaghela,ASI,35,2026-07-15 17:14:25+00:00,92.0,83.0,,21.261349,72.7809298,17.899999618530273,0.446,-0.885,-0.038,,0.0,0.0,0.0,,,,,0.0,0.0,30.0,4.999999987376214e-07,3.9999999046358425e-07,0.01,83.0,36.5,2
10802,SO-0501,ASI Nidhi Vaghela,ASI,35,2026-07-15 17:14:56+00:00,92.0,86.0,,21.2613482,72.7809293,17.899999618530273,0.433,-0.901,-0.027,,0.0,0.0,0.0,,,,,0.0,0.0,31.0,-7.999999986907369e-07,-4.999999987376214e-07,0.01,86.0,36.5,2
10806,SO-0501,ASI Nidhi Vaghela,ASI,35,2026-07-15 17:15:25+00:00,92.0,61.0,,21.2613468,72.7809295,19.399999618530273,-0.518,0.102,1.077,,0.0,0.0,0.0,,,,,0.0,0.0,29.0,-1.4000000021496817e-06,2.0000000233721948e-07,0.02,61.0,36.5,2
10811,SO-0501,ASI Nidhi Vaghela,ASI,35,2026-07-15 17:15:55+00:00,85.0,86.0,,21.2613491,72.7809295,19.399999618530273,-0.842,0.473,0.197,,0.0,0.0,0.0,,,,,0.0,0.0,30.0,2.3000000020090283e-06,0.0,0.03,86.0,36.5,0
10815,SO-0501,ASI Nidhi Vaghela,ASI,35,2026-07-15 17:16:25+00:00,85.0,81.0,,21.2613479,72.7809293,19.399999618530273,-0.333,-0.077,1.078,,0.0,0.0,0.0,,,,,0.0,0.0,30.0,-1.1999999998124622e-06,-2.0000000233721948e-07,0.02,81.0,36.5,0
10818,SO-0501,ASI Nidhi Vaghela,ASI,35,2026-07-15 17:16:55+00:00,85.0,88.0,,21.2613475,72.780929,19.399999618530273,-0.637,0.289,0.794,,0.0,0.0,0.0,,,,,0.0,0.0,30.0,-4.000000011217253e-07,-2.999999964004019e-07,0.01,88.0,36.5,0
10822,SO-0501,ASI Nidhi Vaghela,ASI,35,2026-07-15 17:17:25+00:00,85.0,88.0,,21.2613479,72.7809293,19.399999618530273,-0.56,0.37,0.81,,0.0,0.0,0.0,,,,,0.0,0.0,30.0,4.000000011217253e-07,2.999999964004019e-07,0.01,88.0,36.5,0
10826,SO-0501,ASI Nidhi Vaghela,ASI,35,2026-07-15 17:17:55+00:00,84.0,83.0,,21.2613479,72.7809293,19.399999618530273,-0.472,0.062,0.927,,0.0,0.0,0.0,,,,,0.0,0.0,30.0,0.0,0.0,0.0,83.0,36.5,0
10830,SO-0501,ASI Nidhi Vaghela,ASI,35,2026-07-15 17:18:25+00:00,97.0,88.0,,21.2613482,72.7809293,19.399999618530273,-0.663,-0.503,0.626,,0.0,0.0,0.0,,,,,0.0,0.0,30.0,2.999999999531156e-07,0.0,0.0,88.0,36.5,2
10834,SO-0501,ASI Nidhi Vaghela,ASI,35,2026-07-15 17:18:55+00:00,87.0,88.0,,21.2613482,72.7809293,19.399999618530273,-0.831,-0.015,0.566,,0.0,0.0,0.0,,,,,0.0,0.0,30.0,0.0,0.0,0.0,88.0,36.5,0
10838,SO-0501,ASI Nidhi Vaghela,ASI,35,2026-07-15 17:19:25+00:00,86.0,86.0,,21.261348,72.7809292,19.399999618530273,-0.729,0.475,0.548,,0.0,0.0,0.0,,,,,0.0,0.0,30.0,-1.999999987845058e-07,-9.999999406318238e-08,0.0,86.0,36.5,0
10842,SO-0501,ASI Nidhi Vaghela,ASI,35,2026-07-15 17:19:56+00:00,98.0,88.0,,21.2613482,72.7809293,19.399999618530273,-0.509,-0.803,0.377,,0.0,0.0,0.0,,,,,0.0,0.0,31.0,1.999999987845058e-07,9.999999406318238e-08,0.0,88.0,36.5,2
10846,SO-0501,ASI Nidhi Vaghela,ASI,35,2026-07-15 17:20:25+00:00,89.0,88.0,,21.2613481,72.7809292,19.399999618530273,0.112,-0.78,0.703,,0.0,0.0,0.0,,,,,0.0,0.0,29.0,-1.0000000116860974e-07,-9.999999406318238e-08,0.0,88.0,36.5,0
10852,SO-0501,ASI Nidhi Vaghela,ASI,35,2026-07-15 17:22:09+00:00,90.0,80.0,,21.2613481,72.7809292,19.399999618530273,-0.89,0.376,0.031,,0.0,0.0,0.0,,,,,0.0,0.0,104.0,0.0,0.0,0.0,80.0,36.5,0
10853,SO-0501,ASI Nidhi Vaghela,ASI,35,2026-07-15 17:22:28+00:00,82.0,,,21.261349,72.7809298,19.399999618530273,-1.146,-0.436,0.418,,0.0,0.0,0.0,,,,,0.0,0.0,19.0,8.999999998593466e-07,5.999999928008037e-07,0.02,80.0,36.5,0
10858,SO-0501,ASI Nidhi Vaghela,ASI,35,2026-07-15 17:22:57+00:00,83.0,88.0,,21.2613476,72.7809296,19.399999618530273,-0.868,0.189,0.477,,0.0,0.0,0.0,,,,,0.0,0.0,29.0,-1.399999998596968e-06,-2.0000000233721948e-07,0.02,88.0,36.5,0
10861,SO-0501,ASI Nidhi Vaghela,ASI,35,2026-07-15 17:23:28+00:00,84.0,87.0,,21.2613476,72.7809296,19.399999618530273,-0.838,0.272,0.543,,0.0,0.0,0.0,,,,,0.0,0.0,31.0,0.0,0.0,0.0,87.0,36.5,0
10864,SO-0501,ASI Nidhi Vaghela,ASI,35,2026-07-15 17:23:58+00:00,84.0,88.0,,21.2613476,72.7809296,19.399999618530273,-0.771,-0.419,-0.172,,0.0,0.0,0.0,,,,,0.0,0.0,30.0,0.0,0.0,0.0,88.0,36.5,0
10867,SO-0501,ASI Nidhi Vaghela,ASI,35,2026-07-15 17:24:28+00:00,81.0,88.0,,21.2613479,72.7809298,19.399999618530273,-0.811,0.227,0.597,,0.0,0.0,0.0,,,,,0.0,0.0,30.0,2.999999999531156e-07,2.0000000233721948e-07,0.0,88.0,36.5,0
10870,SO-0501,ASI Nidhi Vaghela,ASI,35,2026-07-15 17:24:58+00:00,88.0,88.0,,21.2613476,72.7809296,19.399999618530273,-0.916,0.3,-0.43,,0.0,0.0,0.0,,,,,0.0,0.0,30.0,-2.999999999531156e-07,-2.0000000233721948e-07,0.0,88.0,36.5,0
10873,SO-0501,ASI Nidhi Vaghela,ASI,35,2026-07-15 17:25:28+00:00,92.0,,,21.2613482,72.78093,19.399999618530273,-0.956,0.824,0.47,,0.0,0.0,0.0,,,,,0.0,0.0,30.0,5.999999999062311e-07,4.0000000467443897e-07,0.01,88.0,36.5,2
10876,SO-0501,ASI Nidhi Vaghela,ASI,35,2026-07-15 17:25:58+00:00,87.0,88.0,,21.2613483,72.78093,19.399999618530273,-0.405,-0.264,0.988,,0.0,0.0,0.0,,,,,0.0,0.0,30.0,1.0000000116860974e-07,0.0,0.0,88.0,36.5,0
10879,SO-0501,ASI Nidhi Vaghela,ASI,35,2026-07-15 17:26:28+00:00,80.0,82.0,,21.2613491,72.7809295,19.399999618530273,-0.152,0.079,0.995,,0.0,0.0,0.0,,,,,0.0,0.0,30.0,7.999999986907369e-07,-4.999999987376214e-07,0.01,82.0,36.5,0
10882,SO-0501,ASI Nidhi Vaghela,ASI,35,2026-07-15 17:26:57+00:00,81.0,77.0,,21.2613438,72.780927,19.399999618530273,-1.989,-0.516,0.174,,0.0,0.0,0.0,,,,,0.0,0.0,29.0,-5.300000001540184e-06,-2.4999999936881068e-06,0.08,77.0,36.5,1
10885,SO-0501,ASI Nidhi Vaghela,ASI,35,2026-07-15 17:27:27+00:00,81.0,88.0,,21.2613479,72.7809298,19.399999618530273,-1.131,0.502,0.162,,0.0,0.0,0.0,,,,,0.0,0.0,30.0,4.100000001727722e-06,2.7999999900885086e-06,0.06,88.0,36.5,1
10887,SO-0501,ASI Nidhi Vaghela,ASI,35,2026-07-15 17:27:57+00:00,80.0,85.0,,21.2613483,72.78093,19.399999618530273,-0.285,0.936,0.204,,0.0,0.0,0.0,,,,,0.0,0.0,30.0,4.000000011217253e-07,2.0000000233721948e-07,0.01,85.0,36.5,1
10890,SO-0501,ASI Nidhi Vaghela,ASI,35,2026-07-15 17:28:27+00:00,81.0,88.0,,21.2613483,72.78093,19.399999618530273,-0.585,0.735,-0.177,,0.0,0.0,0.0,,,,,0.0,0.0,30.0,0.0,0.0,0.0,88.0,36.5,1
10893,SO-0501,ASI Nidhi Vaghela,ASI,35,2026-07-15 17:28:57+00:00,82.0,,,21.2613472,72.7809292,19.399999618530273,-0.958,0.379,-0.405,,0.0,0.0,0.0,,,,,0.0,0.0,30.0,-1.100000002196566e-06,-7.999999951380232e-07,0.02,88.0,36.5,1
10896,SO-0501,ASI Nidhi Vaghela,ASI,35,2026-07-15 17:29:27+00:00,85.0,86.0,,21.2613451,72.7809289,19.399999618530273,-0.833,-0.544,0.093,,0.0,0.0,0.0,,,,,0.0,0.0,30.0,-2.099999999671809e-06,-2.999999964004019e-07,0.03,86.0,36.5,0
10898,SO-0501,ASI Nidhi Vaghela,ASI,35,2026-07-15 17:29:57+00:00,85.0,,,21.261349,72.7809298,19.399999618530273,-0.39,1.306,0.188,,0.0,0.0,0.0,,,,,0.0,0.0,30.0,3.899999999390502e-06,8.999999892012056e-07,0.05,86.0,36.5,0
10901,SO-0501,ASI Nidhi Vaghela,ASI,35,2026-07-15 17:30:27+00:00,88.0,71.0,,21.2613468,72.7809285,19.399999618530273,-0.453,0.703,0.504,,0.0,0.0,0.0,,,,,0.0,0.0,30.0,-2.2000000008404186e-06,-1.2999999938756446e-06,0.03,71.0,36.5,0
10904,SO-0501,ASI Nidhi Vaghela,ASI,35,2026-07-15 17:30:57+00:00,80.0,54.0,,21.2613468,72.7809285,19.399999618530273,-0.518,0.11,-0.64,,0.0,0.0,0.0,,,,,0.0,0.0,30.0,0.0,0.0,0.0,54.0,36.5,0
10907,SO-0501,ASI Nidhi Vaghela,ASI,35,2026-07-15 17:31:27+00:00,82.0,,,21.2613477,72.7809291,19.399999618530273,-0.972,-0.201,-0.043,,0.0,0.0,0.0,,,,,0.0,0.0,30.0,9.000000034120603e-07,5.999999928008037e-07,0.01,54.0,36.5,0
10910,SO-0501,ASI Nidhi Vaghela,ASI,35,2026-07-15 17:31:57+00:00,82.0,68.0,,21.2613483,72.78093,19.399999618530273,-2.0,-0.597,0.099,,0.0,0.0,0.0,,,,,0.0,0.0,30.0,5.999999999062311e-07,9.000000034120603e-07,0.01,68.0,36.5,1
10913,SO-0501,ASI Nidhi Vaghela,ASI,35,2026-07-15 17:32:27+00:00,85.0,,,21.2613479,72.7809298,19.399999618530273,-0.805,0.463,-0.418,,0.0,0.0,0.0,,,,,0.0,0.0,30.0,-4.000000011217253e-07,-2.0000000233721948e-07,0.01,68.0,36.5,1
10916,SO-0501,ASI Nidhi Vaghela,ASI,35,2026-07-15 17:32:57+00:00,85.0,82.0,,21.261349,72.7809298,19.399999618530273,-0.353,0.309,1.262,,0.0,0.0,0.0,,,,,0.0,0.0,30.0,1.0999999986438525e-06,0.0,0.01,82.0,36.5,1
10919,SO-0501,ASI Nidhi Vaghela,ASI,35,2026-07-15 17:33:26+00:00,87.0,56.0,,21.2613472,72.7809292,19.399999618530273,-0.506,-0.698,-0.227,,0.0,0.0,0.0,,,,,0.0,0.0,29.0,-1.7999999997186933e-06,-5.999999928008037e-07,0.03,56.0,36.5,1
10922,SO-0501,ASI Nidhi Vaghela,ASI,35,2026-07-15 17:33:56+00:00,89.0,,,21.2613492,72.7809297,19.399999618530273,-0.731,0.325,-0.385,,0.0,0.0,0.0,,,,,0.0,0.0,30.0,2.0000000020559128e-06,4.999999987376214e-07,0.03,56.0,36.5,1
10925,SO-0501,ASI Nidhi Vaghela,ASI,35,2026-07-15 17:34:27+00:00,85.0,64.0,,21.2613373,72.7809194,19.399999618530273,-0.494,-1.078,0.107,,0.0,0.0,0.0,,,,,0.0,0.0,31.0,-1.1900000000508726e-05,-1.0299999999574538e-05,0.2,64.0,36.5,0
10928,SO-0501,ASI Nidhi Vaghela,ASI,35,2026-07-15 17:34:58+00:00,86.0,87.0,,21.2613373,72.7809194,19.399999618530273,-0.623,-0.176,-0.675,,0.0,0.0,0.0,,,,,0.0,0.0,31.0,0.0,0.0,0.0,87.0,36.5,0
10931,SO-0501,ASI Nidhi Vaghela,ASI,35,2026-07-15 17:35:28+00:00,85.0,88.0,,21.2613301,72.7809022,19.399999618530273,-0.514,-0.654,-0.01,,0.0,0.0,0.0,,,,,0.0,0.0,30.0,-7.200000002427487e-06,-1.720000000204891e-05,0.23,88.0,36.5,0
10934,SO-0501,ASI Nidhi Vaghela,ASI,35,2026-07-15 17:35:56+00:00,84.0,87.0,,21.2613396,72.7809222,19.399999618530273,-0.662,0.768,0.136,,0.0,0.0,0.0,,,,,0.0,0.0,28.0,9.5000000008838e-06,2.0000000006348273e-05,0.3,87.0,36.5,0
10937,SO-0501,ASI Nidhi Vaghela,ASI,35,2026-07-15 17:36:27+00:00,80.0,88.0,,21.2613459,72.780927,19.399999618530273,-0.563,0.801,-0.161,,0.0,0.0,0.0,,,,,0.0,0.0,31.0,6.2999999990154265e-06,4.799999999249849e-06,0.1,88.0,36.5,0
10940,SO-0501,ASI Nidhi Vaghela,ASI,35,2026-07-15 17:36:57+00:00,82.0,74.0,,21.2632016,72.7800295,21.899999618530273,-0.343,0.956,0.267,,0.0,0.0,0.0,,,,,0.0,0.0,30.0,0.0018557000000001,-0.0008975000000077,27.12,74.0,36.5,1
10943,SO-0501,ASI Nidhi Vaghela,ASI,35,2026-07-15 17:37:28+00:00,95.0,79.0,,21.2613456,72.7809285,19.399999618530273,-0.311,0.953,0.149,,0.0,0.0,0.0,,,,,0.0,0.0,31.0,-0.001856,0.0008990000000039,26.25,79.0,36.5,1
10945,SO-0501,ASI Nidhi Vaghela,ASI,35,2026-07-15 17:37:56+00:00,84.0,63.0,,21.2625293,72.782893,17.899999618530273,0.109,1.423,0.507,,0.0,0.0,0.0,,,,,0.0,0.0,28.0,0.0011837000000021,0.0019644999999997,31.13,63.0,36.5,1
10947,SO-0501,ASI Nidhi Vaghela,ASI,35,2026-07-15 17:38:27+00:00,91.0,,,21.2613474,72.7809288,17.899999618530273,-0.349,1.123,0.298,,0.0,0.0,0.0,,,,,0.0,0.0,31.0,-0.0011819000000024,-0.0019642000000033,28.1,63.0,36.5,1
10949,SO-0501,ASI Nidhi Vaghela,ASI,35,2026-07-15 17:38:57+00:00,91.0,78.0,,21.2613474,72.7809288,17.899999618530273,-1.184,0.21,0.098,,0.0,0.0,0.0,,,,,0.0,0.0,30.0,0.0,0.0,0.0,78.0,36.5,2
10951,SO-0501,ASI Nidhi Vaghela,ASI,35,2026-07-15 17:39:28+00:00,87.0,54.0,,21.2625878,72.7828469,18.700000762939453,-0.605,0.767,0.115,,0.0,0.0,0.0,,,,,0.0,0.0,31.0,0.0012404000000003,0.0019180999999974,28.06,54.0,36.5,1
10953,SO-0501,ASI Nidhi Vaghela,ASI,35,2026-07-15 17:39:58+00:00,84.0,88.0,,21.2628401,72.7824421,17.700000762939453,-0.574,-0.517,0.749,,0.0,0.0,0.0,,,,,0.0,0.0,30.0,0.0002522999999996,-0.0004047999999983,6.05,88.0,36.5,1
10955,SO-0501,ASI Nidhi Vaghela,ASI,35,2026-07-15 17:40:28+00:00,82.0,85.0,,21.2628196,72.782638,17.899999618530273,-0.563,-0.625,0.879,,0.0,0.0,0.0,,,,,0.0,0.0,30.0,-2.0499999997980467e-05,0.0001959000000084,2.45,85.0,36.5,0
10957,SO-0501,ASI Nidhi Vaghela,ASI,35,2026-07-15 17:40:57+00:00,83.0,88.0,,21.2634144,72.7832627,34.30000019073486,-0.379,-0.629,0.094,,0.0,0.0,0.0,,,,,0.0,0.0,29.0,0.0005947999999982,0.0006246999999888,11.47,88.0,36.5,1
10959,SO-0501,ASI Nidhi Vaghela,ASI,35,2026-07-15 17:41:28+00:00,84.0,84.0,,21.2613323,72.7809038,19.399999618530273,-0.832,-0.129,0.413,,0.0,0.0,0.0,,,,,0.0,0.0,31.0,-0.002082099999999,-0.0023588999999901,39.05,84.0,36.5,1
10961,SO-0501,ASI Nidhi Vaghela,ASI,35,2026-07-15 17:41:57+00:00,89.0,88.0,,21.2626225,72.7830166,17.899999618530273,-0.694,-0.285,-0.561,,0.0,0.0,0.0,,,,,0.0,0.0,29.0,0.0012901999999996,0.0021127999999919,32.45,88.0,36.5,1
10963,SO-0501,ASI Nidhi Vaghela,ASI,35,2026-07-15 17:42:27+00:00,90.0,84.0,,21.2613308,72.7809032,19.399999618530273,-0.901,-0.192,0.457,,0.0,0.0,0.0,,,,,0.0,0.0,30.0,-0.0012916999999994,-0.0021133999999989,31.39,84.0,36.5,1
10965,SO-0501,ASI Nidhi Vaghela,ASI,35,2026-07-15 17:42:57+00:00,85.0,88.0,,21.2634304,72.7832722,34.30000019073486,-0.861,-0.238,0.596,,0.0,0.0,0.0,,,,,0.0,0.0,30.0,0.002099600000001,0.0023690000000016,40.6,88.0,36.5,1
10967,SO-0501,ASI Nidhi Vaghela,ASI,35,2026-07-15 17:43:27+00:00,81.0,66.0,,21.2634304,72.7832722,34.30000019073486,-0.723,0.618,-0.189,,0.0,0.0,0.0,,,,,0.0,0.0,30.0,0.0,0.0,0.0,66.0,36.5,0
10969,SO-0501,ASI Nidhi Vaghela,ASI,35,2026-07-15 17:43:58+00:00,95.0,83.0,,21.2617345,72.7807013,34.30000019073486,-0.067,-0.716,0.633,,0.0,0.0,0.0,,,,,0.0,0.0,31.0,-0.0016959000000014,-0.0025708999999949,37.86,83.0,36.5,1
10971,SO-0501,ASI Nidhi Vaghela,ASI,35,2026-07-15 17:44:28+00:00,92.0,88.0,,21.2616978,72.7807222,34.30000019073486,-0.277,1.053,-0.031,,0.0,0.0,0.0,,,,,0.0,0.0,30.0,-3.669999999900142e-05,2.089999999554948e-05,0.55,88.0,36.5,2
10973,SO-0501,ASI Nidhi Vaghela,ASI,35,2026-07-15 17:44:58+00:00,82.0,85.0,,21.2616978,72.7807222,34.30000019073486,-0.897,0.4,-0.022,,0.0,0.0,0.0,,,,,0.0,0.0,30.0,0.0,0.0,0.0,85.0,36.5,0
10975,SO-0501,ASI Nidhi Vaghela,ASI,35,2026-07-15 17:45:28+00:00,89.0,63.0,,21.2613455,72.7809284,19.399999618530273,-0.323,1.122,-0.077,,0.0,0.0,0.0,,,,,0.0,0.0,30.0,-0.0003522999999994,0.0002061999999938,5.35,63.0,36.5,1
10977,SO-0501,ASI Nidhi Vaghela,ASI,35,2026-07-15 17:45:57+00:00,89.0,86.0,,21.2625295,72.7828908,17.899999618530273,-0.504,0.787,-0.198,,0.0,0.0,0.0,,,,,0.0,0.0,29.0,0.0011839999999985,0.0019624000000106,30.04,86.0,36.5,1
10979,SO-0501,ASI Nidhi Vaghela,ASI,35,2026-07-15 17:46:27+00:00,90.0,88.0,,21.2625295,72.7828908,17.899999618530273,-0.48,-0.151,-0.745,,0.0,0.0,0.0,,,,,0.0,0.0,30.0,0.0,0.0,0.0,88.0,36.5,0
10981,SO-0501,ASI Nidhi Vaghela,ASI,35,2026-07-15 17:46:58+00:00,85.0,88.0,,21.2688059,72.7919072,17.899999618530273,-0.378,1.071,0.081,,0.0,0.0,0.0,,,,,0.0,0.0,31.0,0.0062764000000008,0.009016399999993,135.26,88.0,36.5,1
10983,SO-0501,ASI Nidhi Vaghela,ASI,35,2026-07-15 17:47:28+00:00,95.0,88.0,,21.2625295,72.7828908,17.899999618530273,-0.398,0.973,-0.139,,0.0,0.0,0.0,,,,,0.0,0.0,30.0,-0.0062764000000008,-0.009016399999993,139.77,88.0,36.5,1
10985,SO-0501,ASI Nidhi Vaghela,ASI,35,2026-07-15 17:47:58+00:00,80.0,84.0,,21.2625805,72.7828486,17.899999618530273,-0.325,0.956,0.075,,0.0,0.0,0.0,,,,,0.0,0.0,30.0,5.099999999913507e-05,-4.220000000998425e-05,0.86,84.0,36.5,0
10987,SO-0501,ASI Nidhi Vaghela,ASI,35,2026-07-15 17:48:28+00:00,85.0,80.0,,21.2626647,72.7827844,18.700000762939453,-0.346,0.975,-0.119,,0.0,0.0,0.0,,,,,0.0,0.0,30.0,8.419999999986771e-05,-6.419999999707215e-05,1.38,80.0,36.5,0
10989,SO-0501,ASI Nidhi Vaghela,ASI,35,2026-07-15 17:48:58+00:00,91.0,77.0,,21.261454,72.7812098,19.700000762939453,-0.373,1.001,0.124,,0.0,0.0,0.0,,,,,0.0,0.0,30.0,-0.0012106999999978,-0.0015745999999978,25.35,77.0,36.5,1
10991,SO-0501,ASI Nidhi Vaghela,ASI,35,2026-07-15 17:49:27+00:00,85.0,87.0,,21.2611295,72.7802798,17.499998092651367,-0.329,0.96,0.085,,0.0,0.0,0.0,,,,,0.0,0.0,29.0,-0.0003245000000013,-0.0009299999999967,12.76,87.0,36.5,1
10994,SO-0501,ASI Nidhi Vaghela,ASI,35,2026-07-15 17:49:58+00:00,82.0,87.0,,21.261336,72.7808912,17.499998092651367,-0.803,-0.357,0.372,,0.0,0.0,0.0,,,,,0.0,0.0,31.0,0.0002065000000008,0.0006113999999968,7.82,87.0,36.5,1
10997,SO-0501,ASI Nidhi Vaghela,ASI,35,2026-07-15 17:50:28+00:00,85.0,82.0,,21.2625295,72.7828908,17.899999618530273,-0.824,-0.333,-0.375,,0.0,0.0,0.0,,,,,0.0,0.0,30.0,0.0011934999999994,0.0019996000000048,29.49,82.0,36.5,1
11001,SO-0501,ASI Nidhi Vaghela,ASI,35,2026-07-15 17:50:57+00:00,85.0,88.0,,21.2625293,72.7828919,17.899999618530273,-0.777,-0.44,-0.388,,0.0,0.0,0.0,,,,,0.0,0.0,29.0,-1.999999987845058e-07,1.099999991538425e-06,0.01,88.0,36.5,0
11005,SO-0501,ASI Nidhi Vaghela,ASI,35,2026-07-15 17:51:28+00:00,90.0,81.0,,21.2625293,72.7828919,17.899999618530273,-0.482,0.12,-0.906,,0.0,0.0,0.0,,,,,0.0,0.0,31.0,0.0,0.0,0.0,81.0,36.5,0
11009,SO-0501,ASI Nidhi Vaghela,ASI,35,2026-07-15 17:51:58+00:00,83.0,56.0,,21.2625295,72.7828908,17.899999618530273,-0.31,0.966,0.11,,0.0,0.0,0.0,,,,,0.0,0.0,30.0,1.999999987845058e-07,-1.099999991538425e-06,0.01,56.0,36.5,0
11013,SO-0501,ASI Nidhi Vaghela,ASI,35,2026-07-15 17:52:28+00:00,84.0,88.0,,21.2625295,72.7828908,17.899999618530273,-0.214,0.08,1.206,,0.0,0.0,0.0,,,,,0.0,0.0,30.0,0.0,0.0,0.0,88.0,36.5,0
11017,SO-0501,ASI Nidhi Vaghela,ASI,35,2026-07-15 17:52:58+00:00,81.0,79.0,,21.2625295,72.7828908,17.899999618530273,-0.282,0.958,-0.164,,0.0,0.0,0.0,,,,,0.0,0.0,30.0,0.0,0.0,0.0,79.0,36.5,0
11021,SO-0501,ASI Nidhi Vaghela,ASI,35,2026-07-15 17:53:28+00:00,89.0,83.0,,21.2625295,72.7828908,17.899999618530273,-0.233,0.906,-0.191,,0.0,0.0,0.0,,,,,0.0,0.0,30.0,0.0,0.0,0.0,83.0,36.5,0
11025,SO-0501,ASI Nidhi Vaghela,ASI,35,2026-07-15 17:53:57+00:00,93.0,86.0,,21.2613402,72.7809221,19.399999618530273,-0.28,0.954,-0.133,,0.0,0.0,0.0,,,,,0.0,0.0,29.0,-0.0011893,-0.0019687000000061,30.14,86.0,36.5,1
11029,SO-0501,ASI Nidhi Vaghela,ASI,35,2026-07-15 17:54:27+00:00,96.0,88.0,,21.2613324,72.780905,19.399999618530273,-0.242,0.969,0.025,,0.0,0.0,0.0,,,,,0.0,0.0,30.0,-7.799999998781004e-06,-1.7099999993774873e-05,0.24,88.0,36.5,2
11033,SO-0501,ASI Nidhi Vaghela,ASI,35,2026-07-15 17:54:55+00:00,83.0,78.0,,21.2625295,72.7828908,17.899999618530273,-0.359,0.502,-0.685,,0.0,0.0,0.0,,,,,0.0,0.0,28.0,0.0011970999999988,0.0019857999999999,31.47,78.0,36.5,1
11037,SO-0501,ASI Nidhi Vaghela,ASI,35,2026-07-15 17:55:28+00:00,83.0,78.0,,21.2625295,72.7828908,17.899999618530273,-1.69,0.731,-0.616,,0.0,0.0,0.0,,,,,0.0,0.0,33.0,0.0,0.0,0.0,78.0,36.5,1
11041,SO-0501,ASI Nidhi Vaghela,ASI,35,2026-07-15 17:55:58+00:00,86.0,84.0,,21.2625295,72.7828908,17.899999618530273,-0.607,-0.077,-0.447,,0.0,0.0,0.0,,,,,0.0,0.0,30.0,0.0,0.0,0.0,84.0,36.5,1
11045,SO-0501,ASI Nidhi Vaghela,ASI,35,2026-07-15 17:56:28+00:00,86.0,86.0,,21.2625295,72.7828908,17.899999618530273,-0.802,0.377,0.706,,0.0,0.0,0.0,,,,,0.0,0.0,30.0,0.0,0.0,0.0,86.0,36.5,1
11049,SO-0501,ASI Nidhi Vaghela,ASI,35,2026-07-15 17:56:58+00:00,83.0,87.0,,21.2625295,72.7828908,17.899999618530273,-0.929,0.359,0.176,,0.0,0.0,0.0,,,,,0.0,0.0,30.0,0.0,0.0,0.0,87.0,36.5,1
11054,SO-0501,ASI Nidhi Vaghela,ASI,35,2026-07-15 17:57:28+00:00,82.0,79.0,,21.2625295,72.7828908,17.899999618530273,-0.675,0.274,-0.075,,0.0,0.0,0.0,,,,,0.0,0.0,30.0,0.0,0.0,0.0,79.0,36.5,1
11057,SO-0501,ASI Nidhi Vaghela,ASI,35,2026-07-15 17:57:58+00:00,84.0,88.0,,21.2625295,72.7828908,17.899999618530273,-0.888,0.394,0.09,,0.0,0.0,0.0,,,,,0.0,0.0,30.0,0.0,0.0,0.0,88.0,36.5,0
11061,SO-0501,ASI Nidhi Vaghela,ASI,35,2026-07-15 17:58:28+00:00,84.0,88.0,,21.2625295,72.7828908,17.899999618530273,-0.932,0.305,-0.094,,0.0,0.0,0.0,,,,,0.0,0.0,30.0,0.0,0.0,0.0,88.0,36.5,0
11065,SO-0501,ASI Nidhi Vaghela,ASI,35,2026-07-15 17:58:58+00:00,90.0,88.0,,21.2625295,72.7828908,17.899999618530273,-0.966,0.314,-0.049,,0.0,0.0,0.0,,,,,0.0,0.0,30.0,0.0,0.0,0.0,88.0,36.5,0
11069,SO-0501,ASI Nidhi Vaghela,ASI,35,2026-07-15 17:59:28+00:00,85.0,88.0,,21.2616684,72.7811657,17.899999618530273,-1.176,0.74,-0.269,,0.0,0.0,0.0,,,,,0.0,0.0,30.0,-0.000861099999998,-0.0017251000000015,24.31,88.0,36.5,1
11073,SO-0501,ASI Nidhi Vaghela,ASI,35,2026-07-15 17:59:58+00:00,96.0,77.0,,21.2616651,72.7811592,17.899999618530273,-0.594,0.769,-0.179,,0.0,0.0,0.0,,,,,0.0,0.0,30.0,-3.3000000030369847e-06,-6.499999997799932e-06,0.09,77.0,36.5,2
11077,SO-0501,ASI Nidhi Vaghela,ASI,35,2026-07-15 18:00:28+00:00,84.0,87.0,,21.2616651,72.7811592,17.899999618530273,-0.12,-0.521,0.943,,0.0,0.0,0.0,,,,,0.0,0.0,30.0,0.0,0.0,0.0,87.0,36.5,0
11081,SO-0501,ASI Nidhi Vaghela,ASI,35,2026-07-15 18:00:58+00:00,80.0,88.0,,21.2616651,72.7811592,17.899999618530273,-0.718,0.263,-0.526,,0.0,0.0,0.0,,,,,0.0,0.0,30.0,0.0,0.0,0.0,88.0,36.5,0
11085,SO-0501,ASI Nidhi Vaghela,ASI,35,2026-07-15 18:01:28+00:00,86.0,88.0,,21.2616651,72.7811592,17.899999618530273,-0.716,0.194,-0.587,,0.0,0.0,0.0,,,,,0.0,0.0,30.0,0.0,0.0,0.0,88.0,36.5,0
11089,SO-0501,ASI Nidhi Vaghela,ASI,35,2026-07-15 18:01:58+00:00,84.0,88.0,,21.2616651,72.7811592,17.899999618530273,-0.941,0.322,-0.155,,0.0,0.0,0.0,,,,,0.0,0.0,30.0,0.0,0.0,0.0,88.0,36.5,0
11093,SO-0501,ASI Nidhi Vaghela,ASI,35,2026-07-15 18:02:28+00:00,87.0,88.0,,21.2616259,72.7808884,17.899999618530273,-0.543,0.331,-0.657,,0.0,0.0,0.0,,,,,0.0,0.0,30.0,-3.9199999999794954e-05,-0.0002708000000097,3.4,88.0,36.5,0
11097,SO-0501,ASI Nidhi Vaghela,ASI,35,2026-07-15 18:02:58+00:00,87.0,88.0,,21.2616256,72.7808866,17.899999618530273,-0.902,0.501,-0.009,,0.0,0.0,0.0,,,,,0.0,0.0,30.0,-2.999999999531156e-07,-1.799999992613266e-06,0.02,88.0,36.5,0
11101,SO-0501,ASI Nidhi Vaghela,ASI,35,2026-07-15 18:03:28+00:00,84.0,89.0,,21.2616454,72.7808328,17.899999618530273,-0.611,0.761,-0.183,,0.0,0.0,0.0,,,,,0.0,0.0,30.0,1.980000000045834e-05,-5.3800000003434434e-05,0.72,89.0,36.5,0
11105,SO-0501,ASI Nidhi Vaghela,ASI,35,2026-07-15 18:03:58+00:00,83.0,88.0,,21.2616458,72.7808316,17.899999618530273,-0.712,0.665,-0.294,,0.0,0.0,0.0,,,,,0.0,0.0,30.0,4.000000011217253e-07,-1.1999999998124622e-06,0.02,88.0,36.5,0
11109,SO-0501,ASI Nidhi Vaghela,ASI,35,2026-07-15 18:04:28+00:00,95.0,88.0,,21.2616772,72.7807746,17.899999618530273,-0.678,0.53,-0.356,,0.0,0.0,0.0,,,,,0.0,0.0,30.0,3.140000000101395e-05,-5.699999999819738e-05,0.82,88.0,36.5,2
11113,SO-0501,ASI Nidhi Vaghela,ASI,35,2026-07-15 18:04:58+00:00,85.0,83.0,,21.2616779,72.7807733,17.899999618530273,-0.845,0.661,-0.142,,0.0,0.0,0.0,,,,,0.0,0.0,30.0,6.999999975221272e-07,-1.2999999938756446e-06,0.02,83.0,36.5,0
11118,SO-0501,ASI Nidhi Vaghela,ASI,35,2026-07-15 18:05:28+00:00,86.0,82.0,,21.2616701,72.7807599,17.899999618530273,-0.746,-0.415,-0.158,,0.0,0.0,0.0,,,,,0.0,0.0,30.0,-7.799999998781004e-06,-1.3400000000274304e-05,0.2,82.0,36.5,0
11123,SO-0501,ASI Nidhi Vaghela,ASI,35,2026-07-15 18:05:58+00:00,88.0,88.0,,21.2616698,72.7807594,17.899999618530273,-0.279,0.864,-0.282,,0.0,0.0,0.0,,,,,0.0,0.0,30.0,-2.999999999531156e-07,-5.000000129484761e-07,0.01,88.0,36.5,0
11128,SO-0501,ASI Nidhi Vaghela,ASI,35,2026-07-15 18:06:28+00:00,90.0,,,21.2616863,72.7807334,17.899999618530273,-0.581,0.052,-0.889,,0.0,0.0,0.0,,,,,0.0,0.0,30.0,1.650000000097407e-05,-2.599999999119973e-05,0.39,88.0,36.5,0
11133,SO-0501,ASI Nidhi Vaghela,ASI,35,2026-07-15 18:06:58+00:00,85.0,82.0,,21.2616872,72.780732,17.899999618530273,-0.162,0.08,-0.949,,0.0,0.0,0.0,,,,,0.0,0.0,30.0,8.999999998593466e-07,-1.4000000021496817e-06,0.02,82.0,36.5,0
11138,SO-0501,ASI Nidhi Vaghela,ASI,35,2026-07-15 18:07:28+00:00,83.0,83.0,,21.2616872,72.780732,17.899999618530273,-0.665,0.028,-0.741,,0.0,0.0,0.0,,,,,0.0,0.0,30.0,0.0,0.0,0.0,83.0,36.5,0
11143,SO-0501,ASI Nidhi Vaghela,ASI,35,2026-07-15 18:07:58+00:00,86.0,86.0,,21.2616872,72.780732,17.899999618530273,-0.659,0.043,-0.479,,0.0,0.0,0.0,,,,,0.0,0.0,30.0,0.0,0.0,0.0,86.0,36.5,0
11148,SO-0501,ASI Nidhi Vaghela,ASI,35,2026-07-15 18:08:28+00:00,90.0,86.0,,21.2616872,72.780732,17.899999618530273,-0.595,0.133,-0.627,,0.0,0.0,0.0,,,,,0.0,0.0,30.0,0.0,0.0,0.0,86.0,36.5,0
11153,SO-0501,ASI Nidhi Vaghela,ASI,35,2026-07-15 18:08:58+00:00,84.0,80.0,,21.2616872,72.780732,17.899999618530273,-0.958,-0.039,-0.692,,0.0,0.0,0.0,,,,,0.0,0.0,30.0,0.0,0.0,0.0,80.0,36.5,0
11158,SO-0501,ASI Nidhi Vaghela,ASI,35,2026-07-15 18:09:28+00:00,93.0,88.0,,21.2616872,72.780732,17.899999618530273,-0.724,0.639,0.308,,0.0,0.0,0.0,,,,,0.0,0.0,30.0,0.0,0.0,0.0,88.0,36.5,2
11163,SO-0501,ASI Nidhi Vaghela,ASI,35,2026-07-15 18:09:58+00:00,85.0,88.0,,21.2616872,72.780732,17.899999618530273,-0.897,0.099,-0.564,,0.0,0.0,0.0,,,,,0.0,0.0,30.0,0.0,0.0,0.0,88.0,36.5,0
11168,SO-0501,ASI Nidhi Vaghela,ASI,35,2026-07-15 18:10:28+00:00,89.0,,,21.2616872,72.780732,17.899999618530273,-0.806,0.342,-0.507,,0.0,0.0,0.0,,,,,0.0,0.0,30.0,0.0,0.0,0.0,88.0,36.5,0
11174,SO-0501,ASI Nidhi Vaghela,ASI,35,2026-07-15 18:10:58+00:00,100.0,88.0,,21.2625295,72.7828908,17.899999618530273,-1.553,-0.217,0.06,,0.0,0.0,0.0,,,,,0.0,0.0,30.0,0.0008422999999986,0.0021588000000036,29.07,88.0,36.5,1
11180,SO-0501,ASI Nidhi Vaghela,ASI,35,2026-07-15 18:11:28+00:00,90.0,79.0,,21.2625295,72.7828908,17.899999618530273,-0.68,1.104,-0.329,,0.0,0.0,0.0,,,,,0.0,0.0,30.0,0.0,0.0,0.0,79.0,36.5,0
11185,SO-0501,ASI Nidhi Vaghela,ASI,35,2026-07-15 18:11:58+00:00,85.0,75.0,,21.2625295,72.7828908,17.899999618530273,-0.509,0.545,-0.555,,0.0,0.0,0.0,,,,,0.0,0.0,30.0,0.0,0.0,0.0,75.0,36.5,0
11190,SO-0501,ASI Nidhi Vaghela,ASI,35,2026-07-15 18:12:28+00:00,90.0,,,21.2625295,72.7828908,17.899999618530273,-0.07,0.954,-0.632,,0.0,0.0,0.0,,,,,0.0,0.0,30.0,0.0,0.0,0.0,75.0,36.5,0
11196,SO-0501,ASI Nidhi Vaghela,ASI,35,2026-07-15 18:12:58+00:00,90.0,,,21.2625295,72.7828908,17.899999618530273,-0.575,-0.146,0.571,,0.0,0.0,0.0,,,,,0.0,0.0,30.0,0.0,0.0,0.0,75.0,36.5,0
11202,SO-0501,ASI Nidhi Vaghela,ASI,35,2026-07-15 18:13:28+00:00,93.0,89.0,,21.2625547,72.7829374,17.899999618530273,-0.559,0.843,-0.032,,0.0,0.0,0.0,,,,,0.0,0.0,30.0,2.519999999961442e-05,4.6599999990348806e-05,0.67,89.0,36.5,2
11208,SO-0501,ASI Nidhi Vaghela,ASI,35,2026-07-15 18:13:57+00:00,92.0,69.0,,21.2613426,72.7809223,19.399999618530273,-0.713,0.661,0.103,,0.0,0.0,0.0,,,,,0.0,0.0,29.0,-0.0012121,-0.0020150999999941,30.82,69.0,36.5,1
11214,SO-0501,ASI Nidhi Vaghela,ASI,35,2026-07-15 18:14:27+00:00,92.0,66.0,,21.2628682,72.7826425,17.899999618530273,-0.426,0.952,0.133,,0.0,0.0,0.0,,,,,0.0,0.0,30.0,0.0015256000000007,0.001720199999994,29.49,66.0,36.5,1
11220,SO-0501,ASI Nidhi Vaghela,ASI,35,2026-07-15 18:14:57+00:00,81.0,85.0,,21.2626644,72.7827127,17.700000762939453,-0.423,0.719,-0.459,,0.0,0.0,0.0,,,,,0.0,0.0,30.0,-0.0002038000000013,7.020000001034532e-05,2.85,85.0,36.5,0
11226,SO-0501,ASI Nidhi Vaghela,ASI,35,2026-07-15 18:15:27+00:00,86.0,88.0,,21.2631753,72.7830266,17.899999618530273,0.334,0.315,0.923,,0.0,0.0,0.0,,,,,0.0,0.0,30.0,0.0005109000000018,0.0003138999999947,7.84,88.0,36.5,1
11232,SO-0501,ASI Nidhi Vaghela,ASI,35,2026-07-15 18:15:57+00:00,92.0,87.0,,21.2618476,72.7814192,17.899999618530273,-0.261,0.925,-0.103,,0.0,0.0,0.0,,,,,0.0,0.0,30.0,-0.0013277000000009,-0.0016073999999974,26.67,87.0,36.5,1
11237,SO-0501,ASI Nidhi Vaghela,ASI,35,2026-07-15 18:16:26+00:00,83.0,87.0,,21.2616951,72.7809122,17.899999618530273,0.083,1.151,-0.064,,0.0,0.0,0.0,,,,,0.0,0.0,29.0,-0.0001524999999986,-0.0005069999999989,6.85,87.0,36.5,1
11244,SO-0501,ASI Nidhi Vaghela,ASI,35,2026-07-15 18:16:55+00:00,88.0,78.0,,21.261681,72.7808699,18.5,-1.022,0.096,-0.175,,0.0,0.0,0.0,,,,,0.0,0.0,29.0,-1.4100000001349144e-05,-4.230000000404743e-05,0.58,78.0,36.5,0
11250,SO-0501,ASI Nidhi Vaghela,ASI,35,2026-07-15 18:17:24+00:00,94.0,63.0,,21.2616796,72.7808604,17.30000114440918,-1.531,0.903,-0.531,,0.0,0.0,0.0,,,,,0.0,0.0,29.0,-1.399999998596968e-06,-9.500000004436515e-06,0.12,63.0,36.5,1
11256,SO-0501,ASI Nidhi Vaghela,ASI,35,2026-07-15 18:17:55+00:00,87.0,88.0,,21.2616819,72.7808511,19.299999237060547,-0.173,0.077,0.914,,0.0,0.0,0.0,,,,,0.0,0.0,31.0,2.2999999984563142e-06,-9.29999998788844e-06,0.12,88.0,36.5,1
11261,SO-0501,ASI Nidhi Vaghela,ASI,35,2026-07-15 18:18:23+00:00,81.0,85.0,,21.2618437,72.7807899,17.30000114440918,0.225,0.463,1.12,,0.0,0.0,0.0,,,,,0.0,0.0,28.0,0.0001618000000007,-6.120000000464643e-05,2.45,85.0,36.5,1
11268,SO-0501,ASI Nidhi Vaghela,ASI,35,2026-07-15 18:18:55+00:00,86.0,87.0,,21.2624739,72.7801475,17.700000762939453,-0.719,-0.543,-0.188,,0.0,0.0,0.0,,,,,0.0,0.0,32.0,0.0006301999999998,-0.0006424000000038,10.86,87.0,36.5,1
11273,SO-0501,ASI Nidhi Vaghela,ASI,35,2026-07-15 18:19:25+00:00,91.0,88.0,,21.2626207,72.7795301,18.5,-0.658,-0.626,-0.306,,0.0,0.0,0.0,,,,,0.0,0.0,30.0,0.0001467999999995,-0.0006173999999958,7.92,88.0,36.5,1
11279,SO-0501,ASI Nidhi Vaghela,ASI,35,2026-07-15 18:19:55+00:00,82.0,88.0,,21.2620955,72.7793175,18.899999618530273,-0.548,-0.543,-0.464,,0.0,0.0,0.0,,,,,0.0,0.0,30.0,-0.0005251999999984,-0.0002125999999975,7.48,88.0,36.5,1
11285,SO-0501,ASI Nidhi Vaghela,ASI,35,2026-07-15 18:20:25+00:00,81.0,88.0,,21.2603126,72.7802505,18.799999237060547,-0.76,0.389,0.99,,0.0,0.0,0.0,,,,,0.0,0.0,30.0,-0.001782900000002,0.0009329999999891,26.43,88.0,36.5,1
11292,SO-0501,ASI Nidhi Vaghela,ASI,35,2026-07-15 18:20:56+00:00,88.0,88.0,,21.2577633,72.7813683,19.700000762939453,-0.665,-0.514,-0.298,,0.0,0.0,0.0,,,,,0.0,0.0,31.0,-0.0025492999999983,0.0011178000000029,35.5,88.0,36.5,1
11298,SO-0501,ASI Nidhi Vaghela,ASI,35,2026-07-15 18:21:26+00:00,92.0,88.0,,21.255866,72.7823013,17.700000762939453,-0.662,-0.51,-0.275,,0.0,0.0,0.0,,,,,0.0,0.0,30.0,-0.0018972999999995,0.0009330000000034,27.8,88.0,36.5,1
11304,SO-0501,ASI Nidhi Vaghela,ASI,35,2026-07-15 18:21:56+00:00,90.0,87.0,,21.2531191,72.7835388,17.399999618530273,-0.704,-0.649,-0.169,,0.0,0.0,0.0,,,,,0.0,0.0,30.0,-0.0027469000000017,0.001237500000002,39.69,87.0,36.5,1
11309,SO-0501,ASI Nidhi Vaghela,ASI,35,2026-07-15 18:22:26+00:00,97.0,88.0,,21.2503258,72.7846743,20.100000381469727,0.018,-1.016,0.285,,0.0,0.0,0.0,,,,,0.0,0.0,30.0,-0.0027933000000004,0.0011355000000037,39.79,88.0,36.5,1
11314,SO-0501,ASI Nidhi Vaghela,ASI,35,2026-07-15 18:22:56+00:00,96.0,88.0,,21.2472385,72.7856162,18.5,-0.867,-0.618,0.11,,0.0,0.0,0.0,,,,,0.0,0.0,30.0,-0.0030872999999971,0.0009419000000008,42.76,88.0,36.5,1
11320,SO-0501,ASI Nidhi Vaghela,ASI,35,2026-07-15 18:23:26+00:00,81.0,88.0,,21.2460461,72.7860692,18.200000762939453,-1.1,-0.119,-0.06,,0.0,0.0,0.0,,,,,0.0,0.0,30.0,-0.0011924000000007,0.0004529999999931,16.85,88.0,36.5,1
11326,SO-0501,ASI Nidhi Vaghela,ASI,35,2026-07-15 18:23:56+00:00,86.0,85.0,,21.2433956,72.7870331,18.299999237060547,-0.906,-0.395,0.744,,0.0,0.0,0.0,,,,,0.0,0.0,30.0,-0.0026505000000014,0.0009639000000021,37.28,85.0,36.5,1
11332,SO-0501,ASI Nidhi Vaghela,ASI,35,2026-07-15 18:24:26+00:00,87.0,89.0,,21.2411893,72.7878714,19.299999237060547,-0.991,-0.052,0.243,,0.0,0.0,0.0,,,,,0.0,0.0,30.0,-0.0022063000000009,0.000838299999998,31.18,89.0,36.5,1
11338,SO-0501,ASI Nidhi Vaghela,ASI,35,2026-07-15 18:24:56+00:00,95.0,85.0,,21.2395422,72.7885376,17.499998092651367,-0.021,-1.015,0.382,,0.0,0.0,0.0,,,,,0.0,0.0,30.0,-0.0016470999999995,0.0006661999999977,23.45,85.0,36.5,1
11344,SO-0501,ASI Nidhi Vaghela,ASI,35,2026-07-15 18:25:26+00:00,91.0,88.0,,21.2394339,72.7888263,17.399999618530273,-0.424,-0.876,0.212,,0.0,0.0,0.0,,,,,0.0,0.0,30.0,-0.0001082999999972,0.0002886999999986,3.87,88.0,36.5,2
11350,SO-0501,ASI Nidhi Vaghela,ASI,35,2026-07-15 18:25:56+00:00,93.0,87.0,,21.2392756,72.7888077,17.399999618530273,-0.839,-0.517,-0.097,,0.0,0.0,0.0,,,,,0.0,0.0,30.0,-0.0001583000000024,-1.8599999989987737e-05,2.12,87.0,36.5,2
11356,SO-0501,ASI Nidhi Vaghela,ASI,35,2026-07-15 18:26:26+00:00,83.0,88.0,,21.2393438,72.7888127,17.399999618530273,-0.846,-0.169,0.045,,0.0,0.0,0.0,,,,,0.0,0.0,30.0,6.820000000118398e-05,4.9999999873762135e-06,0.91,88.0,36.5,0
11362,SO-0501,ASI Nidhi Vaghela,ASI,35,2026-07-15 18:26:56+00:00,82.0,88.0,,21.239423,72.7885597,17.399999618530273,-0.802,-0.449,-0.155,,0.0,0.0,0.0,,,,,0.0,0.0,30.0,7.919999999828065e-05,-0.0002530000000007,3.32,88.0,36.5,0
11368,SO-0501,ASI Nidhi Vaghela,ASI,35,2026-07-15 18:27:26+00:00,93.0,88.0,,21.2393733,72.7886761,17.399999618530273,-0.633,0.694,0.388,,0.0,0.0,0.0,,,,,0.0,0.0,30.0,-4.9699999998154e-05,0.0001164000000102,1.59,88.0,36.5,2
11374,SO-0501,ASI Nidhi Vaghela,ASI,35,2026-07-15 18:27:55+00:00,82.0,88.0,,21.2392677,72.7887007,17.399999618530273,-0.655,0.671,0.33,,0.0,0.0,0.0,,,,,0.0,0.0,29.0,-0.0001056000000012,2.4600000003260906e-05,1.49,88.0,36.5,0
11380,SO-0501,ASI Nidhi Vaghela,ASI,35,2026-07-15 18:28:24+00:00,95.0,82.0,,21.2388662,72.7887586,17.399999618530273,-0.861,0.634,0.307,,0.0,0.0,0.0,,,,,0.0,0.0,29.0,-0.0004014999999988,5.789999998739859e-05,5.58,82.0,36.5,1
11385,SO-0501,ASI Nidhi Vaghela,ASI,35,2026-07-15 18:28:53+00:00,84.0,88.0,,21.2374166,72.789238,17.499998092651367,-0.701,0.108,0.823,,0.0,0.0,0.0,,,,,0.0,0.0,29.0,-0.0014496000000008,0.0004794000000032,20.9,88.0,36.5,1
11391,SO-0501,ASI Nidhi Vaghela,ASI,35,2026-07-15 18:29:23+00:00,84.0,88.0,,21.2356683,72.7897882,17.499998092651367,-0.781,0.606,0.328,,0.0,0.0,0.0,,,,,0.0,0.0,30.0,-0.0017482999999991,0.0005502000000063,24.27,88.0,36.5,1
11398,SO-0501,ASI Nidhi Vaghela,ASI,35,2026-07-15 18:29:53+00:00,82.0,86.0,,21.2333374,72.790509,17.499998092651367,-0.733,-0.043,0.725,,0.0,0.0,0.0,,,,,0.0,0.0,30.0,-0.0023309000000004,0.0007207999999963,32.31,86.0,36.5,1
11404,SO-0501,ASI Nidhi Vaghela,ASI,35,2026-07-15 18:30:25+00:00,88.0,87.0,,21.2313959,72.7908407,17.499998092651367,-0.703,0.695,0.187,,0.0,0.0,0.0,,,,,0.0,0.0,32.0,-0.0019415000000009,0.0003317000000038,24.55,87.0,36.5,1
11409,SO-0501,ASI Nidhi Vaghela,ASI,35,2026-07-15 18:30:56+00:00,87.0,88.0,,21.2290848,72.7904948,15.699996948242188,-0.725,0.05,0.706,,0.0,0.0,0.0,,,,,0.0,0.0,31.0,-0.0023111,-0.0003458999999992,30.08,88.0,36.5,1
11414,SO-0501,ASI Nidhi Vaghela,ASI,35,2026-07-15 18:31:24+00:00,85.0,86.0,,21.2274282,72.7900346,15.39999771118164,-0.805,0.598,0.291,,0.0,0.0,0.0,,,,,0.0,0.0,28.0,-0.0016566000000004,-0.0004602000000062,24.42,86.0,36.5,1
11419,SO-0501,ASI Nidhi Vaghela,ASI,35,2026-07-15 18:31:56+00:00,86.0,88.0,,21.2250361,72.7897037,15.499996185302734,-0.808,0.164,0.564,,0.0,0.0,0.0,,,,,0.0,0.0,32.0,-0.002392099999998,-0.0003308999999944,30.12,88.0,36.5,1
11424,SO-0501,ASI Nidhi Vaghela,ASI,35,2026-07-15 18:32:24+00:00,99.0,88.0,,21.2237577,72.7896423,15.499996185302734,-0.137,-0.069,1.047,,0.0,0.0,0.0,,,,,0.0,0.0,28.0,-0.0012784000000003,-6.140000000698365e-05,18.26,88.0,36.5,1
11429,SO-0501,ASI Nidhi Vaghela,ASI,35,2026-07-15 18:32:56+00:00,93.0,88.0,,21.2232635,72.7895385,16.80000114440918,-0.403,-0.033,1.005,,0.0,0.0,0.0,,,,,0.0,0.0,32.0,-0.0004941999999985,-0.0001037999999908,6.29,88.0,36.5,1
11433,SO-0501,ASI Nidhi Vaghela,ASI,35,2026-07-15 18:33:24+00:00,94.0,88.0,,21.2222779,72.7899451,15.699996948242188,-0.352,0.135,1.061,,0.0,0.0,0.0,,,,,0.0,0.0,28.0,-0.0009855999999999,0.0004065999999909,15.07,88.0,36.5,1
11439,SO-0501,ASI Nidhi Vaghela,ASI,35,2026-07-15 18:33:56+00:00,90.0,85.0,,21.220949,72.7902236,15.099998474121094,-0.346,0.174,0.973,,0.0,0.0,0.0,,,,,0.0,0.0,32.0,-0.0013289000000007,0.0002785000000073,16.91,85.0,36.5,1
11444,SO-0501,ASI Nidhi Vaghela,ASI,35,2026-07-15 18:34:26+00:00,86.0,88.0,,21.2186727,72.7906836,15.099998474121094,0.157,-0.793,0.318,,0.0,0.0,0.0,,,,,0.0,0.0,30.0,-0.0022763000000018,0.0004599999999896,30.85,88.0,36.5,1
11449,SO-0501,ASI Nidhi Vaghela,ASI,35,2026-07-15 18:34:55+00:00,94.0,86.0,,21.2164467,72.7914489,14.599998474121094,-0.703,-0.675,-0.161,,0.0,0.0,0.0,,,,,0.0,0.0,29.0,-0.0022260000000002,0.0007653000000118,32.21,86.0,36.5,1
11454,SO-0501,ASI Nidhi Vaghela,ASI,35,2026-07-15 18:35:26+00:00,99.0,86.0,,21.2152239,72.7917444,15.099998474121094,-0.743,-0.672,-0.315,,0.0,0.0,0.0,,,,,0.0,0.0,31.0,-0.0012227999999971,0.0002954999999928,16.16,86.0,36.5,1
11460,SO-0501,ASI Nidhi Vaghela,ASI,35,2026-07-15 18:35:56+00:00,91.0,88.0,,21.2133573,72.7923016,15.099998474121094,-0.026,-0.975,0.19,,0.0,0.0,0.0,,,,,0.0,0.0,30.0,-0.0018666000000031,0.0005572000000029,25.81,88.0,36.5,1
11466,SO-0501,ASI Nidhi Vaghela,ASI,35,2026-07-15 18:36:25+00:00,91.0,88.0,,21.2117458,72.7932371,14.89999771118164,-0.727,0.032,0.742,,0.0,0.0,0.0,,,,,0.0,0.0,29.0,-0.0016114999999992,0.000935499999997,25.25,88.0,36.5,1
11472,SO-0501,ASI Nidhi Vaghela,ASI,35,2026-07-15 18:36:56+00:00,85.0,87.0,,21.2113013,72.7935303,14.599998474121094,-0.132,0.447,1.261,,0.0,0.0,0.0,,,,,0.0,0.0,31.0,-0.0004445000000004,0.0002932000000015,6.73,87.0,36.5,1
11476,SO-0501,ASI Nidhi Vaghela,ASI,35,2026-07-15 18:37:23+00:00,88.0,75.0,,21.2111097,72.7934474,14.499996185302734,-0.847,0.817,0.247,,0.0,0.0,0.0,,,,,0.0,0.0,27.0,-0.0001915999999972,-8.289999999533393e-05,3.06,75.0,36.5,0
11482,SO-0501,ASI Nidhi Vaghela,ASI,35,2026-07-15 18:37:56+00:00,88.0,56.0,,21.2111105,72.7932757,14.499996185302734,-0.608,0.985,0.359,,0.0,0.0,0.0,,,,,0.0,0.0,33.0,7.999999986907369e-07,-0.0001717000000098,1.94,56.0,36.5,0
11487,SO-0501,ASI Nidhi Vaghela,ASI,35,2026-07-15 18:38:27+00:00,82.0,63.0,,21.2110566,72.7931612,14.699996948242188,-0.102,0.986,0.36,,0.0,0.0,0.0,,,,,0.0,0.0,31.0,-5.390000000105033e-05,-0.0001144999999951,1.54,63.0,36.5,0
11492,SO-0501,ASI Nidhi Vaghela,ASI,35,2026-07-15 18:38:57+00:00,89.0,72.0,,21.2110528,72.793148,14.699996948242188,-0.583,0.431,0.768,,0.0,0.0,0.0,,,,,0.0,0.0,30.0,-3.799999998221893e-06,-1.3199999997937084e-05,0.17,72.0,36.5,0
11497,SO-0501,ASI Nidhi Vaghela,ASI,35,2026-07-15 18:39:27+00:00,83.0,83.0,,21.2110583,72.7931574,14.699996948242188,-0.368,0.918,0.122,,0.0,0.0,0.0,,,,,0.0,0.0,30.0,5.50000000032469e-06,9.399999996162478e-06,0.14,83.0,36.5,0
11502,SO-0501,ASI Nidhi Vaghela,ASI,35,2026-07-15 18:39:57+00:00,84.0,88.0,,21.2110571,72.7931547,14.699996948242188,-0.208,0.541,-0.733,,0.0,0.0,0.0,,,,,0.0,0.0,30.0,-1.1999999998124622e-06,-2.6999999960253263e-06,0.04,88.0,36.5,0
11507,SO-0501,ASI Nidhi Vaghela,ASI,35,2026-07-15 18:40:27+00:00,84.0,88.0,,21.2110626,72.7931522,14.699996948242188,-0.897,-0.326,0.14,,0.0,0.0,0.0,,,,,0.0,0.0,30.0,5.50000000032469e-06,-2.5000000078989615e-06,0.08,88.0,36.5,0
11512,SO-0501,ASI Nidhi Vaghela,ASI,35,2026-07-15 18:40:57+00:00,90.0,85.0,,21.2110465,72.7931543,14.699996948242188,-0.122,0.688,0.811,,0.0,0.0,0.0,,,,,0.0,0.0,30.0,-1.6100000003405057e-05,2.1000000032245225e-06,0.22,85.0,36.5,0
11517,SO-0501,ASI Nidhi Vaghela,ASI,35,2026-07-15 18:41:25+00:00,89.0,,,21.2110988,72.7932396,14.699996948242188,-0.401,0.105,-0.439,,0.0,0.0,0.0,,,,,0.0,0.0,28.0,5.230000000011614e-05,8.530000000916971e-05,1.36,85.0,36.5,0
11521,SO-0501,ASI Nidhi Vaghela,ASI,35,2026-07-15 18:41:55+00:00,86.0,84.0,,21.2110611,72.7933257,14.799999237060549,-0.974,1.353,0.135,,0.0,0.0,0.0,,,,,0.0,0.0,30.0,-3.770000000002938e-05,8.609999999009688e-05,1.18,84.0,36.5,1
11527,SO-0501,ASI Nidhi Vaghela,ASI,35,2026-07-15 18:42:26+00:00,81.0,88.0,,21.2111301,72.7933951,14.599998474121094,-0.949,0.065,0.269,,0.0,0.0,0.0,,,,,0.0,0.0,31.0,6.899999999987472e-05,6.940000000099644e-05,1.22,88.0,36.5,1
11532,SO-0501,ASI Nidhi Vaghela,ASI,35,2026-07-15 18:42:57+00:00,82.0,87.0,,21.2110838,72.7934758,14.599998474121094,-0.007,-0.536,0.784,,0.0,0.0,0.0,,,,,0.0,0.0,31.0,-4.629999999750112e-05,8.069999999804622e-05,1.14,87.0,36.5,1
11537,SO-0501,ASI Nidhi Vaghela,ASI,35,2026-07-15 18:43:25+00:00,89.0,83.0,,21.2110512,72.7933735,14.499996185302734,-0.127,0.623,-0.709,,0.0,0.0,0.0,,,,,0.0,0.0,28.0,-3.260000000082641e-05,-0.0001022999999946,1.44,83.0,36.5,1
11542,SO-0501,ASI Nidhi Vaghela,ASI,35,2026-07-15 18:43:55+00:00,86.0,87.0,,21.2110452,72.7933476,14.799999237060549,-0.436,-0.166,-0.792,,0.0,0.0,0.0,,,,,0.0,0.0,30.0,-5.999999999062311e-06,-2.5899999997136547e-05,0.33,87.0,36.5,0
11547,SO-0501,ASI Nidhi Vaghela,ASI,35,2026-07-15 18:44:24+00:00,96.0,88.0,,21.211066,72.7933454,14.699996948242188,-0.402,-0.26,-0.767,,0.0,0.0,0.0,,,,,0.0,0.0,29.0,2.0799999997933583e-05,-2.199999997287705e-06,0.29,88.0,36.5,2
11552,SO-0501,ASI Nidhi Vaghela,ASI,35,2026-07-15 18:44:55+00:00,93.0,88.0,,21.2110693,72.7933356,14.599998474121094,-0.433,-0.242,-0.782,,0.0,0.0,0.0,,,,,0.0,0.0,31.0,3.299999999484271e-06,-9.800000000836915e-06,0.13,88.0,36.5,2
11557,SO-0501,ASI Nidhi Vaghela,ASI,35,2026-07-15 18:45:25+00:00,84.0,88.0,,21.2110775,72.7933288,14.599998474121094,-0.514,-0.189,-0.814,,0.0,0.0,0.0,,,,,0.0,0.0,30.0,8.19999999990273e-06,-6.800000008411189e-06,0.14,88.0,36.5,0
11561,SO-0501,ASI Nidhi Vaghela,ASI,35,2026-07-15 18:45:54+00:00,83.0,88.0,,21.2110801,72.7933265,14.599998474121094,-0.49,-0.164,-0.795,,0.0,0.0,0.0,,,,,0.0,0.0,29.0,2.600000001962144e-06,-2.2999999913508873e-06,0.05,88.0,36.5,0
11567,SO-0501,ASI Nidhi Vaghela,ASI,35,2026-07-15 18:46:25+00:00,82.0,88.0,,21.2110795,72.7933262,14.599998474121094,-0.378,0.903,0.048,,0.0,0.0,0.0,,,,,0.0,0.0,31.0,-5.999999999062311e-07,-3.000000106112566e-07,0.01,88.0,36.5,0
11572,SO-0501,ASI Nidhi Vaghela,ASI,35,2026-07-15 18:46:54+00:00,87.0,79.0,,21.2111297,72.7932857,14.599998474121094,-0.517,-0.14,-0.751,,0.0,0.0,0.0,,,,,0.0,0.0,29.0,5.0200000000444334e-05,-4.049999999722331e-05,0.87,79.0,36.5,0
11577,SO-0501,ASI Nidhi Vaghela,ASI,35,2026-07-15 18:47:24+00:00,84.0,84.0,,21.2110817,72.7933236,14.599998474121094,-0.766,-0.202,-0.487,,0.0,0.0,0.0,,,,,0.0,0.0,30.0,-4.7999999999603915e-05,3.789999999526117e-05,0.79,84.0,36.5,0
11581,SO-0501,ASI Nidhi Vaghela,ASI,35,2026-07-15 18:47:55+00:00,85.0,60.0,,21.2110703,72.7933233,14.599998474121094,-0.281,0.958,0.103,,0.0,0.0,0.0,,,,,0.0,0.0,31.0,-1.1400000001771105e-05,-2.999999964004019e-07,0.15,60.0,36.5,0
11587,SO-0501,ASI Nidhi Vaghela,ASI,35,2026-07-15 18:48:25+00:00,84.0,82.0,,21.211064,72.7933359,14.599998474121094,-0.24,1.004,0.005,,0.0,0.0,0.0,,,,,0.0,0.0,30.0,-6.2999999990154265e-06,1.260000000513628e-05,0.18,82.0,36.5,0
11592,SO-0501,ASI Nidhi Vaghela,ASI,35,2026-07-15 18:48:55+00:00,84.0,,,21.2112806,72.7935102,14.499996185302734,-0.722,0.763,0.324,,0.0,0.0,0.0,,,,,0.0,0.0,30.0,0.0002165999999981,0.0001742999999976,3.61,82.0,36.5,0
11597,SO-0501,ASI Nidhi Vaghela,ASI,35,2026-07-15 18:49:25+00:00,87.0,88.0,,21.210929,72.7938537,14.499996185302734,-0.894,-0.349,0.17,,0.0,0.0,0.0,,,,,0.0,0.0,30.0,-0.0003515999999983,0.0003434999999996,6.34,88.0,36.5,1
11602,SO-0501,ASI Nidhi Vaghela,ASI,35,2026-07-15 18:49:56+00:00,86.0,89.0,,21.2091101,72.7953263,14.89999771118164,-0.77,-0.205,-0.071,,0.0,0.0,0.0,,,,,0.0,0.0,31.0,-0.0018188999999999,0.0014725999999996,29.38,89.0,36.5,1
11607,SO-0501,ASI Nidhi Vaghela,ASI,35,2026-07-15 18:50:26+00:00,84.0,88.0,,21.2069985,72.7975593,14.89999771118164,-1.137,-0.128,-0.117,,0.0,0.0,0.0,,,,,0.0,0.0,30.0,-0.0021115999999992,0.0022330000000039,39.5,88.0,36.5,1
11612,SO-0501,ASI Nidhi Vaghela,ASI,35,2026-07-15 18:50:56+00:00,81.0,88.0,,21.2048612,72.7992818,14.799999237060549,-0.692,-0.748,0.086,,0.0,0.0,0.0,,,,,0.0,0.0,30.0,-0.0021373000000011,0.0017224999999996,35.61,88.0,36.5,1
11617,SO-0501,ASI Nidhi Vaghela,ASI,35,2026-07-15 18:51:26+00:00,81.0,88.0,,21.203132,72.8010023,14.799999237060549,-0.178,-0.966,0.095,,0.0,0.0,0.0,,,,,0.0,0.0,30.0,-0.0017291999999997,0.0017204999999904,31.42,88.0,36.5,1
11622,SO-0501,ASI Nidhi Vaghela,ASI,35,2026-07-15 18:51:56+00:00,83.0,88.0,,21.201545,72.8023168,14.699996948242188,-0.197,-0.986,0.132,,0.0,0.0,0.0,,,,,0.0,0.0,30.0,-0.0015870000000006,0.0013145000000065,26.71,88.0,36.5,1
11627,SO-0501,ASI Nidhi Vaghela,ASI,35,2026-07-15 18:52:25+00:00,84.0,88.0,,21.2003252,72.8035642,14.499996185302734,-0.302,-0.969,0.095,,0.0,0.0,0.0,,,,,0.0,0.0,29.0,-0.0012197999999976,0.0012473999999969,23.23,88.0,36.5,1
11632,SO-0501,ASI Nidhi Vaghela,ASI,35,2026-07-15 18:52:56+00:00,83.0,87.0,,21.2002222,72.8036112,13.699996948242188,-0.752,0.214,0.703,,0.0,0.0,0.0,,,,,0.0,0.0,31.0,-0.0001030000000028,4.70000000092341e-05,1.44,87.0,36.5,0
11637,SO-0501,ASI Nidhi Vaghela,ASI,35,2026-07-15 18:53:26+00:00,83.0,82.0,,21.1996904,72.8037971,13.599998474121094,-0.251,-0.932,0.086,,0.0,0.0,0.0,,,,,0.0,0.0,30.0,-0.0005317999999974,0.000185899999991,7.45,82.0,36.5,1
11642,SO-0501,ASI Nidhi Vaghela,ASI,35,2026-07-15 18:53:55+00:00,81.0,88.0,,21.1982134,72.8032559,12.89999771118164,-1.2,-0.249,-0.223,,0.0,0.0,0.0,,,,,0.0,0.0,29.0,-0.0014770000000012,-0.0005412000000006,21.51,88.0,36.5,1
11646,SO-0501,ASI Nidhi Vaghela,ASI,35,2026-07-15 18:54:25+00:00,88.0,88.0,,21.1977129,72.8031741,12.599998474121094,-0.278,-0.943,0.096,,0.0,0.0,0.0,,,,,0.0,0.0,30.0,-0.0005005000000011,-8.179999998958465e-05,6.74,88.0,36.5,1
11650,SO-0501,ASI Nidhi Vaghela,ASI,35,2026-07-15 18:54:56+00:00,83.0,87.0,,21.1958448,72.8022812,12.799999237060549,-0.177,-0.998,0.176,,0.0,0.0,0.0,,,,,0.0,0.0,31.0,-0.0018680999999993,-0.0008929000000108,26.36,87.0,36.5,1
11656,SO-0501,ASI Nidhi Vaghela,ASI,35,2026-07-15 18:55:25+00:00,81.0,88.0,,21.1945616,72.8018625,12.499996185302734,-0.198,-0.955,0.098,,0.0,0.0,0.0,,,,,0.0,0.0,29.0,-0.0012831999999995,-0.0004186999999973,18.48,88.0,36.5,1
11661,SO-0501,ASI Nidhi Vaghela,ASI,35,2026-07-15 18:55:55+00:00,82.0,83.0,,21.1941378,72.8020487,12.599998474121094,-1.108,-0.104,-0.02,,0.0,0.0,0.0,,,,,0.0,0.0,30.0,-0.0004238,0.0001862000000016,6.1,83.0,36.5,1
11666,SO-0501,ASI Nidhi Vaghela,ASI,35,2026-07-15 18:56:26+00:00,81.0,87.0,,21.1940897,72.8021113,12.799999237060549,-0.907,-0.089,0.439,,0.0,0.0,0.0,,,,,0.0,0.0,31.0,-4.8100000000772525e-05,6.260000000679611e-05,0.98,87.0,36.5,0
11671,SO-0501,ASI Nidhi Vaghela,ASI,35,2026-07-15 18:56:57+00:00,82.0,87.0,,21.1938841,72.8023842,12.599998474121094,-0.598,-0.46,-0.524,,0.0,0.0,0.0,,,,,0.0,0.0,31.0,-0.000205600000001,0.0002728999999987,4.22,87.0,36.5,0
11676,SO-0501,ASI Nidhi Vaghela,ASI,35,2026-07-15 18:57:28+00:00,85.0,88.0,,21.1937611,72.8023457,12.599998474121094,-0.934,-0.295,0.016,,0.0,0.0,0.0,,,,,0.0,0.0,31.0,-0.0001229999999985,-3.850000000227283e-05,1.65,88.0,36.5,0
11681,SO-0501,ASI Nidhi Vaghela,ASI,35,2026-07-15 18:57:56+00:00,95.0,88.0,,21.1938585,72.8025436,12.599998474121094,-0.929,-0.093,-0.065,,0.0,0.0,0.0,,,,,0.0,0.0,28.0,9.740000000135753e-05,0.0001979000000034,2.98,88.0,36.5,2
11686,SO-0501,ASI Nidhi Vaghela,ASI,35,2026-07-15 18:58:25+00:00,92.0,88.0,,21.1937703,72.8023415,12.599998474121094,-0.696,-0.498,-0.418,,0.0,0.0,0.0,,,,,0.0,0.0,29.0,-8.820000000042683e-05,-0.0002021000000098,2.87,88.0,36.5,2
11691,SO-0501,ASI Nidhi Vaghela,ASI,35,2026-07-15 18:58:54+00:00,83.0,,,21.1937081,72.8023375,12.599998474121094,-2.0,0.271,-0.018,,0.0,0.0,0.0,,,,,0.0,0.0,29.0,-6.220000000212167e-05,-4.0000000041118255e-06,0.86,88.0,36.5,1
11695,SO-0501,ASI Nidhi Vaghela,ASI,35,2026-07-15 18:59:24+00:00,95.0,88.0,,21.1937563,72.8023132,12.599998474121094,-0.605,0.62,0.615,,0.0,0.0,0.0,,,,,0.0,0.0,30.0,4.8200000001941135e-05,-2.429999999264965e-05,0.71,88.0,36.5,1
11701,SO-0501,ASI Nidhi Vaghela,ASI,35,2026-07-15 18:59:54+00:00,84.0,85.0,,21.1937792,72.8023048,12.599998474121094,-0.002,0.489,1.114,,0.0,0.0,0.0,,,,,0.0,0.0,30.0,2.2900000001158105e-05,-8.399999998687235e-06,0.32,85.0,36.5,1
11706,SO-0501,ASI Nidhi Vaghela,ASI,35,2026-07-15 19:00:24+00:00,84.0,85.0,,21.1935025,72.8027336,12.599998474121094,-0.774,0.608,0.457,,0.0,0.0,0.0,,,,,0.0,0.0,30.0,-0.0002767000000005,0.0004287999999945,6.48,85.0,36.5,1
11710,SO-0501,ASI Nidhi Vaghela,ASI,35,2026-07-15 19:00:54+00:00,84.0,87.0,,21.1918194,72.8049864,12.599998474121094,-0.545,-0.813,0.052,,0.0,0.0,0.0,,,,,0.0,0.0,30.0,-0.001683100000001,0.0022528000000079,35.86,87.0,36.5,1
11716,SO-0501,ASI Nidhi Vaghela,ASI,35,2026-07-15 19:01:24+00:00,81.0,88.0,,21.1892337,72.8076246,12.499996185302734,-0.551,-0.062,0.841,,0.0,0.0,0.0,,,,,0.0,0.0,30.0,-0.0025857000000009,0.0026381999999927,47.54,88.0,36.5,1
11723,SO-0501,ASI Nidhi Vaghela,ASI,35,2026-07-15 19:01:55+00:00,86.0,88.0,,21.1867113,72.8097612,12.599998474121094,-0.62,0.063,0.927,,0.0,0.0,0.0,,,,,0.0,0.0,31.0,-0.0025224000000001,0.0021366,41.44,88.0,36.5,1
11728,SO-0501,ASI Nidhi Vaghela,ASI,35,2026-07-15 19:02:24+00:00,86.0,85.0,,21.1863618,72.8110249,17.799999237060547,-0.766,-0.506,-0.186,,0.0,0.0,0.0,,,,,0.0,0.0,29.0,-0.0003494999999986,0.0012637000000097,16.94,85.0,36.5,1
11735,SO-0501,ASI Nidhi Vaghela,ASI,35,2026-07-15 19:02:55+00:00,80.0,86.0,,21.1845538,72.8126133,17.799999237060547,-0.805,-0.609,-0.143,,0.0,0.0,0.0,,,,,0.0,0.0,31.0,-0.0018080000000004,0.0015883999999886,30.13,86.0,36.5,1
11741,SO-0501,ASI Nidhi Vaghela,ASI,35,2026-07-15 19:03:26+00:00,84.0,88.0,,21.1833107,72.8140991,12.89999771118164,0.157,-0.909,0.288,,0.0,0.0,0.0,,,,,0.0,0.0,31.0,-0.0012430999999999,0.0014858000000117,24.0,88.0,36.5,1
11747,SO-0501,ASI Nidhi Vaghela,ASI,35,2026-07-15 19:03:57+00:00,85.0,86.0,,21.1822119,72.8153071,21.399999618530273,-0.798,-0.442,-0.203,,0.0,0.0,0.0,,,,,0.0,0.0,31.0,-0.0010988000000011,0.0012079999999912,20.29,86.0,36.5,1
11753,SO-0501,ASI Nidhi Vaghela,ASI,35,2026-07-15 19:04:25+00:00,85.0,88.0,,21.1812499,72.8171847,12.799999237060549,-0.614,-0.031,0.851,,0.0,0.0,0.0,,,,,0.0,0.0,28.0,-0.0009619999999976,0.0018776000000002,28.51,88.0,36.5,1
11759,SO-0501,ASI Nidhi Vaghela,ASI,35,2026-07-15 19:04:55+00:00,89.0,88.0,,21.1804919,72.8195562,13.39999771118164,-0.679,-0.049,0.845,,0.0,0.0,0.0,,,,,0.0,0.0,30.0,-0.0007580000000011,0.0023714999999953,31.14,88.0,36.5,1
11765,SO-0501,ASI Nidhi Vaghela,ASI,35,2026-07-15 19:05:26+00:00,81.0,88.0,,21.1808115,72.821771,15.499996185302734,-0.77,0.562,0.304,,0.0,0.0,0.0,,,,,0.0,0.0,31.0,0.0003196000000009,0.0022148000000044,26.94,88.0,36.5,1
11770,SO-0501,ASI Nidhi Vaghela,ASI,35,2026-07-15 19:05:57+00:00,97.0,88.0,,21.1811347,72.8235882,15.89999771118164,-0.581,0.209,0.827,,0.0,0.0,0.0,,,,,0.0,0.0,31.0,0.0003232000000004,0.0018172000000049,22.24,88.0,36.5,1
11775,SO-0501,ASI Nidhi Vaghela,ASI,35,2026-07-15 19:06:27+00:00,86.0,87.0,,21.1811817,72.8242003,15.39999771118164,-0.79,-0.685,1.072,,0.0,0.0,0.0,,,,,0.0,0.0,30.0,4.699999999857596e-05,0.0006120999999978,7.63,87.0,36.5,1
11779,SO-0501,ASI Nidhi Vaghela,ASI,35,2026-07-15 19:06:56+00:00,84.0,84.0,,21.1798649,72.8247377,15.39999771118164,-0.71,0.708,0.224,,0.0,0.0,0.0,,,,,0.0,0.0,29.0,-0.0013168000000014,0.0005373999999989,19.41,84.0,36.5,1
11786,SO-0501,ASI Nidhi Vaghela,ASI,35,2026-07-15 19:07:26+00:00,85.0,82.0,,21.1794767,72.8248006,16.30000114440918,-1.059,0.512,0.305,,0.0,0.0,0.0,,,,,0.0,0.0,30.0,-0.0003881999999997,6.290000000319651e-05,5.23,82.0,36.5,1
11792,SO-0501,ASI Nidhi Vaghela,ASI,35,2026-07-15 19:07:57+00:00,85.0,,,21.1795856,72.8247944,15.39999771118164,-0.187,0.846,0.028,,0.0,0.0,0.0,,,,,0.0,0.0,31.0,0.0001089000000007,-6.2000000013995304e-06,1.41,82.0,36.5,0
11797,SO-0501,ASI Nidhi Vaghela,ASI,35,2026-07-15 19:08:28+00:00,84.0,83.0,,21.1796747,72.824736,15.39999771118164,-0.731,0.15,0.712,,0.0,0.0,0.0,,,,,0.0,0.0,31.0,8.910000000028617e-05,-5.840000000034706e-05,1.35,83.0,36.5,0
11803,SO-0501,ASI Nidhi Vaghela,ASI,35,2026-07-15 19:08:56+00:00,92.0,88.0,,21.1795386,72.8247069,15.39999771118164,-0.589,1.254,0.292,,0.0,0.0,0.0,,,,,0.0,0.0,28.0,-0.0001360999999988,-2.910000000611035e-05,1.98,88.0,36.5,2
11809,SO-0501,ASI Nidhi Vaghela,ASI,35,2026-07-15 19:09:26+00:00,93.0,88.0,,21.1794068,72.8248613,15.39999771118164,-0.839,0.533,0.361,,0.0,0.0,0.0,,,,,0.0,0.0,30.0,-0.0001318000000019,0.0001543999999995,2.6,88.0,36.5,2
11815,SO-0501,ASI Nidhi Vaghela,ASI,35,2026-07-15 19:09:55+00:00,90.0,82.0,,21.179618,72.8247977,15.39999771118164,-1.293,0.019,-0.232,,0.0,0.0,0.0,,,,,0.0,0.0,29.0,0.0002112000000025,-6.35999999900605e-05,3.02,82.0,36.5,0
11820,SO-0501,ASI Nidhi Vaghela,ASI,35,2026-07-15 19:10:27+00:00,83.0,62.0,,21.1795943,72.8247968,15.39999771118164,-0.714,-0.117,1.003,,0.0,0.0,0.0,,,,,0.0,0.0,32.0,-2.369999999984884e-05,-9.000000034120603e-07,0.3,62.0,36.5,0
11825,SO-0501,ASI Nidhi Vaghela,ASI,35,2026-07-15 19:10:55+00:00,87.0,87.0,,21.1796039,72.8247885,15.39999771118164,-0.722,-0.123,0.736,,0.0,0.0,0.0,,,,,0.0,0.0,28.0,9.599999998499698e-06,-8.300000004624053e-06,0.18,87.0,36.5,0
11830,SO-0501,ASI Nidhi Vaghela,ASI,35,2026-07-15 19:11:25+00:00,86.0,88.0,,21.1796065,72.8247815,15.39999771118164,-0.874,-0.145,0.468,,0.0,0.0,0.0,,,,,0.0,0.0,30.0,2.59999999840943e-06,-6.999999996537554e-06,0.09,88.0,36.5,0
11835,SO-0501,ASI Nidhi Vaghela,ASI,35,2026-07-15 19:11:56+00:00,97.0,88.0,,21.1795881,72.8247913,15.39999771118164,-0.546,-0.268,0.795,,0.0,0.0,0.0,,,,,0.0,0.0,31.0,-1.8399999998308655e-05,9.800000000836915e-06,0.26,88.0,36.5,2
11840,SO-0501,ASI Nidhi Vaghela,ASI,35,2026-07-15 19:12:26+00:00,81.0,87.0,,21.1796137,72.8247836,15.699996948242188,-0.811,-0.259,-0.413,,0.0,0.0,0.0,,,,,0.0,0.0,30.0,2.5600000000736145e-05,-7.699999997612395e-06,0.35,87.0,36.5,0
11845,SO-0501,ASI Nidhi Vaghela,ASI,35,2026-07-15 19:12:57+00:00,83.0,87.0,,21.1795697,72.8248041,15.39999771118164,-0.821,-0.247,0.111,,0.0,0.0,0.0,,,,,0.0,0.0,31.0,-4.400000000259752e-05,2.049999999087504e-05,0.62,87.0,36.5,0
11850,SO-0501,ASI Nidhi Vaghela,ASI,35,2026-07-15 19:13:27+00:00,81.0,68.0,,21.1795712,72.824782,15.199996948242188,-0.377,0.271,-0.472,,0.0,0.0,0.0,,,,,0.0,0.0,30.0,1.5000000033182914e-06,-2.209999999536194e-05,0.28,68.0,36.5,0
11855,SO-0501,ASI Nidhi Vaghela,ASI,35,2026-07-15 19:13:56+00:00,85.0,88.0,,21.1795696,72.8247769,15.199996948242188,-0.675,0.466,-0.52,,0.0,0.0,0.0,,,,,0.0,0.0,29.0,-1.6000000009341877e-06,-5.099999995650251e-06,0.07,88.0,36.5,0
11860,SO-0501,ASI Nidhi Vaghela,ASI,35,2026-07-15 19:14:26+00:00,93.0,,,21.1794941,72.8247901,15.39999771118164,-0.718,0.634,0.354,,0.0,0.0,0.0,,,,,0.0,0.0,30.0,-7.550000000122736e-05,1.3199999997937084e-05,1.02,88.0,36.5,2
11865,SO-0501,ASI Nidhi Vaghela,ASI,35,2026-07-15 19:14:56+00:00,85.0,87.0,,21.1794963,72.8248215,15.299999237060549,-0.627,0.763,0.267,,0.0,0.0,0.0,,,,,0.0,0.0,30.0,2.2000000008404186e-06,3.1399999997461236e-05,0.39,87.0,36.5,0
11870,SO-0501,ASI Nidhi Vaghela,ASI,35,2026-07-15 19:15:27+00:00,84.0,87.0,,21.1796088,72.8247875,15.39999771118164,-0.815,-0.465,0.344,,0.0,0.0,0.0,,,,,0.0,0.0,31.0,0.0001125000000001,-3.399999999942338e-05,1.51,87.0,36.5,0
11875,SO-0501,ASI Nidhi Vaghela,ASI,35,2026-07-15 19:15:56+00:00,81.0,,,21.1795584,72.8246045,15.39999771118164,-0.291,0.978,0.143,,0.0,0.0,0.0,,,,,0.0,0.0,29.0,-5.039999999922884e-05,-0.0001829999999927,2.45,87.0,36.5,0
11880,SO-0501,ASI Nidhi Vaghela,ASI,35,2026-07-15 19:16:26+00:00,89.0,88.0,,21.1794049,72.8247355,15.39999771118164,-0.756,0.715,-0.401,,0.0,0.0,0.0,,,,,0.0,0.0,30.0,-0.0001534999999996,0.0001309999999961,2.61,88.0,36.5,0
11885,SO-0501,ASI Nidhi Vaghela,ASI,35,2026-07-15 19:16:55+00:00,94.0,,,21.1795138,72.8248422,15.39999771118164,-1.324,0.849,0.509,,0.0,0.0,0.0,,,,,0.0,0.0,29.0,0.0001088999999971,0.0001067000000034,2.03,88.0,36.5,2
11890,SO-0501,ASI Nidhi Vaghela,ASI,35,2026-07-15 19:17:25+00:00,87.0,87.0,,21.1785005,72.8250988,15.199996948242188,-0.63,-0.032,0.807,,0.0,0.0,0.0,,,,,0.0,0.0,30.0,-0.0010133000000003,0.0002566000000001,13.87,87.0,36.5,1
11895,SO-0501,ASI Nidhi Vaghela,ASI,35,2026-07-15 19:17:54+00:00,93.0,88.0,,21.1766817,72.8257622,15.599998474121094,-0.337,-0.01,1.076,,0.0,0.0,0.0,,,,,0.0,0.0,29.0,-0.0018187999999987,0.0006633999999934,26.47,88.0,36.5,1
11901,SO-0501,ASI Nidhi Vaghela,ASI,35,2026-07-15 19:18:24+00:00,85.0,84.0,,21.1751923,72.8266422,17.600000381469727,0.03,-0.087,1.188,,0.0,0.0,0.0,,,,,0.0,0.0,30.0,-0.0014894000000005,0.0008799999999951,22.65,84.0,36.5,1
11907,SO-0501,ASI Nidhi Vaghela,ASI,35,2026-07-15 19:18:54+00:00,90.0,88.0,,21.1762075,72.829133,14.39999771118164,-0.473,0.095,1.005,,0.0,0.0,0.0,,,,,0.0,0.0,30.0,0.0010152000000012,0.0024908000000039,33.77,88.0,36.5,1
11914,SO-0501,ASI Nidhi Vaghela,ASI,35,2026-07-15 19:19:25+00:00,86.0,88.0,,21.1777021,72.8324986,14.39999771118164,-0.352,0.637,0.935,,0.0,0.0,0.0,,,,,0.0,0.0,31.0,0.0014946000000009,0.003365599999995,44.81,88.0,36.5,1
11918,SO-0501,ASI Nidhi Vaghela,ASI,35,2026-07-15 19:19:54+00:00,92.0,83.0,,21.1783142,72.8339523,14.799999237060549,-0.011,0.057,0.982,,0.0,0.0,0.0,,,,,0.0,0.0,29.0,0.0006120999999978,0.0014537000000132,20.5,83.0,36.5,1
11923,SO-0501,ASI Nidhi Vaghela,ASI,35,2026-07-15 19:20:24+00:00,92.0,87.0,,21.1785711,72.8346029,14.499996185302734,-0.613,-0.085,0.728,,0.0,0.0,0.0,,,,,0.0,0.0,30.0,0.0002569000000001,0.0006505999999859,8.78,87.0,36.5,1
11929,SO-0501,ASI Nidhi Vaghela,ASI,35,2026-07-15 19:20:56+00:00,84.0,84.0,,21.1796381,72.8367527,14.499996185302734,-0.864,0.039,0.553,,0.0,0.0,0.0,,,,,0.0,0.0,32.0,0.001066999999999,0.0021498000000121,28.36,84.0,36.5,1
11933,SO-0501,ASI Nidhi Vaghela,ASI,35,2026-07-15 19:21:25+00:00,90.0,86.0,,21.180429,72.8387015,14.199996948242188,-0.873,-0.254,0.012,,0.0,0.0,0.0,,,,,0.0,0.0,29.0,0.0007909000000019,0.0019487999999938,27.31,86.0,36.5,1
11939,SO-0501,ASI Nidhi Vaghela,ASI,35,2026-07-15 19:21:55+00:00,80.0,88.0,,21.1814929,72.8413775,18.0,-0.959,-0.255,-0.068,,0.0,0.0,0.0,,,,,0.0,0.0,30.0,0.0010638999999983,0.0026759999999939,36.14,88.0,36.5,1
11944,SO-0501,ASI Nidhi Vaghela,ASI,35,2026-07-15 19:22:24+00:00,86.0,88.0,,21.182692,72.8440547,14.499996185302734,-0.704,-0.593,-0.227,,0.0,0.0,0.0,,,,,0.0,0.0,29.0,0.0011991000000008,0.0026772000000079,38.17,88.0,36.5,1
11951,SO-0501,ASI Nidhi Vaghela,ASI,35,2026-07-15 19:22:56+00:00,85.0,87.0,,21.1838973,72.8464894,15.699996948242188,-0.657,0.011,0.938,,0.0,0.0,0.0,,,,,0.0,0.0,32.0,0.0012053000000022,0.0024346999999949,32.1,87.0,36.5,1
11957,SO-0501,ASI Nidhi Vaghela,ASI,35,2026-07-15 19:23:26+00:00,81.0,88.0,,21.1844431,72.8489527,15.253662109375,-0.732,-0.604,-0.225,,0.0,0.0,0.0,,,,,0.0,0.0,30.0,0.0005457999999975,0.0024633000000022,31.45,88.0,36.5,1
11963,SO-0501,ASI Nidhi Vaghela,ASI,35,2026-07-15 19:23:55+00:00,89.0,87.0,,21.1848937,72.8514232,2.32611083984375,-0.162,-0.842,0.312,,0.0,0.0,0.0,,,,,0.0,0.0,29.0,0.0004506000000006,0.0024705000000011,32.35,87.0,36.5,1
11969,SO-0501,ASI Nidhi Vaghela,ASI,35,2026-07-15 19:24:26+00:00,83.0,88.0,,21.18583,72.8540433,19.700000762939453,-0.031,-1.032,0.157,,0.0,0.0,0.0,,,,,0.0,0.0,31.0,0.0009362999999993,0.0026201000000014,33.73,88.0,36.5,1
11974,SO-0501,ASI Nidhi Vaghela,ASI,35,2026-07-15 19:24:56+00:00,89.0,88.0,,21.1864561,72.8554447,14.89999771118164,-0.705,0.013,0.748,,0.0,0.0,0.0,,,,,0.0,0.0,30.0,0.0006261000000016,0.0014014000000059,19.3,88.0,36.5,1
11981,SO-0501,ASI Nidhi Vaghela,ASI,35,2026-07-15 19:25:25+00:00,85.0,88.0,,21.1864399,72.8560403,14.89999771118164,-0.417,-0.328,0.657,,0.0,0.0,0.0,,,,,0.0,0.0,29.0,-1.6200000001020953e-05,0.0005955999999969,7.66,88.0,36.5,1
11987,SO-0501,ASI Nidhi Vaghela,ASI,35,2026-07-15 19:25:56+00:00,85.0,87.0,,21.1867272,72.8565155,30.899999618530273,-0.73,0.738,0.243,,0.0,0.0,0.0,,,,,0.0,0.0,31.0,0.0002873000000001,0.0004751999999967,6.81,87.0,36.5,1
11993,SO-0501,ASI Nidhi Vaghela,ASI,35,2026-07-15 19:26:26+00:00,94.0,88.0,,21.1864441,72.8561376,30.899999618530273,-0.634,0.013,0.763,,0.0,0.0,0.0,,,,,0.0,0.0,30.0,-0.0002831000000007,-0.0003779000000037,6.02,88.0,36.5,1
11999,SO-0501,ASI Nidhi Vaghela,ASI,35,2026-07-15 19:26:55+00:00,82.0,88.0,,21.1865573,72.8563016,30.899999618530273,-0.697,0.816,0.263,,0.0,0.0,0.0,,,,,0.0,0.0,29.0,0.0001132000000012,0.000163999999998,2.62,88.0,36.5,0
12005,SO-0501,ASI Nidhi Vaghela,ASI,35,2026-07-15 19:27:26+00:00,95.0,88.0,,21.1867515,72.8569098,30.899999618530273,-0.769,0.607,0.323,,0.0,0.0,0.0,,,,,0.0,0.0,31.0,0.0001941999999992,0.000608200000002,7.73,88.0,36.5,1
12011,SO-0501,ASI Nidhi Vaghela,ASI,35,2026-07-15 19:27:55+00:00,81.0,83.0,,21.1868693,72.8570736,46.89999997615814,-0.438,0.734,0.911,,0.0,0.0,0.0,,,,,0.0,0.0,29.0,0.0001178000000017,0.0001638000000099,2.66,83.0,36.5,0
12017,SO-0501,ASI Nidhi Vaghela,ASI,35,2026-07-15 19:28:26+00:00,80.0,85.0,,21.1867921,72.8570231,17.30000114440918,-0.766,0.606,0.263,,0.0,0.0,0.0,,,,,0.0,0.0,31.0,-7.719999999977745e-05,-5.050000000039745e-05,1.17,85.0,36.5,0
12023,SO-0501,ASI Nidhi Vaghela,ASI,35,2026-07-15 19:28:55+00:00,88.0,88.0,,21.1869668,72.8573092,16.100000381469727,-0.618,-0.334,0.649,,0.0,0.0,0.0,,,,,0.0,0.0,29.0,0.0001746999999987,0.0002860999999967,4.39,88.0,36.5,0
12029,SO-0501,ASI Nidhi Vaghela,ASI,35,2026-07-15 19:29:25+00:00,96.0,88.0,,21.1879188,72.8588643,16.999998092651367,-0.673,0.073,0.741,,0.0,0.0,0.0,,,,,0.0,0.0,30.0,0.000951999999998,0.0015550999999902,23.11,88.0,36.5,1
12035,SO-0501,ASI Nidhi Vaghela,ASI,35,2026-07-15 19:29:55+00:00,84.0,88.0,,21.1888254,72.860337,16.100000381469727,-0.974,0.499,0.926,,0.0,0.0,0.0,,,,,0.0,0.0,30.0,0.0009066000000004,0.0014727000000078,21.92,88.0,36.5,1
12041,SO-0501,ASI Nidhi Vaghela,ASI,35,2026-07-15 19:30:25+00:00,87.0,88.0,,21.1888911,72.8604026,17.499998092651367,-0.894,0.193,0.468,,0.0,0.0,0.0,,,,,0.0,0.0,30.0,6.570000000039045e-05,6.559999999922184e-05,1.2,88.0,36.5,0
12047,SO-0501,ASI Nidhi Vaghela,ASI,35,2026-07-15 19:30:55+00:00,91.0,88.0,,21.1891187,72.8606697,17.30000114440918,-0.745,0.027,0.977,,0.0,0.0,0.0,,,,,0.0,0.0,30.0,0.0002276000000023,0.000267100000002,4.49,88.0,36.5,2
12053,SO-0501,ASI Nidhi Vaghela,ASI,35,2026-07-15 19:31:26+00:00,84.0,84.0,,21.1911618,72.8604246,17.499998092651367,-0.621,0.006,0.785,,0.0,0.0,0.0,,,,,0.0,0.0,31.0,0.002043099999998,-0.0002451000000007,26.5,84.0,36.5,1
12059,SO-0501,ASI Nidhi Vaghela,ASI,35,2026-07-15 19:31:55+00:00,93.0,88.0,,21.1916381,72.8591359,17.700000762939453,-0.614,0.154,0.802,,0.0,0.0,0.0,,,,,0.0,0.0,29.0,0.0004762999999989,-0.0012887000000034,17.81,88.0,36.5,1
12065,SO-0501,ASI Nidhi Vaghela,ASI,35,2026-07-15 19:32:25+00:00,84.0,86.0,,21.191964,72.8571896,20.0,-0.732,0.691,0.288,,0.0,0.0,0.0,,,,,0.0,0.0,30.0,0.0003258999999999,-0.0019463000000001,24.56,86.0,36.5,1
12071,SO-0501,ASI Nidhi Vaghela,ASI,35,2026-07-15 19:32:54+00:00,86.0,88.0,,21.191968,72.8561645,20.0,-0.722,-0.018,0.77,,0.0,0.0,0.0,,,,,0.0,0.0,29.0,4.000000000559112e-06,-0.0010250999999925,13.17,88.0,36.5,1
12077,SO-0501,ASI Nidhi Vaghela,ASI,35,2026-07-15 19:33:25+00:00,81.0,84.0,,21.1926622,72.8543292,15.099998474121094,0.606,-0.072,0.287,,0.0,0.0,0.0,,,,,0.0,0.0,31.0,0.0006942000000016,-0.0018353000000104,23.81,84.0,36.5,1
12082,SO-0501,ASI Nidhi Vaghela,ASI,35,2026-07-15 19:33:55+00:00,83.0,64.0,,21.1929412,72.8536742,14.699996948242188,-0.482,0.339,0.885,,0.0,0.0,0.0,,,,,0.0,0.0,30.0,0.000278999999999,-0.0006549999999947,8.95,64.0,36.5,1
12089,SO-0501,ASI Nidhi Vaghela,ASI,35,2026-07-15 19:34:26+00:00,87.0,68.0,,21.1928595,72.8535496,14.39999771118164,-0.439,0.806,0.177,,0.0,0.0,0.0,,,,,0.0,0.0,31.0,-8.169999999907418e-05,-0.0001246000000065,1.83,68.0,36.5,0
12095,SO-0501,ASI Nidhi Vaghela,ASI,35,2026-07-15 19:34:57+00:00,90.0,85.0,,21.1923687,72.853453,14.299999237060549,0.011,0.799,-0.068,,0.0,0.0,0.0,,,,,0.0,0.0,31.0,-0.0004908000000014,-9.659999999200863e-05,6.43,85.0,36.5,1
12101,SO-0501,ASI Nidhi Vaghela,ASI,35,2026-07-15 19:35:27+00:00,80.0,85.0,,21.192317,72.8534306,13.89999771118164,-0.181,1.013,-0.003,,0.0,0.0,0.0,,,,,0.0,0.0,30.0,-5.170000000020991e-05,-2.2400000005973197e-05,0.74,85.0,36.5,0
12107,SO-0501,ASI Nidhi Vaghela,ASI,35,2026-07-15 19:35:55+00:00,85.0,82.0,,21.1923518,72.853375,13.89999771118164,-0.957,0.13,-0.016,,0.0,0.0,0.0,,,,,0.0,0.0,28.0,3.480000000166683e-05,-5.55999999960477e-05,0.89,82.0,36.5,0
12113,SO-0501,ASI Nidhi Vaghela,ASI,35,2026-07-15 19:36:26+00:00,94.0,88.0,,21.192564,72.8533697,25.600000381469727,-0.407,0.812,0.037,,0.0,0.0,0.0,,,,,0.0,0.0,31.0,0.0002121999999999,-5.29999999798747e-06,2.74,88.0,36.5,2
12119,SO-0501,ASI Nidhi Vaghela,ASI,35,2026-07-15 19:36:55+00:00,81.0,,,21.1925647,72.853388,31.200000762939453,-0.882,0.248,-0.521,,0.0,0.0,0.0,,,,,0.0,0.0,29.0,6.999999975221272e-07,1.8299999993587335e-05,0.24,88.0,36.5,0
12125,SO-0501,ASI Nidhi Vaghela,ASI,35,2026-07-15 19:37:25+00:00,82.0,,,21.1925352,72.853425,25.600000381469727,-0.536,0.591,0.717,,0.0,0.0,0.0,,,,,0.0,0.0,30.0,-2.9500000000126647e-05,3.700000000605996e-05,0.6,88.0,36.5,0
12131,SO-0501,ASI Nidhi Vaghela,ASI,35,2026-07-15 19:37:55+00:00,82.0,72.0,,21.1925082,72.8533819,25.600000381469727,-0.505,0.797,-0.282,,0.0,0.0,0.0,,,,,0.0,0.0,30.0,-2.6999999999333113e-05,-4.3099999999185457e-05,0.64,72.0,36.5,0
12137,SO-0501,ASI Nidhi Vaghela,ASI,35,2026-07-15 19:38:25+00:00,85.0,,,21.1924798,72.8533984,25.600000381469727,-0.702,0.033,-0.647,,0.0,0.0,0.0,,,,,0.0,0.0,30.0,-2.839999999793008e-05,1.650000000097407e-05,0.43,72.0,36.5,0
12143,SO-0501,ASI Nidhi Vaghela,ASI,35,2026-07-15 19:38:55+00:00,86.0,,,21.1923767,72.8534322,13.89999771118164,-0.887,0.579,-0.042,,0.0,0.0,0.0,,,,,0.0,0.0,30.0,-0.0001031000000004,3.379999999708616e-05,1.44,72.0,36.5,0
12149,SO-0501,ASI Nidhi Vaghela,ASI,35,2026-07-15 19:39:26+00:00,81.0,,,21.1924541,72.8534348,31.200000762939453,-0.794,0.412,-0.136,,0.0,0.0,0.0,,,,,0.0,0.0,31.0,7.739999999856195e-05,2.600000001962144e-06,1.0,72.0,36.5,0
12155,SO-0501,ASI Nidhi Vaghela,ASI,35,2026-07-15 19:39:55+00:00,83.0,85.0,,21.1926101,72.853389,31.200000762939453,-0.531,0.788,-0.234,,0.0,0.0,0.0,,,,,0.0,0.0,29.0,0.0001560000000004,-4.579999999521078e-05,2.23,85.0,36.5,0
12161,SO-0501,ASI Nidhi Vaghela,ASI,35,2026-07-15 19:40:25+00:00,81.0,85.0,,21.1924046,72.8533924,25.600000381469727,-0.579,0.819,-0.344,,0.0,0.0,0.0,,,,,0.0,0.0,30.0,-0.0002054999999998,3.399999997100167e-06,2.74,85.0,36.5,0
12167,SO-0501,ASI Nidhi Vaghela,ASI,35,2026-07-15 19:40:55+00:00,84.0,87.0,,21.1925392,72.8534191,25.600000381469727,-0.383,0.927,0.179,,0.0,0.0,0.0,,,,,0.0,0.0,30.0,0.000134599999999,2.669999999227457e-05,1.82,87.0,36.5,0
12173,SO-0501,ASI Nidhi Vaghela,ASI,35,2026-07-15 19:41:27+00:00,82.0,83.0,,21.1923169,72.8534361,13.89999771118164,-0.439,0.897,0.1,,0.0,0.0,0.0,,,,,0.0,0.0,32.0,-0.0002222999999972,1.699999999971169e-05,2.78,83.0,36.5,0
12179,SO-0501,ASI Nidhi Vaghela,ASI,35,2026-07-15 19:41:56+00:00,85.0,88.0,,21.1923842,72.8533894,31.200000762939453,-0.733,-0.132,-0.544,,0.0,0.0,0.0,,,,,0.0,0.0,29.0,6.729999999777192e-05,-4.669999999862284e-05,1.1,88.0,36.5,0
12184,SO-0501,ASI Nidhi Vaghela,ASI,35,2026-07-15 19:42:26+00:00,88.0,86.0,,21.1923888,72.8534069,13.89999771118164,-0.755,0.07,-0.598,,0.0,0.0,0.0,,,,,0.0,0.0,30.0,4.600000000465343e-06,1.749999999844931e-05,0.23,86.0,36.5,0
12191,SO-0501,ASI Nidhi Vaghela,ASI,35,2026-07-15 19:42:56+00:00,81.0,88.0,,21.192268,72.8533888,39.80000019073486,-0.649,0.724,0.098,,0.0,0.0,0.0,,,,,0.0,0.0,30.0,-0.0001208000000012,-1.8099999991250115e-05,1.62,88.0,36.5,0
12197,SO-0501,ASI Nidhi Vaghela,ASI,35,2026-07-15 19:43:26+00:00,84.0,83.0,,21.192272,72.8533893,39.80000019073486,-0.654,0.714,-0.145,,0.0,0.0,0.0,,,,,0.0,0.0,30.0,4.000000000559112e-06,4.999999987376214e-07,0.05,83.0,36.5,0
12203,SO-0501,ASI Nidhi Vaghela,ASI,35,2026-07-15 19:43:56+00:00,86.0,88.0,,21.1923153,72.853392,13.89999771118164,-0.837,-0.156,-0.428,,0.0,0.0,0.0,,,,,0.0,0.0,30.0,4.330000000152267e-05,2.6999999960253263e-06,0.58,88.0,36.5,0
12209,SO-0501,ASI Nidhi Vaghela,ASI,35,2026-07-15 19:44:26+00:00,88.0,86.0,,21.1923335,72.8534474,13.89999771118164,-0.922,-0.234,-0.177,,0.0,0.0,0.0,,,,,0.0,0.0,30.0,1.8199999999524152e-05,5.539999999371048e-05,0.73,86.0,36.5,0
12214,SO-0501,ASI Nidhi Vaghela,ASI,35,2026-07-15 19:44:54+00:00,83.0,82.0,,21.1923335,72.8534474,13.89999771118164,-0.084,1.072,-0.429,,0.0,0.0,0.0,,,,,0.0,0.0,28.0,0.0,0.0,0.0,82.0,36.5,0
12221,SO-0501,ASI Nidhi Vaghela,ASI,35,2026-07-15 19:45:25+00:00,84.0,,,21.1923565,72.8533935,23.700000762939453,-0.783,-0.297,0.14,,0.0,0.0,0.0,,,,,0.0,0.0,31.0,2.2999999998774e-05,-5.3899999997497616e-05,0.71,82.0,36.5,0
12226,SO-0501,ASI Nidhi Vaghela,ASI,35,2026-07-15 19:45:55+00:00,82.0,88.0,,21.1923346,72.8533941,25.600000381469727,-0.542,-0.647,0.576,,0.0,0.0,0.0,,,,,0.0,0.0,30.0,-2.190000000013015e-05,6.000000070116585e-07,0.29,88.0,36.5,0
12232,SO-0501,ASI Nidhi Vaghela,ASI,35,2026-07-15 19:46:26+00:00,85.0,,,21.1922726,72.8533895,39.80000019073486,-0.563,0.464,-0.504,,0.0,0.0,0.0,,,,,0.0,0.0,31.0,-6.199999999978445e-05,-4.599999996912629e-06,0.8,88.0,36.5,0
12238,SO-0501,ASI Nidhi Vaghela,ASI,35,2026-07-15 19:46:56+00:00,89.0,,,21.192281,72.8534054,13.89999771118164,-0.475,0.352,-0.542,,0.0,0.0,0.0,,,,,0.0,0.0,30.0,8.400000002239949e-06,1.589999999396241e-05,0.23,88.0,36.5,0
12244,SO-0501,ASI Nidhi Vaghela,ASI,35,2026-07-15 19:47:25+00:00,89.0,75.0,,21.1922429,72.8533719,39.80000019073486,-0.486,0.755,0.006,,0.0,0.0,0.0,,,,,0.0,0.0,29.0,-3.81000000011511e-05,-3.350000000068576e-05,0.68,75.0,36.5,0
12250,SO-0501,ASI Nidhi Vaghela,ASI,35,2026-07-15 19:47:56+00:00,82.0,87.0,,21.192253,72.8533812,39.80000019073486,-0.835,0.711,0.463,,0.0,0.0,0.0,,,,,0.0,0.0,31.0,1.0100000000790033e-05,9.300000002099296e-06,0.17,87.0,36.5,0
12256,SO-0501,ASI Nidhi Vaghela,ASI,35,2026-07-15 19:48:25+00:00,91.0,63.0,,21.1923216,72.8533935,25.600000381469727,-1.063,0.581,-0.216,,0.0,0.0,0.0,,,,,0.0,0.0,29.0,6.859999999875299e-05,1.2299999994525024e-05,0.96,63.0,36.5,2
12262,SO-0501,ASI Nidhi Vaghela,ASI,35,2026-07-15 19:48:55+00:00,87.0,,,21.1922953,72.8533766,23.700000762939453,-0.84,-0.127,-0.398,,0.0,0.0,0.0,,,,,0.0,0.0,30.0,-2.6299999998258272e-05,-1.6899999991437653e-05,0.41,63.0,36.5,0
12268,SO-0501,ASI Nidhi Vaghela,ASI,35,2026-07-15 19:49:26+00:00,94.0,85.0,,21.1922296,72.8533864,13.89999771118164,-0.96,-0.324,0.54,,0.0,0.0,0.0,,,,,0.0,0.0,31.0,-6.570000000039045e-05,9.800000000836915e-06,0.86,85.0,36.5,2
12274,SO-0501,ASI Nidhi Vaghela,ASI,35,2026-07-15 19:49:56+00:00,92.0,82.0,,21.1922165,72.8533453,39.80000019073486,-0.288,0.589,-0.686,,0.0,0.0,0.0,,,,,0.0,0.0,30.0,-1.3100000000321188e-05,-4.110000000423497e-05,0.54,82.0,36.5,2
12280,SO-0501,ASI Nidhi Vaghela,ASI,35,2026-07-15 19:50:26+00:00,81.0,84.0,,21.1922216,72.8534213,13.89999771118164,-0.354,0.937,0.08,,0.0,0.0,0.0,,,,,0.0,0.0,30.0,5.099999999202964e-06,7.599999999285956e-05,0.95,84.0,36.5,0
12286,SO-0501,ASI Nidhi Vaghela,ASI,35,2026-07-15 19:50:56+00:00,100.0,85.0,,21.1922643,72.8534433,13.999996185302734,-0.323,0.934,0.133,,0.0,0.0,0.0,,,,,0.0,0.0,30.0,4.2700000001616445e-05,2.200000000129876e-05,0.63,85.0,36.5,2
12292,SO-0501,ASI Nidhi Vaghela,ASI,35,2026-07-15 19:51:26+00:00,92.0,83.0,,21.1922479,72.8533757,39.80000019073486,-0.331,0.949,0.03,,0.0,0.0,0.0,,,,,0.0,0.0,30.0,-1.639999999980546e-05,-6.759999999417232e-05,0.87,83.0,36.5,2
12298,SO-0501,ASI Nidhi Vaghela,ASI,35,2026-07-15 19:51:58+00:00,89.0,88.0,,21.1922479,72.8533757,39.80000019073486,-0.327,0.945,0.174,,0.0,0.0,0.0,,,,,0.0,0.0,32.0,0.0,0.0,0.0,88.0,36.5,0
12304,SO-0501,ASI Nidhi Vaghela,ASI,35,2026-07-15 19:52:28+00:00,83.0,84.0,,21.1920114,72.8539683,39.80000019073486,-0.28,0.943,0.182,,0.0,0.0,0.0,,,,,0.0,0.0,30.0,-0.0002365000000033,0.0005926000000044,8.01,84.0,36.5,1
12310,SO-0501,ASI Nidhi Vaghela,ASI,35,2026-07-15 19:52:55+00:00,87.0,88.0,,21.1920195,72.853948,39.80000019073486,-0.35,0.932,0.061,,0.0,0.0,0.0,,,,,0.0,0.0,27.0,8.100000002286833e-06,-2.0300000002748675e-05,0.3,88.0,36.5,0
12316,SO-0501,ASI Nidhi Vaghela,ASI,35,2026-07-15 19:53:25+00:00,97.0,88.0,,21.1920195,72.853948,39.80000019073486,-0.999,-0.184,0.057,,0.0,0.0,0.0,,,,,0.0,0.0,30.0,0.0,0.0,0.0,88.0,36.5,2
12322,SO-0501,ASI Nidhi Vaghela,ASI,35,2026-07-15 19:53:56+00:00,90.0,88.0,,21.1920195,72.853948,39.80000019073486,-0.369,0.911,0.308,,0.0,0.0,0.0,,,,,0.0,0.0,31.0,0.0,0.0,0.0,88.0,36.5,0
12328,SO-0501,ASI Nidhi Vaghela,ASI,35,2026-07-15 19:54:25+00:00,85.0,88.0,,21.1920195,72.853948,39.80000019073486,-0.466,0.771,0.536,,0.0,0.0,0.0,,,,,0.0,0.0,29.0,0.0,0.0,0.0,88.0,36.5,0
12334,SO-0501,ASI Nidhi Vaghela,ASI,35,2026-07-15 19:54:56+00:00,81.0,84.0,,21.1923394,72.853864,15.199996948242188,-0.299,0.935,0.021,,0.0,0.0,0.0,,,,,0.0,0.0,31.0,0.0003199000000009,-8.400000000108321e-05,4.25,84.0,36.5,0
12340,SO-0501,ASI Nidhi Vaghela,ASI,35,2026-07-15 19:55:25+00:00,97.0,85.0,,21.1920195,72.853948,15.199996948242188,-0.169,-0.959,-0.171,,0.0,0.0,0.0,,,,,0.0,0.0,29.0,-0.0003199000000009,8.400000000108321e-05,4.54,85.0,36.5,1
12346,SO-0501,ASI Nidhi Vaghela,ASI,35,2026-07-15 19:55:56+00:00,93.0,86.0,,21.1920195,72.853948,15.199996948242188,-0.322,0.892,0.275,,0.0,0.0,0.0,,,,,0.0,0.0,31.0,0.0,0.0,0.0,86.0,36.5,2
12352,SO-0501,ASI Nidhi Vaghela,ASI,35,2026-07-15 19:56:25+00:00,89.0,87.0,,21.1923819,72.8534137,23.700000762939453,-0.816,0.053,0.647,,0.0,0.0,0.0,,,,,0.0,0.0,29.0,0.0003624000000002,-0.0005342999999982,8.49,87.0,36.5,1
12358,SO-0501,ASI Nidhi Vaghela,ASI,35,2026-07-15 19:56:55+00:00,84.0,88.0,,21.1923754,72.8534139,13.89999771118164,-0.874,0.233,0.51,,0.0,0.0,0.0,,,,,0.0,0.0,30.0,-6.500000001352646e-06,2.0000000233721948e-07,0.09,88.0,36.5,0
12364,SO-0501,ASI Nidhi Vaghela,ASI,35,2026-07-15 19:57:25+00:00,84.0,73.0,,21.1924359,72.8533868,31.200000762939453,-0.331,0.925,0.113,,0.0,0.0,0.0,,,,,0.0,0.0,30.0,6.050000000001887e-05,-2.7100000011159864e-05,0.87,73.0,36.5,0
12370,SO-0501,ASI Nidhi Vaghela,ASI,35,2026-07-15 19:57:56+00:00,84.0,87.0,,21.1923317,72.8534263,13.999996185302734,-0.369,0.976,-0.089,,0.0,0.0,0.0,,,,,0.0,0.0,31.0,-0.0001041999999991,3.949999999974807e-05,1.42,87.0,36.5,0
12375,SO-0501,ASI Nidhi Vaghela,ASI,35,2026-07-15 19:58:25+00:00,83.0,87.0,,21.1924268,72.8533845,13.89999771118164,-0.355,0.924,0.105,,0.0,0.0,0.0,,,,,0.0,0.0,29.0,9.509999999934848e-05,-4.179999999109896e-05,1.42,87.0,36.5,0
12380,SO-0501,ASI Nidhi Vaghela,ASI,35,2026-07-15 19:58:55+00:00,88.0,79.0,,21.1923213,72.8534273,13.89999771118164,-0.279,1.263,-0.034,,0.0,0.0,0.0,,,,,0.0,0.0,30.0,-0.0001055,4.2800000002785055e-05,1.5,79.0,36.5,0
12385,SO-0501,ASI Nidhi Vaghela,ASI,35,2026-07-15 19:59:26+00:00,85.0,84.0,,21.1927698,72.8533998,14.599998474121094,-0.152,0.805,-0.08,,0.0,0.0,0.0,,,,,0.0,0.0,31.0,0.0004485000000009,-2.7500000001623448e-05,5.79,84.0,36.5,1
12391,SO-0501,ASI Nidhi Vaghela,ASI,35,2026-07-15 19:59:54+00:00,85.0,83.0,,21.192918,72.8537109,14.599998474121094,-0.254,1.17,0.023,,0.0,0.0,0.0,,,,,0.0,0.0,28.0,0.0001481999999981,0.0003110999999904,4.65,83.0,36.5,1
12398,SO-0501,ASI Nidhi Vaghela,ASI,35,2026-07-15 20:00:24+00:00,86.0,88.0,,21.1928899,72.8537131,14.999996185302734,-0.791,-0.108,-0.459,,0.0,0.0,0.0,,,,,0.0,0.0,30.0,-2.8099999997976965e-05,2.199999997287705e-06,0.38,88.0,36.5,0
12402,SO-0501,ASI Nidhi Vaghela,ASI,35,2026-07-15 20:00:55+00:00,90.0,85.0,,21.1929042,72.8537336,14.999996185302734,-0.606,0.673,0.336,,0.0,0.0,0.0,,,,,0.0,0.0,31.0,1.430000000013365e-05,2.0500000005085894e-05,0.31,85.0,36.5,0
12408,SO-0501,ASI Nidhi Vaghela,ASI,35,2026-07-15 20:01:26+00:00,82.0,88.0,,21.192896,72.853742,14.799999237060549,-0.846,0.475,0.314,,0.0,0.0,0.0,,,,,0.0,0.0,31.0,-8.19999999990273e-06,8.399999998687235e-06,0.15,88.0,36.5,0
12413,SO-0501,ASI Nidhi Vaghela,ASI,35,2026-07-15 20:01:55+00:00,87.0,88.0,,21.1928982,72.8537453,14.699996948242188,-0.168,-0.39,1.037,,0.0,0.0,0.0,,,,,0.0,0.0,29.0,2.199999997287705e-06,3.3000000030369847e-06,0.05,88.0,36.5,0
12418,SO-0501,ASI Nidhi Vaghela,ASI,35,2026-07-15 20:02:25+00:00,82.0,88.0,,21.1932177,72.8525856,14.299999237060549,-0.67,0.08,0.727,,0.0,0.0,0.0,,,,,0.0,0.0,30.0,0.0003195000000033,-0.0011597000000023,15.02,88.0,36.5,1
12423,SO-0501,ASI Nidhi Vaghela,ASI,35,2026-07-15 20:02:56+00:00,96.0,88.0,,21.1935195,72.8511137,16.30000114440918,-0.629,-0.51,-0.394,,0.0,0.0,0.0,,,,,0.0,0.0,31.0,0.000301799999999,-0.0014718999999985,18.12,88.0,36.5,1
12428,SO-0501,ASI Nidhi Vaghela,ASI,35,2026-07-15 20:03:25+00:00,89.0,88.0,,21.1938297,72.8500873,16.499998092651367,-0.74,-0.411,-0.443,,0.0,0.0,0.0,,,,,0.0,0.0,29.0,0.0003101999999977,-0.0010264000000006,13.87,88.0,36.5,1
12433,SO-0501,ASI Nidhi Vaghela,ASI,35,2026-07-15 20:03:56+00:00,82.0,88.0,,21.1941219,72.8486935,18.0,-0.891,-0.106,0.543,,0.0,0.0,0.0,,,,,0.0,0.0,31.0,0.0002922000000005,-0.0013938000000024,17.17,88.0,36.5,1
12438,SO-0501,ASI Nidhi Vaghela,ASI,35,2026-07-15 20:04:25+00:00,81.0,88.0,,21.1940114,72.8497277,16.999998092651367,-0.743,-0.449,-0.034,,0.0,0.0,0.0,,,,,0.0,0.0,29.0,-0.0001104999999981,0.0010342000000065,13.38,88.0,36.5,1
12443,SO-0501,ASI Nidhi Vaghela,ASI,35,2026-07-15 20:04:56+00:00,85.0,88.0,,21.1938877,72.8505096,22.299999237060547,-0.68,-0.52,-0.417,,0.0,0.0,0.0,,,,,0.0,0.0,31.0,-0.0001236999999996,0.0007818999999926,9.53,88.0,36.5,1
12448,SO-0501,ASI Nidhi Vaghela,ASI,35,2026-07-15 20:05:25+00:00,85.0,88.0,,21.1938621,72.8507237,16.69999885559082,-0.835,0.404,-0.242,,0.0,0.0,0.0,,,,,0.0,0.0,29.0,-2.5600000000736145e-05,0.0002141000000079,2.77,88.0,36.5,0
12453,SO-0501,ASI Nidhi Vaghela,ASI,35,2026-07-15 20:05:54+00:00,92.0,88.0,,21.1938243,72.8509059,15.89999771118164,-0.646,-0.519,-0.473,,0.0,0.0,0.0,,,,,0.0,0.0,29.0,-3.7800000001197986e-05,0.0001821999999975,2.4,88.0,36.5,2
12458,SO-0501,ASI Nidhi Vaghela,ASI,35,2026-07-15 20:06:25+00:00,89.0,88.0,,21.1938144,72.8512322,16.19999885559082,-0.476,0.049,1.006,,0.0,0.0,0.0,,,,,0.0,0.0,31.0,-9.899999998452811e-06,0.0003262999999975,3.92,88.0,36.5,0
12462,SO-0501,ASI Nidhi Vaghela,ASI,35,2026-07-15 20:06:54+00:00,98.0,86.0,,21.1936138,72.8529376,16.19999885559082,-0.725,0.117,0.74,,0.0,0.0,0.0,,,,,0.0,0.0,29.0,-0.0002005999999994,0.0017054000000058,22.09,86.0,36.5,1
12466,SO-0501,ASI Nidhi Vaghela,ASI,35,2026-07-15 20:07:25+00:00,83.0,88.0,,21.1929715,72.8544893,15.299999237060549,-0.681,-0.559,-0.369,,0.0,0.0,0.0,,,,,0.0,0.0,31.0,-0.0006423000000026,0.0015516999999931,20.41,88.0,36.5,1
12470,SO-0501,ASI Nidhi Vaghela,ASI,35,2026-07-15 20:07:54+00:00,83.0,88.0,,21.1927646,72.8548557,14.39999771118164,-0.443,0.236,0.818,,0.0,0.0,0.0,,,,,0.0,0.0,29.0,-0.0002068999999984,0.0003664000000043,5.5,88.0,36.5,1
12473,SO-0501,ASI Nidhi Vaghela,ASI,35,2026-07-15 20:08:25+00:00,87.0,84.0,,21.1923119,72.8557455,13.999996185302734,-0.578,-0.664,-0.251,,0.0,0.0,0.0,,,,,0.0,0.0,31.0,-0.0004527000000003,0.0008897999999959,12.19,84.0,36.5,1
12477,SO-0501,ASI Nidhi Vaghela,ASI,35,2026-07-15 20:08:54+00:00,80.0,78.0,,21.1921513,72.8565348,13.999996185302734,-0.777,0.566,0.208,,0.0,0.0,0.0,,,,,0.0,0.0,29.0,-0.0001606000000009,0.000789300000008,10.38,78.0,36.5,1
12481,SO-0501,ASI Nidhi Vaghela,ASI,35,2026-07-15 20:09:25+00:00,80.0,88.0,,21.1919804,72.8582284,15.099998474121094,-0.789,0.012,0.794,,0.0,0.0,0.0,,,,,0.0,0.0,31.0,-0.0001709000000005,0.0016935999999958,20.48,88.0,36.5,1
12485,SO-0501,ASI Nidhi Vaghela,ASI,35,2026-07-15 20:09:55+00:00,85.0,88.0,,21.1914913,72.8609915,16.100000381469727,-0.732,-0.055,0.759,,0.0,0.0,0.0,,,,,0.0,0.0,30.0,-0.0004890999999993,0.0027630999999956,34.94,88.0,36.5,1
12489,SO-0501,ASI Nidhi Vaghela,ASI,35,2026-07-15 20:10:25+00:00,99.0,75.0,,21.1906852,72.864074,17.600000381469727,-0.975,0.392,0.455,,0.0,0.0,0.0,,,,,0.0,0.0,30.0,-0.0008060999999983,0.0030825000000049,39.77,75.0,36.5,1
12493,SO-0501,ASI Nidhi Vaghela,ASI,35,2026-07-15 20:10:56+00:00,88.0,88.0,,21.1901583,72.866562,16.999998092651367,-0.875,-0.097,0.468,,0.0,0.0,0.0,,,,,0.0,0.0,31.0,-0.0005269000000005,0.0024879999999996,30.67,88.0,36.5,1
12497,SO-0501,ASI Nidhi Vaghela,ASI,35,2026-07-15 20:11:26+00:00,88.0,88.0,,21.1903706,72.8693648,17.399999618530273,-0.81,-0.249,0.521,,0.0,0.0,0.0,,,,,0.0,0.0,30.0,0.0002123000000011,0.0028027999999977,34.93,88.0,36.5,1
12501,SO-0501,ASI Nidhi Vaghela,ASI,35,2026-07-15 20:11:55+00:00,88.0,88.0,,21.1904936,72.8724163,17.899999618530273,-0.118,-0.956,-0.011,,0.0,0.0,0.0,,,,,0.0,0.0,29.0,0.0001229999999985,0.0030514999999979,39.25,88.0,36.5,1
12505,SO-0501,ASI Nidhi Vaghela,ASI,35,2026-07-15 20:12:26+00:00,90.0,88.0,,21.1902737,72.8751282,20.700000762939453,0.068,-1.0,0.155,,0.0,0.0,0.0,,,,,0.0,0.0,31.0,-0.0002199000000011,0.0027119000000084,32.73,88.0,36.5,1
12509,SO-0501,ASI Nidhi Vaghela,ASI,35,2026-07-15 20:12:56+00:00,89.0,88.0,,21.1902459,72.8773526,60.20000076293945,-0.522,-0.112,1.268,,0.0,0.0,0.0,,,,,0.0,0.0,30.0,-2.779999999802385e-05,0.0022243999999886,27.64,88.0,36.5,1
12513,SO-0501,ASI Nidhi Vaghela,ASI,35,2026-07-15 20:13:27+00:00,83.0,88.0,,21.19003,72.8792561,16.600000381469727,0.034,-0.904,0.182,,0.0,0.0,0.0,,,,,0.0,0.0,31.0,-0.0002159000000006,0.0019035000000116,23.05,88.0,36.5,1
12517,SO-0501,ASI Nidhi Vaghela,ASI,35,2026-07-15 20:13:55+00:00,90.0,88.0,,21.189696,72.8808219,16.600000381469727,0.042,-0.884,0.265,,0.0,0.0,0.0,,,,,0.0,0.0,28.0,-0.0003339999999987,0.0015657999999945,21.38,88.0,36.5,1
12521,SO-0501,ASI Nidhi Vaghela,ASI,35,2026-07-15 20:14:26+00:00,95.0,88.0,,21.189547,72.8818952,18.0,-0.482,0.11,0.959,,0.0,0.0,0.0,,,,,0.0,0.0,31.0,-0.0001490000000003,0.0010733000000016,13.05,88.0,36.5,1
12525,SO-0501,ASI Nidhi Vaghela,ASI,35,2026-07-15 20:14:56+00:00,83.0,88.0,,21.189485,72.8819271,16.80000114440918,-0.564,-0.896,0.225,,0.0,0.0,0.0,,,,,0.0,0.0,30.0,-6.199999999978445e-05,3.189999999619886e-05,0.92,88.0,36.5,0
12529,SO-0501,ASI Nidhi Vaghela,ASI,35,2026-07-15 20:15:25+00:00,100.0,88.0,,21.1894501,72.8818782,16.80000114440918,-0.659,0.646,0.445,,0.0,0.0,0.0,,,,,0.0,0.0,29.0,-3.490000000283544e-05,-4.889999999591055e-05,0.79,88.0,36.5,2
12534,SO-0501,ASI Nidhi Vaghela,ASI,35,2026-07-15 20:15:55+00:00,83.0,85.0,,21.1894742,72.881919,16.80000114440918,-0.467,0.517,0.542,,0.0,0.0,0.0,,,,,0.0,0.0,30.0,2.4100000000970567e-05,4.0799999993623715e-05,0.6,85.0,36.5,0
12538,SO-0501,ASI Nidhi Vaghela,ASI,35,2026-07-15 20:16:27+00:00,86.0,74.0,,21.1898047,72.8825293,15.89999771118164,-0.932,-0.207,0.302,,0.0,0.0,0.0,,,,,0.0,0.0,32.0,0.0003305000000004,0.0006103000000052,8.22,74.0,36.5,1
12543,SO-0501,ASI Nidhi Vaghela,ASI,35,2026-07-15 20:16:55+00:00,84.0,88.0,,21.189354,72.8824005,15.89999771118164,0.391,0.356,0.869,,0.0,0.0,0.0,,,,,0.0,0.0,28.0,-0.0004506999999982,-0.0001287999999988,6.66,88.0,36.5,1
12548,SO-0501,ASI Nidhi Vaghela,ASI,35,2026-07-15 20:17:25+00:00,84.0,88.0,,21.1893079,72.8831416,16.30000114440918,-0.784,-0.318,0.582,,0.0,0.0,0.0,,,,,0.0,0.0,30.0,-4.6100000002269326e-05,0.000741099999999,9.23,88.0,36.5,1
12556,SO-0501,ASI Nidhi Vaghela,ASI,35,2026-07-15 20:18:25+00:00,95.0,88.0,,21.1893711,72.8858278,16.30000114440918,-1.317,0.559,0.27,,0.0,0.0,0.0,,,,,0.0,0.0,60.0,6.319999999959691e-05,0.0026861999999994,16.69,88.0,36.5,1
12560,SO-0501,ASI Nidhi Vaghela,ASI,35,2026-07-15 20:18:54+00:00,86.0,88.0,,21.1899364,72.8867374,16.30000114440918,-0.493,0.169,0.984,,0.0,0.0,0.0,,,,,0.0,0.0,29.0,0.0005653000000016,0.0009095999999999,14.05,88.0,36.5,1
12564,SO-0501,ASI Nidhi Vaghela,ASI,35,2026-07-15 20:19:26+00:00,81.0,76.0,,21.1902006,72.8882685,17.100000381469727,-0.679,0.166,0.759,,0.0,0.0,0.0,,,,,0.0,0.0,32.0,0.0002642000000001,0.001531099999994,18.13,76.0,36.5,1
12568,SO-0501,ASI Nidhi Vaghela,ASI,35,2026-07-15 20:19:57+00:00,95.0,88.0,,21.1901004,72.8898723,20.5,-0.501,-0.063,0.991,,0.0,0.0,0.0,,,,,0.0,0.0,31.0,-0.0001002000000021,0.001603799999998,19.32,88.0,36.5,1
12575,SO-0501,ASI Nidhi Vaghela,ASI,35,2026-07-15 20:20:26+00:00,82.0,88.0,,21.1894255,72.8920657,17.799999237060547,-0.662,0.644,0.387,,0.0,0.0,0.0,,,,,0.0,0.0,29.0,-0.0006748999999999,0.0021934000000101,29.68,88.0,36.5,1
12580,SO-0501,ASI Nidhi Vaghela,ASI,35,2026-07-15 20:20:55+00:00,85.0,88.0,,21.1888239,72.8937238,20.5,-0.865,0.333,0.556,,0.0,0.0,0.0,,,,,0.0,0.0,29.0,-0.0006015999999995,0.0016581000000002,22.86,88.0,36.5,1
12585,SO-0501,ASI Nidhi Vaghela,ASI,35,2026-07-15 20:21:27+00:00,82.0,88.0,,21.1888485,72.8955323,17.799999237060547,-0.447,0.172,0.914,,0.0,0.0,0.0,,,,,0.0,0.0,32.0,2.459999999970819e-05,0.0018084999999956,21.06,88.0,36.5,1
12589,SO-0501,ASI Nidhi Vaghela,ASI,35,2026-07-15 20:21:55+00:00,91.0,85.0,,21.1878597,72.8976068,17.799999237060547,-0.682,0.634,0.368,,0.0,0.0,0.0,,,,,0.0,0.0,28.0,-0.0009887999999982,0.0020745000000061,31.01,85.0,36.5,1
12595,SO-0501,ASI Nidhi Vaghela,ASI,35,2026-07-15 20:22:24+00:00,91.0,85.0,,21.1869809,72.9010127,17.799999237060547,-0.618,-0.002,0.914,,0.0,0.0,0.0,,,,,0.0,0.0,29.0,-0.0008788000000023,0.0034058999999899,45.41,85.0,36.5,1
12601,SO-0501,ASI Nidhi Vaghela,ASI,35,2026-07-15 20:23:24+00:00,91.0,88.0,,21.1863492,72.9035626,20.799999237060547,-0.835,0.552,0.514,,0.0,0.0,0.0,,,,,0.0,0.0,60.0,-0.0006316999999995,0.0025499000000053,16.39,88.0,36.5,1
12609,SO-0501,ASI Nidhi Vaghela,ASI,35,2026-07-15 20:23:55+00:00,85.0,88.0,,21.185566,72.9067008,21.5,-0.695,-0.649,-0.061,,0.0,0.0,0.0,,,,,0.0,0.0,31.0,-0.0007831999999972,0.003138199999995,39.05,88.0,36.5,1
12622,SO-0501,ASI Nidhi Vaghela,ASI,35,2026-07-15 20:24:57+00:00,88.0,85.0,,21.183843,72.9136992,21.0,-0.378,-0.746,0.382,,0.0,0.0,0.0,,,,,0.0,0.0,62.0,-0.0017230000000019,0.0069984000000005,43.51,85.0,36.5,1
12621,SO-0501,ASI Nidhi Vaghela,ASI,35,2026-07-15 20:25:26+00:00,90.0,89.0,,21.1830894,72.9167183,21.0,-0.635,-0.095,0.854,,0.0,0.0,0.0,,,,,0.0,0.0,29.0,-0.0007535999999994,0.003019100000003,40.16,89.0,36.5,1
12629,SO-0501,ASI Nidhi Vaghela,ASI,35,2026-07-15 20:25:55+00:00,91.0,88.0,,21.1824848,72.9191982,25.100000381469727,-0.515,-0.178,0.992,,0.0,0.0,0.0,,,,,0.0,0.0,29.0,-0.000604599999999,0.0024798999999973,32.94,88.0,36.5,1
12633,SO-0501,ASI Nidhi Vaghela,ASI,35,2026-07-15 20:26:24+00:00,95.0,88.0,,21.1823434,72.9195604,25.100000381469727,-0.379,0.308,0.986,,0.0,0.0,0.0,,,,,0.0,0.0,29.0,-0.0001414000000004,0.0003621999999978,5.05,88.0,36.5,1
12638,SO-0501,ASI Nidhi Vaghela,ASI,35,2026-07-15 20:26:54+00:00,95.0,84.0,,21.1820276,72.9206996,23.100000381469727,-0.624,0.561,0.304,,0.0,0.0,0.0,,,,,0.0,0.0,30.0,-0.0003157999999992,0.0011392000000114,14.76,84.0,36.5,1
12643,SO-0501,ASI Nidhi Vaghela,ASI,35,2026-07-15 20:27:25+00:00,83.0,88.0,,21.1813257,72.9237238,23.100000381469727,-0.773,-0.315,-0.626,,0.0,0.0,0.0,,,,,0.0,0.0,31.0,-0.0007019000000028,0.0030241999999987,37.47,88.0,36.5,1
12649,SO-0501,ASI Nidhi Vaghela,ASI,35,2026-07-15 20:27:56+00:00,83.0,88.0,,21.18227,72.9269634,23.100000381469727,-0.947,-0.03,0.464,,0.0,0.0,0.0,,,,,0.0,0.0,31.0,0.0009443000000004,0.0032396000000005,40.8,88.0,36.5,1
12655,SO-0501,ASI Nidhi Vaghela,ASI,35,2026-07-15 20:28:25+00:00,87.0,88.0,,21.18262,72.9276348,23.100000381469727,-0.823,-0.033,0.251,,0.0,0.0,0.0,,,,,0.0,0.0,29.0,0.0003500000000009,0.0006714000000016,9.88,88.0,36.5,1
12660,SO-0501,ASI Nidhi Vaghela,ASI,35,2026-07-15 20:28:53+00:00,94.0,78.0,,21.1826654,72.9276391,22.299999237060547,-0.653,0.05,0.899,,0.0,0.0,0.0,,,,,0.0,0.0,28.0,4.5400000001194485e-05,4.299999986301373e-06,0.65,78.0,36.5,2
12667,SO-0501,ASI Nidhi Vaghela,ASI,35,2026-07-15 20:29:26+00:00,100.0,89.0,,21.1824709,72.927609,22.299999237060547,-0.809,-0.044,0.655,,0.0,0.0,0.0,,,,,0.0,0.0,33.0,-0.0001945000000027,-3.0099999989374737e-05,2.38,89.0,36.5,2
12673,SO-0501,ASI Nidhi Vaghela,ASI,35,2026-07-15 20:29:55+00:00,82.0,88.0,,21.1824822,72.9275962,22.299999237060547,-0.745,0.036,0.747,,0.0,0.0,0.0,,,,,0.0,0.0,29.0,1.1300000000602496e-05,-1.28000000074735e-05,0.23,88.0,36.5,0
12679,SO-0501,ASI Nidhi Vaghela,ASI,35,2026-07-15 20:30:25+00:00,82.0,87.0,,21.1824784,72.9276013,22.299999237060547,-0.952,-0.093,-0.129,,0.0,0.0,0.0,,,,,0.0,0.0,30.0,-3.799999998221893e-06,5.100000009861105e-06,0.08,87.0,36.5,0
12685,SO-0501,ASI Nidhi Vaghela,ASI,35,2026-07-15 20:30:55+00:00,85.0,88.0,,21.182502,72.9276043,22.299999237060547,0.969,0.162,0.302,,0.0,0.0,0.0,,,,,0.0,0.0,30.0,2.3599999998680232e-05,2.999999992425728e-06,0.32,88.0,36.5,0
12691,SO-0501,ASI Nidhi Vaghela,ASI,35,2026-07-15 20:31:25+00:00,90.0,86.0,,21.1824931,72.9275979,22.299999237060547,-0.852,0.033,0.601,,0.0,0.0,0.0,,,,,0.0,0.0,30.0,-8.90000000097757e-06,-6.40000000373675e-06,0.14,86.0,36.5,0
12697,SO-0501,ASI Nidhi Vaghela,ASI,35,2026-07-15 20:31:56+00:00,98.0,88.0,,21.1824934,72.9275941,22.299999237060547,0.975,0.218,0.185,,0.0,0.0,0.0,,,,,0.0,0.0,31.0,2.999999999531156e-07,-3.800000001774606e-06,0.05,88.0,36.5,2
12719,SO-0501,ASI Nidhi Vaghela,ASI,35,2026-07-15 20:33:25+00:00,83.0,88.0,,21.18249,72.9275865,22.299999237060547,-0.355,0.303,0.981,,0.0,0.0,0.0,,,,,0.0,0.0,89.0,-3.399999997100167e-06,-7.599999989338357e-06,0.04,88.0,36.5,0
12718,SO-0501,ASI Nidhi Vaghela,ASI,35,2026-07-15 20:33:55+00:00,86.0,85.0,,21.1824937,72.9275892,22.299999237060547,-0.341,0.744,0.665,,0.0,0.0,0.0,,,,,0.0,0.0,30.0,3.6999999970532822e-06,2.6999999960253263e-06,0.06,85.0,36.5,0
12724,SO-0501,ASI Nidhi Vaghela,ASI,35,2026-07-15 20:34:25+00:00,86.0,87.0,,21.1824938,72.9275911,22.299999237060547,-1.29,-0.131,0.584,,0.0,0.0,0.0,,,,,0.0,0.0,30.0,1.0000000116860974e-07,1.900000000887303e-06,0.02,87.0,36.5,0
12731,SO-0501,ASI Nidhi Vaghela,ASI,35,2026-07-15 20:34:56+00:00,93.0,88.0,,21.1824942,72.9275922,22.299999237060547,-0.452,-0.35,0.864,,0.0,0.0,0.0,,,,,0.0,0.0,31.0,4.000000011217253e-07,1.1000000057492798e-06,0.01,88.0,36.5,2
12737,SO-0501,ASI Nidhi Vaghela,ASI,35,2026-07-15 20:35:25+00:00,83.0,87.0,,21.1824966,72.9275906,22.299999237060547,-0.644,0.131,0.84,,0.0,0.0,0.0,,,,,0.0,0.0,29.0,2.3999999996249244e-06,-1.6000000044869012e-06,0.04,87.0,36.5,0
12742,SO-0501,ASI Nidhi Vaghela,ASI,35,2026-07-15 20:35:55+00:00,96.0,88.0,,21.182497,72.9275927,23.299999237060547,0.544,0.086,0.952,,0.0,0.0,0.0,,,,,0.0,0.0,30.0,4.000000011217253e-07,2.1000000032245225e-06,0.03,88.0,36.5,2
12748,SO-0501,ASI Nidhi Vaghela,ASI,35,2026-07-15 20:36:24+00:00,82.0,88.0,,21.1824973,72.9275917,22.299999237060547,0.752,0.307,0.69,,0.0,0.0,0.0,,,,,0.0,0.0,29.0,2.999999999531156e-07,-1.0000000116860974e-06,0.01,88.0,36.5,0
12754,SO-0501,ASI Nidhi Vaghela,ASI,35,2026-07-15 20:36:55+00:00,82.0,85.0,,21.1825005,72.9275921,22.299999237060547,-0.681,0.101,0.845,,0.0,0.0,0.0,,,,,0.0,0.0,31.0,3.1999999983156613e-06,4.0000000467443897e-07,0.04,85.0,36.5,0
12760,SO-0501,ASI Nidhi Vaghela,ASI,35,2026-07-15 20:37:25+00:00,88.0,88.0,,21.1824996,72.9275936,22.299999237060547,-0.543,0.679,0.603,,0.0,0.0,0.0,,,,,0.0,0.0,30.0,-8.999999998593466e-07,1.499999996212864e-06,0.02,88.0,36.5,0
12767,SO-0501,ASI Nidhi Vaghela,ASI,35,2026-07-15 20:37:55+00:00,85.0,80.0,,21.182497,72.9275924,23.299999237060547,-0.51,0.673,0.621,,0.0,0.0,0.0,,,,,0.0,0.0,30.0,-2.59999999840943e-06,-1.1999999998124622e-06,0.04,80.0,36.5,0
12772,SO-0501,ASI Nidhi Vaghela,ASI,35,2026-07-15 20:38:25+00:00,89.0,84.0,,21.1824963,72.9275928,22.299999237060547,-0.526,0.665,0.609,,0.0,0.0,0.0,,,,,0.0,0.0,30.0,-7.000000010748408e-07,4.0000000467443897e-07,0.01,84.0,36.5,0
12778,SO-0501,ASI Nidhi Vaghela,ASI,35,2026-07-15 20:38:55+00:00,83.0,81.0,,21.1824967,72.9275931,22.299999237060547,-0.532,0.657,0.612,,0.0,0.0,0.0,,,,,0.0,0.0,30.0,4.000000011217253e-07,2.999999964004019e-07,0.01,81.0,36.5,0
12785,SO-0501,ASI Nidhi Vaghela,ASI,35,2026-07-15 20:39:25+00:00,85.0,88.0,,21.1824973,72.9275945,22.299999237060547,-0.97,-0.027,0.16,,0.0,0.0,0.0,,,,,0.0,0.0,30.0,5.999999999062311e-07,1.4000000021496817e-06,0.02,88.0,36.5,0
12790,SO-0501,ASI Nidhi Vaghela,ASI,35,2026-07-15 20:39:54+00:00,94.0,88.0,,21.1824976,72.927595,22.299999237060547,-0.631,0.08,0.847,,0.0,0.0,0.0,,,,,0.0,0.0,29.0,2.999999999531156e-07,4.999999987376214e-07,0.01,88.0,36.5,2
12796,SO-0501,ASI Nidhi Vaghela,ASI,35,2026-07-15 20:40:24+00:00,83.0,88.0,,21.1824982,72.927595,22.299999237060547,-0.847,0.474,0.331,,0.0,0.0,0.0,,,,,0.0,0.0,30.0,5.999999999062311e-07,0.0,0.01,88.0,36.5,0
12802,SO-0501,ASI Nidhi Vaghela,ASI,35,2026-07-15 20:40:54+00:00,92.0,88.0,,21.1824981,72.9275946,22.299999237060547,-0.486,0.689,0.633,,0.0,0.0,0.0,,,,,0.0,0.0,30.0,-1.0000000116860974e-07,-3.9999999046358425e-07,0.01,88.0,36.5,2
12810,SO-0501,ASI Nidhi Vaghela,ASI,35,2026-07-15 20:41:25+00:00,91.0,78.0,,21.1824986,72.9275945,23.299999237060547,-0.354,0.711,0.698,,0.0,0.0,0.0,,,,,0.0,0.0,31.0,4.999999987376214e-07,-1.000000082740371e-07,0.01,78.0,36.5,2
12817,SO-0501,ASI Nidhi Vaghela,ASI,35,2026-07-15 20:41:55+00:00,96.0,88.0,,21.1824989,72.9275943,23.299999237060547,-0.414,-0.503,0.858,,0.0,0.0,0.0,,,,,0.0,0.0,30.0,2.999999999531156e-07,-2.0000000233721948e-07,0.0,88.0,36.5,2
12824,SO-0501,ASI Nidhi Vaghela,ASI,35,2026-07-15 20:42:25+00:00,87.0,88.0,,21.1824996,72.9275946,22.299999237060547,-0.548,-0.37,0.828,,0.0,0.0,0.0,,,,,0.0,0.0,30.0,7.000000010748408e-07,3.000000106112566e-07,0.01,88.0,36.5,0
12831,SO-0501,ASI Nidhi Vaghela,ASI,35,2026-07-15 20:42:55+00:00,100.0,84.0,,21.1824994,72.9275957,22.299999237060547,-0.792,-0.446,-0.317,,0.0,0.0,0.0,,,,,0.0,0.0,30.0,-1.999999987845058e-07,1.099999991538425e-06,0.01,84.0,36.5,2
12838,SO-0501,ASI Nidhi Vaghela,ASI,35,2026-07-15 20:43:25+00:00,81.0,84.0,,21.1830141,72.9277285,22.299999237060547,-0.838,-0.122,0.604,,0.0,0.0,0.0,,,,,0.0,0.0,30.0,0.0005147,0.0001328000000029,7.05,84.0,36.5,1
12845,SO-0501,ASI Nidhi Vaghela,ASI,35,2026-07-15 20:43:55+00:00,85.0,88.0,,21.183844,72.9278369,22.5,-1.001,-0.087,0.219,,0.0,0.0,0.0,,,,,0.0,0.0,30.0,0.0008298999999993,0.000108400000002,11.14,88.0,36.5,1
12852,SO-0501,ASI Nidhi Vaghela,ASI,35,2026-07-15 20:44:25+00:00,85.0,88.0,,21.1833543,72.9277607,21.799999237060547,-0.681,-0.376,-0.22,,0.0,0.0,0.0,,,,,0.0,0.0,30.0,-0.0004896999999992,-7.620000000940763e-05,6.59,88.0,36.5,1
12859,SO-0501,ASI Nidhi Vaghela,ASI,35,2026-07-15 20:44:55+00:00,82.0,88.0,,21.1824407,72.927791,22.399999618530273,-0.966,-0.041,0.437,,0.0,0.0,0.0,,,,,0.0,0.0,30.0,-0.0009136000000005,3.030000000592281e-05,12.17,88.0,36.5,1
12866,SO-0501,ASI Nidhi Vaghela,ASI,35,2026-07-15 20:45:25+00:00,82.0,88.0,,21.1821997,72.929212,23.299999237060547,-0.438,-0.836,0.396,,0.0,0.0,0.0,,,,,0.0,0.0,30.0,-0.000240999999999,0.0014210000000076,17.94,88.0,36.5,1
12873,SO-0501,ASI Nidhi Vaghela,ASI,35,2026-07-15 20:45:54+00:00,87.0,88.0,,21.1817536,72.9307317,22.0,-0.943,-0.063,0.361,,0.0,0.0,0.0,,,,,0.0,0.0,29.0,-0.0004461000000013,0.0015196999999886,20.47,88.0,36.5,1
12880,SO-0501,ASI Nidhi Vaghela,ASI,35,2026-07-15 20:46:25+00:00,82.0,88.0,,21.1817125,72.9313409,21.700000762939453,-0.826,-0.387,-0.281,,0.0,0.0,0.0,,,,,0.0,0.0,31.0,-4.110000000068226e-05,0.0006091999999995,7.34,88.0,36.5,1
12887,SO-0501,ASI Nidhi Vaghela,ASI,35,2026-07-15 20:46:55+00:00,90.0,88.0,,21.182211,72.9312669,21.899999618530273,0.402,0.033,1.253,,0.0,0.0,0.0,,,,,0.0,0.0,30.0,0.000498499999999,-7.399999999790907e-05,6.7,88.0,36.5,1
12894,SO-0501,ASI Nidhi Vaghela,ASI,35,2026-07-15 20:47:25+00:00,97.0,86.0,,21.1825623,72.9312298,22.0,-0.934,-0.225,0.17,,0.0,0.0,0.0,,,,,0.0,0.0,30.0,0.0003513000000019,-3.7100000000123146e-05,4.7,86.0,36.5,1
12901,SO-0501,ASI Nidhi Vaghela,ASI,35,2026-07-15 20:47:55+00:00,87.0,88.0,,21.1825635,72.9311653,22.200000762939453,-0.237,0.714,0.752,,0.0,0.0,0.0,,,,,0.0,0.0,30.0,1.1999999998124622e-06,-6.449999999347256e-05,0.8,88.0,36.5,0
12907,SO-0501,ASI Nidhi Vaghela,ASI,35,2026-07-15 20:48:23+00:00,86.0,88.0,,21.1824917,72.9311484,21.899999618530273,-0.862,-0.026,0.555,,0.0,0.0,0.0,,,,,0.0,0.0,28.0,-7.180000000062137e-05,-1.6900000005648508e-05,1.05,88.0,36.5,0
12915,SO-0501,ASI Nidhi Vaghela,ASI,35,2026-07-15 20:48:57+00:00,86.0,88.0,,21.1825755,72.9311869,21.899999618530273,-0.74,0.497,0.523,,0.0,0.0,0.0,,,,,0.0,0.0,34.0,8.379999999874599e-05,3.850000000227283e-05,1.07,88.0,36.5,0
12922,SO-0501,ASI Nidhi Vaghela,ASI,35,2026-07-15 20:49:26+00:00,82.0,86.0,,21.1825431,72.9311308,21.899999618530273,-0.708,-0.579,-0.575,,0.0,0.0,0.0,,,,,0.0,0.0,29.0,-3.239999999848919e-05,-5.609999999478532e-05,0.85,86.0,36.5,0
12929,SO-0501,ASI Nidhi Vaghela,ASI,35,2026-07-15 20:49:57+00:00,83.0,84.0,,21.1834887,72.931001,22.200000762939453,-0.26,-0.785,-0.452,,0.0,0.0,0.0,,,,,0.0,0.0,31.0,0.0009456000000014,-0.0001298000000105,12.29,84.0,36.5,1
12936,SO-0501,ASI Nidhi Vaghela,ASI,35,2026-07-15 20:50:26+00:00,84.0,88.0,,21.1825923,72.9311043,22.200000762939453,-0.228,-0.848,-0.444,,0.0,0.0,0.0,,,,,0.0,0.0,29.0,-0.000896400000002,0.0001033000000063,12.42,88.0,36.5,1
12942,SO-0501,ASI Nidhi Vaghela,ASI,35,2026-07-15 20:50:56+00:00,87.0,87.0,,21.1826264,72.9311394,22.0,-0.838,-0.108,0.603,,0.0,0.0,0.0,,,,,0.0,0.0,30.0,3.410000000059199e-05,3.510000000517266e-05,0.63,87.0,36.5,0
12949,SO-0501,ASI Nidhi Vaghela,ASI,35,2026-07-15 20:51:26+00:00,87.0,88.0,,21.1826161,72.931131,22.0,-0.922,-0.009,0.453,,0.0,0.0,0.0,,,,,0.0,0.0,30.0,-1.0299999999574538e-05,-8.40000001289809e-06,0.17,88.0,36.5,0
12956,SO-0501,ASI Nidhi Vaghela,ASI,35,2026-07-15 20:51:56+00:00,89.0,88.0,,21.1826068,72.9310806,22.0,-0.831,-0.114,0.634,,0.0,0.0,0.0,,,,,0.0,0.0,30.0,-9.300000002099296e-06,-5.039999999212341e-05,0.64,88.0,36.5,0
12963,SO-0501,ASI Nidhi Vaghela,ASI,35,2026-07-15 20:52:27+00:00,84.0,87.0,,21.1828672,72.9311137,21.5,-0.72,-0.28,0.712,,0.0,0.0,0.0,,,,,0.0,0.0,31.0,0.0002604000000019,3.309999999601132e-05,3.38,87.0,36.5,0
12970,SO-0501,ASI Nidhi Vaghela,ASI,35,2026-07-15 20:52:56+00:00,80.0,87.0,,21.1825725,72.9311363,21.5,-0.931,-0.128,0.496,,0.0,0.0,0.0,,,,,0.0,0.0,29.0,-0.0002947000000013,2.2600000008310417e-05,4.07,87.0,36.5,0
12977,SO-0501,ASI Nidhi Vaghela,ASI,35,2026-07-15 20:53:25+00:00,80.0,88.0,,21.182553,72.9311003,22.0,-0.82,-0.097,0.493,,0.0,0.0,0.0,,,,,0.0,0.0,29.0,-1.9500000000505224e-05,-3.600000000858472e-05,0.54,88.0,36.5,0
12984,SO-0501,ASI Nidhi Vaghela,ASI,35,2026-07-15 20:53:55+00:00,87.0,86.0,,21.1825082,72.931159,22.0,-0.996,-0.122,0.327,,0.0,0.0,0.0,,,,,0.0,0.0,30.0,-4.479999999773554e-05,5.8699999996747465e-05,0.94,86.0,36.5,0
12991,SO-0501,ASI Nidhi Vaghela,ASI,35,2026-07-15 20:54:24+00:00,81.0,84.0,,21.1833029,72.9309692,22.0,-0.673,-0.035,1.116,,0.0,0.0,0.0,,,,,0.0,0.0,29.0,0.0007947000000001,-0.0001897999999869,11.22,84.0,36.5,1
12998,SO-0501,ASI Nidhi Vaghela,ASI,35,2026-07-15 20:54:56+00:00,89.0,88.0,,21.1836896,72.9301837,22.200000762939453,-0.524,-0.021,0.927,,0.0,0.0,0.0,,,,,0.0,0.0,32.0,0.0003866999999999,-0.0007855000000063,10.34,88.0,36.5,1
13005,SO-0501,ASI Nidhi Vaghela,ASI,35,2026-07-15 20:55:26+00:00,91.0,85.0,,21.183716,72.9294601,21.700000762939453,-0.074,-0.669,0.845,,0.0,0.0,0.0,,,,,0.0,0.0,30.0,2.639999999942688e-05,-0.0007236000000006,9.0,85.0,36.5,1
13012,SO-0501,ASI Nidhi Vaghela,ASI,35,2026-07-15 20:55:55+00:00,90.0,88.0,,21.1838876,72.9290174,21.700000762939453,0.219,0.057,1.072,,0.0,0.0,0.0,,,,,0.0,0.0,29.0,0.000171599999998,-0.0004426999999935,6.16,88.0,36.5,1
13018,SO-0501,ASI Nidhi Vaghela,ASI,35,2026-07-15 20:56:24+00:00,90.0,88.0,,21.1839732,72.9283922,21.399999618530273,-0.572,-0.095,1.044,,0.0,0.0,0.0,,,,,0.0,0.0,29.0,8.56000000020174e-05,-0.0006252000000017,8.12,88.0,36.5,1
13026,SO-0501,ASI Nidhi Vaghela,ASI,35,2026-07-15 20:56:55+00:00,85.0,79.0,,21.1836054,72.9278478,21.899999618530273,-0.731,0.056,0.862,,0.0,0.0,0.0,,,,,0.0,0.0,31.0,-0.0003677999999993,-0.0005444000000096,8.08,79.0,36.5,1
13033,SO-0501,ASI Nidhi Vaghela,ASI,35,2026-07-15 20:57:25+00:00,81.0,88.0,,21.182764,72.9277072,21.899999618530273,-0.528,0.208,0.942,,0.0,0.0,0.0,,,,,0.0,0.0,30.0,-0.0008414000000023,-0.0001405999999946,11.34,88.0,36.5,1
13040,SO-0501,ASI Nidhi Vaghela,ASI,35,2026-07-15 20:57:54+00:00,81.0,89.0,,21.1822696,72.9286495,22.5,-0.812,0.589,0.31,,0.0,0.0,0.0,,,,,0.0,0.0,29.0,-0.0004943999999973,0.0009423000000055,13.89,89.0,36.5,1
13047,SO-0501,ASI Nidhi Vaghela,ASI,35,2026-07-15 20:58:24+00:00,83.0,88.0,,21.1818778,72.9303444,22.399999618530273,-0.722,0.258,0.876,,0.0,0.0,0.0,,,,,0.0,0.0,30.0,-0.0003918000000027,0.0016948999999897,21.69,88.0,36.5,1
13053,SO-0501,ASI Nidhi Vaghela,ASI,35,2026-07-15 20:58:54+00:00,82.0,84.0,,21.1818829,72.9301816,21.600000381469727,-0.882,0.004,0.519,,0.0,0.0,0.0,,,,,0.0,0.0,30.0,5.100000002755678e-06,-0.0001627999999982,2.02,84.0,36.5,0
13060,SO-0501,ASI Nidhi Vaghela,ASI,35,2026-07-15 20:59:24+00:00,85.0,87.0,,21.1818279,72.930351,22.399999618530273,-0.891,-0.014,0.495,,0.0,0.0,0.0,,,,,0.0,0.0,30.0,-5.5000000003246896e-05,0.0001694000000043,2.23,87.0,36.5,0
13067,SO-0501,ASI Nidhi Vaghela,ASI,35,2026-07-15 20:59:54+00:00,81.0,87.0,,21.1818813,72.9303665,21.600000381469727,-0.895,-0.046,0.471,,0.0,0.0,0.0,,,,,0.0,0.0,30.0,5.340000000231271e-05,1.5500000003498826e-05,0.74,87.0,36.5,0
13074,SO-0501,ASI Nidhi Vaghela,ASI,35,2026-07-15 21:00:24+00:00,90.0,88.0,,21.1818804,72.9303887,21.600000381469727,-0.882,-0.505,0.238,,0.0,0.0,0.0,,,,,0.0,0.0,30.0,-8.999999998593466e-07,2.2199999989425123e-05,0.28,88.0,36.5,0
13081,SO-0501,ASI Nidhi Vaghela,ASI,35,2026-07-15 21:00:54+00:00,85.0,83.0,,21.1818789,72.9303811,21.600000381469727,-0.941,0.009,0.391,,0.0,0.0,0.0,,,,,0.0,0.0,30.0,-1.4999999997655775e-06,-7.599999989338357e-06,0.1,83.0,36.5,0
13087,SO-0501,ASI Nidhi Vaghela,ASI,35,2026-07-15 21:01:24+00:00,81.0,87.0,,21.1818291,72.9303659,21.600000381469727,-0.946,0.053,0.361,,0.0,0.0,0.0,,,,,0.0,0.0,30.0,-4.979999999932261e-05,-1.5200000007098424e-05,0.69,87.0,36.5,0
13093,SO-0501,ASI Nidhi Vaghela,ASI,35,2026-07-15 21:01:54+00:00,83.0,73.0,,21.1818308,72.9303782,21.600000381469727,-0.952,0.03,0.321,,0.0,0.0,0.0,,,,,0.0,0.0,30.0,1.6999999985500835e-06,1.230000000873588e-05,0.15,73.0,36.5,0
13099,SO-0501,ASI Nidhi Vaghela,ASI,35,2026-07-15 21:02:24+00:00,84.0,84.0,,21.1818411,72.9303723,21.600000381469727,-0.497,0.661,0.635,,0.0,0.0,0.0,,,,,0.0,0.0,30.0,1.0299999999574538e-05,-5.900000004999129e-06,0.16,84.0,36.5,0
13105,SO-0501,ASI Nidhi Vaghela,ASI,35,2026-07-15 21:02:54+00:00,93.0,69.0,,21.1818471,72.9303776,21.600000381469727,-0.527,0.635,0.627,,0.0,0.0,0.0,,,,,0.0,0.0,30.0,5.999999999062311e-06,5.29999999798747e-06,0.1,69.0,36.5,2
13111,SO-0501,ASI Nidhi Vaghela,ASI,35,2026-07-15 21:03:24+00:00,86.0,88.0,,21.1818416,72.9303821,21.600000381469727,-0.861,-0.337,0.311,,0.0,0.0,0.0,,,,,0.0,0.0,30.0,-5.50000000032469e-06,4.500000002849447e-06,0.09,88.0,36.5,0
13117,SO-0501,ASI Nidhi Vaghela,ASI,35,2026-07-15 21:03:54+00:00,89.0,88.0,,21.1818408,72.9303808,21.600000381469727,0.928,-0.111,0.505,,0.0,0.0,0.0,,,,,0.0,0.0,30.0,-7.999999986907369e-07,-1.3000000080864993e-06,0.02,88.0,36.5,0
13123,SO-0501,ASI Nidhi Vaghela,ASI,35,2026-07-15 21:04:24+00:00,89.0,88.0,,21.1818425,72.9303819,21.600000381469727,-0.413,0.315,1.074,,0.0,0.0,0.0,,,,,0.0,0.0,30.0,1.6999999985500835e-06,1.1000000057492798e-06,0.03,88.0,36.5,0
13129,SO-0501,ASI Nidhi Vaghela,ASI,35,2026-07-15 21:04:54+00:00,82.0,88.0,,21.1818466,72.9303774,21.700000762939453,-0.889,-0.236,0.42,,0.0,0.0,0.0,,,,,0.0,0.0,30.0,4.100000001727722e-06,-4.500000002849447e-06,0.08,88.0,36.5,0
13134,SO-0501,ASI Nidhi Vaghela,ASI,35,2026-07-15 21:05:24+00:00,85.0,88.0,,21.1818535,72.9303756,21.600000381469727,-0.611,-0.124,0.899,,0.0,0.0,0.0,,,,,0.0,0.0,30.0,6.899999998921658e-06,-1.799999992613266e-06,0.09,88.0,36.5,0
13141,SO-0501,ASI Nidhi Vaghela,ASI,35,2026-07-15 21:05:54+00:00,85.0,88.0,,21.1818578,72.9303701,21.600000381469727,-0.185,-0.232,1.036,,0.0,0.0,0.0,,,,,0.0,0.0,30.0,4.300000000512227e-06,-5.50000000032469e-06,0.09,88.0,36.5,0
13147,SO-0501,ASI Nidhi Vaghela,ASI,35,2026-07-15 21:06:24+00:00,94.0,88.0,,21.1818607,72.9303666,21.600000381469727,-0.124,-0.114,1.083,,0.0,0.0,0.0,,,,,0.0,0.0,30.0,2.900000001915259e-06,-3.500000005374204e-06,0.06,88.0,36.5,2
13153,SO-0501,ASI Nidhi Vaghela,ASI,35,2026-07-15 21:06:54+00:00,84.0,88.0,,21.1818613,72.9303673,21.600000381469727,-0.075,-0.716,-0.51,,0.0,0.0,0.0,,,,,0.0,0.0,30.0,5.999999999062311e-07,7.000000010748408e-07,0.01,88.0,36.5,0
13159,SO-0501,ASI Nidhi Vaghela,ASI,35,2026-07-15 21:07:24+00:00,84.0,88.0,,21.1817569,72.9307302,21.600000381469727,-0.596,0.177,0.896,,0.0,0.0,0.0,,,,,0.0,0.0,30.0,-0.0001044000000014,0.0003628999999989,4.72,88.0,36.5,1
13165,SO-0501,ASI Nidhi Vaghela,ASI,35,2026-07-15 21:07:55+00:00,93.0,87.0,,21.1816067,72.9314727,21.700000762939453,-0.711,0.03,0.598,,0.0,0.0,0.0,,,,,0.0,0.0,31.0,-0.0001502000000002,0.0007425000000012,9.13,87.0,36.5,1
13171,SO-0501,ASI Nidhi Vaghela,ASI,35,2026-07-15 21:08:25+00:00,88.0,84.0,,21.1816024,72.9314749,21.600000381469727,-1.038,0.512,0.545,,0.0,0.0,0.0,,,,,0.0,0.0,30.0,-4.300000000512227e-06,2.199999997287705e-06,0.06,84.0,36.5,0
13177,SO-0501,ASI Nidhi Vaghela,ASI,35,2026-07-15 21:08:54+00:00,87.0,88.0,,21.1811338,72.9330297,21.600000381469727,-0.684,-0.043,0.735,,0.0,0.0,0.0,,,,,0.0,0.0,29.0,-0.0004685999999978,0.001554800000008,21.0,88.0,36.5,1
13182,SO-0501,ASI Nidhi Vaghela,ASI,35,2026-07-15 21:09:25+00:00,85.0,87.0,,21.1804182,72.9356192,23.100000381469727,-0.884,-0.294,-0.332,,0.0,0.0,0.0,,,,,0.0,0.0,31.0,-0.000715600000003,0.0025894999999991,32.47,87.0,36.5,1
13189,SO-0501,ASI Nidhi Vaghela,ASI,35,2026-07-15 21:09:54+00:00,81.0,88.0,,21.1797566,72.9378699,23.100000381469727,-0.901,-0.246,-0.109,,0.0,0.0,0.0,,,,,0.0,0.0,29.0,-0.0006615999999972,0.0022506999999905,30.33,88.0,36.5,1
13195,SO-0501,ASI Nidhi Vaghela,ASI,35,2026-07-15 21:10:26+00:00,86.0,88.0,,21.1791904,72.9399549,23.0,-0.923,-0.177,-0.353,,0.0,0.0,0.0,,,,,0.0,0.0,32.0,-0.0005662000000015,0.0020850000000081,25.29,88.0,36.5,1
13201,SO-0501,ASI Nidhi Vaghela,ASI,35,2026-07-15 21:10:56+00:00,88.0,88.0,,21.1785096,72.9424438,21.899999618530273,-0.808,-0.52,-0.262,,0.0,0.0,0.0,,,,,0.0,0.0,30.0,-0.0006807999999978,0.002488900000003,32.22,88.0,36.5,1
13207,SO-0501,ASI Nidhi Vaghela,ASI,35,2026-07-15 21:11:25+00:00,85.0,88.0,,21.17779,72.9450433,24.200000762939453,-0.58,-0.004,0.876,,0.0,0.0,0.0,,,,,0.0,0.0,29.0,-0.0007196,0.002599499999988,34.85,88.0,36.5,1
13213,SO-0501,ASI Nidhi Vaghela,ASI,35,2026-07-15 21:11:54+00:00,84.0,88.0,,21.1768008,72.9477858,25.799999237060547,-0.636,0.098,0.883,,0.0,0.0,0.0,,,,,0.0,0.0,29.0,-0.0009892000000029,0.0027425000000107,37.79,88.0,36.5,1
13219,SO-0501,ASI Nidhi Vaghela,ASI,35,2026-07-15 21:12:25+00:00,88.0,87.0,,21.176429,72.9489376,25.700000762939453,-0.607,0.07,0.891,,0.0,0.0,0.0,,,,,0.0,0.0,31.0,-0.0003717999999999,0.0011517999999881,14.65,87.0,36.5,1
13225,SO-0501,ASI Nidhi Vaghela,ASI,35,2026-07-15 21:12:54+00:00,88.0,84.0,,21.1762745,72.9494709,25.600000381469727,-0.535,0.082,0.86,,0.0,0.0,0.0,,,,,0.0,0.0,29.0,-0.0001544999999971,0.0005333000000007,7.18,84.0,36.5,1
13231,SO-0501,ASI Nidhi Vaghela,ASI,35,2026-07-15 21:13:25+00:00,90.0,88.0,,21.1757191,72.9510541,25.399999618530273,-0.622,0.146,0.858,,0.0,0.0,0.0,,,,,0.0,0.0,31.0,-0.0005554000000032,0.0015831999999988,20.34,88.0,36.5,1
13237,SO-0501,ASI Nidhi Vaghela,ASI,35,2026-07-15 21:13:54+00:00,89.0,88.0,,21.1751695,72.9526261,25.0,0.036,0.405,0.986,,0.0,0.0,0.0,,,,,0.0,0.0,29.0,-0.0005495999999993,0.0015720000000101,21.57,88.0,36.5,1
13242,SO-0501,ASI Nidhi Vaghela,ASI,35,2026-07-15 21:14:25+00:00,94.0,88.0,,21.1751269,72.9529194,25.0,-0.854,-0.071,-0.041,,0.0,0.0,0.0,,,,,0.0,0.0,31.0,-4.2600000000447835e-05,0.0002932999999956,3.57,88.0,36.5,2
13249,SO-0501,ASI Nidhi Vaghela,ASI,35,2026-07-15 21:14:55+00:00,87.0,85.0,,21.1751509,72.9528732,25.0,-0.772,0.359,0.333,,0.0,0.0,0.0,,,,,0.0,0.0,30.0,2.399999999980196e-05,-4.619999999988522e-05,0.66,85.0,36.5,0
13255,SO-0501,ASI Nidhi Vaghela,ASI,35,2026-07-15 21:15:24+00:00,93.0,89.0,,21.1751546,72.952897,25.5,-1.346,0.654,0.322,,0.0,0.0,0.0,,,,,0.0,0.0,29.0,3.700000000605996e-06,2.3799999993912024e-05,0.31,89.0,36.5,2
13261,SO-0501,ASI Nidhi Vaghela,ASI,35,2026-07-15 21:15:55+00:00,85.0,88.0,,21.1751313,72.9529505,25.5,-0.834,0.692,0.023,,0.0,0.0,0.0,,,,,0.0,0.0,31.0,-2.3299999998727117e-05,5.350000000703403e-05,0.71,88.0,36.5,0
13267,SO-0501,ASI Nidhi Vaghela,ASI,35,2026-07-15 21:16:26+00:00,85.0,64.0,,21.1754586,72.9529658,24.700000762939453,-0.085,0.451,0.108,,0.0,0.0,0.0,,,,,0.0,0.0,31.0,0.0003272999999985,1.5300000001161607e-05,4.22,64.0,36.5,1
13274,SO-0501,ASI Nidhi Vaghela,ASI,35,2026-07-15 21:16:57+00:00,85.0,58.0,,21.1754586,72.9529658,25.5,0.123,0.828,0.437,,0.0,0.0,0.0,,,,,0.0,0.0,31.0,0.0,0.0,0.0,58.0,36.5,1
13281,SO-0501,ASI Nidhi Vaghela,ASI,35,2026-07-15 21:17:27+00:00,91.0,76.0,,21.1754747,72.9528772,25.5,-0.156,0.841,0.347,,0.0,0.0,0.0,,,,,0.0,0.0,30.0,1.6099999999852344e-05,-8.859999999799584e-05,1.12,76.0,36.5,1
13288,SO-0501,ASI Nidhi Vaghela,ASI,35,2026-07-15 21:17:58+00:00,84.0,84.0,,21.1750627,72.9547303,25.5,-0.491,0.911,0.281,,0.0,0.0,0.0,,,,,0.0,0.0,31.0,-0.0004119999999971,0.001853099999991,22.9,84.0,36.5,1
13295,SO-0501,ASI Nidhi Vaghela,ASI,35,2026-07-15 21:18:27+00:00,84.0,57.0,,21.1755939,72.9525723,24.799999237060547,-0.503,0.714,0.197,,0.0,0.0,0.0,,,,,0.0,0.0,29.0,0.0005311999999975,-0.0021579999999943,28.68,57.0,36.5,1
13301,SO-0501,ASI Nidhi Vaghela,ASI,35,2026-07-15 21:18:58+00:00,98.0,88.0,,21.1755939,72.9525723,24.799999237060547,-0.237,0.5,-0.758,,0.0,0.0,0.0,,,,,0.0,0.0,31.0,0.0,0.0,0.0,88.0,36.5,2
13306,SO-0501,ASI Nidhi Vaghela,ASI,35,2026-07-15 21:19:28+00:00,88.0,87.0,,21.1752481,72.9528706,24.799999237060547,0.187,0.99,-0.058,,0.0,0.0,0.0,,,,,0.0,0.0,30.0,-0.000345799999998,0.0002982999999971,5.91,87.0,36.5,1
13311,SO-0501,ASI Nidhi Vaghela,ASI,35,2026-07-15 21:19:58+00:00,82.0,88.0,,21.1751456,72.9529117,24.799999237060547,-0.833,0.187,-0.416,,0.0,0.0,0.0,,,,,0.0,0.0,30.0,-0.0001025000000005,4.110000000423497e-05,1.46,88.0,36.5,0
13316,SO-0501,ASI Nidhi Vaghela,ASI,35,2026-07-15 21:20:28+00:00,84.0,88.0,,21.1752336,72.9528831,24.799999237060547,-0.79,0.143,-0.484,,0.0,0.0,0.0,,,,,0.0,0.0,30.0,8.79999999980896e-05,-2.8600000007372728e-05,1.22,88.0,36.5,0
13321,SO-0501,ASI Nidhi Vaghela,ASI,35,2026-07-15 21:20:58+00:00,84.0,84.0,,21.1755887,72.9525682,24.799999237060547,-0.83,0.181,-0.423,,0.0,0.0,0.0,,,,,0.0,0.0,30.0,0.0003551000000001,-0.0003148999999922,6.14,84.0,36.5,1
13326,SO-0501,ASI Nidhi Vaghela,ASI,35,2026-07-15 21:21:28+00:00,85.0,88.0,,21.1755101,72.9528007,25.5,-0.828,0.225,-0.424,,0.0,0.0,0.0,,,,,0.0,0.0,30.0,-7.859999999837441e-05,0.0002324999999956,3.07,88.0,36.5,0
13331,SO-0501,ASI Nidhi Vaghela,ASI,35,2026-07-15 21:21:58+00:00,82.0,85.0,,21.1754733,72.9528803,25.5,-0.807,0.232,-0.443,,0.0,0.0,0.0,,,,,0.0,0.0,30.0,-3.680000000017003e-05,7.96000000065078e-05,1.1,85.0,36.5,0
13336,SO-0501,ASI Nidhi Vaghela,ASI,35,2026-07-15 21:22:27+00:00,96.0,88.0,,21.1754748,72.9528783,25.5,-0.943,0.187,-0.168,,0.0,0.0,0.0,,,,,0.0,0.0,29.0,1.4999999997655775e-06,-2.00000000916134e-06,0.03,88.0,36.5,2
13341,SO-0501,ASI Nidhi Vaghela,ASI,35,2026-07-15 21:22:57+00:00,96.0,87.0,,21.1754747,72.9528772,25.5,-0.38,-0.903,-0.146,,0.0,0.0,0.0,,,,,0.0,0.0,30.0,-1.0000000116860974e-07,-1.099999991538425e-06,0.01,87.0,36.5,2
13346,SO-0501,ASI Nidhi Vaghela,ASI,35,2026-07-15 21:23:27+00:00,85.0,88.0,,21.1754748,72.9528783,25.5,-0.958,0.169,-0.102,,0.0,0.0,0.0,,,,,0.0,0.0,30.0,1.0000000116860974e-07,1.099999991538425e-06,0.01,88.0,36.5,0
13351,SO-0501,ASI Nidhi Vaghela,ASI,35,2026-07-15 21:23:56+00:00,95.0,87.0,,21.1754751,72.9528793,25.5,-0.931,0.131,-0.233,,0.0,0.0,0.0,,,,,0.0,0.0,29.0,2.999999999531156e-07,1.0000000116860974e-06,0.01,87.0,36.5,2
13356,SO-0501,ASI Nidhi Vaghela,ASI,35,2026-07-15 21:24:28+00:00,81.0,85.0,,21.1754751,72.9528793,25.5,-0.108,0.824,-0.72,,0.0,0.0,0.0,,,,,0.0,0.0,32.0,0.0,0.0,0.0,85.0,36.5,0
13361,SO-0501,ASI Nidhi Vaghela,ASI,35,2026-07-15 21:24:58+00:00,85.0,83.0,,21.1754748,72.9528752,25.5,-0.534,0.821,-0.805,,0.0,0.0,0.0,,,,,0.0,0.0,30.0,-2.999999999531156e-07,-4.100000012385863e-06,0.05,83.0,36.5,0
13366,SO-0501,ASI Nidhi Vaghela,ASI,35,2026-07-15 21:25:28+00:00,91.0,88.0,,21.1754748,72.952875,25.5,-0.56,0.84,0.11,,0.0,0.0,0.0,,,,,0.0,0.0,30.0,0.0,-1.9999998812636477e-07,0.0,88.0,36.5,2
13371,SO-0501,ASI Nidhi Vaghela,ASI,35,2026-07-15 21:25:58+00:00,89.0,76.0,,21.1754748,72.952875,25.5,-0.278,-0.257,0.977,,0.0,0.0,0.0,,,,,0.0,0.0,30.0,0.0,0.0,0.0,76.0,36.5,0
13376,SO-0501,ASI Nidhi Vaghela,ASI,35,2026-07-15 21:26:28+00:00,89.0,,,21.1754748,72.952875,25.5,-0.761,0.012,-0.569,,0.0,0.0,0.0,,,,,0.0,0.0,30.0,0.0,0.0,0.0,76.0,36.5,0
13381,SO-0501,ASI Nidhi Vaghela,ASI,35,2026-07-15 21:26:54+00:00,86.0,,,21.1752189,72.9529905,25.5,-0.207,0.964,0.282,,0.0,0.0,0.0,,,,,0.0,0.0,26.0,-0.000255899999999,0.0001154999999926,4.27,76.0,36.5,0
13386,SO-0501,ASI Nidhi Vaghela,ASI,35,2026-07-15 21:27:27+00:00,86.0,65.0,,21.1754776,72.9528815,25.5,0.143,0.589,0.913,,0.0,0.0,0.0,,,,,0.0,0.0,33.0,0.0002586999999998,-0.0001089999999948,3.37,65.0,36.5,0
13391,SO-0501,ASI Nidhi Vaghela,ASI,35,2026-07-15 21:27:57+00:00,91.0,87.0,,21.1754751,72.9528793,25.5,-0.755,0.195,0.727,,0.0,0.0,0.0,,,,,0.0,0.0,30.0,-2.500000000793534e-06,-2.199999997287705e-06,0.04,87.0,36.5,2
13396,SO-0501,ASI Nidhi Vaghela,ASI,35,2026-07-15 21:28:27+00:00,88.0,85.0,,21.1754773,72.9528817,25.5,-0.595,0.734,0.469,,0.0,0.0,0.0,,,,,0.0,0.0,30.0,2.2000000008404186e-06,2.3999999996249244e-06,0.04,85.0,36.5,0
13401,SO-0501,ASI Nidhi Vaghela,ASI,35,2026-07-15 21:28:57+00:00,86.0,87.0,,21.1754776,72.9528815,25.5,-0.838,-0.308,0.512,,0.0,0.0,0.0,,,,,0.0,0.0,30.0,2.999999999531156e-07,-2.0000000233721948e-07,0.0,87.0,36.5,0
13406,SO-0501,ASI Nidhi Vaghela,ASI,35,2026-07-15 21:29:27+00:00,89.0,88.0,,21.1754777,72.9528816,25.5,-0.409,-0.225,0.981,,0.0,0.0,0.0,,,,,0.0,0.0,30.0,9.999999761589606e-08,9.999999406318238e-08,0.0,88.0,36.5,0
13411,SO-0501,ASI Nidhi Vaghela,ASI,35,2026-07-15 21:29:57+00:00,91.0,88.0,,21.1754773,72.9528815,25.5,-0.604,-0.309,0.805,,0.0,0.0,0.0,,,,,0.0,0.0,30.0,-3.999999975690116e-07,-9.999999406318238e-08,0.01,88.0,36.5,2
13416,SO-0501,ASI Nidhi Vaghela,ASI,35,2026-07-15 21:30:26+00:00,90.0,85.0,,21.1754777,72.9528816,25.5,-0.685,-0.22,0.76,,0.0,0.0,0.0,,,,,0.0,0.0,29.0,3.999999975690116e-07,9.999999406318238e-08,0.01,85.0,36.5,0
13421,SO-0501,ASI Nidhi Vaghela,ASI,35,2026-07-15 21:30:57+00:00,99.0,86.0,,21.1754776,72.9528815,25.5,-0.898,-0.315,0.297,,0.0,0.0,0.0,,,,,0.0,0.0,31.0,-9.999999761589606e-08,-9.999999406318238e-08,0.0,86.0,36.5,2
14585,SO-0501,ASI Nidhi Vaghela,ASI,35,2026-07-16 09:47:16+00:00,81.0,88.0,,21.0145465,73.1344073,48.0,-0.871,0.263,0.481,,0.0,0.0,0.0,,,,,0.0,0.0,44179.0,-0.1609310999999991,0.1815258000000028,0.0,88.0,36.5,0
14587,SO-0501,ASI Nidhi Vaghela,ASI,35,2026-07-16 09:47:46+00:00,83.0,88.0,,21.0145465,73.1344073,48.0,-0.153,-0.604,0.896,,0.0,0.0,0.0,,,,,0.0,0.0,30.0,0.0,0.0,0.0,88.0,36.5,0
14589,SO-0501,ASI Nidhi Vaghela,ASI,35,2026-07-16 09:48:16+00:00,99.0,85.0,,21.0145465,73.1344073,48.0,-0.66,0.044,-0.398,,0.0,0.0,0.0,,,,,0.0,0.0,30.0,0.0,0.0,0.0,85.0,36.5,2
14590,SO-0501,ASI Nidhi Vaghela,ASI,35,2026-07-16 09:48:46+00:00,83.0,88.0,,21.0180148,73.1410092,26.399999618530273,-0.749,-0.556,0.497,,0.0,0.0,0.0,,,,,0.0,0.0,30.0,0.0034682999999979,0.0066018999999926,94.13,88.0,36.5,1
14591,SO-0501,ASI Nidhi Vaghela,ASI,35,2026-07-16 09:49:16+00:00,82.0,84.0,,21.018018,73.1410081,26.399999618530273,-0.92,0.241,0.377,,0.0,0.0,0.0,,,,,0.0,0.0,30.0,3.200000001868375e-06,-1.1000000057492798e-06,0.04,84.0,36.5,0
14593,SO-0501,ASI Nidhi Vaghela,ASI,35,2026-07-16 09:49:46+00:00,86.0,87.0,,21.0180152,73.1410093,26.399999618530273,-0.943,0.095,0.395,,0.0,0.0,0.0,,,,,0.0,0.0,30.0,-2.8000000007466497e-06,1.1999999998124622e-06,0.04,87.0,36.5,0
14594,SO-0501,ASI Nidhi Vaghela,ASI,35,2026-07-16 09:50:16+00:00,83.0,86.0,,21.0180148,73.1410092,26.399999618530273,-0.525,-0.641,0.648,,0.0,0.0,0.0,,,,,0.0,0.0,30.0,-4.000000011217253e-07,-9.999999406318238e-08,0.01,86.0,36.5,0
14595,SO-0501,ASI Nidhi Vaghela,ASI,35,2026-07-16 09:50:46+00:00,100.0,88.0,,21.0180148,73.1410092,26.399999618530273,-0.96,0.073,0.33,,0.0,0.0,0.0,,,,,0.0,0.0,30.0,0.0,0.0,0.0,88.0,36.5,2
14596,SO-0501,ASI Nidhi Vaghela,ASI,35,2026-07-16 09:51:16+00:00,88.0,88.0,,21.0180148,73.1410092,26.399999618530273,-0.985,0.048,0.178,,0.0,0.0,0.0,,,,,0.0,0.0,30.0,0.0,0.0,0.0,88.0,36.5,0
14598,SO-0501,ASI Nidhi Vaghela,ASI,35,2026-07-16 09:51:46+00:00,85.0,88.0,,21.0180148,73.1410092,26.399999618530273,-0.899,0.036,0.536,,0.0,0.0,0.0,,,,,0.0,0.0,30.0,0.0,0.0,0.0,88.0,36.5,0
14597,SO-0501,ASI Nidhi Vaghela,ASI,35,2026-07-16 09:52:16+00:00,85.0,88.0,,21.0180208,73.14101,26.399999618530273,-0.958,-0.13,-0.162,,0.0,0.0,0.0,,,,,0.0,0.0,30.0,5.999999999062311e-06,7.999999951380232e-07,0.08,88.0,36.5,0
14599,SO-0501,ASI Nidhi Vaghela,ASI,35,2026-07-16 09:52:46+00:00,89.0,88.0,,21.0173163,73.1408535,26.399999618530273,-0.932,-0.128,-0.19,,0.0,0.0,0.0,,,,,0.0,0.0,30.0,-0.0007044999999976,-0.0001564999999885,9.58,88.0,36.5,1
14600,SO-0501,ASI Nidhi Vaghela,ASI,35,2026-07-16 09:53:16+00:00,89.0,88.0,,21.0180148,73.1410092,26.399999618530273,-0.957,-0.124,-0.114,,0.0,0.0,0.0,,,,,0.0,0.0,30.0,0.0006984999999986,0.0001556999999934,9.5,88.0,36.5,1
14601,SO-0501,ASI Nidhi Vaghela,ASI,35,2026-07-16 09:53:44+00:00,80.0,88.0,,21.0180178,73.1410078,26.399999618530273,-0.782,0.124,0.697,,0.0,0.0,0.0,,,,,0.0,0.0,28.0,2.9999999995311555e-06,-1.4000000021496817e-06,0.05,88.0,36.5,0
14602,SO-0501,ASI Nidhi Vaghela,ASI,35,2026-07-16 09:54:15+00:00,95.0,88.0,,21.0180196,73.1410063,26.399999618530273,-0.849,0.089,0.596,,0.0,0.0,0.0,,,,,0.0,0.0,31.0,1.7999999997186933e-06,-1.499999996212864e-06,0.03,88.0,36.5,2
14603,SO-0501,ASI Nidhi Vaghela,ASI,35,2026-07-16 09:54:46+00:00,84.0,88.0,,21.0180196,73.1410063,26.399999618530273,-0.471,-0.048,0.992,,0.0,0.0,0.0,,,,,0.0,0.0,31.0,0.0,0.0,0.0,88.0,36.5,0
14604,SO-0501,ASI Nidhi Vaghela,ASI,35,2026-07-16 09:55:16+00:00,84.0,88.0,,21.0180196,73.1410063,26.399999618530273,-0.488,-0.101,0.954,,0.0,0.0,0.0,,,,,0.0,0.0,30.0,0.0,0.0,0.0,88.0,36.5,0
14605,SO-0501,ASI Nidhi Vaghela,ASI,35,2026-07-16 09:55:44+00:00,90.0,88.0,,21.0180178,73.1410078,26.399999618530273,-0.796,-0.111,-0.488,,0.0,0.0,0.0,,,,,0.0,0.0,28.0,-1.7999999997186933e-06,1.499999996212864e-06,0.03,88.0,36.5,0
14606,SO-0501,ASI Nidhi Vaghela,ASI,35,2026-07-16 09:56:13+00:00,91.0,87.0,,21.0180196,73.1410063,26.399999618530273,-0.457,-0.885,0.405,,0.0,0.0,0.0,,,,,0.0,0.0,29.0,1.7999999997186933e-06,-1.499999996212864e-06,0.03,87.0,36.5,2
14607,SO-0501,ASI Nidhi Vaghela,ASI,35,2026-07-16 09:56:44+00:00,92.0,88.0,,21.0180205,73.1410059,26.399999618530273,-0.257,-0.981,0.262,,0.0,0.0,0.0,,,,,0.0,0.0,31.0,8.999999998593466e-07,-4.0000000467443897e-07,0.01,88.0,36.5,2
14608,SO-0501,ASI Nidhi Vaghela,ASI,35,2026-07-16 09:57:14+00:00,84.0,85.0,,21.0180196,73.1410063,26.399999618530273,-0.482,-0.726,-0.012,,0.0,0.0,0.0,,,,,0.0,0.0,30.0,-8.999999998593466e-07,4.0000000467443897e-07,0.01,85.0,36.5,0
14609,SO-0501,ASI Nidhi Vaghela,ASI,35,2026-07-16 09:57:44+00:00,86.0,83.0,,21.0176105,73.1413592,26.399999618530273,0.093,-0.952,0.343,,0.0,0.0,0.0,,,,,0.0,0.0,30.0,-0.0004090999999988,0.0003528999999957,6.99,83.0,36.5,1
14610,SO-0501,ASI Nidhi Vaghela,ASI,35,2026-07-16 09:58:14+00:00,83.0,88.0,,21.0179293,73.1411541,29.600000381469727,-0.186,-0.912,-0.064,,0.0,0.0,0.0,,,,,0.0,0.0,30.0,0.0003187999999987,-0.0002051000000022,4.95,88.0,36.5,1
14611,SO-0501,ASI Nidhi Vaghela,ASI,35,2026-07-16 09:58:44+00:00,96.0,88.0,,21.0176168,73.1413859,29.600000381469727,-0.49,-0.971,0.348,,0.0,0.0,0.0,,,,,0.0,0.0,30.0,-0.0003124999999997,0.0002318000000087,5.06,88.0,36.5,1
14612,SO-0501,ASI Nidhi Vaghela,ASI,35,2026-07-16 09:59:15+00:00,97.0,88.0,,21.0176163,73.1413884,26.399999618530273,-0.289,-0.925,-0.021,,0.0,0.0,0.0,,,,,0.0,0.0,31.0,-4.999999987376214e-07,2.4999999936881068e-06,0.03,88.0,36.5,2
14613,SO-0501,ASI Nidhi Vaghela,ASI,35,2026-07-16 09:59:44+00:00,84.0,88.0,,21.0180204,73.1410078,26.399999618530273,-0.358,-0.58,0.055,,0.0,0.0,0.0,,,,,0.0,0.0,29.0,0.0004041000000007,-0.0003805999999997,7.41,88.0,36.5,1
14614,SO-0501,ASI Nidhi Vaghela,ASI,35,2026-07-16 10:00:14+00:00,81.0,87.0,,21.0175961,73.1413865,26.399999618530273,-0.159,-1.025,0.161,,0.0,0.0,0.0,,,,,0.0,0.0,30.0,-0.0004243000000023,0.0003786999999988,7.35,87.0,36.5,1
14615,SO-0501,ASI Nidhi Vaghela,ASI,35,2026-07-16 10:00:41+00:00,98.0,88.0,,21.0175776,73.1413868,26.399999618530273,-0.408,-0.942,0.012,,0.0,0.0,0.0,,,,,0.0,0.0,27.0,-1.8499999999477268e-05,3.000000106112566e-07,0.27,88.0,36.5,2
14616,SO-0501,ASI Nidhi Vaghela,ASI,35,2026-07-16 10:01:14+00:00,83.0,84.0,,21.017579,73.1413843,29.600000381469727,-0.168,0.949,0.085,,0.0,0.0,0.0,,,,,0.0,0.0,33.0,1.4000000021496817e-06,-2.5000000078989615e-06,0.03,84.0,36.5,0
14617,SO-0501,ASI Nidhi Vaghela,ASI,35,2026-07-16 10:01:44+00:00,90.0,72.0,,21.017579,73.1413843,29.600000381469727,-0.395,1.3,0.023,,0.0,0.0,0.0,,,,,0.0,0.0,30.0,0.0,0.0,0.0,72.0,36.5,0
14618,SO-0501,ASI Nidhi Vaghela,ASI,35,2026-07-16 10:02:11+00:00,83.0,76.0,,21.017534,73.1413322,26.399999618530273,-0.401,0.948,-0.04,,0.0,0.0,0.0,,,,,0.0,0.0,27.0,-4.500000000007276e-05,-5.210000000488435e-05,0.98,76.0,36.5,0
14619,SO-0501,ASI Nidhi Vaghela,ASI,35,2026-07-16 10:02:41+00:00,84.0,85.0,,21.0175084,73.1413811,26.399999618530273,0.237,-0.754,0.485,,0.0,0.0,0.0,,,,,0.0,0.0,30.0,-2.5600000000736145e-05,4.89000000101214e-05,0.7,85.0,36.5,0
14620,SO-0501,ASI Nidhi Vaghela,ASI,35,2026-07-16 10:03:11+00:00,81.0,87.0,,21.017496,73.1412737,26.399999618530273,-0.116,-0.912,0.262,,0.0,0.0,0.0,,,,,0.0,0.0,30.0,-1.2399999999246347e-05,-0.0001074000000045,1.34,87.0,36.5,0
14621,SO-0501,ASI Nidhi Vaghela,ASI,35,2026-07-16 10:03:44+00:00,94.0,75.0,,21.0175298,73.1414344,26.399999618530273,-0.421,0.809,0.177,,0.0,0.0,0.0,,,,,0.0,0.0,33.0,3.379999999708616e-05,0.000160699999995,1.86,75.0,36.5,2
14622,SO-0501,ASI Nidhi Vaghela,ASI,35,2026-07-16 10:04:13+00:00,89.0,88.0,,21.0175435,73.1413539,26.399999618530273,-0.202,0.738,0.23,,0.0,0.0,0.0,,,,,0.0,0.0,29.0,1.370000000022742e-05,-8.0499999995709e-05,1.05,88.0,36.5,0
14624,SO-0501,ASI Nidhi Vaghela,ASI,35,2026-07-16 10:04:44+00:00,87.0,79.0,,21.0175396,73.1413513,26.399999618530273,-0.155,0.937,0.24,,0.0,0.0,0.0,,,,,0.0,0.0,31.0,-3.899999999390502e-06,-2.600000001962144e-06,0.06,79.0,36.5,0
14626,SO-0501,ASI Nidhi Vaghela,ASI,35,2026-07-16 10:05:14+00:00,83.0,86.0,,21.0175422,73.1413496,26.399999618530273,-0.279,1.135,-0.056,,0.0,0.0,0.0,,,,,0.0,0.0,30.0,2.600000001962144e-06,-1.6999999985500835e-06,0.04,86.0,36.5,0
14628,SO-0501,ASI Nidhi Vaghela,ASI,35,2026-07-16 10:05:44+00:00,85.0,87.0,,21.0180121,73.1410573,26.399999618530273,-0.272,0.937,0.333,,0.0,0.0,0.0,,,,,0.0,0.0,30.0,0.0004698999999988,-0.0002922999999981,7.24,87.0,36.5,1
14630,SO-0501,ASI Nidhi Vaghela,ASI,35,2026-07-16 10:06:14+00:00,86.0,82.0,,21.0180178,73.1410078,26.399999618530273,-0.464,0.873,-0.026,,0.0,0.0,0.0,,,,,0.0,0.0,30.0,5.699999999109195e-06,-4.9500000002922206e-05,0.62,82.0,36.5,0
14632,SO-0501,ASI Nidhi Vaghela,ASI,35,2026-07-16 10:06:44+00:00,85.0,87.0,,21.0179281,73.1411583,29.600000381469727,-0.685,0.828,-0.041,,0.0,0.0,0.0,,,,,0.0,0.0,30.0,-8.97000000001924e-05,0.0001505000000037,2.22,87.0,36.5,0
14634,SO-0501,ASI Nidhi Vaghela,ASI,35,2026-07-16 10:07:14+00:00,82.0,88.0,,21.0180196,73.1410063,26.399999618530273,-0.402,0.909,-0.053,,0.0,0.0,0.0,,,,,0.0,0.0,30.0,9.14999999999111e-05,-0.0001519999999999,2.25,88.0,36.5,0
14636,SO-0501,ASI Nidhi Vaghela,ASI,35,2026-07-16 10:07:44+00:00,86.0,88.0,,21.0180178,73.1410078,26.399999618530273,-0.475,0.825,-0.205,,0.0,0.0,0.0,,,,,0.0,0.0,30.0,-1.7999999997186933e-06,1.499999996212864e-06,0.03,88.0,36.5,0
14637,SO-0501,ASI Nidhi Vaghela,ASI,35,2026-07-16 10:08:11+00:00,88.0,85.0,,21.0175659,73.1413565,26.399999618530273,-0.901,0.084,0.771,,0.0,0.0,0.0,,,,,0.0,0.0,27.0,-0.000451899999998,0.0003487000000035,8.24,85.0,36.5,1
14639,SO-0501,ASI Nidhi Vaghela,ASI,35,2026-07-16 10:08:41+00:00,95.0,88.0,,21.0175669,73.1413549,26.399999618530273,-0.618,0.703,-0.252,,0.0,0.0,0.0,,,,,0.0,0.0,30.0,9.999999974752427e-07,-1.6000000044869012e-06,0.02,88.0,36.5,2
14642,SO-0501,ASI Nidhi Vaghela,ASI,35,2026-07-16 10:09:14+00:00,90.0,88.0,,21.017567,73.1413556,29.600000381469727,-0.606,0.734,-0.221,,0.0,0.0,0.0,,,,,0.0,0.0,33.0,1.0000000116860974e-07,7.000000010748408e-07,0.01,88.0,36.5,0
14644,SO-0501,ASI Nidhi Vaghela,ASI,35,2026-07-16 10:09:44+00:00,87.0,88.0,,21.0175701,73.1413479,26.399999618530273,-0.483,0.869,-0.083,,0.0,0.0,0.0,,,,,0.0,0.0,30.0,3.1000000006997652e-06,-7.699999997612395e-06,0.1,88.0,36.5,0
14646,SO-0501,ASI Nidhi Vaghela,ASI,35,2026-07-16 10:10:11+00:00,82.0,88.0,,21.0175692,73.1413456,26.399999618530273,-0.672,0.678,-0.221,,0.0,0.0,0.0,,,,,0.0,0.0,27.0,-8.999999998593466e-07,-2.300000005561742e-06,0.03,88.0,36.5,0
14648,SO-0501,ASI Nidhi Vaghela,ASI,35,2026-07-16 10:10:44+00:00,92.0,84.0,,21.017569,73.1413451,29.600000381469727,-0.567,0.799,-0.128,,0.0,0.0,0.0,,,,,0.0,0.0,33.0,-1.999999987845058e-07,-4.999999987376214e-07,0.01,84.0,36.5,2
14650,SO-0501,ASI Nidhi Vaghela,ASI,35,2026-07-16 10:11:14+00:00,81.0,88.0,,21.0175691,73.1413422,26.399999618530273,-0.988,-0.19,0.13,,0.0,0.0,0.0,,,,,0.0,0.0,30.0,9.999999761589606e-08,-2.8999999983625457e-06,0.04,88.0,36.5,0
14652,SO-0501,ASI Nidhi Vaghela,ASI,35,2026-07-16 10:11:44+00:00,81.0,85.0,,21.0175672,73.1413387,29.600000381469727,-0.998,-0.379,0.209,,0.0,0.0,0.0,,,,,0.0,0.0,30.0,-1.900000000887303e-06,-3.4999999911633495e-06,0.05,85.0,36.5,0
14654,SO-0501,ASI Nidhi Vaghela,ASI,35,2026-07-16 10:12:14+00:00,95.0,86.0,,21.0175672,73.1413387,29.5,-0.942,-0.249,0.285,,0.0,0.0,0.0,,,,,0.0,0.0,30.0,0.0,0.0,0.0,86.0,36.5,2
14656,SO-0501,ASI Nidhi Vaghela,ASI,35,2026-07-16 10:12:44+00:00,89.0,88.0,,21.0178965,73.1411279,26.399999618530273,-0.854,-0.441,0.309,,0.0,0.0,0.0,,,,,0.0,0.0,30.0,0.0003293000000006,-0.0002108000000049,5.11,88.0,36.5,1
14658,SO-0501,ASI Nidhi Vaghela,ASI,35,2026-07-16 10:13:14+00:00,83.0,88.0,,21.0176844,73.1412385,29.5,-0.872,-0.419,0.308,,0.0,0.0,0.0,,,,,0.0,0.0,30.0,-0.0002120999999988,0.0001105999999992,3.14,88.0,36.5,0
14660,SO-0501,ASI Nidhi Vaghela,ASI,35,2026-07-16 10:13:44+00:00,88.0,88.0,,21.0177395,73.1412079,29.5,-0.894,-0.398,0.314,,0.0,0.0,0.0,,,,,0.0,0.0,30.0,5.510000000086279e-05,-3.060000000232321e-05,0.83,88.0,36.5,0
14662,SO-0501,ASI Nidhi Vaghela,ASI,35,2026-07-16 10:14:14+00:00,88.0,87.0,,21.0176589,73.1412683,29.5,0.275,-0.845,0.58,,0.0,0.0,0.0,,,,,0.0,0.0,30.0,-8.060000000043033e-05,6.039999999529755e-05,1.31,87.0,36.5,0
14664,SO-0501,ASI Nidhi Vaghela,ASI,35,2026-07-16 10:14:44+00:00,83.0,88.0,,21.017995,73.1410772,26.399999618530273,-0.3,0.975,0.13,,0.0,0.0,0.0,,,,,0.0,0.0,30.0,0.0003360999999983,-0.000191099999995,5.07,88.0,36.5,1
14666,SO-0501,ASI Nidhi Vaghela,ASI,35,2026-07-16 10:15:14+00:00,86.0,88.0,,21.0178688,73.1411386,26.399999618530273,-0.54,0.806,-0.117,,0.0,0.0,0.0,,,,,0.0,0.0,30.0,-0.0001262000000004,6.140000000698365e-05,1.85,88.0,36.5,0
14668,SO-0501,ASI Nidhi Vaghela,ASI,35,2026-07-16 10:15:44+00:00,89.0,88.0,,21.0176007,73.1412767,29.5,-0.563,0.825,-0.006,,0.0,0.0,0.0,,,,,0.0,0.0,30.0,-0.0002680999999995,0.0001381000000009,3.96,88.0,36.5,0
14670,SO-0501,ASI Nidhi Vaghela,ASI,35,2026-07-16 10:16:14+00:00,94.0,88.0,,21.0180178,73.1410078,26.399999618530273,-0.443,0.928,0.009,,0.0,0.0,0.0,,,,,0.0,0.0,30.0,0.0004170999999999,-0.0002689000000088,6.48,88.0,36.5,1
14672,SO-0501,ASI Nidhi Vaghela,ASI,35,2026-07-16 10:16:44+00:00,94.0,88.0,,21.0178315,73.1411533,26.399999618530273,-0.542,0.838,-0.021,,0.0,0.0,0.0,,,,,0.0,0.0,30.0,-0.0001862999999993,0.0001455000000021,3.07,88.0,36.5,2
14674,SO-0501,ASI Nidhi Vaghela,ASI,35,2026-07-16 10:17:14+00:00,83.0,87.0,,21.0175803,73.1413067,29.5,-0.576,0.798,-0.191,,0.0,0.0,0.0,,,,,0.0,0.0,30.0,-0.000251200000001,0.000153400000002,3.85,87.0,36.5,0
14676,SO-0501,ASI Nidhi Vaghela,ASI,35,2026-07-16 10:17:44+00:00,89.0,77.0,,21.0175355,73.1413258,29.5,-0.52,0.803,-0.23,,0.0,0.0,0.0,,,,,0.0,0.0,30.0,-4.479999999773554e-05,1.9100000002936213e-05,0.64,77.0,36.5,0
14678,SO-0501,ASI Nidhi Vaghela,ASI,35,2026-07-16 10:18:14+00:00,86.0,88.0,,21.0176154,73.1413039,29.5,-0.498,0.825,-0.091,,0.0,0.0,0.0,,,,,0.0,0.0,30.0,7.989999999935549e-05,-2.1900000007235576e-05,1.1,88.0,36.5,0
14680,SO-0501,ASI Nidhi Vaghela,ASI,35,2026-07-16 10:18:44+00:00,85.0,88.0,,21.0176826,73.1412562,29.5,-0.429,0.889,-0.082,,0.0,0.0,0.0,,,,,0.0,0.0,30.0,6.720000000015602e-05,-4.7699999996098086e-05,1.07,88.0,36.5,0
14682,SO-0501,ASI Nidhi Vaghela,ASI,35,2026-07-16 10:19:14+00:00,81.0,88.0,,21.0176107,73.1413033,29.5,-0.539,0.802,-0.2,,0.0,0.0,0.0,,,,,0.0,0.0,30.0,-7.190000000178998e-05,4.710000000329728e-05,1.12,88.0,36.5,0
14684,SO-0501,ASI Nidhi Vaghela,ASI,35,2026-07-16 10:19:44+00:00,81.0,88.0,,21.017608,73.1413052,29.5,-0.459,0.863,-0.162,,0.0,0.0,0.0,,,,,0.0,0.0,30.0,-2.69999999957804e-06,1.900000000887303e-06,0.04,88.0,36.5,0
14686,SO-0501,ASI Nidhi Vaghela,ASI,35,2026-07-16 10:20:14+00:00,83.0,86.0,,21.0176195,73.1412646,29.5,-0.467,0.85,-0.097,,0.0,0.0,0.0,,,,,0.0,0.0,30.0,1.1499999999387e-05,-4.060000000549735e-05,0.53,86.0,36.5,0
14688,SO-0501,ASI Nidhi Vaghela,ASI,35,2026-07-16 10:20:44+00:00,86.0,87.0,,21.0180072,73.1410689,26.399999618530273,-0.59,0.951,-0.211,,0.0,0.0,0.0,,,,,0.0,0.0,30.0,0.0003877000000009,-0.0001957000000061,5.71,87.0,36.5,1
14690,SO-0501,ASI Nidhi Vaghela,ASI,35,2026-07-16 10:21:16+00:00,82.0,87.0,,21.0180148,73.1410092,26.399999618530273,-0.711,0.222,0.345,,0.0,0.0,0.0,,,,,0.0,0.0,32.0,7.599999999996499e-06,-5.969999999422271e-05,0.7,87.0,36.5,0
14692,SO-0501,ASI Nidhi Vaghela,ASI,35,2026-07-16 10:21:46+00:00,87.0,87.0,,21.0176057,73.1413191,26.399999618530273,-2.0,1.759,1.503,,0.0,0.0,0.0,,,,,0.0,0.0,30.0,-0.0004090999999988,0.0003099000000048,6.67,87.0,36.5,1
14694,SO-0501,ASI Nidhi Vaghela,ASI,35,2026-07-16 10:22:16+00:00,94.0,88.0,,21.0180148,73.1410092,26.399999618530273,-0.117,0.822,0.659,,0.0,0.0,0.0,,,,,0.0,0.0,30.0,0.0004090999999988,-0.0003099000000048,6.67,88.0,36.5,1
14696,SO-0501,ASI Nidhi Vaghela,ASI,35,2026-07-16 10:22:46+00:00,85.0,87.0,,21.0176231,73.1413011,26.399999618530273,-0.618,0.704,0.437,,0.0,0.0,0.0,,,,,0.0,0.0,30.0,-0.0003916999999979,0.0002919000000076,6.35,87.0,36.5,1
14698,SO-0501,ASI Nidhi Vaghela,ASI,35,2026-07-16 10:23:15+00:00,94.0,87.0,,21.0176599,73.1412528,29.5,-0.705,0.167,-0.653,,0.0,0.0,0.0,,,,,0.0,0.0,29.0,3.680000000017003e-05,-4.8300000003109744e-05,0.8,87.0,36.5,1
14700,SO-0501,ASI Nidhi Vaghela,ASI,35,2026-07-16 10:23:46+00:00,89.0,88.0,,21.0176599,73.1412528,29.5,-0.47,0.351,-0.434,,0.0,0.0,0.0,,,,,0.0,0.0,31.0,0.0,0.0,0.0,88.0,36.5,1
14702,SO-0501,ASI Nidhi Vaghela,ASI,35,2026-07-16 10:24:15+00:00,85.0,88.0,,21.0175714,73.1413457,29.5,-0.765,-0.145,-0.537,,0.0,0.0,0.0,,,,,0.0,0.0,29.0,-8.850000000037994e-05,9.289999999850806e-05,1.71,88.0,36.5,0
14703,SO-0501,ASI Nidhi Vaghela,ASI,35,2026-07-16 10:24:44+00:00,83.0,88.0,,21.0175706,73.1413455,29.5,-0.798,-0.116,-0.536,,0.0,0.0,0.0,,,,,0.0,0.0,29.0,-8.000000022434506e-07,-2.0000000233721948e-07,0.01,88.0,36.5,0
14706,SO-0501,ASI Nidhi Vaghela,ASI,35,2026-07-16 10:25:14+00:00,84.0,87.0,,21.0175697,73.1413462,29.5,-0.344,0.76,-0.473,,0.0,0.0,0.0,,,,,0.0,0.0,30.0,-8.999999998593466e-07,7.000000010748408e-07,0.01,87.0,36.5,0
14708,SO-0501,ASI Nidhi Vaghela,ASI,35,2026-07-16 10:25:44+00:00,82.0,88.0,,21.0175693,73.1413474,29.5,-0.356,0.772,-0.453,,0.0,0.0,0.0,,,,,0.0,0.0,30.0,-3.999999975690116e-07,1.1999999998124622e-06,0.02,88.0,36.5,0
14710,SO-0501,ASI Nidhi Vaghela,ASI,35,2026-07-16 10:26:14+00:00,90.0,76.0,,21.0179886,73.1410811,26.399999618530273,-0.68,0.374,0.728,,0.0,0.0,0.0,,,,,0.0,0.0,30.0,0.0004192999999972,-0.0002663000000069,6.49,76.0,36.5,1
14712,SO-0501,ASI Nidhi Vaghela,ASI,35,2026-07-16 10:26:44+00:00,87.0,88.0,,21.0175668,73.1413433,26.399999618530273,-0.699,0.563,-0.354,,0.0,0.0,0.0,,,,,0.0,0.0,30.0,-0.000421799999998,0.0002622000000087,6.49,88.0,36.5,1
14714,SO-0501,ASI Nidhi Vaghela,ASI,35,2026-07-16 10:27:14+00:00,87.0,88.0,,21.0175664,73.1413457,29.600000381469727,-0.723,0.552,-0.332,,0.0,0.0,0.0,,,,,0.0,0.0,30.0,-4.000000011217253e-07,2.3999999996249244e-06,0.03,88.0,36.5,0
14716,SO-0501,ASI Nidhi Vaghela,ASI,35,2026-07-16 10:27:44+00:00,90.0,88.0,,21.0175668,73.1413456,26.399999618530273,-0.689,0.563,-0.377,,0.0,0.0,0.0,,,,,0.0,0.0,30.0,4.000000011217253e-07,-1.000000082740371e-07,0.01,88.0,36.5,0
14718,SO-0501,ASI Nidhi Vaghela,ASI,35,2026-07-16 10:28:14+00:00,84.0,88.0,,21.0175628,73.1413434,29.5,-0.689,0.421,0.698,,0.0,0.0,0.0,,,,,0.0,0.0,30.0,-4.000000000559112e-06,-2.199999997287705e-06,0.06,88.0,36.5,0
14719,SO-0501,ASI Nidhi Vaghela,ASI,35,2026-07-16 10:28:43+00:00,87.0,88.0,,21.01756,73.1413406,29.5,-0.865,0.473,-0.109,,0.0,0.0,0.0,,,,,0.0,0.0,29.0,-2.8000000007466497e-06,-2.7999999900885086e-06,0.05,88.0,36.5,0
14721,SO-0501,ASI Nidhi Vaghela,ASI,35,2026-07-16 10:29:13+00:00,81.0,88.0,,21.0175577,73.1413407,29.600000381469727,-0.728,0.461,0.585,,0.0,0.0,0.0,,,,,0.0,0.0,30.0,-2.2999999984563142e-06,9.999999406318238e-08,0.03,88.0,36.5,0
14724,SO-0501,ASI Nidhi Vaghela,ASI,35,2026-07-16 10:29:46+00:00,91.0,88.0,,21.0175694,73.141333,26.399999618530273,-0.738,0.57,-0.281,,0.0,0.0,0.0,,,,,0.0,0.0,33.0,1.1699999998171506e-05,-7.699999997612395e-06,0.17,88.0,36.5,2
14726,SO-0501,ASI Nidhi Vaghela,ASI,35,2026-07-16 10:30:14+00:00,93.0,88.0,,21.0175551,73.1413386,26.399999618530273,-0.396,0.363,1.012,,0.0,0.0,0.0,,,,,0.0,0.0,28.0,-1.430000000013365e-05,5.599999994387872e-06,0.22,88.0,36.5,2
14728,SO-0501,ASI Nidhi Vaghela,ASI,35,2026-07-16 10:30:43+00:00,96.0,88.0,,21.0175532,73.1413395,26.399999618530273,-0.741,0.601,-0.209,,0.0,0.0,0.0,,,,,0.0,0.0,29.0,-1.900000000887303e-06,9.000000034120603e-07,0.03,88.0,36.5,2
14730,SO-0501,ASI Nidhi Vaghela,ASI,35,2026-07-16 10:31:14+00:00,93.0,87.0,,21.0175527,73.1413416,29.5,-0.83,0.235,-0.265,,0.0,0.0,0.0,,,,,0.0,0.0,31.0,-4.999999987376214e-07,2.1000000032245225e-06,0.03,87.0,36.5,2
14732,SO-0501,ASI Nidhi Vaghela,ASI,35,2026-07-16 10:31:44+00:00,98.0,88.0,,21.0175514,73.1413406,26.399999618530273,-0.565,0.653,0.591,,0.0,0.0,0.0,,,,,0.0,0.0,30.0,-1.300000000981072e-06,-9.999999974752427e-07,0.02,88.0,36.5,2
14734,SO-0501,ASI Nidhi Vaghela,ASI,35,2026-07-16 10:32:15+00:00,90.0,88.0,,21.0175513,73.1413398,26.399999618530273,-0.727,0.204,0.762,,0.0,0.0,0.0,,,,,0.0,0.0,31.0,-9.999999761589606e-08,-8.000000093488779e-07,0.01,88.0,36.5,0
14736,SO-0501,ASI Nidhi Vaghela,ASI,35,2026-07-16 10:32:44+00:00,98.0,88.0,,21.017552,73.1413403,29.5,-0.71,0.599,-0.277,,0.0,0.0,0.0,,,,,0.0,0.0,29.0,6.999999975221272e-07,4.999999987376214e-07,0.01,88.0,36.5,2
14738,SO-0501,ASI Nidhi Vaghela,ASI,35,2026-07-16 10:33:15+00:00,92.0,86.0,,21.017857,73.1411934,29.600000381469727,-0.738,0.587,-0.247,,0.0,0.0,0.0,,,,,0.0,0.0,31.0,0.0003050000000008,-0.00014689999999,4.31,86.0,36.5,2
14740,SO-0501,ASI Nidhi Vaghela,ASI,35,2026-07-16 10:33:45+00:00,94.0,88.0,,21.0177662,73.1411986,29.5,-0.958,0.275,0.494,,0.0,0.0,0.0,,,,,0.0,0.0,30.0,-9.079999999883626e-05,5.199999989713433e-06,1.21,88.0,36.5,2
14741,SO-0501,ASI Nidhi Vaghela,ASI,35,2026-07-16 10:34:13+00:00,81.0,88.0,,21.0175514,73.1413457,29.5,-0.682,0.561,-0.396,,0.0,0.0,0.0,,,,,0.0,0.0,28.0,-0.0002148000000019,0.0001471000000066,3.64,88.0,36.5,0
14744,SO-0501,ASI Nidhi Vaghela,ASI,35,2026-07-16 10:34:43+00:00,82.0,89.0,,21.0175512,73.1413458,26.399999618530273,-0.803,0.38,-0.399,,0.0,0.0,0.0,,,,,0.0,0.0,30.0,-1.999999987845058e-07,9.999999406318238e-08,0.0,89.0,36.5,0
14746,SO-0501,ASI Nidhi Vaghela,ASI,35,2026-07-16 10:35:14+00:00,84.0,85.0,,21.0175512,73.1413458,26.399999618530273,-0.488,0.761,-0.052,,0.0,0.0,0.0,,,,,0.0,0.0,31.0,0.0,0.0,0.0,85.0,36.5,0
14748,SO-0501,ASI Nidhi Vaghela,ASI,35,2026-07-16 10:35:44+00:00,85.0,86.0,,21.0176668,73.1412437,29.5,-0.428,0.902,0.064,,0.0,0.0,0.0,,,,,0.0,0.0,30.0,0.0001156000000008,-0.0001020999999923,1.99,86.0,36.5,0
14750,SO-0501,ASI Nidhi Vaghela,ASI,35,2026-07-16 10:36:14+00:00,84.0,62.0,,21.0176816,73.1412333,29.5,-0.326,0.93,0.249,,0.0,0.0,0.0,,,,,0.0,0.0,30.0,1.4799999998871272e-05,-1.0400000007848575e-05,0.24,62.0,36.5,0
14752,SO-0501,ASI Nidhi Vaghela,ASI,35,2026-07-16 10:36:44+00:00,80.0,88.0,,21.0179389,73.1410244,28.299999237060547,-0.633,0.764,0.13,,0.0,0.0,0.0,,,,,0.0,0.0,30.0,0.0002573000000012,-0.0002088999999898,4.3,88.0,36.5,0
14754,SO-0501,ASI Nidhi Vaghela,ASI,35,2026-07-16 10:37:14+00:00,93.0,88.0,,21.0180174,73.1409659,28.299999237060547,-0.42,0.978,0.144,,0.0,0.0,0.0,,,,,0.0,0.0,30.0,7.850000000075852e-05,-5.85000000086211e-05,1.27,88.0,36.5,2
14756,SO-0501,ASI Nidhi Vaghela,ASI,35,2026-07-16 10:37:44+00:00,83.0,87.0,,21.0175485,73.1413462,28.299999237060547,-0.657,0.868,0.167,,0.0,0.0,0.0,,,,,0.0,0.0,30.0,-0.0004689000000013,0.0003803000000033,7.83,87.0,36.5,1
14758,SO-0501,ASI Nidhi Vaghela,ASI,35,2026-07-16 10:38:14+00:00,85.0,78.0,,21.0175485,73.1413462,29.5,-0.247,0.864,0.455,,0.0,0.0,0.0,,,,,0.0,0.0,30.0,0.0,0.0,0.0,78.0,36.5,0
14759,SO-0501,ASI Nidhi Vaghela,ASI,35,2026-07-16 10:38:44+00:00,88.0,63.0,,21.0175486,73.1413465,29.5,-0.246,0.94,0.21,,0.0,0.0,0.0,,,,,0.0,0.0,30.0,1.0000000116860974e-07,2.999999964004019e-07,0.0,63.0,36.5,0
14762,SO-0501,ASI Nidhi Vaghela,ASI,35,2026-07-16 10:39:14+00:00,90.0,88.0,,21.0176215,73.1412915,29.5,-0.407,0.931,0.344,,0.0,0.0,0.0,,,,,0.0,0.0,30.0,7.289999999926522e-05,-5.5000000003246896e-05,1.19,88.0,36.5,0
14764,SO-0501,ASI Nidhi Vaghela,ASI,35,2026-07-16 10:39:44+00:00,88.0,86.0,,21.0175491,73.1413501,29.5,-0.547,0.883,0.247,,0.0,0.0,0.0,,,,,0.0,0.0,30.0,-7.24000000005276e-05,5.860000000268428e-05,1.21,86.0,36.5,0
14766,SO-0501,ASI Nidhi Vaghela,ASI,35,2026-07-16 10:40:14+00:00,91.0,88.0,,21.0175774,73.1413109,29.5,-0.678,0.729,0.033,,0.0,0.0,0.0,,,,,0.0,0.0,30.0,2.8300000000314185e-05,-3.920000000334767e-05,0.62,88.0,36.5,2
14768,SO-0501,ASI Nidhi Vaghela,ASI,35,2026-07-16 10:40:45+00:00,96.0,86.0,,21.017588,73.1412953,29.5,-0.597,0.802,0.206,,0.0,0.0,0.0,,,,,0.0,0.0,31.0,1.0599999999527654e-05,-1.559999999756201e-05,0.23,86.0,36.5,2
14770,SO-0501,ASI Nidhi Vaghela,ASI,35,2026-07-16 10:41:15+00:00,87.0,85.0,,21.0176128,73.141272,29.5,-0.581,0.809,0.135,,0.0,0.0,0.0,,,,,0.0,0.0,30.0,2.4799999998492694e-05,-2.3299999995174403e-05,0.44,85.0,36.5,0
14772,SO-0501,ASI Nidhi Vaghela,ASI,35,2026-07-16 10:41:44+00:00,95.0,87.0,,21.0175489,73.1413526,26.399999618530273,-0.614,0.787,-0.025,,0.0,0.0,0.0,,,,,0.0,0.0,29.0,-6.389999999711904e-05,8.060000000398304e-05,1.36,87.0,36.5,2
14773,SO-0501,ASI Nidhi Vaghela,ASI,35,2026-07-16 10:42:13+00:00,82.0,88.0,,21.0175499,73.1413544,26.399999618530273,-0.601,0.803,0.159,,0.0,0.0,0.0,,,,,0.0,0.0,29.0,9.999999974752427e-07,1.799999992613266e-06,0.03,88.0,36.5,0
14776,SO-0501,ASI Nidhi Vaghela,ASI,35,2026-07-16 10:42:44+00:00,100.0,84.0,,21.0175499,73.1413559,29.5,0.136,0.783,0.674,,0.0,0.0,0.0,,,,,0.0,0.0,31.0,0.0,1.499999996212864e-06,0.02,84.0,36.5,2
14778,SO-0501,ASI Nidhi Vaghela,ASI,35,2026-07-16 10:43:14+00:00,85.0,87.0,,21.0175493,73.1413562,29.600000381469727,0.082,-0.349,0.866,,0.0,0.0,0.0,,,,,0.0,0.0,30.0,-5.999999999062311e-07,3.000000106112566e-07,0.01,87.0,36.5,0
14780,SO-0501,ASI Nidhi Vaghela,ASI,35,2026-07-16 10:43:44+00:00,85.0,80.0,,21.0175483,73.1413569,26.399999618530273,-0.502,0.667,-0.512,,0.0,0.0,0.0,,,,,0.0,0.0,30.0,-9.999999974752427e-07,7.000000010748408e-07,0.02,80.0,36.5,0
14782,SO-0501,ASI Nidhi Vaghela,ASI,35,2026-07-16 10:44:14+00:00,81.0,76.0,,21.0175479,73.1413581,29.5,-0.293,0.957,0.135,,0.0,0.0,0.0,,,,,0.0,0.0,30.0,-4.000000011217253e-07,1.1999999998124622e-06,0.02,76.0,36.5,0
14784,SO-0501,ASI Nidhi Vaghela,ASI,35,2026-07-16 10:44:44+00:00,91.0,86.0,,21.0175481,73.1413588,26.399999618530273,0.249,-0.142,0.747,,0.0,0.0,0.0,,,,,0.0,0.0,30.0,1.999999987845058e-07,7.000000010748408e-07,0.01,86.0,36.5,2
14786,SO-0501,ASI Nidhi Vaghela,ASI,35,2026-07-16 10:45:14+00:00,81.0,88.0,,21.0175792,73.1413119,29.5,-0.646,1.018,0.277,,0.0,0.0,0.0,,,,,0.0,0.0,30.0,3.1100000001060835e-05,-4.690000000096006e-05,0.71,88.0,36.5,0
14788,SO-0501,ASI Nidhi Vaghela,ASI,35,2026-07-16 10:45:44+00:00,83.0,88.0,,21.0179281,73.1411583,29.600000381469727,-0.738,0.468,0.571,,0.0,0.0,0.0,,,,,0.0,0.0,30.0,0.0003488999999987,-0.0001536000000044,5.02,88.0,36.5,1
14790,SO-0501,ASI Nidhi Vaghela,ASI,35,2026-07-16 10:46:15+00:00,87.0,88.0,,21.0175536,73.1413561,29.600000381469727,-0.716,0.428,0.637,,0.0,0.0,0.0,,,,,0.0,0.0,31.0,-0.0003744999999995,0.0001977999999951,5.38,88.0,36.5,1
14792,SO-0501,ASI Nidhi Vaghela,ASI,35,2026-07-16 10:46:45+00:00,86.0,88.0,,21.0175491,73.1413585,29.600000381469727,-0.832,0.478,-0.163,,0.0,0.0,0.0,,,,,0.0,0.0,30.0,-4.499999999296733e-06,2.3999999996249244e-06,0.07,88.0,36.5,0
14794,SO-0501,ASI Nidhi Vaghela,ASI,35,2026-07-16 10:47:15+00:00,82.0,72.0,,21.0175496,73.1413588,29.600000381469727,-0.855,0.466,-0.157,,0.0,0.0,0.0,,,,,0.0,0.0,30.0,4.999999987376214e-07,3.000000106112566e-07,0.01,72.0,36.5,0
14796,SO-0501,ASI Nidhi Vaghela,ASI,35,2026-07-16 10:47:44+00:00,86.0,88.0,,21.0175496,73.1413588,29.5,-0.559,0.793,-0.177,,0.0,0.0,0.0,,,,,0.0,0.0,29.0,0.0,0.0,0.0,88.0,36.5,0
14798,SO-0501,ASI Nidhi Vaghela,ASI,35,2026-07-16 10:48:14+00:00,81.0,88.0,,21.0176524,73.1413604,29.5,-0.852,0.525,0.032,,0.0,0.0,0.0,,,,,0.0,0.0,30.0,0.0001028000000005,1.5999999902760464e-06,1.37,88.0,36.5,0
14800,SO-0501,ASI Nidhi Vaghela,ASI,35,2026-07-16 10:48:44+00:00,81.0,86.0,,21.0175499,73.1413603,29.5,-0.847,0.522,0.041,,0.0,0.0,0.0,,,,,0.0,0.0,30.0,-0.0001025000000005,-9.999999406318238e-08,1.37,86.0,36.5,0
14802,SO-0501,ASI Nidhi Vaghela,ASI,35,2026-07-16 10:49:15+00:00,90.0,87.0,,21.0175499,73.1413603,26.399999618530273,-0.439,0.708,0.644,,0.0,0.0,0.0,,,,,0.0,0.0,31.0,0.0,0.0,0.0,87.0,36.5,0
14804,SO-0501,ASI Nidhi Vaghela,ASI,35,2026-07-16 10:49:44+00:00,84.0,88.0,,21.0175497,73.1413614,26.399999618530273,-1.271,0.379,0.067,,0.0,0.0,0.0,,,,,0.0,0.0,29.0,-1.999999987845058e-07,1.099999991538425e-06,0.01,88.0,36.5,0
14806,SO-0501,ASI Nidhi Vaghela,ASI,35,2026-07-16 10:50:16+00:00,83.0,86.0,,21.0175494,73.1413615,26.399999618530273,-0.926,0.336,0.19,,0.0,0.0,0.0,,,,,0.0,0.0,32.0,-2.999999999531156e-07,1.000000082740371e-07,0.0,86.0,36.5,0
14808,SO-0501,ASI Nidhi Vaghela,ASI,35,2026-07-16 10:50:43+00:00,83.0,88.0,,21.0175496,73.1413628,26.399999618530273,-0.612,0.69,-0.312,,0.0,0.0,0.0,,,,,0.0,0.0,27.0,1.999999987845058e-07,1.2999999938756446e-06,0.02,88.0,36.5,0
14810,SO-0501,ASI Nidhi Vaghela,ASI,35,2026-07-16 10:51:15+00:00,84.0,85.0,,21.0175496,73.1413628,29.5,-0.618,0.68,-0.31,,0.0,0.0,0.0,,,,,0.0,0.0,32.0,0.0,0.0,0.0,85.0,36.5,0
14812,SO-0501,ASI Nidhi Vaghela,ASI,35,2026-07-16 10:51:43+00:00,82.0,85.0,,21.0175503,73.1413651,29.5,-0.661,0.644,-0.291,,0.0,0.0,0.0,,,,,0.0,0.0,28.0,7.000000010748408e-07,2.300000005561742e-06,0.03,85.0,36.5,0
14814,SO-0501,ASI Nidhi Vaghela,ASI,35,2026-07-16 10:52:14+00:00,91.0,81.0,,21.0175502,73.1413655,29.5,-0.409,0.804,0.521,,0.0,0.0,0.0,,,,,0.0,0.0,31.0,-1.0000000116860974e-07,4.0000000467443897e-07,0.0,81.0,36.5,2
14816,SO-0501,ASI Nidhi Vaghela,ASI,35,2026-07-16 10:52:44+00:00,91.0,88.0,,21.01755,73.1413667,29.5,-0.418,0.783,0.554,,0.0,0.0,0.0,,,,,0.0,0.0,30.0,-1.999999987845058e-07,1.1999999998124622e-06,0.02,88.0,36.5,2
14818,SO-0501,ASI Nidhi Vaghela,ASI,35,2026-07-16 10:53:14+00:00,86.0,68.0,,21.0176509,73.1413111,29.5,-0.689,0.466,0.628,,0.0,0.0,0.0,,,,,0.0,0.0,30.0,0.0001008999999996,-5.5600000010258555e-05,1.51,68.0,36.5,0
14820,SO-0501,ASI Nidhi Vaghela,ASI,35,2026-07-16 10:53:45+00:00,83.0,86.0,,21.0176445,73.1413058,29.5,-0.471,0.316,0.888,,0.0,0.0,0.0,,,,,0.0,0.0,31.0,-6.400000000184036e-06,-5.29999999798747e-06,0.1,86.0,36.5,0
14822,SO-0501,ASI Nidhi Vaghela,ASI,35,2026-07-16 10:54:15+00:00,90.0,85.0,,21.0175512,73.1413699,29.5,-0.459,0.765,-0.372,,0.0,0.0,0.0,,,,,0.0,0.0,30.0,-9.32999999996298e-05,6.410000000300897e-05,1.48,85.0,36.5,0
14824,SO-0501,ASI Nidhi Vaghela,ASI,35,2026-07-16 10:54:44+00:00,90.0,88.0,,21.0175504,73.1413693,26.399999618530273,-0.562,0.58,0.692,,0.0,0.0,0.0,,,,,0.0,0.0,29.0,-7.999999986907369e-07,-6.000000070116585e-07,0.01,88.0,36.5,0
14826,SO-0501,ASI Nidhi Vaghela,ASI,35,2026-07-16 10:55:14+00:00,90.0,88.0,,21.0175513,73.1413698,29.5,-0.055,0.363,0.165,,0.0,0.0,0.0,,,,,0.0,0.0,30.0,8.999999998593466e-07,5.000000129484761e-07,0.01,88.0,36.5,0
14827,SO-0501,ASI Nidhi Vaghela,ASI,35,2026-07-16 10:55:43+00:00,82.0,68.0,,21.0175518,73.1413699,26.399999618530273,-0.405,1.006,0.094,,0.0,0.0,0.0,,,,,0.0,0.0,29.0,4.999999987376214e-07,9.999999406318238e-08,0.01,68.0,36.5,0
14829,SO-0501,ASI Nidhi Vaghela,ASI,35,2026-07-16 10:56:13+00:00,87.0,88.0,,21.0175514,73.1413692,26.399999618530273,-0.553,0.806,-0.115,,0.0,0.0,0.0,,,,,0.0,0.0,30.0,-4.000000011217253e-07,-7.000000010748408e-07,0.01,88.0,36.5,0
14832,SO-0501,ASI Nidhi Vaghela,ASI,35,2026-07-16 10:56:46+00:00,87.0,88.0,,21.0196996,73.1425208,29.5,-0.796,-0.197,0.656,,0.0,0.0,0.0,,,,,0.0,0.0,33.0,0.0021482000000005,0.0011516,29.08,88.0,36.5,1
14834,SO-0501,ASI Nidhi Vaghela,ASI,35,2026-07-16 10:57:16+00:00,86.0,88.0,,21.0175505,73.1413689,29.5,-0.779,-0.159,0.707,,0.0,0.0,0.0,,,,,0.0,0.0,30.0,-0.0021491000000004,-0.0011518999999964,32.0,88.0,36.5,1
14836,SO-0501,ASI Nidhi Vaghela,ASI,35,2026-07-16 10:57:44+00:00,87.0,83.0,,21.0177009,73.1412393,29.5,-0.118,0.993,0.467,,0.0,0.0,0.0,,,,,0.0,0.0,28.0,0.0001504000000025,-0.0001296000000081,2.75,83.0,36.5,0
14837,SO-0501,ASI Nidhi Vaghela,ASI,35,2026-07-16 10:58:13+00:00,83.0,67.0,,21.017482,73.1414114,29.5,-0.303,0.95,-0.005,,0.0,0.0,0.0,,,,,0.0,0.0,29.0,-0.0002189000000001,0.0001721000000003,3.74,67.0,36.5,0
14839,SO-0501,ASI Nidhi Vaghela,ASI,35,2026-07-16 10:58:43+00:00,81.0,76.0,,21.0174784,73.1413457,29.600000381469727,-0.613,0.763,-0.062,,0.0,0.0,0.0,,,,,0.0,0.0,30.0,-3.5999999994373866e-06,-6.569999999328502e-05,0.82,76.0,36.5,0
14842,SO-0501,ASI Nidhi Vaghela,ASI,35,2026-07-16 10:59:14+00:00,91.0,82.0,,21.0174943,73.1413135,29.5,-0.877,0.692,-0.131,,0.0,0.0,0.0,,,,,0.0,0.0,31.0,1.5899999997515124e-05,-3.2200000006810114e-05,0.44,82.0,36.5,2
14844,SO-0501,ASI Nidhi Vaghela,ASI,35,2026-07-16 10:59:43+00:00,93.0,79.0,,21.0177312,73.1411159,29.5,-0.738,0.599,-0.222,,0.0,0.0,0.0,,,,,0.0,0.0,29.0,0.0002369000000008,-0.0001975999999928,4.14,79.0,36.5,2
14846,SO-0501,ASI Nidhi Vaghela,ASI,35,2026-07-16 11:00:14+00:00,89.0,84.0,,21.0176451,73.1411541,26.399999618530273,-0.504,0.865,0.047,,0.0,0.0,0.0,,,,,0.0,0.0,31.0,-8.610000000075502e-05,3.819999999166157e-05,1.2,84.0,36.5,0
14847,SO-0501,ASI Nidhi Vaghela,ASI,35,2026-07-16 11:00:43+00:00,99.0,85.0,,21.0175366,73.1413494,27.700000762939453,-0.918,-0.291,-0.292,,0.0,0.0,0.0,,,,,0.0,0.0,29.0,-0.0001084999999996,0.0001953000000014,2.92,85.0,36.5,2
14850,SO-0501,ASI Nidhi Vaghela,ASI,35,2026-07-16 11:01:14+00:00,87.0,,,21.0175987,73.1415316,29.5,-0.783,0.696,-0.489,,0.0,0.0,0.0,,,,,0.0,0.0,31.0,6.210000000095306e-05,0.0001821999999975,2.33,85.0,36.5,0
14852,SO-0501,ASI Nidhi Vaghela,ASI,35,2026-07-16 11:01:44+00:00,91.0,65.0,,21.0175765,73.1413075,29.5,-0.696,0.408,0.139,,0.0,0.0,0.0,,,,,0.0,0.0,30.0,-2.2200000000083264e-05,-0.0002240999999969,2.8,65.0,36.5,2
14854,SO-0501,ASI Nidhi Vaghela,ASI,35,2026-07-16 11:02:14+00:00,88.0,81.0,,21.0175565,73.1413336,29.5,-0.244,1.275,-0.479,,0.0,0.0,0.0,,,,,0.0,0.0,30.0,-1.999999999924285e-05,2.6099999999473766e-05,0.42,81.0,36.5,0
14856,SO-0501,ASI Nidhi Vaghela,ASI,35,2026-07-16 11:02:44+00:00,98.0,64.0,,21.0174961,73.1412718,29.5,-0.763,0.383,0.509,,0.0,0.0,0.0,,,,,0.0,0.0,30.0,-6.0400000002402976e-05,-6.179999999744723e-05,1.11,64.0,36.5,2
14858,SO-0501,ASI Nidhi Vaghela,ASI,35,2026-07-16 11:03:14+00:00,86.0,57.0,,21.0177241,73.1410652,29.5,-0.011,1.06,-0.01,,0.0,0.0,0.0,,,,,0.0,0.0,30.0,0.0002279999999998,-0.0002065999999985,3.98,57.0,36.5,0
14860,SO-0501,ASI Nidhi Vaghela,ASI,35,2026-07-16 11:03:44+00:00,93.0,88.0,,21.0177241,73.1410652,27.700000762939453,-0.996,0.13,0.387,,0.0,0.0,0.0,,,,,0.0,0.0,30.0,0.0,0.0,0.0,88.0,36.5,2
14861,SO-0501,ASI Nidhi Vaghela,ASI,35,2026-07-16 11:04:13+00:00,81.0,85.0,,21.01803,73.1409434,28.299999237060547,-0.406,0.451,1.323,,0.0,0.0,0.0,,,,,0.0,0.0,29.0,0.0003059000000007,-0.0001218000000022,4.5,85.0,36.5,0
14864,SO-0501,ASI Nidhi Vaghela,ASI,35,2026-07-16 11:04:44+00:00,83.0,88.0,,21.0179864,73.1408439,27.299999237060547,-0.505,0.328,0.89,,0.0,0.0,0.0,,,,,0.0,0.0,31.0,-4.359999999792308e-05,-9.950000000458203e-05,1.32,88.0,36.5,0
14866,SO-0501,ASI Nidhi Vaghela,ASI,35,2026-07-16 11:05:14+00:00,83.0,87.0,,21.0180652,73.1409878,26.399999618530273,-0.573,0.262,0.869,,0.0,0.0,0.0,,,,,0.0,0.0,30.0,7.879999999715892e-05,0.0001439000000118,2.07,87.0,36.5,0
14869,SO-0501,ASI Nidhi Vaghela,ASI,35,2026-07-16 11:05:43+00:00,82.0,84.0,,21.0179323,73.1411158,29.600000381469727,-0.689,0.314,0.752,,0.0,0.0,0.0,,,,,0.0,0.0,29.0,-0.0001329000000005,0.0001279999999894,2.46,84.0,36.5,0
14871,SO-0501,ASI Nidhi Vaghela,ASI,35,2026-07-16 11:06:14+00:00,99.0,86.0,,21.0180687,73.1409724,26.399999618530273,-0.177,-0.037,1.141,,0.0,0.0,0.0,,,,,0.0,0.0,31.0,0.0001364000000023,-0.0001433999999989,2.46,86.0,36.5,2
14875,SO-0501,ASI Nidhi Vaghela,ASI,35,2026-07-16 11:06:43+00:00,96.0,83.0,,21.0180353,73.1409033,28.299999237060547,-0.166,0.234,1.031,,0.0,0.0,0.0,,,,,0.0,0.0,29.0,-3.339999999951715e-05,-6.909999999038519e-05,1.0,83.0,36.5,2
14877,SO-0501,ASI Nidhi Vaghela,ASI,35,2026-07-16 11:07:13+00:00,81.0,86.0,,21.0177278,73.1410733,28.299999237060547,-0.078,0.116,1.191,,0.0,0.0,0.0,,,,,0.0,0.0,30.0,-0.0003075000000016,0.0001699999999971,4.61,86.0,36.5,1
14881,SO-0501,ASI Nidhi Vaghela,ASI,35,2026-07-16 11:07:45+00:00,84.0,88.0,,21.0177609,73.1410993,28.299999237060547,-0.847,-0.406,-0.198,,0.0,0.0,0.0,,,,,0.0,0.0,32.0,3.3099999999564034e-05,2.599999999119973e-05,0.51,88.0,36.5,0
14884,SO-0501,ASI Nidhi Vaghela,ASI,35,2026-07-16 11:08:15+00:00,81.0,87.0,,21.0176511,73.1410207,28.299999237060547,-0.456,0.745,-0.158,,0.0,0.0,0.0,,,,,0.0,0.0,30.0,-0.0001098000000006,-7.85999999948217e-05,1.76,87.0,36.5,0
14887,SO-0501,ASI Nidhi Vaghela,ASI,35,2026-07-16 11:08:45+00:00,81.0,88.0,,21.0177253,73.1410582,28.299999237060547,-1.077,-0.485,0.276,,0.0,0.0,0.0,,,,,0.0,0.0,30.0,7.420000000024629e-05,3.7500000004797585e-05,1.09,88.0,36.5,0
14890,SO-0501,ASI Nidhi Vaghela,ASI,35,2026-07-16 11:09:13+00:00,96.0,85.0,,21.0179889,73.140861,28.299999237060547,-0.211,0.894,-0.16,,0.0,0.0,0.0,,,,,0.0,0.0,28.0,0.0002636000000002,-0.0001972000000023,4.59,85.0,36.5,1
14892,SO-0501,ASI Nidhi Vaghela,ASI,35,2026-07-16 11:09:44+00:00,92.0,88.0,,21.0180196,73.1410063,26.399999618530273,-0.645,-0.08,0.844,,0.0,0.0,0.0,,,,,0.0,0.0,31.0,3.069999999993911e-05,0.0001452999999997,1.79,88.0,36.5,2
14894,SO-0501,ASI Nidhi Vaghela,ASI,35,2026-07-16 11:10:13+00:00,96.0,88.0,,21.0180143,73.1409333,28.299999237060547,-0.648,-0.03,0.829,,0.0,0.0,0.0,,,,,0.0,0.0,29.0,-5.29999999798747e-06,-7.300000000043383e-05,0.94,88.0,36.5,2
14899,SO-0501,ASI Nidhi Vaghela,ASI,35,2026-07-16 11:10:43+00:00,81.0,88.0,,21.0177184,73.1410811,28.299999237060547,0.109,0.015,1.069,,0.0,0.0,0.0,,,,,0.0,0.0,30.0,-0.0002959000000011,0.0001477999999934,4.35,88.0,36.5,0
14902,SO-0501,ASI Nidhi Vaghela,ASI,35,2026-07-16 11:11:13+00:00,84.0,88.0,,21.0177324,73.1409628,26.399999618530273,-0.597,0.328,0.816,,0.0,0.0,0.0,,,,,0.0,0.0,30.0,1.4000000000180536e-05,-0.0001182999999969,1.48,88.0,36.5,0
14905,SO-0501,ASI Nidhi Vaghela,ASI,35,2026-07-16 11:11:43+00:00,84.0,88.0,,21.0173877,73.141491,29.600000381469727,-0.44,0.11,0.948,,0.0,0.0,0.0,,,,,0.0,0.0,30.0,-0.0003446999999994,0.000528200000005,8.01,88.0,36.5,1
14908,SO-0501,ASI Nidhi Vaghela,ASI,35,2026-07-16 11:12:13+00:00,92.0,88.0,,21.0180313,73.1409816,26.399999618530273,0.073,-1.008,0.123,,0.0,0.0,0.0,,,,,0.0,0.0,30.0,0.0006436,-0.0005093999999985,10.66,88.0,36.5,1
14911,SO-0501,ASI Nidhi Vaghela,ASI,35,2026-07-16 11:12:43+00:00,93.0,85.0,,21.0178518,73.1409409,26.399999618530273,0.071,-0.999,0.076,,0.0,0.0,0.0,,,,,0.0,0.0,30.0,-0.0001795000000015,-4.069999999956053e-05,2.44,85.0,36.5,2
14913,SO-0501,ASI Nidhi Vaghela,ASI,35,2026-07-16 11:13:13+00:00,93.0,84.0,,21.0179093,73.1409619,27.299999237060547,-0.996,0.104,-0.089,,0.0,0.0,0.0,,,,,0.0,0.0,30.0,5.750000000048772e-05,2.099999998961266e-05,0.81,84.0,36.5,2
14917,SO-0501,ASI Nidhi Vaghela,ASI,35,2026-07-16 11:13:43+00:00,85.0,88.0,,21.0178899,73.1409665,26.399999618530273,-0.796,-0.067,-0.52,,0.0,0.0,0.0,,,,,0.0,0.0,30.0,-1.9399999999336615e-05,4.600000011123484e-06,0.26,88.0,36.5,0
14920,SO-0501,ASI Nidhi Vaghela,ASI,35,2026-07-16 11:14:13+00:00,96.0,88.0,,21.0178802,73.140956,27.0,-0.752,0.135,0.723,,0.0,0.0,0.0,,,,,0.0,0.0,30.0,-9.699999999668307e-06,-1.0500000001911758e-05,0.18,88.0,36.5,2
14923,SO-0501,ASI Nidhi Vaghela,ASI,35,2026-07-16 11:14:43+00:00,81.0,88.0,,21.0178634,73.1409485,26.399999618530273,-0.805,0.075,0.652,,0.0,0.0,0.0,,,,,0.0,0.0,30.0,-1.6800000000927184e-05,-7.50000000948603e-06,0.24,88.0,36.5,0
14925,SO-0501,ASI Nidhi Vaghela,ASI,35,2026-07-16 11:15:13+00:00,81.0,88.0,,21.0178566,73.1409456,27.299999237060547,-0.595,0.097,0.904,,0.0,0.0,0.0,,,,,0.0,0.0,30.0,-6.8000000013057615e-06,-2.8999999983625457e-06,0.1,88.0,36.5,0
14929,SO-0501,ASI Nidhi Vaghela,ASI,35,2026-07-16 11:15:43+00:00,93.0,88.0,,21.0178628,73.1409427,27.299999237060547,-0.726,0.103,0.764,,0.0,0.0,0.0,,,,,0.0,0.0,30.0,6.2000000013995304e-06,-2.8999999983625457e-06,0.09,88.0,36.5,2
14932,SO-0501,ASI Nidhi Vaghela,ASI,35,2026-07-16 11:16:13+00:00,92.0,87.0,,21.0178666,73.1409388,27.299999237060547,-0.75,0.189,0.73,,0.0,0.0,0.0,,,,,0.0,0.0,30.0,3.800000001774606e-06,-3.8999999958377884e-06,0.07,87.0,36.5,2
14935,SO-0501,ASI Nidhi Vaghela,ASI,35,2026-07-16 11:16:43+00:00,91.0,65.0,,21.0178711,73.1409309,27.0,0.179,0.627,0.918,,0.0,0.0,0.0,,,,,0.0,0.0,30.0,4.499999999296733e-06,-7.899999999949614e-06,0.11,65.0,36.5,2
14938,SO-0501,ASI Nidhi Vaghela,ASI,35,2026-07-16 11:17:13+00:00,96.0,88.0,,21.0178692,73.1409276,27.700000762939453,-0.613,0.162,0.856,,0.0,0.0,0.0,,,,,0.0,0.0,30.0,-1.900000000887303e-06,-3.3000000030369847e-06,0.05,88.0,36.5,2
14941,SO-0501,ASI Nidhi Vaghela,ASI,35,2026-07-16 11:17:43+00:00,81.0,82.0,,21.0178672,73.1409249,27.700000762939453,-0.626,0.112,0.874,,0.0,0.0,0.0,,,,,0.0,0.0,30.0,-1.999999998503199e-06,-2.6999999960253263e-06,0.04,82.0,36.5,0
14944,SO-0501,ASI Nidhi Vaghela,ASI,35,2026-07-16 11:18:13+00:00,83.0,87.0,,21.0178671,73.1409216,26.399999618530273,0.711,0.256,0.631,,0.0,0.0,0.0,,,,,0.0,0.0,30.0,-1.0000000116860974e-07,-3.3000000030369847e-06,0.04,87.0,36.5,0
14947,SO-0501,ASI Nidhi Vaghela,ASI,35,2026-07-16 11:18:43+00:00,83.0,88.0,,21.0178669,73.140922,27.700000762939453,-0.789,0.075,0.702,,0.0,0.0,0.0,,,,,0.0,0.0,30.0,-1.999999987845058e-07,4.0000000467443897e-07,0.01,88.0,36.5,0
14950,SO-0501,ASI Nidhi Vaghela,ASI,35,2026-07-16 11:19:13+00:00,92.0,88.0,,21.0178659,73.1409218,28.299999237060547,-0.545,0.165,0.909,,0.0,0.0,0.0,,,,,0.0,0.0,30.0,-1.0000000010279564e-06,-2.0000000233721948e-07,0.01,88.0,36.5,2
14953,SO-0501,ASI Nidhi Vaghela,ASI,35,2026-07-16 11:19:43+00:00,92.0,87.0,,21.0178658,73.1409201,26.399999618530273,0.741,0.265,0.695,,0.0,0.0,0.0,,,,,0.0,0.0,30.0,-1.0000000116860974e-07,-1.6999999985500835e-06,0.02,87.0,36.5,2
14955,SO-0501,ASI Nidhi Vaghela,ASI,35,2026-07-16 11:20:13+00:00,80.0,88.0,,21.0178647,73.1409208,27.700000762939453,-0.557,0.159,0.908,,0.0,0.0,0.0,,,,,0.0,0.0,30.0,-1.0999999986438525e-06,7.000000010748408e-07,0.02,88.0,36.5,0
14959,SO-0501,ASI Nidhi Vaghela,ASI,35,2026-07-16 11:20:43+00:00,86.0,86.0,,21.0178638,73.1409209,27.700000762939453,-1.048,-0.584,0.668,,0.0,0.0,0.0,,,,,0.0,0.0,30.0,-8.999999998593466e-07,9.999999406318238e-08,0.01,86.0,36.5,0
14962,SO-0501,ASI Nidhi Vaghela,ASI,35,2026-07-16 11:21:13+00:00,81.0,88.0,,21.017864,73.1409206,26.399999618530273,0.63,0.229,0.822,,0.0,0.0,0.0,,,,,0.0,0.0,30.0,1.999999987845058e-07,-2.999999964004019e-07,0.0,88.0,36.5,0
14965,SO-0501,ASI Nidhi Vaghela,ASI,35,2026-07-16 11:21:43+00:00,81.0,88.0,,21.0178643,73.1409198,27.700000762939453,-0.429,0.038,0.984,,0.0,0.0,0.0,,,,,0.0,0.0,30.0,2.999999999531156e-07,-7.999999951380232e-07,0.01,88.0,36.5,0
14967,SO-0501,ASI Nidhi Vaghela,ASI,35,2026-07-16 11:22:13+00:00,86.0,88.0,,21.0178673,73.1409179,27.299999237060547,-0.372,0.237,0.966,,0.0,0.0,0.0,,,,,0.0,0.0,30.0,2.9999999995311555e-06,-1.900000000887303e-06,0.05,88.0,36.5,0
14971,SO-0501,ASI Nidhi Vaghela,ASI,35,2026-07-16 11:22:43+00:00,83.0,88.0,,21.0178684,73.1409162,26.399999618530273,-0.433,-0.391,0.673,,0.0,0.0,0.0,,,,,0.0,0.0,30.0,1.100000002196566e-06,-1.6999999985500835e-06,0.03,88.0,36.5,0
14974,SO-0501,ASI Nidhi Vaghela,ASI,35,2026-07-16 11:23:13+00:00,81.0,88.0,,21.0178704,73.1409149,26.399999618530273,-0.61,0.171,0.874,,0.0,0.0,0.0,,,,,0.0,0.0,30.0,1.999999998503199e-06,-1.3000000080864993e-06,0.03,88.0,36.5,0
14976,SO-0501,ASI Nidhi Vaghela,ASI,35,2026-07-16 11:23:43+00:00,93.0,87.0,,21.0178716,73.1409094,27.0,-0.818,0.323,0.648,,0.0,0.0,0.0,,,,,0.0,0.0,30.0,1.1999999998124622e-06,-5.50000000032469e-06,0.07,87.0,36.5,2
14979,SO-0501,ASI Nidhi Vaghela,ASI,35,2026-07-16 11:24:13+00:00,88.0,88.0,,21.0178693,73.1409035,26.399999618530273,-0.917,0.212,0.435,,0.0,0.0,0.0,,,,,0.0,0.0,30.0,-2.2999999984563142e-06,-5.900000004999129e-06,0.08,88.0,36.5,0
14983,SO-0501,ASI Nidhi Vaghela,ASI,35,2026-07-16 11:24:43+00:00,85.0,88.0,,21.0178689,73.1408986,26.399999618530273,-1.021,0.063,0.103,,0.0,0.0,0.0,,,,,0.0,0.0,30.0,-4.000000011217253e-07,-4.899999993313031e-06,0.06,88.0,36.5,0
14985,SO-0501,ASI Nidhi Vaghela,ASI,35,2026-07-16 11:25:13+00:00,84.0,88.0,,21.0172191,73.1392954,27.100000381469727,0.104,-0.968,0.093,,0.0,0.0,0.0,,,,,0.0,0.0,30.0,-0.0006498000000014,-0.0016032000000052,21.72,88.0,36.5,1
14987,SO-0501,ASI Nidhi Vaghela,ASI,35,2026-07-16 11:25:41+00:00,85.0,88.0,,21.0172576,73.1379677,24.799999237060547,0.122,-1.004,0.349,,0.0,0.0,0.0,,,,,0.0,0.0,28.0,3.850000000227283e-05,-0.0013276999999902,17.68,88.0,36.5,1
14991,SO-0501,ASI Nidhi Vaghela,ASI,35,2026-07-16 11:26:13+00:00,86.0,88.0,,21.0180693,73.1365566,24.799999237060547,0.209,-0.933,0.219,,0.0,0.0,0.0,,,,,0.0,0.0,32.0,0.0008116999999998,-0.0014110999999985,19.31,88.0,36.5,1
14995,SO-0501,ASI Nidhi Vaghela,ASI,35,2026-07-16 11:26:42+00:00,82.0,89.0,,21.0186693,73.134828,25.0,0.304,-0.965,-0.064,,0.0,0.0,0.0,,,,,0.0,0.0,29.0,0.0005999999999986,-0.0017286000000069,23.7,89.0,36.5,1
14998,SO-0501,ASI Nidhi Vaghela,ASI,35,2026-07-16 11:27:14+00:00,86.0,88.0,,21.0220887,73.1335543,21.5,-0.351,-0.098,0.925,,0.0,0.0,0.0,,,,,0.0,0.0,32.0,0.003419400000002,-0.0012736999999987,45.2,88.0,36.5,1
15001,SO-0501,ASI Nidhi Vaghela,ASI,35,2026-07-16 11:27:43+00:00,89.0,84.0,,21.02452,73.1328452,33.69999980926514,-0.171,0.239,1.081,,0.0,0.0,0.0,,,,,0.0,0.0,29.0,0.0024312999999978,-0.0007090999999945,34.72,84.0,36.5,1
15004,SO-0501,ASI Nidhi Vaghela,ASI,35,2026-07-16 11:28:13+00:00,94.0,75.0,,21.0245731,73.1327412,33.69999980926514,-0.304,0.99,0.105,,0.0,0.0,0.0,,,,,0.0,0.0,30.0,5.310000000235959e-05,-0.0001040000000074,1.47,75.0,36.5,2
15007,SO-0501,ASI Nidhi Vaghela,ASI,35,2026-07-16 11:28:43+00:00,83.0,72.0,,21.0245259,73.1327756,33.80000019073486,-1.318,0.231,-0.16,,0.0,0.0,0.0,,,,,0.0,0.0,30.0,-4.720000000091318e-05,3.440000000409782e-05,0.76,72.0,36.5,0
15009,SO-0501,ASI Nidhi Vaghela,ASI,35,2026-07-16 11:29:13+00:00,87.0,87.0,,21.024612,73.133002,33.80000019073486,-0.521,0.848,0.138,,0.0,0.0,0.0,,,,,0.0,0.0,30.0,8.610000000075502e-05,0.0002264000000025,3.04,87.0,36.5,0
15012,SO-0501,ASI Nidhi Vaghela,ASI,35,2026-07-16 11:29:43+00:00,82.0,70.0,,21.0244441,73.1327992,33.69999980926514,-0.433,1.038,0.176,,0.0,0.0,0.0,,,,,0.0,0.0,30.0,-0.0001679000000009,-0.0002028000000109,3.37,70.0,36.5,0
15016,SO-0501,ASI Nidhi Vaghela,ASI,35,2026-07-16 11:30:13+00:00,82.0,87.0,,21.0245194,73.1327859,33.69999980926514,-0.336,0.946,0.206,,0.0,0.0,0.0,,,,,0.0,0.0,30.0,7.529999999889014e-05,-1.3299999992000268e-05,1.02,87.0,36.5,0
15019,SO-0501,ASI Nidhi Vaghela,ASI,35,2026-07-16 11:30:42+00:00,82.0,56.0,,21.0245487,73.1327685,33.69999980926514,-0.583,0.587,-0.228,,0.0,0.0,0.0,,,,,0.0,0.0,29.0,2.930000000134214e-05,-1.740000000438613e-05,0.46,56.0,36.5,0
15023,SO-0501,ASI Nidhi Vaghela,ASI,35,2026-07-16 11:31:13+00:00,82.0,83.0,,21.0247293,73.1326562,33.80000019073486,-0.371,0.048,0.927,,0.0,0.0,0.0,,,,,0.0,0.0,31.0,0.0001806000000001,-0.0001122999999978,2.69,83.0,36.5,0
15028,SO-0501,ASI Nidhi Vaghela,ASI,35,2026-07-16 11:31:43+00:00,93.0,88.0,,21.0244866,73.1327602,33.69999980926514,-0.676,0.125,0.871,,0.0,0.0,0.0,,,,,0.0,0.0,30.0,-0.0002427000000011,0.0001040000000074,3.48,88.0,36.5,2
15032,SO-0501,ASI Nidhi Vaghela,ASI,35,2026-07-16 11:32:13+00:00,88.0,88.0,,21.0229064,73.1337362,27.700000762939453,0.138,-0.897,0.063,,0.0,0.0,0.0,,,,,0.0,0.0,30.0,-0.0015801999999993,0.0009759999999943,24.29,88.0,36.5,1
15036,SO-0501,ASI Nidhi Vaghela,ASI,35,2026-07-16 11:32:42+00:00,89.0,88.0,,21.018692,73.1347529,27.700000762939453,-0.039,-1.104,-0.033,,0.0,0.0,0.0,,,,,0.0,0.0,29.0,-0.0042143999999986,0.0010166999999938,59.52,88.0,36.5,1
15040,SO-0501,ASI Nidhi Vaghela,ASI,35,2026-07-16 11:33:13+00:00,88.0,88.0,,21.016334,73.1338872,21.5,0.188,-0.822,0.037,,0.0,0.0,0.0,,,,,0.0,0.0,31.0,-0.0023580000000009,-0.0008656999999914,32.13,88.0,36.5,1
15044,SO-0501,ASI Nidhi Vaghela,ASI,35,2026-07-16 11:33:44+00:00,87.0,88.0,,21.0139428,73.1334409,21.5,0.089,-1.016,0.05,,0.0,0.0,0.0,,,,,0.0,0.0,31.0,-0.0023912000000017,-0.0004463000000072,31.29,88.0,36.5,1
15048,SO-0501,ASI Nidhi Vaghela,ASI,35,2026-07-16 11:34:13+00:00,90.0,88.0,,21.012871,73.1347474,21.5,0.04,-0.932,0.131,,0.0,0.0,0.0,,,,,0.0,0.0,29.0,-0.0010717999999982,0.0013064999999983,22.36,88.0,36.5,1
15052,SO-0501,ASI Nidhi Vaghela,ASI,35,2026-07-16 11:34:43+00:00,89.0,88.0,,21.0128663,73.1347871,21.5,-0.006,-0.994,0.073,,0.0,0.0,0.0,,,,,0.0,0.0,30.0,-4.700000001633953e-06,3.970000000208529e-05,0.5,88.0,36.5,0
15056,SO-0501,ASI Nidhi Vaghela,ASI,35,2026-07-16 11:35:13+00:00,92.0,87.0,,21.0128653,73.1347975,21.5,0.071,-1.006,0.071,,0.0,0.0,0.0,,,,,0.0,0.0,30.0,-9.999999974752427e-07,1.0400000007848575e-05,0.13,87.0,36.5,2
15060,SO-0501,ASI Nidhi Vaghela,ASI,35,2026-07-16 11:35:43+00:00,89.0,88.0,,21.0125827,73.1351487,21.5,0.045,-0.914,0.063,,0.0,0.0,0.0,,,,,0.0,0.0,30.0,-0.000282600000002,0.0003511999999972,5.76,88.0,36.5,1
15063,SO-0501,ASI Nidhi Vaghela,ASI,35,2026-07-16 11:36:12+00:00,88.0,87.0,,21.0108769,73.1371414,21.5,0.102,-1.161,-0.014,,0.0,0.0,0.0,,,,,0.0,0.0,29.0,-0.0017057999999998,0.0019927000000024,34.76,87.0,36.5,1
15068,SO-0501,ASI Nidhi Vaghela,ASI,35,2026-07-16 11:36:43+00:00,88.0,88.0,,21.0098557,73.1384546,20.200000762939453,0.124,-1.007,0.022,,0.0,0.0,0.0,,,,,0.0,0.0,31.0,-0.0010212000000002,0.0013131999999984,20.56,88.0,36.5,1
15072,SO-0501,ASI Nidhi Vaghela,ASI,35,2026-07-16 11:37:13+00:00,90.0,88.0,,21.0088175,73.1395478,21.299999237060547,0.163,-0.965,0.292,,0.0,0.0,0.0,,,,,0.0,0.0,30.0,-0.0010381999999999,0.0010931999999996,19.38,88.0,36.5,1
15076,SO-0501,ASI Nidhi Vaghela,ASI,35,2026-07-16 11:37:43+00:00,93.0,88.0,,21.0087691,73.1395518,23.0,-1.001,0.162,0.549,,0.0,0.0,0.0,,,,,0.0,0.0,30.0,-4.840000000072564e-05,4.0000000041118255e-06,0.65,88.0,36.5,2
15080,SO-0501,ASI Nidhi Vaghela,ASI,35,2026-07-16 11:38:13+00:00,93.0,88.0,,21.0088325,73.1396853,23.100000381469727,-0.934,0.139,0.392,,0.0,0.0,0.0,,,,,0.0,0.0,30.0,6.340000000193413e-05,0.0001334999999897,1.86,88.0,36.5,2
15084,SO-0501,ASI Nidhi Vaghela,ASI,35,2026-07-16 11:38:43+00:00,91.0,88.0,,21.0086859,73.1396167,23.0,-0.538,0.217,0.922,,0.0,0.0,0.0,,,,,0.0,0.0,30.0,-0.0001466000000007,-6.859999999164756e-05,2.13,88.0,36.5,2
15088,SO-0501,ASI Nidhi Vaghela,ASI,35,2026-07-16 11:39:13+00:00,87.0,85.0,,21.008791,73.1395374,23.200000762939453,-0.024,0.954,0.4,,0.0,0.0,0.0,,,,,0.0,0.0,30.0,0.0001050999999989,-7.93000000101074e-05,1.71,85.0,36.5,0
15092,SO-0501,ASI Nidhi Vaghela,ASI,35,2026-07-16 11:39:43+00:00,86.0,85.0,,21.008722,73.1394163,23.200000762939453,-0.592,0.522,0.18,,0.0,0.0,0.0,,,,,0.0,0.0,30.0,-6.899999999987472e-05,-0.0001211000000012,1.76,85.0,36.5,0
15096,SO-0501,ASI Nidhi Vaghela,ASI,35,2026-07-16 11:40:13+00:00,90.0,88.0,,21.0087668,73.1395966,23.200000762939453,-0.467,0.932,0.671,,0.0,0.0,0.0,,,,,0.0,0.0,30.0,4.4800000001288254e-05,0.0001803000000109,2.32,88.0,36.5,0
15100,SO-0501,ASI Nidhi Vaghela,ASI,35,2026-07-16 11:40:43+00:00,90.0,88.0,,21.0087922,73.1396107,23.0,-1.278,-0.201,0.972,,0.0,0.0,0.0,,,,,0.0,0.0,30.0,2.539999999839893e-05,1.4100000001349144e-05,0.38,88.0,36.5,0
15103,SO-0501,ASI Nidhi Vaghela,ASI,35,2026-07-16 11:41:13+00:00,86.0,88.0,,21.0087753,73.1396196,23.0,-0.482,0.123,0.711,,0.0,0.0,0.0,,,,,0.0,0.0,30.0,-1.689999999854308e-05,8.899999997424857e-06,0.25,88.0,36.5,0
15108,SO-0501,ASI Nidhi Vaghela,ASI,35,2026-07-16 11:41:43+00:00,87.0,85.0,,21.0083218,73.1402341,24.0,-0.654,0.021,0.732,,0.0,0.0,0.0,,,,,0.0,0.0,30.0,-0.0004534999999989,0.0006144999999975,9.73,85.0,36.5,1
15111,SO-0501,ASI Nidhi Vaghela,ASI,35,2026-07-16 11:42:14+00:00,93.0,88.0,,21.006772,73.1385911,24.0,-0.362,-0.913,-0.003,,0.0,0.0,0.0,,,,,0.0,0.0,31.0,-0.0015497999999993,-0.0016430000000013,28.09,88.0,36.5,1
15115,SO-0501,ASI Nidhi Vaghela,ASI,35,2026-07-16 11:42:43+00:00,83.0,88.0,,21.005454,73.1370495,23.600000381469727,-0.431,0.01,1.021,,0.0,0.0,0.0,,,,,0.0,0.0,29.0,-0.0013180000000012,-0.0015415999999959,26.88,88.0,36.5,1
15118,SO-0501,ASI Nidhi Vaghela,ASI,35,2026-07-16 11:43:13+00:00,100.0,86.0,,21.0040707,73.1360277,23.600000381469727,-0.652,0.068,0.874,,0.0,0.0,0.0,,,,,0.0,0.0,30.0,-0.0013833000000005,-0.0010218000000037,22.37,86.0,36.5,1
15124,SO-0501,ASI Nidhi Vaghela,ASI,35,2026-07-16 11:43:44+00:00,95.0,84.0,,21.0016878,73.1350543,23.600000381469727,0.174,-0.907,0.086,,0.0,0.0,0.0,,,,,0.0,0.0,31.0,-0.0023829000000006,-0.0009734000000065,32.87,84.0,36.5,1
15127,SO-0501,ASI Nidhi Vaghela,ASI,35,2026-07-16 11:44:14+00:00,91.0,84.0,,20.9995881,73.1336981,23.600000381469727,0.179,-0.993,0.094,,0.0,0.0,0.0,,,,,0.0,0.0,30.0,-0.0020996999999987,-0.0013561999999893,32.65,84.0,36.5,1
15130,SO-0501,ASI Nidhi Vaghela,ASI,35,2026-07-16 11:44:43+00:00,88.0,88.0,,20.9980031,73.1312443,23.600000381469727,0.143,-1.365,-0.083,,0.0,0.0,0.0,,,,,0.0,0.0,29.0,-0.0015850000000021,-0.0024537999999978,38.36,88.0,36.5,1
15135,SO-0501,ASI Nidhi Vaghela,ASI,35,2026-07-16 11:45:13+00:00,87.0,88.0,,20.9967491,73.1280161,23.600000381469727,0.006,-0.991,0.117,,0.0,0.0,0.0,,,,,0.0,0.0,30.0,-0.0012539999999994,-0.0032282000000094,43.44,88.0,36.5,1
15141,SO-0501,ASI Nidhi Vaghela,ASI,35,2026-07-16 11:45:43+00:00,87.0,88.0,,20.9942967,73.1257258,23.600000381469727,0.076,-1.037,0.067,,0.0,0.0,0.0,,,,,0.0,0.0,30.0,-0.0024523999999992,-0.0022902999999985,43.32,88.0,36.5,1
15145,SO-0501,ASI Nidhi Vaghela,ASI,35,2026-07-16 11:46:14+00:00,86.0,88.0,,20.9906069,73.1248705,23.600000381469727,0.132,-0.931,0.064,,0.0,0.0,0.0,,,,,0.0,0.0,31.0,-0.0036898,-0.0008552999999977,48.66,88.0,36.5,1
15150,SO-0501,ASI Nidhi Vaghela,ASI,35,2026-07-16 11:46:44+00:00,85.0,87.0,,20.9872436,73.1242091,23.600000381469727,-0.38,0.005,0.961,,0.0,0.0,0.0,,,,,0.0,0.0,30.0,-0.0033633000000001,-0.0006613999999984,45.55,87.0,36.5,1
15154,SO-0501,ASI Nidhi Vaghela,ASI,35,2026-07-16 11:47:13+00:00,82.0,88.0,,20.9842691,73.1226646,23.600000381469727,0.107,-0.76,0.222,,0.0,0.0,0.0,,,,,0.0,0.0,29.0,-0.0029745000000005,-0.0015445000000084,45.54,88.0,36.5,1
15159,SO-0501,ASI Nidhi Vaghela,ASI,35,2026-07-16 11:47:44+00:00,86.0,88.0,,20.9824596,73.1213395,23.600000381469727,0.2,-0.931,0.193,,0.0,0.0,0.0,,,,,0.0,0.0,31.0,-0.0018095000000002,-0.0013250999999883,28.25,88.0,36.5,1
15164,SO-0501,ASI Nidhi Vaghela,ASI,35,2026-07-16 11:48:13+00:00,95.0,88.0,,20.9807056,73.1190558,23.600000381469727,-0.242,-1.104,0.144,,0.0,0.0,0.0,,,,,0.0,0.0,29.0,-0.0017539999999982,-0.0022837000000066,38.02,88.0,36.5,1
15170,SO-0501,ASI Nidhi Vaghela,ASI,35,2026-07-16 11:48:43+00:00,86.0,88.0,,20.9784958,73.1184199,23.600000381469727,0.222,-0.895,0.165,,0.0,0.0,0.0,,,,,0.0,0.0,30.0,-0.0022097999999992,-0.0006358999999918,30.48,88.0,36.5,1
15174,SO-0501,ASI Nidhi Vaghela,ASI,35,2026-07-16 11:49:13+00:00,85.0,88.0,,20.9755117,73.1180844,23.600000381469727,0.016,-1.048,0.039,,0.0,0.0,0.0,,,,,0.0,0.0,30.0,-0.0029841000000025,-0.0003355000000055,39.97,88.0,36.5,1
15180,SO-0501,ASI Nidhi Vaghela,ASI,35,2026-07-16 11:49:43+00:00,86.0,88.0,,20.9743897,73.1199172,23.600000381469727,0.123,-0.921,0.087,,0.0,0.0,0.0,,,,,0.0,0.0,30.0,-0.0011219999999987,0.0018328000000025,27.24,88.0,36.5,1
15183,SO-0501,ASI Nidhi Vaghela,ASI,35,2026-07-16 11:50:11+00:00,87.0,88.0,,20.9735001,73.1228806,34.19999980926514,-0.029,-0.858,0.011,,0.0,0.0,0.0,,,,,0.0,0.0,28.0,-0.0008896000000007,0.0029633999999987,41.44,88.0,36.5,1
15188,SO-0501,ASI Nidhi Vaghela,ASI,35,2026-07-16 11:50:41+00:00,84.0,88.0,,20.9720751,73.1257146,34.19999980926514,0.116,-0.987,0.083,,0.0,0.0,0.0,,,,,0.0,0.0,30.0,-0.0014249999999975,0.0028339999999928,40.0,88.0,36.5,1
15194,SO-0501,ASI Nidhi Vaghela,ASI,35,2026-07-16 11:51:13+00:00,85.0,87.0,,20.9700593,73.1286017,34.19999980926514,0.157,-1.003,0.072,,0.0,0.0,0.0,,,,,0.0,0.0,32.0,-0.0020158000000023,0.0028871000000094,42.0,87.0,36.5,1
15199,SO-0501,ASI Nidhi Vaghela,ASI,35,2026-07-16 11:51:42+00:00,98.0,88.0,,20.9676827,73.1303276,34.19999980926514,-0.976,0.1,0.035,,0.0,0.0,0.0,,,,,0.0,0.0,29.0,-0.002376599999998,0.0017258999999967,39.55,88.0,36.5,1
15204,SO-0501,ASI Nidhi Vaghela,ASI,35,2026-07-16 11:52:13+00:00,92.0,88.0,,20.9642653,73.1308949,34.19999980926514,-0.907,-0.193,-0.319,,0.0,0.0,0.0,,,,,0.0,0.0,31.0,-0.0034174,0.0005673000000001,44.58,88.0,36.5,1
15210,SO-0501,ASI Nidhi Vaghela,ASI,35,2026-07-16 11:52:43+00:00,96.0,88.0,,20.962657,73.1320344,34.19999980926514,-0.644,0.042,0.903,,0.0,0.0,0.0,,,,,0.0,0.0,30.0,-0.0016083000000008,0.0011394999999936,25.68,88.0,36.5,1
15215,SO-0501,ASI Nidhi Vaghela,ASI,35,2026-07-16 11:53:13+00:00,82.0,84.0,,20.9604352,73.1338947,34.19999980926514,0.042,-0.789,0.217,,0.0,0.0,0.0,,,,,0.0,0.0,30.0,-0.0022218000000009,0.0018603000000041,37.55,84.0,36.5,1
15220,SO-0501,ASI Nidhi Vaghela,ASI,35,2026-07-16 11:53:43+00:00,83.0,83.0,,20.9580054,73.1355515,34.19999980926514,-0.005,-1.142,-0.01,,0.0,0.0,0.0,,,,,0.0,0.0,30.0,-0.002429799999998,0.0016568000000063,38.36,83.0,36.5,1
15224,SO-0501,ASI Nidhi Vaghela,ASI,35,2026-07-16 11:54:13+00:00,85.0,87.0,,20.9553105,73.136583,34.19999980926514,-0.601,-0.249,0.933,,0.0,0.0,0.0,,,,,0.0,0.0,30.0,-0.0026949000000016,0.0010314999999962,38.11,87.0,36.5,1
15230,SO-0501,ASI Nidhi Vaghela,ASI,35,2026-07-16 11:54:44+00:00,91.0,87.0,,20.9527072,73.1377063,34.19999980926514,0.038,-1.001,0.11,,0.0,0.0,0.0,,,,,0.0,0.0,31.0,-0.0026033000000005,0.0011233000000032,36.17,87.0,36.5,1
15235,SO-0501,ASI Nidhi Vaghela,ASI,35,2026-07-16 11:55:13+00:00,86.0,88.0,,20.9504143,73.1388407,34.19999980926514,-0.026,-1.034,-0.016,,0.0,0.0,0.0,,,,,0.0,0.0,29.0,-0.0022929000000004,0.0011343999999979,34.8,88.0,36.5,1
15240,SO-0501,ASI Nidhi Vaghela,ASI,35,2026-07-16 11:55:43+00:00,91.0,88.0,,20.9487167,73.1396865,34.19999980926514,-0.771,-0.02,0.77,,0.0,0.0,0.0,,,,,0.0,0.0,30.0,-0.0016975999999999,0.0008457999999933,24.93,88.0,36.5,1
15245,SO-0501,ASI Nidhi Vaghela,ASI,35,2026-07-16 11:56:12+00:00,90.0,88.0,,20.9471783,73.1414899,26.700000762939453,-0.961,0.061,0.78,,0.0,0.0,0.0,,,,,0.0,0.0,29.0,-0.0015383999999976,0.0018034,31.41,88.0,36.5,1
15250,SO-0501,ASI Nidhi Vaghela,ASI,35,2026-07-16 11:56:43+00:00,83.0,88.0,,20.945045,73.1430303,26.700000762939453,-0.878,-0.149,0.701,,0.0,0.0,0.0,,,,,0.0,0.0,31.0,-0.0021333000000005,0.0015404000000103,33.15,88.0,36.5,1
15256,SO-0501,ASI Nidhi Vaghela,ASI,35,2026-07-16 11:57:13+00:00,84.0,88.0,,20.9424359,73.1434625,26.700000762939453,0.164,-0.901,0.141,,0.0,0.0,0.0,,,,,0.0,0.0,30.0,-0.0026091000000008,0.0004321999999916,35.17,88.0,36.5,1
15261,SO-0501,ASI Nidhi Vaghela,ASI,35,2026-07-16 11:57:44+00:00,89.0,87.0,,20.9393744,73.1455363,26.700000762939453,0.115,-0.928,0.235,,0.0,0.0,0.0,,,,,0.0,0.0,31.0,-0.0030615000000011,0.0020738000000051,46.68,87.0,36.5,1
15268,SO-0501,ASI Nidhi Vaghela,ASI,35,2026-07-16 11:58:13+00:00,86.0,88.0,,20.9353346,73.1478173,26.700000762939453,0.909,0.265,0.41,,0.0,0.0,0.0,,,,,0.0,0.0,29.0,-0.0040397999999974,0.0022809999999964,62.91,88.0,36.5,1
15274,SO-0501,ASI Nidhi Vaghela,ASI,35,2026-07-16 11:58:44+00:00,88.0,88.0,,20.9313674,73.1502825,26.700000762939453,0.051,-0.923,-0.01,,0.0,0.0,0.0,,,,,0.0,0.0,31.0,-0.0039672000000017,0.0024652000000031,59.11,88.0,36.5,1
15280,SO-0501,ASI Nidhi Vaghela,ASI,35,2026-07-16 11:59:13+00:00,91.0,87.0,,20.9300472,73.152534,26.700000762939453,0.068,-0.909,-0.042,,0.0,0.0,0.0,,,,,0.0,0.0,29.0,-0.0013201999999985,0.0022514999999998,34.18,87.0,36.5,1
15286,SO-0501,ASI Nidhi Vaghela,ASI,35,2026-07-16 11:59:44+00:00,88.0,88.0,,20.928734,73.1536328,44.89999961853027,-0.007,-1.067,0.196,,0.0,0.0,0.0,,,,,0.0,0.0,31.0,-0.001313200000002,0.001098799999994,21.47,88.0,36.5,1
15292,SO-0501,ASI Nidhi Vaghela,ASI,35,2026-07-16 12:00:13+00:00,88.0,88.0,,20.9274593,73.1554032,44.89999961853027,0.05,-0.792,0.077,,0.0,0.0,0.0,,,,,0.0,0.0,29.0,-0.0012746999999997,0.001770399999998,28.74,88.0,36.5,1
15297,SO-0501,ASI Nidhi Vaghela,ASI,35,2026-07-16 12:00:44+00:00,88.0,88.0,,20.9257114,73.1545051,46.49999988079071,-0.945,-0.155,-0.25,,0.0,0.0,0.0,,,,,0.0,0.0,31.0,-0.001747899999998,-0.0008981000000005,24.98,88.0,36.5,1
15304,SO-0501,ASI Nidhi Vaghela,ASI,35,2026-07-16 12:01:14+00:00,85.0,88.0,,20.9232806,73.1546572,46.49999988079071,-0.863,-0.102,-0.421,,0.0,0.0,0.0,,,,,0.0,0.0,30.0,-0.0024308000000026,0.0001521000000082,32.43,88.0,36.5,1
15310,SO-0501,ASI Nidhi Vaghela,ASI,35,2026-07-16 12:01:43+00:00,99.0,86.0,,20.9224832,73.1547193,46.49999988079071,0.041,-0.996,0.111,,0.0,0.0,0.0,,,,,0.0,0.0,29.0,-0.0007973999999997,6.209999999384763e-05,11.02,86.0,36.5,1
15316,SO-0501,ASI Nidhi Vaghela,ASI,35,2026-07-16 12:02:12+00:00,85.0,88.0,,20.9224827,73.1547166,46.49999988079071,-0.866,-0.18,-0.402,,0.0,0.0,0.0,,,,,0.0,0.0,29.0,-4.999999987376214e-07,-2.6999999960253263e-06,0.04,88.0,36.5,0
15322,SO-0501,ASI Nidhi Vaghela,ASI,35,2026-07-16 12:02:42+00:00,95.0,88.0,,20.9224838,73.1547323,46.49999988079071,0.221,-0.957,0.036,,0.0,0.0,0.0,,,,,0.0,0.0,30.0,1.0999999986438525e-06,1.5700000005836046e-05,0.2,88.0,36.5,2
15328,SO-0501,ASI Nidhi Vaghela,ASI,35,2026-07-16 12:03:13+00:00,88.0,88.0,,20.9224798,73.1547454,46.49999988079071,0.185,-0.971,0.093,,0.0,0.0,0.0,,,,,0.0,0.0,31.0,-3.999999997006398e-06,1.3099999989663049e-05,0.17,88.0,36.5,0
15333,SO-0501,ASI Nidhi Vaghela,ASI,35,2026-07-16 12:03:43+00:00,95.0,85.0,,20.9224866,73.1547446,46.49999988079071,-0.646,0.201,0.858,,0.0,0.0,0.0,,,,,0.0,0.0,30.0,6.799999997753048e-06,-7.999999951380232e-07,0.09,85.0,36.5,2
15338,SO-0501,ASI Nidhi Vaghela,ASI,35,2026-07-16 12:04:12+00:00,82.0,87.0,,20.9224866,73.1547473,46.49999988079071,0.067,-1.0,0.103,,0.0,0.0,0.0,,,,,0.0,0.0,29.0,0.0,2.6999999960253263e-06,0.03,87.0,36.5,0
15343,SO-0501,ASI Nidhi Vaghela,ASI,35,2026-07-16 12:04:42+00:00,92.0,84.0,,20.9224869,73.1547485,46.49999988079071,0.05,-0.921,-0.054,,0.0,0.0,0.0,,,,,0.0,0.0,30.0,2.999999999531156e-07,1.1999999998124622e-06,0.02,84.0,36.5,2
15348,SO-0501,ASI Nidhi Vaghela,ASI,35,2026-07-16 12:05:12+00:00,81.0,83.0,,20.9224885,73.1547494,46.49999988079071,0.047,-0.981,0.084,,0.0,0.0,0.0,,,,,0.0,0.0,30.0,1.6000000009341877e-06,9.000000034120603e-07,0.02,83.0,36.5,0
15353,SO-0501,ASI Nidhi Vaghela,ASI,35,2026-07-16 12:05:42+00:00,91.0,87.0,,20.9224877,73.1547478,46.49999988079071,0.823,-0.051,0.48,,0.0,0.0,0.0,,,,,0.0,0.0,30.0,-7.999999986907369e-07,-1.6000000044869012e-06,0.02,87.0,36.5,2
15358,SO-0501,ASI Nidhi Vaghela,ASI,35,2026-07-16 12:06:13+00:00,88.0,88.0,,20.9224877,73.1547494,46.49999988079071,-0.901,0.47,-0.335,,0.0,0.0,0.0,,,,,0.0,0.0,31.0,0.0,1.6000000044869012e-06,0.02,88.0,36.5,0
15363,SO-0501,ASI Nidhi Vaghela,ASI,35,2026-07-16 12:06:43+00:00,81.0,83.0,,20.9224842,73.1547531,46.49999988079071,-0.753,-0.256,-0.044,,0.0,0.0,0.0,,,,,0.0,0.0,30.0,-3.5000000018214905e-06,3.699999993500569e-06,0.07,83.0,36.5,0
15368,SO-0501,ASI Nidhi Vaghela,ASI,35,2026-07-16 12:07:13+00:00,89.0,88.0,,20.9224844,73.1547529,46.49999988079071,-0.662,-0.14,0.78,,0.0,0.0,0.0,,,,,0.0,0.0,30.0,1.999999987845058e-07,-1.9999998812636477e-07,0.0,88.0,36.5,0
15373,SO-0501,ASI Nidhi Vaghela,ASI,35,2026-07-16 12:07:43+00:00,83.0,81.0,,20.9224835,73.1547521,46.49999988079071,-0.685,0.008,0.813,,0.0,0.0,0.0,,,,,0.0,0.0,30.0,-8.999999998593466e-07,-8.000000093488779e-07,0.02,81.0,36.5,0
15377,SO-0501,ASI Nidhi Vaghela,ASI,35,2026-07-16 12:08:13+00:00,81.0,86.0,,20.9224856,73.1547515,46.49999988079071,-0.901,0.125,0.516,,0.0,0.0,0.0,,,,,0.0,0.0,30.0,2.1000000032245225e-06,-5.999999928008037e-07,0.03,86.0,36.5,0
15382,SO-0501,ASI Nidhi Vaghela,ASI,35,2026-07-16 12:08:42+00:00,88.0,86.0,,20.9224858,73.1547499,46.49999988079071,-0.926,0.05,0.438,,0.0,0.0,0.0,,,,,0.0,0.0,29.0,1.999999987845058e-07,-1.6000000044869012e-06,0.02,86.0,36.5,0
15387,SO-0501,ASI Nidhi Vaghela,ASI,35,2026-07-16 12:09:12+00:00,92.0,85.0,,20.9224866,73.1547508,46.49999988079071,0.443,-0.602,0.719,,0.0,0.0,0.0,,,,,0.0,0.0,30.0,7.999999986907369e-07,9.000000034120603e-07,0.02,85.0,36.5,2
15392,SO-0501,ASI Nidhi Vaghela,ASI,35,2026-07-16 12:09:43+00:00,82.0,88.0,,20.9224889,73.1547496,46.49999988079071,-0.831,-0.014,0.638,,0.0,0.0,0.0,,,,,0.0,0.0,31.0,2.3000000020090283e-06,-1.1999999998124622e-06,0.03,88.0,36.5,0
15397,SO-0501,ASI Nidhi Vaghela,ASI,35,2026-07-16 12:10:13+00:00,81.0,87.0,,20.922491,73.1547473,46.49999988079071,-0.722,-0.043,0.762,,0.0,0.0,0.0,,,,,0.0,0.0,30.0,2.099999999671809e-06,-2.300000005561742e-06,0.04,87.0,36.5,0
15402,SO-0501,ASI Nidhi Vaghela,ASI,35,2026-07-16 12:10:43+00:00,98.0,86.0,,20.922491,73.1547471,34.406097412109375,0.489,-0.629,0.604,,0.0,0.0,0.0,,,,,0.0,0.0,30.0,0.0,-2.0000000233721948e-07,0.0,86.0,36.5,2
15407,SO-0501,ASI Nidhi Vaghela,ASI,35,2026-07-16 12:11:13+00:00,84.0,88.0,,20.92249,73.1547481,33.928955078125,0.064,-1.0,0.086,,0.0,0.0,0.0,,,,,0.0,0.0,30.0,-1.0000000010279564e-06,1.0000000116860974e-06,0.02,88.0,36.5,0
15412,SO-0501,ASI Nidhi Vaghela,ASI,35,2026-07-16 12:11:43+00:00,99.0,88.0,,20.922488,73.1547478,34.477447509765625,-0.971,-0.063,-0.043,,0.0,0.0,0.0,,,,,0.0,0.0,30.0,-1.999999998503199e-06,-3.000000106112566e-07,0.03,88.0,36.5,2
15416,SO-0501,ASI Nidhi Vaghela,ASI,35,2026-07-16 12:12:13+00:00,89.0,87.0,,20.9224878,73.1547479,34.41107177734375,-0.641,0.064,0.852,,0.0,0.0,0.0,,,,,0.0,0.0,30.0,-2.0000000233721948e-07,1.000000082740371e-07,0.0,87.0,36.5,0
15420,SO-0501,ASI Nidhi Vaghela,ASI,35,2026-07-16 12:12:43+00:00,80.0,88.0,,20.9224891,73.1547472,46.49999988079071,0.718,-0.449,-0.18,,0.0,0.0,0.0,,,,,0.0,0.0,30.0,1.300000000981072e-06,-7.000000010748408e-07,0.02,88.0,36.5,0
15424,SO-0501,ASI Nidhi Vaghela,ASI,35,2026-07-16 12:13:13+00:00,86.0,73.0,,20.9224883,73.1547481,34.4166259765625,-0.03,-1.023,0.041,,0.0,0.0,0.0,,,,,0.0,0.0,30.0,-7.999999986907369e-07,9.000000034120603e-07,0.02,73.0,36.5,0
15428,SO-0501,ASI Nidhi Vaghela,ASI,35,2026-07-16 12:13:43+00:00,100.0,66.0,,20.9224884,73.154749,34.454345703125,0.175,-0.383,1.047,,0.0,0.0,0.0,,,,,0.0,0.0,30.0,9.999999761589606e-08,8.999999892012056e-07,0.01,66.0,36.5,2
15432,SO-0501,ASI Nidhi Vaghela,ASI,35,2026-07-16 12:14:13+00:00,83.0,87.0,,20.921153,73.1547153,38.28070068359375,0.049,-0.949,0.027,,0.0,0.0,0.0,,,,,0.0,0.0,30.0,-0.0013353999999985,-3.3699999988812124e-05,17.79,87.0,36.5,1
15434,SO-0501,ASI Nidhi Vaghela,ASI,35,2026-07-16 12:14:42+00:00,90.0,88.0,,20.9190802,73.1532192,46.10000002384186,0.022,-1.082,-0.054,,0.0,0.0,0.0,,,,,0.0,0.0,29.0,-0.0020728000000005,-0.0014961000000113,34.43,88.0,36.5,1
15440,SO-0501,ASI Nidhi Vaghela,ASI,35,2026-07-16 12:15:16+00:00,88.0,88.0,,20.9177228,73.1507358,46.199999928474426,-0.017,-1.242,-0.02,,0.0,0.0,0.0,,,,,0.0,0.0,34.0,-0.0013573999999998,-0.0024833999999884,31.55,88.0,36.5,1
15444,SO-0501,ASI Nidhi Vaghela,ASI,35,2026-07-16 12:15:44+00:00,90.0,88.0,,20.9175912,73.147092,46.199999928474426,-0.1,-1.126,0.063,,0.0,0.0,0.0,,,,,0.0,0.0,28.0,-0.0001315999999995,-0.003643800000006,48.54,88.0,36.5,1
15448,SO-0501,ASI Nidhi Vaghela,ASI,35,2026-07-16 12:16:13+00:00,88.0,88.0,,20.9163747,73.1415171,45.79999995231629,-0.072,-1.177,-0.047,,0.0,0.0,0.0,,,,,0.0,0.0,29.0,-0.0012165000000017,-0.0055748999999991,73.58,88.0,36.5,1
15452,SO-0501,ASI Nidhi Vaghela,ASI,35,2026-07-16 12:16:43+00:00,87.0,88.0,,20.9149363,73.1358716,45.79999995231629,-0.017,-1.055,-0.008,,0.0,0.0,0.0,,,,,0.0,0.0,30.0,-0.0014383999999978,-0.0056454999999999,72.7,88.0,36.5,1
15456,SO-0501,ASI Nidhi Vaghela,ASI,35,2026-07-16 12:17:13+00:00,87.0,88.0,,20.9147727,73.1339803,45.79999995231629,-0.917,-0.065,0.485,,0.0,0.0,0.0,,,,,0.0,0.0,30.0,-0.0001636000000004,-0.0018912999999969,23.6,88.0,36.5,1
15460,SO-0501,ASI Nidhi Vaghela,ASI,35,2026-07-16 12:17:43+00:00,91.0,88.0,,20.9145624,73.1341811,41.89999961853027,-0.905,-0.014,0.482,,0.0,0.0,0.0,,,,,0.0,0.0,30.0,-0.0002102999999991,0.0002008000000017,3.75,88.0,36.5,2
15463,SO-0501,ASI Nidhi Vaghela,ASI,35,2026-07-16 12:18:12+00:00,86.0,88.0,,20.9145152,73.134038,41.89999961853027,-0.834,-0.214,-0.419,,0.0,0.0,0.0,,,,,0.0,0.0,29.0,-4.720000000091318e-05,-0.0001431000000025,1.95,88.0,36.5,0
15468,SO-0501,ASI Nidhi Vaghela,ASI,35,2026-07-16 12:18:42+00:00,93.0,88.0,,20.914232,73.1340419,41.89999961853027,-0.921,0.06,-0.292,,0.0,0.0,0.0,,,,,0.0,0.0,30.0,-0.0002832000000019,3.8999999958377884e-06,3.77,88.0,36.5,2
15472,SO-0501,ASI Nidhi Vaghela,ASI,35,2026-07-16 12:19:12+00:00,84.0,88.0,,20.9143355,73.1339482,41.89999961853027,-0.977,0.113,-0.093,,0.0,0.0,0.0,,,,,0.0,0.0,30.0,0.0001035000000015,-9.369999999364607e-05,1.8,88.0,36.5,0
15476,SO-0501,ASI Nidhi Vaghela,ASI,35,2026-07-16 12:19:43+00:00,97.0,88.0,,20.9143499,73.1339953,41.89999961853027,0.015,-0.98,0.12,,0.0,0.0,0.0,,,,,0.0,0.0,31.0,1.440000000130226e-05,4.709999998908643e-05,0.6,88.0,36.5,2
15484,SO-0501,ASI Nidhi Vaghela,ASI,35,2026-07-16 12:20:45+00:00,86.0,83.0,,20.914322,73.1340032,41.89999961853027,0.031,-0.997,0.079,,0.0,0.0,0.0,,,,,0.0,0.0,62.0,-2.7900000002745173e-05,7.899999999949614e-06,0.19,83.0,36.5,0
15487,SO-0501,ASI Nidhi Vaghela,ASI,35,2026-07-16 12:21:14+00:00,85.0,86.0,,20.9150066,73.1342468,41.89999961853027,-0.013,-0.848,0.655,,0.0,0.0,0.0,,,,,0.0,0.0,29.0,0.0006846000000031,0.0002436000000045,9.94,86.0,36.5,1
15491,SO-0501,ASI Nidhi Vaghela,ASI,35,2026-07-16 12:21:48+00:00,82.0,83.0,,20.9143653,73.1339824,41.89999961853027,0.219,-0.82,0.615,,0.0,0.0,0.0,,,,,0.0,0.0,34.0,-0.0006413000000016,-0.000264400000006,8.08,83.0,36.5,1
15494,SO-0501,ASI Nidhi Vaghela,ASI,35,2026-07-16 12:22:18+00:00,81.0,88.0,,20.9143452,73.1339709,41.89999961853027,0.281,-0.847,0.551,,0.0,0.0,0.0,,,,,0.0,0.0,30.0,-2.0100000000411455e-05,-1.1499999999387e-05,0.3,88.0,36.5,0
15497,SO-0501,ASI Nidhi Vaghela,ASI,35,2026-07-16 12:22:48+00:00,80.0,87.0,,20.9143433,73.1339713,41.89999961853027,-0.618,-0.322,-0.646,,0.0,0.0,0.0,,,,,0.0,0.0,30.0,-1.900000000887303e-06,4.0000000467443897e-07,0.03,87.0,36.5,0
15501,SO-0501,ASI Nidhi Vaghela,ASI,35,2026-07-16 12:23:18+00:00,94.0,87.0,,20.9146393,73.1337885,42.09999990463257,-0.15,-0.951,0.207,,0.0,0.0,0.0,,,,,0.0,0.0,30.0,0.0002960000000022,-0.0001828000000045,4.55,87.0,36.5,1
15505,SO-0501,ASI Nidhi Vaghela,ASI,35,2026-07-16 12:23:48+00:00,98.0,88.0,,20.9143387,73.1339756,42.09999990463257,-0.194,-0.981,0.192,,0.0,0.0,0.0,,,,,0.0,0.0,30.0,-0.0003006000000027,0.0001871000000051,4.63,88.0,36.5,1
15509,SO-0501,ASI Nidhi Vaghela,ASI,35,2026-07-16 12:24:21+00:00,98.0,88.0,,20.9143359,73.1339783,41.89999961853027,-0.229,-0.99,0.205,,0.0,0.0,0.0,,,,,0.0,0.0,33.0,-2.799999997193936e-06,2.6999999960253263e-06,0.05,88.0,36.5,2
15513,SO-0501,ASI Nidhi Vaghela,ASI,35,2026-07-16 12:24:50+00:00,88.0,86.0,,20.9143398,73.1339739,41.89999961853027,-0.104,-1.003,0.164,,0.0,0.0,0.0,,,,,0.0,0.0,29.0,3.899999999390502e-06,-4.39999999457541e-06,0.08,86.0,36.5,0
15517,SO-0501,ASI Nidhi Vaghela,ASI,35,2026-07-16 12:25:21+00:00,81.0,87.0,,20.9150615,73.1342667,41.89999961853027,-0.594,0.011,0.884,,0.0,0.0,0.0,,,,,0.0,0.0,31.0,0.0007216999999997,0.0002927999999968,9.95,87.0,36.5,1
15521,SO-0501,ASI Nidhi Vaghela,ASI,35,2026-07-16 12:25:50+00:00,88.0,86.0,,20.9143385,73.1339732,41.89999961853027,-0.229,-0.952,0.19,,0.0,0.0,0.0,,,,,0.0,0.0,29.0,-0.0007230000000006,-0.0002934999999979,10.65,86.0,36.5,1
15524,SO-0501,ASI Nidhi Vaghela,ASI,35,2026-07-16 12:26:21+00:00,88.0,78.0,,20.91434,73.1339703,41.89999961853027,-0.171,-1.024,0.205,,0.0,0.0,0.0,,,,,0.0,0.0,31.0,1.4999999997655775e-06,-2.8999999983625457e-06,0.04,78.0,36.5,0
15527,SO-0501,ASI Nidhi Vaghela,ASI,35,2026-07-16 12:26:51+00:00,88.0,80.0,,20.9143403,73.1339701,41.89999961853027,-0.162,-0.956,0.181,,0.0,0.0,0.0,,,,,0.0,0.0,30.0,2.999999999531156e-07,-2.0000000233721948e-07,0.0,80.0,36.5,0
15530,SO-0501,ASI Nidhi Vaghela,ASI,35,2026-07-16 12:27:21+00:00,88.0,79.0,,20.9143397,73.133969,41.89999961853027,-0.139,-0.937,0.206,,0.0,0.0,0.0,,,,,0.0,0.0,30.0,-5.999999999062311e-07,-1.1000000057492798e-06,0.02,79.0,36.5,0
15534,SO-0501,ASI Nidhi Vaghela,ASI,35,2026-07-16 12:27:52+00:00,88.0,84.0,,20.9143379,73.1339697,41.89999961853027,-0.105,-0.957,0.184,,0.0,0.0,0.0,,,,,0.0,0.0,31.0,-1.7999999997186933e-06,7.000000010748408e-07,0.02,84.0,36.5,0
15538,SO-0501,ASI Nidhi Vaghela,ASI,35,2026-07-16 12:28:23+00:00,88.0,76.0,,20.9147768,73.1340517,41.89999961853027,-0.167,-0.954,0.141,,0.0,0.0,0.0,,,,,0.0,0.0,31.0,0.0004388999999989,8.200000000613272e-05,5.74,76.0,36.5,1
15541,SO-0501,ASI Nidhi Vaghela,ASI,35,2026-07-16 12:28:53+00:00,88.0,82.0,,20.9149713,73.134227,41.89999961853027,-0.147,-0.955,0.156,,0.0,0.0,0.0,,,,,0.0,0.0,30.0,0.0001945000000027,0.0001752999999951,3.38,82.0,36.5,0
15545,SO-0501,ASI Nidhi Vaghela,ASI,35,2026-07-16 12:29:23+00:00,88.0,80.0,,20.9143345,73.1339677,41.89999961853027,-0.288,-0.875,0.151,,0.0,0.0,0.0,,,,,0.0,0.0,30.0,-0.0006368000000023,-0.0002592999999961,9.07,80.0,36.5,1
15549,SO-0501,ASI Nidhi Vaghela,ASI,35,2026-07-16 12:29:53+00:00,88.0,88.0,,20.9143344,73.1339689,41.89999961853027,-0.095,-0.966,0.15,,0.0,0.0,0.0,,,,,0.0,0.0,30.0,-9.999999761589606e-08,1.1999999998124622e-06,0.01,88.0,36.5,0
15553,SO-0501,ASI Nidhi Vaghela,ASI,35,2026-07-16 12:30:23+00:00,81.0,87.0,,20.9143354,73.1339712,41.89999961853027,-0.784,-0.269,-0.515,,0.0,0.0,0.0,,,,,0.0,0.0,30.0,9.999999974752427e-07,2.300000005561742e-06,0.03,87.0,36.5,0
15557,SO-0501,ASI Nidhi Vaghela,ASI,35,2026-07-16 12:30:54+00:00,84.0,88.0,,20.9144956,73.1339224,41.89999961853027,-0.891,-0.33,-0.208,,0.0,0.0,0.0,,,,,0.0,0.0,31.0,0.0001601999999998,-4.8800000001847366e-05,2.15,88.0,36.5,0
15562,SO-0501,ASI Nidhi Vaghela,ASI,35,2026-07-16 12:31:22+00:00,89.0,88.0,,20.9146479,73.1335881,41.89999961853027,-0.759,-0.32,0.863,,0.0,0.0,0.0,,,,,0.0,0.0,28.0,0.0001522999999998,-0.0003343000000057,4.95,88.0,36.5,1
15567,SO-0501,ASI Nidhi Vaghela,ASI,35,2026-07-16 12:31:53+00:00,92.0,83.0,,20.9145687,73.1333104,41.89999961853027,-0.611,-0.346,0.813,,0.0,0.0,0.0,,,,,0.0,0.0,31.0,-7.919999999828065e-05,-0.000277699999998,3.49,83.0,36.5,2
15572,SO-0501,ASI Nidhi Vaghela,ASI,35,2026-07-16 12:32:22+00:00,94.0,87.0,,20.9146096,73.133451,41.89999961853027,-0.778,0.535,-0.207,,0.0,0.0,0.0,,,,,0.0,0.0,29.0,4.089999999834504e-05,0.0001405999999946,1.89,87.0,36.5,2
15577,SO-0501,ASI Nidhi Vaghela,ASI,35,2026-07-16 12:32:53+00:00,94.0,61.0,,20.9146477,73.1337791,41.89999961853027,-0.225,0.78,-0.035,,0.0,0.0,0.0,,,,,0.0,0.0,31.0,3.81000000011511e-05,0.0003281000000043,3.97,61.0,36.5,2
15583,SO-0501,ASI Nidhi Vaghela,ASI,35,2026-07-16 12:33:25+00:00,82.0,85.0,,20.9146188,73.1336116,41.89999961853027,-0.259,0.804,0.465,,0.0,0.0,0.0,,,,,0.0,0.0,32.0,-2.8900000000220416e-05,-0.0001675000000034,1.98,85.0,36.5,0
15587,SO-0501,ASI Nidhi Vaghela,ASI,35,2026-07-16 12:33:53+00:00,81.0,88.0,,20.9146429,73.1334172,42.09999990463257,-0.696,-0.086,0.812,,0.0,0.0,0.0,,,,,0.0,0.0,28.0,2.4100000000970567e-05,-0.000194399999998,2.61,88.0,36.5,0
15592,SO-0501,ASI Nidhi Vaghela,ASI,35,2026-07-16 12:34:23+00:00,84.0,88.0,,20.9146608,73.1338303,41.89999961853027,-0.687,-0.106,0.799,,0.0,0.0,0.0,,,,,0.0,0.0,30.0,1.7899999999571037e-05,0.0004131000000029,5.14,88.0,36.5,1
15597,SO-0501,ASI Nidhi Vaghela,ASI,35,2026-07-16 12:34:53+00:00,84.0,88.0,,20.9147279,73.1339165,41.89999961853027,-1.0,0.058,0.04,,0.0,0.0,0.0,,,,,0.0,0.0,30.0,6.709999999898741e-05,8.619999999837091e-05,1.39,88.0,36.5,0
15602,SO-0501,ASI Nidhi Vaghela,ASI,35,2026-07-16 12:35:23+00:00,89.0,81.0,,20.9147076,73.1338778,41.89999961853027,-0.994,0.027,0.042,,0.0,0.0,0.0,,,,,0.0,0.0,30.0,-2.029999999919596e-05,-3.870000000461005e-05,0.55,81.0,36.5,0
15607,SO-0501,ASI Nidhi Vaghela,ASI,35,2026-07-16 12:35:53+00:00,87.0,88.0,,20.9146558,73.1336078,41.89999961853027,-0.375,-0.016,0.949,,0.0,0.0,0.0,,,,,0.0,0.0,30.0,-5.180000000137852e-05,-0.0002700000000004,3.42,88.0,36.5,0
15612,SO-0501,ASI Nidhi Vaghela,ASI,35,2026-07-16 12:36:23+00:00,87.0,88.0,,20.9147724,73.1339103,41.89999961853027,-0.946,-0.232,0.296,,0.0,0.0,0.0,,,,,0.0,0.0,30.0,0.0001166000000019,0.0003025000000036,4.07,88.0,36.5,0
15617,SO-0501,ASI Nidhi Vaghela,ASI,35,2026-07-16 12:36:53+00:00,82.0,88.0,,20.9146736,73.1333816,42.09999990463257,-0.754,-0.39,0.589,,0.0,0.0,0.0,,,,,0.0,0.0,30.0,-9.879999999995448e-05,-0.0005286999999896,6.7,88.0,36.5,1
15622,SO-0501,ASI Nidhi Vaghela,ASI,35,2026-07-16 12:37:23+00:00,90.0,86.0,,20.9146795,73.1338943,41.89999961853027,-0.556,0.214,0.646,,0.0,0.0,0.0,,,,,0.0,0.0,30.0,5.899999997893701e-06,0.0005126999999873,6.37,86.0,36.5,1
15627,SO-0501,ASI Nidhi Vaghela,ASI,35,2026-07-16 12:37:54+00:00,81.0,88.0,,20.9149112,73.1341931,41.89999961853027,-0.681,0.295,0.725,,0.0,0.0,0.0,,,,,0.0,0.0,31.0,0.0002317000000005,0.0002988000000101,4.67,88.0,36.5,1
15632,SO-0501,ASI Nidhi Vaghela,ASI,35,2026-07-16 12:38:23+00:00,84.0,88.0,,20.914647,73.1334743,41.89999961853027,-0.815,0.242,0.647,,0.0,0.0,0.0,,,,,0.0,0.0,29.0,-0.0002642000000001,-0.0007188000000013,9.93,88.0,36.5,1
15636,SO-0501,ASI Nidhi Vaghela,ASI,35,2026-07-16 12:38:54+00:00,91.0,81.0,,20.9146332,73.1337638,41.89999961853027,-0.305,0.246,1.053,,0.0,0.0,0.0,,,,,0.0,0.0,31.0,-1.3799999997843315e-05,0.0002894999999938,3.48,81.0,36.5,2
15641,SO-0501,ASI Nidhi Vaghela,ASI,35,2026-07-16 12:39:24+00:00,87.0,83.0,,20.9147462,73.133608,41.89999961853027,-0.954,0.319,0.018,,0.0,0.0,0.0,,,,,0.0,0.0,30.0,0.0001129999999989,-0.0001558000000017,2.45,83.0,36.5,0
15646,SO-0501,ASI Nidhi Vaghela,ASI,35,2026-07-16 12:39:53+00:00,84.0,62.0,,20.9147462,73.133608,41.89999961853027,-0.942,0.311,0.028,,0.0,0.0,0.0,,,,,0.0,0.0,29.0,0.0,0.0,0.0,62.0,36.5,0
15651,SO-0501,ASI Nidhi Vaghela,ASI,35,2026-07-16 12:40:23+00:00,81.0,70.0,,20.9146513,73.1338186,41.89999961853027,-0.952,0.304,0.026,,0.0,0.0,0.0,,,,,0.0,0.0,30.0,-9.490000000056398e-05,0.0002106000000026,2.91,70.0,36.5,0
15657,SO-0501,ASI Nidhi Vaghela,ASI,35,2026-07-16 12:40:54+00:00,87.0,88.0,,20.9146172,73.1330691,42.59999990463257,-0.954,0.312,0.022,,0.0,0.0,0.0,,,,,0.0,0.0,31.0,-3.410000000059199e-05,-0.0007494999999977,9.02,88.0,36.5,1
15662,SO-0501,ASI Nidhi Vaghela,ASI,35,2026-07-16 12:41:24+00:00,88.0,88.0,,20.9149777,73.1342445,41.89999961853027,-0.647,0.471,0.745,,0.0,0.0,0.0,,,,,0.0,0.0,30.0,0.0003605000000028,0.0011753999999939,15.37,88.0,36.5,1
15669,SO-0501,ASI Nidhi Vaghela,ASI,35,2026-07-16 12:41:54+00:00,93.0,88.0,,20.9145456,73.1334448,41.89999961853027,-0.769,0.369,0.601,,0.0,0.0,0.0,,,,,0.0,0.0,30.0,-0.0004321000000011,-0.0007996999999875,11.48,88.0,36.5,1
15675,SO-0501,ASI Nidhi Vaghela,ASI,35,2026-07-16 12:42:24+00:00,89.0,88.0,,20.9146257,73.1332517,42.09999990463257,-0.534,0.638,-0.489,,0.0,0.0,0.0,,,,,0.0,0.0,30.0,8.009999999813999e-05,-0.0001931000000041,2.63,88.0,36.5,0
15680,SO-0501,ASI Nidhi Vaghela,ASI,35,2026-07-16 12:42:54+00:00,88.0,88.0,,20.9149284,73.13421,41.89999961853027,-0.527,0.681,-0.431,,0.0,0.0,0.0,,,,,0.0,0.0,30.0,0.0003027000000024,0.0009582999999935,12.57,88.0,36.5,1
15687,SO-0501,ASI Nidhi Vaghela,ASI,35,2026-07-16 12:43:24+00:00,81.0,88.0,,20.9150242,73.1342195,41.89999961853027,-0.93,0.349,0.095,,0.0,0.0,0.0,,,,,0.0,0.0,30.0,9.580000000042332e-05,9.500000004436515e-06,1.28,88.0,36.5,0
15693,SO-0501,ASI Nidhi Vaghela,ASI,35,2026-07-16 12:43:53+00:00,84.0,87.0,,20.9145732,73.1337692,41.89999961853027,-0.945,0.25,0.297,,0.0,0.0,0.0,,,,,0.0,0.0,29.0,-0.0004510000000017,-0.0004502999999971,8.49,87.0,36.5,1
15699,SO-0501,ASI Nidhi Vaghela,ASI,35,2026-07-16 12:44:24+00:00,90.0,88.0,,20.9149113,73.1341761,41.89999961853027,-0.899,0.288,0.406,,0.0,0.0,0.0,,,,,0.0,0.0,31.0,0.0003381000000004,0.0004069000000015,6.55,88.0,36.5,1
15705,SO-0501,ASI Nidhi Vaghela,ASI,35,2026-07-16 12:44:55+00:00,96.0,88.0,,20.9146282,73.1332595,41.89999961853027,-0.889,0.297,0.436,,0.0,0.0,0.0,,,,,0.0,0.0,31.0,-0.0002831000000007,-0.0009166000000107,11.61,88.0,36.5,1
15712,SO-0501,ASI Nidhi Vaghela,ASI,35,2026-07-16 12:45:26+00:00,83.0,88.0,,20.9147497,73.1338789,41.89999961853027,-0.924,0.131,0.444,,0.0,0.0,0.0,,,,,0.0,0.0,31.0,0.0001215000000023,0.000619400000005,7.61,88.0,36.5,1
15718,SO-0501,ASI Nidhi Vaghela,ASI,35,2026-07-16 12:45:56+00:00,88.0,88.0,,20.914884,73.1341702,41.89999961853027,-0.597,0.781,0.289,,0.0,0.0,0.0,,,,,0.0,0.0,30.0,0.0001342999999991,0.0002913000000006,4.04,88.0,36.5,0
15724,SO-0501,ASI Nidhi Vaghela,ASI,35,2026-07-16 12:46:27+00:00,84.0,88.0,,20.9148324,73.1340112,41.89999961853027,-0.885,0.214,0.488,,0.0,0.0,0.0,,,,,0.0,0.0,31.0,-5.15999999990413e-05,-0.0001589999999964,2.02,88.0,36.5,0
15730,SO-0501,ASI Nidhi Vaghela,ASI,35,2026-07-16 12:46:57+00:00,84.0,86.0,,20.914797,73.1339702,41.89999961853027,-0.927,0.093,0.416,,0.0,0.0,0.0,,,,,0.0,0.0,30.0,-3.540000000157306e-05,-4.100000001017179e-05,0.69,86.0,36.5,0
15735,SO-0501,ASI Nidhi Vaghela,ASI,35,2026-07-16 12:47:25+00:00,93.0,87.0,,20.9146571,73.1337625,41.89999961853027,-0.675,-0.15,-0.67,,0.0,0.0,0.0,,,,,0.0,0.0,28.0,-0.0001399000000006,-0.00020769999999,3.41,87.0,36.5,2
15742,SO-0501,ASI Nidhi Vaghela,ASI,35,2026-07-16 12:47:58+00:00,89.0,87.0,,20.9149573,73.1342217,41.89999961853027,-0.721,-0.097,-0.617,,0.0,0.0,0.0,,,,,0.0,0.0,33.0,0.0003002000000016,0.0004591999999945,6.33,87.0,36.5,1
15746,SO-0501,ASI Nidhi Vaghela,ASI,35,2026-07-16 12:48:27+00:00,82.0,88.0,,20.9150119,73.1342384,41.89999961853027,-0.741,-0.077,-0.615,,0.0,0.0,0.0,,,,,0.0,0.0,29.0,5.459999999857246e-05,1.670000000331129e-05,0.78,88.0,36.5,0
15752,SO-0501,ASI Nidhi Vaghela,ASI,35,2026-07-16 12:48:59+00:00,83.0,87.0,,20.9146575,73.1337685,41.89999961853027,-1.111,0.926,0.46,,0.0,0.0,0.0,,,,,0.0,0.0,32.0,-0.000354399999999,-0.0004698999999988,7.04,87.0,36.5,1
15757,SO-0501,ASI Nidhi Vaghela,ASI,35,2026-07-16 12:49:27+00:00,80.0,73.0,,20.9146172,73.1330691,42.59999990463257,-0.691,0.484,-0.423,,0.0,0.0,0.0,,,,,0.0,0.0,28.0,-4.030000000199152e-05,-0.000699400000002,9.33,73.0,36.5,1
15763,SO-0501,ASI Nidhi Vaghela,ASI,35,2026-07-16 12:49:57+00:00,83.0,75.0,,20.9146726,73.133793,41.89999961853027,-1.202,0.001,0.515,,0.0,0.0,0.0,,,,,0.0,0.0,30.0,5.540000000081591e-05,0.000723899999997,9.02,75.0,36.5,1
15769,SO-0501,ASI Nidhi Vaghela,ASI,35,2026-07-16 12:50:25+00:00,87.0,83.0,,20.9150737,73.1342274,41.89999961853027,-0.919,0.435,0.051,,0.0,0.0,0.0,,,,,0.0,0.0,28.0,0.0004011000000012,0.0004344000000031,8.14,83.0,36.5,1
15774,SO-0501,ASI Nidhi Vaghela,ASI,35,2026-07-16 12:50:57+00:00,81.0,89.0,,20.9149869,73.1342189,41.89999961853027,-0.882,0.424,0.048,,0.0,0.0,0.0,,,,,0.0,0.0,32.0,-8.680000000182986e-05,-8.500000006961272e-06,1.09,89.0,36.5,0
15779,SO-0501,ASI Nidhi Vaghela,ASI,35,2026-07-16 12:51:27+00:00,86.0,88.0,,20.9146563,73.1338288,41.89999961853027,-0.928,0.352,-0.017,,0.0,0.0,0.0,,,,,0.0,0.0,30.0,-0.000330599999998,-0.0003900999999899,6.55,88.0,36.5,1
15785,SO-0501,ASI Nidhi Vaghela,ASI,35,2026-07-16 12:51:57+00:00,83.0,88.0,,20.9147471,73.1338265,41.89999961853027,-0.932,0.358,-0.008,,0.0,0.0,0.0,,,,,0.0,0.0,30.0,9.079999999883626e-05,-2.300000005561742e-06,1.21,88.0,36.5,0
15791,SO-0501,ASI Nidhi Vaghela,ASI,35,2026-07-16 12:52:27+00:00,84.0,88.0,,20.9150148,73.1342248,41.89999961853027,-0.923,0.363,-0.055,,0.0,0.0,0.0,,,,,0.0,0.0,30.0,0.0002677000000019,0.0003983000000005,6.1,88.0,36.5,1
15796,SO-0501,ASI Nidhi Vaghela,ASI,35,2026-07-16 12:52:58+00:00,85.0,87.0,,20.9149623,73.1342151,41.89999961853027,-1.038,0.555,-0.184,,0.0,0.0,0.0,,,,,0.0,0.0,31.0,-5.250000000245336e-05,-9.69999999256288e-06,0.69,87.0,36.5,0
15804,SO-0501,ASI Nidhi Vaghela,ASI,35,2026-07-16 12:53:27+00:00,84.0,85.0,,20.9147292,73.1338958,41.89999961853027,-0.875,0.375,-0.241,,0.0,0.0,0.0,,,,,0.0,0.0,29.0,-0.000233099999999,-0.000319300000001,5.21,85.0,36.5,1
15810,SO-0501,ASI Nidhi Vaghela,ASI,35,2026-07-16 12:53:57+00:00,87.0,87.0,,20.9147132,73.1338491,41.89999961853027,-0.874,0.375,-0.225,,0.0,0.0,0.0,,,,,0.0,0.0,30.0,-1.5999999998683734e-05,-4.669999999862284e-05,0.62,87.0,36.5,0
15816,SO-0501,ASI Nidhi Vaghela,ASI,35,2026-07-16 12:54:28+00:00,83.0,78.0,,20.9149545,73.1342093,41.89999961853027,-0.869,0.377,-0.23,,0.0,0.0,0.0,,,,,0.0,0.0,31.0,0.000241299999999,0.0003601999999887,5.33,78.0,36.5,1
15821,SO-0501,ASI Nidhi Vaghela,ASI,35,2026-07-16 12:54:57+00:00,87.0,85.0,,20.9147358,73.1338971,41.89999961853027,0.95,0.147,0.283,,0.0,0.0,0.0,,,,,0.0,0.0,29.0,-0.0002187000000013,-0.0003121999999962,5.02,85.0,36.5,1
15824,SO-0501,ASI Nidhi Vaghela,ASI,35,2026-07-16 12:55:27+00:00,81.0,88.0,,20.9147036,73.1336188,41.89999961853027,-0.753,-0.577,-0.229,,0.0,0.0,0.0,,,,,0.0,0.0,30.0,-3.219999999970469e-05,-0.000278300000005,3.48,88.0,36.5,0
15829,SO-0501,ASI Nidhi Vaghela,ASI,35,2026-07-16 12:55:57+00:00,81.0,86.0,,20.9146896,73.1336178,41.89999961853027,-0.924,0.37,-0.022,,0.0,0.0,0.0,,,,,0.0,0.0,30.0,-1.4000000000180536e-05,-9.999999974752427e-07,0.19,86.0,36.5,0
15837,SO-0501,ASI Nidhi Vaghela,ASI,35,2026-07-16 12:56:27+00:00,82.0,88.0,,20.9146767,73.1336148,41.89999961853027,-0.92,0.375,-0.012,,0.0,0.0,0.0,,,,,0.0,0.0,30.0,-1.2899999997983969e-05,-2.999999992425728e-06,0.18,88.0,36.5,0
15842,SO-0501,ASI Nidhi Vaghela,ASI,35,2026-07-16 12:56:58+00:00,81.0,88.0,,20.9146767,73.1336148,41.89999961853027,-0.931,0.351,0.092,,0.0,0.0,0.0,,,,,0.0,0.0,31.0,0.0,0.0,0.0,88.0,36.5,0
15848,SO-0501,ASI Nidhi Vaghela,ASI,35,2026-07-16 12:57:27+00:00,98.0,88.0,,20.9146714,73.1338107,41.89999961853027,-0.877,-0.047,-0.398,,0.0,0.0,0.0,,,,,0.0,0.0,29.0,-5.300000001540184e-06,0.0001958999999942,2.52,88.0,36.5,2
15853,SO-0501,ASI Nidhi Vaghela,ASI,35,2026-07-16 12:57:58+00:00,99.0,88.0,,20.9147655,73.1339072,41.89999961853027,-0.862,-0.17,-0.407,,0.0,0.0,0.0,,,,,0.0,0.0,31.0,9.410000000187324e-05,9.649999999794544e-05,1.68,88.0,36.5,2
15858,SO-0501,ASI Nidhi Vaghela,ASI,35,2026-07-16 12:58:27+00:00,100.0,81.0,,20.9147529,73.1339025,41.89999961853027,-0.808,-0.203,-0.462,,0.0,0.0,0.0,,,,,0.0,0.0,29.0,-1.2600000001583568e-05,-4.699999990975812e-06,0.18,81.0,36.5,2
15862,SO-0501,ASI Nidhi Vaghela,ASI,35,2026-07-16 12:58:57+00:00,88.0,81.0,,20.9146521,73.1337611,41.89999961853027,-0.828,-0.181,-0.458,,0.0,0.0,0.0,,,,,0.0,0.0,30.0,-0.0001007999999984,-0.0001414000000039,2.21,81.0,36.5,0
15867,SO-0501,ASI Nidhi Vaghela,ASI,35,2026-07-16 12:59:28+00:00,100.0,88.0,,20.9146651,73.1336092,41.89999961853027,-0.899,0.268,-0.266,,0.0,0.0,0.0,,,,,0.0,0.0,31.0,1.2999999999152578e-05,-0.0001519000000058,1.83,88.0,36.5,2
15871,SO-0501,ASI Nidhi Vaghela,ASI,35,2026-07-16 12:59:58+00:00,84.0,87.0,,20.9146651,73.1336092,41.89999961853027,-0.912,0.234,-0.25,,0.0,0.0,0.0,,,,,0.0,0.0,30.0,0.0,0.0,0.0,87.0,36.5,0
15875,SO-0501,ASI Nidhi Vaghela,ASI,35,2026-07-16 13:00:28+00:00,83.0,86.0,,20.914671,73.1336102,41.89999961853027,-0.511,0.681,-0.45,,0.0,0.0,0.0,,,,,0.0,0.0,30.0,5.899999997893701e-06,1.0000000116860974e-06,0.08,86.0,36.5,0
15879,SO-0501,ASI Nidhi Vaghela,ASI,35,2026-07-16 13:00:57+00:00,83.0,88.0,,20.914671,73.1336102,41.89999961853027,0.063,-0.8,0.735,,0.0,0.0,0.0,,,,,0.0,0.0,29.0,0.0,0.0,0.0,88.0,36.5,0
15883,SO-0501,ASI Nidhi Vaghela,ASI,35,2026-07-16 13:01:27+00:00,90.0,87.0,,20.9146768,73.133801,41.89999961853027,-0.624,0.301,0.814,,0.0,0.0,0.0,,,,,0.0,0.0,30.0,5.800000000277805e-06,0.0001907999999986,2.37,87.0,36.5,0
15887,SO-0501,ASI Nidhi Vaghela,ASI,35,2026-07-16 13:01:57+00:00,86.0,88.0,,20.9146162,73.1330792,42.59999990463257,-0.856,0.403,-0.254,,0.0,0.0,0.0,,,,,0.0,0.0,30.0,-6.059999999763477e-05,-0.0007218000000079,9.0,88.0,36.5,1
15891,SO-0501,ASI Nidhi Vaghela,ASI,35,2026-07-16 13:02:27+00:00,85.0,87.0,,20.9146181,73.1332384,42.09999990463257,-0.874,0.381,-0.231,,0.0,0.0,0.0,,,,,0.0,0.0,30.0,1.8999999973345896e-06,0.0001591999999988,1.98,87.0,36.5,0
15895,SO-0501,ASI Nidhi Vaghela,ASI,35,2026-07-16 13:02:57+00:00,86.0,88.0,,20.9146635,73.1336059,42.09999990463257,-0.57,0.509,0.732,,0.0,0.0,0.0,,,,,0.0,0.0,30.0,4.5400000001194485e-05,0.00036750000001,4.61,88.0,36.5,1
15899,SO-0501,ASI Nidhi Vaghela,ASI,35,2026-07-16 13:03:27+00:00,87.0,75.0,,20.9146635,73.1336059,41.89999961853027,-0.59,0.51,0.718,,0.0,0.0,0.0,,,,,0.0,0.0,30.0,0.0,0.0,0.0,75.0,36.5,0
15903,SO-0501,ASI Nidhi Vaghela,ASI,35,2026-07-16 13:03:57+00:00,90.0,59.0,,20.9149558,73.1342028,41.89999961853027,-0.591,0.507,0.713,,0.0,0.0,0.0,,,,,0.0,0.0,30.0,0.0002923000000016,0.0005968999999907,8.38,59.0,36.5,1
15907,SO-0501,ASI Nidhi Vaghela,ASI,35,2026-07-16 13:04:27+00:00,83.0,88.0,,20.9146541,73.1336052,41.89999961853027,-0.925,0.387,0.797,,0.0,0.0,0.0,,,,,0.0,0.0,30.0,-0.0003017000000014,-0.0005975999999918,8.44,88.0,36.5,1
15911,SO-0501,ASI Nidhi Vaghela,ASI,35,2026-07-16 13:04:57+00:00,84.0,88.0,,20.9150049,73.1342572,41.89999961853027,-0.704,0.062,-1.029,,0.0,0.0,0.0,,,,,0.0,0.0,30.0,0.0003507999999996,0.0006519999999881,9.35,88.0,36.5,1
15915,SO-0501,ASI Nidhi Vaghela,ASI,35,2026-07-16 13:05:27+00:00,86.0,88.0,,20.9146486,73.133605,41.89999961853027,-1.057,0.101,0.299,,0.0,0.0,0.0,,,,,0.0,0.0,30.0,-0.0003562999999999,-0.0006521999999904,9.39,88.0,36.5,1
15919,SO-0501,ASI Nidhi Vaghela,ASI,35,2026-07-16 13:05:57+00:00,94.0,89.0,,20.9146524,73.1336027,41.89999961853027,-0.417,-0.294,-0.794,,0.0,0.0,0.0,,,,,0.0,0.0,30.0,3.800000001774606e-06,-2.300000005561742e-06,0.06,89.0,36.5,2
15923,SO-0501,ASI Nidhi Vaghela,ASI,35,2026-07-16 13:06:28+00:00,83.0,88.0,,20.9146524,73.1336027,41.89999961853027,-0.686,-0.158,-0.625,,0.0,0.0,0.0,,,,,0.0,0.0,31.0,0.0,0.0,0.0,88.0,36.5,0
15929,SO-0501,ASI Nidhi Vaghela,ASI,35,2026-07-16 13:06:58+00:00,80.0,87.0,,20.9147518,73.1338824,41.89999961853027,-0.871,-0.178,0.41,,0.0,0.0,0.0,,,,,0.0,0.0,30.0,9.939999999986072e-05,0.0002797000000072,3.72,87.0,36.5,0
15934,SO-0501,ASI Nidhi Vaghela,ASI,35,2026-07-16 13:07:28+00:00,93.0,88.0,,20.9146329,73.1330608,42.09999990463257,-0.831,-0.292,-0.392,,0.0,0.0,0.0,,,,,0.0,0.0,30.0,-0.0001189000000003,-0.0008216000000089,10.33,88.0,36.5,1
15939,SO-0501,ASI Nidhi Vaghela,ASI,35,2026-07-16 13:07:57+00:00,86.0,87.0,,20.9146579,73.1336002,42.09999990463257,-0.82,-0.273,-0.384,,0.0,0.0,0.0,,,,,0.0,0.0,29.0,2.500000000082991e-05,0.000539400000008,6.94,87.0,36.5,1
15944,SO-0501,ASI Nidhi Vaghela,ASI,35,2026-07-16 13:08:27+00:00,84.0,88.0,,20.9146565,73.1335988,41.89999961853027,-0.92,0.08,-0.293,,0.0,0.0,0.0,,,,,0.0,0.0,30.0,-1.4000000021496817e-06,-1.4000000021496817e-06,0.03,88.0,36.5,0
16582,SO-0501,ASI Nidhi Vaghela,ASI,35,2026-07-16 14:30:39+00:00,97.0,88.0,,21.0089502,73.139311,23.0,-0.773,0.273,0.697,,0.0,0.0,0.0,,,,,0.0,0.0,4932.0,0.0942937000000014,0.0057122000000049,0.0,88.0,36.5,2
16589,SO-0501,ASI Nidhi Vaghela,ASI,35,2026-07-16 14:31:09+00:00,86.0,87.0,,21.0089863,73.1393237,23.0,-0.484,0.048,0.969,,0.0,0.0,0.0,,,,,0.0,0.0,30.0,3.609999999909519e-05,1.2699999999199464e-05,0.51,87.0,36.5,0
16596,SO-0501,ASI Nidhi Vaghela,ASI,35,2026-07-16 14:31:39+00:00,90.0,88.0,,21.0091707,73.1393294,23.0,-0.87,-0.002,0.594,,0.0,0.0,0.0,,,,,0.0,0.0,30.0,0.0001843999999984,5.699999988451054e-06,2.46,88.0,36.5,0
16826,SO-0501,ASI Nidhi Vaghela,ASI,35,2026-07-16 14:53:58+00:00,89.0,86.0,,21.0176501,73.1412817,20.799999237060547,-0.61,-0.744,0.18,,0.0,0.0,0.0,,,,,0.0,0.0,1339.0,0.0084794000000023,0.0019522999999992,0.0,86.0,36.5,0
16831,SO-0501,ASI Nidhi Vaghela,ASI,35,2026-07-16 14:54:27+00:00,87.0,88.0,,21.0176251,73.1411061,20.799999237060547,-0.163,0.177,1.032,,0.0,0.0,0.0,,,,,0.0,0.0,29.0,-2.500000000082991e-05,-0.0001755999999915,2.28,88.0,36.5,0
16837,SO-0501,ASI Nidhi Vaghela,ASI,35,2026-07-16 14:54:57+00:00,82.0,87.0,,21.0178839,73.1411873,29.600000381469727,-0.474,0.427,0.868,,0.0,0.0,0.0,,,,,0.0,0.0,30.0,0.000258800000001,8.119999999678384e-05,3.59,87.0,36.5,0
16840,SO-0501,ASI Nidhi Vaghela,ASI,35,2026-07-16 14:55:27+00:00,89.0,85.0,,21.0176063,73.1411182,29.600000381469727,-0.394,0.775,0.402,,0.0,0.0,0.0,,,,,0.0,0.0,30.0,-0.0002776000000004,-6.910000000459604e-05,3.8,85.0,36.5,0
16846,SO-0501,ASI Nidhi Vaghela,ASI,35,2026-07-16 14:55:57+00:00,93.0,71.0,,21.0176082,73.1411062,28.299999237060547,-0.131,0.843,0.556,,0.0,0.0,0.0,,,,,0.0,0.0,30.0,1.900000000887303e-06,-1.1999999998124622e-05,0.15,71.0,36.5,2
16851,SO-0501,ASI Nidhi Vaghela,ASI,35,2026-07-16 14:56:27+00:00,90.0,81.0,,21.0176203,73.1410941,28.299999237060547,-0.095,0.936,0.432,,0.0,0.0,0.0,,,,,0.0,0.0,30.0,1.2099999999293232e-05,-1.2099999992187804e-05,0.22,81.0,36.5,0
16855,SO-0501,ASI Nidhi Vaghela,ASI,35,2026-07-16 14:56:57+00:00,89.0,82.0,,21.017992,73.1410721,28.299999237060547,-0.263,0.938,0.25,,0.0,0.0,0.0,,,,,0.0,0.0,30.0,0.0003716999999987,-2.200000000129876e-05,4.96,82.0,36.5,1
16861,SO-0501,ASI Nidhi Vaghela,ASI,35,2026-07-16 14:57:27+00:00,83.0,83.0,,21.0176052,73.1411198,28.299999237060547,-0.196,1.009,0.464,,0.0,0.0,0.0,,,,,0.0,0.0,30.0,-0.0003868000000011,4.7699999996098086e-05,5.19,83.0,36.5,1
16867,SO-0501,ASI Nidhi Vaghela,ASI,35,2026-07-16 14:57:57+00:00,87.0,69.0,,21.0176052,73.1411198,29.600000381469727,-0.18,0.61,0.111,,0.0,0.0,0.0,,,,,0.0,0.0,30.0,0.0,0.0,0.0,69.0,36.5,0
16871,SO-0501,ASI Nidhi Vaghela,ASI,35,2026-07-16 14:58:27+00:00,87.0,55.0,,21.0172419,73.141594,29.600000381469727,-0.799,0.198,-0.196,,0.0,0.0,0.0,,,,,0.0,0.0,30.0,-0.0003633,0.0004741999999993,7.62,55.0,36.5,1
16877,SO-0501,ASI Nidhi Vaghela,ASI,35,2026-07-16 14:58:57+00:00,85.0,76.0,,21.0172523,73.1415827,29.600000381469727,-0.519,0.83,0.27,,0.0,0.0,0.0,,,,,0.0,0.0,30.0,1.0400000000743148e-05,-1.129999999704978e-05,0.2,76.0,36.5,0
16882,SO-0501,ASI Nidhi Vaghela,ASI,35,2026-07-16 14:59:28+00:00,87.0,81.0,,21.0172516,73.1415838,29.600000381469727,-0.518,0.844,0.241,,0.0,0.0,0.0,,,,,0.0,0.0,31.0,-6.999999975221272e-07,1.1000000057492798e-06,0.02,81.0,36.5,0
16887,SO-0501,ASI Nidhi Vaghela,ASI,35,2026-07-16 14:59:57+00:00,91.0,81.0,,21.0172401,73.1415955,29.600000381469727,-0.646,0.751,0.22,,0.0,0.0,0.0,,,,,0.0,0.0,29.0,-1.1500000002939714e-05,1.1699999987513364e-05,0.22,81.0,36.5,2
16891,SO-0501,ASI Nidhi Vaghela,ASI,35,2026-07-16 15:00:27+00:00,93.0,74.0,,21.0172412,73.1415961,29.600000381469727,-0.561,0.829,0.158,,0.0,0.0,0.0,,,,,0.0,0.0,30.0,1.100000002196566e-06,6.000000070116585e-07,0.02,74.0,36.5,2
16897,SO-0501,ASI Nidhi Vaghela,ASI,35,2026-07-16 15:00:57+00:00,87.0,78.0,,21.0172481,73.141587,29.600000381469727,-0.246,0.999,0.009,,0.0,0.0,0.0,,,,,0.0,0.0,30.0,6.899999998921658e-06,-9.099999999762076e-06,0.15,78.0,36.5,0
16901,SO-0501,ASI Nidhi Vaghela,ASI,35,2026-07-16 15:01:27+00:00,91.0,79.0,,21.017249,73.1415863,29.600000381469727,-0.531,0.854,0.104,,0.0,0.0,0.0,,,,,0.0,0.0,30.0,8.999999998593466e-07,-7.000000010748408e-07,0.01,79.0,36.5,2
16907,SO-0501,ASI Nidhi Vaghela,ASI,35,2026-07-16 15:01:57+00:00,83.0,85.0,,21.0172407,73.1415962,29.600000381469727,-0.598,0.802,0.186,,0.0,0.0,0.0,,,,,0.0,0.0,30.0,-8.30000000107134e-06,9.8999999949001e-06,0.17,85.0,36.5,0
16912,SO-0501,ASI Nidhi Vaghela,ASI,35,2026-07-16 15:02:27+00:00,85.0,71.0,,21.0172643,73.1415719,29.600000381469727,-0.496,0.871,0.118,,0.0,0.0,0.0,,,,,0.0,0.0,30.0,2.3600000002232943e-05,-2.429999999264965e-05,0.44,71.0,36.5,0
16916,SO-0501,ASI Nidhi Vaghela,ASI,35,2026-07-16 15:02:57+00:00,89.0,86.0,,21.0172435,73.1415986,29.600000381469727,-0.681,0.745,0.059,,0.0,0.0,0.0,,,,,0.0,0.0,30.0,-2.0800000001486296e-05,2.669999999227457e-05,0.43,86.0,36.5,0
16922,SO-0501,ASI Nidhi Vaghela,ASI,35,2026-07-16 15:03:27+00:00,84.0,85.0,,21.0172399,73.1415951,29.600000381469727,-0.667,0.742,0.204,,0.0,0.0,0.0,,,,,0.0,0.0,30.0,-3.5999999994373866e-06,-3.4999999911633495e-06,0.06,85.0,36.5,0
16927,SO-0501,ASI Nidhi Vaghela,ASI,35,2026-07-16 15:03:58+00:00,88.0,82.0,,21.0172411,73.1415961,29.600000381469727,-0.702,1.133,0.401,,0.0,0.0,0.0,,,,,0.0,0.0,31.0,1.1999999998124622e-06,9.999999974752427e-07,0.02,82.0,36.5,0
16931,SO-0501,ASI Nidhi Vaghela,ASI,35,2026-07-16 15:04:27+00:00,97.0,62.0,,21.017173,73.1415579,29.600000381469727,-0.801,0.803,0.216,,0.0,0.0,0.0,,,,,0.0,0.0,29.0,-6.810000000001537e-05,-3.8200000005872425e-05,1.06,62.0,36.5,2
16937,SO-0501,ASI Nidhi Vaghela,ASI,35,2026-07-16 15:04:58+00:00,93.0,57.0,,21.0171721,73.1415517,29.600000381469727,-1.001,0.645,0.17,,0.0,0.0,0.0,,,,,0.0,0.0,31.0,-8.999999998593466e-07,-6.2000000013995304e-06,0.08,57.0,36.5,2
16942,SO-0501,ASI Nidhi Vaghela,ASI,35,2026-07-16 15:05:30+00:00,83.0,88.0,,21.0172109,73.1415737,29.600000381469727,-0.83,-0.175,-0.367,,0.0,0.0,0.0,,,,,0.0,0.0,32.0,3.879999999867323e-05,2.200000000129876e-05,0.55,88.0,36.5,0
16947,SO-0501,ASI Nidhi Vaghela,ASI,35,2026-07-16 15:05:58+00:00,90.0,86.0,,21.0172296,73.1415425,29.600000381469727,-0.937,-0.153,0.378,,0.0,0.0,0.0,,,,,0.0,0.0,28.0,1.8700000001814487e-05,-3.119999999512402e-05,0.49,86.0,36.5,0
16952,SO-0501,ASI Nidhi Vaghela,ASI,35,2026-07-16 15:06:28+00:00,83.0,81.0,,21.0172702,73.1415682,29.600000381469727,-0.727,-0.529,0.546,,0.0,0.0,0.0,,,,,0.0,0.0,30.0,4.059999999839192e-05,2.5699999994799327e-05,0.63,81.0,36.5,0
16957,SO-0501,ASI Nidhi Vaghela,ASI,35,2026-07-16 15:06:57+00:00,86.0,86.0,,21.0172673,73.1415331,29.600000381469727,-0.676,-0.726,0.141,,0.0,0.0,0.0,,,,,0.0,0.0,29.0,-2.8999999983625457e-06,-3.5099999990961805e-05,0.45,86.0,36.5,0
16962,SO-0501,ASI Nidhi Vaghela,ASI,35,2026-07-16 15:07:27+00:00,90.0,87.0,,21.0172142,73.141572,29.600000381469727,-0.644,-0.271,0.736,,0.0,0.0,0.0,,,,,0.0,0.0,30.0,-5.309999999880688e-05,3.889999999273641e-05,0.86,87.0,36.5,0
16967,SO-0501,ASI Nidhi Vaghela,ASI,35,2026-07-16 15:07:57+00:00,91.0,87.0,,21.0172149,73.1415688,29.600000381469727,-0.777,-0.223,0.719,,0.0,0.0,0.0,,,,,0.0,0.0,30.0,6.999999975221272e-07,-3.1999999947629476e-06,0.04,87.0,36.5,2
16972,SO-0501,ASI Nidhi Vaghela,ASI,35,2026-07-16 15:08:27+00:00,92.0,77.0,,21.0172464,73.141545,29.600000381469727,-0.559,-0.135,0.909,,0.0,0.0,0.0,,,,,0.0,0.0,30.0,3.150000000218256e-05,-2.380000000812288e-05,0.51,77.0,36.5,2
16977,SO-0501,ASI Nidhi Vaghela,ASI,35,2026-07-16 15:08:57+00:00,86.0,87.0,,21.0172562,73.1415807,29.600000381469727,-0.846,-0.123,0.643,,0.0,0.0,0.0,,,,,0.0,0.0,30.0,9.799999997284203e-06,3.570000001218432e-05,0.46,87.0,36.5,0
16982,SO-0501,ASI Nidhi Vaghela,ASI,35,2026-07-16 15:09:28+00:00,94.0,88.0,,21.0172149,73.1415765,29.600000381469727,-0.785,-0.154,0.677,,0.0,0.0,0.0,,,,,0.0,0.0,31.0,-4.129999999946676e-05,-4.200000006449045e-06,0.53,88.0,36.5,2
16987,SO-0501,ASI Nidhi Vaghela,ASI,35,2026-07-16 15:09:58+00:00,92.0,83.0,,21.0173119,73.1415396,31.200000762939453,-0.91,0.267,-0.368,,0.0,0.0,0.0,,,,,0.0,0.0,30.0,9.70000000002358e-05,-3.6899999997785926e-05,1.37,83.0,36.5,2
16992,SO-0501,ASI Nidhi Vaghela,ASI,35,2026-07-16 15:10:30+00:00,89.0,88.0,,21.0145465,73.1344073,31.200000762939453,-0.918,0.026,-0.235,,0.0,0.0,0.0,,,,,0.0,0.0,32.0,-0.0027653999999976,-0.0071322999999949,89.96,88.0,36.5,1
16997,SO-0501,ASI Nidhi Vaghela,ASI,35,2026-07-16 15:11:00+00:00,84.0,85.0,,21.0173057,73.1413685,29.600000381469727,-0.93,1.246,0.219,,0.0,0.0,0.0,,,,,0.0,0.0,30.0,0.0027591999999998,0.0069611999999921,93.96,85.0,36.5,1
17001,SO-0501,ASI Nidhi Vaghela,ASI,35,2026-07-16 15:11:27+00:00,91.0,77.0,,21.0174463,73.1414337,29.600000381469727,-0.095,1.185,0.584,,0.0,0.0,0.0,,,,,0.0,0.0,27.0,0.0001405999999981,6.51999999945474e-05,2.27,77.0,36.5,2
17007,SO-0501,ASI Nidhi Vaghela,ASI,35,2026-07-16 15:11:57+00:00,98.0,75.0,,21.0173113,73.1415346,29.600000381469727,0.029,0.833,0.749,,0.0,0.0,0.0,,,,,0.0,0.0,30.0,-0.0001350000000002,0.0001009000000067,2.19,75.0,36.5,2
17012,SO-0501,ASI Nidhi Vaghela,ASI,35,2026-07-16 15:12:27+00:00,97.0,81.0,,21.0173456,73.1415101,29.600000381469727,-0.575,0.511,0.308,,0.0,0.0,0.0,,,,,0.0,0.0,30.0,3.4299999999376496e-05,-2.4499999994986865e-05,0.55,81.0,36.5,2
17016,SO-0501,ASI Nidhi Vaghela,ASI,35,2026-07-16 15:12:58+00:00,85.0,81.0,,21.0174042,73.1414918,29.600000381469727,-0.135,0.825,0.513,,0.0,0.0,0.0,,,,,0.0,0.0,31.0,5.860000000268428e-05,-1.830000000779819e-05,0.79,81.0,36.5,0
17022,SO-0501,ASI Nidhi Vaghela,ASI,35,2026-07-16 15:13:28+00:00,83.0,77.0,,21.0174182,73.1414855,29.799999237060547,-0.732,0.332,-0.316,,0.0,0.0,0.0,,,,,0.0,0.0,30.0,1.4000000000180536e-05,-6.299999995462713e-06,0.2,77.0,36.5,0
17027,SO-0501,ASI Nidhi Vaghela,ASI,35,2026-07-16 15:13:57+00:00,99.0,88.0,,21.017345,73.1415062,29.600000381469727,0.982,0.018,0.26,,0.0,0.0,0.0,,,,,0.0,0.0,29.0,-7.320000000277105e-05,2.069999999321226e-05,1.04,88.0,36.5,2
17034,SO-0501,ASI Nidhi Vaghela,ASI,35,2026-07-16 15:14:28+00:00,81.0,88.0,,21.0174053,73.1414933,29.600000381469727,-0.586,0.181,0.872,,0.0,0.0,0.0,,,,,0.0,0.0,31.0,6.0300000001234366e-05,-1.2900000001536682e-05,0.79,88.0,36.5,0
17039,SO-0501,ASI Nidhi Vaghela,ASI,35,2026-07-16 15:14:57+00:00,82.0,88.0,,21.0174068,73.1414919,29.600000381469727,-0.609,0.234,0.84,,0.0,0.0,0.0,,,,,0.0,0.0,29.0,1.4999999997655775e-06,-1.399999987938827e-06,0.03,88.0,36.5,0
17046,SO-0501,ASI Nidhi Vaghela,ASI,35,2026-07-16 15:15:27+00:00,96.0,87.0,,21.0174151,73.1414887,29.799999237060547,0.871,-0.378,0.263,,0.0,0.0,0.0,,,,,0.0,0.0,30.0,8.30000000107134e-06,-3.2000000089738023e-06,0.12,87.0,36.5,2
17052,SO-0501,ASI Nidhi Vaghela,ASI,35,2026-07-16 15:15:57+00:00,87.0,88.0,,21.017416,73.1414875,29.799999237060547,-0.253,-0.449,1.009,,0.0,0.0,0.0,,,,,0.0,0.0,30.0,8.999999998593466e-07,-1.1999999998124622e-06,0.02,88.0,36.5,0
17058,SO-0501,ASI Nidhi Vaghela,ASI,35,2026-07-16 15:16:27+00:00,99.0,86.0,,21.0173647,73.1415054,29.799999237060547,1.013,0.176,0.185,,0.0,0.0,0.0,,,,,0.0,0.0,30.0,-5.1299999999088186e-05,1.790000000312375e-05,0.72,86.0,36.5,2
17064,SO-0501,ASI Nidhi Vaghela,ASI,35,2026-07-16 15:16:58+00:00,91.0,88.0,,21.0174188,73.1414852,29.799999237060547,0.378,-0.854,0.358,,0.0,0.0,0.0,,,,,0.0,0.0,31.0,5.409999999983483e-05,-2.019999999447464e-05,0.74,88.0,36.5,2
18135,SO-0501,ASI Nidhi Vaghela,ASI,35,2026-07-16 16:52:11+00:00,88.0,,,21.0196996,73.1425208,48.0,-1.006,0.627,0.034,,0.0,0.0,0.0,,,,,0.0,0.0,5713.0,0.0022807999999976,0.0010355999999944,0.0,88.0,36.5,0
18141,SO-0501,ASI Nidhi Vaghela,ASI,35,2026-07-16 16:52:41+00:00,89.0,86.0,,21.0196996,73.1425208,48.0,-0.206,0.96,0.217,,0.0,0.0,0.0,,,,,0.0,0.0,30.0,0.0,0.0,0.0,86.0,36.5,0
18147,SO-0501,ASI Nidhi Vaghela,ASI,35,2026-07-16 16:53:11+00:00,94.0,84.0,,21.0196996,73.1425208,48.0,-0.228,1.166,0.121,,0.0,0.0,0.0,,,,,0.0,0.0,30.0,0.0,0.0,0.0,84.0,36.5,2
18152,SO-0501,ASI Nidhi Vaghela,ASI,35,2026-07-16 16:53:38+00:00,86.0,56.0,,21.017452,73.1413812,29.600000381469727,-1.239,0.338,-0.428,,0.0,0.0,0.0,,,,,0.0,0.0,27.0,-0.0022476000000004,-0.0011396000000019,36.8,56.0,36.5,1
18158,SO-0501,ASI Nidhi Vaghela,ASI,35,2026-07-16 16:54:08+00:00,84.0,72.0,,21.0173409,73.1415023,29.600000381469727,-0.65,-0.322,0.905,,0.0,0.0,0.0,,,,,0.0,0.0,30.0,-0.000111099999998,0.0001211000000012,2.11,72.0,36.5,0
18164,SO-0501,ASI Nidhi Vaghela,ASI,35,2026-07-16 16:54:39+00:00,99.0,86.0,,21.017344,73.1415079,29.600000381469727,-0.727,0.546,0.453,,0.0,0.0,0.0,,,,,0.0,0.0,31.0,3.1000000006997652e-06,5.599999994387872e-06,0.08,86.0,36.5,2
18170,SO-0501,ASI Nidhi Vaghela,ASI,35,2026-07-16 16:55:08+00:00,91.0,84.0,,21.0176959,73.1404539,29.600000381469727,-0.582,0.717,0.355,,0.0,0.0,0.0,,,,,0.0,0.0,29.0,0.0003518999999982,-0.0010539999999963,14.39,84.0,36.5,1
18176,SO-0501,ASI Nidhi Vaghela,ASI,35,2026-07-16 16:55:38+00:00,82.0,87.0,,21.0170747,73.1386446,28.299999237060547,-0.94,-0.301,0.237,,0.0,0.0,0.0,,,,,0.0,0.0,30.0,-0.0006212000000012,-0.0018092999999907,23.95,87.0,36.5,1
18182,SO-0501,ASI Nidhi Vaghela,ASI,35,2026-07-16 16:56:09+00:00,93.0,88.0,,21.0177822,73.1374353,24.799999237060547,-0.096,0.093,1.118,,0.0,0.0,0.0,,,,,0.0,0.0,31.0,0.0007075000000007,-0.0012092999999993,17.16,88.0,36.5,1
18188,SO-0501,ASI Nidhi Vaghela,ASI,35,2026-07-16 16:56:39+00:00,92.0,88.0,,21.0180207,73.1361788,20.899999618530273,-0.516,0.717,0.547,,0.0,0.0,0.0,,,,,0.0,0.0,30.0,0.0002385000000018,-0.0012565000000108,15.93,88.0,36.5,1
18194,SO-0501,ASI Nidhi Vaghela,ASI,35,2026-07-16 16:57:08+00:00,94.0,88.0,,21.0187443,73.1347716,20.899999618530273,-0.436,0.301,0.925,,0.0,0.0,0.0,,,,,0.0,0.0,29.0,0.0007236000000006,-0.0014072000000027,20.65,88.0,36.5,1
18200,SO-0501,ASI Nidhi Vaghela,ASI,35,2026-07-16 16:57:39+00:00,86.0,87.0,,21.0193065,73.1347973,20.899999618530273,0.271,0.101,1.073,,0.0,0.0,0.0,,,,,0.0,0.0,31.0,0.0005621999999974,2.5700000009010185e-05,7.25,87.0,36.5,1
18206,SO-0501,ASI Nidhi Vaghela,ASI,35,2026-07-16 16:58:10+00:00,89.0,60.0,,21.0192235,73.134685,20.899999618530273,-0.156,0.635,1.253,,0.0,0.0,0.0,,,,,0.0,0.0,31.0,-8.300000000005525e-05,-0.0001122999999978,1.72,60.0,36.5,0
18212,SO-0501,ASI Nidhi Vaghela,ASI,35,2026-07-16 16:58:38+00:00,80.0,86.0,,21.0192844,73.1350191,20.899999618530273,-0.929,-0.556,-0.004,,0.0,0.0,0.0,,,,,0.0,0.0,28.0,6.09000000011406e-05,0.0003340999999892,4.53,86.0,36.5,1
18218,SO-0501,ASI Nidhi Vaghela,ASI,35,2026-07-16 16:59:08+00:00,85.0,86.0,,21.0194016,73.1351212,29.799999237060547,0.011,1.116,0.455,,0.0,0.0,0.0,,,,,0.0,0.0,30.0,0.0001171999999982,0.0001021000000065,2.01,86.0,36.5,0
18224,SO-0501,ASI Nidhi Vaghela,ASI,35,2026-07-16 16:59:39+00:00,85.0,88.0,,21.0194745,73.1353938,21.0,-0.351,0.813,-0.058,,0.0,0.0,0.0,,,,,0.0,0.0,31.0,7.290000000281793e-05,0.0002726000000023,3.41,88.0,36.5,0
18230,SO-0501,ASI Nidhi Vaghela,ASI,35,2026-07-16 17:00:09+00:00,86.0,69.0,,21.019374,73.134831,21.0,-0.92,0.251,-0.387,,0.0,0.0,0.0,,,,,0.0,0.0,30.0,-0.000100500000002,-0.0005627999999973,7.12,69.0,36.5,1
18236,SO-0501,ASI Nidhi Vaghela,ASI,35,2026-07-16 17:00:39+00:00,86.0,69.0,,21.0193505,73.1347924,29.799999237060547,-0.618,-0.617,0.579,,0.0,0.0,0.0,,,,,0.0,0.0,30.0,-2.3499999997511622e-05,-3.8600000010546864e-05,0.57,69.0,36.5,0
18242,SO-0501,ASI Nidhi Vaghela,ASI,35,2026-07-16 17:01:09+00:00,91.0,87.0,,21.0193008,73.1349827,29.799999237060547,-0.195,1.196,0.524,,0.0,0.0,0.0,,,,,0.0,0.0,30.0,-4.970000000170671e-05,0.0001902999999998,2.45,87.0,36.5,2
18248,SO-0501,ASI Nidhi Vaghela,ASI,35,2026-07-16 17:01:39+00:00,94.0,76.0,,21.0193475,73.1347705,29.799999237060547,-0.724,0.683,-0.052,,0.0,0.0,0.0,,,,,0.0,0.0,30.0,4.669999999862284e-05,-0.0002121999999928,2.71,76.0,36.5,2
18254,SO-0501,ASI Nidhi Vaghela,ASI,35,2026-07-16 17:02:09+00:00,94.0,70.0,,21.0193481,73.134771,29.799999237060547,-0.802,0.107,0.602,,0.0,0.0,0.0,,,,,0.0,0.0,30.0,5.999999999062311e-07,4.999999987376214e-07,0.01,70.0,36.5,2
18260,SO-0501,ASI Nidhi Vaghela,ASI,35,2026-07-16 17:02:39+00:00,94.0,77.0,,21.0193482,73.1347707,29.799999237060547,-0.802,0.084,0.563,,0.0,0.0,0.0,,,,,0.0,0.0,30.0,1.0000000116860974e-07,-2.999999964004019e-07,0.0,77.0,36.5,2
18266,SO-0501,ASI Nidhi Vaghela,ASI,35,2026-07-16 17:03:09+00:00,85.0,77.0,,21.0193474,73.1347711,29.799999237060547,-1.393,-0.114,-0.029,,0.0,0.0,0.0,,,,,0.0,0.0,30.0,-7.999999986907369e-07,3.9999999046358425e-07,0.01,77.0,36.5,0
18272,SO-0501,ASI Nidhi Vaghela,ASI,35,2026-07-16 17:03:39+00:00,83.0,82.0,,21.0193482,73.1347707,29.799999237060547,-1.384,-0.047,-0.944,,0.0,0.0,0.0,,,,,0.0,0.0,30.0,7.999999986907369e-07,-3.9999999046358425e-07,0.01,82.0,36.5,0
18278,SO-0501,ASI Nidhi Vaghela,ASI,35,2026-07-16 17:04:09+00:00,94.0,81.0,,21.0193482,73.1347707,29.799999237060547,-0.618,0.848,-0.39,,0.0,0.0,0.0,,,,,0.0,0.0,30.0,0.0,0.0,0.0,81.0,36.5,2
18284,SO-0501,ASI Nidhi Vaghela,ASI,35,2026-07-16 17:04:39+00:00,94.0,57.0,,21.0193481,73.134771,29.799999237060547,-0.025,-0.375,0.224,,0.0,0.0,0.0,,,,,0.0,0.0,30.0,-1.0000000116860974e-07,2.999999964004019e-07,0.0,57.0,36.5,1
18289,SO-0501,ASI Nidhi Vaghela,ASI,35,2026-07-16 17:05:09+00:00,85.0,87.0,,21.0193481,73.134771,29.799999237060547,-0.609,0.855,0.094,,0.0,0.0,0.0,,,,,0.0,0.0,30.0,0.0,0.0,0.0,87.0,36.5,1
18294,SO-0501,ASI Nidhi Vaghela,ASI,35,2026-07-16 17:05:39+00:00,83.0,75.0,,21.0193474,73.1347711,29.799999237060547,-0.107,0.666,-0.037,,0.0,0.0,0.0,,,,,0.0,0.0,30.0,-6.999999975221272e-07,9.999999406318238e-08,0.01,75.0,36.5,1
18299,SO-0501,ASI Nidhi Vaghela,ASI,35,2026-07-16 17:06:09+00:00,87.0,80.0,,21.0193462,73.1347702,29.799999237060547,-0.981,-0.022,0.254,,0.0,0.0,0.0,,,,,0.0,0.0,30.0,-1.1999999998124622e-06,-8.999999892012056e-07,0.02,80.0,36.5,0
18304,SO-0501,ASI Nidhi Vaghela,ASI,35,2026-07-16 17:06:39+00:00,89.0,69.0,,21.0193462,73.1347702,29.799999237060547,-0.2,0.831,0.3,,0.0,0.0,0.0,,,,,0.0,0.0,30.0,0.0,0.0,0.0,69.0,36.5,0
18320,SO-0501,ASI Nidhi Vaghela,ASI,35,2026-07-16 17:08:24+00:00,91.0,83.0,,21.0193482,73.1347708,29.799999237060547,-0.32,1.09,0.084,,0.0,0.0,0.0,,,,,0.0,0.0,105.0,1.999999998503199e-06,5.999999928008037e-07,0.01,83.0,36.5,2
18322,SO-0501,ASI Nidhi Vaghela,ASI,35,2026-07-16 17:08:37+00:00,87.0,62.0,,21.0193482,73.1347708,29.799999237060547,-0.798,0.635,-0.534,,0.0,0.0,0.0,,,,,0.0,0.0,13.0,0.0,0.0,0.0,62.0,36.5,0
18327,SO-0501,ASI Nidhi Vaghela,ASI,35,2026-07-16 17:09:09+00:00,89.0,88.0,,21.0193477,73.1347711,29.799999237060547,-0.665,0.64,0.045,,0.0,0.0,0.0,,,,,0.0,0.0,32.0,-4.999999987376214e-07,2.999999964004019e-07,0.01,88.0,36.5,0
18333,SO-0501,ASI Nidhi Vaghela,ASI,35,2026-07-16 17:09:41+00:00,96.0,88.0,,21.0193477,73.1347711,29.799999237060547,0.106,-0.026,1.089,,0.0,0.0,0.0,,,,,0.0,0.0,32.0,0.0,0.0,0.0,88.0,36.5,2
18338,SO-0501,ASI Nidhi Vaghela,ASI,35,2026-07-16 17:10:11+00:00,96.0,,,21.0193461,73.1347694,29.799999237060547,0.112,-0.029,1.087,,0.0,0.0,0.0,,,,,0.0,0.0,30.0,-1.6000000009341877e-06,-1.6999999985500835e-06,0.03,88.0,36.5,2
18342,SO-0501,ASI Nidhi Vaghela,ASI,35,2026-07-16 17:10:39+00:00,96.0,,,21.0193474,73.1347711,29.799999237060547,0.121,-0.027,1.091,,0.0,0.0,0.0,,,,,0.0,0.0,28.0,1.300000000981072e-06,1.6999999985500835e-06,0.03,88.0,36.5,2
18347,SO-0501,ASI Nidhi Vaghela,ASI,35,2026-07-16 17:11:08+00:00,96.0,88.0,,21.0193481,73.134771,29.799999237060547,0.124,0.003,1.085,,0.0,0.0,0.0,,,,,0.0,0.0,29.0,6.999999975221272e-07,-9.999999406318238e-08,0.01,88.0,36.5,2
18352,SO-0501,ASI Nidhi Vaghela,ASI,35,2026-07-16 17:11:38+00:00,96.0,,,21.0193477,73.1347711,29.799999237060547,0.123,0.003,1.089,,0.0,0.0,0.0,,,,,0.0,0.0,30.0,-3.999999975690116e-07,9.999999406318238e-08,0.01,88.0,36.5,2
18358,SO-0501,ASI Nidhi Vaghela,ASI,35,2026-07-16 17:12:11+00:00,85.0,61.0,,21.0193477,73.1347711,29.799999237060547,0.121,0.008,1.088,,0.0,0.0,0.0,,,,,0.0,0.0,33.0,0.0,0.0,0.0,61.0,36.5,0
18362,SO-0501,ASI Nidhi Vaghela,ASI,35,2026-07-16 17:12:41+00:00,85.0,84.0,,21.0193467,73.1347707,29.799999237060547,0.118,0.002,1.086,,0.0,0.0,0.0,,,,,0.0,0.0,30.0,-1.0000000010279564e-06,-3.9999999046358425e-07,0.01,84.0,36.5,0
18365,SO-0501,ASI Nidhi Vaghela,ASI,35,2026-07-16 17:13:08+00:00,85.0,,,21.0193477,73.1347711,29.799999237060547,0.117,0.001,1.091,,0.0,0.0,0.0,,,,,0.0,0.0,27.0,1.0000000010279564e-06,3.9999999046358425e-07,0.02,84.0,36.5,0
18369,SO-0501,ASI Nidhi Vaghela,ASI,35,2026-07-16 17:13:38+00:00,85.0,85.0,,21.0193482,73.1347708,29.799999237060547,0.121,0.003,1.084,,0.0,0.0,0.0,,,,,0.0,0.0,30.0,4.999999987376214e-07,-2.999999964004019e-07,0.01,85.0,36.5,0
18374,SO-0501,ASI Nidhi Vaghela,ASI,35,2026-07-16 17:14:11+00:00,85.0,,,21.0193482,73.1347708,29.799999237060547,0.12,0.003,1.088,,0.0,0.0,0.0,,,,,0.0,0.0,33.0,0.0,0.0,0.0,85.0,36.5,0
18378,SO-0501,ASI Nidhi Vaghela,ASI,35,2026-07-16 17:14:41+00:00,85.0,,,21.0193451,73.1347677,29.799999237060547,0.119,0.003,1.084,,0.0,0.0,0.0,,,,,0.0,0.0,30.0,-3.1000000006997652e-06,-3.1000000006997652e-06,0.06,85.0,36.5,0
18381,SO-0501,ASI Nidhi Vaghela,ASI,35,2026-07-16 17:15:08+00:00,85.0,,,21.0193466,73.1347706,29.799999237060547,0.115,0.003,1.087,,0.0,0.0,0.0,,,,,0.0,0.0,27.0,1.4999999997655775e-06,2.8999999983625457e-06,0.05,85.0,36.5,0
18385,SO-0501,ASI Nidhi Vaghela,ASI,35,2026-07-16 17:15:38+00:00,85.0,,,21.0193455,73.1347687,29.799999237060547,0.116,0.003,1.085,,0.0,0.0,0.0,,,,,0.0,0.0,30.0,-1.0999999986438525e-06,-1.900000000887303e-06,0.03,85.0,36.5,0
18389,SO-0501,ASI Nidhi Vaghela,ASI,35,2026-07-16 17:16:08+00:00,85.0,,,21.0193455,73.1347687,29.799999237060547,0.119,0.011,1.083,,0.0,0.0,0.0,,,,,0.0,0.0,30.0,0.0,0.0,0.0,85.0,36.5,0
18393,SO-0501,ASI Nidhi Vaghela,ASI,35,2026-07-16 17:16:38+00:00,85.0,,,21.0193459,73.1347695,29.799999237060547,0.12,0.005,1.086,,0.0,0.0,0.0,,,,,0.0,0.0,30.0,4.000000011217253e-07,8.000000093488779e-07,0.01,85.0,36.5,0
18397,SO-0501,ASI Nidhi Vaghela,ASI,35,2026-07-16 17:17:08+00:00,85.0,,,21.0193466,73.1347706,29.799999237060547,0.121,0.009,1.08,,0.0,0.0,0.0,,,,,0.0,0.0,30.0,6.999999975221272e-07,1.099999991538425e-06,0.02,85.0,36.5,0
18402,SO-0501,ASI Nidhi Vaghela,ASI,35,2026-07-16 17:17:41+00:00,85.0,,,21.0193466,73.1347706,29.799999237060547,0.123,-0.001,1.09,,0.0,0.0,0.0,,,,,0.0,0.0,33.0,0.0,0.0,0.0,85.0,36.5,0
18405,SO-0501,ASI Nidhi Vaghela,ASI,35,2026-07-16 17:18:08+00:00,85.0,,,21.0193455,73.1347687,29.799999237060547,0.123,0.005,1.089,,0.0,0.0,0.0,,,,,0.0,0.0,27.0,-1.0999999986438525e-06,-1.900000000887303e-06,0.03,85.0,36.5,0
18408,SO-0501,ASI Nidhi Vaghela,ASI,35,2026-07-16 17:18:38+00:00,85.0,,,21.0193482,73.1347707,29.799999237060547,0.12,0.003,1.085,,0.0,0.0,0.0,,,,,0.0,0.0,30.0,2.69999999957804e-06,2.00000000916134e-06,0.04,85.0,36.5,0
18412,SO-0501,ASI Nidhi Vaghela,ASI,35,2026-07-16 17:19:08+00:00,85.0,,,21.0193481,73.134771,29.799999237060547,0.123,0.004,1.088,,0.0,0.0,0.0,,,,,0.0,0.0,30.0,-1.0000000116860974e-07,2.999999964004019e-07,0.0,85.0,36.5,0
18416,SO-0501,ASI Nidhi Vaghela,ASI,35,2026-07-16 17:19:38+00:00,85.0,,,21.0193481,73.134771,29.799999237060547,0.12,0.005,1.086,,0.0,0.0,0.0,,,,,0.0,0.0,30.0,0.0,0.0,0.0,85.0,36.5,0
18420,SO-0501,ASI Nidhi Vaghela,ASI,35,2026-07-16 17:20:08+00:00,85.0,,,21.0193481,73.134771,29.799999237060547,0.126,0.005,1.087,,0.0,0.0,0.0,,,,,0.0,0.0,30.0,0.0,0.0,0.0,85.0,36.5,0
18425,SO-0501,ASI Nidhi Vaghela,ASI,35,2026-07-16 17:20:41+00:00,85.0,,,21.0193481,73.134771,29.799999237060547,0.125,0.007,1.087,,0.0,0.0,0.0,,,,,0.0,0.0,33.0,0.0,0.0,0.0,85.0,36.5,0
18429,SO-0501,ASI Nidhi Vaghela,ASI,35,2026-07-16 17:21:11+00:00,85.0,,,21.0193512,73.1347409,29.799999237060547,0.117,0.003,1.091,,0.0,0.0,0.0,,,,,0.0,0.0,30.0,3.1000000006997652e-06,-3.0100000003585592e-05,0.38,85.0,36.5,0
18432,SO-0501,ASI Nidhi Vaghela,ASI,35,2026-07-16 17:21:38+00:00,85.0,,,21.0193509,73.1347405,29.799999237060547,0.124,0.004,1.091,,0.0,0.0,0.0,,,,,0.0,0.0,27.0,-2.999999999531156e-07,-3.9999999046358425e-07,0.01,85.0,36.5,0
18436,SO-0501,ASI Nidhi Vaghela,ASI,35,2026-07-16 17:22:08+00:00,85.0,,,21.0193474,73.1347711,29.799999237060547,0.123,0.004,1.084,,0.0,0.0,0.0,,,,,0.0,0.0,30.0,-3.499999998268777e-06,3.059999998811236e-05,0.38,85.0,36.5,0
18440,SO-0501,ASI Nidhi Vaghela,ASI,35,2026-07-16 17:22:38+00:00,85.0,,,21.0193482,73.1347707,29.799999237060547,0.121,0.008,1.08,,0.0,0.0,0.0,,,,,0.0,0.0,30.0,7.999999986907369e-07,-3.9999999046358425e-07,0.01,85.0,36.5,0
18444,SO-0501,ASI Nidhi Vaghela,ASI,35,2026-07-16 17:23:08+00:00,85.0,,,21.0193482,73.1347708,29.799999237060547,0.12,0.001,1.094,,0.0,0.0,0.0,,,,,0.0,0.0,30.0,0.0,9.999999406318238e-08,0.0,85.0,36.5,0
18448,SO-0501,ASI Nidhi Vaghela,ASI,35,2026-07-16 17:23:38+00:00,85.0,,,21.0193481,73.134771,29.799999237060547,0.124,-0.004,1.091,,0.0,0.0,0.0,,,,,0.0,0.0,30.0,-1.0000000116860974e-07,2.0000000233721948e-07,0.0,85.0,36.5,0
18452,SO-0501,ASI Nidhi Vaghela,ASI,35,2026-07-16 17:24:08+00:00,85.0,,,21.0193462,73.1347702,29.799999237060547,0.123,0.005,1.088,,0.0,0.0,0.0,,,,,0.0,0.0,30.0,-1.8999999973345896e-06,-7.999999951380232e-07,0.03,85.0,36.5,0
18458,SO-0501,ASI Nidhi Vaghela,ASI,35,2026-07-16 17:24:41+00:00,85.0,,,21.0193462,73.1347702,29.799999237060547,0.127,0.001,1.088,,0.0,0.0,0.0,,,,,0.0,0.0,33.0,0.0,0.0,0.0,85.0,36.5,0
18462,SO-0501,ASI Nidhi Vaghela,ASI,35,2026-07-16 17:25:11+00:00,85.0,,,21.019345,73.1347666,29.799999237060547,0.124,0.005,1.086,,0.0,0.0,0.0,,,,,0.0,0.0,30.0,-1.1999999998124622e-06,-3.5999999994373866e-06,0.05,85.0,36.5,0
18464,SO-0501,ASI Nidhi Vaghela,ASI,35,2026-07-16 17:25:38+00:00,85.0,,,21.0194384,73.1348936,29.799999237060547,0.123,0.001,1.076,,0.0,0.0,0.0,,,,,0.0,0.0,27.0,9.339999999724569e-05,0.0001269999999919,2.23,85.0,36.5,0
18469,SO-0501,ASI Nidhi Vaghela,ASI,35,2026-07-16 17:26:11+00:00,85.0,,,21.0224095,73.1336697,29.799999237060547,0.119,0.005,1.086,,0.0,0.0,0.0,,,,,0.0,0.0,33.0,0.0029710999999998,-0.0012238999999993,38.54,85.0,36.5,1
18472,SO-0501,ASI Nidhi Vaghela,ASI,35,2026-07-16 17:26:40+00:00,85.0,,,21.0194663,73.1348636,29.799999237060547,0.122,0.0,1.091,,0.0,0.0,0.0,,,,,0.0,0.0,29.0,-0.0029431999999971,0.001193900000004,43.36,85.0,36.5,1
18476,SO-0501,ASI Nidhi Vaghela,ASI,35,2026-07-16 17:27:08+00:00,85.0,,,21.0193474,73.1347711,29.799999237060547,0.12,0.006,1.089,,0.0,0.0,0.0,,,,,0.0,0.0,28.0,-0.0001189000000003,-9.250000000804448e-05,2.1,85.0,36.5,0
18480,SO-0501,ASI Nidhi Vaghela,ASI,35,2026-07-16 17:27:38+00:00,85.0,,,21.0193482,73.1347708,29.799999237060547,0.119,0.002,1.085,,0.0,0.0,0.0,,,,,0.0,0.0,30.0,7.999999986907369e-07,-2.999999964004019e-07,0.01,85.0,36.5,0
18485,SO-0501,ASI Nidhi Vaghela,ASI,35,2026-07-16 17:28:11+00:00,85.0,,,21.0224095,73.1336697,29.799999237060547,0.123,0.002,1.086,,0.0,0.0,0.0,,,,,0.0,0.0,33.0,0.0030612999999988,-0.0011010999999996,39.1,85.0,36.5,1
18489,SO-0501,ASI Nidhi Vaghela,ASI,35,2026-07-16 17:28:41+00:00,85.0,,,21.0194482,73.1348977,29.799999237060547,0.125,0.008,1.086,,0.0,0.0,0.0,,,,,0.0,0.0,30.0,-0.002961299999999,0.0012279999999975,42.29,85.0,36.5,1
18492,SO-0501,ASI Nidhi Vaghela,ASI,35,2026-07-16 17:29:08+00:00,85.0,,,21.0193466,73.1347706,29.799999237060547,0.142,0.009,1.104,,0.0,0.0,0.0,,,,,0.0,0.0,27.0,-0.0001016000000007,-0.0001271000000002,2.31,85.0,36.5,0
18496,SO-0501,ASI Nidhi Vaghela,ASI,35,2026-07-16 17:29:38+00:00,85.0,,,21.0193466,73.1347706,29.799999237060547,-0.69,-0.747,-0.372,,0.0,0.0,0.0,,,,,0.0,0.0,30.0,0.0,0.0,0.0,85.0,36.5,0
18500,SO-0501,ASI Nidhi Vaghela,ASI,35,2026-07-16 17:30:08+00:00,94.0,88.0,,21.0193466,73.1347706,29.799999237060547,-0.336,0.941,-0.753,,0.0,0.0,0.0,,,,,0.0,0.0,30.0,0.0,0.0,0.0,88.0,36.5,2
18504,SO-0501,ASI Nidhi Vaghela,ASI,35,2026-07-16 17:30:39+00:00,87.0,73.0,,21.0193462,73.1347702,29.799999237060547,-0.469,0.285,0.914,,0.0,0.0,0.0,,,,,0.0,0.0,31.0,-3.999999975690116e-07,-3.9999999046358425e-07,0.01,73.0,36.5,0
18508,SO-0501,ASI Nidhi Vaghela,ASI,35,2026-07-16 17:31:09+00:00,94.0,87.0,,21.0193481,73.134771,29.799999237060547,0.032,0.874,0.606,,0.0,0.0,0.0,,,,,0.0,0.0,30.0,1.8999999973345896e-06,7.999999951380232e-07,0.03,87.0,36.5,2
18512,SO-0501,ASI Nidhi Vaghela,ASI,35,2026-07-16 17:31:38+00:00,84.0,88.0,,21.0193481,73.134771,29.799999237060547,-0.121,0.823,0.645,,0.0,0.0,0.0,,,,,0.0,0.0,29.0,0.0,0.0,0.0,88.0,36.5,0
18516,SO-0501,ASI Nidhi Vaghela,ASI,35,2026-07-16 17:32:08+00:00,86.0,88.0,,21.0193481,73.134771,29.799999237060547,0.198,0.885,0.516,,0.0,0.0,0.0,,,,,0.0,0.0,30.0,0.0,0.0,0.0,88.0,36.5,0
18520,SO-0501,ASI Nidhi Vaghela,ASI,35,2026-07-16 17:32:38+00:00,83.0,85.0,,21.0193474,73.1347711,29.799999237060547,-1.002,-0.067,0.28,,0.0,0.0,0.0,,,,,0.0,0.0,30.0,-6.999999975221272e-07,9.999999406318238e-08,0.01,85.0,36.5,0
18524,SO-0501,ASI Nidhi Vaghela,ASI,35,2026-07-16 17:33:08+00:00,81.0,85.0,,21.0193477,73.1347711,29.799999237060547,-0.735,-0.59,-0.318,,0.0,0.0,0.0,,,,,0.0,0.0,30.0,2.999999999531156e-07,0.0,0.0,85.0,36.5,0
18529,SO-0501,ASI Nidhi Vaghela,ASI,35,2026-07-16 17:33:41+00:00,88.0,88.0,,21.0193477,73.1347711,29.799999237060547,-0.462,-0.531,0.79,,0.0,0.0,0.0,,,,,0.0,0.0,33.0,0.0,0.0,0.0,88.0,36.5,0
18532,SO-0501,ASI Nidhi Vaghela,ASI,35,2026-07-16 17:34:08+00:00,88.0,88.0,,21.0193474,73.1347711,29.799999237060547,-0.912,-0.333,0.149,,0.0,0.0,0.0,,,,,0.0,0.0,27.0,-2.999999999531156e-07,0.0,0.0,88.0,36.5,0
18537,SO-0501,ASI Nidhi Vaghela,ASI,35,2026-07-16 17:34:41+00:00,87.0,86.0,,21.0193482,73.1347708,29.799999237060547,-0.43,-0.445,0.878,,0.0,0.0,0.0,,,,,0.0,0.0,33.0,7.999999986907369e-07,-2.999999964004019e-07,0.01,86.0,36.5,0
18541,SO-0501,ASI Nidhi Vaghela,ASI,35,2026-07-16 17:35:11+00:00,82.0,84.0,,21.0255445,73.1325632,29.799999237060547,-0.558,-0.871,0.422,,0.0,0.0,0.0,,,,,0.0,0.0,30.0,0.0061962999999991,-0.0022075999999913,86.97,84.0,36.5,1
18544,SO-0501,ASI Nidhi Vaghela,ASI,35,2026-07-16 17:35:38+00:00,99.0,88.0,,21.0193474,73.1347711,29.799999237060547,-0.779,-0.337,-0.395,,0.0,0.0,0.0,,,,,0.0,0.0,27.0,-0.0061970999999978,0.0022078999999877,96.65,88.0,36.5,1
18548,SO-0501,ASI Nidhi Vaghela,ASI,35,2026-07-16 17:36:10+00:00,86.0,88.0,,21.0193462,73.1347702,29.799999237060547,-0.851,-0.268,-0.343,,0.0,0.0,0.0,,,,,0.0,0.0,32.0,-1.1999999998124622e-06,-8.999999892012056e-07,0.02,88.0,36.5,0
18552,SO-0501,ASI Nidhi Vaghela,ASI,35,2026-07-16 17:36:39+00:00,86.0,87.0,,21.0193481,73.134771,29.799999237060547,-0.836,-0.27,-0.373,,0.0,0.0,0.0,,,,,0.0,0.0,29.0,1.8999999973345896e-06,7.999999951380232e-07,0.03,87.0,36.5,0
18556,SO-0501,ASI Nidhi Vaghela,ASI,35,2026-07-16 17:37:08+00:00,86.0,88.0,,21.0193481,73.134771,29.799999237060547,-0.848,-0.266,-0.343,,0.0,0.0,0.0,,,,,0.0,0.0,29.0,0.0,0.0,0.0,88.0,36.5,0
18562,SO-0501,ASI Nidhi Vaghela,ASI,35,2026-07-16 17:37:41+00:00,85.0,87.0,,21.0224095,73.1336697,29.799999237060547,-0.871,-0.251,-0.321,,0.0,0.0,0.0,,,,,0.0,0.0,33.0,0.0030613999999999,-0.0011013000000019,39.1,87.0,36.5,1
18564,SO-0501,ASI Nidhi Vaghela,ASI,35,2026-07-16 17:38:08+00:00,85.0,88.0,,21.019347,73.1347709,29.799999237060547,-0.852,-0.242,-0.38,,0.0,0.0,0.0,,,,,0.0,0.0,27.0,-0.0030624999999986,0.0011012000000079,47.81,88.0,36.5,1
18568,SO-0501,ASI Nidhi Vaghela,ASI,35,2026-07-16 17:38:38+00:00,85.0,87.0,,21.0193482,73.1347708,29.799999237060547,-0.839,-0.238,-0.385,,0.0,0.0,0.0,,,,,0.0,0.0,30.0,1.1999999998124622e-06,-1.000000082740371e-07,0.02,87.0,36.5,0
18572,SO-0501,ASI Nidhi Vaghela,ASI,35,2026-07-16 17:39:08+00:00,85.0,88.0,,21.0193474,73.1347711,29.799999237060547,-0.854,-0.255,-0.355,,0.0,0.0,0.0,,,,,0.0,0.0,30.0,-7.999999986907369e-07,2.999999964004019e-07,0.01,88.0,36.5,0
18576,SO-0501,ASI Nidhi Vaghela,ASI,35,2026-07-16 17:39:41+00:00,82.0,88.0,,21.0193474,73.1347711,29.799999237060547,-0.83,-0.249,-0.386,,0.0,0.0,0.0,,,,,0.0,0.0,33.0,0.0,0.0,0.0,88.0,36.5,0
18581,SO-0501,ASI Nidhi Vaghela,ASI,35,2026-07-16 17:40:11+00:00,83.0,88.0,,21.0193482,73.1347708,29.799999237060547,-0.888,-0.19,-0.334,,0.0,0.0,0.0,,,,,0.0,0.0,30.0,7.999999986907369e-07,-2.999999964004019e-07,0.01,88.0,36.5,0
18584,SO-0501,ASI Nidhi Vaghela,ASI,35,2026-07-16 17:40:38+00:00,88.0,88.0,,21.0193482,73.1347707,29.799999237060547,-0.859,-0.226,-0.36,,0.0,0.0,0.0,,,,,0.0,0.0,27.0,0.0,-9.999999406318238e-08,0.0,88.0,36.5,0
18588,SO-0501,ASI Nidhi Vaghela,ASI,35,2026-07-16 17:41:08+00:00,88.0,72.0,,21.0193482,73.1347707,29.799999237060547,-0.849,-0.236,-0.37,,0.0,0.0,0.0,,,,,0.0,0.0,30.0,0.0,0.0,0.0,72.0,36.5,0
18592,SO-0501,ASI Nidhi Vaghela,ASI,35,2026-07-16 17:41:38+00:00,82.0,88.0,,21.0193482,73.1347708,29.799999237060547,-0.912,-0.239,-0.255,,0.0,0.0,0.0,,,,,0.0,0.0,30.0,0.0,9.999999406318238e-08,0.0,88.0,36.5,0
18596,SO-0501,ASI Nidhi Vaghela,ASI,35,2026-07-16 17:42:08+00:00,87.0,85.0,,21.019347,73.1347709,29.799999237060547,-0.864,-0.224,-0.345,,0.0,0.0,0.0,,,,,0.0,0.0,30.0,-1.1999999998124622e-06,1.000000082740371e-07,0.02,85.0,36.5,0
18600,SO-0501,ASI Nidhi Vaghela,ASI,35,2026-07-16 17:42:39+00:00,83.0,86.0,,21.0193477,73.1347711,29.799999237060547,-0.874,-0.233,-0.294,,0.0,0.0,0.0,,,,,0.0,0.0,31.0,7.000000010748408e-07,1.9999998812636477e-07,0.01,86.0,36.5,0
18604,SO-0501,ASI Nidhi Vaghela,ASI,35,2026-07-16 17:43:08+00:00,83.0,88.0,,21.0193477,73.1347711,29.799999237060547,-0.854,-0.211,-0.388,,0.0,0.0,0.0,,,,,0.0,0.0,29.0,0.0,0.0,0.0,88.0,36.5,0
18608,SO-0501,ASI Nidhi Vaghela,ASI,35,2026-07-16 17:43:38+00:00,83.0,79.0,,21.0193482,73.1347708,29.799999237060547,-0.863,-0.228,-0.365,,0.0,0.0,0.0,,,,,0.0,0.0,30.0,4.999999987376214e-07,-2.999999964004019e-07,0.01,79.0,36.5,0
18612,SO-0501,ASI Nidhi Vaghela,ASI,35,2026-07-16 17:44:08+00:00,83.0,88.0,,21.0193477,73.1347711,29.799999237060547,-0.894,-0.235,-0.264,,0.0,0.0,0.0,,,,,0.0,0.0,30.0,-4.999999987376214e-07,2.999999964004019e-07,0.01,88.0,36.5,0
18616,SO-0501,ASI Nidhi Vaghela,ASI,35,2026-07-16 17:44:38+00:00,97.0,87.0,,21.019347,73.1347709,29.799999237060547,-0.936,-0.211,-0.21,,0.0,0.0,0.0,,,,,0.0,0.0,30.0,-7.000000010748408e-07,-1.9999998812636477e-07,0.01,87.0,36.5,2
18620,SO-0501,ASI Nidhi Vaghela,ASI,35,2026-07-16 17:45:08+00:00,86.0,88.0,,21.0193477,73.1347711,29.799999237060547,-0.925,-0.234,-0.194,,0.0,0.0,0.0,,,,,0.0,0.0,30.0,7.000000010748408e-07,1.9999998812636477e-07,0.01,88.0,36.5,0
18624,SO-0501,ASI Nidhi Vaghela,ASI,35,2026-07-16 17:45:38+00:00,86.0,88.0,,21.0193474,73.1347711,29.799999237060547,-0.899,-0.242,-0.249,,0.0,0.0,0.0,,,,,0.0,0.0,30.0,-2.999999999531156e-07,0.0,0.0,88.0,36.5,0
18628,SO-0501,ASI Nidhi Vaghela,ASI,35,2026-07-16 17:46:08+00:00,86.0,88.0,,21.019347,73.1347709,29.799999237060547,-0.89,-0.25,-0.274,,0.0,0.0,0.0,,,,,0.0,0.0,30.0,-4.000000011217253e-07,-1.9999998812636477e-07,0.01,88.0,36.5,0
18632,SO-0501,ASI Nidhi Vaghela,ASI,35,2026-07-16 17:46:38+00:00,86.0,88.0,,21.019347,73.1347709,29.799999237060547,-1.004,-0.171,-0.042,,0.0,0.0,0.0,,,,,0.0,0.0,30.0,0.0,0.0,0.0,88.0,36.5,0
18636,SO-0501,ASI Nidhi Vaghela,ASI,35,2026-07-16 17:47:09+00:00,86.0,87.0,,21.0193481,73.134771,29.799999237060547,-0.915,-0.261,-0.264,,0.0,0.0,0.0,,,,,0.0,0.0,31.0,1.0999999986438525e-06,9.999999406318238e-08,0.01,87.0,36.5,0
18640,SO-0501,ASI Nidhi Vaghela,ASI,35,2026-07-16 17:47:39+00:00,82.0,88.0,,21.0193481,73.134771,29.799999237060547,-0.847,-0.261,-0.351,,0.0,0.0,0.0,,,,,0.0,0.0,30.0,0.0,0.0,0.0,88.0,36.5,0
18644,SO-0501,ASI Nidhi Vaghela,ASI,35,2026-07-16 17:48:09+00:00,82.0,88.0,,21.0193481,73.134771,29.799999237060547,-0.865,-0.282,-0.322,,0.0,0.0,0.0,,,,,0.0,0.0,30.0,0.0,0.0,0.0,88.0,36.5,0
18648,SO-0501,ASI Nidhi Vaghela,ASI,35,2026-07-16 17:48:39+00:00,84.0,88.0,,21.019347,73.1347709,29.799999237060547,-0.864,-0.269,-0.353,,0.0,0.0,0.0,,,,,0.0,0.0,30.0,-1.0999999986438525e-06,-9.999999406318238e-08,0.01,88.0,36.5,0
18652,SO-0501,ASI Nidhi Vaghela,ASI,35,2026-07-16 17:49:08+00:00,88.0,88.0,,21.0193481,73.134771,29.799999237060547,-0.887,-0.243,-0.29,,0.0,0.0,0.0,,,,,0.0,0.0,29.0,1.0999999986438525e-06,9.999999406318238e-08,0.02,88.0,36.5,0
18656,SO-0501,ASI Nidhi Vaghela,ASI,35,2026-07-16 17:49:38+00:00,82.0,88.0,,21.0193481,73.134771,29.799999237060547,-0.986,-0.236,-0.086,,0.0,0.0,0.0,,,,,0.0,0.0,30.0,0.0,0.0,0.0,88.0,36.5,0
18660,SO-0501,ASI Nidhi Vaghela,ASI,35,2026-07-16 17:50:08+00:00,95.0,62.0,,21.0193481,73.134771,29.799999237060547,-0.594,-0.448,0.745,,0.0,0.0,0.0,,,,,0.0,0.0,30.0,0.0,0.0,0.0,62.0,36.5,2
18664,SO-0501,ASI Nidhi Vaghela,ASI,35,2026-07-16 17:50:38+00:00,84.0,88.0,,21.0193481,73.134771,29.799999237060547,-0.759,-0.313,0.636,,0.0,0.0,0.0,,,,,0.0,0.0,30.0,0.0,0.0,0.0,88.0,36.5,0
18668,SO-0501,ASI Nidhi Vaghela,ASI,35,2026-07-16 17:51:08+00:00,94.0,86.0,,21.0193474,73.1347711,29.799999237060547,-0.31,-0.653,-0.6,,0.0,0.0,0.0,,,,,0.0,0.0,30.0,-6.999999975221272e-07,9.999999406318238e-08,0.01,86.0,36.5,2
18672,SO-0501,ASI Nidhi Vaghela,ASI,35,2026-07-16 17:51:38+00:00,87.0,81.0,,21.0193481,73.134771,29.799999237060547,-0.346,-0.667,-0.575,,0.0,0.0,0.0,,,,,0.0,0.0,30.0,6.999999975221272e-07,-9.999999406318238e-08,0.01,81.0,36.5,0
18676,SO-0501,ASI Nidhi Vaghela,ASI,35,2026-07-16 17:52:08+00:00,87.0,84.0,,21.0193474,73.1347711,29.799999237060547,-0.345,-0.664,-0.583,,0.0,0.0,0.0,,,,,0.0,0.0,30.0,-6.999999975221272e-07,9.999999406318238e-08,0.01,84.0,36.5,0
18680,SO-0501,ASI Nidhi Vaghela,ASI,35,2026-07-16 17:52:38+00:00,87.0,61.0,,21.019347,73.1347709,29.799999237060547,-0.736,-0.332,0.668,,0.0,0.0,0.0,,,,,0.0,0.0,30.0,-4.000000011217253e-07,-1.9999998812636477e-07,0.01,61.0,36.5,0
18684,SO-0501,ASI Nidhi Vaghela,ASI,35,2026-07-16 17:53:08+00:00,86.0,88.0,,21.0193474,73.1347711,29.799999237060547,-0.533,-0.429,-0.714,,0.0,0.0,0.0,,,,,0.0,0.0,30.0,4.000000011217253e-07,1.9999998812636477e-07,0.01,88.0,36.5,0
18688,SO-0501,ASI Nidhi Vaghela,ASI,35,2026-07-16 17:53:38+00:00,93.0,87.0,,21.0193477,73.1347711,29.799999237060547,-0.375,-0.501,-0.73,,0.0,0.0,0.0,,,,,0.0,0.0,30.0,2.999999999531156e-07,0.0,0.0,87.0,36.5,2
18692,SO-0501,ASI Nidhi Vaghela,ASI,35,2026-07-16 17:54:08+00:00,88.0,67.0,,21.0193481,73.134771,29.799999237060547,-0.321,-0.669,-0.595,,0.0,0.0,0.0,,,,,0.0,0.0,30.0,3.999999975690116e-07,-9.999999406318238e-08,0.01,67.0,36.5,0
18696,SO-0501,ASI Nidhi Vaghela,ASI,35,2026-07-16 17:54:38+00:00,83.0,88.0,,21.019347,73.1347709,29.799999237060547,-0.32,-0.659,-0.579,,0.0,0.0,0.0,,,,,0.0,0.0,30.0,-1.0999999986438525e-06,-9.999999406318238e-08,0.01,88.0,36.5,0
18701,SO-0501,ASI Nidhi Vaghela,ASI,35,2026-07-16 17:55:11+00:00,83.0,88.0,,21.019347,73.1347709,29.799999237060547,-0.716,-0.366,0.68,,0.0,0.0,0.0,,,,,0.0,0.0,33.0,0.0,0.0,0.0,88.0,36.5,0
18705,SO-0501,ASI Nidhi Vaghela,ASI,35,2026-07-16 17:55:41+00:00,100.0,85.0,,21.0193471,73.1347709,29.799999237060547,-0.801,-0.282,0.576,,0.0,0.0,0.0,,,,,0.0,0.0,30.0,1.0000000116860974e-07,0.0,0.0,85.0,36.5,2
18709,SO-0501,ASI Nidhi Vaghela,ASI,35,2026-07-16 17:56:11+00:00,98.0,84.0,,21.0193466,73.1347706,29.799999237060547,-0.766,-0.31,0.622,,0.0,0.0,0.0,,,,,0.0,0.0,30.0,-5.00000002290335e-07,-3.000000106112566e-07,0.01,84.0,36.5,2
18713,SO-0501,ASI Nidhi Vaghela,ASI,35,2026-07-16 17:56:41+00:00,96.0,88.0,,21.0193477,73.1347711,29.799999237060547,-0.719,-0.617,-0.053,,0.0,0.0,0.0,,,,,0.0,0.0,30.0,1.100000002196566e-06,4.999999987376214e-07,0.02,88.0,36.5,2
18716,SO-0501,ASI Nidhi Vaghela,ASI,35,2026-07-16 17:57:08+00:00,92.0,88.0,,21.0193466,73.1347706,29.799999237060547,-0.734,-0.321,0.671,,0.0,0.0,0.0,,,,,0.0,0.0,27.0,-1.100000002196566e-06,-4.999999987376214e-07,0.02,88.0,36.5,2
18720,SO-0501,ASI Nidhi Vaghela,ASI,35,2026-07-16 17:57:38+00:00,90.0,89.0,,21.0193466,73.1347706,29.799999237060547,-0.073,-0.355,0.921,,0.0,0.0,0.0,,,,,0.0,0.0,30.0,0.0,0.0,0.0,89.0,36.5,0
18724,SO-0501,ASI Nidhi Vaghela,ASI,35,2026-07-16 17:58:08+00:00,99.0,73.0,,21.0193466,73.1347706,29.799999237060547,-0.705,-0.346,0.697,,0.0,0.0,0.0,,,,,0.0,0.0,30.0,0.0,0.0,0.0,73.0,36.5,2
18728,SO-0501,ASI Nidhi Vaghela,ASI,35,2026-07-16 17:58:38+00:00,95.0,88.0,,21.0193466,73.1347706,29.799999237060547,-0.66,-0.383,0.715,,0.0,0.0,0.0,,,,,0.0,0.0,30.0,0.0,0.0,0.0,88.0,36.5,2
18732,SO-0501,ASI Nidhi Vaghela,ASI,35,2026-07-16 17:59:08+00:00,84.0,67.0,,21.0193466,73.1347706,29.799999237060547,-0.655,-0.476,0.686,,0.0,0.0,0.0,,,,,0.0,0.0,30.0,0.0,0.0,0.0,67.0,36.5,0
18737,SO-0501,ASI Nidhi Vaghela,ASI,35,2026-07-16 17:59:41+00:00,92.0,84.0,,21.0193466,73.1347706,29.799999237060547,-0.717,-0.318,0.688,,0.0,0.0,0.0,,,,,0.0,0.0,33.0,0.0,0.0,0.0,84.0,36.5,2
18741,SO-0501,ASI Nidhi Vaghela,ASI,35,2026-07-16 18:00:11+00:00,83.0,85.0,,21.0193463,73.1347703,29.799999237060547,-0.777,-0.304,0.627,,0.0,0.0,0.0,,,,,0.0,0.0,30.0,-2.999999999531156e-07,-2.999999964004019e-07,0.01,85.0,36.5,0
18745,SO-0501,ASI Nidhi Vaghela,ASI,35,2026-07-16 18:00:41+00:00,81.0,88.0,,21.0193474,73.1347711,29.799999237060547,-0.682,-0.42,0.682,,0.0,0.0,0.0,,,,,0.0,0.0,30.0,1.100000002196566e-06,7.999999951380232e-07,0.02,88.0,36.5,0
18750,SO-0501,ASI Nidhi Vaghela,ASI,35,2026-07-16 18:01:11+00:00,95.0,86.0,,21.0193482,73.1347708,29.799999237060547,-0.697,-0.361,0.685,,0.0,0.0,0.0,,,,,0.0,0.0,30.0,7.999999986907369e-07,-2.999999964004019e-07,0.01,86.0,36.5,2
18752,SO-0501,ASI Nidhi Vaghela,ASI,35,2026-07-16 18:01:38+00:00,84.0,88.0,,21.0193481,73.134771,29.799999237060547,-0.353,-0.658,-0.587,,0.0,0.0,0.0,,,,,0.0,0.0,27.0,-1.0000000116860974e-07,2.0000000233721948e-07,0.0,88.0,36.5,0
18756,SO-0501,ASI Nidhi Vaghela,ASI,35,2026-07-16 18:02:08+00:00,84.0,88.0,,21.0193481,73.134771,29.799999237060547,-0.391,-0.626,-0.6,,0.0,0.0,0.0,,,,,0.0,0.0,30.0,0.0,0.0,0.0,88.0,36.5,0
18760,SO-0501,ASI Nidhi Vaghela,ASI,35,2026-07-16 18:02:38+00:00,89.0,88.0,,21.0193482,73.1347707,29.799999237060547,-0.332,-0.63,-0.606,,0.0,0.0,0.0,,,,,0.0,0.0,30.0,1.0000000116860974e-07,-2.999999964004019e-07,0.0,88.0,36.5,0
18764,SO-0501,ASI Nidhi Vaghela,ASI,35,2026-07-16 18:03:09+00:00,83.0,88.0,,21.0193474,73.1347711,29.799999237060547,-0.288,-0.689,-0.579,,0.0,0.0,0.0,,,,,0.0,0.0,31.0,-7.999999986907369e-07,3.9999999046358425e-07,0.01,88.0,36.5,0
18768,SO-0501,ASI Nidhi Vaghela,ASI,35,2026-07-16 18:03:39+00:00,81.0,88.0,,21.0193477,73.1347711,29.799999237060547,-0.383,-0.615,-0.611,,0.0,0.0,0.0,,,,,0.0,0.0,30.0,2.999999999531156e-07,0.0,0.0,88.0,36.5,0
18772,SO-0501,ASI Nidhi Vaghela,ASI,35,2026-07-16 18:04:08+00:00,81.0,87.0,,21.0193477,73.1347711,29.799999237060547,-0.532,-0.466,-0.601,,0.0,0.0,0.0,,,,,0.0,0.0,29.0,0.0,0.0,0.0,87.0,36.5,0
18776,SO-0501,ASI Nidhi Vaghela,ASI,35,2026-07-16 18:04:38+00:00,80.0,88.0,,21.019348,73.1347706,29.799999237060547,-0.942,-0.271,-0.021,,0.0,0.0,0.0,,,,,0.0,0.0,30.0,2.999999999531156e-07,-4.999999987376214e-07,0.01,88.0,36.5,0
18780,SO-0501,ASI Nidhi Vaghela,ASI,35,2026-07-16 18:05:09+00:00,93.0,85.0,,21.0193482,73.1347707,29.799999237060547,-0.935,-0.276,-0.134,,0.0,0.0,0.0,,,,,0.0,0.0,31.0,1.999999987845058e-07,1.000000082740371e-07,0.0,85.0,36.5,2
18784,SO-0501,ASI Nidhi Vaghela,ASI,35,2026-07-16 18:05:38+00:00,94.0,85.0,,21.0193475,73.1347705,29.799999237060547,-0.906,-0.267,-0.223,,0.0,0.0,0.0,,,,,0.0,0.0,29.0,-7.000000010748408e-07,-2.0000000233721948e-07,0.01,85.0,36.5,2
18788,SO-0501,ASI Nidhi Vaghela,ASI,35,2026-07-16 18:06:08+00:00,95.0,88.0,,21.0193482,73.1347708,29.799999237060547,-0.897,-0.279,-0.208,,0.0,0.0,0.0,,,,,0.0,0.0,30.0,7.000000010748408e-07,2.999999964004019e-07,0.01,88.0,36.5,2
18792,SO-0501,ASI Nidhi Vaghela,ASI,35,2026-07-16 18:06:38+00:00,99.0,88.0,,21.0193477,73.1347711,29.799999237060547,-0.887,-0.297,-0.235,,0.0,0.0,0.0,,,,,0.0,0.0,30.0,-4.999999987376214e-07,2.999999964004019e-07,0.01,88.0,36.5,2
18796,SO-0501,ASI Nidhi Vaghela,ASI,35,2026-07-16 18:07:08+00:00,98.0,88.0,,21.0193474,73.1347711,29.799999237060547,-0.91,-0.265,-0.186,,0.0,0.0,0.0,,,,,0.0,0.0,30.0,-2.999999999531156e-07,0.0,0.0,88.0,36.5,2
18801,SO-0501,ASI Nidhi Vaghela,ASI,35,2026-07-16 18:07:41+00:00,96.0,88.0,,21.0193474,73.1347711,29.799999237060547,-0.901,-0.28,-0.144,,0.0,0.0,0.0,,,,,0.0,0.0,33.0,0.0,0.0,0.0,88.0,36.5,2
18804,SO-0501,ASI Nidhi Vaghela,ASI,35,2026-07-16 18:08:08+00:00,100.0,88.0,,21.0193477,73.1347711,29.799999237060547,-0.928,-0.259,-0.159,,0.0,0.0,0.0,,,,,0.0,0.0,27.0,2.999999999531156e-07,0.0,0.0,88.0,36.5,2
18808,SO-0501,ASI Nidhi Vaghela,ASI,35,2026-07-16 18:08:38+00:00,99.0,88.0,,21.0193466,73.1347706,29.799999237060547,-0.917,-0.236,-0.195,,0.0,0.0,0.0,,,,,0.0,0.0,30.0,-1.100000002196566e-06,-4.999999987376214e-07,0.02,88.0,36.5,2
18812,SO-0501,ASI Nidhi Vaghela,ASI,35,2026-07-16 18:09:08+00:00,100.0,88.0,,21.019348,73.1347706,29.799999237060547,-0.956,-0.233,-0.135,,0.0,0.0,0.0,,,,,0.0,0.0,30.0,1.4000000021496817e-06,0.0,0.02,88.0,36.5,2
18816,SO-0501,ASI Nidhi Vaghela,ASI,35,2026-07-16 18:09:39+00:00,87.0,88.0,,21.0193475,73.1347705,29.799999237060547,-0.911,-0.237,-0.168,,0.0,0.0,0.0,,,,,0.0,0.0,31.0,-5.00000002290335e-07,-9.999999406318238e-08,0.01,88.0,36.5,0
18820,SO-0501,ASI Nidhi Vaghela,ASI,35,2026-07-16 18:10:08+00:00,85.0,88.0,,21.0193477,73.1347711,29.799999237060547,-0.922,-0.225,-0.199,,0.0,0.0,0.0,,,,,0.0,0.0,29.0,2.0000000233721948e-07,5.999999928008037e-07,0.01,88.0,36.5,0
18823,SO-0501,ASI Nidhi Vaghela,ASI,35,2026-07-16 18:10:39+00:00,97.0,84.0,,21.0193482,73.1347707,29.799999237060547,-0.936,-0.21,-0.189,,0.0,0.0,0.0,,,,,0.0,0.0,31.0,4.999999987376214e-07,-3.9999999046358425e-07,0.01,84.0,36.5,2
18826,SO-0501,ASI Nidhi Vaghela,ASI,35,2026-07-16 18:11:09+00:00,100.0,85.0,,21.0193477,73.1347711,29.799999237060547,-0.935,-0.213,-0.151,,0.0,0.0,0.0,,,,,0.0,0.0,30.0,-4.999999987376214e-07,3.9999999046358425e-07,0.01,85.0,36.5,2
18829,SO-0501,ASI Nidhi Vaghela,ASI,35,2026-07-16 18:11:38+00:00,84.0,87.0,,21.0193481,73.134771,29.799999237060547,-0.926,-0.219,-0.172,,0.0,0.0,0.0,,,,,0.0,0.0,29.0,3.999999975690116e-07,-9.999999406318238e-08,0.01,87.0,36.5,0
18832,SO-0501,ASI Nidhi Vaghela,ASI,35,2026-07-16 18:12:09+00:00,93.0,87.0,,21.0193477,73.1347711,29.799999237060547,-0.927,-0.219,-0.176,,0.0,0.0,0.0,,,,,0.0,0.0,31.0,-3.999999975690116e-07,9.999999406318238e-08,0.01,87.0,36.5,2
18835,SO-0501,ASI Nidhi Vaghela,ASI,35,2026-07-16 18:12:38+00:00,86.0,88.0,,21.0193482,73.1347708,29.799999237060547,-0.925,-0.223,-0.188,,0.0,0.0,0.0,,,,,0.0,0.0,29.0,4.999999987376214e-07,-2.999999964004019e-07,0.01,88.0,36.5,0
18838,SO-0501,ASI Nidhi Vaghela,ASI,35,2026-07-16 18:13:09+00:00,91.0,88.0,,21.0193477,73.1347711,29.799999237060547,-0.93,-0.216,-0.156,,0.0,0.0,0.0,,,,,0.0,0.0,31.0,-4.999999987376214e-07,2.999999964004019e-07,0.01,88.0,36.5,2
18841,SO-0501,ASI Nidhi Vaghela,ASI,35,2026-07-16 18:13:38+00:00,92.0,88.0,,21.0193477,73.1347711,29.799999237060547,-0.845,-0.25,-0.371,,0.0,0.0,0.0,,,,,0.0,0.0,29.0,0.0,0.0,0.0,88.0,36.5,2
18844,SO-0501,ASI Nidhi Vaghela,ASI,35,2026-07-16 18:14:08+00:00,92.0,88.0,,21.0193477,73.1347711,29.799999237060547,-0.864,-0.26,-0.335,,0.0,0.0,0.0,,,,,0.0,0.0,30.0,0.0,0.0,0.0,88.0,36.5,2
18848,SO-0501,ASI Nidhi Vaghela,ASI,35,2026-07-16 18:14:38+00:00,92.0,88.0,,21.0193477,73.1347711,29.799999237060547,-0.86,-0.251,-0.351,,0.0,0.0,0.0,,,,,0.0,0.0,30.0,0.0,0.0,0.0,88.0,36.5,2
18852,SO-0501,ASI Nidhi Vaghela,ASI,35,2026-07-16 18:15:09+00:00,94.0,88.0,,21.0193482,73.1347707,29.799999237060547,0.308,-0.87,-0.26,,0.0,0.0,0.0,,,,,0.0,0.0,31.0,4.999999987376214e-07,-3.9999999046358425e-07,0.01,88.0,36.5,2
18856,SO-0501,ASI Nidhi Vaghela,ASI,35,2026-07-16 18:15:38+00:00,89.0,87.0,,21.0193482,73.1347708,29.799999237060547,0.26,-0.865,-0.346,,0.0,0.0,0.0,,,,,0.0,0.0,29.0,0.0,9.999999406318238e-08,0.0,87.0,36.5,0
18860,SO-0501,ASI Nidhi Vaghela,ASI,35,2026-07-16 18:16:08+00:00,85.0,86.0,,21.019348,73.1347706,29.799999237060547,0.237,-0.872,-0.346,,0.0,0.0,0.0,,,,,0.0,0.0,30.0,-1.999999987845058e-07,-2.0000000233721948e-07,0.0,86.0,36.5,0
18864,SO-0501,ASI Nidhi Vaghela,ASI,35,2026-07-16 18:16:38+00:00,85.0,82.0,,21.019348,73.1347706,29.799999237060547,0.251,-0.882,-0.323,,0.0,0.0,0.0,,,,,0.0,0.0,30.0,0.0,0.0,0.0,82.0,36.5,0
18868,SO-0501,ASI Nidhi Vaghela,ASI,35,2026-07-16 18:17:08+00:00,97.0,88.0,,21.0193472,73.1347704,29.799999237060547,0.215,-0.897,-0.299,,0.0,0.0,0.0,,,,,0.0,0.0,30.0,-8.000000022434506e-07,-2.0000000233721948e-07,0.01,88.0,36.5,2
18872,SO-0501,ASI Nidhi Vaghela,ASI,35,2026-07-16 18:17:39+00:00,89.0,87.0,,21.0193475,73.1347705,29.799999237060547,0.222,-0.891,-0.304,,0.0,0.0,0.0,,,,,0.0,0.0,31.0,2.999999999531156e-07,1.000000082740371e-07,0.0,87.0,36.5,0
18876,SO-0501,ASI Nidhi Vaghela,ASI,35,2026-07-16 18:18:09+00:00,86.0,88.0,,21.0193482,73.1347707,29.799999237060547,0.231,-0.907,-0.236,,0.0,0.0,0.0,,,,,0.0,0.0,30.0,7.000000010748408e-07,2.0000000233721948e-07,0.01,88.0,36.5,0
18880,SO-0501,ASI Nidhi Vaghela,ASI,35,2026-07-16 18:18:39+00:00,91.0,88.0,,21.019348,73.1347706,29.799999237060547,0.241,-0.922,-0.25,,0.0,0.0,0.0,,,,,0.0,0.0,30.0,-1.999999987845058e-07,-1.000000082740371e-07,0.0,88.0,36.5,2
18884,SO-0501,ASI Nidhi Vaghela,ASI,35,2026-07-16 18:19:08+00:00,89.0,88.0,,21.019348,73.1347706,29.799999237060547,0.198,-0.927,-0.245,,0.0,0.0,0.0,,,,,0.0,0.0,29.0,0.0,0.0,0.0,88.0,36.5,0
18888,SO-0501,ASI Nidhi Vaghela,ASI,35,2026-07-16 18:19:38+00:00,86.0,88.0,,21.0193482,73.1347707,29.799999237060547,-0.026,-0.959,-0.165,,0.0,0.0,0.0,,,,,0.0,0.0,30.0,1.999999987845058e-07,1.000000082740371e-07,0.0,88.0,36.5,0
18892,SO-0501,ASI Nidhi Vaghela,ASI,35,2026-07-16 18:20:08+00:00,90.0,88.0,,21.0193482,73.1347707,29.799999237060547,0.166,-0.93,-0.203,,0.0,0.0,0.0,,,,,0.0,0.0,30.0,0.0,0.0,0.0,88.0,36.5,0
18896,SO-0501,ASI Nidhi Vaghela,ASI,35,2026-07-16 18:20:38+00:00,89.0,84.0,,21.0193482,73.1347707,29.799999237060547,0.189,-0.95,-0.169,,0.0,0.0,0.0,,,,,0.0,0.0,30.0,0.0,0.0,0.0,84.0,36.5,0
18900,SO-0501,ASI Nidhi Vaghela,ASI,35,2026-07-16 18:21:08+00:00,90.0,88.0,,21.019348,73.1347706,29.799999237060547,0.119,-0.958,-0.156,,0.0,0.0,0.0,,,,,0.0,0.0,30.0,-1.999999987845058e-07,-1.000000082740371e-07,0.0,88.0,36.5,0
18904,SO-0501,ASI Nidhi Vaghela,ASI,35,2026-07-16 18:21:38+00:00,89.0,88.0,,21.0193482,73.1347708,29.799999237060547,0.159,-0.961,-0.131,,0.0,0.0,0.0,,,,,0.0,0.0,30.0,1.999999987845058e-07,2.0000000233721948e-07,0.0,88.0,36.5,0
18908,SO-0501,ASI Nidhi Vaghela,ASI,35,2026-07-16 18:22:11+00:00,96.0,88.0,,21.0193482,73.1347708,29.799999237060547,0.146,-0.958,-0.151,,0.0,0.0,0.0,,,,,0.0,0.0,33.0,0.0,0.0,0.0,88.0,36.5,2
18912,SO-0501,ASI Nidhi Vaghela,ASI,35,2026-07-16 18:22:41+00:00,82.0,87.0,,21.0193469,73.1347703,29.799999237060547,0.126,-0.948,-0.209,,0.0,0.0,0.0,,,,,0.0,0.0,30.0,-1.300000000981072e-06,-4.999999987376214e-07,0.02,87.0,36.5,0
18915,SO-0501,ASI Nidhi Vaghela,ASI,35,2026-07-16 18:23:11+00:00,85.0,86.0,,21.0193475,73.1347705,29.799999237060547,0.093,-0.98,-0.129,,0.0,0.0,0.0,,,,,0.0,0.0,30.0,5.999999999062311e-07,2.0000000233721948e-07,0.01,86.0,36.5,0
18918,SO-0501,ASI Nidhi Vaghela,ASI,35,2026-07-16 18:23:41+00:00,96.0,88.0,,21.0193477,73.1347711,29.799999237060547,0.123,-0.974,-0.1,,0.0,0.0,0.0,,,,,0.0,0.0,30.0,2.0000000233721948e-07,5.999999928008037e-07,0.01,88.0,36.5,2
18922,SO-0501,ASI Nidhi Vaghela,ASI,35,2026-07-16 18:24:08+00:00,88.0,86.0,,21.019348,73.1347706,29.799999237060547,0.001,-0.962,-0.167,,0.0,0.0,0.0,,,,,0.0,0.0,27.0,2.999999999531156e-07,-4.999999987376214e-07,0.01,86.0,36.5,0
18927,SO-0501,ASI Nidhi Vaghela,ASI,35,2026-07-16 18:24:41+00:00,87.0,87.0,,21.019348,73.1347706,29.799999237060547,-0.959,1.271,-0.059,,0.0,0.0,0.0,,,,,0.0,0.0,33.0,0.0,0.0,0.0,87.0,36.5,0
18930,SO-0501,ASI Nidhi Vaghela,ASI,35,2026-07-16 18:25:09+00:00,94.0,88.0,,21.0193482,73.1347707,29.799999237060547,0.299,-0.963,0.123,,0.0,0.0,0.0,,,,,0.0,0.0,28.0,1.999999987845058e-07,1.000000082740371e-07,0.0,88.0,36.5,2
18934,SO-0501,ASI Nidhi Vaghela,ASI,35,2026-07-16 18:25:39+00:00,90.0,88.0,,21.019347,73.1347709,29.799999237060547,0.792,-0.508,-0.286,,0.0,0.0,0.0,,,,,0.0,0.0,30.0,-1.1999999998124622e-06,2.0000000233721948e-07,0.02,88.0,36.5,0
18938,SO-0501,ASI Nidhi Vaghela,ASI,35,2026-07-16 18:26:08+00:00,97.0,73.0,,21.0193482,73.1347707,29.799999237060547,0.118,-0.989,0.033,,0.0,0.0,0.0,,,,,0.0,0.0,29.0,1.1999999998124622e-06,-2.0000000233721948e-07,0.02,73.0,36.5,2
18942,SO-0501,ASI Nidhi Vaghela,ASI,35,2026-07-16 18:26:38+00:00,92.0,88.0,,21.0193482,73.1347707,29.799999237060547,0.172,-0.984,0.122,,0.0,0.0,0.0,,,,,0.0,0.0,30.0,0.0,0.0,0.0,88.0,36.5,2
18946,SO-0501,ASI Nidhi Vaghela,ASI,35,2026-07-16 18:27:09+00:00,96.0,88.0,,21.0193475,73.1347705,29.799999237060547,0.207,-0.969,0.144,,0.0,0.0,0.0,,,,,0.0,0.0,31.0,-7.000000010748408e-07,-2.0000000233721948e-07,0.01,88.0,36.5,2
18950,SO-0501,ASI Nidhi Vaghela,ASI,35,2026-07-16 18:27:38+00:00,95.0,88.0,,21.0193475,73.1347705,29.799999237060547,0.124,-0.989,0.064,,0.0,0.0,0.0,,,,,0.0,0.0,29.0,0.0,0.0,0.0,88.0,36.5,2
18954,SO-0501,ASI Nidhi Vaghela,ASI,35,2026-07-16 18:28:08+00:00,97.0,88.0,,21.0193482,73.1347707,29.799999237060547,0.076,-0.992,0.011,,0.0,0.0,0.0,,,,,0.0,0.0,30.0,7.000000010748408e-07,2.0000000233721948e-07,0.01,88.0,36.5,2
18958,SO-0501,ASI Nidhi Vaghela,ASI,35,2026-07-16 18:28:39+00:00,98.0,88.0,,21.0193482,73.1347707,29.799999237060547,0.194,-0.979,0.127,,0.0,0.0,0.0,,,,,0.0,0.0,31.0,0.0,0.0,0.0,88.0,36.5,2
18961,SO-0501,ASI Nidhi Vaghela,ASI,35,2026-07-16 18:29:08+00:00,96.0,84.0,,21.0193469,73.1347703,29.799999237060547,0.137,-0.922,0.432,,0.0,0.0,0.0,,,,,0.0,0.0,29.0,-1.300000000981072e-06,-4.0000000467443897e-07,0.02,84.0,36.5,2
18964,SO-0501,ASI Nidhi Vaghela,ASI,35,2026-07-16 18:29:38+00:00,97.0,88.0,,21.0193475,73.1347705,29.799999237060547,0.186,-0.931,0.377,,0.0,0.0,0.0,,,,,0.0,0.0,30.0,5.999999999062311e-07,2.0000000233721948e-07,0.01,88.0,36.5,2
18967,SO-0501,ASI Nidhi Vaghela,ASI,35,2026-07-16 18:30:11+00:00,94.0,87.0,,21.0224095,73.1336697,29.799999237060547,0.139,-0.98,0.156,,0.0,0.0,0.0,,,,,0.0,0.0,33.0,0.0030619999999998,-0.0011008000000032,39.11,87.0,36.5,1
18970,SO-0501,ASI Nidhi Vaghela,ASI,35,2026-07-16 18:30:38+00:00,95.0,88.0,,21.0193472,73.1347704,29.799999237060547,0.176,-0.969,0.18,,0.0,0.0,0.0,,,,,0.0,0.0,27.0,-0.0030622999999998,0.0011006999999949,47.8,88.0,36.5,1
18973,SO-0501,ASI Nidhi Vaghela,ASI,35,2026-07-16 18:31:08+00:00,99.0,88.0,,21.0193469,73.1347703,29.799999237060547,0.249,-0.959,0.304,,0.0,0.0,0.0,,,,,0.0,0.0,30.0,-2.999999999531156e-07,-9.999999406318238e-08,0.0,88.0,36.5,2
18976,SO-0501,ASI Nidhi Vaghela,ASI,35,2026-07-16 18:31:41+00:00,100.0,88.0,,21.0224095,73.1336697,29.799999237060547,0.13,-0.987,0.204,,0.0,0.0,0.0,,,,,0.0,0.0,33.0,0.0030625999999998,-0.0011006000000008,39.11,88.0,36.5,1
18979,SO-0501,ASI Nidhi Vaghela,ASI,35,2026-07-16 18:32:08+00:00,100.0,88.0,,21.0193472,73.1347704,29.799999237060547,0.164,-0.977,0.173,,0.0,0.0,0.0,,,,,0.0,0.0,27.0,-0.0030622999999998,0.0011006999999949,47.8,88.0,36.5,1
18982,SO-0501,ASI Nidhi Vaghela,ASI,35,2026-07-16 18:32:41+00:00,89.0,85.0,,21.0224095,73.1336697,29.799999237060547,0.059,-0.97,-0.109,,0.0,0.0,0.0,,,,,0.0,0.0,33.0,0.0030622999999998,-0.0011006999999949,39.11,85.0,36.5,1
18985,SO-0501,ASI Nidhi Vaghela,ASI,35,2026-07-16 18:33:11+00:00,90.0,82.0,,21.0193482,73.1347708,29.799999237060547,0.084,-0.959,-0.141,,0.0,0.0,0.0,,,,,0.0,0.0,30.0,-0.0030612999999988,0.0011010999999996,43.01,82.0,36.5,1
18988,SO-0501,ASI Nidhi Vaghela,ASI,35,2026-07-16 18:33:38+00:00,97.0,88.0,,21.0193481,73.134771,29.799999237060547,0.14,-0.964,-0.117,,0.0,0.0,0.0,,,,,0.0,0.0,27.0,-1.0000000116860974e-07,2.0000000233721948e-07,0.0,88.0,36.5,2
18991,SO-0501,ASI Nidhi Vaghela,ASI,35,2026-07-16 18:34:08+00:00,97.0,86.0,,21.0193482,73.1347708,29.799999237060547,0.05,-0.979,-0.149,,0.0,0.0,0.0,,,,,0.0,0.0,30.0,1.0000000116860974e-07,-2.0000000233721948e-07,0.0,86.0,36.5,2
18994,SO-0501,ASI Nidhi Vaghela,ASI,35,2026-07-16 18:34:39+00:00,98.0,88.0,,21.0193482,73.1347708,29.799999237060547,0.165,-0.959,-0.057,,0.0,0.0,0.0,,,,,0.0,0.0,31.0,0.0,0.0,0.0,88.0,36.5,2
18997,SO-0501,ASI Nidhi Vaghela,ASI,35,2026-07-16 18:35:08+00:00,93.0,87.0,,21.0193477,73.1347711,29.799999237060547,0.078,-0.965,-0.153,,0.0,0.0,0.0,,,,,0.0,0.0,29.0,-4.999999987376214e-07,2.999999964004019e-07,0.01,87.0,36.5,2
19000,SO-0501,ASI Nidhi Vaghela,ASI,35,2026-07-16 18:35:41+00:00,86.0,87.0,,21.0193477,73.1347711,29.799999237060547,0.777,-0.53,-0.267,,0.0,0.0,0.0,,,,,0.0,0.0,33.0,0.0,0.0,0.0,87.0,36.5,0
19003,SO-0501,ASI Nidhi Vaghela,ASI,35,2026-07-16 18:36:08+00:00,86.0,85.0,,21.0193466,73.1347706,29.799999237060547,0.755,-0.54,-0.297,,0.0,0.0,0.0,,,,,0.0,0.0,27.0,-1.100000002196566e-06,-4.999999987376214e-07,0.02,85.0,36.5,0
19006,SO-0501,ASI Nidhi Vaghela,ASI,35,2026-07-16 18:36:41+00:00,89.0,88.0,,21.0193466,73.1347706,29.799999237060547,0.784,-0.525,-0.269,,0.0,0.0,0.0,,,,,0.0,0.0,33.0,0.0,0.0,0.0,88.0,36.5,0
19009,SO-0501,ASI Nidhi Vaghela,ASI,35,2026-07-16 18:37:08+00:00,94.0,87.0,,21.0193482,73.1347708,29.799999237060547,0.115,-0.988,0.023,,0.0,0.0,0.0,,,,,0.0,0.0,27.0,1.6000000009341877e-06,2.0000000233721948e-07,0.02,87.0,36.5,2
19012,SO-0501,ASI Nidhi Vaghela,ASI,35,2026-07-16 18:37:38+00:00,83.0,83.0,,21.0193482,73.1347708,29.799999237060547,0.752,-0.462,-0.458,,0.0,0.0,0.0,,,,,0.0,0.0,30.0,0.0,0.0,0.0,83.0,36.5,0
19015,SO-0501,ASI Nidhi Vaghela,ASI,35,2026-07-16 18:38:09+00:00,100.0,88.0,,21.019348,73.1347706,29.799999237060547,0.092,-0.994,0.059,,0.0,0.0,0.0,,,,,0.0,0.0,31.0,-1.999999987845058e-07,-2.0000000233721948e-07,0.0,88.0,36.5,2
19018,SO-0501,ASI Nidhi Vaghela,ASI,35,2026-07-16 18:38:38+00:00,88.0,88.0,,21.0193477,73.1347711,29.799999237060547,0.255,-0.96,0.141,,0.0,0.0,0.0,,,,,0.0,0.0,29.0,-2.999999999531156e-07,4.999999987376214e-07,0.01,88.0,36.5,0
19021,SO-0501,ASI Nidhi Vaghela,ASI,35,2026-07-16 18:39:08+00:00,94.0,88.0,,21.0193482,73.1347707,29.799999237060547,0.27,-0.952,0.181,,0.0,0.0,0.0,,,,,0.0,0.0,30.0,4.999999987376214e-07,-3.9999999046358425e-07,0.01,88.0,36.5,2
19024,SO-0501,ASI Nidhi Vaghela,ASI,35,2026-07-16 18:39:38+00:00,92.0,88.0,,21.0193474,73.1347711,29.799999237060547,0.001,-0.977,-0.102,,0.0,0.0,0.0,,,,,0.0,0.0,30.0,-7.999999986907369e-07,3.9999999046358425e-07,0.01,88.0,36.5,2
19027,SO-0501,ASI Nidhi Vaghela,ASI,35,2026-07-16 18:40:08+00:00,95.0,88.0,,21.0193481,73.134771,29.799999237060547,0.295,-0.953,0.133,,0.0,0.0,0.0,,,,,0.0,0.0,30.0,6.999999975221272e-07,-9.999999406318238e-08,0.01,88.0,36.5,2
19030,SO-0501,ASI Nidhi Vaghela,ASI,35,2026-07-16 18:40:38+00:00,96.0,88.0,,21.0193481,73.134771,29.799999237060547,0.027,-0.977,-0.089,,0.0,0.0,0.0,,,,,0.0,0.0,30.0,0.0,0.0,0.0,88.0,36.5,2
19033,SO-0501,ASI Nidhi Vaghela,ASI,35,2026-07-16 18:41:08+00:00,90.0,87.0,,21.0193482,73.1347708,29.799999237060547,0.071,-0.981,-0.049,,0.0,0.0,0.0,,,,,0.0,0.0,30.0,1.0000000116860974e-07,-2.0000000233721948e-07,0.0,87.0,36.5,0
19036,SO-0501,ASI Nidhi Vaghela,ASI,35,2026-07-16 18:41:41+00:00,83.0,88.0,,21.0224095,73.1336697,29.799999237060547,0.21,-0.984,0.026,,0.0,0.0,0.0,,,,,0.0,0.0,33.0,0.0030612999999988,-0.0011010999999996,39.1,88.0,36.5,1
19039,SO-0501,ASI Nidhi Vaghela,ASI,35,2026-07-16 18:42:08+00:00,96.0,87.0,,21.0193482,73.1347707,29.799999237060547,0.057,-0.98,-0.067,,0.0,0.0,0.0,,,,,0.0,0.0,27.0,-0.0030612999999988,0.0011010000000055,47.79,87.0,36.5,1
19042,SO-0501,ASI Nidhi Vaghela,ASI,35,2026-07-16 18:42:38+00:00,86.0,88.0,,21.0193462,73.1347702,29.799999237060547,0.757,-0.499,-0.332,,0.0,0.0,0.0,,,,,0.0,0.0,30.0,-1.999999998503199e-06,-4.999999987376214e-07,0.03,88.0,36.5,0
19045,SO-0501,ASI Nidhi Vaghela,ASI,35,2026-07-16 18:43:08+00:00,89.0,79.0,,21.0193481,73.134771,29.799999237060547,0.147,-0.992,0.078,,0.0,0.0,0.0,,,,,0.0,0.0,30.0,1.8999999973345896e-06,7.999999951380232e-07,0.03,79.0,36.5,0
19048,SO-0501,ASI Nidhi Vaghela,ASI,35,2026-07-16 18:43:38+00:00,100.0,86.0,,21.0193477,73.1347711,29.799999237060547,0.195,-0.975,0.045,,0.0,0.0,0.0,,,,,0.0,0.0,30.0,-3.999999975690116e-07,9.999999406318238e-08,0.01,86.0,36.5,2
19051,SO-0501,ASI Nidhi Vaghela,ASI,35,2026-07-16 18:44:08+00:00,87.0,81.0,,21.0193477,73.1347711,29.799999237060547,0.181,-0.976,0.008,,0.0,0.0,0.0,,,,,0.0,0.0,30.0,0.0,0.0,0.0,81.0,36.5,0
19054,SO-0501,ASI Nidhi Vaghela,ASI,35,2026-07-16 18:44:38+00:00,90.0,86.0,,21.0193477,73.1347711,29.799999237060547,0.248,-0.97,0.13,,0.0,0.0,0.0,,,,,0.0,0.0,30.0,0.0,0.0,0.0,86.0,36.5,0
19057,SO-0501,ASI Nidhi Vaghela,ASI,35,2026-07-16 18:45:08+00:00,95.0,88.0,,21.0193481,73.134771,29.799999237060547,0.185,-0.977,0.083,,0.0,0.0,0.0,,,,,0.0,0.0,30.0,3.999999975690116e-07,-9.999999406318238e-08,0.01,88.0,36.5,2
19060,SO-0501,ASI Nidhi Vaghela,ASI,35,2026-07-16 18:45:39+00:00,93.0,88.0,,21.0193482,73.1347707,29.799999237060547,0.25,-0.965,0.125,,0.0,0.0,0.0,,,,,0.0,0.0,31.0,1.0000000116860974e-07,-2.999999964004019e-07,0.0,88.0,36.5,2
19063,SO-0501,ASI Nidhi Vaghela,ASI,35,2026-07-16 18:46:08+00:00,93.0,88.0,,21.0193481,73.134771,29.799999237060547,0.138,-0.992,0.096,,0.0,0.0,0.0,,,,,0.0,0.0,29.0,-1.0000000116860974e-07,2.999999964004019e-07,0.0,88.0,36.5,2
19066,SO-0501,ASI Nidhi Vaghela,ASI,35,2026-07-16 18:46:41+00:00,93.0,88.0,,21.0224095,73.1336697,29.799999237060547,0.762,-0.508,-0.208,,0.0,0.0,0.0,,,,,0.0,0.0,33.0,0.0030613999999999,-0.0011013000000019,39.1,88.0,36.5,1
19069,SO-0501,ASI Nidhi Vaghela,ASI,35,2026-07-16 18:47:08+00:00,90.0,87.0,,21.0193466,73.1347706,29.799999237060547,0.8,-0.5,-0.284,,0.0,0.0,0.0,,,,,0.0,0.0,27.0,-0.0030628999999997,0.0011008999999972,47.81,87.0,36.5,1
19072,SO-0501,ASI Nidhi Vaghela,ASI,35,2026-07-16 18:47:38+00:00,90.0,88.0,,21.0193482,73.1347708,29.799999237060547,0.875,-0.486,-0.344,,0.0,0.0,0.0,,,,,0.0,0.0,30.0,1.6000000009341877e-06,2.0000000233721948e-07,0.02,88.0,36.5,0
19075,SO-0501,ASI Nidhi Vaghela,ASI,35,2026-07-16 18:48:08+00:00,98.0,86.0,,21.019348,73.1347706,29.799999237060547,0.111,-0.986,-0.002,,0.0,0.0,0.0,,,,,0.0,0.0,30.0,-1.999999987845058e-07,-2.0000000233721948e-07,0.0,86.0,36.5,2
19078,SO-0501,ASI Nidhi Vaghela,ASI,35,2026-07-16 18:48:40+00:00,93.0,84.0,,21.0193482,73.1347708,29.799999237060547,0.158,-0.975,0.167,,0.0,0.0,0.0,,,,,0.0,0.0,32.0,1.999999987845058e-07,2.0000000233721948e-07,0.0,84.0,36.5,2
19081,SO-0501,ASI Nidhi Vaghela,ASI,35,2026-07-16 18:49:08+00:00,95.0,85.0,,21.0193475,73.1347705,29.799999237060547,0.197,-0.978,0.162,,0.0,0.0,0.0,,,,,0.0,0.0,28.0,-7.000000010748408e-07,-2.999999964004019e-07,0.01,85.0,36.5,2
19084,SO-0501,ASI Nidhi Vaghela,ASI,35,2026-07-16 18:49:41+00:00,94.0,88.0,,21.0224095,73.1336697,29.799999237060547,0.208,-0.973,0.156,,0.0,0.0,0.0,,,,,0.0,0.0,33.0,0.0030619999999998,-0.0011008000000032,39.11,88.0,36.5,1
19087,SO-0501,ASI Nidhi Vaghela,ASI,35,2026-07-16 18:50:08+00:00,94.0,88.0,,21.0193472,73.1347704,29.799999237060547,0.247,-0.964,0.147,,0.0,0.0,0.0,,,,,0.0,0.0,27.0,-0.0030622999999998,0.0011006999999949,47.8,88.0,36.5,1
19090,SO-0501,ASI Nidhi Vaghela,ASI,35,2026-07-16 18:50:41+00:00,94.0,88.0,,21.0224095,73.1336697,29.799999237060547,0.249,-0.966,0.077,,0.0,0.0,0.0,,,,,0.0,0.0,33.0,0.0030622999999998,-0.0011006999999949,39.11,88.0,36.5,1
19093,SO-0501,ASI Nidhi Vaghela,ASI,35,2026-07-16 18:51:11+00:00,98.0,88.0,,21.0193469,73.1347703,29.799999237060547,0.203,-0.966,0.24,,0.0,0.0,0.0,,,,,0.0,0.0,30.0,-0.0030625999999998,0.0011006000000008,43.02,88.0,36.5,1
19096,SO-0501,ASI Nidhi Vaghela,ASI,35,2026-07-16 18:51:41+00:00,91.0,83.0,,21.0193475,73.1347705,29.799999237060547,0.052,-0.947,-0.226,,0.0,0.0,0.0,,,,,0.0,0.0,30.0,5.999999999062311e-07,2.0000000233721948e-07,0.01,83.0,36.5,2
19099,SO-0501,ASI Nidhi Vaghela,ASI,35,2026-07-16 18:52:08+00:00,90.0,87.0,,21.0193482,73.1347707,29.799999237060547,0.046,-0.944,-0.216,,0.0,0.0,0.0,,,,,0.0,0.0,27.0,7.000000010748408e-07,2.0000000233721948e-07,0.01,87.0,36.5,0
19102,SO-0501,ASI Nidhi Vaghela,ASI,35,2026-07-16 18:52:38+00:00,93.0,86.0,,21.0193475,73.1347705,29.799999237060547,0.087,-0.95,-0.13,,0.0,0.0,0.0,,,,,0.0,0.0,30.0,-7.000000010748408e-07,-2.0000000233721948e-07,0.01,86.0,36.5,2
19105,SO-0501,ASI Nidhi Vaghela,ASI,35,2026-07-16 18:53:11+00:00,97.0,77.0,,21.0224095,73.1336697,29.799999237060547,0.085,-0.946,-0.185,,0.0,0.0,0.0,,,,,0.0,0.0,33.0,0.0030619999999998,-0.0011008000000032,39.11,77.0,36.5,1
19108,SO-0501,ASI Nidhi Vaghela,ASI,35,2026-07-16 18:53:38+00:00,83.0,78.0,,21.019348,73.1347706,29.799999237060547,0.02,-0.969,-0.135,,0.0,0.0,0.0,,,,,0.0,0.0,27.0,-0.0030614999999976,0.0011008999999972,47.79,78.0,36.5,1
19111,SO-0501,ASI Nidhi Vaghela,ASI,35,2026-07-16 18:54:08+00:00,82.0,75.0,,21.0193475,73.1347705,29.799999237060547,0.07,-0.935,-0.273,,0.0,0.0,0.0,,,,,0.0,0.0,30.0,-5.00000002290335e-07,-9.999999406318238e-08,0.01,75.0,36.5,0
19114,SO-0501,ASI Nidhi Vaghela,ASI,35,2026-07-16 18:54:38+00:00,97.0,84.0,,21.0193475,73.1347705,29.799999237060547,0.111,-0.928,-0.257,,0.0,0.0,0.0,,,,,0.0,0.0,30.0,0.0,0.0,0.0,84.0,36.5,2
19116,SO-0501,ASI Nidhi Vaghela,ASI,35,2026-07-16 18:55:08+00:00,97.0,88.0,,21.0193475,73.1347705,29.799999237060547,0.093,-0.961,-0.129,,0.0,0.0,0.0,,,,,0.0,0.0,30.0,0.0,0.0,0.0,88.0,36.5,2
19118,SO-0501,ASI Nidhi Vaghela,ASI,35,2026-07-16 18:55:39+00:00,84.0,84.0,,21.0193462,73.1347702,29.799999237060547,-0.906,-0.367,0.136,,0.0,0.0,0.0,,,,,0.0,0.0,31.0,-1.2999999974283585e-06,-2.999999964004019e-07,0.02,84.0,36.5,0
19121,SO-0501,ASI Nidhi Vaghela,ASI,35,2026-07-16 18:56:09+00:00,97.0,88.0,,21.0193477,73.1347711,29.799999237060547,-0.957,-0.234,0.027,,0.0,0.0,0.0,,,,,0.0,0.0,30.0,1.4999999997655775e-06,8.999999892012056e-07,0.02,88.0,36.5,2
19124,SO-0501,ASI Nidhi Vaghela,ASI,35,2026-07-16 18:56:38+00:00,84.0,87.0,,21.0193477,73.1347711,29.799999237060547,-0.814,-0.377,0.515,,0.0,0.0,0.0,,,,,0.0,0.0,29.0,0.0,0.0,0.0,87.0,36.5,0
19126,SO-0501,ASI Nidhi Vaghela,ASI,35,2026-07-16 18:57:08+00:00,85.0,87.0,,21.0193466,73.1347706,29.799999237060547,-0.947,-0.244,-0.022,,0.0,0.0,0.0,,,,,0.0,0.0,30.0,-1.100000002196566e-06,-4.999999987376214e-07,0.02,87.0,36.5,0
19128,SO-0501,ASI Nidhi Vaghela,ASI,35,2026-07-16 18:57:38+00:00,94.0,79.0,,21.019347,73.1347709,29.799999237060547,-0.741,-0.264,0.668,,0.0,0.0,0.0,,,,,0.0,0.0,30.0,4.000000011217253e-07,3.000000106112566e-07,0.01,79.0,36.5,2
19131,SO-0501,ASI Nidhi Vaghela,ASI,35,2026-07-16 18:58:11+00:00,89.0,88.0,,21.019347,73.1347709,29.799999237060547,-0.952,-0.232,-0.055,,0.0,0.0,0.0,,,,,0.0,0.0,33.0,0.0,0.0,0.0,88.0,36.5,0
19134,SO-0501,ASI Nidhi Vaghela,ASI,35,2026-07-16 18:58:38+00:00,81.0,88.0,,21.0193474,73.1347711,29.799999237060547,-0.951,-0.221,-0.036,,0.0,0.0,0.0,,,,,0.0,0.0,27.0,4.000000011217253e-07,1.9999998812636477e-07,0.01,88.0,36.5,0
19137,SO-0501,ASI Nidhi Vaghela,ASI,35,2026-07-16 18:59:08+00:00,100.0,85.0,,21.019347,73.1347709,29.799999237060547,-0.628,-0.447,-0.554,,0.0,0.0,0.0,,,,,0.0,0.0,30.0,-4.000000011217253e-07,-1.9999998812636477e-07,0.01,85.0,36.5,2
19140,SO-0501,ASI Nidhi Vaghela,ASI,35,2026-07-16 18:59:38+00:00,97.0,88.0,,21.0193481,73.134771,29.799999237060547,-0.936,-0.284,-0.092,,0.0,0.0,0.0,,,,,0.0,0.0,30.0,1.0999999986438525e-06,9.999999406318238e-08,0.01,88.0,36.5,2
19143,SO-0501,ASI Nidhi Vaghela,ASI,35,2026-07-16 19:00:08+00:00,97.0,88.0,,21.0193481,73.134771,29.799999237060547,-0.928,-0.252,-0.123,,0.0,0.0,0.0,,,,,0.0,0.0,30.0,0.0,0.0,0.0,88.0,36.5,2
19145,SO-0501,ASI Nidhi Vaghela,ASI,35,2026-07-16 19:00:39+00:00,97.0,88.0,,21.0193462,73.1347702,29.799999237060547,-0.94,-0.244,-0.078,,0.0,0.0,0.0,,,,,0.0,0.0,31.0,-1.8999999973345896e-06,-7.999999951380232e-07,0.03,88.0,36.5,2
19147,SO-0501,ASI Nidhi Vaghela,ASI,35,2026-07-16 19:01:11+00:00,83.0,87.0,,21.0193462,73.1347702,29.799999237060547,-0.962,-0.218,0.031,,0.0,0.0,0.0,,,,,0.0,0.0,32.0,0.0,0.0,0.0,87.0,36.5,0
19149,SO-0501,ASI Nidhi Vaghela,ASI,35,2026-07-16 19:01:38+00:00,87.0,86.0,,21.0193477,73.1347711,29.799999237060547,-0.962,-0.226,0.093,,0.0,0.0,0.0,,,,,0.0,0.0,27.0,1.4999999997655775e-06,8.999999892012056e-07,0.03,86.0,36.5,0
19151,SO-0501,ASI Nidhi Vaghela,ASI,35,2026-07-16 19:02:08+00:00,87.0,88.0,,21.0193466,73.1347706,29.799999237060547,-0.951,-0.22,-0.087,,0.0,0.0,0.0,,,,,0.0,0.0,30.0,-1.100000002196566e-06,-4.999999987376214e-07,0.02,88.0,36.5,0
19153,SO-0501,ASI Nidhi Vaghela,ASI,35,2026-07-16 19:02:38+00:00,81.0,87.0,,21.0193474,73.1347711,29.799999237060547,-0.911,-0.24,-0.239,,0.0,0.0,0.0,,,,,0.0,0.0,30.0,8.000000022434506e-07,4.999999987376214e-07,0.01,87.0,36.5,0
19155,SO-0501,ASI Nidhi Vaghela,ASI,35,2026-07-16 19:03:08+00:00,83.0,88.0,,21.0193477,73.1347711,29.799999237060547,-0.962,-0.217,0.037,,0.0,0.0,0.0,,,,,0.0,0.0,30.0,2.999999999531156e-07,0.0,0.0,88.0,36.5,0
19157,SO-0501,ASI Nidhi Vaghela,ASI,35,2026-07-16 19:03:38+00:00,82.0,88.0,,21.019347,73.1347709,29.799999237060547,-0.96,-0.208,-0.023,,0.0,0.0,0.0,,,,,0.0,0.0,30.0,-7.000000010748408e-07,-1.9999998812636477e-07,0.01,88.0,36.5,0
19159,SO-0501,ASI Nidhi Vaghela,ASI,35,2026-07-16 19:04:08+00:00,82.0,88.0,,21.019347,73.1347709,29.799999237060547,-0.948,-0.234,0.001,,0.0,0.0,0.0,,,,,0.0,0.0,30.0,0.0,0.0,0.0,88.0,36.5,0
19161,SO-0501,ASI Nidhi Vaghela,ASI,35,2026-07-16 19:04:38+00:00,82.0,88.0,,21.0193477,73.1347711,29.799999237060547,-0.951,-0.199,-0.106,,0.0,0.0,0.0,,,,,0.0,0.0,30.0,7.000000010748408e-07,1.9999998812636477e-07,0.01,88.0,36.5,0
19163,SO-0501,ASI Nidhi Vaghela,ASI,35,2026-07-16 19:05:08+00:00,88.0,88.0,,21.0193481,73.134771,29.799999237060547,-0.944,-0.205,-0.135,,0.0,0.0,0.0,,,,,0.0,0.0,30.0,3.999999975690116e-07,-9.999999406318238e-08,0.01,88.0,36.5,0
19165,SO-0501,ASI Nidhi Vaghela,ASI,35,2026-07-16 19:05:39+00:00,88.0,88.0,,21.0193474,73.1347711,29.799999237060547,-0.933,-0.208,-0.167,,0.0,0.0,0.0,,,,,0.0,0.0,31.0,-6.999999975221272e-07,9.999999406318238e-08,0.01,88.0,36.5,0
19167,SO-0501,ASI Nidhi Vaghela,ASI,35,2026-07-16 19:06:08+00:00,88.0,86.0,,21.0193466,73.1347706,29.799999237060547,-0.478,-0.458,-0.667,,0.0,0.0,0.0,,,,,0.0,0.0,29.0,-8.000000022434506e-07,-4.999999987376214e-07,0.01,86.0,36.5,0
19169,SO-0501,ASI Nidhi Vaghela,ASI,35,2026-07-16 19:06:38+00:00,88.0,88.0,,21.0193477,73.1347711,29.799999237060547,-0.449,-0.42,-0.693,,0.0,0.0,0.0,,,,,0.0,0.0,30.0,1.100000002196566e-06,4.999999987376214e-07,0.02,88.0,36.5,0
19171,SO-0501,ASI Nidhi Vaghela,ASI,35,2026-07-16 19:07:08+00:00,88.0,88.0,,21.0193474,73.1347711,29.799999237060547,-0.411,-0.566,-0.631,,0.0,0.0,0.0,,,,,0.0,0.0,30.0,-2.999999999531156e-07,0.0,0.0,88.0,36.5,0
19173,SO-0501,ASI Nidhi Vaghela,ASI,35,2026-07-16 19:07:38+00:00,96.0,87.0,,21.0193463,73.1347699,29.799999237060547,-0.665,-0.374,-0.554,,0.0,0.0,0.0,,,,,0.0,0.0,30.0,-1.100000002196566e-06,-1.1999999998124622e-06,0.02,87.0,36.5,2
19175,SO-0501,ASI Nidhi Vaghela,ASI,35,2026-07-16 19:08:11+00:00,97.0,88.0,,21.0224095,73.1336697,29.799999237060547,-0.506,-0.419,-0.656,,0.0,0.0,0.0,,,,,0.0,0.0,33.0,0.0030631999999997,-0.0011001999999962,39.12,88.0,36.5,1
19177,SO-0501,ASI Nidhi Vaghela,ASI,35,2026-07-16 19:08:38+00:00,92.0,88.0,,21.0193481,73.134771,29.799999237060547,-0.872,-0.425,0.339,,0.0,0.0,0.0,,,,,0.0,0.0,27.0,-0.0030613999999999,0.0011013000000019,47.79,88.0,36.5,1
19179,SO-0501,ASI Nidhi Vaghela,ASI,35,2026-07-16 19:09:08+00:00,89.0,88.0,,21.0193481,73.134771,29.799999237060547,-0.509,-0.368,-0.69,,0.0,0.0,0.0,,,,,0.0,0.0,30.0,0.0,0.0,0.0,88.0,36.5,0
19181,SO-0501,ASI Nidhi Vaghela,ASI,35,2026-07-16 19:09:38+00:00,81.0,88.0,,21.0193474,73.1347711,29.799999237060547,-0.903,-0.256,-0.21,,0.0,0.0,0.0,,,,,0.0,0.0,30.0,-6.999999975221272e-07,9.999999406318238e-08,0.01,88.0,36.5,0
19183,SO-0501,ASI Nidhi Vaghela,ASI,35,2026-07-16 19:10:08+00:00,85.0,85.0,,21.0193477,73.1347711,29.799999237060547,-0.884,-0.271,-0.191,,0.0,0.0,0.0,,,,,0.0,0.0,30.0,2.999999999531156e-07,0.0,0.0,85.0,36.5,0
19185,SO-0501,ASI Nidhi Vaghela,ASI,35,2026-07-16 19:10:38+00:00,82.0,88.0,,21.0193481,73.134771,29.799999237060547,-0.96,-0.245,-0.008,,0.0,0.0,0.0,,,,,0.0,0.0,30.0,3.999999975690116e-07,-9.999999406318238e-08,0.01,88.0,36.5,0
19187,SO-0501,ASI Nidhi Vaghela,ASI,35,2026-07-16 19:11:11+00:00,89.0,88.0,,21.0224095,73.1336697,29.799999237060547,-0.911,-0.246,-0.204,,0.0,0.0,0.0,,,,,0.0,0.0,33.0,0.0030613999999999,-0.0011013000000019,39.1,88.0,36.5,1
19189,SO-0501,ASI Nidhi Vaghela,ASI,35,2026-07-16 19:11:41+00:00,89.0,88.0,,21.0193474,73.1347711,29.799999237060547,-0.782,-0.457,-0.475,,0.0,0.0,0.0,,,,,0.0,0.0,30.0,-0.0030620999999975,0.001101399999996,43.02,88.0,36.5,1
19191,SO-0501,ASI Nidhi Vaghela,ASI,35,2026-07-16 19:12:08+00:00,83.0,88.0,,21.0193481,73.134771,29.799999237060547,-0.882,-0.371,-0.329,,0.0,0.0,0.0,,,,,0.0,0.0,27.0,6.999999975221272e-07,-9.999999406318238e-08,0.01,88.0,36.5,0
19193,SO-0501,ASI Nidhi Vaghela,ASI,35,2026-07-16 19:12:38+00:00,92.0,88.0,,21.0193477,73.1347711,29.799999237060547,-0.386,-0.617,-0.589,,0.0,0.0,0.0,,,,,0.0,0.0,30.0,-3.999999975690116e-07,9.999999406318238e-08,0.01,88.0,36.5,2
19195,SO-0501,ASI Nidhi Vaghela,ASI,35,2026-07-16 19:13:11+00:00,92.0,88.0,,21.0224095,73.1336697,29.799999237060547,-0.6,-0.411,-0.606,,0.0,0.0,0.0,,,,,0.0,0.0,33.0,0.0030617999999975,-0.001101399999996,39.11,88.0,36.5,1
19197,SO-0501,ASI Nidhi Vaghela,ASI,35,2026-07-16 19:13:38+00:00,93.0,88.0,,21.0193477,73.1347711,29.799999237060547,-0.471,-0.415,-0.687,,0.0,0.0,0.0,,,,,0.0,0.0,27.0,-0.0030617999999975,0.001101399999996,47.8,88.0,36.5,1
19199,SO-0501,ASI Nidhi Vaghela,ASI,35,2026-07-16 19:14:08+00:00,82.0,88.0,,21.0193477,73.1347711,29.799999237060547,-0.877,-0.261,-0.294,,0.0,0.0,0.0,,,,,0.0,0.0,30.0,0.0,0.0,0.0,88.0,36.5,0
19201,SO-0501,ASI Nidhi Vaghela,ASI,35,2026-07-16 19:14:38+00:00,82.0,88.0,,21.0193477,73.1347711,29.799999237060547,-0.37,-0.598,-0.609,,0.0,0.0,0.0,,,,,0.0,0.0,30.0,0.0,0.0,0.0,88.0,36.5,0
19203,SO-0501,ASI Nidhi Vaghela,ASI,35,2026-07-16 19:15:08+00:00,97.0,88.0,,21.0193481,73.134771,29.799999237060547,-0.641,-0.404,-0.557,,0.0,0.0,0.0,,,,,0.0,0.0,30.0,3.999999975690116e-07,-9.999999406318238e-08,0.01,88.0,36.5,2
19205,SO-0501,ASI Nidhi Vaghela,ASI,35,2026-07-16 19:15:38+00:00,97.0,88.0,,21.0193482,73.1347708,29.799999237060547,-0.907,-0.271,-0.185,,0.0,0.0,0.0,,,,,0.0,0.0,30.0,1.0000000116860974e-07,-2.0000000233721948e-07,0.0,88.0,36.5,2
19207,SO-0501,ASI Nidhi Vaghela,ASI,35,2026-07-16 19:16:09+00:00,97.0,88.0,,21.0193482,73.1347707,29.799999237060547,-0.458,-0.56,-0.626,,0.0,0.0,0.0,,,,,0.0,0.0,31.0,0.0,-9.999999406318238e-08,0.0,88.0,36.5,2
19209,SO-0501,ASI Nidhi Vaghela,ASI,35,2026-07-16 19:16:38+00:00,85.0,85.0,,21.019348,73.1347706,29.799999237060547,-0.914,-0.287,-0.05,,0.0,0.0,0.0,,,,,0.0,0.0,29.0,-1.999999987845058e-07,-1.000000082740371e-07,0.0,85.0,36.5,0
19211,SO-0501,ASI Nidhi Vaghela,ASI,35,2026-07-16 19:17:08+00:00,85.0,88.0,,21.0193481,73.134771,29.799999237060547,-0.894,-0.318,-0.164,,0.0,0.0,0.0,,,,,0.0,0.0,30.0,9.999999761589606e-08,4.0000000467443897e-07,0.01,88.0,36.5,0
19213,SO-0501,ASI Nidhi Vaghela,ASI,35,2026-07-16 19:17:38+00:00,83.0,88.0,,21.019348,73.1347706,29.799999237060547,-0.386,-0.555,-0.656,,0.0,0.0,0.0,,,,,0.0,0.0,30.0,-9.999999761589606e-08,-4.0000000467443897e-07,0.01,88.0,36.5,0
19215,SO-0501,ASI Nidhi Vaghela,ASI,35,2026-07-16 19:18:11+00:00,83.0,84.0,,21.0224095,73.1336697,29.799999237060547,-0.364,-0.567,-0.657,,0.0,0.0,0.0,,,,,0.0,0.0,33.0,0.0030614999999976,-0.0011008999999972,39.1,84.0,36.5,1
19217,SO-0501,ASI Nidhi Vaghela,ASI,35,2026-07-16 19:18:38+00:00,89.0,88.0,,21.0193482,73.1347708,29.799999237060547,-0.923,-0.287,-0.119,,0.0,0.0,0.0,,,,,0.0,0.0,27.0,-0.0030612999999988,0.0011010999999996,47.79,88.0,36.5,1
19219,SO-0501,ASI Nidhi Vaghela,ASI,35,2026-07-16 19:19:08+00:00,95.0,88.0,,21.0193482,73.1347707,29.799999237060547,-0.408,-0.556,-0.655,,0.0,0.0,0.0,,,,,0.0,0.0,30.0,0.0,-9.999999406318238e-08,0.0,88.0,36.5,2
19221,SO-0501,ASI Nidhi Vaghela,ASI,35,2026-07-16 19:19:38+00:00,99.0,88.0,,21.0193482,73.1347707,29.799999237060547,-0.681,-0.453,-0.458,,0.0,0.0,0.0,,,,,0.0,0.0,30.0,0.0,0.0,0.0,88.0,36.5,2
19223,SO-0501,ASI Nidhi Vaghela,ASI,35,2026-07-16 19:20:08+00:00,88.0,87.0,,21.0193482,73.1347708,29.799999237060547,-0.425,-0.554,-0.638,,0.0,0.0,0.0,,,,,0.0,0.0,30.0,0.0,9.999999406318238e-08,0.0,87.0,36.5,0
19225,SO-0501,ASI Nidhi Vaghela,ASI,35,2026-07-16 19:20:38+00:00,89.0,85.0,,21.0193481,73.134771,29.799999237060547,-0.893,-0.327,-0.184,,0.0,0.0,0.0,,,,,0.0,0.0,30.0,-1.0000000116860974e-07,2.0000000233721948e-07,0.0,85.0,36.5,0
19227,SO-0501,ASI Nidhi Vaghela,ASI,35,2026-07-16 19:21:08+00:00,97.0,88.0,,21.0193474,73.1347711,29.799999237060547,-0.854,-0.285,-0.301,,0.0,0.0,0.0,,,,,0.0,0.0,30.0,-6.999999975221272e-07,9.999999406318238e-08,0.01,88.0,36.5,2
19229,SO-0501,ASI Nidhi Vaghela,ASI,35,2026-07-16 19:21:41+00:00,88.0,84.0,,21.0193474,73.1347711,29.799999237060547,-0.91,-0.356,0.595,,0.0,0.0,0.0,,,,,0.0,0.0,33.0,0.0,0.0,0.0,84.0,36.5,0
19231,SO-0501,ASI Nidhi Vaghela,ASI,35,2026-07-16 19:22:11+00:00,84.0,68.0,,21.0193481,73.134771,29.799999237060547,-0.905,-0.177,-0.27,,0.0,0.0,0.0,,,,,0.0,0.0,30.0,6.999999975221272e-07,-9.999999406318238e-08,0.01,68.0,36.5,0
19233,SO-0501,ASI Nidhi Vaghela,ASI,35,2026-07-16 19:22:38+00:00,97.0,87.0,,21.0193449,73.1347655,29.799999237060547,-0.661,-0.207,-0.596,,0.0,0.0,0.0,,,,,0.0,0.0,27.0,-3.1999999983156613e-06,-5.50000000032469e-06,0.09,87.0,36.5,2
19235,SO-0501,ASI Nidhi Vaghela,ASI,35,2026-07-16 19:23:09+00:00,88.0,87.0,,21.0193462,73.1347702,29.799999237060547,-0.817,-0.425,-0.183,,0.0,0.0,0.0,,,,,0.0,0.0,31.0,1.300000000981072e-06,4.700000005186666e-06,0.06,87.0,36.5,0
19237,SO-0501,ASI Nidhi Vaghela,ASI,35,2026-07-16 19:23:38+00:00,83.0,83.0,,21.0193474,73.1347711,29.799999237060547,-0.284,0.5,0.907,,0.0,0.0,0.0,,,,,0.0,0.0,29.0,1.1999999998124622e-06,8.999999892012056e-07,0.02,83.0,36.5,0
19239,SO-0501,ASI Nidhi Vaghela,ASI,35,2026-07-16 19:24:08+00:00,83.0,88.0,,21.0193474,73.1347711,29.799999237060547,-0.696,0.004,0.848,,0.0,0.0,0.0,,,,,0.0,0.0,30.0,0.0,0.0,0.0,88.0,36.5,0
19241,SO-0501,ASI Nidhi Vaghela,ASI,35,2026-07-16 19:24:41+00:00,87.0,88.0,,21.0193481,73.134771,29.799999237060547,-0.376,0.657,0.739,,0.0,0.0,0.0,,,,,0.0,0.0,33.0,6.999999975221272e-07,-9.999999406318238e-08,0.01,88.0,36.5,0
19243,SO-0501,ASI Nidhi Vaghela,ASI,35,2026-07-16 19:25:09+00:00,86.0,88.0,,21.0193477,73.1347711,29.799999237060547,-0.278,0.649,0.786,,0.0,0.0,0.0,,,,,0.0,0.0,28.0,-3.999999975690116e-07,9.999999406318238e-08,0.01,88.0,36.5,0
19245,SO-0501,ASI Nidhi Vaghela,ASI,35,2026-07-16 19:25:38+00:00,98.0,88.0,,21.0193481,73.134771,29.799999237060547,-0.299,0.688,0.758,,0.0,0.0,0.0,,,,,0.0,0.0,29.0,3.999999975690116e-07,-9.999999406318238e-08,0.01,88.0,36.5,2
19247,SO-0501,ASI Nidhi Vaghela,ASI,35,2026-07-16 19:26:08+00:00,98.0,88.0,,21.0193477,73.1347711,29.799999237060547,-0.334,0.662,0.754,,0.0,0.0,0.0,,,,,0.0,0.0,30.0,-3.999999975690116e-07,9.999999406318238e-08,0.01,88.0,36.5,2
19249,SO-0501,ASI Nidhi Vaghela,ASI,35,2026-07-16 19:26:38+00:00,96.0,85.0,,21.0193474,73.1347711,29.799999237060547,-0.72,-0.194,-0.544,,0.0,0.0,0.0,,,,,0.0,0.0,30.0,-2.999999999531156e-07,0.0,0.0,85.0,36.5,2
19251,SO-0501,ASI Nidhi Vaghela,ASI,35,2026-07-16 19:27:08+00:00,96.0,88.0,,21.0193481,73.134771,29.799999237060547,-0.053,0.733,0.775,,0.0,0.0,0.0,,,,,0.0,0.0,30.0,6.999999975221272e-07,-9.999999406318238e-08,0.01,88.0,36.5,2
19253,SO-0501,ASI Nidhi Vaghela,ASI,35,2026-07-16 19:27:41+00:00,81.0,69.0,,21.0224095,73.1336697,29.799999237060547,-1.094,0.256,0.228,,0.0,0.0,0.0,,,,,0.0,0.0,33.0,0.0030613999999999,-0.0011013000000019,39.1,69.0,36.5,1
19255,SO-0501,ASI Nidhi Vaghela,ASI,35,2026-07-16 19:28:08+00:00,88.0,86.0,,21.0193477,73.1347711,29.799999237060547,-0.902,0.303,0.384,,0.0,0.0,0.0,,,,,0.0,0.0,27.0,-0.0030617999999975,0.001101399999996,47.8,86.0,36.5,1
19257,SO-0501,ASI Nidhi Vaghela,ASI,35,2026-07-16 19:28:38+00:00,88.0,86.0,,21.019347,73.1347709,29.799999237060547,-0.989,0.149,0.114,,0.0,0.0,0.0,,,,,0.0,0.0,30.0,-7.000000010748408e-07,-1.9999998812636477e-07,0.01,86.0,36.5,0
19259,SO-0501,ASI Nidhi Vaghela,ASI,35,2026-07-16 19:29:08+00:00,94.0,88.0,,21.0193459,73.1347695,29.799999237060547,0.037,0.854,0.618,,0.0,0.0,0.0,,,,,0.0,0.0,30.0,-1.0999999986438525e-06,-1.4000000021496817e-06,0.02,88.0,36.5,2
19261,SO-0501,ASI Nidhi Vaghela,ASI,35,2026-07-16 19:29:41+00:00,81.0,84.0,,21.0224095,73.1336697,29.799999237060547,0.357,0.889,0.518,,0.0,0.0,0.0,,,,,0.0,0.0,33.0,0.0030635999999972,-0.0010998000000057,39.12,84.0,36.5,1
19263,SO-0501,ASI Nidhi Vaghela,ASI,35,2026-07-16 19:30:08+00:00,86.0,88.0,,21.0193466,73.1347706,29.799999237060547,0.183,0.896,0.497,,0.0,0.0,0.0,,,,,0.0,0.0,27.0,-0.0030628999999997,0.0011008999999972,47.81,88.0,36.5,1
19265,SO-0501,ASI Nidhi Vaghela,ASI,35,2026-07-16 19:30:38+00:00,86.0,88.0,,21.0193481,73.134771,29.799999237060547,0.161,0.88,0.536,,0.0,0.0,0.0,,,,,0.0,0.0,30.0,1.4999999997655775e-06,4.0000000467443897e-07,0.02,88.0,36.5,0
19267,SO-0501,ASI Nidhi Vaghela,ASI,35,2026-07-16 19:31:08+00:00,90.0,79.0,,21.0193482,73.1347707,29.799999237060547,0.214,0.889,0.494,,0.0,0.0,0.0,,,,,0.0,0.0,30.0,1.0000000116860974e-07,-2.999999964004019e-07,0.0,79.0,36.5,0
19269,SO-0501,ASI Nidhi Vaghela,ASI,35,2026-07-16 19:31:38+00:00,96.0,58.0,,21.0193481,73.134771,29.799999237060547,0.213,0.865,0.551,,0.0,0.0,0.0,,,,,0.0,0.0,30.0,-1.0000000116860974e-07,2.999999964004019e-07,0.0,58.0,36.5,2
19272,SO-0501,ASI Nidhi Vaghela,ASI,35,2026-07-16 19:32:08+00:00,82.0,88.0,,21.0193481,73.134771,29.799999237060547,-0.457,0.734,0.595,,0.0,0.0,0.0,,,,,0.0,0.0,30.0,0.0,0.0,0.0,88.0,36.5,0
19275,SO-0501,ASI Nidhi Vaghela,ASI,35,2026-07-16 19:32:38+00:00,85.0,88.0,,21.0193481,73.134771,29.799999237060547,-0.263,0.792,0.64,,0.0,0.0,0.0,,,,,0.0,0.0,30.0,0.0,0.0,0.0,88.0,36.5,0
19278,SO-0501,ASI Nidhi Vaghela,ASI,35,2026-07-16 19:33:08+00:00,85.0,87.0,,21.0193481,73.134771,29.799999237060547,-0.257,0.786,0.649,,0.0,0.0,0.0,,,,,0.0,0.0,30.0,0.0,0.0,0.0,87.0,36.5,0
19281,SO-0501,ASI Nidhi Vaghela,ASI,35,2026-07-16 19:33:38+00:00,88.0,88.0,,21.0193474,73.1347711,29.799999237060547,-0.216,0.779,0.678,,0.0,0.0,0.0,,,,,0.0,0.0,30.0,-6.999999975221272e-07,9.999999406318238e-08,0.01,88.0,36.5,0
19284,SO-0501,ASI Nidhi Vaghela,ASI,35,2026-07-16 19:34:11+00:00,88.0,88.0,,21.0224095,73.1336697,29.799999237060547,-0.321,0.756,0.664,,0.0,0.0,0.0,,,,,0.0,0.0,33.0,0.0030620999999975,-0.001101399999996,39.11,88.0,36.5,1
19287,SO-0501,ASI Nidhi Vaghela,ASI,35,2026-07-16 19:34:41+00:00,87.0,88.0,,21.0193472,73.1347707,29.799999237060547,-0.945,-0.307,-0.031,,0.0,0.0,0.0,,,,,0.0,0.0,30.0,-0.0030622999999998,0.0011010000000055,43.02,88.0,36.5,1
19290,SO-0501,ASI Nidhi Vaghela,ASI,35,2026-07-16 19:35:11+00:00,88.0,87.0,,21.0224095,73.1336697,29.799999237060547,-0.966,-0.124,-0.178,,0.0,0.0,0.0,,,,,0.0,0.0,30.0,0.0030622999999998,-0.0011010000000055,43.02,87.0,36.5,1
19292,SO-0501,ASI Nidhi Vaghela,ASI,35,2026-07-16 19:35:41+00:00,95.0,86.0,,21.0193481,73.1347708,29.799999237060547,-0.257,0.937,0.337,,0.0,0.0,0.0,,,,,0.0,0.0,30.0,-0.0030613999999999,0.0011010999999996,43.01,86.0,36.5,1
19294,SO-0501,ASI Nidhi Vaghela,ASI,35,2026-07-16 19:36:08+00:00,87.0,88.0,,21.0193477,73.1347711,29.799999237060547,-0.953,-0.117,-0.215,,0.0,0.0,0.0,,,,,0.0,0.0,27.0,-3.999999975690116e-07,2.999999964004019e-07,0.01,88.0,36.5,0
19296,SO-0501,ASI Nidhi Vaghela,ASI,35,2026-07-16 19:36:38+00:00,92.0,88.0,,21.0193477,73.1347711,29.799999237060547,-0.67,-0.154,0.835,,0.0,0.0,0.0,,,,,0.0,0.0,30.0,0.0,0.0,0.0,88.0,36.5,2
19298,SO-0501,ASI Nidhi Vaghela,ASI,35,2026-07-16 19:37:08+00:00,87.0,83.0,,21.0193481,73.134771,29.799999237060547,0.187,0.875,0.549,,0.0,0.0,0.0,,,,,0.0,0.0,30.0,3.999999975690116e-07,-9.999999406318238e-08,0.01,83.0,36.5,0
19300,SO-0501,ASI Nidhi Vaghela,ASI,35,2026-07-16 19:37:39+00:00,85.0,87.0,,21.0193474,73.1347711,29.799999237060547,-0.622,0.489,0.69,,0.0,0.0,0.0,,,,,0.0,0.0,31.0,-6.999999975221272e-07,9.999999406318238e-08,0.01,87.0,36.5,0
19302,SO-0501,ASI Nidhi Vaghela,ASI,35,2026-07-16 19:38:08+00:00,83.0,88.0,,21.0193482,73.1347708,29.799999237060547,-0.124,0.845,0.605,,0.0,0.0,0.0,,,,,0.0,0.0,29.0,7.999999986907369e-07,-2.999999964004019e-07,0.01,88.0,36.5,0
19304,SO-0501,ASI Nidhi Vaghela,ASI,35,2026-07-16 19:38:39+00:00,100.0,83.0,,21.0193462,73.1347702,29.799999237060547,0.004,0.689,0.705,,0.0,0.0,0.0,,,,,0.0,0.0,31.0,-1.999999998503199e-06,-5.999999928008037e-07,0.03,83.0,36.5,2
19306,SO-0501,ASI Nidhi Vaghela,ASI,35,2026-07-16 19:39:09+00:00,100.0,88.0,,21.0193482,73.1347707,29.799999237060547,-0.826,0.353,0.895,,0.0,0.0,0.0,,,,,0.0,0.0,30.0,1.999999998503199e-06,4.999999987376214e-07,0.03,88.0,36.5,2
19308,SO-0501,ASI Nidhi Vaghela,ASI,35,2026-07-16 19:39:39+00:00,91.0,88.0,,21.0193477,73.1347711,29.799999237060547,-0.125,0.781,0.702,,0.0,0.0,0.0,,,,,0.0,0.0,30.0,-4.999999987376214e-07,3.9999999046358425e-07,0.01,88.0,36.5,2
19310,SO-0501,ASI Nidhi Vaghela,ASI,35,2026-07-16 19:40:09+00:00,91.0,88.0,,21.0193482,73.1347707,29.799999237060547,-0.07,0.766,0.728,,0.0,0.0,0.0,,,,,0.0,0.0,30.0,4.999999987376214e-07,-3.9999999046358425e-07,0.01,88.0,36.5,2
19312,SO-0501,ASI Nidhi Vaghela,ASI,35,2026-07-16 19:40:40+00:00,91.0,88.0,,21.0193482,73.1347708,29.799999237060547,-0.063,0.757,0.749,,0.0,0.0,0.0,,,,,0.0,0.0,31.0,0.0,9.999999406318238e-08,0.0,88.0,36.5,2
19314,SO-0501,ASI Nidhi Vaghela,ASI,35,2026-07-16 19:41:11+00:00,91.0,81.0,,21.0224095,73.1336697,29.799999237060547,-0.988,0.196,0.016,,0.0,0.0,0.0,,,,,0.0,0.0,31.0,0.0030612999999988,-0.0011010999999996,41.62,81.0,36.5,1
19316,SO-0501,ASI Nidhi Vaghela,ASI,35,2026-07-16 19:41:41+00:00,94.0,86.0,,21.019348,73.134771,29.799999237060547,-0.635,-0.463,0.152,,0.0,0.0,0.0,,,,,0.0,0.0,30.0,-0.0030614999999976,0.0011013000000019,43.01,86.0,36.5,1
19318,SO-0501,ASI Nidhi Vaghela,ASI,35,2026-07-16 19:42:08+00:00,86.0,88.0,,21.0193482,73.1347707,29.799999237060547,-0.953,0.215,0.024,,0.0,0.0,0.0,,,,,0.0,0.0,27.0,1.999999987845058e-07,-2.999999964004019e-07,0.01,88.0,36.5,0
19320,SO-0501,ASI Nidhi Vaghela,ASI,35,2026-07-16 19:42:38+00:00,86.0,87.0,,21.0193481,73.134771,29.799999237060547,-0.953,0.234,0.191,,0.0,0.0,0.0,,,,,0.0,0.0,30.0,-1.0000000116860974e-07,2.999999964004019e-07,0.0,87.0,36.5,0
19322,SO-0501,ASI Nidhi Vaghela,ASI,35,2026-07-16 19:43:08+00:00,96.0,88.0,,21.0193482,73.1347708,29.799999237060547,-0.854,-0.259,-0.359,,0.0,0.0,0.0,,,,,0.0,0.0,30.0,1.0000000116860974e-07,-2.0000000233721948e-07,0.0,88.0,36.5,2
19324,SO-0501,ASI Nidhi Vaghela,ASI,35,2026-07-16 19:43:39+00:00,96.0,88.0,,21.0193477,73.1347711,29.799999237060547,-0.946,0.202,-0.141,,0.0,0.0,0.0,,,,,0.0,0.0,31.0,-4.999999987376214e-07,2.999999964004019e-07,0.01,88.0,36.5,2
19326,SO-0501,ASI Nidhi Vaghela,ASI,35,2026-07-16 19:44:08+00:00,83.0,88.0,,21.0193481,73.134771,29.799999237060547,-0.833,-0.589,-0.283,,0.0,0.0,0.0,,,,,0.0,0.0,29.0,3.999999975690116e-07,-9.999999406318238e-08,0.01,88.0,36.5,0
19328,SO-0501,ASI Nidhi Vaghela,ASI,35,2026-07-16 19:44:39+00:00,99.0,86.0,,21.0193482,73.1347708,29.799999237060547,-0.989,0.093,0.111,,0.0,0.0,0.0,,,,,0.0,0.0,31.0,1.0000000116860974e-07,-2.0000000233721948e-07,0.0,86.0,36.5,2
19330,SO-0501,ASI Nidhi Vaghela,ASI,35,2026-07-16 19:45:08+00:00,99.0,87.0,,21.0193475,73.1347705,29.799999237060547,-0.909,0.261,-0.228,,0.0,0.0,0.0,,,,,0.0,0.0,29.0,-7.000000010748408e-07,-2.999999964004019e-07,0.01,87.0,36.5,2
19332,SO-0501,ASI Nidhi Vaghela,ASI,35,2026-07-16 19:45:39+00:00,83.0,88.0,,21.0193482,73.1347708,29.799999237060547,-0.935,0.178,-0.191,,0.0,0.0,0.0,,,,,0.0,0.0,31.0,7.000000010748408e-07,2.999999964004019e-07,0.01,88.0,36.5,0
19334,SO-0501,ASI Nidhi Vaghela,ASI,35,2026-07-16 19:46:09+00:00,85.0,88.0,,21.019348,73.1347706,29.799999237060547,-0.774,0.118,0.673,,0.0,0.0,0.0,,,,,0.0,0.0,30.0,-1.999999987845058e-07,-2.0000000233721948e-07,0.0,88.0,36.5,0
19336,SO-0501,ASI Nidhi Vaghela,ASI,35,2026-07-16 19:46:41+00:00,82.0,87.0,,21.0224095,73.1336697,29.799999237060547,-0.97,0.144,-0.062,,0.0,0.0,0.0,,,,,0.0,0.0,32.0,0.0030614999999976,-0.0011008999999972,40.32,87.0,36.5,1
19338,SO-0501,ASI Nidhi Vaghela,ASI,35,2026-07-16 19:47:09+00:00,82.0,88.0,,21.0193481,73.134771,29.799999237060547,-0.965,0.064,-0.261,,0.0,0.0,0.0,,,,,0.0,0.0,28.0,-0.0030613999999999,0.0011013000000019,46.08,88.0,36.5,1
19340,SO-0501,ASI Nidhi Vaghela,ASI,35,2026-07-16 19:47:38+00:00,100.0,88.0,,21.0193482,73.1347707,29.799999237060547,-0.793,-0.005,0.666,,0.0,0.0,0.0,,,,,0.0,0.0,29.0,1.0000000116860974e-07,-2.999999964004019e-07,0.0,88.0,36.5,2
19342,SO-0501,ASI Nidhi Vaghela,ASI,35,2026-07-16 19:48:11+00:00,93.0,88.0,,21.0224095,73.1336697,29.799999237060547,-0.709,0.052,0.797,,0.0,0.0,0.0,,,,,0.0,0.0,33.0,0.0030612999999988,-0.0011010000000055,39.1,88.0,36.5,1
19344,SO-0501,ASI Nidhi Vaghela,ASI,35,2026-07-16 19:48:41+00:00,93.0,88.0,,21.0224095,73.1336697,29.799999237060547,-0.773,0.081,0.81,,0.0,0.0,0.0,,,,,0.0,0.0,30.0,0.0,0.0,0.0,88.0,36.5,2
19346,SO-0501,ASI Nidhi Vaghela,ASI,35,2026-07-16 19:49:11+00:00,100.0,81.0,,21.0224095,73.1336697,29.799999237060547,-0.659,0.022,0.843,,0.0,0.0,0.0,,,,,0.0,0.0,30.0,0.0,0.0,0.0,81.0,36.5,2
19348,SO-0501,ASI Nidhi Vaghela,ASI,35,2026-07-16 19:49:41+00:00,98.0,87.0,,21.0224095,73.1336697,29.799999237060547,-0.592,0.105,0.955,,0.0,0.0,0.0,,,,,0.0,0.0,30.0,0.0,0.0,0.0,87.0,36.5,2
19350,SO-0501,ASI Nidhi Vaghela,ASI,35,2026-07-16 19:50:11+00:00,85.0,84.0,,21.0224095,73.1336697,29.799999237060547,-0.97,0.181,0.073,,0.0,0.0,0.0,,,,,0.0,0.0,30.0,0.0,0.0,0.0,84.0,36.5,0
19352,SO-0501,ASI Nidhi Vaghela,ASI,35,2026-07-16 19:50:41+00:00,84.0,88.0,,21.0224095,73.1336697,29.799999237060547,-0.224,-0.834,0.585,,0.0,0.0,0.0,,,,,0.0,0.0,30.0,0.0,0.0,0.0,88.0,36.5,0
19354,SO-0501,ASI Nidhi Vaghela,ASI,35,2026-07-16 19:51:11+00:00,99.0,80.0,,21.0224095,73.1336697,29.799999237060547,-0.509,0.056,0.851,,0.0,0.0,0.0,,,,,0.0,0.0,30.0,0.0,0.0,0.0,80.0,36.5,2
19356,SO-0501,ASI Nidhi Vaghela,ASI,35,2026-07-16 19:51:41+00:00,86.0,88.0,,21.0224095,73.1336697,29.799999237060547,-0.925,0.239,0.179,,0.0,0.0,0.0,,,,,0.0,0.0,30.0,0.0,0.0,0.0,88.0,36.5,0
19358,SO-0501,ASI Nidhi Vaghela,ASI,35,2026-07-16 19:52:11+00:00,86.0,88.0,,21.0224095,73.1336697,29.799999237060547,-0.431,0.196,0.957,,0.0,0.0,0.0,,,,,0.0,0.0,30.0,0.0,0.0,0.0,88.0,36.5,0
19360,SO-0501,ASI Nidhi Vaghela,ASI,35,2026-07-16 19:52:41+00:00,84.0,88.0,,21.0224095,73.1336697,29.799999237060547,-0.748,0.345,0.647,,0.0,0.0,0.0,,,,,0.0,0.0,30.0,0.0,0.0,0.0,88.0,36.5,0
19362,SO-0501,ASI Nidhi Vaghela,ASI,35,2026-07-16 19:53:11+00:00,92.0,88.0,,21.0224095,73.1336697,29.799999237060547,-0.89,0.298,0.406,,0.0,0.0,0.0,,,,,0.0,0.0,30.0,0.0,0.0,0.0,88.0,36.5,2
19364,SO-0501,ASI Nidhi Vaghela,ASI,35,2026-07-16 19:53:41+00:00,83.0,88.0,,21.0224095,73.1336697,29.799999237060547,-0.964,0.215,0.154,,0.0,0.0,0.0,,,,,0.0,0.0,30.0,0.0,0.0,0.0,88.0,36.5,0
19365,SO-0501,ASI Nidhi Vaghela,ASI,35,2026-07-16 19:54:11+00:00,83.0,88.0,,21.0224095,73.1336697,29.799999237060547,-0.973,-0.037,-0.165,,0.0,0.0,0.0,,,,,0.0,0.0,30.0,0.0,0.0,0.0,88.0,36.5,0
19367,SO-0501,ASI Nidhi Vaghela,ASI,35,2026-07-16 19:54:41+00:00,83.0,88.0,,21.0224095,73.1336697,29.799999237060547,-0.755,0.45,0.507,,0.0,0.0,0.0,,,,,0.0,0.0,30.0,0.0,0.0,0.0,88.0,36.5,0
19370,SO-0501,ASI Nidhi Vaghela,ASI,35,2026-07-16 19:55:11+00:00,86.0,73.0,,21.0224095,73.1336697,29.799999237060547,-0.951,0.222,0.007,,0.0,0.0,0.0,,,,,0.0,0.0,30.0,0.0,0.0,0.0,73.0,36.5,0
19372,SO-0501,ASI Nidhi Vaghela,ASI,35,2026-07-16 19:55:41+00:00,86.0,88.0,,21.0224095,73.1336697,29.799999237060547,-0.951,0.173,-0.103,,0.0,0.0,0.0,,,,,0.0,0.0,30.0,0.0,0.0,0.0,88.0,36.5,0
19374,SO-0501,ASI Nidhi Vaghela,ASI,35,2026-07-16 19:56:11+00:00,86.0,88.0,,21.0224095,73.1336697,29.799999237060547,-0.928,0.31,-0.046,,0.0,0.0,0.0,,,,,0.0,0.0,30.0,0.0,0.0,0.0,88.0,36.5,0
19376,SO-0501,ASI Nidhi Vaghela,ASI,35,2026-07-16 19:56:41+00:00,86.0,86.0,,21.0224095,73.1336697,29.799999237060547,-0.917,-0.129,-0.221,,0.0,0.0,0.0,,,,,0.0,0.0,30.0,0.0,0.0,0.0,86.0,36.5,0
19378,SO-0501,ASI Nidhi Vaghela,ASI,35,2026-07-16 19:57:11+00:00,86.0,87.0,,21.0224095,73.1336697,29.799999237060547,-0.948,0.229,0.016,,0.0,0.0,0.0,,,,,0.0,0.0,30.0,0.0,0.0,0.0,87.0,36.5,0
19380,SO-0501,ASI Nidhi Vaghela,ASI,35,2026-07-16 19:57:41+00:00,86.0,88.0,,21.0224095,73.1336697,29.799999237060547,-0.931,-0.006,-0.252,,0.0,0.0,0.0,,,,,0.0,0.0,30.0,0.0,0.0,0.0,88.0,36.5,0
19382,SO-0501,ASI Nidhi Vaghela,ASI,35,2026-07-16 19:58:11+00:00,92.0,86.0,,21.0224095,73.1336697,29.799999237060547,-0.918,-0.006,-0.309,,0.0,0.0,0.0,,,,,0.0,0.0,30.0,0.0,0.0,0.0,86.0,36.5,2
19384,SO-0501,ASI Nidhi Vaghela,ASI,35,2026-07-16 19:58:41+00:00,82.0,87.0,,21.0224095,73.1336697,29.799999237060547,-0.89,0.279,-0.193,,0.0,0.0,0.0,,,,,0.0,0.0,30.0,0.0,0.0,0.0,87.0,36.5,0
19386,SO-0501,ASI Nidhi Vaghela,ASI,35,2026-07-16 19:59:11+00:00,86.0,88.0,,21.0224095,73.1336697,29.799999237060547,-0.962,0.257,0.092,,0.0,0.0,0.0,,,,,0.0,0.0,30.0,0.0,0.0,0.0,88.0,36.5,0
19388,SO-0501,ASI Nidhi Vaghela,ASI,35,2026-07-16 19:59:41+00:00,97.0,84.0,,21.0224095,73.1336697,29.799999237060547,-0.456,0.322,0.908,,0.0,0.0,0.0,,,,,0.0,0.0,30.0,0.0,0.0,0.0,84.0,36.5,2
19390,SO-0501,ASI Nidhi Vaghela,ASI,35,2026-07-16 20:00:11+00:00,94.0,88.0,,21.0224095,73.1336697,29.799999237060547,-0.452,-0.879,-0.007,,0.0,0.0,0.0,,,,,0.0,0.0,30.0,0.0,0.0,0.0,88.0,36.5,2
19392,SO-0501,ASI Nidhi Vaghela,ASI,35,2026-07-16 20:00:41+00:00,83.0,84.0,,21.0224095,73.1336697,29.799999237060547,-0.958,0.292,0.108,,0.0,0.0,0.0,,,,,0.0,0.0,30.0,0.0,0.0,0.0,84.0,36.5,0
19394,SO-0501,ASI Nidhi Vaghela,ASI,35,2026-07-16 20:01:11+00:00,97.0,88.0,,21.0224095,73.1336697,29.799999237060547,-0.459,0.626,0.822,,0.0,0.0,0.0,,,,,0.0,0.0,30.0,0.0,0.0,0.0,88.0,36.5,2
19396,SO-0501,ASI Nidhi Vaghela,ASI,35,2026-07-16 20:01:41+00:00,85.0,87.0,,21.0224095,73.1336697,29.799999237060547,-0.945,0.159,-0.021,,0.0,0.0,0.0,,,,,0.0,0.0,30.0,0.0,0.0,0.0,87.0,36.5,0
19398,SO-0501,ASI Nidhi Vaghela,ASI,35,2026-07-16 20:02:11+00:00,83.0,88.0,,21.0224095,73.1336697,29.799999237060547,-0.098,-0.99,0.144,,0.0,0.0,0.0,,,,,0.0,0.0,30.0,0.0,0.0,0.0,88.0,36.5,0
19400,SO-0501,ASI Nidhi Vaghela,ASI,35,2026-07-16 20:02:41+00:00,87.0,85.0,,21.0224095,73.1336697,29.799999237060547,-0.946,-0.224,-0.229,,0.0,0.0,0.0,,,,,0.0,0.0,30.0,0.0,0.0,0.0,85.0,36.5,0
19402,SO-0501,ASI Nidhi Vaghela,ASI,35,2026-07-16 20:03:11+00:00,87.0,80.0,,21.0224095,73.1336697,29.799999237060547,-0.94,0.267,-0.099,,0.0,0.0,0.0,,,,,0.0,0.0,30.0,0.0,0.0,0.0,80.0,36.5,0
19404,SO-0501,ASI Nidhi Vaghela,ASI,35,2026-07-16 20:03:41+00:00,92.0,88.0,,21.0224095,73.1336697,29.799999237060547,-0.991,0.313,-0.029,,0.0,0.0,0.0,,,,,0.0,0.0,30.0,0.0,0.0,0.0,88.0,36.5,2
19406,SO-0501,ASI Nidhi Vaghela,ASI,35,2026-07-16 20:04:11+00:00,94.0,88.0,,21.0224095,73.1336697,29.799999237060547,-0.73,0.128,0.873,,0.0,0.0,0.0,,,,,0.0,0.0,30.0,0.0,0.0,0.0,88.0,36.5,2
19408,SO-0501,ASI Nidhi Vaghela,ASI,35,2026-07-16 20:04:41+00:00,96.0,88.0,,21.0224095,73.1336697,29.799999237060547,-0.942,0.281,-0.027,,0.0,0.0,0.0,,,,,0.0,0.0,30.0,0.0,0.0,0.0,88.0,36.5,2
19410,SO-0501,ASI Nidhi Vaghela,ASI,35,2026-07-16 20:05:11+00:00,94.0,88.0,,21.0224095,73.1336697,29.799999237060547,-0.941,0.299,-0.03,,0.0,0.0,0.0,,,,,0.0,0.0,30.0,0.0,0.0,0.0,88.0,36.5,2
19412,SO-0501,ASI Nidhi Vaghela,ASI,35,2026-07-16 20:05:41+00:00,92.0,88.0,,21.0224095,73.1336697,29.799999237060547,-0.969,0.291,0.188,,0.0,0.0,0.0,,,,,0.0,0.0,30.0,0.0,0.0,0.0,88.0,36.5,2
19414,SO-0501,ASI Nidhi Vaghela,ASI,35,2026-07-16 20:06:11+00:00,100.0,88.0,,21.0255445,73.1325632,29.799999237060547,-0.942,0.28,0.019,,0.0,0.0,0.0,,,,,0.0,0.0,30.0,0.0031350000000003,-0.0011064999999916,43.96,88.0,36.5,1
19416,SO-0501,ASI Nidhi Vaghela,ASI,35,2026-07-16 20:06:41+00:00,83.0,88.0,,21.0255445,73.1325632,29.799999237060547,-0.933,0.323,0.095,,0.0,0.0,0.0,,,,,0.0,0.0,30.0,0.0,0.0,0.0,88.0,36.5,0
19418,SO-0501,ASI Nidhi Vaghela,ASI,35,2026-07-16 20:07:11+00:00,83.0,88.0,,21.0255445,73.1325632,29.799999237060547,-0.947,0.331,0.055,,0.0,0.0,0.0,,,,,0.0,0.0,30.0,0.0,0.0,0.0,88.0,36.5,0
19420,SO-0501,ASI Nidhi Vaghela,ASI,35,2026-07-16 20:07:41+00:00,84.0,62.0,,21.0255445,73.1325632,29.799999237060547,-0.95,0.232,0.076,,0.0,0.0,0.0,,,,,0.0,0.0,30.0,0.0,0.0,0.0,62.0,36.5,0
19422,SO-0501,ASI Nidhi Vaghela,ASI,35,2026-07-16 20:08:11+00:00,81.0,87.0,,21.0224095,73.1336697,29.799999237060547,-0.934,0.269,0.015,,0.0,0.0,0.0,,,,,0.0,0.0,30.0,-0.0031350000000003,0.0011064999999916,43.96,87.0,36.5,1
19424,SO-0501,ASI Nidhi Vaghela,ASI,35,2026-07-16 20:08:41+00:00,100.0,88.0,,21.0255445,73.1325632,29.799999237060547,-0.84,-0.095,0.658,,0.0,0.0,0.0,,,,,0.0,0.0,30.0,0.0031350000000003,-0.0011064999999916,43.96,88.0,36.5,1
19426,SO-0501,ASI Nidhi Vaghela,ASI,35,2026-07-16 20:09:11+00:00,90.0,88.0,,21.0255445,73.1325632,29.799999237060547,-0.998,0.287,0.25,,0.0,0.0,0.0,,,,,0.0,0.0,30.0,0.0,0.0,0.0,88.0,36.5,0
19428,SO-0501,ASI Nidhi Vaghela,ASI,35,2026-07-16 20:09:41+00:00,89.0,88.0,,21.0255445,73.1325632,29.799999237060547,-0.973,0.15,0.019,,0.0,0.0,0.0,,,,,0.0,0.0,30.0,0.0,0.0,0.0,88.0,36.5,0
19430,SO-0501,ASI Nidhi Vaghela,ASI,35,2026-07-16 20:10:11+00:00,87.0,80.0,,21.0255445,73.1325632,29.799999237060547,-0.699,-0.009,0.796,,0.0,0.0,0.0,,,,,0.0,0.0,30.0,0.0,0.0,0.0,80.0,36.5,0
19432,SO-0501,ASI Nidhi Vaghela,ASI,35,2026-07-16 20:10:41+00:00,87.0,88.0,,21.0255445,73.1325632,48.0,-0.645,0.037,0.781,,0.0,0.0,0.0,,,,,0.0,0.0,30.0,0.0,0.0,0.0,88.0,36.5,0
19434,SO-0501,ASI Nidhi Vaghela,ASI,35,2026-07-16 20:11:11+00:00,82.0,88.0,,21.0224095,73.1336697,48.0,-0.66,0.15,0.823,,0.0,0.0,0.0,,,,,0.0,0.0,30.0,-0.0031350000000003,0.0011064999999916,43.96,88.0,36.5,1
19436,SO-0501,ASI Nidhi Vaghela,ASI,35,2026-07-16 20:11:41+00:00,100.0,88.0,,21.0224095,73.1336697,48.0,-0.646,0.153,0.832,,0.0,0.0,0.0,,,,,0.0,0.0,30.0,0.0,0.0,0.0,88.0,36.5,2
19438,SO-0501,ASI Nidhi Vaghela,ASI,35,2026-07-16 20:12:11+00:00,96.0,88.0,,21.0224095,73.1336697,48.0,-0.953,0.195,-0.134,,0.0,0.0,0.0,,,,,0.0,0.0,30.0,0.0,0.0,0.0,88.0,36.5,2
19440,SO-0501,ASI Nidhi Vaghela,ASI,35,2026-07-16 20:12:41+00:00,87.0,88.0,,21.0224095,73.1336697,48.0,-0.517,0.086,0.921,,0.0,0.0,0.0,,,,,0.0,0.0,30.0,0.0,0.0,0.0,88.0,36.5,0
19442,SO-0501,ASI Nidhi Vaghela,ASI,35,2026-07-16 20:13:11+00:00,98.0,86.0,,21.0224095,73.1336697,48.0,-0.932,0.171,0.416,,0.0,0.0,0.0,,,,,0.0,0.0,30.0,0.0,0.0,0.0,86.0,36.5,2
19444,SO-0501,ASI Nidhi Vaghela,ASI,35,2026-07-16 20:13:41+00:00,84.0,88.0,,21.0224095,73.1336697,48.0,-0.729,0.065,0.754,,0.0,0.0,0.0,,,,,0.0,0.0,30.0,0.0,0.0,0.0,88.0,36.5,0
19446,SO-0501,ASI Nidhi Vaghela,ASI,35,2026-07-16 20:14:11+00:00,90.0,88.0,,21.0224095,73.1336697,48.0,-0.966,0.025,-0.133,,0.0,0.0,0.0,,,,,0.0,0.0,30.0,0.0,0.0,0.0,88.0,36.5,0
19448,SO-0501,ASI Nidhi Vaghela,ASI,35,2026-07-16 20:14:41+00:00,95.0,88.0,,21.0224095,73.1336697,48.0,-0.953,0.111,-0.14,,0.0,0.0,0.0,,,,,0.0,0.0,30.0,0.0,0.0,0.0,88.0,36.5,2
19450,SO-0501,ASI Nidhi Vaghela,ASI,35,2026-07-16 20:15:11+00:00,98.0,88.0,,21.0224095,73.1336697,48.0,-0.897,0.015,-0.325,,0.0,0.0,0.0,,,,,0.0,0.0,30.0,0.0,0.0,0.0,88.0,36.5,2
19452,SO-0501,ASI Nidhi Vaghela,ASI,35,2026-07-16 20:15:41+00:00,98.0,88.0,,21.0224095,73.1336697,48.0,-0.921,-0.063,-0.27,,0.0,0.0,0.0,,,,,0.0,0.0,30.0,0.0,0.0,0.0,88.0,36.5,2
19454,SO-0501,ASI Nidhi Vaghela,ASI,35,2026-07-16 20:16:11+00:00,97.0,88.0,,21.0224095,73.1336697,48.0,-0.963,0.095,-0.108,,0.0,0.0,0.0,,,,,0.0,0.0,30.0,0.0,0.0,0.0,88.0,36.5,2
19456,SO-0501,ASI Nidhi Vaghela,ASI,35,2026-07-16 20:16:41+00:00,92.0,88.0,,21.0224095,73.1336697,48.0,-0.591,0.099,0.872,,0.0,0.0,0.0,,,,,0.0,0.0,30.0,0.0,0.0,0.0,88.0,36.5,2
19457,SO-0501,ASI Nidhi Vaghela,ASI,35,2026-07-16 20:17:11+00:00,83.0,87.0,,21.0224095,73.1336697,48.0,-0.953,0.228,0.223,,0.0,0.0,0.0,,,,,0.0,0.0,30.0,0.0,0.0,0.0,87.0,36.5,0
19458,SO-0501,ASI Nidhi Vaghela,ASI,35,2026-07-16 20:17:41+00:00,95.0,87.0,,21.0224095,73.1336697,48.0,-0.561,-0.65,-0.216,,0.0,0.0,0.0,,,,,0.0,0.0,30.0,0.0,0.0,0.0,87.0,36.5,2
19459,SO-0501,ASI Nidhi Vaghela,ASI,35,2026-07-16 20:18:11+00:00,81.0,88.0,,21.0224095,73.1336697,48.0,-0.595,-0.707,-0.533,,0.0,0.0,0.0,,,,,0.0,0.0,30.0,0.0,0.0,0.0,88.0,36.5,0
19460,SO-0501,ASI Nidhi Vaghela,ASI,35,2026-07-16 20:18:41+00:00,89.0,88.0,,21.0224095,73.1336697,48.0,-0.068,0.369,1.069,,0.0,0.0,0.0,,,,,0.0,0.0,30.0,0.0,0.0,0.0,88.0,36.5,0
19461,SO-0501,ASI Nidhi Vaghela,ASI,35,2026-07-16 20:19:11+00:00,89.0,88.0,,21.0224095,73.1336697,48.0,-0.733,0.361,0.656,,0.0,0.0,0.0,,,,,0.0,0.0,30.0,0.0,0.0,0.0,88.0,36.5,0
19462,SO-0501,ASI Nidhi Vaghela,ASI,35,2026-07-16 20:19:41+00:00,89.0,88.0,,21.0224095,73.1336697,48.0,-0.751,0.359,0.622,,0.0,0.0,0.0,,,,,0.0,0.0,30.0,0.0,0.0,0.0,88.0,36.5,0
19463,SO-0501,ASI Nidhi Vaghela,ASI,35,2026-07-16 20:20:11+00:00,89.0,88.0,,21.0224095,73.1336697,48.0,-0.75,0.365,0.644,,0.0,0.0,0.0,,,,,0.0,0.0,30.0,0.0,0.0,0.0,88.0,36.5,0
19464,SO-0501,ASI Nidhi Vaghela,ASI,35,2026-07-16 20:20:41+00:00,89.0,88.0,,21.0224095,73.1336697,48.0,-0.774,0.375,0.634,,0.0,0.0,0.0,,,,,0.0,0.0,30.0,0.0,0.0,0.0,88.0,36.5,0
19465,SO-0501,ASI Nidhi Vaghela,ASI,35,2026-07-16 20:21:11+00:00,81.0,86.0,,21.0224095,73.1336697,48.0,-0.791,0.347,0.596,,0.0,0.0,0.0,,,,,0.0,0.0,30.0,0.0,0.0,0.0,86.0,36.5,0
19466,SO-0501,ASI Nidhi Vaghela,ASI,35,2026-07-16 20:21:41+00:00,81.0,88.0,,21.0224095,73.1336697,48.0,-0.762,0.361,0.622,,0.0,0.0,0.0,,,,,0.0,0.0,30.0,0.0,0.0,0.0,88.0,36.5,0
19467,SO-0501,ASI Nidhi Vaghela,ASI,35,2026-07-16 20:22:11+00:00,81.0,88.0,,21.0224095,73.1336697,48.0,-0.775,0.362,0.61,,0.0,0.0,0.0,,,,,0.0,0.0,30.0,0.0,0.0,0.0,88.0,36.5,0
19468,SO-0501,ASI Nidhi Vaghela,ASI,35,2026-07-16 20:22:41+00:00,81.0,88.0,,21.0224095,73.1336697,48.0,-0.786,0.372,0.595,,0.0,0.0,0.0,,,,,0.0,0.0,30.0,0.0,0.0,0.0,88.0,36.5,0
19469,SO-0501,ASI Nidhi Vaghela,ASI,35,2026-07-16 20:23:11+00:00,81.0,88.0,,21.0224095,73.1336697,48.0,-0.801,0.373,0.585,,0.0,0.0,0.0,,,,,0.0,0.0,30.0,0.0,0.0,0.0,88.0,36.5,0
19470,SO-0501,ASI Nidhi Vaghela,ASI,35,2026-07-16 20:23:41+00:00,87.0,88.0,,21.0224095,73.1336697,48.0,-0.811,0.358,0.572,,0.0,0.0,0.0,,,,,0.0,0.0,30.0,0.0,0.0,0.0,88.0,36.5,0
19471,SO-0501,ASI Nidhi Vaghela,ASI,35,2026-07-16 20:24:11+00:00,87.0,87.0,,21.0224095,73.1336697,48.0,-0.883,0.349,0.447,,0.0,0.0,0.0,,,,,0.0,0.0,30.0,0.0,0.0,0.0,87.0,36.5,0
19472,SO-0501,ASI Nidhi Vaghela,ASI,35,2026-07-16 20:24:41+00:00,86.0,88.0,,21.0224095,73.1336697,48.0,-0.907,0.276,0.447,,0.0,0.0,0.0,,,,,0.0,0.0,30.0,0.0,0.0,0.0,88.0,36.5,0
19473,SO-0501,ASI Nidhi Vaghela,ASI,35,2026-07-16 20:25:11+00:00,86.0,88.0,,21.0224095,73.1336697,48.0,-0.882,0.348,0.448,,0.0,0.0,0.0,,,,,0.0,0.0,30.0,0.0,0.0,0.0,88.0,36.5,0
19474,SO-0501,ASI Nidhi Vaghela,ASI,35,2026-07-16 20:25:41+00:00,86.0,88.0,,21.0224095,73.1336697,48.0,-0.906,0.299,0.434,,0.0,0.0,0.0,,,,,0.0,0.0,30.0,0.0,0.0,0.0,88.0,36.5,0
19475,SO-0501,ASI Nidhi Vaghela,ASI,35,2026-07-16 20:26:11+00:00,83.0,88.0,,21.0224095,73.1336697,48.0,-1.02,0.1,0.477,,0.0,0.0,0.0,,,,,0.0,0.0,30.0,0.0,0.0,0.0,88.0,36.5,0
19476,SO-0501,ASI Nidhi Vaghela,ASI,35,2026-07-16 20:26:41+00:00,83.0,88.0,,21.0224095,73.1336697,48.0,-0.856,0.369,0.518,,0.0,0.0,0.0,,,,,0.0,0.0,30.0,0.0,0.0,0.0,88.0,36.5,0
19477,SO-0501,ASI Nidhi Vaghela,ASI,35,2026-07-16 20:27:11+00:00,83.0,88.0,,21.0224095,73.1336697,48.0,-0.818,0.238,0.566,,0.0,0.0,0.0,,,,,0.0,0.0,30.0,0.0,0.0,0.0,88.0,36.5,0
19478,SO-0501,ASI Nidhi Vaghela,ASI,35,2026-07-16 20:27:41+00:00,87.0,88.0,,21.0224095,73.1336697,48.0,-0.889,0.302,0.478,,0.0,0.0,0.0,,,,,0.0,0.0,30.0,0.0,0.0,0.0,88.0,36.5,0
19479,SO-0501,ASI Nidhi Vaghela,ASI,35,2026-07-16 20:28:11+00:00,87.0,88.0,,21.0224095,73.1336697,48.0,-0.716,0.293,0.735,,0.0,0.0,0.0,,,,,0.0,0.0,30.0,0.0,0.0,0.0,88.0,36.5,0
19480,SO-0501,ASI Nidhi Vaghela,ASI,35,2026-07-16 20:28:41+00:00,86.0,88.0,,21.0224095,73.1336697,48.0,-0.874,0.341,0.482,,0.0,0.0,0.0,,,,,0.0,0.0,30.0,0.0,0.0,0.0,88.0,36.5,0
19481,SO-0501,ASI Nidhi Vaghela,ASI,35,2026-07-16 20:29:11+00:00,84.0,88.0,,21.0255445,73.1325632,48.0,-0.542,0.403,0.858,,0.0,0.0,0.0,,,,,0.0,0.0,30.0,0.0031350000000003,-0.0011064999999916,43.96,88.0,36.5,1
19482,SO-0501,ASI Nidhi Vaghela,ASI,35,2026-07-16 20:29:41+00:00,84.0,88.0,,21.0255445,73.1325632,48.0,-0.95,0.172,0.395,,0.0,0.0,0.0,,,,,0.0,0.0,30.0,0.0,0.0,0.0,88.0,36.5,0
19483,SO-0501,ASI Nidhi Vaghela,ASI,35,2026-07-16 20:30:11+00:00,86.0,88.0,,21.0224095,73.1336697,48.0,-0.894,0.219,0.502,,0.0,0.0,0.0,,,,,0.0,0.0,30.0,-0.0031350000000003,0.0011064999999916,43.96,88.0,36.5,1
19484,SO-0501,ASI Nidhi Vaghela,ASI,35,2026-07-16 20:30:41+00:00,86.0,88.0,,21.0224095,73.1336697,48.0,-0.9,0.281,0.47,,0.0,0.0,0.0,,,,,0.0,0.0,30.0,0.0,0.0,0.0,88.0,36.5,0
19485,SO-0501,ASI Nidhi Vaghela,ASI,35,2026-07-16 20:31:11+00:00,86.0,88.0,,21.0224095,73.1336697,48.0,-0.902,0.294,0.459,,0.0,0.0,0.0,,,,,0.0,0.0,30.0,0.0,0.0,0.0,88.0,36.5,0
19486,SO-0501,ASI Nidhi Vaghela,ASI,35,2026-07-16 20:31:41+00:00,86.0,88.0,,21.0224095,73.1336697,48.0,-0.946,0.268,0.429,,0.0,0.0,0.0,,,,,0.0,0.0,30.0,0.0,0.0,0.0,88.0,36.5,0
19487,SO-0501,ASI Nidhi Vaghela,ASI,35,2026-07-16 20:32:11+00:00,83.0,88.0,,21.0224095,73.1336697,48.0,0.457,-0.359,0.727,,0.0,0.0,0.0,,,,,0.0,0.0,30.0,0.0,0.0,0.0,88.0,36.5,0
19488,SO-0501,ASI Nidhi Vaghela,ASI,35,2026-07-16 20:32:41+00:00,82.0,88.0,,21.0224095,73.1336697,48.0,-0.319,0.359,0.949,,0.0,0.0,0.0,,,,,0.0,0.0,30.0,0.0,0.0,0.0,88.0,36.5,0
19489,SO-0501,ASI Nidhi Vaghela,ASI,35,2026-07-16 20:33:11+00:00,92.0,88.0,,21.0224095,73.1336697,48.0,-0.283,0.723,0.674,,0.0,0.0,0.0,,,,,0.0,0.0,30.0,0.0,0.0,0.0,88.0,36.5,2
19490,SO-0501,ASI Nidhi Vaghela,ASI,35,2026-07-16 20:33:41+00:00,83.0,78.0,,21.0224095,73.1336697,48.0,-0.111,-0.058,1.017,,0.0,0.0,0.0,,,,,0.0,0.0,30.0,0.0,0.0,0.0,78.0,36.5,0
19491,SO-0501,ASI Nidhi Vaghela,ASI,35,2026-07-16 20:34:11+00:00,81.0,88.0,,21.0224095,73.1336697,48.0,-0.79,0.546,-0.29,,0.0,0.0,0.0,,,,,0.0,0.0,30.0,0.0,0.0,0.0,88.0,36.5,0
19492,SO-0501,ASI Nidhi Vaghela,ASI,35,2026-07-16 20:34:41+00:00,100.0,89.0,,21.0224095,73.1336697,48.0,-0.957,0.475,0.041,,0.0,0.0,0.0,,,,,0.0,0.0,30.0,0.0,0.0,0.0,89.0,36.5,2
19493,SO-0501,ASI Nidhi Vaghela,ASI,35,2026-07-16 20:35:11+00:00,89.0,88.0,,21.0224095,73.1336697,48.0,-0.18,-0.905,-0.005,,0.0,0.0,0.0,,,,,0.0,0.0,30.0,0.0,0.0,0.0,88.0,36.5,0
19494,SO-0501,ASI Nidhi Vaghela,ASI,35,2026-07-16 20:35:41+00:00,97.0,89.0,,21.0224095,73.1336697,48.0,-0.379,-0.868,0.427,,0.0,0.0,0.0,,,,,0.0,0.0,30.0,0.0,0.0,0.0,89.0,36.5,2
19495,SO-0501,ASI Nidhi Vaghela,ASI,35,2026-07-16 20:36:11+00:00,97.0,83.0,,21.0224095,73.1336697,48.0,-0.852,-0.12,-0.799,,0.0,0.0,0.0,,,,,0.0,0.0,30.0,0.0,0.0,0.0,83.0,36.5,2
19496,SO-0501,ASI Nidhi Vaghela,ASI,35,2026-07-16 20:36:41+00:00,96.0,88.0,,21.0224095,73.1336697,48.0,-0.923,-0.181,-0.316,,0.0,0.0,0.0,,,,,0.0,0.0,30.0,0.0,0.0,0.0,88.0,36.5,2
19497,SO-0501,ASI Nidhi Vaghela,ASI,35,2026-07-16 20:37:11+00:00,85.0,87.0,,21.0255445,73.1325632,48.0,-0.951,-0.11,-0.252,,0.0,0.0,0.0,,,,,0.0,0.0,30.0,0.0031350000000003,-0.0011064999999916,43.96,87.0,36.5,1
19499,SO-0501,ASI Nidhi Vaghela,ASI,35,2026-07-16 20:37:41+00:00,94.0,84.0,,21.0255445,73.1325632,48.0,-0.955,-0.105,-0.248,,0.0,0.0,0.0,,,,,0.0,0.0,30.0,0.0,0.0,0.0,84.0,36.5,2
19501,SO-0501,ASI Nidhi Vaghela,ASI,35,2026-07-16 20:38:11+00:00,83.0,88.0,,21.0255445,73.1325632,48.0,-0.944,-0.117,-0.278,,0.0,0.0,0.0,,,,,0.0,0.0,30.0,0.0,0.0,0.0,88.0,36.5,0
19503,SO-0501,ASI Nidhi Vaghela,ASI,35,2026-07-16 20:38:41+00:00,95.0,73.0,,21.0255445,73.1325632,48.0,-0.899,-0.149,-0.355,,0.0,0.0,0.0,,,,,0.0,0.0,30.0,0.0,0.0,0.0,73.0,36.5,2
19505,SO-0501,ASI Nidhi Vaghela,ASI,35,2026-07-16 20:39:11+00:00,97.0,86.0,,21.0255445,73.1325632,48.0,-0.912,-0.177,-0.364,,0.0,0.0,0.0,,,,,0.0,0.0,30.0,0.0,0.0,0.0,86.0,36.5,2
19507,SO-0501,ASI Nidhi Vaghela,ASI,35,2026-07-16 20:39:41+00:00,99.0,81.0,,21.0255445,73.1325632,48.0,-0.901,-0.213,-0.317,,0.0,0.0,0.0,,,,,0.0,0.0,30.0,0.0,0.0,0.0,81.0,36.5,2
19509,SO-0501,ASI Nidhi Vaghela,ASI,35,2026-07-16 20:40:11+00:00,95.0,88.0,,21.0255445,73.1325632,48.0,-1.032,-0.079,0.011,,0.0,0.0,0.0,,,,,0.0,0.0,30.0,0.0,0.0,0.0,88.0,36.5,2
19511,SO-0501,ASI Nidhi Vaghela,ASI,35,2026-07-16 20:40:41+00:00,82.0,88.0,,21.0224095,73.1336697,48.0,-0.987,-0.087,-0.121,,0.0,0.0,0.0,,,,,0.0,0.0,30.0,-0.0031350000000003,0.0011064999999916,43.96,88.0,36.5,1
19513,SO-0501,ASI Nidhi Vaghela,ASI,35,2026-07-16 20:41:11+00:00,89.0,87.0,,21.0224095,73.1336697,48.0,-0.945,-0.166,-0.235,,0.0,0.0,0.0,,,,,0.0,0.0,30.0,0.0,0.0,0.0,87.0,36.5,0
19515,SO-0501,ASI Nidhi Vaghela,ASI,35,2026-07-16 20:41:41+00:00,88.0,88.0,,21.0224095,73.1336697,48.0,-0.944,-0.109,-0.214,,0.0,0.0,0.0,,,,,0.0,0.0,30.0,0.0,0.0,0.0,88.0,36.5,0
19517,SO-0501,ASI Nidhi Vaghela,ASI,35,2026-07-16 20:42:11+00:00,91.0,78.0,,21.0224095,73.1336697,48.0,-0.824,-0.521,-0.071,,0.0,0.0,0.0,,,,,0.0,0.0,30.0,0.0,0.0,0.0,78.0,36.5,2
19519,SO-0501,ASI Nidhi Vaghela,ASI,35,2026-07-16 20:42:41+00:00,85.0,82.0,,21.0224095,73.1336697,48.0,-0.644,-0.729,0.421,,0.0,0.0,0.0,,,,,0.0,0.0,30.0,0.0,0.0,0.0,82.0,36.5,0
19521,SO-0501,ASI Nidhi Vaghela,ASI,35,2026-07-16 20:43:11+00:00,85.0,80.0,,21.0224095,73.1336697,48.0,-0.163,-1.052,-0.008,,0.0,0.0,0.0,,,,,0.0,0.0,30.0,0.0,0.0,0.0,80.0,36.5,0
19523,SO-0501,ASI Nidhi Vaghela,ASI,35,2026-07-16 20:43:41+00:00,89.0,81.0,,21.0224095,73.1336697,48.0,-0.295,-1.0,0.309,,0.0,0.0,0.0,,,,,0.0,0.0,30.0,0.0,0.0,0.0,81.0,36.5,0
19525,SO-0501,ASI Nidhi Vaghela,ASI,35,2026-07-16 20:44:11+00:00,92.0,73.0,,21.0224095,73.1336697,48.0,-0.166,-0.329,1.012,,0.0,0.0,0.0,,,,,0.0,0.0,30.0,0.0,0.0,0.0,73.0,36.5,2
19527,SO-0501,ASI Nidhi Vaghela,ASI,35,2026-07-16 20:44:41+00:00,92.0,77.0,,21.019404,73.1349917,-48.641632080078125,-0.078,0.582,0.843,,0.0,0.0,0.0,,,,,0.0,0.0,30.0,-0.0030054999999968,0.0013220000000018,43.27,77.0,36.5,1
19529,SO-0501,ASI Nidhi Vaghela,ASI,35,2026-07-16 20:45:08+00:00,92.0,77.0,,21.019404,73.1349917,-48.641632080078125,0.531,0.901,0.629,,0.0,0.0,0.0,,,,,0.0,0.0,27.0,0.0,0.0,0.0,77.0,36.5,2
19531,SO-0501,ASI Nidhi Vaghela,ASI,35,2026-07-16 20:45:41+00:00,92.0,72.0,,21.019404,73.1349917,-48.641632080078125,-0.692,-0.835,-0.1,,0.0,0.0,0.0,,,,,0.0,0.0,33.0,0.0,0.0,0.0,72.0,36.5,2
19533,SO-0501,ASI Nidhi Vaghela,ASI,35,2026-07-16 20:46:11+00:00,92.0,79.0,,21.0196025,73.1349394,-11.244232177734377,-0.317,-0.996,-0.06,,0.0,0.0,0.0,,,,,0.0,0.0,30.0,0.0001984999999997,-5.230000000722157e-05,2.72,79.0,36.5,2
19535,SO-0501,ASI Nidhi Vaghela,ASI,35,2026-07-16 20:46:38+00:00,92.0,62.0,,21.0196025,73.1349394,-11.244232177734377,-1.147,-0.334,-0.194,,0.0,0.0,0.0,,,,,0.0,0.0,27.0,0.0,0.0,0.0,62.0,36.5,2
19537,SO-0501,ASI Nidhi Vaghela,ASI,35,2026-07-16 20:47:08+00:00,82.0,88.0,,21.0194745,73.1353993,21.0,-0.021,-0.733,0.061,,0.0,0.0,0.0,,,,,0.0,0.0,30.0,-0.0001280000000001,0.0004599000000098,5.96,88.0,36.5,1
19539,SO-0501,ASI Nidhi Vaghela,ASI,35,2026-07-16 20:47:41+00:00,89.0,87.0,,21.0224095,73.1336697,21.0,-0.459,-0.283,0.848,,0.0,0.0,0.0,,,,,0.0,0.0,33.0,0.0029349999999972,-0.0017296000000044,40.55,87.0,36.5,1
19541,SO-0501,ASI Nidhi Vaghela,ASI,35,2026-07-16 20:48:08+00:00,84.0,88.0,,21.0194745,73.1353938,21.0,-1.212,-0.063,0.553,,0.0,0.0,0.0,,,,,0.0,0.0,27.0,-0.0029349999999972,0.0017241000000041,49.53,88.0,36.5,1
19543,SO-0501,ASI Nidhi Vaghela,ASI,35,2026-07-16 20:48:41+00:00,86.0,84.0,,21.0224095,73.1336697,21.0,-0.555,0.384,0.63,,0.0,0.0,0.0,,,,,0.0,0.0,33.0,0.0029349999999972,-0.0017241000000041,40.52,84.0,36.5,1
19545,SO-0501,ASI Nidhi Vaghela,ASI,35,2026-07-16 20:49:11+00:00,96.0,87.0,,21.0192708,73.1354278,21.0,-0.346,0.95,0.123,,0.0,0.0,0.0,,,,,0.0,0.0,30.0,-0.0031386999999973,0.0017581000000035,47.17,87.0,36.5,1
19547,SO-0501,ASI Nidhi Vaghela,ASI,35,2026-07-16 20:49:39+00:00,82.0,85.0,,21.0193089,73.1353505,21.0,-0.723,0.68,-0.2,,0.0,0.0,0.0,,,,,0.0,0.0,28.0,3.809999999759839e-05,-7.730000000094606e-05,1.16,85.0,36.5,0
19549,SO-0501,ASI Nidhi Vaghela,ASI,35,2026-07-16 20:50:08+00:00,90.0,88.0,,21.0193383,73.1353403,21.0,-0.766,0.625,-0.06,,0.0,0.0,0.0,,,,,0.0,0.0,29.0,2.940000000251075e-05,-1.0200000005511356e-05,0.43,88.0,36.5,0
19551,SO-0501,ASI Nidhi Vaghela,ASI,35,2026-07-16 20:50:39+00:00,100.0,88.0,,21.0193211,73.1353229,21.0,-0.704,0.686,-0.125,,0.0,0.0,0.0,,,,,0.0,0.0,31.0,-1.720000000204891e-05,-1.7399999990175274e-05,0.3,88.0,36.5,2
19553,SO-0501,ASI Nidhi Vaghela,ASI,35,2026-07-16 20:51:08+00:00,87.0,85.0,,21.0193203,73.1353264,21.0,-0.694,-0.333,-0.507,,0.0,0.0,0.0,,,,,0.0,0.0,29.0,-7.999999986907369e-07,3.4999999911633495e-06,0.05,85.0,36.5,0
19555,SO-0501,ASI Nidhi Vaghela,ASI,35,2026-07-16 20:51:39+00:00,87.0,82.0,,21.0193235,73.1353308,21.0,-0.033,-0.973,0.384,,0.0,0.0,0.0,,,,,0.0,0.0,31.0,3.1999999983156613e-06,4.4000000087862645e-06,0.07,82.0,36.5,0
19557,SO-0501,ASI Nidhi Vaghela,ASI,35,2026-07-16 20:52:08+00:00,87.0,83.0,,21.0193227,73.1353311,21.0,-0.149,-0.929,0.386,,0.0,0.0,0.0,,,,,0.0,0.0,29.0,-7.999999986907369e-07,2.999999964004019e-07,0.01,83.0,36.5,0
19559,SO-0501,ASI Nidhi Vaghela,ASI,35,2026-07-16 20:52:38+00:00,83.0,85.0,,21.0193173,73.1353352,21.0,-0.311,0.166,1.008,,0.0,0.0,0.0,,,,,0.0,0.0,30.0,-5.39999999915608e-06,4.099999998175008e-06,0.09,85.0,36.5,0
19561,SO-0501,ASI Nidhi Vaghela,ASI,35,2026-07-16 20:53:08+00:00,99.0,88.0,,21.0193159,73.1353389,21.0,-0.65,0.012,-0.687,,0.0,0.0,0.0,,,,,0.0,0.0,30.0,-1.4000000021496817e-06,3.699999993500569e-06,0.05,88.0,36.5,2
19563,SO-0501,ASI Nidhi Vaghela,ASI,35,2026-07-16 20:53:38+00:00,83.0,88.0,,21.0193118,73.1353438,21.0,-0.838,0.071,-0.466,,0.0,0.0,0.0,,,,,0.0,0.0,30.0,-4.099999998175008e-06,4.900000007523886e-06,0.08,88.0,36.5,0
19565,SO-0501,ASI Nidhi Vaghela,ASI,35,2026-07-16 20:54:07+00:00,85.0,88.0,,21.019314,73.135345,21.0,-0.878,0.168,-0.432,,0.0,0.0,0.0,,,,,0.0,0.0,29.0,2.2000000008404186e-06,1.1999999998124622e-06,0.03,88.0,36.5,0
19567,SO-0501,ASI Nidhi Vaghela,ASI,35,2026-07-16 20:54:37+00:00,98.0,88.0,,21.019313,73.1353445,21.0,-0.801,-0.063,-0.477,,0.0,0.0,0.0,,,,,0.0,0.0,30.0,-1.0000000010279564e-06,-4.999999987376214e-07,0.01,88.0,36.5,2
19569,SO-0501,ASI Nidhi Vaghela,ASI,35,2026-07-16 20:55:08+00:00,90.0,78.0,,21.0193122,73.1353435,21.0,0.388,0.599,0.464,,0.0,0.0,0.0,,,,,0.0,0.0,31.0,-7.999999986907369e-07,-9.999999974752427e-07,0.02,78.0,36.5,0
19571,SO-0501,ASI Nidhi Vaghela,ASI,35,2026-07-16 20:55:37+00:00,82.0,77.0,,21.0193128,73.1353453,21.0,-0.669,-0.761,0.25,,0.0,0.0,0.0,,,,,0.0,0.0,29.0,5.999999999062311e-07,1.799999992613266e-06,0.02,77.0,36.5,0
19573,SO-0501,ASI Nidhi Vaghela,ASI,35,2026-07-16 20:56:07+00:00,98.0,88.0,,21.0193121,73.1353453,21.0,-0.278,-0.943,-0.116,,0.0,0.0,0.0,,,,,0.0,0.0,30.0,-7.000000010748408e-07,0.0,0.01,88.0,36.5,2
19575,SO-0501,ASI Nidhi Vaghela,ASI,35,2026-07-16 20:56:38+00:00,82.0,86.0,,21.0193127,73.1353438,21.0,-0.983,-0.01,-0.132,,0.0,0.0,0.0,,,,,0.0,0.0,31.0,5.999999999062311e-07,-1.499999996212864e-06,0.02,86.0,36.5,0
19577,SO-0501,ASI Nidhi Vaghela,ASI,35,2026-07-16 20:57:07+00:00,98.0,88.0,,21.0193145,73.1353434,21.0,-1.01,0.092,-0.104,,0.0,0.0,0.0,,,,,0.0,0.0,29.0,1.7999999997186933e-06,-4.0000000467443897e-07,0.03,88.0,36.5,2
19579,SO-0501,ASI Nidhi Vaghela,ASI,35,2026-07-16 20:57:37+00:00,83.0,85.0,,21.0193134,73.1353453,21.0,-0.88,-0.199,-0.283,,0.0,0.0,0.0,,,,,0.0,0.0,30.0,-1.0999999986438525e-06,1.900000000887303e-06,0.03,85.0,36.5,0
19581,SO-0501,ASI Nidhi Vaghela,ASI,35,2026-07-16 20:58:07+00:00,85.0,86.0,,21.0193132,73.1353455,21.0,-0.919,0.04,-0.323,,0.0,0.0,0.0,,,,,0.0,0.0,30.0,-2.0000000233721948e-07,2.0000000233721948e-07,0.0,86.0,36.5,0
19583,SO-0501,ASI Nidhi Vaghela,ASI,35,2026-07-16 20:58:38+00:00,95.0,88.0,,21.0193143,73.1353443,21.0,-0.432,-0.775,0.299,,0.0,0.0,0.0,,,,,0.0,0.0,31.0,1.100000002196566e-06,-1.1999999998124622e-06,0.02,88.0,36.5,2
19585,SO-0501,ASI Nidhi Vaghela,ASI,35,2026-07-16 20:59:08+00:00,83.0,84.0,,21.0193163,73.1353425,21.0,0.178,0.026,0.832,,0.0,0.0,0.0,,,,,0.0,0.0,30.0,1.999999998503199e-06,-1.8000000068241206e-06,0.03,84.0,36.5,0
19587,SO-0501,ASI Nidhi Vaghela,ASI,35,2026-07-16 20:59:37+00:00,82.0,85.0,,21.0192763,73.1349237,21.0,-0.015,0.39,0.757,,0.0,0.0,0.0,,,,,0.0,0.0,29.0,-3.999999999848569e-05,-0.0004187999999913,5.41,85.0,36.5,1
19589,SO-0501,ASI Nidhi Vaghela,ASI,35,2026-07-16 21:00:08+00:00,90.0,86.0,,21.0203934,73.1340855,21.0,-0.775,0.829,0.107,,0.0,0.0,0.0,,,,,0.0,0.0,31.0,0.0011170999999983,-0.000838200000004,17.58,86.0,36.5,1
19591,SO-0501,ASI Nidhi Vaghela,ASI,35,2026-07-16 21:00:38+00:00,91.0,87.0,,21.0213273,73.1336791,25.600000381469727,-0.844,0.702,0.701,,0.0,0.0,0.0,,,,,0.0,0.0,30.0,0.0009338999999997,-0.0004064000000028,13.43,87.0,36.5,1
19593,SO-0501,ASI Nidhi Vaghela,ASI,35,2026-07-16 21:01:07+00:00,92.0,88.0,,21.0189978,73.134677,25.600000381469727,-0.179,0.514,0.812,,0.0,0.0,0.0,,,,,0.0,0.0,29.0,-0.0023294999999983,0.0009979000000015,34.57,88.0,36.5,1
19595,SO-0501,ASI Nidhi Vaghela,ASI,35,2026-07-16 21:01:37+00:00,99.0,88.0,,21.017059,73.1340727,25.600000381469727,-1.042,0.045,0.157,,0.0,0.0,0.0,,,,,0.0,0.0,30.0,-0.0019388000000013,-0.000604299999992,26.89,88.0,36.5,1
19597,SO-0501,ASI Nidhi Vaghela,ASI,35,2026-07-16 21:02:08+00:00,95.0,88.0,,21.0148725,73.1332297,11.799999237060549,-0.101,0.587,0.946,,0.0,0.0,0.0,,,,,0.0,0.0,31.0,-0.0021865000000005,-0.0008430000000032,29.95,88.0,36.5,1
19599,SO-0501,ASI Nidhi Vaghela,ASI,35,2026-07-16 21:02:37+00:00,96.0,84.0,,21.0132455,73.1342615,23.700000762939453,-0.171,0.499,0.833,,0.0,0.0,0.0,,,,,0.0,0.0,29.0,-0.0016269999999991,0.0010317999999926,26.05,84.0,36.5,1
19601,SO-0501,ASI Nidhi Vaghela,ASI,35,2026-07-16 21:03:07+00:00,98.0,88.0,,21.0121025,73.1356647,11.60150146484375,-0.961,0.051,-0.043,,0.0,0.0,0.0,,,,,0.0,0.0,30.0,-0.001142999999999,0.0014032000000128,23.14,88.0,36.5,1
19603,SO-0501,ASI Nidhi Vaghela,ASI,35,2026-07-16 21:03:38+00:00,91.0,88.0,,21.0105765,73.1374888,23.700000762939453,-0.353,0.515,0.87,,0.0,0.0,0.0,,,,,0.0,0.0,31.0,-0.0015260000000019,0.0018240999999932,29.46,88.0,36.5,1
19605,SO-0501,ASI Nidhi Vaghela,ASI,35,2026-07-16 21:04:07+00:00,96.0,88.0,,21.0096191,73.1388269,23.700000762939453,-0.348,0.541,0.875,,0.0,0.0,0.0,,,,,0.0,0.0,29.0,-0.0009574000000007,0.0013380999999981,21.67,88.0,36.5,1
19607,SO-0501,ASI Nidhi Vaghela,ASI,35,2026-07-16 21:04:39+00:00,94.0,88.0,,21.0094287,73.139291,22.399999618530273,0.044,-0.28,1.092,,0.0,0.0,0.0,,,,,0.0,0.0,32.0,-0.0001903999999974,0.000464100000002,5.9,88.0,36.5,1
19609,SO-0501,ASI Nidhi Vaghela,ASI,35,2026-07-16 21:05:08+00:00,99.0,86.0,,21.0094016,73.1392272,22.899999618530273,-0.807,-0.391,0.062,,0.0,0.0,0.0,,,,,0.0,0.0,29.0,-2.7100000000501723e-05,-6.380000000660857e-05,0.9,86.0,36.5,2
19611,SO-0501,ASI Nidhi Vaghela,ASI,35,2026-07-16 21:05:36+00:00,92.0,88.0,,21.0093928,73.1392397,22.899999618530273,-0.78,0.219,0.671,,0.0,0.0,0.0,,,,,0.0,0.0,28.0,-8.79999999980896e-06,1.2500000011073098e-05,0.21,88.0,36.5,2
19613,SO-0501,ASI Nidhi Vaghela,ASI,35,2026-07-16 21:06:06+00:00,94.0,88.0,,21.009386,73.1392277,22.899999618530273,-0.506,0.246,0.91,,0.0,0.0,0.0,,,,,0.0,0.0,30.0,-6.8000000013057615e-06,-1.1999999998124622e-05,0.17,88.0,36.5,2
19615,SO-0501,ASI Nidhi Vaghela,ASI,35,2026-07-16 21:06:36+00:00,94.0,84.0,,21.0093645,73.1392109,22.899999618530273,-0.93,0.274,0.137,,0.0,0.0,0.0,,,,,0.0,0.0,30.0,-2.1499999999008423e-05,-1.6800000011585325e-05,0.35,84.0,36.5,2
19617,SO-0501,ASI Nidhi Vaghela,ASI,35,2026-07-16 21:07:06+00:00,93.0,88.0,,21.0093417,73.1392055,22.899999618530273,-1.206,0.172,0.203,,0.0,0.0,0.0,,,,,0.0,0.0,30.0,-2.2799999999989495e-05,-5.3999999920506525e-06,0.31,88.0,36.5,2
19619,SO-0501,ASI Nidhi Vaghela,ASI,35,2026-07-16 21:07:36+00:00,86.0,84.0,,21.0093364,73.1391909,23.0,-0.763,0.247,0.711,,0.0,0.0,0.0,,,,,0.0,0.0,30.0,-5.300000001540184e-06,-1.4600000000086766e-05,0.19,84.0,36.5,0
19621,SO-0501,ASI Nidhi Vaghela,ASI,35,2026-07-16 21:08:06+00:00,96.0,88.0,,21.0093063,73.1391809,23.0,-0.812,0.229,0.604,,0.0,0.0,0.0,,,,,0.0,0.0,30.0,-3.010000000003288e-05,-1.0000000003174137e-05,0.42,88.0,36.5,2
19623,SO-0501,ASI Nidhi Vaghela,ASI,35,2026-07-16 21:08:36+00:00,92.0,87.0,,21.0093132,73.1391937,23.0,-0.475,-0.778,0.35,,0.0,0.0,0.0,,,,,0.0,0.0,30.0,6.900000002474371e-06,1.28000000074735e-05,0.18,87.0,36.5,2
19625,SO-0501,ASI Nidhi Vaghela,ASI,35,2026-07-16 21:09:06+00:00,100.0,88.0,,21.0093798,73.1392574,23.0,-0.53,-0.818,0.28,,0.0,0.0,0.0,,,,,0.0,0.0,30.0,6.660000000024979e-05,6.369999999833453e-05,1.19,88.0,36.5,2
19627,SO-0501,ASI Nidhi Vaghela,ASI,35,2026-07-16 21:09:39+00:00,94.0,73.0,,21.0093085,73.1391962,22.899999618530273,-0.912,-0.014,0.258,,0.0,0.0,0.0,,,,,0.0,0.0,33.0,-7.130000000188375e-05,-6.120000000464643e-05,1.11,73.0,36.5,2
19629,SO-0501,ASI Nidhi Vaghela,ASI,35,2026-07-16 21:10:09+00:00,84.0,84.0,,21.0092563,73.1391532,22.899999618530273,-0.33,-0.874,0.228,,0.0,0.0,0.0,,,,,0.0,0.0,30.0,-5.219999999894753e-05,-4.3000000005122274e-05,0.88,84.0,36.5,0
19631,SO-0501,ASI Nidhi Vaghela,ASI,35,2026-07-16 21:10:39+00:00,88.0,85.0,,21.0092789,73.1391566,23.0,-0.57,-0.131,0.77,,0.0,0.0,0.0,,,,,0.0,0.0,30.0,2.260000000120499e-05,3.400000011311022e-06,0.3,85.0,36.5,0
19633,SO-0501,ASI Nidhi Vaghela,ASI,35,2026-07-16 21:11:08+00:00,95.0,82.0,,21.0092652,73.1391658,23.0,-0.253,-0.423,0.096,,0.0,0.0,0.0,,,,,0.0,0.0,29.0,-1.370000000022742e-05,9.19999999382526e-06,0.22,82.0,36.5,2
19635,SO-0501,ASI Nidhi Vaghela,ASI,35,2026-07-16 21:11:39+00:00,87.0,76.0,,21.0092672,73.1391317,22.899999618530273,-1.231,-0.776,-0.068,,0.0,0.0,0.0,,,,,0.0,0.0,31.0,1.999999998503199e-06,-3.410000000769742e-05,0.41,76.0,36.5,0
19637,SO-0501,ASI Nidhi Vaghela,ASI,35,2026-07-16 21:12:09+00:00,100.0,88.0,,21.0092813,73.1391667,22.899999618530273,-1.024,0.051,-0.146,,0.0,0.0,0.0,,,,,0.0,0.0,30.0,1.4100000001349144e-05,3.500000001110948e-05,0.47,88.0,36.5,2
19639,SO-0501,ASI Nidhi Vaghela,ASI,35,2026-07-16 21:12:39+00:00,90.0,69.0,,21.0092854,73.1391617,23.0,-0.249,-0.817,0.419,,0.0,0.0,0.0,,,,,0.0,0.0,30.0,4.099999998175008e-06,-5.000000001587068e-06,0.08,69.0,36.5,0
19641,SO-0501,ASI Nidhi Vaghela,ASI,35,2026-07-16 21:13:08+00:00,87.0,88.0,,21.0092908,73.1391673,23.0,-0.601,0.007,-0.489,,0.0,0.0,0.0,,,,,0.0,0.0,29.0,5.39999999915608e-06,5.599999994387872e-06,0.1,88.0,36.5,1
19643,SO-0501,ASI Nidhi Vaghela,ASI,35,2026-07-16 21:13:39+00:00,87.0,67.0,,21.009292,73.1391733,23.0,-0.176,-0.888,0.482,,0.0,0.0,0.0,,,,,0.0,0.0,31.0,1.1999999998124622e-06,5.999999999062311e-06,0.07,67.0,36.5,0
19645,SO-0501,ASI Nidhi Vaghela,ASI,35,2026-07-16 21:14:11+00:00,87.0,57.0,,21.0092964,73.1391404,23.0,-0.139,-1.039,0.567,,0.0,0.0,0.0,,,,,0.0,0.0,32.0,4.400000001680837e-06,-3.28999999936741e-05,0.39,57.0,36.5,0
19647,SO-0501,ASI Nidhi Vaghela,ASI,35,2026-07-16 21:14:39+00:00,80.0,87.0,,21.0093349,73.1392594,22.899999618530273,-0.81,-0.545,-0.079,,0.0,0.0,0.0,,,,,0.0,0.0,28.0,3.8499999998720114e-05,0.0001189999999979,1.68,87.0,36.5,0
19649,SO-0501,ASI Nidhi Vaghela,ASI,35,2026-07-16 21:15:09+00:00,93.0,88.0,,21.009434,73.1392803,23.0,-0.746,-0.597,-0.196,,0.0,0.0,0.0,,,,,0.0,0.0,30.0,9.90999999999076e-05,2.089999999554948e-05,1.35,88.0,36.5,2
19651,SO-0501,ASI Nidhi Vaghela,ASI,35,2026-07-16 21:15:39+00:00,94.0,88.0,,21.0093025,73.139192,22.899999618530273,-0.791,-0.468,-0.318,,0.0,0.0,0.0,,,,,0.0,0.0,30.0,-0.0001314999999983,-8.830000000159544e-05,2.07,88.0,36.5,2
19653,SO-0501,ASI Nidhi Vaghela,ASI,35,2026-07-16 21:16:09+00:00,84.0,88.0,,21.0093292,73.1392194,22.899999618530273,-0.765,-0.478,-0.326,,0.0,0.0,0.0,,,,,0.0,0.0,30.0,2.6699999999379997e-05,2.7400000007560266e-05,0.49,88.0,36.5,0
19655,SO-0501,ASI Nidhi Vaghela,ASI,35,2026-07-16 21:16:39+00:00,100.0,88.0,,21.0092907,73.1391774,22.899999618530273,-0.685,-0.606,-0.103,,0.0,0.0,0.0,,,,,0.0,0.0,30.0,-3.8499999998720114e-05,-4.200000000764703e-05,0.73,88.0,36.5,2
19657,SO-0501,ASI Nidhi Vaghela,ASI,35,2026-07-16 21:17:09+00:00,95.0,78.0,,21.0094527,73.1392881,23.0,-0.642,-0.606,0.287,,0.0,0.0,0.0,,,,,0.0,0.0,30.0,0.0001619999999995,0.0001107000000075,2.56,78.0,36.5,2
19659,SO-0501,ASI Nidhi Vaghela,ASI,35,2026-07-16 21:17:39+00:00,92.0,77.0,,21.0093696,73.1393365,22.899999618530273,-0.799,0.142,0.664,,0.0,0.0,0.0,,,,,0.0,0.0,30.0,-8.310000000122386e-05,4.839999999717293e-05,1.26,77.0,36.5,2
19661,SO-0501,ASI Nidhi Vaghela,ASI,35,2026-07-16 21:18:09+00:00,87.0,87.0,,21.009359,73.139243,22.899999618530273,0.594,-0.499,-0.232,,0.0,0.0,0.0,,,,,0.0,0.0,30.0,-1.0599999999527654e-05,-9.350000000551972e-05,1.17,87.0,36.5,0
19663,SO-0501,ASI Nidhi Vaghela,ASI,35,2026-07-16 21:18:39+00:00,87.0,75.0,,21.0093549,73.139222,23.0,-0.553,-0.172,0.707,,0.0,0.0,0.0,,,,,0.0,0.0,30.0,-4.099999998175008e-06,-2.099999998961266e-05,0.27,75.0,36.5,0
19665,SO-0501,ASI Nidhi Vaghela,ASI,35,2026-07-16 21:19:09+00:00,88.0,82.0,,21.0093539,73.13921,23.0,-0.404,0.586,0.66,,0.0,0.0,0.0,,,,,0.0,0.0,30.0,-1.0000000010279564e-06,-1.1999999998124622e-05,0.15,82.0,36.5,0
19667,SO-0501,ASI Nidhi Vaghela,ASI,35,2026-07-16 21:19:39+00:00,89.0,85.0,,21.0093388,73.1391971,22.899999618530273,-0.679,0.202,-0.053,,0.0,0.0,0.0,,,,,0.0,0.0,30.0,-1.51000000023771e-05,-1.2900000001536682e-05,0.26,85.0,36.5,0
19669,SO-0501,ASI Nidhi Vaghela,ASI,35,2026-07-16 21:20:09+00:00,87.0,79.0,,21.0092277,73.1391074,22.899999618530273,-0.203,-0.919,0.096,,0.0,0.0,0.0,,,,,0.0,0.0,30.0,-0.000111099999998,-8.970000000374512e-05,1.85,79.0,36.5,0
19671,SO-0501,ASI Nidhi Vaghela,ASI,35,2026-07-16 21:20:39+00:00,92.0,88.0,,21.0093503,73.139186,22.899999618530273,-0.969,0.066,-0.116,,0.0,0.0,0.0,,,,,0.0,0.0,30.0,0.0001226000000009,7.85999999948217e-05,1.9,88.0,36.5,2
19673,SO-0501,ASI Nidhi Vaghela,ASI,35,2026-07-16 21:21:09+00:00,88.0,88.0,,21.009356,73.1391761,22.899999618530273,-0.958,0.043,-0.099,,0.0,0.0,0.0,,,,,0.0,0.0,30.0,5.699999999109195e-06,-9.8999999949001e-06,0.14,88.0,36.5,0
19675,SO-0501,ASI Nidhi Vaghela,ASI,35,2026-07-16 21:21:39+00:00,94.0,88.0,,21.0093594,73.1391729,22.899999618530273,-0.965,0.059,-0.114,,0.0,0.0,0.0,,,,,0.0,0.0,30.0,3.4000000006528808e-06,-3.1999999947629476e-06,0.06,88.0,36.5,2
19677,SO-0501,ASI Nidhi Vaghela,ASI,35,2026-07-16 21:22:09+00:00,90.0,88.0,,21.0093644,73.1391718,23.0,-0.971,0.031,-0.105,,0.0,0.0,0.0,,,,,0.0,0.0,30.0,4.9999999980343546e-06,-1.1000000057492798e-06,0.07,88.0,36.5,0
19679,SO-0501,ASI Nidhi Vaghela,ASI,35,2026-07-16 21:22:38+00:00,87.0,88.0,,21.0093646,73.1391668,22.899999618530273,-0.983,0.083,-0.012,,0.0,0.0,0.0,,,,,0.0,0.0,29.0,2.0000000233721948e-07,-5.000000001587068e-06,0.06,88.0,36.5,0
19681,SO-0501,ASI Nidhi Vaghela,ASI,35,2026-07-16 21:23:08+00:00,89.0,88.0,,21.0093655,73.1391623,22.899999618530273,-0.962,0.071,0.158,,0.0,0.0,0.0,,,,,0.0,0.0,30.0,8.999999998593466e-07,-4.500000002849447e-06,0.06,88.0,36.5,0
19683,SO-0501,ASI Nidhi Vaghela,ASI,35,2026-07-16 21:23:39+00:00,86.0,88.0,,21.0093639,73.1391513,23.0,-1.008,0.05,-0.059,,0.0,0.0,0.0,,,,,0.0,0.0,31.0,-1.6000000009341877e-06,-1.100000000064938e-05,0.13,88.0,36.5,0
19685,SO-0501,ASI Nidhi Vaghela,ASI,35,2026-07-16 21:24:08+00:00,97.0,88.0,,21.0093677,73.1391525,23.0,-0.97,0.026,0.085,,0.0,0.0,0.0,,,,,0.0,0.0,29.0,3.799999998221893e-06,1.1999999998124622e-06,0.05,88.0,36.5,2
19687,SO-0501,ASI Nidhi Vaghela,ASI,35,2026-07-16 21:24:38+00:00,90.0,85.0,,21.0093718,73.1391531,22.899999618530273,-1.076,0.045,0.023,,0.0,0.0,0.0,,,,,0.0,0.0,30.0,4.100000001727722e-06,6.000000070116585e-07,0.06,85.0,36.5,0
19689,SO-0501,ASI Nidhi Vaghela,ASI,35,2026-07-16 21:25:09+00:00,95.0,88.0,,21.009371,73.1391516,23.0,-0.985,0.041,-0.049,,0.0,0.0,0.0,,,,,0.0,0.0,31.0,-7.999999986907369e-07,-1.499999996212864e-06,0.02,88.0,36.5,2
19691,SO-0501,ASI Nidhi Vaghela,ASI,35,2026-07-16 21:25:39+00:00,91.0,87.0,,21.0092796,73.1391015,22.899999618530273,-0.985,0.042,0.001,,0.0,0.0,0.0,,,,,0.0,0.0,30.0,-9.14000000022952e-05,-5.0100000009933865e-05,1.37,87.0,36.5,2
19693,SO-0501,ASI Nidhi Vaghela,ASI,35,2026-07-16 21:26:09+00:00,81.0,88.0,,21.0093726,73.13915,22.899999618530273,-0.978,0.019,-0.096,,0.0,0.0,0.0,,,,,0.0,0.0,30.0,9.299999999967667e-05,4.850000000544696e-05,1.38,88.0,36.5,0
19695,SO-0501,ASI Nidhi Vaghela,ASI,35,2026-07-16 21:26:38+00:00,92.0,85.0,,21.0093707,73.1391488,22.399999618530273,-0.948,0.058,-0.203,,0.0,0.0,0.0,,,,,0.0,0.0,29.0,-1.8999999973345896e-06,-1.1999999998124622e-06,0.03,85.0,36.5,2
19697,SO-0501,ASI Nidhi Vaghela,ASI,35,2026-07-16 21:27:09+00:00,84.0,88.0,,21.0093702,73.1391478,22.899999618530273,-0.962,0.061,-0.167,,0.0,0.0,0.0,,,,,0.0,0.0,31.0,-5.00000002290335e-07,-9.999999974752427e-07,0.01,88.0,36.5,0
19699,SO-0501,ASI Nidhi Vaghela,ASI,35,2026-07-16 21:27:39+00:00,99.0,88.0,,21.0093708,73.1391478,22.899999618530273,-0.996,-0.013,0.006,,0.0,0.0,0.0,,,,,0.0,0.0,30.0,5.999999999062311e-07,0.0,0.01,88.0,36.5,2
19701,SO-0501,ASI Nidhi Vaghela,ASI,35,2026-07-16 21:28:08+00:00,91.0,87.0,,21.00937,73.1391467,22.899999618530273,-1.026,-0.066,0.112,,0.0,0.0,0.0,,,,,0.0,0.0,29.0,-7.999999986907369e-07,-1.1000000057492798e-06,0.02,87.0,36.5,2
19703,SO-0501,ASI Nidhi Vaghela,ASI,35,2026-07-16 21:28:39+00:00,91.0,88.0,,21.0093707,73.1391474,23.0,-0.98,0.014,-0.058,,0.0,0.0,0.0,,,,,0.0,0.0,31.0,7.000000010748408e-07,7.000000010748408e-07,0.01,88.0,36.5,2
19705,SO-0501,ASI Nidhi Vaghela,ASI,35,2026-07-16 21:29:09+00:00,92.0,88.0,,21.0093698,73.1391459,22.899999618530273,-0.991,-0.034,0.043,,0.0,0.0,0.0,,,,,0.0,0.0,30.0,-8.999999998593466e-07,-1.499999996212864e-06,0.02,88.0,36.5,2
19707,SO-0501,ASI Nidhi Vaghela,ASI,35,2026-07-16 21:29:39+00:00,83.0,88.0,,21.0093023,73.1391153,22.899999618530273,-0.988,-0.008,-0.03,,0.0,0.0,0.0,,,,,0.0,0.0,30.0,-6.750000000010914e-05,-3.060000000232321e-05,0.98,88.0,36.5,0
19709,SO-0501,ASI Nidhi Vaghela,ASI,35,2026-07-16 21:30:09+00:00,91.0,76.0,,21.0093706,73.1391456,22.899999618530273,-0.985,-0.023,-0.03,,0.0,0.0,0.0,,,,,0.0,0.0,30.0,6.829999999879988e-05,3.030000000592281e-05,0.98,76.0,36.5,2
19711,SO-0501,ASI Nidhi Vaghela,ASI,35,2026-07-16 21:30:39+00:00,86.0,87.0,,21.0093709,73.1391453,22.899999618530273,-0.992,-0.062,0.012,,0.0,0.0,0.0,,,,,0.0,0.0,30.0,2.999999999531156e-07,-3.000000106112566e-07,0.01,87.0,36.5,0
19713,SO-0501,ASI Nidhi Vaghela,ASI,35,2026-07-16 21:31:08+00:00,83.0,79.0,,21.0093647,73.1391393,22.899999618530273,-0.194,-0.839,0.554,,0.0,0.0,0.0,,,,,0.0,0.0,29.0,-6.2000000013995304e-06,-5.999999999062311e-06,0.12,79.0,36.5,0
19715,SO-0501,ASI Nidhi Vaghela,ASI,35,2026-07-16 21:31:39+00:00,91.0,53.0,,21.0093652,73.1391395,23.0,-0.706,-0.09,0.745,,0.0,0.0,0.0,,,,,0.0,0.0,31.0,5.00000002290335e-07,2.0000000233721948e-07,0.01,53.0,36.5,2
19717,SO-0501,ASI Nidhi Vaghela,ASI,35,2026-07-16 21:32:09+00:00,89.0,72.0,,21.0093658,73.13914,23.0,-0.106,0.106,1.068,,0.0,0.0,0.0,,,,,0.0,0.0,30.0,5.999999999062311e-07,4.999999987376214e-07,0.01,72.0,36.5,0
19719,SO-0501,ASI Nidhi Vaghela,ASI,35,2026-07-16 21:32:39+00:00,87.0,87.0,,21.0093683,73.1391401,22.899999618530273,-0.765,0.258,0.437,,0.0,0.0,0.0,,,,,0.0,0.0,30.0,2.4999999972408204e-06,1.000000082740371e-07,0.03,87.0,36.5,0
19721,SO-0501,ASI Nidhi Vaghela,ASI,35,2026-07-16 21:33:08+00:00,86.0,84.0,,21.0093671,73.1391388,23.0,-0.745,0.174,0.682,,0.0,0.0,0.0,,,,,0.0,0.0,29.0,-1.1999999998124622e-06,-1.3000000080864993e-06,0.02,84.0,36.5,0
19723,SO-0501,ASI Nidhi Vaghela,ASI,35,2026-07-16 21:33:38+00:00,94.0,75.0,,21.0093679,73.1391376,22.899999618530273,-0.948,0.321,0.234,,0.0,0.0,0.0,,,,,0.0,0.0,30.0,8.000000022434506e-07,-1.1999999998124622e-06,0.02,75.0,36.5,2
19725,SO-0501,ASI Nidhi Vaghela,ASI,35,2026-07-16 21:34:09+00:00,92.0,88.0,,21.0093681,73.1391377,22.899999618530273,-0.907,0.262,0.557,,0.0,0.0,0.0,,,,,0.0,0.0,31.0,1.999999987845058e-07,1.000000082740371e-07,0.0,88.0,36.5,2
19727,SO-0501,ASI Nidhi Vaghela,ASI,35,2026-07-16 21:34:39+00:00,92.0,82.0,,21.009227,73.1391222,22.899999618530273,-0.926,0.09,0.351,,0.0,0.0,0.0,,,,,0.0,0.0,30.0,-0.0001411000000004,-1.5500000003498826e-05,1.89,82.0,36.5,2
19729,SO-0501,ASI Nidhi Vaghela,ASI,35,2026-07-16 21:35:09+00:00,89.0,81.0,,21.0093681,73.1391372,22.899999618530273,-0.381,0.148,0.966,,0.0,0.0,0.0,,,,,0.0,0.0,30.0,0.0001411000000004,1.499999999055035e-05,1.89,81.0,36.5,0
19731,SO-0501,ASI Nidhi Vaghela,ASI,35,2026-07-16 21:35:39+00:00,94.0,88.0,,21.0093692,73.1391362,22.899999618530273,-0.657,0.171,0.646,,0.0,0.0,0.0,,,,,0.0,0.0,30.0,1.0999999986438525e-06,-9.999999974752427e-07,0.02,88.0,36.5,2
19733,SO-0501,ASI Nidhi Vaghela,ASI,35,2026-07-16 21:36:09+00:00,91.0,85.0,,21.0092202,73.1391227,22.899999618530273,-0.474,0.288,0.986,,0.0,0.0,0.0,,,,,0.0,0.0,30.0,-0.0001489999999968,-1.3499999994337486e-05,1.99,85.0,36.5,2
19735,SO-0501,ASI Nidhi Vaghela,ASI,35,2026-07-16 21:36:39+00:00,97.0,73.0,,21.0093702,73.1391372,22.899999618530273,0.66,-0.041,1.607,,0.0,0.0,0.0,,,,,0.0,0.0,30.0,0.0001499999999978,1.4499999991812729e-05,2.01,73.0,36.5,2
19737,SO-0501,ASI Nidhi Vaghela,ASI,35,2026-07-16 21:37:09+00:00,94.0,87.0,,21.0093691,73.1391367,22.899999618530273,-0.186,0.003,1.068,,0.0,0.0,0.0,,,,,0.0,0.0,30.0,-1.0999999986438525e-06,-4.999999987376214e-07,0.02,87.0,36.5,2
19739,SO-0501,ASI Nidhi Vaghela,ASI,35,2026-07-16 21:37:39+00:00,89.0,85.0,,21.0091868,73.1390893,22.899999618530273,-0.672,0.359,0.72,,0.0,0.0,0.0,,,,,0.0,0.0,30.0,-0.0001823000000023,-4.739999999969768e-05,2.5,85.0,36.5,0
19741,SO-0501,ASI Nidhi Vaghela,ASI,35,2026-07-16 21:38:08+00:00,92.0,85.0,,21.009369,73.1391347,22.899999618530273,-0.302,0.078,1.025,,0.0,0.0,0.0,,,,,0.0,0.0,29.0,0.0001822000000011,4.54000000047472e-05,2.58,85.0,36.5,2
19743,SO-0501,ASI Nidhi Vaghela,ASI,35,2026-07-16 21:38:38+00:00,92.0,88.0,,21.0093712,73.1391339,22.899999618530273,-0.648,0.385,0.733,,0.0,0.0,0.0,,,,,0.0,0.0,30.0,2.2000000008404186e-06,-7.999999951380232e-07,0.03,88.0,36.5,2
19745,SO-0501,ASI Nidhi Vaghela,ASI,35,2026-07-16 21:39:08+00:00,91.0,86.0,,21.0093725,73.1391324,22.899999618530273,-0.22,-0.261,1.124,,0.0,0.0,0.0,,,,,0.0,0.0,30.0,1.300000000981072e-06,-1.5000000104237188e-06,0.03,86.0,36.5,2
19747,SO-0501,ASI Nidhi Vaghela,ASI,35,2026-07-16 21:39:38+00:00,95.0,88.0,,21.0093728,73.1391338,22.899999618530273,-1.099,0.172,-0.009,,0.0,0.0,0.0,,,,,0.0,0.0,30.0,2.999999999531156e-07,1.4000000021496817e-06,0.02,88.0,36.5,2
19749,SO-0501,ASI Nidhi Vaghela,ASI,35,2026-07-16 21:40:08+00:00,95.0,86.0,,21.0093724,73.139134,22.899999618530273,-0.641,0.453,0.692,,0.0,0.0,0.0,,,,,0.0,0.0,30.0,-4.000000011217253e-07,2.0000000233721948e-07,0.01,86.0,36.5,2
19751,SO-0501,ASI Nidhi Vaghela,ASI,35,2026-07-16 21:40:39+00:00,94.0,85.0,,21.0093716,73.1391337,23.0,0.145,-0.219,1.089,,0.0,0.0,0.0,,,,,0.0,0.0,31.0,-7.999999986907369e-07,-2.999999964004019e-07,0.01,85.0,36.5,2
19753,SO-0501,ASI Nidhi Vaghela,ASI,35,2026-07-16 21:41:09+00:00,86.0,80.0,,21.0093724,73.1391317,22.899999618530273,-0.779,0.093,0.668,,0.0,0.0,0.0,,,,,0.0,0.0,30.0,7.999999986907369e-07,-2.00000000916134e-06,0.03,80.0,36.5,0
19755,SO-0501,ASI Nidhi Vaghela,ASI,35,2026-07-16 21:41:39+00:00,92.0,88.0,,21.0093724,73.1391308,22.899999618530273,-0.698,0.431,0.669,,0.0,0.0,0.0,,,,,0.0,0.0,30.0,0.0,-8.999999892012056e-07,0.01,88.0,36.5,2
19757,SO-0501,ASI Nidhi Vaghela,ASI,35,2026-07-16 21:42:09+00:00,84.0,87.0,,21.0093715,73.1391298,22.899999618530273,-0.068,-0.113,1.207,,0.0,0.0,0.0,,,,,0.0,0.0,30.0,-8.999999998593466e-07,-9.999999974752427e-07,0.02,87.0,36.5,0
19759,SO-0501,ASI Nidhi Vaghela,ASI,35,2026-07-16 21:42:38+00:00,99.0,84.0,,21.0093727,73.1391288,22.899999618530273,-0.085,-0.05,1.173,,0.0,0.0,0.0,,,,,0.0,0.0,29.0,1.1999999998124622e-06,-1.0000000116860974e-06,0.02,84.0,36.5,2
19761,SO-0501,ASI Nidhi Vaghela,ASI,35,2026-07-16 21:43:08+00:00,99.0,86.0,,21.0093721,73.1391278,22.899999618530273,0.024,0.034,1.13,,0.0,0.0,0.0,,,,,0.0,0.0,30.0,-5.999999999062311e-07,-9.999999974752427e-07,0.01,86.0,36.5,2
19763,SO-0501,ASI Nidhi Vaghela,ASI,35,2026-07-16 21:43:39+00:00,97.0,86.0,,21.0093735,73.1391296,23.0,-0.706,0.457,0.597,,0.0,0.0,0.0,,,,,0.0,0.0,31.0,1.399999998596968e-06,1.8000000068241206e-06,0.03,86.0,36.5,2
19765,SO-0501,ASI Nidhi Vaghela,ASI,35,2026-07-16 21:44:08+00:00,93.0,77.0,,21.0093741,73.1391289,22.899999618530273,-0.855,0.474,0.127,,0.0,0.0,0.0,,,,,0.0,0.0,29.0,5.999999999062311e-07,-7.000000010748408e-07,0.01,77.0,36.5,2
19767,SO-0501,ASI Nidhi Vaghela,ASI,35,2026-07-16 21:44:38+00:00,94.0,85.0,,21.0093763,73.1391294,22.899999618530273,-0.714,0.46,0.596,,0.0,0.0,0.0,,,,,0.0,0.0,30.0,2.2000000008404186e-06,4.999999987376214e-07,0.03,85.0,36.5,2
19769,SO-0501,ASI Nidhi Vaghela,ASI,35,2026-07-16 21:45:08+00:00,89.0,87.0,,21.0093767,73.13913,22.899999618530273,-0.219,0.214,0.923,,0.0,0.0,0.0,,,,,0.0,0.0,30.0,4.000000011217253e-07,5.999999928008037e-07,0.01,87.0,36.5,0
19771,SO-0501,ASI Nidhi Vaghela,ASI,35,2026-07-16 21:45:38+00:00,93.0,79.0,,21.0093794,73.1391319,23.0,-0.673,-0.098,1.002,,0.0,0.0,0.0,,,,,0.0,0.0,30.0,2.69999999957804e-06,1.900000000887303e-06,0.04,79.0,36.5,2
19773,SO-0501,ASI Nidhi Vaghela,ASI,35,2026-07-16 21:46:08+00:00,87.0,77.0,,21.0093802,73.1391312,23.0,-0.737,-0.051,0.719,,0.0,0.0,0.0,,,,,0.0,0.0,30.0,7.999999986907369e-07,-7.000000010748408e-07,0.01,77.0,36.5,0
19775,SO-0501,ASI Nidhi Vaghela,ASI,35,2026-07-16 21:46:38+00:00,88.0,83.0,,21.0093802,73.1391314,23.0,-0.685,0.255,0.743,,0.0,0.0,0.0,,,,,0.0,0.0,30.0,0.0,2.0000000233721948e-07,0.0,83.0,36.5,0
19777,SO-0501,ASI Nidhi Vaghela,ASI,35,2026-07-16 21:47:08+00:00,92.0,69.0,,21.0093804,73.1391317,23.0,-0.656,0.587,0.022,,0.0,0.0,0.0,,,,,0.0,0.0,30.0,2.0000000233721948e-07,2.999999964004019e-07,0.0,69.0,36.5,2
19779,SO-0501,ASI Nidhi Vaghela,ASI,35,2026-07-16 21:47:38+00:00,93.0,83.0,,21.009382,73.1391319,22.899999618530273,-0.436,0.006,0.904,,0.0,0.0,0.0,,,,,0.0,0.0,30.0,1.5999999973814738e-06,2.0000000233721948e-07,0.02,83.0,36.5,2
19781,SO-0501,ASI Nidhi Vaghela,ASI,35,2026-07-16 21:48:08+00:00,90.0,88.0,,21.0093822,73.1391329,22.899999618530273,-0.745,-0.357,1.185,,0.0,0.0,0.0,,,,,0.0,0.0,30.0,2.0000000233721948e-07,1.0000000116860974e-06,0.01,88.0,36.5,0
19783,SO-0501,ASI Nidhi Vaghela,ASI,35,2026-07-16 21:48:38+00:00,90.0,87.0,,21.0093826,73.1391323,22.899999618530273,-0.768,0.265,0.661,,0.0,0.0,0.0,,,,,0.0,0.0,30.0,3.999999975690116e-07,-6.000000070116585e-07,0.01,87.0,36.5,0
19785,SO-0501,ASI Nidhi Vaghela,ASI,35,2026-07-16 21:49:08+00:00,83.0,85.0,,21.0093823,73.1391327,22.899999618530273,-0.397,0.141,0.875,,0.0,0.0,0.0,,,,,0.0,0.0,30.0,-2.999999999531156e-07,4.0000000467443897e-07,0.01,85.0,36.5,0
19787,SO-0501,ASI Nidhi Vaghela,ASI,35,2026-07-16 21:49:38+00:00,97.0,85.0,,21.0093835,73.1391322,22.899999618530273,-0.714,0.282,0.712,,0.0,0.0,0.0,,,,,0.0,0.0,30.0,1.1999999998124622e-06,-4.999999987376214e-07,0.02,85.0,36.5,2
19789,SO-0501,ASI Nidhi Vaghela,ASI,35,2026-07-16 21:50:08+00:00,91.0,85.0,,21.0093829,73.1391321,22.899999618530273,-0.63,0.008,0.742,,0.0,0.0,0.0,,,,,0.0,0.0,30.0,-5.999999999062311e-07,-1.000000082740371e-07,0.01,85.0,36.5,2
19791,SO-0501,ASI Nidhi Vaghela,ASI,35,2026-07-16 21:50:39+00:00,81.0,61.0,,21.0093841,73.1391325,22.899999618530273,-0.945,0.266,0.206,,0.0,0.0,0.0,,,,,0.0,0.0,31.0,1.1999999998124622e-06,4.0000000467443897e-07,0.02,61.0,36.5,0
19793,SO-0501,ASI Nidhi Vaghela,ASI,35,2026-07-16 21:51:09+00:00,86.0,86.0,,21.0093847,73.1391321,23.0,-0.238,0.01,0.975,,0.0,0.0,0.0,,,,,0.0,0.0,30.0,5.999999999062311e-07,-4.0000000467443897e-07,0.01,86.0,36.5,0
19795,SO-0501,ASI Nidhi Vaghela,ASI,35,2026-07-16 21:51:39+00:00,83.0,87.0,,21.0093836,73.1391318,22.899999618530273,-0.864,0.257,0.48,,0.0,0.0,0.0,,,,,0.0,0.0,30.0,-1.0999999986438525e-06,-2.999999964004019e-07,0.02,87.0,36.5,0
19797,SO-0501,ASI Nidhi Vaghela,ASI,35,2026-07-16 21:52:09+00:00,94.0,88.0,,21.0093836,73.1391317,22.899999618530273,-0.81,0.272,0.571,,0.0,0.0,0.0,,,,,0.0,0.0,30.0,0.0,-1.000000082740371e-07,0.0,88.0,36.5,2
19799,SO-0501,ASI Nidhi Vaghela,ASI,35,2026-07-16 21:52:39+00:00,88.0,86.0,,21.0092656,73.1391087,22.899999618530273,-0.479,-0.138,1.068,,0.0,0.0,0.0,,,,,0.0,0.0,30.0,-0.0001180000000005,-2.2999999998774e-05,1.6,86.0,36.5,0
19801,SO-0501,ASI Nidhi Vaghela,ASI,35,2026-07-16 21:53:09+00:00,88.0,80.0,,21.0093827,73.139132,22.899999618530273,-0.842,0.267,0.511,,0.0,0.0,0.0,,,,,0.0,0.0,30.0,0.0001171000000006,2.3300000009385254e-05,1.59,80.0,36.5,0
19803,SO-0501,ASI Nidhi Vaghela,ASI,35,2026-07-16 21:53:39+00:00,98.0,87.0,,21.009384,73.139132,22.899999618530273,-0.68,0.247,0.772,,0.0,0.0,0.0,,,,,0.0,0.0,30.0,1.300000000981072e-06,0.0,0.02,87.0,36.5,2
19805,SO-0501,ASI Nidhi Vaghela,ASI,35,2026-07-16 21:54:09+00:00,91.0,86.0,,21.0093837,73.1391318,22.899999618530273,-0.548,0.312,0.821,,0.0,0.0,0.0,,,,,0.0,0.0,30.0,-2.999999999531156e-07,-2.0000000233721948e-07,0.0,86.0,36.5,2
19807,SO-0501,ASI Nidhi Vaghela,ASI,35,2026-07-16 21:54:39+00:00,90.0,88.0,,21.0093837,73.1391316,22.899999618530273,-0.84,0.373,0.458,,0.0,0.0,0.0,,,,,0.0,0.0,30.0,0.0,-2.0000000233721948e-07,0.0,88.0,36.5,0
19809,SO-0501,ASI Nidhi Vaghela,ASI,35,2026-07-16 21:55:08+00:00,86.0,84.0,,21.0093841,73.1391313,22.899999618530273,-0.725,0.264,0.729,,0.0,0.0,0.0,,,,,0.0,0.0,29.0,3.999999975690116e-07,-2.999999964004019e-07,0.01,84.0,36.5,0
19811,SO-0501,ASI Nidhi Vaghela,ASI,35,2026-07-16 21:55:38+00:00,92.0,87.0,,21.0093849,73.1391314,22.899999618530273,-1.012,0.122,0.029,,0.0,0.0,0.0,,,,,0.0,0.0,30.0,8.000000022434506e-07,9.999999406318238e-08,0.01,87.0,36.5,2
19813,SO-0501,ASI Nidhi Vaghela,ASI,35,2026-07-16 21:56:09+00:00,87.0,84.0,,21.009227,73.1391069,22.899999618530273,-0.853,0.374,0.473,,0.0,0.0,0.0,,,,,0.0,0.0,31.0,-0.0001579000000013,-2.4499999994986865e-05,2.06,84.0,36.5,0
19815,SO-0501,ASI Nidhi Vaghela,ASI,35,2026-07-16 21:56:39+00:00,92.0,81.0,,21.0093847,73.1391316,22.899999618530273,-0.925,0.321,0.288,,0.0,0.0,0.0,,,,,0.0,0.0,30.0,0.000157699999999,2.4699999997324085e-05,2.12,81.0,36.5,2
19817,SO-0501,ASI Nidhi Vaghela,ASI,35,2026-07-16 21:57:09+00:00,95.0,68.0,,21.0093844,73.1391317,22.899999618530273,-0.601,0.404,0.703,,0.0,0.0,0.0,,,,,0.0,0.0,30.0,-2.999999999531156e-07,9.999999406318238e-08,0.0,68.0,36.5,2
19819,SO-0501,ASI Nidhi Vaghela,ASI,35,2026-07-16 21:57:38+00:00,92.0,88.0,,21.0093841,73.1391315,22.899999618530273,-0.881,0.386,0.006,,0.0,0.0,0.0,,,,,0.0,0.0,29.0,-2.999999999531156e-07,-1.9999998812636477e-07,0.0,88.0,36.5,2
19821,SO-0501,ASI Nidhi Vaghela,ASI,35,2026-07-16 21:58:09+00:00,94.0,86.0,,21.0093834,73.139131,22.899999618530273,-0.908,0.247,0.41,,0.0,0.0,0.0,,,,,0.0,0.0,31.0,-6.999999975221272e-07,-4.999999987376214e-07,0.01,86.0,36.5,2
19823,SO-0501,ASI Nidhi Vaghela,ASI,35,2026-07-16 21:58:39+00:00,99.0,70.0,,21.0093844,73.139131,22.899999618530273,2.0,-1.148,2.0,,0.0,0.0,0.0,,,,,0.0,0.0,30.0,9.999999974752427e-07,0.0,0.01,70.0,36.5,1
19825,SO-0501,ASI Nidhi Vaghela,ASI,35,2026-07-16 21:59:08+00:00,86.0,81.0,,21.0093845,73.1391309,23.0,-0.438,-0.515,0.821,,0.0,0.0,0.0,,,,,0.0,0.0,29.0,1.0000000116860974e-07,-1.000000082740371e-07,0.0,81.0,36.5,1
19827,SO-0501,ASI Nidhi Vaghela,ASI,35,2026-07-16 21:59:39+00:00,89.0,88.0,,21.0093847,73.1391317,23.0,-0.386,-0.405,0.921,,0.0,0.0,0.0,,,,,0.0,0.0,31.0,1.999999987845058e-07,7.999999951380232e-07,0.01,88.0,36.5,1
19829,SO-0501,ASI Nidhi Vaghela,ASI,35,2026-07-16 22:00:08+00:00,90.0,87.0,,21.0093849,73.1391318,23.0,-1.722,-0.169,0.483,,0.0,0.0,0.0,,,,,0.0,0.0,29.0,2.0000000233721948e-07,1.000000082740371e-07,0.0,87.0,36.5,1
19831,SO-0501,ASI Nidhi Vaghela,ASI,35,2026-07-16 22:00:36+00:00,94.0,81.0,,21.0092952,73.1391332,22.899999618530273,-1.016,0.095,-0.044,,0.0,0.0,0.0,,,,,0.0,0.0,28.0,-8.97000000001924e-05,1.4000000021496817e-06,1.28,81.0,36.5,1
19833,SO-0501,ASI Nidhi Vaghela,ASI,35,2026-07-16 22:01:10+00:00,99.0,88.0,,21.0092959,73.139119,22.899999618530273,-0.961,0.12,0.156,,0.0,0.0,0.0,,,,,0.0,0.0,34.0,7.000000010748408e-07,-1.4200000009623182e-05,0.16,88.0,36.5,2
19835,SO-0501,ASI Nidhi Vaghela,ASI,35,2026-07-16 22:01:38+00:00,93.0,88.0,,21.0093403,73.13915,23.0,-0.983,0.168,0.012,,0.0,0.0,0.0,,,,,0.0,0.0,28.0,4.440000000016653e-05,3.100000000699765e-05,0.76,88.0,36.5,1
19837,SO-0501,ASI Nidhi Vaghela,ASI,35,2026-07-16 22:02:08+00:00,86.0,88.0,,21.0093751,73.1391138,23.0,-0.792,-0.049,-0.499,,0.0,0.0,0.0,,,,,0.0,0.0,30.0,3.479999999811412e-05,-3.6199999996711085e-05,0.65,88.0,36.5,1
19839,SO-0501,ASI Nidhi Vaghela,ASI,35,2026-07-16 22:02:38+00:00,97.0,84.0,,21.0094054,73.1391254,23.100000381469727,-0.472,-0.759,0.173,,0.0,0.0,0.0,,,,,0.0,0.0,30.0,3.0299999998817384e-05,1.1599999993450185e-05,0.43,84.0,36.5,2
19841,SO-0501,ASI Nidhi Vaghela,ASI,35,2026-07-16 22:03:08+00:00,88.0,88.0,,21.0094001,73.1391232,23.0,-0.776,-0.113,-0.509,,0.0,0.0,0.0,,,,,0.0,0.0,30.0,-5.29999999798747e-06,-2.199999997287705e-06,0.08,88.0,36.5,0
19843,SO-0501,ASI Nidhi Vaghela,ASI,35,2026-07-16 22:03:38+00:00,94.0,88.0,,21.009407,73.1391294,23.0,-0.943,0.108,-0.205,,0.0,0.0,0.0,,,,,0.0,0.0,30.0,6.899999998921658e-06,6.2000000013995304e-06,0.12,88.0,36.5,2
19845,SO-0501,ASI Nidhi Vaghela,ASI,35,2026-07-16 22:04:08+00:00,85.0,88.0,,21.0094151,73.1391387,23.0,-0.911,-0.263,-0.218,,0.0,0.0,0.0,,,,,0.0,0.0,30.0,8.09999999873412e-06,9.300000002099296e-06,0.16,88.0,36.5,0
19847,SO-0501,ASI Nidhi Vaghela,ASI,35,2026-07-16 22:04:37+00:00,99.0,70.0,,21.0094156,73.1391416,22.899999618530273,-0.859,-0.317,-0.283,,0.0,0.0,0.0,,,,,0.0,0.0,29.0,5.00000002290335e-07,2.8999999983625457e-06,0.04,70.0,36.5,2
19849,SO-0501,ASI Nidhi Vaghela,ASI,35,2026-07-16 22:05:07+00:00,93.0,85.0,,21.0094114,73.139143,23.0,-0.884,-0.309,-0.256,,0.0,0.0,0.0,,,,,0.0,0.0,30.0,-4.199999999343618e-06,1.4000000021496817e-06,0.06,85.0,36.5,2
19851,SO-0501,ASI Nidhi Vaghela,ASI,35,2026-07-16 22:05:37+00:00,87.0,88.0,,21.0094141,73.1391417,22.899999618530273,-0.883,0.081,-0.362,,0.0,0.0,0.0,,,,,0.0,0.0,30.0,2.69999999957804e-06,-1.3000000080864993e-06,0.04,88.0,36.5,0
19853,SO-0501,ASI Nidhi Vaghela,ASI,35,2026-07-16 22:06:08+00:00,85.0,72.0,,21.0094169,73.1391449,23.0,-0.906,0.01,-0.329,,0.0,0.0,0.0,,,,,0.0,0.0,31.0,2.8000000007466497e-06,3.2000000089738023e-06,0.05,72.0,36.5,0
19855,SO-0501,ASI Nidhi Vaghela,ASI,35,2026-07-16 22:06:38+00:00,88.0,88.0,,21.0094159,73.1391447,23.0,-0.861,0.084,-0.35,,0.0,0.0,0.0,,,,,0.0,0.0,30.0,-1.0000000010279564e-06,-2.0000000233721948e-07,0.01,88.0,36.5,0
19857,SO-0501,ASI Nidhi Vaghela,ASI,35,2026-07-16 22:07:08+00:00,82.0,79.0,,21.0094176,73.1391423,23.0,-0.892,0.042,-0.379,,0.0,0.0,0.0,,,,,0.0,0.0,30.0,1.6999999985500835e-06,-2.3999999996249244e-06,0.04,79.0,36.5,0
19859,SO-0501,ASI Nidhi Vaghela,ASI,35,2026-07-16 22:07:38+00:00,88.0,88.0,,21.0094202,73.139141,23.0,-0.816,0.129,-0.487,,0.0,0.0,0.0,,,,,0.0,0.0,30.0,2.600000001962144e-06,-1.3000000080864993e-06,0.04,88.0,36.5,0
19861,SO-0501,ASI Nidhi Vaghela,ASI,35,2026-07-16 22:08:08+00:00,87.0,88.0,,21.0094202,73.1391409,23.100000381469727,-0.864,0.133,-0.402,,0.0,0.0,0.0,,,,,0.0,0.0,30.0,0.0,-9.999999406318238e-08,0.0,88.0,36.5,0
19863,SO-0501,ASI Nidhi Vaghela,ASI,35,2026-07-16 22:08:36+00:00,89.0,83.0,,21.0089274,73.1393043,23.200000762939453,-0.153,0.871,0.415,,0.0,0.0,0.0,,,,,0.0,0.0,28.0,-0.0004927999999999,0.0001634000000052,7.36,83.0,36.5,1
19865,SO-0501,ASI Nidhi Vaghela,ASI,35,2026-07-16 22:09:08+00:00,89.0,65.0,,21.0094143,73.1391504,23.200000762939453,-0.423,-0.66,0.509,,0.0,0.0,0.0,,,,,0.0,0.0,32.0,0.0004868999999985,-0.0001539000000008,6.34,65.0,36.5,1
19867,SO-0501,ASI Nidhi Vaghela,ASI,35,2026-07-16 22:09:38+00:00,89.0,52.0,,21.0090693,73.1394566,23.0,-0.469,-0.927,0.668,,0.0,0.0,0.0,,,,,0.0,0.0,30.0,-0.0003449999999993,0.0003061999999971,5.97,52.0,36.5,1
19869,SO-0501,ASI Nidhi Vaghela,ASI,35,2026-07-16 22:10:07+00:00,89.0,52.0,,21.0088719,73.1396975,23.200000762939453,-0.985,-1.374,0.354,,0.0,0.0,0.0,,,,,0.0,0.0,29.0,-0.0001974000000011,0.0002408999999943,4.12,52.0,36.5,0
19871,SO-0501,ASI Nidhi Vaghela,ASI,35,2026-07-16 22:10:37+00:00,89.0,52.0,,21.0087331,73.1399487,23.700000762939453,-0.109,-0.691,0.189,,0.0,0.0,0.0,,,,,0.0,0.0,30.0,-0.0001387999999984,0.0002512000000081,3.63,52.0,36.5,1
19873,SO-0501,ASI Nidhi Vaghela,ASI,35,2026-07-16 22:11:07+00:00,89.0,54.0,,21.0085367,73.1400449,24.299999237060547,-0.479,-0.748,0.532,,0.0,0.0,0.0,,,,,0.0,0.0,30.0,-0.0001964,9.620000000154504e-05,2.88,54.0,36.5,1
19875,SO-0501,ASI Nidhi Vaghela,ASI,35,2026-07-16 22:11:37+00:00,87.0,84.0,,21.0083275,73.1403996,24.200000762939453,-0.177,0.534,0.595,,0.0,0.0,0.0,,,,,0.0,0.0,30.0,-0.0002092000000004,0.0003546999999883,5.21,84.0,36.5,1
19877,SO-0501,ASI Nidhi Vaghela,ASI,35,2026-07-16 22:12:06+00:00,84.0,84.0,,21.0083275,73.1403996,24.399999618530273,-0.334,1.052,0.939,,0.0,0.0,0.0,,,,,0.0,0.0,29.0,0.0,0.0,0.0,84.0,36.5,1
19879,SO-0501,ASI Nidhi Vaghela,ASI,35,2026-07-16 22:12:38+00:00,87.0,53.0,,21.0079153,73.1409097,24.399999618530273,-0.128,-0.697,0.116,,0.0,0.0,0.0,,,,,0.0,0.0,32.0,-0.0004121999999995,0.0005100999999996,7.86,53.0,36.5,1
19881,SO-0501,ASI Nidhi Vaghela,ASI,35,2026-07-16 22:13:08+00:00,87.0,51.0,,21.0078083,73.1411752,24.5,-0.34,-0.746,0.594,,0.0,0.0,0.0,,,,,0.0,0.0,30.0,-0.0001069999999998,0.0002655000000117,3.59,51.0,36.5,0
19883,SO-0501,ASI Nidhi Vaghela,ASI,35,2026-07-16 22:13:38+00:00,87.0,51.0,,21.0077183,73.1412188,24.600000381469727,-0.167,-0.602,0.161,,0.0,0.0,0.0,,,,,0.0,0.0,30.0,-9.000000000014552e-05,4.359999999792308e-05,1.32,51.0,36.5,0
19885,SO-0501,ASI Nidhi Vaghela,ASI,35,2026-07-16 22:14:08+00:00,87.0,57.0,,21.0078741,73.1409996,24.5,-0.582,-0.84,0.457,,0.0,0.0,0.0,,,,,0.0,0.0,30.0,0.0001557999999981,-0.0002192000000036,3.42,57.0,36.5,0
19887,SO-0501,ASI Nidhi Vaghela,ASI,35,2026-07-16 22:14:38+00:00,87.0,53.0,,21.0081437,73.1407436,24.399999618530273,-0.163,-0.555,0.178,,0.0,0.0,0.0,,,,,0.0,0.0,30.0,0.0002696000000028,-0.0002560000000073,4.8,53.0,36.5,1
19889,SO-0501,ASI Nidhi Vaghela,ASI,35,2026-07-16 22:15:06+00:00,87.0,86.0,,21.0082526,73.1405456,24.299999237060547,-0.665,1.143,0.53,,0.0,0.0,0.0,,,,,0.0,0.0,28.0,0.0001088999999971,-0.0001979999999974,3.06,86.0,36.5,0
19891,SO-0501,ASI Nidhi Vaghela,ASI,35,2026-07-16 22:15:38+00:00,95.0,87.0,,21.0084724,73.1402727,24.299999237060547,-0.625,0.905,0.299,,0.0,0.0,0.0,,,,,0.0,0.0,32.0,0.0002197999999999,-0.0002728999999987,4.2,87.0,36.5,1
19893,SO-0501,ASI Nidhi Vaghela,ASI,35,2026-07-16 22:16:08+00:00,92.0,85.0,,21.008672,73.1399869,24.0,-0.278,1.094,0.354,,0.0,0.0,0.0,,,,,0.0,0.0,30.0,0.0001996000000019,-0.0002858000000003,4.44,85.0,36.5,2
19895,SO-0501,ASI Nidhi Vaghela,ASI,35,2026-07-16 22:16:38+00:00,88.0,88.0,,21.0088625,73.1397684,23.200000762939453,-0.32,1.016,0.475,,0.0,0.0,0.0,,,,,0.0,0.0,30.0,0.0001904999999986,-0.0002185000000025,3.72,88.0,36.5,0
19897,SO-0501,ASI Nidhi Vaghela,ASI,35,2026-07-16 22:17:07+00:00,89.0,85.0,,21.0090862,73.1395121,23.200000762939453,-0.305,1.109,0.421,,0.0,0.0,0.0,,,,,0.0,0.0,29.0,0.0002236999999993,-0.0002562999999895,4.51,85.0,36.5,1
19899,SO-0501,ASI Nidhi Vaghela,ASI,35,2026-07-16 22:17:38+00:00,82.0,86.0,,21.0092725,73.1392462,23.200000762939453,-1.12,0.078,-0.16,,0.0,0.0,0.0,,,,,0.0,0.0,31.0,0.0001863000000028,-0.0002659000000022,4.0,86.0,36.5,0
19901,SO-0501,ASI Nidhi Vaghela,ASI,35,2026-07-16 22:18:08+00:00,91.0,85.0,,21.0094372,73.1391248,23.0,-0.154,0.773,0.564,,0.0,0.0,0.0,,,,,0.0,0.0,30.0,0.0001646999999991,-0.0001213999999976,2.66,85.0,36.5,2
19903,SO-0501,ASI Nidhi Vaghela,ASI,35,2026-07-16 22:18:38+00:00,88.0,84.0,,21.0094812,73.1391514,22.899999618530273,0.278,-0.145,1.581,,0.0,0.0,0.0,,,,,0.0,0.0,30.0,4.39999999990448e-05,2.6599999998211388e-05,0.67,84.0,36.5,0
19905,SO-0501,ASI Nidhi Vaghela,ASI,35,2026-07-16 22:19:08+00:00,82.0,88.0,,21.0094419,73.1391355,23.0,-0.444,0.648,0.702,,0.0,0.0,0.0,,,,,0.0,0.0,30.0,-3.930000000096357e-05,-1.5900000008173265e-05,0.56,88.0,36.5,0
19907,SO-0501,ASI Nidhi Vaghela,ASI,35,2026-07-16 22:19:37+00:00,83.0,87.0,,21.0094399,73.1391289,23.0,-0.168,0.784,0.679,,0.0,0.0,0.0,,,,,0.0,0.0,29.0,-1.999999998503199e-06,-6.599999991863115e-06,0.09,87.0,36.5,0
19909,SO-0501,ASI Nidhi Vaghela,ASI,35,2026-07-16 22:20:08+00:00,98.0,77.0,,21.0094428,73.1391296,23.0,0.268,0.544,0.847,,0.0,0.0,0.0,,,,,0.0,0.0,31.0,2.8999999983625457e-06,7.000000010748408e-07,0.04,77.0,36.5,2
19911,SO-0501,ASI Nidhi Vaghela,ASI,35,2026-07-16 22:20:38+00:00,91.0,82.0,,21.0094402,73.1391232,23.0,-0.13,-1.23,0.449,,0.0,0.0,0.0,,,,,0.0,0.0,30.0,-2.59999999840943e-06,-6.40000000373675e-06,0.09,82.0,36.5,2
19913,SO-0501,ASI Nidhi Vaghela,ASI,35,2026-07-16 22:21:08+00:00,100.0,83.0,,21.0094399,73.1391221,23.0,-0.082,-0.859,0.388,,0.0,0.0,0.0,,,,,0.0,0.0,30.0,-2.999999999531156e-07,-1.1000000057492798e-06,0.01,83.0,36.5,2
19915,SO-0501,ASI Nidhi Vaghela,ASI,35,2026-07-16 22:21:38+00:00,84.0,69.0,,21.0094355,73.1391196,23.0,-0.536,-0.799,0.166,,0.0,0.0,0.0,,,,,0.0,0.0,30.0,-4.400000001680837e-06,-2.4999999936881068e-06,0.07,69.0,36.5,0
19917,SO-0501,ASI Nidhi Vaghela,ASI,35,2026-07-16 22:22:08+00:00,87.0,83.0,,21.0094353,73.1391213,23.0,-0.581,-0.97,0.221,,0.0,0.0,0.0,,,,,0.0,0.0,30.0,-1.999999987845058e-07,1.6999999985500835e-06,0.02,83.0,36.5,0
19919,SO-0501,ASI Nidhi Vaghela,ASI,35,2026-07-16 22:22:39+00:00,83.0,88.0,,21.0094387,73.1391224,22.899999618530273,-0.925,-0.263,-0.139,,0.0,0.0,0.0,,,,,0.0,0.0,31.0,3.4000000006528808e-06,1.1000000057492798e-06,0.05,88.0,36.5,0
19921,SO-0501,ASI Nidhi Vaghela,ASI,35,2026-07-16 22:23:08+00:00,97.0,88.0,,21.0094402,73.1391226,23.0,-0.943,0.023,-0.212,,0.0,0.0,0.0,,,,,0.0,0.0,29.0,1.4999999997655775e-06,1.9999998812636477e-07,0.02,88.0,36.5,2
19923,SO-0501,ASI Nidhi Vaghela,ASI,35,2026-07-16 22:23:38+00:00,84.0,88.0,,21.0094403,73.1391218,23.0,-0.97,-0.044,-0.085,,0.0,0.0,0.0,,,,,0.0,0.0,30.0,1.0000000116860974e-07,-7.999999951380232e-07,0.01,88.0,36.5,0
19925,SO-0501,ASI Nidhi Vaghela,ASI,35,2026-07-16 22:24:08+00:00,92.0,80.0,,21.0094384,73.1391213,22.399999618530273,-0.705,0.337,-0.204,,0.0,0.0,0.0,,,,,0.0,0.0,30.0,-1.900000000887303e-06,-4.999999987376214e-07,0.03,80.0,36.5,2
19927,SO-0501,ASI Nidhi Vaghela,ASI,35,2026-07-16 22:24:38+00:00,94.0,88.0,,21.009436,73.1391202,22.600000381469727,-0.912,0.018,-0.153,,0.0,0.0,0.0,,,,,0.0,0.0,30.0,-2.3999999996249244e-06,-1.1000000057492798e-06,0.03,88.0,36.5,2
19929,SO-0501,ASI Nidhi Vaghela,ASI,35,2026-07-16 22:25:08+00:00,95.0,87.0,,21.0094367,73.1391219,23.0,-0.835,-0.047,-0.302,,0.0,0.0,0.0,,,,,0.0,0.0,30.0,6.999999975221272e-07,1.7000000127609385e-06,0.02,87.0,36.5,2
19931,SO-0501,ASI Nidhi Vaghela,ASI,35,2026-07-16 22:25:37+00:00,99.0,82.0,,21.0094369,73.139123,22.899999618530273,-0.437,0.824,-0.272,,0.0,0.0,0.0,,,,,0.0,0.0,29.0,2.0000000233721948e-07,1.099999991538425e-06,0.01,82.0,36.5,2
19933,SO-0501,ASI Nidhi Vaghela,ASI,35,2026-07-16 22:26:08+00:00,93.0,88.0,,21.0094361,73.1391243,22.899999618530273,-0.904,0.276,-0.37,,0.0,0.0,0.0,,,,,0.0,0.0,31.0,-8.000000022434506e-07,1.3000000080864993e-06,0.02,88.0,36.5,2
19935,SO-0501,ASI Nidhi Vaghela,ASI,35,2026-07-16 22:26:38+00:00,90.0,88.0,,21.0094343,73.1391264,22.899999618530273,-0.851,0.075,-0.427,,0.0,0.0,0.0,,,,,0.0,0.0,30.0,-1.7999999997186933e-06,2.099999989013668e-06,0.04,88.0,36.5,0
19937,SO-0501,ASI Nidhi Vaghela,ASI,35,2026-07-16 22:27:08+00:00,90.0,87.0,,21.0094335,73.139128,22.899999618530273,-0.872,-0.005,-0.393,,0.0,0.0,0.0,,,,,0.0,0.0,30.0,-7.999999986907369e-07,1.6000000044869012e-06,0.02,87.0,36.5,0
19939,SO-0501,ASI Nidhi Vaghela,ASI,35,2026-07-16 22:27:38+00:00,83.0,69.0,,21.0094339,73.1391281,22.899999618530273,-0.874,0.013,-0.385,,0.0,0.0,0.0,,,,,0.0,0.0,30.0,4.000000011217253e-07,9.999999406318238e-08,0.01,69.0,36.5,0
19941,SO-0501,ASI Nidhi Vaghela,ASI,35,2026-07-16 22:28:08+00:00,92.0,87.0,,21.0094329,73.1391281,22.899999618530273,-0.85,0.095,-0.416,,0.0,0.0,0.0,,,,,0.0,0.0,30.0,-1.0000000010279564e-06,0.0,0.01,87.0,36.5,2
19943,SO-0501,ASI Nidhi Vaghela,ASI,35,2026-07-16 22:28:37+00:00,89.0,86.0,,21.0094314,73.1391291,23.0,-0.867,0.038,-0.424,,0.0,0.0,0.0,,,,,0.0,0.0,29.0,-1.4999999997655775e-06,1.0000000116860974e-06,0.02,86.0,36.5,0
19945,SO-0501,ASI Nidhi Vaghela,ASI,35,2026-07-16 22:29:07+00:00,81.0,87.0,,21.0094306,73.1391306,22.899999618530273,-0.846,0.135,-0.405,,0.0,0.0,0.0,,,,,0.0,0.0,30.0,-7.999999986907369e-07,1.499999996212864e-06,0.02,87.0,36.5,0
19947,SO-0501,ASI Nidhi Vaghela,ASI,35,2026-07-16 22:29:38+00:00,95.0,87.0,,21.0094299,73.1391301,23.0,-1.005,-0.053,-0.376,,0.0,0.0,0.0,,,,,0.0,0.0,31.0,-7.000000010748408e-07,-4.999999987376214e-07,0.01,87.0,36.5,2
19949,SO-0501,ASI Nidhi Vaghela,ASI,35,2026-07-16 22:30:08+00:00,95.0,88.0,,21.0094292,73.1391303,23.0,-0.9,-0.086,-0.362,,0.0,0.0,0.0,,,,,0.0,0.0,30.0,-7.000000010748408e-07,2.0000000233721948e-07,0.01,88.0,36.5,2
19951,SO-0501,ASI Nidhi Vaghela,ASI,35,2026-07-16 22:30:38+00:00,97.0,88.0,,21.0094297,73.1391297,22.399999618530273,-0.826,-0.012,-0.468,,0.0,0.0,0.0,,,,,0.0,0.0,30.0,4.999999987376214e-07,-6.000000070116585e-07,0.01,88.0,36.5,2
19953,SO-0501,ASI Nidhi Vaghela,ASI,35,2026-07-16 22:31:07+00:00,99.0,85.0,,21.0094301,73.1391288,22.899999618530273,-0.808,0.094,-0.457,,0.0,0.0,0.0,,,,,0.0,0.0,29.0,4.000000011217253e-07,-9.000000034120603e-07,0.01,85.0,36.5,2
19955,SO-0501,ASI Nidhi Vaghela,ASI,35,2026-07-16 22:31:37+00:00,95.0,88.0,,21.0094302,73.1391292,22.899999618530273,-0.875,0.073,-0.394,,0.0,0.0,0.0,,,,,0.0,0.0,30.0,1.0000000116860974e-07,4.0000000467443897e-07,0.01,88.0,36.5,2
19957,SO-0501,ASI Nidhi Vaghela,ASI,35,2026-07-16 22:32:08+00:00,84.0,87.0,,21.0094316,73.1391285,22.399999618530273,-0.933,-0.045,-0.225,,0.0,0.0,0.0,,,,,0.0,0.0,31.0,1.399999998596968e-06,-7.000000010748408e-07,0.02,87.0,36.5,0
19959,SO-0501,ASI Nidhi Vaghela,ASI,35,2026-07-16 22:32:38+00:00,95.0,88.0,,21.0094316,73.1391285,22.899999618530273,-0.849,-0.017,-0.431,,0.0,0.0,0.0,,,,,0.0,0.0,30.0,0.0,0.0,0.0,88.0,36.5,2
19961,SO-0501,ASI Nidhi Vaghela,ASI,35,2026-07-16 22:33:08+00:00,83.0,88.0,,21.0091729,73.1389622,22.899999618530273,-0.856,0.063,-0.424,,0.0,0.0,0.0,,,,,0.0,0.0,30.0,-0.0002586999999998,-0.0001663000000036,4.02,88.0,36.5,0
19963,SO-0501,ASI Nidhi Vaghela,ASI,35,2026-07-16 22:33:38+00:00,100.0,88.0,,21.0094314,73.1391268,22.899999618530273,-0.864,-0.026,-0.392,,0.0,0.0,0.0,,,,,0.0,0.0,30.0,0.000258500000001,0.000164600000005,4.0,88.0,36.5,2
19965,SO-0501,ASI Nidhi Vaghela,ASI,35,2026-07-16 22:34:08+00:00,100.0,88.0,,21.0094312,73.1391267,22.899999618530273,-0.877,-0.033,-0.327,,0.0,0.0,0.0,,,,,0.0,0.0,30.0,-1.999999987845058e-07,-9.999999406318238e-08,0.0,88.0,36.5,2
19967,SO-0501,ASI Nidhi Vaghela,ASI,35,2026-07-16 22:34:39+00:00,84.0,88.0,,21.009431,73.1391267,22.899999618530273,-0.872,-0.033,-0.39,,0.0,0.0,0.0,,,,,0.0,0.0,31.0,-2.0000000233721948e-07,0.0,0.0,88.0,36.5,0
19969,SO-0501,ASI Nidhi Vaghela,ASI,35,2026-07-16 22:35:08+00:00,86.0,80.0,,21.0094312,73.1391263,23.0,-0.852,-0.034,-0.407,,0.0,0.0,0.0,,,,,0.0,0.0,29.0,2.0000000233721948e-07,-4.0000000467443897e-07,0.01,80.0,36.5,0
19971,SO-0501,ASI Nidhi Vaghela,ASI,35,2026-07-16 22:35:38+00:00,84.0,87.0,,21.0094309,73.1391261,22.399999618530273,-0.822,0.007,-0.48,,0.0,0.0,0.0,,,,,0.0,0.0,30.0,-2.999999999531156e-07,-2.0000000233721948e-07,0.0,87.0,36.5,0
19973,SO-0501,ASI Nidhi Vaghela,ASI,35,2026-07-16 22:36:08+00:00,94.0,87.0,,21.0094304,73.1391256,22.899999618530273,-0.809,0.024,-0.485,,0.0,0.0,0.0,,,,,0.0,0.0,30.0,-5.00000002290335e-07,-4.999999987376214e-07,0.01,87.0,36.5,2
19975,SO-0501,ASI Nidhi Vaghela,ASI,35,2026-07-16 22:36:38+00:00,88.0,88.0,,21.0094297,73.1391251,22.399999618530273,-0.886,-0.133,-0.342,,0.0,0.0,0.0,,,,,0.0,0.0,30.0,-7.000000010748408e-07,-4.999999987376214e-07,0.01,88.0,36.5,0
19977,SO-0501,ASI Nidhi Vaghela,ASI,35,2026-07-16 22:37:08+00:00,88.0,86.0,,21.0094292,73.1391244,22.899999618530273,-0.84,0.073,-0.444,,0.0,0.0,0.0,,,,,0.0,0.0,30.0,-4.999999987376214e-07,-7.000000010748408e-07,0.01,86.0,36.5,0
19980,SO-0501,ASI Nidhi Vaghela,ASI,35,2026-07-16 22:37:38+00:00,89.0,78.0,,21.0094289,73.1391243,23.0,-0.824,0.107,-0.459,,0.0,0.0,0.0,,,,,0.0,0.0,30.0,-2.999999999531156e-07,-9.999999406318238e-08,0.0,78.0,36.5,0
19983,SO-0501,ASI Nidhi Vaghela,ASI,35,2026-07-16 22:38:08+00:00,81.0,88.0,,21.0094289,73.1391246,22.899999618530273,-0.892,0.027,-0.359,,0.0,0.0,0.0,,,,,0.0,0.0,30.0,0.0,2.999999964004019e-07,0.0,88.0,36.5,0
19986,SO-0501,ASI Nidhi Vaghela,ASI,35,2026-07-16 22:38:38+00:00,91.0,87.0,,21.0094301,73.1391241,22.899999618530273,-0.89,0.021,-0.352,,0.0,0.0,0.0,,,,,0.0,0.0,30.0,1.1999999998124622e-06,-4.999999987376214e-07,0.02,87.0,36.5,2
19989,SO-0501,ASI Nidhi Vaghela,ASI,35,2026-07-16 22:39:08+00:00,85.0,85.0,,21.0094299,73.1391242,23.0,-0.911,-0.069,-0.31,,0.0,0.0,0.0,,,,,0.0,0.0,30.0,-1.999999987845058e-07,9.999999406318238e-08,0.0,85.0,36.5,0
19992,SO-0501,ASI Nidhi Vaghela,ASI,35,2026-07-16 22:39:38+00:00,94.0,82.0,,21.0094299,73.1391245,23.0,-0.861,-0.032,-0.413,,0.0,0.0,0.0,,,,,0.0,0.0,30.0,0.0,2.999999964004019e-07,0.0,82.0,36.5,2
19995,SO-0501,ASI Nidhi Vaghela,ASI,35,2026-07-16 22:40:08+00:00,100.0,87.0,,21.0094289,73.1391239,22.899999618530273,-0.851,-0.043,-0.412,,0.0,0.0,0.0,,,,,0.0,0.0,30.0,-1.0000000010279564e-06,-5.999999928008037e-07,0.02,87.0,36.5,2
19998,SO-0501,ASI Nidhi Vaghela,ASI,35,2026-07-16 22:40:38+00:00,99.0,87.0,,21.0094294,73.139124,22.899999618530273,-0.869,0.191,-0.292,,0.0,0.0,0.0,,,,,0.0,0.0,30.0,4.999999987376214e-07,9.999999406318238e-08,0.01,87.0,36.5,2
20001,SO-0501,ASI Nidhi Vaghela,ASI,35,2026-07-16 22:41:08+00:00,81.0,83.0,,21.0094292,73.1391236,22.899999618530273,-0.947,-0.001,-0.21,,0.0,0.0,0.0,,,,,0.0,0.0,30.0,-1.999999987845058e-07,-3.9999999046358425e-07,0.01,83.0,36.5,0
20004,SO-0501,ASI Nidhi Vaghela,ASI,35,2026-07-16 22:41:38+00:00,99.0,85.0,,21.0094296,73.1391236,23.0,-0.864,0.063,-0.394,,0.0,0.0,0.0,,,,,0.0,0.0,30.0,4.000000011217253e-07,0.0,0.01,85.0,36.5,2
20007,SO-0501,ASI Nidhi Vaghela,ASI,35,2026-07-16 22:42:08+00:00,87.0,66.0,,21.0094299,73.1391229,22.899999618530273,-0.876,0.019,-0.381,,0.0,0.0,0.0,,,,,0.0,0.0,30.0,2.999999999531156e-07,-7.000000010748408e-07,0.01,66.0,36.5,0
20010,SO-0501,ASI Nidhi Vaghela,ASI,35,2026-07-16 22:42:38+00:00,87.0,88.0,,21.0094298,73.1391217,23.0,-0.899,0.007,-0.367,,0.0,0.0,0.0,,,,,0.0,0.0,30.0,-1.0000000116860974e-07,-1.1999999998124622e-06,0.01,88.0,36.5,0
20013,SO-0501,ASI Nidhi Vaghela,ASI,35,2026-07-16 22:43:08+00:00,93.0,88.0,,21.0094304,73.1391212,23.0,-0.885,0.003,-0.374,,0.0,0.0,0.0,,,,,0.0,0.0,30.0,5.999999999062311e-07,-4.999999987376214e-07,0.01,88.0,36.5,2
20016,SO-0501,ASI Nidhi Vaghela,ASI,35,2026-07-16 22:43:38+00:00,96.0,87.0,,21.0094298,73.1391199,22.899999618530273,-0.982,-0.019,-0.047,,0.0,0.0,0.0,,,,,0.0,0.0,30.0,-5.999999999062311e-07,-1.3000000080864993e-06,0.02,87.0,36.5,2
20019,SO-0501,ASI Nidhi Vaghela,ASI,35,2026-07-16 22:44:07+00:00,98.0,84.0,,21.0094303,73.1391194,22.899999618530273,-0.944,-0.014,-0.214,,0.0,0.0,0.0,,,,,0.0,0.0,29.0,4.999999987376214e-07,-4.999999987376214e-07,0.01,84.0,36.5,2
20022,SO-0501,ASI Nidhi Vaghela,ASI,35,2026-07-16 22:44:38+00:00,91.0,88.0,,21.0094299,73.1391196,23.0,-0.892,0.105,-0.33,,0.0,0.0,0.0,,,,,0.0,0.0,31.0,-3.999999975690116e-07,2.0000000233721948e-07,0.01,88.0,36.5,2
20025,SO-0501,ASI Nidhi Vaghela,ASI,35,2026-07-16 22:45:08+00:00,99.0,88.0,,21.0094297,73.1391201,23.0,-1.01,-0.069,-0.145,,0.0,0.0,0.0,,,,,0.0,0.0,30.0,-2.0000000233721948e-07,4.999999987376214e-07,0.01,88.0,36.5,2
20028,SO-0501,ASI Nidhi Vaghela,ASI,35,2026-07-16 22:45:38+00:00,93.0,84.0,,21.0094295,73.13912,22.899999618530273,-0.822,0.152,-0.419,,0.0,0.0,0.0,,,,,0.0,0.0,30.0,-1.999999987845058e-07,-9.999999406318238e-08,0.0,84.0,36.5,2
20031,SO-0501,ASI Nidhi Vaghela,ASI,35,2026-07-16 22:46:08+00:00,83.0,88.0,,21.0094296,73.1391206,23.0,-0.925,-0.234,-0.208,,0.0,0.0,0.0,,,,,0.0,0.0,30.0,1.0000000116860974e-07,5.999999928008037e-07,0.01,88.0,36.5,0
20034,SO-0501,ASI Nidhi Vaghela,ASI,35,2026-07-16 22:46:38+00:00,81.0,88.0,,21.0094293,73.139121,23.0,-0.869,-0.06,-0.405,,0.0,0.0,0.0,,,,,0.0,0.0,30.0,-2.999999999531156e-07,4.0000000467443897e-07,0.01,88.0,36.5,0
20037,SO-0501,ASI Nidhi Vaghela,ASI,35,2026-07-16 22:47:08+00:00,91.0,78.0,,21.009429,73.1391203,22.399999618530273,-0.843,0.033,-0.448,,0.0,0.0,0.0,,,,,0.0,0.0,30.0,-2.999999999531156e-07,-7.000000010748408e-07,0.01,78.0,36.5,2
20040,SO-0501,ASI Nidhi Vaghela,ASI,35,2026-07-16 22:47:38+00:00,97.0,88.0,,21.009429,73.1391206,22.899999618530273,-0.879,-0.027,-0.385,,0.0,0.0,0.0,,,,,0.0,0.0,30.0,0.0,2.999999964004019e-07,0.0,88.0,36.5,2
20043,SO-0501,ASI Nidhi Vaghela,ASI,35,2026-07-16 22:48:08+00:00,100.0,88.0,,21.009429,73.1391211,22.899999618530273,-0.889,0.012,-0.367,,0.0,0.0,0.0,,,,,0.0,0.0,30.0,0.0,4.999999987376214e-07,0.01,88.0,36.5,2
20045,SO-0501,ASI Nidhi Vaghela,ASI,35,2026-07-16 22:48:38+00:00,100.0,88.0,,21.0094298,73.1391208,22.899999618530273,-0.867,0.032,-0.397,,0.0,0.0,0.0,,,,,0.0,0.0,30.0,7.999999986907369e-07,-2.999999964004019e-07,0.01,88.0,36.5,2
20048,SO-0501,ASI Nidhi Vaghela,ASI,35,2026-07-16 22:49:08+00:00,82.0,87.0,,21.0094302,73.1391205,22.899999618530273,-0.895,0.0,-0.362,,0.0,0.0,0.0,,,,,0.0,0.0,30.0,4.000000011217253e-07,-2.999999964004019e-07,0.01,87.0,36.5,0
20051,SO-0501,ASI Nidhi Vaghela,ASI,35,2026-07-16 22:49:38+00:00,82.0,88.0,,21.0094304,73.1391204,22.899999618530273,-0.908,-0.085,-0.308,,0.0,0.0,0.0,,,,,0.0,0.0,30.0,1.999999987845058e-07,-1.000000082740371e-07,0.0,88.0,36.5,0
20054,SO-0501,ASI Nidhi Vaghela,ASI,35,2026-07-16 22:50:08+00:00,88.0,88.0,,21.0094304,73.1391206,23.0,-0.885,-0.008,-0.379,,0.0,0.0,0.0,,,,,0.0,0.0,30.0,0.0,2.0000000233721948e-07,0.0,88.0,36.5,0
20057,SO-0501,ASI Nidhi Vaghela,ASI,35,2026-07-16 22:50:37+00:00,84.0,88.0,,21.0094304,73.1391205,22.899999618530273,-0.871,0.015,-0.417,,0.0,0.0,0.0,,,,,0.0,0.0,29.0,0.0,-9.999999406318238e-08,0.0,88.0,36.5,0
20060,SO-0501,ASI Nidhi Vaghela,ASI,35,2026-07-16 22:51:08+00:00,96.0,88.0,,21.0094303,73.1391207,22.899999618530273,-0.88,0.009,-0.375,,0.0,0.0,0.0,,,,,0.0,0.0,31.0,-1.0000000116860974e-07,2.0000000233721948e-07,0.0,88.0,36.5,2
20063,SO-0501,ASI Nidhi Vaghela,ASI,35,2026-07-16 22:51:38+00:00,91.0,88.0,,21.0094307,73.1391211,22.899999618530273,-0.958,-0.169,-0.042,,0.0,0.0,0.0,,,,,0.0,0.0,30.0,4.000000011217253e-07,3.9999999046358425e-07,0.01,88.0,36.5,2
20066,SO-0501,ASI Nidhi Vaghela,ASI,35,2026-07-16 22:52:08+00:00,85.0,88.0,,21.0094311,73.1391214,23.0,-0.983,-0.116,0.061,,0.0,0.0,0.0,,,,,0.0,0.0,30.0,4.000000011217253e-07,2.999999964004019e-07,0.01,88.0,36.5,0
20069,SO-0501,ASI Nidhi Vaghela,ASI,35,2026-07-16 22:52:38+00:00,97.0,88.0,,21.0094312,73.1391217,22.899999618530273,-0.97,-0.106,-0.051,,0.0,0.0,0.0,,,,,0.0,0.0,30.0,1.0000000116860974e-07,3.000000106112566e-07,0.0,88.0,36.5,2
20072,SO-0501,ASI Nidhi Vaghela,ASI,35,2026-07-16 22:53:08+00:00,81.0,87.0,,21.0094311,73.139122,23.0,-0.97,-0.032,-0.186,,0.0,0.0,0.0,,,,,0.0,0.0,30.0,-1.0000000116860974e-07,2.999999964004019e-07,0.0,87.0,36.5,0
20075,SO-0501,ASI Nidhi Vaghela,ASI,35,2026-07-16 22:53:37+00:00,90.0,88.0,,21.0094306,73.1391219,22.899999618530273,-0.976,-0.138,-0.089,,0.0,0.0,0.0,,,,,0.0,0.0,29.0,-4.999999987376214e-07,-9.999999406318238e-08,0.01,88.0,36.5,0
20078,SO-0501,ASI Nidhi Vaghela,ASI,35,2026-07-16 22:54:07+00:00,83.0,88.0,,21.0094305,73.1391222,22.899999618530273,-0.964,-0.052,-0.181,,0.0,0.0,0.0,,,,,0.0,0.0,30.0,-1.0000000116860974e-07,2.999999964004019e-07,0.0,88.0,36.5,0
20081,SO-0501,ASI Nidhi Vaghela,ASI,35,2026-07-16 22:54:37+00:00,86.0,88.0,,21.00943,73.1391223,22.899999618530273,-0.839,0.062,-0.449,,0.0,0.0,0.0,,,,,0.0,0.0,30.0,-5.00000002290335e-07,9.999999406318238e-08,0.01,88.0,36.5,0
20084,SO-0501,ASI Nidhi Vaghela,ASI,35,2026-07-16 22:55:07+00:00,85.0,88.0,,21.0094298,73.1391221,22.899999618530273,-0.86,-0.011,-0.414,,0.0,0.0,0.0,,,,,0.0,0.0,30.0,-1.999999987845058e-07,-2.0000000233721948e-07,0.0,88.0,36.5,0
20087,SO-0501,ASI Nidhi Vaghela,ASI,35,2026-07-16 22:55:38+00:00,88.0,88.0,,21.0094299,73.139122,22.899999618530273,-0.876,0.021,-0.396,,0.0,0.0,0.0,,,,,0.0,0.0,31.0,1.0000000116860974e-07,-9.999999406318238e-08,0.0,88.0,36.5,0
20090,SO-0501,ASI Nidhi Vaghela,ASI,35,2026-07-16 22:56:08+00:00,91.0,88.0,,21.0094299,73.1391222,22.899999618530273,-0.688,0.252,-0.231,,0.0,0.0,0.0,,,,,0.0,0.0,30.0,0.0,2.0000000233721948e-07,0.0,88.0,36.5,2
20093,SO-0501,ASI Nidhi Vaghela,ASI,35,2026-07-16 22:56:37+00:00,93.0,87.0,,21.0094294,73.1391225,23.0,-0.916,-0.038,-0.322,,0.0,0.0,0.0,,,,,0.0,0.0,29.0,-5.00000002290335e-07,2.999999964004019e-07,0.01,87.0,36.5,2
20096,SO-0501,ASI Nidhi Vaghela,ASI,35,2026-07-16 22:57:07+00:00,87.0,88.0,,21.009072,73.1389577,22.899999618530273,-0.82,-0.006,-0.399,,0.0,0.0,0.0,,,,,0.0,0.0,30.0,-0.0003573999999986,-0.0001647999999931,5.18,88.0,36.5,1
20099,SO-0501,ASI Nidhi Vaghela,ASI,35,2026-07-16 22:57:38+00:00,100.0,88.0,,21.0091936,73.1389488,22.899999618530273,-1.021,-0.054,-0.388,,0.0,0.0,0.0,,,,,0.0,0.0,31.0,0.0001215999999999,-8.900000011635711e-06,1.57,88.0,36.5,2
20102,SO-0501,ASI Nidhi Vaghela,ASI,35,2026-07-16 22:58:07+00:00,100.0,88.0,,21.0093224,73.1387216,22.899999618530273,-0.768,-0.04,-0.332,,0.0,0.0,0.0,,,,,0.0,0.0,29.0,0.0001287999999988,-0.0002271999999976,3.42,88.0,36.5,2
20105,SO-0501,ASI Nidhi Vaghela,ASI,35,2026-07-16 22:58:37+00:00,96.0,88.0,,21.0094864,73.1385515,22.899999618530273,-0.989,0.026,-0.328,,0.0,0.0,0.0,,,,,0.0,0.0,30.0,0.0001640000000016,-0.0001700999999911,3.04,88.0,36.5,2
20108,SO-0501,ASI Nidhi Vaghela,ASI,35,2026-07-16 22:59:07+00:00,96.0,87.0,,21.0094067,73.1385864,21.600000381469727,-0.859,0.016,-0.312,,0.0,0.0,0.0,,,,,0.0,0.0,30.0,-7.970000000057098e-05,3.4899999988624586e-05,1.15,87.0,36.5,2
20111,SO-0501,ASI Nidhi Vaghela,ASI,35,2026-07-16 22:59:37+00:00,98.0,85.0,,21.0092881,73.1386737,21.600000381469727,-0.911,0.046,-0.261,,0.0,0.0,0.0,,,,,0.0,0.0,30.0,-0.0001186000000004,8.730000000412019e-05,1.92,85.0,36.5,2
20114,SO-0501,ASI Nidhi Vaghela,ASI,35,2026-07-16 23:00:08+00:00,95.0,86.0,,21.0092489,73.1388473,23.0,-0.78,0.136,-0.288,,0.0,0.0,0.0,,,,,0.0,0.0,31.0,-3.9199999999794954e-05,0.0001735999999965,2.15,86.0,36.5,2
20117,SO-0501,ASI Nidhi Vaghela,ASI,35,2026-07-16 23:00:37+00:00,99.0,88.0,,21.0092203,73.1388632,23.0,-0.899,0.083,-0.179,,0.0,0.0,0.0,,,,,0.0,0.0,29.0,-2.86000000002673e-05,1.5900000008173265e-05,0.44,88.0,36.5,2
20120,SO-0501,ASI Nidhi Vaghela,ASI,35,2026-07-16 23:01:07+00:00,90.0,88.0,,21.0093667,73.138654,22.899999618530273,-0.598,-0.067,-0.614,,0.0,0.0,0.0,,,,,0.0,0.0,30.0,0.0001464000000019,-0.0002092000000004,3.25,88.0,36.5,0
20123,SO-0501,ASI Nidhi Vaghela,ASI,35,2026-07-16 23:01:37+00:00,94.0,86.0,,21.0093013,73.138728,22.899999618530273,-1.116,-0.156,-0.711,,0.0,0.0,0.0,,,,,0.0,0.0,30.0,-6.540000000043733e-05,7.399999999790907e-05,1.27,86.0,36.5,2
20126,SO-0501,ASI Nidhi Vaghela,ASI,35,2026-07-16 23:02:08+00:00,94.0,88.0,,21.0091546,73.1390075,22.899999618530273,-0.916,0.18,-0.455,,0.0,0.0,0.0,,,,,0.0,0.0,31.0,-0.0001467000000019,0.0002795000000048,3.86,88.0,36.5,2
20129,SO-0501,ASI Nidhi Vaghela,ASI,35,2026-07-16 23:02:38+00:00,90.0,85.0,,21.0093133,73.1391533,22.899999618530273,-0.98,0.02,-0.539,,0.0,0.0,0.0,,,,,0.0,0.0,30.0,0.0001587,0.0001457999999985,2.78,85.0,36.5,0
20132,SO-0501,ASI Nidhi Vaghela,ASI,35,2026-07-16 23:03:08+00:00,98.0,67.0,,21.0089196,73.1393388,23.200000762939453,-0.794,-0.284,0.281,,0.0,0.0,0.0,,,,,0.0,0.0,30.0,-0.0003937,0.0001855000000006,5.73,67.0,36.5,1
20135,SO-0501,ASI Nidhi Vaghela,ASI,35,2026-07-16 23:03:38+00:00,83.0,75.0,,21.0091813,73.1393619,23.200000762939453,-0.503,-0.874,0.3,,0.0,0.0,0.0,,,,,0.0,0.0,30.0,0.0002617000000029,2.3099999992837184e-05,3.5,75.0,36.5,0
20138,SO-0501,ASI Nidhi Vaghela,ASI,35,2026-07-16 23:04:09+00:00,94.0,80.0,,21.0094274,73.1391286,23.0,-0.859,-0.53,-0.277,,0.0,0.0,0.0,,,,,0.0,0.0,31.0,0.0002460999999982,-0.0002332999999907,4.23,80.0,36.5,2
20141,SO-0501,ASI Nidhi Vaghela,ASI,35,2026-07-16 23:04:39+00:00,99.0,88.0,,21.0094025,73.139224,23.0,-0.768,0.47,-0.218,,0.0,0.0,0.0,,,,,0.0,0.0,30.0,-2.4899999999661304e-05,9.539999999219616e-05,1.23,88.0,36.5,2
20144,SO-0501,ASI Nidhi Vaghela,ASI,35,2026-07-16 23:05:09+00:00,94.0,88.0,,21.0094182,73.1391881,22.899999618530273,-0.433,0.816,0.535,,0.0,0.0,0.0,,,,,0.0,0.0,30.0,1.5699999998730618e-05,-3.5900000000310683e-05,0.49,88.0,36.5,2
20147,SO-0501,ASI Nidhi Vaghela,ASI,35,2026-07-16 23:05:39+00:00,90.0,84.0,,21.0091439,73.1391871,23.0,-0.346,0.479,1.052,,0.0,0.0,0.0,,,,,0.0,0.0,30.0,-0.0002742999999973,-9.999999974752427e-07,3.65,84.0,36.5,0
20150,SO-0501,ASI Nidhi Vaghela,ASI,35,2026-07-16 23:06:11+00:00,97.0,86.0,,21.0103912,73.1378694,23.0,0.21,0.29,1.021,,0.0,0.0,0.0,,,,,0.0,0.0,32.0,0.0012472999999992,-0.0013177000000013,21.87,86.0,36.5,1
20153,SO-0501,ASI Nidhi Vaghela,ASI,35,2026-07-16 23:06:39+00:00,89.0,72.0,,21.0118441,73.137345,23.0,-0.256,0.49,1.029,,0.0,0.0,0.0,,,,,0.0,0.0,28.0,0.0014529000000003,-0.0005244000000033,21.88,72.0,36.5,1
20156,SO-0501,ASI Nidhi Vaghela,ASI,35,2026-07-16 23:07:09+00:00,93.0,88.0,,21.0139241,73.1372749,23.0,-0.989,0.047,0.221,,0.0,0.0,0.0,,,,,0.0,0.0,30.0,0.0020799999999994,-7.010000000207128e-05,27.72,88.0,36.5,1
20158,SO-0501,ASI Nidhi Vaghela,ASI,35,2026-07-16 23:07:39+00:00,92.0,88.0,,21.0157057,73.1373844,20.799999237060547,-0.993,0.033,-0.067,,0.0,0.0,0.0,,,,,0.0,0.0,30.0,0.001781600000001,0.0001095000000077,23.77,88.0,36.5,1
20160,SO-0501,ASI Nidhi Vaghela,ASI,35,2026-07-16 23:08:09+00:00,94.0,88.0,,21.017469,73.1377436,24.799999237060547,0.139,-0.474,1.053,,0.0,0.0,0.0,,,,,0.0,0.0,30.0,0.0017632999999968,0.0003591999999912,23.91,88.0,36.5,1
20162,SO-0501,ASI Nidhi Vaghela,ASI,35,2026-07-16 23:08:40+00:00,100.0,88.0,,21.0170974,73.1385793,24.799999237060547,0.147,0.302,1.148,,0.0,0.0,0.0,,,,,0.0,0.0,31.0,-0.0003715999999975,0.0008357000000103,11.13,88.0,36.5,1
20164,SO-0501,ASI Nidhi Vaghela,ASI,35,2026-07-16 23:09:10+00:00,84.0,88.0,,21.0170745,73.1390003,24.799999237060547,-0.645,-0.252,0.693,,0.0,0.0,0.0,,,,,0.0,0.0,30.0,-2.2900000001158105e-05,0.0004210000000028,5.24,88.0,36.5,1
20166,SO-0501,ASI Nidhi Vaghela,ASI,35,2026-07-16 23:09:41+00:00,94.0,81.0,,21.0170745,73.1390003,24.799999237060547,-0.999,0.201,-0.251,,0.0,0.0,0.0,,,,,0.0,0.0,31.0,0.0,0.0,0.0,81.0,36.5,2
20168,SO-0501,ASI Nidhi Vaghela,ASI,35,2026-07-16 23:10:09+00:00,93.0,77.0,,21.0171268,73.138781,28.200000762939453,0.037,0.945,0.625,,0.0,0.0,0.0,,,,,0.0,0.0,28.0,5.230000000011614e-05,-0.0002193000000119,3.01,77.0,36.5,2
20169,SO-0501,ASI Nidhi Vaghela,ASI,35,2026-07-16 23:10:39+00:00,97.0,76.0,,21.0170974,73.1389771,29.399999618530273,-1.033,-0.123,-0.181,,0.0,0.0,0.0,,,,,0.0,0.0,30.0,-2.9399999998958037e-05,0.0001961000000108,2.47,76.0,36.5,2
20171,SO-0501,ASI Nidhi Vaghela,ASI,35,2026-07-16 23:11:09+00:00,96.0,87.0,,21.0171361,73.1388844,28.200000762939453,0.253,-1.24,-0.464,,0.0,0.0,0.0,,,,,0.0,0.0,30.0,3.869999999750462e-05,-9.27000000103817e-05,1.26,87.0,36.5,2
20173,SO-0501,ASI Nidhi Vaghela,ASI,35,2026-07-16 23:11:38+00:00,88.0,88.0,,21.01708,73.1390075,28.100000381469727,-0.907,0.407,0.074,,0.0,0.0,0.0,,,,,0.0,0.0,29.0,-5.6099999998338035e-05,0.0001231000000103,1.76,88.0,36.5,0
20175,SO-0501,ASI Nidhi Vaghela,ASI,35,2026-07-16 23:12:07+00:00,83.0,88.0,,21.0172647,73.1392887,28.100000381469727,-0.652,0.674,0.422,,0.0,0.0,0.0,,,,,0.0,0.0,29.0,0.0001846999999983,0.0002811999999892,4.42,88.0,36.5,0
20177,SO-0501,ASI Nidhi Vaghela,ASI,35,2026-07-16 23:12:39+00:00,99.0,88.0,,21.0171341,73.1390123,28.100000381469727,-0.111,0.933,0.431,,0.0,0.0,0.0,,,,,0.0,0.0,32.0,-0.0001305999999985,-0.0002763999999899,3.61,88.0,36.5,2
20178,SO-0501,ASI Nidhi Vaghela,ASI,35,2026-07-16 23:13:06+00:00,83.0,64.0,,21.0171044,73.1389378,29.399999618530273,-1.29,0.191,1.759,,0.0,0.0,0.0,,,,,0.0,0.0,27.0,-2.9699999998911153e-05,-7.450000001085755e-05,1.12,64.0,36.5,1
20180,SO-0501,ASI Nidhi Vaghela,ASI,35,2026-07-16 23:13:37+00:00,100.0,88.0,,21.0172267,73.1395251,27.100000381469727,0.422,0.176,1.236,,0.0,0.0,0.0,,,,,0.0,0.0,31.0,0.0001222999999974,0.0005873000000065,7.23,88.0,36.5,1
20182,SO-0501,ASI Nidhi Vaghela,ASI,35,2026-07-16 23:14:08+00:00,99.0,88.0,,21.0175703,73.1412668,27.100000381469727,-0.909,0.288,0.538,,0.0,0.0,0.0,,,,,0.0,0.0,31.0,0.0003436000000007,0.0017416999999966,21.4,88.0,36.5,1
20184,SO-0501,ASI Nidhi Vaghela,ASI,35,2026-07-16 23:14:37+00:00,94.0,79.0,,21.0176556,73.1411993,27.100000381469727,0.18,0.06,1.014,,0.0,0.0,0.0,,,,,0.0,0.0,29.0,8.530000000206428e-05,-6.750000000010914e-05,1.46,79.0,36.5,1
20186,SO-0501,ASI Nidhi Vaghela,ASI,35,2026-07-16 23:15:07+00:00,94.0,77.0,,21.0178332,73.1410197,29.600000381469727,-0.206,-0.258,1.01,,0.0,0.0,0.0,,,,,0.0,0.0,30.0,0.0001775999999971,-0.0001795999999956,3.25,77.0,36.5,1
20187,SO-0501,ASI Nidhi Vaghela,ASI,35,2026-07-16 23:15:39+00:00,83.0,59.0,,21.0175345,73.141158,26.399999618530273,-0.64,-0.672,0.272,,0.0,0.0,0.0,,,,,0.0,0.0,32.0,-0.0002986999999983,0.0001383000000032,4.06,59.0,36.5,0
20189,SO-0501,ASI Nidhi Vaghela,ASI,35,2026-07-16 23:16:09+00:00,90.0,79.0,,21.0174725,73.1412612,29.600000381469727,-0.947,-1.08,-0.092,,0.0,0.0,0.0,,,,,0.0,0.0,30.0,-6.199999999978445e-05,0.000103199999998,1.52,79.0,36.5,0
20191,SO-0501,ASI Nidhi Vaghela,ASI,35,2026-07-16 23:16:39+00:00,93.0,71.0,,21.0174725,73.1412612,29.600000381469727,-0.451,-0.902,0.364,,0.0,0.0,0.0,,,,,0.0,0.0,30.0,0.0,0.0,0.0,71.0,36.5,2
20193,SO-0501,ASI Nidhi Vaghela,ASI,35,2026-07-16 23:17:11+00:00,96.0,81.0,,21.0174725,73.1412612,29.600000381469727,-0.832,0.124,-0.35,,0.0,0.0,0.0,,,,,0.0,0.0,32.0,0.0,0.0,0.0,81.0,36.5,2
20195,SO-0501,ASI Nidhi Vaghela,ASI,35,2026-07-16 23:17:39+00:00,93.0,88.0,,21.0174387,73.1412215,29.600000381469727,-0.889,0.095,-0.555,,0.0,0.0,0.0,,,,,0.0,0.0,28.0,-3.3800000000638875e-05,-3.970000000208529e-05,0.72,88.0,36.5,2
20197,SO-0501,ASI Nidhi Vaghela,ASI,35,2026-07-16 23:18:08+00:00,87.0,88.0,,21.0174637,73.1412554,28.299999237060547,-0.854,-0.101,-0.387,,0.0,0.0,0.0,,,,,0.0,0.0,29.0,2.500000000082991e-05,3.39000000053602e-05,0.56,88.0,36.5,0
20199,SO-0501,ASI Nidhi Vaghela,ASI,35,2026-07-16 23:18:37+00:00,82.0,85.0,,21.0174901,73.1413114,29.600000381469727,-0.751,-0.271,-0.393,,0.0,0.0,0.0,,,,,0.0,0.0,29.0,2.639999999942688e-05,5.600000000072214e-05,0.81,85.0,36.5,0
20201,SO-0501,ASI Nidhi Vaghela,ASI,35,2026-07-16 23:19:07+00:00,99.0,85.0,,21.017345,73.141509,29.600000381469727,-1.037,-0.139,0.038,,0.0,0.0,0.0,,,,,0.0,0.0,30.0,-0.000145100000001,0.0001975999999928,3.12,85.0,36.5,2
20203,SO-0501,ASI Nidhi Vaghela,ASI,35,2026-07-16 23:19:39+00:00,84.0,86.0,,21.0174409,73.1414,29.600000381469727,-0.754,-0.79,0.117,,0.0,0.0,0.0,,,,,0.0,0.0,32.0,9.590000000159192e-05,-0.0001089999999948,1.75,86.0,36.5,0
20205,SO-0501,ASI Nidhi Vaghela,ASI,35,2026-07-16 23:20:08+00:00,85.0,83.0,,21.0174322,73.1414147,29.600000381469727,-0.551,-0.554,0.066,,0.0,0.0,0.0,,,,,0.0,0.0,29.0,-8.700000002193065e-06,1.4699999994149948e-05,0.22,83.0,36.5,0
20207,SO-0501,ASI Nidhi Vaghela,ASI,35,2026-07-16 23:20:38+00:00,89.0,86.0,,21.0174162,73.1414132,29.600000381469727,-0.801,-0.678,0.542,,0.0,0.0,0.0,,,,,0.0,0.0,30.0,-1.5999999998683734e-05,-1.499999996212864e-06,0.21,86.0,36.5,0
20209,SO-0501,ASI Nidhi Vaghela,ASI,35,2026-07-16 23:21:08+00:00,85.0,58.0,,21.0173854,73.1413914,29.600000381469727,-0.451,-0.956,0.34,,0.0,0.0,0.0,,,,,0.0,0.0,30.0,-3.080000000110772e-05,-2.179999999896154e-05,0.49,58.0,36.5,0
20211,SO-0501,ASI Nidhi Vaghela,ASI,35,2026-07-16 23:21:38+00:00,85.0,76.0,,21.0173854,73.1413914,29.600000381469727,-0.243,-0.847,0.405,,0.0,0.0,0.0,,,,,0.0,0.0,30.0,0.0,0.0,0.0,76.0,36.5,0
20213,SO-0501,ASI Nidhi Vaghela,ASI,35,2026-07-16 23:22:08+00:00,83.0,88.0,,21.0173854,73.1413914,29.600000381469727,-0.697,-0.733,0.071,,0.0,0.0,0.0,,,,,0.0,0.0,30.0,0.0,0.0,0.0,88.0,36.5,0
20215,SO-0501,ASI Nidhi Vaghela,ASI,35,2026-07-16 23:22:38+00:00,86.0,78.0,,21.0173727,73.1413622,29.600000381469727,-0.654,-0.781,0.082,,0.0,0.0,0.0,,,,,0.0,0.0,30.0,-1.2699999999199464e-05,-2.920000000017353e-05,0.4,78.0,36.5,0
20217,SO-0501,ASI Nidhi Vaghela,ASI,35,2026-07-16 23:23:08+00:00,86.0,70.0,,21.0173727,73.1413622,29.600000381469727,-0.323,-0.859,0.073,,0.0,0.0,0.0,,,,,0.0,0.0,30.0,0.0,0.0,0.0,70.0,36.5,0
20219,SO-0501,ASI Nidhi Vaghela,ASI,35,2026-07-16 23:23:39+00:00,88.0,84.0,,21.0173308,73.141339,29.600000381469727,-0.761,-1.007,0.161,,0.0,0.0,0.0,,,,,0.0,0.0,31.0,-4.1899999999372994e-05,-2.320000000111122e-05,0.61,84.0,36.5,0
20221,SO-0501,ASI Nidhi Vaghela,ASI,35,2026-07-16 23:24:08+00:00,81.0,88.0,,21.0173199,73.1413316,29.600000381469727,-0.186,-0.979,0.27,,0.0,0.0,0.0,,,,,0.0,0.0,29.0,-1.089999999948077e-05,-7.400000001211993e-06,0.18,88.0,36.5,0
20223,SO-0501,ASI Nidhi Vaghela,ASI,35,2026-07-16 23:24:38+00:00,85.0,88.0,,21.017315,73.1413304,29.600000381469727,-0.173,-0.958,0.334,,0.0,0.0,0.0,,,,,0.0,0.0,30.0,-4.9000000004184585e-06,-1.1999999998124622e-06,0.07,88.0,36.5,0
20225,SO-0501,ASI Nidhi Vaghela,ASI,35,2026-07-16 23:25:08+00:00,85.0,82.0,,21.017307,73.1413319,29.600000381469727,-0.56,-0.799,0.436,,0.0,0.0,0.0,,,,,0.0,0.0,30.0,-8.000000001118224e-06,1.499999996212864e-06,0.11,82.0,36.5,0
20227,SO-0501,ASI Nidhi Vaghela,ASI,35,2026-07-16 23:25:38+00:00,81.0,86.0,,21.0173002,73.1413263,26.5,-0.325,-0.606,-0.528,,0.0,0.0,0.0,,,,,0.0,0.0,30.0,-6.799999997753048e-06,-5.599999994387872e-06,0.11,86.0,36.5,0
20229,SO-0501,ASI Nidhi Vaghela,ASI,35,2026-07-16 23:26:08+00:00,81.0,88.0,,21.017297,73.1413251,26.5,-0.289,0.819,0.303,,0.0,0.0,0.0,,,,,0.0,0.0,30.0,-3.200000001868375e-06,-1.1999999998124622e-06,0.05,88.0,36.5,0
20231,SO-0501,ASI Nidhi Vaghela,ASI,35,2026-07-16 23:26:38+00:00,82.0,76.0,,21.0172922,73.141322,26.5,-0.475,-0.869,0.111,,0.0,0.0,0.0,,,,,0.0,0.0,30.0,-4.799999999249849e-06,-3.1000000006997652e-06,0.07,76.0,36.5,0
20233,SO-0501,ASI Nidhi Vaghela,ASI,35,2026-07-16 23:27:08+00:00,89.0,88.0,,21.0172862,73.1413146,26.5,-0.202,0.856,0.544,,0.0,0.0,0.0,,,,,0.0,0.0,30.0,-5.999999999062311e-06,-7.400000001211993e-06,0.12,88.0,36.5,0
20235,SO-0501,ASI Nidhi Vaghela,ASI,35,2026-07-16 23:27:38+00:00,87.0,79.0,,21.0172862,73.1413146,29.600000381469727,-0.24,-1.027,0.453,,0.0,0.0,0.0,,,,,0.0,0.0,30.0,0.0,0.0,0.0,79.0,36.5,0
20237,SO-0501,ASI Nidhi Vaghela,ASI,35,2026-07-16 23:28:08+00:00,87.0,76.0,,21.0172895,73.1413229,29.600000381469727,-0.631,0.67,0.44,,0.0,0.0,0.0,,,,,0.0,0.0,30.0,3.299999999484271e-06,8.300000004624053e-06,0.11,76.0,36.5,0
20239,SO-0501,ASI Nidhi Vaghela,ASI,35,2026-07-16 23:28:38+00:00,97.0,84.0,,21.0173446,73.1415095,29.600000381469727,-0.499,-0.86,0.043,,0.0,0.0,0.0,,,,,0.0,0.0,30.0,5.510000000086279e-05,0.0001865999999921,2.43,84.0,36.5,2
20241,SO-0501,ASI Nidhi Vaghela,ASI,35,2026-07-16 23:29:08+00:00,81.0,88.0,,21.0173481,73.1415113,29.600000381469727,-0.902,-0.019,-0.353,,0.0,0.0,0.0,,,,,0.0,0.0,30.0,3.499999998268777e-06,1.8000000068241206e-06,0.05,88.0,36.5,0
20243,SO-0501,ASI Nidhi Vaghela,ASI,35,2026-07-16 23:29:38+00:00,88.0,88.0,,21.0172898,73.1413347,29.600000381469727,-0.902,0.023,-0.357,,0.0,0.0,0.0,,,,,0.0,0.0,30.0,-5.8299999999178453e-05,-0.0001766000000031,2.33,88.0,36.5,0
20245,SO-0501,ASI Nidhi Vaghela,ASI,35,2026-07-16 23:30:08+00:00,82.0,88.0,,21.0172917,73.1413387,29.600000381469727,-0.867,0.098,-0.411,,0.0,0.0,0.0,,,,,0.0,0.0,30.0,1.900000000887303e-06,4.0000000041118255e-06,0.06,88.0,36.5,0
20246,SO-0501,ASI Nidhi Vaghela,ASI,35,2026-07-16 23:30:37+00:00,85.0,85.0,,21.0172909,73.1413439,29.600000381469727,-0.239,-0.636,0.203,,0.0,0.0,0.0,,,,,0.0,0.0,29.0,-8.000000022434506e-07,5.199999989713433e-06,0.07,85.0,36.5,0
26281,SO-0501,ASI Nidhi Vaghela,ASI,35,2026-07-18 11:31:13+00:00,90.0,64.0,,21.0093413,73.1391347,23.0,-0.492,1.049,0.122,,0.0,0.0,0.0,,,,,0.0,0.0,129636.0,-0.0079495999999998,-0.0022091999999958,0.0,64.0,36.5,0
26283,SO-0501,ASI Nidhi Vaghela,ASI,35,2026-07-18 11:31:43+00:00,96.0,65.0,,21.0093406,73.1391306,23.0,-0.471,0.113,-0.665,,0.0,0.0,0.0,,,,,0.0,0.0,30.0,-6.999999975221272e-07,-4.099999998175008e-06,0.05,65.0,36.5,2
26285,SO-0501,ASI Nidhi Vaghela,ASI,35,2026-07-18 11:32:13+00:00,93.0,84.0,,21.0093405,73.1391336,23.0,-0.561,0.735,-0.266,,0.0,0.0,0.0,,,,,0.0,0.0,30.0,-1.0000000116860974e-07,2.999999992425728e-06,0.04,84.0,36.5,2
26287,SO-0501,ASI Nidhi Vaghela,ASI,35,2026-07-18 11:32:43+00:00,91.0,88.0,,21.0092948,73.1391162,23.0,-0.384,0.88,0.378,,0.0,0.0,0.0,,,,,0.0,0.0,30.0,-4.57000000011476e-05,-1.7399999990175274e-05,0.65,88.0,36.5,2
26290,SO-0501,ASI Nidhi Vaghela,ASI,35,2026-07-18 11:33:14+00:00,93.0,75.0,,21.0093421,73.1391359,23.0,-0.975,0.088,-0.625,,0.0,0.0,0.0,,,,,0.0,0.0,31.0,4.730000000208179e-05,1.9699999995737016e-05,0.65,75.0,36.5,2
26291,SO-0501,ASI Nidhi Vaghela,ASI,35,2026-07-18 11:33:43+00:00,88.0,78.0,,21.0093403,73.1391344,23.0,-0.773,0.428,-0.48,,0.0,0.0,0.0,,,,,0.0,0.0,29.0,-1.7999999997186933e-06,-1.499999996212864e-06,0.03,78.0,36.5,0
26294,SO-0501,ASI Nidhi Vaghela,ASI,35,2026-07-18 11:34:15+00:00,87.0,86.0,,21.0093403,73.1391344,23.0,-0.967,0.124,0.014,,0.0,0.0,0.0,,,,,0.0,0.0,32.0,0.0,0.0,0.0,86.0,36.5,0
26296,SO-0501,ASI Nidhi Vaghela,ASI,35,2026-07-18 11:34:45+00:00,88.0,87.0,,21.0093038,73.1391204,23.0,-0.43,0.766,0.568,,0.0,0.0,0.0,,,,,0.0,0.0,30.0,-3.6500000000216914e-05,-1.4000000007285962e-05,0.52,87.0,36.5,0
26298,SO-0501,ASI Nidhi Vaghela,ASI,35,2026-07-18 11:35:14+00:00,83.0,80.0,,21.0092982,73.1391171,23.0,-0.415,0.573,0.871,,0.0,0.0,0.0,,,,,0.0,0.0,29.0,-5.600000001493299e-06,-3.29999998882613e-06,0.09,80.0,36.5,0
26299,SO-0501,ASI Nidhi Vaghela,ASI,35,2026-07-18 11:35:43+00:00,90.0,88.0,,21.0100544,73.1403385,20.200000762939453,-0.833,-0.213,-0.419,,0.0,0.0,0.0,,,,,0.0,0.0,29.0,0.0007562000000014,0.0012213999999914,18.84,88.0,36.5,1
26302,SO-0501,ASI Nidhi Vaghela,ASI,35,2026-07-18 11:36:13+00:00,82.0,88.0,,21.009295,73.1391181,23.0,-0.005,0.86,0.593,,0.0,0.0,0.0,,,,,0.0,0.0,30.0,-0.0007593999999997,-0.001220399999994,18.23,88.0,36.5,1
26304,SO-0501,ASI Nidhi Vaghela,ASI,35,2026-07-18 11:36:43+00:00,93.0,88.0,,21.0092985,73.1391201,23.0,-0.037,0.923,0.484,,0.0,0.0,0.0,,,,,0.0,0.0,30.0,3.499999998268777e-06,1.9999999949504854e-06,0.05,88.0,36.5,2
26306,SO-0501,ASI Nidhi Vaghela,ASI,35,2026-07-18 11:37:15+00:00,82.0,86.0,,21.0092971,73.1391179,23.0,0.053,0.912,0.517,,0.0,0.0,0.0,,,,,0.0,0.0,32.0,-1.399999998596968e-06,-2.199999997287705e-06,0.03,86.0,36.5,0
26308,SO-0501,ASI Nidhi Vaghela,ASI,35,2026-07-18 11:37:44+00:00,89.0,88.0,,21.0092933,73.1391196,23.0,-0.023,0.92,0.504,,0.0,0.0,0.0,,,,,0.0,0.0,29.0,-3.800000001774606e-06,1.6999999985500835e-06,0.06,88.0,36.5,0
26310,SO-0501,ASI Nidhi Vaghela,ASI,35,2026-07-18 11:38:14+00:00,96.0,88.0,,21.0092974,73.1391162,23.0,0.04,0.928,0.487,,0.0,0.0,0.0,,,,,0.0,0.0,30.0,4.100000001727722e-06,-3.399999997100167e-06,0.07,88.0,36.5,2
26312,SO-0501,ASI Nidhi Vaghela,ASI,35,2026-07-18 11:38:44+00:00,90.0,88.0,,21.0093003,73.1391109,23.0,0.088,0.931,0.494,,0.0,0.0,0.0,,,,,0.0,0.0,30.0,2.8999999983625457e-06,-5.29999999798747e-06,0.08,88.0,36.5,0
26314,SO-0501,ASI Nidhi Vaghela,ASI,35,2026-07-18 11:39:14+00:00,94.0,88.0,,21.0093001,73.1391111,23.0,0.051,0.94,0.451,,0.0,0.0,0.0,,,,,0.0,0.0,30.0,-1.999999987845058e-07,1.9999998812636477e-07,0.0,88.0,36.5,2
26315,SO-0501,ASI Nidhi Vaghela,ASI,35,2026-07-18 11:39:43+00:00,82.0,87.0,,21.0092995,73.1391122,23.0,0.092,0.894,0.552,,0.0,0.0,0.0,,,,,0.0,0.0,29.0,-5.999999999062311e-07,1.1000000057492798e-06,0.02,87.0,36.5,0
26317,SO-0501,ASI Nidhi Vaghela,ASI,35,2026-07-18 11:40:13+00:00,90.0,88.0,,21.0092954,73.1391192,23.0,-0.805,-0.335,0.567,,0.0,0.0,0.0,,,,,0.0,0.0,30.0,-4.100000001727722e-06,6.999999996537554e-06,0.1,88.0,36.5,0
26320,SO-0501,ASI Nidhi Vaghela,ASI,35,2026-07-18 11:40:43+00:00,91.0,87.0,,21.0093016,73.1391121,23.0,-0.365,0.725,0.678,,0.0,0.0,0.0,,,,,0.0,0.0,30.0,6.2000000013995304e-06,-7.099999990600736e-06,0.12,87.0,36.5,2
26322,SO-0501,ASI Nidhi Vaghela,ASI,35,2026-07-18 11:41:13+00:00,92.0,56.0,,21.0092908,73.1391219,23.0,-0.417,0.732,0.637,,0.0,0.0,0.0,,,,,0.0,0.0,30.0,-1.0800000001864872e-05,9.800000000836915e-06,0.19,56.0,36.5,2
26324,SO-0501,ASI Nidhi Vaghela,ASI,35,2026-07-18 11:41:43+00:00,80.0,,,21.0092984,73.1391123,23.0,-0.413,0.731,0.629,,0.0,0.0,0.0,,,,,0.0,0.0,30.0,7.599999999996499e-06,-9.600000012710552e-06,0.16,56.0,36.5,0
26326,SO-0501,ASI Nidhi Vaghela,ASI,35,2026-07-18 11:42:13+00:00,90.0,66.0,,21.0092985,73.1391184,23.0,-0.39,0.741,0.66,,0.0,0.0,0.0,,,,,0.0,0.0,30.0,1.0000000116860974e-07,6.100000007336348e-06,0.08,66.0,36.5,0
26328,SO-0501,ASI Nidhi Vaghela,ASI,35,2026-07-18 11:42:44+00:00,84.0,85.0,,21.0092948,73.1391205,23.0,-0.4,0.74,0.636,,0.0,0.0,0.0,,,,,0.0,0.0,31.0,-3.700000000605996e-06,2.1000000032245225e-06,0.05,85.0,36.5,0
26330,SO-0501,ASI Nidhi Vaghela,ASI,35,2026-07-18 11:43:13+00:00,89.0,83.0,,21.0092997,73.1391101,23.0,-0.401,0.74,0.635,,0.0,0.0,0.0,,,,,0.0,0.0,29.0,4.9000000004184585e-06,-1.0400000007848575e-05,0.15,83.0,36.5,0
26332,SO-0501,ASI Nidhi Vaghela,ASI,35,2026-07-18 11:43:43+00:00,82.0,62.0,,21.0092919,73.1391223,23.0,-0.381,0.736,0.659,,0.0,0.0,0.0,,,,,0.0,0.0,30.0,-7.799999998781004e-06,1.220000000046184e-05,0.18,62.0,36.5,0
26334,SO-0501,ASI Nidhi Vaghela,ASI,35,2026-07-18 11:44:13+00:00,96.0,81.0,,21.0092936,73.1391207,23.0,-0.396,0.744,0.638,,0.0,0.0,0.0,,,,,0.0,0.0,30.0,1.6999999985500835e-06,-1.5999999902760464e-06,0.03,81.0,36.5,2
26335,SO-0501,ASI Nidhi Vaghela,ASI,35,2026-07-18 11:44:43+00:00,86.0,81.0,,21.0092957,73.1391106,23.0,-0.39,0.734,0.652,,0.0,0.0,0.0,,,,,0.0,0.0,30.0,2.099999999671809e-06,-1.0100000011448174e-05,0.13,81.0,36.5,0
26338,SO-0501,ASI Nidhi Vaghela,ASI,35,2026-07-18 11:45:13+00:00,89.0,76.0,,21.0093443,73.1391333,23.0,-0.877,0.33,0.36,,0.0,0.0,0.0,,,,,0.0,0.0,30.0,4.8599999999510146e-05,2.27000000023736e-05,0.71,76.0,36.5,0
26340,SO-0501,ASI Nidhi Vaghela,ASI,35,2026-07-18 11:45:46+00:00,83.0,76.0,,21.0093443,73.1391333,23.0,-0.178,0.897,0.435,,0.0,0.0,0.0,,,,,0.0,0.0,33.0,0.0,0.0,0.0,76.0,36.5,0
26342,SO-0501,ASI Nidhi Vaghela,ASI,35,2026-07-18 11:46:13+00:00,84.0,85.0,,21.0092976,73.1391104,23.0,-0.783,-0.204,-0.596,,0.0,0.0,0.0,,,,,0.0,0.0,27.0,-4.669999999862284e-05,-2.2899999990499964e-05,0.76,85.0,36.5,0
26343,SO-0501,ASI Nidhi Vaghela,ASI,35,2026-07-18 11:46:43+00:00,84.0,88.0,,21.0092931,73.1391181,23.0,-0.618,-0.315,-0.543,,0.0,0.0,0.0,,,,,0.0,0.0,30.0,-4.499999999296733e-06,7.699999997612395e-06,0.11,88.0,36.5,0
26345,SO-0501,ASI Nidhi Vaghela,ASI,35,2026-07-18 11:47:13+00:00,92.0,85.0,,21.0092922,73.139115,23.0,-0.213,0.014,1.026,,0.0,0.0,0.0,,,,,0.0,0.0,30.0,-8.999999998593466e-07,-3.1000000006997652e-06,0.04,85.0,36.5,2
26347,SO-0501,ASI Nidhi Vaghela,ASI,35,2026-07-18 11:47:43+00:00,82.0,81.0,,21.0092928,73.1391172,23.0,-0.488,0.963,0.235,,0.0,0.0,0.0,,,,,0.0,0.0,30.0,5.999999999062311e-07,2.199999997287705e-06,0.03,81.0,36.5,0
26349,SO-0501,ASI Nidhi Vaghela,ASI,35,2026-07-18 11:48:13+00:00,86.0,71.0,,21.0092935,73.139116,23.0,-0.405,0.82,0.328,,0.0,0.0,0.0,,,,,0.0,0.0,30.0,6.999999975221272e-07,-1.1999999998124622e-06,0.02,71.0,36.5,0
26351,SO-0501,ASI Nidhi Vaghela,ASI,35,2026-07-18 11:48:43+00:00,88.0,80.0,,21.0092933,73.1391196,23.0,-0.479,0.904,0.249,,0.0,0.0,0.0,,,,,0.0,0.0,30.0,-1.999999987845058e-07,3.5999999994373866e-06,0.04,80.0,36.5,0
26353,SO-0501,ASI Nidhi Vaghela,ASI,35,2026-07-18 11:49:13+00:00,91.0,86.0,,21.0092994,73.1391084,23.0,-0.993,-0.257,0.593,,0.0,0.0,0.0,,,,,0.0,0.0,30.0,6.100000000230921e-06,-1.12000000029866e-05,0.16,86.0,36.5,2
26355,SO-0501,ASI Nidhi Vaghela,ASI,35,2026-07-18 11:49:43+00:00,81.0,88.0,,21.0092964,73.1391157,23.0,-0.279,0.941,0.303,,0.0,0.0,0.0,,,,,0.0,0.0,30.0,-2.9999999995311555e-06,7.30000000714881e-06,0.1,88.0,36.5,0
26357,SO-0501,ASI Nidhi Vaghela,ASI,35,2026-07-18 11:50:13+00:00,85.0,86.0,,21.0093424,73.1391296,23.0,-0.274,0.906,0.354,,0.0,0.0,0.0,,,,,0.0,0.0,30.0,4.600000000110072e-05,1.3899999999011923e-05,0.64,86.0,36.5,0
26360,SO-0501,ASI Nidhi Vaghela,ASI,35,2026-07-18 11:50:44+00:00,83.0,77.0,,21.0092983,73.1391093,23.0,-0.585,0.705,0.237,,0.0,0.0,0.0,,,,,0.0,0.0,31.0,-4.410000000021341e-05,-2.0300000002748675e-05,0.62,77.0,36.5,0
26362,SO-0501,ASI Nidhi Vaghela,ASI,35,2026-07-18 11:51:13+00:00,84.0,85.0,,21.0092954,73.1391151,23.0,-0.248,0.814,0.371,,0.0,0.0,0.0,,,,,0.0,0.0,29.0,-2.900000001915259e-06,5.7999999967250915e-06,0.08,85.0,36.5,0
26363,SO-0501,ASI Nidhi Vaghela,ASI,35,2026-07-18 11:51:43+00:00,87.0,79.0,,21.0092963,73.1391125,23.0,-0.978,-0.111,0.499,,0.0,0.0,0.0,,,,,0.0,0.0,30.0,8.999999998593466e-07,-2.600000001962144e-06,0.03,79.0,36.5,0
26367,SO-0501,ASI Nidhi Vaghela,ASI,35,2026-07-18 11:52:13+00:00,82.0,86.0,,21.0093409,73.1391254,23.0,-0.255,0.921,0.388,,0.0,0.0,0.0,,,,,0.0,0.0,30.0,4.460000000250375e-05,1.2900000001536682e-05,0.62,86.0,36.5,0
26369,SO-0501,ASI Nidhi Vaghela,ASI,35,2026-07-18 11:52:43+00:00,84.0,82.0,,21.0092918,73.1391138,23.0,-0.318,0.914,0.209,,0.0,0.0,0.0,,,,,0.0,0.0,30.0,-4.910000000180048e-05,-1.1599999993450185e-05,0.67,82.0,36.5,0
26373,SO-0501,ASI Nidhi Vaghela,ASI,35,2026-07-18 11:53:13+00:00,91.0,84.0,,21.0092934,73.1391186,23.0,-0.256,0.88,0.385,,0.0,0.0,0.0,,,,,0.0,0.0,30.0,1.6000000009341877e-06,4.799999999249849e-06,0.06,84.0,36.5,2
26376,SO-0501,ASI Nidhi Vaghela,ASI,35,2026-07-18 11:53:43+00:00,89.0,80.0,,21.0092955,73.1391159,23.0,-0.277,0.795,0.21,,0.0,0.0,0.0,,,,,0.0,0.0,30.0,2.099999999671809e-06,-2.700000010236181e-06,0.04,80.0,36.5,0
26378,SO-0501,ASI Nidhi Vaghela,ASI,35,2026-07-18 11:54:13+00:00,82.0,55.0,,21.0092983,73.1391093,23.0,-0.116,0.965,0.339,,0.0,0.0,0.0,,,,,0.0,0.0,30.0,2.8000000007466497e-06,-6.599999991863115e-06,0.09,55.0,36.5,0
26382,SO-0501,ASI Nidhi Vaghela,ASI,35,2026-07-18 11:54:43+00:00,88.0,62.0,,21.0092981,73.1391106,23.0,-0.29,0.921,0.096,,0.0,0.0,0.0,,,,,0.0,0.0,30.0,-2.0000000233721948e-07,1.2999999938756446e-06,0.02,62.0,36.5,0
26384,SO-0501,ASI Nidhi Vaghela,ASI,35,2026-07-18 11:55:13+00:00,86.0,75.0,,21.0092935,73.139116,23.0,-0.336,1.075,0.12,,0.0,0.0,0.0,,,,,0.0,0.0,30.0,-4.600000000465343e-06,5.400000006261507e-06,0.09,75.0,36.5,0
26387,SO-0501,ASI Nidhi Vaghela,ASI,35,2026-07-18 11:55:43+00:00,86.0,84.0,,21.0092964,73.1391095,23.0,-0.31,0.924,0.141,,0.0,0.0,0.0,,,,,0.0,0.0,30.0,2.900000001915259e-06,-6.499999997799932e-06,0.09,84.0,36.5,0
26390,SO-0501,ASI Nidhi Vaghela,ASI,35,2026-07-18 11:56:13+00:00,90.0,75.0,,21.0093403,73.1391346,23.0,-0.993,0.608,0.769,,0.0,0.0,0.0,,,,,0.0,0.0,30.0,4.390000000142891e-05,2.5100000001998524e-05,0.66,75.0,36.5,0
26393,SO-0501,ASI Nidhi Vaghela,ASI,35,2026-07-18 11:56:43+00:00,85.0,85.0,,21.0092934,73.1391186,23.0,-0.551,1.218,-0.012,,0.0,0.0,0.0,,,,,0.0,0.0,30.0,-4.690000000096006e-05,-1.6000000002236447e-05,0.66,85.0,36.5,0
26396,SO-0501,ASI Nidhi Vaghela,ASI,35,2026-07-18 11:57:13+00:00,95.0,65.0,,21.0092976,73.1391104,23.0,-0.391,0.267,0.96,,0.0,0.0,0.0,,,,,0.0,0.0,30.0,4.199999999343618e-06,-8.199999996350016e-06,0.12,65.0,36.5,2
26398,SO-0501,ASI Nidhi Vaghela,ASI,35,2026-07-18 11:57:43+00:00,91.0,77.0,,21.0093001,73.1391081,23.0,-0.289,0.787,0.452,,0.0,0.0,0.0,,,,,0.0,0.0,30.0,2.500000000793534e-06,-2.300000005561742e-06,0.04,77.0,36.5,2
26401,SO-0501,ASI Nidhi Vaghela,ASI,35,2026-07-18 11:58:13+00:00,83.0,83.0,,21.0093011,73.1391079,23.0,-0.639,0.639,-0.016,,0.0,0.0,0.0,,,,,0.0,0.0,30.0,9.999999974752427e-07,-2.0000000233721948e-07,0.01,83.0,36.5,0
26402,SO-0501,ASI Nidhi Vaghela,ASI,35,2026-07-18 11:58:40+00:00,86.0,81.0,,21.0092834,73.139159,23.0,0.208,0.907,0.215,,0.0,0.0,0.0,,,,,0.0,0.0,27.0,-1.7699999997233817e-05,5.110000000740911e-05,0.75,81.0,36.5,0
26405,SO-0501,ASI Nidhi Vaghela,ASI,35,2026-07-18 11:59:10+00:00,81.0,88.0,,21.0091962,73.1392148,23.0,0.049,0.834,0.388,,0.0,0.0,0.0,,,,,0.0,0.0,30.0,-8.719999999939887e-05,5.579999999838492e-05,1.35,88.0,36.5,0
26408,SO-0501,ASI Nidhi Vaghela,ASI,35,2026-07-18 11:59:40+00:00,88.0,83.0,,21.0093757,73.1391773,23.0,-0.656,-0.655,0.689,,0.0,0.0,0.0,,,,,0.0,0.0,30.0,0.000179499999998,-3.7500000004797585e-05,2.44,83.0,36.5,0
26411,SO-0501,ASI Nidhi Vaghela,ASI,35,2026-07-18 12:00:10+00:00,86.0,88.0,,21.0094227,73.1391804,23.0,-0.292,0.917,-0.141,,0.0,0.0,0.0,,,,,0.0,0.0,30.0,4.699999999857596e-05,3.1000000006997652e-06,0.63,88.0,36.5,0
26414,SO-0501,ASI Nidhi Vaghela,ASI,35,2026-07-18 12:00:40+00:00,82.0,65.0,,21.0094218,73.1392811,23.0,-0.208,0.883,0.443,,0.0,0.0,0.0,,,,,0.0,0.0,30.0,-8.999999998593466e-07,0.0001007000000043,1.25,65.0,36.5,0
26417,SO-0501,ASI Nidhi Vaghela,ASI,35,2026-07-18 12:01:10+00:00,82.0,57.0,,21.0092047,73.1393218,22.299999237060547,-0.138,0.948,-0.039,,0.0,0.0,0.0,,,,,0.0,0.0,30.0,-0.0002170999999968,4.069999999956053e-05,2.94,57.0,36.5,0
26420,SO-0501,ASI Nidhi Vaghela,ASI,35,2026-07-18 12:01:40+00:00,82.0,55.0,,21.0089537,73.1393743,23.0,-0.265,0.516,0.5,,0.0,0.0,0.0,,,,,0.0,0.0,30.0,-0.0002510000000022,5.2499999995347935e-05,3.41,55.0,36.5,0
26424,SO-0501,ASI Nidhi Vaghela,ASI,35,2026-07-18 12:02:11+00:00,93.0,85.0,,21.0089354,73.1393497,22.299999237060547,-0.723,0.788,-0.517,,0.0,0.0,0.0,,,,,0.0,0.0,31.0,-1.830000000069276e-05,-2.4600000003260906e-05,0.38,85.0,36.5,2
26427,SO-0501,ASI Nidhi Vaghela,ASI,35,2026-07-18 12:02:42+00:00,94.0,88.0,,21.0089454,73.1393104,22.299999237060547,-0.282,1.001,0.043,,0.0,0.0,0.0,,,,,0.0,0.0,31.0,1.0000000003174137e-05,-3.929999999741085e-05,0.49,88.0,36.5,2
26430,SO-0501,ASI Nidhi Vaghela,ASI,35,2026-07-18 12:03:12+00:00,96.0,88.0,,21.0089679,73.1393258,23.0,-0.891,0.117,-0.334,,0.0,0.0,0.0,,,,,0.0,0.0,30.0,2.2499999996483663e-05,1.539999999522479e-05,0.36,88.0,36.5,2
26433,SO-0501,ASI Nidhi Vaghela,ASI,35,2026-07-18 12:03:42+00:00,92.0,86.0,,21.008958,73.1393253,22.299999237060547,-0.577,0.66,-0.402,,0.0,0.0,0.0,,,,,0.0,0.0,30.0,-9.899999998452811e-06,-4.999999987376214e-07,0.13,86.0,36.5,2
26436,SO-0501,ASI Nidhi Vaghela,ASI,35,2026-07-18 12:04:14+00:00,89.0,64.0,,21.0089555,73.1393351,23.0,-0.643,0.666,-0.3,,0.0,0.0,0.0,,,,,0.0,0.0,32.0,-2.500000000793534e-06,9.800000000836915e-06,0.12,64.0,36.5,0
26439,SO-0501,ASI Nidhi Vaghela,ASI,35,2026-07-18 12:04:43+00:00,90.0,64.0,,21.0089659,73.139324,22.299999237060547,-0.686,0.635,-0.27,,0.0,0.0,0.0,,,,,0.0,0.0,29.0,1.0400000000743148e-05,-1.1099999994712562e-05,0.2,64.0,36.5,0
26442,SO-0501,ASI Nidhi Vaghela,ASI,35,2026-07-18 12:05:12+00:00,96.0,88.0,,21.0089522,73.1393219,22.299999237060547,-0.887,0.302,0.424,,0.0,0.0,0.0,,,,,0.0,0.0,29.0,-1.370000000022742e-05,-2.1000000032245225e-06,0.19,88.0,36.5,2
26449,SO-0501,ASI Nidhi Vaghela,ASI,35,2026-07-18 12:06:42+00:00,86.0,88.0,,21.0089532,73.1393249,23.0,-0.497,-0.712,-0.398,,0.0,0.0,0.0,,,,,0.0,0.0,90.0,1.0000000010279564e-06,3.000000006636583e-06,0.01,88.0,36.5,0
26452,SO-0501,ASI Nidhi Vaghela,ASI,35,2026-07-18 12:07:12+00:00,81.0,88.0,,21.0089511,73.1393269,23.200000762939453,-0.541,-0.134,0.812,,0.0,0.0,0.0,,,,,0.0,0.0,30.0,-2.099999999671809e-06,1.9999999949504854e-06,0.04,88.0,36.5,0
26454,SO-0501,ASI Nidhi Vaghela,ASI,35,2026-07-18 12:07:40+00:00,90.0,86.0,,21.0089583,73.1393416,23.200000762939453,-0.909,0.107,-0.316,,0.0,0.0,0.0,,,,,0.0,0.0,28.0,7.199999998874773e-06,1.4699999994149948e-05,0.22,86.0,36.5,0
26458,SO-0501,ASI Nidhi Vaghela,ASI,35,2026-07-18 12:08:10+00:00,86.0,86.0,,21.0089492,73.1393419,23.200000762939453,-0.95,0.262,-0.061,,0.0,0.0,0.0,,,,,0.0,0.0,30.0,-9.099999999762076e-06,3.000000106112566e-07,0.12,86.0,36.5,0
26461,SO-0501,ASI Nidhi Vaghela,ASI,35,2026-07-18 12:08:40+00:00,85.0,88.0,,21.0089434,73.1393382,23.200000762939453,-0.946,0.147,-0.165,,0.0,0.0,0.0,,,,,0.0,0.0,30.0,-5.800000000277805e-06,-3.700000007711424e-06,0.09,88.0,36.5,0
26464,SO-0501,ASI Nidhi Vaghela,ASI,35,2026-07-18 12:09:10+00:00,100.0,85.0,,21.0089459,73.1393441,23.200000762939453,-0.698,0.325,0.73,,0.0,0.0,0.0,,,,,0.0,0.0,30.0,2.500000000793534e-06,5.900000004999129e-06,0.08,85.0,36.5,2
26466,SO-0501,ASI Nidhi Vaghela,ASI,35,2026-07-18 12:09:42+00:00,84.0,86.0,,21.0089464,73.1393381,23.200000762939453,-0.741,0.277,0.7,,0.0,0.0,0.0,,,,,0.0,0.0,32.0,4.999999987376214e-07,-5.999999999062311e-06,0.07,86.0,36.5,0
26468,SO-0501,ASI Nidhi Vaghela,ASI,35,2026-07-18 12:10:12+00:00,89.0,88.0,,21.0089496,73.1393409,23.200000762939453,-0.746,0.248,0.706,,0.0,0.0,0.0,,,,,0.0,0.0,30.0,3.200000001868375e-06,2.7999999900885086e-06,0.06,88.0,36.5,0
26471,SO-0501,ASI Nidhi Vaghela,ASI,35,2026-07-18 12:10:41+00:00,99.0,86.0,,21.0089475,73.1393413,23.200000762939453,-0.777,0.323,0.623,,0.0,0.0,0.0,,,,,0.0,0.0,29.0,-2.099999999671809e-06,4.0000000467443897e-07,0.03,86.0,36.5,2
26474,SO-0501,ASI Nidhi Vaghela,ASI,35,2026-07-18 12:11:11+00:00,82.0,88.0,,21.0089478,73.1393412,23.200000762939453,-0.832,-0.309,0.557,,0.0,0.0,0.0,,,,,0.0,0.0,30.0,2.999999999531156e-07,-9.999999406318238e-08,0.0,88.0,36.5,0
26496,SO-0501,ASI Nidhi Vaghela,ASI,35,2026-07-18 12:16:30+00:00,96.0,78.0,,21.0089487,73.1393391,23.200000762939453,-0.24,1.063,0.28,,0.0,0.0,0.0,,,,,0.0,0.0,319.0,8.999999998593466e-07,-2.1000000032245225e-06,0.0,78.0,36.5,2
26500,SO-0501,ASI Nidhi Vaghela,ASI,35,2026-07-18 12:17:02+00:00,87.0,66.0,,21.0089557,73.1393402,23.200000762939453,0.165,1.216,-0.45,,0.0,0.0,0.0,,,,,0.0,0.0,32.0,7.000000000090267e-06,1.1000000057492798e-06,0.09,66.0,36.5,0
26503,SO-0501,ASI Nidhi Vaghela,ASI,35,2026-07-18 12:17:33+00:00,84.0,81.0,,21.0089466,73.1393507,23.100000381469727,-0.266,0.994,0.196,,0.0,0.0,0.0,,,,,0.0,0.0,31.0,-9.099999999762076e-06,1.0499999987700905e-05,0.17,81.0,36.5,0
26506,SO-0501,ASI Nidhi Vaghela,ASI,35,2026-07-18 12:18:06+00:00,84.0,68.0,,21.0089547,73.139338,23.100000381469727,0.077,0.606,0.187,,0.0,0.0,0.0,,,,,0.0,0.0,33.0,8.09999999873412e-06,-1.2699999999199464e-05,0.17,68.0,36.5,0
26509,SO-0501,ASI Nidhi Vaghela,ASI,35,2026-07-18 12:18:40+00:00,88.0,88.0,,21.0089552,73.1393363,23.200000762939453,0.107,0.628,0.026,,0.0,0.0,0.0,,,,,0.0,0.0,34.0,4.999999987376214e-07,-1.6999999985500835e-06,0.02,88.0,36.5,0
26513,SO-0501,ASI Nidhi Vaghela,ASI,35,2026-07-18 12:19:12+00:00,92.0,81.0,,21.0092885,73.1391995,22.899999618530273,-0.095,0.934,0.408,,0.0,0.0,0.0,,,,,0.0,0.0,32.0,0.0003333000000012,-0.0001367999999928,4.46,81.0,36.5,2
26515,SO-0501,ASI Nidhi Vaghela,ASI,35,2026-07-18 12:19:41+00:00,89.0,87.0,,21.0094383,73.1392428,22.899999618530273,-0.609,0.699,0.441,,0.0,0.0,0.0,,,,,0.0,0.0,29.0,0.000149799999999,4.330000000152267e-05,2.14,87.0,36.5,0
26519,SO-0501,ASI Nidhi Vaghela,ASI,35,2026-07-18 12:20:14+00:00,85.0,76.0,,21.0093766,73.1392933,22.899999618530273,-0.548,0.762,-0.271,,0.0,0.0,0.0,,,,,0.0,0.0,33.0,-6.169999999983133e-05,5.050000000039745e-05,0.94,76.0,36.5,0
26522,SO-0501,ASI Nidhi Vaghela,ASI,35,2026-07-18 12:20:45+00:00,92.0,88.0,,21.0093659,73.1392322,22.600000381469727,-0.836,0.067,-0.463,,0.0,0.0,0.0,,,,,0.0,0.0,31.0,-1.0700000000696264e-05,-6.110000001058324e-05,0.75,88.0,36.5,2
26525,SO-0501,ASI Nidhi Vaghela,ASI,35,2026-07-18 12:21:17+00:00,80.0,88.0,,21.0092912,73.1392728,22.899999618530273,-0.326,1.02,0.189,,0.0,0.0,0.0,,,,,0.0,0.0,32.0,-7.469999999898391e-05,4.060000000549735e-05,1.05,88.0,36.5,0
26528,SO-0501,ASI Nidhi Vaghela,ASI,35,2026-07-18 12:21:48+00:00,96.0,88.0,,21.0092333,73.1390685,22.600000381469727,-0.892,0.111,-0.343,,0.0,0.0,0.0,,,,,0.0,0.0,31.0,-5.789999999805673e-05,-0.0002043000000071,2.57,88.0,36.5,2
26531,SO-0501,ASI Nidhi Vaghela,ASI,35,2026-07-18 12:22:18+00:00,94.0,88.0,,21.0092525,73.1391657,22.600000381469727,-0.225,1.017,0.356,,0.0,0.0,0.0,,,,,0.0,0.0,30.0,1.9199999996999395e-05,9.720000001323116e-05,1.23,88.0,36.5,2
26534,SO-0501,ASI Nidhi Vaghela,ASI,35,2026-07-18 12:22:49+00:00,97.0,88.0,,21.0093878,73.1391967,22.600000381469727,-0.315,-0.835,0.573,,0.0,0.0,0.0,,,,,0.0,0.0,31.0,0.0001353000000001,3.09999999927868e-05,1.78,88.0,36.5,2
26537,SO-0501,ASI Nidhi Vaghela,ASI,35,2026-07-18 12:23:20+00:00,82.0,59.0,,21.00941,73.1391708,22.600000381469727,-0.068,1.649,0.683,,0.0,0.0,0.0,,,,,0.0,0.0,31.0,2.2200000000083264e-05,-2.5899999997136547e-05,0.42,59.0,36.5,0
26540,SO-0501,ASI Nidhi Vaghela,ASI,35,2026-07-18 12:23:50+00:00,89.0,83.0,,21.0093928,73.1391424,22.899999618530273,-0.709,-0.581,0.358,,0.0,0.0,0.0,,,,,0.0,0.0,30.0,-1.7199999998496196e-05,-2.840000000503551e-05,0.42,83.0,36.5,0
26596,SO-0501,ASI Nidhi Vaghela,ASI,35,2026-07-18 12:37:25+00:00,84.0,64.0,,21.0206215,73.14314,28.0,-0.085,0.939,0.424,,0.0,0.0,0.0,,,,,0.0,0.0,815.0,0.0112287000000002,0.0039976000000052,0.0,64.0,36.5,0
26600,SO-0501,ASI Nidhi Vaghela,ASI,35,2026-07-18 12:37:55+00:00,82.0,,,21.0206215,73.14314,28.0,-0.108,0.926,0.449,,0.0,0.0,0.0,,,,,0.0,0.0,30.0,0.0,0.0,0.0,64.0,36.5,0
26604,SO-0501,ASI Nidhi Vaghela,ASI,35,2026-07-18 12:38:25+00:00,91.0,65.0,,21.0206215,73.14314,28.0,-0.113,0.914,0.47,,0.0,0.0,0.0,,,,,0.0,0.0,30.0,0.0,0.0,0.0,65.0,36.5,2
26608,SO-0501,ASI Nidhi Vaghela,ASI,35,2026-07-18 12:38:55+00:00,85.0,65.0,,21.0206215,73.14314,28.0,-0.114,0.919,0.481,,0.0,0.0,0.0,,,,,0.0,0.0,30.0,0.0,0.0,0.0,65.0,36.5,0
26612,SO-0501,ASI Nidhi Vaghela,ASI,35,2026-07-18 12:39:25+00:00,82.0,,,21.0188657,73.1414144,28.0,-0.111,0.916,0.474,,0.0,0.0,0.0,,,,,0.0,0.0,30.0,-0.0017558000000015,-0.0017256000000003,31.73,65.0,36.5,1
26616,SO-0501,ASI Nidhi Vaghela,ASI,35,2026-07-18 12:39:55+00:00,87.0,,,21.0206215,73.14314,28.0,-0.111,0.919,0.474,,0.0,0.0,0.0,,,,,0.0,0.0,30.0,0.0017558000000015,0.0017256000000003,31.73,65.0,36.5,1
26620,SO-0501,ASI Nidhi Vaghela,ASI,35,2026-07-18 12:40:25+00:00,84.0,,,21.0196996,73.1425208,28.0,-0.112,0.911,0.49,,0.0,0.0,0.0,,,,,0.0,0.0,30.0,-0.0009219000000015,-0.0006192000000027,14.49,65.0,36.5,1
26624,SO-0501,ASI Nidhi Vaghela,ASI,35,2026-07-18 12:40:55+00:00,84.0,,,21.0206204,73.143134,28.0,-0.113,0.91,0.491,,0.0,0.0,0.0,,,,,0.0,0.0,30.0,0.0009207999999993,0.0006132000000036,14.44,65.0,36.5,1
26628,SO-0501,ASI Nidhi Vaghela,ASI,35,2026-07-18 12:41:25+00:00,82.0,,,21.0206204,73.143134,28.0,-0.116,0.911,0.49,,0.0,0.0,0.0,,,,,0.0,0.0,30.0,0.0,0.0,0.0,65.0,36.5,0
26631,SO-0501,ASI Nidhi Vaghela,ASI,35,2026-07-18 12:41:55+00:00,84.0,,,21.0206204,73.143134,28.0,-0.115,0.911,0.488,,0.0,0.0,0.0,,,,,0.0,0.0,30.0,0.0,0.0,0.0,65.0,36.5,0
26634,SO-0501,ASI Nidhi Vaghela,ASI,35,2026-07-18 12:42:25+00:00,81.0,,,21.0206204,73.143134,28.0,-0.115,0.909,0.492,,0.0,0.0,0.0,,,,,0.0,0.0,30.0,0.0,0.0,0.0,65.0,36.5,0
26637,SO-0501,ASI Nidhi Vaghela,ASI,35,2026-07-18 12:42:55+00:00,83.0,,,21.0206204,73.143134,28.0,-0.113,0.911,0.486,,0.0,0.0,0.0,,,,,0.0,0.0,30.0,0.0,0.0,0.0,65.0,36.5,0
26641,SO-0501,ASI Nidhi Vaghela,ASI,35,2026-07-18 12:43:25+00:00,81.0,,,21.0206204,73.143134,28.0,-0.115,0.911,0.489,,0.0,0.0,0.0,,,,,0.0,0.0,30.0,0.0,0.0,0.0,65.0,36.5,0
26645,SO-0501,ASI Nidhi Vaghela,ASI,35,2026-07-18 12:43:55+00:00,81.0,,,21.0206204,73.143134,28.0,-0.115,0.913,0.489,,0.0,0.0,0.0,,,,,0.0,0.0,30.0,0.0,0.0,0.0,65.0,36.5,0
26647,SO-0501,ASI Nidhi Vaghela,ASI,35,2026-07-18 12:44:25+00:00,87.0,,,21.0198079,73.1425929,28.0,0.477,0.716,-0.07,,0.0,0.0,0.0,,,,,0.0,0.0,30.0,-0.0008124999999985,-0.0005411000000066,12.74,65.0,36.5,1
26650,SO-0501,ASI Nidhi Vaghela,ASI,35,2026-07-18 12:44:54+00:00,87.0,,,21.0208025,73.1432931,28.899999618530273,1.496,1.477,0.635,,0.0,0.0,0.0,,,,,0.0,0.0,29.0,0.0009945999999985,0.0007001999999971,16.39,65.0,36.5,1
26652,SO-0501,ASI Nidhi Vaghela,ASI,35,2026-07-18 12:45:21+00:00,100.0,88.0,,21.0208987,73.1434246,28.899999618530273,0.907,0.455,0.077,,0.0,0.0,0.0,,,,,0.0,0.0,27.0,9.620000000154504e-05,0.000131500000009,2.31,88.0,36.5,1
26655,SO-0501,ASI Nidhi Vaghela,ASI,35,2026-07-18 12:45:52+00:00,100.0,54.0,,21.021153,73.1432565,28.899999618530273,0.734,-0.26,-0.176,,0.0,0.0,0.0,,,,,0.0,0.0,31.0,0.0002543000000017,-0.0001680999999962,3.85,54.0,36.5,1
26658,SO-0501,ASI Nidhi Vaghela,ASI,35,2026-07-18 12:46:22+00:00,85.0,,,21.0211804,73.1432648,28.899999618530273,-0.73,-0.718,-0.327,,0.0,0.0,0.0,,,,,0.0,0.0,30.0,2.7399999996902125e-05,8.299999990413198e-06,0.38,54.0,36.5,1
26661,SO-0501,ASI Nidhi Vaghela,ASI,35,2026-07-18 12:46:51+00:00,94.0,71.0,,21.0210972,73.1432111,28.899999618530273,-0.857,0.129,0.565,,0.0,0.0,0.0,,,,,0.0,0.0,29.0,-8.319999999883976e-05,-5.36999999951604e-05,1.34,71.0,36.5,1
26665,SO-0501,ASI Nidhi Vaghela,ASI,35,2026-07-18 12:47:21+00:00,98.0,74.0,,21.0211103,73.1432722,28.899999618530273,-0.119,-0.632,0.807,,0.0,0.0,0.0,,,,,0.0,0.0,30.0,1.3100000000321188e-05,6.109999999637239e-05,0.78,74.0,36.5,2
26670,SO-0501,ASI Nidhi Vaghela,ASI,35,2026-07-18 12:47:53+00:00,94.0,88.0,,21.0208375,73.1434274,28.899999618530273,-0.396,0.135,0.991,,0.0,0.0,0.0,,,,,0.0,0.0,32.0,-0.0002728000000011,0.0001551999999946,3.86,88.0,36.5,2
26673,SO-0501,ASI Nidhi Vaghela,ASI,35,2026-07-18 12:48:22+00:00,96.0,88.0,,21.0203242,73.1435401,28.899999618530273,-0.427,0.145,0.962,,0.0,0.0,0.0,,,,,0.0,0.0,29.0,-0.0005132999999979,0.0001127000000025,7.22,88.0,36.5,1
26678,SO-0501,ASI Nidhi Vaghela,ASI,35,2026-07-18 12:48:54+00:00,95.0,88.0,,21.0188298,73.1425964,26.200000762939453,-0.85,-0.547,-0.069,,0.0,0.0,0.0,,,,,0.0,0.0,32.0,-0.0014944000000021,-0.0009436999999934,21.66,88.0,36.5,1
26680,SO-0501,ASI Nidhi Vaghela,ASI,35,2026-07-18 12:49:21+00:00,87.0,88.0,,21.0184814,73.1419893,26.200000762939453,-0.648,0.203,0.85,,0.0,0.0,0.0,,,,,0.0,0.0,27.0,-0.0003484,-0.0006070999999963,9.84,88.0,36.5,1
26685,SO-0501,ASI Nidhi Vaghela,ASI,35,2026-07-18 12:49:51+00:00,82.0,87.0,,21.0182918,73.1415565,25.600000381469727,-0.408,0.003,1.035,,0.0,0.0,0.0,,,,,0.0,0.0,30.0,-0.0001895999999987,-0.0004328000000128,5.94,87.0,36.5,1
26689,SO-0501,ASI Nidhi Vaghela,ASI,35,2026-07-18 12:50:22+00:00,100.0,88.0,,21.018064,73.1411452,25.600000381469727,-0.938,0.296,0.674,,0.0,0.0,0.0,,,,,0.0,0.0,31.0,-0.0002278000000011,-0.0004112999999961,5.75,88.0,36.5,1
26693,SO-0501,ASI Nidhi Vaghela,ASI,35,2026-07-18 12:50:52+00:00,97.0,86.0,,21.0181038,73.1411791,26.0,-0.768,-0.004,0.729,,0.0,0.0,0.0,,,,,0.0,0.0,30.0,3.9799999999701186e-05,3.39000000053602e-05,0.68,86.0,36.5,2
26697,SO-0501,ASI Nidhi Vaghela,ASI,35,2026-07-18 12:51:21+00:00,97.0,88.0,,21.0181439,73.1411076,26.399999618530273,-0.386,0.186,1.006,,0.0,0.0,0.0,,,,,0.0,0.0,29.0,4.00999999996543e-05,-7.150000000422096e-05,1.07,88.0,36.5,2
26701,SO-0501,ASI Nidhi Vaghela,ASI,35,2026-07-18 12:51:52+00:00,83.0,69.0,,21.0180245,73.1411304,26.399999618530273,-0.922,-0.268,-0.236,,0.0,0.0,0.0,,,,,0.0,0.0,31.0,-0.0001193999999991,2.279999999643678e-05,1.56,69.0,36.5,0
26705,SO-0501,ASI Nidhi Vaghela,ASI,35,2026-07-18 12:52:22+00:00,96.0,85.0,,21.0180025,73.1411006,25.600000381469727,-0.868,-0.271,-0.297,,0.0,0.0,0.0,,,,,0.0,0.0,30.0,-2.1999999997746045e-05,-2.9799999992974335e-05,0.47,85.0,36.5,2
26709,SO-0501,ASI Nidhi Vaghela,ASI,35,2026-07-18 12:52:52+00:00,91.0,88.0,,21.0180084,73.1411027,25.899999618530273,-0.876,-0.264,-0.259,,0.0,0.0,0.0,,,,,0.0,0.0,30.0,5.899999997893701e-06,2.1000000032245225e-06,0.08,88.0,36.5,2
26713,SO-0501,ASI Nidhi Vaghela,ASI,35,2026-07-18 12:53:21+00:00,82.0,88.0,,21.0180063,73.1411035,26.299999237060547,-1.0,0.034,0.082,,0.0,0.0,0.0,,,,,0.0,0.0,29.0,-2.099999999671809e-06,7.999999951380232e-07,0.03,88.0,36.5,0
26717,SO-0501,ASI Nidhi Vaghela,ASI,35,2026-07-18 12:53:52+00:00,90.0,88.0,,21.0180057,73.1411014,26.299999237060547,-0.98,-0.18,0.026,,0.0,0.0,0.0,,,,,0.0,0.0,31.0,-5.999999999062311e-07,-2.1000000032245225e-06,0.03,88.0,36.5,0
26721,SO-0501,ASI Nidhi Vaghela,ASI,35,2026-07-18 12:54:22+00:00,91.0,86.0,,21.018002,73.141097,26.0,-0.912,-0.326,-0.178,,0.0,0.0,0.0,,,,,0.0,0.0,30.0,-3.700000000605996e-06,-4.39999999457541e-06,0.07,86.0,36.5,2
26725,SO-0501,ASI Nidhi Vaghela,ASI,35,2026-07-18 12:54:52+00:00,91.0,79.0,,21.018001,73.1410957,25.799999237060547,-0.973,-0.228,-0.006,,0.0,0.0,0.0,,,,,0.0,0.0,30.0,-9.999999974752427e-07,-1.3000000080864993e-06,0.02,79.0,36.5,2
26729,SO-0501,ASI Nidhi Vaghela,ASI,35,2026-07-18 12:55:21+00:00,97.0,88.0,,21.0179999,73.1410948,26.0,-0.901,-0.273,-0.247,,0.0,0.0,0.0,,,,,0.0,0.0,29.0,-1.100000002196566e-06,-8.999999892012056e-07,0.02,88.0,36.5,2
26733,SO-0501,ASI Nidhi Vaghela,ASI,35,2026-07-18 12:55:52+00:00,99.0,88.0,,21.0180045,73.1410994,25.600000381469727,-0.904,-0.308,-0.224,,0.0,0.0,0.0,,,,,0.0,0.0,31.0,4.600000000465343e-06,4.599999996912629e-06,0.08,88.0,36.5,2
26737,SO-0501,ASI Nidhi Vaghela,ASI,35,2026-07-18 12:56:21+00:00,100.0,88.0,,21.0180031,73.1410952,25.899999618530273,-0.913,-0.27,-0.163,,0.0,0.0,0.0,,,,,0.0,0.0,29.0,-1.399999998596968e-06,-4.200000006449045e-06,0.06,88.0,36.5,2
26741,SO-0501,ASI Nidhi Vaghela,ASI,35,2026-07-18 12:56:52+00:00,87.0,87.0,,21.0180015,73.1410977,26.0,-0.905,-0.236,-0.269,,0.0,0.0,0.0,,,,,0.0,0.0,31.0,-1.6000000009341877e-06,2.5000000078989615e-06,0.04,87.0,36.5,0
26745,SO-0501,ASI Nidhi Vaghela,ASI,35,2026-07-18 12:57:21+00:00,83.0,65.0,,21.018,73.1410988,25.600000381469727,-0.898,-0.302,-0.206,,0.0,0.0,0.0,,,,,0.0,0.0,29.0,-1.4999999997655775e-06,1.099999991538425e-06,0.03,65.0,36.5,0
26749,SO-0501,ASI Nidhi Vaghela,ASI,35,2026-07-18 12:57:52+00:00,88.0,86.0,,21.0179995,73.1410973,26.0,-0.886,-0.282,-0.206,,0.0,0.0,0.0,,,,,0.0,0.0,31.0,-5.00000002290335e-07,-1.499999996212864e-06,0.02,86.0,36.5,0
26753,SO-0501,ASI Nidhi Vaghela,ASI,35,2026-07-18 12:58:21+00:00,100.0,88.0,,21.0180024,73.1411006,26.0,-0.896,-0.369,-0.206,,0.0,0.0,0.0,,,,,0.0,0.0,29.0,2.900000001915259e-06,3.3000000030369847e-06,0.06,88.0,36.5,2
26757,SO-0501,ASI Nidhi Vaghela,ASI,35,2026-07-18 12:58:51+00:00,99.0,88.0,,21.0180037,73.1411017,26.0,-0.888,-0.343,-0.114,,0.0,0.0,0.0,,,,,0.0,0.0,30.0,1.300000000981072e-06,1.099999991538425e-06,0.02,88.0,36.5,2
26762,SO-0501,ASI Nidhi Vaghela,ASI,35,2026-07-18 12:59:24+00:00,95.0,88.0,,21.0180009,73.1411043,25.799999237060547,-0.002,-0.976,0.355,,0.0,0.0,0.0,,,,,0.0,0.0,33.0,-2.8000000007466497e-06,2.600000001962144e-06,0.04,88.0,36.5,2
26765,SO-0501,ASI Nidhi Vaghela,ASI,35,2026-07-18 12:59:52+00:00,80.0,88.0,,21.0179996,73.1411059,25.799999237060547,-0.148,-0.945,0.317,,0.0,0.0,0.0,,,,,0.0,0.0,28.0,-1.300000000981072e-06,1.6000000044869012e-06,0.03,88.0,36.5,0
26769,SO-0501,ASI Nidhi Vaghela,ASI,35,2026-07-18 13:00:22+00:00,80.0,84.0,,21.0180004,73.1411098,25.799999237060547,-0.138,-0.948,0.356,,0.0,0.0,0.0,,,,,0.0,0.0,30.0,7.999999986907369e-07,3.8999999958377884e-06,0.05,84.0,36.5,0
26773,SO-0501,ASI Nidhi Vaghela,ASI,35,2026-07-18 13:00:51+00:00,80.0,87.0,,21.0180018,73.141112,26.0,-0.068,-0.97,0.314,,0.0,0.0,0.0,,,,,0.0,0.0,29.0,1.4000000021496817e-06,2.2000000114985596e-06,0.03,87.0,36.5,0
26777,SO-0501,ASI Nidhi Vaghela,ASI,35,2026-07-18 13:01:22+00:00,80.0,88.0,,21.0180026,73.1411122,25.600000381469727,-0.121,-0.93,0.352,,0.0,0.0,0.0,,,,,0.0,0.0,31.0,7.999999986907369e-07,1.9999998812636477e-07,0.01,88.0,36.5,0
26781,SO-0501,ASI Nidhi Vaghela,ASI,35,2026-07-18 13:01:52+00:00,80.0,88.0,,21.0180008,73.1411123,26.399999618530273,-0.811,-0.301,-0.369,,0.0,0.0,0.0,,,,,0.0,0.0,30.0,-1.7999999997186933e-06,1.000000082740371e-07,0.02,88.0,36.5,0
26785,SO-0501,ASI Nidhi Vaghela,ASI,35,2026-07-18 13:02:22+00:00,100.0,88.0,,21.0180019,73.141113,26.0,-0.212,-0.934,0.367,,0.0,0.0,0.0,,,,,0.0,0.0,30.0,1.100000002196566e-06,7.000000010748408e-07,0.02,88.0,36.5,2
26789,SO-0501,ASI Nidhi Vaghela,ASI,35,2026-07-18 13:02:52+00:00,87.0,88.0,,21.0180593,73.1409434,26.399999618530273,-0.723,-0.489,-0.393,,0.0,0.0,0.0,,,,,0.0,0.0,30.0,5.739999999931911e-05,-0.0001696000000066,2.24,88.0,36.5,0
26793,SO-0501,ASI Nidhi Vaghela,ASI,35,2026-07-18 13:03:23+00:00,90.0,88.0,,21.0181878,73.1412922,26.0,-0.505,-0.264,0.948,,0.0,0.0,0.0,,,,,0.0,0.0,31.0,0.0001284999999988,0.0003487999999975,4.51,88.0,36.5,1
26797,SO-0501,ASI Nidhi Vaghela,ASI,35,2026-07-18 13:03:51+00:00,82.0,88.0,,21.0180064,73.1411143,26.0,-0.843,-0.281,-0.533,,0.0,0.0,0.0,,,,,0.0,0.0,28.0,-0.0001813999999988,-0.000177899999997,3.51,88.0,36.5,0
26801,SO-0501,ASI Nidhi Vaghela,ASI,35,2026-07-18 13:04:23+00:00,84.0,88.0,,21.0180227,73.1410144,26.399999618530273,-2.0,-0.177,-0.395,,0.0,0.0,0.0,,,,,0.0,0.0,32.0,1.629999999863685e-05,-9.989999999504562e-05,1.18,88.0,36.5,1
26805,SO-0501,ASI Nidhi Vaghela,ASI,35,2026-07-18 13:04:52+00:00,87.0,84.0,,21.0177658,73.1410404,27.0,-0.529,-0.559,0.645,,0.0,0.0,0.0,,,,,0.0,0.0,29.0,-0.0002569000000001,2.599999999119973e-05,3.56,84.0,36.5,1
26809,SO-0501,ASI Nidhi Vaghela,ASI,35,2026-07-18 13:05:23+00:00,93.0,79.0,,21.0175022,73.1413039,27.0,-0.482,-0.416,0.975,,0.0,0.0,0.0,,,,,0.0,0.0,31.0,-0.0002636000000002,0.0002635000000026,4.65,79.0,36.5,1
26813,SO-0501,ASI Nidhi Vaghela,ASI,35,2026-07-18 13:05:51+00:00,85.0,82.0,,21.0173189,73.1415269,29.600000381469727,-0.993,-0.546,1.141,,0.0,0.0,0.0,,,,,0.0,0.0,28.0,-0.0001832999999997,0.0002230000000054,3.96,82.0,36.5,1
26817,SO-0501,ASI Nidhi Vaghela,ASI,35,2026-07-18 13:06:22+00:00,81.0,88.0,,21.0175004,73.1413408,29.600000381469727,-0.986,-0.12,0.876,,0.0,0.0,0.0,,,,,0.0,0.0,31.0,0.0001815,-0.0001861000000076,3.24,88.0,36.5,1
26822,SO-0501,ASI Nidhi Vaghela,ASI,35,2026-07-18 13:06:54+00:00,87.0,88.0,,21.0175915,73.1412321,29.600000381469727,-0.749,0.559,0.454,,0.0,0.0,0.0,,,,,0.0,0.0,32.0,9.110000000234209e-05,-0.0001086999999984,1.7,88.0,36.5,0
26825,SO-0501,ASI Nidhi Vaghela,ASI,35,2026-07-18 13:07:23+00:00,86.0,88.0,,21.0175511,73.1412675,29.600000381469727,-0.548,-1.106,0.043,,0.0,0.0,0.0,,,,,0.0,0.0,29.0,-4.040000000316013e-05,3.540000000157306e-05,0.72,88.0,36.5,0
26829,SO-0501,ASI Nidhi Vaghela,ASI,35,2026-07-18 13:07:52+00:00,83.0,81.0,,21.0175699,73.1413027,29.600000381469727,-0.325,-0.926,-0.047,,0.0,0.0,0.0,,,,,0.0,0.0,29.0,1.8800000002983097e-05,3.519999999923584e-05,0.52,81.0,36.5,0
26833,SO-0501,ASI Nidhi Vaghela,ASI,35,2026-07-18 13:08:22+00:00,90.0,83.0,,21.0175742,73.1413135,29.600000381469727,-0.31,-0.947,0.066,,0.0,0.0,0.0,,,,,0.0,0.0,30.0,4.299999996959514e-06,1.079999999831216e-05,0.15,83.0,36.5,0
26837,SO-0501,ASI Nidhi Vaghela,ASI,35,2026-07-18 13:08:52+00:00,100.0,88.0,,21.017578,73.141301,31.200000762939453,-0.36,-0.905,-0.043,,0.0,0.0,0.0,,,,,0.0,0.0,30.0,3.800000001774606e-06,-1.2499999996862243e-05,0.16,88.0,36.5,2
26841,SO-0501,ASI Nidhi Vaghela,ASI,35,2026-07-18 13:09:22+00:00,86.0,88.0,,21.0175769,73.1412922,29.600000381469727,-0.384,-0.728,0.609,,0.0,0.0,0.0,,,,,0.0,0.0,30.0,-1.0999999986438525e-06,-8.800000003361674e-06,0.11,88.0,36.5,0
26845,SO-0501,ASI Nidhi Vaghela,ASI,35,2026-07-18 13:09:52+00:00,100.0,88.0,,21.0175764,73.1412867,29.600000381469727,-0.128,-1.265,0.104,,0.0,0.0,0.0,,,,,0.0,0.0,30.0,-5.00000002290335e-07,-5.50000000032469e-06,0.07,88.0,36.5,2
26849,SO-0501,ASI Nidhi Vaghela,ASI,35,2026-07-18 13:10:22+00:00,100.0,88.0,,21.0175741,73.1412887,29.600000381469727,-0.534,-0.529,-0.442,,0.0,0.0,0.0,,,,,0.0,0.0,30.0,-2.2999999984563142e-06,2.00000000916134e-06,0.04,88.0,36.5,2
26853,SO-0501,ASI Nidhi Vaghela,ASI,35,2026-07-18 13:10:52+00:00,80.0,88.0,,21.017574,73.1412893,31.200000762939453,-0.977,-0.18,0.18,,0.0,0.0,0.0,,,,,0.0,0.0,30.0,-1.0000000116860974e-07,5.999999928008037e-07,0.01,88.0,36.5,0
26857,SO-0501,ASI Nidhi Vaghela,ASI,35,2026-07-18 13:11:21+00:00,93.0,86.0,,21.0175755,73.1412878,29.600000381469727,-0.547,-0.573,0.665,,0.0,0.0,0.0,,,,,0.0,0.0,29.0,1.4999999997655775e-06,-1.499999996212864e-06,0.03,86.0,36.5,2
26861,SO-0501,ASI Nidhi Vaghela,ASI,35,2026-07-18 13:11:52+00:00,83.0,84.0,,21.0175758,73.1412868,29.600000381469727,-0.749,0.496,0.522,,0.0,0.0,0.0,,,,,0.0,0.0,31.0,2.999999999531156e-07,-9.999999974752427e-07,0.01,84.0,36.5,0
26865,SO-0501,ASI Nidhi Vaghela,ASI,35,2026-07-18 13:12:21+00:00,90.0,88.0,,21.0175771,73.1412876,29.600000381469727,-0.56,0.586,0.666,,0.0,0.0,0.0,,,,,0.0,0.0,29.0,1.300000000981072e-06,7.999999951380232e-07,0.02,88.0,36.5,0
26869,SO-0501,ASI Nidhi Vaghela,ASI,35,2026-07-18 13:12:52+00:00,87.0,77.0,,21.0175759,73.1412863,29.600000381469727,-0.917,-0.375,-0.082,,0.0,0.0,0.0,,,,,0.0,0.0,31.0,-1.1999999998124622e-06,-1.2999999938756446e-06,0.02,77.0,36.5,0
26873,SO-0501,ASI Nidhi Vaghela,ASI,35,2026-07-18 13:13:22+00:00,84.0,88.0,,21.0175761,73.141285,31.200000762939453,-0.593,-0.573,0.351,,0.0,0.0,0.0,,,,,0.0,0.0,30.0,1.999999987845058e-07,-1.3000000080864993e-06,0.02,88.0,36.5,0
26876,SO-0501,ASI Nidhi Vaghela,ASI,35,2026-07-18 13:13:52+00:00,81.0,88.0,,21.0175771,73.1412846,31.200000762939453,-0.218,0.374,0.998,,0.0,0.0,0.0,,,,,0.0,0.0,30.0,1.0000000010279564e-06,-3.9999999046358425e-07,0.01,88.0,36.5,0
26881,SO-0501,ASI Nidhi Vaghela,ASI,35,2026-07-18 13:14:22+00:00,86.0,80.0,,21.0175768,73.1412838,29.600000381469727,-0.121,-0.569,0.897,,0.0,0.0,0.0,,,,,0.0,0.0,30.0,-2.999999999531156e-07,-8.000000093488779e-07,0.01,80.0,36.5,0
26885,SO-0501,ASI Nidhi Vaghela,ASI,35,2026-07-18 13:14:53+00:00,83.0,59.0,,21.0175745,73.1412801,29.600000381469727,-0.416,0.679,0.703,,0.0,0.0,0.0,,,,,0.0,0.0,31.0,-2.3000000020090283e-06,-3.699999993500569e-06,0.05,59.0,36.5,0
26889,SO-0501,ASI Nidhi Vaghela,ASI,35,2026-07-18 13:15:22+00:00,84.0,83.0,,21.0175751,73.1412812,29.600000381469727,-0.41,0.677,0.707,,0.0,0.0,0.0,,,,,0.0,0.0,29.0,5.999999999062311e-07,1.099999991538425e-06,0.02,83.0,36.5,0
26893,SO-0501,ASI Nidhi Vaghela,ASI,35,2026-07-18 13:15:51+00:00,92.0,74.0,,21.017574,73.1412839,29.600000381469727,-0.815,0.381,0.929,,0.0,0.0,0.0,,,,,0.0,0.0,29.0,-1.0999999986438525e-06,2.700000010236181e-06,0.04,74.0,36.5,2
26896,SO-0501,ASI Nidhi Vaghela,ASI,35,2026-07-18 13:16:21+00:00,88.0,84.0,,21.0175733,73.1412849,29.600000381469727,-0.814,0.415,0.583,,0.0,0.0,0.0,,,,,0.0,0.0,30.0,-7.000000010748408e-07,9.999999974752427e-07,0.02,84.0,36.5,0
26899,SO-0501,ASI Nidhi Vaghela,ASI,35,2026-07-18 13:16:51+00:00,96.0,88.0,,21.0175729,73.1412837,31.200000762939453,0.953,0.614,0.937,,0.0,0.0,0.0,,,,,0.0,0.0,30.0,-3.999999975690116e-07,-1.1999999998124622e-06,0.02,88.0,36.5,2
26903,SO-0501,ASI Nidhi Vaghela,ASI,35,2026-07-18 13:17:22+00:00,84.0,69.0,,21.0175728,73.1412848,31.200000762939453,-0.829,0.508,0.998,,0.0,0.0,0.0,,,,,0.0,0.0,31.0,-1.0000000116860974e-07,1.099999991538425e-06,0.01,69.0,36.5,0
26907,SO-0501,ASI Nidhi Vaghela,ASI,35,2026-07-18 13:17:52+00:00,93.0,86.0,,21.0175727,73.1412861,31.200000762939453,-0.388,0.869,0.348,,0.0,0.0,0.0,,,,,0.0,0.0,30.0,-1.0000000116860974e-07,1.3000000080864993e-06,0.02,86.0,36.5,2
26911,SO-0501,ASI Nidhi Vaghela,ASI,35,2026-07-18 13:18:22+00:00,93.0,87.0,,21.0175731,73.1412875,29.600000381469727,-0.302,-0.22,1.063,,0.0,0.0,0.0,,,,,0.0,0.0,30.0,4.000000011217253e-07,1.4000000021496817e-06,0.02,87.0,36.5,2
26916,SO-0501,ASI Nidhi Vaghela,ASI,35,2026-07-18 13:18:53+00:00,91.0,82.0,,21.0175734,73.1412879,29.600000381469727,-0.57,0.877,-0.166,,0.0,0.0,0.0,,,,,0.0,0.0,31.0,2.999999999531156e-07,3.9999999046358425e-07,0.01,82.0,36.5,2
26919,SO-0501,ASI Nidhi Vaghela,ASI,35,2026-07-18 13:19:23+00:00,93.0,75.0,,21.0175743,73.1412886,31.200000762939453,-0.35,0.949,0.262,,0.0,0.0,0.0,,,,,0.0,0.0,30.0,8.999999998593466e-07,7.000000010748408e-07,0.01,75.0,36.5,2
26923,SO-0501,ASI Nidhi Vaghela,ASI,35,2026-07-18 13:19:52+00:00,96.0,88.0,,21.0175738,73.1412875,31.200000762939453,-0.823,-0.303,-0.421,,0.0,0.0,0.0,,,,,0.0,0.0,29.0,-4.999999987376214e-07,-1.099999991538425e-06,0.02,88.0,36.5,2
26927,SO-0501,ASI Nidhi Vaghela,ASI,35,2026-07-18 13:20:23+00:00,88.0,88.0,,21.0180171,73.1409768,28.299999237060547,-0.688,0.861,0.285,,0.0,0.0,0.0,,,,,0.0,0.0,31.0,0.0004433000000005,-0.0003106999999999,6.83,88.0,36.5,1
26931,SO-0501,ASI Nidhi Vaghela,ASI,35,2026-07-18 13:20:52+00:00,95.0,88.0,,21.0175721,73.1412881,28.299999237060547,-0.289,0.487,-0.753,,0.0,0.0,0.0,,,,,0.0,0.0,29.0,-0.0004450000000026,0.0003112999999927,7.32,88.0,36.5,1
26935,SO-0501,ASI Nidhi Vaghela,ASI,35,2026-07-18 13:21:22+00:00,98.0,85.0,,21.0175719,73.1412875,29.600000381469727,-0.72,-0.406,0.632,,0.0,0.0,0.0,,,,,0.0,0.0,30.0,-1.999999987845058e-07,-5.999999928008037e-07,0.01,85.0,36.5,2
26939,SO-0501,ASI Nidhi Vaghela,ASI,35,2026-07-18 13:21:52+00:00,84.0,88.0,,21.0175707,73.1412866,28.299999237060547,-0.756,-0.38,0.673,,0.0,0.0,0.0,,,,,0.0,0.0,30.0,-1.1999999998124622e-06,-9.000000034120603e-07,0.02,88.0,36.5,0
26943,SO-0501,ASI Nidhi Vaghela,ASI,35,2026-07-18 13:22:22+00:00,95.0,84.0,,21.0175693,73.1412874,28.299999237060547,-0.462,0.995,0.261,,0.0,0.0,0.0,,,,,0.0,0.0,30.0,-1.399999998596968e-06,7.999999951380232e-07,0.02,84.0,36.5,2
26947,SO-0501,ASI Nidhi Vaghela,ASI,35,2026-07-18 13:22:51+00:00,93.0,86.0,,21.0175678,73.141289,29.600000381469727,-0.107,0.591,-0.719,,0.0,0.0,0.0,,,,,0.0,0.0,29.0,-1.5000000033182914e-06,1.6000000044869012e-06,0.03,86.0,36.5,2
26951,SO-0501,ASI Nidhi Vaghela,ASI,35,2026-07-18 13:23:22+00:00,93.0,56.0,,21.0175666,73.1412896,29.600000381469727,-0.159,0.589,-0.729,,0.0,0.0,0.0,,,,,0.0,0.0,31.0,-1.1999999998124622e-06,5.999999928008037e-07,0.02,56.0,36.5,2
26955,SO-0501,ASI Nidhi Vaghela,ASI,35,2026-07-18 13:23:51+00:00,93.0,84.0,,21.017565,73.1412899,29.600000381469727,-0.409,0.912,0.229,,0.0,0.0,0.0,,,,,0.0,0.0,29.0,-1.5999999973814738e-06,3.000000106112566e-07,0.02,84.0,36.5,2
26959,SO-0501,ASI Nidhi Vaghela,ASI,35,2026-07-18 13:24:22+00:00,93.0,83.0,,21.0175637,73.1412928,29.600000381469727,-0.332,0.932,0.071,,0.0,0.0,0.0,,,,,0.0,0.0,31.0,-1.300000000981072e-06,2.8999999983625457e-06,0.04,83.0,36.5,2
26963,SO-0501,ASI Nidhi Vaghela,ASI,35,2026-07-18 13:24:52+00:00,82.0,86.0,,21.0175623,73.1412954,29.600000381469727,-0.283,0.55,-0.72,,0.0,0.0,0.0,,,,,0.0,0.0,30.0,-1.399999998596968e-06,2.600000001962144e-06,0.04,86.0,36.5,0
26967,SO-0501,ASI Nidhi Vaghela,ASI,35,2026-07-18 13:25:22+00:00,98.0,82.0,,21.0174057,73.1414453,29.600000381469727,-0.788,0.553,-0.157,,0.0,0.0,0.0,,,,,0.0,0.0,30.0,-0.0001566000000003,0.0001498999999967,2.8,82.0,36.5,2
26972,SO-0501,ASI Nidhi Vaghela,ASI,35,2026-07-18 13:25:54+00:00,96.0,77.0,,21.0177459,73.1410456,29.600000381469727,-0.171,1.236,0.461,,0.0,0.0,0.0,,,,,0.0,0.0,32.0,0.0003402000000001,-0.0003997000000026,6.3,77.0,36.5,1
26976,SO-0501,ASI Nidhi Vaghela,ASI,35,2026-07-18 13:26:24+00:00,87.0,87.0,,21.0172996,73.1413025,29.600000381469727,-0.959,-0.081,0.336,,0.0,0.0,0.0,,,,,0.0,0.0,30.0,-0.0004463000000001,0.0002568999999965,6.75,87.0,36.5,1
26980,SO-0501,ASI Nidhi Vaghela,ASI,35,2026-07-18 13:26:54+00:00,99.0,88.0,,21.0173362,73.1413512,29.600000381469727,-0.945,-0.176,0.351,,0.0,0.0,0.0,,,,,0.0,0.0,30.0,3.659999999783281e-05,4.870000000778418e-05,0.78,88.0,36.5,2
26984,SO-0501,ASI Nidhi Vaghela,ASI,35,2026-07-18 13:27:24+00:00,91.0,86.0,,21.0173467,73.1415014,29.600000381469727,-0.949,-0.211,0.02,,0.0,0.0,0.0,,,,,0.0,0.0,30.0,1.0500000001911758e-05,0.0001501999999931,1.87,86.0,36.5,2
26988,SO-0501,ASI Nidhi Vaghela,ASI,35,2026-07-18 13:27:55+00:00,97.0,88.0,,21.0196996,73.1425208,29.600000381469727,-0.96,-0.192,-0.074,,0.0,0.0,0.0,,,,,0.0,0.0,31.0,0.0023528999999982,0.0010194000000041,32.71,88.0,36.5,1
26992,SO-0501,ASI Nidhi Vaghela,ASI,35,2026-07-18 13:28:25+00:00,88.0,86.0,,21.0196996,73.1425208,29.600000381469727,-0.956,-0.201,-0.067,,0.0,0.0,0.0,,,,,0.0,0.0,30.0,0.0,0.0,0.0,86.0,36.5,0
26996,SO-0501,ASI Nidhi Vaghela,ASI,35,2026-07-18 13:28:55+00:00,93.0,87.0,,21.0196996,73.1425208,29.600000381469727,-0.988,-0.135,0.055,,0.0,0.0,0.0,,,,,0.0,0.0,30.0,0.0,0.0,0.0,87.0,36.5,2
27000,SO-0501,ASI Nidhi Vaghela,ASI,35,2026-07-18 13:29:25+00:00,94.0,88.0,,21.0119968,73.1377265,29.600000381469727,-0.963,-0.166,-0.129,,0.0,0.0,0.0,,,,,0.0,0.0,30.0,-0.0077028000000005,-0.0047943000000003,118.63,88.0,36.5,1
27004,SO-0501,ASI Nidhi Vaghela,ASI,35,2026-07-18 13:29:55+00:00,85.0,87.0,,21.0173468,73.1415006,29.600000381469727,-0.989,-0.14,0.064,,0.0,0.0,0.0,,,,,0.0,0.0,30.0,0.0053499999999999,0.0037741000000011,85.3,87.0,36.5,1
27008,SO-0501,ASI Nidhi Vaghela,ASI,35,2026-07-18 13:30:25+00:00,90.0,86.0,,21.0173432,73.1413783,29.600000381469727,-0.962,-0.123,0.104,,0.0,0.0,0.0,,,,,0.0,0.0,30.0,-3.5999999994373866e-06,-0.000122300000001,1.52,86.0,36.5,0
27012,SO-0501,ASI Nidhi Vaghela,ASI,35,2026-07-18 13:30:55+00:00,95.0,88.0,,21.0173455,73.1415017,29.600000381469727,-0.97,-0.144,-0.083,,0.0,0.0,0.0,,,,,0.0,0.0,30.0,2.3000000020090283e-06,0.0001234000000067,1.53,88.0,36.5,2
27016,SO-0501,ASI Nidhi Vaghela,ASI,35,2026-07-18 13:31:25+00:00,92.0,88.0,,21.019737,73.1428896,29.600000381469727,-0.276,-0.946,-0.032,,0.0,0.0,0.0,,,,,0.0,0.0,30.0,0.0023914999999981,0.0013878999999974,36.22,88.0,36.5,1
27020,SO-0501,ASI Nidhi Vaghela,ASI,35,2026-07-18 13:31:55+00:00,84.0,87.0,,21.0177459,73.1410456,29.600000381469727,-0.302,-0.691,0.203,,0.0,0.0,0.0,,,,,0.0,0.0,30.0,-0.0019910999999979,-0.0018440000000055,35.04,87.0,36.5,1
27023,SO-0501,ASI Nidhi Vaghela,ASI,35,2026-07-18 13:32:22+00:00,84.0,85.0,,21.0175447,73.1412673,29.600000381469727,-0.581,1.017,0.38,,0.0,0.0,0.0,,,,,0.0,0.0,27.0,-0.0002012000000028,0.0002216999999973,4.27,85.0,36.5,0
27027,SO-0501,ASI Nidhi Vaghela,ASI,35,2026-07-18 13:32:51+00:00,86.0,88.0,,21.0173921,73.1413123,29.600000381469727,-1.462,-0.075,0.423,,0.0,0.0,0.0,,,,,0.0,0.0,29.0,-0.0001525999999998,4.500000000007276e-05,2.18,88.0,36.5,0
27031,SO-0501,ASI Nidhi Vaghela,ASI,35,2026-07-18 13:33:21+00:00,93.0,88.0,,21.0173774,73.1413899,29.600000381469727,-0.189,-0.163,0.893,,0.0,0.0,0.0,,,,,0.0,0.0,30.0,-1.4699999997702662e-05,7.759999999734646e-05,0.98,88.0,36.5,2
27035,SO-0501,ASI Nidhi Vaghela,ASI,35,2026-07-18 13:33:53+00:00,80.0,84.0,,21.0173671,73.1413419,29.600000381469727,0.122,-0.138,1.002,,0.0,0.0,0.0,,,,,0.0,0.0,32.0,-1.0299999999574538e-05,-4.799999999249849e-05,0.57,84.0,36.5,0
27038,SO-0501,ASI Nidhi Vaghela,ASI,35,2026-07-18 13:34:21+00:00,90.0,82.0,,21.0175926,73.1419992,28.100000381469727,-0.228,0.583,-0.684,,0.0,0.0,0.0,,,,,0.0,0.0,28.0,0.0002254999999991,0.0006573000000003,9.32,82.0,36.5,1
27042,SO-0501,ASI Nidhi Vaghela,ASI,35,2026-07-18 13:34:52+00:00,91.0,65.0,,21.0173619,73.1413479,28.100000381469727,-0.628,0.39,-0.639,,0.0,0.0,0.0,,,,,0.0,0.0,31.0,-0.0002306999999994,-0.0006513000000012,8.38,65.0,36.5,1
27047,SO-0501,ASI Nidhi Vaghela,ASI,35,2026-07-18 13:35:23+00:00,94.0,85.0,,21.0173588,73.1413541,28.100000381469727,-0.31,0.954,0.716,,0.0,0.0,0.0,,,,,0.0,0.0,31.0,-3.1000000006997652e-06,6.2000000013995304e-06,0.08,85.0,36.5,2
27050,SO-0501,ASI Nidhi Vaghela,ASI,35,2026-07-18 13:35:52+00:00,82.0,74.0,,21.0173571,73.1413645,28.100000381469727,-0.822,0.533,0.271,,0.0,0.0,0.0,,,,,0.0,0.0,29.0,-1.6999999985500835e-06,1.039999999363772e-05,0.14,74.0,36.5,0
27054,SO-0501,ASI Nidhi Vaghela,ASI,35,2026-07-18 13:36:22+00:00,98.0,84.0,,21.0173667,73.1413612,29.600000381469727,-0.887,0.179,0.56,,0.0,0.0,0.0,,,,,0.0,0.0,30.0,9.599999998499698e-06,-3.29999998882613e-06,0.13,84.0,36.5,2
27058,SO-0501,ASI Nidhi Vaghela,ASI,35,2026-07-18 13:36:52+00:00,98.0,82.0,,21.0173635,73.1413694,29.600000381469727,-0.374,0.46,-0.618,,0.0,0.0,0.0,,,,,0.0,0.0,30.0,-3.200000001868375e-06,8.199999996350016e-06,0.11,82.0,36.5,2
27062,SO-0501,ASI Nidhi Vaghela,ASI,35,2026-07-18 13:37:21+00:00,93.0,86.0,,21.017365,73.1413714,29.600000381469727,-0.794,0.541,0.415,,0.0,0.0,0.0,,,,,0.0,0.0,29.0,1.5000000033182914e-06,1.9999999949504854e-06,0.03,86.0,36.5,2
27066,SO-0501,ASI Nidhi Vaghela,ASI,35,2026-07-18 13:37:51+00:00,85.0,88.0,,21.01737,73.1413694,29.600000381469727,-0.889,-0.327,-0.19,,0.0,0.0,0.0,,,,,0.0,0.0,30.0,4.9999999980343546e-06,-1.9999999949504854e-06,0.07,88.0,36.5,0
27071,SO-0501,ASI Nidhi Vaghela,ASI,35,2026-07-18 13:38:24+00:00,94.0,88.0,,21.0173829,73.1413502,29.799999237060547,-0.878,-0.124,-0.358,,0.0,0.0,0.0,,,,,0.0,0.0,33.0,1.2900000001536682e-05,-1.9199999996999395e-05,0.27,88.0,36.5,2
27074,SO-0501,ASI Nidhi Vaghela,ASI,35,2026-07-18 13:38:51+00:00,84.0,88.0,,21.0173844,73.1413515,29.600000381469727,-0.92,-0.202,-0.224,,0.0,0.0,0.0,,,,,0.0,0.0,27.0,1.4999999997655775e-06,1.2999999938756446e-06,0.03,88.0,36.5,0
27078,SO-0501,ASI Nidhi Vaghela,ASI,35,2026-07-18 13:39:22+00:00,81.0,88.0,,21.0173462,73.1415076,29.600000381469727,-0.834,-0.579,-0.078,,0.0,0.0,0.0,,,,,0.0,0.0,31.0,-3.820000000231971e-05,0.0001560999999981,1.94,88.0,36.5,0
27082,SO-0501,ASI Nidhi Vaghela,ASI,35,2026-07-18 13:39:52+00:00,96.0,88.0,,21.017344,73.1415079,29.600000381469727,0.694,-0.458,0.361,,0.0,0.0,0.0,,,,,0.0,0.0,30.0,-2.199999997287705e-06,2.999999964004019e-07,0.03,88.0,36.5,2
27086,SO-0501,ASI Nidhi Vaghela,ASI,35,2026-07-18 13:40:22+00:00,91.0,81.0,,21.0176344,73.1404417,29.600000381469727,0.555,-0.647,0.444,,0.0,0.0,0.0,,,,,0.0,0.0,30.0,0.0002903999999972,-0.0010661999999967,13.8,81.0,36.5,1
27090,SO-0501,ASI Nidhi Vaghela,ASI,35,2026-07-18 13:40:52+00:00,84.0,86.0,,21.0171265,73.1395562,28.0,-0.434,0.19,0.962,,0.0,0.0,0.0,,,,,0.0,0.0,30.0,-0.0005078999999987,-0.0008854999999954,12.91,86.0,36.5,1
27095,SO-0501,ASI Nidhi Vaghela,ASI,35,2026-07-18 13:41:23+00:00,89.0,62.0,,21.0171075,73.1392184,27.0,0.263,0.255,1.101,,0.0,0.0,0.0,,,,,0.0,0.0,31.0,-1.899999999821489e-05,-0.0003377999999969,4.07,62.0,36.5,0
27098,SO-0501,ASI Nidhi Vaghela,ASI,35,2026-07-18 13:41:51+00:00,97.0,86.0,,21.0174531,73.1381314,27.0,-0.788,-0.347,0.648,,0.0,0.0,0.0,,,,,0.0,0.0,28.0,0.0003455999999992,-0.0010869999999982,15.29,86.0,36.5,1
27102,SO-0501,ASI Nidhi Vaghela,ASI,35,2026-07-18 13:42:21+00:00,97.0,87.0,,21.0180982,73.1366796,24.799999237060547,-0.734,0.612,0.574,,0.0,0.0,0.0,,,,,0.0,0.0,30.0,0.0006450999999998,-0.0014518000000123,19.98,87.0,36.5,1
27106,SO-0501,ASI Nidhi Vaghela,ASI,35,2026-07-18 13:42:52+00:00,96.0,88.0,,21.0183294,73.1350172,20.899999618530273,-0.872,0.007,0.619,,0.0,0.0,0.0,,,,,0.0,0.0,31.0,0.0002311999999982,-0.0016624000000007,20.21,88.0,36.5,1
27110,SO-0501,ASI Nidhi Vaghela,ASI,35,2026-07-18 13:43:23+00:00,95.0,85.0,,21.0198666,73.1342179,20.899999618530273,-0.703,-0.685,0.125,,0.0,0.0,0.0,,,,,0.0,0.0,31.0,0.0015372000000013,-0.000799299999997,22.02,85.0,36.5,1
27114,SO-0501,ASI Nidhi Vaghela,ASI,35,2026-07-18 13:43:52+00:00,86.0,88.0,,21.0224352,73.1335349,20.899999618530273,-0.086,-1.015,0.335,,0.0,0.0,0.0,,,,,0.0,0.0,29.0,0.0025686,-0.0006829999999951,36.47,88.0,36.5,1
27118,SO-0501,ASI Nidhi Vaghela,ASI,35,2026-07-18 13:44:23+00:00,86.0,88.0,,21.024671,73.1327544,20.899999618530273,0.082,-1.022,0.191,,0.0,0.0,0.0,,,,,0.0,0.0,31.0,0.0022358000000011,-0.0007805000000047,30.31,88.0,36.5,1
27121,SO-0501,ASI Nidhi Vaghela,ASI,35,2026-07-18 13:44:51+00:00,100.0,87.0,,21.0274083,73.1324691,33.69999980926514,-0.685,0.648,0.422,,0.0,0.0,0.0,,,,,0.0,0.0,28.0,0.0027372999999997,-0.0002853000000015,39.25,87.0,36.5,1
27124,SO-0501,ASI Nidhi Vaghela,ASI,35,2026-07-18 13:45:22+00:00,81.0,88.0,,21.0308701,73.132469,33.69999980926514,-0.619,0.003,0.897,,0.0,0.0,0.0,,,,,0.0,0.0,31.0,0.0034618000000001,-9.999999406318238e-08,44.62,88.0,36.5,1
27127,SO-0501,ASI Nidhi Vaghela,ASI,35,2026-07-18 13:45:51+00:00,85.0,88.0,,21.0344034,73.1325026,33.69999980926514,-0.543,0.044,0.762,,0.0,0.0,0.0,,,,,0.0,0.0,29.0,0.0035332999999972,3.359999999474894e-05,48.69,88.0,36.5,1
27130,SO-0501,ASI Nidhi Vaghela,ASI,35,2026-07-18 13:46:21+00:00,89.0,88.0,,21.0387041,73.132305,33.69999980926514,-0.51,0.287,0.856,,0.0,0.0,0.0,,,,,0.0,0.0,30.0,0.0043007000000017,-0.0001975999999928,57.34,88.0,36.5,1
27133,SO-0501,ASI Nidhi Vaghela,ASI,35,2026-07-18 13:46:51+00:00,92.0,85.0,,21.0422058,73.1320838,33.69999980926514,1.477,0.138,0.865,,0.0,0.0,0.0,,,,,0.0,0.0,30.0,0.003501700000001,-0.0002211999999985,46.72,85.0,36.5,1
27136,SO-0501,ASI Nidhi Vaghela,ASI,35,2026-07-18 13:47:21+00:00,85.0,86.0,,21.0461794,73.1320202,33.69999980926514,-0.614,0.637,0.431,,0.0,0.0,0.0,,,,,0.0,0.0,30.0,0.0039735999999983,-6.360000000427135e-05,52.93,86.0,36.5,1
27139,SO-0501,ASI Nidhi Vaghela,ASI,35,2026-07-18 13:47:52+00:00,82.0,63.0,,21.0498958,73.1322658,33.69999980926514,0.112,0.384,0.981,,0.0,0.0,0.0,,,,,0.0,0.0,31.0,0.0037164000000018,0.0002455999999995,48.0,63.0,36.5,1
27141,SO-0501,ASI Nidhi Vaghela,ASI,35,2026-07-18 13:48:21+00:00,96.0,87.0,,21.0521996,73.1324856,33.69999980926514,-0.383,0.062,0.996,,0.0,0.0,0.0,,,,,0.0,0.0,29.0,0.0023037999999999,0.0002197999999964,31.87,87.0,36.5,1
27143,SO-0501,ASI Nidhi Vaghela,ASI,35,2026-07-18 13:48:51+00:00,93.0,88.0,,21.0543081,73.1325167,37.90000057220459,-0.651,0.017,0.878,,0.0,0.0,0.0,,,,,0.0,0.0,30.0,0.0021084999999985,3.1100000001060835e-05,28.09,88.0,36.5,1
27145,SO-0501,ASI Nidhi Vaghela,ASI,35,2026-07-18 13:49:21+00:00,84.0,88.0,,21.0580174,73.1325626,37.90000057220459,-0.234,0.244,0.888,,0.0,0.0,0.0,,,,,0.0,0.0,30.0,0.0037093000000005,4.590000000348482e-05,49.41,88.0,36.5,1
27147,SO-0501,ASI Nidhi Vaghela,ASI,35,2026-07-18 13:49:51+00:00,98.0,88.0,,21.0607927,73.1328196,37.90000057220459,-0.284,-0.217,0.064,,0.0,0.0,0.0,,,,,0.0,0.0,30.0,0.0027752999999997,0.0002570000000048,37.1,88.0,36.5,1
27149,SO-0501,ASI Nidhi Vaghela,ASI,35,2026-07-18 13:50:23+00:00,88.0,86.0,,21.0638413,73.1335202,37.90000057220459,-0.64,-0.669,-0.1,,0.0,0.0,0.0,,,,,0.0,0.0,32.0,0.0030485999999996,0.0007006000000018,38.93,86.0,36.5,1
27151,SO-0501,ASI Nidhi Vaghela,ASI,35,2026-07-18 13:50:52+00:00,92.0,83.0,,21.0660512,73.1340464,40.19999933242798,-0.49,0.683,0.859,,0.0,0.0,0.0,,,,,0.0,0.0,29.0,0.0022099000000004,0.0005261999999959,31.19,83.0,36.5,1
27153,SO-0501,ASI Nidhi Vaghela,ASI,35,2026-07-18 13:51:21+00:00,92.0,87.0,,21.0685651,73.1346098,44.89999961853027,-0.7,-0.796,-0.06,,0.0,0.0,0.0,,,,,0.0,0.0,29.0,0.0025139000000002,0.0005634000000043,35.39,87.0,36.5,1
27155,SO-0501,ASI Nidhi Vaghela,ASI,35,2026-07-18 13:51:51+00:00,97.0,88.0,,21.0712166,73.1346955,44.89999961853027,-0.826,-0.54,-0.009,,0.0,0.0,0.0,,,,,0.0,0.0,30.0,0.0026514999999989,8.569999999963329e-05,35.33,88.0,36.5,1
27157,SO-0501,ASI Nidhi Vaghela,ASI,35,2026-07-18 13:52:22+00:00,90.0,88.0,,21.073492,73.134567,44.89999961853027,-0.887,0.563,0.318,,0.0,0.0,0.0,,,,,0.0,0.0,31.0,0.002275400000002,-0.0001285000000024,29.37,88.0,36.5,1
27159,SO-0501,ASI Nidhi Vaghela,ASI,35,2026-07-18 13:52:52+00:00,90.0,88.0,,21.0759992,73.1344517,36.5,-0.14,0.109,0.926,,0.0,0.0,0.0,,,,,0.0,0.0,30.0,0.0025071999999966,-0.0001153000000044,33.43,88.0,36.5,1
27161,SO-0501,ASI Nidhi Vaghela,ASI,35,2026-07-18 13:53:22+00:00,93.0,84.0,,21.0792665,73.1337622,36.5,-0.518,-0.053,0.894,,0.0,0.0,0.0,,,,,0.0,0.0,30.0,0.0032673000000009,-0.0006894999999929,44.36,84.0,36.5,1
27163,SO-0501,ASI Nidhi Vaghela,ASI,35,2026-07-18 13:53:52+00:00,97.0,86.0,,21.0831184,73.1323442,36.5,-0.453,0.057,0.987,,0.0,0.0,0.0,,,,,0.0,0.0,30.0,0.0038519000000007,-0.001418000000001,54.25,86.0,36.5,1
27165,SO-0501,ASI Nidhi Vaghela,ASI,35,2026-07-18 13:54:21+00:00,96.0,87.0,,21.0851796,73.1316019,36.5,-0.388,0.207,0.821,,0.0,0.0,0.0,,,,,0.0,0.0,29.0,0.0020611999999999,-0.0007422999999988,29.96,87.0,36.5,1
27167,SO-0501,ASI Nidhi Vaghela,ASI,35,2026-07-18 13:54:51+00:00,92.0,84.0,,21.0874487,73.1307896,36.5,-0.936,-0.254,-0.191,,0.0,0.0,0.0,,,,,0.0,0.0,30.0,0.0022690999999994,-0.0008123000000068,31.86,84.0,36.5,1
27169,SO-0501,ASI Nidhi Vaghela,ASI,35,2026-07-18 13:55:21+00:00,82.0,88.0,,21.0899088,73.1286369,36.5,-0.992,0.653,0.408,,0.0,0.0,0.0,,,,,0.0,0.0,30.0,0.0024601000000004,-0.0021526999999963,42.3,88.0,36.5,1
27171,SO-0501,ASI Nidhi Vaghela,ASI,35,2026-07-18 13:55:52+00:00,97.0,88.0,,21.0924536,73.1263898,36.5,-0.563,0.01,0.967,,0.0,0.0,0.0,,,,,0.0,0.0,31.0,0.002544799999999,-0.0022471000000052,42.5,88.0,36.5,1
27173,SO-0501,ASI Nidhi Vaghela,ASI,35,2026-07-18 13:56:22+00:00,95.0,86.0,,21.0959876,73.1256207,36.5,-0.534,-0.033,0.921,,0.0,0.0,0.0,,,,,0.0,0.0,30.0,0.0035340000000019,-0.0007690999999994,48.03,86.0,36.5,1
27175,SO-0501,ASI Nidhi Vaghela,ASI,35,2026-07-18 13:56:52+00:00,81.0,88.0,,21.0988246,73.1250252,37.40000057220459,-0.36,0.533,1.06,,0.0,0.0,0.0,,,,,0.0,0.0,30.0,0.0028369999999995,-0.0005955000000028,38.51,88.0,36.5,1
27177,SO-0501,ASI Nidhi Vaghela,ASI,35,2026-07-18 13:57:21+00:00,100.0,84.0,,21.1000908,73.1237134,35.5,-0.493,-0.038,0.89,,0.0,0.0,0.0,,,,,0.0,0.0,29.0,0.0012661999999998,-0.0013117999999963,24.26,84.0,36.5,1
27179,SO-0501,ASI Nidhi Vaghela,ASI,35,2026-07-18 13:57:51+00:00,88.0,88.0,,21.1019587,73.1207454,34.40000057220459,-0.687,0.824,2.0,,0.0,0.0,0.0,,,,,0.0,0.0,30.0,0.0018679000000005,-0.0029679999999956,44.48,88.0,36.5,1
27181,SO-0501,ASI Nidhi Vaghela,ASI,35,2026-07-18 13:58:22+00:00,96.0,88.0,,21.1037433,73.1176331,33.60000038146973,-0.011,0.322,0.96,,0.0,0.0,0.0,,,,,0.0,0.0,31.0,0.0017846000000005,-0.0031122999999979,43.92,88.0,36.5,1
27183,SO-0501,ASI Nidhi Vaghela,ASI,35,2026-07-18 13:58:51+00:00,93.0,88.0,,21.1048341,73.1155298,33.60000038146973,-0.529,-0.019,0.921,,0.0,0.0,0.0,,,,,0.0,0.0,29.0,0.0010908,-0.0021033000000016,30.93,88.0,36.5,1
27185,SO-0501,ASI Nidhi Vaghela,ASI,35,2026-07-18 13:59:23+00:00,99.0,88.0,,21.1063652,73.1129657,33.60000038146973,-0.61,-0.085,0.905,,0.0,0.0,0.0,,,,,0.0,0.0,32.0,0.0015310999999975,-0.0025641000000007,35.46,88.0,36.5,1
27187,SO-0501,ASI Nidhi Vaghela,ASI,35,2026-07-18 13:59:53+00:00,89.0,83.0,,21.1066876,73.1122274,33.0,-0.308,0.265,0.851,,0.0,0.0,0.0,,,,,0.0,0.0,30.0,0.0003224000000017,-0.0007383000000089,10.13,83.0,36.5,1
27189,SO-0501,ASI Nidhi Vaghela,ASI,35,2026-07-18 14:00:23+00:00,99.0,84.0,,21.1078055,73.1116412,31.700000762939453,-0.521,0.071,0.952,,0.0,0.0,0.0,,,,,0.0,0.0,30.0,0.0011179000000005,-0.0005862000000007,16.58,84.0,36.5,1
27191,SO-0501,ASI Nidhi Vaghela,ASI,35,2026-07-18 14:00:52+00:00,90.0,87.0,,21.1109568,73.1111336,31.700000762939453,-0.604,-0.071,0.897,,0.0,0.0,0.0,,,,,0.0,0.0,29.0,0.0031512999999989,-0.0005075999999917,43.91,87.0,36.5,1
27193,SO-0501,ASI Nidhi Vaghela,ASI,35,2026-07-18 14:01:22+00:00,84.0,87.0,,21.1133568,73.1103318,31.700000762939453,-0.557,-0.068,0.903,,0.0,0.0,0.0,,,,,0.0,0.0,30.0,0.0023999999999979,-0.0008018000000049,33.48,87.0,36.5,1
27195,SO-0501,ASI Nidhi Vaghela,ASI,35,2026-07-18 14:01:51+00:00,84.0,88.0,,21.1154799,73.1090647,33.20000076293945,1.33,0.387,1.591,,0.0,0.0,0.0,,,,,0.0,0.0,29.0,0.0021231000000021,-0.0012670999999926,33.48,88.0,36.5,1
27198,SO-0501,ASI Nidhi Vaghela,ASI,35,2026-07-18 14:02:21+00:00,93.0,86.0,,21.1159325,73.1072729,32.89999961853027,-0.959,-0.322,-0.323,,0.0,0.0,0.0,,,,,0.0,0.0,30.0,0.0004525999999991,-0.0017918000000065,23.06,86.0,36.5,1
27200,SO-0501,ASI Nidhi Vaghela,ASI,35,2026-07-18 14:02:51+00:00,90.0,87.0,,21.115923,73.1050159,30.100000381469727,-0.622,-0.133,0.852,,0.0,0.0,0.0,,,,,0.0,0.0,30.0,-9.5000000008838e-06,-0.0022570000000001,28.04,87.0,36.5,1
27202,SO-0501,ASI Nidhi Vaghela,ASI,35,2026-07-18 14:03:21+00:00,82.0,76.0,,21.1159667,73.1024652,32.0,-0.979,0.62,0.702,,0.0,0.0,0.0,,,,,0.0,0.0,30.0,4.37000000026444e-05,-0.0025507000000004,31.69,76.0,36.5,1
27204,SO-0501,ASI Nidhi Vaghela,ASI,35,2026-07-18 14:03:51+00:00,84.0,88.0,,21.1165282,73.0991974,37.0,-0.53,-0.21,0.986,,0.0,0.0,0.0,,,,,0.0,0.0,30.0,0.0005614999999998,-0.0032678000000032,41.28,88.0,36.5,1
27206,SO-0501,ASI Nidhi Vaghela,ASI,35,2026-07-18 14:04:21+00:00,94.0,84.0,,21.1174486,73.0958758,37.10000038146973,-0.69,0.172,0.781,,0.0,0.0,0.0,,,,,0.0,0.0,30.0,0.0009203999999982,-0.0033215999999924,43.05,84.0,36.5,1
27208,SO-0501,ASI Nidhi Vaghela,ASI,35,2026-07-18 14:04:52+00:00,93.0,88.0,,21.1186524,73.0917631,36.40000057220459,-0.446,-0.021,0.931,,0.0,0.0,0.0,,,,,0.0,0.0,31.0,0.0012037999999989,-0.0041127000000074,51.82,88.0,36.5,1
27210,SO-0501,ASI Nidhi Vaghela,ASI,35,2026-07-18 14:05:21+00:00,93.0,88.0,,21.119821,73.0876199,36.40000057220459,-0.585,0.657,0.321,,0.0,0.0,0.0,,,,,0.0,0.0,29.0,0.0011686000000032,-0.0041431999999872,55.63,88.0,36.5,1
27212,SO-0501,ASI Nidhi Vaghela,ASI,35,2026-07-18 14:05:52+00:00,87.0,88.0,,21.1208113,73.0846808,36.80000019073486,-0.527,0.026,0.971,,0.0,0.0,0.0,,,,,0.0,0.0,31.0,0.000990299999998,-0.002939100000006,37.57,88.0,36.5,1
27214,SO-0501,ASI Nidhi Vaghela,ASI,35,2026-07-18 14:06:21+00:00,91.0,84.0,,21.1220751,73.0802601,37.30000019073486,-0.612,-0.11,0.746,,0.0,0.0,0.0,,,,,0.0,0.0,29.0,0.0012638000000002,-0.0044206999999971,59.42,84.0,36.5,1
27216,SO-0501,ASI Nidhi Vaghela,ASI,35,2026-07-18 14:06:53+00:00,93.0,87.0,,21.1238591,73.0745548,35.90000057220459,-1.022,-0.299,0.255,,0.0,0.0,0.0,,,,,0.0,0.0,32.0,0.0017840000000006,-0.0057053000000024,70.08,87.0,36.5,1
27218,SO-0501,ASI Nidhi Vaghela,ASI,35,2026-07-18 14:07:22+00:00,89.0,87.0,,21.1252318,73.0698967,35.10000038146973,-0.691,-0.75,-0.135,,0.0,0.0,0.0,,,,,0.0,0.0,29.0,0.001372700000001,-0.0046581000000003,62.78,87.0,36.5,1
27220,SO-0501,ASI Nidhi Vaghela,ASI,35,2026-07-18 14:07:51+00:00,85.0,85.0,,21.1264817,73.0657903,35.69999980926514,-0.53,-0.814,-0.072,,0.0,0.0,0.0,,,,,0.0,0.0,29.0,0.0012498999999976,-0.0041063999999977,55.51,85.0,36.5,1
27222,SO-0501,ASI Nidhi Vaghela,ASI,35,2026-07-18 14:08:22+00:00,88.0,83.0,,21.1281691,73.0611717,35.69999980926514,-0.666,-0.702,-0.029,,0.0,0.0,0.0,,,,,0.0,0.0,31.0,0.0016874000000015,-0.0046186000000005,59.63,83.0,36.5,1
27224,SO-0501,ASI Nidhi Vaghela,ASI,35,2026-07-18 14:08:50+00:00,94.0,88.0,,21.1292669,73.0577841,34.10000038146973,-0.667,-0.744,-0.076,,0.0,0.0,0.0,,,,,0.0,0.0,28.0,0.0010978000000001,-0.0033875999999963,47.73,88.0,36.5,1
27226,SO-0501,ASI Nidhi Vaghela,ASI,35,2026-07-18 14:09:23+00:00,91.0,88.0,,21.1310884,73.0524879,34.10000038146973,-0.709,-0.716,-0.033,,0.0,0.0,0.0,,,,,0.0,0.0,33.0,0.0018214999999983,-0.0052962000000036,63.75,88.0,36.5,1
27228,SO-0501,ASI Nidhi Vaghela,ASI,35,2026-07-18 14:09:51+00:00,98.0,88.0,,21.1325688,73.0482177,34.10000038146973,-0.589,-0.809,-0.017,,0.0,0.0,0.0,,,,,0.0,0.0,28.0,0.0014804000000019,-0.0042702000000076,60.64,88.0,36.5,1
27230,SO-0501,ASI Nidhi Vaghela,ASI,35,2026-07-18 14:10:22+00:00,85.0,88.0,,21.1340637,73.0442022,30.899999618530273,-0.636,-0.79,-0.069,,0.0,0.0,0.0,,,,,0.0,0.0,31.0,0.0014948999999973,-0.0040154999999941,51.98,88.0,36.5,1
27233,SO-0501,ASI Nidhi Vaghela,ASI,35,2026-07-18 14:10:51+00:00,88.0,88.0,,21.1353381,73.040799,32.0,-0.975,-0.258,-0.11,,0.0,0.0,0.0,,,,,0.0,0.0,29.0,0.0012743999999997,-0.0034031999999939,47.13,88.0,36.5,1
27240,SO-0501,ASI Nidhi Vaghela,ASI,35,2026-07-18 14:11:23+00:00,100.0,87.0,,21.1365924,73.038006,32.29999923706055,-0.665,-0.69,-0.087,,0.0,0.0,0.0,,,,,0.0,0.0,32.0,0.0012543000000029,-0.0027930000000111,36.1,87.0,36.5,1
27244,SO-0501,ASI Nidhi Vaghela,ASI,35,2026-07-18 14:11:50+00:00,93.0,88.0,,21.1384517,73.0341255,32.20000076293945,-0.676,-0.615,-0.024,,0.0,0.0,0.0,,,,,0.0,0.0,27.0,0.0018592999999995,-0.0038804999999939,60.22,88.0,36.5,1
27246,SO-0501,ASI Nidhi Vaghela,ASI,35,2026-07-18 14:12:21+00:00,91.0,81.0,,21.1402114,73.0317114,32.20000076293945,-0.647,0.586,0.426,,0.0,0.0,0.0,,,,,0.0,0.0,31.0,0.0017596999999973,-0.0024140999999957,36.84,81.0,36.5,1
27248,SO-0501,ASI Nidhi Vaghela,ASI,35,2026-07-18 14:12:51+00:00,88.0,78.0,,21.1419062,73.0285652,32.20000076293945,-1.026,0.845,1.26,,0.0,0.0,0.0,,,,,0.0,0.0,30.0,0.0016948000000027,-0.0031462000000033,45.14,78.0,36.5,1
27250,SO-0501,ASI Nidhi Vaghela,ASI,35,2026-07-18 14:13:22+00:00,90.0,85.0,,21.143571,73.0254927,29.600000381469727,-0.771,-0.586,0.35,,0.0,0.0,0.0,,,,,0.0,0.0,31.0,0.0016648000000003,-0.0030725000000018,42.72,85.0,36.5,1
27253,SO-0501,ASI Nidhi Vaghela,ASI,35,2026-07-18 14:13:52+00:00,84.0,88.0,,21.1454455,73.0227283,29.600000381469727,-0.574,-0.213,-0.131,,0.0,0.0,0.0,,,,,0.0,0.0,30.0,0.0018744999999995,-0.0027644000000037,42.46,88.0,36.5,1
27256,SO-0501,ASI Nidhi Vaghela,ASI,35,2026-07-18 14:14:21+00:00,86.0,88.0,,21.1474199,73.0192339,32.70000076293945,-0.74,0.371,0.635,,0.0,0.0,0.0,,,,,0.0,0.0,29.0,0.0019743999999981,-0.0034943999999939,52.51,88.0,36.5,1
27258,SO-0501,ASI Nidhi Vaghela,ASI,35,2026-07-18 14:14:51+00:00,87.0,85.0,,21.1496735,73.015319,32.70000076293945,-0.477,0.086,0.939,,0.0,0.0,0.0,,,,,0.0,0.0,30.0,0.0022535999999995,-0.003914899999998,57.15,85.0,36.5,1
27260,SO-0501,ASI Nidhi Vaghela,ASI,35,2026-07-18 14:15:22+00:00,92.0,88.0,,21.1516296,73.0113499,32.70000076293945,-0.575,0.043,0.903,,0.0,0.0,0.0,,,,,0.0,0.0,31.0,0.001956100000001,-0.0039691000000061,53.97,88.0,36.5,1
27262,SO-0501,ASI Nidhi Vaghela,ASI,35,2026-07-18 14:15:52+00:00,97.0,87.0,,21.1539849,73.0082389,33.69999980926514,-0.157,-1.009,0.26,,0.0,0.0,0.0,,,,,0.0,0.0,30.0,0.0023553000000013,-0.003111000000004,49.78,87.0,36.5,1
27264,SO-0501,ASI Nidhi Vaghela,ASI,35,2026-07-18 14:16:22+00:00,95.0,86.0,,21.1553182,73.0048902,32.29999923706055,-0.135,-0.961,0.329,,0.0,0.0,0.0,,,,,0.0,0.0,30.0,0.0013332999999988,-0.0033486999999894,45.23,86.0,36.5,1
27267,SO-0501,ASI Nidhi Vaghela,ASI,35,2026-07-18 14:16:52+00:00,95.0,88.0,,21.1566739,73.0021122,32.79999923706055,-0.06,-0.942,0.305,,0.0,0.0,0.0,,,,,0.0,0.0,30.0,0.0013557000000012,-0.0027780000000063,38.95,88.0,36.5,1
27270,SO-0501,ASI Nidhi Vaghela,ASI,35,2026-07-18 14:17:23+00:00,89.0,88.0,,21.1579347,72.999081,32.79999923706055,-0.281,0.992,1.721,,0.0,0.0,0.0,,,,,0.0,0.0,31.0,0.0012607999999971,-0.0030311999999952,39.9,88.0,36.5,1
27278,SO-0501,ASI Nidhi Vaghela,ASI,35,2026-07-18 14:17:52+00:00,92.0,88.0,,21.1590896,72.9969607,32.79999923706055,-0.784,-0.078,0.596,,0.0,0.0,0.0,,,,,0.0,0.0,29.0,0.001154900000003,-0.0021203000000014,31.55,88.0,36.5,1
27281,SO-0501,ASI Nidhi Vaghela,ASI,35,2026-07-18 14:18:21+00:00,81.0,85.0,,21.1607799,72.9934717,32.79999923706055,-0.707,0.632,0.419,,0.0,0.0,0.0,,,,,0.0,0.0,29.0,0.0016902999999999,-0.0034890000000018,50.53,85.0,36.5,1
27284,SO-0501,ASI Nidhi Vaghela,ASI,35,2026-07-18 14:18:51+00:00,83.0,88.0,,21.1624175,72.9902238,31.600000381469727,-0.722,0.576,0.398,,0.0,0.0,0.0,,,,,0.0,0.0,30.0,0.0016375999999986,-0.0032479000000051,45.87,88.0,36.5,1
27287,SO-0501,ASI Nidhi Vaghela,ASI,35,2026-07-18 14:19:21+00:00,91.0,88.0,,21.1636636,72.9871247,30.0,-0.536,-0.104,0.876,,0.0,0.0,0.0,,,,,0.0,0.0,30.0,0.0012460999999994,-0.0030991,41.92,88.0,36.5,1
27291,SO-0501,ASI Nidhi Vaghela,ASI,35,2026-07-18 14:19:51+00:00,87.0,78.0,,21.164579,72.9845136,30.700000762939453,-0.491,-0.067,0.788,,0.0,0.0,0.0,,,,,0.0,0.0,30.0,0.0009154000000002,-0.0026110999999957,34.65,78.0,36.5,1
27294,SO-0501,ASI Nidhi Vaghela,ASI,35,2026-07-18 14:20:21+00:00,83.0,88.0,,21.1654382,72.9818957,30.700000762939453,-0.26,-0.045,1.128,,0.0,0.0,0.0,,,,,0.0,0.0,30.0,0.0008592000000007,-0.0026179000000041,34.48,88.0,36.5,1
27299,SO-0501,ASI Nidhi Vaghela,ASI,35,2026-07-18 14:20:52+00:00,90.0,85.0,,21.1666437,72.9782622,29.299999237060547,-0.442,-0.049,0.971,,0.0,0.0,0.0,,,,,0.0,0.0,31.0,0.001205500000001,-0.0036334999999922,46.36,85.0,36.5,1
27303,SO-0501,ASI Nidhi Vaghela,ASI,35,2026-07-18 14:21:21+00:00,87.0,88.0,,21.1678762,72.9745095,28.399999618530273,-1.085,-0.485,-0.098,,0.0,0.0,0.0,,,,,0.0,0.0,29.0,0.0012324999999968,-0.0037527000000068,51.13,88.0,36.5,1
27305,SO-0501,ASI Nidhi Vaghela,ASI,35,2026-07-18 14:21:51+00:00,81.0,78.0,,21.1686726,72.9718553,31.299999237060547,-0.606,-0.108,0.89,,0.0,0.0,0.0,,,,,0.0,0.0,30.0,0.0007964000000022,-0.0026541999999949,34.64,78.0,36.5,1
27307,SO-0501,ASI Nidhi Vaghela,ASI,35,2026-07-18 14:22:21+00:00,100.0,86.0,,21.1691981,72.9703769,28.399999618530273,-0.585,0.021,0.873,,0.0,0.0,0.0,,,,,0.0,0.0,30.0,0.0005254999999984,-0.0014783999999963,19.65,86.0,36.5,1
27309,SO-0501,ASI Nidhi Vaghela,ASI,35,2026-07-18 14:22:51+00:00,86.0,88.0,,21.1702321,72.9669253,27.5,-0.537,-0.023,0.978,,0.0,0.0,0.0,,,,,0.0,0.0,30.0,0.0010340000000006,-0.0034516000000053,45.04,88.0,36.5,1
27311,SO-0501,ASI Nidhi Vaghela,ASI,35,2026-07-18 14:23:21+00:00,95.0,88.0,,21.1711473,72.9639738,26.200000762939453,-0.65,-0.164,0.851,,0.0,0.0,0.0,,,,,0.0,0.0,30.0,0.0009152000000014,-0.0029514999999946,38.64,88.0,36.5,1
27313,SO-0501,ASI Nidhi Vaghela,ASI,35,2026-07-18 14:23:51+00:00,96.0,76.0,,21.171357,72.9633924,26.399999618530273,-0.986,-0.215,0.587,,0.0,0.0,0.0,,,,,0.0,0.0,30.0,0.0002096999999992,-0.0005814000000015,7.74,76.0,36.5,1
27315,SO-0501,ASI Nidhi Vaghela,ASI,35,2026-07-18 14:24:22+00:00,82.0,69.0,,21.1712954,72.9632882,26.0,-0.534,-0.46,0.642,,0.0,0.0,0.0,,,,,0.0,0.0,31.0,-6.159999999866272e-05,-0.0001042000000097,1.48,69.0,36.5,0
27317,SO-0501,ASI Nidhi Vaghela,ASI,35,2026-07-18 14:24:52+00:00,85.0,87.0,,21.171356,72.96327,25.899999618530273,-0.723,-0.564,0.487,,0.0,0.0,0.0,,,,,0.0,0.0,30.0,6.059999999763477e-05,-1.8199999999524152e-05,0.84,87.0,36.5,0
27319,SO-0501,ASI Nidhi Vaghela,ASI,35,2026-07-18 14:25:21+00:00,96.0,85.0,,21.171313,72.9633255,26.0,-0.513,-0.747,0.588,,0.0,0.0,0.0,,,,,0.0,0.0,29.0,-4.299999999801685e-05,5.550000000198452e-05,0.93,85.0,36.5,2
27321,SO-0501,ASI Nidhi Vaghela,ASI,35,2026-07-18 14:25:51+00:00,86.0,87.0,,21.1712985,72.9632965,25.899999618530273,-0.219,-0.689,0.768,,0.0,0.0,0.0,,,,,0.0,0.0,30.0,-1.450000000247087e-05,-2.8999999997836312e-05,0.41,87.0,36.5,0
27323,SO-0501,ASI Nidhi Vaghela,ASI,35,2026-07-18 14:26:23+00:00,87.0,75.0,,21.1712068,72.9631737,26.0,-0.497,-0.748,0.645,,0.0,0.0,0.0,,,,,0.0,0.0,32.0,-9.16999999986956e-05,-0.0001227999999997,1.83,75.0,36.5,0
27325,SO-0501,ASI Nidhi Vaghela,ASI,35,2026-07-18 14:26:51+00:00,88.0,83.0,,21.1712606,72.9632996,25.700000762939453,-0.86,0.048,-0.204,,0.0,0.0,0.0,,,,,0.0,0.0,28.0,5.379999999988172e-05,0.0001259000000004,1.84,83.0,36.5,0
27327,SO-0501,ASI Nidhi Vaghela,ASI,35,2026-07-18 14:27:22+00:00,99.0,84.0,,21.1714698,72.9633386,25.700000762939453,-1.602,1.59,-0.125,,0.0,0.0,0.0,,,,,0.0,0.0,31.0,0.0002092000000004,3.900000000101045e-05,2.74,84.0,36.5,1
27329,SO-0501,ASI Nidhi Vaghela,ASI,35,2026-07-18 14:27:52+00:00,93.0,85.0,,21.1712811,72.9634456,26.5,-0.351,0.939,0.255,,0.0,0.0,0.0,,,,,0.0,0.0,30.0,-0.0001886999999989,0.0001069999999998,2.84,85.0,36.5,1
27331,SO-0501,ASI Nidhi Vaghela,ASI,35,2026-07-18 14:28:22+00:00,93.0,88.0,,21.1713753,72.9633032,26.399999618530273,-0.904,0.497,-0.285,,0.0,0.0,0.0,,,,,0.0,0.0,30.0,9.419999999948914e-05,-0.0001424000000014,2.17,88.0,36.5,1
27333,SO-0501,ASI Nidhi Vaghela,ASI,35,2026-07-18 14:28:51+00:00,89.0,86.0,,21.1714456,72.9632751,26.200000762939453,0.373,0.345,1.008,,0.0,0.0,0.0,,,,,0.0,0.0,29.0,7.029999999730308e-05,-2.8099999994424252e-05,1.03,86.0,36.5,1
27335,SO-0501,ASI Nidhi Vaghela,ASI,35,2026-07-18 14:29:22+00:00,100.0,87.0,,21.1721869,72.9626416,25.899999618530273,-0.476,-0.038,0.982,,0.0,0.0,0.0,,,,,0.0,0.0,31.0,0.0007413000000013,-0.0006335000000063,12.22,87.0,36.5,1
27337,SO-0501,ASI Nidhi Vaghela,ASI,35,2026-07-18 14:29:51+00:00,100.0,87.0,,21.1739707,72.9630735,25.299999237060547,-0.477,0.039,0.932,,0.0,0.0,0.0,,,,,0.0,0.0,29.0,0.0017838000000018,0.0004318999999952,25.2,87.0,36.5,1
27339,SO-0501,ASI Nidhi Vaghela,ASI,35,2026-07-18 14:30:21+00:00,83.0,84.0,,21.1770285,72.9632772,25.299999237060547,-0.697,-0.019,0.914,,0.0,0.0,0.0,,,,,0.0,0.0,30.0,0.003057799999997,0.0002037000000001,40.81,84.0,36.5,1
27341,SO-0501,ASI Nidhi Vaghela,ASI,35,2026-07-18 14:30:51+00:00,95.0,85.0,,21.1799521,72.9637847,25.799999237060547,-0.598,-0.027,0.95,,0.0,0.0,0.0,,,,,0.0,0.0,30.0,0.0029236000000025,0.0005075000000118,39.45,85.0,36.5,1
27343,SO-0501,ASI Nidhi Vaghela,ASI,35,2026-07-18 14:31:21+00:00,89.0,88.0,,21.1833859,72.9645452,25.5,-0.481,0.132,0.925,,0.0,0.0,0.0,,,,,0.0,0.0,30.0,0.0034337999999998,0.0007604999999983,46.7,88.0,36.5,1
27345,SO-0501,ASI Nidhi Vaghela,ASI,35,2026-07-18 14:31:51+00:00,82.0,88.0,,21.1871094,72.9654798,25.5,-0.355,0.02,1.038,,0.0,0.0,0.0,,,,,0.0,0.0,30.0,0.0037234999999995,0.0009345999999936,50.94,88.0,36.5,1
27347,SO-0501,ASI Nidhi Vaghela,ASI,35,2026-07-18 14:32:21+00:00,95.0,88.0,,21.1910954,72.9663219,25.899999618530273,-0.473,-0.034,1.06,,0.0,0.0,0.0,,,,,0.0,0.0,30.0,0.0039859999999976,0.0008420999999998,54.11,88.0,36.5,1
27349,SO-0501,ASI Nidhi Vaghela,ASI,35,2026-07-18 14:32:51+00:00,88.0,88.0,,21.1950344,72.9655493,27.200000762939453,-0.392,-0.015,1.018,,0.0,0.0,0.0,,,,,0.0,0.0,30.0,0.0039390000000025,-0.0007725999999905,53.34,88.0,36.5,1
27351,SO-0501,ASI Nidhi Vaghela,ASI,35,2026-07-18 14:33:21+00:00,86.0,88.0,,21.1986972,72.9660376,26.700000762939453,-0.663,-0.07,1.031,,0.0,0.0,0.0,,,,,0.0,0.0,30.0,0.0036628000000007,0.0004883000000006,49.16,88.0,36.5,1
27353,SO-0501,ASI Nidhi Vaghela,ASI,35,2026-07-18 14:33:51+00:00,94.0,88.0,,21.2022995,72.966609,26.700000762939453,-0.476,-0.067,0.905,,0.0,0.0,0.0,,,,,0.0,0.0,30.0,0.0036022999999971,0.0005713999999983,48.5,88.0,36.5,1
27355,SO-0501,ASI Nidhi Vaghela,ASI,35,2026-07-18 14:34:21+00:00,91.0,88.0,,21.2057571,72.9670883,28.100000381469727,-0.54,-0.071,0.729,,0.0,0.0,0.0,,,,,0.0,0.0,30.0,0.0034576000000008,0.0004792999999949,46.44,88.0,36.5,1
27357,SO-0501,ASI Nidhi Vaghela,ASI,35,2026-07-18 14:34:51+00:00,98.0,85.0,,21.2094401,72.9676331,29.0,-0.744,0.018,0.892,,0.0,0.0,0.0,,,,,0.0,0.0,30.0,0.0036829999999987,0.0005448000000001,49.52,85.0,36.5,1
27359,SO-0501,ASI Nidhi Vaghela,ASI,35,2026-07-18 14:35:21+00:00,99.0,86.0,,21.2124478,72.9679537,29.0,0.037,0.348,1.013,,0.0,0.0,0.0,,,,,0.0,0.0,30.0,0.0030077000000012,0.0003205999999948,40.26,86.0,36.5,1
27361,SO-0501,ASI Nidhi Vaghela,ASI,35,2026-07-18 14:35:51+00:00,95.0,84.0,,21.2127774,72.9683458,30.399999618530273,-0.05,0.007,1.109,,0.0,0.0,0.0,,,,,0.0,0.0,30.0,0.0003296000000005,0.0003920999999991,6.56,84.0,36.5,1
27363,SO-0501,ASI Nidhi Vaghela,ASI,35,2026-07-18 14:36:21+00:00,81.0,85.0,,21.2145728,72.9683722,30.399999618530273,-1.118,-0.599,0.429,,0.0,0.0,0.0,,,,,0.0,0.0,30.0,0.0017953999999988,2.6400000010085023e-05,23.92,85.0,36.5,1
27365,SO-0501,ASI Nidhi Vaghela,ASI,35,2026-07-18 14:36:52+00:00,87.0,80.0,,21.2145538,72.9685562,29.5,-0.458,0.157,0.927,,0.0,0.0,0.0,,,,,0.0,0.0,31.0,-1.899999999821489e-05,0.0001839999999901,2.23,80.0,36.5,0
27367,SO-0501,ASI Nidhi Vaghela,ASI,35,2026-07-18 14:37:22+00:00,85.0,88.0,,21.2145925,72.9686638,29.5,-1.057,-0.407,-0.486,,0.0,0.0,0.0,,,,,0.0,0.0,30.0,3.869999999750462e-05,0.0001076000000068,1.43,88.0,36.5,0
27370,SO-0501,ASI Nidhi Vaghela,ASI,35,2026-07-18 14:38:25+00:00,84.0,83.0,,21.2144774,72.9690534,29.200000762939453,-0.832,0.606,0.411,,0.0,0.0,0.0,,,,,0.0,0.0,63.0,-0.0001150999999985,0.0003896000000054,2.42,83.0,36.5,0
27372,SO-0501,ASI Nidhi Vaghela,ASI,35,2026-07-18 14:38:55+00:00,95.0,86.0,,21.2144747,72.969036,29.200000762939453,-0.312,0.618,-0.655,,0.0,0.0,0.0,,,,,0.0,0.0,30.0,-2.69999999957804e-06,-1.740000000438613e-05,0.22,86.0,36.5,2
27374,SO-0501,ASI Nidhi Vaghela,ASI,35,2026-07-18 14:39:24+00:00,89.0,66.0,,21.2144788,72.9690546,29.200000762939453,-0.986,-0.09,0.299,,0.0,0.0,0.0,,,,,0.0,0.0,29.0,4.099999998175008e-06,1.860000000419859e-05,0.25,66.0,36.5,0
27376,SO-0501,ASI Nidhi Vaghela,ASI,35,2026-07-18 14:39:54+00:00,89.0,66.0,,21.2144809,72.9690571,29.200000762939453,-0.493,0.502,0.757,,0.0,0.0,0.0,,,,,0.0,0.0,30.0,2.1000000032245225e-06,2.4999999936881068e-06,0.04,66.0,36.5,0
27378,SO-0501,ASI Nidhi Vaghela,ASI,35,2026-07-18 14:40:24+00:00,82.0,88.0,,21.2144745,72.9690569,29.200000762939453,-0.056,-0.315,1.031,,0.0,0.0,0.0,,,,,0.0,0.0,30.0,-6.400000000184036e-06,-2.0000000233721948e-07,0.09,88.0,36.5,0
27380,SO-0501,ASI Nidhi Vaghela,ASI,35,2026-07-18 14:40:54+00:00,89.0,87.0,,21.2144767,72.9690562,29.200000762939453,-0.683,0.26,0.784,,0.0,0.0,0.0,,,,,0.0,0.0,30.0,2.199999997287705e-06,-7.000000010748408e-07,0.03,87.0,36.5,0
27382,SO-0501,ASI Nidhi Vaghela,ASI,35,2026-07-18 14:41:24+00:00,89.0,73.0,,21.2144794,72.9690606,29.200000762939453,-0.638,-0.163,0.842,,0.0,0.0,0.0,,,,,0.0,0.0,30.0,2.69999999957804e-06,4.4000000087862645e-06,0.07,73.0,36.5,0
27384,SO-0501,ASI Nidhi Vaghela,ASI,35,2026-07-18 14:41:54+00:00,95.0,82.0,,21.2144791,72.9690581,29.200000762939453,-0.567,0.312,0.855,,0.0,0.0,0.0,,,,,0.0,0.0,30.0,-2.999999999531156e-07,-2.5000000078989615e-06,0.03,82.0,36.5,2
27386,SO-0501,ASI Nidhi Vaghela,ASI,35,2026-07-18 14:42:24+00:00,82.0,87.0,,21.2144809,72.9690571,29.200000762939453,-0.328,-0.033,1.033,,0.0,0.0,0.0,,,,,0.0,0.0,30.0,1.800000003271407e-06,-9.999999974752427e-07,0.03,87.0,36.5,0
27388,SO-0501,ASI Nidhi Vaghela,ASI,35,2026-07-18 14:42:54+00:00,89.0,75.0,,21.2144814,72.9690554,29.200000762939453,0.152,-0.059,1.159,,0.0,0.0,0.0,,,,,0.0,0.0,30.0,4.999999987376214e-07,-1.6999999985500835e-06,0.02,75.0,36.5,0
27390,SO-0501,ASI Nidhi Vaghela,ASI,35,2026-07-18 14:43:24+00:00,94.0,84.0,,21.2144767,72.9690562,29.200000762939453,-0.439,-0.447,0.873,,0.0,0.0,0.0,,,,,0.0,0.0,30.0,-4.700000001633953e-06,7.999999951380232e-07,0.06,84.0,36.5,2
27392,SO-0501,ASI Nidhi Vaghela,ASI,35,2026-07-18 14:43:53+00:00,84.0,87.0,,21.2144739,72.9690305,29.200000762939453,-0.826,-0.105,-0.453,,0.0,0.0,0.0,,,,,0.0,0.0,29.0,-2.799999997193936e-06,-2.5699999994799327e-05,0.33,87.0,36.5,0
27394,SO-0501,ASI Nidhi Vaghela,ASI,35,2026-07-18 14:44:24+00:00,88.0,87.0,,21.2144767,72.9690562,29.200000762939453,-0.406,-0.757,-0.048,,0.0,0.0,0.0,,,,,0.0,0.0,31.0,2.799999997193936e-06,2.5699999994799327e-05,0.31,87.0,36.5,0
27396,SO-0501,ASI Nidhi Vaghela,ASI,35,2026-07-18 14:44:55+00:00,86.0,79.0,,21.2144767,72.9690562,29.200000762939453,-0.63,0.197,0.877,,0.0,0.0,0.0,,,,,0.0,0.0,31.0,0.0,0.0,0.0,79.0,36.5,0
27398,SO-0501,ASI Nidhi Vaghela,ASI,35,2026-07-18 14:45:25+00:00,88.0,57.0,,21.2144815,72.9690568,29.200000762939453,0.105,0.907,0.913,,0.0,0.0,0.0,,,,,0.0,0.0,30.0,4.8000000028025624e-06,6.000000070116585e-07,0.06,57.0,36.5,0
27400,SO-0501,ASI Nidhi Vaghela,ASI,35,2026-07-18 14:45:54+00:00,82.0,76.0,,21.2144792,72.9690601,29.200000762939453,-0.835,-0.039,-0.285,,0.0,0.0,0.0,,,,,0.0,0.0,29.0,-2.3000000020090283e-06,3.29999998882613e-06,0.05,76.0,36.5,0
27401,SO-0501,ASI Nidhi Vaghela,ASI,35,2026-07-18 14:46:24+00:00,92.0,87.0,,21.2144795,72.9690611,29.200000762939453,-0.242,-0.942,0.187,,0.0,0.0,0.0,,,,,0.0,0.0,30.0,2.999999999531156e-07,1.0000000116860974e-06,0.01,87.0,36.5,2
27402,SO-0501,ASI Nidhi Vaghela,ASI,35,2026-07-18 14:46:54+00:00,97.0,84.0,,21.2144795,72.9690556,29.200000762939453,-0.169,0.937,0.389,,0.0,0.0,0.0,,,,,0.0,0.0,30.0,0.0,-5.50000000032469e-06,0.07,84.0,36.5,2
27403,SO-0501,ASI Nidhi Vaghela,ASI,35,2026-07-18 14:47:24+00:00,95.0,88.0,,21.2144793,72.9690568,29.200000762939453,-0.169,0.937,0.404,,0.0,0.0,0.0,,,,,0.0,0.0,30.0,-1.999999987845058e-07,1.1999999998124622e-06,0.02,88.0,36.5,2
27404,SO-0501,ASI Nidhi Vaghela,ASI,35,2026-07-18 14:47:54+00:00,95.0,88.0,,21.2144774,72.9690595,29.200000762939453,-0.148,0.943,0.397,,0.0,0.0,0.0,,,,,0.0,0.0,30.0,-1.900000000887303e-06,2.6999999960253263e-06,0.04,88.0,36.5,2
27405,SO-0501,ASI Nidhi Vaghela,ASI,35,2026-07-18 14:48:24+00:00,95.0,88.0,,21.2144745,72.9690569,29.200000762939453,-0.096,0.92,0.485,,0.0,0.0,0.0,,,,,0.0,0.0,30.0,-2.8999999983625457e-06,-2.600000001962144e-06,0.05,88.0,36.5,2
27406,SO-0501,ASI Nidhi Vaghela,ASI,35,2026-07-18 14:49:24+00:00,84.0,52.0,,21.2144551,72.9690144,31.799999237060547,-0.858,0.01,0.322,,0.0,0.0,0.0,,,,,0.0,0.0,60.0,-1.9400000002889328e-05,-4.24999999921738e-05,0.29,52.0,36.5,0
27407,SO-0501,ASI Nidhi Vaghela,ASI,35,2026-07-18 14:49:55+00:00,85.0,79.0,,21.2144551,72.9690144,31.799999237060547,-0.213,0.999,0.246,,0.0,0.0,0.0,,,,,0.0,0.0,31.0,0.0,0.0,0.0,79.0,36.5,0
27408,SO-0501,ASI Nidhi Vaghela,ASI,35,2026-07-18 14:50:25+00:00,91.0,75.0,,21.2144612,72.9690114,31.799999237060547,-0.435,0.642,0.741,,0.0,0.0,0.0,,,,,0.0,0.0,30.0,6.100000000230921e-06,-3.000000006636583e-06,0.09,75.0,36.5,2
27409,SO-0501,ASI Nidhi Vaghela,ASI,35,2026-07-18 14:50:53+00:00,89.0,75.0,,21.2144584,72.9690193,31.799999237060547,-0.675,0.766,0.08,,0.0,0.0,0.0,,,,,0.0,0.0,28.0,-2.799999997193936e-06,7.899999999949614e-06,0.11,75.0,36.5,0
27410,SO-0501,ASI Nidhi Vaghela,ASI,35,2026-07-18 14:51:23+00:00,84.0,88.0,,21.2144478,72.969006,31.799999237060547,-0.101,-0.933,0.334,,0.0,0.0,0.0,,,,,0.0,0.0,30.0,-1.0600000003080368e-05,-1.330000000621112e-05,0.22,88.0,36.5,0
27411,SO-0501,ASI Nidhi Vaghela,ASI,35,2026-07-18 14:51:53+00:00,84.0,84.0,,21.2144549,72.9690176,31.799999237060547,-1.08,0.301,0.377,,0.0,0.0,0.0,,,,,0.0,0.0,30.0,7.100000001258877e-06,1.1600000007661038e-05,0.17,84.0,36.5,0
27412,SO-0501,ASI Nidhi Vaghela,ASI,35,2026-07-18 14:52:23+00:00,88.0,88.0,,21.2144492,72.9690104,31.799999237060547,-0.236,0.675,0.793,,0.0,0.0,0.0,,,,,0.0,0.0,30.0,-5.699999999109195e-06,-7.199999998874773e-06,0.12,88.0,36.5,0
27413,SO-0501,ASI Nidhi Vaghela,ASI,35,2026-07-18 14:52:53+00:00,94.0,88.0,,21.2144515,72.9690103,31.799999237060547,0.138,0.757,0.745,,0.0,0.0,0.0,,,,,0.0,0.0,30.0,2.2999999984563142e-06,-1.000000082740371e-07,0.03,88.0,36.5,2
27414,SO-0501,ASI Nidhi Vaghela,ASI,35,2026-07-18 14:53:23+00:00,96.0,88.0,,21.2144504,72.9690093,31.799999237060547,0.398,0.335,0.953,,0.0,0.0,0.0,,,,,0.0,0.0,30.0,-1.0999999986438525e-06,-9.999999974752427e-07,0.02,88.0,36.5,2
27415,SO-0501,ASI Nidhi Vaghela,ASI,35,2026-07-18 14:53:53+00:00,84.0,,,21.2144523,72.9690118,31.799999237060547,0.785,0.681,0.125,,0.0,0.0,0.0,,,,,0.0,0.0,30.0,1.900000000887303e-06,2.5000000078989615e-06,0.04,88.0,36.5,0
27416,SO-0501,ASI Nidhi Vaghela,ASI,35,2026-07-18 14:54:23+00:00,84.0,,,21.2144604,72.9690203,31.799999237060547,0.246,-0.09,1.08,,0.0,0.0,0.0,,,,,0.0,0.0,30.0,8.09999999873412e-06,8.499999992750418e-06,0.15,88.0,36.5,0
27417,SO-0501,ASI Nidhi Vaghela,ASI,35,2026-07-18 14:54:54+00:00,83.0,74.0,,21.2144472,72.969007,31.799999237060547,-0.229,-0.942,0.278,,0.0,0.0,0.0,,,,,0.0,0.0,31.0,-1.3200000001489798e-05,-1.3299999992000268e-05,0.23,74.0,36.5,0
27418,SO-0501,ASI Nidhi Vaghela,ASI,35,2026-07-18 14:55:23+00:00,92.0,88.0,,21.2144534,72.9690121,31.799999237060547,-0.899,-0.194,-0.192,,0.0,0.0,0.0,,,,,0.0,0.0,29.0,6.2000000013995304e-06,5.099999995650251e-06,0.11,88.0,36.5,2
27419,SO-0501,ASI Nidhi Vaghela,ASI,35,2026-07-18 14:55:53+00:00,83.0,79.0,,21.2144534,72.9690106,31.799999237060547,-0.936,-0.307,-0.069,,0.0,0.0,0.0,,,,,0.0,0.0,30.0,0.0,-1.499999996212864e-06,0.02,79.0,36.5,0
27420,SO-0501,ASI Nidhi Vaghela,ASI,35,2026-07-18 14:56:23+00:00,98.0,87.0,,21.2144474,72.9690057,31.799999237060547,0.036,0.84,0.63,,0.0,0.0,0.0,,,,,0.0,0.0,30.0,-5.999999999062311e-06,-4.900000007523886e-06,0.1,87.0,36.5,2
27421,SO-0501,ASI Nidhi Vaghela,ASI,35,2026-07-18 14:56:54+00:00,84.0,79.0,,21.2144541,72.9690126,31.799999237060547,-0.992,-0.265,-0.162,,0.0,0.0,0.0,,,,,0.0,0.0,31.0,6.700000000137152e-06,6.900000002474371e-06,0.12,79.0,36.5,0
27422,SO-0501,ASI Nidhi Vaghela,ASI,35,2026-07-18 14:57:24+00:00,93.0,86.0,,21.2144703,72.9690063,31.799999237060547,-0.95,-0.113,-0.05,,0.0,0.0,0.0,,,,,0.0,0.0,30.0,1.619999999746824e-05,-6.299999995462713e-06,0.23,86.0,36.5,2
27423,SO-0501,ASI Nidhi Vaghela,ASI,35,2026-07-18 14:57:53+00:00,86.0,74.0,,21.2144691,72.9690163,31.799999237060547,-0.195,0.965,0.122,,0.0,0.0,0.0,,,,,0.0,0.0,29.0,-1.1999999998124622e-06,1.0000000003174137e-05,0.13,74.0,36.5,0
27424,SO-0501,ASI Nidhi Vaghela,ASI,35,2026-07-18 14:58:23+00:00,81.0,65.0,,21.2144701,72.9690136,31.799999237060547,0.013,1.213,0.101,,0.0,0.0,0.0,,,,,0.0,0.0,30.0,1.0000000010279564e-06,-2.700000010236181e-06,0.04,65.0,36.5,0
27425,SO-0501,ASI Nidhi Vaghela,ASI,35,2026-07-18 14:59:23+00:00,84.0,50.0,,21.2144878,72.9686601,31.799999237060547,-0.738,0.443,0.25,,0.0,0.0,0.0,,,,,0.0,0.0,60.0,1.770000000078653e-05,-0.0003535000000027,2.2,50.0,36.5,0
27426,SO-0501,ASI Nidhi Vaghela,ASI,35,2026-07-18 14:59:53+00:00,82.0,71.0,,21.2144969,72.9686179,31.799999237060547,-0.75,0.552,0.084,,0.0,0.0,0.0,,,,,0.0,0.0,30.0,9.099999999762076e-06,-4.219999999577339e-05,0.54,71.0,36.5,0
27427,SO-0501,ASI Nidhi Vaghela,ASI,35,2026-07-18 15:00:22+00:00,87.0,84.0,,21.2149636,72.9690474,31.799999237060547,-0.128,0.228,0.884,,0.0,0.0,0.0,,,,,0.0,0.0,29.0,0.0004667000000004,0.0004294999999956,8.47,84.0,36.5,1
27428,SO-0501,ASI Nidhi Vaghela,ASI,35,2026-07-18 15:00:52+00:00,81.0,87.0,,21.2150433,72.9698707,29.600000381469727,-0.752,0.533,0.415,,0.0,0.0,0.0,,,,,0.0,0.0,30.0,7.970000000057098e-05,0.0008233000000075,10.28,87.0,36.5,1
27429,SO-0501,ASI Nidhi Vaghela,ASI,35,2026-07-18 15:01:22+00:00,92.0,87.0,,21.2150782,72.9698698,29.600000381469727,-0.302,0.788,0.409,,0.0,0.0,0.0,,,,,0.0,0.0,30.0,3.489999999928273e-05,-9.000000034120603e-07,0.47,87.0,36.5,2
27430,SO-0501,ASI Nidhi Vaghela,ASI,35,2026-07-18 15:01:53+00:00,90.0,71.0,,21.215422,72.9689081,29.600000381469727,-0.093,-0.882,0.543,,0.0,0.0,0.0,,,,,0.0,0.0,31.0,0.0003437999999995,-0.0009617000000048,12.38,71.0,36.5,1
27431,SO-0501,ASI Nidhi Vaghela,ASI,35,2026-07-18 15:02:22+00:00,87.0,88.0,,21.2148433,72.9693183,29.600000381469727,-1.031,-0.167,-0.056,,0.0,0.0,0.0,,,,,0.0,0.0,29.0,-0.0005787000000019,0.0004102000000045,9.56,88.0,36.5,1
27432,SO-0501,ASI Nidhi Vaghela,ASI,35,2026-07-18 15:02:52+00:00,88.0,77.0,,21.2146616,72.9684306,29.5,-0.406,-0.186,0.801,,0.0,0.0,0.0,,,,,0.0,0.0,30.0,-0.0001816999999988,-0.0008876999999927,11.29,77.0,36.5,1
27433,SO-0501,ASI Nidhi Vaghela,ASI,35,2026-07-18 15:03:23+00:00,88.0,85.0,,21.2119394,72.9680663,31.799999237060547,0.333,-0.851,0.504,,0.0,0.0,0.0,,,,,0.0,0.0,31.0,-0.0027222000000008,-0.000364300000001,35.36,85.0,36.5,1
27434,SO-0501,ASI Nidhi Vaghela,ASI,35,2026-07-18 15:03:52+00:00,90.0,87.0,,21.2083451,72.967598,31.799999237060547,-0.521,0.722,0.536,,0.0,0.0,0.0,,,,,0.0,0.0,29.0,-0.0035942999999996,-0.0004683000000085,49.89,87.0,36.5,1
27435,SO-0501,ASI Nidhi Vaghela,ASI,35,2026-07-18 15:04:22+00:00,94.0,63.0,,21.2036326,72.9668369,31.799999237060547,-0.58,0.734,0.504,,0.0,0.0,0.0,,,,,0.0,0.0,30.0,-0.0047125000000001,-0.0007610999999911,63.48,63.0,36.5,1
27436,SO-0501,ASI Nidhi Vaghela,ASI,35,2026-07-18 15:04:52+00:00,87.0,88.0,,21.1991789,72.9662269,28.799999237060547,-0.306,0.292,1.003,,0.0,0.0,0.0,,,,,0.0,0.0,30.0,-0.0044536999999991,-0.0006100000000088,59.81,88.0,36.5,1
27437,SO-0501,ASI Nidhi Vaghela,ASI,35,2026-07-18 15:05:22+00:00,83.0,87.0,,21.1946117,72.965547,28.799999237060547,-0.862,-0.222,0.236,,0.0,0.0,0.0,,,,,0.0,0.0,30.0,-0.0045672000000003,-0.0006798999999944,61.42,87.0,36.5,1
27438,SO-0501,ASI Nidhi Vaghela,ASI,35,2026-07-18 15:05:52+00:00,83.0,84.0,,21.1899351,72.9663742,28.799999237060547,-0.335,0.276,0.984,,0.0,0.0,0.0,,,,,0.0,0.0,30.0,-0.0046765999999998,0.0008272000000033,63.13,84.0,36.5,1
27439,SO-0501,ASI Nidhi Vaghela,ASI,35,2026-07-18 15:06:22+00:00,85.0,88.0,,21.184776,72.9650803,26.5,-0.34,0.268,1.051,,0.0,0.0,0.0,,,,,0.0,0.0,30.0,-0.0051591000000001,-0.0012939000000073,70.57,88.0,36.5,1
27440,SO-0501,ASI Nidhi Vaghela,ASI,35,2026-07-18 15:06:51+00:00,87.0,87.0,,21.1804754,72.9640207,25.600000381469727,-0.233,-0.448,0.755,,0.0,0.0,0.0,,,,,0.0,0.0,29.0,-0.0043006000000005,-0.0010595999999907,60.8,87.0,36.5,1
27441,SO-0501,ASI Nidhi Vaghela,ASI,35,2026-07-18 15:07:21+00:00,87.0,88.0,,21.177273,72.9636234,26.100000381469727,-0.554,0.619,0.591,,0.0,0.0,0.0,,,,,0.0,0.0,30.0,-0.0032023999999992,-0.000397300000003,42.94,88.0,36.5,1
27442,SO-0501,ASI Nidhi Vaghela,ASI,35,2026-07-18 15:07:52+00:00,89.0,82.0,,21.1737311,72.9632784,26.100000381469727,-0.429,-0.015,1.091,,0.0,0.0,0.0,,,,,0.0,0.0,31.0,-0.0035418999999983,-0.00034500000001,45.84,82.0,36.5,1
27443,SO-0501,ASI Nidhi Vaghela,ASI,35,2026-07-18 15:08:22+00:00,82.0,88.0,,21.1696663,72.9626305,28.899999618530273,-0.127,0.498,0.477,,0.0,0.0,0.0,,,,,0.0,0.0,30.0,-0.0040648000000018,-0.0006478999999899,54.74,88.0,36.5,1
27444,SO-0501,ASI Nidhi Vaghela,ASI,35,2026-07-18 15:08:54+00:00,87.0,88.0,,21.1667159,72.9622226,27.0,-0.474,0.762,0.758,,0.0,0.0,0.0,,,,,0.0,0.0,32.0,-0.0029503999999995,-0.000407899999999,37.15,88.0,36.5,1
27445,SO-0501,ASI Nidhi Vaghela,ASI,35,2026-07-18 15:09:22+00:00,82.0,83.0,,21.1639546,72.9615188,27.0,-0.917,-0.446,0.022,,0.0,0.0,0.0,,,,,0.0,0.0,28.0,-0.0027612999999995,-0.0007038000000108,40.51,83.0,36.5,1
27446,SO-0501,ASI Nidhi Vaghela,ASI,35,2026-07-18 15:09:51+00:00,84.0,88.0,,21.1612014,72.9618559,28.299999237060547,-0.347,0.021,1.025,,0.0,0.0,0.0,,,,,0.0,0.0,29.0,-0.0027532000000007,0.00033710000001,38.18,88.0,36.5,1
27447,SO-0501,ASI Nidhi Vaghela,ASI,35,2026-07-18 15:10:21+00:00,85.0,88.0,,21.1595179,72.9626523,28.299999237060547,0.25,-0.767,1.449,,0.0,0.0,0.0,,,,,0.0,0.0,30.0,-0.0016834999999986,0.0007963999999986,24.51,88.0,36.5,1
27448,SO-0501,ASI Nidhi Vaghela,ASI,35,2026-07-18 15:10:51+00:00,96.0,77.0,,21.1563091,72.9639814,27.399999618530273,-0.328,-0.058,1.031,,0.0,0.0,0.0,,,,,0.0,0.0,30.0,-0.0032087999999994,0.0013290999999924,45.82,77.0,36.5,1
27449,SO-0501,ASI Nidhi Vaghela,ASI,35,2026-07-18 15:11:22+00:00,94.0,85.0,,21.1521568,72.9644831,27.299999237060547,-0.381,0.241,1.12,,0.0,0.0,0.0,,,,,0.0,0.0,31.0,-0.0041523000000012,0.0005017000000009,53.86,85.0,36.5,1
27450,SO-0501,ASI Nidhi Vaghela,ASI,35,2026-07-18 15:11:52+00:00,85.0,87.0,,21.1507456,72.964596,26.200000762939453,0.081,-0.029,1.201,,0.0,0.0,0.0,,,,,0.0,0.0,30.0,-0.0014111999999997,0.0001129000000048,18.85,87.0,36.5,1
27451,SO-0501,ASI Nidhi Vaghela,ASI,35,2026-07-18 15:12:22+00:00,92.0,87.0,,21.1498136,72.9647137,26.200000762939453,-0.347,0.063,1.023,,0.0,0.0,0.0,,,,,0.0,0.0,30.0,-0.0009319999999988,0.0001177000000041,12.5,87.0,36.5,1
27452,SO-0501,ASI Nidhi Vaghela,ASI,35,2026-07-18 15:12:52+00:00,82.0,88.0,,21.1476663,72.9649898,26.200000762939453,-0.197,0.048,1.102,,0.0,0.0,0.0,,,,,0.0,0.0,30.0,-0.0021473000000007,0.0002760999999935,28.81,88.0,36.5,1
27453,SO-0501,ASI Nidhi Vaghela,ASI,35,2026-07-18 15:13:21+00:00,86.0,85.0,,21.1454302,72.9652596,27.0,-0.283,-0.042,1.089,,0.0,0.0,0.0,,,,,0.0,0.0,29.0,-0.002236100000001,0.000269799999998,31.01,85.0,36.5,1
27454,SO-0501,ASI Nidhi Vaghela,ASI,35,2026-07-18 15:13:51+00:00,81.0,88.0,,21.1421023,72.9656104,27.0,-0.219,-0.069,1.061,,0.0,0.0,0.0,,,,,0.0,0.0,30.0,-0.0033278999999986,0.0003508000000067,44.54,88.0,36.5,1
27455,SO-0501,ASI Nidhi Vaghela,ASI,35,2026-07-18 15:14:21+00:00,91.0,88.0,,21.1384263,72.9678698,25.700000762939453,-0.232,-0.064,1.027,,0.0,0.0,0.0,,,,,0.0,0.0,30.0,-0.0036760000000022,0.0022593999999998,56.44,88.0,36.5,1
27456,SO-0501,ASI Nidhi Vaghela,ASI,35,2026-07-18 15:14:52+00:00,82.0,88.0,,21.1339051,72.9689049,27.399999618530273,-0.288,0.095,1.022,,0.0,0.0,0.0,,,,,0.0,0.0,31.0,-0.0045211999999992,0.0010350999999957,59.59,88.0,36.5,1
27457,SO-0501,ASI Nidhi Vaghela,ASI,35,2026-07-18 15:15:22+00:00,80.0,88.0,,21.1293876,72.9707655,27.399999618530273,-0.308,0.062,1.042,,0.0,0.0,0.0,,,,,0.0,0.0,30.0,-0.0045174999999986,0.0018606000000005,64.46,88.0,36.5,1
27458,SO-0501,ASI Nidhi Vaghela,ASI,35,2026-07-18 15:15:52+00:00,94.0,83.0,,21.124183,72.9727517,27.399999618530273,-0.902,-0.342,0.23,,0.0,0.0,0.0,,,,,0.0,0.0,30.0,-0.0052046000000025,0.0019862000000046,73.59,83.0,36.5,1
27459,SO-0501,ASI Nidhi Vaghela,ASI,35,2026-07-18 15:16:22+00:00,97.0,88.0,,21.1193261,72.9748108,27.399999618530273,0.07,0.116,0.9,,0.0,0.0,0.0,,,,,0.0,0.0,30.0,-0.0048569,0.0020590999999967,69.57,88.0,36.5,1
27460,SO-0501,ASI Nidhi Vaghela,ASI,35,2026-07-18 15:16:52+00:00,99.0,88.0,,21.1147909,72.9765312,27.399999618530273,-0.335,0.273,0.908,,0.0,0.0,0.0,,,,,0.0,0.0,30.0,-0.0045351999999994,0.0017203999999964,64.08,88.0,36.5,1
27462,SO-0501,ASI Nidhi Vaghela,ASI,35,2026-07-18 15:17:21+00:00,83.0,86.0,,21.1104177,72.976387,25.200000762939453,-0.755,-0.089,0.833,,0.0,0.0,0.0,,,,,0.0,0.0,29.0,-0.0043731999999998,-0.000144199999994,60.29,86.0,36.5,1
27464,SO-0501,ASI Nidhi Vaghela,ASI,35,2026-07-18 15:17:51+00:00,89.0,62.0,,21.1049937,72.9757358,25.200000762939453,-0.767,0.043,0.854,,0.0,0.0,0.0,,,,,0.0,0.0,30.0,-0.0054239999999978,-0.0006512000000071,72.7,62.0,36.5,1
27466,SO-0501,ASI Nidhi Vaghela,ASI,35,2026-07-18 15:18:21+00:00,92.0,87.0,,21.0999768,72.9763813,21.5,-0.521,0.635,0.663,,0.0,0.0,0.0,,,,,0.0,0.0,30.0,-0.0050169000000011,0.0006455000000045,67.3,87.0,36.5,1
27468,SO-0501,ASI Nidhi Vaghela,ASI,35,2026-07-18 15:18:51+00:00,91.0,82.0,,21.0943529,72.9770549,36.80000019073486,-0.458,0.673,0.603,,0.0,0.0,0.0,,,,,0.0,0.0,30.0,-0.0056238999999997,0.0006735999999989,75.38,82.0,36.5,1
27470,SO-0501,ASI Nidhi Vaghela,ASI,35,2026-07-18 15:19:21+00:00,82.0,88.0,,21.0898003,72.9776128,30.0,-0.354,0.341,1.028,,0.0,0.0,0.0,,,,,0.0,0.0,30.0,-0.0045526000000002,0.0005579000000039,61.04,88.0,36.5,1
27472,SO-0501,ASI Nidhi Vaghela,ASI,35,2026-07-18 15:19:51+00:00,89.0,88.0,,21.0886612,72.9778521,26.100000381469727,-0.999,0.031,0.373,,0.0,0.0,0.0,,,,,0.0,0.0,30.0,-0.0011390999999996,0.000239300000004,15.46,88.0,36.5,1
27474,SO-0501,ASI Nidhi Vaghela,ASI,35,2026-07-18 15:20:21+00:00,86.0,88.0,,21.0881878,72.9778779,26.100000381469727,-0.146,-0.01,1.081,,0.0,0.0,0.0,,,,,0.0,0.0,30.0,-0.0004734000000006,2.579999998886251e-05,6.31,88.0,36.5,1
27476,SO-0501,ASI Nidhi Vaghela,ASI,35,2026-07-18 15:20:52+00:00,85.0,88.0,,21.0880634,72.9779063,26.100000381469727,0.217,-0.069,0.968,,0.0,0.0,0.0,,,,,0.0,0.0,31.0,-0.0001244000000006,2.840000000503551e-05,1.64,88.0,36.5,0
27478,SO-0501,ASI Nidhi Vaghela,ASI,35,2026-07-18 15:21:22+00:00,81.0,74.0,,21.0873148,72.9780076,26.399999618530273,-0.613,0.618,0.618,,0.0,0.0,0.0,,,,,0.0,0.0,30.0,-0.0007485999999978,0.0001012999999971,10.05,74.0,36.5,1
27480,SO-0501,ASI Nidhi Vaghela,ASI,35,2026-07-18 15:21:52+00:00,95.0,87.0,,21.0873362,72.9780524,26.899999618530273,-0.559,0.818,0.415,,0.0,0.0,0.0,,,,,0.0,0.0,30.0,2.1399999997839817e-05,4.479999999773554e-05,0.63,87.0,36.5,2
27482,SO-0501,ASI Nidhi Vaghela,ASI,35,2026-07-18 15:22:21+00:00,82.0,87.0,,21.0873252,72.978016,27.200000762939453,-0.662,0.587,0.555,,0.0,0.0,0.0,,,,,0.0,0.0,29.0,-1.100000000064938e-05,-3.6399999999048305e-05,0.49,87.0,36.5,0
27484,SO-0501,ASI Nidhi Vaghela,ASI,35,2026-07-18 15:22:51+00:00,89.0,89.0,,21.0873648,72.9780223,27.200000762939453,0.446,-0.357,0.489,,0.0,0.0,0.0,,,,,0.0,0.0,30.0,3.960000000091668e-05,6.3000000096735675e-06,0.53,89.0,36.5,0
27486,SO-0501,ASI Nidhi Vaghela,ASI,35,2026-07-18 15:23:24+00:00,95.0,88.0,,21.087725,72.9785219,27.200000762939453,-0.643,0.63,0.526,,0.0,0.0,0.0,,,,,0.0,0.0,33.0,0.0003601999999993,0.0004995999999977,7.13,88.0,36.5,1
27488,SO-0501,ASI Nidhi Vaghela,ASI,35,2026-07-18 15:23:53+00:00,91.0,87.0,,21.0872584,72.9780174,27.200000762939453,-0.689,0.602,0.461,,0.0,0.0,0.0,,,,,0.0,0.0,29.0,-0.0004665999999993,-0.0005045000000052,9.13,87.0,36.5,1
27490,SO-0501,ASI Nidhi Vaghela,ASI,35,2026-07-18 15:24:22+00:00,81.0,88.0,,21.0873685,72.978007,27.200000762939453,-0.692,0.608,0.495,,0.0,0.0,0.0,,,,,0.0,0.0,29.0,0.0001101000000005,-1.039999999363772e-05,1.52,88.0,36.5,0
27492,SO-0501,ASI Nidhi Vaghela,ASI,35,2026-07-18 15:24:51+00:00,91.0,84.0,,21.0873452,72.9779568,27.200000762939453,-0.703,0.594,0.446,,0.0,0.0,0.0,,,,,0.0,0.0,29.0,-2.3299999998727117e-05,-5.020000000399705e-05,0.72,84.0,36.5,2
27494,SO-0501,ASI Nidhi Vaghela,ASI,35,2026-07-18 15:25:22+00:00,86.0,88.0,,21.0872907,72.9780045,27.200000762939453,-1.417,-0.25,0.415,,0.0,0.0,0.0,,,,,0.0,0.0,31.0,-5.450000000095656e-05,4.7699999996098086e-05,0.91,88.0,36.5,0
27496,SO-0501,ASI Nidhi Vaghela,ASI,35,2026-07-18 15:25:52+00:00,82.0,87.0,,21.0871459,72.978171,26.799999237060547,-0.831,0.392,0.922,,0.0,0.0,0.0,,,,,0.0,0.0,30.0,-0.000144800000001,0.0001665000000059,2.83,87.0,36.5,0
27498,SO-0501,ASI Nidhi Vaghela,ASI,35,2026-07-18 15:26:21+00:00,85.0,87.0,,21.0872031,72.9779577,26.799999237060547,0.054,-0.373,1.054,,0.0,0.0,0.0,,,,,0.0,0.0,29.0,5.72000000005346e-05,-0.0002132999999986,2.85,87.0,36.5,0
27500,SO-0501,ASI Nidhi Vaghela,ASI,35,2026-07-18 15:26:51+00:00,86.0,88.0,,21.0871761,72.9780737,26.799999237060547,-0.854,-0.24,0.634,,0.0,0.0,0.0,,,,,0.0,0.0,30.0,-2.6999999999333113e-05,0.0001159999999913,1.49,88.0,36.5,0
27502,SO-0501,ASI Nidhi Vaghela,ASI,35,2026-07-18 15:27:22+00:00,82.0,85.0,,21.0865693,72.9781257,25.5,-0.901,-0.553,0.563,,0.0,0.0,0.0,,,,,0.0,0.0,31.0,-0.0006067999999999,5.200000001082117e-05,7.85,85.0,36.5,1
27504,SO-0501,ASI Nidhi Vaghela,ASI,35,2026-07-18 15:27:51+00:00,85.0,88.0,,21.0862671,72.977755,25.5,-0.806,0.595,0.601,,0.0,0.0,0.0,,,,,0.0,0.0,29.0,-0.0003022000000001,-0.0003707000000048,6.33,88.0,36.5,1
27506,SO-0501,ASI Nidhi Vaghela,ASI,35,2026-07-18 15:28:21+00:00,92.0,86.0,,21.0859274,72.9754394,26.299999237060547,-0.931,-0.35,0.437,,0.0,0.0,0.0,,,,,0.0,0.0,30.0,-0.0003397000000013,-0.0023156000000028,29.12,86.0,36.5,1
27508,SO-0501,ASI Nidhi Vaghela,ASI,35,2026-07-18 15:28:51+00:00,85.0,87.0,,21.0855928,72.9711978,26.200000762939453,0.087,0.235,0.981,,0.0,0.0,0.0,,,,,0.0,0.0,30.0,-0.0003345999999986,-0.0042416000000002,52.88,87.0,36.5,1
27510,SO-0501,ASI Nidhi Vaghela,ASI,35,2026-07-18 15:29:22+00:00,91.0,87.0,,21.0859373,72.9648784,23.0,-0.354,-0.512,0.913,,0.0,0.0,0.0,,,,,0.0,0.0,31.0,0.0003445000000006,-0.0063193999999953,76.1,87.0,36.5,1
27512,SO-0501,ASI Nidhi Vaghela,ASI,35,2026-07-18 15:29:52+00:00,83.0,87.0,,21.0862565,72.9595017,22.5,-0.173,0.125,1.128,,0.0,0.0,0.0,,,,,0.0,0.0,30.0,0.0003191999999998,-0.0053766999999993,66.93,87.0,36.5,1
27514,SO-0501,ASI Nidhi Vaghela,ASI,35,2026-07-18 15:30:20+00:00,84.0,87.0,,21.086233,72.9541837,22.5,-0.634,0.678,0.502,,0.0,0.0,0.0,,,,,0.0,0.0,28.0,-2.3500000001064336e-05,-0.0053180000000025,70.78,87.0,36.5,1
27516,SO-0501,ASI Nidhi Vaghela,ASI,35,2026-07-18 15:30:50+00:00,85.0,87.0,,21.0859191,72.9505035,22.5,0.049,0.378,1.081,,0.0,0.0,0.0,,,,,0.0,0.0,30.0,-0.0003138999999983,-0.0036802000000051,45.91,87.0,36.5,1
27518,SO-0501,ASI Nidhi Vaghela,ASI,35,2026-07-18 15:31:21+00:00,90.0,87.0,,21.0860195,72.9495399,22.5,0.567,-0.669,0.293,,0.0,0.0,0.0,,,,,0.0,0.0,31.0,0.0001003999999973,-0.0009635999999915,11.66,87.0,36.5,1
27521,SO-0501,ASI Nidhi Vaghela,ASI,35,2026-07-18 15:31:52+00:00,82.0,87.0,,21.0857083,72.9446085,22.5,-0.696,-0.625,0.235,,0.0,0.0,0.0,,,,,0.0,0.0,31.0,-0.0003111999999987,-0.0049314000000038,59.42,87.0,36.5,1
27524,SO-0501,ASI Nidhi Vaghela,ASI,35,2026-07-18 15:32:23+00:00,81.0,83.0,,21.0849806,72.9406875,22.5,-0.366,-0.217,0.811,,0.0,0.0,0.0,,,,,0.0,0.0,31.0,-0.0007276999999987,-0.0039210000000053,48.06,83.0,36.5,1
27526,SO-0501,ASI Nidhi Vaghela,ASI,35,2026-07-18 15:32:52+00:00,95.0,88.0,,21.085016,72.9364984,18.399999618530273,-0.804,-0.615,0.212,,0.0,0.0,0.0,,,,,0.0,0.0,29.0,3.539999999802035e-05,-0.0041890999999907,53.84,88.0,36.5,1
27528,SO-0501,ASI Nidhi Vaghela,ASI,35,2026-07-18 15:33:23+00:00,85.0,87.0,,21.0852483,72.9359332,18.399999618530273,-0.361,0.062,1.085,,0.0,0.0,0.0,,,,,0.0,0.0,31.0,0.0002323000000004,-0.0005652000000111,7.43,87.0,36.5,1
27530,SO-0501,ASI Nidhi Vaghela,ASI,35,2026-07-18 15:33:52+00:00,85.0,87.0,,21.0850426,72.936465,18.5,-0.376,-0.44,0.953,,0.0,0.0,0.0,,,,,0.0,0.0,29.0,-0.0002056999999986,0.0005318000000045,7.4,87.0,36.5,1
27532,SO-0501,ASI Nidhi Vaghela,ASI,35,2026-07-18 15:34:24+00:00,87.0,54.0,,21.0853708,72.9350435,18.5,-0.951,-0.463,0.01,,0.0,0.0,0.0,,,,,0.0,0.0,32.0,0.0003281999999984,-0.0014214999999921,17.06,54.0,36.5,1
27535,SO-0501,ASI Nidhi Vaghela,ASI,35,2026-07-18 15:34:51+00:00,82.0,88.0,,21.0866106,72.931446,18.5,-0.317,0.218,1.019,,0.0,0.0,0.0,,,,,0.0,0.0,27.0,0.0012398000000004,-0.0035975000000121,52.94,88.0,36.5,1
27538,SO-0501,ASI Nidhi Vaghela,ASI,35,2026-07-18 15:35:22+00:00,91.0,88.0,,21.0888878,72.9260319,18.5,-0.202,-0.156,1.073,,0.0,0.0,0.0,,,,,0.0,0.0,31.0,0.0022771999999982,-0.0054140999999958,71.4,88.0,36.5,1
27541,SO-0501,ASI Nidhi Vaghela,ASI,35,2026-07-18 15:35:52+00:00,89.0,88.0,,21.0903973,72.9231864,18.5,0.2,0.518,0.988,,0.0,0.0,0.0,,,,,0.0,0.0,30.0,0.0015095000000009,-0.0028454999999922,40.67,88.0,36.5,1
27544,SO-0501,ASI Nidhi Vaghela,ASI,35,2026-07-18 15:36:23+00:00,93.0,80.0,,21.0904219,72.9224141,18.5,-0.801,0.211,0.895,,0.0,0.0,0.0,,,,,0.0,0.0,31.0,2.459999999970819e-05,-0.0007723000000083,9.29,80.0,36.5,1
27547,SO-0501,ASI Nidhi Vaghela,ASI,35,2026-07-18 15:36:52+00:00,87.0,81.0,,21.0905943,72.9218368,22.399999618530273,-0.976,-0.606,0.264,,0.0,0.0,0.0,,,,,0.0,0.0,29.0,0.0001724000000002,-0.0005773000000033,7.79,81.0,36.5,1
27550,SO-0501,ASI Nidhi Vaghela,ASI,35,2026-07-18 15:37:22+00:00,89.0,88.0,,21.0911438,72.9193842,22.399999618530273,-0.819,-0.33,0.246,,0.0,0.0,0.0,,,,,0.0,0.0,30.0,0.0005495000000017,-0.002452599999998,31.33,88.0,36.5,1
27553,SO-0501,ASI Nidhi Vaghela,ASI,35,2026-07-18 15:37:52+00:00,85.0,87.0,,21.0917068,72.9155906,22.399999618530273,-0.694,-0.014,0.835,,0.0,0.0,0.0,,,,,0.0,0.0,30.0,0.0005629999999996,-0.0037935999999945,47.72,87.0,36.5,1
27556,SO-0501,ASI Nidhi Vaghela,ASI,35,2026-07-18 15:38:23+00:00,93.0,88.0,,21.091502,72.9121825,22.399999618530273,-0.633,-0.731,0.173,,0.0,0.0,0.0,,,,,0.0,0.0,31.0,-0.0002048000000023,-0.0034081000000014,41.06,88.0,36.5,1
27559,SO-0501,ASI Nidhi Vaghela,ASI,35,2026-07-18 15:38:52+00:00,85.0,87.0,,21.0909187,72.9089782,22.399999618530273,0.05,-1.023,0.303,,0.0,0.0,0.0,,,,,0.0,0.0,29.0,-0.0005832999999988,-0.003204299999993,41.96,87.0,36.5,1
27561,SO-0501,ASI Nidhi Vaghela,ASI,35,2026-07-18 15:39:22+00:00,85.0,88.0,,21.0898714,72.905398,22.399999618530273,-0.859,-0.486,0.065,,0.0,0.0,0.0,,,,,0.0,0.0,30.0,-0.0010472999999997,-0.0035802000000018,46.61,88.0,36.5,1
27563,SO-0501,ASI Nidhi Vaghela,ASI,35,2026-07-18 15:39:52+00:00,86.0,88.0,,21.0894489,72.90204,18.200000762939453,-0.785,-0.117,0.761,,0.0,0.0,0.0,,,,,0.0,0.0,30.0,-0.0004224999999991,-0.0033580000000057,42.09,88.0,36.5,1
27566,SO-0501,ASI Nidhi Vaghela,ASI,35,2026-07-18 15:40:22+00:00,86.0,85.0,,21.0892036,72.8985606,18.200000762939453,-0.258,-0.154,1.121,,0.0,0.0,0.0,,,,,0.0,0.0,30.0,-0.0002452999999995,-0.0034794000000033,43.35,85.0,36.5,1
27569,SO-0501,ASI Nidhi Vaghela,ASI,35,2026-07-18 15:40:51+00:00,84.0,85.0,,21.0886591,72.8961607,17.600000381469727,-0.361,0.21,1.091,,0.0,0.0,0.0,,,,,0.0,0.0,29.0,-0.0005445000000001,-0.0023999000000003,31.74,85.0,36.5,1
27571,SO-0501,ASI Nidhi Vaghela,ASI,35,2026-07-18 15:41:20+00:00,93.0,86.0,,21.0887747,72.8952102,17.600000381469727,-0.271,-0.032,1.059,,0.0,0.0,0.0,,,,,0.0,0.0,29.0,0.0001155999999973,-0.0009505000000018,12.32,86.0,36.5,1
27573,SO-0501,ASI Nidhi Vaghela,ASI,35,2026-07-18 15:41:50+00:00,97.0,88.0,,21.0889089,72.8949184,17.600000381469727,-0.361,-0.051,1.02,,0.0,0.0,0.0,,,,,0.0,0.0,30.0,0.0001342000000015,-0.0002917999999993,4.04,88.0,36.5,2
27576,SO-0501,ASI Nidhi Vaghela,ASI,35,2026-07-18 15:42:20+00:00,100.0,75.0,,21.0890549,72.8949647,17.600000381469727,-0.082,-0.228,1.064,,0.0,0.0,0.0,,,,,0.0,0.0,30.0,0.0001460000000008,4.630000000815926e-05,2.03,75.0,36.5,2
27579,SO-0501,ASI Nidhi Vaghela,ASI,35,2026-07-18 15:42:52+00:00,100.0,79.0,,21.089065,72.8949677,17.600000381469727,-0.045,0.246,1.052,,0.0,0.0,0.0,,,,,0.0,0.0,32.0,1.0100000000790033e-05,2.999999992425728e-06,0.13,79.0,36.5,2
27582,SO-0501,ASI Nidhi Vaghela,ASI,35,2026-07-18 15:43:21+00:00,91.0,62.0,,21.0890842,72.89497,17.600000381469727,-0.999,-0.064,0.393,,0.0,0.0,0.0,,,,,0.0,0.0,29.0,1.9199999996999395e-05,2.300000005561742e-06,0.27,62.0,36.5,2
27584,SO-0501,ASI Nidhi Vaghela,ASI,35,2026-07-18 15:43:51+00:00,86.0,88.0,,21.0892205,72.8947888,17.600000381469727,-0.601,-0.314,0.677,,0.0,0.0,0.0,,,,,0.0,0.0,30.0,0.0001363000000011,-0.0001812000000001,2.89,88.0,36.5,0
27586,SO-0501,ASI Nidhi Vaghela,ASI,35,2026-07-18 15:44:21+00:00,83.0,88.0,,21.0898777,72.893299,19.100000381469727,-0.367,0.42,0.386,,0.0,0.0,0.0,,,,,0.0,0.0,30.0,0.0006571999999991,-0.0014898000000016,20.47,88.0,36.5,1
27588,SO-0501,ASI Nidhi Vaghela,ASI,35,2026-07-18 15:44:51+00:00,83.0,88.0,,21.0911531,72.8916529,19.100000381469727,-0.755,-0.197,1.043,,0.0,0.0,0.0,,,,,0.0,0.0,30.0,0.0012754000000008,-0.001646100000002,26.59,88.0,36.5,1
27590,SO-0501,ASI Nidhi Vaghela,ASI,35,2026-07-18 15:45:21+00:00,90.0,87.0,,21.092411,72.8899822,19.100000381469727,-0.97,-0.327,0.41,,0.0,0.0,0.0,,,,,0.0,0.0,30.0,0.0012578999999988,-0.0016706999999911,26.67,87.0,36.5,1
27592,SO-0501,ASI Nidhi Vaghela,ASI,35,2026-07-18 15:45:51+00:00,89.0,88.0,,21.0934676,72.8884898,19.100000381469727,-1.043,-0.364,0.021,,0.0,0.0,0.0,,,,,0.0,0.0,30.0,0.0010566000000018,-0.0014924000000036,23.28,88.0,36.5,1
27595,SO-0501,ASI Nidhi Vaghela,ASI,35,2026-07-18 15:46:21+00:00,92.0,87.0,,21.0943574,72.8874801,17.499998092651367,-0.164,0.093,1.065,,0.0,0.0,0.0,,,,,0.0,0.0,30.0,0.0008897999999994,-0.0010096999999973,17.26,87.0,36.5,1
27598,SO-0501,ASI Nidhi Vaghela,ASI,35,2026-07-18 15:46:51+00:00,84.0,88.0,,21.0943541,72.8875396,16.100000381469727,-0.529,0.283,0.635,,0.0,0.0,0.0,,,,,0.0,0.0,30.0,-3.299999999484271e-06,5.949999999188549e-05,0.74,88.0,36.5,0
27601,SO-0501,ASI Nidhi Vaghela,ASI,35,2026-07-18 15:47:21+00:00,96.0,86.0,,21.0943052,72.8875517,16.100000381469727,-0.469,0.504,0.81,,0.0,0.0,0.0,,,,,0.0,0.0,30.0,-4.889999999946326e-05,1.210000000639866e-05,0.67,86.0,36.5,2
27604,SO-0501,ASI Nidhi Vaghela,ASI,35,2026-07-18 15:47:51+00:00,89.0,86.0,,21.094315,72.8874891,16.100000381469727,-0.127,0.137,1.172,,0.0,0.0,0.0,,,,,0.0,0.0,30.0,9.800000000836915e-06,-6.260000000679611e-05,0.79,86.0,36.5,0
27607,SO-0501,ASI Nidhi Vaghela,ASI,35,2026-07-18 15:48:21+00:00,86.0,88.0,,21.0950627,72.8879836,16.100000381469727,0.028,0.09,0.699,,0.0,0.0,0.0,,,,,0.0,0.0,30.0,0.000747699999998,0.000494500000002,11.7,88.0,36.5,1
27610,SO-0501,ASI Nidhi Vaghela,ASI,35,2026-07-18 15:48:51+00:00,81.0,86.0,,21.0956589,72.8885885,16.600000381469727,-0.562,-0.225,0.897,,0.0,0.0,0.0,,,,,0.0,0.0,30.0,0.0005962000000003,0.000604899999999,10.93,86.0,36.5,1
27613,SO-0501,ASI Nidhi Vaghela,ASI,35,2026-07-18 15:49:21+00:00,83.0,88.0,,21.0964956,72.8890423,16.600000381469727,-0.103,0.175,1.085,,0.0,0.0,0.0,,,,,0.0,0.0,30.0,0.0008367000000006,0.0004538000000025,12.49,88.0,36.5,1
27616,SO-0501,ASI Nidhi Vaghela,ASI,35,2026-07-18 15:49:52+00:00,93.0,84.0,,21.0964699,72.8881992,15.799999237060549,-0.025,0.193,1.086,,0.0,0.0,0.0,,,,,0.0,0.0,31.0,-2.5700000001904755e-05,-0.0008430999999973,10.14,84.0,36.5,1
27619,SO-0501,ASI Nidhi Vaghela,ASI,35,2026-07-18 15:50:21+00:00,91.0,88.0,,21.0956338,72.8882737,15.799999237060549,-0.844,0.013,-0.184,,0.0,0.0,0.0,,,,,0.0,0.0,29.0,-0.0008360999999972,7.449999999664669e-05,11.56,88.0,36.5,1
27622,SO-0501,ASI Nidhi Vaghela,ASI,35,2026-07-18 15:50:53+00:00,98.0,82.0,,21.0957354,72.8882323,16.19999885559082,-0.481,0.87,0.301,,0.0,0.0,0.0,,,,,0.0,0.0,32.0,0.0001015999999971,-4.140000000063537e-05,1.36,82.0,36.5,2
27625,SO-0501,ASI Nidhi Vaghela,ASI,35,2026-07-18 15:51:24+00:00,93.0,83.0,,21.0957393,72.8882849,16.19999885559082,-0.686,0.799,0.463,,0.0,0.0,0.0,,,,,0.0,0.0,31.0,3.900000002943216e-06,5.260000000362197e-05,0.63,83.0,36.5,2
27627,SO-0501,ASI Nidhi Vaghela,ASI,35,2026-07-18 15:51:54+00:00,81.0,73.0,,21.0957399,72.8882864,16.19999885559082,-0.396,0.768,0.287,,0.0,0.0,0.0,,,,,0.0,0.0,30.0,5.999999999062311e-07,1.499999996212864e-06,0.02,73.0,36.5,0
27629,SO-0501,ASI Nidhi Vaghela,ASI,35,2026-07-18 15:52:24+00:00,89.0,76.0,,21.0957399,72.8882858,16.19999885559082,-0.258,0.949,-0.025,,0.0,0.0,0.0,,,,,0.0,0.0,30.0,0.0,-5.999999928008037e-07,0.01,76.0,36.5,0
27634,SO-0501,ASI Nidhi Vaghela,ASI,35,2026-07-18 15:52:54+00:00,87.0,88.0,,21.09574,72.8882926,16.19999885559082,-0.141,0.906,0.415,,0.0,0.0,0.0,,,,,0.0,0.0,30.0,9.999999761589606e-08,6.799999994200334e-06,0.08,88.0,36.5,0
27633,SO-0501,ASI Nidhi Vaghela,ASI,35,2026-07-18 15:53:25+00:00,84.0,78.0,,21.0957401,72.8882928,16.19999885559082,-0.331,0.999,0.353,,0.0,0.0,0.0,,,,,0.0,0.0,31.0,1.0000000116860974e-07,2.0000000233721948e-07,0.0,78.0,36.5,0
27637,SO-0501,ASI Nidhi Vaghela,ASI,35,2026-07-18 15:53:54+00:00,81.0,88.0,,21.0957401,72.8882928,16.19999885559082,-0.421,0.586,-0.589,,0.0,0.0,0.0,,,,,0.0,0.0,29.0,0.0,0.0,0.0,88.0,36.5,0
27640,SO-0501,ASI Nidhi Vaghela,ASI,35,2026-07-18 15:54:25+00:00,81.0,77.0,,21.0957401,72.8882928,16.19999885559082,-0.376,0.867,0.318,,0.0,0.0,0.0,,,,,0.0,0.0,31.0,0.0,0.0,0.0,77.0,36.5,0
27643,SO-0501,ASI Nidhi Vaghela,ASI,35,2026-07-18 15:54:55+00:00,87.0,76.0,,21.0957229,72.8812704,16.19999885559082,-0.508,0.619,-0.536,,0.0,0.0,0.0,,,,,0.0,0.0,30.0,-1.720000000204891e-05,-0.0070223999999967,87.24,76.0,36.5,1
27646,SO-0501,ASI Nidhi Vaghela,ASI,35,2026-07-18 15:55:22+00:00,87.0,88.0,,21.0957402,72.8882928,16.19999885559082,-0.28,0.928,0.277,,0.0,0.0,0.0,,,,,0.0,0.0,27.0,1.730000000321752e-05,0.0070223999999967,96.93,88.0,36.5,1
27649,SO-0501,ASI Nidhi Vaghela,ASI,35,2026-07-18 15:55:52+00:00,88.0,88.0,,21.0957382,72.888294,16.19999885559082,-0.878,-0.403,-0.055,,0.0,0.0,0.0,,,,,0.0,0.0,30.0,-2.0000000020559128e-06,1.1999999998124622e-06,0.03,88.0,36.5,0
27652,SO-0501,ASI Nidhi Vaghela,ASI,35,2026-07-18 15:56:27+00:00,93.0,88.0,,21.0957382,72.888294,16.19999885559082,-0.943,-0.322,-0.22,,0.0,0.0,0.0,,,,,0.0,0.0,35.0,0.0,0.0,0.0,88.0,36.5,2
27655,SO-0501,ASI Nidhi Vaghela,ASI,35,2026-07-18 15:56:55+00:00,94.0,79.0,,21.0957399,72.8882923,16.19999885559082,-0.167,0.936,0.288,,0.0,0.0,0.0,,,,,0.0,0.0,28.0,1.7000000021027972e-06,-1.6999999985500835e-06,0.03,79.0,36.5,2
27658,SO-0501,ASI Nidhi Vaghela,ASI,35,2026-07-18 15:57:22+00:00,85.0,82.0,,21.0957401,72.8882929,16.19999885559082,-0.275,0.934,0.325,,0.0,0.0,0.0,,,,,0.0,0.0,27.0,1.999999987845058e-07,5.999999928008037e-07,0.01,82.0,36.5,0
27661,SO-0501,ASI Nidhi Vaghela,ASI,35,2026-07-18 15:57:55+00:00,86.0,88.0,,21.0957424,72.8882964,16.19999885559082,-0.911,-0.282,-0.141,,0.0,0.0,0.0,,,,,0.0,0.0,33.0,2.2999999984563142e-06,3.500000005374204e-06,0.05,88.0,36.5,0
27664,SO-0501,ASI Nidhi Vaghela,ASI,35,2026-07-18 15:58:23+00:00,92.0,84.0,,21.09574,72.8882926,16.19999885559082,-0.351,0.877,0.32,,0.0,0.0,0.0,,,,,0.0,0.0,28.0,-2.3999999996249244e-06,-3.800000001774606e-06,0.06,84.0,36.5,2
27666,SO-0501,ASI Nidhi Vaghela,ASI,35,2026-07-18 15:58:52+00:00,85.0,68.0,,21.09574,72.8882921,16.19999885559082,-0.296,0.939,0.238,,0.0,0.0,0.0,,,,,0.0,0.0,29.0,0.0,-4.999999987376214e-07,0.01,68.0,36.5,0
27669,SO-0501,ASI Nidhi Vaghela,ASI,35,2026-07-18 15:59:22+00:00,82.0,78.0,,21.09574,72.8882921,16.19999885559082,-0.31,0.945,0.247,,0.0,0.0,0.0,,,,,0.0,0.0,30.0,0.0,0.0,0.0,78.0,36.5,0
27672,SO-0501,ASI Nidhi Vaghela,ASI,35,2026-07-18 15:59:55+00:00,91.0,85.0,,21.0904896,72.8864392,16.19999885559082,-0.513,0.628,-0.531,,0.0,0.0,0.0,,,,,0.0,0.0,33.0,-0.0052503999999977,-0.0018529000000029,66.93,85.0,36.5,1
27675,SO-0501,ASI Nidhi Vaghela,ASI,35,2026-07-18 16:00:22+00:00,88.0,63.0,,21.09574,72.8882926,16.19999885559082,-0.74,0.784,0.07,,0.0,0.0,0.0,,,,,0.0,0.0,27.0,0.0052503999999977,0.0018534000000016,81.81,63.0,36.5,1
27677,SO-0501,ASI Nidhi Vaghela,ASI,35,2026-07-18 16:00:52+00:00,95.0,83.0,,21.0957399,72.8882922,16.19999885559082,-0.292,1.063,0.277,,0.0,0.0,0.0,,,,,0.0,0.0,30.0,-9.999999761589606e-08,-4.0000000467443897e-07,0.01,83.0,36.5,2
27679,SO-0501,ASI Nidhi Vaghela,ASI,35,2026-07-18 16:01:23+00:00,84.0,68.0,,21.0957426,72.8882961,16.19999885559082,-0.195,0.802,0.496,,0.0,0.0,0.0,,,,,0.0,0.0,31.0,2.69999999957804e-06,3.900000010048643e-06,0.06,68.0,36.5,0
27764,SO-0501,ASI Nidhi Vaghela,ASI,35,2026-07-18 17:05:18+00:00,82.0,,,21.0957402,72.8882862,16.19999885559082,-0.209,-0.521,0.928,,0.0,0.0,0.0,,,,,0.0,0.0,3835.0,-2.3999999996249244e-06,-9.900000009110954e-06,0.0,68.0,36.5,0
27766,SO-0501,ASI Nidhi Vaghela,ASI,35,2026-07-18 17:05:46+00:00,96.0,88.0,,21.0957405,72.8882856,16.19999885559082,-0.983,-0.075,0.05,,0.0,0.0,0.0,,,,,0.0,0.0,28.0,2.999999999531156e-07,-5.999999928008037e-07,0.01,88.0,36.5,2
27768,SO-0501,ASI Nidhi Vaghela,ASI,35,2026-07-18 17:06:16+00:00,90.0,87.0,,21.0957405,72.8882826,16.19999885559082,-0.514,-0.21,0.862,,0.0,0.0,0.0,,,,,0.0,0.0,30.0,0.0,-3.000000006636583e-06,0.04,87.0,36.5,0
27770,SO-0501,ASI Nidhi Vaghela,ASI,35,2026-07-18 17:06:48+00:00,82.0,88.0,,21.0957402,72.8882832,16.19999885559082,-0.892,-0.061,0.474,,0.0,0.0,0.0,,,,,0.0,0.0,32.0,-2.999999999531156e-07,6.000000070116585e-07,0.01,88.0,36.5,0
27772,SO-0501,ASI Nidhi Vaghela,ASI,35,2026-07-18 17:07:18+00:00,85.0,86.0,,21.0957403,72.888284,16.19999885559082,-0.719,-0.115,0.757,,0.0,0.0,0.0,,,,,0.0,0.0,30.0,9.999999761589606e-08,7.999999951380232e-07,0.01,86.0,36.5,0
27774,SO-0501,ASI Nidhi Vaghela,ASI,35,2026-07-18 17:07:48+00:00,83.0,87.0,,21.0957407,72.8882829,16.19999885559082,-0.754,-0.094,0.716,,0.0,0.0,0.0,,,,,0.0,0.0,30.0,4.000000011217253e-07,-1.1000000057492798e-06,0.01,87.0,36.5,0
27776,SO-0501,ASI Nidhi Vaghela,ASI,35,2026-07-18 17:08:18+00:00,84.0,85.0,,21.0957402,72.8882861,16.19999885559082,-0.573,0.073,0.9,,0.0,0.0,0.0,,,,,0.0,0.0,30.0,-4.999999987376214e-07,3.2000000089738023e-06,0.04,85.0,36.5,0
27778,SO-0501,ASI Nidhi Vaghela,ASI,35,2026-07-18 17:08:48+00:00,86.0,75.0,,21.0957402,72.8882856,16.19999885559082,-0.674,0.487,-0.221,,0.0,0.0,0.0,,,,,0.0,0.0,30.0,0.0,-4.999999987376214e-07,0.01,75.0,36.5,0
27780,SO-0501,ASI Nidhi Vaghela,ASI,35,2026-07-18 17:09:18+00:00,83.0,82.0,,21.0957442,72.8882806,16.19999885559082,-0.242,0.946,0.219,,0.0,0.0,0.0,,,,,0.0,0.0,30.0,3.999999997006398e-06,-5.000000001587068e-06,0.08,82.0,36.5,0
27782,SO-0501,ASI Nidhi Vaghela,ASI,35,2026-07-18 17:09:48+00:00,84.0,75.0,,21.0958764,72.8881941,16.19999885559082,-0.684,0.844,0.408,,0.0,0.0,0.0,,,,,0.0,0.0,30.0,0.000132200000003,-8.649999999477131e-05,2.06,75.0,36.5,0
27784,SO-0501,ASI Nidhi Vaghela,ASI,35,2026-07-18 17:10:18+00:00,84.0,83.0,,21.0957481,72.8882801,16.19999885559082,-0.321,0.953,0.188,,0.0,0.0,0.0,,,,,0.0,0.0,30.0,-0.0001283,8.59999999960337e-05,2.02,83.0,36.5,0
27786,SO-0501,ASI Nidhi Vaghela,ASI,35,2026-07-18 17:10:48+00:00,90.0,68.0,,21.0957394,72.8882913,16.19999885559082,-0.222,1.052,0.304,,0.0,0.0,0.0,,,,,0.0,0.0,30.0,-8.700000002193065e-06,1.12000000029866e-05,0.18,68.0,36.5,0
27789,SO-0501,ASI Nidhi Vaghela,ASI,35,2026-07-18 17:11:20+00:00,89.0,87.0,,21.0957394,72.8882913,16.19999885559082,-0.399,0.892,0.32,,0.0,0.0,0.0,,,,,0.0,0.0,32.0,0.0,0.0,0.0,87.0,36.5,0
27791,SO-0501,ASI Nidhi Vaghela,ASI,35,2026-07-18 17:11:50+00:00,84.0,79.0,,21.0957394,72.8882913,16.19999885559082,-0.337,0.945,0.247,,0.0,0.0,0.0,,,,,0.0,0.0,30.0,0.0,0.0,0.0,79.0,36.5,0
27793,SO-0501,ASI Nidhi Vaghela,ASI,35,2026-07-18 17:12:20+00:00,84.0,64.0,,21.0950996,72.8857008,16.19999885559082,-0.301,0.805,0.313,,0.0,0.0,0.0,,,,,0.0,0.0,30.0,-0.0006397999999983,-0.0025905000000108,33.29,64.0,36.5,1
27795,SO-0501,ASI Nidhi Vaghela,ASI,35,2026-07-18 17:12:50+00:00,84.0,74.0,,21.0959263,72.8881716,16.100000381469727,-0.396,0.871,0.26,,0.0,0.0,0.0,,,,,0.0,0.0,30.0,0.0008266999999975,0.0024708000000117,32.61,74.0,36.5,1
27796,SO-0501,ASI Nidhi Vaghela,ASI,35,2026-07-18 17:13:18+00:00,83.0,76.0,,21.0959245,72.8881708,16.100000381469727,-0.445,-0.093,-0.021,,0.0,0.0,0.0,,,,,0.0,0.0,28.0,-1.7999999997186933e-06,-8.000000093488779e-07,0.03,76.0,36.5,0
27798,SO-0501,ASI Nidhi Vaghela,ASI,35,2026-07-18 17:13:48+00:00,83.0,63.0,,21.0959243,72.8881711,16.100000381469727,-0.107,0.865,0.41,,0.0,0.0,0.0,,,,,0.0,0.0,30.0,-1.999999987845058e-07,2.999999964004019e-07,0.0,63.0,36.5,0
27800,SO-0501,ASI Nidhi Vaghela,ASI,35,2026-07-18 17:14:18+00:00,81.0,84.0,,21.0957398,72.8882919,16.19999885559082,-0.22,0.939,0.171,,0.0,0.0,0.0,,,,,0.0,0.0,30.0,-0.0001844999999995,0.0001208000000048,2.88,84.0,36.5,0
27802,SO-0501,ASI Nidhi Vaghela,ASI,35,2026-07-18 17:14:48+00:00,82.0,77.0,,21.0957404,72.8882925,16.19999885559082,-0.268,0.948,-0.055,,0.0,0.0,0.0,,,,,0.0,0.0,30.0,5.999999999062311e-07,6.000000070116585e-07,0.01,77.0,36.5,0
27804,SO-0501,ASI Nidhi Vaghela,ASI,35,2026-07-18 17:15:18+00:00,90.0,67.0,,21.0958566,72.8882132,16.100000381469727,-0.549,0.592,-0.461,,0.0,0.0,0.0,,,,,0.0,0.0,30.0,0.0001162000000007,-7.93000000101074e-05,1.83,67.0,36.5,0
27807,SO-0501,ASI Nidhi Vaghela,ASI,35,2026-07-18 17:15:48+00:00,89.0,62.0,,21.0957452,72.8882802,16.19999885559082,-0.489,0.925,0.214,,0.0,0.0,0.0,,,,,0.0,0.0,30.0,-0.0001114000000015,6.700000000137152e-05,1.7,62.0,36.5,0
27810,SO-0501,ASI Nidhi Vaghela,ASI,35,2026-07-18 17:16:18+00:00,93.0,80.0,,21.0958997,72.8881985,16.100000381469727,-0.487,0.729,0.327,,0.0,0.0,0.0,,,,,0.0,0.0,30.0,0.0001545000000007,-8.169999999552147e-05,2.29,80.0,36.5,2
27815,SO-0501,ASI Nidhi Vaghela,ASI,35,2026-07-18 17:16:50+00:00,96.0,70.0,,21.0959258,72.8881714,16.100000381469727,-0.434,-0.942,0.15,,0.0,0.0,0.0,,,,,0.0,0.0,32.0,2.6099999999473766e-05,-2.709999999694901e-05,0.45,70.0,36.5,2
27817,SO-0501,ASI Nidhi Vaghela,ASI,35,2026-07-18 17:17:20+00:00,84.0,88.0,,21.0954982,72.88607,16.100000381469727,-0.312,-1.081,0.328,,0.0,0.0,0.0,,,,,0.0,0.0,30.0,-0.0004275999999983,-0.0021014000000008,26.72,88.0,36.5,1
27819,SO-0501,ASI Nidhi Vaghela,ASI,35,2026-07-18 17:17:48+00:00,86.0,82.0,,21.0959249,72.8881711,16.100000381469727,-0.864,-0.199,0.421,,0.0,0.0,0.0,,,,,0.0,0.0,28.0,0.0004266999999984,0.0021010999999901,28.62,82.0,36.5,1
27822,SO-0501,ASI Nidhi Vaghela,ASI,35,2026-07-18 17:18:18+00:00,85.0,85.0,,21.0957643,72.8882642,16.19999885559082,-0.561,0.809,0.437,,0.0,0.0,0.0,,,,,0.0,0.0,30.0,-0.0001606000000009,9.310000000084528e-05,2.43,85.0,36.5,0
27825,SO-0501,ASI Nidhi Vaghela,ASI,35,2026-07-18 17:18:48+00:00,86.0,81.0,,21.0955876,72.8882384,16.19999885559082,-0.34,0.883,0.32,,0.0,0.0,0.0,,,,,0.0,0.0,30.0,-0.0001766999999972,-2.579999998886251e-05,2.38,81.0,36.5,0
27828,SO-0501,ASI Nidhi Vaghela,ASI,35,2026-07-18 17:19:18+00:00,96.0,84.0,,21.0956742,72.8881793,16.19999885559082,-1.006,-0.521,0.679,,0.0,0.0,0.0,,,,,0.0,0.0,30.0,8.659999999949264e-05,-5.9100000001421904e-05,1.37,84.0,36.5,2
27833,SO-0501,ASI Nidhi Vaghela,ASI,35,2026-07-18 17:19:48+00:00,93.0,75.0,,21.0956425,72.8882092,16.19999885559082,-0.416,0.706,0.707,,0.0,0.0,0.0,,,,,0.0,0.0,30.0,-3.1700000000967066e-05,2.9900000001248372e-05,0.56,75.0,36.5,2
27834,SO-0501,ASI Nidhi Vaghela,ASI,35,2026-07-18 17:20:16+00:00,88.0,81.0,,21.0956456,72.8881947,16.600000381469727,-0.727,-0.406,-0.151,,0.0,0.0,0.0,,,,,0.0,0.0,28.0,3.1000000006997652e-06,-1.4500000006023583e-05,0.2,81.0,36.5,0
27837,SO-0501,ASI Nidhi Vaghela,ASI,35,2026-07-18 17:20:46+00:00,82.0,72.0,,21.0956488,72.8881893,16.19999885559082,-0.633,0.027,0.834,,0.0,0.0,0.0,,,,,0.0,0.0,30.0,3.1999999983156613e-06,-5.400000006261507e-06,0.08,72.0,36.5,0
27840,SO-0501,ASI Nidhi Vaghela,ASI,35,2026-07-18 17:21:16+00:00,99.0,87.0,,21.0956457,72.8881897,16.19999885559082,0.43,0.222,1.314,,0.0,0.0,0.0,,,,,0.0,0.0,30.0,-3.1000000006997652e-06,4.0000000467443897e-07,0.04,87.0,36.5,2
27843,SO-0501,ASI Nidhi Vaghela,ASI,35,2026-07-18 17:21:47+00:00,95.0,86.0,,21.0956669,72.8881703,16.19999885559082,0.013,-0.281,1.087,,0.0,0.0,0.0,,,,,0.0,0.0,31.0,2.120000000260802e-05,-1.9399999999336615e-05,0.36,86.0,36.5,2
27846,SO-0501,ASI Nidhi Vaghela,ASI,35,2026-07-18 17:22:17+00:00,93.0,76.0,,21.095955,72.8881941,16.100000381469727,-0.382,0.149,1.447,,0.0,0.0,0.0,,,,,0.0,0.0,30.0,0.0002880999999987,2.380000000812288e-05,3.85,76.0,36.5,2
27849,SO-0501,ASI Nidhi Vaghela,ASI,35,2026-07-18 17:22:47+00:00,81.0,74.0,,21.0963049,72.8881707,16.100000381469727,-0.5,0.15,0.843,,0.0,0.0,0.0,,,,,0.0,0.0,30.0,0.0003498999999997,-2.340000000344844e-05,4.67,74.0,36.5,1
27852,SO-0501,ASI Nidhi Vaghela,ASI,35,2026-07-18 17:23:17+00:00,89.0,88.0,,21.096459,72.8889214,16.100000381469727,-0.704,-0.397,0.467,,0.0,0.0,0.0,,,,,0.0,0.0,30.0,0.0001540999999996,0.0007506999999975,9.55,88.0,36.5,1
27855,SO-0501,ASI Nidhi Vaghela,ASI,35,2026-07-18 17:23:48+00:00,84.0,88.0,,21.0961057,72.8890081,15.799999237060549,-0.679,-0.113,0.716,,0.0,0.0,0.0,,,,,0.0,0.0,31.0,-0.0003533000000004,8.669999999710853e-05,4.67,88.0,36.5,1
27858,SO-0501,ASI Nidhi Vaghela,ASI,35,2026-07-18 17:24:19+00:00,93.0,87.0,,21.0954907,72.8885542,16.600000381469727,-0.765,-0.714,-0.047,,0.0,0.0,0.0,,,,,0.0,0.0,31.0,-0.0006149999999998,-0.0004538999999965,9.62,87.0,36.5,1
27860,SO-0501,ASI Nidhi Vaghela,ASI,35,2026-07-18 17:24:48+00:00,95.0,76.0,,21.0952957,72.8885656,16.600000381469727,-0.864,-0.189,0.518,,0.0,0.0,0.0,,,,,0.0,0.0,29.0,-0.0001949999999979,1.1400000005323818e-05,2.69,76.0,36.5,2
27862,SO-0501,ASI Nidhi Vaghela,ASI,35,2026-07-18 17:25:18+00:00,95.0,88.0,,21.0953615,72.8882378,16.600000381469727,-0.737,-0.647,0.159,,0.0,0.0,0.0,,,,,0.0,0.0,30.0,6.579999999800634e-05,-0.0003278000000079,4.17,88.0,36.5,2
27864,SO-0501,ASI Nidhi Vaghela,ASI,35,2026-07-18 17:25:48+00:00,90.0,77.0,,21.0944039,72.8880434,16.600000381469727,-0.389,-0.114,0.839,,0.0,0.0,0.0,,,,,0.0,0.0,30.0,-0.0009575999999995,-0.000194399999998,12.98,77.0,36.5,1
27866,SO-0501,ASI Nidhi Vaghela,ASI,35,2026-07-18 17:26:17+00:00,84.0,87.0,,21.0943949,72.8874046,16.600000381469727,-0.313,0.242,1.035,,0.0,0.0,0.0,,,,,0.0,0.0,29.0,-8.999999998593466e-06,-0.0006388000000043,8.21,87.0,36.5,1
27868,SO-0501,ASI Nidhi Vaghela,ASI,35,2026-07-18 17:26:47+00:00,84.0,83.0,,21.092964,72.8891193,16.80000114440918,-0.834,-0.459,-0.268,,0.0,0.0,0.0,,,,,0.0,0.0,30.0,-0.0014309000000025,0.0017147000000079,28.58,83.0,36.5,1
27870,SO-0501,ASI Nidhi Vaghela,ASI,35,2026-07-18 17:27:17+00:00,94.0,76.0,,21.0915332,72.8910826,16.80000114440918,-0.598,0.654,0.428,,0.0,0.0,0.0,,,,,0.0,0.0,30.0,-0.0014307999999978,0.0019632999999998,30.95,76.0,36.5,1
27872,SO-0501,ASI Nidhi Vaghela,ASI,35,2026-07-18 17:27:47+00:00,99.0,76.0,,21.0902379,72.8928169,20.600000381469727,-0.566,-0.004,0.968,,0.0,0.0,0.0,,,,,0.0,0.0,30.0,-0.0012952999999988,0.0017342999999954,27.6,76.0,36.5,1
27874,SO-0501,ASI Nidhi Vaghela,ASI,35,2026-07-18 17:28:17+00:00,92.0,87.0,,21.0891755,72.8948818,20.600000381469727,0.182,0.245,1.053,,0.0,0.0,0.0,,,,,0.0,0.0,30.0,-0.0010624000000021,0.0020648999999934,29.3,87.0,36.5,1
27886,SO-0501,ASI Nidhi Vaghela,ASI,35,2026-07-18 17:33:27+00:00,87.0,86.0,,21.0983544,72.8714234,19.100000381469727,-0.928,-0.299,0.337,,0.0,0.0,0.0,,,,,0.0,0.0,310.0,0.0091789000000019,-0.0234583999999955,0.0,86.0,36.5,0
28199,SO-0501,ASI Nidhi Vaghela,ASI,35,2026-07-18 19:36:38+00:00,92.0,,,21.2613309,72.7809033,19.399999618530273,-0.377,0.845,0.435,,0.0,0.0,0.0,,,,,0.0,0.0,7391.0,0.1629764999999992,-0.090520099999992,0.0,86.0,36.5,2
28201,SO-0501,ASI Nidhi Vaghela,ASI,35,2026-07-18 19:37:08+00:00,87.0,,,21.2613305,72.7809028,19.399999618530273,-0.377,0.851,0.429,,0.0,0.0,0.0,,,,,0.0,0.0,30.0,-4.000000011217253e-07,-4.999999987376214e-07,0.01,86.0,36.5,0
28203,SO-0501,ASI Nidhi Vaghela,ASI,35,2026-07-18 19:37:40+00:00,95.0,,,21.2613301,72.7809021,19.399999618530273,-0.38,0.852,0.438,,0.0,0.0,0.0,,,,,0.0,0.0,32.0,-4.000000011217253e-07,-7.000000010748408e-07,0.01,86.0,36.5,2
28205,SO-0501,ASI Nidhi Vaghela,ASI,35,2026-07-18 19:38:10+00:00,89.0,,,21.2613296,72.7808968,19.399999618530273,-0.379,0.85,0.432,,0.0,0.0,0.0,,,,,0.0,0.0,30.0,-4.999999987376214e-07,-5.300000012198325e-06,0.07,86.0,36.5,0
28207,SO-0501,ASI Nidhi Vaghela,ASI,35,2026-07-18 19:38:41+00:00,98.0,,,21.2613305,72.7809028,19.399999618530273,-0.377,0.846,0.429,,0.0,0.0,0.0,,,,,0.0,0.0,31.0,8.999999998593466e-07,6.000000013273166e-06,0.07,86.0,36.5,2
28209,SO-0501,ASI Nidhi Vaghela,ASI,35,2026-07-18 19:39:08+00:00,91.0,,,21.2613294,72.780898,19.399999618530273,-0.379,0.843,0.426,,0.0,0.0,0.0,,,,,0.0,0.0,27.0,-1.0999999986438525e-06,-4.8000000134607035e-06,0.07,86.0,36.5,2
28211,SO-0501,ASI Nidhi Vaghela,ASI,35,2026-07-18 19:39:40+00:00,90.0,,,21.2613295,72.7809002,19.399999618530273,-0.38,0.845,0.437,,0.0,0.0,0.0,,,,,0.0,0.0,32.0,9.999999761589606e-08,2.2000000114985596e-06,0.03,86.0,36.5,0
28213,SO-0501,ASI Nidhi Vaghela,ASI,35,2026-07-18 19:40:10+00:00,92.0,,,21.2613294,72.7808991,19.399999618530273,-0.383,0.846,0.426,,0.0,0.0,0.0,,,,,0.0,0.0,30.0,-9.999999761589606e-08,-1.1000000057492798e-06,0.01,86.0,36.5,2
28215,SO-0501,ASI Nidhi Vaghela,ASI,35,2026-07-18 19:40:40+00:00,88.0,,,21.2613294,72.780898,19.399999618530273,-0.382,0.847,0.428,,0.0,0.0,0.0,,,,,0.0,0.0,30.0,0.0,-1.1000000057492798e-06,0.01,86.0,36.5,0
28217,SO-0501,ASI Nidhi Vaghela,ASI,35,2026-07-18 19:41:11+00:00,87.0,,,21.2613294,72.780898,19.399999618530273,-0.382,0.849,0.426,,0.0,0.0,0.0,,,,,0.0,0.0,31.0,0.0,0.0,0.0,86.0,36.5,0
28219,SO-0501,ASI Nidhi Vaghela,ASI,35,2026-07-18 19:41:42+00:00,98.0,,,21.2613294,72.780898,19.399999618530273,-0.384,0.847,0.43,,0.0,0.0,0.0,,,,,0.0,0.0,31.0,0.0,0.0,0.0,86.0,36.5,2
28221,SO-0501,ASI Nidhi Vaghela,ASI,35,2026-07-18 19:42:12+00:00,93.0,,,21.2613295,72.7809002,19.399999618530273,-0.382,0.844,0.428,,0.0,0.0,0.0,,,,,0.0,0.0,30.0,9.999999761589606e-08,2.2000000114985596e-06,0.03,86.0,36.5,2
28223,SO-0501,ASI Nidhi Vaghela,ASI,35,2026-07-18 19:42:42+00:00,87.0,,,21.2613294,72.780898,19.399999618530273,-0.387,0.848,0.431,,0.0,0.0,0.0,,,,,0.0,0.0,30.0,-9.999999761589606e-08,-2.2000000114985596e-06,0.03,86.0,36.5,0
28225,SO-0501,ASI Nidhi Vaghela,ASI,35,2026-07-18 19:43:11+00:00,92.0,,,21.2613308,72.7809032,19.399999618530273,-0.384,0.842,0.436,,0.0,0.0,0.0,,,,,0.0,0.0,29.0,1.399999998596968e-06,5.200000003924288e-06,0.07,86.0,36.5,2
28227,SO-0501,ASI Nidhi Vaghela,ASI,35,2026-07-18 19:43:41+00:00,98.0,,,21.2624137,72.7827772,19.100000381469727,-0.388,0.845,0.432,,0.0,0.0,0.0,,,,,0.0,0.0,30.0,0.0010829000000001,0.0018740000000008,27.39,86.0,36.5,1
28229,SO-0501,ASI Nidhi Vaghela,ASI,35,2026-07-18 19:44:11+00:00,94.0,,,21.2613968,72.7809649,19.399999618530273,-0.386,0.848,0.428,,0.0,0.0,0.0,,,,,0.0,0.0,30.0,-0.0010168999999997,-0.0018122999999974,26.27,86.0,36.5,1
28230,SO-0501,ASI Nidhi Vaghela,ASI,35,2026-07-18 19:44:41+00:00,90.0,,,21.2613294,72.780898,19.399999618530273,-0.385,0.842,0.436,,0.0,0.0,0.0,,,,,0.0,0.0,30.0,-6.739999999894053e-05,-6.690000000730834e-05,1.22,86.0,36.5,0
28231,SO-0501,ASI Nidhi Vaghela,ASI,35,2026-07-18 19:45:11+00:00,95.0,,,21.2613324,72.7809037,19.399999618530273,-0.39,0.844,0.427,,0.0,0.0,0.0,,,,,0.0,0.0,30.0,2.9999999995311555e-06,5.700000002661909e-06,0.08,86.0,36.5,2
28232,SO-0501,ASI Nidhi Vaghela,ASI,35,2026-07-18 19:45:41+00:00,90.0,,,21.2613298,72.7809012,19.399999618530273,-0.39,0.843,0.432,,0.0,0.0,0.0,,,,,0.0,0.0,30.0,-2.600000001962144e-06,-2.4999999936881068e-06,0.05,86.0,36.5,0
28233,SO-0501,ASI Nidhi Vaghela,ASI,35,2026-07-18 19:46:11+00:00,98.0,,,21.2613294,72.7808991,19.399999618530273,-0.388,0.839,0.429,,0.0,0.0,0.0,,,,,0.0,0.0,30.0,-3.999999975690116e-07,-2.1000000032245225e-06,0.03,86.0,36.5,2
28234,SO-0501,ASI Nidhi Vaghela,ASI,35,2026-07-18 19:46:43+00:00,89.0,,,21.2613292,72.7808956,19.399999618530273,-0.392,0.843,0.433,,0.0,0.0,0.0,,,,,0.0,0.0,32.0,-2.0000000233721948e-07,-3.500000005374204e-06,0.04,86.0,36.5,0
28235,SO-0501,ASI Nidhi Vaghela,ASI,35,2026-07-18 19:47:12+00:00,95.0,,,21.2613298,72.7808958,19.399999618530273,-0.386,0.841,0.427,,0.0,0.0,0.0,,,,,0.0,0.0,29.0,5.999999999062311e-07,2.0000000233721948e-07,0.01,86.0,36.5,2
28236,SO-0501,ASI Nidhi Vaghela,ASI,35,2026-07-18 19:47:43+00:00,97.0,,,21.2613296,72.7808968,19.399999618530273,-0.39,0.842,0.438,,0.0,0.0,0.0,,,,,0.0,0.0,31.0,-1.999999987845058e-07,9.999999974752427e-07,0.01,86.0,36.5,2
28237,SO-0501,ASI Nidhi Vaghela,ASI,35,2026-07-18 19:48:14+00:00,91.0,,,21.2613295,72.7809002,19.399999618530273,-0.391,0.841,0.433,,0.0,0.0,0.0,,,,,0.0,0.0,31.0,-1.0000000116860974e-07,3.400000011311022e-06,0.04,86.0,36.5,2
28238,SO-0501,ASI Nidhi Vaghela,ASI,35,2026-07-18 19:48:44+00:00,92.0,,,21.2613296,72.7808968,19.399999618530273,-0.387,0.843,0.434,,0.0,0.0,0.0,,,,,0.0,0.0,30.0,1.0000000116860974e-07,-3.400000011311022e-06,0.04,86.0,36.5,2
28239,SO-0501,ASI Nidhi Vaghela,ASI,35,2026-07-18 19:49:11+00:00,93.0,,,21.2613294,72.7808991,19.399999618530273,-0.385,0.848,0.44,,0.0,0.0,0.0,,,,,0.0,0.0,27.0,-1.999999987845058e-07,2.300000005561742e-06,0.03,86.0,36.5,2
28240,SO-0501,ASI Nidhi Vaghela,ASI,35,2026-07-18 19:49:44+00:00,94.0,,,21.2616478,72.7811056,19.399999618530273,-0.389,0.845,0.437,,0.0,0.0,0.0,,,,,0.0,0.0,33.0,0.0003183999999976,0.0002065000000044,4.51,86.0,36.5,1
28241,SO-0501,ASI Nidhi Vaghela,ASI,35,2026-07-18 19:50:17+00:00,92.0,,,21.2613298,72.7809012,19.399999618530273,-0.38,0.842,0.434,,0.0,0.0,0.0,,,,,0.0,0.0,33.0,-0.000318,-0.0002044000000012,4.49,86.0,36.5,2
28242,SO-0501,ASI Nidhi Vaghela,ASI,35,2026-07-18 19:50:46+00:00,98.0,,,21.2613324,72.7809037,19.399999618530273,-0.386,0.848,0.434,,0.0,0.0,0.0,,,,,0.0,0.0,29.0,2.600000001962144e-06,2.4999999936881068e-06,0.05,86.0,36.5,2
28243,SO-0501,ASI Nidhi Vaghela,ASI,35,2026-07-18 19:51:16+00:00,96.0,,,21.2613294,72.7808991,19.399999618530273,-0.379,0.843,0.431,,0.0,0.0,0.0,,,,,0.0,0.0,30.0,-2.9999999995311555e-06,-4.599999996912629e-06,0.07,86.0,36.5,2
28244,SO-0501,ASI Nidhi Vaghela,ASI,35,2026-07-18 19:51:46+00:00,98.0,,,21.2613296,72.7808968,19.399999618530273,-0.383,0.849,0.433,,0.0,0.0,0.0,,,,,0.0,0.0,30.0,1.999999987845058e-07,-2.300000005561742e-06,0.03,86.0,36.5,2
28245,SO-0501,ASI Nidhi Vaghela,ASI,35,2026-07-18 19:52:17+00:00,89.0,,,21.2613298,72.7808958,19.399999618530273,-0.376,0.849,0.44,,0.0,0.0,0.0,,,,,0.0,0.0,31.0,1.999999987845058e-07,-9.999999974752427e-07,0.01,86.0,36.5,0
28246,SO-0501,ASI Nidhi Vaghela,ASI,35,2026-07-18 19:52:50+00:00,93.0,,,21.2613292,72.7808956,19.399999618530273,-0.375,0.843,0.442,,0.0,0.0,0.0,,,,,0.0,0.0,33.0,-5.999999999062311e-07,-2.0000000233721948e-07,0.01,86.0,36.5,2
28247,SO-0501,ASI Nidhi Vaghela,ASI,35,2026-07-18 19:53:17+00:00,91.0,,,21.2616108,72.7808242,19.399999618530273,-0.375,0.849,0.436,,0.0,0.0,0.0,,,,,0.0,0.0,27.0,0.0002816000000009,-7.139999999594693e-05,4.28,86.0,36.5,2
28248,SO-0501,ASI Nidhi Vaghela,ASI,35,2026-07-18 19:53:47+00:00,93.0,,,21.2613295,72.7809002,19.399999618530273,-0.374,0.848,0.439,,0.0,0.0,0.0,,,,,0.0,0.0,30.0,-0.000281300000001,7.600000000707041e-05,3.86,86.0,36.5,2
28249,SO-0501,ASI Nidhi Vaghela,ASI,35,2026-07-18 19:54:18+00:00,94.0,,,21.2613295,72.7809002,19.399999618530273,-0.372,0.85,0.44,,0.0,0.0,0.0,,,,,0.0,0.0,31.0,0.0,0.0,0.0,86.0,36.5,2
28250,SO-0501,ASI Nidhi Vaghela,ASI,35,2026-07-18 19:54:50+00:00,96.0,,,21.2613294,72.7808991,19.399999618530273,-0.378,0.852,0.44,,0.0,0.0,0.0,,,,,0.0,0.0,32.0,-9.999999761589606e-08,-1.1000000057492798e-06,0.01,86.0,36.5,2
28251,SO-0501,ASI Nidhi Vaghela,ASI,35,2026-07-18 19:55:20+00:00,92.0,,,21.2613298,72.7809012,19.399999618530273,-0.373,0.843,0.44,,0.0,0.0,0.0,,,,,0.0,0.0,30.0,3.999999975690116e-07,2.1000000032245225e-06,0.03,86.0,36.5,2
28252,SO-0501,ASI Nidhi Vaghela,ASI,35,2026-07-18 19:55:49+00:00,95.0,,,21.2613311,72.7809035,19.399999618530273,-0.372,0.85,0.437,,0.0,0.0,0.0,,,,,0.0,0.0,29.0,1.300000000981072e-06,2.2999999913508873e-06,0.03,86.0,36.5,2
28253,SO-0501,ASI Nidhi Vaghela,ASI,35,2026-07-18 19:56:19+00:00,89.0,,,21.2613294,72.7808991,19.399999618530273,-0.369,0.853,0.441,,0.0,0.0,0.0,,,,,0.0,0.0,30.0,-1.6999999985500835e-06,-4.39999999457541e-06,0.06,86.0,36.5,0
28254,SO-0501,ASI Nidhi Vaghela,ASI,35,2026-07-18 19:56:48+00:00,91.0,,,21.2615942,72.7807004,19.399999618530273,-0.37,0.849,0.443,,0.0,0.0,0.0,,,,,0.0,0.0,29.0,0.0002648,-0.0001986999999985,4.45,86.0,36.5,2
28255,SO-0501,ASI Nidhi Vaghela,ASI,35,2026-07-18 19:57:19+00:00,93.0,,,21.2613294,72.7808991,19.399999618530273,-0.368,0.853,0.443,,0.0,0.0,0.0,,,,,0.0,0.0,31.0,-0.0002648,0.0001986999999985,4.17,86.0,36.5,2
28256,SO-0501,ASI Nidhi Vaghela,ASI,35,2026-07-18 19:57:49+00:00,84.0,,,21.2613296,72.7808968,19.399999618530273,-0.366,0.856,0.45,,0.0,0.0,0.0,,,,,0.0,0.0,30.0,1.999999987845058e-07,-2.300000005561742e-06,0.03,86.0,36.5,0
28257,SO-0501,ASI Nidhi Vaghela,ASI,35,2026-07-18 19:58:18+00:00,94.0,,,21.2615914,72.7807638,19.399999618530273,-0.366,0.854,0.442,,0.0,0.0,0.0,,,,,0.0,0.0,29.0,0.0002618000000005,-0.000132999999991,3.99,86.0,36.5,2
28773,SO-0501,ASI Nidhi Vaghela,ASI,35,2026-07-19 10:29:07+00:00,94.0,81.0,,21.2613305,72.7809028,19.399999618530273,-1.825,0.404,-0.244,,0.0,0.0,0.0,,,,,0.0,0.0,52249.0,-0.0002609000000006,0.0001390000000043,0.0,81.0,36.5,1
28775,SO-0501,ASI Nidhi Vaghela,ASI,35,2026-07-19 10:29:37+00:00,94.0,86.0,,21.2613305,72.7809028,19.399999618530273,-0.117,0.979,0.113,,0.0,0.0,0.0,,,,,0.0,0.0,30.0,0.0,0.0,0.0,86.0,36.5,1
28777,SO-0501,ASI Nidhi Vaghela,ASI,35,2026-07-19 10:30:07+00:00,94.0,85.0,,21.2613294,72.7808991,19.399999618530273,-0.894,-0.202,0.387,,0.0,0.0,0.0,,,,,0.0,0.0,30.0,-1.0999999986438525e-06,-3.700000007711424e-06,0.05,85.0,36.5,1
28779,SO-0501,ASI Nidhi Vaghela,ASI,35,2026-07-19 10:30:37+00:00,85.0,81.0,,21.2613294,72.7808991,19.399999618530273,-0.94,-0.235,0.108,,0.0,0.0,0.0,,,,,0.0,0.0,30.0,0.0,0.0,0.0,81.0,36.5,1
28781,SO-0501,ASI Nidhi Vaghela,ASI,35,2026-07-19 10:31:05+00:00,85.0,58.0,,21.2613308,72.7809032,19.399999618530273,0.394,-0.682,0.715,,0.0,0.0,0.0,,,,,0.0,0.0,28.0,1.399999998596968e-06,4.099999998175008e-06,0.06,58.0,36.5,1
28783,SO-0501,ASI Nidhi Vaghela,ASI,35,2026-07-19 10:31:33+00:00,95.0,,,21.2613294,72.7808991,19.399999618530273,-0.733,0.002,0.265,,0.0,0.0,0.0,,,,,0.0,0.0,28.0,-1.399999998596968e-06,-4.099999998175008e-06,0.06,58.0,36.5,2
28785,SO-0501,ASI Nidhi Vaghela,ASI,35,2026-07-19 10:32:03+00:00,95.0,68.0,,21.2613324,72.7809037,19.399999618530273,-0.748,0.342,0.483,,0.0,0.0,0.0,,,,,0.0,0.0,30.0,2.9999999995311555e-06,4.599999996912629e-06,0.07,68.0,36.5,2
28787,SO-0501,ASI Nidhi Vaghela,ASI,35,2026-07-19 10:32:33+00:00,82.0,81.0,,21.2613314,72.7809035,19.399999618530273,-0.655,0.437,0.488,,0.0,0.0,0.0,,,,,0.0,0.0,30.0,-1.0000000010279564e-06,-2.0000000233721948e-07,0.01,81.0,36.5,0
28789,SO-0501,ASI Nidhi Vaghela,ASI,35,2026-07-19 10:33:03+00:00,92.0,85.0,,21.2613323,72.7809036,19.399999618530273,-0.312,-0.41,1.059,,0.0,0.0,0.0,,,,,0.0,0.0,30.0,8.999999998593466e-07,1.000000082740371e-07,0.01,85.0,36.5,2
28791,SO-0501,ASI Nidhi Vaghela,ASI,35,2026-07-19 10:33:33+00:00,83.0,88.0,,21.2613308,72.7809032,19.399999618530273,-0.261,0.612,1.237,,0.0,0.0,0.0,,,,,0.0,0.0,30.0,-1.4999999997655775e-06,-4.0000000467443897e-07,0.02,88.0,36.5,0
28793,SO-0501,ASI Nidhi Vaghela,ASI,35,2026-07-19 10:34:04+00:00,80.0,74.0,,21.2625124,72.780098,18.5,-0.739,-0.664,-0.053,,0.0,0.0,0.0,,,,,0.0,0.0,31.0,0.0011815999999988,-0.000805200000002,18.05,74.0,36.5,1
28795,SO-0501,ASI Nidhi Vaghela,ASI,35,2026-07-19 10:34:32+00:00,82.0,88.0,,21.2626187,72.7794658,18.700000762939453,-0.771,-0.577,-0.17,,0.0,0.0,0.0,,,,,0.0,0.0,28.0,0.0001063000000023,-0.0006321999999983,8.55,88.0,36.5,1
28797,SO-0501,ASI Nidhi Vaghela,ASI,35,2026-07-19 10:35:02+00:00,86.0,88.0,,21.2605033,72.7800791,18.700000762939453,-0.786,-0.557,-0.083,,0.0,0.0,0.0,,,,,0.0,0.0,30.0,-0.0021154000000009,0.0006132999999977,29.19,88.0,36.5,1
28799,SO-0501,ASI Nidhi Vaghela,ASI,35,2026-07-19 10:35:32+00:00,87.0,88.0,,21.2578936,72.7812869,18.700000762939453,-0.394,-0.189,0.762,,0.0,0.0,0.0,,,,,0.0,0.0,30.0,-0.0026097000000007,0.001207800000003,37.86,88.0,36.5,1
28801,SO-0501,ASI Nidhi Vaghela,ASI,35,2026-07-19 10:36:02+00:00,85.0,88.0,,21.2563206,72.7820339,18.700000762939453,-0.866,0.519,0.33,,0.0,0.0,0.0,,,,,0.0,0.0,30.0,-0.0015730000000004,0.000747000000004,22.92,88.0,36.5,1
28803,SO-0501,ASI Nidhi Vaghela,ASI,35,2026-07-19 10:36:32+00:00,88.0,88.0,,21.2535712,72.7833823,20.07763671875,-0.718,-0.54,-0.007,,0.0,0.0,0.0,,,,,0.0,0.0,30.0,-0.002749399999999,0.0013483999999976,40.27,88.0,36.5,1
28805,SO-0501,ASI Nidhi Vaghela,ASI,35,2026-07-19 10:37:02+00:00,91.0,88.0,,21.2502353,72.7846368,21.344268798828125,-0.826,-0.459,-0.193,,0.0,0.0,0.0,,,,,0.0,0.0,30.0,-0.0033358999999997,0.0012545000000017,47.09,88.0,36.5,1
28807,SO-0501,ASI Nidhi Vaghela,ASI,35,2026-07-19 10:37:32+00:00,85.0,88.0,,21.2471533,72.7856604,8.8062744140625,-1.041,0.177,-0.178,,0.0,0.0,0.0,,,,,0.0,0.0,30.0,-0.0030819999999991,0.0010235999999963,42.98,88.0,36.5,1
28809,SO-0501,ASI Nidhi Vaghela,ASI,35,2026-07-19 10:38:02+00:00,82.0,88.0,,21.2454529,72.7862592,7.859466552734375,-0.894,-0.162,0.241,,0.0,0.0,0.0,,,,,0.0,0.0,30.0,-0.0017004000000007,0.0005988000000058,23.84,88.0,36.5,1
28811,SO-0501,ASI Nidhi Vaghela,ASI,35,2026-07-19 10:38:32+00:00,87.0,88.0,,21.2428409,72.7872202,18.0,-0.675,0.041,0.5,,0.0,0.0,0.0,,,,,0.0,0.0,30.0,-0.0026119999999991,0.0009609999999895,36.78,88.0,36.5,1
28813,SO-0501,ASI Nidhi Vaghela,ASI,35,2026-07-19 10:39:02+00:00,86.0,88.0,,21.2405841,72.7880515,18.0,-0.662,-0.666,-0.151,,0.0,0.0,0.0,,,,,0.0,0.0,30.0,-0.0022568000000013,0.0008313000000015,31.78,88.0,36.5,1
28816,SO-0501,ASI Nidhi Vaghela,ASI,35,2026-07-19 10:39:32+00:00,84.0,88.0,,21.2393559,72.7888541,18.0,-0.682,-0.148,0.105,,0.0,0.0,0.0,,,,,0.0,0.0,30.0,-0.0012281999999999,0.0008026,19.16,88.0,36.5,1
28819,SO-0501,ASI Nidhi Vaghela,ASI,35,2026-07-19 10:40:02+00:00,86.0,88.0,,21.2394164,72.788887,17.399999618530273,-0.914,-0.262,-0.089,,0.0,0.0,0.0,,,,,0.0,0.0,30.0,6.050000000001887e-05,3.2900000007884955e-05,0.9,88.0,36.5,0
28822,SO-0501,ASI Nidhi Vaghela,ASI,35,2026-07-19 10:40:32+00:00,84.0,88.0,,21.2394178,72.7888847,17.399999618530273,-1.013,0.418,-0.223,,0.0,0.0,0.0,,,,,0.0,0.0,30.0,1.399999998596968e-06,-2.300000005561742e-06,0.03,88.0,36.5,0
28825,SO-0501,ASI Nidhi Vaghela,ASI,35,2026-07-19 10:41:02+00:00,82.0,88.0,,21.2393354,72.7887592,17.399999618530273,-0.772,0.631,0.232,,0.0,0.0,0.0,,,,,0.0,0.0,30.0,-8.239999999659631e-05,-0.0001254999999957,1.91,88.0,36.5,0
28828,SO-0501,ASI Nidhi Vaghela,ASI,35,2026-07-19 10:41:32+00:00,92.0,82.0,,21.2393426,72.7887609,17.399999618530273,-0.756,0.297,-0.481,,0.0,0.0,0.0,,,,,0.0,0.0,30.0,7.199999998874773e-06,1.6999999985500835e-06,0.1,82.0,36.5,2
28831,SO-0501,ASI Nidhi Vaghela,ASI,35,2026-07-19 10:42:02+00:00,83.0,88.0,,21.2393372,72.788757,17.399999618530273,-0.776,0.606,0.256,,0.0,0.0,0.0,,,,,0.0,0.0,30.0,-5.39999999915608e-06,-3.8999999958377884e-06,0.09,88.0,36.5,0
28834,SO-0501,ASI Nidhi Vaghela,ASI,35,2026-07-19 10:42:32+00:00,90.0,88.0,,21.2393131,72.7887127,17.399999618530273,-0.765,0.632,0.292,,0.0,0.0,0.0,,,,,0.0,0.0,30.0,-2.4100000000970567e-05,-4.429999999899792e-05,0.64,88.0,36.5,0
28837,SO-0501,ASI Nidhi Vaghela,ASI,35,2026-07-19 10:43:02+00:00,83.0,88.0,,21.2392461,72.7885732,17.399999618530273,-0.777,-1.226,0.404,,0.0,0.0,0.0,,,,,0.0,0.0,30.0,-6.700000000137152e-05,-0.000139500000003,1.95,88.0,36.5,0
28840,SO-0501,ASI Nidhi Vaghela,ASI,35,2026-07-19 10:43:32+00:00,94.0,88.0,,21.2381743,72.7889989,17.399999618530273,-1.961,0.969,0.801,,0.0,0.0,0.0,,,,,0.0,0.0,30.0,-0.0010717999999982,0.0004256999999938,15.22,88.0,36.5,1
28843,SO-0501,ASI Nidhi Vaghela,ASI,35,2026-07-19 10:44:02+00:00,84.0,88.0,,21.2380606,72.789056,17.600000381469727,-0.827,-0.347,0.024,,0.0,0.0,0.0,,,,,0.0,0.0,30.0,-0.0001136999999999,5.710000000647142e-05,1.67,88.0,36.5,1
28846,SO-0501,ASI Nidhi Vaghela,ASI,35,2026-07-19 10:44:32+00:00,91.0,88.0,,21.236373,72.7895318,17.600000381469727,-0.851,-0.007,-0.28,,0.0,0.0,0.0,,,,,0.0,0.0,30.0,-0.0016876000000003,0.0004758000000038,23.24,88.0,36.5,1
28849,SO-0501,ASI Nidhi Vaghela,ASI,35,2026-07-19 10:45:02+00:00,87.0,88.0,,21.2338879,72.7903232,17.600000381469727,-0.907,-0.135,0.054,,0.0,0.0,0.0,,,,,0.0,0.0,30.0,-0.0024851000000012,0.0007913999999971,34.53,88.0,36.5,1
28852,SO-0501,ASI Nidhi Vaghela,ASI,35,2026-07-19 10:45:32+00:00,84.0,88.0,,21.2316032,72.7908637,7.57330322265625,-0.971,-0.131,0.037,,0.0,0.0,0.0,,,,,0.0,0.0,30.0,-0.0022847000000005,0.0005404999999996,31.16,88.0,36.5,1
28854,SO-0501,ASI Nidhi Vaghela,ASI,35,2026-07-19 10:46:02+00:00,83.0,88.0,,21.2292102,72.7904744,5.829833984375,-1.012,-0.378,-0.115,,0.0,0.0,0.0,,,,,0.0,0.0,30.0,-0.0023929999999978,-0.000389300000009,32.24,88.0,36.5,1
28856,SO-0501,ASI Nidhi Vaghela,ASI,35,2026-07-19 10:46:32+00:00,85.0,88.0,,21.2266458,72.7899665,15.39999771118164,-0.835,-0.239,-0.331,,0.0,0.0,0.0,,,,,0.0,0.0,30.0,-0.0025644000000006,-0.0005078999999881,34.74,88.0,36.5,1
28859,SO-0501,ASI Nidhi Vaghela,ASI,35,2026-07-19 10:47:02+00:00,86.0,87.0,,21.2241647,72.789586,15.39999771118164,-0.79,-0.231,-0.398,,0.0,0.0,0.0,,,,,0.0,0.0,30.0,-0.0024811000000006,-0.0003805000000056,33.38,87.0,36.5,1
28862,SO-0501,ASI Nidhi Vaghela,ASI,35,2026-07-19 10:47:32+00:00,82.0,88.0,,21.2225732,72.7897625,4.104705810546875,-0.622,-0.397,-0.29,,0.0,0.0,0.0,,,,,0.0,0.0,30.0,-0.0015914999999999,0.0001764999999949,21.31,88.0,36.5,1
28865,SO-0501,ASI Nidhi Vaghela,ASI,35,2026-07-19 10:48:02+00:00,85.0,88.0,,21.2213881,72.7901084,14.999996185302734,-0.861,-0.236,-0.016,,0.0,0.0,0.0,,,,,0.0,0.0,30.0,-0.0011851000000007,0.0003458999999992,16.36,88.0,36.5,1
28868,SO-0501,ASI Nidhi Vaghela,ASI,35,2026-07-19 10:48:32+00:00,89.0,87.0,,21.218692,72.7907793,14.799999237060549,-0.75,-0.158,-0.292,,0.0,0.0,0.0,,,,,0.0,0.0,30.0,-0.0026960999999978,0.0006709000000029,36.87,87.0,36.5,1
28871,SO-0501,ASI Nidhi Vaghela,ASI,35,2026-07-19 10:49:02+00:00,90.0,87.0,,21.2161874,72.7914956,14.799999237060549,-0.623,0.531,0.769,,0.0,0.0,0.0,,,,,0.0,0.0,30.0,-0.0025046000000017,0.0007163000000076,34.53,87.0,36.5,1
28874,SO-0501,ASI Nidhi Vaghela,ASI,35,2026-07-19 10:49:32+00:00,83.0,88.0,,21.2146034,72.7918792,14.799999237060549,-0.635,-0.919,0.021,,0.0,0.0,0.0,,,,,0.0,0.0,30.0,-0.0015839999999975,0.0003835999999921,21.63,88.0,36.5,1
28878,SO-0501,ASI Nidhi Vaghela,ASI,35,2026-07-19 10:50:02+00:00,86.0,88.0,,21.2121049,72.7929111,0.226531982421875,-0.492,0.151,1.031,,0.0,0.0,0.0,,,,,0.0,0.0,30.0,-0.0024985000000015,0.0010319000000009,35.66,88.0,36.5,1
28882,SO-0501,ASI Nidhi Vaghela,ASI,35,2026-07-19 10:50:32+00:00,90.0,88.0,,21.2104872,72.7941714,4.798492431640625,-0.754,0.103,0.727,,0.0,0.0,0.0,,,,,0.0,0.0,30.0,-0.0016177000000006,0.0012602999999984,26.64,88.0,36.5,1
28886,SO-0501,ASI Nidhi Vaghela,ASI,35,2026-07-19 10:51:02+00:00,87.0,88.0,,21.2084818,72.7959938,3.520355224609375,-0.807,0.056,0.573,,0.0,0.0,0.0,,,,,0.0,0.0,30.0,-0.002005399999998,0.0018224000000088,35.02,88.0,36.5,1
28890,SO-0501,ASI Nidhi Vaghela,ASI,35,2026-07-19 10:51:32+00:00,82.0,87.0,,21.2070436,72.797343,14.599998474121094,-0.807,-0.032,0.65,,0.0,0.0,0.0,,,,,0.0,0.0,30.0,-0.0014382000000026,0.0013491999999928,25.45,87.0,36.5,1
28894,SO-0501,ASI Nidhi Vaghela,ASI,35,2026-07-19 10:52:02+00:00,88.0,88.0,,21.2069643,72.7974286,14.89999771118164,-0.995,0.124,1.036,,0.0,0.0,0.0,,,,,0.0,0.0,30.0,-7.929999999944926e-05,8.560000000557011e-05,1.5,88.0,36.5,0
28899,SO-0501,ASI Nidhi Vaghela,ASI,35,2026-07-19 10:52:32+00:00,89.0,88.0,,21.2057071,72.7974301,14.89999771118164,-0.883,-0.41,-0.331,,0.0,0.0,0.0,,,,,0.0,0.0,30.0,-0.0012571999999977,1.499999996212864e-06,16.75,88.0,36.5,1
28902,SO-0501,ASI Nidhi Vaghela,ASI,35,2026-07-19 10:53:02+00:00,86.0,85.0,,21.2035403,72.7975346,14.89999771118164,-0.769,0.028,0.709,,0.0,0.0,0.0,,,,,0.0,0.0,30.0,-0.0021668000000012,0.0001045000000061,28.89,85.0,36.5,1
28907,SO-0501,ASI Nidhi Vaghela,ASI,35,2026-07-19 10:53:32+00:00,90.0,88.0,,21.2014934,72.7975058,4.50390625,-0.706,0.339,0.767,,0.0,0.0,0.0,,,,,0.0,0.0,30.0,-0.0020468999999998,-2.8800000009709947e-05,27.27,88.0,36.5,1
28911,SO-0501,ASI Nidhi Vaghela,ASI,35,2026-07-19 10:54:02+00:00,81.0,88.0,,21.1993842,72.797991,2.671173095703125,-0.679,0.088,0.841,,0.0,0.0,0.0,,,,,0.0,0.0,30.0,-0.0021091999999995,0.0004851999999999,28.73,88.0,36.5,1
28914,SO-0501,ASI Nidhi Vaghela,ASI,35,2026-07-19 10:54:32+00:00,85.0,88.0,,21.1985478,72.8006954,9.425506591796877,-0.743,-0.014,0.744,,0.0,0.0,0.0,,,,,0.0,0.0,30.0,-0.0008364000000007,0.0027043999999989,35.4,88.0,36.5,1
28918,SO-0501,ASI Nidhi Vaghela,ASI,35,2026-07-19 10:55:02+00:00,83.0,86.0,,21.197845,72.8029116,4.8973388671875,-0.325,0.2,0.854,,0.0,0.0,0.0,,,,,0.0,0.0,30.0,-0.0007027999999991,0.0022162000000065,29.08,86.0,36.5,1
28923,SO-0501,ASI Nidhi Vaghela,ASI,35,2026-07-19 10:55:32+00:00,82.0,88.0,,21.1961644,72.8024469,12.799999237060549,-0.608,-0.121,0.828,,0.0,0.0,0.0,,,,,0.0,0.0,30.0,-0.0016806000000002,-0.0004646999999948,23.12,88.0,36.5,1
28926,SO-0501,ASI Nidhi Vaghela,ASI,35,2026-07-19 10:56:02+00:00,100.0,88.0,,21.1941885,72.8020366,12.799999237060549,-0.872,0.551,0.231,,0.0,0.0,0.0,,,,,0.0,0.0,30.0,-0.0019759000000014,-0.0004103000000128,26.81,88.0,36.5,1
28930,SO-0501,ASI Nidhi Vaghela,ASI,35,2026-07-19 10:56:32+00:00,83.0,88.0,,21.1929831,72.8034794,8.213958740234375,-0.585,-0.616,-0.308,,0.0,0.0,0.0,,,,,0.0,0.0,30.0,-0.0012053999999999,0.0014428000000066,24.06,88.0,36.5,1
28934,SO-0501,ASI Nidhi Vaghela,ASI,35,2026-07-19 10:57:02+00:00,82.0,88.0,,21.1907345,72.8061265,13.48370361328125,-0.073,-0.978,0.187,,0.0,0.0,0.0,,,,,0.0,0.0,30.0,-0.0022485999999979,0.0026471000000043,44.48,88.0,36.5,1
28938,SO-0501,ASI Nidhi Vaghela,ASI,35,2026-07-19 10:57:32+00:00,93.0,88.0,,21.1881256,72.8088123,11.799999237060549,-0.566,-0.753,-0.259,,0.0,0.0,0.0,,,,,0.0,0.0,30.0,-0.002608900000002,0.0026857999999947,48.17,88.0,36.5,1
28942,SO-0501,ASI Nidhi Vaghela,ASI,35,2026-07-19 10:58:02+00:00,80.0,88.0,,21.1862453,72.8104137,11.799999237060549,-0.673,-0.532,-0.534,,0.0,0.0,0.0,,,,,0.0,0.0,30.0,-0.0018802999999998,0.0016013999999984,31.99,88.0,36.5,1
28947,SO-0501,ASI Nidhi Vaghela,ASI,35,2026-07-19 10:58:32+00:00,90.0,88.0,,21.1856419,72.8110485,13.599998474121094,-0.372,0.389,1.061,,0.0,0.0,0.0,,,,,0.0,0.0,30.0,-0.0006033999999992,0.0006348000000002,11.26,88.0,36.5,1
28950,SO-0501,ASI Nidhi Vaghela,ASI,35,2026-07-19 10:59:02+00:00,82.0,86.0,,21.1856523,72.8110783,14.499996185302734,-0.953,-0.088,0.392,,0.0,0.0,0.0,,,,,0.0,0.0,30.0,1.0400000000743148e-05,2.980000000718519e-05,0.4,86.0,36.5,0
28954,SO-0501,ASI Nidhi Vaghela,ASI,35,2026-07-19 10:59:32+00:00,81.0,89.0,,21.1854526,72.8108117,14.499996185302734,-0.829,-0.053,0.648,,0.0,0.0,0.0,,,,,0.0,0.0,30.0,-0.0001996999999995,-0.0002666000000033,4.25,89.0,36.5,0
28958,SO-0501,ASI Nidhi Vaghela,ASI,35,2026-07-19 11:00:02+00:00,83.0,88.0,,21.1855771,72.8105487,13.599998474121094,-0.677,-0.302,-0.529,,0.0,0.0,0.0,,,,,0.0,0.0,30.0,0.0001244999999983,-0.0002630000000038,3.66,88.0,36.5,0
28963,SO-0501,ASI Nidhi Vaghela,ASI,35,2026-07-19 11:00:32+00:00,82.0,87.0,,21.1855824,72.8105524,13.39999771118164,0.052,-1.183,-0.075,,0.0,0.0,0.0,,,,,0.0,0.0,30.0,5.300000001540184e-06,3.700000007711424e-06,0.08,87.0,36.5,0
28966,SO-0501,ASI Nidhi Vaghela,ASI,35,2026-07-19 11:01:02+00:00,85.0,88.0,,21.1855832,72.8105517,13.599998474121094,-0.757,-0.372,-0.466,,0.0,0.0,0.0,,,,,0.0,0.0,30.0,7.999999986907369e-07,-7.000000010748408e-07,0.01,88.0,36.5,0
28970,SO-0501,ASI Nidhi Vaghela,ASI,35,2026-07-19 11:01:32+00:00,84.0,88.0,,21.1855839,72.8105516,13.39999771118164,-0.655,-0.347,-0.58,,0.0,0.0,0.0,,,,,0.0,0.0,30.0,7.000000010748408e-07,-1.000000082740371e-07,0.01,88.0,36.5,0
28975,SO-0501,ASI Nidhi Vaghela,ASI,35,2026-07-19 11:02:02+00:00,82.0,88.0,,21.1855696,72.8103001,13.39999771118164,-0.201,-0.912,0.07,,0.0,0.0,0.0,,,,,0.0,0.0,30.0,-1.430000000013365e-05,-0.0002514999999903,3.13,88.0,36.5,0
28978,SO-0501,ASI Nidhi Vaghela,ASI,35,2026-07-19 11:02:32+00:00,87.0,88.0,,21.1849043,72.8086061,13.499996185302734,-0.71,-0.004,0.764,,0.0,0.0,0.0,,,,,0.0,0.0,30.0,-0.0006653000000014,-0.0016940000000005,22.83,88.0,36.5,1
28982,SO-0501,ASI Nidhi Vaghela,ASI,35,2026-07-19 11:03:02+00:00,91.0,88.0,,21.1841394,72.8069663,13.499996185302734,-0.348,-0.856,0.49,,0.0,0.0,0.0,,,,,0.0,0.0,30.0,-0.0007649,-0.0016398000000066,22.78,88.0,36.5,1
28986,SO-0501,ASI Nidhi Vaghela,ASI,35,2026-07-19 11:03:32+00:00,86.0,87.0,,21.1825044,72.8045728,13.499996185302734,-0.773,0.006,0.729,,0.0,0.0,0.0,,,,,0.0,0.0,30.0,-0.0016350000000002,-0.0023934999999966,36.86,87.0,36.5,1
28990,SO-0501,ASI Nidhi Vaghela,ASI,35,2026-07-19 11:04:02+00:00,85.0,87.0,,21.1813366,72.8031332,1.4034423828125,-0.734,-0.07,0.84,,0.0,0.0,0.0,,,,,0.0,0.0,30.0,-0.0011677999999974,-0.0014395999999976,23.7,87.0,36.5,1
28995,SO-0501,ASI Nidhi Vaghela,ASI,35,2026-07-19 11:04:32+00:00,85.0,84.0,,21.1814429,72.8035625,13.89999771118164,-0.761,1.608,0.546,,0.0,0.0,0.0,,,,,0.0,0.0,30.0,0.0001062999999987,0.0004292999999933,5.52,84.0,36.5,1
28998,SO-0501,ASI Nidhi Vaghela,ASI,35,2026-07-19 11:05:02+00:00,88.0,80.0,,21.1814337,72.803594,16.30000114440918,-0.954,-0.278,-0.325,,0.0,0.0,0.0,,,,,0.0,0.0,30.0,-9.200000000930686e-06,3.1500000005735274e-05,0.41,80.0,36.5,1
29002,SO-0501,ASI Nidhi Vaghela,ASI,35,2026-07-19 11:05:32+00:00,84.0,86.0,,21.1814223,72.8035672,13.499996185302734,-0.247,-0.921,0.069,,0.0,0.0,0.0,,,,,0.0,0.0,30.0,-1.139999999821839e-05,-2.6800000000548607e-05,0.37,86.0,36.5,1
29007,SO-0501,ASI Nidhi Vaghela,ASI,35,2026-07-19 11:06:02+00:00,90.0,88.0,,21.1813993,72.8035555,13.699996948242188,-0.505,-0.016,-0.597,,0.0,0.0,0.0,,,,,0.0,0.0,30.0,-2.3000000002326715e-05,-1.170000000172422e-05,0.34,88.0,36.5,1
29011,SO-0501,ASI Nidhi Vaghela,ASI,35,2026-07-19 11:06:32+00:00,89.0,86.0,,21.1814111,72.8035579,13.499996185302734,-0.546,0.795,-0.15,,0.0,0.0,0.0,,,,,0.0,0.0,30.0,1.1799999999340116e-05,2.3999999996249244e-06,0.16,86.0,36.5,1
29015,SO-0501,ASI Nidhi Vaghela,ASI,35,2026-07-19 11:07:02+00:00,83.0,88.0,,21.1814109,72.8035574,13.499996185302734,-0.719,0.769,0.028,,0.0,0.0,0.0,,,,,0.0,0.0,30.0,-1.999999987845058e-07,-4.999999987376214e-07,0.01,88.0,36.5,0
29018,SO-0501,ASI Nidhi Vaghela,ASI,35,2026-07-19 11:07:32+00:00,84.0,88.0,,21.181415,72.8035601,16.30000114440918,-0.367,0.933,0.159,,0.0,0.0,0.0,,,,,0.0,0.0,30.0,4.100000001727722e-06,2.6999999960253263e-06,0.06,88.0,36.5,0
29023,SO-0501,ASI Nidhi Vaghela,ASI,35,2026-07-19 11:08:02+00:00,86.0,88.0,,21.1814131,72.8035398,14.099998474121094,-0.745,-0.108,-0.597,,0.0,0.0,0.0,,,,,0.0,0.0,30.0,-1.900000000887303e-06,-2.0300000002748675e-05,0.25,88.0,36.5,0
29026,SO-0501,ASI Nidhi Vaghela,ASI,35,2026-07-19 11:08:32+00:00,84.0,88.0,,21.1813922,72.8035789,13.89999771118164,-0.056,0.034,-0.937,,0.0,0.0,0.0,,,,,0.0,0.0,30.0,-2.0899999999102192e-05,3.9100000009284486e-05,0.56,88.0,36.5,0
29031,SO-0501,ASI Nidhi Vaghela,ASI,35,2026-07-19 11:09:02+00:00,85.0,88.0,,21.1814054,72.8035725,16.69999885559082,-0.668,-0.278,-0.571,,0.0,0.0,0.0,,,,,0.0,0.0,30.0,1.3199999997937084e-05,-6.40000000373675e-06,0.19,88.0,36.5,0
29034,SO-0501,ASI Nidhi Vaghela,ASI,35,2026-07-19 11:09:32+00:00,81.0,86.0,,21.1813373,72.803442,13.699996948242188,-0.331,0.965,0.039,,0.0,0.0,0.0,,,,,0.0,0.0,30.0,-6.810000000001537e-05,-0.0001304999999973,1.86,86.0,36.5,0
29039,SO-0501,ASI Nidhi Vaghela,ASI,35,2026-07-19 11:10:02+00:00,88.0,66.0,,21.1813516,72.8034594,13.89999771118164,-0.395,1.03,0.247,,0.0,0.0,0.0,,,,,0.0,0.0,30.0,1.430000000013365e-05,1.7399999990175274e-05,0.29,66.0,36.5,0
29043,SO-0501,ASI Nidhi Vaghela,ASI,35,2026-07-19 11:10:32+00:00,87.0,86.0,,21.1813243,72.8034589,13.89999771118164,-0.475,0.748,0.153,,0.0,0.0,0.0,,,,,0.0,0.0,30.0,-2.729999999928623e-05,-4.999999987376214e-07,0.36,86.0,36.5,0
29047,SO-0501,ASI Nidhi Vaghela,ASI,35,2026-07-19 11:11:02+00:00,89.0,88.0,,21.1813623,72.8034655,13.499996185302734,-0.82,0.008,-0.486,,0.0,0.0,0.0,,,,,0.0,0.0,30.0,3.799999999998249e-05,6.600000006073969e-06,0.51,88.0,36.5,0
29050,SO-0501,ASI Nidhi Vaghela,ASI,35,2026-07-19 11:11:32+00:00,93.0,86.0,,21.1813546,72.8034839,14.099998474121094,-0.969,0.082,-0.16,,0.0,0.0,0.0,,,,,0.0,0.0,30.0,-7.700000001165108e-06,1.8400000001861372e-05,0.25,86.0,36.5,2
29055,SO-0501,ASI Nidhi Vaghela,ASI,35,2026-07-19 11:12:02+00:00,84.0,87.0,,21.1813681,72.803502,16.30000114440918,-0.324,0.922,0.309,,0.0,0.0,0.0,,,,,0.0,0.0,30.0,1.3500000001442912e-05,1.8099999991250115e-05,0.29,87.0,36.5,0
29059,SO-0501,ASI Nidhi Vaghela,ASI,35,2026-07-19 11:12:32+00:00,90.0,87.0,,21.1814016,72.8035155,13.699996948242188,-0.065,1.133,-0.261,,0.0,0.0,0.0,,,,,0.0,0.0,30.0,3.350000000068576e-05,1.350000000854834e-05,0.48,87.0,36.5,0
29063,SO-0501,ASI Nidhi Vaghela,ASI,35,2026-07-19 11:13:02+00:00,88.0,88.0,,21.1814387,72.8035061,13.499996185302734,-2.0,-0.549,0.144,,0.0,0.0,0.0,,,,,0.0,0.0,30.0,3.7100000000123146e-05,-9.399999996162478e-06,0.51,88.0,36.5,1
29067,SO-0501,ASI Nidhi Vaghela,ASI,35,2026-07-19 11:13:32+00:00,89.0,86.0,,21.1813605,72.8033131,16.30000114440918,-0.608,0.238,0.892,,0.0,0.0,0.0,,,,,0.0,0.0,30.0,-7.82000000008054e-05,-0.0001930000000101,2.61,86.0,36.5,1
29070,SO-0501,ASI Nidhi Vaghela,ASI,35,2026-07-19 11:14:02+00:00,87.0,69.0,,21.1814325,72.8029299,13.099998474121094,-0.13,-0.008,1.877,,0.0,0.0,0.0,,,,,0.0,0.0,30.0,7.199999999940587e-05,-0.0003832000000016,4.86,69.0,36.5,1
29075,SO-0501,ASI Nidhi Vaghela,ASI,35,2026-07-19 11:14:32+00:00,82.0,88.0,,21.1827333,72.8047231,13.099998474121094,-0.728,-0.678,-0.356,,0.0,0.0,0.0,,,,,0.0,0.0,30.0,0.0013007999999992,0.0017932000000087,28.22,88.0,36.5,1
29079,SO-0501,ASI Nidhi Vaghela,ASI,35,2026-07-19 11:15:02+00:00,84.0,88.0,,21.1842049,72.8068564,13.099998474121094,-0.638,-0.709,-0.213,,0.0,0.0,0.0,,,,,0.0,0.0,30.0,0.0014716000000021,0.002133299999997,32.96,88.0,36.5,1
29083,SO-0501,ASI Nidhi Vaghela,ASI,35,2026-07-19 11:15:32+00:00,82.0,85.0,,21.1851782,72.8088396,5.2542724609375,-0.747,-0.516,-0.328,,0.0,0.0,0.0,,,,,0.0,0.0,30.0,0.0009732999999982,0.0019831999999979,27.84,85.0,36.5,1
29086,SO-0501,ASI Nidhi Vaghela,ASI,35,2026-07-19 11:16:02+00:00,83.0,88.0,,21.1859738,72.8105858,19.349212646484375,-0.869,-0.028,0.523,,0.0,0.0,0.0,,,,,0.0,0.0,30.0,0.0007956,0.0017461999999994,24.14,88.0,36.5,1
29091,SO-0501,ASI Nidhi Vaghela,ASI,35,2026-07-19 11:16:32+00:00,83.0,88.0,,21.1846221,72.8124314,8.310272216796875,-1.034,-0.044,0.07,,0.0,0.0,0.0,,,,,0.0,0.0,30.0,-0.0013517000000007,0.0018455999999957,29.15,88.0,36.5,1
29095,SO-0501,ASI Nidhi Vaghela,ASI,35,2026-07-19 11:17:02+00:00,83.0,88.0,,21.182921,72.8144659,4.96954345703125,-0.67,0.328,0.566,,0.0,0.0,0.0,,,,,0.0,0.0,30.0,-0.0017010999999982,0.0020345000000077,33.94,88.0,36.5,1
29099,SO-0501,ASI Nidhi Vaghela,ASI,35,2026-07-19 11:17:32+00:00,93.0,88.0,,21.1814651,72.8161715,11.320220947265623,-0.954,-0.255,0.187,,0.0,0.0,0.0,,,,,0.0,0.0,30.0,-0.0014558999999998,0.0017055999999939,28.72,88.0,36.5,1
29103,SO-0501,ASI Nidhi Vaghela,ASI,35,2026-07-19 11:18:02+00:00,82.0,88.0,,21.180554,72.8191571,12.7080078125,-1.004,-0.056,0.271,,0.0,0.0,0.0,,,,,0.0,0.0,30.0,-0.0009110999999997,0.0029856000000023,39.02,88.0,36.5,1
29107,SO-0501,ASI Nidhi Vaghela,ASI,35,2026-07-19 11:18:32+00:00,80.0,88.0,,21.1807258,72.8211373,16.19999885559082,-0.837,-0.102,-0.018,,0.0,0.0,0.0,,,,,0.0,0.0,30.0,0.0001718000000003,0.0019802000000055,24.71,88.0,36.5,1
29111,SO-0501,ASI Nidhi Vaghela,ASI,35,2026-07-19 11:19:02+00:00,83.0,88.0,,21.181002,72.8229738,16.19999885559082,-1.032,-0.023,-0.04,,0.0,0.0,0.0,,,,,0.0,0.0,30.0,0.0002761999999982,0.001836499999996,23.11,88.0,36.5,1
29115,SO-0501,ASI Nidhi Vaghela,ASI,35,2026-07-19 11:19:32+00:00,84.0,88.0,,21.1817172,72.8241293,15.599998474121094,-0.641,-0.81,-0.147,,0.0,0.0,0.0,,,,,0.0,0.0,30.0,0.0007152000000019,0.0011554999999958,17.23,88.0,36.5,1
29119,SO-0501,ASI Nidhi Vaghela,ASI,35,2026-07-19 11:20:02+00:00,81.0,88.0,,21.1802022,72.8244835,15.599998474121094,-0.538,0.395,0.81,,0.0,0.0,0.0,,,,,0.0,0.0,30.0,-0.0015150000000012,0.0003542000000038,20.65,88.0,36.5,1
29123,SO-0501,ASI Nidhi Vaghela,ASI,35,2026-07-19 11:20:32+00:00,82.0,88.0,,21.178114,72.8252833,14.89999771118164,-0.094,-0.917,0.133,,0.0,0.0,0.0,,,,,0.0,0.0,30.0,-0.0020881999999993,0.0007997999999957,29.54,88.0,36.5,1
29127,SO-0501,ASI Nidhi Vaghela,ASI,35,2026-07-19 11:21:02+00:00,82.0,87.0,,21.1757462,72.8261335,14.89999771118164,-0.015,-0.976,0.229,,0.0,0.0,0.0,,,,,0.0,0.0,30.0,-0.0023678000000018,0.0008502000000021,33.26,87.0,36.5,1
29131,SO-0501,ASI Nidhi Vaghela,ASI,35,2026-07-19 11:21:32+00:00,87.0,87.0,,21.1736147,72.8267218,14.89999771118164,-0.967,0.169,0.358,,0.0,0.0,0.0,,,,,0.0,0.0,30.0,-0.0021314999999972,0.0005883000000039,29.32,87.0,36.5,1
29135,SO-0501,ASI Nidhi Vaghela,ASI,35,2026-07-19 11:22:02+00:00,81.0,88.0,,21.1728046,72.8269171,7.415374755859375,-0.929,-0.076,0.516,,0.0,0.0,0.0,,,,,0.0,0.0,30.0,-0.0008101000000024,0.0001953000000014,11.06,88.0,36.5,1
29139,SO-0501,ASI Nidhi Vaghela,ASI,35,2026-07-19 11:22:32+00:00,90.0,88.0,,21.1712201,72.8268448,12.599998474121094,-0.584,-0.339,-0.641,,0.0,0.0,0.0,,,,,0.0,0.0,30.0,-0.0015844999999998,-7.229999999935899e-05,21.12,88.0,36.5,1
29143,SO-0501,ASI Nidhi Vaghela,ASI,35,2026-07-19 11:23:02+00:00,84.0,85.0,,21.1693512,72.8272131,12.599998474121094,-1.077,-0.354,-0.042,,0.0,0.0,0.0,,,,,0.0,0.0,30.0,-0.001868899999998,0.0003682999999909,25.31,85.0,36.5,1
29147,SO-0501,ASI Nidhi Vaghela,ASI,35,2026-07-19 11:23:32+00:00,84.0,86.0,,21.1672111,72.8280835,3.90521240234375,-0.521,-0.508,-0.559,,0.0,0.0,0.0,,,,,0.0,0.0,30.0,-0.0021401000000018,0.0008704000000108,30.49,86.0,36.5,1
29151,SO-0501,ASI Nidhi Vaghela,ASI,35,2026-07-19 11:24:02+00:00,93.0,88.0,,21.1655165,72.8299986,3.9158935546875,-0.638,-0.478,-0.475,,0.0,0.0,0.0,,,,,0.0,0.0,30.0,-0.0016946000000004,0.0019150999999908,32.79,88.0,36.5,1
29155,SO-0501,ASI Nidhi Vaghela,ASI,35,2026-07-19 11:24:32+00:00,84.0,74.0,,21.1643519,72.8301826,2.638427734375,-0.715,-0.262,0.615,,0.0,0.0,0.0,,,,,0.0,0.0,30.0,-0.0011645999999991,0.0001840000000044,15.68,74.0,36.5,1
29159,SO-0501,ASI Nidhi Vaghela,ASI,35,2026-07-19 11:25:02+00:00,83.0,88.0,,21.1651858,72.8299475,12.499996185302734,-0.627,-0.64,-0.258,,0.0,0.0,0.0,,,,,0.0,0.0,30.0,0.0008338999999999,-0.0002350999999976,11.49,88.0,36.5,1
29163,SO-0501,ASI Nidhi Vaghela,ASI,35,2026-07-19 11:25:32+00:00,88.0,88.0,,21.1654321,72.8298571,12.699996948242188,-0.602,-0.377,-0.519,,0.0,0.0,0.0,,,,,0.0,0.0,30.0,0.0002463000000005,-9.040000000481996e-05,3.47,88.0,36.5,0
29167,SO-0501,ASI Nidhi Vaghela,ASI,35,2026-07-19 11:26:05+00:00,92.0,88.0,,21.1654326,72.8298566,12.799999237060549,-0.171,-0.395,-0.586,,0.0,0.0,0.0,,,,,0.0,0.0,33.0,4.999999987376214e-07,-4.999999987376214e-07,0.01,88.0,36.5,2
29171,SO-0501,ASI Nidhi Vaghela,ASI,35,2026-07-19 11:26:34+00:00,92.0,88.0,,21.1654328,72.8298565,12.799999237060549,-1.572,0.161,0.539,,0.0,0.0,0.0,,,,,0.0,0.0,29.0,2.0000000233721948e-07,-9.999999406318238e-08,0.0,88.0,36.5,1
29175,SO-0501,ASI Nidhi Vaghela,ASI,35,2026-07-19 11:27:04+00:00,85.0,88.0,,21.1654333,72.8298563,12.89999771118164,-0.8,-0.373,0.322,,0.0,0.0,0.0,,,,,0.0,0.0,30.0,4.999999987376214e-07,-2.0000000233721948e-07,0.01,88.0,36.5,1
29179,SO-0501,ASI Nidhi Vaghela,ASI,35,2026-07-19 11:27:32+00:00,91.0,88.0,,21.1654112,72.8298312,12.799999237060549,-0.512,-0.302,0.703,,0.0,0.0,0.0,,,,,0.0,0.0,28.0,-2.2099999998914654e-05,-2.5100000001998524e-05,0.46,88.0,36.5,1
29183,SO-0501,ASI Nidhi Vaghela,ASI,35,2026-07-19 11:28:02+00:00,83.0,88.0,,21.1654193,72.8298662,12.89999771118164,-0.613,-0.081,-0.699,,0.0,0.0,0.0,,,,,0.0,0.0,30.0,8.09999999873412e-06,3.499999999689862e-05,0.45,88.0,36.5,1
29187,SO-0501,ASI Nidhi Vaghela,ASI,35,2026-07-19 11:28:32+00:00,82.0,88.0,,21.1654311,72.8298709,12.89999771118164,-0.817,0.55,0.362,,0.0,0.0,0.0,,,,,0.0,0.0,30.0,1.1799999999340116e-05,4.700000005186666e-06,0.17,88.0,36.5,0
29191,SO-0501,ASI Nidhi Vaghela,ASI,35,2026-07-19 11:29:02+00:00,87.0,82.0,,21.1654274,72.8298538,12.89999771118164,-1.187,0.627,-0.471,,0.0,0.0,0.0,,,,,0.0,0.0,30.0,-3.700000000605996e-06,-1.7100000007985727e-05,0.22,82.0,36.5,0
29195,SO-0501,ASI Nidhi Vaghela,ASI,35,2026-07-19 11:29:34+00:00,80.0,88.0,,21.1654273,72.8298542,12.799999237060549,-0.824,-0.547,0.257,,0.0,0.0,0.0,,,,,0.0,0.0,32.0,-9.999999761589606e-08,4.0000000467443897e-07,0.0,88.0,36.5,0
29199,SO-0501,ASI Nidhi Vaghela,ASI,35,2026-07-19 11:30:04+00:00,85.0,88.0,,21.165428,72.8298545,12.799999237060549,-0.684,-0.703,0.317,,0.0,0.0,0.0,,,,,0.0,0.0,30.0,6.999999975221272e-07,2.999999964004019e-07,0.01,88.0,36.5,0
29203,SO-0501,ASI Nidhi Vaghela,ASI,35,2026-07-19 11:30:32+00:00,82.0,88.0,,21.1654255,72.8298559,12.89999771118164,-0.606,-0.749,0.357,,0.0,0.0,0.0,,,,,0.0,0.0,28.0,-2.4999999972408204e-06,1.4000000021496817e-06,0.04,88.0,36.5,0
29207,SO-0501,ASI Nidhi Vaghela,ASI,35,2026-07-19 11:31:04+00:00,81.0,86.0,,21.1654237,72.8299008,12.799999237060549,-0.129,-0.819,0.646,,0.0,0.0,0.0,,,,,0.0,0.0,32.0,-1.7999999997186933e-06,4.490000000600958e-05,0.52,86.0,36.5,0
29211,SO-0501,ASI Nidhi Vaghela,ASI,35,2026-07-19 11:31:35+00:00,84.0,65.0,,21.1653743,72.8297763,12.89999771118164,0.007,1.321,0.053,,0.0,0.0,0.0,,,,,0.0,0.0,31.0,-4.94000000017536e-05,-0.0001244999999983,1.63,65.0,36.5,0
29215,SO-0501,ASI Nidhi Vaghela,ASI,35,2026-07-19 11:32:05+00:00,87.0,88.0,,21.1655146,72.8298618,12.799999237060549,-0.783,-0.324,-0.415,,0.0,0.0,0.0,,,,,0.0,0.0,30.0,0.0001403000000017,8.549999999729607e-05,2.15,88.0,36.5,0
29219,SO-0501,ASI Nidhi Vaghela,ASI,35,2026-07-19 11:32:36+00:00,85.0,88.0,,21.16541,72.8298185,12.89999771118164,-1.337,0.114,0.232,,0.0,0.0,0.0,,,,,0.0,0.0,31.0,-0.0001046000000002,-4.330000000152267e-05,1.45,88.0,36.5,0
29223,SO-0501,ASI Nidhi Vaghela,ASI,35,2026-07-19 11:33:06+00:00,87.0,88.0,,21.1654099,72.829907,12.799999237060549,-0.743,-0.601,-0.159,,0.0,0.0,0.0,,,,,0.0,0.0,30.0,-1.0000000116860974e-07,8.850000000393266e-05,1.1,88.0,36.5,0
29227,SO-0501,ASI Nidhi Vaghela,ASI,35,2026-07-19 11:33:34+00:00,91.0,89.0,,21.1654873,72.8297434,12.89999771118164,-0.821,-0.458,0.334,,0.0,0.0,0.0,,,,,0.0,0.0,28.0,7.739999999856195e-05,-0.0001636000000075,2.44,89.0,36.5,2
29231,SO-0501,ASI Nidhi Vaghela,ASI,35,2026-07-19 11:34:05+00:00,87.0,88.0,,21.1653587,72.8294736,12.89999771118164,-0.736,-0.404,-0.458,,0.0,0.0,0.0,,,,,0.0,0.0,31.0,-0.0001286,-0.000269799999998,3.64,88.0,36.5,0
29235,SO-0501,ASI Nidhi Vaghela,ASI,35,2026-07-19 11:34:33+00:00,83.0,89.0,,21.1653199,72.8297726,12.89999771118164,-0.705,0.781,0.471,,0.0,0.0,0.0,,,,,0.0,0.0,28.0,-3.879999999867323e-05,0.0002989999999982,4.02,89.0,36.5,0
29239,SO-0501,ASI Nidhi Vaghela,ASI,35,2026-07-19 11:35:03+00:00,82.0,63.0,,21.1658206,72.829719,12.89999771118164,-0.699,-0.013,0.757,,0.0,0.0,0.0,,,,,0.0,0.0,30.0,0.0005006999999999,-5.3600000001097214e-05,6.7,63.0,36.5,1
29243,SO-0501,ASI Nidhi Vaghela,ASI,35,2026-07-19 11:35:34+00:00,81.0,88.0,,21.1674771,72.8278128,12.89999771118164,-1.077,0.647,0.184,,0.0,0.0,0.0,,,,,0.0,0.0,31.0,0.0016564999999992,-0.0019061999999934,31.32,88.0,36.5,1
29247,SO-0501,ASI Nidhi Vaghela,ASI,35,2026-07-19 11:36:05+00:00,92.0,88.0,,21.1696051,72.8269997,11.799999237060549,-0.935,-0.041,0.311,,0.0,0.0,0.0,,,,,0.0,0.0,31.0,0.002127999999999,-0.000813100000002,29.12,88.0,36.5,1
29251,SO-0501,ASI Nidhi Vaghela,ASI,35,2026-07-19 11:36:34+00:00,92.0,87.0,,21.171871,72.8266751,11.999996185302734,-1.115,0.032,0.672,,0.0,0.0,0.0,,,,,0.0,0.0,29.0,0.0022659000000011,-0.000324599999999,31.5,87.0,36.5,1
29255,SO-0501,ASI Nidhi Vaghela,ASI,35,2026-07-19 11:37:04+00:00,85.0,88.0,,21.171042,72.8252617,14.499996185302734,-1.018,-0.079,0.234,,0.0,0.0,0.0,,,,,0.0,0.0,30.0,-0.0008289999999995,-0.0014134000000041,20.74,88.0,36.5,1
29259,SO-0501,ASI Nidhi Vaghela,ASI,35,2026-07-19 11:37:34+00:00,81.0,86.0,,21.1696863,72.8233125,16.399999618530273,-0.956,-0.155,0.637,,0.0,0.0,0.0,,,,,0.0,0.0,30.0,-0.0013557000000012,-0.0019491999999985,30.21,86.0,36.5,1
29262,SO-0501,ASI Nidhi Vaghela,ASI,35,2026-07-19 11:38:04+00:00,82.0,88.0,,21.1676352,72.8206665,14.199996948242188,-0.86,0.419,1.303,,0.0,0.0,0.0,,,,,0.0,0.0,30.0,-0.0020510999999991,-0.0026459999999985,42.74,88.0,36.5,1
29267,SO-0501,ASI Nidhi Vaghela,ASI,35,2026-07-19 11:38:34+00:00,81.0,88.0,,21.165731,72.8183304,13.799999237060549,-0.515,-0.691,-0.171,,0.0,0.0,0.0,,,,,0.0,0.0,30.0,-0.0019041999999984,-0.0023361000000079,38.54,88.0,36.5,1
29271,SO-0501,ASI Nidhi Vaghela,ASI,35,2026-07-19 11:39:02+00:00,86.0,88.0,,21.164417,72.8166683,14.299999237060549,-1.09,-0.164,0.116,,0.0,0.0,0.0,,,,,0.0,0.0,28.0,-0.0013140000000007,-0.0016620999999901,29.0,88.0,36.5,1
29275,SO-0501,ASI Nidhi Vaghela,ASI,35,2026-07-19 11:39:32+00:00,84.0,87.0,,21.1630005,72.8131292,14.299999237060549,-0.561,-0.694,-0.27,,0.0,0.0,0.0,,,,,0.0,0.0,30.0,-0.0014165000000012,-0.0035390999999975,47.84,87.0,36.5,1
29279,SO-0501,ASI Nidhi Vaghela,ASI,35,2026-07-19 11:40:02+00:00,87.0,88.0,,21.1624005,72.8096067,14.299999237060549,-1.028,-0.103,0.5,,0.0,0.0,0.0,,,,,0.0,0.0,30.0,-0.0005999999999986,-0.0035225000000025,44.48,88.0,36.5,1
29282,SO-0501,ASI Nidhi Vaghela,ASI,35,2026-07-19 11:40:32+00:00,84.0,88.0,,21.1618305,72.8063185,4.661102294921875,-0.817,-0.018,0.411,,0.0,0.0,0.0,,,,,0.0,0.0,30.0,-0.0005699999999997,-0.0032882,41.55,88.0,36.5,1
29287,SO-0501,ASI Nidhi Vaghela,ASI,35,2026-07-19 11:41:02+00:00,86.0,88.0,,21.1611986,72.8033752,3.5211181640625,-0.747,0.084,0.702,,0.0,0.0,0.0,,,,,0.0,0.0,30.0,-0.0006319000000019,-0.0029432999999983,37.52,88.0,36.5,1
29291,SO-0501,ASI Nidhi Vaghela,ASI,35,2026-07-19 11:41:32+00:00,90.0,86.0,,21.1607257,72.8012464,10.999996185302734,-0.972,-0.419,-0.249,,0.0,0.0,0.0,,,,,0.0,0.0,30.0,-0.0004728999999983,-0.0021288000000083,27.19,86.0,36.5,1
29295,SO-0501,ASI Nidhi Vaghela,ASI,35,2026-07-19 11:42:02+00:00,84.0,87.0,,21.1601214,72.7982069,10.999996185302734,-0.751,-0.548,-0.475,,0.0,0.0,0.0,,,,,0.0,0.0,30.0,-0.0006042999999991,-0.0030394999999998,38.61,87.0,36.5,1
29299,SO-0501,ASI Nidhi Vaghela,ASI,35,2026-07-19 11:42:32+00:00,85.0,88.0,,21.1598225,72.7963936,8.99261474609375,-0.783,-0.03,0.73,,0.0,0.0,0.0,,,,,0.0,0.0,30.0,-0.0002989000000006,-0.0018132999999949,22.88,88.0,36.5,1
29303,SO-0501,ASI Nidhi Vaghela,ASI,35,2026-07-19 11:43:02+00:00,86.0,88.0,,21.1607501,72.7963613,12.599998474121094,-0.554,-0.669,-0.306,,0.0,0.0,0.0,,,,,0.0,0.0,30.0,0.0009276000000006,-3.23000000008733e-05,12.36,88.0,36.5,1
29306,SO-0501,ASI Nidhi Vaghela,ASI,35,2026-07-19 11:43:32+00:00,82.0,87.0,,21.1626751,72.7965237,12.599998474121094,-0.661,-0.658,-0.251,,0.0,0.0,0.0,,,,,0.0,0.0,30.0,0.0019249999999999,0.0001623999999935,25.72,87.0,36.5,1
29310,SO-0501,ASI Nidhi Vaghela,ASI,35,2026-07-19 11:44:02+00:00,82.0,88.0,,21.1644904,72.79612,12.599998474121094,-1.008,-0.156,0.1,,0.0,0.0,0.0,,,,,0.0,0.0,30.0,0.0018152999999969,-0.0004036999999925,24.69,88.0,36.5,1
29316,SO-0501,ASI Nidhi Vaghela,ASI,35,2026-07-19 11:44:32+00:00,86.0,87.0,,21.1665296,72.7955931,1.9422607421875,-0.372,0.651,0.898,,0.0,0.0,0.0,,,,,0.0,0.0,30.0,0.0020392000000022,-0.0005268999999969,27.94,87.0,36.5,1
29321,SO-0501,ASI Nidhi Vaghela,ASI,35,2026-07-19 11:45:02+00:00,81.0,83.0,,21.168182,72.7952839,3.31024169921875,-0.83,0.494,0.218,,0.0,0.0,0.0,,,,,0.0,0.0,30.0,0.0016524000000011,-0.0003092000000037,22.34,83.0,36.5,1
29327,SO-0501,ASI Nidhi Vaghela,ASI,35,2026-07-19 11:45:32+00:00,84.0,84.0,,21.1694749,72.7950647,13.099998474121094,-0.75,0.023,0.719,,0.0,0.0,0.0,,,,,0.0,0.0,30.0,0.0012928999999992,-0.0002192000000036,17.44,84.0,36.5,1
29332,SO-0501,ASI Nidhi Vaghela,ASI,35,2026-07-19 11:46:02+00:00,83.0,88.0,,21.1706566,72.7947135,8.199996948242188,-0.077,1.44,0.204,,0.0,0.0,0.0,,,,,0.0,0.0,30.0,0.0011817,-0.0003511999999972,16.33,88.0,36.5,1
29338,SO-0501,ASI Nidhi Vaghela,ASI,35,2026-07-19 11:46:32+00:00,82.0,88.0,,21.1717081,72.794356,12.199996948242188,-0.571,-0.693,-0.26,,0.0,0.0,0.0,,,,,0.0,0.0,30.0,0.001051499999999,-0.0003575000000068,14.69,88.0,36.5,1
29345,SO-0501,ASI Nidhi Vaghela,ASI,35,2026-07-19 11:47:02+00:00,89.0,88.0,,21.1725155,72.7934007,12.39999771118164,-0.762,-0.438,-0.444,,0.0,0.0,0.0,,,,,0.0,0.0,30.0,0.0008073999999993,-0.0009552999999868,16.02,88.0,36.5,1
29351,SO-0501,ASI Nidhi Vaghela,ASI,35,2026-07-19 11:47:32+00:00,80.0,88.0,,21.1726625,72.7925591,12.39999771118164,-1.348,-0.222,-0.063,,0.0,0.0,0.0,,,,,0.0,0.0,30.0,0.0001470000000018,-0.0008416000000011,10.64,88.0,36.5,1
29357,SO-0501,ASI Nidhi Vaghela,ASI,35,2026-07-19 11:48:02+00:00,81.0,88.0,,21.1713769,72.7905201,2.81524658203125,-0.029,-0.968,0.204,,0.0,0.0,0.0,,,,,0.0,0.0,30.0,-0.0012856000000027,-0.0020390000000105,30.58,88.0,36.5,1
29363,SO-0501,ASI Nidhi Vaghela,ASI,35,2026-07-19 11:48:32+00:00,81.0,87.0,,21.1695151,72.7879202,-1.779571533203125,-0.035,-0.858,0.303,,0.0,0.0,0.0,,,,,0.0,0.0,30.0,-0.0018617999999968,-0.0025998999999927,40.72,87.0,36.5,1
29368,SO-0501,ASI Nidhi Vaghela,ASI,35,2026-07-19 11:49:02+00:00,86.0,88.0,,21.1676751,72.7852443,11.699996948242188,-0.834,0.006,0.468,,0.0,0.0,0.0,,,,,0.0,0.0,30.0,-0.0018400000000013,-0.0026758999999998,41.3,88.0,36.5,1
29374,SO-0501,ASI Nidhi Vaghela,ASI,35,2026-07-19 11:49:33+00:00,84.0,88.0,,21.1681499,72.7847101,11.699996948242188,-0.98,-0.059,-0.112,,0.0,0.0,0.0,,,,,0.0,0.0,31.0,0.0004747999999992,-0.0005342000000041,8.87,88.0,36.5,1
29380,SO-0501,ASI Nidhi Vaghela,ASI,35,2026-07-19 11:50:02+00:00,92.0,87.0,,21.1692956,72.7833526,11.699996948242188,-0.642,-0.679,-0.257,,0.0,0.0,0.0,,,,,0.0,0.0,29.0,0.0011457000000021,-0.0013574999999974,23.53,87.0,36.5,1
29386,SO-0501,ASI Nidhi Vaghela,ASI,35,2026-07-19 11:50:33+00:00,81.0,88.0,,21.1693432,72.7814086,11.699996948242188,-0.604,-0.604,-0.28,,0.0,0.0,0.0,,,,,0.0,0.0,31.0,4.759999999848219e-05,-0.0019439999999946,23.38,88.0,36.5,1
29391,SO-0501,ASI Nidhi Vaghela,ASI,35,2026-07-19 11:51:05+00:00,82.0,88.0,,21.1693824,72.7798963,9.699996948242188,-0.892,-0.388,-0.197,,0.0,0.0,0.0,,,,,0.0,0.0,32.0,3.9199999999794954e-05,-0.0015123000000016,17.62,88.0,36.5,1
29395,SO-0501,ASI Nidhi Vaghela,ASI,35,2026-07-19 11:51:33+00:00,81.0,86.0,,21.169392,72.7784144,9.699996948242188,-0.765,-0.458,-0.086,,0.0,0.0,0.0,,,,,0.0,0.0,28.0,9.599999998499698e-06,-0.0014819000000017,19.72,86.0,36.5,1
29401,SO-0501,ASI Nidhi Vaghela,ASI,35,2026-07-19 11:52:03+00:00,88.0,88.0,,21.1690443,72.7782764,10.099998474121094,-0.842,0.474,0.293,,0.0,0.0,0.0,,,,,0.0,0.0,30.0,-0.0003476999999989,-0.0001380000000068,4.94,88.0,36.5,1
29406,SO-0501,ASI Nidhi Vaghela,ASI,35,2026-07-19 11:52:34+00:00,84.0,,,21.1690331,72.7781693,10.099998474121094,-0.784,0.57,1.157,,0.0,0.0,0.0,,,,,0.0,0.0,31.0,-1.1199999999433883e-05,-0.0001070999999939,1.3,88.0,36.5,0
29411,SO-0501,ASI Nidhi Vaghela,ASI,35,2026-07-19 11:53:05+00:00,84.0,87.0,,21.1687863,72.7782327,16.100000381469727,-0.872,-0.333,0.052,,0.0,0.0,0.0,,,,,0.0,0.0,31.0,-0.0002467999999993,6.340000000193413e-05,3.27,87.0,36.5,0
29416,SO-0501,ASI Nidhi Vaghela,ASI,35,2026-07-19 11:53:35+00:00,87.0,86.0,,21.1689559,72.7785686,5.099998474121094,0.357,-0.892,0.453,,0.0,0.0,0.0,,,,,0.0,0.0,30.0,0.0001695999999995,0.000335899999996,4.75,86.0,36.5,1
29421,SO-0501,ASI Nidhi Vaghela,ASI,35,2026-07-19 11:54:07+00:00,82.0,64.0,,21.1689948,72.7782413,5.099998474121094,-0.923,0.804,0.01,,0.0,0.0,0.0,,,,,0.0,0.0,32.0,3.889999999984184e-05,-0.000327299999995,3.84,64.0,36.5,0
29426,SO-0501,ASI Nidhi Vaghela,ASI,35,2026-07-19 11:54:35+00:00,89.0,83.0,,21.1691169,72.7781966,5.099998474121094,0.297,1.066,0.055,,0.0,0.0,0.0,,,,,0.0,0.0,28.0,0.0001220999999986,-4.470000000367236e-05,1.84,83.0,36.5,0
29431,SO-0501,ASI Nidhi Vaghela,ASI,35,2026-07-19 11:55:04+00:00,92.0,57.0,,21.1692842,72.7782541,9.199996948242188,-0.692,0.693,0.252,,0.0,0.0,0.0,,,,,0.0,0.0,29.0,0.000167300000001,5.7499999996935e-05,2.42,57.0,36.5,2
29436,SO-0501,ASI Nidhi Vaghela,ASI,35,2026-07-19 11:55:34+00:00,87.0,87.0,,21.1693375,72.7782206,9.199996948242188,-0.721,0.624,0.391,,0.0,0.0,0.0,,,,,0.0,0.0,30.0,5.33000000011441e-05,-3.350000000068576e-05,0.82,87.0,36.5,0
29441,SO-0501,ASI Nidhi Vaghela,ASI,35,2026-07-19 11:56:04+00:00,89.0,87.0,,21.168788,72.7782454,10.099998474121094,-0.937,-0.599,-0.442,,0.0,0.0,0.0,,,,,0.0,0.0,30.0,-0.0005495000000017,2.480000000559812e-05,7.33,87.0,36.5,1
29446,SO-0501,ASI Nidhi Vaghela,ASI,35,2026-07-19 11:56:34+00:00,87.0,,,21.1687379,72.7781121,14.999996185302734,-0.556,0.096,0.822,,0.0,0.0,0.0,,,,,0.0,0.0,30.0,-5.009999999927573e-05,-0.0001333000000016,1.79,87.0,36.5,0
29451,SO-0501,ASI Nidhi Vaghela,ASI,35,2026-07-19 11:57:04+00:00,86.0,86.0,,21.1688208,72.778234,14.799999237060549,-0.389,0.97,0.391,,0.0,0.0,0.0,,,,,0.0,0.0,30.0,8.289999999888664e-05,0.0001218999999963,1.87,86.0,36.5,0
29456,SO-0501,ASI Nidhi Vaghela,ASI,35,2026-07-19 11:57:34+00:00,84.0,83.0,,21.1691826,72.7782606,9.199996948242188,-1.469,-0.289,0.17,,0.0,0.0,0.0,,,,,0.0,0.0,30.0,0.0003618000000003,2.6599999998211388e-05,4.83,83.0,36.5,1
29461,SO-0501,ASI Nidhi Vaghela,ASI,35,2026-07-19 11:58:04+00:00,80.0,88.0,,21.1693017,72.7782098,9.199996948242188,-0.2,-0.543,0.906,,0.0,0.0,0.0,,,,,0.0,0.0,30.0,0.0001190999999991,-5.079999999679785e-05,1.71,88.0,36.5,0
29466,SO-0501,ASI Nidhi Vaghela,ASI,35,2026-07-19 11:58:34+00:00,82.0,88.0,,21.1688376,72.7782123,10.099998474121094,-0.463,0.24,0.948,,0.0,0.0,0.0,,,,,0.0,0.0,30.0,-0.0004640999999985,2.5000000078989615e-06,6.18,88.0,36.5,1
29471,SO-0501,ASI Nidhi Vaghela,ASI,35,2026-07-19 11:59:05+00:00,99.0,87.0,,21.1688831,72.7782066,13.999996185302734,-0.555,0.273,0.917,,0.0,0.0,0.0,,,,,0.0,0.0,31.0,4.549999999881038e-05,-5.700000002661909e-06,0.59,87.0,36.5,2
29476,SO-0501,ASI Nidhi Vaghela,ASI,35,2026-07-19 11:59:34+00:00,81.0,88.0,,21.1687725,72.77821,16.100000381469727,-0.835,0.275,0.552,,0.0,0.0,0.0,,,,,0.0,0.0,29.0,-0.0001105999999992,3.399999997100167e-06,1.52,88.0,36.5,0
29481,SO-0501,ASI Nidhi Vaghela,ASI,35,2026-07-19 12:00:04+00:00,81.0,88.0,,21.1688065,72.7782315,14.799999237060549,-0.844,0.252,0.557,,0.0,0.0,0.0,,,,,0.0,0.0,30.0,3.399999999942338e-05,2.1500000002561137e-05,0.53,88.0,36.5,0
29486,SO-0501,ASI Nidhi Vaghela,ASI,35,2026-07-19 12:00:34+00:00,92.0,88.0,,21.1689365,72.7782111,10.099998474121094,-0.277,-0.15,0.865,,0.0,0.0,0.0,,,,,0.0,0.0,30.0,0.0001300000000021,-2.0400000011022712e-05,1.75,88.0,36.5,2
29491,SO-0501,ASI Nidhi Vaghela,ASI,35,2026-07-19 12:01:04+00:00,90.0,88.0,,21.1692337,72.7782675,10.099998474121094,-0.652,0.242,0.828,,0.0,0.0,0.0,,,,,0.0,0.0,30.0,0.0002971999999985,5.640000000539658e-05,4.02,88.0,36.5,0
29496,SO-0501,ASI Nidhi Vaghela,ASI,35,2026-07-19 12:01:34+00:00,87.0,88.0,,21.1688833,72.7781817,13.999996185302734,-0.437,0.431,0.888,,0.0,0.0,0.0,,,,,0.0,0.0,30.0,-0.0003503999999985,-8.579999999369647e-05,4.79,88.0,36.5,1
29501,SO-0501,ASI Nidhi Vaghela,ASI,35,2026-07-19 12:02:04+00:00,89.0,87.0,,21.1690666,72.7781717,9.199996948242188,-0.541,0.18,0.912,,0.0,0.0,0.0,,,,,0.0,0.0,30.0,0.0001832999999997,-1.0000000003174137e-05,2.44,87.0,36.5,0
29506,SO-0501,ASI Nidhi Vaghela,ASI,35,2026-07-19 12:02:34+00:00,95.0,85.0,,21.1688033,72.7782229,14.799999237060549,-1.234,0.67,0.158,,0.0,0.0,0.0,,,,,0.0,0.0,30.0,-0.0002633000000002,5.120000000147229e-05,3.56,85.0,36.5,2
29509,SO-0501,ASI Nidhi Vaghela,ASI,35,2026-07-19 12:03:04+00:00,83.0,87.0,,21.1689108,72.7781574,10.099998474121094,0.805,0.552,0.36,,0.0,0.0,0.0,,,,,0.0,0.0,30.0,0.0001074999999985,-6.550000000515865e-05,1.65,87.0,36.5,0
29512,SO-0501,ASI Nidhi Vaghela,ASI,35,2026-07-19 12:03:34+00:00,84.0,88.0,,21.1689296,72.7781658,13.999996185302734,-0.845,0.245,0.561,,0.0,0.0,0.0,,,,,0.0,0.0,30.0,1.8799999999430383e-05,8.399999998687235e-06,0.27,88.0,36.5,0
29515,SO-0501,ASI Nidhi Vaghela,ASI,35,2026-07-19 12:04:04+00:00,88.0,87.0,,21.1688338,72.778187,10.099998474121094,-0.911,0.002,0.487,,0.0,0.0,0.0,,,,,0.0,0.0,30.0,-9.57999999968706e-05,2.1200000006160735e-05,1.3,87.0,36.5,0
29519,SO-0501,ASI Nidhi Vaghela,ASI,35,2026-07-19 12:04:34+00:00,82.0,88.0,,21.168842,72.7782014,16.100000381469727,0.992,0.049,-0.098,,0.0,0.0,0.0,,,,,0.0,0.0,30.0,8.19999999990273e-06,1.4399999997749546e-05,0.21,88.0,36.5,0
29523,SO-0501,ASI Nidhi Vaghela,ASI,35,2026-07-19 12:05:04+00:00,81.0,88.0,,21.1688159,72.7782036,10.099998474121094,-0.95,0.047,-0.194,,0.0,0.0,0.0,,,,,0.0,0.0,30.0,-2.610000000302648e-05,2.199999997287705e-06,0.35,88.0,36.5,0
29527,SO-0501,ASI Nidhi Vaghela,ASI,35,2026-07-19 12:05:34+00:00,82.0,88.0,,21.1688061,72.7782614,14.799999237060549,-0.948,-0.328,0.134,,0.0,0.0,0.0,,,,,0.0,0.0,30.0,-9.799999997284203e-06,5.780000000754626e-05,0.73,88.0,36.5,0
29531,SO-0501,ASI Nidhi Vaghela,ASI,35,2026-07-19 12:06:04+00:00,83.0,88.0,,21.1689303,72.7782266,14.799999237060549,-0.938,0.116,-0.219,,0.0,0.0,0.0,,,,,0.0,0.0,30.0,0.0001241999999983,-3.480000000877226e-05,1.71,88.0,36.5,0
29536,SO-0501,ASI Nidhi Vaghela,ASI,35,2026-07-19 12:06:34+00:00,82.0,88.0,,21.1689753,72.7781683,9.199996948242188,-0.947,0.156,-0.172,,0.0,0.0,0.0,,,,,0.0,0.0,30.0,4.500000000007276e-05,-5.8299999992073026e-05,0.94,88.0,36.5,0
29541,SO-0501,ASI Nidhi Vaghela,ASI,35,2026-07-19 12:07:04+00:00,84.0,79.0,,21.1689473,72.7781845,8.499996185302734,-0.97,-0.194,0.147,,0.0,0.0,0.0,,,,,0.0,0.0,30.0,-2.800000000036107e-05,1.6199999990362812e-05,0.42,79.0,36.5,0
29546,SO-0501,ASI Nidhi Vaghela,ASI,35,2026-07-19 12:07:37+00:00,88.0,88.0,,21.1688132,72.7782021,16.100000381469727,-0.942,0.077,0.374,,0.0,0.0,0.0,,,,,0.0,0.0,33.0,-0.0001341000000003,1.760000000672335e-05,1.64,88.0,36.5,0
29551,SO-0501,ASI Nidhi Vaghela,ASI,35,2026-07-19 12:08:04+00:00,88.0,88.0,,21.1688825,72.7781837,14.799999237060549,-0.947,0.084,0.384,,0.0,0.0,0.0,,,,,0.0,0.0,27.0,6.929999999982783e-05,-1.8400000001861372e-05,1.06,88.0,36.5,0
29557,SO-0501,ASI Nidhi Vaghela,ASI,35,2026-07-19 12:08:34+00:00,100.0,88.0,,21.1689426,72.778222,8.499996185302734,-0.965,-0.106,0.296,,0.0,0.0,0.0,,,,,0.0,0.0,30.0,6.010000000244986e-05,3.829999999993561e-05,0.93,88.0,36.5,2
29562,SO-0501,ASI Nidhi Vaghela,ASI,35,2026-07-19 12:09:04+00:00,90.0,73.0,,21.1689066,72.778183,10.099998474121094,-0.936,-0.212,0.325,,0.0,0.0,0.0,,,,,0.0,0.0,30.0,-3.600000000147929e-05,-3.900000000101045e-05,0.68,73.0,36.5,0
29567,SO-0501,ASI Nidhi Vaghela,ASI,35,2026-07-19 12:09:34+00:00,97.0,86.0,,21.1687698,72.77821,16.100000381469727,-0.91,-0.199,0.456,,0.0,0.0,0.0,,,,,0.0,0.0,30.0,-0.0001367999999999,2.7000000002885827e-05,1.85,86.0,36.5,2
29572,SO-0501,ASI Nidhi Vaghela,ASI,35,2026-07-19 12:10:04+00:00,88.0,88.0,,21.1688179,72.7782024,14.799999237060549,-0.939,-0.121,0.391,,0.0,0.0,0.0,,,,,0.0,0.0,30.0,4.8100000000772525e-05,-7.600000003549212e-06,0.65,88.0,36.5,0
29577,SO-0501,ASI Nidhi Vaghela,ASI,35,2026-07-19 12:10:34+00:00,84.0,88.0,,21.1687926,72.7782219,14.799999237060549,-0.947,-0.167,0.489,,0.0,0.0,0.0,,,,,0.0,0.0,30.0,-2.530000000078303e-05,1.950000000761065e-05,0.42,88.0,36.5,0
29582,SO-0501,ASI Nidhi Vaghela,ASI,35,2026-07-19 12:11:04+00:00,97.0,82.0,,21.1688108,72.7782267,14.799999237060549,-0.086,-0.781,0.676,,0.0,0.0,0.0,,,,,0.0,0.0,30.0,1.8199999999524152e-05,4.799999999249849e-06,0.25,82.0,36.5,2
29588,SO-0501,ASI Nidhi Vaghela,ASI,35,2026-07-19 12:11:35+00:00,87.0,81.0,,21.1688086,72.7782063,10.099998474121094,-0.638,-0.607,0.588,,0.0,0.0,0.0,,,,,0.0,0.0,31.0,-2.2000000008404186e-06,-2.0400000011022712e-05,0.25,81.0,36.5,0
29594,SO-0501,ASI Nidhi Vaghela,ASI,35,2026-07-19 12:12:04+00:00,87.0,61.0,,21.1688947,72.7781926,14.199996948242188,0.08,-0.701,0.515,,0.0,0.0,0.0,,,,,0.0,0.0,29.0,8.610000000075502e-05,-1.3699999996674704e-05,1.2,61.0,36.5,0
29600,SO-0501,ASI Nidhi Vaghela,ASI,35,2026-07-19 12:12:37+00:00,86.0,89.0,,21.1668327,72.7782413,14.199996948242188,-0.832,-0.259,-0.238,,0.0,0.0,0.0,,,,,0.0,0.0,33.0,-0.0020619999999986,4.870000000778418e-05,24.98,89.0,36.5,1
29606,SO-0501,ASI Nidhi Vaghela,ASI,35,2026-07-19 12:13:06+00:00,91.0,66.0,,21.168958,72.7782547,10.099998474121094,-0.196,0.924,0.228,,0.0,0.0,0.0,,,,,0.0,0.0,29.0,0.0021252999999994,1.3400000000274304e-05,29.29,66.0,36.5,1
29611,SO-0501,ASI Nidhi Vaghela,ASI,35,2026-07-19 12:13:33+00:00,83.0,71.0,,21.1694836,72.7783244,10.099998474121094,-0.593,0.751,0.308,,0.0,0.0,0.0,,,,,0.0,0.0,27.0,0.0005255999999995,6.969999999739684e-05,7.84,71.0,36.5,1
29618,SO-0501,ASI Nidhi Vaghela,ASI,35,2026-07-19 12:14:04+00:00,81.0,84.0,,21.1695951,72.7794723,9.699996948242188,-0.98,-0.024,-0.321,,0.0,0.0,0.0,,,,,0.0,0.0,31.0,0.0001114999999991,0.0011478999999923,13.87,84.0,36.5,1
29623,SO-0501,ASI Nidhi Vaghela,ASI,35,2026-07-19 12:14:32+00:00,82.0,88.0,,21.1693858,72.7813478,9.39999771118164,-0.716,-0.624,-0.037,,0.0,0.0,0.0,,,,,0.0,0.0,28.0,-0.000209299999998,0.0018755000000112,25.14,88.0,36.5,1
29629,SO-0501,ASI Nidhi Vaghela,ASI,35,2026-07-19 12:15:02+00:00,82.0,87.0,,21.1693203,72.7832723,9.39999771118164,-0.679,-0.63,-0.447,,0.0,0.0,0.0,,,,,0.0,0.0,30.0,-6.550000000160594e-05,0.001924499999987,23.92,87.0,36.5,1
29635,SO-0501,ASI Nidhi Vaghela,ASI,35,2026-07-19 12:15:32+00:00,84.0,88.0,,21.1683119,72.7846475,9.39999771118164,-0.84,-0.406,-0.336,,0.0,0.0,0.0,,,,,0.0,0.0,30.0,-0.0010083999999999,0.0013752000000124,21.73,88.0,36.5,1
29641,SO-0501,ASI Nidhi Vaghela,ASI,35,2026-07-19 12:16:02+00:00,90.0,88.0,,21.1679154,72.7855098,-0.15679931640625,-0.928,-0.03,0.38,,0.0,0.0,0.0,,,,,0.0,0.0,30.0,-0.0003965000000007,0.0008622999999943,11.94,88.0,36.5,1
29647,SO-0501,ASI Nidhi Vaghela,ASI,35,2026-07-19 12:16:32+00:00,86.0,88.0,,21.1701621,72.7885697,-0.311248779296875,-0.577,-0.82,0.506,,0.0,0.0,0.0,,,,,0.0,0.0,30.0,0.0022467000000006,0.0030598999999966,48.38,88.0,36.5,1
29653,SO-0501,ASI Nidhi Vaghela,ASI,35,2026-07-19 12:17:02+00:00,82.0,88.0,,21.1723438,72.7919438,4.123931884765625,-0.346,0.558,0.812,,0.0,0.0,0.0,,,,,0.0,0.0,30.0,0.0021817000000012,0.003374100000002,51.0,88.0,36.5,1
29659,SO-0501,ASI Nidhi Vaghela,ASI,35,2026-07-19 12:17:32+00:00,90.0,86.0,,21.1752402,72.7949856,3.58154296875,-0.507,0.107,0.946,,0.0,0.0,0.0,,,,,0.0,0.0,30.0,0.0028964000000009,0.0030418000000054,54.0,86.0,36.5,1
29665,SO-0501,ASI Nidhi Vaghela,ASI,35,2026-07-19 12:18:02+00:00,90.0,87.0,,21.1776204,72.7975697,-1.318328857421875,-0.587,0.006,0.958,,0.0,0.0,0.0,,,,,0.0,0.0,30.0,0.0023801999999975,0.0025840999999928,45.12,87.0,36.5,1
29671,SO-0501,ASI Nidhi Vaghela,ASI,35,2026-07-19 12:18:32+00:00,84.0,87.0,,21.1791659,72.7993651,0.693450927734375,-0.674,-0.033,0.85,,0.0,0.0,0.0,,,,,0.0,0.0,30.0,0.0015455000000024,0.0017954000000059,30.35,87.0,36.5,1
29677,SO-0501,ASI Nidhi Vaghela,ASI,35,2026-07-19 12:19:02+00:00,83.0,88.0,,21.1807835,72.8016867,7.25054931640625,-0.322,-0.231,0.737,,0.0,0.0,0.0,,,,,0.0,0.0,30.0,0.0016175999999994,0.0023216000000019,36.0,88.0,36.5,1
29683,SO-0501,ASI Nidhi Vaghela,ASI,35,2026-07-19 12:19:32+00:00,88.0,85.0,,21.1823543,72.8040961,5.410614013671875,-0.878,-0.358,0.211,,0.0,0.0,0.0,,,,,0.0,0.0,30.0,0.0015707999999996,0.0024093999999905,36.52,85.0,36.5,1
29689,SO-0501,ASI Nidhi Vaghela,ASI,35,2026-07-19 12:20:02+00:00,86.0,88.0,,21.1839116,72.8063812,4.511260986328125,-0.587,0.048,0.819,,0.0,0.0,0.0,,,,,0.0,0.0,30.0,0.0015572999999982,0.0022851000000088,35.16,88.0,36.5,1
29695,SO-0501,ASI Nidhi Vaghela,ASI,35,2026-07-19 12:20:32+00:00,85.0,88.0,,21.1850032,72.8085388,2.596221923828125,-0.696,0.592,0.414,,0.0,0.0,0.0,,,,,0.0,0.0,30.0,0.0010916000000023,0.0021575999999896,30.49,88.0,36.5,1
29701,SO-0501,ASI Nidhi Vaghela,ASI,35,2026-07-19 12:21:02+00:00,86.0,86.0,,21.1859177,72.8104326,2.736358642578125,-0.469,0.099,0.958,,0.0,0.0,0.0,,,,,0.0,0.0,30.0,0.0009145000000003,0.0018938000000048,26.49,86.0,36.5,1
29707,SO-0501,ASI Nidhi Vaghela,ASI,35,2026-07-19 12:21:32+00:00,85.0,85.0,,21.1850182,72.811922,13.499996185302734,-1.256,-0.204,-0.498,,0.0,0.0,0.0,,,,,0.0,0.0,30.0,-0.0008995000000027,0.0014893999999969,22.04,85.0,36.5,1
29713,SO-0501,ASI Nidhi Vaghela,ASI,35,2026-07-19 12:22:02+00:00,86.0,88.0,,21.1831325,72.814216,13.499996185302734,-0.533,0.058,1.028,,0.0,0.0,0.0,,,,,0.0,0.0,30.0,-0.0018856999999989,0.0022940000000062,37.99,88.0,36.5,1
29719,SO-0501,ASI Nidhi Vaghela,ASI,35,2026-07-19 12:22:32+00:00,88.0,84.0,,21.1820682,72.8153451,13.499996185302734,-0.404,0.121,1.038,,0.0,0.0,0.0,,,,,0.0,0.0,30.0,-0.0010642999999994,0.0011290999999999,19.94,84.0,36.5,1
29725,SO-0501,ASI Nidhi Vaghela,ASI,35,2026-07-19 12:23:02+00:00,88.0,88.0,,21.1809062,72.817993,4.35687255859375,-0.744,-0.726,0.007,,0.0,0.0,0.0,,,,,0.0,0.0,30.0,-0.0011620000000007,0.0026478999999994,36.35,88.0,36.5,1
29731,SO-0501,ASI Nidhi Vaghela,ASI,35,2026-07-19 12:23:32+00:00,81.0,88.0,,21.1806139,72.8208964,5.26495361328125,-0.542,0.166,0.793,,0.0,0.0,0.0,,,,,0.0,0.0,30.0,-0.0002922999999981,0.0029033999999938,36.28,88.0,36.5,1
29737,SO-0501,ASI Nidhi Vaghela,ASI,35,2026-07-19 12:24:02+00:00,93.0,88.0,,21.1807756,72.8224044,15.999996185302734,-0.827,-0.188,-0.154,,0.0,0.0,0.0,,,,,0.0,0.0,30.0,0.0001616999999995,0.0015080000000011,18.86,88.0,36.5,1
29743,SO-0501,ASI Nidhi Vaghela,ASI,35,2026-07-19 12:24:32+00:00,93.0,88.0,,21.1814191,72.8264,15.999996185302734,-0.499,0.027,0.913,,0.0,0.0,0.0,,,,,0.0,0.0,30.0,0.0006434999999989,0.0039956000000103,50.37,88.0,36.5,1
29749,SO-0501,ASI Nidhi Vaghela,ASI,35,2026-07-19 12:25:02+00:00,93.0,88.0,,21.1832407,72.8299869,16.899999618530273,-0.526,0.057,1.016,,0.0,0.0,0.0,,,,,0.0,0.0,30.0,0.0018215999999995,0.0035868999999877,50.74,88.0,36.5,1
29755,SO-0501,ASI Nidhi Vaghela,ASI,35,2026-07-19 12:25:32+00:00,97.0,88.0,,21.1839784,72.8335967,16.899999618530273,-0.627,0.105,0.943,,0.0,0.0,0.0,,,,,0.0,0.0,30.0,0.0007377000000019,0.0036098000000066,45.91,88.0,36.5,1
29761,SO-0501,ASI Nidhi Vaghela,ASI,35,2026-07-19 12:26:02+00:00,83.0,88.0,,21.1847926,72.8355944,16.899999618530273,-0.573,-0.137,1.058,,0.0,0.0,0.0,,,,,0.0,0.0,30.0,0.0008142000000006,0.0019977000000039,27.08,88.0,36.5,1
29767,SO-0501,ASI Nidhi Vaghela,ASI,35,2026-07-19 12:26:32+00:00,83.0,88.0,,21.18641,72.8379202,15.462066650390623,-0.542,0.091,0.971,,0.0,0.0,0.0,,,,,0.0,0.0,30.0,0.0016173999999971,0.0023257999999941,36.04,88.0,36.5,1
29773,SO-0501,ASI Nidhi Vaghela,ASI,35,2026-07-19 12:27:02+00:00,83.0,88.0,,21.1881826,72.8400799,15.590545654296877,-0.383,-0.219,0.799,,0.0,0.0,0.0,,,,,0.0,0.0,30.0,0.0017726000000024,0.002159700000007,35.74,88.0,36.5,1
29779,SO-0501,ASI Nidhi Vaghela,ASI,35,2026-07-19 12:27:32+00:00,83.0,88.0,,21.1906575,72.8417826,16.884063720703125,-0.545,-0.063,0.894,,0.0,0.0,0.0,,,,,0.0,0.0,30.0,0.0024748999999992,0.0017026999999956,39.17,88.0,36.5,1
29785,SO-0501,ASI Nidhi Vaghela,ASI,35,2026-07-19 12:28:02+00:00,83.0,88.0,,21.1930938,72.84328,21.66326904296875,-0.636,-0.018,0.824,,0.0,0.0,0.0,,,,,0.0,0.0,30.0,0.0024362999999993,0.0014973999999909,37.4,88.0,36.5,1
29791,SO-0501,ASI Nidhi Vaghela,ASI,35,2026-07-19 12:28:32+00:00,81.0,88.0,,21.1947114,72.8440678,22.883209228515625,-0.601,-0.113,0.987,,0.0,0.0,0.0,,,,,0.0,0.0,30.0,0.0016175999999994,0.0007878000000118,23.66,88.0,36.5,1
29797,SO-0501,ASI Nidhi Vaghela,ASI,35,2026-07-19 12:29:02+00:00,81.0,86.0,,21.194415,72.8471606,16.916046142578125,-0.722,0.039,0.782,,0.0,0.0,0.0,,,,,0.0,0.0,30.0,-0.0002963999999998,0.0030927999999903,38.62,86.0,36.5,1
29803,SO-0501,ASI Nidhi Vaghela,ASI,35,2026-07-19 12:29:32+00:00,81.0,88.0,,21.1938491,72.8505718,8.924774169921875,-0.56,0.047,0.83,,0.0,0.0,0.0,,,,,0.0,0.0,30.0,-0.000565899999998,0.0034112000000021,43.04,88.0,36.5,1
29809,SO-0501,ASI Nidhi Vaghela,ASI,35,2026-07-19 12:30:02+00:00,92.0,88.0,,21.1936646,72.8519617,16.19999885559082,-0.86,0.574,0.358,,0.0,0.0,0.0,,,,,0.0,0.0,30.0,-0.0001844999999995,0.0013899000000066,17.44,88.0,36.5,1
29815,SO-0501,ASI Nidhi Vaghela,ASI,35,2026-07-19 12:30:32+00:00,92.0,88.0,,21.1927816,72.8547838,16.19999885559082,-1.349,-0.142,-0.171,,0.0,0.0,0.0,,,,,0.0,0.0,30.0,-0.0008830000000017,0.002822100000003,36.98,88.0,36.5,1
29821,SO-0501,ASI Nidhi Vaghela,ASI,35,2026-07-19 12:31:02+00:00,81.0,88.0,,21.1920843,72.8568197,15.099998474121094,-0.904,-0.364,-0.594,,0.0,0.0,0.0,,,,,0.0,0.0,30.0,-0.0006972999999987,0.0020358999999956,26.94,88.0,36.5,1
29827,SO-0501,ASI Nidhi Vaghela,ASI,35,2026-07-19 12:31:32+00:00,88.0,88.0,,21.1918029,72.8592969,15.099998474121094,-0.587,-0.03,0.919,,0.0,0.0,0.0,,,,,0.0,0.0,30.0,-0.0002814000000022,0.0024772000000012,31.0,88.0,36.5,1
29833,SO-0501,ASI Nidhi Vaghela,ASI,35,2026-07-19 12:32:02+00:00,93.0,88.0,,21.1909763,72.8627441,15.099998474121094,-0.569,-0.006,0.932,,0.0,0.0,0.0,,,,,0.0,0.0,30.0,-0.0008265999999998,0.0034471999999965,44.22,88.0,36.5,1
29839,SO-0501,ASI Nidhi Vaghela,ASI,35,2026-07-19 12:32:32+00:00,93.0,88.0,,21.1901438,72.8662619,10.429656982421877,-0.606,-0.001,0.935,,0.0,0.0,0.0,,,,,0.0,0.0,30.0,-0.0008324999999977,0.0035177999999973,45.09,88.0,36.5,1
29844,SO-0501,ASI Nidhi Vaghela,ASI,35,2026-07-19 12:33:02+00:00,85.0,88.0,,21.1901952,72.8690393,10.644439697265623,-0.544,-0.266,-0.64,,0.0,0.0,0.0,,,,,0.0,0.0,30.0,5.14000000002568e-05,0.0027773999999993,34.51,88.0,36.5,1
29852,SO-0501,ASI Nidhi Vaghela,ASI,35,2026-07-19 12:33:32+00:00,89.0,86.0,,21.1905788,72.872312,7.419891357421875,-0.787,-0.153,-0.019,,0.0,0.0,0.0,,,,,0.0,0.0,30.0,0.0003835999999992,0.0032726999999965,40.98,86.0,36.5,1
29859,SO-0501,ASI Nidhi Vaghela,ASI,35,2026-07-19 12:34:02+00:00,86.0,88.0,,21.1903145,72.8753073,2.90673828125,-0.75,-0.104,0.54,,0.0,0.0,0.0,,,,,0.0,0.0,30.0,-0.0002643000000013,0.0029953000000091,37.38,88.0,36.5,1
29866,SO-0501,ASI Nidhi Vaghela,ASI,35,2026-07-19 12:34:32+00:00,85.0,88.0,,21.1900872,72.8764529,8.941741943359375,-1.039,-0.215,0.108,,0.0,0.0,0.0,,,,,0.0,0.0,30.0,-0.0002272999999988,0.0011456000000009,14.55,88.0,36.5,1
29873,SO-0501,ASI Nidhi Vaghela,ASI,35,2026-07-19 12:35:02+00:00,94.0,88.0,,21.1903157,72.8737903,27.299999237060547,-0.787,0.025,0.459,,0.0,0.0,0.0,,,,,0.0,0.0,30.0,0.0002284999999986,-0.0026626000000078,33.22,88.0,36.5,1
29880,SO-0501,ASI Nidhi Vaghela,ASI,35,2026-07-19 12:35:32+00:00,84.0,88.0,,21.1902539,72.8718269,27.299999237060547,-0.933,-0.144,-0.097,,0.0,0.0,0.0,,,,,0.0,0.0,30.0,-6.180000000099994e-05,-0.0019633999999939,24.4,88.0,36.5,1
29887,SO-0501,ASI Nidhi Vaghela,ASI,35,2026-07-19 12:36:02+00:00,82.0,88.0,,21.1894412,72.8715413,27.299999237060547,-0.694,0.037,0.854,,0.0,0.0,0.0,,,,,0.0,0.0,30.0,-0.0008126999999973,-0.0002855999999979,11.39,88.0,36.5,1
29894,SO-0501,ASI Nidhi Vaghela,ASI,35,2026-07-19 12:36:32+00:00,86.0,62.0,,21.189359,72.8716327,17.399999618530273,-0.947,0.264,-0.077,,0.0,0.0,0.0,,,,,0.0,0.0,30.0,-8.220000000136451e-05,9.14000000022952e-05,1.58,62.0,36.5,0
29902,SO-0501,ASI Nidhi Vaghela,ASI,35,2026-07-19 12:37:04+00:00,86.0,,,21.1893604,72.8716339,14.299999237060549,-0.704,-0.129,0.122,,0.0,0.0,0.0,,,,,0.0,0.0,32.0,1.4000000021496817e-06,1.1999999998124622e-06,0.02,62.0,36.5,0
40390,SO-0501,ASI Nidhi Vaghela,ASI,35,2026-07-21 14:58:26+00:00,81.0,82.0,,21.2613481,72.7809289,19.399999618530273,0.062,0.96,0.068,,0.0,0.0,0.0,,,,,0.0,0.0,181282.0,0.0719876999999975,-0.0907049999999998,0.0,82.0,36.5,0
40395,SO-0501,ASI Nidhi Vaghela,ASI,35,2026-07-21 14:58:58+00:00,87.0,88.0,,21.2625185,72.7829594,19.600000381469727,-0.01,0.881,0.087,,0.0,0.0,0.0,,,,,0.0,0.0,32.0,0.0011703999999994,0.0020304999999893,27.8,88.0,36.5,1
40399,SO-0501,ASI Nidhi Vaghela,ASI,35,2026-07-21 14:59:27+00:00,82.0,77.0,,21.2628398,72.7824451,17.700000762939453,-0.427,-0.446,0.788,,0.0,0.0,0.0,,,,,0.0,0.0,29.0,0.0003212999999995,-0.0005142999999918,7.96,77.0,36.5,1
40403,SO-0501,ASI Nidhi Vaghela,ASI,35,2026-07-21 14:59:56+00:00,85.0,84.0,,21.2615755,72.7807755,19.399999618530273,-0.558,0.48,0.252,,0.0,0.0,0.0,,,,,0.0,0.0,29.0,-0.0012642999999989,-0.0016695999999996,27.64,84.0,36.5,1
40407,SO-0501,ASI Nidhi Vaghela,ASI,35,2026-07-21 15:00:26+00:00,85.0,72.0,,21.2616727,72.7808379,19.399999618530273,-0.543,-0.138,-0.811,,0.0,0.0,0.0,,,,,0.0,0.0,30.0,9.719999999902028e-05,6.239999999024803e-05,1.51,72.0,36.5,0
40411,SO-0501,ASI Nidhi Vaghela,ASI,35,2026-07-21 15:00:56+00:00,85.0,,,21.2616634,72.7808473,19.399999618530273,-0.28,-0.55,0.155,,0.0,0.0,0.0,,,,,0.0,0.0,30.0,-9.299999998546582e-06,9.400000010373333e-06,0.17,72.0,36.5,0
40834,SO-0501,ASI Nidhi Vaghela,ASI,35,2026-07-21 16:47:14+00:00,85.0,87.0,,21.3398539,72.7489429,16.899999618530273,-0.328,-0.901,0.342,,0.0,0.0,0.0,,,,,0.0,0.0,6378.0,0.0781905000000016,-0.0319044000000019,0.0,87.0,36.5,0
40837,SO-0501,ASI Nidhi Vaghela,ASI,35,2026-07-21 16:47:44+00:00,87.0,88.0,,21.3398853,72.7489671,16.899999618530273,-0.637,0.787,-0.03,,0.0,0.0,0.0,,,,,0.0,0.0,30.0,3.1399999997461236e-05,2.4199999998586463e-05,0.52,88.0,36.5,0
40840,SO-0501,ASI Nidhi Vaghela,ASI,35,2026-07-21 16:48:14+00:00,88.0,75.0,,21.3399123,72.7489624,16.899999618530273,-0.902,0.088,0.28,,0.0,0.0,0.0,,,,,0.0,0.0,30.0,2.7000000002885827e-05,-4.700000005186666e-06,0.36,75.0,36.5,0
40842,SO-0501,ASI Nidhi Vaghela,ASI,35,2026-07-21 16:48:44+00:00,90.0,78.0,,21.3399241,72.7489561,16.999998092651367,-0.402,1.151,0.332,,0.0,0.0,0.0,,,,,0.0,0.0,30.0,1.1799999999340116e-05,-6.299999995462713e-06,0.18,78.0,36.5,0
40844,SO-0501,ASI Nidhi Vaghela,ASI,35,2026-07-21 16:49:14+00:00,99.0,83.0,,21.3399189,72.7489651,16.899999618530273,-0.84,0.52,0.147,,0.0,0.0,0.0,,,,,0.0,0.0,30.0,-5.200000000371574e-06,9.000000005698894e-06,0.13,83.0,36.5,2
40846,SO-0501,ASI Nidhi Vaghela,ASI,35,2026-07-21 16:49:44+00:00,87.0,88.0,,21.3399093,72.7489407,16.899999618530273,-0.765,-0.215,-0.47,,0.0,0.0,0.0,,,,,0.0,0.0,30.0,-9.600000002052411e-06,-2.4400000000923683e-05,0.33,88.0,36.5,0
40848,SO-0501,ASI Nidhi Vaghela,ASI,35,2026-07-21 16:50:14+00:00,87.0,85.0,,21.3398785,72.7489716,16.999998092651367,-0.464,0.802,0.219,,0.0,0.0,0.0,,,,,0.0,0.0,30.0,-3.0799999997555005e-05,3.0899999998723615e-05,0.56,85.0,36.5,0
40850,SO-0501,ASI Nidhi Vaghela,ASI,35,2026-07-21 16:50:46+00:00,94.0,88.0,,21.3398745,72.7489705,16.999998092651367,-0.998,-0.486,-0.244,,0.0,0.0,0.0,,,,,0.0,0.0,32.0,-4.000000000559112e-06,-1.1000000057492798e-06,0.05,88.0,36.5,2
40852,SO-0501,ASI Nidhi Vaghela,ASI,35,2026-07-21 16:51:15+00:00,99.0,61.0,,21.3397508,72.7487919,16.899999618530273,-0.826,-0.391,-0.35,,0.0,0.0,0.0,,,,,0.0,0.0,29.0,-0.0001236999999996,-0.0001785999999981,2.86,61.0,36.5,2
40854,SO-0501,ASI Nidhi Vaghela,ASI,35,2026-07-21 16:51:44+00:00,83.0,88.0,,21.3397987,72.7488372,16.899999618530273,-0.892,-0.2,-0.334,,0.0,0.0,0.0,,,,,0.0,0.0,29.0,4.7899999998435305e-05,4.529999999647316e-05,0.88,88.0,36.5,0
40856,SO-0501,ASI Nidhi Vaghela,ASI,35,2026-07-21 16:52:14+00:00,86.0,88.0,,21.3398308,72.7488971,16.899999618530273,-0.135,-0.555,0.793,,0.0,0.0,0.0,,,,,0.0,0.0,30.0,3.210000000208879e-05,5.989999999655993e-05,0.86,88.0,36.5,0
40858,SO-0501,ASI Nidhi Vaghela,ASI,35,2026-07-21 16:52:44+00:00,91.0,87.0,,21.3397517,72.7487919,16.899999618530273,-0.436,-0.085,1.006,,0.0,0.0,0.0,,,,,0.0,0.0,30.0,-7.910000000066475e-05,-0.000105199999993,1.68,87.0,36.5,2
40860,SO-0501,ASI Nidhi Vaghela,ASI,35,2026-07-21 16:53:14+00:00,91.0,88.0,,21.3398389,72.7489109,16.899999618530273,-0.635,-0.449,-0.602,,0.0,0.0,0.0,,,,,0.0,0.0,30.0,8.719999999939887e-05,0.0001189999999979,1.88,88.0,36.5,2
40862,SO-0501,ASI Nidhi Vaghela,ASI,35,2026-07-21 16:53:44+00:00,86.0,88.0,,21.3397627,72.748834,16.899999618530273,-0.949,-0.203,0.179,,0.0,0.0,0.0,,,,,0.0,0.0,30.0,-7.619999999874949e-05,-7.689999999627162e-05,1.39,88.0,36.5,0
40864,SO-0501,ASI Nidhi Vaghela,ASI,35,2026-07-21 16:54:18+00:00,99.0,88.0,,21.3398645,72.7489292,16.899999618530273,-0.82,-0.505,0.031,,0.0,0.0,0.0,,,,,0.0,0.0,34.0,0.0001017999999994,9.52000000040698e-05,1.59,88.0,36.5,2
40866,SO-0501,ASI Nidhi Vaghela,ASI,35,2026-07-21 16:54:44+00:00,85.0,88.0,,21.3397575,72.7487979,16.899999618530273,-1.116,-0.428,0.094,,0.0,0.0,0.0,,,,,0.0,0.0,26.0,-0.0001069999999998,-0.0001313000000067,2.5,88.0,36.5,0
40868,SO-0501,ASI Nidhi Vaghela,ASI,35,2026-07-21 16:55:16+00:00,96.0,87.0,,21.3398775,72.7489502,16.899999618530273,-0.945,-0.689,-0.604,,0.0,0.0,0.0,,,,,0.0,0.0,32.0,0.000119999999999,0.0001522999999963,2.32,87.0,36.5,2
40870,SO-0501,ASI Nidhi Vaghela,ASI,35,2026-07-21 16:55:46+00:00,81.0,63.0,,21.3398394,72.7489466,16.899999618530273,-1.391,0.288,0.087,,0.0,0.0,0.0,,,,,0.0,0.0,30.0,-3.81000000011511e-05,-3.5999999994373866e-06,0.51,63.0,36.5,0
40872,SO-0501,ASI Nidhi Vaghela,ASI,35,2026-07-21 16:56:15+00:00,91.0,77.0,,21.3398403,72.7489487,16.999998092651367,0.775,1.036,0.789,,0.0,0.0,0.0,,,,,0.0,0.0,29.0,8.999999998593466e-07,2.1000000032245225e-06,0.03,77.0,36.5,2
40874,SO-0501,ASI Nidhi Vaghela,ASI,35,2026-07-21 16:56:44+00:00,92.0,88.0,,21.3398424,72.7489439,16.899999618530273,-0.141,0.583,-0.728,,0.0,0.0,0.0,,,,,0.0,0.0,29.0,2.099999999671809e-06,-4.799999999249849e-06,0.07,88.0,36.5,2
40876,SO-0501,ASI Nidhi Vaghela,ASI,35,2026-07-21 16:57:14+00:00,80.0,86.0,,21.3398671,72.7489494,16.899999618530273,-0.709,0.087,-0.607,,0.0,0.0,0.0,,,,,0.0,0.0,30.0,2.47000000008768e-05,5.50000000032469e-06,0.34,86.0,36.5,0
40878,SO-0501,ASI Nidhi Vaghela,ASI,35,2026-07-21 16:57:44+00:00,91.0,88.0,,21.3398624,72.7489483,16.899999618530273,-0.755,0.037,-0.559,,0.0,0.0,0.0,,,,,0.0,0.0,30.0,-4.699999998081239e-06,-1.1000000057492798e-06,0.06,88.0,36.5,2
40880,SO-0501,ASI Nidhi Vaghela,ASI,35,2026-07-21 16:58:14+00:00,88.0,88.0,,21.3398464,72.7489439,16.999998092651367,-0.277,-0.927,-0.116,,0.0,0.0,0.0,,,,,0.0,0.0,30.0,-1.6000000002236447e-05,-4.39999999457541e-06,0.22,88.0,36.5,0
40882,SO-0501,ASI Nidhi Vaghela,ASI,35,2026-07-21 16:58:45+00:00,83.0,87.0,,21.3398085,72.7488857,16.899999618530273,-0.96,0.202,-0.001,,0.0,0.0,0.0,,,,,0.0,0.0,31.0,-3.789999999881388e-05,-5.819999999800984e-05,0.85,87.0,36.5,0
40884,SO-0501,ASI Nidhi Vaghela,ASI,35,2026-07-21 16:59:14+00:00,86.0,88.0,,21.3398203,72.7489045,16.899999618530273,-0.829,0.168,0.267,,0.0,0.0,0.0,,,,,0.0,0.0,29.0,1.1799999999340116e-05,1.8799999992324956e-05,0.29,88.0,36.5,0
40886,SO-0501,ASI Nidhi Vaghela,ASI,35,2026-07-21 16:59:44+00:00,94.0,88.0,,21.3398435,72.7489437,16.899999618530273,-0.954,0.084,-0.163,,0.0,0.0,0.0,,,,,0.0,0.0,30.0,2.320000000111122e-05,3.920000000334767e-05,0.58,88.0,36.5,2
40888,SO-0501,ASI Nidhi Vaghela,ASI,35,2026-07-21 17:00:14+00:00,92.0,88.0,,21.3398443,72.7489434,16.899999618530273,-0.504,-0.022,-0.773,,0.0,0.0,0.0,,,,,0.0,0.0,30.0,7.999999986907369e-07,-2.999999964004019e-07,0.01,88.0,36.5,2
40890,SO-0501,ASI Nidhi Vaghela,ASI,35,2026-07-21 17:00:44+00:00,88.0,88.0,,21.3398503,72.7489515,16.999998092651367,-0.833,0.057,-0.463,,0.0,0.0,0.0,,,,,0.0,0.0,30.0,5.999999999062311e-06,8.100000002286833e-06,0.13,88.0,36.5,0
40892,SO-0501,ASI Nidhi Vaghela,ASI,35,2026-07-21 17:01:14+00:00,89.0,88.0,,21.3398524,72.748959,16.999998092651367,-1.43,0.308,-0.071,,0.0,0.0,0.0,,,,,0.0,0.0,30.0,2.1000000032245225e-06,7.499999995275175e-06,0.1,88.0,36.5,0
40894,SO-0501,ASI Nidhi Vaghela,ASI,35,2026-07-21 17:01:44+00:00,88.0,88.0,,21.3398587,72.7489507,16.899999618530273,-0.871,0.337,-0.353,,0.0,0.0,0.0,,,,,0.0,0.0,30.0,6.2999999990154265e-06,-8.300000004624053e-06,0.13,88.0,36.5,0
40896,SO-0501,ASI Nidhi Vaghela,ASI,35,2026-07-21 17:02:14+00:00,100.0,88.0,,21.3398698,72.74896,17.100000381469727,-0.923,0.356,0.04,,0.0,0.0,0.0,,,,,0.0,0.0,30.0,1.1099999998265275e-05,9.300000002099296e-06,0.19,88.0,36.5,2
40898,SO-0501,ASI Nidhi Vaghela,ASI,35,2026-07-21 17:02:44+00:00,87.0,88.0,,21.3398694,72.7489616,16.999998092651367,-0.912,0.394,-0.031,,0.0,0.0,0.0,,,,,0.0,0.0,30.0,-3.999999975690116e-07,1.6000000044869012e-06,0.02,88.0,36.5,0
40900,SO-0501,ASI Nidhi Vaghela,ASI,35,2026-07-21 17:03:14+00:00,87.0,88.0,,21.3398749,72.7489666,16.999998092651367,-1.447,0.092,-0.389,,0.0,0.0,0.0,,,,,0.0,0.0,30.0,5.50000000032469e-06,5.000000001587068e-06,0.1,88.0,36.5,0
40902,SO-0501,ASI Nidhi Vaghela,ASI,35,2026-07-21 17:03:44+00:00,87.0,87.0,,21.3398487,72.7489479,16.899999618530273,-0.879,0.385,-0.077,,0.0,0.0,0.0,,,,,0.0,0.0,30.0,-2.6200000000642376e-05,-1.8699999998261777e-05,0.42,87.0,36.5,0
40904,SO-0501,ASI Nidhi Vaghela,ASI,35,2026-07-21 17:04:14+00:00,84.0,86.0,,21.339868,72.7489631,16.999998092651367,-0.715,0.512,0.563,,0.0,0.0,0.0,,,,,0.0,0.0,30.0,1.9299999998168005e-05,1.519999999288757e-05,0.32,86.0,36.5,0
40906,SO-0501,ASI Nidhi Vaghela,ASI,35,2026-07-21 17:04:44+00:00,92.0,88.0,,21.339861,72.7489624,16.999998092651367,-0.842,0.54,0.264,,0.0,0.0,0.0,,,,,0.0,0.0,30.0,-7.000000000090267e-06,-7.000000010748408e-07,0.09,88.0,36.5,2
40908,SO-0501,ASI Nidhi Vaghela,ASI,35,2026-07-21 17:05:14+00:00,81.0,85.0,,21.3398612,72.7489603,17.100000381469727,-0.61,0.422,0.781,,0.0,0.0,0.0,,,,,0.0,0.0,30.0,2.0000000233721948e-07,-2.1000000032245225e-06,0.03,85.0,36.5,0
40910,SO-0501,ASI Nidhi Vaghela,ASI,35,2026-07-21 17:05:44+00:00,87.0,81.0,,21.3398778,72.7489546,16.899999618530273,-0.824,0.085,-0.471,,0.0,0.0,0.0,,,,,0.0,0.0,30.0,1.6599999998589965e-05,-5.699999988451054e-06,0.23,81.0,36.5,0
40912,SO-0501,ASI Nidhi Vaghela,ASI,35,2026-07-21 17:06:14+00:00,100.0,88.0,,21.3398519,72.7489444,16.899999618530273,-0.849,0.044,0.61,,0.0,0.0,0.0,,,,,0.0,0.0,30.0,-2.590000000068926e-05,-1.0200000005511356e-05,0.37,88.0,36.5,2
40914,SO-0501,ASI Nidhi Vaghela,ASI,35,2026-07-21 17:06:44+00:00,88.0,88.0,,21.3398557,72.7489572,16.999998092651367,-0.783,-0.067,-0.504,,0.0,0.0,0.0,,,,,0.0,0.0,30.0,3.800000001774606e-06,1.28000000074735e-05,0.17,88.0,36.5,0
40916,SO-0501,ASI Nidhi Vaghela,ASI,35,2026-07-21 17:07:15+00:00,84.0,88.0,,21.339865,72.7489492,16.899999618530273,-0.685,0.136,-0.64,,0.0,0.0,0.0,,,,,0.0,0.0,31.0,9.299999998546582e-06,-8.000000008223651e-06,0.15,88.0,36.5,0
40918,SO-0501,ASI Nidhi Vaghela,ASI,35,2026-07-21 17:07:44+00:00,81.0,87.0,,21.3398112,72.7488795,16.899999618530273,-0.991,0.025,0.013,,0.0,0.0,0.0,,,,,0.0,0.0,29.0,-5.379999999988172e-05,-6.969999999739684e-05,1.16,87.0,36.5,0
40920,SO-0501,ASI Nidhi Vaghela,ASI,35,2026-07-21 17:08:14+00:00,83.0,88.0,,21.3398279,72.7489246,16.899999618530273,-0.779,0.049,-0.511,,0.0,0.0,0.0,,,,,0.0,0.0,30.0,1.6699999999758575e-05,4.509999999413594e-05,0.6,88.0,36.5,0
40922,SO-0501,ASI Nidhi Vaghela,ASI,35,2026-07-21 17:08:44+00:00,81.0,88.0,,21.3398481,72.7489446,16.899999618530273,-0.809,0.189,-0.465,,0.0,0.0,0.0,,,,,0.0,0.0,30.0,2.0200000001580065e-05,2.0000000006348273e-05,0.37,88.0,36.5,0
40924,SO-0501,ASI Nidhi Vaghela,ASI,35,2026-07-21 17:09:14+00:00,83.0,88.0,,21.3398796,72.7489517,16.899999618530273,-0.723,0.055,-0.611,,0.0,0.0,0.0,,,,,0.0,0.0,30.0,3.1499999998629846e-05,7.100000004811591e-06,0.43,88.0,36.5,0
40926,SO-0501,ASI Nidhi Vaghela,ASI,35,2026-07-21 17:09:44+00:00,82.0,88.0,,21.3398657,72.7489592,16.999998092651367,-0.91,0.247,0.432,,0.0,0.0,0.0,,,,,0.0,0.0,30.0,-1.3899999999011923e-05,7.499999995275175e-06,0.21,88.0,36.5,0
40928,SO-0501,ASI Nidhi Vaghela,ASI,35,2026-07-21 17:10:14+00:00,96.0,88.0,,21.3398565,72.7489427,16.899999618530273,-0.686,0.191,-0.66,,0.0,0.0,0.0,,,,,0.0,0.0,30.0,-9.200000000930686e-06,-1.650000000097407e-05,0.24,88.0,36.5,2
40930,SO-0501,ASI Nidhi Vaghela,ASI,35,2026-07-21 17:10:44+00:00,81.0,88.0,,21.3398572,72.7489431,16.899999618530273,-0.846,0.167,0.598,,0.0,0.0,0.0,,,,,0.0,0.0,30.0,7.000000010748408e-07,4.0000000467443897e-07,0.01,88.0,36.5,0
40932,SO-0501,ASI Nidhi Vaghela,ASI,35,2026-07-21 17:11:14+00:00,91.0,88.0,,21.3398374,72.7489461,16.999998092651367,-0.552,-0.789,-0.189,,0.0,0.0,0.0,,,,,0.0,0.0,30.0,-1.980000000045834e-05,2.999999992425728e-06,0.27,88.0,36.5,2
40934,SO-0501,ASI Nidhi Vaghela,ASI,35,2026-07-21 17:11:44+00:00,89.0,88.0,,21.3398468,72.7489419,16.999998092651367,-0.396,-0.817,-0.33,,0.0,0.0,0.0,,,,,0.0,0.0,30.0,9.399999999715192e-06,-4.19999999223819e-06,0.14,88.0,36.5,0
40936,SO-0501,ASI Nidhi Vaghela,ASI,35,2026-07-21 17:12:14+00:00,81.0,87.0,,21.3398714,72.748955,16.999998092651367,-0.361,-0.782,-0.401,,0.0,0.0,0.0,,,,,0.0,0.0,30.0,2.459999999970819e-05,1.3099999989663049e-05,0.37,87.0,36.5,0
40938,SO-0501,ASI Nidhi Vaghela,ASI,35,2026-07-21 17:12:44+00:00,84.0,84.0,,21.3398629,72.7489534,16.999998092651367,-0.36,-0.773,-0.415,,0.0,0.0,0.0,,,,,0.0,0.0,30.0,-8.499999999855845e-06,-1.5999999902760464e-06,0.11,84.0,36.5,0
40940,SO-0501,ASI Nidhi Vaghela,ASI,35,2026-07-21 17:13:14+00:00,92.0,88.0,,21.3398415,72.7489422,16.899999618530273,-0.921,-0.112,-0.291,,0.0,0.0,0.0,,,,,0.0,0.0,30.0,-2.1400000001392527e-05,-1.12000000029866e-05,0.32,88.0,36.5,2
40942,SO-0501,ASI Nidhi Vaghela,ASI,35,2026-07-21 17:13:44+00:00,96.0,86.0,,21.3398391,72.7489326,16.899999618530273,0.628,-0.302,0.822,,0.0,0.0,0.0,,,,,0.0,0.0,30.0,-2.3999999996249244e-06,-9.599999998499698e-06,0.12,86.0,36.5,2
40944,SO-0501,ASI Nidhi Vaghela,ASI,35,2026-07-21 17:14:14+00:00,91.0,84.0,,21.339851,72.748926,16.899999618530273,-0.352,-0.117,1.022,,0.0,0.0,0.0,,,,,0.0,0.0,30.0,1.1900000000508726e-05,-6.600000006073969e-06,0.18,84.0,36.5,2
40946,SO-0501,ASI Nidhi Vaghela,ASI,35,2026-07-21 17:14:44+00:00,82.0,87.0,,21.3398499,72.7489341,16.899999618530273,-0.867,0.237,0.689,,0.0,0.0,0.0,,,,,0.0,0.0,30.0,-1.0999999986438525e-06,8.100000002286833e-06,0.1,87.0,36.5,0
40948,SO-0501,ASI Nidhi Vaghela,ASI,35,2026-07-21 17:15:15+00:00,95.0,84.0,,21.3398664,72.7489414,16.899999618530273,-0.831,0.195,0.618,,0.0,0.0,0.0,,,,,0.0,0.0,31.0,1.6499999997421355e-05,7.30000000714881e-06,0.23,84.0,36.5,2
40950,SO-0501,ASI Nidhi Vaghela,ASI,35,2026-07-21 17:15:45+00:00,99.0,88.0,,21.3398509,72.7489512,16.899999618530273,-0.429,-0.026,1.041,,0.0,0.0,0.0,,,,,0.0,0.0,30.0,-1.5499999999946112e-05,9.799999986626062e-06,0.24,88.0,36.5,2
40952,SO-0501,ASI Nidhi Vaghela,ASI,35,2026-07-21 17:16:14+00:00,88.0,86.0,,21.3398477,72.7489369,16.899999618530273,0.665,0.02,0.844,,0.0,0.0,0.0,,,,,0.0,0.0,29.0,-3.1999999983156613e-06,-1.429999998947551e-05,0.19,86.0,36.5,0
40954,SO-0501,ASI Nidhi Vaghela,ASI,35,2026-07-21 17:16:44+00:00,85.0,89.0,,21.3398325,72.7489286,16.899999618530273,0.905,-0.386,0.402,,0.0,0.0,0.0,,,,,0.0,0.0,30.0,-1.5199999999992995e-05,-8.300000004624053e-06,0.23,89.0,36.5,0
40956,SO-0501,ASI Nidhi Vaghela,ASI,35,2026-07-21 17:17:14+00:00,93.0,85.0,,21.3398106,72.748894,16.899999618530273,-0.429,-0.03,0.996,,0.0,0.0,0.0,,,,,0.0,0.0,30.0,-2.190000000013015e-05,-3.4599999992224184e-05,0.52,85.0,36.5,2
40958,SO-0501,ASI Nidhi Vaghela,ASI,35,2026-07-21 17:17:44+00:00,86.0,80.0,,21.3398182,72.7489127,16.899999618530273,-0.463,-0.004,0.982,,0.0,0.0,0.0,,,,,0.0,0.0,30.0,7.599999999996499e-06,1.8699999998261777e-05,0.25,80.0,36.5,0
40960,SO-0501,ASI Nidhi Vaghela,ASI,35,2026-07-21 17:18:14+00:00,96.0,89.0,,21.3398198,72.7489103,16.899999618530273,0.862,0.083,0.589,,0.0,0.0,0.0,,,,,0.0,0.0,30.0,1.6000000009341877e-06,-2.3999999996249244e-06,0.04,89.0,36.5,2
40962,SO-0501,ASI Nidhi Vaghela,ASI,35,2026-07-21 17:18:44+00:00,93.0,71.0,,21.3398208,72.7489276,16.899999618530273,-0.923,0.261,0.388,,0.0,0.0,0.0,,,,,0.0,0.0,30.0,9.999999974752427e-07,1.7299999996112092e-05,0.22,71.0,36.5,2
40964,SO-0501,ASI Nidhi Vaghela,ASI,35,2026-07-21 17:19:14+00:00,84.0,87.0,,21.339823,72.7489297,16.899999618530273,-0.642,0.341,0.788,,0.0,0.0,0.0,,,,,0.0,0.0,30.0,2.2000000008404186e-06,2.1000000032245225e-06,0.04,87.0,36.5,0
40966,SO-0501,ASI Nidhi Vaghela,ASI,35,2026-07-21 17:19:44+00:00,84.0,83.0,,21.339811,72.7488997,16.899999618530273,0.924,0.189,0.446,,0.0,0.0,0.0,,,,,0.0,0.0,30.0,-1.1999999998124622e-05,-3.000000000952241e-05,0.41,83.0,36.5,0
40968,SO-0501,ASI Nidhi Vaghela,ASI,35,2026-07-21 17:20:14+00:00,84.0,88.0,,21.3398147,72.7489269,16.899999618530273,0.869,0.061,0.574,,0.0,0.0,0.0,,,,,0.0,0.0,30.0,3.700000000605996e-06,2.720000000522305e-05,0.34,88.0,36.5,0
40970,SO-0501,ASI Nidhi Vaghela,ASI,35,2026-07-21 17:20:44+00:00,100.0,84.0,,21.3398328,72.7489411,16.899999618530273,0.741,0.035,0.775,,0.0,0.0,0.0,,,,,0.0,0.0,30.0,1.8099999998355543e-05,1.4199999995412329e-05,0.3,84.0,36.5,2
40972,SO-0501,ASI Nidhi Vaghela,ASI,35,2026-07-21 17:21:14+00:00,92.0,87.0,,21.3398445,72.7489375,16.899999618530273,-0.688,0.268,0.753,,0.0,0.0,0.0,,,,,0.0,0.0,30.0,1.170000000172422e-05,-3.5999999994373866e-06,0.16,87.0,36.5,2
40974,SO-0501,ASI Nidhi Vaghela,ASI,35,2026-07-21 17:21:44+00:00,85.0,63.0,,21.3398262,72.7489366,16.899999618530273,-0.722,0.261,0.737,,0.0,0.0,0.0,,,,,0.0,0.0,30.0,-1.830000000069276e-05,-9.000000034120603e-07,0.24,63.0,36.5,0
40976,SO-0501,ASI Nidhi Vaghela,ASI,35,2026-07-21 17:22:14+00:00,92.0,63.0,,21.3398532,72.7489397,16.899999618530273,-0.974,0.146,0.212,,0.0,0.0,0.0,,,,,0.0,0.0,30.0,2.6999999999333113e-05,3.1000000006997652e-06,0.36,63.0,36.5,2
40978,SO-0501,ASI Nidhi Vaghela,ASI,35,2026-07-21 17:22:44+00:00,91.0,88.0,,21.3398412,72.7489104,16.899999618530273,-0.956,-0.143,-0.189,,0.0,0.0,0.0,,,,,0.0,0.0,30.0,-1.2000000001677336e-05,-2.929999999423671e-05,0.4,88.0,36.5,2
40980,SO-0501,ASI Nidhi Vaghela,ASI,35,2026-07-21 17:23:14+00:00,83.0,88.0,,21.3398567,72.7489439,16.899999618530273,-0.791,-0.054,-0.5,,0.0,0.0,0.0,,,,,0.0,0.0,30.0,1.5499999999946112e-05,3.350000000068576e-05,0.46,88.0,36.5,0
40982,SO-0501,ASI Nidhi Vaghela,ASI,35,2026-07-21 17:23:44+00:00,81.0,88.0,,21.339848,72.7489392,16.899999618530273,-0.937,0.053,-0.306,,0.0,0.0,0.0,,,,,0.0,0.0,30.0,-8.699999998640351e-06,-4.700000005186666e-06,0.13,88.0,36.5,0
40984,SO-0501,ASI Nidhi Vaghela,ASI,35,2026-07-21 17:24:14+00:00,95.0,76.0,,21.3398352,72.748912,16.899999618530273,-0.328,0.331,0.646,,0.0,0.0,0.0,,,,,0.0,0.0,30.0,-1.2800000000368073e-05,-2.719999999101219e-05,0.38,76.0,36.5,2
40986,SO-0501,ASI Nidhi Vaghela,ASI,35,2026-07-21 17:24:44+00:00,94.0,87.0,,21.3393649,72.7486626,16.999998092651367,-0.216,0.395,1.088,,0.0,0.0,0.0,,,,,0.0,0.0,30.0,-0.0004702999999999,-0.0002494000000012,6.99,87.0,36.5,1
40988,SO-0501,ASI Nidhi Vaghela,ASI,35,2026-07-21 17:25:14+00:00,88.0,86.0,,21.3381452,72.7488256,16.19999885559082,0.108,0.283,0.96,,0.0,0.0,0.0,,,,,0.0,0.0,30.0,-0.0012197,0.0001630000000005,16.37,86.0,36.5,1
40990,SO-0501,ASI Nidhi Vaghela,ASI,35,2026-07-21 17:25:46+00:00,88.0,87.0,,21.3374415,72.7484823,15.699996948242188,-0.94,-0.321,-0.081,,0.0,0.0,0.0,,,,,0.0,0.0,32.0,-0.0007036999999989,-0.0003432999999972,9.65,87.0,36.5,1
40992,SO-0501,ASI Nidhi Vaghela,ASI,35,2026-07-21 17:26:14+00:00,86.0,88.0,,21.3365944,72.7490678,15.499996185302734,-0.942,-0.095,-0.213,,0.0,0.0,0.0,,,,,0.0,0.0,28.0,-0.0008471000000014,0.0005854999999996,14.38,88.0,36.5,1
40994,SO-0501,ASI Nidhi Vaghela,ASI,35,2026-07-21 17:26:44+00:00,93.0,88.0,,21.3363059,72.7500085,15.89999771118164,-0.748,-0.197,0.119,,0.0,0.0,0.0,,,,,0.0,0.0,30.0,-0.0002884999999999,0.000940700000001,12.3,88.0,36.5,1
40996,SO-0501,ASI Nidhi Vaghela,ASI,35,2026-07-21 17:27:15+00:00,99.0,88.0,,21.3350425,72.7505218,16.69999885559082,-0.683,-0.565,-0.116,,0.0,0.0,0.0,,,,,0.0,0.0,31.0,-0.0012633999999991,0.0005132999999943,17.42,88.0,36.5,1
40998,SO-0501,ASI Nidhi Vaghela,ASI,35,2026-07-21 17:27:44+00:00,100.0,88.0,,21.3334504,72.7518791,16.499998092651367,-0.807,-0.6,-0.191,,0.0,0.0,0.0,,,,,0.0,0.0,29.0,-0.0015920999999998,0.0013572999999951,28.03,88.0,36.5,1
41000,SO-0501,ASI Nidhi Vaghela,ASI,35,2026-07-21 17:28:16+00:00,82.0,87.0,,21.331513,72.7528057,17.100000381469727,-0.818,-0.469,-0.016,,0.0,0.0,0.0,,,,,0.0,0.0,32.0,-0.0019373999999992,0.0009265999999996,26.49,87.0,36.5,1
41002,SO-0501,ASI Nidhi Vaghela,ASI,35,2026-07-21 17:28:44+00:00,94.0,87.0,,21.3302272,72.7531354,16.399999618530273,-0.758,0.052,0.585,,0.0,0.0,0.0,,,,,0.0,0.0,28.0,-0.0012858000000015,0.0003297000000088,18.87,87.0,36.5,1
41004,SO-0501,ASI Nidhi Vaghela,ASI,35,2026-07-21 17:29:14+00:00,83.0,89.0,,21.3289982,72.7534605,16.19999885559082,-0.772,0.081,0.682,,0.0,0.0,0.0,,,,,0.0,0.0,30.0,-0.0012289999999985,0.0003250999999977,16.86,89.0,36.5,1
41007,SO-0501,ASI Nidhi Vaghela,ASI,35,2026-07-21 17:29:43+00:00,83.0,85.0,,21.3318592,72.7542561,16.80000114440918,-0.821,-0.439,-0.244,,0.0,0.0,0.0,,,,,0.0,0.0,29.0,0.0028609999999993,0.0007956000000035,40.73,85.0,36.5,1
41010,SO-0501,ASI Nidhi Vaghela,ASI,35,2026-07-21 17:30:14+00:00,94.0,87.0,,21.3318584,72.7542511,16.80000114440918,-1.035,-0.391,-0.153,,0.0,0.0,0.0,,,,,0.0,0.0,31.0,-7.999999986907369e-07,-5.000000001587068e-06,0.06,87.0,36.5,2
41012,SO-0501,ASI Nidhi Vaghela,ASI,35,2026-07-21 17:30:44+00:00,80.0,88.0,,21.3290001,72.7533754,16.19999885559082,-0.532,1.023,0.469,,0.0,0.0,0.0,,,,,0.0,0.0,30.0,-0.0028583000000033,-0.0008757000000088,39.6,88.0,36.5,1
41014,SO-0501,ASI Nidhi Vaghela,ASI,35,2026-07-21 17:31:14+00:00,80.0,88.0,,21.3290974,72.7530031,16.19999885559082,-0.937,-0.194,-0.328,,0.0,0.0,0.0,,,,,0.0,0.0,30.0,9.73000000001889e-05,-0.0003722999999951,4.8,88.0,36.5,1
41017,SO-0501,ASI Nidhi Vaghela,ASI,35,2026-07-21 17:31:44+00:00,88.0,87.0,,21.3318582,72.7542522,16.80000114440918,-0.055,-0.925,0.393,,0.0,0.0,0.0,,,,,0.0,0.0,30.0,0.0027608000000007,0.0012490999999954,39.91,87.0,36.5,1
41020,SO-0501,ASI Nidhi Vaghela,ASI,35,2026-07-21 17:32:14+00:00,88.0,84.0,,21.3289128,72.7535803,15.699996948242188,-0.288,-0.926,0.322,,0.0,0.0,0.0,,,,,0.0,0.0,30.0,-0.0029453999999979,-0.0006719000000003,40.11,84.0,36.5,1
41024,SO-0501,ASI Nidhi Vaghela,ASI,35,2026-07-21 17:32:46+00:00,84.0,88.0,,21.3291782,72.7529248,15.699996948242188,0.257,-0.942,0.444,,0.0,0.0,0.0,,,,,0.0,0.0,32.0,0.0002653999999999,-0.0006554999999934,8.32,88.0,36.5,1
41027,SO-0501,ASI Nidhi Vaghela,ASI,35,2026-07-21 17:33:14+00:00,83.0,88.0,,21.329186,72.7529255,15.699996948242188,-0.368,0.95,0.064,,0.0,0.0,0.0,,,,,0.0,0.0,28.0,7.799999998781004e-06,7.000000010748408e-07,0.11,88.0,36.5,0
41033,SO-0501,ASI Nidhi Vaghela,ASI,35,2026-07-21 17:33:44+00:00,93.0,88.0,,21.3292002,72.7529256,15.699996948242188,-0.433,0.917,0.152,,0.0,0.0,0.0,,,,,0.0,0.0,30.0,1.419999999896504e-05,9.999999406318238e-08,0.19,88.0,36.5,2
41038,SO-0501,ASI Nidhi Vaghela,ASI,35,2026-07-21 17:34:14+00:00,89.0,81.0,,21.3292017,72.7529297,15.699996948242188,-0.57,0.813,0.061,,0.0,0.0,0.0,,,,,0.0,0.0,30.0,1.4999999997655775e-06,4.099999998175008e-06,0.05,81.0,36.5,0
41042,SO-0501,ASI Nidhi Vaghela,ASI,35,2026-07-21 17:34:44+00:00,81.0,84.0,,21.3291878,72.7529283,15.699996948242188,-0.687,-0.708,0.069,,0.0,0.0,0.0,,,,,0.0,0.0,30.0,-1.3899999999011923e-05,-1.4000000021496817e-06,0.19,84.0,36.5,0
41047,SO-0501,ASI Nidhi Vaghela,ASI,35,2026-07-21 17:35:14+00:00,81.0,88.0,,21.3291858,72.7529297,15.999996185302734,-0.339,-0.882,0.385,,0.0,0.0,0.0,,,,,0.0,0.0,30.0,-1.999999998503199e-06,1.4000000021496817e-06,0.03,88.0,36.5,0
41052,SO-0501,ASI Nidhi Vaghela,ASI,35,2026-07-21 17:35:47+00:00,83.0,79.0,,21.3291821,72.7529236,15.699996948242188,-0.876,-0.214,-0.341,,0.0,0.0,0.0,,,,,0.0,0.0,33.0,-3.700000000605996e-06,-6.099999993125493e-06,0.08,79.0,36.5,0
41056,SO-0501,ASI Nidhi Vaghela,ASI,35,2026-07-21 17:36:14+00:00,90.0,87.0,,21.3287722,72.7535051,15.999996185302734,-0.836,-0.129,-0.469,,0.0,0.0,0.0,,,,,0.0,0.0,27.0,-0.000409900000001,0.0005814999999955,10.06,87.0,36.5,1
41060,SO-0501,ASI Nidhi Vaghela,ASI,35,2026-07-21 17:36:46+00:00,97.0,88.0,,21.3287454,72.7534583,15.699996948242188,-0.853,-0.067,-0.439,,0.0,0.0,0.0,,,,,0.0,0.0,32.0,-2.6800000000548607e-05,-4.6799999992686026e-05,0.64,88.0,36.5,2
41065,SO-0501,ASI Nidhi Vaghela,ASI,35,2026-07-21 17:37:14+00:00,96.0,87.0,,21.3291758,72.7529236,15.699996948242188,-0.918,0.146,-0.231,,0.0,0.0,0.0,,,,,0.0,0.0,28.0,0.0004304000000026,-0.0005347000000028,9.4,87.0,36.5,1
41069,SO-0501,ASI Nidhi Vaghela,ASI,35,2026-07-21 17:37:44+00:00,85.0,79.0,,21.3291825,72.7529193,15.699996948242188,-0.763,-0.379,-0.451,,0.0,0.0,0.0,,,,,0.0,0.0,30.0,6.700000000137152e-06,-4.300000000512227e-06,0.1,79.0,36.5,0
41073,SO-0501,ASI Nidhi Vaghela,ASI,35,2026-07-21 17:38:14+00:00,87.0,62.0,,21.3290666,72.7530843,16.19999885559082,-0.844,-0.526,0.204,,0.0,0.0,0.0,,,,,0.0,0.0,30.0,-0.0001159000000008,0.0001649999999955,2.57,62.0,36.5,0
41077,SO-0501,ASI Nidhi Vaghela,ASI,35,2026-07-21 17:38:44+00:00,86.0,70.0,,21.3302904,72.7531526,16.600000381469727,0.346,0.653,1.056,,0.0,0.0,0.0,,,,,0.0,0.0,30.0,0.0012237999999982,6.830000000945802e-05,16.32,70.0,36.5,1
41081,SO-0501,ASI Nidhi Vaghela,ASI,35,2026-07-21 17:39:14+00:00,86.0,87.0,,21.3286381,72.7530893,16.19999885559082,-0.593,0.689,0.495,,0.0,0.0,0.0,,,,,0.0,0.0,30.0,-0.0016522999999999,-6.330000000787095e-05,22.02,87.0,36.5,1
41085,SO-0501,ASI Nidhi Vaghela,ASI,35,2026-07-21 17:39:44+00:00,85.0,87.0,,21.3277712,72.753241,16.69999885559082,-0.663,0.651,0.425,,0.0,0.0,0.0,,,,,0.0,0.0,30.0,-0.0008668999999983,0.0001517000000035,11.7,87.0,36.5,1
41088,SO-0501,ASI Nidhi Vaghela,ASI,35,2026-07-21 17:40:14+00:00,83.0,88.0,,21.3261713,72.7531246,17.499998092651367,-0.269,0.141,1.007,,0.0,0.0,0.0,,,,,0.0,0.0,30.0,-0.0015999000000022,-0.000116399999996,21.36,88.0,36.5,1
41092,SO-0501,ASI Nidhi Vaghela,ASI,35,2026-07-21 17:40:44+00:00,85.0,86.0,,21.3228637,72.7533796,16.19999885559082,-0.271,0.23,1.025,,0.0,0.0,0.0,,,,,0.0,0.0,30.0,-0.0033075999999994,0.0002549999999956,44.17,86.0,36.5,1
41096,SO-0501,ASI Nidhi Vaghela,ASI,35,2026-07-21 17:41:14+00:00,87.0,88.0,,21.3205766,72.7541283,16.19999885559082,-0.46,0.064,0.966,,0.0,0.0,0.0,,,,,0.0,0.0,30.0,-0.0022871000000002,0.0007487000000026,31.85,88.0,36.5,1
41100,SO-0501,ASI Nidhi Vaghela,ASI,35,2026-07-21 17:41:44+00:00,84.0,88.0,,21.3182836,72.7551041,22.600000381469727,-0.846,0.7,0.414,,0.0,0.0,0.0,,,,,0.0,0.0,30.0,-0.0022929999999981,0.0009757999999919,32.86,88.0,36.5,1
41104,SO-0501,ASI Nidhi Vaghela,ASI,35,2026-07-21 17:42:14+00:00,81.0,88.0,,21.3158832,72.7559142,14.89999771118164,-0.564,0.078,0.91,,0.0,0.0,0.0,,,,,0.0,0.0,30.0,-0.0024004000000026,0.0008101000000095,33.52,88.0,36.5,1
41108,SO-0501,ASI Nidhi Vaghela,ASI,35,2026-07-21 17:42:44+00:00,81.0,88.0,,21.3101842,72.7569364,14.89999771118164,-0.539,0.142,0.903,,0.0,0.0,0.0,,,,,0.0,0.0,30.0,-0.0056989999999998,0.0010221999999942,76.97,88.0,36.5,1
41112,SO-0501,ASI Nidhi Vaghela,ASI,35,2026-07-21 17:43:15+00:00,84.0,88.0,,21.3068657,72.7577613,18.100000381469727,-0.75,-0.604,0.058,,0.0,0.0,0.0,,,,,0.0,0.0,31.0,-0.0033184999999988,0.0008248999999977,43.91,88.0,36.5,1
41117,SO-0501,ASI Nidhi Vaghela,ASI,35,2026-07-21 17:43:44+00:00,84.0,87.0,,21.3032618,72.759083,18.0,-0.716,-0.658,-0.017,,0.0,0.0,0.0,,,,,0.0,0.0,29.0,-0.0036038999999981,0.0013217000000054,52.48,87.0,36.5,1
41122,SO-0501,ASI Nidhi Vaghela,ASI,35,2026-07-21 17:44:14+00:00,89.0,88.0,,21.3024121,72.7580766,17.700000762939453,-0.972,-0.267,0.097,,0.0,0.0,0.0,,,,,0.0,0.0,30.0,-0.0008496999999998,-0.0010064000000085,16.86,88.0,36.5,1
41127,SO-0501,ASI Nidhi Vaghela,ASI,35,2026-07-21 17:44:44+00:00,93.0,88.0,,21.2988349,72.7623391,17.499998092651367,-0.225,-0.324,0.313,,0.0,0.0,0.0,,,,,0.0,0.0,30.0,-0.0035772000000022,0.00426250000001,71.23,88.0,36.5,1
