log_id,badge_id,officer_name,rank,user_id,timestamp,spo2,pulse,temperature,latitude,longitude,altitude,accel_x,accel_y,accel_z,barometer,gyro_x,gyro_y,gyro_z,mag_x,mag_y,mag_z,bat_v,ir,red,time_delta,lat_delta,lon_delta,approx_speed_kmh,heart_rate,skin_temperature,target
462,SO-1301,Constable Dinesh Panchal,Constable,59,2026-07-14 16:45:15+00:00,91.0,66.0,,21.1811805,72.8013012,18.399999618530273,-0.633,0.271,0.705,,0.0,0.0,0.0,,,,,0.0,0.0,0.0,0.0,0.0,0.0,66.0,36.5,2
473,SO-1301,Constable Dinesh Panchal,Constable,59,2026-07-14 16:45:43+00:00,94.0,88.0,,21.1812032,72.8012193,18.399999618530273,-0.742,0.212,0.62,,0.0,0.0,0.0,,,,,0.0,0.0,28.0,2.269999999882089e-05,-8.189999999785869e-05,1.14,88.0,36.5,2
484,SO-1301,Constable Dinesh Panchal,Constable,59,2026-07-14 16:46:13+00:00,97.0,88.0,,21.1812038,72.801243,18.399999618530273,-1.077,-0.09,0.757,,0.0,0.0,0.0,,,,,0.0,0.0,30.0,5.999999999062311e-07,2.369999999984884e-05,0.29,88.0,36.5,2
495,SO-1301,Constable Dinesh Panchal,Constable,59,2026-07-14 16:46:43+00:00,100.0,87.0,,21.1811714,72.8012307,18.399999618530273,-0.096,0.49,0.257,,0.0,0.0,0.0,,,,,0.0,0.0,30.0,-3.239999999848919e-05,-1.2299999994525024e-05,0.46,87.0,36.5,2
507,SO-1301,Constable Dinesh Panchal,Constable,59,2026-07-14 16:47:13+00:00,94.0,88.0,,21.1811865,72.8012313,18.399999618530273,-0.092,0.826,0.185,,0.0,0.0,0.0,,,,,0.0,0.0,30.0,1.5099999998824389e-05,5.999999928008037e-07,0.2,88.0,36.5,2
6458,SO-1301,Constable Dinesh Panchal,Constable,59,2026-07-15 07:19:07+00:00,94.0,88.0,,21.2583044,73.3098891,51.29999995231629,-0.719,0.138,-0.946,,0.0,0.0,0.0,,,,,0.0,0.0,52314.0,0.077117900000001,0.5086578000000088,0.0,88.0,36.5,2
6460,SO-1301,Constable Dinesh Panchal,Constable,59,2026-07-15 07:19:37+00:00,100.0,88.0,,21.2570975,73.3104108,51.29999995231629,-0.618,-0.417,-0.707,,0.0,0.0,0.0,,,,,0.0,0.0,30.0,-0.0012068999999996,0.000521699999993,17.33,88.0,36.5,1
6461,SO-1301,Constable Dinesh Panchal,Constable,59,2026-07-15 07:20:04+00:00,97.0,88.0,,21.2595612,73.3090581,51.29999995231629,-0.313,-0.215,0.9,,0.0,0.0,0.0,,,,,0.0,0.0,27.0,0.0024636999999998,-0.0013526999999982,40.96,88.0,36.5,1
6464,SO-1301,Constable Dinesh Panchal,Constable,59,2026-07-15 07:20:37+00:00,84.0,88.0,,21.2595612,73.3090581,51.29999995231629,-0.636,-0.356,0.61,,0.0,0.0,0.0,,,,,0.0,0.0,33.0,0.0,0.0,0.0,88.0,36.5,0
6466,SO-1301,Constable Dinesh Panchal,Constable,59,2026-07-15 07:21:07+00:00,94.0,88.0,,21.2595612,73.3090581,51.29999995231629,-0.651,-0.369,0.617,,0.0,0.0,0.0,,,,,0.0,0.0,30.0,0.0,0.0,0.0,88.0,36.5,2
6468,SO-1301,Constable Dinesh Panchal,Constable,59,2026-07-15 07:21:37+00:00,96.0,87.0,,21.2595612,73.3090581,51.29999995231629,-0.985,-0.313,-0.139,,0.0,0.0,0.0,,,,,0.0,0.0,30.0,0.0,0.0,0.0,87.0,36.5,2
6469,SO-1301,Constable Dinesh Panchal,Constable,59,2026-07-15 07:22:04+00:00,91.0,88.0,,21.2596472,73.3092303,51.29999995231629,-0.679,-0.439,0.547,,0.0,0.0,0.0,,,,,0.0,0.0,27.0,8.599999999958641e-05,0.0001721999999944,2.7,88.0,36.5,2
6472,SO-1301,Constable Dinesh Panchal,Constable,59,2026-07-15 07:22:37+00:00,89.0,87.0,,21.2596472,73.3092303,51.29999995231629,-0.212,-0.068,0.881,,0.0,0.0,0.0,,,,,0.0,0.0,33.0,0.0,0.0,0.0,87.0,36.5,0
6474,SO-1301,Constable Dinesh Panchal,Constable,59,2026-07-15 07:23:07+00:00,100.0,88.0,,21.2596472,73.3092303,51.29999995231629,-0.819,-0.561,0.248,,0.0,0.0,0.0,,,,,0.0,0.0,30.0,0.0,0.0,0.0,88.0,36.5,2
6476,SO-1301,Constable Dinesh Panchal,Constable,59,2026-07-15 07:23:37+00:00,88.0,88.0,,21.2596472,73.3092303,51.29999995231629,-0.823,-0.467,0.233,,0.0,0.0,0.0,,,,,0.0,0.0,30.0,0.0,0.0,0.0,88.0,36.5,0
6478,SO-1301,Constable Dinesh Panchal,Constable,59,2026-07-15 07:24:07+00:00,91.0,83.0,,21.2596472,73.3092303,51.29999995231629,-0.535,-0.396,0.711,,0.0,0.0,0.0,,,,,0.0,0.0,30.0,0.0,0.0,0.0,83.0,36.5,2
6480,SO-1301,Constable Dinesh Panchal,Constable,59,2026-07-15 07:24:37+00:00,83.0,86.0,,21.2579726,73.3104101,51.20000004768371,-0.942,-0.417,0.308,,0.0,0.0,0.0,,,,,0.0,0.0,30.0,-0.0016746000000011,0.0011798000000027,26.69,86.0,36.5,1
6482,SO-1301,Constable Dinesh Panchal,Constable,59,2026-07-15 07:25:07+00:00,85.0,86.0,,21.2570969,73.3103965,51.29999995231629,-0.282,-0.149,0.894,,0.0,0.0,0.0,,,,,0.0,0.0,30.0,-0.0008756999999981,-1.3600000002611525e-05,11.67,86.0,36.5,1
6484,SO-1301,Constable Dinesh Panchal,Constable,59,2026-07-15 07:25:37+00:00,85.0,81.0,,21.2571152,73.3104037,51.29999995231629,-0.262,-0.121,0.911,,0.0,0.0,0.0,,,,,0.0,0.0,30.0,1.830000000069276e-05,7.199999998874773e-06,0.26,81.0,36.5,0
6486,SO-1301,Constable Dinesh Panchal,Constable,59,2026-07-15 07:26:07+00:00,100.0,87.0,,21.2570667,73.3104326,51.29999995231629,-0.341,-0.513,0.752,,0.0,0.0,0.0,,,,,0.0,0.0,30.0,-4.850000000189425e-05,2.890000000377313e-05,0.74,87.0,36.5,2
6487,SO-1301,Constable Dinesh Panchal,Constable,59,2026-07-15 07:26:37+00:00,98.0,87.0,,21.2571147,73.3104022,51.29999995231629,-0.622,-0.463,0.578,,0.0,0.0,0.0,,,,,0.0,0.0,30.0,4.7999999999603915e-05,-3.039999999998599e-05,0.74,87.0,36.5,2
6489,SO-1301,Constable Dinesh Panchal,Constable,59,2026-07-15 07:27:04+00:00,87.0,81.0,,21.2595847,73.3093574,51.29999995231629,-0.598,-0.338,0.697,,0.0,0.0,0.0,,,,,0.0,0.0,27.0,0.0024700000000024,-0.0010448000000025,39.29,81.0,36.5,1
6492,SO-1301,Constable Dinesh Panchal,Constable,59,2026-07-15 07:27:37+00:00,96.0,87.0,,21.2595847,73.3093574,51.29999995231629,-0.065,0.105,0.939,,0.0,0.0,0.0,,,,,0.0,0.0,33.0,0.0,0.0,0.0,87.0,36.5,2
6493,SO-1301,Constable Dinesh Panchal,Constable,59,2026-07-15 07:28:04+00:00,98.0,84.0,,21.2595898,73.3093708,51.29999995231629,-0.863,0.223,0.618,,0.0,0.0,0.0,,,,,0.0,0.0,27.0,5.099999999202964e-06,1.3400000000274304e-05,0.2,84.0,36.5,2
6496,SO-1301,Constable Dinesh Panchal,Constable,59,2026-07-15 07:28:37+00:00,90.0,88.0,,21.2595898,73.3093708,51.29999995231629,-0.655,-0.116,0.542,,0.0,0.0,0.0,,,,,0.0,0.0,33.0,0.0,0.0,0.0,88.0,36.5,0
6498,SO-1301,Constable Dinesh Panchal,Constable,59,2026-07-15 07:29:02+00:00,94.0,88.0,,21.2595755,73.3093694,51.20000004768371,-0.116,0.6,0.749,,0.0,0.0,0.0,,,,,0.0,0.0,25.0,-1.430000000013365e-05,-1.4000000021496817e-06,0.23,88.0,36.5,2
6501,SO-1301,Constable Dinesh Panchal,Constable,59,2026-07-15 07:29:32+00:00,90.0,87.0,,21.2595609,73.3093437,51.20000004768371,0.146,0.875,-0.467,,0.0,0.0,0.0,,,,,0.0,0.0,30.0,-1.4600000000086766e-05,-2.5699999994799327e-05,0.37,87.0,36.5,0
6504,SO-1301,Constable Dinesh Panchal,Constable,59,2026-07-15 07:30:02+00:00,96.0,69.0,,21.2595597,73.3093239,51.20000004768371,-0.675,-0.229,0.14,,0.0,0.0,0.0,,,,,0.0,0.0,30.0,-1.1999999998124622e-06,-1.9800000004011057e-05,0.25,69.0,36.5,2
6507,SO-1301,Constable Dinesh Panchal,Constable,59,2026-07-15 07:30:32+00:00,100.0,,,21.2587043,73.309343,50.09999990463257,-0.508,0.849,-0.006,,0.0,0.0,0.0,,,,,0.0,0.0,30.0,-0.0008553999999989,1.9100000002936213e-05,11.4,69.0,36.5,1
6510,SO-1301,Constable Dinesh Panchal,Constable,59,2026-07-15 07:31:02+00:00,87.0,87.0,,21.2582558,73.3101441,51.20000004768371,-0.961,1.226,-0.328,,0.0,0.0,0.0,,,,,0.0,0.0,30.0,-0.0004485000000009,0.0008011000000038,11.6,87.0,36.5,1
6513,SO-1301,Constable Dinesh Panchal,Constable,59,2026-07-15 07:31:32+00:00,98.0,87.0,,21.2591685,73.3088092,52.850000306723274,-0.734,0.758,-0.117,,0.0,0.0,0.0,,,,,0.0,0.0,30.0,0.0009127000000006,-0.0013349000000033,20.55,87.0,36.5,1
6516,SO-1301,Constable Dinesh Panchal,Constable,59,2026-07-15 07:32:02+00:00,95.0,88.0,,21.2592821,73.3090888,51.20000004768371,-0.451,0.886,0.08,,0.0,0.0,0.0,,,,,0.0,0.0,30.0,0.0001135999999988,0.0002795999999989,3.79,88.0,36.5,2
6519,SO-1301,Constable Dinesh Panchal,Constable,59,2026-07-15 07:32:32+00:00,100.0,87.0,,21.2593366,73.309073,51.20000004768371,-1.143,-0.303,-0.118,,0.0,0.0,0.0,,,,,0.0,0.0,30.0,5.450000000095656e-05,-1.5799999999899228e-05,0.75,87.0,36.5,2
6522,SO-1301,Constable Dinesh Panchal,Constable,59,2026-07-15 07:33:02+00:00,89.0,84.0,,21.2592856,73.3091449,51.86175425280757,-0.514,0.886,-0.048,,0.0,0.0,0.0,,,,,0.0,0.0,30.0,-5.1000000002687784e-05,7.19000000088954e-05,1.12,84.0,36.5,0
6525,SO-1301,Constable Dinesh Panchal,Constable,59,2026-07-15 07:33:32+00:00,86.0,88.0,,21.2593094,73.3092905,51.786746654004446,-0.539,0.82,0.046,,0.0,0.0,0.0,,,,,0.0,0.0,30.0,2.3800000001017452e-05,0.0001455999999961,1.84,88.0,36.5,0
6528,SO-1301,Constable Dinesh Panchal,Constable,59,2026-07-15 07:34:02+00:00,99.0,88.0,,21.2593273,73.3089294,49.5,-0.47,0.955,0.173,,0.0,0.0,0.0,,,,,0.0,0.0,30.0,1.7899999999571037e-05,-0.0003611000000063,4.49,88.0,36.5,2
6531,SO-1301,Constable Dinesh Panchal,Constable,59,2026-07-15 07:34:32+00:00,81.0,88.0,,21.2595115,73.3091755,51.787795825820936,-0.689,0.138,0.735,,0.0,0.0,0.0,,,,,0.0,0.0,30.0,0.0001841999999996,0.0002460999999982,3.92,88.0,36.5,0
6534,SO-1301,Constable Dinesh Panchal,Constable,59,2026-07-15 07:35:02+00:00,94.0,72.0,,21.2595115,73.3091755,50.09999990463257,-0.457,0.883,0.022,,0.0,0.0,0.0,,,,,0.0,0.0,30.0,0.0,0.0,0.0,72.0,36.5,2
6537,SO-1301,Constable Dinesh Panchal,Constable,59,2026-07-15 07:35:32+00:00,92.0,87.0,,21.2592305,73.3095391,51.97715183611356,-0.781,-1.069,0.045,,0.0,0.0,0.0,,,,,0.0,0.0,30.0,-0.0002809999999975,0.0003636,5.86,87.0,36.5,1
6540,SO-1301,Constable Dinesh Panchal,Constable,59,2026-07-15 07:36:02+00:00,90.0,88.0,,21.2596456,73.3091315,50.29999995231629,-0.416,0.921,0.055,,0.0,0.0,0.0,,,,,0.0,0.0,30.0,0.0004150999999978,-0.0004075999999884,7.5,88.0,36.5,1
6543,SO-1301,Constable Dinesh Panchal,Constable,59,2026-07-15 07:36:32+00:00,99.0,84.0,,21.2596101,73.3091495,49.5,-0.407,0.929,0.095,,0.0,0.0,0.0,,,,,0.0,0.0,30.0,-3.549999999918896e-05,1.7999999997186933e-05,0.52,84.0,36.5,2
6546,SO-1301,Constable Dinesh Panchal,Constable,59,2026-07-15 07:37:02+00:00,90.0,80.0,,21.2595935,73.3093177,49.89999997615814,-0.882,-0.155,0.256,,0.0,0.0,0.0,,,,,0.0,0.0,30.0,-1.6599999998589965e-05,0.0001681999999902,2.1,80.0,36.5,0
6549,SO-1301,Constable Dinesh Panchal,Constable,59,2026-07-15 07:37:33+00:00,88.0,85.0,,21.2628054,73.3104548,53.75394613660232,-0.442,-0.79,0.498,,0.0,0.0,0.0,,,,,0.0,0.0,31.0,0.0032119000000001,0.0011371000000082,43.6,85.0,36.5,1
6552,SO-1301,Constable Dinesh Panchal,Constable,59,2026-07-15 07:38:02+00:00,99.0,88.0,,21.2669083,73.3126409,49.5,-0.949,-0.082,0.519,,0.0,0.0,0.0,,,,,0.0,0.0,29.0,0.0041028999999994,0.0021861000000029,63.12,88.0,36.5,1
6555,SO-1301,Constable Dinesh Panchal,Constable,59,2026-07-15 07:38:32+00:00,82.0,88.0,,21.2716149,73.3146017,49.5,-0.687,-0.035,0.671,,0.0,0.0,0.0,,,,,0.0,0.0,30.0,0.0047065999999986,0.0019607999999919,67.25,88.0,36.5,1
6558,SO-1301,Constable Dinesh Panchal,Constable,59,2026-07-15 07:39:02+00:00,100.0,88.0,,21.2766172,73.3159919,38.90460205078125,-0.855,-0.219,-0.195,,0.0,0.0,0.0,,,,,0.0,0.0,30.0,0.005002300000001,0.001390200000003,68.83,88.0,36.5,1
6561,SO-1301,Constable Dinesh Panchal,Constable,59,2026-07-15 07:39:32+00:00,100.0,88.0,,21.2815492,73.3172065,38.40704345703125,-0.918,-0.067,-0.157,,0.0,0.0,0.0,,,,,0.0,0.0,30.0,0.0049320000000001,0.0012145999999972,67.4,88.0,36.5,1
6564,SO-1301,Constable Dinesh Panchal,Constable,59,2026-07-15 07:40:03+00:00,100.0,88.0,,21.2870458,73.317013,64.68214786651411,-1.004,-0.206,-0.147,,0.0,0.0,0.0,,,,,0.0,0.0,31.0,0.0054966000000007,-0.0001934999999946,70.89,88.0,36.5,1
6567,SO-1301,Constable Dinesh Panchal,Constable,59,2026-07-15 07:40:33+00:00,96.0,87.0,,21.2925151,73.3183711,66.02473057661378,-0.484,0.037,0.759,,0.0,0.0,0.0,,,,,0.0,0.0,30.0,0.0054692999999979,0.0013580999999902,74.78,87.0,36.5,1
6570,SO-1301,Constable Dinesh Panchal,Constable,59,2026-07-15 07:41:03+00:00,82.0,88.0,,21.2976963,73.3197447,68.35241679255034,-0.382,0.108,0.685,,0.0,0.0,0.0,,,,,0.0,0.0,30.0,0.0051811999999991,0.0013736000000079,71.09,88.0,36.5,1
6573,SO-1301,Constable Dinesh Panchal,Constable,59,2026-07-15 07:41:33+00:00,100.0,88.0,,21.3019922,73.3209061,71.36148433708554,-0.498,0.072,0.827,,0.0,0.0,0.0,,,,,0.0,0.0,30.0,0.0042959000000024,0.0011614000000008,59.01,88.0,36.5,1
6576,SO-1301,Constable Dinesh Panchal,Constable,59,2026-07-15 07:42:03+00:00,99.0,88.0,,21.3070008,73.3221526,75.56609474167969,-0.497,0.055,0.648,,0.0,0.0,0.0,,,,,0.0,0.0,30.0,0.0050086,0.0012464999999934,68.49,88.0,36.5,1
6579,SO-1301,Constable Dinesh Panchal,Constable,59,2026-07-15 07:42:32+00:00,99.0,87.0,,21.3116835,73.3240689,72.51365730656038,-0.553,0.103,0.634,,0.0,0.0,0.0,,,,,0.0,0.0,29.0,0.0046827,0.0019163000000048,69.06,87.0,36.5,1
6582,SO-1301,Constable Dinesh Panchal,Constable,59,2026-07-15 07:43:02+00:00,100.0,88.0,,21.3152773,73.324748,79.25153335251177,-0.638,0.074,0.762,,0.0,0.0,0.0,,,,,0.0,0.0,30.0,0.0035938000000008,0.0006790999999992,48.61,88.0,36.5,1
6585,SO-1301,Constable Dinesh Panchal,Constable,59,2026-07-15 07:43:33+00:00,90.0,88.0,,21.3222649,73.3270286,82.82698203442324,-0.671,0.228,0.765,,0.0,0.0,0.0,,,,,0.0,0.0,31.0,0.0069875999999986,0.0022806000000059,94.15,88.0,36.5,1
6588,SO-1301,Constable Dinesh Panchal,Constable,59,2026-07-15 07:44:04+00:00,94.0,88.0,,21.3276602,73.3266779,83.17774571082626,-0.564,0.117,0.596,,0.0,0.0,0.0,,,,,0.0,0.0,31.0,0.0053952999999999,-0.0003506999999984,69.67,88.0,36.5,1
6591,SO-1301,Constable Dinesh Panchal,Constable,59,2026-07-15 07:44:33+00:00,95.0,88.0,,21.3326293,73.325899,83.70000076293945,-0.751,0.145,0.765,,0.0,0.0,0.0,,,,,0.0,0.0,29.0,0.0049691000000002,-0.0007789000000002,69.2,88.0,36.5,1
6594,SO-1301,Constable Dinesh Panchal,Constable,59,2026-07-15 07:45:04+00:00,99.0,88.0,,21.3376502,73.3248878,86.13618791327636,-0.603,0.235,0.777,,0.0,0.0,0.0,,,,,0.0,0.0,31.0,0.0050208999999981,-0.0010112000000077,65.85,88.0,36.5,1
6597,SO-1301,Constable Dinesh Panchal,Constable,59,2026-07-15 07:45:33+00:00,99.0,88.0,,21.343124,73.3240601,81.94561173222012,-0.722,0.191,0.638,,0.0,0.0,0.0,,,,,0.0,0.0,29.0,0.0054738000000007,-0.000827700000002,76.17,88.0,36.5,1
6600,SO-1301,Constable Dinesh Panchal,Constable,59,2026-07-15 07:46:03+00:00,86.0,88.0,,21.3482729,73.3239801,76.5,-0.795,-0.036,0.592,,0.0,0.0,0.0,,,,,0.0,0.0,30.0,0.0051489000000017,-7.999999999697138e-05,68.59,88.0,36.5,1
6603,SO-1301,Constable Dinesh Panchal,Constable,59,2026-07-15 07:46:34+00:00,81.0,75.0,,21.3526595,73.3238432,79.70731611980865,-0.816,0.128,0.411,,0.0,0.0,0.0,,,,,0.0,0.0,31.0,0.0043866000000001,-0.0001369000000011,56.57,75.0,36.5,1
6606,SO-1301,Constable Dinesh Panchal,Constable,59,2026-07-15 07:47:02+00:00,81.0,76.0,,21.3551318,73.3234472,79.46824202909622,-0.786,0.068,0.625,,0.0,0.0,0.0,,,,,0.0,0.0,28.0,0.0024722999999973,-0.0003959999999949,35.67,76.0,36.5,1
6609,SO-1301,Constable Dinesh Panchal,Constable,59,2026-07-15 07:47:32+00:00,86.0,72.0,,21.3553341,73.3264371,83.70000076293945,-0.822,0.026,0.646,,0.0,0.0,0.0,,,,,0.0,0.0,30.0,0.0002023000000015,0.0029899000000028,37.22,72.0,36.5,1
6614,SO-1301,Constable Dinesh Panchal,Constable,59,2026-07-15 07:48:04+00:00,81.0,75.0,,21.3562728,73.3309548,83.70000076293945,-0.841,0.072,0.416,,0.0,0.0,0.0,,,,,0.0,0.0,32.0,0.0009386999999989,0.0045176999999938,53.88,75.0,36.5,1
6615,SO-1301,Constable Dinesh Panchal,Constable,59,2026-07-15 07:48:33+00:00,89.0,68.0,,21.3565321,73.3314127,83.70000076293945,-0.365,-0.416,0.604,,0.0,0.0,0.0,,,,,0.0,0.0,29.0,0.0002592999999997,0.0004579000000006,6.88,68.0,36.5,1
6618,SO-1301,Constable Dinesh Panchal,Constable,59,2026-07-15 07:49:04+00:00,92.0,88.0,,21.3565092,73.3314073,83.70000076293945,-0.1,-0.828,0.412,,0.0,0.0,0.0,,,,,0.0,0.0,31.0,-2.289999999760539e-05,-5.400000006261507e-06,0.3,88.0,36.5,2
6623,SO-1301,Constable Dinesh Panchal,Constable,59,2026-07-15 07:49:34+00:00,92.0,85.0,,21.3574587,73.3337761,86.70000076293945,-0.647,-0.543,0.26,,0.0,0.0,0.0,,,,,0.0,0.0,30.0,0.0009494999999972,0.0023687999999992,32.02,85.0,36.5,1
6624,SO-1301,Constable Dinesh Panchal,Constable,59,2026-07-15 07:50:02+00:00,94.0,87.0,,21.3587809,73.3370064,86.70000076293945,-0.751,0.293,0.543,,0.0,0.0,0.0,,,,,0.0,0.0,28.0,0.0013222000000006,0.0032303000000126,46.93,87.0,36.5,1
6627,SO-1301,Constable Dinesh Panchal,Constable,59,2026-07-15 07:50:32+00:00,81.0,79.0,,21.3608819,73.3421633,86.70000076293945,-0.76,0.07,0.587,,0.0,0.0,0.0,,,,,0.0,0.0,30.0,0.0021009999999996,0.0051568999999886,69.88,79.0,36.5,1
6634,SO-1301,Constable Dinesh Panchal,Constable,59,2026-07-15 07:52:02+00:00,88.0,88.0,,21.3685498,73.3534134,102.0706194306194,-0.827,0.206,0.591,,0.0,0.0,0.0,,,,,0.0,0.0,90.0,0.0076679000000012,0.011250099999998,57.68,88.0,36.5,1
6639,SO-1301,Constable Dinesh Panchal,Constable,59,2026-07-15 07:52:33+00:00,92.0,87.0,,21.3709256,73.3582922,107.03815257026392,-0.891,0.249,0.537,,0.0,0.0,0.0,,,,,0.0,0.0,31.0,0.0023757999999993,0.0048788000000001,66.14,87.0,36.5,1
6640,SO-1301,Constable Dinesh Panchal,Constable,59,2026-07-15 07:53:03+00:00,87.0,88.0,,21.3751765,73.3621334,101.848845922998,-0.847,0.162,0.477,,0.0,0.0,0.0,,,,,0.0,0.0,30.0,0.0042508999999988,0.0038412000000107,74.03,88.0,36.5,1
6643,SO-1301,Constable Dinesh Panchal,Constable,59,2026-07-15 07:53:34+00:00,92.0,86.0,,21.3795429,73.3660022,103.16199718404164,-0.781,0.336,0.547,,0.0,0.0,0.0,,,,,0.0,0.0,31.0,0.0043664000000021,0.0038687999999922,73.0,86.0,36.5,1
6645,SO-1301,Constable Dinesh Panchal,Constable,59,2026-07-15 07:54:03+00:00,88.0,88.0,,21.3843335,73.3670303,101.98407509094568,-0.746,-0.002,0.551,,0.0,0.0,0.0,,,,,0.0,0.0,29.0,0.0047905999999997,0.0010280999999991,67.32,88.0,36.5,1
6648,SO-1301,Constable Dinesh Panchal,Constable,59,2026-07-15 07:54:32+00:00,97.0,87.0,,21.3895971,73.3668688,96.5999984741211,-0.923,0.208,0.585,,0.0,0.0,0.0,,,,,0.0,0.0,29.0,0.0052635999999992,-0.0001614999999901,72.56,87.0,36.5,1
6651,SO-1301,Constable Dinesh Panchal,Constable,59,2026-07-15 07:55:03+00:00,98.0,87.0,,21.3944611,73.3674481,102.2985940550454,-0.767,0.027,0.612,,0.0,0.0,0.0,,,,,0.0,0.0,31.0,0.0048640000000013,0.0005792999999982,63.08,87.0,36.5,1
6707,SO-1301,Constable Dinesh Panchal,Constable,59,2026-07-15 07:57:03+00:00,94.0,88.0,,21.4065032,73.3831752,120.6154033672217,-0.953,-0.036,0.541,,0.0,0.0,0.0,,,,,0.0,0.0,120.0,0.0120420999999986,0.0157270999999923,63.18,88.0,36.5,1
6711,SO-1301,Constable Dinesh Panchal,Constable,59,2026-07-15 07:57:33+00:00,87.0,88.0,,21.4067968,73.3884228,123.61609974665772,-0.874,0.096,0.681,,0.0,0.0,0.0,,,,,0.0,0.0,30.0,0.0002935999999991,0.0052476000000041,65.27,88.0,36.5,1
6700,SO-1301,Constable Dinesh Panchal,Constable,59,2026-07-15 07:58:03+00:00,99.0,88.0,,21.4081503,73.3935795,121.39549428824152,-0.657,0.173,0.668,,0.0,0.0,0.0,,,,,0.0,0.0,30.0,0.0013535000000004,0.0051567000000005,66.52,88.0,36.5,1
6714,SO-1301,Constable Dinesh Panchal,Constable,59,2026-07-15 07:58:33+00:00,90.0,88.0,,21.411121,73.3969335,129.6968700259273,-0.695,0.194,0.711,,0.0,0.0,0.0,,,,,0.0,0.0,30.0,0.0029707000000023,0.0033540000000016,57.45,88.0,36.5,1
6705,SO-1301,Constable Dinesh Panchal,Constable,59,2026-07-15 07:59:03+00:00,95.0,88.0,,21.4143984,73.4006288,127.16380877617284,-0.914,0.329,0.833,,0.0,0.0,0.0,,,,,0.0,0.0,30.0,0.0032773999999982,0.0036953000000039,63.33,88.0,36.5,1
6715,SO-1301,Constable Dinesh Panchal,Constable,59,2026-07-15 07:59:33+00:00,85.0,88.0,,21.4164091,73.4024287,128.08501966602017,-0.698,0.004,0.551,,0.0,0.0,0.0,,,,,0.0,0.0,30.0,0.0020106999999995,0.0017998999999946,34.88,88.0,36.5,1
6697,SO-1301,Constable Dinesh Panchal,Constable,59,2026-07-15 08:00:03+00:00,98.0,88.0,,21.4191962,73.4049709,130.73675356923883,-0.568,0.028,0.489,,0.0,0.0,0.0,,,,,0.0,0.0,30.0,0.002787099999999,0.0025421999999934,48.73,88.0,36.5,1
6713,SO-1301,Constable Dinesh Panchal,Constable,59,2026-07-15 08:00:33+00:00,100.0,87.0,,21.4229724,73.4088611,136.61893697654497,-0.632,0.024,0.539,,0.0,0.0,0.0,,,,,0.0,0.0,30.0,0.0037762000000007,0.0038902000000007,69.73,87.0,36.5,1
6712,SO-1301,Constable Dinesh Panchal,Constable,59,2026-07-15 08:01:03+00:00,91.0,88.0,,21.4267038,73.4129963,139.75605632286045,-0.612,-0.086,0.784,,0.0,0.0,0.0,,,,,0.0,0.0,30.0,0.0037313999999994,0.0041352000000074,71.46,88.0,36.5,1
6701,SO-1301,Constable Dinesh Panchal,Constable,59,2026-07-15 08:01:33+00:00,98.0,83.0,,21.4288541,73.4178445,139.89706541348642,-0.639,-0.656,0.205,,0.0,0.0,0.0,,,,,0.0,0.0,30.0,0.0021503000000002,0.0048481999999978,66.66,83.0,36.5,1
6699,SO-1301,Constable Dinesh Panchal,Constable,59,2026-07-15 08:02:03+00:00,84.0,87.0,,21.4313227,73.4222279,142.26434891132183,-0.809,-0.506,-0.482,,0.0,0.0,0.0,,,,,0.0,0.0,30.0,0.0024686000000002,0.0043833999999947,63.59,87.0,36.5,1
6698,SO-1301,Constable Dinesh Panchal,Constable,59,2026-07-15 08:02:33+00:00,84.0,85.0,,21.432093,73.4263122,146.53293776359672,-0.844,-0.436,-0.35,,0.0,0.0,0.0,,,,,0.0,0.0,30.0,0.0007702999999992,0.0040843000000023,51.74,85.0,36.5,1
6702,SO-1301,Constable Dinesh Panchal,Constable,59,2026-07-15 08:03:03+00:00,83.0,87.0,,21.4331106,73.4313857,150.29304498550982,-0.775,-0.073,0.51,,0.0,0.0,0.0,,,,,0.0,0.0,30.0,0.0010176000000008,0.0050735000000088,64.43,87.0,36.5,1
6703,SO-1301,Constable Dinesh Panchal,Constable,59,2026-07-15 08:03:34+00:00,86.0,78.0,,21.4372653,73.4330069,152.42429003785878,-0.556,-0.052,0.495,,0.0,0.0,0.0,,,,,0.0,0.0,31.0,0.0041547000000008,0.0016211999999882,56.99,78.0,36.5,1
6704,SO-1301,Constable Dinesh Panchal,Constable,59,2026-07-15 08:04:04+00:00,89.0,86.0,,21.4396715,73.4375083,158.35155598978363,-0.615,0.029,0.773,,0.0,0.0,0.0,,,,,0.0,0.0,30.0,0.0024061999999993,0.0045014000000094,64.43,86.0,36.5,1
6706,SO-1301,Constable Dinesh Panchal,Constable,59,2026-07-15 08:04:33+00:00,95.0,83.0,,21.4400543,73.4421559,183.87084070306392,-0.884,0.016,0.5,,0.0,0.0,0.0,,,,,0.0,0.0,29.0,0.0003828000000005,0.0046475999999984,59.93,83.0,36.5,1
6708,SO-1301,Constable Dinesh Panchal,Constable,59,2026-07-15 08:05:03+00:00,100.0,87.0,,21.4430148,73.4456039,209.7384078915603,-0.861,0.037,0.552,,0.0,0.0,0.0,,,,,0.0,0.0,30.0,0.0029605000000003,0.0034479999999916,58.2,87.0,36.5,1
6709,SO-1301,Constable Dinesh Panchal,Constable,59,2026-07-15 08:05:34+00:00,91.0,86.0,,21.445357,73.4487924,232.2398775103006,-0.731,-0.11,0.718,,0.0,0.0,0.0,,,,,0.0,0.0,31.0,0.002342200000001,0.0031885000000073,48.78,86.0,36.5,1
6710,SO-1301,Constable Dinesh Panchal,Constable,59,2026-07-15 08:06:03+00:00,91.0,86.0,,21.4469363,73.4521998,254.22823759749,-0.751,-0.081,0.516,,0.0,0.0,0.0,,,,,0.0,0.0,29.0,0.0015792999999995,0.0034074000000003,48.88,86.0,36.5,1
6719,SO-1301,Constable Dinesh Panchal,Constable,59,2026-07-15 08:07:04+00:00,89.0,85.0,,21.4483785,73.4634752,246.96228329848148,-0.862,-0.01,0.41,,0.0,0.0,0.0,,,,,0.0,0.0,61.0,0.0014421999999996,0.0112754000000023,69.5,85.0,36.5,1
6722,SO-1301,Constable Dinesh Panchal,Constable,59,2026-07-15 08:07:33+00:00,96.0,88.0,,21.4486062,73.4691878,233.86344460387872,-0.88,-0.083,0.526,,0.0,0.0,0.0,,,,,0.0,0.0,29.0,0.0002276999999999,0.0057125999999954,73.44,88.0,36.5,1
6725,SO-1301,Constable Dinesh Panchal,Constable,59,2026-07-15 08:08:03+00:00,89.0,85.0,,21.4490589,73.4727523,226.0226988743156,0.751,-0.531,0.25,,0.0,0.0,0.0,,,,,0.0,0.0,30.0,0.0004527000000003,0.0035644999999959,44.67,85.0,36.5,1
6728,SO-1301,Constable Dinesh Panchal,Constable,59,2026-07-15 08:08:33+00:00,91.0,75.0,,21.4482529,73.4769662,229.77217120796297,0.741,-0.63,0.114,,0.0,0.0,0.0,,,,,0.0,0.0,30.0,-0.0008060000000007,0.0042139000000105,53.41,75.0,36.5,1
6731,SO-1301,Constable Dinesh Panchal,Constable,59,2026-07-15 08:09:04+00:00,91.0,72.0,,21.4474547,73.4818724,223.6113522328052,0.536,-0.769,0.225,,0.0,0.0,0.0,,,,,0.0,0.0,31.0,-0.0007981999999984,0.0049061999999935,59.84,72.0,36.5,1
6734,SO-1301,Constable Dinesh Panchal,Constable,59,2026-07-15 08:09:33+00:00,94.0,80.0,,21.4470358,73.4841931,228.30302268297737,0.742,-0.448,0.128,,0.0,0.0,0.0,,,,,0.0,0.0,29.0,-0.0004189000000032,0.0023206999999985,30.36,80.0,36.5,1
6737,SO-1301,Constable Dinesh Panchal,Constable,59,2026-07-15 08:10:03+00:00,87.0,85.0,,21.4469565,73.4891296,221.9844702425624,-0.534,-0.322,0.366,,0.0,0.0,0.0,,,,,0.0,0.0,30.0,-7.929999999944926e-05,0.0049364999999994,61.3,85.0,36.5,1
6740,SO-1301,Constable Dinesh Panchal,Constable,59,2026-07-15 08:10:33+00:00,91.0,86.0,,21.4473253,73.4924136,214.06220943400305,-0.094,-0.147,0.812,,0.0,0.0,0.0,,,,,0.0,0.0,30.0,0.0003688000000003,0.0032840000000078,41.07,86.0,36.5,1
6743,SO-1301,Constable Dinesh Panchal,Constable,59,2026-07-15 08:11:03+00:00,91.0,88.0,,21.4459994,73.4952401,217.0498927167508,0.226,-0.178,1.132,,0.0,0.0,0.0,,,,,0.0,0.0,30.0,-0.0013258999999976,0.0028264999999976,39.29,88.0,36.5,1
6746,SO-1301,Constable Dinesh Panchal,Constable,59,2026-07-15 08:11:33+00:00,90.0,88.0,,21.4431274,73.4983474,219.4517048002152,-0.809,0.541,0.737,,0.0,0.0,0.0,,,,,0.0,0.0,30.0,-0.0028719999999999,0.0031072999999963,54.33,88.0,36.5,1
6749,SO-1301,Constable Dinesh Panchal,Constable,59,2026-07-15 08:12:03+00:00,95.0,88.0,,21.4431973,73.5011137,221.60185541256593,-0.621,0.142,0.677,,0.0,0.0,0.0,,,,,0.0,0.0,30.0,6.989999999973406e-05,0.0027663000000046,34.36,88.0,36.5,1
6752,SO-1301,Constable Dinesh Panchal,Constable,59,2026-07-15 08:12:33+00:00,85.0,85.0,,21.4434117,73.5038344,233.13880263843552,-0.645,0.068,0.709,,0.0,0.0,0.0,,,,,0.0,0.0,30.0,0.0002143999999972,0.0027206999999975,33.9,85.0,36.5,1
6755,SO-1301,Constable Dinesh Panchal,Constable,59,2026-07-15 08:13:03+00:00,83.0,87.0,,21.443024,73.5076824,231.90000915527344,-0.757,0.111,0.678,,0.0,0.0,0.0,,,,,0.0,0.0,30.0,-0.0003876999999974,0.0038479999999907,48.06,87.0,36.5,1
6758,SO-1301,Constable Dinesh Panchal,Constable,59,2026-07-15 08:13:33+00:00,91.0,87.0,,21.4422377,73.511951,228.63330042292085,-0.786,-0.035,0.622,,0.0,0.0,0.0,,,,,0.0,0.0,30.0,-0.0007863000000014,0.0042686000000031,54.02,87.0,36.5,1
6761,SO-1301,Constable Dinesh Panchal,Constable,59,2026-07-15 08:14:03+00:00,94.0,88.0,,21.4420174,73.5147002,231.90000915527344,-0.844,0.053,0.676,,0.0,0.0,0.0,,,,,0.0,0.0,30.0,-0.0002202999999987,0.0027491999999966,34.26,88.0,36.5,1
6764,SO-1301,Constable Dinesh Panchal,Constable,59,2026-07-15 08:14:33+00:00,93.0,85.0,,21.4404715,73.5160049,225.4168336799159,0.581,0.506,0.224,,0.0,0.0,0.0,,,,,0.0,0.0,30.0,-0.0015458999999999,0.0013047000000057,26.2,85.0,36.5,1
6767,SO-1301,Constable Dinesh Panchal,Constable,59,2026-07-15 08:15:03+00:00,99.0,85.0,,21.4382031,73.5179985,231.90000915527344,0.521,-0.676,0.753,,0.0,0.0,0.0,,,,,0.0,0.0,30.0,-0.0022684000000019,0.0019936000000058,39.06,85.0,36.5,1
6770,SO-1301,Constable Dinesh Panchal,Constable,59,2026-07-15 08:15:33+00:00,95.0,70.0,,21.4384135,73.5205261,234.35796342566567,-0.408,0.129,0.959,,0.0,0.0,0.0,,,,,0.0,0.0,30.0,0.0002104000000002,0.0025275999999934,31.51,70.0,36.5,1
6773,SO-1301,Constable Dinesh Panchal,Constable,59,2026-07-15 08:16:03+00:00,96.0,78.0,,21.4375292,73.5231847,241.2768073989673,0.996,0.293,-0.367,,0.0,0.0,0.0,,,,,0.0,0.0,30.0,-0.0008842999999991,0.0026586000000037,35.05,78.0,36.5,1
6776,SO-1301,Constable Dinesh Panchal,Constable,59,2026-07-15 08:16:33+00:00,96.0,88.0,,21.4358389,73.5272719,248.0696804235076,-0.463,-0.014,0.573,,0.0,0.0,0.0,,,,,0.0,0.0,30.0,-0.0016902999999999,0.0040872000000007,55.52,88.0,36.5,1
6781,SO-1301,Constable Dinesh Panchal,Constable,59,2026-07-15 08:17:03+00:00,82.0,88.0,,21.4332476,73.5315524,252.73285618918828,-0.545,0.166,1.062,,0.0,0.0,0.0,,,,,0.0,0.0,30.0,-0.0025912999999988,0.004280499999993,63.37,88.0,36.5,1
6783,SO-1301,Constable Dinesh Panchal,Constable,59,2026-07-15 08:17:33+00:00,90.0,88.0,,21.4319272,73.5363905,252.84981673768257,-0.591,0.143,0.645,,0.0,0.0,0.0,,,,,0.0,0.0,30.0,-0.0013204000000008,0.0048381000000006,62.59,88.0,36.5,1
6785,SO-1301,Constable Dinesh Panchal,Constable,59,2026-07-15 08:18:03+00:00,100.0,88.0,,21.4324486,73.5411473,256.6391440812615,-0.466,0.027,0.659,,0.0,0.0,0.0,,,,,0.0,0.0,30.0,0.0005214000000002,0.0047568000000097,59.47,88.0,36.5,1
6788,SO-1301,Constable Dinesh Panchal,Constable,59,2026-07-15 08:18:33+00:00,100.0,88.0,,21.4334023,73.5460797,251.48043451163824,-0.508,-0.067,0.665,,0.0,0.0,0.0,,,,,0.0,0.0,30.0,0.0009537000000001,0.0049324000000012,62.54,88.0,36.5,1
6791,SO-1301,Constable Dinesh Panchal,Constable,59,2026-07-15 08:19:03+00:00,100.0,88.0,,21.4329579,73.548698,249.15788826778797,-0.601,-0.094,0.787,,0.0,0.0,0.0,,,,,0.0,0.0,30.0,-0.0004443999999992,0.0026182999999946,33.04,88.0,36.5,1
6794,SO-1301,Constable Dinesh Panchal,Constable,59,2026-07-15 08:19:33+00:00,94.0,85.0,,21.432772,73.5513526,252.20726609771813,-0.85,-0.536,0.045,,0.0,0.0,0.0,,,,,0.0,0.0,30.0,-0.0001859000000017,0.0026545999999996,33.05,85.0,36.5,1
6797,SO-1301,Constable Dinesh Panchal,Constable,59,2026-07-15 08:20:03+00:00,97.0,80.0,,21.432635,73.5509634,254.08334290945473,0.171,-0.884,0.158,,0.0,0.0,0.0,,,,,0.0,0.0,30.0,-0.0001369999999987,-0.0003892000000007,5.17,80.0,36.5,1
6800,SO-1301,Constable Dinesh Panchal,Constable,59,2026-07-15 08:20:33+00:00,89.0,87.0,,21.4310602,73.5515807,256.2162333016039,-0.702,-0.453,0.337,,0.0,0.0,0.0,,,,,0.0,0.0,30.0,-0.0015748000000002,0.0006173000000018,22.33,87.0,36.5,1
6803,SO-1301,Constable Dinesh Panchal,Constable,59,2026-07-15 08:21:03+00:00,81.0,87.0,,21.4305158,73.5514914,256.3857889656664,0.297,0.589,-0.547,,0.0,0.0,0.0,,,,,0.0,0.0,30.0,-0.0005444000000025,-8.929999999907068e-05,7.34,87.0,36.5,1
6806,SO-1301,Constable Dinesh Panchal,Constable,59,2026-07-15 08:21:32+00:00,81.0,88.0,,21.4306672,73.5515357,259.64648269103867,-0.31,0.628,-0.6,,0.0,0.0,0.0,,,,,0.0,0.0,29.0,0.0001514,4.429999999899792e-05,2.16,88.0,36.5,0
6810,SO-1301,Constable Dinesh Panchal,Constable,59,2026-07-15 08:22:03+00:00,88.0,88.0,,21.430643,73.5513531,261.25611903047695,-0.935,-0.2,-0.206,,0.0,0.0,0.0,,,,,0.0,0.0,31.0,-2.4199999998586463e-05,-0.0001826000000022,2.22,88.0,36.5,0
6813,SO-1301,Constable Dinesh Panchal,Constable,59,2026-07-15 08:22:33+00:00,84.0,86.0,,21.430643,73.5513552,261.55718053764576,0.589,1.094,0.092,,0.0,0.0,0.0,,,,,0.0,0.0,30.0,0.0,2.1000000032245225e-06,0.03,86.0,36.5,0
6816,SO-1301,Constable Dinesh Panchal,Constable,59,2026-07-15 08:23:02+00:00,93.0,86.0,,21.430643,73.5513552,263.0144129357209,-0.711,0.33,0.443,,0.0,0.0,0.0,,,,,0.0,0.0,29.0,0.0,0.0,0.0,86.0,36.5,2
6819,SO-1301,Constable Dinesh Panchal,Constable,59,2026-07-15 08:23:32+00:00,94.0,88.0,,21.430643,73.5513552,262.4857375209582,-0.774,0.255,-0.216,,0.0,0.0,0.0,,,,,0.0,0.0,30.0,0.0,0.0,0.0,88.0,36.5,2
6824,SO-1301,Constable Dinesh Panchal,Constable,59,2026-07-15 08:24:07+00:00,88.0,88.0,,21.430643,73.5513552,262.4970313660846,-0.575,-0.714,0.358,,0.0,0.0,0.0,,,,,0.0,0.0,35.0,0.0,0.0,0.0,88.0,36.5,0
6827,SO-1301,Constable Dinesh Panchal,Constable,59,2026-07-15 08:24:37+00:00,92.0,85.0,,21.430643,73.5513552,262.3980762750272,-0.942,0.258,-0.22,,0.0,0.0,0.0,,,,,0.0,0.0,30.0,0.0,0.0,0.0,85.0,36.5,2
6829,SO-1301,Constable Dinesh Panchal,Constable,59,2026-07-15 08:25:07+00:00,85.0,70.0,,21.430643,73.5513552,262.23243660551395,-1.061,0.436,0.045,,0.0,0.0,0.0,,,,,0.0,0.0,30.0,0.0,0.0,0.0,70.0,36.5,0
6831,SO-1301,Constable Dinesh Panchal,Constable,59,2026-07-15 08:25:33+00:00,92.0,88.0,,21.4304127,73.5512645,262.6180377803443,-0.822,-0.108,-0.477,,0.0,0.0,0.0,,,,,0.0,0.0,26.0,-0.0002302999999983,-9.070000000122036e-05,3.77,88.0,36.5,2
6834,SO-1301,Constable Dinesh Panchal,Constable,59,2026-07-15 08:26:02+00:00,97.0,86.0,,21.4304127,73.5512645,262.6180377803443,-0.785,-0.168,-0.641,,0.0,0.0,0.0,,,,,0.0,0.0,29.0,0.0,0.0,0.0,86.0,36.5,2
6837,SO-1301,Constable Dinesh Panchal,Constable,59,2026-07-15 08:26:33+00:00,93.0,88.0,,21.4305236,73.5514431,263.00365624529763,-0.78,-0.639,-0.07,,0.0,0.0,0.0,,,,,0.0,0.0,31.0,0.0001108999999992,0.0001785999999981,2.58,88.0,36.5,2
6840,SO-1301,Constable Dinesh Panchal,Constable,59,2026-07-15 08:27:03+00:00,88.0,86.0,,21.4305396,73.5513438,262.6621383190944,-0.853,-0.386,-0.227,,0.0,0.0,0.0,,,,,0.0,0.0,30.0,1.5999999998683734e-05,-9.93000000022448e-05,1.25,86.0,36.5,0
6843,SO-1301,Constable Dinesh Panchal,Constable,59,2026-07-15 08:27:33+00:00,94.0,86.0,,21.4304743,73.5512071,261.96838775486776,-0.907,0.724,-0.724,,0.0,0.0,0.0,,,,,0.0,0.0,30.0,-6.529999999926872e-05,-0.0001366999999987,1.91,86.0,36.5,2
6846,SO-1301,Constable Dinesh Panchal,Constable,59,2026-07-15 08:28:03+00:00,91.0,81.0,,21.4304403,73.5512619,261.88019401824226,-0.803,-0.396,0.007,,0.0,0.0,0.0,,,,,0.0,0.0,30.0,-3.399999999942338e-05,5.480000000090968e-05,0.82,81.0,36.5,2
6849,SO-1301,Constable Dinesh Panchal,Constable,59,2026-07-15 08:28:32+00:00,94.0,88.0,,21.4304403,73.5512619,261.1752144028352,-0.856,-0.041,-0.572,,0.0,0.0,0.0,,,,,0.0,0.0,29.0,0.0,0.0,0.0,88.0,36.5,2
6852,SO-1301,Constable Dinesh Panchal,Constable,59,2026-07-15 08:29:02+00:00,82.0,83.0,,21.4304403,73.5512619,261.362342945887,-0.92,-0.009,-0.428,,0.0,0.0,0.0,,,,,0.0,0.0,30.0,0.0,0.0,0.0,83.0,36.5,0
6855,SO-1301,Constable Dinesh Panchal,Constable,59,2026-07-15 08:29:33+00:00,100.0,87.0,,21.4304483,73.5512336,261.41772947375415,-0.927,-0.022,-0.426,,0.0,0.0,0.0,,,,,0.0,0.0,31.0,7.99999999756551e-06,-2.829999999676147e-05,0.36,87.0,36.5,2
6858,SO-1301,Constable Dinesh Panchal,Constable,59,2026-07-15 08:30:02+00:00,89.0,88.0,,21.4304483,73.5512336,261.505918467866,-0.919,-0.035,-0.455,,0.0,0.0,0.0,,,,,0.0,0.0,29.0,0.0,0.0,0.0,88.0,36.5,0
6861,SO-1301,Constable Dinesh Panchal,Constable,59,2026-07-15 08:30:32+00:00,96.0,88.0,,21.4304483,73.5512336,261.29673994716427,-0.983,0.048,0.042,,0.0,0.0,0.0,,,,,0.0,0.0,30.0,0.0,0.0,0.0,88.0,36.5,2
6864,SO-1301,Constable Dinesh Panchal,Constable,59,2026-07-15 08:31:03+00:00,82.0,85.0,,21.4304572,73.5512723,261.39568236652815,-0.995,-0.003,0.045,,0.0,0.0,0.0,,,,,0.0,0.0,31.0,8.90000000097757e-06,3.869999999039919e-05,0.48,85.0,36.5,0
6867,SO-1301,Constable Dinesh Panchal,Constable,59,2026-07-15 08:31:32+00:00,84.0,88.0,,21.4304572,73.5512723,261.35158832163677,-0.135,0.963,0.176,,0.0,0.0,0.0,,,,,0.0,0.0,29.0,0.0,0.0,0.0,88.0,36.5,0
6870,SO-1301,Constable Dinesh Panchal,Constable,59,2026-07-15 08:32:02+00:00,96.0,84.0,,21.4304572,73.5512723,261.1644600125933,-0.881,-0.035,-0.531,,0.0,0.0,0.0,,,,,0.0,0.0,30.0,0.0,0.0,0.0,84.0,36.5,2
6873,SO-1301,Constable Dinesh Panchal,Constable,59,2026-07-15 08:32:33+00:00,92.0,84.0,,21.4304878,73.5512587,260.91119800998996,-0.866,0.037,-0.543,,0.0,0.0,0.0,,,,,0.0,0.0,31.0,3.060000000232321e-05,-1.3599999988400668e-05,0.43,84.0,36.5,2
6876,SO-1301,Constable Dinesh Panchal,Constable,59,2026-07-15 08:33:02+00:00,89.0,88.0,,21.4304878,73.5512587,262.00119175352654,-0.841,-0.27,-0.229,,0.0,0.0,0.0,,,,,0.0,0.0,29.0,0.0,0.0,0.0,88.0,36.5,0
6879,SO-1301,Constable Dinesh Panchal,Constable,59,2026-07-15 08:33:32+00:00,100.0,88.0,,21.430499,73.5513142,262.648193359375,-0.701,-0.705,0.102,,0.0,0.0,0.0,,,,,0.0,0.0,30.0,1.1199999999433883e-05,5.549999998777366e-05,0.71,88.0,36.5,2
6882,SO-1301,Constable Dinesh Panchal,Constable,59,2026-07-15 08:34:02+00:00,96.0,88.0,,21.4304991,73.5513144,260.3272720062584,-0.432,0.643,-0.672,,0.0,0.0,0.0,,,,,0.0,0.0,30.0,9.999999761589606e-08,2.0000000233721948e-07,0.0,88.0,36.5,2
6885,SO-1301,Constable Dinesh Panchal,Constable,59,2026-07-15 08:34:32+00:00,84.0,73.0,,21.4304991,73.5513144,261.53872070251685,-0.553,0.991,0.101,,0.0,0.0,0.0,,,,,0.0,0.0,30.0,0.0,0.0,0.0,73.0,36.5,0
6888,SO-1301,Constable Dinesh Panchal,Constable,59,2026-07-15 08:35:03+00:00,91.0,64.0,,21.4305912,73.5514823,261.29673994716427,-0.309,0.321,-0.825,,0.0,0.0,0.0,,,,,0.0,0.0,31.0,9.209999999981731e-05,0.0001679000000081,2.34,64.0,36.5,2
6891,SO-1301,Constable Dinesh Panchal,Constable,59,2026-07-15 08:35:33+00:00,86.0,84.0,,21.4313795,73.5515076,257.2184243837565,-0.943,0.263,0.039,,0.0,0.0,0.0,,,,,0.0,0.0,30.0,0.0007882999999999,2.529999999012489e-05,10.5,84.0,36.5,1
6894,SO-1301,Constable Dinesh Panchal,Constable,59,2026-07-15 08:36:03+00:00,96.0,86.0,,21.432799,73.551023,254.39106161685447,-0.725,-0.284,-0.534,,0.0,0.0,0.0,,,,,0.0,0.0,30.0,0.0014195000000007,-0.0004845999999929,19.84,86.0,36.5,1
6897,SO-1301,Constable Dinesh Panchal,Constable,59,2026-07-15 08:36:32+00:00,85.0,88.0,,21.4322282,73.55369,265.83556262827415,-1.0,-0.424,0.517,,0.0,0.0,0.0,,,,,0.0,0.0,29.0,-0.0005707999999984,0.0026670000000024,35.15,88.0,36.5,1
6900,SO-1301,Constable Dinesh Panchal,Constable,59,2026-07-15 08:37:03+00:00,90.0,86.0,,21.4303366,73.5567842,270.9491873342815,-0.972,0.418,0.539,,0.0,0.0,0.0,,,,,0.0,0.0,31.0,-0.0018916000000004,0.0030941999999924,44.46,86.0,36.5,1
6902,SO-1301,Constable Dinesh Panchal,Constable,59,2026-07-15 08:37:33+00:00,83.0,84.0,,21.4282042,73.5607514,271.0787475402518,-0.776,-0.203,0.562,,0.0,0.0,0.0,,,,,0.0,0.0,30.0,-0.0021324000000007,0.0039672000000052,56.86,84.0,36.5,1
6905,SO-1301,Constable Dinesh Panchal,Constable,59,2026-07-15 08:38:03+00:00,82.0,86.0,,21.4268432,73.5649142,258.47376613226385,-0.711,-0.052,0.48,,0.0,0.0,0.0,,,,,0.0,0.0,30.0,-0.0013609999999992,0.0041628000000031,54.77,86.0,36.5,1
6909,SO-1301,Constable Dinesh Panchal,Constable,59,2026-07-15 08:40:03+00:00,98.0,87.0,,21.4271184,73.5781897,253.46789828114635,-0.375,-0.278,0.872,,0.0,0.0,0.0,,,,,0.0,0.0,120.0,0.0002752000000008,0.0132754999999917,41.22,87.0,36.5,1
6911,SO-1301,Constable Dinesh Panchal,Constable,59,2026-07-15 08:40:33+00:00,84.0,75.0,,21.4272338,73.5838727,248.57123678288815,0.438,-0.51,0.661,,0.0,0.0,0.0,,,,,0.0,0.0,30.0,0.0001153999999985,0.0056830000000047,70.58,75.0,36.5,1
6913,SO-1301,Constable Dinesh Panchal,Constable,59,2026-07-15 08:41:03+00:00,86.0,75.0,,21.4274108,73.5866715,243.07475453893937,-0.669,-0.036,0.569,,0.0,0.0,0.0,,,,,0.0,0.0,30.0,0.0001770000000007,0.0027987999999936,34.83,75.0,36.5,1
6915,SO-1301,Constable Dinesh Panchal,Constable,59,2026-07-15 08:41:33+00:00,81.0,83.0,,21.4271494,73.5904094,237.8123743318788,-0.9,-0.224,0.348,,0.0,0.0,0.0,,,,,0.0,0.0,30.0,-0.0002613999999994,0.0037379000000044,46.54,83.0,36.5,1
6917,SO-1301,Constable Dinesh Panchal,Constable,59,2026-07-15 08:42:03+00:00,84.0,84.0,,21.4270994,73.593097,231.92779502247663,-0.487,-0.101,0.08,,0.0,0.0,0.0,,,,,0.0,0.0,30.0,-5.000000000165983e-05,0.0026876000000015,33.38,84.0,36.5,1
6919,SO-1301,Constable Dinesh Panchal,Constable,59,2026-07-15 08:42:33+00:00,85.0,88.0,,21.4268608,73.5952401,235.29765399625956,-0.401,-0.108,0.949,,0.0,0.0,0.0,,,,,0.0,0.0,30.0,-0.0002385999999994,0.0021430999999978,26.8,88.0,36.5,1
6921,SO-1301,Constable Dinesh Panchal,Constable,59,2026-07-15 08:43:03+00:00,98.0,88.0,,21.4272566,73.5995511,231.32385773012663,-1.047,-0.293,0.066,,0.0,0.0,0.0,,,,,0.0,0.0,30.0,0.0003957999999997,0.0043110000000012,53.78,88.0,36.5,1
6923,SO-1301,Constable Dinesh Panchal,Constable,59,2026-07-15 08:43:34+00:00,81.0,86.0,,21.4253264,73.6027002,235.98460066242103,-0.979,-0.228,0.035,,0.0,0.0,0.0,,,,,0.0,0.0,31.0,-0.0019302000000003,0.0031491000000016,45.29,86.0,36.5,1
6925,SO-1301,Constable Dinesh Panchal,Constable,59,2026-07-15 08:44:03+00:00,84.0,88.0,,21.4235428,73.6032813,238.11666186225165,-1.188,-0.051,-0.203,,0.0,0.0,0.0,,,,,0.0,0.0,29.0,-0.0017835999999995,0.0005811000000051,25.69,88.0,36.5,1
6927,SO-1301,Constable Dinesh Panchal,Constable,59,2026-07-15 08:44:33+00:00,98.0,88.0,,21.4225046,73.6040303,238.10416378344576,-1.081,-0.089,-0.141,,0.0,0.0,0.0,,,,,0.0,0.0,30.0,-0.0010381999999999,0.000748999999999,16.66,88.0,36.5,1
6929,SO-1301,Constable Dinesh Panchal,Constable,59,2026-07-15 08:45:04+00:00,86.0,84.0,,21.4215216,73.6050646,239.08836357216433,-0.698,-0.293,0.665,,0.0,0.0,0.0,,,,,0.0,0.0,31.0,-0.0009830000000015,0.0010343000000005,17.75,84.0,36.5,1
6931,SO-1301,Constable Dinesh Panchal,Constable,59,2026-07-15 08:45:33+00:00,83.0,84.0,,21.4205342,73.6065629,242.6487465876928,-0.303,-0.26,0.732,,0.0,0.0,0.0,,,,,0.0,0.0,29.0,-0.0009873999999996,0.0014982999999944,23.57,84.0,36.5,1
12230,SO-1301,Constable Dinesh Panchal,Constable,59,2026-07-15 19:46:16+00:00,88.0,88.0,,21.4270556,73.5897481,247.31298828125,-0.611,-0.841,-0.241,,0.0,0.0,0.0,,,,,0.0,0.0,39643.0,0.0065214000000004,-0.0168148000000059,0.0,88.0,36.5,0
12236,SO-1301,Constable Dinesh Panchal,Constable,59,2026-07-15 19:46:46+00:00,95.0,88.0,,21.4274954,73.5863467,249.09391885677377,0.382,-0.917,0.03,,0.0,0.0,0.0,,,,,0.0,0.0,30.0,0.0004398000000023,-0.0034013999999871,42.64,88.0,36.5,1
12242,SO-1301,Constable Dinesh Panchal,Constable,59,2026-07-15 19:47:16+00:00,96.0,88.0,,21.4270774,73.5823565,256.177531636607,0.301,-1.211,0.073,,0.0,0.0,0.0,,,,,0.0,0.0,30.0,-0.0004179999999998,-0.003990200000004,49.85,88.0,36.5,1
12248,SO-1301,Constable Dinesh Panchal,Constable,59,2026-07-15 19:47:46+00:00,92.0,87.0,,21.4269803,73.5770886,261.5844720814358,0.254,-1.008,-0.136,,0.0,0.0,0.0,,,,,0.0,0.0,30.0,-9.71000000014044e-05,-0.0052679000000068,65.42,87.0,36.5,1
12254,SO-1301,Constable Dinesh Panchal,Constable,59,2026-07-15 19:48:16+00:00,92.0,87.0,,21.4265691,73.5739171,259.5908855095985,0.284,-0.902,0.244,,0.0,0.0,0.0,,,,,0.0,0.0,30.0,-0.000411200000002,-0.0031714999999934,39.76,87.0,36.5,1
12260,SO-1301,Constable Dinesh Panchal,Constable,59,2026-07-15 19:48:46+00:00,91.0,87.0,,21.4262749,73.5712263,261.4878209648146,0.281,-1.004,0.123,,0.0,0.0,0.0,,,,,0.0,0.0,30.0,-0.000294199999999,-0.0026907999999963,33.64,87.0,36.5,1
12266,SO-1301,Constable Dinesh Panchal,Constable,59,2026-07-15 19:49:15+00:00,100.0,88.0,,21.4268219,73.5688609,261.3538818359375,0.35,-0.961,-0.059,,0.0,0.0,0.0,,,,,0.0,0.0,29.0,0.0005470000000009,-0.0023654000000021,31.3,88.0,36.5,1
12272,SO-1301,Constable Dinesh Panchal,Constable,59,2026-07-15 19:49:46+00:00,90.0,88.0,,21.426508,73.563988,262.36405861143936,0.201,-0.956,-0.082,,0.0,0.0,0.0,,,,,0.0,0.0,31.0,-0.0003139000000018,-0.0048729000000093,58.69,88.0,36.5,1
12278,SO-1301,Constable Dinesh Panchal,Constable,59,2026-07-15 19:50:15+00:00,91.0,88.0,,21.4283475,73.5606835,269.9822245808996,0.261,-0.993,0.085,,0.0,0.0,0.0,,,,,0.0,0.0,29.0,0.0018395000000026,-0.0033044999999987,49.44,88.0,36.5,1
12284,SO-1301,Constable Dinesh Panchal,Constable,59,2026-07-15 19:50:46+00:00,94.0,87.0,,21.430911,73.5557991,273.7712116633789,-0.654,0.123,0.572,,0.0,0.0,0.0,,,,,0.0,0.0,31.0,0.0025634999999972,-0.0048843999999945,67.35,87.0,36.5,1
12290,SO-1301,Constable Dinesh Panchal,Constable,59,2026-07-15 19:51:16+00:00,91.0,82.0,,21.4326628,73.5517452,264.91487933900515,-0.576,-0.961,0.001,,0.0,0.0,0.0,,,,,0.0,0.0,30.0,0.0017518000000009,-0.0040539000000023,55.48,82.0,36.5,1
12296,SO-1301,Constable Dinesh Panchal,Constable,59,2026-07-15 19:51:46+00:00,87.0,87.0,,21.432776,73.5495888,257.13609288834084,-1.073,-0.745,-0.287,,0.0,0.0,0.0,,,,,0.0,0.0,30.0,0.0001132000000012,-0.002156400000004,26.82,87.0,36.5,1
12302,SO-1301,Constable Dinesh Panchal,Constable,59,2026-07-15 19:52:17+00:00,95.0,87.0,,21.4333719,73.5459704,256.5065824422635,0.035,-0.763,0.298,,0.0,0.0,0.0,,,,,0.0,0.0,31.0,0.0005959000000004,-0.0036183999999934,44.15,87.0,36.5,1
12308,SO-1301,Constable Dinesh Panchal,Constable,59,2026-07-15 19:52:46+00:00,100.0,88.0,,21.4325224,73.5414916,261.72794753930896,-0.751,0.183,0.303,,0.0,0.0,0.0,,,,,0.0,0.0,29.0,-0.000849500000001,-0.0044788000000011,58.71,88.0,36.5,1
12314,SO-1301,Constable Dinesh Panchal,Constable,59,2026-07-15 19:53:16+00:00,95.0,87.0,,21.431918,73.5364961,260.88089698811456,-1.151,0.042,-0.039,,0.0,0.0,0.0,,,,,0.0,0.0,30.0,-0.0006044000000002,-0.0049955000000068,62.54,87.0,36.5,1
12320,SO-1301,Constable Dinesh Panchal,Constable,59,2026-07-15 19:53:46+00:00,83.0,79.0,,21.4335658,73.53074,251.2985787848766,-0.805,0.105,0.169,,0.0,0.0,0.0,,,,,0.0,0.0,30.0,0.0016478000000006,-0.0057560999999992,74.76,79.0,36.5,1
12326,SO-1301,Constable Dinesh Panchal,Constable,59,2026-07-15 19:54:16+00:00,84.0,88.0,,21.4364169,73.5260303,247.42826801112145,-0.869,0.034,0.131,,0.0,0.0,0.0,,,,,0.0,0.0,30.0,0.0028511000000008,-0.0047096999999922,69.73,88.0,36.5,1
12332,SO-1301,Constable Dinesh Panchal,Constable,59,2026-07-15 19:54:45+00:00,97.0,85.0,,21.4378624,73.5222043,238.2114189599416,-0.297,-0.649,-0.215,,0.0,0.0,0.0,,,,,0.0,0.0,29.0,0.0014454999999991,-0.0038260000000036,53.02,85.0,36.5,1
12339,SO-1301,Constable Dinesh Panchal,Constable,59,2026-07-15 19:55:16+00:00,91.0,88.0,,21.4381956,73.5189254,230.756593278578,-0.122,-0.651,0.199,,0.0,0.0,0.0,,,,,0.0,0.0,31.0,0.0003332,-0.0032788999999979,39.63,88.0,36.5,1
12344,SO-1301,Constable Dinesh Panchal,Constable,59,2026-07-15 19:55:45+00:00,83.0,88.0,,21.439803,73.5162328,228.46445998928937,-0.52,-0.908,0.06,,0.0,0.0,0.0,,,,,0.0,0.0,29.0,0.001607400000001,-0.0026926000000031,41.07,88.0,36.5,1
12350,SO-1301,Constable Dinesh Panchal,Constable,59,2026-07-15 19:56:16+00:00,93.0,88.0,,21.442071,73.5146386,231.26392096313123,-0.218,-0.969,0.174,,0.0,0.0,0.0,,,,,0.0,0.0,31.0,0.0022679999999972,-0.0015941999999995,34.95,88.0,36.5,1
12356,SO-1301,Constable Dinesh Panchal,Constable,59,2026-07-15 19:56:46+00:00,87.0,88.0,,21.4422719,73.5115265,235.23366554126497,-0.287,-0.998,0.263,,0.0,0.0,0.0,,,,,0.0,0.0,30.0,0.0002009000000029,-0.0031120999999956,38.73,88.0,36.5,1
12362,SO-1301,Constable Dinesh Panchal,Constable,59,2026-07-15 19:57:17+00:00,97.0,88.0,,21.4431129,73.5068469,230.44559422057648,-0.335,-0.782,0.268,,0.0,0.0,0.0,,,,,0.0,0.0,31.0,0.0008409999999976,-0.0046796000000028,57.26,88.0,36.5,1
12368,SO-1301,Constable Dinesh Panchal,Constable,59,2026-07-15 19:57:46+00:00,94.0,88.0,,21.4431957,73.5031531,230.7967511988676,-0.195,-0.384,0.368,,0.0,0.0,0.0,,,,,0.0,0.0,29.0,8.280000000127075e-05,-0.0036937999999935,47.46,88.0,36.5,1
12373,SO-1301,Constable Dinesh Panchal,Constable,59,2026-07-15 19:58:16+00:00,88.0,88.0,,21.4429493,73.5002518,227.36218529524427,0.368,-1.333,0.32,,0.0,0.0,0.0,,,,,0.0,0.0,30.0,-0.0002464000000017,-0.0029013000000048,36.17,88.0,36.5,1
12378,SO-1301,Constable Dinesh Panchal,Constable,59,2026-07-15 19:58:46+00:00,85.0,88.0,,21.4432732,73.4977411,225.37488337832391,0.247,-0.623,0.386,,0.0,0.0,0.0,,,,,0.0,0.0,30.0,0.0003239000000014,-0.0025107000000019,31.47,88.0,36.5,1
12383,SO-1301,Constable Dinesh Panchal,Constable,59,2026-07-15 19:59:16+00:00,94.0,88.0,,21.4464335,73.49475,222.28450546239185,0.241,-0.804,0.188,,0.0,0.0,0.0,,,,,0.0,0.0,30.0,0.0031603000000011,-0.0029911000000026,56.14,88.0,36.5,1
12388,SO-1301,Constable Dinesh Panchal,Constable,59,2026-07-15 19:59:46+00:00,96.0,88.0,,21.4472093,73.4918272,218.61810612507315,0.124,-0.992,0.205,,0.0,0.0,0.0,,,,,0.0,0.0,30.0,0.0007757999999995,-0.0029227999999932,37.73,88.0,36.5,1
12394,SO-1301,Constable Dinesh Panchal,Constable,59,2026-07-15 20:00:16+00:00,93.0,87.0,,21.446754,73.4881888,219.03647479411725,-0.513,-0.818,0.083,,0.0,0.0,0.0,,,,,0.0,0.0,30.0,-0.0004553000000022,-0.0036383999999998,45.58,87.0,36.5,1
12401,SO-1301,Constable Dinesh Panchal,Constable,59,2026-07-15 20:00:45+00:00,93.0,88.0,,21.4473844,73.4830854,219.7490724043703,-0.802,-0.74,-0.307,,0.0,0.0,0.0,,,,,0.0,0.0,29.0,0.0006304000000021,-0.00510340000001,66.12,88.0,36.5,1
12407,SO-1301,Constable Dinesh Panchal,Constable,59,2026-07-15 20:01:16+00:00,89.0,88.0,,21.4475706,73.4811199,215.2471507681684,-0.959,-0.114,-0.235,,0.0,0.0,0.0,,,,,0.0,0.0,31.0,0.0001861999999981,-0.0019654999999971,23.74,88.0,36.5,1
12412,SO-1301,Constable Dinesh Panchal,Constable,59,2026-07-15 20:01:46+00:00,91.0,78.0,,21.4474682,73.4807621,216.0896428989489,-0.629,0.751,-0.1,,0.0,0.0,0.0,,,,,0.0,0.0,30.0,-0.0001023999999993,-0.000357799999989,4.65,78.0,36.5,1
12417,SO-1301,Constable Dinesh Panchal,Constable,59,2026-07-15 20:02:16+00:00,92.0,88.0,,21.4474794,73.4807585,215.123907907542,-0.646,0.766,-0.098,,0.0,0.0,0.0,,,,,0.0,0.0,30.0,1.1199999999433883e-05,-3.6000000136482413e-06,0.16,88.0,36.5,2
12421,SO-1301,Constable Dinesh Panchal,Constable,59,2026-07-15 20:02:45+00:00,89.0,77.0,,21.4474986,73.4807423,215.44941978195175,-1.401,0.391,-0.417,,0.0,0.0,0.0,,,,,0.0,0.0,29.0,1.920000000055211e-05,-1.6199999990362812e-05,0.34,77.0,36.5,0
12427,SO-1301,Constable Dinesh Panchal,Constable,59,2026-07-15 20:03:16+00:00,91.0,87.0,,21.4478154,73.4796683,220.62611430323716,-0.697,-0.704,-0.572,,0.0,0.0,0.0,,,,,0.0,0.0,31.0,0.0003168000000002,-0.0010740000000026,13.54,87.0,36.5,1
12432,SO-1301,Constable Dinesh Panchal,Constable,59,2026-07-15 20:03:47+00:00,97.0,88.0,,21.4486283,73.4749512,218.8590259021152,-0.446,-0.404,-0.936,,0.0,0.0,0.0,,,,,0.0,0.0,31.0,0.0008128999999996,-0.0047170999999934,57.64,88.0,36.5,1
12436,SO-1301,Constable Dinesh Panchal,Constable,59,2026-07-15 20:04:15+00:00,85.0,86.0,,21.4492014,73.4726867,220.40000915527344,-0.787,0.144,0.343,,0.0,0.0,0.0,,,,,0.0,0.0,28.0,0.0005731000000004,-0.0022645000000096,31.21,86.0,36.5,1
12442,SO-1301,Constable Dinesh Panchal,Constable,59,2026-07-15 20:04:46+00:00,89.0,88.0,,21.4483853,73.4678719,228.25715395090327,-0.954,-0.01,0.078,,0.0,0.0,0.0,,,,,0.0,0.0,31.0,-0.0008160999999979,-0.0048147999999912,58.8,88.0,36.5,1
12447,SO-1301,Constable Dinesh Panchal,Constable,59,2026-07-15 20:05:16+00:00,81.0,87.0,,21.4482499,73.4616808,241.23617258669333,-0.743,-0.752,0.024,,0.0,0.0,0.0,,,,,0.0,0.0,30.0,-0.0001354000000013,-0.0061911000000094,76.89,87.0,36.5,1
12452,SO-1301,Constable Dinesh Panchal,Constable,59,2026-07-15 20:05:46+00:00,88.0,88.0,,21.4476512,73.455459,242.21946473705628,-0.426,-0.959,-0.26,,0.0,0.0,0.0,,,,,0.0,0.0,30.0,-0.0005987000000011,-0.0062217999999916,77.66,88.0,36.5,1
12457,SO-1301,Constable Dinesh Panchal,Constable,59,2026-07-15 20:06:16+00:00,90.0,88.0,,21.44575,73.4500212,243.84246105584867,-0.486,-0.617,-0.051,,0.0,0.0,0.0,,,,,0.0,0.0,30.0,-0.0019011999999989,-0.0054378000000099,72.11,88.0,36.5,1
12536,SO-1301,Constable Dinesh Panchal,Constable,59,2026-07-15 20:16:17+00:00,98.0,87.0,,21.3897555,73.3668008,92.90444941773666,-0.919,-0.367,-0.311,,0.0,0.0,0.0,,,,,0.0,0.0,601.0,-0.0559945000000006,-0.0832204000000018,0.0,87.0,36.5,2
12541,SO-1301,Constable Dinesh Panchal,Constable,59,2026-07-15 20:16:46+00:00,92.0,86.0,,21.3847515,73.3670121,94.4230417569481,-0.648,-0.301,-0.431,,0.0,0.0,0.0,,,,,0.0,0.0,29.0,-0.0050039999999995,0.0002113000000036,69.01,86.0,36.5,1
12546,SO-1301,Constable Dinesh Panchal,Constable,59,2026-07-15 20:17:17+00:00,92.0,88.0,,21.3797915,73.3661563,96.42337297607084,-0.291,-0.833,-0.166,,0.0,0.0,0.0,,,,,0.0,0.0,31.0,-0.0049600000000005,-0.0008557999999965,64.76,88.0,36.5,1
12551,SO-1301,Constable Dinesh Panchal,Constable,59,2026-07-15 20:17:47+00:00,82.0,87.0,,21.3760782,73.3629249,93.40270276844772,-0.611,0.058,0.652,,0.0,0.0,0.0,,,,,0.0,0.0,30.0,-0.0037133000000011,-0.0032314000000042,63.69,87.0,36.5,1
12571,SO-1301,Constable Dinesh Panchal,Constable,59,2026-07-15 20:19:15+00:00,94.0,88.0,,21.3658141,73.3500587,88.41632900666173,0.072,-1.121,-0.15,,0.0,0.0,0.0,,,,,0.0,0.0,88.0,-0.010264099999997,-0.0128661999999906,71.68,88.0,36.5,1
12570,SO-1301,Constable Dinesh Panchal,Constable,59,2026-07-15 20:19:46+00:00,97.0,88.0,,21.3624114,73.3456606,81.43437622557926,0.125,-2.0,-0.177,,0.0,0.0,0.0,,,,,0.0,0.0,31.0,-0.0034027000000023,-0.004398100000003,68.68,88.0,36.5,1
12573,SO-1301,Constable Dinesh Panchal,Constable,59,2026-07-15 20:20:16+00:00,93.0,87.0,,21.3609409,73.3424515,84.20338554306349,0.179,-0.895,0.067,,0.0,0.0,0.0,,,,,0.0,0.0,30.0,-0.0014704999999999,-0.0032091000000065,44.4,87.0,36.5,1
12578,SO-1301,Constable Dinesh Panchal,Constable,59,2026-07-15 20:20:46+00:00,93.0,88.0,,21.3588333,73.3371787,76.92750874188079,-0.343,-0.882,0.415,,0.0,0.0,0.0,,,,,0.0,0.0,30.0,-0.0021075999999986,-0.0052728000000001,71.23,88.0,36.5,1
12583,SO-1301,Constable Dinesh Panchal,Constable,59,2026-07-15 20:21:17+00:00,93.0,87.0,,21.3564762,73.3314218,77.56351903774018,-0.2,-1.042,-0.052,,0.0,0.0,0.0,,,,,0.0,0.0,31.0,-0.0023571000000011,-0.0057568999999944,75.55,87.0,36.5,1
12603,SO-1301,Constable Dinesh Panchal,Constable,59,2026-07-15 20:21:47+00:00,92.0,86.0,,21.3551846,73.3256419,74.94183713791551,-0.698,0.125,0.11,,0.0,0.0,0.0,,,,,0.0,0.0,30.0,-0.0012915999999982,-0.0057799000000073,73.8,86.0,36.5,1
12604,SO-1301,Constable Dinesh Panchal,Constable,59,2026-07-15 20:22:16+00:00,91.0,88.0,,21.3550046,73.3230008,65.95264756965062,-1.12,-0.034,0.073,,0.0,0.0,0.0,,,,,0.0,0.0,29.0,-0.0001800000000002,-0.002641099999991,34.01,88.0,36.5,1
12605,SO-1301,Constable Dinesh Panchal,Constable,59,2026-07-15 20:22:46+00:00,92.0,87.0,,21.3513956,73.3240067,66.75963055627082,-0.418,-0.824,-0.293,,0.0,0.0,0.0,,,,,0.0,0.0,30.0,-0.0036090000000008,0.0010058999999955,49.67,87.0,36.5,1
12602,SO-1301,Constable Dinesh Panchal,Constable,59,2026-07-15 20:23:16+00:00,92.0,88.0,,21.3466807,73.3240073,70.15542159769217,-0.479,-0.755,-0.259,,0.0,0.0,0.0,,,,,0.0,0.0,30.0,-0.0047148999999997,6.000000070116585e-07,62.8,88.0,36.5,1
12607,SO-1301,Constable Dinesh Panchal,Constable,59,2026-07-15 20:23:46+00:00,86.0,88.0,,21.3401947,73.3242714,71.67814070091038,0.427,-1.174,0.339,,0.0,0.0,0.0,,,,,0.0,0.0,30.0,-0.0064859999999988,0.0002640999999954,86.46,88.0,36.5,1
12612,SO-1301,Constable Dinesh Panchal,Constable,59,2026-07-15 20:24:16+00:00,97.0,88.0,,21.3345038,73.3256007,74.89293172660305,-0.254,-0.877,0.141,,0.0,0.0,0.0,,,,,0.0,0.0,30.0,-0.0056909000000011,0.0013292999999947,77.58,88.0,36.5,1
12616,SO-1301,Constable Dinesh Panchal,Constable,59,2026-07-15 20:24:46+00:00,92.0,88.0,,21.3287032,73.3264854,70.07395373052904,0.168,-1.064,0.155,,0.0,0.0,0.0,,,,,0.0,0.0,30.0,-0.0058006000000006,0.0008847000000002,78.04,88.0,36.5,1
12624,SO-1301,Constable Dinesh Panchal,Constable,59,2026-07-15 20:25:16+00:00,95.0,88.0,,21.3253318,73.327003,67.13849879634844,-0.563,-0.97,-0.136,,0.0,0.0,0.0,,,,,0.0,0.0,30.0,-0.0033713999999989,0.0005176000000091,45.36,88.0,36.5,1
12626,SO-1301,Constable Dinesh Panchal,Constable,59,2026-07-15 20:25:46+00:00,96.0,83.0,,21.3207143,73.3266927,74.08248810673828,-0.873,-0.148,1.459,,0.0,0.0,0.0,,,,,0.0,0.0,30.0,-0.0046175000000019,-0.0003103000000095,61.63,83.0,36.5,1
12631,SO-1301,Constable Dinesh Panchal,Constable,59,2026-07-15 20:26:15+00:00,86.0,87.0,,21.3152778,73.3247528,64.431622322772,-0.456,-0.729,0.297,,0.0,0.0,0.0,,,,,0.0,0.0,29.0,-0.0054364999999982,-0.0019398999999964,78.95,87.0,36.5,1
12636,SO-1301,Constable Dinesh Panchal,Constable,59,2026-07-15 20:26:47+00:00,90.0,88.0,,21.3094306,73.322998,59.03656860376006,-0.772,-0.662,-0.095,,0.0,0.0,0.0,,,,,0.0,0.0,32.0,-0.0058472000000016,-0.0017548000000005,75.82,88.0,36.5,1
12641,SO-1301,Constable Dinesh Panchal,Constable,59,2026-07-15 20:27:16+00:00,87.0,87.0,,21.3050493,73.321774,58.37036086212177,-0.324,-0.848,-0.631,,0.0,0.0,0.0,,,,,0.0,0.0,29.0,-0.0043812999999985,-0.0012239999999934,62.38,87.0,36.5,1
12647,SO-1301,Constable Dinesh Panchal,Constable,59,2026-07-15 20:27:46+00:00,83.0,68.0,,21.2996222,73.3203382,54.86840184024021,-0.921,0.023,0.412,,0.0,0.0,0.0,,,,,0.0,0.0,30.0,-0.0054270999999985,-0.00143580000001,74.45,68.0,36.5,1
12653,SO-1301,Constable Dinesh Panchal,Constable,59,2026-07-15 20:28:16+00:00,93.0,88.0,,21.29512,73.3192078,52.88697271266322,-0.939,-0.328,-0.225,,0.0,0.0,0.0,,,,,0.0,0.0,30.0,-0.004502200000001,-0.0011303999999938,61.59,88.0,36.5,1
12659,SO-1301,Constable Dinesh Panchal,Constable,59,2026-07-15 20:28:46+00:00,92.0,88.0,,21.2898092,73.3171657,62.00000095367432,-0.939,-0.232,-0.152,,0.0,0.0,0.0,,,,,0.0,0.0,30.0,-0.0053108000000001,-0.002042099999997,75.15,88.0,36.5,1
12665,SO-1301,Constable Dinesh Panchal,Constable,59,2026-07-15 20:29:15+00:00,98.0,88.0,,21.2849074,73.3169787,46.99283017971284,-0.792,-0.317,-0.049,,0.0,0.0,0.0,,,,,0.0,0.0,29.0,-0.0049017999999989,-0.0001869999999968,67.59,88.0,36.5,1
12671,SO-1301,Constable Dinesh Panchal,Constable,59,2026-07-15 20:29:46+00:00,98.0,88.0,,21.2787363,73.3169737,44.27500639892703,-0.596,-0.884,-0.272,,0.0,0.0,0.0,,,,,0.0,0.0,31.0,-0.006171100000003,-5.000000001587068e-06,79.55,88.0,36.5,1
12677,SO-1301,Constable Dinesh Panchal,Constable,59,2026-07-15 20:30:15+00:00,100.0,88.0,,21.2743476,73.3151011,57.10000038146973,-0.605,-0.703,-0.079,,0.0,0.0,0.0,,,,,0.0,0.0,29.0,-0.0043886999999998,-0.0018725999999986,65.08,88.0,36.5,1
12683,SO-1301,Constable Dinesh Panchal,Constable,59,2026-07-15 20:30:45+00:00,95.0,88.0,,21.2700127,73.3139559,44.77184452656647,-0.445,-0.707,-0.015,,0.0,0.0,0.0,,,,,0.0,0.0,30.0,-0.0043348999999999,-0.0011452000000105,59.47,88.0,36.5,1
12689,SO-1301,Constable Dinesh Panchal,Constable,59,2026-07-15 20:31:16+00:00,100.0,88.0,,21.2645923,73.3117125,52.02282996683,-0.551,-0.734,0.279,,0.0,0.0,0.0,,,,,0.0,0.0,31.0,-0.0054203999999984,-0.0022433999999975,74.89,88.0,36.5,1
12695,SO-1301,Constable Dinesh Panchal,Constable,59,2026-07-15 20:31:45+00:00,90.0,88.0,,21.2616052,73.3109206,48.20000001788139,-0.479,-0.815,0.21,,0.0,0.0,0.0,,,,,0.0,0.0,29.0,-0.0029870999999985,-0.0007918999999958,42.4,88.0,36.5,1
12701,SO-1301,Constable Dinesh Panchal,Constable,59,2026-07-15 20:32:15+00:00,92.0,87.0,,21.2593833,73.3095836,48.20000001788139,-0.422,0.854,-0.218,,0.0,0.0,0.0,,,,,0.0,0.0,30.0,-0.0022219000000021,-0.0013370000000065,33.93,87.0,36.5,1
12706,SO-1301,Constable Dinesh Panchal,Constable,59,2026-07-15 20:32:45+00:00,86.0,87.0,,21.2587402,73.3096012,49.5,-0.606,-0.527,-0.626,,0.0,0.0,0.0,,,,,0.0,0.0,30.0,-0.0006431000000013,1.760000000672335e-05,8.57,87.0,36.5,1
12711,SO-1301,Constable Dinesh Panchal,Constable,59,2026-07-15 20:33:15+00:00,92.0,88.0,,21.2588275,73.3095934,49.5,-0.942,-0.384,-0.425,,0.0,0.0,0.0,,,,,0.0,0.0,30.0,8.730000000056748e-05,-7.800000005886432e-06,1.17,88.0,36.5,2
12716,SO-1301,Constable Dinesh Panchal,Constable,59,2026-07-15 20:33:45+00:00,97.0,88.0,,21.2591927,73.3093354,47.24850953111378,-1.056,0.168,0.684,,0.0,0.0,0.0,,,,,0.0,0.0,30.0,0.0003652000000009,-0.0002580000000023,5.82,88.0,36.5,1
12723,SO-1301,Constable Dinesh Panchal,Constable,59,2026-07-15 20:34:15+00:00,86.0,78.0,,21.2589687,73.3095696,47.38307931106678,-0.538,0.802,0.2,,0.0,0.0,0.0,,,,,0.0,0.0,30.0,-0.0002239999999993,0.0002342000000083,4.17,78.0,36.5,0
12729,SO-1301,Constable Dinesh Panchal,Constable,59,2026-07-15 20:34:45+00:00,91.0,88.0,,21.2593129,73.3095601,49.5,-0.504,0.843,0.106,,0.0,0.0,0.0,,,,,0.0,0.0,30.0,0.0003442000000006,-9.500000004436515e-06,4.59,88.0,36.5,1
12735,SO-1301,Constable Dinesh Panchal,Constable,59,2026-07-15 20:35:15+00:00,93.0,87.0,,21.2592933,73.3092044,49.5,-0.565,0.775,0.138,,0.0,0.0,0.0,,,,,0.0,0.0,30.0,-1.960000000167383e-05,-0.0003557,4.42,87.0,36.5,2
12741,SO-1301,Constable Dinesh Panchal,Constable,59,2026-07-15 20:35:45+00:00,95.0,87.0,,21.2589949,73.3095988,49.5,-0.857,-0.223,-0.744,,0.0,0.0,0.0,,,,,0.0,0.0,30.0,-0.0002983999999983,0.0003944000000046,6.31,87.0,36.5,1
12747,SO-1301,Constable Dinesh Panchal,Constable,59,2026-07-15 20:36:15+00:00,81.0,88.0,,21.2592973,73.3092361,49.5,-0.734,-0.424,-0.409,,0.0,0.0,0.0,,,,,0.0,0.0,30.0,0.0003023999999989,-0.0003626999999966,6.04,88.0,36.5,1
12753,SO-1301,Constable Dinesh Panchal,Constable,59,2026-07-15 20:36:45+00:00,96.0,85.0,,21.2592187,73.3092653,49.5,-0.744,-0.497,-0.461,,0.0,0.0,0.0,,,,,0.0,0.0,30.0,-7.859999999837441e-05,2.920000000017353e-05,1.11,85.0,36.5,2
12759,SO-1301,Constable Dinesh Panchal,Constable,59,2026-07-15 20:37:15+00:00,92.0,83.0,,21.2592582,73.3091751,49.5,-0.533,-0.843,0.089,,0.0,0.0,0.0,,,,,0.0,0.0,30.0,3.949999999974807e-05,-9.020000000248274e-05,1.24,83.0,36.5,2
12765,SO-1301,Constable Dinesh Panchal,Constable,59,2026-07-15 20:37:45+00:00,87.0,88.0,,21.2589596,73.3092944,49.5,-0.512,-0.654,-0.555,,0.0,0.0,0.0,,,,,0.0,0.0,30.0,-0.0002986000000007,0.0001192999999943,4.24,88.0,36.5,0
12771,SO-1301,Constable Dinesh Panchal,Constable,59,2026-07-15 20:38:16+00:00,91.0,88.0,,21.2593131,73.3095668,49.5,-0.491,-0.751,-0.468,,0.0,0.0,0.0,,,,,0.0,0.0,31.0,0.0003534999999992,0.0002724,5.61,88.0,36.5,1
12777,SO-1301,Constable Dinesh Panchal,Constable,59,2026-07-15 20:38:45+00:00,100.0,87.0,,21.2590584,73.3093754,50.29999995231629,-0.481,-0.776,-0.46,,0.0,0.0,0.0,,,,,0.0,0.0,29.0,-0.0002546999999992,-0.0001914000000056,4.28,87.0,36.5,2
12783,SO-1301,Constable Dinesh Panchal,Constable,59,2026-07-15 20:39:15+00:00,99.0,88.0,,21.2590071,73.309539,50.29999995231629,-0.476,-0.788,-0.418,,0.0,0.0,0.0,,,,,0.0,0.0,30.0,-5.1299999999088186e-05,0.0001636000000075,2.14,88.0,36.5,2
12789,SO-1301,Constable Dinesh Panchal,Constable,59,2026-07-15 20:39:45+00:00,92.0,88.0,,21.2590376,73.3093549,50.29999995231629,-0.479,-0.77,-0.408,,0.0,0.0,0.0,,,,,0.0,0.0,30.0,3.049999999760189e-05,-0.0001840999999984,2.32,88.0,36.5,2
12795,SO-1301,Constable Dinesh Panchal,Constable,59,2026-07-15 20:40:15+00:00,93.0,88.0,,21.2589775,73.309568,50.0,-0.471,-0.737,-0.514,,0.0,0.0,0.0,,,,,0.0,0.0,30.0,-6.009999999889715e-05,0.0002130999999963,2.76,88.0,36.5,2
12801,SO-1301,Constable Dinesh Panchal,Constable,59,2026-07-15 20:40:45+00:00,93.0,86.0,,21.2581355,73.3104909,50.29999995231629,-0.477,-0.754,-0.391,,0.0,0.0,0.0,,,,,0.0,0.0,30.0,-0.0008419999999986,0.0009229000000061,16.03,86.0,36.5,1
12807,SO-1301,Constable Dinesh Panchal,Constable,59,2026-07-15 20:41:15+00:00,88.0,88.0,,21.2593282,73.3091796,49.5,0.083,-0.948,0.252,,0.0,0.0,0.0,,,,,0.0,0.0,30.0,0.0011926999999971,-0.0013113000000117,22.75,88.0,36.5,1
12814,SO-1301,Constable Dinesh Panchal,Constable,59,2026-07-15 20:41:45+00:00,81.0,88.0,,21.2582195,73.3105722,51.20000004768371,0.538,-1.157,0.149,,0.0,0.0,0.0,,,,,0.0,0.0,30.0,-0.0011086999999996,0.0013926000000026,22.74,88.0,36.5,1
12821,SO-1301,Constable Dinesh Panchal,Constable,59,2026-07-15 20:42:15+00:00,92.0,88.0,,21.2562635,73.3106966,53.30000019073486,0.242,-1.132,0.07,,0.0,0.0,0.0,,,,,0.0,0.0,30.0,-0.0019559999999998,0.0001244000000042,26.1,88.0,36.5,1
12828,SO-1301,Constable Dinesh Panchal,Constable,59,2026-07-15 20:42:46+00:00,91.0,87.0,,21.2523131,73.3084114,53.30000019073486,-0.518,-0.781,-0.283,,0.0,0.0,0.0,,,,,0.0,0.0,31.0,-0.0039504000000007,-0.0022852000000028,57.85,87.0,36.5,1
12835,SO-1301,Constable Dinesh Panchal,Constable,59,2026-07-15 20:43:16+00:00,92.0,88.0,,21.2484925,73.304938,55.196159113542905,0.313,-0.889,-0.011,,0.0,0.0,0.0,,,,,0.0,0.0,30.0,-0.0038205999999973,-0.00347339999999,66.71,88.0,36.5,1
12842,SO-1301,Constable Dinesh Panchal,Constable,59,2026-07-15 20:43:46+00:00,100.0,88.0,,21.2446691,73.3017784,56.16626937541089,0.145,-0.353,0.049,,0.0,0.0,0.0,,,,,0.0,0.0,30.0,-0.0038234000000016,-0.0031596000000035,64.29,88.0,36.5,1
12849,SO-1301,Constable Dinesh Panchal,Constable,59,2026-07-15 20:44:16+00:00,93.0,84.0,,21.2415967,73.300205,49.43706849564548,-0.058,-1.134,0.085,,0.0,0.0,0.0,,,,,0.0,0.0,30.0,-0.0030724000000006,-0.001573399999998,45.35,84.0,36.5,1
12856,SO-1301,Constable Dinesh Panchal,Constable,59,2026-07-15 20:44:47+00:00,99.0,88.0,,21.2426257,73.2988516,48.69999998807907,-0.852,-0.151,0.53,,0.0,0.0,0.0,,,,,0.0,0.0,31.0,0.0010290000000026,-0.0013533999999992,20.99,88.0,36.5,1
12863,SO-1301,Constable Dinesh Panchal,Constable,59,2026-07-15 20:45:15+00:00,99.0,88.0,,21.2441122,73.2970907,52.30000019073486,-0.799,0.021,0.547,,0.0,0.0,0.0,,,,,0.0,0.0,28.0,0.0014864999999986,-0.0017609000000078,31.6,88.0,36.5,1
12870,SO-1301,Constable Dinesh Panchal,Constable,59,2026-07-15 20:45:45+00:00,89.0,80.0,,21.2450226,73.2950748,52.40000009536743,-0.448,0.105,0.893,,0.0,0.0,0.0,,,,,0.0,0.0,30.0,0.0009103999999986,-0.0020159000000035,27.81,80.0,36.5,1
12877,SO-1301,Constable Dinesh Panchal,Constable,59,2026-07-15 20:46:15+00:00,89.0,88.0,,21.2451754,73.2933202,50.38266287252284,0.534,-0.104,-0.945,,0.0,0.0,0.0,,,,,0.0,0.0,30.0,0.0001528000000021,-0.0017545999999981,21.88,88.0,36.5,1
12884,SO-1301,Constable Dinesh Panchal,Constable,59,2026-07-15 20:46:45+00:00,94.0,88.0,,21.2447687,73.2907883,46.99999988079071,-0.784,0.238,0.204,,0.0,0.0,0.0,,,,,0.0,0.0,30.0,-0.0004066999999992,-0.0025318999999939,31.9,88.0,36.5,1
12891,SO-1301,Constable Dinesh Panchal,Constable,59,2026-07-15 20:47:20+00:00,100.0,88.0,,21.244307,73.2900645,50.69054104889071,-0.905,-0.101,0.349,,0.0,0.0,0.0,,,,,0.0,0.0,35.0,-0.0004617000000024,-0.0007238000000029,9.33,88.0,36.5,1
12898,SO-1301,Constable Dinesh Panchal,Constable,59,2026-07-15 20:47:49+00:00,93.0,88.0,,21.2485906,73.2895562,49.464862603810445,-0.836,-0.079,0.711,,0.0,0.0,0.0,,,,,0.0,0.0,29.0,0.0042836000000008,-0.0005082999999928,59.39,88.0,36.5,1
12905,SO-1301,Constable Dinesh Panchal,Constable,59,2026-07-15 20:48:18+00:00,96.0,88.0,,21.2522571,73.2890968,55.656402252903035,0.594,-0.059,0.405,,0.0,0.0,0.0,,,,,0.0,0.0,29.0,0.0036665000000013,-0.0004594000000111,50.87,88.0,36.5,1
12912,SO-1301,Constable Dinesh Panchal,Constable,59,2026-07-15 20:48:48+00:00,91.0,87.0,,21.2567735,73.2886522,55.46561165090438,-0.864,0.167,0.801,,0.0,0.0,0.0,,,,,0.0,0.0,30.0,0.0045163999999999,-0.0004445999999944,60.41,87.0,36.5,1
12919,SO-1301,Constable Dinesh Panchal,Constable,59,2026-07-15 20:49:15+00:00,83.0,88.0,,21.2593091,73.2881059,51.5,-0.853,0.295,0.507,,0.0,0.0,0.0,,,,,0.0,0.0,27.0,0.002535599999998,-0.0005462999999963,38.28,88.0,36.5,1
12926,SO-1301,Constable Dinesh Panchal,Constable,59,2026-07-15 20:49:45+00:00,88.0,88.0,,21.2590904,73.2830774,51.5,-0.027,0.123,0.098,,0.0,0.0,0.0,,,,,0.0,0.0,30.0,-0.0002186999999977,-0.0050285000000087,62.5,88.0,36.5,1
12933,SO-1301,Constable Dinesh Panchal,Constable,59,2026-07-15 20:50:18+00:00,82.0,87.0,,21.2596026,73.2761813,52.40000009536743,-0.411,0.041,0.849,,0.0,0.0,0.0,,,,,0.0,0.0,33.0,0.0005121999999992,-0.0068960999999916,78.09,87.0,36.5,1
12939,SO-1301,Constable Dinesh Panchal,Constable,59,2026-07-15 20:50:46+00:00,82.0,88.0,,21.2615427,73.2708328,54.21015666671437,-0.672,0.052,0.677,,0.0,0.0,0.0,,,,,0.0,0.0,28.0,0.0019400999999987,-0.0053485000000108,76.35,88.0,36.5,1
12946,SO-1301,Constable Dinesh Panchal,Constable,59,2026-07-15 20:51:17+00:00,84.0,88.0,,21.264286,73.2649559,55.38386859099397,-0.885,-0.152,0.411,,0.0,0.0,0.0,,,,,0.0,0.0,31.0,0.0027432999999987,-0.0058768999999898,78.97,88.0,36.5,1
12953,SO-1301,Constable Dinesh Panchal,Constable,59,2026-07-15 20:51:46+00:00,100.0,87.0,,21.2666332,73.2598831,55.81367045293935,0.215,-0.881,0.198,,0.0,0.0,0.0,,,,,0.0,0.0,29.0,0.0023472000000026,-0.0050728000000077,72.74,87.0,36.5,1
12960,SO-1301,Constable Dinesh Panchal,Constable,59,2026-07-15 20:52:17+00:00,98.0,73.0,,21.2691314,73.2543432,55.15575125697261,0.354,-0.998,0.246,,0.0,0.0,0.0,,,,,0.0,0.0,31.0,0.002498199999998,-0.0055399000000022,73.95,73.0,36.5,1
12967,SO-1301,Constable Dinesh Panchal,Constable,59,2026-07-15 20:52:46+00:00,92.0,88.0,,21.2715562,73.2492636,55.45891181272553,0.277,-0.818,0.389,,0.0,0.0,0.0,,,,,0.0,0.0,29.0,0.0024248,-0.0050795999999877,73.3,88.0,36.5,1
12974,SO-1301,Constable Dinesh Panchal,Constable,59,2026-07-15 20:53:17+00:00,85.0,84.0,,21.274352,73.2430439,52.40000009536743,-0.804,-0.478,-0.271,,0.0,0.0,0.0,,,,,0.0,0.0,31.0,0.0027958000000012,-0.0062197000000026,82.97,84.0,36.5,1
12981,SO-1301,Constable Dinesh Panchal,Constable,59,2026-07-15 20:53:47+00:00,92.0,88.0,,21.2769695,73.2382265,52.40000009536743,-1.004,-0.334,-0.241,,0.0,0.0,0.0,,,,,0.0,0.0,30.0,0.0026174999999994,-0.0048174000000074,69.23,88.0,36.5,1
12988,SO-1301,Constable Dinesh Panchal,Constable,59,2026-07-15 20:54:16+00:00,82.0,88.0,,21.2775115,73.2324948,54.5664478594549,-0.641,-0.684,-0.033,,0.0,0.0,0.0,,,,,0.0,0.0,29.0,0.0005419999999993,-0.0057316999999983,74.0,88.0,36.5,1
12995,SO-1301,Constable Dinesh Panchal,Constable,59,2026-07-15 20:54:46+00:00,98.0,88.0,,21.2804244,73.2276527,51.5,0.207,-0.811,0.395,,0.0,0.0,0.0,,,,,0.0,0.0,30.0,0.0029129000000018,-0.0048421000000047,71.55,88.0,36.5,1
13002,SO-1301,Constable Dinesh Panchal,Constable,59,2026-07-15 20:55:16+00:00,82.0,79.0,,21.2842046,73.2229252,54.63676332926788,-0.855,-0.476,-0.339,,0.0,0.0,0.0,,,,,0.0,0.0,30.0,0.0037801999999977,-0.0047274999999871,77.33,79.0,36.5,1
13009,SO-1301,Constable Dinesh Panchal,Constable,59,2026-07-15 20:55:46+00:00,86.0,87.0,,21.2883916,73.2178647,59.400002328082465,-1.103,0.101,-0.004,,0.0,0.0,0.0,,,,,0.0,0.0,30.0,0.0041870000000017,-0.005060499999999,84.01,87.0,36.5,1
13019,SO-1301,Constable Dinesh Panchal,Constable,59,2026-07-15 20:56:16+00:00,93.0,88.0,,21.2918305,73.2124785,62.97179516903387,0.16,-0.821,0.35,,0.0,0.0,0.0,,,,,0.0,0.0,30.0,0.003438899999999,-0.0053862000000037,81.06,88.0,36.5,1
13023,SO-1301,Constable Dinesh Panchal,Constable,59,2026-07-15 20:56:46+00:00,95.0,86.0,,21.294187,73.2068466,71.46279252186204,0.233,-1.025,0.271,,0.0,0.0,0.0,,,,,0.0,0.0,30.0,0.0023565000000012,-0.0056318999999973,76.65,86.0,36.5,1
13030,SO-1301,Constable Dinesh Panchal,Constable,59,2026-07-15 20:57:17+00:00,88.0,83.0,,21.2965086,73.2007307,72.09185213318986,0.37,-0.92,0.073,,0.0,0.0,0.0,,,,,0.0,0.0,31.0,0.0023215999999983,-0.0061159000000117,79.35,83.0,36.5,1
13037,SO-1301,Constable Dinesh Panchal,Constable,59,2026-07-15 20:57:46+00:00,96.0,87.0,,21.2988267,73.1948834,65.45487469389087,0.239,-0.822,0.109,,0.0,0.0,0.0,,,,,0.0,0.0,29.0,0.0023181000000001,-0.0058472999999992,81.61,87.0,36.5,1
13044,SO-1301,Constable Dinesh Panchal,Constable,59,2026-07-15 20:58:16+00:00,92.0,88.0,,21.3011489,73.1884042,59.1302743568352,0.23,-0.996,0.279,,0.0,0.0,0.0,,,,,0.0,0.0,30.0,0.0023222000000018,-0.0064792000000011,86.19,88.0,36.5,1
13050,SO-1301,Constable Dinesh Panchal,Constable,59,2026-07-15 20:58:46+00:00,93.0,85.0,,21.3025199,73.1835679,56.07966813796709,-0.277,-0.59,0.229,,0.0,0.0,0.0,,,,,0.0,0.0,30.0,0.0013709999999989,-0.0048362999999937,62.76,85.0,36.5,1
13056,SO-1301,Constable Dinesh Panchal,Constable,59,2026-07-15 20:59:16+00:00,91.0,88.0,,21.3030507,73.1814728,56.06628603448988,0.296,-0.827,0.183,,0.0,0.0,0.0,,,,,0.0,0.0,30.0,0.0005307999999999,-0.0020951000000053,26.96,88.0,36.5,1
13064,SO-1301,Constable Dinesh Panchal,Constable,59,2026-07-15 20:59:46+00:00,93.0,87.0,,21.3049183,73.1758319,63.00838554171099,0.24,-0.925,0.241,,0.0,0.0,0.0,,,,,0.0,0.0,30.0,0.0018676000000006,-0.0056408999999888,74.32,87.0,36.5,1
13071,SO-1301,Constable Dinesh Panchal,Constable,59,2026-07-15 21:00:17+00:00,92.0,88.0,,21.3067178,73.1701727,66.65522822795688,0.314,-1.042,0.136,,0.0,0.0,0.0,,,,,0.0,0.0,31.0,0.0017995000000006,-0.0056592000000108,71.85,88.0,36.5,1
13078,SO-1301,Constable Dinesh Panchal,Constable,59,2026-07-15 21:00:47+00:00,81.0,86.0,,21.3082926,73.1646904,59.89448600544253,-0.752,0.025,0.434,,0.0,0.0,0.0,,,,,0.0,0.0,30.0,0.0015748000000002,-0.005482299999997,71.23,86.0,36.5,1
13083,SO-1301,Constable Dinesh Panchal,Constable,59,2026-07-15 21:01:17+00:00,100.0,88.0,,21.3091937,73.1605559,52.40000009536743,-0.865,-0.151,0.435,,0.0,0.0,0.0,,,,,0.0,0.0,30.0,0.0009011,-0.0041344999999921,52.72,88.0,36.5,1
13090,SO-1301,Constable Dinesh Panchal,Constable,59,2026-07-15 21:01:47+00:00,97.0,88.0,,21.3098743,73.1576072,51.5,-0.904,0.274,0.353,,0.0,0.0,0.0,,,,,0.0,0.0,30.0,0.000680599999999,-0.0029487000000045,37.72,88.0,36.5,1
13096,SO-1301,Constable Dinesh Panchal,Constable,59,2026-07-15 21:02:16+00:00,100.0,88.0,,21.3072748,73.1550031,51.5,-0.756,-0.041,0.47,,0.0,0.0,0.0,,,,,0.0,0.0,29.0,-0.0025995000000023,-0.0026040999999992,49.01,88.0,36.5,1
13102,SO-1301,Constable Dinesh Panchal,Constable,59,2026-07-15 21:02:46+00:00,98.0,87.0,,21.3057145,73.1502151,51.5,-0.352,-0.015,0.416,,0.0,0.0,0.0,,,,,0.0,0.0,30.0,-0.0015602999999977,-0.0047880000000048,62.98,87.0,36.5,1
13108,SO-1301,Constable Dinesh Panchal,Constable,59,2026-07-15 21:03:16+00:00,90.0,88.0,,21.3049833,73.1449304,58.81699645604361,-0.957,-0.207,0.252,,0.0,0.0,0.0,,,,,0.0,0.0,30.0,-0.0007312000000005,-0.00528469999999,66.33,88.0,36.5,1
13114,SO-1301,Constable Dinesh Panchal,Constable,59,2026-07-15 21:03:46+00:00,85.0,87.0,,21.3039868,73.1383214,53.59398222686626,0.309,-0.985,0.217,,0.0,0.0,0.0,,,,,0.0,0.0,30.0,-0.0009964999999994,-0.0066090000000116,83.12,87.0,36.5,1
13120,SO-1301,Constable Dinesh Panchal,Constable,59,2026-07-15 21:04:16+00:00,96.0,88.0,,21.3018356,73.1328778,46.00592306174545,0.217,-0.937,-0.021,,0.0,0.0,0.0,,,,,0.0,0.0,30.0,-0.0021512000000001,-0.0054435999999924,73.41,88.0,36.5,1
13126,SO-1301,Constable Dinesh Panchal,Constable,59,2026-07-15 21:04:46+00:00,92.0,88.0,,21.2990245,73.1275064,43.63723331691274,0.005,-0.77,0.644,,0.0,0.0,0.0,,,,,0.0,0.0,30.0,-0.0028110999999988,-0.0053714000000013,76.48,88.0,36.5,1
13131,SO-1301,Constable Dinesh Panchal,Constable,59,2026-07-15 21:05:16+00:00,97.0,88.0,,21.2956514,73.1225846,38.551287156303175,0.351,-1.01,-0.113,,0.0,0.0,0.0,,,,,0.0,0.0,30.0,-0.003373100000001,-0.0049218000000053,75.85,88.0,36.5,1
13137,SO-1301,Constable Dinesh Panchal,Constable,59,2026-07-15 21:05:47+00:00,93.0,87.0,,21.2921645,73.1171868,38.62618964457779,0.263,-0.859,-0.145,,0.0,0.0,0.0,,,,,0.0,0.0,31.0,-0.0034869000000021,-0.0053977999999972,78.91,87.0,36.5,1
13144,SO-1301,Constable Dinesh Panchal,Constable,59,2026-07-15 21:06:16+00:00,96.0,88.0,,21.288076,73.1138831,35.11904368490714,-0.665,0.188,0.44,,0.0,0.0,0.0,,,,,0.0,0.0,29.0,-0.0040884999999981,-0.0033037000000035,70.53,88.0,36.5,1
13150,SO-1301,Constable Dinesh Panchal,Constable,59,2026-07-15 21:06:46+00:00,100.0,87.0,,21.2857853,73.1094001,37.559591129948345,-0.724,-0.158,0.359,,0.0,0.0,0.0,,,,,0.0,0.0,30.0,-0.0022906999999996,-0.0044829999999933,63.48,87.0,36.5,1
13156,SO-1301,Constable Dinesh Panchal,Constable,59,2026-07-15 21:07:16+00:00,94.0,88.0,,21.2857334,73.1050043,34.246690396478456,-0.925,-0.046,0.307,,0.0,0.0,0.0,,,,,0.0,0.0,30.0,-5.189999999899442e-05,-0.0043957999999975,54.58,88.0,36.5,1
13162,SO-1301,Constable Dinesh Panchal,Constable,59,2026-07-15 21:07:48+00:00,81.0,88.0,,21.2869615,73.0995527,38.460284143232286,-0.252,0.264,0.933,,0.0,0.0,0.0,,,,,0.0,0.0,32.0,0.0012280999999987,-0.0054516000000006,65.28,88.0,36.5,1
13168,SO-1301,Constable Dinesh Panchal,Constable,59,2026-07-15 21:08:17+00:00,98.0,88.0,,21.2876023,73.0964735,34.85755447233798,-0.786,0.08,0.773,,0.0,0.0,0.0,,,,,0.0,0.0,29.0,0.0006407999999993,-0.0030792000000019,40.52,88.0,36.5,1
13174,SO-1301,Constable Dinesh Panchal,Constable,59,2026-07-15 21:08:50+00:00,96.0,87.0,,21.2888404,73.0927287,33.02456904450197,-0.942,0.245,-0.133,,0.0,0.0,0.0,,,,,0.0,0.0,33.0,0.0012381000000019,-0.0037448000000068,44.85,87.0,36.5,1
13179,SO-1301,Constable Dinesh Panchal,Constable,59,2026-07-15 21:09:20+00:00,93.0,87.0,,21.2887183,73.0941706,37.97798272209111,-0.894,0.238,0.864,,0.0,0.0,0.0,,,,,0.0,0.0,30.0,-0.0001221000000022,0.0014419000000032,17.98,87.0,36.5,1
13185,SO-1301,Constable Dinesh Panchal,Constable,59,2026-07-15 21:09:46+00:00,89.0,85.0,,21.290485,73.0880506,37.21661946240051,-0.885,-0.01,0.309,,0.0,0.0,0.0,,,,,0.0,0.0,26.0,0.001766700000001,-0.0061199999999956,91.78,85.0,36.5,1
13192,SO-1301,Constable Dinesh Panchal,Constable,59,2026-07-15 21:10:17+00:00,96.0,88.0,,21.2899049,73.0862053,19.06460653734888,-0.617,0.236,0.772,,0.0,0.0,0.0,,,,,0.0,0.0,31.0,-0.0005801000000005,-0.0018452999999993,23.4,88.0,36.5,1
13198,SO-1301,Constable Dinesh Panchal,Constable,59,2026-07-15 21:10:47+00:00,91.0,87.0,,21.2868149,73.0856934,16.898484939954145,-0.711,-0.092,0.69,,0.0,0.0,0.0,,,,,0.0,0.0,30.0,-0.0030900000000002,-0.0005119000000064,41.65,87.0,36.5,1
13204,SO-1301,Constable Dinesh Panchal,Constable,59,2026-07-15 21:11:16+00:00,97.0,87.0,,21.2838474,73.0845229,25.02757570384516,-1.158,0.017,0.296,,0.0,0.0,0.0,,,,,0.0,0.0,29.0,-0.0029675000000004,-0.0011705000000006,43.57,87.0,36.5,1
13210,SO-1301,Constable Dinesh Panchal,Constable,59,2026-07-15 21:11:49+00:00,95.0,88.0,,21.2784366,73.0834543,23.651685960302416,-0.392,0.223,0.943,,0.0,0.0,0.0,,,,,0.0,0.0,33.0,-0.0054107999999999,-0.0010685999999964,66.62,88.0,36.5,1
13215,SO-1301,Constable Dinesh Panchal,Constable,59,2026-07-15 21:12:20+00:00,100.0,88.0,,21.2789289,73.0805557,22.72155656217228,-0.422,0.003,0.751,,0.0,0.0,0.0,,,,,0.0,0.0,31.0,0.0004923000000012,-0.0028985999999946,35.4,88.0,36.5,1
13222,SO-1301,Constable Dinesh Panchal,Constable,59,2026-07-15 21:12:49+00:00,93.0,88.0,,21.273354,73.0830215,23.77253174155277,-0.529,-0.098,0.783,,0.0,0.0,0.0,,,,,0.0,0.0,29.0,-0.0055748999999991,0.0024657999999959,83.09,88.0,36.5,1
13228,SO-1301,Constable Dinesh Panchal,Constable,59,2026-07-15 21:13:20+00:00,86.0,86.0,,21.2730422,73.079449,23.132233759819783,-0.739,0.075,0.425,,0.0,0.0,0.0,,,,,0.0,0.0,31.0,-0.0003118000000021,-0.0035725000000041,43.11,86.0,36.5,1
13234,SO-1301,Constable Dinesh Panchal,Constable,59,2026-07-15 21:13:47+00:00,91.0,88.0,,21.2701892,73.0755262,22.17487968498564,0.441,-0.807,-0.126,,0.0,0.0,0.0,,,,,0.0,0.0,27.0,-0.0028529999999982,-0.003922799999998,68.64,88.0,36.5,1
13239,SO-1301,Constable Dinesh Panchal,Constable,59,2026-07-15 21:14:20+00:00,91.0,88.0,,21.2701892,73.0755262,21.05964094627585,0.382,-0.957,0.144,,0.0,0.0,0.0,,,,,0.0,0.0,33.0,0.0,0.0,0.0,88.0,36.5,2
13246,SO-1301,Constable Dinesh Panchal,Constable,59,2026-07-15 21:14:48+00:00,94.0,88.0,,21.2674568,73.0698309,17.460212803881547,0.415,-1.012,-0.323,,0.0,0.0,0.0,,,,,0.0,0.0,28.0,-0.0027323999999993,-0.0056952999999992,85.21,88.0,36.5,1
13253,SO-1301,Constable Dinesh Panchal,Constable,59,2026-07-15 21:15:20+00:00,98.0,88.0,,21.2648779,73.0632172,20.451248135230955,0.312,-0.939,0.32,,0.0,0.0,0.0,,,,,0.0,0.0,32.0,-0.0025789000000031,-0.0066137000000026,83.45,88.0,36.5,1
13258,SO-1301,Constable Dinesh Panchal,Constable,59,2026-07-15 21:15:50+00:00,91.0,88.0,,21.2662071,73.0621105,19.625149111450497,0.1,-0.965,0.062,,0.0,0.0,0.0,,,,,0.0,0.0,30.0,0.0013292000000006,-0.001106699999994,22.41,88.0,36.5,1
13264,SO-1301,Constable Dinesh Panchal,Constable,59,2026-07-15 21:16:20+00:00,89.0,87.0,,21.2683148,73.0650618,20.448677097698692,-0.567,0.107,0.669,,0.0,0.0,0.0,,,,,0.0,0.0,30.0,0.0021076999999998,0.0029512999999923,46.16,87.0,36.5,1
13271,SO-1301,Constable Dinesh Panchal,Constable,59,2026-07-15 21:16:49+00:00,90.0,85.0,,21.2641878,73.0591226,19.73296973461136,-0.535,-0.055,0.632,,0.0,0.0,0.0,,,,,0.0,0.0,29.0,-0.0041270000000004,-0.0059392000000002,95.15,85.0,36.5,1
13278,SO-1301,Constable Dinesh Panchal,Constable,59,2026-07-15 21:17:18+00:00,94.0,88.0,,21.2649425,73.0551605,19.475409294331712,-1.001,0.089,0.407,,0.0,0.0,0.0,,,,,0.0,0.0,29.0,0.0007547000000016,-0.0039620999999954,51.94,88.0,36.5,1
13285,SO-1301,Constable Dinesh Panchal,Constable,59,2026-07-15 21:17:49+00:00,94.0,87.0,,21.2667732,73.0530506,18.007148018970383,0.434,-0.715,0.782,,0.0,0.0,0.0,,,,,0.0,0.0,31.0,0.0018306999999992,-0.0021098999999935,34.63,87.0,36.5,1
13292,SO-1301,Constable Dinesh Panchal,Constable,59,2026-07-15 21:18:17+00:00,92.0,88.0,,21.2675216,73.051693,18.38191031524947,-0.96,0.161,0.169,,0.0,0.0,0.0,,,,,0.0,0.0,28.0,0.000748399999999,-0.0013576000000057,20.98,88.0,36.5,1
13298,SO-1301,Constable Dinesh Panchal,Constable,59,2026-07-15 21:18:47+00:00,99.0,88.0,,21.2673355,73.049967,16.693566267588906,-0.479,0.119,0.802,,0.0,0.0,0.0,,,,,0.0,0.0,30.0,-0.0001860999999969,-0.001726000000005,21.57,88.0,36.5,1
13303,SO-1301,Constable Dinesh Panchal,Constable,59,2026-07-15 21:19:17+00:00,89.0,88.0,,21.267599,73.0477061,18.971827629315214,-0.647,-0.093,0.914,,0.0,0.0,0.0,,,,,0.0,0.0,30.0,0.000263499999999,-0.002260899999996,28.29,88.0,36.5,1
13308,SO-1301,Constable Dinesh Panchal,Constable,59,2026-07-15 21:19:47+00:00,84.0,88.0,,21.2671401,73.0441517,21.20906077173116,-0.601,0.095,1.022,,0.0,0.0,0.0,,,,,0.0,0.0,30.0,-0.0004589000000017,-0.0035543999999987,44.55,88.0,36.5,1
13313,SO-1301,Constable Dinesh Panchal,Constable,59,2026-07-15 21:20:17+00:00,81.0,88.0,,21.2676234,73.0393863,17.68526327403184,-0.664,-0.255,0.373,,0.0,0.0,0.0,,,,,0.0,0.0,30.0,0.0004833000000026,-0.0047653999999965,59.52,88.0,36.5,1
13318,SO-1301,Constable Dinesh Panchal,Constable,59,2026-07-15 21:20:46+00:00,88.0,88.0,,21.2680545,73.035805,16.695648208554545,-0.7,-0.152,0.814,,0.0,0.0,0.0,,,,,0.0,0.0,29.0,0.0004311000000001,-0.0035813000000075,46.38,88.0,36.5,1
13323,SO-1301,Constable Dinesh Panchal,Constable,59,2026-07-15 21:21:16+00:00,89.0,88.0,,21.2668464,73.0327022,18.373323858227938,0.215,-0.981,0.05,,0.0,0.0,0.0,,,,,0.0,0.0,30.0,-0.001208100000003,-0.0031027999999935,41.75,88.0,36.5,1
13328,SO-1301,Constable Dinesh Panchal,Constable,59,2026-07-15 21:21:49+00:00,91.0,88.0,,21.2647658,73.0253025,20.174415358478072,0.127,-1.333,-0.33,,0.0,0.0,0.0,,,,,0.0,0.0,33.0,-0.0020805999999993,-0.0073997000000076,87.24,88.0,36.5,1
13333,SO-1301,Constable Dinesh Panchal,Constable,59,2026-07-15 21:22:16+00:00,87.0,88.0,,21.2642772,73.0193684,18.854050309688603,0.15,-1.03,0.131,,0.0,0.0,0.0,,,,,0.0,0.0,27.0,-0.0004886000000006,-0.0059340999999903,82.18,88.0,36.5,1
13338,SO-1301,Constable Dinesh Panchal,Constable,59,2026-07-15 21:22:50+00:00,90.0,88.0,,21.2642772,73.0193684,13.74619661014576,0.084,-1.035,-0.145,,0.0,0.0,0.0,,,,,0.0,0.0,34.0,0.0,0.0,0.0,88.0,36.5,0
13343,SO-1301,Constable Dinesh Panchal,Constable,59,2026-07-15 21:23:17+00:00,91.0,88.0,,21.2655678,73.0118542,16.76893839604925,0.32,-1.052,0.107,,0.0,0.0,0.0,,,,,0.0,0.0,27.0,0.0012906000000008,-0.0075142000000028,105.41,88.0,36.5,1
13348,SO-1301,Constable Dinesh Panchal,Constable,59,2026-07-15 21:23:46+00:00,96.0,88.0,,21.266186,73.0089854,16.739239434981343,0.078,-1.079,0.035,,0.0,0.0,0.0,,,,,0.0,0.0,29.0,0.0006182000000016,-0.0028688000000016,37.82,88.0,36.5,1
13353,SO-1301,Constable Dinesh Panchal,Constable,59,2026-07-15 21:24:20+00:00,97.0,88.0,,21.2676386,73.006028,18.20718391828224,0.239,-1.074,0.219,,0.0,0.0,0.0,,,,,0.0,0.0,34.0,0.0014526000000003,-0.0029573999999996,36.62,88.0,36.5,1
13358,SO-1301,Constable Dinesh Panchal,Constable,59,2026-07-15 21:24:49+00:00,91.0,88.0,,21.2684877,72.9985126,15.50392565557702,0.056,-1.177,0.079,,0.0,0.0,0.0,,,,,0.0,0.0,29.0,0.0008490999999999,-0.0075154000000026,97.24,88.0,36.5,1
13362,SO-1301,Constable Dinesh Panchal,Constable,59,2026-07-15 21:25:18+00:00,85.0,84.0,,21.2702988,72.9937204,15.40763110737042,-0.417,0.039,0.657,,0.0,0.0,0.0,,,,,0.0,0.0,29.0,0.0018110999999976,-0.0047921999999971,66.42,84.0,36.5,1
13368,SO-1301,Constable Dinesh Panchal,Constable,59,2026-07-15 21:25:48+00:00,81.0,88.0,,21.2721598,72.9900394,12.542084836577445,-0.862,-0.064,0.397,,0.0,0.0,0.0,,,,,0.0,0.0,30.0,0.0018610000000016,-0.0036810000000002,51.99,88.0,36.5,1
13373,SO-1301,Constable Dinesh Panchal,Constable,59,2026-07-15 21:26:17+00:00,100.0,88.0,,21.2740408,72.9865977,12.578413343760388,-0.77,0.045,0.502,,0.0,0.0,0.0,,,,,0.0,0.0,29.0,0.0018810000000009,-0.0034416999999962,51.24,88.0,36.5,1
13378,SO-1301,Constable Dinesh Panchal,Constable,59,2026-07-15 21:26:46+00:00,97.0,88.0,,21.2750321,72.9851985,15.613785162520829,-0.67,0.008,0.392,,0.0,0.0,0.0,,,,,0.0,0.0,29.0,0.000991299999999,-0.0013992000000087,22.57,88.0,36.5,1
13383,SO-1301,Constable Dinesh Panchal,Constable,59,2026-07-15 21:27:19+00:00,94.0,88.0,,21.2771183,72.9812294,17.591932152744064,-0.936,-0.059,0.398,,0.0,0.0,0.0,,,,,0.0,0.0,33.0,0.0020862000000008,-0.0039690999999919,51.43,88.0,36.5,1
13388,SO-1301,Constable Dinesh Panchal,Constable,59,2026-07-15 21:27:48+00:00,99.0,71.0,,21.2797751,72.9780417,15.952364736121028,-0.712,0.031,0.668,,0.0,0.0,0.0,,,,,0.0,0.0,29.0,0.0026567999999969,-0.003187699999998,54.92,71.0,36.5,1
13392,SO-1301,Constable Dinesh Panchal,Constable,59,2026-07-15 21:28:18+00:00,85.0,88.0,,21.2823636,72.9756101,12.85262540235138,-1.021,-0.068,0.402,,0.0,0.0,0.0,,,,,0.0,0.0,30.0,0.0025885000000016,-0.0024316000000084,45.83,88.0,36.5,1
13398,SO-1301,Constable Dinesh Panchal,Constable,59,2026-07-15 21:28:46+00:00,85.0,85.0,,21.283779,72.9743804,26.35638733912039,-1.104,0.35,-0.412,,0.0,0.0,0.0,,,,,0.0,0.0,28.0,0.001415399999999,-0.0012296999999961,25.99,85.0,36.5,1
13403,SO-1301,Constable Dinesh Panchal,Constable,59,2026-07-15 21:29:16+00:00,85.0,86.0,,21.2821384,72.9720966,25.971050006555515,-0.686,-0.158,-0.716,,0.0,0.0,0.0,,,,,0.0,0.0,30.0,-0.0016405999999982,-0.0022838000000007,35.8,86.0,36.5,1
13408,SO-1301,Constable Dinesh Panchal,Constable,59,2026-07-15 21:29:45+00:00,100.0,88.0,,21.2793914,72.9698677,26.0,-0.954,-0.03,-0.431,,0.0,0.0,0.0,,,,,0.0,0.0,29.0,-0.0027469999999993,-0.0022289000000057,47.46,88.0,36.5,1
13413,SO-1301,Constable Dinesh Panchal,Constable,59,2026-07-15 21:30:17+00:00,96.0,84.0,,21.2772785,72.9683585,26.200000762939453,-0.91,-0.06,0.267,,0.0,0.0,0.0,,,,,0.0,0.0,32.0,-0.0021129000000001,-0.0015092000000009,31.7,84.0,36.5,1
13417,SO-1301,Constable Dinesh Panchal,Constable,59,2026-07-15 21:30:46+00:00,99.0,88.0,,21.2758452,72.965893,28.600000381469727,-0.924,-0.032,-0.029,,0.0,0.0,0.0,,,,,0.0,0.0,29.0,-0.0014333000000021,-0.0024654999999995,37.32,88.0,36.5,1
13422,SO-1301,Constable Dinesh Panchal,Constable,59,2026-07-15 21:31:16+00:00,99.0,88.0,,21.2740781,72.9635054,26.299999237060547,-0.588,-0.066,-0.878,,0.0,0.0,0.0,,,,,0.0,0.0,30.0,-0.0017670999999985,-0.0023875999999916,37.85,88.0,36.5,1
13426,SO-1301,Constable Dinesh Panchal,Constable,59,2026-07-15 21:31:45+00:00,100.0,88.0,,21.2721947,72.9617005,26.899999618530273,-0.918,-0.329,-0.077,,0.0,0.0,0.0,,,,,0.0,0.0,29.0,-0.0018834000000005,-0.0018048999999962,34.8,88.0,36.5,1
13431,SO-1301,Constable Dinesh Panchal,Constable,59,2026-07-15 21:32:16+00:00,88.0,88.0,,21.2702255,72.9590372,27.899999618530273,-0.478,-0.128,-0.976,,0.0,0.0,0.0,,,,,0.0,0.0,31.0,-0.0019692000000013,-0.0026633000000089,40.85,88.0,36.5,1
13434,SO-1301,Constable Dinesh Panchal,Constable,59,2026-07-15 21:32:45+00:00,99.0,83.0,,21.269529,72.9581805,26.899999618530273,-0.727,0.071,0.745,,0.0,0.0,0.0,,,,,0.0,0.0,29.0,-0.0006965,-0.0008566999999999,14.6,83.0,36.5,1
13438,SO-1301,Constable Dinesh Panchal,Constable,59,2026-07-15 21:33:15+00:00,97.0,80.0,,21.2694387,72.9581336,28.899999618530273,-0.979,0.116,0.024,,0.0,0.0,0.0,,,,,0.0,0.0,30.0,-9.030000000009863e-05,-4.690000000096006e-05,1.34,80.0,36.5,2
13441,SO-1301,Constable Dinesh Panchal,Constable,59,2026-07-15 21:33:45+00:00,88.0,84.0,,21.2698378,72.9585901,28.299999237060547,-0.555,0.418,0.719,,0.0,0.0,0.0,,,,,0.0,0.0,30.0,0.0003991000000027,0.0004564999999985,7.77,84.0,36.5,1
13445,SO-1301,Constable Dinesh Panchal,Constable,59,2026-07-15 21:34:20+00:00,100.0,88.0,,21.2674019,72.9584212,28.299999237060547,-0.806,0.026,0.675,,0.0,0.0,0.0,,,,,0.0,0.0,35.0,-0.0024359000000018,-0.0001688999999913,27.87,88.0,36.5,1
13448,SO-1301,Constable Dinesh Panchal,Constable,59,2026-07-15 21:34:47+00:00,96.0,89.0,,21.2644589,72.9602072,25.806532656151532,-0.719,0.154,0.723,,0.0,0.0,0.0,,,,,0.0,0.0,27.0,-0.0029429999999983,0.0017859999999956,50.04,89.0,36.5,1
13453,SO-1301,Constable Dinesh Panchal,Constable,59,2026-07-15 21:35:20+00:00,100.0,88.0,,21.2623747,72.9621119,30.83055869094825,-0.583,0.128,0.828,,0.0,0.0,0.0,,,,,0.0,0.0,33.0,-0.0020842000000023,0.0019046999999972,33.15,88.0,36.5,1
13458,SO-1301,Constable Dinesh Panchal,Constable,59,2026-07-15 21:35:48+00:00,88.0,88.0,,21.2539561,72.9648681,40.09386051830229,-0.599,-0.001,0.721,,0.0,0.0,0.0,,,,,0.0,0.0,28.0,-0.0084185999999988,0.0027562000000074,125.62,88.0,36.5,1
13462,SO-1301,Constable Dinesh Panchal,Constable,59,2026-07-15 21:36:16+00:00,89.0,88.0,,21.2495763,72.9669672,32.33075103639662,-0.726,0.063,0.755,,0.0,0.0,0.0,,,,,0.0,0.0,28.0,-0.0043797999999988,0.0020990999999952,68.46,88.0,36.5,1
13466,SO-1301,Constable Dinesh Panchal,Constable,59,2026-07-15 21:36:47+00:00,83.0,88.0,,21.2440437,72.968553,33.20995292703506,-0.627,0.128,0.839,,0.0,0.0,0.0,,,,,0.0,0.0,31.0,-0.0055326000000022,0.0015858000000008,73.82,88.0,36.5,1
13470,SO-1301,Constable Dinesh Panchal,Constable,59,2026-07-15 21:37:20+00:00,83.0,88.0,,21.2440437,72.968553,33.12412211680618,-0.433,0.039,0.72,,0.0,0.0,0.0,,,,,0.0,0.0,33.0,0.0,0.0,0.0,88.0,36.5,0
13474,SO-1301,Constable Dinesh Panchal,Constable,59,2026-07-15 21:37:50+00:00,99.0,88.0,,21.2308893,72.9680171,32.255918359640546,-0.501,0.045,0.635,,0.0,0.0,0.0,,,,,0.0,0.0,30.0,-0.0131543999999976,-0.0005359000000026,175.34,88.0,36.5,1
13478,SO-1301,Constable Dinesh Panchal,Constable,59,2026-07-15 21:38:16+00:00,90.0,87.0,,21.2266028,72.9690234,29.5,-0.896,-0.057,-0.221,,0.0,0.0,0.0,,,,,0.0,0.0,26.0,-0.0042865000000027,0.0010063000000002,67.44,87.0,36.5,1
17681,SO-1301,Constable Dinesh Panchal,Constable,59,2026-07-16 16:11:52+00:00,86.0,82.0,,21.2016041,72.9521496,16.1822509765625,-1.254,0.051,-0.356,,0.0,0.0,0.0,,,,,0.0,0.0,66816.0,-0.0249986999999975,-0.016873799999999,0.0,82.0,36.5,0
17689,SO-1301,Constable Dinesh Panchal,Constable,59,2026-07-16 16:12:22+00:00,91.0,85.0,,21.2028399,72.9519814,16.117116918526975,-0.92,-0.423,0.242,,0.0,0.0,0.0,,,,,0.0,0.0,30.0,0.0012357999999998,-0.0001682000000045,16.59,85.0,36.5,1
17696,SO-1301,Constable Dinesh Panchal,Constable,59,2026-07-16 16:12:51+00:00,86.0,88.0,,21.2043473,72.9512703,17.17923502682889,-0.822,-0.476,0.212,,0.0,0.0,0.0,,,,,0.0,0.0,29.0,0.0015073999999977,-0.0007110999999895,22.69,88.0,36.5,1
20849,SO-1301,Constable Dinesh Panchal,Constable,59,2026-07-17 10:00:13+00:00,86.0,88.0,,21.2787115,72.9537338,27.200000762939453,-0.148,0.437,0.837,,0.0,0.0,0.0,,,,,0.0,0.0,64042.0,0.0743642000000015,0.0024634999999904,0.0,88.0,36.5,0
20852,SO-1301,Constable Dinesh Panchal,Constable,59,2026-07-17 10:00:43+00:00,86.0,77.0,,21.2787184,72.9537187,27.200000762939453,-0.035,0.381,0.88,,0.0,0.0,0.0,,,,,0.0,0.0,30.0,6.899999998921658e-06,-1.5099999998824389e-05,0.21,77.0,36.5,0
20855,SO-1301,Constable Dinesh Panchal,Constable,59,2026-07-17 10:01:13+00:00,96.0,66.0,,21.2787018,72.9537334,27.200000762939453,0.095,0.627,0.328,,0.0,0.0,0.0,,,,,0.0,0.0,30.0,-1.6599999998589965e-05,1.4700000008360805e-05,0.29,66.0,36.5,2
20858,SO-1301,Constable Dinesh Panchal,Constable,59,2026-07-17 10:01:43+00:00,100.0,82.0,,21.2786679,72.9537141,27.200000762939453,-0.697,0.703,-0.14,,0.0,0.0,0.0,,,,,0.0,0.0,30.0,-3.3900000001807484e-05,-1.9300000005273432e-05,0.51,82.0,36.5,2
20861,SO-1301,Constable Dinesh Panchal,Constable,59,2026-07-17 10:02:13+00:00,85.0,85.0,,21.2786945,72.9537293,27.200000762939453,-0.63,0.349,0.487,,0.0,0.0,0.0,,,,,0.0,0.0,30.0,2.66000000017641e-05,1.5200000007098424e-05,0.4,85.0,36.5,0
20877,SO-1301,Constable Dinesh Panchal,Constable,59,2026-07-17 10:02:43+00:00,90.0,87.0,,21.2785679,72.9536695,27.200000762939453,-0.713,0.1,-0.637,,0.0,0.0,0.0,,,,,0.0,0.0,30.0,-0.0001266000000015,-5.9800000002496745e-05,1.84,87.0,36.5,0
20869,SO-1301,Constable Dinesh Panchal,Constable,59,2026-07-17 10:03:13+00:00,86.0,88.0,,21.2785314,72.9536697,27.200000762939453,-0.962,0.31,0.188,,0.0,0.0,0.0,,,,,0.0,0.0,30.0,-3.6500000000216914e-05,2.0000000233721948e-07,0.49,88.0,36.5,0
20868,SO-1301,Constable Dinesh Panchal,Constable,59,2026-07-17 10:03:43+00:00,88.0,82.0,,21.2786691,72.9537027,27.200000762939453,-1.638,-0.073,2.0,,0.0,0.0,0.0,,,,,0.0,0.0,30.0,0.0001376999999997,3.299999998773728e-05,1.88,82.0,36.5,1
20872,SO-1301,Constable Dinesh Panchal,Constable,59,2026-07-17 10:04:13+00:00,88.0,73.0,,21.2787937,72.9537096,27.200000762939453,-0.28,0.294,0.86,,0.0,0.0,0.0,,,,,0.0,0.0,30.0,0.000124600000003,6.900000002474371e-06,1.66,73.0,36.5,1
20875,SO-1301,Constable Dinesh Panchal,Constable,59,2026-07-17 10:04:43+00:00,87.0,69.0,,21.2786196,72.9536413,27.200000762939453,-0.7,-0.417,0.107,,0.0,0.0,0.0,,,,,0.0,0.0,30.0,-0.0001741000000023,-6.829999999524716e-05,2.47,69.0,36.5,1
20879,SO-1301,Constable Dinesh Panchal,Constable,59,2026-07-17 10:05:13+00:00,82.0,76.0,,21.278762,72.9537386,27.200000762939453,-0.406,0.113,1.206,,0.0,0.0,0.0,,,,,0.0,0.0,30.0,0.0001424000000014,9.729999999308347e-05,2.25,76.0,36.5,1
20882,SO-1301,Constable Dinesh Panchal,Constable,59,2026-07-17 10:05:43+00:00,82.0,86.0,,21.2787906,72.9537542,27.200000762939453,-0.712,-0.076,-0.609,,0.0,0.0,0.0,,,,,0.0,0.0,30.0,2.86000000002673e-05,1.5600000011772863e-05,0.43,86.0,36.5,1
20885,SO-1301,Constable Dinesh Panchal,Constable,59,2026-07-17 10:06:13+00:00,83.0,87.0,,21.2788235,72.9537481,29.65643101442676,-0.594,-0.08,0.736,,0.0,0.0,0.0,,,,,0.0,0.0,30.0,3.290000000077953e-05,-6.100000007336348e-06,0.44,87.0,36.5,0
20888,SO-1301,Constable Dinesh Panchal,Constable,59,2026-07-17 10:06:45+00:00,81.0,73.0,,21.2787149,72.9537342,27.200000762939453,-0.88,-0.097,-0.554,,0.0,0.0,0.0,,,,,0.0,0.0,32.0,-0.0001086000000007,-1.3899999999011923e-05,1.37,73.0,36.5,0
20891,SO-1301,Constable Dinesh Panchal,Constable,59,2026-07-17 10:07:13+00:00,87.0,69.0,,21.2787049,72.9537255,27.200000762939453,-0.437,0.682,0.52,,0.0,0.0,0.0,,,,,0.0,0.0,28.0,-9.999999999621425e-06,-8.699999995087637e-06,0.18,69.0,36.5,0
20894,SO-1301,Constable Dinesh Panchal,Constable,59,2026-07-17 10:07:43+00:00,87.0,76.0,,21.2787525,72.9537398,27.200000762939453,-0.423,0.671,0.553,,0.0,0.0,0.0,,,,,0.0,0.0,30.0,4.759999999848219e-05,1.429999998947551e-05,0.66,76.0,36.5,0
20897,SO-1301,Constable Dinesh Panchal,Constable,59,2026-07-17 10:08:13+00:00,87.0,56.0,,21.2787108,72.9537181,27.200000762939453,-0.448,0.647,0.553,,0.0,0.0,0.0,,,,,0.0,0.0,30.0,-4.170000000058849e-05,-2.1699999990687505e-05,0.62,56.0,36.5,0
20900,SO-1301,Constable Dinesh Panchal,Constable,59,2026-07-17 10:08:43+00:00,84.0,88.0,,21.2787444,72.9537307,27.200000762939453,-0.871,-0.247,-0.419,,0.0,0.0,0.0,,,,,0.0,0.0,30.0,3.360000000185437e-05,1.2599999990925426e-05,0.47,88.0,36.5,0
20903,SO-1301,Constable Dinesh Panchal,Constable,59,2026-07-17 10:09:13+00:00,97.0,82.0,,21.278678,72.95373,27.200000762939453,-1.447,-0.325,0.516,,0.0,0.0,0.0,,,,,0.0,0.0,30.0,-6.640000000146529e-05,-7.000000010748408e-07,0.88,82.0,36.5,2
20906,SO-1301,Constable Dinesh Panchal,Constable,59,2026-07-17 10:09:43+00:00,84.0,85.0,,21.278331,72.953655,27.200000762939453,-0.891,-0.122,0.332,,0.0,0.0,0.0,,,,,0.0,0.0,30.0,-0.0003469999999978,-7.499999999538431e-05,4.71,85.0,36.5,1
20909,SO-1301,Constable Dinesh Panchal,Constable,59,2026-07-17 10:10:13+00:00,89.0,83.0,,21.278295,72.9533304,27.0,-0.355,-0.282,0.779,,0.0,0.0,0.0,,,,,0.0,0.0,30.0,-3.600000000147929e-05,-0.000324599999999,4.06,83.0,36.5,0
20912,SO-1301,Constable Dinesh Panchal,Constable,59,2026-07-17 10:10:43+00:00,90.0,83.0,,21.2782183,72.9524448,27.399999618530273,-0.637,0.475,0.723,,0.0,0.0,0.0,,,,,0.0,0.0,30.0,-7.670000000103983e-05,-0.0008856000000037,11.04,83.0,36.5,1
20915,SO-1301,Constable Dinesh Panchal,Constable,59,2026-07-17 10:11:13+00:00,86.0,76.0,,21.2783057,72.9524129,27.399999618530273,0.695,0.2,0.868,,0.0,0.0,0.0,,,,,0.0,0.0,30.0,8.740000000173609e-05,-3.189999999619886e-05,1.23,76.0,36.5,0
20918,SO-1301,Constable Dinesh Panchal,Constable,59,2026-07-17 10:11:44+00:00,96.0,88.0,,21.2801839,72.9514941,27.0,-0.526,0.321,0.745,,0.0,0.0,0.0,,,,,0.0,0.0,31.0,0.0018782000000001,-0.0009187999999937,26.61,88.0,36.5,1
20921,SO-1301,Constable Dinesh Panchal,Constable,59,2026-07-17 10:12:13+00:00,89.0,87.0,,21.2806209,72.9532253,27.399999618530273,-0.006,0.174,0.903,,0.0,0.0,0.0,,,,,0.0,0.0,29.0,0.000436999999998,0.0017311999999947,23.04,87.0,36.5,1
20924,SO-1301,Constable Dinesh Panchal,Constable,59,2026-07-17 10:12:43+00:00,88.0,86.0,,21.2804259,72.9556329,25.113742768955746,-0.698,0.17,0.673,,0.0,0.0,0.0,,,,,0.0,0.0,30.0,-0.0001949999999979,0.0024075999999979,30.01,86.0,36.5,1
20927,SO-1301,Constable Dinesh Panchal,Constable,59,2026-07-17 10:13:13+00:00,87.0,87.0,,21.2808009,72.9570195,25.0,-0.517,0.207,0.723,,0.0,0.0,0.0,,,,,0.0,0.0,30.0,0.0003749999999982,0.0013866000000035,17.93,87.0,36.5,1
20931,SO-1301,Constable Dinesh Panchal,Constable,59,2026-07-17 10:13:42+00:00,91.0,77.0,,21.2808299,72.9570133,25.0,0.449,0.921,-0.16,,0.0,0.0,0.0,,,,,0.0,0.0,29.0,2.9000000001389022e-05,-6.2000000013995304e-06,0.41,77.0,36.5,2
20935,SO-1301,Constable Dinesh Panchal,Constable,59,2026-07-17 10:14:12+00:00,91.0,52.0,,21.2808092,72.9572647,24.899999618530273,-0.284,0.84,-0.032,,0.0,0.0,0.0,,,,,0.0,0.0,30.0,-2.0700000000317686e-05,0.0002513999999962,3.13,52.0,36.5,2
20939,SO-1301,Constable Dinesh Panchal,Constable,59,2026-07-17 10:14:42+00:00,84.0,83.0,,21.2807633,72.9572191,26.65121150499374,-0.624,0.008,0.723,,0.0,0.0,0.0,,,,,0.0,0.0,30.0,-4.5899999999932106e-05,-4.559999999287356e-05,0.83,83.0,36.5,0
20943,SO-1301,Constable Dinesh Panchal,Constable,59,2026-07-17 10:15:12+00:00,84.0,60.0,,21.2807913,72.9570192,25.0,-0.186,0.727,-0.039,,0.0,0.0,0.0,,,,,0.0,0.0,30.0,2.800000000036107e-05,-0.0001998999999983,2.51,60.0,36.5,0
20946,SO-1301,Constable Dinesh Panchal,Constable,59,2026-07-17 10:15:42+00:00,84.0,84.0,,21.2807913,72.9570192,25.0,-0.244,1.0,0.093,,0.0,0.0,0.0,,,,,0.0,0.0,30.0,0.0,0.0,0.0,84.0,36.5,0
20949,SO-1301,Constable Dinesh Panchal,Constable,59,2026-07-17 10:16:17+00:00,85.0,84.0,,21.2807913,72.9570192,25.0,-0.754,0.527,0.282,,0.0,0.0,0.0,,,,,0.0,0.0,35.0,0.0,0.0,0.0,84.0,36.5,0
20952,SO-1301,Constable Dinesh Panchal,Constable,59,2026-07-17 10:16:42+00:00,90.0,80.0,,21.2804753,72.9568426,25.0,-0.376,0.517,0.716,,0.0,0.0,0.0,,,,,0.0,0.0,25.0,-0.0003160000000015,-0.0001766000000031,5.7,80.0,36.5,1
20956,SO-1301,Constable Dinesh Panchal,Constable,59,2026-07-17 10:17:12+00:00,81.0,81.0,,21.2804753,72.9568426,25.0,-0.396,0.504,0.723,,0.0,0.0,0.0,,,,,0.0,0.0,30.0,0.0,0.0,0.0,81.0,36.5,0
20967,SO-1301,Constable Dinesh Panchal,Constable,59,2026-07-17 10:17:42+00:00,81.0,85.0,,21.2804459,72.9569723,25.0,-0.794,-0.019,0.539,,0.0,0.0,0.0,,,,,0.0,0.0,30.0,-2.9399999998958037e-05,0.0001297000000022,1.66,85.0,36.5,0
20964,SO-1301,Constable Dinesh Panchal,Constable,59,2026-07-17 10:18:12+00:00,86.0,60.0,,21.2804474,72.9569472,25.0,-0.787,-0.023,0.552,,0.0,0.0,0.0,,,,,0.0,0.0,30.0,1.4999999997655775e-06,-2.5100000001998524e-05,0.31,60.0,36.5,0
20972,SO-1301,Constable Dinesh Panchal,Constable,59,2026-07-17 10:18:47+00:00,89.0,68.0,,21.2804474,72.9569472,25.0,-0.778,-0.04,0.558,,0.0,0.0,0.0,,,,,0.0,0.0,35.0,0.0,0.0,0.0,68.0,36.5,0
20968,SO-1301,Constable Dinesh Panchal,Constable,59,2026-07-17 10:19:17+00:00,87.0,86.0,,21.2777509,72.9643264,25.0,-0.969,-0.036,-0.353,,0.0,0.0,0.0,,,,,0.0,0.0,30.0,-0.0026964999999989,0.0073792000000025,98.41,86.0,36.5,1
20971,SO-1301,Constable Dinesh Panchal,Constable,59,2026-07-17 10:19:42+00:00,86.0,80.0,,21.2804457,72.9569905,25.0,-0.927,-0.007,-0.334,,0.0,0.0,0.0,,,,,0.0,0.0,25.0,0.0026948000000004,-0.007335900000001,117.48,80.0,36.5,1
20975,SO-1301,Constable Dinesh Panchal,Constable,59,2026-07-17 10:20:18+00:00,87.0,81.0,,21.2804457,72.9569905,25.0,-1.034,-0.15,-0.105,,0.0,0.0,0.0,,,,,0.0,0.0,36.0,0.0,0.0,0.0,81.0,36.5,0
20978,SO-1301,Constable Dinesh Panchal,Constable,59,2026-07-17 10:20:42+00:00,90.0,87.0,,21.2805154,72.956846,25.0,-0.936,-0.025,-0.424,,0.0,0.0,0.0,,,,,0.0,0.0,24.0,6.969999999739684e-05,-0.0001445000000046,2.53,87.0,36.5,0
20981,SO-1301,Constable Dinesh Panchal,Constable,59,2026-07-17 10:21:12+00:00,100.0,87.0,,21.2805154,72.956846,25.0,-0.847,0.21,0.367,,0.0,0.0,0.0,,,,,0.0,0.0,30.0,0.0,0.0,0.0,87.0,36.5,2
20986,SO-1301,Constable Dinesh Panchal,Constable,59,2026-07-17 10:21:47+00:00,84.0,81.0,,21.2805154,72.956846,25.0,-0.252,0.904,0.28,,0.0,0.0,0.0,,,,,0.0,0.0,35.0,0.0,0.0,0.0,81.0,36.5,0
20988,SO-1301,Constable Dinesh Panchal,Constable,59,2026-07-17 10:22:17+00:00,86.0,80.0,,21.2805154,72.956846,25.0,-0.26,0.867,0.371,,0.0,0.0,0.0,,,,,0.0,0.0,30.0,0.0,0.0,0.0,80.0,36.5,0
20992,SO-1301,Constable Dinesh Panchal,Constable,59,2026-07-17 10:22:42+00:00,82.0,77.0,,21.2803594,72.9570761,25.0,-0.239,0.852,0.365,,0.0,0.0,0.0,,,,,0.0,0.0,25.0,-0.0001560000000004,0.000230099999996,4.24,77.0,36.5,0
20996,SO-1301,Constable Dinesh Panchal,Constable,59,2026-07-17 10:23:17+00:00,86.0,88.0,,21.2803594,72.9570761,25.0,-0.318,0.845,0.37,,0.0,0.0,0.0,,,,,0.0,0.0,35.0,0.0,0.0,0.0,88.0,36.5,0
21000,SO-1301,Constable Dinesh Panchal,Constable,59,2026-07-17 10:23:43+00:00,92.0,87.0,,21.2806359,72.9568904,25.0,-0.343,0.841,0.338,,0.0,0.0,0.0,,,,,0.0,0.0,26.0,0.0002765000000017,-0.0001856999999887,5.01,87.0,36.5,1
21004,SO-1301,Constable Dinesh Panchal,Constable,59,2026-07-17 10:24:12+00:00,86.0,81.0,,21.2806939,72.9573425,24.899999618530273,-0.226,0.936,0.171,,0.0,0.0,0.0,,,,,0.0,0.0,29.0,5.799999999922534e-05,0.0004520999999897,5.86,81.0,36.5,1
21008,SO-1301,Constable Dinesh Panchal,Constable,59,2026-07-17 10:24:43+00:00,96.0,84.0,,21.2808412,72.9571238,24.899999618530273,-0.807,-0.038,-0.614,,0.0,0.0,0.0,,,,,0.0,0.0,31.0,0.0001473000000018,-0.0002186999999906,3.24,84.0,36.5,2
21011,SO-1301,Constable Dinesh Panchal,Constable,59,2026-07-17 10:25:12+00:00,99.0,81.0,,21.2806862,72.9571497,25.0,-0.192,0.926,0.123,,0.0,0.0,0.0,,,,,0.0,0.0,29.0,-0.0001549999999994,2.5899999997136547e-05,2.16,81.0,36.5,2
21015,SO-1301,Constable Dinesh Panchal,Constable,59,2026-07-17 10:25:42+00:00,96.0,79.0,,21.280724,72.9573016,24.899999618530273,-0.522,0.899,0.075,,0.0,0.0,0.0,,,,,0.0,0.0,30.0,3.779999999764527e-05,0.0001518999999916,1.95,79.0,36.5,2
21017,SO-1301,Constable Dinesh Panchal,Constable,59,2026-07-17 10:26:12+00:00,96.0,62.0,,21.2808747,72.9570462,25.0,-0.785,1.58,0.386,,0.0,0.0,0.0,,,,,0.0,0.0,30.0,0.0001506999999989,-0.0002554000000003,3.75,62.0,36.5,1
21019,SO-1301,Constable Dinesh Panchal,Constable,59,2026-07-17 10:26:42+00:00,96.0,84.0,,21.2808747,72.9570462,25.0,-0.21,0.959,0.113,,0.0,0.0,0.0,,,,,0.0,0.0,30.0,0.0,0.0,0.0,84.0,36.5,1
21021,SO-1301,Constable Dinesh Panchal,Constable,59,2026-07-17 10:27:17+00:00,85.0,86.0,,21.2808747,72.9570462,25.0,-0.132,0.977,0.062,,0.0,0.0,0.0,,,,,0.0,0.0,35.0,0.0,0.0,0.0,86.0,36.5,1
21023,SO-1301,Constable Dinesh Panchal,Constable,59,2026-07-17 10:27:47+00:00,89.0,75.0,,21.2808747,72.9570462,25.0,-0.184,0.983,0.12,,0.0,0.0,0.0,,,,,0.0,0.0,30.0,0.0,0.0,0.0,75.0,36.5,1
21026,SO-1301,Constable Dinesh Panchal,Constable,59,2026-07-17 10:28:17+00:00,84.0,85.0,,21.2808747,72.9570462,25.0,-0.18,0.991,0.021,,0.0,0.0,0.0,,,,,0.0,0.0,30.0,0.0,0.0,0.0,85.0,36.5,1
21028,SO-1301,Constable Dinesh Panchal,Constable,59,2026-07-17 10:28:44+00:00,81.0,84.0,,21.2807595,72.9572473,24.899999618530273,-0.832,0.896,0.22,,0.0,0.0,0.0,,,,,0.0,0.0,27.0,-0.0001151999999997,0.0002011000000123,3.26,84.0,36.5,0
21030,SO-1301,Constable Dinesh Panchal,Constable,59,2026-07-17 10:29:12+00:00,81.0,72.0,,21.2808719,72.9569847,25.0,-0.234,0.124,0.75,,0.0,0.0,0.0,,,,,0.0,0.0,28.0,0.0001124000000025,-0.0002625999999992,3.84,72.0,36.5,0
21033,SO-1301,Constable Dinesh Panchal,Constable,59,2026-07-17 10:29:42+00:00,83.0,82.0,,21.280951,72.9570599,25.0,-0.708,-0.295,0.631,,0.0,0.0,0.0,,,,,0.0,0.0,30.0,7.910000000066475e-05,7.519999999772153e-05,1.41,82.0,36.5,0
21035,SO-1301,Constable Dinesh Panchal,Constable,59,2026-07-17 10:30:13+00:00,81.0,71.0,,21.2807785,72.9570178,25.0,0.36,0.578,0.869,,0.0,0.0,0.0,,,,,0.0,0.0,31.0,-0.0001725000000014,-4.2100000001710214e-05,2.28,71.0,36.5,0
21039,SO-1301,Constable Dinesh Panchal,Constable,59,2026-07-17 10:30:45+00:00,93.0,83.0,,21.2806811,72.9541316,25.0,-0.814,0.339,0.607,,0.0,0.0,0.0,,,,,0.0,0.0,32.0,-9.740000000135753e-05,-0.002886200000006,33.62,83.0,36.5,1
21044,SO-1301,Constable Dinesh Panchal,Constable,59,2026-07-17 10:31:13+00:00,100.0,85.0,,21.2803017,72.9514455,25.0,-0.478,0.246,0.906,,0.0,0.0,0.0,,,,,0.0,0.0,28.0,-0.0003793999999999,-0.0026860999999911,36.14,85.0,36.5,1
21046,SO-1301,Constable Dinesh Panchal,Constable,59,2026-07-17 10:31:42+00:00,87.0,88.0,,21.2783182,72.9524089,27.399999618530273,-1.354,0.044,0.959,,0.0,0.0,0.0,,,,,0.0,0.0,29.0,-0.0019834999999979,0.0009633999999891,30.0,88.0,36.5,1
21050,SO-1301,Constable Dinesh Panchal,Constable,59,2026-07-17 10:32:12+00:00,94.0,88.0,,21.277323,72.9527081,27.799999237060547,-0.936,-0.125,0.691,,0.0,0.0,0.0,,,,,0.0,0.0,30.0,-0.0009952000000019,0.0002992000000006,13.77,88.0,36.5,1
21053,SO-1301,Constable Dinesh Panchal,Constable,59,2026-07-17 10:32:42+00:00,91.0,78.0,,21.2726136,72.9555451,31.610865516205507,-0.821,0.035,0.755,,0.0,0.0,0.0,,,,,0.0,0.0,30.0,-0.0047093999999994,0.0028369999999995,71.94,78.0,36.5,1
21055,SO-1301,Constable Dinesh Panchal,Constable,59,2026-07-17 10:33:12+00:00,89.0,88.0,,21.2677875,72.9587479,36.66946790544894,-0.589,-0.263,0.278,,0.0,0.0,0.0,,,,,0.0,0.0,30.0,-0.0048260999999989,0.003202800000011,75.59,88.0,36.5,1
21056,SO-1301,Constable Dinesh Panchal,Constable,59,2026-07-17 10:33:43+00:00,95.0,87.0,,21.261718,72.9612994,28.799999237060547,-0.8,-0.159,0.377,,0.0,0.0,0.0,,,,,0.0,0.0,31.0,-0.0060695000000023,0.0025514999999955,84.03,87.0,36.5,1
21058,SO-1301,Constable Dinesh Panchal,Constable,59,2026-07-17 10:34:13+00:00,93.0,83.0,,21.2555291,72.9641638,37.45330258222437,-0.771,-0.204,0.524,,0.0,0.0,0.0,,,,,0.0,0.0,30.0,-0.0061888999999979,0.0028643999999928,89.78,83.0,36.5,1
21060,SO-1301,Constable Dinesh Panchal,Constable,59,2026-07-17 10:34:42+00:00,95.0,77.0,,21.2483485,72.9684883,30.440621477086793,-0.696,-0.155,0.538,,0.0,0.0,0.0,,,,,0.0,0.0,29.0,-0.0071806000000016,0.0043245000000098,113.47,77.0,36.5,1
21063,SO-1301,Constable Dinesh Panchal,Constable,59,2026-07-17 10:35:12+00:00,87.0,83.0,,21.2461914,72.9679507,29.0,-0.74,-0.187,0.536,,0.0,0.0,0.0,,,,,0.0,0.0,30.0,-0.002157099999998,-0.0005376000000012,29.5,83.0,36.5,1
21065,SO-1301,Constable Dinesh Panchal,Constable,59,2026-07-17 10:35:42+00:00,85.0,75.0,,21.2424947,72.9690135,29.700000762939453,-0.564,-0.176,0.636,,0.0,0.0,0.0,,,,,0.0,0.0,30.0,-0.0036966999999989,0.0010627999999996,50.98,75.0,36.5,1
21067,SO-1301,Constable Dinesh Panchal,Constable,59,2026-07-17 10:36:13+00:00,84.0,88.0,,21.2379312,72.968583,32.10917605330205,-0.826,-0.211,0.511,,0.0,0.0,0.0,,,,,0.0,0.0,31.0,-0.0045635000000032,-0.0004305000000073,59.05,88.0,36.5,1
21071,SO-1301,Constable Dinesh Panchal,Constable,59,2026-07-17 10:36:43+00:00,88.0,87.0,,21.2326481,72.9685975,29.0,-0.541,-0.105,0.956,,0.0,0.0,0.0,,,,,0.0,0.0,30.0,-0.0052830999999997,1.4500000006023583e-05,70.37,87.0,36.5,1
21073,SO-1301,Constable Dinesh Panchal,Constable,59,2026-07-17 10:37:12+00:00,92.0,88.0,,21.2277053,72.9685256,28.700000762939453,-0.905,0.115,0.615,,0.0,0.0,0.0,,,,,0.0,0.0,29.0,-0.0049427999999984,-7.189999999468455e-05,68.11,88.0,36.5,1
21076,SO-1301,Constable Dinesh Panchal,Constable,59,2026-07-17 10:37:43+00:00,82.0,87.0,,21.2223098,72.9685478,28.700000762939453,-0.707,-0.031,0.638,,0.0,0.0,0.0,,,,,0.0,0.0,31.0,-0.0053954999999987,2.2199999989425123e-05,69.55,87.0,36.5,1
21079,SO-1301,Constable Dinesh Panchal,Constable,59,2026-07-17 10:38:13+00:00,90.0,87.0,,21.2172264,72.9688719,27.0,-0.884,-0.031,0.654,,0.0,0.0,0.0,,,,,0.0,0.0,30.0,-0.0050834000000001,0.0003241000000002,67.83,87.0,36.5,1
21084,SO-1301,Constable Dinesh Panchal,Constable,59,2026-07-17 10:38:43+00:00,98.0,82.0,,21.2146888,72.9686607,27.100000381469727,-0.482,0.396,0.642,,0.0,0.0,0.0,,,,,0.0,0.0,30.0,-0.0025376000000001,-0.0002111999999954,33.9,82.0,36.5,1
21088,SO-1301,Constable Dinesh Panchal,Constable,59,2026-07-17 10:39:12+00:00,93.0,66.0,,21.2146355,72.9686607,27.0,-0.073,1.336,0.009,,0.0,0.0,0.0,,,,,0.0,0.0,29.0,-5.33000000011441e-05,0.0,0.73,66.0,36.5,2
21090,SO-1301,Constable Dinesh Panchal,Constable,59,2026-07-17 10:39:42+00:00,95.0,84.0,,21.2146354,72.9686618,26.51160135962246,-0.68,0.0,0.7,,0.0,0.0,0.0,,,,,0.0,0.0,30.0,-1.0000000116860974e-07,1.1000000057492798e-06,0.01,84.0,36.5,2
21093,SO-1301,Constable Dinesh Panchal,Constable,59,2026-07-17 10:40:12+00:00,99.0,86.0,,21.2146354,72.9686605,27.0,-0.935,0.038,-0.457,,0.0,0.0,0.0,,,,,0.0,0.0,30.0,0.0,-1.3000000080864993e-06,0.02,86.0,36.5,2
21095,SO-1301,Constable Dinesh Panchal,Constable,59,2026-07-17 10:40:42+00:00,95.0,88.0,,21.2146356,72.9686615,26.096417031214884,-1.861,0.413,-0.435,,0.0,0.0,0.0,,,,,0.0,0.0,30.0,2.0000000233721948e-07,9.999999974752427e-07,0.01,88.0,36.5,1
21097,SO-1301,Constable Dinesh Panchal,Constable,59,2026-07-17 10:41:12+00:00,84.0,88.0,,21.2146357,72.9686612,27.0432181238794,-0.771,-0.073,0.561,,0.0,0.0,0.0,,,,,0.0,0.0,30.0,9.999999761589606e-08,-2.999999964004019e-07,0.0,88.0,36.5,1
21099,SO-1301,Constable Dinesh Panchal,Constable,59,2026-07-17 10:41:42+00:00,82.0,88.0,,21.2146353,72.9686619,25.699559492267923,-0.427,0.13,0.809,,0.0,0.0,0.0,,,,,0.0,0.0,30.0,-3.999999975690116e-07,7.000000010748408e-07,0.01,88.0,36.5,1
21101,SO-1301,Constable Dinesh Panchal,Constable,59,2026-07-17 10:42:12+00:00,86.0,88.0,,21.2146354,72.9686605,27.14510321675992,-0.542,0.004,0.784,,0.0,0.0,0.0,,,,,0.0,0.0,30.0,9.999999761589606e-08,-1.4000000021496817e-06,0.02,88.0,36.5,1
21103,SO-1301,Constable Dinesh Panchal,Constable,59,2026-07-17 10:42:42+00:00,90.0,88.0,,21.2146355,72.9686617,27.077162388996555,-0.613,-0.155,0.724,,0.0,0.0,0.0,,,,,0.0,0.0,30.0,1.0000000116860974e-07,1.1999999998124622e-06,0.01,88.0,36.5,1
21107,SO-1301,Constable Dinesh Panchal,Constable,59,2026-07-17 10:43:12+00:00,97.0,88.0,,21.2146357,72.9686612,26.156215220683308,-0.812,-0.265,-0.547,,0.0,0.0,0.0,,,,,0.0,0.0,30.0,1.999999987845058e-07,-4.999999987376214e-07,0.01,88.0,36.5,2
21110,SO-1301,Constable Dinesh Panchal,Constable,59,2026-07-17 10:43:42+00:00,96.0,81.0,,21.2146353,72.9686602,26.801769104700497,-0.846,-0.172,0.376,,0.0,0.0,0.0,,,,,0.0,0.0,30.0,-3.999999975690116e-07,-9.999999974752427e-07,0.01,81.0,36.5,2
21114,SO-1301,Constable Dinesh Panchal,Constable,59,2026-07-17 10:44:12+00:00,82.0,88.0,,21.2146357,72.9686612,26.86239203061814,-0.619,-0.104,0.718,,0.0,0.0,0.0,,,,,0.0,0.0,30.0,3.999999975690116e-07,9.999999974752427e-07,0.01,88.0,36.5,0
21118,SO-1301,Constable Dinesh Panchal,Constable,59,2026-07-17 10:44:42+00:00,91.0,86.0,,21.2146357,72.9686612,26.98674965829285,0.355,-0.387,0.923,,0.0,0.0,0.0,,,,,0.0,0.0,30.0,0.0,0.0,0.0,86.0,36.5,2
21121,SO-1301,Constable Dinesh Panchal,Constable,59,2026-07-17 10:45:12+00:00,82.0,83.0,,21.2146355,72.9686621,26.98518181585621,-0.543,-0.264,0.866,,0.0,0.0,0.0,,,,,0.0,0.0,30.0,-1.999999987845058e-07,9.000000034120603e-07,0.01,83.0,36.5,0
21124,SO-1301,Constable Dinesh Panchal,Constable,59,2026-07-17 10:45:42+00:00,99.0,84.0,,21.2146354,72.9686605,27.4184398164781,-0.905,-0.142,-0.394,,0.0,0.0,0.0,,,,,0.0,0.0,30.0,-1.0000000116860974e-07,-1.6000000044869012e-06,0.02,84.0,36.5,2
21127,SO-1301,Constable Dinesh Panchal,Constable,59,2026-07-17 10:46:12+00:00,93.0,88.0,,21.214635,72.9686593,29.299999237060547,-0.613,-0.052,0.736,,0.0,0.0,0.0,,,,,0.0,0.0,30.0,-3.999999975690116e-07,-1.1999999998124622e-06,0.02,88.0,36.5,2
21130,SO-1301,Constable Dinesh Panchal,Constable,59,2026-07-17 10:46:42+00:00,93.0,83.0,,21.2146349,72.9686585,26.93710145323861,0.57,0.206,1.985,,0.0,0.0,0.0,,,,,0.0,0.0,30.0,-1.0000000116860974e-07,-7.999999951380232e-07,0.01,83.0,36.5,1
21133,SO-1301,Constable Dinesh Panchal,Constable,59,2026-07-17 10:47:12+00:00,91.0,87.0,,21.2146355,72.9686621,29.299999237060547,-1.024,-0.088,0.338,,0.0,0.0,0.0,,,,,0.0,0.0,30.0,5.999999999062311e-07,3.5999999994373866e-06,0.05,87.0,36.5,1
21136,SO-1301,Constable Dinesh Panchal,Constable,59,2026-07-17 10:47:42+00:00,91.0,88.0,,21.2146355,72.9686607,29.299999237060547,-0.687,-0.065,0.655,,0.0,0.0,0.0,,,,,0.0,0.0,30.0,0.0,-1.4000000021496817e-06,0.02,88.0,36.5,1
21138,SO-1301,Constable Dinesh Panchal,Constable,59,2026-07-17 10:48:12+00:00,82.0,83.0,,21.2146353,72.9686602,29.299999237060547,-0.534,-0.055,0.908,,0.0,0.0,0.0,,,,,0.0,0.0,30.0,-1.999999987845058e-07,-4.999999987376214e-07,0.01,83.0,36.5,1
21140,SO-1301,Constable Dinesh Panchal,Constable,59,2026-07-17 10:48:42+00:00,86.0,88.0,,21.2146355,72.9686607,29.299999237060547,-0.585,-0.066,0.78,,0.0,0.0,0.0,,,,,0.0,0.0,30.0,1.999999987845058e-07,4.999999987376214e-07,0.01,88.0,36.5,1
21143,SO-1301,Constable Dinesh Panchal,Constable,59,2026-07-17 10:49:12+00:00,100.0,88.0,,21.2146357,72.9686612,29.299999237060547,-0.55,0.578,0.942,,0.0,0.0,0.0,,,,,0.0,0.0,30.0,1.999999987845058e-07,4.999999987376214e-07,0.01,88.0,36.5,2
21146,SO-1301,Constable Dinesh Panchal,Constable,59,2026-07-17 10:49:42+00:00,94.0,79.0,,21.2146356,72.9686615,29.299999237060547,-0.854,-0.204,-0.408,,0.0,0.0,0.0,,,,,0.0,0.0,30.0,-9.999999761589606e-08,2.999999964004019e-07,0.0,79.0,36.5,2
21148,SO-1301,Constable Dinesh Panchal,Constable,59,2026-07-17 10:50:12+00:00,99.0,88.0,,21.2146355,72.9686607,29.299999237060547,-0.625,0.205,0.694,,0.0,0.0,0.0,,,,,0.0,0.0,30.0,-1.0000000116860974e-07,-7.999999951380232e-07,0.01,88.0,36.5,2
21150,SO-1301,Constable Dinesh Panchal,Constable,59,2026-07-17 10:50:42+00:00,98.0,88.0,,21.2146357,72.9686612,29.299999237060547,-0.654,0.192,0.659,,0.0,0.0,0.0,,,,,0.0,0.0,30.0,1.999999987845058e-07,4.999999987376214e-07,0.01,88.0,36.5,2
21153,SO-1301,Constable Dinesh Panchal,Constable,59,2026-07-17 10:51:12+00:00,94.0,88.0,,21.2146354,72.9686618,29.299999237060547,-0.798,0.414,0.314,,0.0,0.0,0.0,,,,,0.0,0.0,30.0,-2.999999999531156e-07,6.000000070116585e-07,0.01,88.0,36.5,2
21155,SO-1301,Constable Dinesh Panchal,Constable,59,2026-07-17 10:51:42+00:00,87.0,86.0,,21.2146357,72.9686612,29.299999237060547,-0.552,-0.171,0.758,,0.0,0.0,0.0,,,,,0.0,0.0,30.0,2.999999999531156e-07,-6.000000070116585e-07,0.01,86.0,36.5,0
21157,SO-1301,Constable Dinesh Panchal,Constable,59,2026-07-17 10:52:12+00:00,99.0,64.0,,21.2146357,72.9686612,29.299999237060547,-0.688,-0.029,0.624,,0.0,0.0,0.0,,,,,0.0,0.0,30.0,0.0,0.0,0.0,64.0,36.5,2
21159,SO-1301,Constable Dinesh Panchal,Constable,59,2026-07-17 10:52:42+00:00,100.0,88.0,,21.2146356,72.9686615,29.299999237060547,-0.89,0.323,0.051,,0.0,0.0,0.0,,,,,0.0,0.0,30.0,-9.999999761589606e-08,2.999999964004019e-07,0.0,88.0,36.5,2
21162,SO-1301,Constable Dinesh Panchal,Constable,59,2026-07-17 10:53:12+00:00,82.0,86.0,,21.2146357,72.9686609,29.299999237060547,-0.746,-0.001,0.599,,0.0,0.0,0.0,,,,,0.0,0.0,30.0,9.999999761589606e-08,-5.999999928008037e-07,0.01,86.0,36.5,0
21165,SO-1301,Constable Dinesh Panchal,Constable,59,2026-07-17 10:53:42+00:00,91.0,88.0,,21.2146356,72.9686615,29.299999237060547,-0.465,-0.183,0.829,,0.0,0.0,0.0,,,,,0.0,0.0,30.0,-9.999999761589606e-08,5.999999928008037e-07,0.01,88.0,36.5,2
21168,SO-1301,Constable Dinesh Panchal,Constable,59,2026-07-17 10:54:12+00:00,92.0,79.0,,21.2146357,72.9686612,29.299999237060547,-0.798,-0.181,0.567,,0.0,0.0,0.0,,,,,0.0,0.0,30.0,9.999999761589606e-08,-2.999999964004019e-07,0.0,79.0,36.5,2
21171,SO-1301,Constable Dinesh Panchal,Constable,59,2026-07-17 10:54:42+00:00,82.0,86.0,,21.2146356,72.9686615,29.299999237060547,-0.599,-0.184,0.714,,0.0,0.0,0.0,,,,,0.0,0.0,30.0,-9.999999761589606e-08,2.999999964004019e-07,0.0,86.0,36.5,0
21174,SO-1301,Constable Dinesh Panchal,Constable,59,2026-07-17 10:55:13+00:00,92.0,80.0,,21.2146353,72.9686619,29.299999237060547,-0.923,-0.236,-0.155,,0.0,0.0,0.0,,,,,0.0,0.0,31.0,-2.999999999531156e-07,4.0000000467443897e-07,0.01,80.0,36.5,2
21177,SO-1301,Constable Dinesh Panchal,Constable,59,2026-07-17 10:55:43+00:00,98.0,88.0,,21.2146355,72.9686617,29.299999237060547,-0.737,-0.12,-0.756,,0.0,0.0,0.0,,,,,0.0,0.0,30.0,1.999999987845058e-07,-2.0000000233721948e-07,0.0,88.0,36.5,2
21180,SO-1301,Constable Dinesh Panchal,Constable,59,2026-07-17 10:56:12+00:00,97.0,86.0,,21.2146357,72.9686609,29.299999237060547,-0.804,0.354,0.409,,0.0,0.0,0.0,,,,,0.0,0.0,29.0,1.999999987845058e-07,-7.999999951380232e-07,0.01,86.0,36.5,2
21182,SO-1301,Constable Dinesh Panchal,Constable,59,2026-07-17 10:56:42+00:00,98.0,85.0,,21.2146357,72.9686612,29.299999237060547,-0.458,0.216,-0.922,,0.0,0.0,0.0,,,,,0.0,0.0,30.0,0.0,2.999999964004019e-07,0.0,85.0,36.5,2
21184,SO-1301,Constable Dinesh Panchal,Constable,59,2026-07-17 10:57:12+00:00,95.0,81.0,,21.2146357,72.9686612,29.299999237060547,-0.816,0.294,0.415,,0.0,0.0,0.0,,,,,0.0,0.0,30.0,0.0,0.0,0.0,81.0,36.5,2
21186,SO-1301,Constable Dinesh Panchal,Constable,59,2026-07-17 10:57:42+00:00,100.0,79.0,,21.2146353,72.9686602,29.299999237060547,-0.776,-0.101,-0.696,,0.0,0.0,0.0,,,,,0.0,0.0,30.0,-3.999999975690116e-07,-9.999999974752427e-07,0.01,79.0,36.5,2
21188,SO-1301,Constable Dinesh Panchal,Constable,59,2026-07-17 10:58:12+00:00,96.0,87.0,,21.2146355,72.9686617,29.299999237060547,-0.665,0.06,0.73,,0.0,0.0,0.0,,,,,0.0,0.0,30.0,1.999999987845058e-07,1.499999996212864e-06,0.02,87.0,36.5,2
21192,SO-1301,Constable Dinesh Panchal,Constable,59,2026-07-17 10:58:42+00:00,93.0,77.0,,21.2146357,72.9686609,29.299999237060547,-1.016,-0.308,0.287,,0.0,0.0,0.0,,,,,0.0,0.0,30.0,1.999999987845058e-07,-7.999999951380232e-07,0.01,77.0,36.5,2
21195,SO-1301,Constable Dinesh Panchal,Constable,59,2026-07-17 10:59:12+00:00,93.0,87.0,,21.2146357,72.9686612,29.299999237060547,-0.381,-0.766,0.413,,0.0,0.0,0.0,,,,,0.0,0.0,30.0,0.0,2.999999964004019e-07,0.0,87.0,36.5,2
21197,SO-1301,Constable Dinesh Panchal,Constable,59,2026-07-17 10:59:42+00:00,91.0,83.0,,21.2146357,72.9686612,29.299999237060547,0.482,-0.411,-0.135,,0.0,0.0,0.0,,,,,0.0,0.0,30.0,0.0,0.0,0.0,83.0,36.5,2
21200,SO-1301,Constable Dinesh Panchal,Constable,59,2026-07-17 11:00:12+00:00,91.0,75.0,,21.2146357,72.9686609,29.299999237060547,-0.668,-0.225,0.634,,0.0,0.0,0.0,,,,,0.0,0.0,30.0,0.0,-2.999999964004019e-07,0.0,75.0,36.5,2
21204,SO-1301,Constable Dinesh Panchal,Constable,59,2026-07-17 11:00:42+00:00,85.0,87.0,,21.2146357,72.9686609,29.299999237060547,-0.732,-0.179,0.577,,0.0,0.0,0.0,,,,,0.0,0.0,30.0,0.0,0.0,0.0,87.0,36.5,0
21207,SO-1301,Constable Dinesh Panchal,Constable,59,2026-07-17 11:01:14+00:00,100.0,87.0,,21.2146355,72.9686617,29.299999237060547,-0.616,-0.162,0.697,,0.0,0.0,0.0,,,,,0.0,0.0,32.0,-1.999999987845058e-07,7.999999951380232e-07,0.01,87.0,36.5,2
21209,SO-1301,Constable Dinesh Panchal,Constable,59,2026-07-17 11:01:42+00:00,91.0,86.0,,21.2146356,72.9686615,29.299999237060547,-0.577,-0.078,0.745,,0.0,0.0,0.0,,,,,0.0,0.0,28.0,1.0000000116860974e-07,-2.0000000233721948e-07,0.0,86.0,36.5,2
21211,SO-1301,Constable Dinesh Panchal,Constable,59,2026-07-17 11:02:12+00:00,98.0,88.0,,21.2146354,72.9686618,29.299999237060547,-0.758,-0.121,0.562,,0.0,0.0,0.0,,,,,0.0,0.0,30.0,-2.0000000233721948e-07,3.000000106112566e-07,0.0,88.0,36.5,2
21213,SO-1301,Constable Dinesh Panchal,Constable,59,2026-07-17 11:02:42+00:00,92.0,87.0,,21.2146354,72.9686618,29.299999237060547,-0.542,-0.125,0.762,,0.0,0.0,0.0,,,,,0.0,0.0,30.0,0.0,0.0,0.0,87.0,36.5,2
21217,SO-1301,Constable Dinesh Panchal,Constable,59,2026-07-17 11:03:12+00:00,89.0,71.0,,21.2146357,72.9686612,29.299999237060547,-0.557,-0.136,0.747,,0.0,0.0,0.0,,,,,0.0,0.0,30.0,2.999999999531156e-07,-6.000000070116585e-07,0.01,71.0,36.5,0
21219,SO-1301,Constable Dinesh Panchal,Constable,59,2026-07-17 11:03:45+00:00,100.0,86.0,,21.2146356,72.9686615,29.299999237060547,-0.843,0.427,0.157,,0.0,0.0,0.0,,,,,0.0,0.0,33.0,-9.999999761589606e-08,2.999999964004019e-07,0.0,86.0,36.5,2
21221,SO-1301,Constable Dinesh Panchal,Constable,59,2026-07-17 11:04:12+00:00,95.0,86.0,,21.2146353,72.968662,29.299999237060547,-0.861,-0.185,-0.506,,0.0,0.0,0.0,,,,,0.0,0.0,27.0,-2.999999999531156e-07,4.999999987376214e-07,0.01,86.0,36.5,2
21224,SO-1301,Constable Dinesh Panchal,Constable,59,2026-07-17 11:04:43+00:00,93.0,88.0,,21.2146353,72.9686619,29.299999237060547,-0.867,-0.213,-0.458,,0.0,0.0,0.0,,,,,0.0,0.0,31.0,0.0,-9.999999406318238e-08,0.0,88.0,36.5,2
21226,SO-1301,Constable Dinesh Panchal,Constable,59,2026-07-17 11:05:12+00:00,87.0,76.0,,21.2146355,72.9686607,29.299999237060547,-0.463,0.789,0.33,,0.0,0.0,0.0,,,,,0.0,0.0,29.0,1.999999987845058e-07,-1.1999999998124622e-06,0.02,76.0,36.5,0
21228,SO-1301,Constable Dinesh Panchal,Constable,59,2026-07-17 11:05:43+00:00,89.0,88.0,,21.2146356,72.9686615,29.299999237060547,-0.959,0.049,-0.231,,0.0,0.0,0.0,,,,,0.0,0.0,31.0,1.0000000116860974e-07,7.999999951380232e-07,0.01,88.0,36.5,0
21231,SO-1301,Constable Dinesh Panchal,Constable,59,2026-07-17 11:06:12+00:00,93.0,86.0,,21.2146355,72.9686607,29.299999237060547,-0.823,0.041,0.481,,0.0,0.0,0.0,,,,,0.0,0.0,29.0,-1.0000000116860974e-07,-7.999999951380232e-07,0.01,86.0,36.5,2
21233,SO-1301,Constable Dinesh Panchal,Constable,59,2026-07-17 11:06:42+00:00,92.0,87.0,,21.2146352,72.9686598,29.299999237060547,-0.408,-0.852,0.245,,0.0,0.0,0.0,,,,,0.0,0.0,30.0,-2.999999999531156e-07,-9.000000034120603e-07,0.01,87.0,36.5,2
21235,SO-1301,Constable Dinesh Panchal,Constable,59,2026-07-17 11:07:12+00:00,92.0,87.0,,21.2146352,72.9686598,32.3756189011832,-0.373,-0.72,0.511,,0.0,0.0,0.0,,,,,0.0,0.0,30.0,0.0,0.0,0.0,87.0,36.5,2
21240,SO-1301,Constable Dinesh Panchal,Constable,59,2026-07-17 11:07:42+00:00,99.0,87.0,,21.2146357,72.9686609,31.1476435877847,-1.211,-0.102,0.018,,0.0,0.0,0.0,,,,,0.0,0.0,30.0,4.999999987376214e-07,1.1000000057492798e-06,0.02,87.0,36.5,2
21242,SO-1301,Constable Dinesh Panchal,Constable,59,2026-07-17 11:08:12+00:00,90.0,88.0,,21.2146353,72.9686619,29.299999237060547,-0.604,0.769,0.108,,0.0,0.0,0.0,,,,,0.0,0.0,30.0,-3.999999975690116e-07,9.999999974752427e-07,0.01,88.0,36.5,0
21245,SO-1301,Constable Dinesh Panchal,Constable,59,2026-07-17 11:08:42+00:00,99.0,72.0,,21.2146357,72.9686612,29.299999237060547,-0.257,-0.755,0.579,,0.0,0.0,0.0,,,,,0.0,0.0,30.0,3.999999975690116e-07,-7.000000010748408e-07,0.01,72.0,36.5,2
21247,SO-1301,Constable Dinesh Panchal,Constable,59,2026-07-17 11:09:12+00:00,82.0,70.0,,21.2146354,72.9686621,29.299999237060547,-0.94,-0.027,0.423,,0.0,0.0,0.0,,,,,0.0,0.0,30.0,-2.999999999531156e-07,9.000000034120603e-07,0.01,70.0,36.5,0
21249,SO-1301,Constable Dinesh Panchal,Constable,59,2026-07-17 11:09:42+00:00,84.0,84.0,,21.2146356,72.9686615,29.299999237060547,-0.483,0.858,-0.051,,0.0,0.0,0.0,,,,,0.0,0.0,30.0,2.0000000233721948e-07,-6.000000070116585e-07,0.01,84.0,36.5,0
21251,SO-1301,Constable Dinesh Panchal,Constable,59,2026-07-17 11:10:12+00:00,98.0,88.0,,21.2146356,72.9686624,29.299999237060547,-0.283,-0.916,0.205,,0.0,0.0,0.0,,,,,0.0,0.0,30.0,0.0,9.000000034120603e-07,0.01,88.0,36.5,2
21253,SO-1301,Constable Dinesh Panchal,Constable,59,2026-07-17 11:10:42+00:00,85.0,88.0,,21.2146357,72.9686609,29.299999237060547,-0.326,0.029,0.887,,0.0,0.0,0.0,,,,,0.0,0.0,30.0,9.999999761589606e-08,-1.499999996212864e-06,0.02,88.0,36.5,0
21256,SO-1301,Constable Dinesh Panchal,Constable,59,2026-07-17 11:11:12+00:00,83.0,82.0,,21.2146353,72.9686602,25.530108326242868,-0.336,-0.297,0.636,,0.0,0.0,0.0,,,,,0.0,0.0,30.0,-3.999999975690116e-07,-7.000000010748408e-07,0.01,82.0,36.5,0
21259,SO-1301,Constable Dinesh Panchal,Constable,59,2026-07-17 11:11:42+00:00,94.0,88.0,,21.2146356,72.9686615,29.299999237060547,-0.604,-0.201,0.299,,0.0,0.0,0.0,,,,,0.0,0.0,30.0,2.999999999531156e-07,1.2999999938756446e-06,0.02,88.0,36.5,2
21261,SO-1301,Constable Dinesh Panchal,Constable,59,2026-07-17 11:12:12+00:00,89.0,84.0,,21.2146352,72.968662,29.299999237060547,-0.489,-0.1,0.919,,0.0,0.0,0.0,,,,,0.0,0.0,30.0,-4.000000011217253e-07,4.999999987376214e-07,0.01,84.0,36.5,0
21263,SO-1301,Constable Dinesh Panchal,Constable,59,2026-07-17 11:12:42+00:00,97.0,88.0,,21.2146355,72.9686617,29.299999237060547,-0.243,0.721,0.603,,0.0,0.0,0.0,,,,,0.0,0.0,30.0,2.999999999531156e-07,-2.999999964004019e-07,0.01,88.0,36.5,2
21265,SO-1301,Constable Dinesh Panchal,Constable,59,2026-07-17 11:13:12+00:00,100.0,88.0,,21.2146354,72.9686618,29.299999237060547,-0.53,-0.773,0.231,,0.0,0.0,0.0,,,,,0.0,0.0,30.0,-1.0000000116860974e-07,1.000000082740371e-07,0.0,88.0,36.5,2
21267,SO-1301,Constable Dinesh Panchal,Constable,59,2026-07-17 11:13:42+00:00,86.0,86.0,,21.2146354,72.9686605,31.04575109928136,-0.223,0.337,0.901,,0.0,0.0,0.0,,,,,0.0,0.0,30.0,0.0,-1.3000000080864993e-06,0.02,86.0,36.5,0
21269,SO-1301,Constable Dinesh Panchal,Constable,59,2026-07-17 11:14:12+00:00,96.0,83.0,,21.2146354,72.9686605,29.299999237060547,-0.71,-0.163,-0.705,,0.0,0.0,0.0,,,,,0.0,0.0,30.0,0.0,0.0,0.0,83.0,36.5,2
21271,SO-1301,Constable Dinesh Panchal,Constable,59,2026-07-17 11:14:42+00:00,84.0,87.0,,21.2146357,72.9686612,29.299999237060547,-0.923,0.21,0.425,,0.0,0.0,0.0,,,,,0.0,0.0,30.0,2.999999999531156e-07,7.000000010748408e-07,0.01,87.0,36.5,0
21274,SO-1301,Constable Dinesh Panchal,Constable,59,2026-07-17 11:15:12+00:00,94.0,87.0,,21.2146356,72.9686615,29.299999237060547,-0.344,-0.763,0.489,,0.0,0.0,0.0,,,,,0.0,0.0,30.0,-9.999999761589606e-08,2.999999964004019e-07,0.0,87.0,36.5,2
21276,SO-1301,Constable Dinesh Panchal,Constable,59,2026-07-17 11:15:42+00:00,91.0,82.0,,21.2146355,72.9686617,29.299999237060547,-1.01,-0.078,0.294,,0.0,0.0,0.0,,,,,0.0,0.0,30.0,-1.0000000116860974e-07,2.0000000233721948e-07,0.0,82.0,36.5,2
21279,SO-1301,Constable Dinesh Panchal,Constable,59,2026-07-17 11:16:12+00:00,85.0,79.0,,21.2146357,72.9686609,29.299999237060547,-0.713,-0.219,0.572,,0.0,0.0,0.0,,,,,0.0,0.0,30.0,1.999999987845058e-07,-7.999999951380232e-07,0.01,79.0,36.5,0
21281,SO-1301,Constable Dinesh Panchal,Constable,59,2026-07-17 11:16:42+00:00,99.0,85.0,,21.2146354,72.9686618,29.299999237060547,-0.769,0.548,0.251,,0.0,0.0,0.0,,,,,0.0,0.0,30.0,-2.999999999531156e-07,9.000000034120603e-07,0.01,85.0,36.5,2
21283,SO-1301,Constable Dinesh Panchal,Constable,59,2026-07-17 11:17:12+00:00,96.0,87.0,,21.2146357,72.9686609,29.299999237060547,-0.307,-0.187,0.868,,0.0,0.0,0.0,,,,,0.0,0.0,30.0,2.999999999531156e-07,-9.000000034120603e-07,0.01,87.0,36.5,2
21286,SO-1301,Constable Dinesh Panchal,Constable,59,2026-07-17 11:17:42+00:00,94.0,85.0,,21.2146355,72.9686607,29.299999237060547,-0.1,-0.084,0.829,,0.0,0.0,0.0,,,,,0.0,0.0,30.0,-1.999999987845058e-07,-2.0000000233721948e-07,0.0,85.0,36.5,2
21289,SO-1301,Constable Dinesh Panchal,Constable,59,2026-07-17 11:18:12+00:00,98.0,88.0,,21.2146357,72.9686609,29.299999237060547,-0.962,-0.163,-0.014,,0.0,0.0,0.0,,,,,0.0,0.0,30.0,1.999999987845058e-07,2.0000000233721948e-07,0.0,88.0,36.5,2
21292,SO-1301,Constable Dinesh Panchal,Constable,59,2026-07-17 11:18:42+00:00,90.0,88.0,,21.2146352,72.9686598,29.299999237060547,-0.446,0.295,0.82,,0.0,0.0,0.0,,,,,0.0,0.0,30.0,-4.999999987376214e-07,-1.1000000057492798e-06,0.02,88.0,36.5,0
21294,SO-1301,Constable Dinesh Panchal,Constable,59,2026-07-17 11:19:12+00:00,100.0,80.0,,21.2146353,72.9686602,29.299999237060547,-0.835,-0.117,-0.685,,0.0,0.0,0.0,,,,,0.0,0.0,30.0,1.0000000116860974e-07,4.0000000467443897e-07,0.01,80.0,36.5,2
21296,SO-1301,Constable Dinesh Panchal,Constable,59,2026-07-17 11:19:42+00:00,88.0,88.0,,21.2146354,72.9686605,29.299999237060547,-0.71,-0.238,-0.695,,0.0,0.0,0.0,,,,,0.0,0.0,30.0,9.999999761589606e-08,2.999999964004019e-07,0.0,88.0,36.5,0
21298,SO-1301,Constable Dinesh Panchal,Constable,59,2026-07-17 11:20:12+00:00,87.0,87.0,,21.2146356,72.9686624,24.410522700354814,-0.971,-0.175,0.249,,0.0,0.0,0.0,,,,,0.0,0.0,30.0,2.0000000233721948e-07,1.900000000887303e-06,0.02,87.0,36.5,0
21301,SO-1301,Constable Dinesh Panchal,Constable,59,2026-07-17 11:20:42+00:00,92.0,88.0,,21.2146355,72.9686617,29.299999237060547,-0.885,-0.174,-0.409,,0.0,0.0,0.0,,,,,0.0,0.0,30.0,-1.0000000116860974e-07,-7.000000010748408e-07,0.01,88.0,36.5,2
21304,SO-1301,Constable Dinesh Panchal,Constable,59,2026-07-17 11:21:12+00:00,82.0,87.0,,21.2146355,72.9686607,29.299999237060547,-0.885,-0.134,-0.446,,0.0,0.0,0.0,,,,,0.0,0.0,30.0,0.0,-9.999999974752427e-07,0.01,87.0,36.5,0
21306,SO-1301,Constable Dinesh Panchal,Constable,59,2026-07-17 11:21:42+00:00,90.0,88.0,,21.2146355,72.9686607,29.299999237060547,-0.671,-0.348,-0.014,,0.0,0.0,0.0,,,,,0.0,0.0,30.0,0.0,0.0,0.0,88.0,36.5,0
21308,SO-1301,Constable Dinesh Panchal,Constable,59,2026-07-17 11:22:12+00:00,92.0,71.0,,21.2146355,72.9686607,26.97560989011059,-0.741,1.258,-0.426,,0.0,0.0,0.0,,,,,0.0,0.0,30.0,0.0,0.0,0.0,71.0,36.5,2
21310,SO-1301,Constable Dinesh Panchal,Constable,59,2026-07-17 11:22:42+00:00,95.0,86.0,,21.2146357,72.9686609,29.299999237060547,-0.825,-0.005,-0.569,,0.0,0.0,0.0,,,,,0.0,0.0,30.0,1.999999987845058e-07,2.0000000233721948e-07,0.0,86.0,36.5,2
21312,SO-1301,Constable Dinesh Panchal,Constable,59,2026-07-17 11:23:12+00:00,97.0,83.0,,21.214633,72.968655,29.299999237060547,-1.021,-0.152,-0.585,,0.0,0.0,0.0,,,,,0.0,0.0,30.0,-2.69999999957804e-06,-5.900000004999129e-06,0.08,83.0,36.5,2
21316,SO-1301,Constable Dinesh Panchal,Constable,59,2026-07-17 11:23:42+00:00,91.0,80.0,,21.2146304,72.9686557,29.299999237060547,-0.764,0.527,0.161,,0.0,0.0,0.0,,,,,0.0,0.0,30.0,-2.59999999840943e-06,7.000000010748408e-07,0.04,80.0,36.5,2
21318,SO-1301,Constable Dinesh Panchal,Constable,59,2026-07-17 11:24:12+00:00,90.0,60.0,,21.2146345,72.9686496,29.299999237060547,-1.037,0.198,0.05,,0.0,0.0,0.0,,,,,0.0,0.0,30.0,4.099999998175008e-06,-6.099999993125493e-06,0.09,60.0,36.5,0
21321,SO-1301,Constable Dinesh Panchal,Constable,59,2026-07-17 11:24:47+00:00,82.0,85.0,,21.2146308,72.9686499,29.299999237060547,0.757,-0.275,0.678,,0.0,0.0,0.0,,,,,0.0,0.0,35.0,-3.700000000605996e-06,2.999999964004019e-07,0.04,85.0,36.5,0
21324,SO-1301,Constable Dinesh Panchal,Constable,59,2026-07-17 11:25:17+00:00,92.0,88.0,,21.2198622,72.9694934,29.299999237060547,-0.043,-0.64,0.622,,0.0,0.0,0.0,,,,,0.0,0.0,30.0,0.0052314000000031,0.0008435000000019,70.46,88.0,36.5,1
21327,SO-1301,Constable Dinesh Panchal,Constable,59,2026-07-17 11:25:42+00:00,93.0,76.0,,21.2146367,72.9686558,29.299999237060547,-0.821,0.103,-0.385,,0.0,0.0,0.0,,,,,0.0,0.0,25.0,-0.0052255000000016,-0.0008376000000112,84.45,76.0,36.5,1
21329,SO-1301,Constable Dinesh Panchal,Constable,59,2026-07-17 11:26:12+00:00,98.0,88.0,,21.2146342,72.9686634,29.299999237060547,-0.45,0.872,-0.266,,0.0,0.0,0.0,,,,,0.0,0.0,30.0,-2.500000000793534e-06,7.600000003549212e-06,0.1,88.0,36.5,2
21332,SO-1301,Constable Dinesh Panchal,Constable,59,2026-07-17 11:26:43+00:00,84.0,85.0,,21.2146322,72.9686696,26.968796017037334,-0.222,0.586,-0.131,,0.0,0.0,0.0,,,,,0.0,0.0,31.0,-1.999999998503199e-06,6.2000000013995304e-06,0.08,85.0,36.5,0
21334,SO-1301,Constable Dinesh Panchal,Constable,59,2026-07-17 11:27:13+00:00,88.0,78.0,,21.2146395,72.968667,29.299999237060547,-0.766,0.594,-0.392,,0.0,0.0,0.0,,,,,0.0,0.0,30.0,7.300000000043383e-06,-2.600000001962144e-06,0.1,78.0,36.5,0
21336,SO-1301,Constable Dinesh Panchal,Constable,59,2026-07-17 11:27:42+00:00,88.0,88.0,,21.2146196,72.968688,29.299999237060547,-0.522,-0.168,-0.888,,0.0,0.0,0.0,,,,,0.0,0.0,29.0,-1.990000000162695e-05,2.1000000003823516e-05,0.38,88.0,36.5,0
21338,SO-1301,Constable Dinesh Panchal,Constable,59,2026-07-17 11:28:12+00:00,99.0,76.0,,21.2154649,72.9688695,29.600000381469727,-0.628,-0.116,-0.725,,0.0,0.0,0.0,,,,,0.0,0.0,30.0,0.0008453000000017,0.0001814999999965,11.48,76.0,36.5,1
21340,SO-1301,Constable Dinesh Panchal,Constable,59,2026-07-17 11:28:46+00:00,85.0,87.0,,21.216816,72.9686784,28.899999618530273,-0.378,-0.49,-0.758,,0.0,0.0,0.0,,,,,0.0,0.0,34.0,0.0013511000000008,-0.000191099999995,16.02,87.0,36.5,1
21342,SO-1301,Constable Dinesh Panchal,Constable,59,2026-07-17 11:29:12+00:00,92.0,66.0,,21.2190231,72.9691974,29.600000381469727,-0.747,-0.565,1.285,,0.0,0.0,0.0,,,,,0.0,0.0,26.0,0.0022070999999996,0.000518999999997,34.73,66.0,36.5,1
21344,SO-1301,Constable Dinesh Panchal,Constable,59,2026-07-17 11:29:42+00:00,92.0,87.0,,21.2231193,72.9680594,32.44059325189809,0.042,-0.614,0.538,,0.0,0.0,0.0,,,,,0.0,0.0,30.0,0.0040961999999993,-0.0011379999999974,56.36,87.0,36.5,1
21346,SO-1301,Constable Dinesh Panchal,Constable,59,2026-07-17 11:30:12+00:00,91.0,73.0,,21.2288496,72.9676743,32.01397388893953,-0.229,0.239,1.205,,0.0,0.0,0.0,,,,,0.0,0.0,30.0,0.0057302999999997,-0.0003851000000025,76.48,73.0,36.5,1
21349,SO-1301,Constable Dinesh Panchal,Constable,59,2026-07-17 11:30:43+00:00,81.0,88.0,,21.2331015,72.9683726,32.505943649555505,-0.573,0.12,0.623,,0.0,0.0,0.0,,,,,0.0,0.0,31.0,0.0042518999999998,0.0006982999999962,55.45,88.0,36.5,1
21352,SO-1301,Constable Dinesh Panchal,Constable,59,2026-07-17 11:31:12+00:00,96.0,85.0,,21.2385822,72.9678493,31.94287271927703,-1.024,-0.088,-0.92,,0.0,0.0,0.0,,,,,0.0,0.0,29.0,0.0054806999999996,-0.0005232999999975,75.82,85.0,36.5,1
21356,SO-1301,Constable Dinesh Panchal,Constable,59,2026-07-17 11:31:45+00:00,83.0,88.0,,21.2426813,72.9685708,33.673516686660946,0.289,0.313,0.869,,0.0,0.0,0.0,,,,,0.0,0.0,33.0,0.0040991000000012,0.0007214999999973,50.3,88.0,36.5,1
21360,SO-1301,Constable Dinesh Panchal,Constable,59,2026-07-17 11:32:12+00:00,91.0,86.0,,21.2481006,72.9706264,34.32612785470516,-0.975,-0.322,-0.018,,0.0,0.0,0.0,,,,,0.0,0.0,27.0,0.0054192999999997,0.0020556000000055,85.07,86.0,36.5,1
21364,SO-1301,Constable Dinesh Panchal,Constable,59,2026-07-17 11:32:42+00:00,85.0,88.0,,21.2500843,72.9662805,33.8361419202279,-1.024,-0.169,0.254,,0.0,0.0,0.0,,,,,0.0,0.0,30.0,0.0019837000000002,-0.0043459000000041,60.08,88.0,36.5,1
21368,SO-1301,Constable Dinesh Panchal,Constable,59,2026-07-17 11:33:12+00:00,89.0,87.0,,21.2547482,72.9633416,42.40064592428418,-0.73,-0.534,0.196,,0.0,0.0,0.0,,,,,0.0,0.0,30.0,0.0046639000000006,-0.0029388999999895,72.05,87.0,36.5,1
21371,SO-1301,Constable Dinesh Panchal,Constable,59,2026-07-17 11:33:42+00:00,87.0,87.0,,21.2595135,72.9618788,31.100000381469727,-0.913,-0.074,0.125,,0.0,0.0,0.0,,,,,0.0,0.0,30.0,0.0047652999999989,-0.0014628000000129,66.02,87.0,36.5,1
21374,SO-1301,Constable Dinesh Panchal,Constable,59,2026-07-17 11:34:12+00:00,81.0,88.0,,21.2661758,72.9597995,29.399999618530273,-0.49,-0.156,0.837,,0.0,0.0,0.0,,,,,0.0,0.0,30.0,0.0066622999999985,-0.0020792999999912,92.42,88.0,36.5,1
21377,SO-1301,Constable Dinesh Panchal,Constable,59,2026-07-17 11:34:43+00:00,83.0,74.0,,21.2680186,72.9580725,31.115317159149345,-1.025,-0.053,0.204,,0.0,0.0,0.0,,,,,0.0,0.0,31.0,0.0018428000000021,-0.0017270000000024,31.54,74.0,36.5,1
21380,SO-1301,Constable Dinesh Panchal,Constable,59,2026-07-17 11:35:12+00:00,81.0,87.0,,21.2694453,72.9574017,30.78286913918693,-0.303,-0.024,0.871,,0.0,0.0,0.0,,,,,0.0,0.0,29.0,0.0014266999999996,-0.0006707999999946,21.46,87.0,36.5,1
21382,SO-1301,Constable Dinesh Panchal,Constable,59,2026-07-17 11:35:42+00:00,87.0,84.0,,21.2698064,72.9572789,28.799999237060547,0.247,0.02,0.837,,0.0,0.0,0.0,,,,,0.0,0.0,30.0,0.0003610999999992,-0.0001227999999997,5.05,84.0,36.5,1
21386,SO-1301,Constable Dinesh Panchal,Constable,59,2026-07-17 11:36:12+00:00,82.0,75.0,,21.2714061,72.9564667,32.26648892699093,-0.271,0.204,0.85,,0.0,0.0,0.0,,,,,0.0,0.0,30.0,0.0015996999999998,-0.0008122000000128,23.57,75.0,36.5,1
21389,SO-1301,Constable Dinesh Panchal,Constable,59,2026-07-17 11:36:42+00:00,88.0,87.0,,21.2735109,72.9549831,28.799999237060547,-0.25,0.355,0.886,,0.0,0.0,0.0,,,,,0.0,0.0,30.0,0.0021048000000014,-0.001483599999986,33.55,87.0,36.5,1
21392,SO-1301,Constable Dinesh Panchal,Constable,59,2026-07-17 11:37:12+00:00,89.0,86.0,,21.2757261,72.9533857,30.692448649648043,-0.884,0.075,0.577,,0.0,0.0,0.0,,,,,0.0,0.0,30.0,0.0022151999999984,-0.0015974000000085,35.55,86.0,36.5,1
21395,SO-1301,Constable Dinesh Panchal,Constable,59,2026-07-17 11:37:42+00:00,87.0,87.0,,21.2783694,72.9511806,28.799999237060547,-0.736,0.061,0.521,,0.0,0.0,0.0,,,,,0.0,0.0,30.0,0.002643299999999,-0.0022050999999976,44.6,87.0,36.5,1
21398,SO-1301,Constable Dinesh Panchal,Constable,59,2026-07-17 11:38:14+00:00,83.0,70.0,,21.2797308,72.9501266,28.626866142574812,-0.285,0.126,0.977,,0.0,0.0,0.0,,,,,0.0,0.0,32.0,0.0013614000000004,-0.0010539999999963,20.97,70.0,36.5,1
21401,SO-1301,Constable Dinesh Panchal,Constable,59,2026-07-17 11:38:43+00:00,100.0,87.0,,21.2824924,72.9507979,31.490177026478097,-0.656,0.035,0.991,,0.0,0.0,0.0,,,,,0.0,0.0,29.0,0.0027615999999994,0.0006712999999933,39.02,87.0,36.5,1
21404,SO-1301,Constable Dinesh Panchal,Constable,59,2026-07-17 11:39:13+00:00,83.0,68.0,,21.2848069,72.9506799,33.492687494907926,0.279,1.17,-0.35,,0.0,0.0,0.0,,,,,0.0,0.0,30.0,0.0023145000000006,-0.0001180000000005,30.86,68.0,36.5,1
21407,SO-1301,Constable Dinesh Panchal,Constable,59,2026-07-17 11:39:43+00:00,94.0,79.0,,21.2879315,72.9508267,25.485964423999164,-0.848,0.26,0.371,,0.0,0.0,0.0,,,,,0.0,0.0,30.0,0.0031245999999995,0.000146799999996,41.66,79.0,36.5,1
21410,SO-1301,Constable Dinesh Panchal,Constable,59,2026-07-17 11:40:12+00:00,98.0,85.0,,21.2887933,72.9497391,24.813105738334144,-0.651,0.3,0.64,,0.0,0.0,0.0,,,,,0.0,0.0,29.0,0.0008617999999991,-0.001087599999991,18.33,85.0,36.5,1
21413,SO-1301,Constable Dinesh Panchal,Constable,59,2026-07-17 11:40:43+00:00,86.0,70.0,,21.2899754,72.9465115,24.251559792896003,-0.879,-0.176,0.227,,0.0,0.0,0.0,,,,,0.0,0.0,31.0,0.0011821000000011,-0.0032276000000024,41.67,70.0,36.5,1
21416,SO-1301,Constable Dinesh Panchal,Constable,59,2026-07-17 11:41:12+00:00,95.0,85.0,,21.2898635,72.9455029,24.5058819304256,-0.278,0.895,-0.083,,0.0,0.0,0.0,,,,,0.0,0.0,29.0,-0.0001119000000002,-0.0010086000000057,13.05,85.0,36.5,1
21419,SO-1301,Constable Dinesh Panchal,Constable,59,2026-07-17 11:41:43+00:00,84.0,88.0,,21.2902947,72.9419142,22.399999618530273,-0.219,0.27,0.902,,0.0,0.0,0.0,,,,,0.0,0.0,31.0,0.0004312000000012,-0.0035886999999945,43.48,88.0,36.5,1
21422,SO-1301,Constable Dinesh Panchal,Constable,59,2026-07-17 11:42:12+00:00,90.0,88.0,,21.2893556,72.9413356,23.700000762939453,-0.887,-0.382,-0.093,,0.0,0.0,0.0,,,,,0.0,0.0,29.0,-0.0009391,-0.0005785999999972,14.92,88.0,36.5,1
21425,SO-1301,Constable Dinesh Panchal,Constable,59,2026-07-17 11:42:42+00:00,84.0,86.0,,21.2898165,72.9399428,25.399999618530273,-0.519,0.298,0.574,,0.0,0.0,0.0,,,,,0.0,0.0,30.0,0.0004609000000002,-0.0013928000000049,18.35,86.0,36.5,1
21428,SO-1301,Constable Dinesh Panchal,Constable,59,2026-07-17 11:43:12+00:00,100.0,88.0,,21.290173,72.9392865,24.200000762939453,-0.464,0.497,0.665,,0.0,0.0,0.0,,,,,0.0,0.0,30.0,0.0003564999999987,-0.0006563000000028,9.43,88.0,36.5,1
21431,SO-1301,Constable Dinesh Panchal,Constable,59,2026-07-17 11:43:42+00:00,96.0,88.0,,21.2892842,72.9375507,25.299999237060547,-0.949,-0.282,0.054,,0.0,0.0,0.0,,,,,0.0,0.0,30.0,-0.0008887999999984,-0.0017357999999916,24.59,88.0,36.5,1
21434,SO-1301,Constable Dinesh Panchal,Constable,59,2026-07-17 11:44:12+00:00,88.0,88.0,,21.2902493,72.935449,25.200000762939453,-0.217,-0.192,0.784,,0.0,0.0,0.0,,,,,0.0,0.0,30.0,0.0009650999999983,-0.0021016999999972,29.09,88.0,36.5,1
21437,SO-1301,Constable Dinesh Panchal,Constable,59,2026-07-17 11:44:43+00:00,95.0,88.0,,21.2907877,72.933972,24.200000762939453,-0.287,-1.105,0.015,,0.0,0.0,0.0,,,,,0.0,0.0,31.0,0.0005383999999999,-0.0014770000000083,19.06,88.0,36.5,1
21440,SO-1301,Constable Dinesh Panchal,Constable,59,2026-07-17 11:45:13+00:00,94.0,88.0,,21.2913621,72.9323371,27.341272787452468,-0.01,-0.853,0.409,,0.0,0.0,0.0,,,,,0.0,0.0,30.0,0.0005744000000014,-0.0016348999999991,21.69,88.0,36.5,1
21444,SO-1301,Constable Dinesh Panchal,Constable,59,2026-07-17 11:45:46+00:00,96.0,88.0,,21.2944045,72.92899,29.082849306374698,-0.131,-0.952,0.062,,0.0,0.0,0.0,,,,,0.0,0.0,33.0,0.0030423999999982,-0.0033470999999991,52.77,88.0,36.5,1
21446,SO-1301,Constable Dinesh Panchal,Constable,59,2026-07-17 11:46:14+00:00,94.0,88.0,,21.2968221,72.925678,28.14963621368088,-0.254,-0.98,0.081,,0.0,0.0,0.0,,,,,0.0,0.0,28.0,0.0024176000000011,-0.0033119999999939,55.96,88.0,36.5,1
21448,SO-1301,Constable Dinesh Panchal,Constable,59,2026-07-17 11:46:42+00:00,94.0,88.0,,21.2985098,72.9236861,27.5,-0.267,-1.025,0.175,,0.0,0.0,0.0,,,,,0.0,0.0,28.0,0.0016877000000015,-0.0019919000000072,35.81,88.0,36.5,1
21451,SO-1301,Constable Dinesh Panchal,Constable,59,2026-07-17 11:47:13+00:00,91.0,88.0,,21.301509,72.9192969,30.600000381469727,-0.118,-1.07,0.257,,0.0,0.0,0.0,,,,,0.0,0.0,31.0,0.0029991999999978,-0.0043891999999914,65.39,88.0,36.5,1
21454,SO-1301,Constable Dinesh Panchal,Constable,59,2026-07-17 11:47:43+00:00,97.0,87.0,,21.3033797,72.9164003,27.5,-0.16,-1.347,0.0,,0.0,0.0,0.0,,,,,0.0,0.0,30.0,0.0018707000000013,-0.0028965999999996,43.75,87.0,36.5,1
21457,SO-1301,Constable Dinesh Panchal,Constable,59,2026-07-17 11:48:14+00:00,87.0,88.0,,21.3055343,72.9138033,27.5,0.14,-0.995,0.448,,0.0,0.0,0.0,,,,,0.0,0.0,31.0,0.0021546000000007,-0.0025970000000086,41.77,88.0,36.5,1
21460,SO-1301,Constable Dinesh Panchal,Constable,59,2026-07-17 11:48:44+00:00,98.0,88.0,,21.3079311,72.9092113,27.5,-0.315,-0.838,0.262,,0.0,0.0,0.0,,,,,0.0,0.0,30.0,0.0023967999999996,-0.0045920000000023,65.34,88.0,36.5,1
21463,SO-1301,Constable Dinesh Panchal,Constable,59,2026-07-17 11:49:13+00:00,90.0,88.0,,21.3087786,72.9071092,27.5,0.238,-0.658,0.592,,0.0,0.0,0.0,,,,,0.0,0.0,29.0,0.000847499999999,-0.0021021000000018,29.42,88.0,36.5,1
21466,SO-1301,Constable Dinesh Panchal,Constable,59,2026-07-17 11:49:43+00:00,85.0,79.0,,21.3099379,72.9022415,27.5,-0.615,0.324,0.603,,0.0,0.0,0.0,,,,,0.0,0.0,30.0,0.0011593000000011,-0.0048676999999912,62.38,79.0,36.5,1
21469,SO-1301,Constable Dinesh Panchal,Constable,59,2026-07-17 11:50:13+00:00,84.0,88.0,,21.3122027,72.8972779,27.5,-0.366,-0.133,0.916,,0.0,0.0,0.0,,,,,0.0,0.0,30.0,0.0022647999999989,-0.0049635999999964,68.62,88.0,36.5,1
21472,SO-1301,Constable Dinesh Panchal,Constable,59,2026-07-17 11:50:42+00:00,85.0,69.0,,21.3136287,72.8949255,24.600000381469727,-0.217,-0.268,0.917,,0.0,0.0,0.0,,,,,0.0,0.0,29.0,0.0014259999999985,-0.0023524000000065,36.04,69.0,36.5,1
21475,SO-1301,Constable Dinesh Panchal,Constable,59,2026-07-17 11:51:14+00:00,92.0,85.0,,21.3163186,72.8911977,35.68872780624257,-0.549,0.161,0.996,,0.0,0.0,0.0,,,,,0.0,0.0,32.0,0.0026899,-0.0037277999999929,54.87,85.0,36.5,1
21478,SO-1301,Constable Dinesh Panchal,Constable,59,2026-07-17 11:51:43+00:00,97.0,83.0,,21.3149761,72.886375,31.60666729130446,-0.475,-0.491,0.607,,0.0,0.0,0.0,,,,,0.0,0.0,29.0,-0.0013424999999998,-0.0048227000000053,64.65,83.0,36.5,1
21481,SO-1301,Constable Dinesh Panchal,Constable,59,2026-07-17 11:52:14+00:00,86.0,88.0,,21.317537,72.8838964,23.600000381469727,-0.376,-0.826,0.392,,0.0,0.0,0.0,,,,,0.0,0.0,31.0,0.0025609000000024,-0.0024786000000034,44.46,88.0,36.5,1
21484,SO-1301,Constable Dinesh Panchal,Constable,59,2026-07-17 11:52:43+00:00,86.0,85.0,,21.3175373,72.8833485,23.600000381469727,-0.702,0.279,0.631,,0.0,0.0,0.0,,,,,0.0,0.0,29.0,2.999999999531156e-07,-0.0005479000000008,7.04,85.0,36.5,1
21487,SO-1301,Constable Dinesh Panchal,Constable,59,2026-07-17 11:53:13+00:00,93.0,85.0,,21.317688,72.8831095,23.600000381469727,-0.199,-0.642,0.401,,0.0,0.0,0.0,,,,,0.0,0.0,30.0,0.0001506999999989,-0.0002389999999934,3.58,85.0,36.5,2
21490,SO-1301,Constable Dinesh Panchal,Constable,59,2026-07-17 11:53:43+00:00,93.0,88.0,,21.3172983,72.8827744,21.10355094039164,-0.304,-0.782,0.262,,0.0,0.0,0.0,,,,,0.0,0.0,30.0,-0.0003896999999994,-0.0003351000000009,6.65,88.0,36.5,1
21494,SO-1301,Constable Dinesh Panchal,Constable,59,2026-07-17 11:54:12+00:00,93.0,86.0,,21.3172059,72.8828755,21.241460386468916,-0.416,-0.141,0.822,,0.0,0.0,0.0,,,,,0.0,0.0,29.0,-9.239999999977044e-05,0.0001010999999948,1.82,86.0,36.5,2
21498,SO-1301,Constable Dinesh Panchal,Constable,59,2026-07-17 11:54:42+00:00,84.0,88.0,,21.3171932,72.8828705,21.31820538373437,-0.851,-0.196,0.355,,0.0,0.0,0.0,,,,,0.0,0.0,30.0,-1.2700000002752176e-05,-5.000000001587068e-06,0.18,88.0,36.5,0
21501,SO-1301,Constable Dinesh Panchal,Constable,59,2026-07-17 11:55:12+00:00,90.0,88.0,,21.3171618,72.8829683,20.480896429799287,-0.609,-0.09,0.767,,0.0,0.0,0.0,,,,,0.0,0.0,30.0,-3.1399999997461236e-05,9.780000000603196e-05,1.28,88.0,36.5,0
21504,SO-1301,Constable Dinesh Panchal,Constable,59,2026-07-17 11:55:42+00:00,89.0,84.0,,21.3172382,72.8828085,21.08678848643534,-0.175,0.022,1.05,,0.0,0.0,0.0,,,,,0.0,0.0,30.0,7.6399999997534e-05,-0.0001598000000058,2.23,84.0,36.5,0
21507,SO-1301,Constable Dinesh Panchal,Constable,59,2026-07-17 11:56:12+00:00,98.0,85.0,,21.3173485,72.8824256,21.263720433880593,-0.503,-0.077,0.746,,0.0,0.0,0.0,,,,,0.0,0.0,30.0,0.0001103000000028,-0.000382899999991,4.98,85.0,36.5,1
21510,SO-1301,Constable Dinesh Panchal,Constable,59,2026-07-17 11:56:42+00:00,81.0,85.0,,21.3171765,72.8828586,21.347298707845567,-0.784,0.031,0.615,,0.0,0.0,0.0,,,,,0.0,0.0,30.0,-0.0001720000000027,0.000433000000001,5.84,85.0,36.5,1
21513,SO-1301,Constable Dinesh Panchal,Constable,59,2026-07-17 11:57:12+00:00,82.0,87.0,,21.3172454,72.8827353,21.455429304994325,-0.685,-0.018,0.62,,0.0,0.0,0.0,,,,,0.0,0.0,30.0,6.890000000225882e-05,-0.0001233000000127,1.78,87.0,36.5,0
21516,SO-1301,Constable Dinesh Panchal,Constable,59,2026-07-17 11:57:42+00:00,87.0,74.0,,21.3171939,72.8829467,24.399999618530273,-0.551,0.015,0.81,,0.0,0.0,0.0,,,,,0.0,0.0,30.0,-5.1500000001425406e-05,0.0002114000000119,2.71,74.0,36.5,0
21520,SO-1301,Constable Dinesh Panchal,Constable,59,2026-07-17 11:58:12+00:00,92.0,88.0,,21.31716,72.8829333,21.64348575576129,-0.448,0.241,0.794,,0.0,0.0,0.0,,,,,0.0,0.0,30.0,-3.389999999825477e-05,-1.3400000000274304e-05,0.48,88.0,36.5,2
21524,SO-1301,Constable Dinesh Panchal,Constable,59,2026-07-17 11:58:42+00:00,100.0,88.0,,21.3172698,72.8827275,21.296106918650437,-0.307,0.268,0.876,,0.0,0.0,0.0,,,,,0.0,0.0,30.0,0.000109799999997,-0.0002058000000033,2.94,88.0,36.5,2
21528,SO-1301,Constable Dinesh Panchal,Constable,59,2026-07-17 11:59:12+00:00,82.0,88.0,,21.3172093,72.8828832,21.690630995377873,0.052,-0.828,0.533,,0.0,0.0,0.0,,,,,0.0,0.0,30.0,-6.050000000001887e-05,0.0001556999999934,2.09,88.0,36.5,0
21531,SO-1301,Constable Dinesh Panchal,Constable,59,2026-07-17 11:59:42+00:00,92.0,85.0,,21.3172207,72.8828501,21.456118189050105,-0.816,-0.548,-0.03,,0.0,0.0,0.0,,,,,0.0,0.0,30.0,1.1400000001771105e-05,-3.309999999601132e-05,0.44,85.0,36.5,2
21534,SO-1301,Constable Dinesh Panchal,Constable,59,2026-07-17 12:00:12+00:00,100.0,88.0,,21.3172247,72.8828964,22.361918854813084,-0.829,-0.402,0.289,,0.0,0.0,0.0,,,,,0.0,0.0,30.0,4.000000000559112e-06,4.630000000815926e-05,0.58,88.0,36.5,2
21540,SO-1301,Constable Dinesh Panchal,Constable,59,2026-07-17 12:00:42+00:00,90.0,88.0,,21.3172554,72.8827305,21.34743246511516,0.1,-0.86,0.475,,0.0,0.0,0.0,,,,,0.0,0.0,30.0,3.069999999993911e-05,-0.0001659000000131,2.1,88.0,36.5,0
21545,SO-1301,Constable Dinesh Panchal,Constable,59,2026-07-17 12:01:15+00:00,89.0,88.0,,21.3178673,72.8820999,22.53285999109295,-0.32,-0.071,0.888,,0.0,0.0,0.0,,,,,0.0,0.0,33.0,0.0006118999999991,-0.0006305999999938,10.27,88.0,36.5,1
21550,SO-1301,Constable Dinesh Panchal,Constable,59,2026-07-17 12:01:42+00:00,93.0,88.0,,21.3178707,72.8820742,24.899999618530273,-0.452,0.128,0.85,,0.0,0.0,0.0,,,,,0.0,0.0,27.0,3.4000000006528808e-06,-2.5699999994799327e-05,0.36,88.0,36.5,2
21555,SO-1301,Constable Dinesh Panchal,Constable,59,2026-07-17 12:02:12+00:00,99.0,84.0,,21.317874,72.8821085,24.5,-0.35,-0.144,0.908,,0.0,0.0,0.0,,,,,0.0,0.0,30.0,3.299999999484271e-06,3.429999999582378e-05,0.43,84.0,36.5,2
21561,SO-1301,Constable Dinesh Panchal,Constable,59,2026-07-17 12:02:47+00:00,82.0,75.0,,21.317874,72.8821085,24.5,-0.313,-0.144,0.919,,0.0,0.0,0.0,,,,,0.0,0.0,35.0,0.0,0.0,0.0,75.0,36.5,0
21565,SO-1301,Constable Dinesh Panchal,Constable,59,2026-07-17 12:03:12+00:00,82.0,78.0,,21.3178565,72.8821472,24.899999618530273,-0.395,-0.111,0.87,,0.0,0.0,0.0,,,,,0.0,0.0,25.0,-1.749999999844931e-05,3.870000000461005e-05,0.64,78.0,36.5,0
21570,SO-1301,Constable Dinesh Panchal,Constable,59,2026-07-17 12:03:42+00:00,82.0,77.0,,21.3178741,72.8820691,24.899999618530273,-0.415,-0.173,0.872,,0.0,0.0,0.0,,,,,0.0,0.0,30.0,1.759999999961792e-05,-7.810000001029493e-05,1.0,77.0,36.5,0
21575,SO-1301,Constable Dinesh Panchal,Constable,59,2026-07-17 12:04:12+00:00,87.0,78.0,,21.3179655,72.8817479,24.700000762939453,-0.374,-0.137,0.845,,0.0,0.0,0.0,,,,,0.0,0.0,30.0,9.139999999874247e-05,-0.0003212000000019,4.17,78.0,36.5,0
21580,SO-1301,Constable Dinesh Panchal,Constable,59,2026-07-17 12:04:43+00:00,87.0,80.0,,21.3177425,72.8824058,24.700000762939453,-0.376,-0.19,0.89,,0.0,0.0,0.0,,,,,0.0,0.0,31.0,-0.0002229999999983,0.0006579000000073,8.41,80.0,36.5,1
21584,SO-1301,Constable Dinesh Panchal,Constable,59,2026-07-17 12:05:12+00:00,92.0,71.0,,21.3178923,72.8820432,35.374830667058575,-0.399,-0.107,0.82,,0.0,0.0,0.0,,,,,0.0,0.0,29.0,0.000149799999999,-0.0003626000000025,5.09,71.0,36.5,1
21588,SO-1301,Constable Dinesh Panchal,Constable,59,2026-07-17 12:05:42+00:00,92.0,78.0,,21.3178863,72.8820507,24.899999618530273,-0.487,-0.099,0.869,,0.0,0.0,0.0,,,,,0.0,0.0,30.0,-5.999999999062311e-06,7.499999995275175e-06,0.12,78.0,36.5,2
21592,SO-1301,Constable Dinesh Panchal,Constable,59,2026-07-17 12:06:12+00:00,82.0,69.0,,21.3178678,72.8820936,24.899999618530273,-0.245,-0.015,0.904,,0.0,0.0,0.0,,,,,0.0,0.0,30.0,-1.850000000302998e-05,4.290000001105909e-05,0.59,69.0,36.5,0
21596,SO-1301,Constable Dinesh Panchal,Constable,59,2026-07-17 12:06:42+00:00,87.0,80.0,,21.317938,72.8817091,24.700000762939453,-0.358,0.284,0.825,,0.0,0.0,0.0,,,,,0.0,0.0,30.0,7.020000000323989e-05,-0.0003845000000097,4.86,80.0,36.5,1
21600,SO-1301,Constable Dinesh Panchal,Constable,59,2026-07-17 12:07:12+00:00,91.0,77.0,,21.3177948,72.8824092,24.700000762939453,-0.422,-0.102,0.875,,0.0,0.0,0.0,,,,,0.0,0.0,30.0,-0.0001432000000001,0.000700100000003,8.9,77.0,36.5,1
21604,SO-1301,Constable Dinesh Panchal,Constable,59,2026-07-17 12:07:42+00:00,91.0,79.0,,21.3178922,72.8820744,24.899999618530273,-0.322,-0.112,0.867,,0.0,0.0,0.0,,,,,0.0,0.0,30.0,9.73999999978048e-05,-0.0003348000000045,4.35,79.0,36.5,2
21608,SO-1301,Constable Dinesh Panchal,Constable,59,2026-07-17 12:08:12+00:00,96.0,84.0,,21.3179419,72.8821502,24.899999618530273,-0.004,-0.745,0.178,,0.0,0.0,0.0,,,,,0.0,0.0,30.0,4.970000000170671e-05,7.580000000473319e-05,1.15,84.0,36.5,2
21612,SO-1301,Constable Dinesh Panchal,Constable,59,2026-07-17 12:08:42+00:00,84.0,82.0,,21.3178523,72.8820817,24.899999618530273,-0.25,-0.97,0.074,,0.0,0.0,0.0,,,,,0.0,0.0,30.0,-8.960000000257651e-05,-6.849999999758438e-05,1.47,82.0,36.5,0
21615,SO-1301,Constable Dinesh Panchal,Constable,59,2026-07-17 12:09:12+00:00,86.0,72.0,,21.3178893,72.8821185,24.899999618530273,-0.261,-0.955,0.09,,0.0,0.0,0.0,,,,,0.0,0.0,30.0,3.700000000250725e-05,3.6800000003722744e-05,0.67,72.0,36.5,0
21618,SO-1301,Constable Dinesh Panchal,Constable,59,2026-07-17 12:09:42+00:00,88.0,86.0,,21.3179514,72.8819035,24.899999618530273,-0.221,-0.812,0.188,,0.0,0.0,0.0,,,,,0.0,0.0,30.0,6.209999999740035e-05,-0.0002149999999971,2.79,86.0,36.5,0
21623,SO-1301,Constable Dinesh Panchal,Constable,59,2026-07-17 12:10:12+00:00,99.0,87.0,,21.3177089,72.8812503,25.399999618530273,-0.135,-0.954,0.155,,0.0,0.0,0.0,,,,,0.0,0.0,30.0,-0.0002424999999988,-0.0006532000000021,8.73,87.0,36.5,1
21627,SO-1301,Constable Dinesh Panchal,Constable,59,2026-07-17 12:10:42+00:00,97.0,87.0,,21.3177471,72.8829964,24.399999618530273,-0.338,-1.141,-0.011,,0.0,0.0,0.0,,,,,0.0,0.0,30.0,3.8199999998767e-05,0.0017460999999912,21.69,87.0,36.5,1
21632,SO-1301,Constable Dinesh Panchal,Constable,59,2026-07-17 12:11:12+00:00,86.0,88.0,,21.3174428,72.8852035,27.195082109521636,-0.185,-0.966,0.056,,0.0,0.0,0.0,,,,,0.0,0.0,30.0,-0.0003042999999998,0.0022071000000067,27.7,88.0,36.5,1
21637,SO-1301,Constable Dinesh Panchal,Constable,59,2026-07-17 12:11:43+00:00,86.0,88.0,,21.3167598,72.8884256,36.11495879800643,-0.356,-1.104,-0.13,,0.0,0.0,0.0,,,,,0.0,0.0,31.0,-0.0006829999999986,0.0032221000000021,39.7,88.0,36.5,1
21642,SO-1301,Constable Dinesh Panchal,Constable,59,2026-07-17 12:12:12+00:00,82.0,88.0,,21.3162466,72.8912137,37.44180158737859,-0.591,-0.853,0.407,,0.0,0.0,0.0,,,,,0.0,0.0,29.0,-0.0005132000000003,0.0027880999999894,36.5,88.0,36.5,1
21646,SO-1301,Constable Dinesh Panchal,Constable,59,2026-07-17 12:12:42+00:00,82.0,84.0,,21.3142489,72.8949632,27.913146811597485,-0.277,0.098,0.914,,0.0,0.0,0.0,,,,,0.0,0.0,30.0,-0.0019977000000004,0.003749500000012,53.62,84.0,36.5,1
21652,SO-1301,Constable Dinesh Panchal,Constable,59,2026-07-17 12:13:12+00:00,92.0,82.0,,21.3140228,72.8952734,24.299999237060547,-0.181,0.646,1.094,,0.0,0.0,0.0,,,,,0.0,0.0,30.0,-0.000226099999999,0.000310199999987,4.89,82.0,36.5,1
21657,SO-1301,Constable Dinesh Panchal,Constable,59,2026-07-17 12:13:42+00:00,93.0,54.0,,21.3144317,72.8951491,28.62552205753761,-0.299,1.012,-0.006,,0.0,0.0,0.0,,,,,0.0,0.0,30.0,0.0004089,-0.0001242999999959,5.66,54.0,36.5,1
21662,SO-1301,Constable Dinesh Panchal,Constable,59,2026-07-17 12:14:12+00:00,83.0,84.0,,21.3144785,72.8951182,30.921935800205475,-0.159,0.945,0.136,,0.0,0.0,0.0,,,,,0.0,0.0,30.0,4.679999999979145e-05,-3.0899999998723615e-05,0.73,84.0,36.5,0
21668,SO-1301,Constable Dinesh Panchal,Constable,59,2026-07-17 12:14:42+00:00,86.0,85.0,,21.3140178,72.8952681,27.24359436278418,-0.776,0.613,-0.092,,0.0,0.0,0.0,,,,,0.0,0.0,30.0,-0.0004607000000014,0.0001498999999967,6.41,85.0,36.5,1
21672,SO-1301,Constable Dinesh Panchal,Constable,59,2026-07-17 12:15:12+00:00,91.0,79.0,,21.3139658,72.895133,27.0,-0.684,2.0,-2.0,,0.0,0.0,0.0,,,,,0.0,0.0,30.0,-5.200000000016303e-05,-0.0001350999999942,1.81,79.0,36.5,1
21677,SO-1301,Constable Dinesh Panchal,Constable,59,2026-07-17 12:15:42+00:00,98.0,75.0,,21.3139821,72.8952451,27.0,0.791,-0.466,0.081,,0.0,0.0,0.0,,,,,0.0,0.0,30.0,1.6300000002189563e-05,0.0001120999999955,1.41,75.0,36.5,1
21682,SO-1301,Constable Dinesh Panchal,Constable,59,2026-07-17 12:16:14+00:00,94.0,88.0,,21.3127491,72.8966072,29.55342154983728,-0.87,-0.301,0.027,,0.0,0.0,0.0,,,,,0.0,0.0,32.0,-0.0012329999999991,0.0013621000000085,22.1,88.0,36.5,1
21687,SO-1301,Constable Dinesh Panchal,Constable,59,2026-07-17 12:16:43+00:00,89.0,88.0,,21.310726,72.9002754,28.646429045571836,-1.026,-0.394,-0.188,,0.0,0.0,0.0,,,,,0.0,0.0,29.0,-0.0020231000000023,0.0036681999999927,54.74,88.0,36.5,1
21692,SO-1301,Constable Dinesh Panchal,Constable,59,2026-07-17 12:17:13+00:00,87.0,88.0,,21.309776,72.9045244,29.37024576537513,-0.146,-0.925,0.165,,0.0,0.0,0.0,,,,,0.0,0.0,30.0,-0.0009499999999995,0.0042490000000015,54.25,88.0,36.5,1
21697,SO-1301,Constable Dinesh Panchal,Constable,59,2026-07-17 12:17:43+00:00,99.0,88.0,,21.3082591,72.9083229,29.329453304713965,0.088,-0.973,-0.038,,0.0,0.0,0.0,,,,,0.0,0.0,30.0,-0.0015168999999986,0.003798500000002,51.31,88.0,36.5,1
21702,SO-1301,Constable Dinesh Panchal,Constable,59,2026-07-17 12:18:14+00:00,100.0,88.0,,21.3073376,72.9105328,27.691541552755893,-0.257,-1.019,0.122,,0.0,0.0,0.0,,,,,0.0,0.0,31.0,-0.0009215000000004,0.0022098999999968,29.09,88.0,36.5,1
21707,SO-1301,Constable Dinesh Panchal,Constable,59,2026-07-17 12:18:44+00:00,87.0,88.0,,21.3056373,72.9136583,29.646893351113135,-0.761,-0.151,-0.755,,0.0,0.0,0.0,,,,,0.0,0.0,30.0,-0.0017002999999995,0.0031254999999958,44.93,88.0,36.5,1
21712,SO-1301,Constable Dinesh Panchal,Constable,59,2026-07-17 12:19:12+00:00,91.0,87.0,,21.3033028,72.9163797,27.17130858325534,-0.748,-0.333,-0.666,,0.0,0.0,0.0,,,,,0.0,0.0,28.0,-0.0023344999999999,0.0027213999999986,49.2,87.0,36.5,1
21717,SO-1301,Constable Dinesh Panchal,Constable,59,2026-07-17 12:19:42+00:00,84.0,88.0,,21.3024762,72.9175613,28.59420506852929,-0.491,-0.348,-0.636,,0.0,0.0,0.0,,,,,0.0,0.0,30.0,-0.0008265999999998,0.0011816000000095,18.34,88.0,36.5,1
21722,SO-1301,Constable Dinesh Panchal,Constable,59,2026-07-17 12:20:14+00:00,90.0,87.0,,21.2999608,72.9214294,30.888138879760163,-0.522,-0.445,-0.717,,0.0,0.0,0.0,,,,,0.0,0.0,32.0,-0.0025154,0.0038680999999911,54.9,87.0,36.5,1
21727,SO-1301,Constable Dinesh Panchal,Constable,59,2026-07-17 12:20:44+00:00,85.0,59.0,,21.2971909,72.9251483,31.78590900530598,0.056,0.823,-0.034,,0.0,0.0,0.0,,,,,0.0,0.0,30.0,-0.0027699000000005,0.0037189000000097,59.1,59.0,36.5,1
21732,SO-1301,Constable Dinesh Panchal,Constable,59,2026-07-17 12:21:13+00:00,85.0,66.0,,21.2956768,72.9272979,30.751154824546347,-0.102,-0.238,1.415,,0.0,0.0,0.0,,,,,0.0,0.0,29.0,-0.0015141000000014,0.0021495999999956,34.61,66.0,36.5,1
21736,SO-1301,Constable Dinesh Panchal,Constable,59,2026-07-17 12:21:43+00:00,92.0,82.0,,21.2936824,72.9300422,29.0,-0.813,-0.215,0.729,,0.0,0.0,0.0,,,,,0.0,0.0,30.0,-0.0019943999999973,0.0027443000000033,43.21,82.0,36.5,1
21740,SO-1301,Constable Dinesh Panchal,Constable,59,2026-07-17 12:22:13+00:00,85.0,74.0,,21.2923348,72.9318721,25.44288763810249,0.207,-0.979,-0.235,,0.0,0.0,0.0,,,,,0.0,0.0,30.0,-0.0013476000000025,0.0018299000000041,28.96,74.0,36.5,1
21744,SO-1301,Constable Dinesh Panchal,Constable,59,2026-07-17 12:22:42+00:00,95.0,87.0,,21.2910796,72.933107,25.600000381469727,-0.339,-1.137,0.034,,0.0,0.0,0.0,,,,,0.0,0.0,29.0,-0.0012551999999992,0.0012349,23.47,87.0,36.5,1
21748,SO-1301,Constable Dinesh Panchal,Constable,59,2026-07-17 12:23:13+00:00,97.0,87.0,,21.2902942,72.9350104,29.0,-0.034,-0.863,0.025,,0.0,0.0,0.0,,,,,0.0,0.0,31.0,-0.000785399999998,0.0019033999999891,25.01,87.0,36.5,1
21752,SO-1301,Constable Dinesh Panchal,Constable,59,2026-07-17 12:23:42+00:00,93.0,88.0,,21.2898334,72.9355514,25.600000381469727,-0.192,-1.02,-0.008,,0.0,0.0,0.0,,,,,0.0,0.0,29.0,-0.0004608000000025,0.0005409999999983,9.41,88.0,36.5,1
21756,SO-1301,Constable Dinesh Panchal,Constable,59,2026-07-17 12:24:12+00:00,93.0,88.0,,21.2900371,72.9385784,28.899999618530273,-0.422,0.202,1.112,,0.0,0.0,0.0,,,,,0.0,0.0,30.0,0.0002037000000001,0.0030270000000029,37.68,88.0,36.5,1
21760,SO-1301,Constable Dinesh Panchal,Constable,59,2026-07-17 12:24:42+00:00,93.0,88.0,,21.289808,72.939904,27.675862074079777,-0.315,0.384,0.809,,0.0,0.0,0.0,,,,,0.0,0.0,30.0,-0.0002290999999985,0.0013256000000012,16.74,88.0,36.5,1
21764,SO-1301,Constable Dinesh Panchal,Constable,59,2026-07-17 12:25:12+00:00,93.0,88.0,,21.2893884,72.9412099,25.200000762939453,-0.555,0.344,0.736,,0.0,0.0,0.0,,,,,0.0,0.0,30.0,-0.0004196000000007,0.0013059000000055,17.15,88.0,36.5,1
21768,SO-1301,Constable Dinesh Panchal,Constable,59,2026-07-17 12:25:42+00:00,97.0,87.0,,21.2895227,72.9422911,23.700000762939453,-0.571,0.175,0.762,,0.0,0.0,0.0,,,,,0.0,0.0,30.0,0.0001342999999991,0.0010812000000015,13.54,87.0,36.5,1
21772,SO-1301,Constable Dinesh Panchal,Constable,59,2026-07-17 12:26:12+00:00,84.0,88.0,,21.2896338,72.9437565,23.799999237060547,-0.566,0.06,0.749,,0.0,0.0,0.0,,,,,0.0,0.0,30.0,0.0001111000000015,0.0014654000000007,18.25,88.0,36.5,1
21776,SO-1301,Constable Dinesh Panchal,Constable,59,2026-07-17 12:26:42+00:00,94.0,88.0,,21.2898876,72.9446909,23.700000762939453,-0.94,0.407,-0.765,,0.0,0.0,0.0,,,,,0.0,0.0,30.0,0.0002537999999994,0.0009343999999913,12.08,88.0,36.5,1
21780,SO-1301,Constable Dinesh Panchal,Constable,59,2026-07-17 12:27:12+00:00,89.0,87.0,,21.2894262,72.9461171,19.200000762939453,-0.423,0.295,0.824,,0.0,0.0,0.0,,,,,0.0,0.0,30.0,-0.0004613999999989,0.0014261999999973,18.74,87.0,36.5,1
21784,SO-1301,Constable Dinesh Panchal,Constable,59,2026-07-17 12:27:43+00:00,82.0,88.0,,21.2889543,72.9481014,20.600000381469727,-0.523,0.359,0.775,,0.0,0.0,0.0,,,,,0.0,0.0,31.0,-0.0004719000000008,0.0019843000000037,24.61,88.0,36.5,1
21787,SO-1301,Constable Dinesh Panchal,Constable,59,2026-07-17 12:28:12+00:00,92.0,86.0,,21.288841,72.9497294,22.929056804510637,-0.394,0.372,0.75,,0.0,0.0,0.0,,,,,0.0,0.0,29.0,-0.0001132999999988,0.0016279999999966,20.97,86.0,36.5,1
21791,SO-1301,Constable Dinesh Panchal,Constable,59,2026-07-17 12:28:42+00:00,93.0,86.0,,21.288597,72.9506163,24.10749255099509,-0.245,0.143,0.658,,0.0,0.0,0.0,,,,,0.0,0.0,30.0,-0.0002440000000021,0.0008868999999975,11.48,86.0,36.5,1
21794,SO-1301,Constable Dinesh Panchal,Constable,59,2026-07-17 12:29:16+00:00,87.0,55.0,,21.2864177,72.9508682,27.720173058765468,-0.911,-0.25,0.352,,0.0,0.0,0.0,,,,,0.0,0.0,34.0,-0.0021792999999981,0.0002519000000091,25.76,55.0,36.5,1
21797,SO-1301,Constable Dinesh Panchal,Constable,59,2026-07-17 12:29:44+00:00,99.0,88.0,,21.2847008,72.9508138,30.199171845595743,-0.301,-0.205,1.022,,0.0,0.0,0.0,,,,,0.0,0.0,28.0,-0.0017169000000016,-5.439999999623524e-05,24.51,88.0,36.5,1
21806,SO-1301,Constable Dinesh Panchal,Constable,59,2026-07-17 12:31:42+00:00,99.0,,,21.278542,72.9522418,27.5,-0.485,-0.428,-0.82,,0.0,0.0,0.0,,,,,0.0,0.0,118.0,-0.0061587999999979,0.0014279999999899,21.34,88.0,36.5,1
23754,SO-1301,Constable Dinesh Panchal,Constable,59,2026-07-17 17:24:46+00:00,88.0,87.0,,21.2146357,72.9686609,29.299999237060547,-0.632,0.084,0.697,,0.0,0.0,0.0,,,,,0.0,0.0,17584.0,-0.0639063000000028,0.0164191000000073,0.0,87.0,36.5,0
23757,SO-1301,Constable Dinesh Panchal,Constable,59,2026-07-17 17:25:16+00:00,92.0,88.0,,21.2146354,72.9686605,29.299999237060547,-0.963,-0.054,-0.14,,0.0,0.0,0.0,,,,,0.0,0.0,30.0,-2.999999999531156e-07,-4.0000000467443897e-07,0.01,88.0,36.5,2
23760,SO-1301,Constable Dinesh Panchal,Constable,59,2026-07-17 17:25:46+00:00,89.0,81.0,,21.2146355,72.9686607,29.299999237060547,-0.936,-0.021,-0.271,,0.0,0.0,0.0,,,,,0.0,0.0,30.0,1.0000000116860974e-07,2.0000000233721948e-07,0.0,81.0,36.5,0
23763,SO-1301,Constable Dinesh Panchal,Constable,59,2026-07-17 17:26:16+00:00,83.0,88.0,,21.214635,72.9686593,29.299999237060547,-0.964,0.061,-0.344,,0.0,0.0,0.0,,,,,0.0,0.0,30.0,-4.999999987376214e-07,-1.4000000021496817e-06,0.02,88.0,36.5,0
23766,SO-1301,Constable Dinesh Panchal,Constable,59,2026-07-17 17:26:46+00:00,98.0,84.0,,21.2146354,72.9686605,29.299999237060547,-0.979,0.086,-0.247,,0.0,0.0,0.0,,,,,0.0,0.0,30.0,3.999999975690116e-07,1.1999999998124622e-06,0.02,84.0,36.5,2
23770,SO-1301,Constable Dinesh Panchal,Constable,59,2026-07-17 17:27:16+00:00,83.0,88.0,,21.2146349,72.9686585,29.299999237060547,-0.968,0.045,-0.239,,0.0,0.0,0.0,,,,,0.0,0.0,30.0,-4.999999987376214e-07,-1.9999999949504854e-06,0.03,88.0,36.5,0
23774,SO-1301,Constable Dinesh Panchal,Constable,59,2026-07-17 17:27:46+00:00,95.0,80.0,,21.2146353,72.9686602,29.299999237060547,-0.965,0.036,-0.235,,0.0,0.0,0.0,,,,,0.0,0.0,30.0,4.000000011217253e-07,1.6999999985500835e-06,0.02,80.0,36.5,2
23779,SO-1301,Constable Dinesh Panchal,Constable,59,2026-07-17 17:28:16+00:00,93.0,85.0,,21.2146357,72.9686609,29.299999237060547,-0.946,0.017,-0.272,,0.0,0.0,0.0,,,,,0.0,0.0,30.0,3.999999975690116e-07,7.000000010748408e-07,0.01,85.0,36.5,2
23783,SO-1301,Constable Dinesh Panchal,Constable,59,2026-07-17 17:28:46+00:00,96.0,86.0,,21.2146357,72.9686609,29.299999237060547,-0.366,-0.726,0.51,,0.0,0.0,0.0,,,,,0.0,0.0,30.0,0.0,0.0,0.0,86.0,36.5,2
23788,SO-1301,Constable Dinesh Panchal,Constable,59,2026-07-17 17:29:16+00:00,81.0,86.0,,21.2146354,72.9686605,29.299999237060547,-0.923,-0.074,-0.375,,0.0,0.0,0.0,,,,,0.0,0.0,30.0,-2.999999999531156e-07,-4.0000000467443897e-07,0.01,86.0,36.5,0
23792,SO-1301,Constable Dinesh Panchal,Constable,59,2026-07-17 17:29:46+00:00,92.0,87.0,,21.2146357,72.9686612,29.299999237060547,-0.965,-0.007,-0.155,,0.0,0.0,0.0,,,,,0.0,0.0,30.0,2.999999999531156e-07,7.000000010748408e-07,0.01,87.0,36.5,2
23796,SO-1301,Constable Dinesh Panchal,Constable,59,2026-07-17 17:30:16+00:00,82.0,87.0,,21.2146357,72.9686612,29.299999237060547,-0.989,0.087,-0.1,,0.0,0.0,0.0,,,,,0.0,0.0,30.0,0.0,0.0,0.0,87.0,36.5,0
23800,SO-1301,Constable Dinesh Panchal,Constable,59,2026-07-17 17:30:46+00:00,95.0,84.0,,21.2146357,72.9686612,29.299999237060547,-0.96,0.115,-0.109,,0.0,0.0,0.0,,,,,0.0,0.0,30.0,0.0,0.0,0.0,84.0,36.5,2
28814,SO-1301,Constable Dinesh Panchal,Constable,59,2026-07-19 10:39:19+00:00,82.0,86.0,,21.1506122,72.8241408,15.699996948242188,-0.964,0.142,-0.09,,0.0,0.0,0.0,,,,,0.0,0.0,148113.0,-0.0640234999999975,-0.1445204000000046,0.0,86.0,36.5,0
28817,SO-1301,Constable Dinesh Panchal,Constable,59,2026-07-19 10:39:48+00:00,89.0,80.0,,21.1505345,72.8241262,15.499996185302734,-1.045,-0.036,0.24,,0.0,0.0,0.0,,,,,0.0,0.0,29.0,-7.770000000206778e-05,-1.4600000000086766e-05,1.09,80.0,36.5,0
28820,SO-1301,Constable Dinesh Panchal,Constable,59,2026-07-19 10:40:18+00:00,83.0,74.0,,21.1505338,72.824129,15.499996185302734,-0.53,0.703,0.391,,0.0,0.0,0.0,,,,,0.0,0.0,30.0,-6.999999975221272e-07,2.8000000042993634e-06,0.04,74.0,36.5,0
28823,SO-1301,Constable Dinesh Panchal,Constable,59,2026-07-19 10:40:48+00:00,97.0,80.0,,21.1505911,72.8241392,15.699996948242188,-0.917,0.255,-0.288,,0.0,0.0,0.0,,,,,0.0,0.0,30.0,5.72999999981505e-05,1.0200000005511356e-05,0.77,80.0,36.5,2
28826,SO-1301,Constable Dinesh Panchal,Constable,59,2026-07-19 10:41:18+00:00,100.0,75.0,,21.1505331,72.8241333,15.499996185302734,-0.922,0.281,0.054,,0.0,0.0,0.0,,,,,0.0,0.0,30.0,-5.799999999922534e-05,-5.900000004999129e-06,0.78,75.0,36.5,2
28829,SO-1301,Constable Dinesh Panchal,Constable,59,2026-07-19 10:41:48+00:00,93.0,71.0,,21.1506139,72.8241422,15.699996948242188,-1.11,0.488,-0.421,,0.0,0.0,0.0,,,,,0.0,0.0,30.0,8.079999999921483e-05,8.899999997424857e-06,1.08,71.0,36.5,2
28832,SO-1301,Constable Dinesh Panchal,Constable,59,2026-07-19 10:42:18+00:00,94.0,88.0,,21.1505378,72.8241298,15.499996185302734,-0.715,-0.072,0.627,,0.0,0.0,0.0,,,,,0.0,0.0,30.0,-7.61000000011336e-05,-1.240000000279906e-05,1.03,88.0,36.5,2
28835,SO-1301,Constable Dinesh Panchal,Constable,59,2026-07-19 10:42:48+00:00,94.0,80.0,,21.1506345,72.8241422,15.699996948242188,-0.046,0.818,0.532,,0.0,0.0,0.0,,,,,0.0,0.0,30.0,9.670000000028268e-05,1.240000000279906e-05,1.3,80.0,36.5,2
28838,SO-1301,Constable Dinesh Panchal,Constable,59,2026-07-19 10:43:18+00:00,89.0,84.0,,21.1505461,72.8241383,15.499996185302734,-0.935,0.143,0.254,,0.0,0.0,0.0,,,,,0.0,0.0,30.0,-8.839999999921133e-05,-3.8999999958377884e-06,1.18,84.0,36.5,0
28841,SO-1301,Constable Dinesh Panchal,Constable,59,2026-07-19 10:43:48+00:00,88.0,64.0,,21.1505284,72.8241361,15.499996185302734,-0.311,0.688,0.606,,0.0,0.0,0.0,,,,,0.0,0.0,30.0,-1.770000000078653e-05,-2.199999997287705e-06,0.24,64.0,36.5,0
28844,SO-1301,Constable Dinesh Panchal,Constable,59,2026-07-19 10:44:18+00:00,80.0,88.0,,21.1505897,72.8241384,15.699996948242188,-0.37,0.539,1.146,,0.0,0.0,0.0,,,,,0.0,0.0,30.0,6.130000000226232e-05,2.2999999913508873e-06,0.82,88.0,36.5,0
28847,SO-1301,Constable Dinesh Panchal,Constable,59,2026-07-19 10:44:48+00:00,95.0,88.0,,21.1505363,72.8241371,15.499996185302734,-0.165,0.656,0.7,,0.0,0.0,0.0,,,,,0.0,0.0,30.0,-5.340000000231271e-05,-1.2999999938756446e-06,0.71,88.0,36.5,2
28850,SO-1301,Constable Dinesh Panchal,Constable,59,2026-07-19 10:45:18+00:00,100.0,80.0,,21.1505363,72.8241371,15.499996185302734,-0.278,0.704,0.616,,0.0,0.0,0.0,,,,,0.0,0.0,30.0,0.0,0.0,0.0,80.0,36.5,2
28853,SO-1301,Constable Dinesh Panchal,Constable,59,2026-07-19 10:45:48+00:00,92.0,88.0,,21.1507789,72.824776,15.499996185302734,-0.227,0.689,0.611,,0.0,0.0,0.0,,,,,0.0,0.0,30.0,0.0002425999999999,0.0006388999999984,8.57,88.0,36.5,1
28855,SO-1301,Constable Dinesh Panchal,Constable,59,2026-07-19 10:46:18+00:00,86.0,80.0,,21.1507789,72.824776,15.499996185302734,0.233,0.641,0.823,,0.0,0.0,0.0,,,,,0.0,0.0,30.0,0.0,0.0,0.0,80.0,36.5,0
28858,SO-1301,Constable Dinesh Panchal,Constable,59,2026-07-19 10:46:48+00:00,87.0,86.0,,21.150556,72.8241458,15.499996185302734,0.896,0.252,0.502,,0.0,0.0,0.0,,,,,0.0,0.0,30.0,-0.0002228999999971,-0.0006302000000033,8.37,86.0,36.5,1
28861,SO-1301,Constable Dinesh Panchal,Constable,59,2026-07-19 10:47:18+00:00,92.0,83.0,,21.1505386,72.8241305,15.499996185302734,-0.651,0.315,0.628,,0.0,0.0,0.0,,,,,0.0,0.0,30.0,-1.7400000000833415e-05,-1.5300000001161607e-05,0.3,83.0,36.5,2
28864,SO-1301,Constable Dinesh Panchal,Constable,59,2026-07-19 10:47:48+00:00,100.0,84.0,,21.1505386,72.8241305,15.499996185302734,-0.683,0.277,0.606,,0.0,0.0,0.0,,,,,0.0,0.0,30.0,0.0,0.0,0.0,84.0,36.5,2
28867,SO-1301,Constable Dinesh Panchal,Constable,59,2026-07-19 10:48:18+00:00,88.0,78.0,,21.1505266,72.8241313,15.499996185302734,-0.626,0.423,0.744,,0.0,0.0,0.0,,,,,0.0,0.0,30.0,-1.2000000001677336e-05,8.000000093488779e-07,0.16,78.0,36.5,0
28870,SO-1301,Constable Dinesh Panchal,Constable,59,2026-07-19 10:48:48+00:00,90.0,87.0,,21.1505266,72.8241313,15.499996185302734,-0.859,0.275,0.329,,0.0,0.0,0.0,,,,,0.0,0.0,30.0,0.0,0.0,0.0,87.0,36.5,0
28873,SO-1301,Constable Dinesh Panchal,Constable,59,2026-07-19 10:49:18+00:00,99.0,88.0,,21.1507789,72.824776,15.499996185302734,-0.857,0.186,0.381,,0.0,0.0,0.0,,,,,0.0,0.0,30.0,0.0002522999999996,0.0006446999999951,8.68,88.0,36.5,1
28877,SO-1301,Constable Dinesh Panchal,Constable,59,2026-07-19 10:49:48+00:00,80.0,87.0,,21.150524,72.8241319,15.499996185302734,-0.264,0.749,0.558,,0.0,0.0,0.0,,,,,0.0,0.0,30.0,-0.000254899999998,-0.0006441000000023,8.69,87.0,36.5,1
28881,SO-1301,Constable Dinesh Panchal,Constable,59,2026-07-19 10:50:18+00:00,82.0,86.0,,21.150524,72.8241319,15.499996185302734,-0.677,0.427,0.544,,0.0,0.0,0.0,,,,,0.0,0.0,30.0,0.0,0.0,0.0,86.0,36.5,0
28885,SO-1301,Constable Dinesh Panchal,Constable,59,2026-07-19 10:50:48+00:00,98.0,88.0,,21.1507789,72.824776,15.499996185302734,-0.963,0.154,-0.025,,0.0,0.0,0.0,,,,,0.0,0.0,30.0,0.000254899999998,0.0006441000000023,8.69,88.0,36.5,1
28889,SO-1301,Constable Dinesh Panchal,Constable,59,2026-07-19 10:51:18+00:00,89.0,85.0,,21.150625,72.8240267,15.499996185302734,-0.553,0.286,0.725,,0.0,0.0,0.0,,,,,0.0,0.0,30.0,-0.0001538999999972,-0.0007492999999954,9.53,85.0,36.5,1
28893,SO-1301,Constable Dinesh Panchal,Constable,59,2026-07-19 10:51:48+00:00,98.0,86.0,,21.1505713,72.8241731,15.499996185302734,-0.773,0.537,-0.31,,0.0,0.0,0.0,,,,,0.0,0.0,30.0,-5.3700000002265824e-05,0.0001463999999913,1.95,86.0,36.5,2
28897,SO-1301,Constable Dinesh Panchal,Constable,59,2026-07-19 10:52:19+00:00,96.0,57.0,,21.1505608,72.8241371,15.699996948242188,-0.636,0.673,-0.507,,0.0,0.0,0.0,,,,,0.0,0.0,31.0,-1.0499999998359044e-05,-3.5999999994373866e-05,0.45,57.0,36.5,2
28901,SO-1301,Constable Dinesh Panchal,Constable,59,2026-07-19 10:52:48+00:00,89.0,,,21.1506435,72.8241406,15.699996948242188,-0.943,0.206,-0.159,,0.0,0.0,0.0,,,,,0.0,0.0,29.0,8.270000000010214e-05,3.500000005374204e-06,1.14,57.0,36.5,0
28905,SO-1301,Constable Dinesh Panchal,Constable,59,2026-07-19 10:53:18+00:00,90.0,84.0,,21.1505343,72.8241367,15.499996185302734,-0.606,0.76,0.279,,0.0,0.0,0.0,,,,,0.0,0.0,30.0,-0.0001092000000006,-3.900000010048643e-06,1.46,84.0,36.5,0
28909,SO-1301,Constable Dinesh Panchal,Constable,59,2026-07-19 10:53:48+00:00,86.0,87.0,,21.1505292,72.8241369,15.499996185302734,0.443,-0.895,0.047,,0.0,0.0,0.0,,,,,0.0,0.0,30.0,-5.099999999202964e-06,2.0000000233721948e-07,0.07,87.0,36.5,0
28913,SO-1301,Constable Dinesh Panchal,Constable,59,2026-07-19 10:54:18+00:00,89.0,80.0,,21.150573,72.8241422,15.499996185302734,0.46,-0.901,-0.002,,0.0,0.0,0.0,,,,,0.0,0.0,30.0,4.38000000002603e-05,5.29999999798747e-06,0.59,80.0,36.5,0
28917,SO-1301,Constable Dinesh Panchal,Constable,59,2026-07-19 10:54:48+00:00,87.0,82.0,,21.1505786,72.824143,15.699996948242188,0.411,-0.941,0.035,,0.0,0.0,0.0,,,,,0.0,0.0,30.0,5.599999997940586e-06,8.000000093488779e-07,0.08,82.0,36.5,0
28921,SO-1301,Constable Dinesh Panchal,Constable,59,2026-07-19 10:55:18+00:00,90.0,70.0,,21.1505667,72.8241396,15.699996948242188,0.354,-0.939,-0.002,,0.0,0.0,0.0,,,,,0.0,0.0,30.0,-1.1900000000508726e-05,-3.400000011311022e-06,0.16,70.0,36.5,0
28925,SO-1301,Constable Dinesh Panchal,Constable,59,2026-07-19 10:55:48+00:00,90.0,70.0,,21.1505292,72.8241367,15.499996185302734,0.083,-0.706,0.664,,0.0,0.0,0.0,,,,,0.0,0.0,30.0,-3.749999999769216e-05,-2.8999999983625457e-06,0.5,70.0,36.5,0
28929,SO-1301,Constable Dinesh Panchal,Constable,59,2026-07-19 10:56:18+00:00,86.0,84.0,,21.1505294,72.8241375,15.499996185302734,-0.415,0.698,0.131,,0.0,0.0,0.0,,,,,0.0,0.0,30.0,1.999999987845058e-07,8.000000093488779e-07,0.01,84.0,36.5,0
28933,SO-1301,Constable Dinesh Panchal,Constable,59,2026-07-19 10:56:48+00:00,96.0,84.0,,21.1506098,72.8241406,15.699996948242188,-0.881,0.339,-0.306,,0.0,0.0,0.0,,,,,0.0,0.0,30.0,8.040000000164582e-05,3.1000000006997652e-06,1.07,84.0,36.5,2
28937,SO-1301,Constable Dinesh Panchal,Constable,59,2026-07-19 10:57:18+00:00,81.0,78.0,,21.1506494,72.8241419,15.699996948242188,-0.919,0.259,-0.277,,0.0,0.0,0.0,,,,,0.0,0.0,30.0,3.9599999997363966e-05,1.2999999938756446e-06,0.53,78.0,36.5,0
28941,SO-1301,Constable Dinesh Panchal,Constable,59,2026-07-19 10:57:48+00:00,88.0,79.0,,21.1506435,72.8243342,15.499996185302734,-0.91,0.286,-0.258,,0.0,0.0,0.0,,,,,0.0,0.0,30.0,-5.899999997893701e-06,0.0001922999999948,2.39,79.0,36.5,0
28945,SO-1301,Constable Dinesh Panchal,Constable,59,2026-07-19 10:58:18+00:00,88.0,86.0,,21.1506542,72.8241344,15.699996948242188,-0.91,0.261,-0.312,,0.0,0.0,0.0,,,,,0.0,0.0,30.0,1.0700000000696264e-05,-0.00019979999999,2.48,86.0,36.5,0
28949,SO-1301,Constable Dinesh Panchal,Constable,59,2026-07-19 10:58:48+00:00,84.0,81.0,,21.1506551,72.8241372,15.699996948242188,-0.905,0.279,-0.144,,0.0,0.0,0.0,,,,,0.0,0.0,30.0,8.999999998593466e-07,2.7999999900885086e-06,0.04,81.0,36.5,0
28953,SO-1301,Constable Dinesh Panchal,Constable,59,2026-07-19 10:59:18+00:00,98.0,87.0,,21.1506551,72.8241372,15.699996948242188,-0.985,0.012,-0.227,,0.0,0.0,0.0,,,,,0.0,0.0,30.0,0.0,0.0,0.0,87.0,36.5,2
28957,SO-1301,Constable Dinesh Panchal,Constable,59,2026-07-19 10:59:48+00:00,94.0,82.0,,21.15078,72.82409,15.699996948242188,-0.011,0.505,0.821,,0.0,0.0,0.0,,,,,0.0,0.0,30.0,0.0001248999999994,-4.7199999997360464e-05,1.76,82.0,36.5,2
28961,SO-1301,Constable Dinesh Panchal,Constable,59,2026-07-19 11:00:18+00:00,93.0,78.0,,21.1509167,72.824315,16.80000114440918,-0.97,-0.076,-0.172,,0.0,0.0,0.0,,,,,0.0,0.0,30.0,0.0001366999999987,0.0002250000000003,3.33,78.0,36.5,2
28965,SO-1301,Constable Dinesh Panchal,Constable,59,2026-07-19 11:00:48+00:00,100.0,88.0,,21.1506967,72.824375,15.499996185302734,-0.971,-0.078,-0.183,,0.0,0.0,0.0,,,,,0.0,0.0,30.0,-0.0002199999999987,6.000000000483397e-05,3.02,88.0,36.5,2
28969,SO-1301,Constable Dinesh Panchal,Constable,59,2026-07-19 11:01:18+00:00,89.0,84.0,,21.150567,72.8241367,15.499996185302734,-0.967,-0.126,-0.171,,0.0,0.0,0.0,,,,,0.0,0.0,30.0,-0.0001297000000022,-0.0002383000000065,3.43,84.0,36.5,0
28973,SO-1301,Constable Dinesh Panchal,Constable,59,2026-07-19 11:01:48+00:00,82.0,85.0,,21.1505263,72.8241322,15.499996185302734,0.336,-0.946,0.074,,0.0,0.0,0.0,,,,,0.0,0.0,30.0,-4.069999999956053e-05,-4.500000002849447e-06,0.54,85.0,36.5,0
28977,SO-1301,Constable Dinesh Panchal,Constable,59,2026-07-19 11:02:18+00:00,83.0,76.0,,21.1506287,72.8240013,16.80000114440918,0.347,-0.931,0.131,,0.0,0.0,0.0,,,,,0.0,0.0,30.0,0.0001023999999993,-0.0001308999999878,2.12,76.0,36.5,0
28980,SO-1301,Constable Dinesh Panchal,Constable,59,2026-07-19 11:02:48+00:00,93.0,87.0,,21.1505506,72.8241336,15.499996185302734,0.293,-0.966,0.051,,0.0,0.0,0.0,,,,,0.0,0.0,30.0,-7.80999999996368e-05,0.0001322999999899,1.94,87.0,36.5,2
28985,SO-1301,Constable Dinesh Panchal,Constable,59,2026-07-19 11:03:18+00:00,100.0,87.0,,21.1505339,72.8241247,15.499996185302734,0.237,-0.707,0.64,,0.0,0.0,0.0,,,,,0.0,0.0,30.0,-1.6699999999758575e-05,-8.899999997424857e-06,0.25,87.0,36.5,2
28989,SO-1301,Constable Dinesh Panchal,Constable,59,2026-07-19 11:03:48+00:00,98.0,87.0,,21.1505253,72.8241371,15.499996185302734,0.253,-0.719,0.633,,0.0,0.0,0.0,,,,,0.0,0.0,30.0,-8.599999997471741e-06,1.240000000279906e-05,0.19,87.0,36.5,2
28993,SO-1301,Constable Dinesh Panchal,Constable,59,2026-07-19 11:04:18+00:00,81.0,87.0,,21.1505254,72.8241378,15.499996185302734,0.243,-0.72,0.631,,0.0,0.0,0.0,,,,,0.0,0.0,30.0,9.999999761589606e-08,7.000000010748408e-07,0.01,87.0,36.5,0
28997,SO-1301,Constable Dinesh Panchal,Constable,59,2026-07-19 11:04:48+00:00,83.0,88.0,,21.1505323,72.8241312,15.499996185302734,0.88,-0.025,0.506,,0.0,0.0,0.0,,,,,0.0,0.0,30.0,6.899999998921658e-06,-6.600000006073969e-06,0.12,88.0,36.5,0
29001,SO-1301,Constable Dinesh Panchal,Constable,59,2026-07-19 11:05:18+00:00,97.0,76.0,,21.1505333,72.8241286,15.499996185302734,0.523,-0.817,0.137,,0.0,0.0,0.0,,,,,0.0,0.0,30.0,1.0000000010279564e-06,-2.600000001962144e-06,0.03,76.0,36.5,2
29005,SO-1301,Constable Dinesh Panchal,Constable,59,2026-07-19 11:05:48+00:00,95.0,80.0,,21.1506543,72.8241432,15.699996948242188,0.444,-0.901,0.05,,0.0,0.0,0.0,,,,,0.0,0.0,30.0,0.000121,1.4600000000086766e-05,1.62,80.0,36.5,2
29009,SO-1301,Constable Dinesh Panchal,Constable,59,2026-07-19 11:06:18+00:00,83.0,73.0,,21.1505401,72.8240903,15.499996185302734,0.395,-0.923,0.065,,0.0,0.0,0.0,,,,,0.0,0.0,30.0,-0.0001141999999987,-5.2900000000022374e-05,1.66,73.0,36.5,0
29013,SO-1301,Constable Dinesh Panchal,Constable,59,2026-07-19 11:06:48+00:00,91.0,68.0,,21.150654,72.8241434,15.699996948242188,0.384,-0.927,0.032,,0.0,0.0,0.0,,,,,0.0,0.0,30.0,0.0001138999999987,5.310000000235959e-05,1.65,68.0,36.5,2
29017,SO-1301,Constable Dinesh Panchal,Constable,59,2026-07-19 11:07:18+00:00,86.0,75.0,,21.150531,72.8241375,15.499996185302734,0.303,-0.958,0.004,,0.0,0.0,0.0,,,,,0.0,0.0,30.0,-0.0001229999999985,-5.899999990788274e-06,1.64,75.0,36.5,0
29021,SO-1301,Constable Dinesh Panchal,Constable,59,2026-07-19 11:07:48+00:00,81.0,70.0,,21.1505879,72.8239718,16.80000114440918,0.312,-0.958,0.011,,0.0,0.0,0.0,,,,,0.0,0.0,30.0,5.6900000000581485e-05,-0.0001657000000108,2.19,70.0,36.5,0
29025,SO-1301,Constable Dinesh Panchal,Constable,59,2026-07-19 11:08:18+00:00,89.0,61.0,,21.1505328,72.8241288,15.499996185302734,0.452,-0.908,-0.008,,0.0,0.0,0.0,,,,,0.0,0.0,30.0,-5.510000000086279e-05,0.0001570000000015,2.08,61.0,36.5,0
29029,SO-1301,Constable Dinesh Panchal,Constable,59,2026-07-19 11:08:48+00:00,90.0,79.0,,21.1505337,72.8241299,15.499996185302734,0.428,-0.91,0.015,,0.0,0.0,0.0,,,,,0.0,0.0,30.0,8.999999998593466e-07,1.1000000057492798e-06,0.02,79.0,36.5,0
29033,SO-1301,Constable Dinesh Panchal,Constable,59,2026-07-19 11:09:18+00:00,94.0,87.0,,21.1506555,72.8241422,15.699996948242188,0.442,-0.903,0.002,,0.0,0.0,0.0,,,,,0.0,0.0,30.0,0.0001217999999987,1.2299999994525024e-05,1.63,87.0,36.5,2
29037,SO-1301,Constable Dinesh Panchal,Constable,59,2026-07-19 11:09:48+00:00,81.0,80.0,,21.1505343,72.8241327,15.499996185302734,0.439,-0.91,0.049,,0.0,0.0,0.0,,,,,0.0,0.0,30.0,-0.0001211999999988,-9.49999999022566e-06,1.62,80.0,36.5,0
29041,SO-1301,Constable Dinesh Panchal,Constable,59,2026-07-19 11:10:18+00:00,82.0,79.0,,21.1506558,72.8241414,15.699996948242188,0.361,-0.938,0.073,,0.0,0.0,0.0,,,,,0.0,0.0,30.0,0.0001214999999987,8.699999995087637e-06,1.62,79.0,36.5,0
29045,SO-1301,Constable Dinesh Panchal,Constable,59,2026-07-19 11:10:48+00:00,84.0,84.0,,21.1506565,72.8241414,15.699996948242188,0.413,-0.909,0.042,,0.0,0.0,0.0,,,,,0.0,0.0,30.0,7.000000010748408e-07,0.0,0.01,84.0,36.5,0
29049,SO-1301,Constable Dinesh Panchal,Constable,59,2026-07-19 11:11:18+00:00,90.0,85.0,,21.1505323,72.824135,15.499996185302734,0.418,-0.911,0.081,,0.0,0.0,0.0,,,,,0.0,0.0,30.0,-0.0001242000000019,-6.40000000373675e-06,1.66,85.0,36.5,0
29053,SO-1301,Constable Dinesh Panchal,Constable,59,2026-07-19 11:11:48+00:00,81.0,67.0,,21.150538,72.8241179,15.499996185302734,0.341,-0.944,0.052,,0.0,0.0,0.0,,,,,0.0,0.0,30.0,5.700000002661909e-06,-1.7099999993774873e-05,0.23,67.0,36.5,0
29057,SO-1301,Constable Dinesh Panchal,Constable,59,2026-07-19 11:12:18+00:00,84.0,74.0,,21.1505329,72.8241284,15.499996185302734,0.33,-0.949,0.024,,0.0,0.0,0.0,,,,,0.0,0.0,30.0,-5.099999999202964e-06,1.0500000001911758e-05,0.15,74.0,36.5,0
29061,SO-1301,Constable Dinesh Panchal,Constable,59,2026-07-19 11:12:48+00:00,81.0,86.0,,21.1506509,72.824141,15.699996948242188,0.372,-0.937,0.035,,0.0,0.0,0.0,,,,,0.0,0.0,30.0,0.0001179999999969,1.2599999990925426e-05,1.58,86.0,36.5,0
29065,SO-1301,Constable Dinesh Panchal,Constable,59,2026-07-19 11:13:18+00:00,83.0,72.0,,21.1506527,72.8241406,15.699996948242188,0.371,-0.928,0.057,,0.0,0.0,0.0,,,,,0.0,0.0,30.0,1.7999999997186933e-06,-3.9999999046358425e-07,0.02,72.0,36.5,0
29069,SO-1301,Constable Dinesh Panchal,Constable,59,2026-07-19 11:13:48+00:00,82.0,57.0,,21.1505308,72.824143,15.499996185302734,0.341,-0.947,0.046,,0.0,0.0,0.0,,,,,0.0,0.0,30.0,-0.0001218999999998,2.3999999996249244e-06,1.62,57.0,36.5,0
29073,SO-1301,Constable Dinesh Panchal,Constable,59,2026-07-19 11:14:18+00:00,82.0,57.0,,21.1505284,72.8241351,15.499996185302734,0.359,-0.938,0.055,,0.0,0.0,0.0,,,,,0.0,0.0,30.0,-2.3999999996249244e-06,-7.899999999949614e-06,0.1,57.0,36.5,0
29077,SO-1301,Constable Dinesh Panchal,Constable,59,2026-07-19 11:14:48+00:00,95.0,73.0,,21.1505462,72.8240708,15.499996185302734,0.391,-0.925,0.039,,0.0,0.0,0.0,,,,,0.0,0.0,30.0,1.780000000195514e-05,-6.430000000534619e-05,0.83,73.0,36.5,2
29081,SO-1301,Constable Dinesh Panchal,Constable,59,2026-07-19 11:15:18+00:00,85.0,71.0,,21.1505303,72.8241374,15.499996185302734,0.437,-0.907,0.109,,0.0,0.0,0.0,,,,,0.0,0.0,30.0,-1.5900000001067838e-05,6.659999999669708e-05,0.85,71.0,36.5,0
29085,SO-1301,Constable Dinesh Panchal,Constable,59,2026-07-19 11:15:48+00:00,83.0,82.0,,21.1506489,72.8241414,15.699996948242188,0.41,-0.917,0.088,,0.0,0.0,0.0,,,,,0.0,0.0,30.0,0.0001186000000004,4.0000000041118255e-06,1.58,82.0,36.5,0
29089,SO-1301,Constable Dinesh Panchal,Constable,59,2026-07-19 11:16:18+00:00,83.0,83.0,,21.1505397,72.8241144,15.499996185302734,0.399,-0.918,0.079,,0.0,0.0,0.0,,,,,0.0,0.0,30.0,-0.0001092000000006,-2.7000000002885827e-05,1.49,83.0,36.5,0
29093,SO-1301,Constable Dinesh Panchal,Constable,59,2026-07-19 11:16:48+00:00,92.0,80.0,,21.1506506,72.824142,15.699996948242188,0.467,-0.861,0.228,,0.0,0.0,0.0,,,,,0.0,0.0,30.0,0.0001108999999992,2.759999999568663e-05,1.52,80.0,36.5,2
29097,SO-1301,Constable Dinesh Panchal,Constable,59,2026-07-19 11:17:18+00:00,93.0,88.0,,21.1505415,72.8241379,15.499996185302734,0.721,-0.243,-0.711,,0.0,0.0,0.0,,,,,0.0,0.0,30.0,-0.0001090999999995,-4.099999998175008e-06,1.45,88.0,36.5,2
29101,SO-1301,Constable Dinesh Panchal,Constable,59,2026-07-19 11:17:49+00:00,81.0,79.0,,21.1505691,72.8241414,15.499996185302734,0.695,-0.239,-0.741,,0.0,0.0,0.0,,,,,0.0,0.0,31.0,2.7599999999239344e-05,3.500000005374204e-06,0.36,79.0,36.5,0
29105,SO-1301,Constable Dinesh Panchal,Constable,59,2026-07-19 11:18:18+00:00,97.0,88.0,,21.1505753,72.824143,15.699996948242188,0.647,-0.666,0.39,,0.0,0.0,0.0,,,,,0.0,0.0,29.0,6.2000000013995304e-06,1.6000000044869012e-06,0.09,88.0,36.5,2
29109,SO-1301,Constable Dinesh Panchal,Constable,59,2026-07-19 11:18:48+00:00,87.0,82.0,,21.1505433,72.8241192,15.499996185302734,0.483,-0.881,0.088,,0.0,0.0,0.0,,,,,0.0,0.0,30.0,-3.200000000092018e-05,-2.380000000812288e-05,0.52,82.0,36.5,0
29113,SO-1301,Constable Dinesh Panchal,Constable,59,2026-07-19 11:19:18+00:00,85.0,88.0,,21.1505349,72.8241245,15.499996185302734,0.285,-0.638,0.698,,0.0,0.0,0.0,,,,,0.0,0.0,30.0,-8.399999998687235e-06,5.29999999798747e-06,0.13,88.0,36.5,0
29117,SO-1301,Constable Dinesh Panchal,Constable,59,2026-07-19 11:19:48+00:00,97.0,87.0,,21.1506556,72.8241396,15.699996948242188,0.72,-0.623,0.33,,0.0,0.0,0.0,,,,,0.0,0.0,30.0,0.0001207,1.5099999998824389e-05,1.62,87.0,36.5,2
29121,SO-1301,Constable Dinesh Panchal,Constable,59,2026-07-19 11:20:18+00:00,89.0,83.0,,21.1506495,72.8241424,15.699996948242188,0.725,-0.609,0.351,,0.0,0.0,0.0,,,,,0.0,0.0,30.0,-6.100000000230921e-06,2.8000000042993634e-06,0.09,83.0,36.5,0
29125,SO-1301,Constable Dinesh Panchal,Constable,59,2026-07-19 11:20:48+00:00,94.0,73.0,,21.1505816,72.8241415,15.699996948242188,0.61,-0.706,0.323,,0.0,0.0,0.0,,,,,0.0,0.0,30.0,-6.790000000123086e-05,-9.000000034120603e-07,0.9,73.0,36.5,2
29129,SO-1301,Constable Dinesh Panchal,Constable,59,2026-07-19 11:21:18+00:00,85.0,84.0,,21.1505371,72.8241265,15.499996185302734,0.656,-0.619,0.41,,0.0,0.0,0.0,,,,,0.0,0.0,30.0,-4.4499999997782425e-05,-1.499999999055035e-05,0.62,84.0,36.5,0
29132,SO-1301,Constable Dinesh Panchal,Constable,59,2026-07-19 11:21:48+00:00,86.0,88.0,,21.150652,72.8241419,15.699996948242188,0.447,-0.894,0.11,,0.0,0.0,0.0,,,,,0.0,0.0,30.0,0.0001148999999998,1.539999999522479e-05,1.54,88.0,36.5,0
29136,SO-1301,Constable Dinesh Panchal,Constable,59,2026-07-19 11:22:18+00:00,86.0,86.0,,21.150646,72.8241414,15.699996948242188,0.413,-0.914,0.044,,0.0,0.0,0.0,,,,,0.0,0.0,30.0,-6.000000002615025e-06,-4.999999987376214e-07,0.08,86.0,36.5,0
29140,SO-1301,Constable Dinesh Panchal,Constable,59,2026-07-19 11:22:49+00:00,86.0,86.0,,21.1505347,72.8241208,15.499996185302734,0.678,-0.74,0.183,,0.0,0.0,0.0,,,,,0.0,0.0,31.0,-0.0001112999999968,-2.0599999999149077e-05,1.46,86.0,36.5,0
29144,SO-1301,Constable Dinesh Panchal,Constable,59,2026-07-19 11:23:18+00:00,83.0,86.0,,21.1506203,72.824137,15.699996948242188,0.459,-0.685,0.564,,0.0,0.0,0.0,,,,,0.0,0.0,29.0,8.559999999846468e-05,1.6199999990362812e-05,1.2,86.0,36.5,0
29148,SO-1301,Constable Dinesh Panchal,Constable,59,2026-07-19 11:23:48+00:00,98.0,87.0,,21.1505374,72.8241399,15.499996185302734,0.461,-0.877,0.147,,0.0,0.0,0.0,,,,,0.0,0.0,30.0,-8.289999999888664e-05,2.9000000125734005e-06,1.1,87.0,36.5,2
29152,SO-1301,Constable Dinesh Panchal,Constable,59,2026-07-19 11:24:18+00:00,85.0,85.0,,21.1505372,72.8241207,15.499996185302734,0.594,-0.676,0.433,,0.0,0.0,0.0,,,,,0.0,0.0,30.0,-2.0000000233721948e-07,-1.920000001121025e-05,0.24,85.0,36.5,0
29156,SO-1301,Constable Dinesh Panchal,Constable,59,2026-07-19 11:24:48+00:00,83.0,66.0,,21.1505363,72.8241229,15.499996185302734,0.592,-0.672,0.429,,0.0,0.0,0.0,,,,,0.0,0.0,30.0,-8.999999998593466e-07,2.2000000114985596e-06,0.03,66.0,36.5,0
29160,SO-1301,Constable Dinesh Panchal,Constable,59,2026-07-19 11:25:18+00:00,99.0,88.0,,21.1506472,72.8241401,15.699996948242188,0.396,-0.914,0.137,,0.0,0.0,0.0,,,,,0.0,0.0,30.0,0.0001109000000028,1.7199999987838055e-05,1.49,88.0,36.5,2
29164,SO-1301,Constable Dinesh Panchal,Constable,59,2026-07-19 11:25:48+00:00,99.0,72.0,,21.1505387,72.8241257,15.499996185302734,0.394,-0.918,0.138,,0.0,0.0,0.0,,,,,0.0,0.0,30.0,-0.0001085000000031,-1.4399999997749546e-05,1.46,72.0,36.5,2
29168,SO-1301,Constable Dinesh Panchal,Constable,59,2026-07-19 11:26:18+00:00,97.0,79.0,,21.150618,72.8241384,15.699996948242188,0.4,-0.91,0.111,,0.0,0.0,0.0,,,,,0.0,0.0,30.0,7.930000000300197e-05,1.2699999999199464e-05,1.07,79.0,36.5,2
29172,SO-1301,Constable Dinesh Panchal,Constable,59,2026-07-19 11:26:48+00:00,82.0,75.0,,21.15054,72.8241291,15.499996185302734,0.342,-0.936,0.124,,0.0,0.0,0.0,,,,,0.0,0.0,30.0,-7.80000000020209e-05,-9.300000002099296e-06,1.05,75.0,36.5,0
29176,SO-1301,Constable Dinesh Panchal,Constable,59,2026-07-19 11:27:18+00:00,81.0,60.0,,21.1505303,72.8241374,15.499996185302734,0.423,-0.904,0.079,,0.0,0.0,0.0,,,,,0.0,0.0,30.0,-9.699999999668307e-06,8.300000004624053e-06,0.17,60.0,36.5,0
29180,SO-1301,Constable Dinesh Panchal,Constable,59,2026-07-19 11:27:48+00:00,82.0,77.0,,21.1496977,72.824776,15.499996185302734,0.374,-0.928,0.086,,0.0,0.0,0.0,,,,,0.0,0.0,30.0,-0.0008325999999989,0.000638600000002,13.63,77.0,36.5,1
29184,SO-1301,Constable Dinesh Panchal,Constable,59,2026-07-19 11:28:18+00:00,84.0,63.0,,21.1505349,72.8241284,15.499996185302734,0.434,-0.908,0.075,,0.0,0.0,0.0,,,,,0.0,0.0,30.0,0.0008371999999994,-0.0006475999999935,13.75,63.0,36.5,1
29188,SO-1301,Constable Dinesh Panchal,Constable,59,2026-07-19 11:28:48+00:00,84.0,83.0,,21.1505375,72.8241111,15.499996185302734,0.617,-0.739,0.291,,0.0,0.0,0.0,,,,,0.0,0.0,30.0,2.59999999840943e-06,-1.7300000010322947e-05,0.22,83.0,36.5,0
29192,SO-1301,Constable Dinesh Panchal,Constable,59,2026-07-19 11:29:18+00:00,94.0,83.0,,21.1505358,72.8241226,15.499996185302734,0.346,-0.94,0.104,,0.0,0.0,0.0,,,,,0.0,0.0,30.0,-1.6999999985500835e-06,1.1499999999387e-05,0.14,83.0,36.5,2
29196,SO-1301,Constable Dinesh Panchal,Constable,59,2026-07-19 11:29:48+00:00,97.0,85.0,,21.1505442,72.8241055,15.499996185302734,0.355,-0.926,0.098,,0.0,0.0,0.0,,,,,0.0,0.0,30.0,8.399999998687235e-06,-1.7099999993774873e-05,0.24,85.0,36.5,2
29200,SO-1301,Constable Dinesh Panchal,Constable,59,2026-07-19 11:30:18+00:00,82.0,87.0,,21.1505357,72.8241451,15.499996185302734,0.396,-0.921,0.062,,0.0,0.0,0.0,,,,,0.0,0.0,30.0,-8.499999999855845e-06,3.959999999381125e-05,0.5,87.0,36.5,0
29204,SO-1301,Constable Dinesh Panchal,Constable,59,2026-07-19 11:30:48+00:00,86.0,84.0,,21.1506476,72.8241413,15.699996948242188,0.432,-0.91,0.061,,0.0,0.0,0.0,,,,,0.0,0.0,30.0,0.0001119000000002,-3.800000001774606e-06,1.49,84.0,36.5,0
29208,SO-1301,Constable Dinesh Panchal,Constable,59,2026-07-19 11:31:18+00:00,92.0,86.0,,21.1506476,72.8241413,15.699996948242188,0.905,-0.291,0.338,,0.0,0.0,0.0,,,,,0.0,0.0,30.0,0.0,0.0,0.0,86.0,36.5,2
29212,SO-1301,Constable Dinesh Panchal,Constable,59,2026-07-19 11:31:49+00:00,93.0,85.0,,21.1506471,72.8241414,15.699996948242188,-0.86,0.258,-0.445,,0.0,0.0,0.0,,,,,0.0,0.0,31.0,-4.999999987376214e-07,1.000000082740371e-07,0.01,85.0,36.5,2
29216,SO-1301,Constable Dinesh Panchal,Constable,59,2026-07-19 11:32:19+00:00,90.0,85.0,,21.1506274,72.824139,15.699996948242188,-0.886,0.166,-0.446,,0.0,0.0,0.0,,,,,0.0,0.0,30.0,-1.969999999928973e-05,-2.3999999996249244e-06,0.26,85.0,36.5,0
29220,SO-1301,Constable Dinesh Panchal,Constable,59,2026-07-19 11:32:48+00:00,97.0,81.0,,21.1505297,72.8241372,15.499996185302734,-0.882,0.098,-0.473,,0.0,0.0,0.0,,,,,0.0,0.0,29.0,-9.770000000131064e-05,-1.8000000068241206e-06,1.35,81.0,36.5,2
29224,SO-1301,Constable Dinesh Panchal,Constable,59,2026-07-19 11:33:18+00:00,83.0,81.0,,21.1505303,72.8241374,15.499996185302734,-0.889,0.11,-0.45,,0.0,0.0,0.0,,,,,0.0,0.0,30.0,5.999999999062311e-07,2.0000000233721948e-07,0.01,81.0,36.5,0
29228,SO-1301,Constable Dinesh Panchal,Constable,59,2026-07-19 11:33:48+00:00,91.0,83.0,,21.1505332,72.8241222,15.499996185302734,-0.45,-0.556,0.624,,0.0,0.0,0.0,,,,,0.0,0.0,30.0,2.900000001915259e-06,-1.519999999288757e-05,0.19,83.0,36.5,2
29232,SO-1301,Constable Dinesh Panchal,Constable,59,2026-07-19 11:34:18+00:00,84.0,86.0,,21.150528,72.8241318,15.499996185302734,-0.901,0.166,-0.404,,0.0,0.0,0.0,,,,,0.0,0.0,30.0,-5.200000000371574e-06,9.599999998499698e-06,0.14,86.0,36.5,0
29236,SO-1301,Constable Dinesh Panchal,Constable,59,2026-07-19 11:34:48+00:00,86.0,72.0,,21.1505301,72.8241375,15.499996185302734,-0.901,0.156,-0.427,,0.0,0.0,0.0,,,,,0.0,0.0,30.0,2.099999999671809e-06,5.700000002661909e-06,0.08,72.0,36.5,0
29240,SO-1301,Constable Dinesh Panchal,Constable,59,2026-07-19 11:35:18+00:00,82.0,86.0,,21.1506462,72.8241386,15.699996948242188,-0.897,0.146,-0.426,,0.0,0.0,0.0,,,,,0.0,0.0,30.0,0.0001160999999996,1.099999991538425e-06,1.55,86.0,36.5,0
29244,SO-1301,Constable Dinesh Panchal,Constable,59,2026-07-19 11:35:48+00:00,81.0,85.0,,21.1505291,72.8241366,15.499996185302734,-0.899,0.15,-0.421,,0.0,0.0,0.0,,,,,0.0,0.0,30.0,-0.0001171000000006,-1.9999999949504854e-06,1.56,85.0,36.5,0
29248,SO-1301,Constable Dinesh Panchal,Constable,59,2026-07-19 11:36:18+00:00,98.0,88.0,,21.1506522,72.8241434,15.699996948242188,-0.754,0.788,-0.217,,0.0,0.0,0.0,,,,,0.0,0.0,30.0,0.0001230999999997,6.799999994200334e-06,1.64,88.0,36.5,2
29252,SO-1301,Constable Dinesh Panchal,Constable,59,2026-07-19 11:36:48+00:00,95.0,86.0,,21.1505335,72.8241358,15.499996185302734,-0.762,-0.969,0.149,,0.0,0.0,0.0,,,,,0.0,0.0,30.0,-0.000118699999998,-7.600000003549212e-06,1.58,86.0,36.5,2
29256,SO-1301,Constable Dinesh Panchal,Constable,59,2026-07-19 11:37:18+00:00,94.0,87.0,,21.1505326,72.8241366,15.499996185302734,-0.929,-0.33,-0.01,,0.0,0.0,0.0,,,,,0.0,0.0,30.0,-9.000000034120603e-07,8.000000093488779e-07,0.02,87.0,36.5,2
29260,SO-1301,Constable Dinesh Panchal,Constable,59,2026-07-19 11:37:48+00:00,94.0,86.0,,21.1505328,72.8241372,15.499996185302734,-0.74,-0.67,0.054,,0.0,0.0,0.0,,,,,0.0,0.0,30.0,2.0000000233721948e-07,5.999999928008037e-07,0.01,86.0,36.5,2
29264,SO-1301,Constable Dinesh Panchal,Constable,59,2026-07-19 11:38:18+00:00,97.0,84.0,,21.1505297,72.8241348,15.499996185302734,0.024,1.121,-0.348,,0.0,0.0,0.0,,,,,0.0,0.0,30.0,-3.1000000006997652e-06,-2.3999999996249244e-06,0.05,84.0,36.5,2
29268,SO-1301,Constable Dinesh Panchal,Constable,59,2026-07-19 11:38:48+00:00,87.0,87.0,,21.1506554,72.8241431,15.699996948242188,0.026,0.974,-0.155,,0.0,0.0,0.0,,,,,0.0,0.0,30.0,0.0001257000000016,8.300000004624053e-06,1.68,87.0,36.5,0
29272,SO-1301,Constable Dinesh Panchal,Constable,59,2026-07-19 11:39:18+00:00,83.0,87.0,,21.1505309,72.8241375,15.499996185302734,-0.502,0.355,0.257,,0.0,0.0,0.0,,,,,0.0,0.0,30.0,-0.0001245000000018,-5.599999994387872e-06,1.66,87.0,36.5,0
29276,SO-1301,Constable Dinesh Panchal,Constable,59,2026-07-19 11:39:48+00:00,94.0,82.0,,21.1506484,72.8241423,15.699996948242188,-0.748,0.338,-0.581,,0.0,0.0,0.0,,,,,0.0,0.0,30.0,0.0001175000000017,4.799999999249849e-06,1.57,82.0,36.5,2
29280,SO-1301,Constable Dinesh Panchal,Constable,59,2026-07-19 11:40:18+00:00,86.0,87.0,,21.1505306,72.8241374,15.499996185302734,-0.84,0.294,0.345,,0.0,0.0,0.0,,,,,0.0,0.0,30.0,-0.0001178000000017,-4.900000007523886e-06,1.57,87.0,36.5,0
29284,SO-1301,Constable Dinesh Panchal,Constable,59,2026-07-19 11:40:48+00:00,92.0,88.0,,21.1505292,72.8241367,15.499996185302734,-0.043,0.847,-0.354,,0.0,0.0,0.0,,,,,0.0,0.0,30.0,-1.399999998596968e-06,-7.000000010748408e-07,0.02,88.0,36.5,2
29288,SO-1301,Constable Dinesh Panchal,Constable,59,2026-07-19 11:41:18+00:00,85.0,86.0,,21.1505292,72.8241367,15.499996185302734,-0.716,-0.043,0.75,,0.0,0.0,0.0,,,,,0.0,0.0,30.0,0.0,0.0,0.0,86.0,36.5,0
29292,SO-1301,Constable Dinesh Panchal,Constable,59,2026-07-19 11:41:48+00:00,95.0,85.0,,21.1506437,72.8241404,15.699996948242188,-0.871,0.422,0.121,,0.0,0.0,0.0,,,,,0.0,0.0,30.0,0.0001144999999986,3.700000007711424e-06,1.53,85.0,36.5,2
29296,SO-1301,Constable Dinesh Panchal,Constable,59,2026-07-19 11:42:18+00:00,87.0,78.0,,21.1505303,72.8241374,15.499996185302734,-0.285,0.932,0.185,,0.0,0.0,0.0,,,,,0.0,0.0,30.0,-0.0001134,-3.000000006636583e-06,1.51,78.0,36.5,0
29300,SO-1301,Constable Dinesh Panchal,Constable,59,2026-07-19 11:42:48+00:00,100.0,86.0,,21.1505344,72.8241357,15.499996185302734,-0.407,0.901,-0.011,,0.0,0.0,0.0,,,,,0.0,0.0,30.0,4.100000001727722e-06,-1.6999999985500835e-06,0.06,86.0,36.5,2
29304,SO-1301,Constable Dinesh Panchal,Constable,59,2026-07-19 11:43:19+00:00,88.0,85.0,,21.1505339,72.8241376,15.499996185302734,-0.596,-0.53,0.215,,0.0,0.0,0.0,,,,,0.0,0.0,31.0,-5.00000002290335e-07,1.900000000887303e-06,0.02,85.0,36.5,0
29308,SO-1301,Constable Dinesh Panchal,Constable,59,2026-07-19 11:43:48+00:00,98.0,80.0,,21.1506483,72.8241437,15.699996948242188,-0.669,0.65,0.353,,0.0,0.0,0.0,,,,,0.0,0.0,29.0,0.000114400000001,6.099999993125493e-06,1.58,80.0,36.5,2
29313,SO-1301,Constable Dinesh Panchal,Constable,59,2026-07-19 11:44:18+00:00,94.0,81.0,,21.1506332,72.8241435,15.699996948242188,-0.527,-1.038,0.08,,0.0,0.0,0.0,,,,,0.0,0.0,30.0,-1.5099999998824389e-05,-1.9999998812636477e-07,0.2,81.0,36.5,2
29318,SO-1301,Constable Dinesh Panchal,Constable,59,2026-07-19 11:44:48+00:00,83.0,86.0,,21.1505303,72.8241374,15.499996185302734,-0.961,-0.235,0.08,,0.0,0.0,0.0,,,,,0.0,0.0,30.0,-0.0001029000000016,-6.100000007336348e-06,1.37,86.0,36.5,0
29323,SO-1301,Constable Dinesh Panchal,Constable,59,2026-07-19 11:45:18+00:00,84.0,83.0,,21.1505333,72.8241389,15.499996185302734,-0.269,0.939,0.103,,0.0,0.0,0.0,,,,,0.0,0.0,30.0,2.9999999995311555e-06,1.499999996212864e-06,0.04,83.0,36.5,0
29329,SO-1301,Constable Dinesh Panchal,Constable,59,2026-07-19 11:45:48+00:00,94.0,81.0,,21.1505297,72.8241372,15.499996185302734,-0.082,-0.808,0.516,,0.0,0.0,0.0,,,,,0.0,0.0,30.0,-3.5999999994373866e-06,-1.6999999985500835e-06,0.05,81.0,36.5,2
29335,SO-1301,Constable Dinesh Panchal,Constable,59,2026-07-19 11:46:18+00:00,89.0,79.0,,21.1506519,72.824144,15.699996948242188,-0.416,-0.769,0.091,,0.0,0.0,0.0,,,,,0.0,0.0,30.0,0.0001221999999998,6.800000008411189e-06,1.63,79.0,36.5,0
29341,SO-1301,Constable Dinesh Panchal,Constable,59,2026-07-19 11:46:48+00:00,87.0,86.0,,21.1506526,72.8241426,15.699996948242188,-0.154,-0.786,0.533,,0.0,0.0,0.0,,,,,0.0,0.0,30.0,7.000000010748408e-07,-1.4000000021496817e-06,0.02,86.0,36.5,0
29347,SO-1301,Constable Dinesh Panchal,Constable,59,2026-07-19 11:47:18+00:00,86.0,85.0,,21.1506552,72.8241415,15.699996948242188,-0.963,-0.142,-0.019,,0.0,0.0,0.0,,,,,0.0,0.0,30.0,2.59999999840943e-06,-1.1000000057492798e-06,0.04,85.0,36.5,0
29353,SO-1301,Constable Dinesh Panchal,Constable,59,2026-07-19 11:47:48+00:00,82.0,75.0,,21.1506563,72.8241429,15.699996948242188,-0.312,0.92,0.09,,0.0,0.0,0.0,,,,,0.0,0.0,30.0,1.100000002196566e-06,1.4000000021496817e-06,0.02,75.0,36.5,0
29359,SO-1301,Constable Dinesh Panchal,Constable,59,2026-07-19 11:48:18+00:00,91.0,86.0,,21.1506564,72.8241405,15.699996948242188,-0.417,-0.695,0.144,,0.0,0.0,0.0,,,,,0.0,0.0,30.0,9.999999761589606e-08,-2.3999999996249244e-06,0.03,86.0,36.5,2
29365,SO-1301,Constable Dinesh Panchal,Constable,59,2026-07-19 11:48:48+00:00,88.0,87.0,,21.1496977,72.824776,15.699996948242188,-0.875,-0.574,-0.098,,0.0,0.0,0.0,,,,,0.0,0.0,30.0,-0.0009586999999982,0.0006355000000013,15.01,87.0,36.5,1
29371,SO-1301,Constable Dinesh Panchal,Constable,59,2026-07-19 11:49:18+00:00,81.0,84.0,,21.1496977,72.824776,15.699996948242188,-0.86,-0.279,0.367,,0.0,0.0,0.0,,,,,0.0,0.0,30.0,0.0,0.0,0.0,84.0,36.5,0
29377,SO-1301,Constable Dinesh Panchal,Constable,59,2026-07-19 11:49:48+00:00,90.0,87.0,,21.1506562,72.8241407,15.699996948242188,-0.306,0.948,0.149,,0.0,0.0,0.0,,,,,0.0,0.0,30.0,0.0009584999999994,-0.000635299999999,15.01,87.0,36.5,1
29383,SO-1301,Constable Dinesh Panchal,Constable,59,2026-07-19 11:50:18+00:00,93.0,87.0,,21.150655,72.8241431,15.699996948242188,-0.947,-0.295,0.069,,0.0,0.0,0.0,,,,,0.0,0.0,30.0,-1.1999999998124622e-06,2.3999999996249244e-06,0.03,87.0,36.5,2
29388,SO-1301,Constable Dinesh Panchal,Constable,59,2026-07-19 11:50:48+00:00,83.0,88.0,,21.1506543,72.8241436,15.699996948242188,-0.204,-0.8,0.548,,0.0,0.0,0.0,,,,,0.0,0.0,30.0,-7.000000010748408e-07,4.999999987376214e-07,0.01,88.0,36.5,0
29393,SO-1301,Constable Dinesh Panchal,Constable,59,2026-07-19 11:51:18+00:00,81.0,88.0,,21.1506541,72.8241421,15.699996948242188,-0.958,-0.148,-0.031,,0.0,0.0,0.0,,,,,0.0,0.0,30.0,-1.999999987845058e-07,-1.499999996212864e-06,0.02,88.0,36.5,0
29398,SO-1301,Constable Dinesh Panchal,Constable,59,2026-07-19 11:51:48+00:00,99.0,82.0,,21.1506538,72.8241422,15.699996948242188,-0.887,-0.108,0.306,,0.0,0.0,0.0,,,,,0.0,0.0,30.0,-2.999999999531156e-07,9.999999406318238e-08,0.0,82.0,36.5,2
29403,SO-1301,Constable Dinesh Panchal,Constable,59,2026-07-19 11:52:18+00:00,87.0,87.0,,21.1506541,72.8241419,15.699996948242188,-0.944,-0.085,0.001,,0.0,0.0,0.0,,,,,0.0,0.0,30.0,2.999999999531156e-07,-2.999999964004019e-07,0.01,87.0,36.5,0
29408,SO-1301,Constable Dinesh Panchal,Constable,59,2026-07-19 11:52:48+00:00,91.0,88.0,,21.1505544,72.8241112,15.499996185302734,-0.342,0.896,0.211,,0.0,0.0,0.0,,,,,0.0,0.0,30.0,-9.969999999981384e-05,-3.0699999996386396e-05,1.38,88.0,36.5,2
29413,SO-1301,Constable Dinesh Panchal,Constable,59,2026-07-19 11:53:18+00:00,97.0,79.0,,21.1506552,72.8241423,15.699996948242188,-0.77,0.333,0.19,,0.0,0.0,0.0,,,,,0.0,0.0,30.0,0.0001007999999984,3.1100000001060835e-05,1.4,79.0,36.5,2
29418,SO-1301,Constable Dinesh Panchal,Constable,59,2026-07-19 11:53:48+00:00,84.0,85.0,,21.1505422,72.8241288,15.499996185302734,-0.895,0.321,0.348,,0.0,0.0,0.0,,,,,0.0,0.0,30.0,-0.0001129999999989,-1.350000000854834e-05,1.51,85.0,36.5,0
29423,SO-1301,Constable Dinesh Panchal,Constable,59,2026-07-19 11:54:18+00:00,91.0,88.0,,21.150656,72.8241402,15.699996948242188,-0.145,1.064,-0.243,,0.0,0.0,0.0,,,,,0.0,0.0,30.0,0.0001138000000011,1.1400000005323818e-05,1.52,88.0,36.5,2
29428,SO-1301,Constable Dinesh Panchal,Constable,59,2026-07-19 11:54:48+00:00,93.0,77.0,,21.1506554,72.8241399,15.699996948242188,-0.542,0.655,0.546,,0.0,0.0,0.0,,,,,0.0,0.0,30.0,-5.999999999062311e-07,-2.999999964004019e-07,0.01,77.0,36.5,2
29433,SO-1301,Constable Dinesh Panchal,Constable,59,2026-07-19 11:55:18+00:00,93.0,88.0,,21.1506568,72.8241394,15.699996948242188,-0.224,0.951,-0.249,,0.0,0.0,0.0,,,,,0.0,0.0,30.0,1.399999998596968e-06,-4.999999987376214e-07,0.02,88.0,36.5,2
29438,SO-1301,Constable Dinesh Panchal,Constable,59,2026-07-19 11:55:48+00:00,83.0,83.0,,21.150654,72.8241408,15.699996948242188,-0.309,0.952,-0.076,,0.0,0.0,0.0,,,,,0.0,0.0,30.0,-2.8000000007466497e-06,1.399999987938827e-06,0.04,83.0,36.5,0
29443,SO-1301,Constable Dinesh Panchal,Constable,59,2026-07-19 11:56:20+00:00,100.0,84.0,,21.1505401,72.8240903,15.499996185302734,-0.898,0.249,-0.343,,0.0,0.0,0.0,,,,,0.0,0.0,32.0,-0.0001138999999987,-5.050000000039745e-05,1.54,84.0,36.5,2
29447,SO-1301,Constable Dinesh Panchal,Constable,59,2026-07-19 11:56:48+00:00,89.0,86.0,,21.1506562,72.8241407,15.699996948242188,-0.467,0.581,0.61,,0.0,0.0,0.0,,,,,0.0,0.0,28.0,0.0001160999999996,5.040000000633427e-05,1.79,86.0,36.5,0
29453,SO-1301,Constable Dinesh Panchal,Constable,59,2026-07-19 11:57:18+00:00,93.0,85.0,,21.1506593,72.8241406,15.699996948242188,-0.508,0.756,0.328,,0.0,0.0,0.0,,,,,0.0,0.0,30.0,3.1000000006997652e-06,-9.999999406318238e-08,0.04,85.0,36.5,2
29458,SO-1301,Constable Dinesh Panchal,Constable,59,2026-07-19 11:57:48+00:00,100.0,87.0,,21.1506558,72.8241408,15.699996948242188,-0.22,0.354,0.796,,0.0,0.0,0.0,,,,,0.0,0.0,30.0,-3.5000000018214905e-06,1.9999998812636477e-07,0.05,87.0,36.5,2
29463,SO-1301,Constable Dinesh Panchal,Constable,59,2026-07-19 11:58:18+00:00,92.0,84.0,,21.1506558,72.8241408,15.699996948242188,-0.935,-0.04,-0.344,,0.0,0.0,0.0,,,,,0.0,0.0,30.0,0.0,0.0,0.0,84.0,36.5,2
29468,SO-1301,Constable Dinesh Panchal,Constable,59,2026-07-19 11:58:48+00:00,96.0,88.0,,21.1505284,72.8241296,15.499996185302734,-0.912,-0.028,-0.406,,0.0,0.0,0.0,,,,,0.0,0.0,30.0,-0.0001274000000002,-1.1199999988775744e-05,1.7,88.0,36.5,2
29473,SO-1301,Constable Dinesh Panchal,Constable,59,2026-07-19 11:59:23+00:00,94.0,88.0,,21.1505284,72.8241296,15.499996185302734,-0.93,-0.044,-0.351,,0.0,0.0,0.0,,,,,0.0,0.0,35.0,0.0,0.0,0.0,88.0,36.5,2
29478,SO-1301,Constable Dinesh Panchal,Constable,59,2026-07-19 11:59:48+00:00,94.0,87.0,,21.1498267,72.82353,16.80000114440918,-0.924,-0.007,-0.406,,0.0,0.0,0.0,,,,,0.0,0.0,25.0,-0.0007017000000004,-0.000599600000001,14.34,87.0,36.5,1
29483,SO-1301,Constable Dinesh Panchal,Constable,59,2026-07-19 12:00:18+00:00,86.0,86.0,,21.1498267,72.82353,16.80000114440918,-0.875,-0.039,-0.51,,0.0,0.0,0.0,,,,,0.0,0.0,30.0,0.0,0.0,0.0,86.0,36.5,0
29488,SO-1301,Constable Dinesh Panchal,Constable,59,2026-07-19 12:00:48+00:00,94.0,86.0,,21.1495441,72.8232988,16.80000114440918,-0.92,-0.042,-0.396,,0.0,0.0,0.0,,,,,0.0,0.0,30.0,-0.0002825999999984,-0.0002312000000017,4.73,86.0,36.5,1
29493,SO-1301,Constable Dinesh Panchal,Constable,59,2026-07-19 12:01:18+00:00,80.0,87.0,,21.1505294,72.8241371,15.499996185302734,-0.383,-0.788,-0.507,,0.0,0.0,0.0,,,,,0.0,0.0,30.0,0.0009852999999999,0.000838299999998,16.75,87.0,36.5,1
29498,SO-1301,Constable Dinesh Panchal,Constable,59,2026-07-19 12:01:48+00:00,100.0,72.0,,21.1507789,72.824776,15.499996185302734,-0.881,-0.024,-0.515,,0.0,0.0,0.0,,,,,0.0,0.0,30.0,0.0002494999999989,0.0006388999999984,8.6,72.0,36.5,1
29502,SO-1301,Constable Dinesh Panchal,Constable,59,2026-07-19 12:02:18+00:00,92.0,88.0,,21.1507789,72.824776,15.499996185302734,-0.887,-0.068,-0.464,,0.0,0.0,0.0,,,,,0.0,0.0,30.0,0.0,0.0,0.0,88.0,36.5,2
29507,SO-1301,Constable Dinesh Panchal,Constable,59,2026-07-19 12:02:48+00:00,88.0,79.0,,21.1506548,72.8241415,15.699996948242188,-0.228,-0.933,-0.331,,0.0,0.0,0.0,,,,,0.0,0.0,30.0,-0.0001240999999971,-0.0006345000000038,8.05,79.0,36.5,1
29510,SO-1301,Constable Dinesh Panchal,Constable,59,2026-07-19 12:03:18+00:00,100.0,88.0,,21.1506562,72.8241407,15.699996948242188,-0.853,-0.083,-0.528,,0.0,0.0,0.0,,,,,0.0,0.0,30.0,1.399999998596968e-06,-7.999999951380232e-07,0.02,88.0,36.5,2
29513,SO-1301,Constable Dinesh Panchal,Constable,59,2026-07-19 12:03:48+00:00,97.0,83.0,,21.1505428,72.8240891,15.499996185302734,-0.864,-0.085,-0.535,,0.0,0.0,0.0,,,,,0.0,0.0,30.0,-0.0001134,-5.160000000614673e-05,1.64,83.0,36.5,2
29516,SO-1301,Constable Dinesh Panchal,Constable,59,2026-07-19 12:04:23+00:00,99.0,74.0,,21.1505428,72.8240891,15.499996185302734,-0.858,-0.094,-0.515,,0.0,0.0,0.0,,,,,0.0,0.0,35.0,0.0,0.0,0.0,74.0,36.5,2
29520,SO-1301,Constable Dinesh Panchal,Constable,59,2026-07-19 12:04:48+00:00,83.0,83.0,,21.1505353,72.8240973,15.499996185302734,-0.913,-0.06,-0.409,,0.0,0.0,0.0,,,,,0.0,0.0,25.0,-7.499999998827889e-06,8.20000001056087e-06,0.17,83.0,36.5,0
29524,SO-1301,Constable Dinesh Panchal,Constable,59,2026-07-19 12:05:18+00:00,84.0,85.0,,21.1505284,72.8241296,15.499996185302734,-0.869,-0.055,-0.501,,0.0,0.0,0.0,,,,,0.0,0.0,30.0,-6.900000002474371e-06,3.23000000008733e-05,0.41,85.0,36.5,0
29528,SO-1301,Constable Dinesh Panchal,Constable,59,2026-07-19 12:05:53+00:00,96.0,77.0,,21.1505284,72.8241296,15.499996185302734,-0.877,-0.06,-0.499,,0.0,0.0,0.0,,,,,0.0,0.0,35.0,0.0,0.0,0.0,77.0,36.5,2
29532,SO-1301,Constable Dinesh Panchal,Constable,59,2026-07-19 12:06:18+00:00,90.0,72.0,,21.1506563,72.8241397,15.699996948242188,-0.876,-0.046,-0.506,,0.0,0.0,0.0,,,,,0.0,0.0,25.0,0.0001279000000025,1.009999999723732e-05,2.05,72.0,36.5,0
29537,SO-1301,Constable Dinesh Panchal,Constable,59,2026-07-19 12:06:48+00:00,95.0,83.0,,21.1506563,72.8241397,15.699996948242188,-0.869,-0.028,-0.511,,0.0,0.0,0.0,,,,,0.0,0.0,30.0,0.0,0.0,0.0,83.0,36.5,2
29542,SO-1301,Constable Dinesh Panchal,Constable,59,2026-07-19 12:07:18+00:00,84.0,70.0,,21.1507789,72.824776,15.699996948242188,-0.892,-0.061,-0.452,,0.0,0.0,0.0,,,,,0.0,0.0,30.0,0.0001225999999974,0.0006362999999964,8.07,70.0,36.5,1
29547,SO-1301,Constable Dinesh Panchal,Constable,59,2026-07-19 12:07:48+00:00,89.0,85.0,,21.1506487,72.8241261,15.699996948242188,-0.848,0.003,-0.555,,0.0,0.0,0.0,,,,,0.0,0.0,30.0,-0.0001301999999974,-0.000649899999999,8.25,85.0,36.5,1
29553,SO-1301,Constable Dinesh Panchal,Constable,59,2026-07-19 12:08:18+00:00,91.0,78.0,,21.1506,72.8240254,15.999996185302734,-0.842,0.008,-0.543,,0.0,0.0,0.0,,,,,0.0,0.0,30.0,-4.870000000067875e-05,-0.0001007000000043,1.41,78.0,36.5,2
29558,SO-1301,Constable Dinesh Panchal,Constable,59,2026-07-19 12:08:48+00:00,83.0,81.0,,21.15058,72.8239949,16.80000114440918,-0.862,0.338,0.271,,0.0,0.0,0.0,,,,,0.0,0.0,30.0,-1.999999999924285e-05,-3.0499999994049176e-05,0.46,81.0,36.5,0
29563,SO-1301,Constable Dinesh Panchal,Constable,59,2026-07-19 12:09:18+00:00,83.0,75.0,,21.1506558,72.8241403,15.699996948242188,-0.867,0.339,0.281,,0.0,0.0,0.0,,,,,0.0,0.0,30.0,7.579999999762776e-05,0.0001453999999938,2.07,75.0,36.5,0
29568,SO-1301,Constable Dinesh Panchal,Constable,59,2026-07-19 12:09:48+00:00,92.0,86.0,,21.1505882,72.8239707,16.80000114440918,-0.861,-0.059,-0.508,,0.0,0.0,0.0,,,,,0.0,0.0,30.0,-6.759999999772504e-05,-0.0001695999999924,2.29,86.0,36.5,2
29573,SO-1301,Constable Dinesh Panchal,Constable,59,2026-07-19 12:10:18+00:00,100.0,76.0,,21.1506546,72.8241344,15.699996948242188,-0.879,-0.049,-0.487,,0.0,0.0,0.0,,,,,0.0,0.0,30.0,6.639999999791257e-05,0.0001637000000016,2.22,76.0,36.5,2
29578,SO-1301,Constable Dinesh Panchal,Constable,59,2026-07-19 12:10:48+00:00,97.0,83.0,,21.1506296,72.8240954,15.699996948242188,0.488,0.713,0.491,,0.0,0.0,0.0,,,,,0.0,0.0,30.0,-2.500000000082991e-05,-3.900000000101045e-05,0.59,83.0,36.5,2
29583,SO-1301,Constable Dinesh Panchal,Constable,59,2026-07-19 12:11:18+00:00,84.0,86.0,,21.1503801,72.8244067,15.699996948242188,-0.209,0.645,0.694,,0.0,0.0,0.0,,,,,0.0,0.0,30.0,-0.0002494999999989,0.0003112999999927,5.1,86.0,36.5,1
29589,SO-1301,Constable Dinesh Panchal,Constable,59,2026-07-19 12:11:48+00:00,85.0,76.0,,21.150618,72.8240488,15.699996948242188,-0.989,0.14,0.075,,0.0,0.0,0.0,,,,,0.0,0.0,30.0,0.0002379000000019,-0.0003578999999973,5.46,76.0,36.5,1
29595,SO-1301,Constable Dinesh Panchal,Constable,59,2026-07-19 12:12:18+00:00,96.0,71.0,,21.1506553,72.8241367,15.699996948242188,-0.085,0.654,0.714,,0.0,0.0,0.0,,,,,0.0,0.0,30.0,3.729999999890765e-05,8.7899999996921e-05,1.2,71.0,36.5,2
29601,SO-1301,Constable Dinesh Panchal,Constable,59,2026-07-19 12:12:48+00:00,84.0,76.0,,21.1505735,72.8240092,16.80000114440918,0.521,0.67,0.513,,0.0,0.0,0.0,,,,,0.0,0.0,30.0,-8.180000000024279e-05,-0.0001274999999907,1.92,76.0,36.5,0
29607,SO-1301,Constable Dinesh Panchal,Constable,59,2026-07-19 12:13:18+00:00,87.0,79.0,,21.1506544,72.8241342,15.699996948242188,0.541,0.668,0.49,,0.0,0.0,0.0,,,,,0.0,0.0,30.0,8.090000000038344e-05,0.000124999999997,1.89,79.0,36.5,0
29613,SO-1301,Constable Dinesh Panchal,Constable,59,2026-07-19 12:13:48+00:00,88.0,68.0,,21.1506544,72.8241342,15.699996948242188,0.543,0.664,0.491,,0.0,0.0,0.0,,,,,0.0,0.0,30.0,0.0,0.0,0.0,68.0,36.5,0
29619,SO-1301,Constable Dinesh Panchal,Constable,59,2026-07-19 12:14:18+00:00,83.0,83.0,,21.1506566,72.8241405,15.699996948242188,0.621,0.697,0.369,,0.0,0.0,0.0,,,,,0.0,0.0,30.0,2.2000000008404186e-06,6.299999995462713e-06,0.08,83.0,36.5,0
29625,SO-1301,Constable Dinesh Panchal,Constable,59,2026-07-19 12:14:48+00:00,86.0,67.0,,21.1506565,72.8241396,15.699996948242188,0.625,0.693,0.365,,0.0,0.0,0.0,,,,,0.0,0.0,30.0,-1.0000000116860974e-07,-9.000000034120603e-07,0.01,67.0,36.5,0
29631,SO-1301,Constable Dinesh Panchal,Constable,59,2026-07-19 12:15:18+00:00,90.0,84.0,,21.1506565,72.8241411,15.699996948242188,-0.942,-0.072,-0.305,,0.0,0.0,0.0,,,,,0.0,0.0,30.0,0.0,1.5000000104237188e-06,0.02,84.0,36.5,0
29637,SO-1301,Constable Dinesh Panchal,Constable,59,2026-07-19 12:15:48+00:00,96.0,88.0,,21.1505814,72.8239937,16.80000114440918,-0.968,-0.051,-0.218,,0.0,0.0,0.0,,,,,0.0,0.0,30.0,-7.510000000010564e-05,-0.000147400000003,2.09,88.0,36.5,2
29643,SO-1301,Constable Dinesh Panchal,Constable,59,2026-07-19 12:16:22+00:00,99.0,86.0,,21.1505101,72.824173,16.80000114440918,-0.984,-0.041,-0.078,,0.0,0.0,0.0,,,,,0.0,0.0,34.0,-7.129999999833103e-05,0.0001792999999992,2.14,86.0,36.5,2
29649,SO-1301,Constable Dinesh Panchal,Constable,59,2026-07-19 12:16:48+00:00,94.0,87.0,,21.15051,72.8241733,16.80000114440918,-0.19,-0.803,0.523,,0.0,0.0,0.0,,,,,0.0,0.0,26.0,-1.0000000116860974e-07,2.999999964004019e-07,0.0,87.0,36.5,2
29655,SO-1301,Constable Dinesh Panchal,Constable,59,2026-07-19 12:17:18+00:00,97.0,85.0,,21.15051,72.8241733,16.80000114440918,-0.873,0.272,0.329,,0.0,0.0,0.0,,,,,0.0,0.0,30.0,0.0,0.0,0.0,85.0,36.5,2
29661,SO-1301,Constable Dinesh Panchal,Constable,59,2026-07-19 12:17:48+00:00,90.0,88.0,,21.1506573,72.8241418,15.699996948242188,-0.987,-0.003,-0.15,,0.0,0.0,0.0,,,,,0.0,0.0,30.0,0.0001472999999982,-3.149999999152442e-05,2.0,88.0,36.5,0
29667,SO-1301,Constable Dinesh Panchal,Constable,59,2026-07-19 12:18:18+00:00,93.0,87.0,,21.1506573,72.8241418,15.699996948242188,-0.968,-0.047,-0.204,,0.0,0.0,0.0,,,,,0.0,0.0,30.0,0.0,0.0,0.0,87.0,36.5,2
29673,SO-1301,Constable Dinesh Panchal,Constable,59,2026-07-19 12:18:48+00:00,91.0,84.0,,21.1506534,72.8241396,15.699996948242188,-0.968,-0.009,-0.181,,0.0,0.0,0.0,,,,,0.0,0.0,30.0,-3.899999999390502e-06,-2.2000000114985596e-06,0.06,84.0,36.5,2
29679,SO-1301,Constable Dinesh Panchal,Constable,59,2026-07-19 12:19:18+00:00,94.0,86.0,,21.1506534,72.8241396,15.699996948242188,-0.954,0.005,-0.273,,0.0,0.0,0.0,,,,,0.0,0.0,30.0,0.0,0.0,0.0,86.0,36.5,2
29685,SO-1301,Constable Dinesh Panchal,Constable,59,2026-07-19 12:19:53+00:00,83.0,88.0,,21.1506534,72.8241396,15.699996948242188,-0.27,0.302,0.875,,0.0,0.0,0.0,,,,,0.0,0.0,35.0,0.0,0.0,0.0,88.0,36.5,0
29691,SO-1301,Constable Dinesh Panchal,Constable,59,2026-07-19 12:20:18+00:00,83.0,82.0,,21.1505667,72.8241067,15.699996948242188,-0.248,0.313,0.878,,0.0,0.0,0.0,,,,,0.0,0.0,25.0,-8.670000000066125e-05,-3.28999999936741e-05,1.47,82.0,36.5,0
29697,SO-1301,Constable Dinesh Panchal,Constable,59,2026-07-19 12:20:48+00:00,96.0,81.0,,21.1505667,72.8241067,15.499996185302734,0.018,0.905,0.382,,0.0,0.0,0.0,,,,,0.0,0.0,30.0,0.0,0.0,0.0,81.0,36.5,2
29703,SO-1301,Constable Dinesh Panchal,Constable,59,2026-07-19 12:21:18+00:00,87.0,79.0,,21.1506552,72.8241363,15.699996948242188,-0.377,0.564,0.711,,0.0,0.0,0.0,,,,,0.0,0.0,30.0,8.850000000037994e-05,2.960000000484797e-05,1.23,79.0,36.5,0
29709,SO-1301,Constable Dinesh Panchal,Constable,59,2026-07-19 12:21:49+00:00,96.0,88.0,,21.1506553,72.8241347,15.699996948242188,-0.91,0.232,-0.337,,0.0,0.0,0.0,,,,,0.0,0.0,31.0,1.0000000116860974e-07,-1.6000000044869012e-06,0.02,88.0,36.5,2
29715,SO-1301,Constable Dinesh Panchal,Constable,59,2026-07-19 12:22:18+00:00,99.0,80.0,,21.1506553,72.8241347,15.699996948242188,-0.481,0.488,0.698,,0.0,0.0,0.0,,,,,0.0,0.0,29.0,0.0,0.0,0.0,80.0,36.5,2
29721,SO-1301,Constable Dinesh Panchal,Constable,59,2026-07-19 12:22:48+00:00,81.0,60.0,,21.1505696,72.8240201,16.80000114440918,-0.671,0.274,0.518,,0.0,0.0,0.0,,,,,0.0,0.0,30.0,-8.569999999963329e-05,-0.0001146000000034,1.82,60.0,36.5,0
29727,SO-1301,Constable Dinesh Panchal,Constable,59,2026-07-19 12:23:18+00:00,81.0,87.0,,21.1506586,72.8241406,15.699996948242188,-0.923,0.254,-0.168,,0.0,0.0,0.0,,,,,0.0,0.0,30.0,8.899999999911756e-05,0.0001205000000084,1.91,87.0,36.5,0
29733,SO-1301,Constable Dinesh Panchal,Constable,59,2026-07-19 12:23:48+00:00,93.0,88.0,,21.1506586,72.8241406,15.699996948242188,-0.823,0.063,-0.29,,0.0,0.0,0.0,,,,,0.0,0.0,30.0,0.0,0.0,0.0,88.0,36.5,2
29739,SO-1301,Constable Dinesh Panchal,Constable,59,2026-07-19 12:24:18+00:00,88.0,73.0,,21.150655,72.8241365,15.699996948242188,-0.124,0.943,0.374,,0.0,0.0,0.0,,,,,0.0,0.0,30.0,-3.5999999994373866e-06,-4.100000012385863e-06,0.07,73.0,36.5,0
29745,SO-1301,Constable Dinesh Panchal,Constable,59,2026-07-19 12:24:48+00:00,99.0,88.0,,21.1506551,72.8241385,15.699996948242188,-0.797,-0.026,-0.51,,0.0,0.0,0.0,,,,,0.0,0.0,30.0,1.0000000116860974e-07,2.00000000916134e-06,0.02,88.0,36.5,2
29751,SO-1301,Constable Dinesh Panchal,Constable,59,2026-07-19 12:25:19+00:00,90.0,82.0,,21.1506573,72.8241399,15.699996948242188,-0.771,0.394,-0.527,,0.0,0.0,0.0,,,,,0.0,0.0,31.0,2.199999997287705e-06,1.4000000021496817e-06,0.03,82.0,36.5,0
29757,SO-1301,Constable Dinesh Panchal,Constable,59,2026-07-19 12:25:48+00:00,90.0,85.0,,21.1506573,72.8241399,15.699996948242188,-0.79,0.351,-0.527,,0.0,0.0,0.0,,,,,0.0,0.0,29.0,0.0,0.0,0.0,85.0,36.5,0
29763,SO-1301,Constable Dinesh Panchal,Constable,59,2026-07-19 12:26:18+00:00,90.0,88.0,,21.1507789,72.824776,15.699996948242188,-0.817,0.355,-0.484,,0.0,0.0,0.0,,,,,0.0,0.0,30.0,0.0001215999999999,0.0006360999999941,8.06,88.0,36.5,1
29769,SO-1301,Constable Dinesh Panchal,Constable,59,2026-07-19 12:26:48+00:00,90.0,84.0,,21.1495441,72.8232988,15.699996948242188,-0.815,0.329,-0.497,,0.0,0.0,0.0,,,,,0.0,0.0,30.0,-0.0012347999999988,-0.0014771999999965,24.64,84.0,36.5,1
29775,SO-1301,Constable Dinesh Panchal,Constable,59,2026-07-19 12:27:18+00:00,90.0,88.0,,21.1495441,72.8232988,15.699996948242188,-0.817,0.338,-0.487,,0.0,0.0,0.0,,,,,0.0,0.0,30.0,0.0,0.0,0.0,88.0,36.5,0
29781,SO-1301,Constable Dinesh Panchal,Constable,59,2026-07-19 12:27:48+00:00,90.0,86.0,,21.1506602,72.8241407,15.699996948242188,-0.841,0.315,-0.5,,0.0,0.0,0.0,,,,,0.0,0.0,30.0,0.0011161000000008,0.0008418999999975,18.17,86.0,36.5,1
29787,SO-1301,Constable Dinesh Panchal,Constable,59,2026-07-19 12:28:18+00:00,90.0,86.0,,21.1506602,72.8241407,15.699996948242188,-0.849,0.297,-0.442,,0.0,0.0,0.0,,,,,0.0,0.0,30.0,0.0,0.0,0.0,86.0,36.5,0
29793,SO-1301,Constable Dinesh Panchal,Constable,59,2026-07-19 12:28:48+00:00,95.0,86.0,,21.1506576,72.8241398,15.699996948242188,-0.377,-0.866,-0.339,,0.0,0.0,0.0,,,,,0.0,0.0,30.0,-2.600000001962144e-06,-9.000000034120603e-07,0.04,86.0,36.5,2
29799,SO-1301,Constable Dinesh Panchal,Constable,59,2026-07-19 12:29:18+00:00,92.0,88.0,,21.1506607,72.8241414,15.699996948242188,-0.307,-0.897,-0.315,,0.0,0.0,0.0,,,,,0.0,0.0,30.0,3.1000000006997652e-06,1.6000000044869012e-06,0.05,88.0,36.5,2
29805,SO-1301,Constable Dinesh Panchal,Constable,59,2026-07-19 12:29:48+00:00,97.0,88.0,,21.1507954,72.8241199,15.39999771118164,-0.253,-0.915,-0.322,,0.0,0.0,0.0,,,,,0.0,0.0,30.0,0.0001347000000002,-2.1500000002561137e-05,1.81,88.0,36.5,2
29811,SO-1301,Constable Dinesh Panchal,Constable,59,2026-07-19 12:30:18+00:00,91.0,83.0,,21.1506846,72.8240961,15.999996185302734,-0.341,-0.896,-0.305,,0.0,0.0,0.0,,,,,0.0,0.0,30.0,-0.000110799999998,-2.3799999993912024e-05,1.51,83.0,36.5,2
29817,SO-1301,Constable Dinesh Panchal,Constable,59,2026-07-19 12:30:48+00:00,92.0,84.0,,21.1506577,72.8241399,15.699996948242188,-0.552,-0.745,-0.377,,0.0,0.0,0.0,,,,,0.0,0.0,30.0,-2.6900000001717217e-05,4.38000000002603e-05,0.65,84.0,36.5,2
29823,SO-1301,Constable Dinesh Panchal,Constable,59,2026-07-19 12:31:18+00:00,87.0,88.0,,21.1502883,72.8240683,15.699996948242188,-0.814,0.277,0.44,,0.0,0.0,0.0,,,,,0.0,0.0,30.0,-0.0003694000000002,-7.1600000012495e-05,5.0,88.0,36.5,1
29829,SO-1301,Constable Dinesh Panchal,Constable,59,2026-07-19 12:31:48+00:00,85.0,88.0,,21.1502883,72.8240683,15.699996948242188,-0.351,0.702,0.574,,0.0,0.0,0.0,,,,,0.0,0.0,30.0,0.0,0.0,0.0,88.0,36.5,0
29835,SO-1301,Constable Dinesh Panchal,Constable,59,2026-07-19 12:32:22+00:00,87.0,83.0,,21.15031,72.8241199,15.699996948242188,-0.969,0.331,0.116,,0.0,0.0,0.0,,,,,0.0,0.0,34.0,2.1700000001345643e-05,5.160000000614673e-05,0.62,83.0,36.5,0
29841,SO-1301,Constable Dinesh Panchal,Constable,59,2026-07-19 12:32:48+00:00,99.0,88.0,,21.1506507,72.8241282,15.699996948242188,-0.697,-0.628,-0.418,,0.0,0.0,0.0,,,,,0.0,0.0,26.0,0.0003406999999988,8.300000004624053e-06,5.24,88.0,36.5,1
29848,SO-1301,Constable Dinesh Panchal,Constable,59,2026-07-19 12:33:18+00:00,82.0,88.0,,21.1506507,72.8241282,15.699996948242188,-0.954,0.024,0.137,,0.0,0.0,0.0,,,,,0.0,0.0,30.0,0.0,0.0,0.0,88.0,36.5,0
29855,SO-1301,Constable Dinesh Panchal,Constable,59,2026-07-19 12:33:48+00:00,100.0,88.0,,21.1507789,72.824776,15.699996948242188,-0.81,-0.087,-0.571,,0.0,0.0,0.0,,,,,0.0,0.0,30.0,0.0001281999999989,0.0006477999999958,8.22,88.0,36.5,1
29862,SO-1301,Constable Dinesh Panchal,Constable,59,2026-07-19 12:34:18+00:00,95.0,88.0,,21.1507789,72.824776,15.699996948242188,-0.799,-0.09,-0.639,,0.0,0.0,0.0,,,,,0.0,0.0,30.0,0.0,0.0,0.0,88.0,36.5,2
29869,SO-1301,Constable Dinesh Panchal,Constable,59,2026-07-19 12:34:48+00:00,100.0,87.0,,21.1507789,72.824776,15.699996948242188,-0.949,0.023,0.167,,0.0,0.0,0.0,,,,,0.0,0.0,30.0,0.0,0.0,0.0,87.0,36.5,2
29876,SO-1301,Constable Dinesh Panchal,Constable,59,2026-07-19 12:35:18+00:00,92.0,79.0,,21.1506561,72.8241421,15.699996948242188,-0.745,0.01,0.621,,0.0,0.0,0.0,,,,,0.0,0.0,30.0,-0.0001227999999997,-0.0006338999999968,8.04,79.0,36.5,1
29883,SO-1301,Constable Dinesh Panchal,Constable,59,2026-07-19 12:35:48+00:00,96.0,88.0,,21.1506585,72.8241454,15.699996948242188,-0.463,0.659,0.543,,0.0,0.0,0.0,,,,,0.0,0.0,30.0,2.3999999996249244e-06,3.3000000030369847e-06,0.05,88.0,36.5,2
29890,SO-1301,Constable Dinesh Panchal,Constable,59,2026-07-19 12:36:18+00:00,100.0,87.0,,21.1507497,72.824102,15.999996185302734,-0.911,0.248,-0.33,,0.0,0.0,0.0,,,,,0.0,0.0,30.0,9.119999999995798e-05,-4.340000000979671e-05,1.33,87.0,36.5,2
29897,SO-1301,Constable Dinesh Panchal,Constable,59,2026-07-19 12:36:48+00:00,100.0,71.0,,21.1507497,72.824102,15.999996185302734,-0.734,0.508,-0.461,,0.0,0.0,0.0,,,,,0.0,0.0,30.0,0.0,0.0,0.0,71.0,36.5,2
29904,SO-1301,Constable Dinesh Panchal,Constable,59,2026-07-19 12:37:18+00:00,87.0,86.0,,21.1503801,72.8244067,15.999996185302734,-0.216,0.944,0.386,,0.0,0.0,0.0,,,,,0.0,0.0,30.0,-0.000369599999999,0.0003047000000009,6.21,86.0,36.5,1
29910,SO-1301,Constable Dinesh Panchal,Constable,59,2026-07-19 12:37:48+00:00,90.0,87.0,,21.1503801,72.8244067,15.999996185302734,-0.858,0.158,0.432,,0.0,0.0,0.0,,,,,0.0,0.0,30.0,0.0,0.0,0.0,87.0,36.5,0
29916,SO-1301,Constable Dinesh Panchal,Constable,59,2026-07-19 12:38:18+00:00,99.0,86.0,,21.1503801,72.8244067,15.999996185302734,-1.013,0.166,0.073,,0.0,0.0,0.0,,,,,0.0,0.0,30.0,0.0,0.0,0.0,86.0,36.5,2
29922,SO-1301,Constable Dinesh Panchal,Constable,59,2026-07-19 12:38:48+00:00,97.0,82.0,,21.1507789,72.824776,15.999996185302734,-1.351,0.124,0.433,,0.0,0.0,0.0,,,,,0.0,0.0,30.0,0.0003987999999992,0.0003693000000026,7.02,82.0,36.5,1
29928,SO-1301,Constable Dinesh Panchal,Constable,59,2026-07-19 12:39:18+00:00,97.0,88.0,,21.1506061,72.8240029,16.80000114440918,-0.924,-0.003,-0.368,,0.0,0.0,0.0,,,,,0.0,0.0,30.0,-0.0001727999999978,-0.0007731000000035,9.87,88.0,36.5,1
29934,SO-1301,Constable Dinesh Panchal,Constable,59,2026-07-19 12:39:48+00:00,98.0,88.0,,21.1505784,72.8239985,16.80000114440918,-0.966,-0.032,-0.202,,0.0,0.0,0.0,,,,,0.0,0.0,30.0,-2.770000000040795e-05,-4.39999999457541e-06,0.37,88.0,36.5,2
29940,SO-1301,Constable Dinesh Panchal,Constable,59,2026-07-19 12:40:18+00:00,97.0,88.0,,21.1506574,72.8241372,15.699996948242188,-0.951,-0.032,0.087,,0.0,0.0,0.0,,,,,0.0,0.0,30.0,7.899999999949614e-05,0.0001386999999937,2.02,88.0,36.5,2
29946,SO-1301,Constable Dinesh Panchal,Constable,59,2026-07-19 12:40:48+00:00,93.0,87.0,,21.1506556,72.8241408,15.699996948242188,-0.973,-0.035,0.087,,0.0,0.0,0.0,,,,,0.0,0.0,30.0,-1.7999999997186933e-06,3.5999999994373866e-06,0.05,87.0,36.5,2
29952,SO-1301,Constable Dinesh Panchal,Constable,59,2026-07-19 12:41:18+00:00,93.0,85.0,,21.1506571,72.8241381,15.699996948242188,-0.807,0.298,0.36,,0.0,0.0,0.0,,,,,0.0,0.0,30.0,1.4999999997655775e-06,-2.6999999960253263e-06,0.04,85.0,36.5,2
29958,SO-1301,Constable Dinesh Panchal,Constable,59,2026-07-19 12:41:48+00:00,90.0,84.0,,21.1503801,72.8244067,15.699996948242188,-0.988,0.0,0.019,,0.0,0.0,0.0,,,,,0.0,0.0,30.0,-0.0002770000000005,0.0002685999999982,4.97,84.0,36.5,1
29964,SO-1301,Constable Dinesh Panchal,Constable,59,2026-07-19 12:42:18+00:00,90.0,77.0,,21.1506569,72.8241379,15.699996948242188,-0.957,0.029,0.046,,0.0,0.0,0.0,,,,,0.0,0.0,30.0,0.0002768000000017,-0.0002688000000006,4.97,77.0,36.5,1
29970,SO-1301,Constable Dinesh Panchal,Constable,59,2026-07-19 12:42:48+00:00,96.0,83.0,,21.1503801,72.8244067,15.699996948242188,-0.975,0.0,0.0,,0.0,0.0,0.0,,,,,0.0,0.0,30.0,-0.0002768000000017,0.0002688000000006,4.97,83.0,36.5,1
29976,SO-1301,Constable Dinesh Panchal,Constable,59,2026-07-19 12:43:18+00:00,93.0,87.0,,21.1506579,72.8241392,15.699996948242188,-0.974,-0.065,0.036,,0.0,0.0,0.0,,,,,0.0,0.0,30.0,0.0002777999999992,-0.0002674999999925,4.97,87.0,36.5,1
29982,SO-1301,Constable Dinesh Panchal,Constable,59,2026-07-19 12:43:48+00:00,97.0,79.0,,21.1506583,72.8241388,15.699996948242188,-0.983,-0.067,-0.09,,0.0,0.0,0.0,,,,,0.0,0.0,30.0,4.000000011217253e-07,-4.0000000467443897e-07,0.01,79.0,36.5,2
29988,SO-1301,Constable Dinesh Panchal,Constable,59,2026-07-19 12:44:18+00:00,88.0,88.0,,21.1506574,72.8241405,15.699996948242188,-0.987,-0.02,-0.049,,0.0,0.0,0.0,,,,,0.0,0.0,30.0,-8.999999998593466e-07,1.6999999985500835e-06,0.02,88.0,36.5,0
29994,SO-1301,Constable Dinesh Panchal,Constable,59,2026-07-19 12:44:48+00:00,84.0,87.0,,21.1506582,72.8241394,15.699996948242188,-0.965,0.013,0.008,,0.0,0.0,0.0,,,,,0.0,0.0,30.0,7.999999986907369e-07,-1.099999991538425e-06,0.02,87.0,36.5,0
30000,SO-1301,Constable Dinesh Panchal,Constable,59,2026-07-19 12:45:18+00:00,87.0,88.0,,21.1506582,72.8241394,15.699996948242188,-0.462,0.735,0.459,,0.0,0.0,0.0,,,,,0.0,0.0,30.0,0.0,0.0,0.0,88.0,36.5,0
30006,SO-1301,Constable Dinesh Panchal,Constable,59,2026-07-19 12:45:48+00:00,82.0,88.0,,21.1506586,72.8241392,15.699996948242188,-0.872,-0.17,0.406,,0.0,0.0,0.0,,,,,0.0,0.0,30.0,4.000000011217253e-07,-2.0000000233721948e-07,0.01,88.0,36.5,0
30012,SO-1301,Constable Dinesh Panchal,Constable,59,2026-07-19 12:46:18+00:00,100.0,89.0,,21.1506586,72.8241392,15.699996948242188,-0.258,1.039,0.435,,0.0,0.0,0.0,,,,,0.0,0.0,30.0,0.0,0.0,0.0,89.0,36.5,2
30018,SO-1301,Constable Dinesh Panchal,Constable,59,2026-07-19 12:46:48+00:00,93.0,87.0,,21.1507789,72.824776,15.699996948242188,-0.394,0.141,0.782,,0.0,0.0,0.0,,,,,0.0,0.0,30.0,0.0001202999999989,0.0006367999999952,8.07,87.0,36.5,1
30024,SO-1301,Constable Dinesh Panchal,Constable,59,2026-07-19 12:47:18+00:00,92.0,62.0,,21.1503801,72.8244067,15.699996948242188,-0.937,-0.233,-0.136,,0.0,0.0,0.0,,,,,0.0,0.0,30.0,-0.0003987999999992,-0.0003693000000026,7.02,62.0,36.5,1
30030,SO-1301,Constable Dinesh Panchal,Constable,59,2026-07-19 12:47:48+00:00,83.0,81.0,,21.1506336,72.8241239,15.699996948242188,-0.248,0.969,-0.057,,0.0,0.0,0.0,,,,,0.0,0.0,30.0,0.0002534999999994,-0.0002827999999936,4.87,81.0,36.5,1
30036,SO-1301,Constable Dinesh Panchal,Constable,59,2026-07-19 12:48:18+00:00,91.0,83.0,,21.1506043,72.8241119,15.699996948242188,-0.269,0.947,0.07,,0.0,0.0,0.0,,,,,0.0,0.0,30.0,-2.9299999997789428e-05,-1.1999999998124622e-05,0.42,83.0,36.5,2
30042,SO-1301,Constable Dinesh Panchal,Constable,59,2026-07-19 12:48:48+00:00,94.0,76.0,,21.1506309,72.8241112,15.699996948242188,-0.883,-0.09,-0.398,,0.0,0.0,0.0,,,,,0.0,0.0,30.0,2.6599999998211388e-05,-7.000000010748408e-07,0.35,76.0,36.5,2
30048,SO-1301,Constable Dinesh Panchal,Constable,59,2026-07-19 12:49:18+00:00,83.0,79.0,,21.1505284,72.8241351,15.499996185302734,-0.844,-0.38,0.118,,0.0,0.0,0.0,,,,,0.0,0.0,30.0,-0.0001025000000005,2.390000000218606e-05,1.4,79.0,36.5,0
30054,SO-1301,Constable Dinesh Panchal,Constable,59,2026-07-19 12:49:48+00:00,91.0,66.0,,21.1505882,72.8239707,16.80000114440918,-0.402,0.778,-0.041,,0.0,0.0,0.0,,,,,0.0,0.0,30.0,5.9800000002496745e-05,-0.0001644000000027,2.19,66.0,36.5,2
30060,SO-1301,Constable Dinesh Panchal,Constable,59,2026-07-19 12:50:18+00:00,92.0,87.0,,21.1503805,72.8240967,15.699996948242188,-0.54,0.821,0.146,,0.0,0.0,0.0,,,,,0.0,0.0,30.0,-0.0002077000000006,0.0001259999999945,3.18,87.0,36.5,2
30065,SO-1301,Constable Dinesh Panchal,Constable,59,2026-07-19 12:50:48+00:00,95.0,65.0,,21.1503717,72.8240967,15.699996948242188,-0.919,0.257,-0.262,,0.0,0.0,0.0,,,,,0.0,0.0,30.0,-8.79999999980896e-06,0.0,0.12,65.0,36.5,2
30070,SO-1301,Constable Dinesh Panchal,Constable,59,2026-07-19 12:51:18+00:00,84.0,77.0,,21.1503717,72.8240967,16.80000114440918,-0.902,0.21,-0.343,,0.0,0.0,0.0,,,,,0.0,0.0,30.0,0.0,0.0,0.0,77.0,36.5,0
30076,SO-1301,Constable Dinesh Panchal,Constable,59,2026-07-19 12:51:48+00:00,99.0,87.0,,21.1506557,72.8241434,15.699996948242188,0.346,-0.943,0.058,,0.0,0.0,0.0,,,,,0.0,0.0,30.0,0.0002840000000006,4.669999999862284e-05,3.83,87.0,36.5,2
30082,SO-1301,Constable Dinesh Panchal,Constable,59,2026-07-19 12:52:18+00:00,96.0,86.0,,21.1506556,72.8241402,15.699996948242188,0.366,-0.927,0.118,,0.0,0.0,0.0,,,,,0.0,0.0,30.0,-1.0000000116860974e-07,-3.1999999947629476e-06,0.04,86.0,36.5,2
30088,SO-1301,Constable Dinesh Panchal,Constable,59,2026-07-19 12:52:48+00:00,86.0,88.0,,21.1506543,72.8241392,15.699996948242188,0.362,-0.929,0.074,,0.0,0.0,0.0,,,,,0.0,0.0,30.0,-1.300000000981072e-06,-9.999999974752427e-07,0.02,88.0,36.5,0
30092,SO-1301,Constable Dinesh Panchal,Constable,59,2026-07-19 12:53:18+00:00,100.0,85.0,,21.1506558,72.8241403,15.699996948242188,0.365,-0.931,0.083,,0.0,0.0,0.0,,,,,0.0,0.0,30.0,1.4999999997655775e-06,1.099999991538425e-06,0.02,85.0,36.5,2
30097,SO-1301,Constable Dinesh Panchal,Constable,59,2026-07-19 12:53:48+00:00,98.0,88.0,,21.1506553,72.8241402,15.699996948242188,0.372,-0.934,0.06,,0.0,0.0,0.0,,,,,0.0,0.0,30.0,-4.999999987376214e-07,-9.999999406318238e-08,0.01,88.0,36.5,2
30102,SO-1301,Constable Dinesh Panchal,Constable,59,2026-07-19 12:54:18+00:00,96.0,88.0,,21.1506552,72.824139,15.699996948242188,0.338,-0.947,0.073,,0.0,0.0,0.0,,,,,0.0,0.0,30.0,-1.0000000116860974e-07,-1.1999999998124622e-06,0.01,88.0,36.5,2
30107,SO-1301,Constable Dinesh Panchal,Constable,59,2026-07-19 12:54:48+00:00,90.0,83.0,,21.1506555,72.8241413,15.699996948242188,0.32,-0.943,0.08,,0.0,0.0,0.0,,,,,0.0,0.0,30.0,2.999999999531156e-07,2.2999999913508873e-06,0.03,83.0,36.5,0
30112,SO-1301,Constable Dinesh Panchal,Constable,59,2026-07-19 12:55:18+00:00,89.0,88.0,,21.1506577,72.824139,15.699996948242188,0.302,-0.957,0.05,,0.0,0.0,0.0,,,,,0.0,0.0,30.0,2.2000000008404186e-06,-2.2999999913508873e-06,0.04,88.0,36.5,0
30117,SO-1301,Constable Dinesh Panchal,Constable,59,2026-07-19 12:55:48+00:00,88.0,56.0,,21.1506553,72.8241404,15.699996948242188,0.312,-0.953,0.047,,0.0,0.0,0.0,,,,,0.0,0.0,30.0,-2.3999999996249244e-06,1.4000000021496817e-06,0.04,56.0,36.5,0
30122,SO-1301,Constable Dinesh Panchal,Constable,59,2026-07-19 12:56:18+00:00,88.0,85.0,,21.1506535,72.824142,15.699996948242188,-1.064,0.144,-0.516,,0.0,0.0,0.0,,,,,0.0,0.0,30.0,-1.7999999997186933e-06,1.5999999902760464e-06,0.03,85.0,36.5,0
30126,SO-1301,Constable Dinesh Panchal,Constable,59,2026-07-19 12:56:48+00:00,95.0,,,21.1506535,72.824142,15.699996948242188,0.186,-0.232,0.978,,0.0,0.0,0.0,,,,,0.0,0.0,30.0,0.0,0.0,0.0,85.0,36.5,2
30220,SO-1301,Constable Dinesh Panchal,Constable,59,2026-07-19 13:08:16+00:00,95.0,87.0,,21.1505835,72.8241393,15.699996948242188,-0.972,-0.074,-0.181,,0.0,0.0,0.0,,,,,0.0,0.0,688.0,-7.000000000090267e-05,-2.6999999960253263e-06,0.0,87.0,36.5,2
30225,SO-1301,Constable Dinesh Panchal,Constable,59,2026-07-19 13:08:46+00:00,87.0,88.0,,21.1505303,72.8241374,15.499996185302734,-0.508,0.245,0.766,,0.0,0.0,0.0,,,,,0.0,0.0,30.0,-5.319999999997549e-05,-1.900000000887303e-06,0.71,88.0,36.5,0
30230,SO-1301,Constable Dinesh Panchal,Constable,59,2026-07-19 13:09:16+00:00,83.0,78.0,,21.150531,72.8241375,15.499996185302734,0.367,-0.926,0.094,,0.0,0.0,0.0,,,,,0.0,0.0,30.0,7.000000010748408e-07,1.000000082740371e-07,0.01,78.0,36.5,0
30235,SO-1301,Constable Dinesh Panchal,Constable,59,2026-07-19 13:09:46+00:00,93.0,53.0,,21.1506558,72.8241408,15.699996948242188,0.35,-0.941,0.068,,0.0,0.0,0.0,,,,,0.0,0.0,30.0,0.0001247999999982,3.29999998882613e-06,1.66,53.0,36.5,2
30240,SO-1301,Constable Dinesh Panchal,Constable,59,2026-07-19 13:10:16+00:00,92.0,88.0,,21.150533,72.8241367,15.499996185302734,0.352,-0.932,0.068,,0.0,0.0,0.0,,,,,0.0,0.0,30.0,-0.0001227999999997,-4.099999998175008e-06,1.64,88.0,36.5,2
30245,SO-1301,Constable Dinesh Panchal,Constable,59,2026-07-19 13:10:46+00:00,86.0,73.0,,21.15053,72.8241373,15.499996185302734,0.337,-0.94,0.074,,0.0,0.0,0.0,,,,,0.0,0.0,30.0,-2.9999999995311555e-06,6.000000070116585e-07,0.04,73.0,36.5,0
30250,SO-1301,Constable Dinesh Panchal,Constable,59,2026-07-19 13:11:16+00:00,85.0,71.0,,21.15053,72.8241373,15.499996185302734,0.347,-0.934,0.073,,0.0,0.0,0.0,,,,,0.0,0.0,30.0,0.0,0.0,0.0,71.0,36.5,0
30255,SO-1301,Constable Dinesh Panchal,Constable,59,2026-07-19 13:11:46+00:00,85.0,72.0,,21.1506522,72.8241426,15.699996948242188,0.352,-0.939,-0.016,,0.0,0.0,0.0,,,,,0.0,0.0,30.0,0.0001221999999998,5.29999999798747e-06,1.63,72.0,36.5,0
30260,SO-1301,Constable Dinesh Panchal,Constable,59,2026-07-19 13:12:16+00:00,94.0,88.0,,21.1506527,72.8241416,15.699996948242188,0.485,-0.888,0.015,,0.0,0.0,0.0,,,,,0.0,0.0,30.0,4.999999987376214e-07,-9.999999974752427e-07,0.01,88.0,36.5,2
30265,SO-1301,Constable Dinesh Panchal,Constable,59,2026-07-19 13:12:46+00:00,88.0,88.0,,21.1506523,72.8241435,15.699996948242188,0.437,-0.909,0.011,,0.0,0.0,0.0,,,,,0.0,0.0,30.0,-3.999999975690116e-07,1.900000000887303e-06,0.02,88.0,36.5,0
30270,SO-1301,Constable Dinesh Panchal,Constable,59,2026-07-19 13:13:16+00:00,96.0,86.0,,21.1506474,72.8241404,15.699996948242188,0.572,-0.676,0.868,,0.0,0.0,0.0,,,,,0.0,0.0,30.0,-4.9000000004184585e-06,-3.1000000006997652e-06,0.08,86.0,36.5,2
30275,SO-1301,Constable Dinesh Panchal,Constable,59,2026-07-19 13:13:46+00:00,81.0,86.0,,21.1506228,72.8241424,15.699996948242188,0.32,-0.785,0.518,,0.0,0.0,0.0,,,,,0.0,0.0,30.0,-2.459999999970819e-05,1.9999999949504854e-06,0.33,86.0,36.5,0
30280,SO-1301,Constable Dinesh Panchal,Constable,59,2026-07-19 13:14:16+00:00,85.0,83.0,,21.1506523,72.8241426,15.699996948242188,0.336,-0.958,-0.01,,0.0,0.0,0.0,,,,,0.0,0.0,30.0,2.9500000000126647e-05,2.0000000233721948e-07,0.39,83.0,36.5,0
30285,SO-1301,Constable Dinesh Panchal,Constable,59,2026-07-19 13:14:46+00:00,85.0,82.0,,21.1505305,72.8241376,15.499996185302734,0.342,-0.945,0.023,,0.0,0.0,0.0,,,,,0.0,0.0,30.0,-0.0001218000000022,-5.000000001587068e-06,1.62,82.0,36.5,0
30290,SO-1301,Constable Dinesh Panchal,Constable,59,2026-07-19 13:15:16+00:00,86.0,88.0,,21.1506147,72.8241437,15.699996948242188,0.388,-0.92,0.104,,0.0,0.0,0.0,,,,,0.0,0.0,30.0,8.419999999986771e-05,6.099999993125493e-06,1.12,88.0,36.5,0
30294,SO-1301,Constable Dinesh Panchal,Constable,59,2026-07-19 13:15:46+00:00,88.0,87.0,,21.1505324,72.8241347,15.499996185302734,0.41,-0.916,0.108,,0.0,0.0,0.0,,,,,0.0,0.0,30.0,-8.229999999898041e-05,-8.999999991488039e-06,1.1,87.0,36.5,0
30299,SO-1301,Constable Dinesh Panchal,Constable,59,2026-07-19 13:16:16+00:00,83.0,85.0,,21.1506507,72.8241427,15.699996948242188,0.363,-0.937,0.083,,0.0,0.0,0.0,,,,,0.0,0.0,30.0,0.0001183000000004,7.999999994012796e-06,1.58,85.0,36.5,0
30304,SO-1301,Constable Dinesh Panchal,Constable,59,2026-07-19 13:16:46+00:00,84.0,64.0,,21.1505343,72.8241353,15.499996185302734,0.323,-0.944,0.082,,0.0,0.0,0.0,,,,,0.0,0.0,30.0,-0.0001163999999995,-7.400000001211993e-06,1.55,64.0,36.5,0
30310,SO-1301,Constable Dinesh Panchal,Constable,59,2026-07-19 13:17:17+00:00,95.0,87.0,,21.1505443,72.8241,15.499996185302734,0.407,-0.862,0.323,,0.0,0.0,0.0,,,,,0.0,0.0,31.0,9.999999999621425e-06,-3.5299999993299025e-05,0.44,87.0,36.5,2
30316,SO-1301,Constable Dinesh Panchal,Constable,59,2026-07-19 13:17:46+00:00,80.0,76.0,,21.1506531,72.8241444,15.699996948242188,-0.959,-0.165,-0.163,,0.0,0.0,0.0,,,,,0.0,0.0,29.0,0.0001087999999995,4.43999999930611e-05,1.6,76.0,36.5,0
30322,SO-1301,Constable Dinesh Panchal,Constable,59,2026-07-19 13:18:16+00:00,80.0,78.0,,21.1506511,72.8241425,15.699996948242188,-0.963,-0.166,-0.156,,0.0,0.0,0.0,,,,,0.0,0.0,30.0,-1.999999998503199e-06,-1.900000000887303e-06,0.04,78.0,36.5,0
30328,SO-1301,Constable Dinesh Panchal,Constable,59,2026-07-19 13:18:46+00:00,90.0,75.0,,21.1506139,72.8241422,15.699996948242188,-0.961,-0.162,-0.163,,0.0,0.0,0.0,,,,,0.0,0.0,30.0,-3.7200000001291755e-05,-2.999999964004019e-07,0.5,75.0,36.5,0
30334,SO-1301,Constable Dinesh Panchal,Constable,59,2026-07-19 13:19:16+00:00,90.0,79.0,,21.1506029,72.8241455,15.699996948242188,-0.958,-0.158,-0.155,,0.0,0.0,0.0,,,,,0.0,0.0,30.0,-1.100000000064938e-05,3.3000000030369847e-06,0.15,79.0,36.5,0
30340,SO-1301,Constable Dinesh Panchal,Constable,59,2026-07-19 13:19:46+00:00,90.0,83.0,,21.1505292,72.8241368,15.499996185302734,-0.954,-0.158,-0.161,,0.0,0.0,0.0,,,,,0.0,0.0,30.0,-7.369999999795596e-05,-8.699999995087637e-06,0.99,83.0,36.5,0
30346,SO-1301,Constable Dinesh Panchal,Constable,59,2026-07-19 13:20:16+00:00,90.0,74.0,,21.1506546,72.824144,15.699996948242188,-0.959,-0.158,-0.167,,0.0,0.0,0.0,,,,,0.0,0.0,30.0,0.0001253999999981,7.199999998874773e-06,1.67,74.0,36.5,0
30352,SO-1301,Constable Dinesh Panchal,Constable,59,2026-07-19 13:20:46+00:00,83.0,78.0,,21.150544,72.8241245,15.499996185302734,-0.962,-0.162,-0.167,,0.0,0.0,0.0,,,,,0.0,0.0,30.0,-0.0001105999999992,-1.950000000761065e-05,1.49,78.0,36.5,0
30358,SO-1301,Constable Dinesh Panchal,Constable,59,2026-07-19 13:21:16+00:00,83.0,75.0,,21.1506534,72.8241426,15.699996948242188,-0.959,-0.161,-0.16,,0.0,0.0,0.0,,,,,0.0,0.0,30.0,0.0001093999999994,1.810000000546097e-05,1.47,75.0,36.5,0
30364,SO-1301,Constable Dinesh Panchal,Constable,59,2026-07-19 13:21:46+00:00,83.0,75.0,,21.1506536,72.8241426,15.699996948242188,-0.96,-0.163,-0.162,,0.0,0.0,0.0,,,,,0.0,0.0,30.0,1.999999987845058e-07,0.0,0.0,75.0,36.5,0
30370,SO-1301,Constable Dinesh Panchal,Constable,59,2026-07-19 13:22:16+00:00,83.0,79.0,,21.1506539,72.8241436,15.699996948242188,-0.96,-0.162,-0.157,,0.0,0.0,0.0,,,,,0.0,0.0,30.0,2.999999999531156e-07,9.999999974752427e-07,0.01,79.0,36.5,0
30376,SO-1301,Constable Dinesh Panchal,Constable,59,2026-07-19 13:22:47+00:00,81.0,75.0,,21.1506503,72.8241424,15.699996948242188,-0.962,-0.161,-0.156,,0.0,0.0,0.0,,,,,0.0,0.0,31.0,-3.5999999994373866e-06,-1.1999999998124622e-06,0.05,75.0,36.5,0
30382,SO-1301,Constable Dinesh Panchal,Constable,59,2026-07-19 13:23:16+00:00,81.0,84.0,,21.1505329,72.8241382,15.499996185302734,-0.959,-0.157,-0.16,,0.0,0.0,0.0,,,,,0.0,0.0,29.0,-0.000117399999997,-4.200000006449045e-06,1.62,84.0,36.5,0
30388,SO-1301,Constable Dinesh Panchal,Constable,59,2026-07-19 13:23:46+00:00,81.0,75.0,,21.1506451,72.8241436,15.699996948242188,-0.956,-0.157,-0.16,,0.0,0.0,0.0,,,,,0.0,0.0,30.0,0.0001121999999966,5.400000006261507e-06,1.5,75.0,36.5,0
30394,SO-1301,Constable Dinesh Panchal,Constable,59,2026-07-19 13:24:16+00:00,81.0,77.0,,21.150639,72.8241437,15.699996948242188,-0.964,-0.16,-0.161,,0.0,0.0,0.0,,,,,0.0,0.0,30.0,-6.099999996678207e-06,9.999999406318238e-08,0.08,77.0,36.5,0
30400,SO-1301,Constable Dinesh Panchal,Constable,59,2026-07-19 13:24:46+00:00,94.0,85.0,,21.1506414,72.8241415,15.699996948242188,-0.656,-0.401,0.555,,0.0,0.0,0.0,,,,,0.0,0.0,30.0,2.3999999996249244e-06,-2.199999997287705e-06,0.04,85.0,36.5,2
30405,SO-1301,Constable Dinesh Panchal,Constable,59,2026-07-19 13:25:16+00:00,89.0,77.0,,21.1506329,72.8241431,15.699996948242188,-0.569,-0.323,0.71,,0.0,0.0,0.0,,,,,0.0,0.0,30.0,-8.499999999855845e-06,1.6000000044869012e-06,0.11,77.0,36.5,0
30411,SO-1301,Constable Dinesh Panchal,Constable,59,2026-07-19 13:25:46+00:00,89.0,86.0,,21.1506522,72.8241423,15.699996948242188,-0.573,-0.319,0.701,,0.0,0.0,0.0,,,,,0.0,0.0,30.0,1.9299999998168005e-05,-7.999999951380232e-07,0.26,86.0,36.5,0
30417,SO-1301,Constable Dinesh Panchal,Constable,59,2026-07-19 13:26:17+00:00,90.0,87.0,,21.150557,72.8241419,15.699996948242188,-0.576,-0.317,0.704,,0.0,0.0,0.0,,,,,0.0,0.0,31.0,-9.520000000051708e-05,-4.0000000467443897e-07,1.23,87.0,36.5,0
30423,SO-1301,Constable Dinesh Panchal,Constable,59,2026-07-19 13:26:46+00:00,82.0,83.0,,21.1505341,72.8241371,15.499996185302734,-0.571,-0.322,0.7,,0.0,0.0,0.0,,,,,0.0,0.0,29.0,-2.289999999760539e-05,-4.799999999249849e-06,0.32,83.0,36.5,0
30429,SO-1301,Constable Dinesh Panchal,Constable,59,2026-07-19 13:27:16+00:00,87.0,87.0,,21.1505331,72.8241331,15.499996185302734,-0.572,-0.319,0.704,,0.0,0.0,0.0,,,,,0.0,0.0,30.0,-1.0000000010279564e-06,-4.0000000041118255e-06,0.05,87.0,36.5,0
30435,SO-1301,Constable Dinesh Panchal,Constable,59,2026-07-19 13:27:46+00:00,93.0,88.0,,21.1506383,72.8241418,15.699996948242188,0.319,-0.668,-0.752,,0.0,0.0,0.0,,,,,0.0,0.0,30.0,0.0001052000000001,8.700000009298492e-06,1.41,88.0,36.5,2
30441,SO-1301,Constable Dinesh Panchal,Constable,59,2026-07-19 13:28:16+00:00,83.0,76.0,,21.150538,72.8241179,15.499996185302734,-0.171,-0.968,-0.213,,0.0,0.0,0.0,,,,,0.0,0.0,30.0,-0.0001002999999997,-2.390000000218606e-05,1.37,76.0,36.5,0
30447,SO-1301,Constable Dinesh Panchal,Constable,59,2026-07-19 13:28:46+00:00,83.0,88.0,,21.150648,72.8241408,15.699996948242188,-0.17,-0.968,-0.202,,0.0,0.0,0.0,,,,,0.0,0.0,30.0,0.0001099999999993,2.2899999990499964e-05,1.49,88.0,36.5,0
30453,SO-1301,Constable Dinesh Panchal,Constable,59,2026-07-19 13:29:16+00:00,82.0,82.0,,21.1505643,72.8241415,15.499996185302734,-0.199,0.983,-0.031,,0.0,0.0,0.0,,,,,0.0,0.0,30.0,-8.370000000113009e-05,7.000000010748408e-07,1.11,82.0,36.5,0
30458,SO-1301,Constable Dinesh Panchal,Constable,59,2026-07-19 13:29:46+00:00,94.0,52.0,,21.1506556,72.8241396,15.699996948242188,-0.132,0.783,-0.273,,0.0,0.0,0.0,,,,,0.0,0.0,30.0,9.13000000011266e-05,-1.900000000887303e-06,1.22,52.0,36.5,2
32384,SO-1301,Constable Dinesh Panchal,Constable,59,2026-07-19 19:05:21+00:00,99.0,86.0,,21.1506548,72.8241425,15.699996948242188,-0.945,0.223,-0.054,,0.0,0.0,0.0,,,,,0.0,0.0,20135.0,-7.999999986907369e-07,2.8999999983625457e-06,0.0,86.0,36.5,2
32388,SO-1301,Constable Dinesh Panchal,Constable,59,2026-07-19 19:05:51+00:00,90.0,81.0,,21.1505797,72.8241331,15.499996185302734,-0.948,0.199,-0.132,,0.0,0.0,0.0,,,,,0.0,0.0,30.0,-7.510000000010564e-05,-9.399999996162478e-06,1.01,81.0,36.5,0
32392,SO-1301,Constable Dinesh Panchal,Constable,59,2026-07-19 19:06:26+00:00,95.0,77.0,,21.1505797,72.8241331,15.499996185302734,-0.911,0.116,-0.357,,0.0,0.0,0.0,,,,,0.0,0.0,35.0,0.0,0.0,0.0,77.0,36.5,2
32395,SO-1301,Constable Dinesh Panchal,Constable,59,2026-07-19 19:06:51+00:00,98.0,83.0,,21.1507567,72.8247567,15.499996185302734,-1.09,0.133,-0.136,,0.0,0.0,0.0,,,,,0.0,0.0,25.0,0.0001769999999972,0.0006235999999972,9.71,83.0,36.5,1
32398,SO-1301,Constable Dinesh Panchal,Constable,59,2026-07-19 19:07:21+00:00,86.0,88.0,,21.1507567,72.8247567,15.499996185302734,-1.265,0.046,-0.474,,0.0,0.0,0.0,,,,,0.0,0.0,30.0,0.0,0.0,0.0,88.0,36.5,0
32401,SO-1301,Constable Dinesh Panchal,Constable,59,2026-07-19 19:07:54+00:00,94.0,88.0,,21.150775,72.8247,15.499996185302734,-0.271,0.665,0.658,,0.0,0.0,0.0,,,,,0.0,0.0,33.0,1.830000000069276e-05,-5.6699999987586125e-05,0.68,88.0,36.5,2
32404,SO-1301,Constable Dinesh Panchal,Constable,59,2026-07-19 19:08:21+00:00,83.0,82.0,,21.150775,72.8247,15.499996185302734,-0.266,0.669,0.659,,0.0,0.0,0.0,,,,,0.0,0.0,27.0,0.0,0.0,0.0,82.0,36.5,0
32407,SO-1301,Constable Dinesh Panchal,Constable,59,2026-07-19 19:08:51+00:00,92.0,87.0,,21.1506605,72.824139,15.699996948242188,0.651,0.648,0.416,,0.0,0.0,0.0,,,,,0.0,0.0,30.0,-0.0001144999999986,-0.0005610000000046,7.13,87.0,36.5,1
32410,SO-1301,Constable Dinesh Panchal,Constable,59,2026-07-19 19:09:21+00:00,88.0,84.0,,21.1506562,72.8241418,15.699996948242188,0.485,0.595,0.632,,0.0,0.0,0.0,,,,,0.0,0.0,30.0,-4.300000000512227e-06,2.8000000042993634e-06,0.07,84.0,36.5,0
32412,SO-1301,Constable Dinesh Panchal,Constable,59,2026-07-19 19:09:51+00:00,92.0,88.0,,21.1506562,72.8241418,15.699996948242188,0.481,0.6,0.631,,0.0,0.0,0.0,,,,,0.0,0.0,30.0,0.0,0.0,0.0,88.0,36.5,2
32415,SO-1301,Constable Dinesh Panchal,Constable,59,2026-07-19 19:10:25+00:00,95.0,88.0,,21.1504469,72.8247361,15.699996948242188,-0.273,0.655,0.663,,0.0,0.0,0.0,,,,,0.0,0.0,34.0,-0.0002093000000016,0.0005942999999888,6.96,88.0,36.5,1
32418,SO-1301,Constable Dinesh Panchal,Constable,59,2026-07-19 19:10:51+00:00,95.0,84.0,,21.1504467,72.8247367,15.699996948242188,-0.277,0.659,0.655,,0.0,0.0,0.0,,,,,0.0,0.0,26.0,-1.999999987845058e-07,6.000000070116585e-07,0.01,84.0,36.5,2
32421,SO-1301,Constable Dinesh Panchal,Constable,59,2026-07-19 19:11:21+00:00,98.0,83.0,,21.1506573,72.8241351,15.699996948242188,-0.286,0.657,0.657,,0.0,0.0,0.0,,,,,0.0,0.0,30.0,0.000210599999999,-0.0006015999999959,7.98,83.0,36.5,1
32424,SO-1301,Constable Dinesh Panchal,Constable,59,2026-07-19 19:11:51+00:00,88.0,88.0,,21.1506573,72.8241351,15.699996948242188,0.623,0.664,0.432,,0.0,0.0,0.0,,,,,0.0,0.0,30.0,0.0,0.0,0.0,88.0,36.5,0
32427,SO-1301,Constable Dinesh Panchal,Constable,59,2026-07-19 19:12:21+00:00,95.0,88.0,,21.1506558,72.8241413,15.699996948242188,-0.306,0.143,0.858,,0.0,0.0,0.0,,,,,0.0,0.0,30.0,-1.4999999997655775e-06,6.199999987188676e-06,0.08,88.0,36.5,2
32430,SO-1301,Constable Dinesh Panchal,Constable,59,2026-07-19 19:12:51+00:00,92.0,86.0,,21.150656,72.8241413,15.699996948242188,-0.322,0.295,0.868,,0.0,0.0,0.0,,,,,0.0,0.0,30.0,2.0000000233721948e-07,0.0,0.0,86.0,36.5,2
32433,SO-1301,Constable Dinesh Panchal,Constable,59,2026-07-19 19:13:21+00:00,93.0,87.0,,21.1506584,72.8241396,15.699996948242188,-0.373,0.356,0.823,,0.0,0.0,0.0,,,,,0.0,0.0,30.0,2.3999999996249244e-06,-1.6999999985500835e-06,0.04,87.0,36.5,2
32436,SO-1301,Constable Dinesh Panchal,Constable,59,2026-07-19 19:13:51+00:00,84.0,84.0,,21.1505975,72.8240846,15.599998474121094,-0.834,0.053,-0.56,,0.0,0.0,0.0,,,,,0.0,0.0,30.0,-6.09000000011406e-05,-5.499999998903604e-05,1.06,84.0,36.5,0
32439,SO-1301,Constable Dinesh Panchal,Constable,59,2026-07-19 19:14:21+00:00,97.0,84.0,,21.1506552,72.8241384,15.699996948242188,-0.83,0.026,-0.561,,0.0,0.0,0.0,,,,,0.0,0.0,30.0,5.769999999927222e-05,5.379999998922358e-05,1.02,84.0,36.5,2
32442,SO-1301,Constable Dinesh Panchal,Constable,59,2026-07-19 19:14:51+00:00,83.0,77.0,,21.150667,72.824088,15.499996185302734,-0.449,0.593,0.635,,0.0,0.0,0.0,,,,,0.0,0.0,30.0,1.1799999999340116e-05,-5.039999999212341e-05,0.65,77.0,36.5,0
32444,SO-1301,Constable Dinesh Panchal,Constable,59,2026-07-19 19:15:21+00:00,83.0,72.0,,21.150681,72.8241368,15.699996948242188,-0.442,0.581,0.642,,0.0,0.0,0.0,,,,,0.0,0.0,30.0,1.4000000000180536e-05,4.8800000001847366e-05,0.63,72.0,36.5,0
32447,SO-1301,Constable Dinesh Panchal,Constable,59,2026-07-19 19:15:51+00:00,83.0,74.0,,21.1506715,72.8241376,15.699996948242188,-0.447,0.568,0.643,,0.0,0.0,0.0,,,,,0.0,0.0,30.0,-9.499999997331088e-06,7.999999951380232e-07,0.13,74.0,36.5,0
32450,SO-1301,Constable Dinesh Panchal,Constable,59,2026-07-19 19:16:21+00:00,83.0,83.0,,21.150636,72.8241041,15.699996948242188,0.627,0.601,0.505,,0.0,0.0,0.0,,,,,0.0,0.0,30.0,-3.550000000274167e-05,-3.350000000068576e-05,0.63,83.0,36.5,0
32453,SO-1301,Constable Dinesh Panchal,Constable,59,2026-07-19 19:16:51+00:00,91.0,86.0,,21.1506622,72.8241191,15.699996948242188,0.627,0.598,0.493,,0.0,0.0,0.0,,,,,0.0,0.0,30.0,2.6200000000642376e-05,1.5000000004761205e-05,0.4,86.0,36.5,2
32456,SO-1301,Constable Dinesh Panchal,Constable,59,2026-07-19 19:17:21+00:00,97.0,88.0,,21.1506593,72.8241401,15.699996948242188,0.627,0.589,0.517,,0.0,0.0,0.0,,,,,0.0,0.0,30.0,-2.8999999983625457e-06,2.099999998961266e-05,0.26,88.0,36.5,2
32459,SO-1301,Constable Dinesh Panchal,Constable,59,2026-07-19 19:17:51+00:00,98.0,88.0,,21.1506593,72.8241401,15.699996948242188,0.643,0.595,0.488,,0.0,0.0,0.0,,,,,0.0,0.0,30.0,0.0,0.0,0.0,88.0,36.5,2
32462,SO-1301,Constable Dinesh Panchal,Constable,59,2026-07-19 19:18:21+00:00,100.0,88.0,,21.1507789,72.824776,15.699996948242188,0.646,0.588,0.491,,0.0,0.0,0.0,,,,,0.0,0.0,30.0,0.0001195999999978,0.000635900000006,8.05,88.0,36.5,1
32465,SO-1301,Constable Dinesh Panchal,Constable,59,2026-07-19 19:18:51+00:00,83.0,88.0,,21.1506559,72.8241403,15.699996948242188,0.705,0.595,0.389,,0.0,0.0,0.0,,,,,0.0,0.0,30.0,-0.0001229999999985,-0.0006357000000036,8.06,88.0,36.5,1
32468,SO-1301,Constable Dinesh Panchal,Constable,59,2026-07-19 19:19:21+00:00,89.0,88.0,,21.1506565,72.8241407,15.699996948242188,0.719,0.597,0.37,,0.0,0.0,0.0,,,,,0.0,0.0,30.0,5.999999999062311e-07,4.0000000467443897e-07,0.01,88.0,36.5,0
32471,SO-1301,Constable Dinesh Panchal,Constable,59,2026-07-19 19:19:51+00:00,92.0,88.0,,21.1506565,72.8241407,15.699996948242188,0.732,0.587,0.358,,0.0,0.0,0.0,,,,,0.0,0.0,30.0,0.0,0.0,0.0,88.0,36.5,2
32474,SO-1301,Constable Dinesh Panchal,Constable,59,2026-07-19 19:20:21+00:00,93.0,88.0,,21.1506638,72.8241389,15.699996948242188,1.227,0.537,0.569,,0.0,0.0,0.0,,,,,0.0,0.0,30.0,7.300000000043383e-06,-1.8000000068241206e-06,0.1,88.0,36.5,2
32477,SO-1301,Constable Dinesh Panchal,Constable,59,2026-07-19 19:20:51+00:00,85.0,86.0,,21.1506568,72.8241419,15.699996948242188,-0.407,0.287,0.832,,0.0,0.0,0.0,,,,,0.0,0.0,30.0,-7.000000000090267e-06,3.000000006636583e-06,0.1,86.0,36.5,0
32480,SO-1301,Constable Dinesh Panchal,Constable,59,2026-07-19 19:21:21+00:00,91.0,87.0,,21.1506568,72.8241419,15.699996948242188,-0.723,0.204,-0.67,,0.0,0.0,0.0,,,,,0.0,0.0,30.0,0.0,0.0,0.0,87.0,36.5,2
32483,SO-1301,Constable Dinesh Panchal,Constable,59,2026-07-19 19:21:56+00:00,82.0,80.0,,21.1506568,72.8241419,15.699996948242188,-0.405,0.262,0.839,,0.0,0.0,0.0,,,,,0.0,0.0,35.0,0.0,0.0,0.0,80.0,36.5,0
32486,SO-1301,Constable Dinesh Panchal,Constable,59,2026-07-19 19:22:21+00:00,81.0,78.0,,21.1506576,72.8241406,15.699996948242188,-0.395,0.266,0.842,,0.0,0.0,0.0,,,,,0.0,0.0,25.0,7.999999986907369e-07,-1.2999999938756446e-06,0.02,78.0,36.5,0
32490,SO-1301,Constable Dinesh Panchal,Constable,59,2026-07-19 19:22:51+00:00,85.0,78.0,,21.1506556,72.8241393,15.699996948242188,-0.399,0.267,0.847,,0.0,0.0,0.0,,,,,0.0,0.0,30.0,-1.999999998503199e-06,-1.3000000080864993e-06,0.03,78.0,36.5,0
32494,SO-1301,Constable Dinesh Panchal,Constable,59,2026-07-19 19:23:21+00:00,81.0,68.0,,21.1505882,72.8239707,16.80000114440918,-0.394,0.264,0.84,,0.0,0.0,0.0,,,,,0.0,0.0,30.0,-6.739999999894053e-05,-0.0001685999999949,2.28,68.0,36.5,0
32497,SO-1301,Constable Dinesh Panchal,Constable,59,2026-07-19 19:23:56+00:00,82.0,79.0,,21.1505882,72.8239707,16.80000114440918,-0.82,0.171,-0.537,,0.0,0.0,0.0,,,,,0.0,0.0,35.0,0.0,0.0,0.0,79.0,36.5,0
32500,SO-1301,Constable Dinesh Panchal,Constable,59,2026-07-19 19:24:21+00:00,92.0,88.0,,21.1506552,72.8241406,15.699996948242188,-0.225,0.888,0.418,,0.0,0.0,0.0,,,,,0.0,0.0,25.0,6.69999999978188e-05,0.000169900000003,2.75,88.0,36.5,2
32503,SO-1301,Constable Dinesh Panchal,Constable,59,2026-07-19 19:24:51+00:00,93.0,85.0,,21.1506552,72.8241406,15.699996948242188,-0.489,-0.215,-0.884,,0.0,0.0,0.0,,,,,0.0,0.0,30.0,0.0,0.0,0.0,85.0,36.5,2
32506,SO-1301,Constable Dinesh Panchal,Constable,59,2026-07-19 19:25:21+00:00,97.0,88.0,,21.1506117,72.8240528,15.999996185302734,-0.792,-0.545,-0.279,,0.0,0.0,0.0,,,,,0.0,0.0,30.0,-4.350000000030718e-05,-8.780000000285781e-05,1.23,88.0,36.5,2
32509,SO-1301,Constable Dinesh Panchal,Constable,59,2026-07-19 19:25:51+00:00,95.0,86.0,,21.1506553,72.8241401,15.699996948242188,-0.961,-0.046,-0.012,,0.0,0.0,0.0,,,,,0.0,0.0,30.0,4.360000000147579e-05,8.729999998990934e-05,1.23,86.0,36.5,2
32512,SO-1301,Constable Dinesh Panchal,Constable,59,2026-07-19 19:26:21+00:00,82.0,85.0,,21.1506563,72.8241422,15.699996948242188,-0.566,0.371,0.692,,0.0,0.0,0.0,,,,,0.0,0.0,30.0,1.0000000010279564e-06,2.1000000032245225e-06,0.03,85.0,36.5,0
32515,SO-1301,Constable Dinesh Panchal,Constable,59,2026-07-19 19:26:51+00:00,96.0,80.0,,21.1506563,72.8241422,15.699996948242188,-0.872,0.139,-0.449,,0.0,0.0,0.0,,,,,0.0,0.0,30.0,0.0,0.0,0.0,80.0,36.5,2
32518,SO-1301,Constable Dinesh Panchal,Constable,59,2026-07-19 19:27:21+00:00,88.0,73.0,,21.1506558,72.8241419,15.699996948242188,-0.862,0.137,-0.517,,0.0,0.0,0.0,,,,,0.0,0.0,30.0,-5.00000002290335e-07,-2.999999964004019e-07,0.01,73.0,36.5,0
32521,SO-1301,Constable Dinesh Panchal,Constable,59,2026-07-19 19:27:51+00:00,93.0,70.0,,21.1506562,72.8241427,15.699996948242188,-0.854,0.194,-0.496,,0.0,0.0,0.0,,,,,0.0,0.0,30.0,4.000000011217253e-07,7.999999951380232e-07,0.01,70.0,36.5,2
32524,SO-1301,Constable Dinesh Panchal,Constable,59,2026-07-19 19:28:21+00:00,99.0,88.0,,21.1496977,72.824776,15.699996948242188,-0.862,0.121,-0.495,,0.0,0.0,0.0,,,,,0.0,0.0,30.0,-0.0009584999999994,0.000633300000004,14.99,88.0,36.5,1
32527,SO-1301,Constable Dinesh Panchal,Constable,59,2026-07-19 19:28:51+00:00,89.0,87.0,,21.1506565,72.8241407,15.699996948242188,-0.881,0.022,-0.472,,0.0,0.0,0.0,,,,,0.0,0.0,30.0,0.0009587999999993,-0.000635299999999,15.01,87.0,36.5,1
32530,SO-1301,Constable Dinesh Panchal,Constable,59,2026-07-19 19:29:21+00:00,89.0,70.0,,21.1506565,72.8241407,15.699996948242188,-0.883,0.023,-0.483,,0.0,0.0,0.0,,,,,0.0,0.0,30.0,0.0,0.0,0.0,70.0,36.5,0
32533,SO-1301,Constable Dinesh Panchal,Constable,59,2026-07-19 19:29:51+00:00,91.0,80.0,,21.1506574,72.8241405,15.699996948242188,-0.922,0.024,-0.382,,0.0,0.0,0.0,,,,,0.0,0.0,30.0,8.999999998593466e-07,-2.0000000233721948e-07,0.01,80.0,36.5,2
32536,SO-1301,Constable Dinesh Panchal,Constable,59,2026-07-19 19:30:21+00:00,87.0,87.0,,21.150656,72.824137,15.699996948242188,-0.141,-0.723,0.648,,0.0,0.0,0.0,,,,,0.0,0.0,30.0,-1.399999998596968e-06,-3.500000005374204e-06,0.05,87.0,36.5,0
32539,SO-1301,Constable Dinesh Panchal,Constable,59,2026-07-19 19:30:51+00:00,91.0,68.0,,21.15057,72.8240216,16.80000114440918,-0.345,-0.729,0.552,,0.0,0.0,0.0,,,,,0.0,0.0,30.0,-8.600000000313912e-05,-0.0001153999999985,1.83,68.0,36.5,2
32542,SO-1301,Constable Dinesh Panchal,Constable,59,2026-07-19 19:31:21+00:00,86.0,78.0,,21.1506536,72.8241407,15.699996948242188,-0.349,-0.721,0.563,,0.0,0.0,0.0,,,,,0.0,0.0,30.0,8.359999999996148e-05,0.0001191000000062,1.85,78.0,36.5,0
32544,SO-1301,Constable Dinesh Panchal,Constable,59,2026-07-19 19:31:51+00:00,81.0,76.0,,21.1506536,72.8241407,15.699996948242188,-0.372,-0.71,0.558,,0.0,0.0,0.0,,,,,0.0,0.0,30.0,0.0,0.0,0.0,76.0,36.5,0
32546,SO-1301,Constable Dinesh Panchal,Constable,59,2026-07-19 19:32:21+00:00,91.0,72.0,,21.1506547,72.8241384,15.699996948242188,-0.366,-0.714,0.551,,0.0,0.0,0.0,,,,,0.0,0.0,30.0,1.100000002196566e-06,-2.300000005561742e-06,0.03,72.0,36.5,2
32549,SO-1301,Constable Dinesh Panchal,Constable,59,2026-07-19 19:32:51+00:00,87.0,81.0,,21.1506547,72.8241384,15.699996948242188,-0.385,-0.714,0.541,,0.0,0.0,0.0,,,,,0.0,0.0,30.0,0.0,0.0,0.0,81.0,36.5,0
32552,SO-1301,Constable Dinesh Panchal,Constable,59,2026-07-19 19:33:21+00:00,85.0,80.0,,21.150655,72.8241388,15.699996948242188,-0.37,-0.724,0.543,,0.0,0.0,0.0,,,,,0.0,0.0,30.0,2.999999999531156e-07,4.0000000467443897e-07,0.01,80.0,36.5,0
32554,SO-1301,Constable Dinesh Panchal,Constable,59,2026-07-19 19:33:51+00:00,96.0,82.0,,21.1506217,72.8237417,16.80000114440918,-0.386,-0.709,0.549,,0.0,0.0,0.0,,,,,0.0,0.0,30.0,-3.330000000190125e-05,-0.0003971000000007,4.95,82.0,36.5,1
32556,SO-1301,Constable Dinesh Panchal,Constable,59,2026-07-19 19:34:21+00:00,88.0,74.0,,21.1506217,72.8237417,16.80000114440918,-0.578,-0.503,0.599,,0.0,0.0,0.0,,,,,0.0,0.0,30.0,0.0,0.0,0.0,74.0,36.5,0
32559,SO-1301,Constable Dinesh Panchal,Constable,59,2026-07-19 19:34:51+00:00,81.0,73.0,,21.1506541,72.8241369,15.699996948242188,-0.584,-0.498,0.6,,0.0,0.0,0.0,,,,,0.0,0.0,30.0,3.2400000002041907e-05,0.0003951999999998,4.93,73.0,36.5,1
32562,SO-1301,Constable Dinesh Panchal,Constable,59,2026-07-19 19:35:21+00:00,83.0,87.0,,21.1505988,72.8240432,15.499996185302734,-0.573,-0.496,0.604,,0.0,0.0,0.0,,,,,0.0,0.0,30.0,-5.52999999996473e-05,-9.369999999364607e-05,1.38,87.0,36.5,0
32565,SO-1301,Constable Dinesh Panchal,Constable,59,2026-07-19 19:35:51+00:00,82.0,74.0,,21.1506581,72.8240184,16.80000114440918,-0.574,-0.501,0.61,,0.0,0.0,0.0,,,,,0.0,0.0,30.0,5.930000000020641e-05,-2.480000000559812e-05,0.85,74.0,36.5,0
32568,SO-1301,Constable Dinesh Panchal,Constable,59,2026-07-19 19:36:21+00:00,99.0,88.0,,21.1506535,72.8241378,15.699996948242188,0.034,-0.976,0.194,,0.0,0.0,0.0,,,,,0.0,0.0,30.0,-4.600000000465343e-06,0.0001194000000026,1.48,88.0,36.5,2
32571,SO-1301,Constable Dinesh Panchal,Constable,59,2026-07-19 19:36:51+00:00,83.0,74.0,,21.1506543,72.8241355,15.699996948242188,0.039,-0.976,0.194,,0.0,0.0,0.0,,,,,0.0,0.0,30.0,7.999999986907369e-07,-2.300000005561742e-06,0.03,74.0,36.5,0
32574,SO-1301,Constable Dinesh Panchal,Constable,59,2026-07-19 19:37:21+00:00,83.0,67.0,,21.1506546,72.8241355,15.699996948242188,0.045,-0.975,0.192,,0.0,0.0,0.0,,,,,0.0,0.0,30.0,2.999999999531156e-07,0.0,0.0,67.0,36.5,0
32578,SO-1301,Constable Dinesh Panchal,Constable,59,2026-07-19 19:37:51+00:00,83.0,68.0,,21.1506546,72.8241355,15.699996948242188,0.053,-0.971,0.203,,0.0,0.0,0.0,,,,,0.0,0.0,30.0,0.0,0.0,0.0,68.0,36.5,0
32582,SO-1301,Constable Dinesh Panchal,Constable,59,2026-07-19 19:38:21+00:00,81.0,72.0,,21.1506528,72.8241318,15.699996948242188,0.046,-0.968,0.195,,0.0,0.0,0.0,,,,,0.0,0.0,30.0,-1.7999999997186933e-06,-3.699999993500569e-06,0.05,72.0,36.5,0
32586,SO-1301,Constable Dinesh Panchal,Constable,59,2026-07-19 19:38:51+00:00,83.0,83.0,,21.1496977,72.824776,15.699996948242188,0.065,-0.975,0.198,,0.0,0.0,0.0,,,,,0.0,0.0,30.0,-0.0009550999999987,0.0006441999999964,15.03,83.0,36.5,1
32590,SO-1301,Constable Dinesh Panchal,Constable,59,2026-07-19 19:39:21+00:00,85.0,79.0,,21.1496977,72.824776,15.699996948242188,0.059,-0.972,0.195,,0.0,0.0,0.0,,,,,0.0,0.0,30.0,0.0,0.0,0.0,79.0,36.5,0
32594,SO-1301,Constable Dinesh Panchal,Constable,59,2026-07-19 19:39:51+00:00,83.0,60.0,,21.1506539,72.8241361,15.699996948242188,0.056,-0.978,0.196,,0.0,0.0,0.0,,,,,0.0,0.0,30.0,0.0009561999999974,-0.0006398999999959,15.01,60.0,36.5,1
32598,SO-1301,Constable Dinesh Panchal,Constable,59,2026-07-19 19:40:21+00:00,83.0,74.0,,21.1506551,72.8241365,15.699996948242188,0.048,-0.975,0.195,,0.0,0.0,0.0,,,,,0.0,0.0,30.0,1.200000003365176e-06,3.9999999046358425e-07,0.02,74.0,36.5,0
32602,SO-1301,Constable Dinesh Panchal,Constable,59,2026-07-19 19:40:51+00:00,86.0,66.0,,21.1506552,72.8241377,15.699996948242188,0.035,-0.971,0.181,,0.0,0.0,0.0,,,,,0.0,0.0,30.0,9.999999761589606e-08,1.1999999998124622e-06,0.01,66.0,36.5,0
32606,SO-1301,Constable Dinesh Panchal,Constable,59,2026-07-19 19:41:21+00:00,84.0,71.0,,21.1506574,72.824141,15.699996948242188,-0.007,-0.976,0.205,,0.0,0.0,0.0,,,,,0.0,0.0,30.0,2.2000000008404186e-06,3.3000000030369847e-06,0.05,71.0,36.5,0
32609,SO-1301,Constable Dinesh Panchal,Constable,59,2026-07-19 19:41:51+00:00,88.0,87.0,,21.1507789,72.824776,15.699996948242188,-0.026,-0.976,0.215,,0.0,0.0,0.0,,,,,0.0,0.0,30.0,0.0001214999999987,0.0006350000000026,8.05,87.0,36.5,1
32612,SO-1301,Constable Dinesh Panchal,Constable,59,2026-07-19 19:42:21+00:00,90.0,78.0,,21.1506572,72.8241407,15.699996948242188,-0.039,-0.967,0.218,,0.0,0.0,0.0,,,,,0.0,0.0,30.0,-0.0001216999999975,-0.000635299999999,8.05,78.0,36.5,1
32615,SO-1301,Constable Dinesh Panchal,Constable,59,2026-07-19 19:42:51+00:00,91.0,85.0,,21.1496977,72.824776,15.699996948242188,-0.056,-0.968,0.236,,0.0,0.0,0.0,,,,,0.0,0.0,30.0,-0.0009595000000004,0.000635299999999,15.02,85.0,36.5,1
32619,SO-1301,Constable Dinesh Panchal,Constable,59,2026-07-19 19:43:21+00:00,89.0,71.0,,21.1496977,72.824776,15.699996948242188,-0.051,-0.972,0.2,,0.0,0.0,0.0,,,,,0.0,0.0,30.0,0.0,0.0,0.0,71.0,36.5,0
32622,SO-1301,Constable Dinesh Panchal,Constable,59,2026-07-19 19:43:52+00:00,90.0,85.0,,21.1496977,72.824776,15.699996948242188,0.005,-0.986,0.217,,0.0,0.0,0.0,,,,,0.0,0.0,31.0,0.0,0.0,0.0,85.0,36.5,0
32625,SO-1301,Constable Dinesh Panchal,Constable,59,2026-07-19 19:44:21+00:00,93.0,88.0,,21.1505879,72.8239718,16.80000114440918,-0.277,1.019,0.141,,0.0,0.0,0.0,,,,,0.0,0.0,29.0,0.0008902000000006,-0.0008042000000045,16.04,88.0,36.5,1
32628,SO-1301,Constable Dinesh Panchal,Constable,59,2026-07-19 19:44:56+00:00,83.0,61.0,,21.1505879,72.8239718,16.80000114440918,-0.148,0.909,-0.103,,0.0,0.0,0.0,,,,,0.0,0.0,35.0,0.0,0.0,0.0,61.0,36.5,0
32631,SO-1301,Constable Dinesh Panchal,Constable,59,2026-07-19 19:45:21+00:00,90.0,84.0,,21.1507789,72.824776,15.699996948242188,-1.123,0.601,-0.047,,0.0,0.0,0.0,,,,,0.0,0.0,25.0,0.0001909999999973,0.0008042000000045,12.36,84.0,36.5,1
32634,SO-1301,Constable Dinesh Panchal,Constable,59,2026-07-19 19:45:51+00:00,95.0,67.0,,21.1505541,72.8242042,16.69999885559082,-0.347,0.901,0.062,,0.0,0.0,0.0,,,,,0.0,0.0,30.0,-0.000224799999998,-0.000571800000003,7.71,67.0,36.5,1
32637,SO-1301,Constable Dinesh Panchal,Constable,59,2026-07-19 19:46:21+00:00,89.0,88.0,,21.1506552,72.8241412,15.699996948242188,-0.554,0.384,0.732,,0.0,0.0,0.0,,,,,0.0,0.0,30.0,0.0001010999999984,-6.299999999725969e-05,1.56,88.0,36.5,0
32640,SO-1301,Constable Dinesh Panchal,Constable,59,2026-07-19 19:46:51+00:00,83.0,75.0,,21.1506535,72.8241414,15.699996948242188,-0.504,0.356,0.735,,0.0,0.0,0.0,,,,,0.0,0.0,30.0,-1.6999999985500835e-06,2.0000000233721948e-07,0.02,75.0,36.5,0
32643,SO-1301,Constable Dinesh Panchal,Constable,59,2026-07-19 19:47:21+00:00,83.0,78.0,,21.1506545,72.8241377,15.699996948242188,-0.505,0.348,0.738,,0.0,0.0,0.0,,,,,0.0,0.0,30.0,1.0000000010279564e-06,-3.700000007711424e-06,0.05,78.0,36.5,0
32645,SO-1301,Constable Dinesh Panchal,Constable,59,2026-07-19 19:47:51+00:00,81.0,82.0,,21.1506556,72.824141,15.699996948242188,-0.667,0.374,0.585,,0.0,0.0,0.0,,,,,0.0,0.0,30.0,1.0999999986438525e-06,3.3000000030369847e-06,0.04,82.0,36.5,0
32649,SO-1301,Constable Dinesh Panchal,Constable,59,2026-07-19 19:48:21+00:00,82.0,71.0,,21.1506534,72.8241414,15.699996948242188,-0.667,0.371,0.592,,0.0,0.0,0.0,,,,,0.0,0.0,30.0,-2.2000000008404186e-06,4.0000000467443897e-07,0.03,71.0,36.5,0
32652,SO-1301,Constable Dinesh Panchal,Constable,59,2026-07-19 19:48:51+00:00,86.0,77.0,,21.1506556,72.824141,15.699996948242188,-0.38,0.189,0.864,,0.0,0.0,0.0,,,,,0.0,0.0,30.0,2.2000000008404186e-06,-4.0000000467443897e-07,0.03,77.0,36.5,0
32655,SO-1301,Constable Dinesh Panchal,Constable,59,2026-07-19 19:49:21+00:00,94.0,85.0,,21.1506564,72.8241399,15.699996948242188,-0.306,0.073,0.645,,0.0,0.0,0.0,,,,,0.0,0.0,30.0,7.999999986907369e-07,-1.099999991538425e-06,0.02,85.0,36.5,2
32658,SO-1301,Constable Dinesh Panchal,Constable,59,2026-07-19 19:49:51+00:00,92.0,85.0,,21.150598,72.8241351,15.499996185302734,-0.709,0.187,0.806,,0.0,0.0,0.0,,,,,0.0,0.0,30.0,-5.840000000034706e-05,-4.799999999249849e-06,0.78,85.0,36.5,2
32660,SO-1301,Constable Dinesh Panchal,Constable,59,2026-07-19 19:50:21+00:00,97.0,85.0,,21.1506552,72.8241416,15.699996948242188,-0.889,-0.003,-0.438,,0.0,0.0,0.0,,,,,0.0,0.0,30.0,5.72000000005346e-05,6.499999997799932e-06,0.77,85.0,36.5,2
32664,SO-1301,Constable Dinesh Panchal,Constable,59,2026-07-19 19:50:51+00:00,81.0,78.0,,21.1506563,72.8241404,15.699996948242188,-0.733,0.061,0.61,,0.0,0.0,0.0,,,,,0.0,0.0,30.0,1.100000002196566e-06,-1.1999999998124622e-06,0.02,78.0,36.5,0
32667,SO-1301,Constable Dinesh Panchal,Constable,59,2026-07-19 19:51:21+00:00,94.0,88.0,,21.150655,72.8241394,15.699996948242188,-0.814,-0.05,-0.595,,0.0,0.0,0.0,,,,,0.0,0.0,30.0,-1.300000000981072e-06,-9.999999974752427e-07,0.02,88.0,36.5,2
32670,SO-1301,Constable Dinesh Panchal,Constable,59,2026-07-19 19:51:51+00:00,93.0,87.0,,21.1506468,72.8241316,15.699996948242188,-0.831,-0.04,-0.58,,0.0,0.0,0.0,,,,,0.0,0.0,30.0,-8.19999999990273e-06,-7.800000005886432e-06,0.15,87.0,36.5,2
32673,SO-1301,Constable Dinesh Panchal,Constable,59,2026-07-19 19:52:21+00:00,93.0,68.0,,21.1506558,72.8241409,15.699996948242188,-0.841,-0.026,-0.569,,0.0,0.0,0.0,,,,,0.0,0.0,30.0,8.999999998593466e-06,9.300000002099296e-06,0.17,68.0,36.5,2
32676,SO-1301,Constable Dinesh Panchal,Constable,59,2026-07-19 19:52:51+00:00,85.0,88.0,,21.1506507,72.8241399,15.699996948242188,-0.42,0.261,0.834,,0.0,0.0,0.0,,,,,0.0,0.0,30.0,-5.099999999202964e-06,-9.999999974752427e-07,0.07,88.0,36.5,0
32679,SO-1301,Constable Dinesh Panchal,Constable,59,2026-07-19 19:53:21+00:00,81.0,68.0,,21.1506541,72.8241403,15.699996948242188,-0.424,0.271,0.824,,0.0,0.0,0.0,,,,,0.0,0.0,30.0,3.4000000006528808e-06,3.9999999046358425e-07,0.05,68.0,36.5,0
32682,SO-1301,Constable Dinesh Panchal,Constable,59,2026-07-19 19:53:51+00:00,84.0,82.0,,21.1506558,72.8241408,15.699996948242188,-0.417,0.271,0.824,,0.0,0.0,0.0,,,,,0.0,0.0,30.0,1.6999999985500835e-06,4.999999987376214e-07,0.02,82.0,36.5,0
32685,SO-1301,Constable Dinesh Panchal,Constable,59,2026-07-19 19:54:21+00:00,87.0,82.0,,21.1505294,72.8241371,15.499996185302734,-0.627,0.181,0.712,,0.0,0.0,0.0,,,,,0.0,0.0,30.0,-0.0001263999999991,-3.699999993500569e-06,1.68,82.0,36.5,0
32688,SO-1301,Constable Dinesh Panchal,Constable,59,2026-07-19 19:54:56+00:00,89.0,78.0,,21.1505294,72.8241371,15.499996185302734,-0.622,0.189,0.711,,0.0,0.0,0.0,,,,,0.0,0.0,35.0,0.0,0.0,0.0,78.0,36.5,0
32691,SO-1301,Constable Dinesh Panchal,Constable,59,2026-07-19 19:55:21+00:00,90.0,78.0,,21.1506557,72.8241403,15.699996948242188,-0.619,0.176,0.724,,0.0,0.0,0.0,,,,,0.0,0.0,25.0,0.0001263000000015,3.1999999947629476e-06,2.02,78.0,36.5,0
32694,SO-1301,Constable Dinesh Panchal,Constable,59,2026-07-19 19:55:51+00:00,89.0,89.0,,21.1506557,72.8241403,15.699996948242188,-0.909,0.094,-0.434,,0.0,0.0,0.0,,,,,0.0,0.0,30.0,0.0,0.0,0.0,89.0,36.5,0
32697,SO-1301,Constable Dinesh Panchal,Constable,59,2026-07-19 19:56:21+00:00,89.0,88.0,,21.150655,72.8241393,15.699996948242188,-0.839,0.028,-0.549,,0.0,0.0,0.0,,,,,0.0,0.0,30.0,-7.000000010748408e-07,-9.999999974752427e-07,0.02,88.0,36.5,0
32700,SO-1301,Constable Dinesh Panchal,Constable,59,2026-07-19 19:56:51+00:00,95.0,87.0,,21.1506557,72.8241406,15.699996948242188,-0.896,0.05,-0.444,,0.0,0.0,0.0,,,,,0.0,0.0,30.0,7.000000010748408e-07,1.3000000080864993e-06,0.02,87.0,36.5,2
32703,SO-1301,Constable Dinesh Panchal,Constable,59,2026-07-19 19:57:21+00:00,88.0,87.0,,21.1506527,72.8241431,15.699996948242188,0.139,-0.958,0.205,,0.0,0.0,0.0,,,,,0.0,0.0,30.0,-3.000000003083869e-06,2.4999999936881068e-06,0.05,87.0,36.5,0
32706,SO-1301,Constable Dinesh Panchal,Constable,59,2026-07-19 19:57:51+00:00,87.0,77.0,,21.1506558,72.8241403,15.699996948242188,0.176,-0.986,-0.021,,0.0,0.0,0.0,,,,,0.0,0.0,30.0,3.1000000006997652e-06,-2.8000000042993634e-06,0.05,77.0,36.5,0
32709,SO-1301,Constable Dinesh Panchal,Constable,59,2026-07-19 19:58:21+00:00,81.0,77.0,,21.1506558,72.8241403,15.699996948242188,0.175,-0.987,-0.023,,0.0,0.0,0.0,,,,,0.0,0.0,30.0,0.0,0.0,0.0,77.0,36.5,0
32712,SO-1301,Constable Dinesh Panchal,Constable,59,2026-07-19 19:58:51+00:00,88.0,71.0,,21.1506562,72.8241408,15.699996948242188,0.159,-0.987,-0.005,,0.0,0.0,0.0,,,,,0.0,0.0,30.0,4.000000011217253e-07,4.999999987376214e-07,0.01,71.0,36.5,0
32715,SO-1301,Constable Dinesh Panchal,Constable,59,2026-07-19 19:59:21+00:00,86.0,79.0,,21.1506562,72.8241408,15.699996948242188,0.189,-0.987,0.025,,0.0,0.0,0.0,,,,,0.0,0.0,30.0,0.0,0.0,0.0,79.0,36.5,0
32718,SO-1301,Constable Dinesh Panchal,Constable,59,2026-07-19 19:59:51+00:00,88.0,79.0,,21.1506557,72.8241409,15.699996948242188,0.164,-0.989,-0.024,,0.0,0.0,0.0,,,,,0.0,0.0,30.0,-4.999999987376214e-07,1.000000082740371e-07,0.01,79.0,36.5,0
32720,SO-1301,Constable Dinesh Panchal,Constable,59,2026-07-19 20:00:21+00:00,95.0,73.0,,21.150528,72.8241318,15.499996185302734,0.142,-0.996,-0.038,,0.0,0.0,0.0,,,,,0.0,0.0,30.0,-0.0001277000000001,-9.099999999762076e-06,1.7,73.0,36.5,2
32724,SO-1301,Constable Dinesh Panchal,Constable,59,2026-07-19 20:00:51+00:00,81.0,55.0,,21.1506546,72.8241413,15.699996948242188,0.15,-0.992,-0.027,,0.0,0.0,0.0,,,,,0.0,0.0,30.0,0.0001265999999979,9.49999999022566e-06,1.69,55.0,36.5,0
32727,SO-1301,Constable Dinesh Panchal,Constable,59,2026-07-19 20:01:21+00:00,88.0,68.0,,21.150528,72.8241318,15.499996185302734,0.148,-0.996,-0.017,,0.0,0.0,0.0,,,,,0.0,0.0,30.0,-0.0001265999999979,-9.49999999022566e-06,1.69,68.0,36.5,0
32730,SO-1301,Constable Dinesh Panchal,Constable,59,2026-07-19 20:01:51+00:00,83.0,62.0,,21.1506557,72.8241402,15.699996948242188,0.151,-0.988,-0.004,,0.0,0.0,0.0,,,,,0.0,0.0,30.0,0.0001277000000001,8.399999998687235e-06,1.7,62.0,36.5,0
32733,SO-1301,Constable Dinesh Panchal,Constable,59,2026-07-19 20:02:21+00:00,81.0,71.0,,21.1506557,72.8241402,15.699996948242188,0.159,-0.986,0.006,,0.0,0.0,0.0,,,,,0.0,0.0,30.0,0.0,0.0,0.0,71.0,36.5,0
32736,SO-1301,Constable Dinesh Panchal,Constable,59,2026-07-19 20:02:51+00:00,83.0,78.0,,21.1506557,72.8241402,15.699996948242188,0.152,-0.992,0.001,,0.0,0.0,0.0,,,,,0.0,0.0,30.0,0.0,0.0,0.0,78.0,36.5,0
32739,SO-1301,Constable Dinesh Panchal,Constable,59,2026-07-19 20:03:21+00:00,86.0,65.0,,21.1506558,72.8241403,15.699996948242188,0.128,-0.996,-0.03,,0.0,0.0,0.0,,,,,0.0,0.0,30.0,9.999999761589606e-08,9.999999406318238e-08,0.0,65.0,36.5,0
32742,SO-1301,Constable Dinesh Panchal,Constable,59,2026-07-19 20:03:51+00:00,88.0,67.0,,21.1496977,72.824776,15.699996948242188,0.101,-1.004,-0.027,,0.0,0.0,0.0,,,,,0.0,0.0,30.0,-0.0009580999999982,0.0006357000000036,15.01,67.0,36.5,1
32745,SO-1301,Constable Dinesh Panchal,Constable,59,2026-07-19 20:04:26+00:00,82.0,70.0,,21.1506558,72.8241403,15.699996948242188,0.086,-1.0,-0.052,,0.0,0.0,0.0,,,,,0.0,0.0,35.0,0.0009580999999982,-0.0006357000000036,12.86,70.0,36.5,1
32748,SO-1301,Constable Dinesh Panchal,Constable,59,2026-07-19 20:04:51+00:00,83.0,75.0,,21.1506513,72.8241254,15.699996948242188,0.089,-0.997,-0.047,,0.0,0.0,0.0,,,,,0.0,0.0,25.0,-4.499999999296733e-06,-1.4899999996487168e-05,0.23,75.0,36.5,0
32752,SO-1301,Constable Dinesh Panchal,Constable,59,2026-07-19 20:05:21+00:00,85.0,73.0,,21.1506557,72.8241402,15.699996948242188,0.097,-1.003,-0.068,,0.0,0.0,0.0,,,,,0.0,0.0,30.0,4.400000001680837e-06,1.4800000002423984e-05,0.19,73.0,36.5,0
32756,SO-1301,Constable Dinesh Panchal,Constable,59,2026-07-19 20:05:51+00:00,88.0,76.0,,21.1506557,72.8241402,15.699996948242188,0.092,-0.995,-0.057,,0.0,0.0,0.0,,,,,0.0,0.0,30.0,0.0,0.0,0.0,76.0,36.5,0
32760,SO-1301,Constable Dinesh Panchal,Constable,59,2026-07-19 20:06:26+00:00,83.0,75.0,,21.1506557,72.8241402,15.699996948242188,0.084,-0.996,-0.065,,0.0,0.0,0.0,,,,,0.0,0.0,35.0,0.0,0.0,0.0,75.0,36.5,0
32764,SO-1301,Constable Dinesh Panchal,Constable,59,2026-07-19 20:06:51+00:00,82.0,80.0,,21.14991,72.82454,15.699996948242188,0.081,-0.997,-0.062,,0.0,0.0,0.0,,,,,0.0,0.0,25.0,-0.000745700000003,0.0003997999999967,13.32,80.0,36.5,1
32768,SO-1301,Constable Dinesh Panchal,Constable,59,2026-07-19 20:07:21+00:00,81.0,74.0,,21.14991,72.82454,15.699996948242188,0.085,-0.999,-0.067,,0.0,0.0,0.0,,,,,0.0,0.0,30.0,0.0,0.0,0.0,74.0,36.5,0
32772,SO-1301,Constable Dinesh Panchal,Constable,59,2026-07-19 20:07:51+00:00,86.0,65.0,,21.1496977,72.824776,15.699996948242188,0.097,-0.996,-0.027,,0.0,0.0,0.0,,,,,0.0,0.0,30.0,-0.0002122999999976,0.000236000000001,4.07,65.0,36.5,0
32776,SO-1301,Constable Dinesh Panchal,Constable,59,2026-07-19 20:08:21+00:00,82.0,68.0,,21.1496977,72.824776,15.699996948242188,0.088,-0.994,-0.022,,0.0,0.0,0.0,,,,,0.0,0.0,30.0,0.0,0.0,0.0,68.0,36.5,0
32780,SO-1301,Constable Dinesh Panchal,Constable,59,2026-07-19 20:08:51+00:00,91.0,81.0,,21.1496977,72.824776,15.699996948242188,0.097,-0.997,0.012,,0.0,0.0,0.0,,,,,0.0,0.0,30.0,0.0,0.0,0.0,81.0,36.5,2
32784,SO-1301,Constable Dinesh Panchal,Constable,59,2026-07-19 20:09:21+00:00,83.0,71.0,,21.1506563,72.8241407,15.699996948242188,0.08,-0.99,0.005,,0.0,0.0,0.0,,,,,0.0,0.0,30.0,0.0009586000000005,-0.000635299999999,15.01,71.0,36.5,1
32788,SO-1301,Constable Dinesh Panchal,Constable,59,2026-07-19 20:09:51+00:00,81.0,61.0,,21.1506563,72.8241407,15.699996948242188,0.106,-0.992,-0.005,,0.0,0.0,0.0,,,,,0.0,0.0,30.0,0.0,0.0,0.0,61.0,36.5,0
32792,SO-1301,Constable Dinesh Panchal,Constable,59,2026-07-19 20:10:21+00:00,97.0,81.0,,21.1506559,72.8241405,15.699996948242188,0.127,-0.995,-0.059,,0.0,0.0,0.0,,,,,0.0,0.0,30.0,-4.000000011217253e-07,-2.0000000233721948e-07,0.01,81.0,36.5,2
32796,SO-1301,Constable Dinesh Panchal,Constable,59,2026-07-19 20:10:51+00:00,94.0,76.0,,21.1506559,72.8241405,15.699996948242188,0.116,-1.0,-0.025,,0.0,0.0,0.0,,,,,0.0,0.0,30.0,0.0,0.0,0.0,76.0,36.5,2
32800,SO-1301,Constable Dinesh Panchal,Constable,59,2026-07-19 20:11:26+00:00,86.0,81.0,,21.1506559,72.8241405,15.699996948242188,0.107,-0.998,-0.007,,0.0,0.0,0.0,,,,,0.0,0.0,35.0,0.0,0.0,0.0,81.0,36.5,0
32804,SO-1301,Constable Dinesh Panchal,Constable,59,2026-07-19 20:11:52+00:00,94.0,71.0,,21.1506597,72.8241405,15.699996948242188,0.111,-0.997,0.003,,0.0,0.0,0.0,,,,,0.0,0.0,26.0,3.799999998221893e-06,0.0,0.06,71.0,36.5,2
32808,SO-1301,Constable Dinesh Panchal,Constable,59,2026-07-19 20:12:21+00:00,87.0,61.0,,21.1506568,72.8241407,15.699996948242188,0.095,-0.997,-0.002,,0.0,0.0,0.0,,,,,0.0,0.0,29.0,-2.8999999983625457e-06,2.0000000233721948e-07,0.04,61.0,36.5,0
32812,SO-1301,Constable Dinesh Panchal,Constable,59,2026-07-19 20:12:51+00:00,99.0,77.0,,21.1506568,72.8241407,15.699996948242188,0.029,-0.994,-0.043,,0.0,0.0,0.0,,,,,0.0,0.0,30.0,0.0,0.0,0.0,77.0,36.5,2
32816,SO-1301,Constable Dinesh Panchal,Constable,59,2026-07-19 20:13:21+00:00,85.0,85.0,,21.1506568,72.8241407,15.699996948242188,0.03,-0.994,0.003,,0.0,0.0,0.0,,,,,0.0,0.0,30.0,0.0,0.0,0.0,85.0,36.5,0
32820,SO-1301,Constable Dinesh Panchal,Constable,59,2026-07-19 20:13:52+00:00,83.0,86.0,,21.1507789,72.824776,15.699996948242188,0.296,-0.916,-0.276,,0.0,0.0,0.0,,,,,0.0,0.0,31.0,0.0001220999999986,0.000635299999999,7.79,86.0,36.5,1
32823,SO-1301,Constable Dinesh Panchal,Constable,59,2026-07-19 20:14:21+00:00,89.0,76.0,,21.1495441,72.8232988,15.699996948242188,-0.102,0.774,-0.141,,0.0,0.0,0.0,,,,,0.0,0.0,29.0,-0.0012347999999988,-0.0014771999999965,25.49,76.0,36.5,1
32828,SO-1301,Constable Dinesh Panchal,Constable,59,2026-07-19 20:14:51+00:00,83.0,79.0,,21.1505287,72.824136,15.499996185302734,-0.123,0.699,0.662,,0.0,0.0,0.0,,,,,0.0,0.0,30.0,0.0009845999999988,0.0008371999999923,16.73,79.0,36.5,1
32832,SO-1301,Constable Dinesh Panchal,Constable,59,2026-07-19 20:15:21+00:00,87.0,87.0,,21.1506461,72.8241388,15.699996948242188,-0.247,0.734,0.589,,0.0,0.0,0.0,,,,,0.0,0.0,30.0,0.0001174000000006,2.8000000042993634e-06,1.56,87.0,36.5,0
32835,SO-1301,Constable Dinesh Panchal,Constable,59,2026-07-19 20:15:52+00:00,98.0,87.0,,21.1505305,72.8241376,15.499996185302734,-0.951,0.2,0.083,,0.0,0.0,0.0,,,,,0.0,0.0,31.0,-0.0001156000000008,-1.1999999998124622e-06,1.49,87.0,36.5,2
32840,SO-1301,Constable Dinesh Panchal,Constable,59,2026-07-19 20:16:21+00:00,97.0,85.0,,21.1506557,72.8241405,15.699996948242188,-0.002,0.74,0.636,,0.0,0.0,0.0,,,,,0.0,0.0,29.0,0.0001252000000029,2.8999999983625457e-06,1.73,85.0,36.5,2
32844,SO-1301,Constable Dinesh Panchal,Constable,59,2026-07-19 20:16:51+00:00,88.0,85.0,,21.1506528,72.8241404,15.699996948242188,-0.905,0.408,0.833,,0.0,0.0,0.0,,,,,0.0,0.0,30.0,-2.900000001915259e-06,-9.999999406318238e-08,0.04,85.0,36.5,0
32848,SO-1301,Constable Dinesh Panchal,Constable,59,2026-07-19 20:17:22+00:00,94.0,86.0,,21.1506509,72.8241414,15.699996948242188,-0.095,-0.019,0.967,,0.0,0.0,0.0,,,,,0.0,0.0,31.0,-1.900000000887303e-06,9.999999974752427e-07,0.03,86.0,36.5,2
32851,SO-1301,Constable Dinesh Panchal,Constable,59,2026-07-19 20:17:51+00:00,91.0,88.0,,21.1505309,72.8241375,15.499996185302734,-0.866,0.215,-0.45,,0.0,0.0,0.0,,,,,0.0,0.0,29.0,-0.000119999999999,-3.8999999958377884e-06,1.65,88.0,36.5,2
32854,SO-1301,Constable Dinesh Panchal,Constable,59,2026-07-19 20:18:21+00:00,97.0,84.0,,21.1505301,72.8241375,15.499996185302734,-0.564,0.826,-0.081,,0.0,0.0,0.0,,,,,0.0,0.0,30.0,-7.999999986907369e-07,0.0,0.01,84.0,36.5,2
32857,SO-1301,Constable Dinesh Panchal,Constable,59,2026-07-19 20:18:52+00:00,94.0,88.0,,21.1505305,72.8241376,15.499996185302734,-0.803,0.118,-0.597,,0.0,0.0,0.0,,,,,0.0,0.0,31.0,3.999999975690116e-07,9.999999406318238e-08,0.01,88.0,36.5,2
32860,SO-1301,Constable Dinesh Panchal,Constable,59,2026-07-19 20:19:21+00:00,85.0,88.0,,21.1506338,72.8241393,15.699996948242188,-0.663,0.218,-0.743,,0.0,0.0,0.0,,,,,0.0,0.0,29.0,0.0001033000000028,1.6999999985500835e-06,1.42,88.0,36.5,0
32863,SO-1301,Constable Dinesh Panchal,Constable,59,2026-07-19 20:19:51+00:00,82.0,75.0,,21.1506557,72.8241402,15.699996948242188,-0.043,0.103,0.956,,0.0,0.0,0.0,,,,,0.0,0.0,30.0,2.190000000013015e-05,9.000000034120603e-07,0.29,75.0,36.5,0
32866,SO-1301,Constable Dinesh Panchal,Constable,59,2026-07-19 20:20:21+00:00,84.0,79.0,,21.1505281,72.824134,15.499996185302734,-0.019,0.122,0.966,,0.0,0.0,0.0,,,,,0.0,0.0,30.0,-0.0001276000000025,-6.2000000013995304e-06,1.7,79.0,36.5,0
32869,SO-1301,Constable Dinesh Panchal,Constable,59,2026-07-19 20:20:55+00:00,83.0,74.0,,21.1510787,72.8246655,15.499996185302734,-0.016,0.125,0.966,,0.0,0.0,0.0,,,,,0.0,0.0,34.0,0.0005506000000004,0.0005314999999939,8.71,74.0,36.5,1
32872,SO-1301,Constable Dinesh Panchal,Constable,59,2026-07-19 20:21:21+00:00,83.0,68.0,,21.15108,72.8246667,15.499996185302734,0.023,0.154,0.958,,0.0,0.0,0.0,,,,,0.0,0.0,26.0,1.300000000981072e-06,1.1999999998124622e-06,0.03,68.0,36.5,0
32875,SO-1301,Constable Dinesh Panchal,Constable,59,2026-07-19 20:21:51+00:00,91.0,88.0,,21.1505282,72.8241307,15.499996185302734,0.023,0.367,0.9,,0.0,0.0,0.0,,,,,0.0,0.0,30.0,-0.0005518000000002,-0.0005359999999967,9.92,88.0,36.5,1
32878,SO-1301,Constable Dinesh Panchal,Constable,59,2026-07-19 20:22:21+00:00,94.0,87.0,,21.1505291,72.8241366,15.499996185302734,0.03,0.37,0.896,,0.0,0.0,0.0,,,,,0.0,0.0,30.0,8.999999998593466e-07,5.900000004999129e-06,0.07,87.0,36.5,2
32881,SO-1301,Constable Dinesh Panchal,Constable,59,2026-07-19 20:22:53+00:00,87.0,80.0,,21.150786,72.8239522,15.499996185302734,0.001,0.354,0.92,,0.0,0.0,0.0,,,,,0.0,0.0,32.0,0.0002569000000001,-0.000184400000009,3.86,80.0,36.5,0
32883,SO-1301,Constable Dinesh Panchal,Constable,59,2026-07-19 20:23:21+00:00,89.0,88.0,,21.1507867,72.8239517,15.499996185302734,-0.01,0.384,0.891,,0.0,0.0,0.0,,,,,0.0,0.0,28.0,7.000000010748408e-07,-4.999999987376214e-07,0.01,88.0,36.5,0
32887,SO-1301,Constable Dinesh Panchal,Constable,59,2026-07-19 20:23:51+00:00,94.0,88.0,,21.1505281,72.824134,15.499996185302734,-0.011,0.362,0.906,,0.0,0.0,0.0,,,,,0.0,0.0,30.0,-0.0002586000000022,0.0001823000000058,4.12,88.0,36.5,2
32890,SO-1301,Constable Dinesh Panchal,Constable,59,2026-07-19 20:24:21+00:00,93.0,85.0,,21.1506496,72.8241388,15.699996948242188,-0.977,-0.201,-0.024,,0.0,0.0,0.0,,,,,0.0,0.0,30.0,0.0001215000000023,4.799999999249849e-06,1.62,85.0,36.5,2
32893,SO-1301,Constable Dinesh Panchal,Constable,59,2026-07-19 20:24:51+00:00,84.0,86.0,,21.1506571,72.8241407,15.699996948242188,-0.598,0.55,0.513,,0.0,0.0,0.0,,,,,0.0,0.0,30.0,7.499999998827889e-06,1.900000000887303e-06,0.1,86.0,36.5,0
32896,SO-1301,Constable Dinesh Panchal,Constable,59,2026-07-19 20:25:21+00:00,83.0,84.0,,21.1505294,72.8241371,15.499996185302734,-0.662,0.111,-0.771,,0.0,0.0,0.0,,,,,0.0,0.0,30.0,-0.0001277000000001,-3.5999999994373866e-06,1.7,84.0,36.5,0
32899,SO-1301,Constable Dinesh Panchal,Constable,59,2026-07-19 20:25:51+00:00,84.0,74.0,,21.1503801,72.8244067,15.499996185302734,-0.661,0.265,-0.74,,0.0,0.0,0.0,,,,,0.0,0.0,30.0,-0.0001493000000003,0.0002695999999957,3.89,74.0,36.5,0
32902,SO-1301,Constable Dinesh Panchal,Constable,59,2026-07-19 20:26:21+00:00,96.0,88.0,,21.1506557,72.8241403,15.699996948242188,-0.663,0.266,-0.717,,0.0,0.0,0.0,,,,,0.0,0.0,30.0,0.0002756000000019,-0.0002664000000009,4.94,88.0,36.5,1
32905,SO-1301,Constable Dinesh Panchal,Constable,59,2026-07-19 20:26:51+00:00,84.0,84.0,,21.1506552,72.824141,15.699996948242188,-0.698,0.256,-0.698,,0.0,0.0,0.0,,,,,0.0,0.0,30.0,-5.00000002290335e-07,7.000000010748408e-07,0.01,84.0,36.5,0
32908,SO-1301,Constable Dinesh Panchal,Constable,59,2026-07-19 20:27:21+00:00,83.0,88.0,,21.1505287,72.824136,15.499996185302734,-0.57,-0.28,-0.812,,0.0,0.0,0.0,,,,,0.0,0.0,30.0,-0.0001265000000003,-5.000000001587068e-06,1.69,88.0,36.5,0
32911,SO-1301,Constable Dinesh Panchal,Constable,59,2026-07-19 20:27:51+00:00,88.0,87.0,,21.1505294,72.8241371,15.499996185302734,-0.489,0.091,0.829,,0.0,0.0,0.0,,,,,0.0,0.0,30.0,7.000000010748408e-07,1.1000000057492798e-06,0.02,87.0,36.5,0
32914,SO-1301,Constable Dinesh Panchal,Constable,59,2026-07-19 20:28:21+00:00,97.0,78.0,,21.1505291,72.8241366,15.499996185302734,-0.452,0.106,0.842,,0.0,0.0,0.0,,,,,0.0,0.0,30.0,-2.999999999531156e-07,-4.999999987376214e-07,0.01,78.0,36.5,2
32917,SO-1301,Constable Dinesh Panchal,Constable,59,2026-07-19 20:28:51+00:00,93.0,87.0,,21.1506542,72.8241411,15.699996948242188,0.224,0.257,0.912,,0.0,0.0,0.0,,,,,0.0,0.0,30.0,0.0001251000000017,4.500000002849447e-06,1.67,87.0,36.5,2
32920,SO-1301,Constable Dinesh Panchal,Constable,59,2026-07-19 20:29:21+00:00,86.0,83.0,,21.1505294,72.8241371,15.499996185302734,-0.539,0.062,0.781,,0.0,0.0,0.0,,,,,0.0,0.0,30.0,-0.0001248000000018,-4.0000000041118255e-06,1.66,83.0,36.5,0
32923,SO-1301,Constable Dinesh Panchal,Constable,59,2026-07-19 20:29:51+00:00,95.0,88.0,,21.1506452,72.8241395,15.699996948242188,-0.177,-0.014,0.947,,0.0,0.0,0.0,,,,,0.0,0.0,30.0,0.0001157999999996,2.3999999996249244e-06,1.54,88.0,36.5,2
32926,SO-1301,Constable Dinesh Panchal,Constable,59,2026-07-19 20:30:21+00:00,97.0,88.0,,21.1505287,72.824136,15.499996185302734,-0.965,-0.22,0.12,,0.0,0.0,0.0,,,,,0.0,0.0,30.0,-0.0001165000000007,-3.500000005374204e-06,1.55,88.0,36.5,2
32929,SO-1301,Constable Dinesh Panchal,Constable,59,2026-07-19 20:30:51+00:00,83.0,75.0,,21.1505287,72.824136,15.499996185302734,0.307,0.4,0.841,,0.0,0.0,0.0,,,,,0.0,0.0,30.0,0.0,0.0,0.0,75.0,36.5,0
32932,SO-1301,Constable Dinesh Panchal,Constable,59,2026-07-19 20:31:21+00:00,90.0,88.0,,21.1506479,72.8241404,15.699996948242188,0.08,0.187,0.953,,0.0,0.0,0.0,,,,,0.0,0.0,30.0,0.0001192000000003,4.4000000087862645e-06,1.59,88.0,36.5,0
32935,SO-1301,Constable Dinesh Panchal,Constable,59,2026-07-19 20:31:51+00:00,94.0,88.0,,21.1505301,72.8241375,15.499996185302734,0.048,0.196,0.949,,0.0,0.0,0.0,,,,,0.0,0.0,30.0,-0.0001177999999981,-2.8999999983625457e-06,1.57,88.0,36.5,2
32938,SO-1301,Constable Dinesh Panchal,Constable,59,2026-07-19 20:32:21+00:00,94.0,88.0,,21.1506481,72.8241402,15.699996948242188,-0.1,0.095,0.965,,0.0,0.0,0.0,,,,,0.0,0.0,30.0,0.0001180000000005,2.6999999960253263e-06,1.57,88.0,36.5,2
32941,SO-1301,Constable Dinesh Panchal,Constable,59,2026-07-19 20:32:51+00:00,95.0,85.0,,21.150531,72.8241375,15.499996185302734,-0.282,0.143,0.911,,0.0,0.0,0.0,,,,,0.0,0.0,30.0,-0.0001171000000006,-2.6999999960253263e-06,1.56,85.0,36.5,2
32944,SO-1301,Constable Dinesh Panchal,Constable,59,2026-07-19 20:33:21+00:00,85.0,85.0,,21.1505306,72.8241374,15.499996185302734,-0.28,0.137,0.905,,0.0,0.0,0.0,,,,,0.0,0.0,30.0,-4.000000011217253e-07,-1.000000082740371e-07,0.01,85.0,36.5,0
32947,SO-1301,Constable Dinesh Panchal,Constable,59,2026-07-19 20:33:51+00:00,99.0,87.0,,21.1505306,72.8241374,15.499996185302734,-0.376,0.199,0.863,,0.0,0.0,0.0,,,,,0.0,0.0,30.0,0.0,0.0,0.0,87.0,36.5,2
32950,SO-1301,Constable Dinesh Panchal,Constable,59,2026-07-19 20:34:21+00:00,83.0,88.0,,21.150531,72.8241375,15.499996185302734,0.178,0.46,0.84,,0.0,0.0,0.0,,,,,0.0,0.0,30.0,4.000000011217253e-07,1.000000082740371e-07,0.01,88.0,36.5,0
32953,SO-1301,Constable Dinesh Panchal,Constable,59,2026-07-19 20:34:51+00:00,90.0,87.0,,21.150531,72.8241375,15.499996185302734,0.155,0.485,0.84,,0.0,0.0,0.0,,,,,0.0,0.0,30.0,0.0,0.0,0.0,87.0,36.5,0
32956,SO-1301,Constable Dinesh Panchal,Constable,59,2026-07-19 20:35:21+00:00,85.0,87.0,,21.1505309,72.8241375,15.499996185302734,0.159,0.488,0.833,,0.0,0.0,0.0,,,,,0.0,0.0,30.0,-1.0000000116860974e-07,0.0,0.0,87.0,36.5,0
32959,SO-1301,Constable Dinesh Panchal,Constable,59,2026-07-19 20:35:51+00:00,91.0,88.0,,21.1506492,72.8241418,15.699996948242188,0.148,0.487,0.834,,0.0,0.0,0.0,,,,,0.0,0.0,30.0,0.0001183000000004,4.300000000512227e-06,1.58,88.0,36.5,2
32962,SO-1301,Constable Dinesh Panchal,Constable,59,2026-07-19 20:36:21+00:00,90.0,87.0,,21.1504852,72.8239829,15.699996948242188,0.155,0.488,0.83,,0.0,0.0,0.0,,,,,0.0,0.0,30.0,-0.0001640000000016,-0.0001589000000024,2.94,87.0,36.5,0
32965,SO-1301,Constable Dinesh Panchal,Constable,59,2026-07-19 20:36:51+00:00,94.0,88.0,,21.1506565,72.8241407,15.699996948242188,-0.668,0.055,-0.777,,0.0,0.0,0.0,,,,,0.0,0.0,30.0,0.0001713000000016,0.0001577999999966,3.01,88.0,36.5,2
32968,SO-1301,Constable Dinesh Panchal,Constable,59,2026-07-19 20:37:21+00:00,99.0,88.0,,21.1505301,72.8241375,15.499996185302734,-0.646,0.139,-0.786,,0.0,0.0,0.0,,,,,0.0,0.0,30.0,-0.0001263999999991,-3.1999999947629476e-06,1.68,88.0,36.5,2
32971,SO-1301,Constable Dinesh Panchal,Constable,59,2026-07-19 20:37:51+00:00,83.0,84.0,,21.1505301,72.8241375,15.499996185302734,-0.658,-0.218,-0.748,,0.0,0.0,0.0,,,,,0.0,0.0,30.0,0.0,0.0,0.0,84.0,36.5,0
32974,SO-1301,Constable Dinesh Panchal,Constable,59,2026-07-19 20:38:26+00:00,85.0,80.0,,21.1505301,72.8241375,15.499996185302734,-0.664,-0.238,-0.753,,0.0,0.0,0.0,,,,,0.0,0.0,35.0,0.0,0.0,0.0,80.0,36.5,0
32977,SO-1301,Constable Dinesh Panchal,Constable,59,2026-07-19 20:38:51+00:00,84.0,84.0,,21.1506516,72.8241412,15.699996948242188,-0.791,-0.21,-0.593,,0.0,0.0,0.0,,,,,0.0,0.0,25.0,0.0001214999999987,3.699999993500569e-06,1.94,84.0,36.5,0
32980,SO-1301,Constable Dinesh Panchal,Constable,59,2026-07-19 20:39:21+00:00,81.0,71.0,,21.1506531,72.8241414,15.699996948242188,-0.772,-0.241,-0.614,,0.0,0.0,0.0,,,,,0.0,0.0,30.0,1.4999999997655775e-06,2.0000000233721948e-07,0.02,71.0,36.5,0
32983,SO-1301,Constable Dinesh Panchal,Constable,59,2026-07-19 20:39:51+00:00,90.0,87.0,,21.1505287,72.824136,15.499996185302734,-0.921,-0.191,-0.285,,0.0,0.0,0.0,,,,,0.0,0.0,30.0,-0.0001244000000006,-5.400000006261507e-06,1.66,87.0,36.5,0
32986,SO-1301,Constable Dinesh Panchal,Constable,59,2026-07-19 20:40:21+00:00,93.0,87.0,,21.1505284,72.8241351,15.499996185302734,-0.836,-0.239,-0.505,,0.0,0.0,0.0,,,,,0.0,0.0,30.0,-2.999999999531156e-07,-8.999999892012056e-07,0.01,87.0,36.5,2
32989,SO-1301,Constable Dinesh Panchal,Constable,59,2026-07-19 20:40:51+00:00,98.0,83.0,,21.150528,72.8241329,15.499996185302734,-0.823,-0.268,-0.521,,0.0,0.0,0.0,,,,,0.0,0.0,30.0,-3.999999975690116e-07,-2.2000000114985596e-06,0.03,83.0,36.5,2
32992,SO-1301,Constable Dinesh Panchal,Constable,59,2026-07-19 20:41:21+00:00,89.0,88.0,,21.1506539,72.8241409,15.699996948242188,-0.823,-0.277,-0.524,,0.0,0.0,0.0,,,,,0.0,0.0,30.0,0.0001258999999969,8.000000008223651e-06,1.68,88.0,36.5,0
32995,SO-1301,Constable Dinesh Panchal,Constable,59,2026-07-19 20:41:51+00:00,91.0,86.0,,21.1505175,72.8241303,15.499996185302734,-0.823,-0.269,-0.516,,0.0,0.0,0.0,,,,,0.0,0.0,30.0,-0.0001363999999988,-1.0600000010185797e-05,1.82,86.0,36.5,2
32997,SO-1301,Constable Dinesh Panchal,Constable,59,2026-07-19 20:42:21+00:00,88.0,84.0,,21.1505207,72.8241327,15.499996185302734,-0.825,-0.273,-0.515,,0.0,0.0,0.0,,,,,0.0,0.0,30.0,3.200000001868375e-06,2.400000013835779e-06,0.05,84.0,36.5,0
33001,SO-1301,Constable Dinesh Panchal,Constable,59,2026-07-19 20:42:51+00:00,90.0,87.0,,21.150526,72.8241365,15.499996185302734,-0.824,-0.279,-0.514,,0.0,0.0,0.0,,,,,0.0,0.0,30.0,5.29999999798747e-06,3.7999999875637513e-06,0.08,87.0,36.5,0
33004,SO-1301,Constable Dinesh Panchal,Constable,59,2026-07-19 20:43:21+00:00,95.0,85.0,,21.1505279,72.8241363,15.499996185302734,-0.827,-0.294,-0.491,,0.0,0.0,0.0,,,,,0.0,0.0,30.0,1.900000000887303e-06,-1.9999998812636477e-07,0.03,85.0,36.5,2
33006,SO-1301,Constable Dinesh Panchal,Constable,59,2026-07-19 20:43:51+00:00,94.0,86.0,,21.150528,72.8241318,15.499996185302734,-0.801,-0.323,-0.516,,0.0,0.0,0.0,,,,,0.0,0.0,30.0,1.0000000116860974e-07,-4.500000002849447e-06,0.06,86.0,36.5,2
33008,SO-1301,Constable Dinesh Panchal,Constable,59,2026-07-19 20:44:21+00:00,89.0,88.0,,21.150562,72.8241373,15.499996185302734,-0.796,-0.336,-0.514,,0.0,0.0,0.0,,,,,0.0,0.0,30.0,3.399999999942338e-05,5.50000000032469e-06,0.46,88.0,36.5,0
33010,SO-1301,Constable Dinesh Panchal,Constable,59,2026-07-19 20:44:51+00:00,100.0,84.0,,21.1505693,72.8241374,15.599998474121094,-0.813,-0.333,-0.495,,0.0,0.0,0.0,,,,,0.0,0.0,30.0,7.300000000043383e-06,9.999999406318238e-08,0.1,84.0,36.5,2
33012,SO-1301,Constable Dinesh Panchal,Constable,59,2026-07-19 20:45:21+00:00,93.0,88.0,,21.1505731,72.8241384,15.599998474121094,-0.833,-0.332,-0.478,,0.0,0.0,0.0,,,,,0.0,0.0,30.0,3.799999998221893e-06,9.999999974752427e-07,0.05,88.0,36.5,2
33014,SO-1301,Constable Dinesh Panchal,Constable,59,2026-07-19 20:45:51+00:00,96.0,87.0,,21.1506307,72.8241415,15.699996948242188,-0.828,-0.341,-0.502,,0.0,0.0,0.0,,,,,0.0,0.0,30.0,5.7600000001656326e-05,3.1000000006997652e-06,0.77,87.0,36.5,2
33016,SO-1301,Constable Dinesh Panchal,Constable,59,2026-07-19 20:46:21+00:00,95.0,87.0,,21.1505663,72.8241371,15.499996185302734,-0.818,-0.339,-0.478,,0.0,0.0,0.0,,,,,0.0,0.0,30.0,-6.439999999940937e-05,-4.39999999457541e-06,0.86,87.0,36.5,2
33018,SO-1301,Constable Dinesh Panchal,Constable,59,2026-07-19 20:46:51+00:00,86.0,88.0,,21.1505297,72.8241373,15.499996185302734,-0.845,-0.477,-0.341,,0.0,0.0,0.0,,,,,0.0,0.0,30.0,-3.660000000138552e-05,2.0000000233721948e-07,0.49,88.0,36.5,0
33020,SO-1301,Constable Dinesh Panchal,Constable,59,2026-07-19 20:47:22+00:00,100.0,88.0,,21.1506536,72.8241421,15.699996948242188,-0.862,-0.404,-0.262,,0.0,0.0,0.0,,,,,0.0,0.0,31.0,0.0001238999999984,4.799999999249849e-06,1.6,88.0,36.5,2
33022,SO-1301,Constable Dinesh Panchal,Constable,59,2026-07-19 20:47:51+00:00,95.0,88.0,,21.1505291,72.8241366,15.499996185302734,-0.594,0.193,-0.817,,0.0,0.0,0.0,,,,,0.0,0.0,29.0,-0.0001244999999983,-5.50000000032469e-06,1.72,88.0,36.5,2
33024,SO-1301,Constable Dinesh Panchal,Constable,59,2026-07-19 20:48:21+00:00,89.0,77.0,,21.1506182,72.8241372,15.699996948242188,-0.345,0.907,-0.115,,0.0,0.0,0.0,,,,,0.0,0.0,30.0,8.910000000028617e-05,5.999999928008037e-07,1.19,77.0,36.5,0
33026,SO-1301,Constable Dinesh Panchal,Constable,59,2026-07-19 20:48:51+00:00,98.0,88.0,,21.1505301,72.8241375,15.499996185302734,-0.515,1.037,0.47,,0.0,0.0,0.0,,,,,0.0,0.0,30.0,-8.809999999925822e-05,3.000000106112566e-07,1.17,88.0,36.5,2
33028,SO-1301,Constable Dinesh Panchal,Constable,59,2026-07-19 20:49:21+00:00,91.0,78.0,,21.1506124,72.824136,15.699996948242188,-1.014,0.135,-0.674,,0.0,0.0,0.0,,,,,0.0,0.0,30.0,8.229999999898041e-05,-1.5000000104237188e-06,1.1,78.0,36.5,2
33030,SO-1301,Constable Dinesh Panchal,Constable,59,2026-07-19 20:49:51+00:00,92.0,78.0,,21.1506249,72.824138,15.699996948242188,-0.903,-0.487,-0.969,,0.0,0.0,0.0,,,,,0.0,0.0,30.0,1.2500000000414955e-05,2.00000000916134e-06,0.17,78.0,36.5,2
33032,SO-1301,Constable Dinesh Panchal,Constable,59,2026-07-19 20:50:21+00:00,91.0,87.0,,21.1506424,72.8241395,15.699996948242188,-0.126,0.846,-0.079,,0.0,0.0,0.0,,,,,0.0,0.0,30.0,1.749999999844931e-05,1.499999996212864e-06,0.23,87.0,36.5,2
33034,SO-1301,Constable Dinesh Panchal,Constable,59,2026-07-19 20:50:51+00:00,81.0,80.0,,21.1505287,72.824136,15.499996185302734,-0.721,0.17,0.602,,0.0,0.0,0.0,,,,,0.0,0.0,30.0,-0.0001136999999999,-3.500000005374204e-06,1.52,80.0,36.5,0
33035,SO-1301,Constable Dinesh Panchal,Constable,59,2026-07-19 20:51:21+00:00,100.0,88.0,,21.1506565,72.8241407,15.699996948242188,-0.86,-0.419,-0.206,,0.0,0.0,0.0,,,,,0.0,0.0,30.0,0.0001278000000013,4.700000005186666e-06,1.7,88.0,36.5,2
33036,SO-1301,Constable Dinesh Panchal,Constable,59,2026-07-19 20:51:51+00:00,92.0,87.0,,21.1505284,72.8241351,15.499996185302734,-0.719,0.208,0.607,,0.0,0.0,0.0,,,,,0.0,0.0,30.0,-0.0001281000000012,-5.599999994387872e-06,1.71,87.0,36.5,2
33037,SO-1301,Constable Dinesh Panchal,Constable,59,2026-07-19 20:52:21+00:00,82.0,84.0,,21.150652,72.8241402,15.699996948242188,-0.641,0.159,0.686,,0.0,0.0,0.0,,,,,0.0,0.0,30.0,0.0001236000000019,5.099999995650251e-06,1.65,84.0,36.5,0
33038,SO-1301,Constable Dinesh Panchal,Constable,59,2026-07-19 20:52:51+00:00,83.0,74.0,,21.1495441,72.8232988,15.699996948242188,-0.934,0.269,0.081,,0.0,0.0,0.0,,,,,0.0,0.0,30.0,-0.0011079000000009,-0.0008413999999987,18.08,74.0,36.5,1
33039,SO-1301,Constable Dinesh Panchal,Constable,59,2026-07-19 20:53:21+00:00,81.0,84.0,,21.1495441,72.8232988,15.699996948242188,-0.76,0.198,0.56,,0.0,0.0,0.0,,,,,0.0,0.0,30.0,0.0,0.0,0.0,84.0,36.5,0
33040,SO-1301,Constable Dinesh Panchal,Constable,59,2026-07-19 20:53:51+00:00,85.0,83.0,,21.1495441,72.8232988,15.699996948242188,-0.936,0.286,0.018,,0.0,0.0,0.0,,,,,0.0,0.0,30.0,0.0,0.0,0.0,83.0,36.5,0
33041,SO-1301,Constable Dinesh Panchal,Constable,59,2026-07-19 20:54:21+00:00,86.0,88.0,,21.1506561,72.8241405,15.699996948242188,-0.894,0.24,0.294,,0.0,0.0,0.0,,,,,0.0,0.0,30.0,0.0011119999999991,0.0008416999999951,18.13,88.0,36.5,1
33042,SO-1301,Constable Dinesh Panchal,Constable,59,2026-07-19 20:54:51+00:00,95.0,86.0,,21.1495441,72.8232988,15.699996948242188,-0.577,0.241,0.732,,0.0,0.0,0.0,,,,,0.0,0.0,30.0,-0.0011119999999991,-0.0008416999999951,18.13,86.0,36.5,1
33043,SO-1301,Constable Dinesh Panchal,Constable,59,2026-07-19 20:55:21+00:00,92.0,85.0,,21.150528,72.8241329,15.499996185302734,-0.58,0.258,0.711,,0.0,0.0,0.0,,,,,0.0,0.0,30.0,0.0009839000000013,0.0008340999999916,16.7,85.0,36.5,1
33044,SO-1301,Constable Dinesh Panchal,Constable,59,2026-07-19 20:55:56+00:00,97.0,84.0,,21.150528,72.8241329,15.499996185302734,0.101,0.96,0.474,,0.0,0.0,0.0,,,,,0.0,0.0,35.0,0.0,0.0,0.0,84.0,36.5,2
33045,SO-1301,Constable Dinesh Panchal,Constable,59,2026-07-19 20:56:21+00:00,95.0,86.0,,21.1506546,72.8241404,15.699996948242188,0.056,0.896,-0.004,,0.0,0.0,0.0,,,,,0.0,0.0,25.0,0.0001265999999979,7.50000000948603e-06,2.03,86.0,36.5,2
33046,SO-1301,Constable Dinesh Panchal,Constable,59,2026-07-19 20:56:51+00:00,92.0,76.0,,21.1506514,72.8241398,15.699996948242188,-0.659,0.663,-0.224,,0.0,0.0,0.0,,,,,0.0,0.0,30.0,-3.1999999983156613e-06,-6.000000070116585e-07,0.04,76.0,36.5,2
33047,SO-1301,Constable Dinesh Panchal,Constable,59,2026-07-19 20:58:21+00:00,100.0,80.0,,21.1505289,72.8241357,15.499996185302734,0.042,0.896,0.124,,0.0,0.0,0.0,,,,,0.0,0.0,90.0,-0.0001224999999998,-4.099999998175008e-06,0.54,80.0,36.5,2
33048,SO-1301,Constable Dinesh Panchal,Constable,59,2026-07-19 20:58:51+00:00,93.0,88.0,,21.1506541,72.8241406,15.699996948242188,-0.879,0.269,-0.418,,0.0,0.0,0.0,,,,,0.0,0.0,30.0,0.0001251999999993,4.900000007523886e-06,1.67,88.0,36.5,2
33049,SO-1301,Constable Dinesh Panchal,Constable,59,2026-07-19 20:59:21+00:00,99.0,88.0,,21.1505409,72.8241353,15.499996185302734,-0.997,0.058,-0.46,,0.0,0.0,0.0,,,,,0.0,0.0,30.0,-0.0001132000000012,-5.300000012198325e-06,1.51,88.0,36.5,2
33050,SO-1301,Constable Dinesh Panchal,Constable,59,2026-07-19 20:59:56+00:00,81.0,88.0,,21.1505409,72.8241353,15.499996185302734,-0.597,0.233,0.754,,0.0,0.0,0.0,,,,,0.0,0.0,35.0,0.0,0.0,0.0,88.0,36.5,0
33051,SO-1301,Constable Dinesh Panchal,Constable,59,2026-07-19 21:00:21+00:00,97.0,83.0,,21.1506561,72.8241406,15.699996948242188,-0.904,0.216,0.458,,0.0,0.0,0.0,,,,,0.0,0.0,25.0,0.0001151999999997,5.300000012198325e-06,1.84,83.0,36.5,2
33052,SO-1301,Constable Dinesh Panchal,Constable,59,2026-07-19 21:00:51+00:00,97.0,81.0,,21.1495441,72.8232988,15.699996948242188,0.289,-0.73,0.307,,0.0,0.0,0.0,,,,,0.0,0.0,30.0,-0.0011119999999991,-0.0008418000000034,18.13,81.0,36.5,1
33053,SO-1301,Constable Dinesh Panchal,Constable,59,2026-07-19 21:01:21+00:00,96.0,88.0,,21.1495441,72.8232988,15.699996948242188,-0.704,0.712,0.047,,0.0,0.0,0.0,,,,,0.0,0.0,30.0,0.0,0.0,0.0,88.0,36.5,2
33054,SO-1301,Constable Dinesh Panchal,Constable,59,2026-07-19 21:01:51+00:00,93.0,86.0,,21.1506575,72.8241406,15.699996948242188,-0.687,0.677,-0.507,,0.0,0.0,0.0,,,,,0.0,0.0,30.0,0.0011134000000012,0.0008418000000034,18.14,86.0,36.5,1
33055,SO-1301,Constable Dinesh Panchal,Constable,59,2026-07-19 21:02:21+00:00,95.0,87.0,,21.1503801,72.8244067,15.699996948242188,0.002,0.994,0.188,,0.0,0.0,0.0,,,,,0.0,0.0,30.0,-0.0002774000000016,0.0002660999999903,4.96,87.0,36.5,1
33056,SO-1301,Constable Dinesh Panchal,Constable,59,2026-07-19 21:02:51+00:00,84.0,80.0,,21.1506561,72.8241405,15.699996948242188,-0.943,0.731,-0.047,,0.0,0.0,0.0,,,,,0.0,0.0,30.0,0.0002759999999994,-0.0002661999999986,4.94,80.0,36.5,1
33057,SO-1301,Constable Dinesh Panchal,Constable,59,2026-07-19 21:03:21+00:00,96.0,88.0,,21.1507789,72.824776,15.699996948242188,-0.216,0.791,0.355,,0.0,0.0,0.0,,,,,0.0,0.0,30.0,0.0001227999999997,0.0006355000000013,8.06,88.0,36.5,1
33058,SO-1301,Constable Dinesh Panchal,Constable,59,2026-07-19 21:03:51+00:00,89.0,83.0,,21.1506563,72.8241407,15.699996948242188,-0.117,1.001,0.358,,0.0,0.0,0.0,,,,,0.0,0.0,30.0,-0.0001225999999974,-0.000635299999999,8.06,83.0,36.5,1
33059,SO-1301,Constable Dinesh Panchal,Constable,59,2026-07-19 21:05:51+00:00,100.0,88.0,,21.1506531,72.8241406,15.699996948242188,-0.906,0.114,-0.321,,0.0,0.0,0.0,,,,,0.0,0.0,120.0,-3.200000001868375e-06,-9.999999406318238e-08,0.01,88.0,36.5,2
33060,SO-1301,Constable Dinesh Panchal,Constable,59,2026-07-19 21:06:21+00:00,85.0,88.0,,21.1505918,72.8241403,15.599998474121094,-0.543,0.138,-0.887,,0.0,0.0,0.0,,,,,0.0,0.0,30.0,-6.129999999870961e-05,-3.000000106112566e-07,0.82,88.0,36.5,0
33061,SO-1301,Constable Dinesh Panchal,Constable,59,2026-07-19 21:06:51+00:00,90.0,88.0,,21.1505097,72.8239928,15.499996185302734,-0.41,1.308,0.022,,0.0,0.0,0.0,,,,,0.0,0.0,30.0,-8.21000000001959e-05,-0.000147499999997,2.13,88.0,36.5,0
33062,SO-1301,Constable Dinesh Panchal,Constable,59,2026-07-19 21:07:51+00:00,92.0,82.0,,21.1506543,72.8241407,15.699996948242188,-0.753,0.191,-0.651,,0.0,0.0,0.0,,,,,0.0,0.0,60.0,0.0001445999999987,0.0001479000000017,1.33,82.0,36.5,2
33063,SO-1301,Constable Dinesh Panchal,Constable,59,2026-07-19 21:08:21+00:00,95.0,82.0,,21.150562,72.8241373,15.499996185302734,-0.124,0.441,0.856,,0.0,0.0,0.0,,,,,0.0,0.0,30.0,-9.229999999860183e-05,-3.399999997100167e-06,1.23,82.0,36.5,2
33064,SO-1301,Constable Dinesh Panchal,Constable,59,2026-07-19 21:08:51+00:00,83.0,79.0,,21.150639,72.8241393,15.699996948242188,-0.088,0.443,0.852,,0.0,0.0,0.0,,,,,0.0,0.0,30.0,7.700000000099294e-05,1.9999999949504854e-06,1.03,79.0,36.5,0
33065,SO-1301,Constable Dinesh Panchal,Constable,59,2026-07-19 21:09:21+00:00,91.0,87.0,,21.1505679,72.8241372,15.499996185302734,0.035,0.518,0.825,,0.0,0.0,0.0,,,,,0.0,0.0,30.0,-7.110000000309924e-05,-2.1000000032245225e-06,0.95,87.0,36.5,2
33066,SO-1301,Constable Dinesh Panchal,Constable,59,2026-07-19 21:09:51+00:00,89.0,87.0,,21.1506452,72.8241395,15.699996948242188,0.249,0.394,0.857,,0.0,0.0,0.0,,,,,0.0,0.0,30.0,7.730000000094606e-05,2.300000005561742e-06,1.03,87.0,36.5,0
33067,SO-1301,Constable Dinesh Panchal,Constable,59,2026-07-19 21:10:21+00:00,81.0,64.0,,21.1505612,72.8241361,15.499996185302734,0.222,0.368,0.875,,0.0,0.0,0.0,,,,,0.0,0.0,30.0,-8.400000000108321e-05,-3.399999997100167e-06,1.12,64.0,36.5,0
33068,SO-1301,Constable Dinesh Panchal,Constable,59,2026-07-19 21:10:51+00:00,89.0,87.0,,21.1505612,72.8241361,15.499996185302734,0.221,0.366,1.141,,0.0,0.0,0.0,,,,,0.0,0.0,30.0,0.0,0.0,0.0,87.0,36.5,0
33069,SO-1301,Constable Dinesh Panchal,Constable,59,2026-07-19 21:11:21+00:00,82.0,80.0,,21.1505294,72.8241371,15.499996185302734,-0.006,0.365,0.903,,0.0,0.0,0.0,,,,,0.0,0.0,30.0,-3.179999999858296e-05,9.999999974752427e-07,0.42,80.0,36.5,0
33070,SO-1301,Constable Dinesh Panchal,Constable,59,2026-07-19 21:11:51+00:00,93.0,84.0,,21.1505498,72.8241364,15.499996185302734,0.536,0.249,0.903,,0.0,0.0,0.0,,,,,0.0,0.0,30.0,2.040000000036457e-05,-7.000000010748408e-07,0.27,84.0,36.5,2
33071,SO-1301,Constable Dinesh Panchal,Constable,59,2026-07-19 21:12:21+00:00,90.0,86.0,,21.1505438,72.8241358,15.499996185302734,-0.051,0.536,0.806,,0.0,0.0,0.0,,,,,0.0,0.0,30.0,-5.999999999062311e-06,-6.000000070116585e-07,0.08,86.0,36.5,0
33072,SO-1301,Constable Dinesh Panchal,Constable,59,2026-07-19 21:12:51+00:00,99.0,87.0,,21.1505438,72.8241358,15.499996185302734,-0.052,0.532,0.81,,0.0,0.0,0.0,,,,,0.0,0.0,30.0,0.0,0.0,0.0,87.0,36.5,2
33073,SO-1301,Constable Dinesh Panchal,Constable,59,2026-07-19 21:13:21+00:00,90.0,88.0,,21.1505291,72.8241366,15.499996185302734,0.091,0.825,0.524,,0.0,0.0,0.0,,,,,0.0,0.0,30.0,-1.4700000001255376e-05,8.000000093488779e-07,0.2,88.0,36.5,0
33074,SO-1301,Constable Dinesh Panchal,Constable,59,2026-07-19 21:13:51+00:00,85.0,69.0,,21.150659,72.8241395,15.699996948242188,-0.513,-0.298,-0.843,,0.0,0.0,0.0,,,,,0.0,0.0,30.0,0.000129900000001,2.8999999983625457e-06,1.73,69.0,36.5,0
33075,SO-1301,Constable Dinesh Panchal,Constable,59,2026-07-19 21:14:21+00:00,82.0,81.0,,21.1507789,72.824776,15.699996948242188,-0.925,0.296,-0.184,,0.0,0.0,0.0,,,,,0.0,0.0,30.0,0.0001198999999978,0.0006364999999988,8.06,81.0,36.5,1
33076,SO-1301,Constable Dinesh Panchal,Constable,59,2026-07-19 21:14:51+00:00,87.0,76.0,,21.1503801,72.8244067,15.699996948242188,-0.931,0.3,-0.182,,0.0,0.0,0.0,,,,,0.0,0.0,30.0,-0.0003987999999992,-0.0003693000000026,7.02,76.0,36.5,1
33077,SO-1301,Constable Dinesh Panchal,Constable,59,2026-07-19 21:15:21+00:00,96.0,60.0,,21.1503801,72.8244067,15.699996948242188,-0.93,0.286,-0.181,,0.0,0.0,0.0,,,,,0.0,0.0,30.0,0.0,0.0,0.0,60.0,36.5,2
33078,SO-1301,Constable Dinesh Panchal,Constable,59,2026-07-19 21:15:51+00:00,83.0,76.0,,21.1503801,72.8244067,15.699996948242188,-0.855,0.474,0.063,,0.0,0.0,0.0,,,,,0.0,0.0,30.0,0.0,0.0,0.0,76.0,36.5,0
33079,SO-1301,Constable Dinesh Panchal,Constable,59,2026-07-19 21:16:21+00:00,96.0,81.0,,21.1503801,72.8244067,15.699996948242188,-0.601,0.484,0.582,,0.0,0.0,0.0,,,,,0.0,0.0,30.0,0.0,0.0,0.0,81.0,36.5,2
33080,SO-1301,Constable Dinesh Panchal,Constable,59,2026-07-19 21:16:51+00:00,83.0,79.0,,21.1503801,72.8244067,15.699996948242188,-0.72,0.493,0.398,,0.0,0.0,0.0,,,,,0.0,0.0,30.0,0.0,0.0,0.0,79.0,36.5,0
33081,SO-1301,Constable Dinesh Panchal,Constable,59,2026-07-19 21:17:21+00:00,83.0,82.0,,21.1506607,72.8241407,15.699996948242188,-0.716,0.418,0.513,,0.0,0.0,0.0,,,,,0.0,0.0,30.0,0.0002805999999999,-0.0002659999999963,4.99,82.0,36.5,1
33082,SO-1301,Constable Dinesh Panchal,Constable,59,2026-07-19 21:17:51+00:00,100.0,88.0,,21.1506538,72.8241415,15.699996948242188,0.249,0.09,0.926,,0.0,0.0,0.0,,,,,0.0,0.0,30.0,-6.899999998921658e-06,7.999999951380232e-07,0.09,88.0,36.5,2
33083,SO-1301,Constable Dinesh Panchal,Constable,59,2026-07-19 21:18:21+00:00,93.0,88.0,,21.1506538,72.8241415,15.699996948242188,0.18,0.095,0.957,,0.0,0.0,0.0,,,,,0.0,0.0,30.0,0.0,0.0,0.0,88.0,36.5,2
33084,SO-1301,Constable Dinesh Panchal,Constable,59,2026-07-19 21:18:54+00:00,100.0,88.0,,21.1505552,72.8245258,15.699996948242188,0.059,0.13,0.96,,0.0,0.0,0.0,,,,,0.0,0.0,33.0,-9.860000000116996e-05,0.0003843000000074,4.5,88.0,36.5,2
33085,SO-1301,Constable Dinesh Panchal,Constable,59,2026-07-19 21:19:21+00:00,96.0,88.0,,21.150555,72.8245267,15.699996948242188,0.066,0.127,0.956,,0.0,0.0,0.0,,,,,0.0,0.0,27.0,-1.999999987845058e-07,9.000000034120603e-07,0.01,88.0,36.5,2
33086,SO-1301,Constable Dinesh Panchal,Constable,59,2026-07-19 21:19:51+00:00,88.0,87.0,,21.1506551,72.8241412,15.699996948242188,-0.024,0.185,0.946,,0.0,0.0,0.0,,,,,0.0,0.0,30.0,0.0001001000000009,-0.0003855000000072,4.97,87.0,36.5,1
33087,SO-1301,Constable Dinesh Panchal,Constable,59,2026-07-19 21:20:21+00:00,82.0,88.0,,21.1506561,72.8241431,15.699996948242188,-0.954,-0.211,-0.22,,0.0,0.0,0.0,,,,,0.0,0.0,30.0,9.999999974752427e-07,1.900000000887303e-06,0.03,88.0,36.5,0
33088,SO-1301,Constable Dinesh Panchal,Constable,59,2026-07-19 21:20:51+00:00,98.0,88.0,,21.1505291,72.8241366,15.499996185302734,-0.94,-0.202,-0.215,,0.0,0.0,0.0,,,,,0.0,0.0,30.0,-0.0001269999999991,-6.499999997799932e-06,1.69,88.0,36.5,2
33089,SO-1301,Constable Dinesh Panchal,Constable,59,2026-07-19 21:21:21+00:00,98.0,88.0,,21.1505291,72.8241366,15.499996185302734,-0.945,-0.209,-0.21,,0.0,0.0,0.0,,,,,0.0,0.0,30.0,0.0,0.0,0.0,88.0,36.5,2
33090,SO-1301,Constable Dinesh Panchal,Constable,59,2026-07-19 21:21:51+00:00,89.0,87.0,,21.1505926,72.8241429,15.499996185302734,-0.95,-0.212,-0.205,,0.0,0.0,0.0,,,,,0.0,0.0,30.0,6.349999999955003e-05,6.299999995462713e-06,0.85,87.0,36.5,0
33091,SO-1301,Constable Dinesh Panchal,Constable,59,2026-07-19 21:22:21+00:00,96.0,88.0,,21.1506154,72.8241418,15.699996948242188,-0.954,-0.209,-0.223,,0.0,0.0,0.0,,,,,0.0,0.0,30.0,2.2799999999989495e-05,-1.099999991538425e-06,0.3,88.0,36.5,2
33092,SO-1301,Constable Dinesh Panchal,Constable,59,2026-07-19 21:22:51+00:00,92.0,86.0,,21.1506154,72.8241418,15.699996948242188,-0.951,-0.208,-0.232,,0.0,0.0,0.0,,,,,0.0,0.0,30.0,0.0,0.0,0.0,86.0,36.5,2
33093,SO-1301,Constable Dinesh Panchal,Constable,59,2026-07-19 21:23:21+00:00,84.0,84.0,,21.1506157,72.824138,15.699996948242188,0.002,0.515,-1.092,,0.0,0.0,0.0,,,,,0.0,0.0,30.0,2.999999999531156e-07,-3.800000001774606e-06,0.05,84.0,36.5,0
33094,SO-1301,Constable Dinesh Panchal,Constable,59,2026-07-19 21:23:51+00:00,87.0,87.0,,21.1505292,72.8241367,15.499996185302734,-0.429,0.685,0.049,,0.0,0.0,0.0,,,,,0.0,0.0,30.0,-8.649999999832403e-05,-1.3000000080864993e-06,1.15,87.0,36.5,0
33095,SO-1301,Constable Dinesh Panchal,Constable,59,2026-07-19 21:24:21+00:00,84.0,87.0,,21.1505306,72.8241374,15.499996185302734,-0.743,-0.021,-0.683,,0.0,0.0,0.0,,,,,0.0,0.0,30.0,1.399999998596968e-06,7.000000010748408e-07,0.02,87.0,36.5,0
33096,SO-1301,Constable Dinesh Panchal,Constable,59,2026-07-19 21:24:51+00:00,91.0,83.0,,21.1505345,72.8241336,15.499996185302734,-0.616,0.151,-0.813,,0.0,0.0,0.0,,,,,0.0,0.0,30.0,3.899999999390502e-06,-3.800000001774606e-06,0.07,83.0,36.5,2
33097,SO-1301,Constable Dinesh Panchal,Constable,59,2026-07-19 21:25:21+00:00,87.0,83.0,,21.1505294,72.8241374,15.499996185302734,-0.638,0.151,-0.789,,0.0,0.0,0.0,,,,,0.0,0.0,30.0,-5.099999999202964e-06,3.800000001774606e-06,0.08,83.0,36.5,0
33098,SO-1301,Constable Dinesh Panchal,Constable,59,2026-07-19 21:25:51+00:00,98.0,86.0,,21.1506264,72.8241391,15.699996948242188,-0.7,0.087,0.654,,0.0,0.0,0.0,,,,,0.0,0.0,30.0,9.70000000002358e-05,1.6999999985500835e-06,1.29,86.0,36.5,2
33099,SO-1301,Constable Dinesh Panchal,Constable,59,2026-07-19 21:26:21+00:00,92.0,87.0,,21.1506028,72.8241394,15.499996185302734,-0.824,0.053,-0.589,,0.0,0.0,0.0,,,,,0.0,0.0,30.0,-2.3599999998680232e-05,3.000000106112566e-07,0.31,87.0,36.5,2
33100,SO-1301,Constable Dinesh Panchal,Constable,59,2026-07-19 21:26:51+00:00,95.0,87.0,,21.150538,72.8241378,15.499996185302734,-0.572,0.064,-0.864,,0.0,0.0,0.0,,,,,0.0,0.0,30.0,-6.48000000005311e-05,-1.6000000044869012e-06,0.86,87.0,36.5,2
33101,SO-1301,Constable Dinesh Panchal,Constable,59,2026-07-19 21:27:21+00:00,100.0,86.0,,21.1505717,72.8241393,15.699996948242188,-0.948,0.336,-0.114,,0.0,0.0,0.0,,,,,0.0,0.0,30.0,3.3699999999470265e-05,1.499999996212864e-06,0.45,86.0,36.5,2
33102,SO-1301,Constable Dinesh Panchal,Constable,59,2026-07-19 21:27:51+00:00,89.0,77.0,,21.1505296,72.8241369,15.499996185302734,-0.834,0.166,0.474,,0.0,0.0,0.0,,,,,0.0,0.0,30.0,-4.2100000001710214e-05,-2.3999999996249244e-06,0.56,77.0,36.5,0
33103,SO-1301,Constable Dinesh Panchal,Constable,59,2026-07-19 21:28:21+00:00,82.0,88.0,,21.1505287,72.8241363,15.499996185302734,-0.534,0.251,-0.852,,0.0,0.0,0.0,,,,,0.0,0.0,30.0,-8.999999998593466e-07,-5.999999928008037e-07,0.01,88.0,36.5,0
33104,SO-1301,Constable Dinesh Panchal,Constable,59,2026-07-19 21:28:51+00:00,84.0,76.0,,21.1505293,72.8241368,15.499996185302734,-0.469,0.257,-0.889,,0.0,0.0,0.0,,,,,0.0,0.0,30.0,5.999999999062311e-07,4.999999987376214e-07,0.01,76.0,36.5,0
33105,SO-1301,Constable Dinesh Panchal,Constable,59,2026-07-19 21:29:21+00:00,85.0,77.0,,21.1505294,72.8241358,15.499996185302734,-0.792,0.178,0.521,,0.0,0.0,0.0,,,,,0.0,0.0,30.0,1.0000000116860974e-07,-1.0000000116860974e-06,0.01,77.0,36.5,0
33106,SO-1301,Constable Dinesh Panchal,Constable,59,2026-07-19 21:29:51+00:00,97.0,86.0,,21.1505294,72.8241358,15.499996185302734,-0.455,0.274,-0.887,,0.0,0.0,0.0,,,,,0.0,0.0,30.0,0.0,0.0,0.0,86.0,36.5,2
33107,SO-1301,Constable Dinesh Panchal,Constable,59,2026-07-19 21:30:21+00:00,94.0,87.0,,21.1505832,72.8241387,15.699996948242188,-0.708,0.179,0.628,,0.0,0.0,0.0,,,,,0.0,0.0,30.0,5.379999999988172e-05,2.9000000125734005e-06,0.72,87.0,36.5,2
33108,SO-1301,Constable Dinesh Panchal,Constable,59,2026-07-19 21:30:51+00:00,89.0,85.0,,21.150531,72.8241366,15.499996185302734,-0.783,-0.014,-0.659,,0.0,0.0,0.0,,,,,0.0,0.0,30.0,-5.219999999894753e-05,-2.1000000032245225e-06,0.7,85.0,36.5,0
33109,SO-1301,Constable Dinesh Panchal,Constable,59,2026-07-19 21:31:21+00:00,82.0,88.0,,21.15058,72.8241395,15.699996948242188,0.023,0.01,0.888,,0.0,0.0,0.0,,,,,0.0,0.0,30.0,4.900000000063187e-05,2.8999999983625457e-06,0.65,88.0,36.5,0
33110,SO-1301,Constable Dinesh Panchal,Constable,59,2026-07-19 22:03:51+00:00,82.0,81.0,,21.1505293,72.8241368,15.499996185302734,-0.941,0.133,-0.26,,0.0,0.0,0.0,,,,,0.0,0.0,1950.0,-5.070000000273467e-05,-2.6999999960253263e-06,0.0,81.0,36.5,0
33112,SO-1301,Constable Dinesh Panchal,Constable,59,2026-07-19 22:04:21+00:00,80.0,88.0,,21.1505293,72.8241368,15.499996185302734,-0.922,-0.369,-0.146,,0.0,0.0,0.0,,,,,0.0,0.0,30.0,0.0,0.0,0.0,88.0,36.5,0
33114,SO-1301,Constable Dinesh Panchal,Constable,59,2026-07-19 22:04:51+00:00,82.0,77.0,,21.1505281,72.824134,15.499996185302734,-0.861,-0.009,0.458,,0.0,0.0,0.0,,,,,0.0,0.0,30.0,-1.1999999998124622e-06,-2.8000000042993634e-06,0.04,77.0,36.5,0
33116,SO-1301,Constable Dinesh Panchal,Constable,59,2026-07-19 22:05:21+00:00,100.0,88.0,,21.1505284,72.8241296,15.499996185302734,-0.885,0.098,-0.457,,0.0,0.0,0.0,,,,,0.0,0.0,30.0,2.999999999531156e-07,-4.39999999457541e-06,0.05,88.0,36.5,2
33118,SO-1301,Constable Dinesh Panchal,Constable,59,2026-07-19 22:05:51+00:00,89.0,87.0,,21.150528,72.8241329,15.499996185302734,0.22,0.173,0.922,,0.0,0.0,0.0,,,,,0.0,0.0,30.0,-3.999999975690116e-07,3.29999998882613e-06,0.04,87.0,36.5,0
33120,SO-1301,Constable Dinesh Panchal,Constable,59,2026-07-19 22:06:21+00:00,84.0,84.0,,21.1505297,72.8241373,15.499996185302734,0.197,0.194,0.944,,0.0,0.0,0.0,,,,,0.0,0.0,30.0,1.6999999985500835e-06,4.4000000087862645e-06,0.06,84.0,36.5,0
33122,SO-1301,Constable Dinesh Panchal,Constable,59,2026-07-19 22:06:56+00:00,84.0,88.0,,21.1505297,72.8241373,15.499996185302734,0.096,0.19,0.944,,0.0,0.0,0.0,,,,,0.0,0.0,35.0,0.0,0.0,0.0,88.0,36.5,0
33124,SO-1301,Constable Dinesh Panchal,Constable,59,2026-07-19 22:07:21+00:00,86.0,77.0,,21.1505295,72.8241371,15.499996185302734,-0.145,-0.256,0.905,,0.0,0.0,0.0,,,,,0.0,0.0,25.0,-1.999999987845058e-07,-2.0000000233721948e-07,0.0,77.0,36.5,0
33126,SO-1301,Constable Dinesh Panchal,Constable,59,2026-07-19 22:07:51+00:00,81.0,84.0,,21.1505297,72.8241372,15.499996185302734,0.094,0.252,0.935,,0.0,0.0,0.0,,,,,0.0,0.0,30.0,1.999999987845058e-07,9.999999406318238e-08,0.0,84.0,36.5,0
33128,SO-1301,Constable Dinesh Panchal,Constable,59,2026-07-19 22:08:21+00:00,87.0,86.0,,21.1505306,72.8241374,15.499996185302734,0.056,0.159,0.948,,0.0,0.0,0.0,,,,,0.0,0.0,30.0,8.999999998593466e-07,2.0000000233721948e-07,0.01,86.0,36.5,0
33130,SO-1301,Constable Dinesh Panchal,Constable,59,2026-07-19 22:08:51+00:00,90.0,83.0,,21.150531,72.8241375,15.499996185302734,-0.042,-0.281,0.933,,0.0,0.0,0.0,,,,,0.0,0.0,30.0,4.000000011217253e-07,1.000000082740371e-07,0.01,83.0,36.5,0
33132,SO-1301,Constable Dinesh Panchal,Constable,59,2026-07-19 22:09:21+00:00,92.0,78.0,,21.1505292,72.8241368,15.499996185302734,0.049,0.095,0.968,,0.0,0.0,0.0,,,,,0.0,0.0,30.0,-1.7999999997186933e-06,-7.000000010748408e-07,0.03,78.0,36.5,2
33134,SO-1301,Constable Dinesh Panchal,Constable,59,2026-07-19 22:09:51+00:00,82.0,88.0,,21.1505292,72.824137,15.499996185302734,0.178,0.21,0.93,,0.0,0.0,0.0,,,,,0.0,0.0,30.0,0.0,1.9999998812636477e-07,0.0,88.0,36.5,0
33136,SO-1301,Constable Dinesh Panchal,Constable,59,2026-07-19 22:10:21+00:00,96.0,88.0,,21.1505292,72.824137,15.499996185302734,0.202,0.192,0.935,,0.0,0.0,0.0,,,,,0.0,0.0,30.0,0.0,0.0,0.0,88.0,36.5,2
33138,SO-1301,Constable Dinesh Panchal,Constable,59,2026-07-19 22:10:51+00:00,98.0,88.0,,21.1505294,72.8241369,15.499996185302734,0.18,0.203,0.937,,0.0,0.0,0.0,,,,,0.0,0.0,30.0,1.999999987845058e-07,-9.999999406318238e-08,0.0,88.0,36.5,2
33140,SO-1301,Constable Dinesh Panchal,Constable,59,2026-07-19 22:11:21+00:00,81.0,88.0,,21.1505293,72.8241371,15.499996185302734,-0.093,0.087,0.955,,0.0,0.0,0.0,,,,,0.0,0.0,30.0,-1.0000000116860974e-07,2.0000000233721948e-07,0.0,88.0,36.5,0
33142,SO-1301,Constable Dinesh Panchal,Constable,59,2026-07-19 22:11:51+00:00,88.0,87.0,,21.1505292,72.8241367,15.499996185302734,0.146,0.212,0.932,,0.0,0.0,0.0,,,,,0.0,0.0,30.0,-9.999999761589606e-08,-4.0000000467443897e-07,0.01,87.0,36.5,0
33144,SO-1301,Constable Dinesh Panchal,Constable,59,2026-07-19 22:12:21+00:00,92.0,83.0,,21.1505294,72.8241369,15.499996185302734,0.674,-0.278,0.627,,0.0,0.0,0.0,,,,,0.0,0.0,30.0,1.999999987845058e-07,2.0000000233721948e-07,0.0,83.0,36.5,2
33146,SO-1301,Constable Dinesh Panchal,Constable,59,2026-07-19 22:12:51+00:00,81.0,87.0,,21.1505293,72.8241371,15.499996185302734,0.41,0.118,0.876,,0.0,0.0,0.0,,,,,0.0,0.0,30.0,-1.0000000116860974e-07,2.0000000233721948e-07,0.0,87.0,36.5,0
33149,SO-1301,Constable Dinesh Panchal,Constable,59,2026-07-19 22:13:21+00:00,98.0,81.0,,21.1505292,72.824137,15.499996185302734,-0.058,0.09,0.96,,0.0,0.0,0.0,,,,,0.0,0.0,30.0,-9.999999761589606e-08,-1.000000082740371e-07,0.0,81.0,36.5,2
33152,SO-1301,Constable Dinesh Panchal,Constable,59,2026-07-19 22:13:51+00:00,95.0,78.0,,21.1505292,72.824137,15.499996185302734,0.74,0.008,0.65,,0.0,0.0,0.0,,,,,0.0,0.0,30.0,0.0,0.0,0.0,78.0,36.5,2
33155,SO-1301,Constable Dinesh Panchal,Constable,59,2026-07-19 22:14:21+00:00,84.0,88.0,,21.1505292,72.8241368,15.499996185302734,0.02,0.116,0.956,,0.0,0.0,0.0,,,,,0.0,0.0,30.0,0.0,-1.9999998812636477e-07,0.0,88.0,36.5,0
33158,SO-1301,Constable Dinesh Panchal,Constable,59,2026-07-19 22:14:51+00:00,96.0,88.0,,21.1505293,72.8241371,15.499996185302734,-0.032,0.011,0.968,,0.0,0.0,0.0,,,,,0.0,0.0,30.0,9.999999761589606e-08,2.999999964004019e-07,0.0,88.0,36.5,2
33161,SO-1301,Constable Dinesh Panchal,Constable,59,2026-07-19 22:15:21+00:00,96.0,77.0,,21.1504837,72.824049,15.499996185302734,-0.032,0.011,0.965,,0.0,0.0,0.0,,,,,0.0,0.0,30.0,-4.559999999997899e-05,-8.809999999925822e-05,1.25,77.0,36.5,2
61864,SO-1301,Constable Dinesh Panchal,Constable,59,2026-07-28 08:09:14+00:00,90.0,84.0,,21.2147059,72.9686551,29.399999618530273,-0.703,0.089,0.63,,0.0,0.0,0.0,,,,,0.0,0.0,726833.0,0.0642221999999996,0.1446061000000043,0.0,84.0,36.5,0
61865,SO-1301,Constable Dinesh Panchal,Constable,59,2026-07-28 08:09:44+00:00,100.0,88.0,,21.2150993,72.9688253,29.700000762939453,-0.394,-0.62,0.565,,0.0,0.0,0.0,,,,,0.0,0.0,30.0,0.0003934,0.0001701999999994,5.65,88.0,36.5,1
61866,SO-1301,Constable Dinesh Panchal,Constable,59,2026-07-28 08:10:15+00:00,98.0,88.0,,21.2149747,72.9687931,29.799999237060547,-0.942,0.239,-0.094,,0.0,0.0,0.0,,,,,0.0,0.0,31.0,-0.0001245999999994,-3.2200000006810114e-05,1.65,88.0,36.5,2
61867,SO-1301,Constable Dinesh Panchal,Constable,59,2026-07-28 08:10:45+00:00,93.0,83.0,,21.2152488,72.9689022,29.799999237060547,-0.774,-0.379,0.452,,0.0,0.0,0.0,,,,,0.0,0.0,30.0,0.0002741000000021,0.000109100000003,3.89,83.0,36.5,2
75795,SO-1301,Constable Dinesh Panchal,Constable,59,2026-08-03 13:04:40+00:00,85.0,87.0,,21.2101008,72.9670394,2.1481871647216764,-0.969,0.209,0.062,,0.0,0.0,0.0,,,,,0.0,0.0,536035.0,-0.0051480000000019,-0.0018627999999978,0.0,87.0,36.5,0
75797,SO-1301,Constable Dinesh Panchal,Constable,59,2026-08-03 13:05:11+00:00,96.0,87.0,,21.2100793,72.9670164,30.100000381469727,-0.88,-0.368,-0.194,,0.0,0.0,0.0,,,,,0.0,0.0,31.0,-2.1499999999008423e-05,-2.2999999998774e-05,0.39,87.0,36.5,2
75799,SO-1301,Constable Dinesh Panchal,Constable,59,2026-08-03 13:05:40+00:00,100.0,69.0,,21.2100178,72.9673053,30.100000381469727,-0.103,-0.473,0.91,,0.0,0.0,0.0,,,,,0.0,0.0,29.0,-6.150000000104683e-05,0.000288900000001,3.81,69.0,36.5,2
75801,SO-1301,Constable Dinesh Panchal,Constable,59,2026-08-03 13:06:10+00:00,98.0,88.0,,21.2101648,72.9674552,29.899999618530273,-0.222,-0.394,0.819,,0.0,0.0,0.0,,,,,0.0,0.0,30.0,0.0001470000000018,0.0001498999999967,2.7,88.0,36.5,2
75803,SO-1301,Constable Dinesh Panchal,Constable,59,2026-08-03 13:06:40+00:00,91.0,87.0,,21.2106558,72.9677462,29.899999618530273,-1.023,0.242,0.034,,0.0,0.0,0.0,,,,,0.0,0.0,30.0,0.0004910000000002,0.00029099999999,7.47,87.0,36.5,1
75805,SO-1301,Constable Dinesh Panchal,Constable,59,2026-08-03 13:07:10+00:00,90.0,87.0,,21.2126222,72.9680258,30.100000381469727,-0.487,0.01,0.894,,0.0,0.0,0.0,,,,,0.0,0.0,30.0,0.001966399999997,0.0002796000000131,26.42,87.0,36.5,1
75807,SO-1301,Constable Dinesh Panchal,Constable,59,2026-08-03 13:07:40+00:00,100.0,86.0,,21.2127167,72.9683483,29.899999618530273,-1.603,0.083,0.333,,0.0,0.0,0.0,,,,,0.0,0.0,30.0,9.450000000299497e-05,0.0003224999999957,4.2,86.0,36.5,2
75809,SO-1301,Constable Dinesh Panchal,Constable,59,2026-08-03 13:08:10+00:00,99.0,88.0,,21.2136519,72.9683338,29.899999618530273,-0.876,-0.301,-0.365,,0.0,0.0,0.0,,,,,0.0,0.0,30.0,0.0009351999999971,-1.4500000006023583e-05,12.46,88.0,36.5,1
75811,SO-1301,Constable Dinesh Panchal,Constable,59,2026-08-03 13:08:40+00:00,88.0,87.0,,21.2147697,72.9685517,29.899999618530273,-0.172,-0.444,0.894,,0.0,0.0,0.0,,,,,0.0,0.0,30.0,0.0011178000000029,0.0002179000000097,15.13,87.0,36.5,1
75813,SO-1301,Constable Dinesh Panchal,Constable,59,2026-08-03 13:09:10+00:00,99.0,85.0,,21.2154573,72.9689486,29.700000762939453,-0.459,0.366,-0.398,,0.0,0.0,0.0,,,,,0.0,0.0,30.0,0.0006875999999991,0.0003968999999983,10.4,85.0,36.5,1
75815,SO-1301,Constable Dinesh Panchal,Constable,59,2026-08-03 13:09:39+00:00,94.0,72.0,,21.2147059,72.9686937,29.700000762939453,0.572,-0.366,-0.002,,0.0,0.0,0.0,,,,,0.0,0.0,29.0,-0.0007514000000021,-0.0002549000000016,10.86,72.0,36.5,1
75817,SO-1301,Constable Dinesh Panchal,Constable,59,2026-08-03 13:10:09+00:00,100.0,87.0,,21.2144894,72.9688421,29.399999618530273,-0.305,0.706,-0.083,,0.0,0.0,0.0,,,,,0.0,0.0,30.0,-0.0002164999999969,0.0001484000000004,3.42,87.0,36.5,2
75819,SO-1301,Constable Dinesh Panchal,Constable,59,2026-08-03 13:10:44+00:00,100.0,84.0,,21.2146147,72.968637,29.399999618530273,-0.477,0.887,0.01,,0.0,0.0,0.0,,,,,0.0,0.0,35.0,0.0001252999999969,-0.0002051000000022,2.61,84.0,36.5,2
75821,SO-1301,Constable Dinesh Panchal,Constable,59,2026-08-03 13:11:12+00:00,97.0,80.0,,21.2146381,72.9686585,29.399999618530273,-0.427,0.911,-0.242,,0.0,0.0,0.0,,,,,0.0,0.0,28.0,2.3399999999895726e-05,2.1500000002561137e-05,0.44,80.0,36.5,2
75823,SO-1301,Constable Dinesh Panchal,Constable,59,2026-08-03 13:11:40+00:00,86.0,80.0,,21.2146377,72.9686569,29.399999618530273,-1.126,-0.171,0.0,,0.0,0.0,0.0,,,,,0.0,0.0,28.0,-3.999999975690116e-07,-1.6000000044869012e-06,0.02,80.0,36.5,0
75825,SO-1301,Constable Dinesh Panchal,Constable,59,2026-08-03 13:12:09+00:00,85.0,85.0,,21.2146378,72.968659,29.399999618530273,-0.912,-0.26,-0.335,,0.0,0.0,0.0,,,,,0.0,0.0,29.0,9.999999761589606e-08,2.1000000032245225e-06,0.03,85.0,36.5,0
75827,SO-1301,Constable Dinesh Panchal,Constable,59,2026-08-03 13:12:40+00:00,99.0,87.0,,21.2146378,72.968659,29.399999618530273,-0.78,-0.304,-0.563,,0.0,0.0,0.0,,,,,0.0,0.0,31.0,0.0,0.0,0.0,87.0,36.5,2
75829,SO-1301,Constable Dinesh Panchal,Constable,59,2026-08-03 13:13:10+00:00,90.0,88.0,,21.2146381,72.9686578,29.399999618530273,-0.731,-0.298,-0.641,,0.0,0.0,0.0,,,,,0.0,0.0,30.0,2.999999999531156e-07,-1.1999999998124622e-06,0.02,88.0,36.5,0
75831,SO-1301,Constable Dinesh Panchal,Constable,59,2026-08-03 13:13:40+00:00,87.0,88.0,,21.2146378,72.968659,29.399999618530273,-0.902,-0.264,0.306,,0.0,0.0,0.0,,,,,0.0,0.0,30.0,-2.999999999531156e-07,1.1999999998124622e-06,0.02,88.0,36.5,0
75833,SO-1301,Constable Dinesh Panchal,Constable,59,2026-08-03 13:14:10+00:00,94.0,88.0,,21.214638,72.9686587,29.399999618530273,-0.681,-0.116,0.587,,0.0,0.0,0.0,,,,,0.0,0.0,30.0,2.0000000233721948e-07,-2.999999964004019e-07,0.0,88.0,36.5,2
75835,SO-1301,Constable Dinesh Panchal,Constable,59,2026-08-03 13:14:40+00:00,95.0,88.0,,21.2146379,72.9686589,29.399999618530273,-0.929,-0.327,-0.25,,0.0,0.0,0.0,,,,,0.0,0.0,30.0,-1.0000000116860974e-07,1.9999998812636477e-07,0.0,88.0,36.5,2
75837,SO-1301,Constable Dinesh Panchal,Constable,59,2026-08-03 13:15:10+00:00,90.0,88.0,,21.2146379,72.9686576,29.399999618530273,-0.876,-0.303,0.307,,0.0,0.0,0.0,,,,,0.0,0.0,30.0,0.0,-1.2999999938756446e-06,0.02,88.0,36.5,0
75839,SO-1301,Constable Dinesh Panchal,Constable,59,2026-08-03 13:15:40+00:00,91.0,88.0,,21.2146378,72.968659,29.399999618530273,-1.011,-0.13,0.414,,0.0,0.0,0.0,,,,,0.0,0.0,30.0,-1.0000000116860974e-07,1.4000000021496817e-06,0.02,88.0,36.5,2
75841,SO-1301,Constable Dinesh Panchal,Constable,59,2026-08-03 13:16:10+00:00,85.0,86.0,,21.2146379,72.9686576,29.399999618530273,-0.877,-0.277,-0.415,,0.0,0.0,0.0,,,,,0.0,0.0,30.0,1.0000000116860974e-07,-1.4000000021496817e-06,0.02,86.0,36.5,0
75843,SO-1301,Constable Dinesh Panchal,Constable,59,2026-08-03 13:16:40+00:00,85.0,88.0,,21.2146379,72.9686589,29.399999618530273,-0.916,-0.276,-0.344,,0.0,0.0,0.0,,,,,0.0,0.0,30.0,0.0,1.2999999938756446e-06,0.02,88.0,36.5,0
75845,SO-1301,Constable Dinesh Panchal,Constable,59,2026-08-03 13:17:10+00:00,87.0,83.0,,21.2146381,72.9686585,29.399999618530273,-0.909,-0.268,-0.349,,0.0,0.0,0.0,,,,,0.0,0.0,30.0,1.999999987845058e-07,-3.9999999046358425e-07,0.01,83.0,36.5,0
75847,SO-1301,Constable Dinesh Panchal,Constable,59,2026-08-03 13:17:40+00:00,83.0,83.0,,21.2146381,72.9686585,29.399999618530273,-0.908,-0.274,-0.344,,0.0,0.0,0.0,,,,,0.0,0.0,30.0,0.0,0.0,0.0,83.0,36.5,0
75849,SO-1301,Constable Dinesh Panchal,Constable,59,2026-08-03 13:18:10+00:00,88.0,86.0,,21.2146379,72.9686576,29.399999618530273,-0.89,-0.3,-0.367,,0.0,0.0,0.0,,,,,0.0,0.0,30.0,-1.999999987845058e-07,-9.000000034120603e-07,0.01,86.0,36.5,0
75851,SO-1301,Constable Dinesh Panchal,Constable,59,2026-08-03 13:18:40+00:00,89.0,87.0,,21.2146378,72.968659,29.399999618530273,-0.913,-0.276,-0.331,,0.0,0.0,0.0,,,,,0.0,0.0,30.0,-1.0000000116860974e-07,1.4000000021496817e-06,0.02,87.0,36.5,0
75853,SO-1301,Constable Dinesh Panchal,Constable,59,2026-08-03 13:19:10+00:00,88.0,87.0,,21.2146379,72.9686591,29.399999618530273,-0.893,-0.284,-0.4,,0.0,0.0,0.0,,,,,0.0,0.0,30.0,1.0000000116860974e-07,9.999999406318238e-08,0.0,87.0,36.5,0
75855,SO-1301,Constable Dinesh Panchal,Constable,59,2026-08-03 13:19:40+00:00,82.0,83.0,,21.2146379,72.9686589,29.399999618530273,-0.891,-0.273,-0.392,,0.0,0.0,0.0,,,,,0.0,0.0,30.0,0.0,-2.0000000233721948e-07,0.0,83.0,36.5,0
75857,SO-1301,Constable Dinesh Panchal,Constable,59,2026-08-03 13:20:10+00:00,82.0,74.0,,21.2146379,72.9686589,29.399999618530273,-0.889,-0.294,-0.392,,0.0,0.0,0.0,,,,,0.0,0.0,30.0,0.0,0.0,0.0,74.0,36.5,0
75859,SO-1301,Constable Dinesh Panchal,Constable,59,2026-08-03 13:20:40+00:00,94.0,84.0,,21.2146379,72.9686576,29.399999618530273,-0.892,-0.407,0.086,,0.0,0.0,0.0,,,,,0.0,0.0,30.0,0.0,-1.2999999938756446e-06,0.02,84.0,36.5,2
75861,SO-1301,Constable Dinesh Panchal,Constable,59,2026-08-03 13:21:10+00:00,92.0,81.0,,21.2146381,72.9686594,31.56937165572171,-0.549,-0.323,0.225,,0.0,0.0,0.0,,,,,0.0,0.0,30.0,1.999999987845058e-07,1.8000000068241206e-06,0.02,81.0,36.5,2
75863,SO-1301,Constable Dinesh Panchal,Constable,59,2026-08-03 13:21:39+00:00,98.0,85.0,,21.2146916,72.9686455,29.399999618530273,-0.8,0.707,-0.147,,0.0,0.0,0.0,,,,,0.0,0.0,29.0,5.3499999999928605e-05,-1.390000001322278e-05,0.76,85.0,36.5,2
75866,SO-1301,Constable Dinesh Panchal,Constable,59,2026-08-03 13:22:10+00:00,81.0,84.0,,21.2146382,72.9686583,29.399999618530273,-0.554,0.908,-0.033,,0.0,0.0,0.0,,,,,0.0,0.0,31.0,-5.3399999998759995e-05,1.28000000074735e-05,0.71,84.0,36.5,0
75869,SO-1301,Constable Dinesh Panchal,Constable,59,2026-08-03 13:22:40+00:00,83.0,86.0,,21.2146382,72.9686583,29.399999618530273,-0.726,0.402,0.189,,0.0,0.0,0.0,,,,,0.0,0.0,30.0,0.0,0.0,0.0,86.0,36.5,0
75872,SO-1301,Constable Dinesh Panchal,Constable,59,2026-08-03 13:23:10+00:00,87.0,87.0,,21.2146378,72.9686573,29.399999618530273,-0.098,-0.976,0.191,,0.0,0.0,0.0,,,,,0.0,0.0,30.0,-4.000000011217253e-07,-9.999999974752427e-07,0.01,87.0,36.5,0
75875,SO-1301,Constable Dinesh Panchal,Constable,59,2026-08-03 13:23:40+00:00,89.0,88.0,,21.2146381,72.9686578,29.399999618530273,-0.837,0.525,-0.033,,0.0,0.0,0.0,,,,,0.0,0.0,30.0,2.999999999531156e-07,4.999999987376214e-07,0.01,88.0,36.5,0
75878,SO-1301,Constable Dinesh Panchal,Constable,59,2026-08-03 13:24:10+00:00,90.0,87.0,,21.2146378,72.9686573,29.399999618530273,-0.871,-0.021,-0.214,,0.0,0.0,0.0,,,,,0.0,0.0,30.0,-2.999999999531156e-07,-4.999999987376214e-07,0.01,87.0,36.5,0
75881,SO-1301,Constable Dinesh Panchal,Constable,59,2026-08-03 13:24:40+00:00,89.0,84.0,,21.2146375,72.9686564,29.399999618530273,-0.527,0.81,0.295,,0.0,0.0,0.0,,,,,0.0,0.0,30.0,-2.999999999531156e-07,-9.000000034120603e-07,0.01,84.0,36.5,0
75884,SO-1301,Constable Dinesh Panchal,Constable,59,2026-08-03 13:25:10+00:00,86.0,87.0,,21.2146381,72.9686585,29.399999618530273,-0.847,0.513,-0.11,,0.0,0.0,0.0,,,,,0.0,0.0,30.0,5.999999999062311e-07,2.1000000032245225e-06,0.03,87.0,36.5,0
75887,SO-1301,Constable Dinesh Panchal,Constable,59,2026-08-03 13:25:40+00:00,82.0,84.0,,21.2146379,72.9686591,29.399999618530273,-0.541,-0.104,-0.874,,0.0,0.0,0.0,,,,,0.0,0.0,30.0,-1.999999987845058e-07,5.999999928008037e-07,0.01,84.0,36.5,0
75890,SO-1301,Constable Dinesh Panchal,Constable,59,2026-08-03 13:26:10+00:00,83.0,85.0,,21.2146381,72.9686578,29.399999618530273,-0.766,0.65,-0.067,,0.0,0.0,0.0,,,,,0.0,0.0,30.0,1.999999987845058e-07,-1.2999999938756446e-06,0.02,85.0,36.5,0
75893,SO-1301,Constable Dinesh Panchal,Constable,59,2026-08-03 13:26:40+00:00,88.0,85.0,,21.2146381,72.9686585,29.399999618530273,-0.844,0.573,-0.082,,0.0,0.0,0.0,,,,,0.0,0.0,30.0,0.0,7.000000010748408e-07,0.01,85.0,36.5,0
75896,SO-1301,Constable Dinesh Panchal,Constable,59,2026-08-03 13:27:10+00:00,94.0,87.0,,21.2146381,72.9686578,29.399999618530273,-0.679,0.712,-0.096,,0.0,0.0,0.0,,,,,0.0,0.0,30.0,0.0,-7.000000010748408e-07,0.01,87.0,36.5,2
75899,SO-1301,Constable Dinesh Panchal,Constable,59,2026-08-03 13:27:40+00:00,90.0,73.0,,21.2146381,72.9686585,29.399999618530273,-0.458,0.888,-0.022,,0.0,0.0,0.0,,,,,0.0,0.0,30.0,0.0,7.000000010748408e-07,0.01,73.0,36.5,0
75902,SO-1301,Constable Dinesh Panchal,Constable,59,2026-08-03 13:28:11+00:00,99.0,77.0,,21.2146381,72.9686597,29.399999618530273,-0.879,-0.094,-0.535,,0.0,0.0,0.0,,,,,0.0,0.0,31.0,0.0,1.1999999998124622e-06,0.01,77.0,36.5,2
75905,SO-1301,Constable Dinesh Panchal,Constable,59,2026-08-03 13:28:40+00:00,88.0,87.0,,21.2146379,72.9686576,29.399999618530273,-0.529,0.925,0.205,,0.0,0.0,0.0,,,,,0.0,0.0,29.0,-1.999999987845058e-07,-2.1000000032245225e-06,0.03,87.0,36.5,0
75908,SO-1301,Constable Dinesh Panchal,Constable,59,2026-08-03 13:29:10+00:00,92.0,73.0,,21.2146378,72.968659,29.399999618530273,-0.432,0.798,0.141,,0.0,0.0,0.0,,,,,0.0,0.0,30.0,-1.0000000116860974e-07,1.4000000021496817e-06,0.02,73.0,36.5,2
75911,SO-1301,Constable Dinesh Panchal,Constable,59,2026-08-03 13:29:40+00:00,99.0,65.0,,21.2148315,72.968792,29.700000762939453,-0.923,1.475,0.007,,0.0,0.0,0.0,,,,,0.0,0.0,30.0,0.0001937000000005,0.000132999999991,3.06,65.0,36.5,2
75914,SO-1301,Constable Dinesh Panchal,Constable,59,2026-08-03 13:30:10+00:00,94.0,66.0,,21.2153462,72.9689086,29.700000762939453,0.165,0.094,-1.064,,0.0,0.0,0.0,,,,,0.0,0.0,30.0,0.0005147,0.0001166000000125,7.01,66.0,36.5,1
75917,SO-1301,Constable Dinesh Panchal,Constable,59,2026-08-03 13:30:40+00:00,90.0,75.0,,21.2152006,72.9688699,29.799999237060547,-0.709,0.123,0.619,,0.0,0.0,0.0,,,,,0.0,0.0,30.0,-0.0001455999999997,-3.870000000461005e-05,2.0,75.0,36.5,0
75920,SO-1301,Constable Dinesh Panchal,Constable,59,2026-08-03 13:31:10+00:00,99.0,87.0,,21.2153929,72.9688489,29.700000762939453,-0.873,-0.435,-0.22,,0.0,0.0,0.0,,,,,0.0,0.0,30.0,0.0001923000000019,-2.1000000003823516e-05,2.57,87.0,36.5,2
75923,SO-1301,Constable Dinesh Panchal,Constable,59,2026-08-03 13:31:40+00:00,93.0,88.0,,21.2153849,72.9687986,29.700000762939453,-0.908,-0.385,-0.22,,0.0,0.0,0.0,,,,,0.0,0.0,30.0,-8.000000001118224e-06,-5.029999999806023e-05,0.63,88.0,36.5,2
75926,SO-1301,Constable Dinesh Panchal,Constable,59,2026-08-03 13:32:10+00:00,100.0,87.0,,21.2148806,72.9685716,29.700000762939453,-0.893,0.122,0.384,,0.0,0.0,0.0,,,,,0.0,0.0,30.0,-0.0005042999999993,-0.0002269999999953,7.28,87.0,36.5,1
75929,SO-1301,Constable Dinesh Panchal,Constable,59,2026-08-03 13:32:40+00:00,96.0,88.0,,21.2153021,72.9688409,29.799999237060547,-0.969,0.129,-0.249,,0.0,0.0,0.0,,,,,0.0,0.0,30.0,0.000421499999998,0.0002692999999993,6.53,88.0,36.5,1
75932,SO-1301,Constable Dinesh Panchal,Constable,59,2026-08-03 13:33:10+00:00,97.0,86.0,,21.2153188,72.968852,29.700000762939453,-0.946,0.124,-0.319,,0.0,0.0,0.0,,,,,0.0,0.0,30.0,1.6699999999758575e-05,1.1099999994712562e-05,0.26,86.0,36.5,2
75935,SO-1301,Constable Dinesh Panchal,Constable,59,2026-08-03 13:33:40+00:00,94.0,86.0,,21.2148272,72.9685143,29.700000762939453,-0.848,0.55,-0.222,,0.0,0.0,0.0,,,,,0.0,0.0,30.0,-0.0004916000000001,-0.0003377000000028,7.78,86.0,36.5,1
75938,SO-1301,Constable Dinesh Panchal,Constable,59,2026-08-03 13:34:10+00:00,97.0,88.0,,21.2148473,72.9684997,29.799999237060547,-0.778,0.611,0.221,,0.0,0.0,0.0,,,,,0.0,0.0,30.0,2.0100000000411455e-05,-1.4600000000086766e-05,0.32,88.0,36.5,2
75941,SO-1301,Constable Dinesh Panchal,Constable,59,2026-08-03 13:34:40+00:00,93.0,87.0,,21.2148494,72.9687221,29.700000762939453,-0.995,0.052,-0.055,,0.0,0.0,0.0,,,,,0.0,0.0,30.0,2.099999999671809e-06,0.0002223999999984,2.76,87.0,36.5,2
75944,SO-1301,Constable Dinesh Panchal,Constable,59,2026-08-03 13:35:10+00:00,95.0,86.0,,21.2160184,72.9686875,29.700000762939453,-0.954,0.201,-0.023,,0.0,0.0,0.0,,,,,0.0,0.0,30.0,0.0011690000000008,-3.4599999992224184e-05,15.58,86.0,36.5,1
75947,SO-1301,Constable Dinesh Panchal,Constable,59,2026-08-03 13:35:40+00:00,88.0,87.0,,21.2147383,72.9686564,29.700000762939453,0.092,-0.783,0.525,,0.0,0.0,0.0,,,,,0.0,0.0,30.0,-0.0012800999999988,-3.1100000001060835e-05,17.06,87.0,36.5,1
75950,SO-1301,Constable Dinesh Panchal,Constable,59,2026-08-03 13:36:11+00:00,98.0,88.0,,21.2153692,72.968958,29.700000762939453,-0.975,0.033,-0.13,,0.0,0.0,0.0,,,,,0.0,0.0,31.0,0.0006309000000008,0.0003016000000002,8.9,88.0,36.5,1
75953,SO-1301,Constable Dinesh Panchal,Constable,59,2026-08-03 13:36:41+00:00,98.0,88.0,,21.214718,72.9686595,29.399999618530273,-0.703,-0.696,-0.286,,0.0,0.0,0.0,,,,,0.0,0.0,30.0,-0.0006512,-0.0002984999999995,9.43,88.0,36.5,1
75956,SO-1301,Constable Dinesh Panchal,Constable,59,2026-08-03 13:37:10+00:00,100.0,88.0,,21.2154327,72.9688072,29.799999237060547,-0.645,-0.699,-0.258,,0.0,0.0,0.0,,,,,0.0,0.0,29.0,0.0007146999999996,0.0001476999999994,10.03,88.0,36.5,1
75959,SO-1301,Constable Dinesh Panchal,Constable,59,2026-08-03 13:37:40+00:00,97.0,87.0,,21.2146359,72.9686525,29.399999618530273,-0.531,-0.85,-0.012,,0.0,0.0,0.0,,,,,0.0,0.0,30.0,-0.0007967999999998,-0.0001546999999959,10.79,87.0,36.5,1
75962,SO-1301,Constable Dinesh Panchal,Constable,59,2026-08-03 13:38:10+00:00,91.0,80.0,,21.2134177,72.9683625,31.7794636017468,-0.887,-0.341,-0.264,,0.0,0.0,0.0,,,,,0.0,0.0,30.0,-0.0012182000000002,-0.0002900000000067,16.62,80.0,36.5,1
75965,SO-1301,Constable Dinesh Panchal,Constable,59,2026-08-03 13:38:40+00:00,93.0,88.0,,21.210618,72.9681888,32.49599466266359,-0.834,-0.383,-0.277,,0.0,0.0,0.0,,,,,0.0,0.0,30.0,-0.0027997000000006,-0.0001737000000048,37.35,88.0,36.5,1
75968,SO-1301,Constable Dinesh Panchal,Constable,59,2026-08-03 13:39:10+00:00,99.0,88.0,,21.2107171,72.9681143,32.57084621903854,-1.074,1.097,-0.009,,0.0,0.0,0.0,,,,,0.0,0.0,30.0,9.90999999999076e-05,-7.449999999664669e-05,1.61,88.0,36.5,2
75971,SO-1301,Constable Dinesh Panchal,Constable,59,2026-08-03 13:39:40+00:00,97.0,88.0,,21.2106131,72.9681878,32.09900114847177,-0.974,-0.042,0.08,,0.0,0.0,0.0,,,,,0.0,0.0,30.0,-0.0001040000000003,7.349999999917145e-05,1.66,88.0,36.5,2
75974,SO-1301,Constable Dinesh Panchal,Constable,59,2026-08-03 13:40:10+00:00,82.0,86.0,,21.210627,72.967978,32.29593468712525,-0.377,-0.811,0.033,,0.0,0.0,0.0,,,,,0.0,0.0,30.0,1.3899999999011923e-05,-0.0002097999999932,2.61,86.0,36.5,0
75977,SO-1301,Constable Dinesh Panchal,Constable,59,2026-08-03 13:40:41+00:00,90.0,87.0,,21.210635,72.9680041,32.17389821288204,-0.562,-0.901,-0.017,,0.0,0.0,0.0,,,,,0.0,0.0,31.0,8.000000001118224e-06,2.6099999999473766e-05,0.33,87.0,36.5,0
75980,SO-1301,Constable Dinesh Panchal,Constable,59,2026-08-03 13:41:10+00:00,85.0,88.0,,21.2106418,72.9679854,32.13989855770333,-0.53,-0.871,-0.057,,0.0,0.0,0.0,,,,,0.0,0.0,29.0,6.8000000013057615e-06,-1.8699999998261777e-05,0.26,88.0,36.5,0
75983,SO-1301,Constable Dinesh Panchal,Constable,59,2026-08-03 13:41:40+00:00,88.0,86.0,,21.2106599,72.9680024,32.20903573896105,-0.97,0.065,0.132,,0.0,0.0,0.0,,,,,0.0,0.0,30.0,1.8099999998355543e-05,1.699999999971169e-05,0.32,86.0,36.5,0
75986,SO-1301,Constable Dinesh Panchal,Constable,59,2026-08-03 13:42:10+00:00,81.0,88.0,,21.2106532,72.9679992,32.367739098196495,-0.979,0.01,-0.058,,0.0,0.0,0.0,,,,,0.0,0.0,30.0,-6.700000000137152e-06,-3.2000000089738023e-06,0.1,88.0,36.5,0
75989,SO-1301,Constable Dinesh Panchal,Constable,59,2026-08-03 13:42:41+00:00,95.0,88.0,,21.2106212,72.9682028,30.299999237060547,-0.998,0.0,0.021,,0.0,0.0,0.0,,,,,0.0,0.0,31.0,-3.200000000092018e-05,0.000203600000006,2.48,88.0,36.5,2
75992,SO-1301,Constable Dinesh Panchal,Constable,59,2026-08-03 13:43:10+00:00,95.0,83.0,,21.2106549,72.9680169,32.061383599196205,-0.999,0.021,0.055,,0.0,0.0,0.0,,,,,0.0,0.0,29.0,3.370000000302298e-05,-0.0001859000000052,2.43,83.0,36.5,2
75995,SO-1301,Constable Dinesh Panchal,Constable,59,2026-08-03 13:43:40+00:00,98.0,86.0,,21.2106212,72.9682028,31.97394228179762,-0.657,-0.677,-0.381,,0.0,0.0,0.0,,,,,0.0,0.0,30.0,-3.370000000302298e-05,0.0001859000000052,2.35,86.0,36.5,2
75998,SO-1301,Constable Dinesh Panchal,Constable,59,2026-08-03 13:44:10+00:00,100.0,78.0,,21.2103163,72.967791,32.633979149572966,-1.032,-0.058,-0.395,,0.0,0.0,0.0,,,,,0.0,0.0,30.0,-0.0003048999999997,-0.0004117999999948,6.53,78.0,36.5,1
76001,SO-1301,Constable Dinesh Panchal,Constable,59,2026-08-03 13:44:40+00:00,99.0,87.0,,21.2106167,72.9681949,30.299999237060547,-0.109,-0.787,0.497,,0.0,0.0,0.0,,,,,0.0,0.0,30.0,0.0003004000000004,0.0004038999999949,6.42,87.0,36.5,1
76004,SO-1301,Constable Dinesh Panchal,Constable,59,2026-08-03 13:45:10+00:00,94.0,61.0,,21.2105989,72.9680716,30.299999237060547,-0.664,-0.055,-0.845,,0.0,0.0,0.0,,,,,0.0,0.0,30.0,-1.7799999998402427e-05,-0.0001232999999984,1.55,61.0,36.5,2
76007,SO-1301,Constable Dinesh Panchal,Constable,59,2026-08-03 13:45:40+00:00,99.0,66.0,,21.2105968,72.968076,30.299999237060547,-0.586,0.498,-0.001,,0.0,0.0,0.0,,,,,0.0,0.0,30.0,-2.099999999671809e-06,4.39999999457541e-06,0.06,66.0,36.5,2
76010,SO-1301,Constable Dinesh Panchal,Constable,59,2026-08-03 13:46:10+00:00,89.0,82.0,,21.2105947,72.9680799,30.299999237060547,-0.933,-0.358,0.018,,0.0,0.0,0.0,,,,,0.0,0.0,30.0,-2.099999999671809e-06,3.900000010048643e-06,0.06,82.0,36.5,0
76013,SO-1301,Constable Dinesh Panchal,Constable,59,2026-08-03 13:46:40+00:00,90.0,88.0,,21.2106913,72.9682233,30.299999237060547,-0.748,0.052,0.709,,0.0,0.0,0.0,,,,,0.0,0.0,30.0,9.659999999911406e-05,0.0001433999999989,2.2,88.0,36.5,0
76016,SO-1301,Constable Dinesh Panchal,Constable,59,2026-08-03 13:47:10+00:00,87.0,85.0,,21.2106525,72.9682229,30.299999237060547,-0.714,0.696,-0.023,,0.0,0.0,0.0,,,,,0.0,0.0,30.0,-3.880000000222594e-05,-4.0000000467443897e-07,0.52,85.0,36.5,0
76019,SO-1301,Constable Dinesh Panchal,Constable,59,2026-08-03 13:47:40+00:00,88.0,72.0,,21.2106478,72.9682182,30.299999237060547,-0.911,-0.393,-0.196,,0.0,0.0,0.0,,,,,0.0,0.0,30.0,-4.699999998081239e-06,-4.700000005186666e-06,0.09,72.0,36.5,0
76022,SO-1301,Constable Dinesh Panchal,Constable,59,2026-08-03 13:48:10+00:00,93.0,88.0,,21.2106464,72.9682321,30.299999237060547,-0.833,-0.013,-0.454,,0.0,0.0,0.0,,,,,0.0,0.0,30.0,-1.399999998596968e-06,1.3899999999011923e-05,0.17,88.0,36.5,2
76025,SO-1301,Constable Dinesh Panchal,Constable,59,2026-08-03 13:48:40+00:00,91.0,87.0,,21.2106421,72.9682147,30.299999237060547,-0.639,0.738,0.25,,0.0,0.0,0.0,,,,,0.0,0.0,30.0,-4.300000000512227e-06,-1.7399999990175274e-05,0.22,87.0,36.5,2
76028,SO-1301,Constable Dinesh Panchal,Constable,59,2026-08-03 13:49:10+00:00,89.0,78.0,,21.2106374,72.9682214,30.299999237060547,-0.898,-0.064,-0.551,,0.0,0.0,0.0,,,,,0.0,0.0,30.0,-4.700000001633953e-06,6.700000000137152e-06,0.1,78.0,36.5,0
76031,SO-1301,Constable Dinesh Panchal,Constable,59,2026-08-03 13:49:40+00:00,92.0,79.0,,21.2106354,72.9682085,30.299999237060547,-0.778,-0.437,-0.604,,0.0,0.0,0.0,,,,,0.0,0.0,30.0,-1.999999998503199e-06,-1.2900000001536682e-05,0.16,79.0,36.5,2
76034,SO-1301,Constable Dinesh Panchal,Constable,59,2026-08-03 13:50:10+00:00,86.0,88.0,,21.2106478,72.9682187,30.299999237060547,-0.927,-0.337,-0.129,,0.0,0.0,0.0,,,,,0.0,0.0,30.0,1.2399999999246347e-05,1.01999999913005e-05,0.21,88.0,36.5,0
76037,SO-1301,Constable Dinesh Panchal,Constable,59,2026-08-03 13:50:40+00:00,81.0,83.0,,21.2106415,72.9682115,30.299999237060547,-0.929,-0.346,-0.112,,0.0,0.0,0.0,,,,,0.0,0.0,30.0,-6.2999999990154265e-06,-7.199999998874773e-06,0.12,83.0,36.5,0
76040,SO-1301,Constable Dinesh Panchal,Constable,59,2026-08-03 13:51:10+00:00,81.0,83.0,,21.2106321,72.9682136,30.299999237060547,-0.922,-0.36,-0.109,,0.0,0.0,0.0,,,,,0.0,0.0,30.0,-9.399999999715192e-06,2.1000000032245225e-06,0.13,83.0,36.5,0
76043,SO-1301,Constable Dinesh Panchal,Constable,59,2026-08-03 13:51:40+00:00,88.0,88.0,,21.2106643,72.9681743,30.299999237060547,-0.901,-0.363,-0.119,,0.0,0.0,0.0,,,,,0.0,0.0,30.0,3.219999999970469e-05,-3.929999999741085e-05,0.65,88.0,36.5,0
76046,SO-1301,Constable Dinesh Panchal,Constable,59,2026-08-03 13:52:10+00:00,83.0,86.0,,21.2106318,72.9682032,30.299999237060547,-0.935,-0.37,-0.108,,0.0,0.0,0.0,,,,,0.0,0.0,30.0,-3.24999999996578e-05,2.890000000377313e-05,0.56,86.0,36.5,0
76049,SO-1301,Constable Dinesh Panchal,Constable,59,2026-08-03 13:52:39+00:00,84.0,88.0,,21.2105007,72.9681075,30.299999237060547,-0.896,-0.407,-0.193,,0.0,0.0,0.0,,,,,0.0,0.0,29.0,-0.0001311000000008,-9.570000000280744e-05,2.19,88.0,36.5,0
76052,SO-1301,Constable Dinesh Panchal,Constable,59,2026-08-03 13:53:10+00:00,82.0,87.0,,21.2106266,72.9681917,30.299999237060547,-0.843,-0.453,-0.298,,0.0,0.0,0.0,,,,,0.0,0.0,31.0,0.0001259000000004,8.420000000342043e-05,1.91,87.0,36.5,0
76055,SO-1301,Constable Dinesh Panchal,Constable,59,2026-08-03 13:53:40+00:00,82.0,77.0,,21.2106188,72.9681689,30.299999237060547,0.43,-0.638,0.592,,0.0,0.0,0.0,,,,,0.0,0.0,30.0,-7.800000002333718e-06,-2.2800000010647636e-05,0.3,77.0,36.5,0
76058,SO-1301,Constable Dinesh Panchal,Constable,59,2026-08-03 13:54:10+00:00,81.0,88.0,,21.2106833,72.9682988,30.299999237060547,-0.815,-0.486,-0.343,,0.0,0.0,0.0,,,,,0.0,0.0,30.0,6.450000000057798e-05,0.0001299000000045,1.83,88.0,36.5,0
76061,SO-1301,Constable Dinesh Panchal,Constable,59,2026-08-03 13:54:40+00:00,89.0,87.0,,21.2106592,72.9681953,30.299999237060547,-0.833,-0.487,-0.301,,0.0,0.0,0.0,,,,,0.0,0.0,30.0,-2.4100000000970567e-05,-0.0001034999999944,1.32,87.0,36.5,0
76064,SO-1301,Constable Dinesh Panchal,Constable,59,2026-08-03 13:55:10+00:00,82.0,65.0,,21.210715,72.9682387,30.299999237060547,-0.843,-0.479,-0.285,,0.0,0.0,0.0,,,,,0.0,0.0,30.0,5.580000000193763e-05,4.339999999558586e-05,0.92,65.0,36.5,0
76066,SO-1301,Constable Dinesh Panchal,Constable,59,2026-08-03 13:55:40+00:00,81.0,87.0,,21.2106517,72.9681922,30.299999237060547,-0.836,-0.489,-0.306,,0.0,0.0,0.0,,,,,0.0,0.0,30.0,-6.330000000076552e-05,-4.6499999996285624e-05,1.02,87.0,36.5,0
76070,SO-1301,Constable Dinesh Panchal,Constable,59,2026-08-03 13:56:10+00:00,80.0,86.0,,21.2106743,72.9681923,30.299999237060547,-0.856,-0.477,-0.273,,0.0,0.0,0.0,,,,,0.0,0.0,30.0,2.260000000120499e-05,9.999999406318238e-08,0.3,86.0,36.5,0
76072,SO-1301,Constable Dinesh Panchal,Constable,59,2026-08-03 13:56:40+00:00,97.0,88.0,,21.21052,72.9681373,30.299999237060547,-1.012,-0.242,-0.165,,0.0,0.0,0.0,,,,,0.0,0.0,30.0,-0.0001543000000019,-5.5000000003246896e-05,2.17,88.0,36.5,2
76075,SO-1301,Constable Dinesh Panchal,Constable,59,2026-08-03 13:57:10+00:00,97.0,87.0,,21.2106291,72.9681839,30.299999237060547,-0.519,-0.827,0.159,,0.0,0.0,0.0,,,,,0.0,0.0,30.0,0.0001090999999995,4.660000000455966e-05,1.56,87.0,36.5,2
76078,SO-1301,Constable Dinesh Panchal,Constable,59,2026-08-03 13:57:40+00:00,100.0,88.0,,21.2106506,72.9682267,30.299999237060547,-1.341,-0.409,-0.483,,0.0,0.0,0.0,,,,,0.0,0.0,30.0,2.1500000002561137e-05,4.2800000002785055e-05,0.6,88.0,36.5,2
76081,SO-1301,Constable Dinesh Panchal,Constable,59,2026-08-03 13:58:10+00:00,83.0,88.0,,21.2105918,72.9681697,30.299999237060547,-0.819,-0.495,-0.336,,0.0,0.0,0.0,,,,,0.0,0.0,30.0,-5.880000000146879e-05,-5.699999999819738e-05,1.06,88.0,36.5,0
76083,SO-1301,Constable Dinesh Panchal,Constable,59,2026-08-03 13:58:40+00:00,81.0,87.0,,21.2107134,72.9681676,30.299999237060547,-0.799,-0.533,-0.326,,0.0,0.0,0.0,,,,,0.0,0.0,30.0,0.0001215999999999,-2.1000000032245225e-06,1.62,87.0,36.5,0
76085,SO-1301,Constable Dinesh Panchal,Constable,59,2026-08-03 13:59:10+00:00,80.0,79.0,,21.2105337,72.9681415,30.299999237060547,-0.788,-0.535,-0.323,,0.0,0.0,0.0,,,,,0.0,0.0,30.0,-0.0001797000000003,-2.6099999999473766e-05,2.42,79.0,36.5,0
76087,SO-1301,Constable Dinesh Panchal,Constable,59,2026-08-03 13:59:40+00:00,81.0,87.0,,21.2106462,72.9681851,30.299999237060547,-0.777,-0.551,-0.343,,0.0,0.0,0.0,,,,,0.0,0.0,30.0,0.0001125000000001,4.359999999792308e-05,1.59,87.0,36.5,0
76089,SO-1301,Constable Dinesh Panchal,Constable,59,2026-08-03 14:00:10+00:00,85.0,87.0,,21.2105428,72.9681114,30.299999237060547,0.696,0.713,0.189,,0.0,0.0,0.0,,,,,0.0,0.0,30.0,-0.0001034000000004,-7.370000000150867e-05,1.65,87.0,36.5,0
76091,SO-1301,Constable Dinesh Panchal,Constable,59,2026-08-03 14:00:40+00:00,90.0,88.0,,21.2106644,72.9681976,30.299999237060547,-0.894,-0.179,0.365,,0.0,0.0,0.0,,,,,0.0,0.0,30.0,0.0001215999999999,8.619999999837091e-05,1.94,88.0,36.5,0
76093,SO-1301,Constable Dinesh Panchal,Constable,59,2026-08-03 14:01:10+00:00,94.0,86.0,,21.2106821,72.9682471,30.299999237060547,-0.886,-0.418,0.102,,0.0,0.0,0.0,,,,,0.0,0.0,30.0,1.770000000078653e-05,4.9500000002922206e-05,0.66,86.0,36.5,2
76095,SO-1301,Constable Dinesh Panchal,Constable,59,2026-08-03 14:01:40+00:00,90.0,88.0,,21.2101835,72.967639,30.299999237060547,0.728,0.591,0.355,,0.0,0.0,0.0,,,,,0.0,0.0,30.0,-0.0004986000000002,-0.0006080999999937,10.06,88.0,36.5,1
76097,SO-1301,Constable Dinesh Panchal,Constable,59,2026-08-03 14:02:10+00:00,91.0,85.0,,21.2106447,72.9681888,30.299999237060547,-0.877,-0.468,-0.051,,0.0,0.0,0.0,,,,,0.0,0.0,30.0,0.0004612000000001,0.0005497999999874,9.18,85.0,36.5,1
76099,SO-1301,Constable Dinesh Panchal,Constable,59,2026-08-03 14:02:41+00:00,86.0,72.0,,21.2106406,72.968213,30.299999237060547,-0.903,-0.461,-0.168,,0.0,0.0,0.0,,,,,0.0,0.0,31.0,-4.099999998175008e-06,2.420000001279732e-05,0.3,72.0,36.5,0
76101,SO-1301,Constable Dinesh Panchal,Constable,59,2026-08-03 14:03:10+00:00,94.0,87.0,,21.2107351,72.9682369,30.299999237060547,-0.808,-0.52,-0.333,,0.0,0.0,0.0,,,,,0.0,0.0,29.0,9.449999999944224e-05,2.3899999987975207e-05,1.34,87.0,36.5,2
76103,SO-1301,Constable Dinesh Panchal,Constable,59,2026-08-03 14:03:40+00:00,90.0,83.0,,21.2104867,72.9681749,30.299999237060547,0.941,0.336,0.021,,0.0,0.0,0.0,,,,,0.0,0.0,30.0,-0.0002484000000002,-6.199999999978445e-05,3.4,83.0,36.5,0
76105,SO-1301,Constable Dinesh Panchal,Constable,59,2026-08-03 14:04:10+00:00,93.0,81.0,,21.210484,72.9681696,30.299999237060547,0.794,0.642,0.248,,0.0,0.0,0.0,,,,,0.0,0.0,30.0,-2.69999999957804e-06,-5.29999999798747e-06,0.07,81.0,36.5,2
76107,SO-1301,Constable Dinesh Panchal,Constable,59,2026-08-03 14:04:40+00:00,95.0,87.0,,21.2105015,72.9681628,30.299999237060547,-0.745,-0.4,0.381,,0.0,0.0,0.0,,,,,0.0,0.0,30.0,1.749999999844931e-05,-6.799999994200334e-06,0.25,87.0,36.5,2
76109,SO-1301,Constable Dinesh Panchal,Constable,59,2026-08-03 14:05:10+00:00,86.0,88.0,,21.2106427,72.9681842,30.299999237060547,-0.959,-0.794,0.168,,0.0,0.0,0.0,,,,,0.0,0.0,30.0,0.0001412000000016,2.13999999942871e-05,1.9,88.0,36.5,0
76111,SO-1301,Constable Dinesh Panchal,Constable,59,2026-08-03 14:05:40+00:00,97.0,79.0,,21.2106329,72.9681931,30.299999237060547,-0.778,-0.438,0.388,,0.0,0.0,0.0,,,,,0.0,0.0,30.0,-9.800000000836915e-06,8.899999997424857e-06,0.17,79.0,36.5,2
76113,SO-1301,Constable Dinesh Panchal,Constable,59,2026-08-03 14:06:10+00:00,84.0,88.0,,21.2106501,72.9681978,30.299999237060547,0.847,0.418,-0.141,,0.0,0.0,0.0,,,,,0.0,0.0,30.0,1.7199999998496196e-05,4.700000005186666e-06,0.24,88.0,36.5,0
76115,SO-1301,Constable Dinesh Panchal,Constable,59,2026-08-03 14:06:40+00:00,94.0,70.0,,21.210618,72.9681848,30.299999237060547,-0.797,-0.572,0.053,,0.0,0.0,0.0,,,,,0.0,0.0,30.0,-3.209999999853608e-05,-1.2999999995599865e-05,0.46,70.0,36.5,2
76117,SO-1301,Constable Dinesh Panchal,Constable,59,2026-08-03 14:07:10+00:00,89.0,88.0,,21.2106235,72.9681946,30.299999237060547,-0.95,-0.438,0.227,,0.0,0.0,0.0,,,,,0.0,0.0,30.0,5.50000000032469e-06,9.800000000836915e-06,0.14,88.0,36.5,0
76119,SO-1301,Constable Dinesh Panchal,Constable,59,2026-08-03 14:07:40+00:00,81.0,88.0,,21.2105279,72.9681753,30.299999237060547,-0.791,-0.55,-0.316,,0.0,0.0,0.0,,,,,0.0,0.0,30.0,-9.560000000163882e-05,-1.9300000005273432e-05,1.3,88.0,36.5,0
76121,SO-1301,Constable Dinesh Panchal,Constable,59,2026-08-03 14:08:10+00:00,91.0,82.0,,21.210741,72.9681948,30.299999237060547,-0.866,-0.562,-0.296,,0.0,0.0,0.0,,,,,0.0,0.0,30.0,0.0002130999999998,1.950000000761065e-05,2.85,82.0,36.5,2
76123,SO-1301,Constable Dinesh Panchal,Constable,59,2026-08-03 14:08:40+00:00,88.0,84.0,,21.2106355,72.9682106,30.299999237060547,0.852,0.545,0.164,,0.0,0.0,0.0,,,,,0.0,0.0,30.0,-0.0001055,1.5799999999899228e-05,1.42,84.0,36.5,0
76125,SO-1301,Constable Dinesh Panchal,Constable,59,2026-08-03 14:09:10+00:00,88.0,85.0,,21.2107036,72.9682278,30.299999237060547,-0.881,-0.456,0.071,,0.0,0.0,0.0,,,,,0.0,0.0,30.0,6.810000000001537e-05,1.7199999987838055e-05,0.93,85.0,36.5,0
76127,SO-1301,Constable Dinesh Panchal,Constable,59,2026-08-03 14:09:40+00:00,93.0,86.0,,21.2105369,72.9681418,30.299999237060547,-0.726,-0.781,-0.802,,0.0,0.0,0.0,,,,,0.0,0.0,30.0,-0.0001666999999976,-8.59999999960337e-05,2.46,86.0,36.5,2
76129,SO-1301,Constable Dinesh Panchal,Constable,59,2026-08-03 14:10:09+00:00,87.0,87.0,,21.2105212,72.9681809,30.299999237060547,-0.766,-0.58,-0.516,,0.0,0.0,0.0,,,,,0.0,0.0,29.0,-1.5700000002283332e-05,3.909999999507363e-05,0.55,87.0,36.5,0
76131,SO-1301,Constable Dinesh Panchal,Constable,59,2026-08-03 14:10:40+00:00,90.0,88.0,,21.2106967,72.9681884,30.299999237060547,-0.843,-0.539,-0.11,,0.0,0.0,0.0,,,,,0.0,0.0,31.0,0.0001755000000009,7.50000000948603e-06,2.26,88.0,36.5,0
76133,SO-1301,Constable Dinesh Panchal,Constable,59,2026-08-03 14:11:10+00:00,84.0,84.0,,21.2105737,72.9681452,30.299999237060547,-0.843,-0.533,-0.129,,0.0,0.0,0.0,,,,,0.0,0.0,30.0,-0.0001229999999985,-4.3200000007459494e-05,1.72,84.0,36.5,0
76135,SO-1301,Constable Dinesh Panchal,Constable,59,2026-08-03 14:11:40+00:00,86.0,76.0,,21.2107118,72.9682354,30.299999237060547,-0.838,-0.525,-0.151,,0.0,0.0,0.0,,,,,0.0,0.0,30.0,0.0001380999999973,9.020000000248274e-05,2.15,76.0,36.5,0
76137,SO-1301,Constable Dinesh Panchal,Constable,59,2026-08-03 14:12:10+00:00,82.0,88.0,,21.2102268,72.9674674,30.299999237060547,0.236,-0.812,0.505,,0.0,0.0,0.0,,,,,0.0,0.0,30.0,-0.0004849999999976,-0.0007679999999936,11.52,88.0,36.5,1
76139,SO-1301,Constable Dinesh Panchal,Constable,59,2026-08-03 14:12:40+00:00,85.0,88.0,,21.2106074,72.9681988,30.299999237060547,-0.702,0.374,-0.804,,0.0,0.0,0.0,,,,,0.0,0.0,30.0,0.0003805999999997,0.0007313999999922,10.4,88.0,36.5,1
76141,SO-1301,Constable Dinesh Panchal,Constable,59,2026-08-03 14:13:10+00:00,86.0,87.0,,21.2106167,72.9681902,30.299999237060547,-0.648,-0.768,0.297,,0.0,0.0,0.0,,,,,0.0,0.0,30.0,9.299999998546582e-06,-8.600000001024455e-06,0.16,87.0,36.5,0
76143,SO-1301,Constable Dinesh Panchal,Constable,59,2026-08-03 14:13:40+00:00,83.0,82.0,,21.2106411,72.9680875,30.299999237060547,-0.695,-0.622,0.237,,0.0,0.0,0.0,,,,,0.0,0.0,30.0,2.4400000000923683e-05,-0.0001026999999993,1.32,82.0,36.5,0
76145,SO-1301,Constable Dinesh Panchal,Constable,59,2026-08-03 14:14:10+00:00,88.0,73.0,,21.2106151,72.9681974,30.299999237060547,-0.589,0.797,-0.032,,0.0,0.0,0.0,,,,,0.0,0.0,30.0,-2.600000000185787e-05,0.0001098999999982,1.41,73.0,36.5,0
76147,SO-1301,Constable Dinesh Panchal,Constable,59,2026-08-03 14:14:40+00:00,94.0,87.0,,21.2106254,72.968197,30.299999237060547,-0.716,-0.602,-0.077,,0.0,0.0,0.0,,,,,0.0,0.0,30.0,1.0300000003127252e-05,-3.9999999046358425e-07,0.14,87.0,36.5,2
76149,SO-1301,Constable Dinesh Panchal,Constable,59,2026-08-03 14:15:10+00:00,89.0,85.0,,21.2106154,72.9681969,30.299999237060547,-0.546,0.842,-0.017,,0.0,0.0,0.0,,,,,0.0,0.0,30.0,-1.0000000003174137e-05,-1.000000082740371e-07,0.13,85.0,36.5,0
76151,SO-1301,Constable Dinesh Panchal,Constable,59,2026-08-03 14:15:40+00:00,86.0,64.0,,21.2106144,72.9681955,30.299999237060547,-0.499,-0.521,-0.137,,0.0,0.0,0.0,,,,,0.0,0.0,30.0,-9.999999974752427e-07,-1.4000000021496817e-06,0.02,64.0,36.5,0
76153,SO-1301,Constable Dinesh Panchal,Constable,59,2026-08-03 14:16:10+00:00,81.0,88.0,,21.2106193,72.9681925,30.299999237060547,-0.553,0.822,-0.007,,0.0,0.0,0.0,,,,,0.0,0.0,30.0,4.9000000004184585e-06,-2.999999992425728e-06,0.08,88.0,36.5,0
76155,SO-1301,Constable Dinesh Panchal,Constable,59,2026-08-03 14:16:40+00:00,95.0,81.0,,21.2106208,72.9681935,30.299999237060547,-0.728,-0.36,-0.564,,0.0,0.0,0.0,,,,,0.0,0.0,30.0,1.4999999997655775e-06,9.999999974752427e-07,0.02,81.0,36.5,2
76157,SO-1301,Constable Dinesh Panchal,Constable,59,2026-08-03 14:17:10+00:00,83.0,84.0,,21.2106213,72.9680828,30.299999237060547,-0.51,0.846,0.051,,0.0,0.0,0.0,,,,,0.0,0.0,30.0,4.999999987376214e-07,-0.0001106999999933,1.37,84.0,36.5,0
76159,SO-1301,Constable Dinesh Panchal,Constable,59,2026-08-03 14:17:40+00:00,90.0,87.0,,21.2106125,72.9680729,30.299999237060547,-0.49,0.869,0.043,,0.0,0.0,0.0,,,,,0.0,0.0,30.0,-8.79999999980896e-06,-9.900000009110954e-06,0.17,87.0,36.5,0
76161,SO-1301,Constable Dinesh Panchal,Constable,59,2026-08-03 14:18:10+00:00,84.0,88.0,,21.2106139,72.9680738,30.299999237060547,-0.441,-0.764,0.217,,0.0,0.0,0.0,,,,,0.0,0.0,30.0,1.399999998596968e-06,9.000000034120603e-07,0.02,88.0,36.5,0
76164,SO-1301,Constable Dinesh Panchal,Constable,59,2026-08-03 14:18:42+00:00,81.0,84.0,,21.210614,72.9681962,30.299999237060547,-0.71,-0.282,-0.658,,0.0,0.0,0.0,,,,,0.0,0.0,32.0,1.0000000116860974e-07,0.000122399999995,1.42,84.0,36.5,0
76165,SO-1301,Constable Dinesh Panchal,Constable,59,2026-08-03 14:19:10+00:00,82.0,79.0,,21.2106125,72.9680758,30.299999237060547,-1.168,0.474,0.003,,0.0,0.0,0.0,,,,,0.0,0.0,28.0,-1.4999999997655775e-06,-0.0001204000000001,1.6,79.0,36.5,0
76167,SO-1301,Constable Dinesh Panchal,Constable,59,2026-08-03 14:19:40+00:00,100.0,86.0,,21.2106045,72.9681934,30.299999237060547,-1.08,-0.111,0.043,,0.0,0.0,0.0,,,,,0.0,0.0,30.0,-8.000000001118224e-06,0.00011760000001,1.46,86.0,36.5,2
76169,SO-1301,Constable Dinesh Panchal,Constable,59,2026-08-03 14:20:10+00:00,80.0,87.0,,21.2107039,72.9682296,30.299999237060547,-0.807,-0.433,-0.416,,0.0,0.0,0.0,,,,,0.0,0.0,30.0,9.939999999986072e-05,3.6199999996711085e-05,1.4,87.0,36.5,0
76171,SO-1301,Constable Dinesh Panchal,Constable,59,2026-08-03 14:20:40+00:00,85.0,88.0,,21.2106987,72.9681823,30.299999237060547,-0.914,-0.229,-0.37,,0.0,0.0,0.0,,,,,0.0,0.0,30.0,-5.200000000371574e-06,-4.73000000056345e-05,0.59,88.0,36.5,0
76173,SO-1301,Constable Dinesh Panchal,Constable,59,2026-08-03 14:21:09+00:00,85.0,87.0,,21.210602,72.9680815,30.299999237060547,-0.783,-0.34,0.474,,0.0,0.0,0.0,,,,,0.0,0.0,29.0,-9.669999999672996e-05,-0.0001007999999984,1.86,87.0,36.5,0
76175,SO-1301,Constable Dinesh Panchal,Constable,59,2026-08-03 14:21:40+00:00,84.0,87.0,,21.2105812,72.9681002,30.299999237060547,1.028,0.07,0.013,,0.0,0.0,0.0,,,,,0.0,0.0,31.0,-2.0800000001486296e-05,1.8699999998261777e-05,0.35,87.0,36.5,0
76177,SO-1301,Constable Dinesh Panchal,Constable,59,2026-08-03 14:22:10+00:00,100.0,88.0,,21.2105819,72.9681014,30.299999237060547,0.65,-0.134,0.708,,0.0,0.0,0.0,,,,,0.0,0.0,30.0,7.000000010748408e-07,1.1999999998124622e-06,0.02,88.0,36.5,2
76179,SO-1301,Constable Dinesh Panchal,Constable,59,2026-08-03 14:22:39+00:00,91.0,88.0,,21.2105786,72.9681026,30.299999237060547,-0.836,-0.378,-0.431,,0.0,0.0,0.0,,,,,0.0,0.0,29.0,-3.299999999484271e-06,1.1999999998124622e-06,0.05,88.0,36.5,2
76181,SO-1301,Constable Dinesh Panchal,Constable,59,2026-08-03 14:23:10+00:00,83.0,83.0,,21.2106695,72.9681929,30.299999237060547,-0.721,-0.361,0.463,,0.0,0.0,0.0,,,,,0.0,0.0,31.0,9.090000000000488e-05,9.030000001075678e-05,1.6,83.0,36.5,0
76183,SO-1301,Constable Dinesh Panchal,Constable,59,2026-08-03 14:23:40+00:00,89.0,87.0,,21.2106636,72.9682327,30.299999237060547,-0.929,-0.159,0.131,,0.0,0.0,0.0,,,,,0.0,0.0,30.0,-5.900000001446415e-06,3.979999999614847e-05,0.5,87.0,36.5,0
76185,SO-1301,Constable Dinesh Panchal,Constable,59,2026-08-03 14:24:10+00:00,85.0,70.0,,21.2106545,72.9682285,30.299999237060547,-0.768,-0.085,0.586,,0.0,0.0,0.0,,,,,0.0,0.0,30.0,-9.099999999762076e-06,-4.200000006449045e-06,0.13,70.0,36.5,0
76187,SO-1301,Constable Dinesh Panchal,Constable,59,2026-08-03 14:24:40+00:00,85.0,86.0,,21.2106893,72.9682133,30.299999237060547,-0.59,0.19,0.754,,0.0,0.0,0.0,,,,,0.0,0.0,30.0,3.479999999811412e-05,-1.519999999288757e-05,0.5,86.0,36.5,0
76189,SO-1301,Constable Dinesh Panchal,Constable,59,2026-08-03 14:25:10+00:00,99.0,85.0,,21.2106882,72.9682735,30.299999237060547,0.782,-0.115,0.591,,0.0,0.0,0.0,,,,,0.0,0.0,30.0,-1.0999999986438525e-06,6.019999999296033e-05,0.75,85.0,36.5,2
76191,SO-1301,Constable Dinesh Panchal,Constable,59,2026-08-03 14:25:40+00:00,99.0,87.0,,21.210673,72.9682158,30.299999237060547,-0.742,-0.401,0.505,,0.0,0.0,0.0,,,,,0.0,0.0,30.0,-1.5199999999992995e-05,-5.769999999927222e-05,0.74,87.0,36.5,2
76193,SO-1301,Constable Dinesh Panchal,Constable,59,2026-08-03 14:26:10+00:00,100.0,88.0,,21.210642,72.9682126,30.299999237060547,0.894,0.613,0.069,,0.0,0.0,0.0,,,,,0.0,0.0,30.0,-3.0999999999892225e-05,-3.1999999947629476e-06,0.41,88.0,36.5,2
76195,SO-1301,Constable Dinesh Panchal,Constable,59,2026-08-03 14:26:40+00:00,99.0,87.0,,21.2106192,72.9681924,30.299999237060547,-0.61,0.071,-0.032,,0.0,0.0,0.0,,,,,0.0,0.0,30.0,-2.2799999999989495e-05,-2.019999999447464e-05,0.39,87.0,36.5,2
76197,SO-1301,Constable Dinesh Panchal,Constable,59,2026-08-03 14:27:10+00:00,100.0,83.0,,21.2106283,72.9681925,30.299999237060547,-0.759,0.294,0.53,,0.0,0.0,0.0,,,,,0.0,0.0,30.0,9.099999999762076e-06,9.999999406318238e-08,0.12,83.0,36.5,2
76199,SO-1301,Constable Dinesh Panchal,Constable,59,2026-08-03 14:27:39+00:00,88.0,88.0,,21.2105386,72.9681918,30.299999237060547,-1.001,-0.006,-0.129,,0.0,0.0,0.0,,,,,0.0,0.0,29.0,-8.97000000001924e-05,-7.000000010748408e-07,1.24,88.0,36.5,0
76201,SO-1301,Constable Dinesh Panchal,Constable,59,2026-08-03 14:28:10+00:00,91.0,84.0,,21.2106703,72.9681902,30.299999237060547,-0.89,0.114,-0.492,,0.0,0.0,0.0,,,,,0.0,0.0,31.0,0.0001317000000007,-1.6000000044869012e-06,1.7,84.0,36.5,2
76203,SO-1301,Constable Dinesh Panchal,Constable,59,2026-08-03 14:28:40+00:00,93.0,72.0,,21.2106533,72.9681928,30.299999237060547,-0.071,0.781,0.574,,0.0,0.0,0.0,,,,,0.0,0.0,30.0,-1.699999999971169e-05,2.600000001962144e-06,0.23,72.0,36.5,2
76205,SO-1301,Constable Dinesh Panchal,Constable,59,2026-08-03 14:29:10+00:00,88.0,88.0,,21.2106176,72.9681935,30.299999237060547,-1.001,-0.049,-0.219,,0.0,0.0,0.0,,,,,0.0,0.0,30.0,-3.570000000152618e-05,7.000000010748408e-07,0.48,88.0,36.5,0
76207,SO-1301,Constable Dinesh Panchal,Constable,59,2026-08-03 14:29:40+00:00,100.0,88.0,,21.2106632,72.968193,30.299999237060547,-0.992,-0.086,-0.135,,0.0,0.0,0.0,,,,,0.0,0.0,30.0,4.559999999997899e-05,-4.999999987376214e-07,0.61,88.0,36.5,2
76209,SO-1301,Constable Dinesh Panchal,Constable,59,2026-08-03 14:30:10+00:00,96.0,88.0,,21.2106066,72.9681998,30.299999237060547,-0.988,-0.082,-0.174,,0.0,0.0,0.0,,,,,0.0,0.0,30.0,-5.660000000062837e-05,6.799999994200334e-06,0.76,88.0,36.5,2
76211,SO-1301,Constable Dinesh Panchal,Constable,59,2026-08-03 14:30:40+00:00,99.0,78.0,,21.2106043,72.9682053,30.299999237060547,-0.975,-0.123,-0.153,,0.0,0.0,0.0,,,,,0.0,0.0,30.0,-2.2999999984563142e-06,5.50000000032469e-06,0.07,78.0,36.5,2
76213,SO-1301,Constable Dinesh Panchal,Constable,59,2026-08-03 14:31:10+00:00,89.0,88.0,,21.2106907,72.9681944,30.299999237060547,-0.988,-0.119,-0.077,,0.0,0.0,0.0,,,,,0.0,0.0,30.0,8.640000000070813e-05,-1.0899999992375342e-05,1.16,88.0,36.5,0
76215,SO-1301,Constable Dinesh Panchal,Constable,59,2026-08-03 14:31:40+00:00,96.0,87.0,,21.2106328,72.9682054,30.299999237060547,-0.941,-0.008,0.309,,0.0,0.0,0.0,,,,,0.0,0.0,30.0,-5.790000000160944e-05,1.100000000064938e-05,0.78,87.0,36.5,2
76217,SO-1301,Constable Dinesh Panchal,Constable,59,2026-08-03 14:32:10+00:00,100.0,88.0,,21.2104957,72.9681941,30.299999237060547,-1.011,-0.045,-0.15,,0.0,0.0,0.0,,,,,0.0,0.0,30.0,-0.0001370999999998,-1.129999999704978e-05,1.83,88.0,36.5,2
76219,SO-1301,Constable Dinesh Panchal,Constable,59,2026-08-03 14:32:40+00:00,95.0,84.0,,21.2106024,72.968198,30.299999237060547,-0.472,-0.127,0.855,,0.0,0.0,0.0,,,,,0.0,0.0,30.0,0.0001066999999999,3.8999999958377884e-06,1.42,84.0,36.5,2
76221,SO-1301,Constable Dinesh Panchal,Constable,59,2026-08-03 14:33:10+00:00,82.0,71.0,,21.2106457,72.9682189,30.299999237060547,-0.801,-0.481,0.765,,0.0,0.0,0.0,,,,,0.0,0.0,30.0,4.330000000152267e-05,2.089999999554948e-05,0.63,71.0,36.5,0
76223,SO-1301,Constable Dinesh Panchal,Constable,59,2026-08-03 14:33:40+00:00,88.0,85.0,,21.2106356,72.9682104,30.299999237060547,-0.783,0.201,-0.63,,0.0,0.0,0.0,,,,,0.0,0.0,30.0,-1.0100000000790033e-05,-8.499999992750418e-06,0.17,85.0,36.5,0
76225,SO-1301,Constable Dinesh Panchal,Constable,59,2026-08-03 14:34:10+00:00,89.0,88.0,,21.2106423,72.9682156,30.299999237060547,-0.617,-0.72,0.151,,0.0,0.0,0.0,,,,,0.0,0.0,30.0,6.700000000137152e-06,5.199999989713433e-06,0.11,88.0,36.5,0
76227,SO-1301,Constable Dinesh Panchal,Constable,59,2026-08-03 14:34:40+00:00,87.0,87.0,,21.2106298,72.9681951,30.299999237060547,-0.879,-0.275,-0.451,,0.0,0.0,0.0,,,,,0.0,0.0,30.0,-1.2500000000414955e-05,-2.049999999087504e-05,0.3,87.0,36.5,0
76229,SO-1301,Constable Dinesh Panchal,Constable,59,2026-08-03 14:35:11+00:00,89.0,88.0,,21.2106379,72.9682094,30.299999237060547,-0.85,-0.169,-0.523,,0.0,0.0,0.0,,,,,0.0,0.0,31.0,8.09999999873412e-06,1.4300000003686364e-05,0.2,88.0,36.5,0
76231,SO-1301,Constable Dinesh Panchal,Constable,59,2026-08-03 14:35:40+00:00,93.0,88.0,,21.2104769,72.9681774,30.299999237060547,-0.988,-0.005,-0.094,,0.0,0.0,0.0,,,,,0.0,0.0,29.0,-0.0001609999999985,-3.2000000004472895e-05,2.26,88.0,36.5,2
76233,SO-1301,Constable Dinesh Panchal,Constable,59,2026-08-03 14:36:10+00:00,82.0,88.0,,21.2106574,72.9682408,30.299999237060547,-0.496,0.655,-0.619,,0.0,0.0,0.0,,,,,0.0,0.0,30.0,0.000180499999999,6.340000000193413e-05,2.53,88.0,36.5,0
76235,SO-1301,Constable Dinesh Panchal,Constable,59,2026-08-03 14:36:40+00:00,97.0,81.0,,21.2106133,72.9682019,30.299999237060547,-0.447,0.314,-0.9,,0.0,0.0,0.0,,,,,0.0,0.0,30.0,-4.410000000021341e-05,-3.8900000006947266e-05,0.76,81.0,36.5,2
76237,SO-1301,Constable Dinesh Panchal,Constable,59,2026-08-03 14:37:10+00:00,91.0,88.0,,21.2106254,72.9681995,30.299999237060547,-0.312,0.462,-0.875,,0.0,0.0,0.0,,,,,0.0,0.0,30.0,1.2100000002845944e-05,-2.3999999996249244e-06,0.16,88.0,36.5,2
76239,SO-1301,Constable Dinesh Panchal,Constable,59,2026-08-03 14:37:39+00:00,99.0,87.0,,21.2105381,72.9681991,30.299999237060547,-0.372,0.06,-0.976,,0.0,0.0,0.0,,,,,0.0,0.0,29.0,-8.730000000056748e-05,-3.9999999046358425e-07,1.2,87.0,36.5,2
76241,SO-1301,Constable Dinesh Panchal,Constable,59,2026-08-03 14:38:10+00:00,89.0,84.0,,21.2106364,72.9682075,30.299999237060547,-0.564,0.196,-0.916,,0.0,0.0,0.0,,,,,0.0,0.0,31.0,9.829999999766414e-05,8.399999998687235e-06,1.27,84.0,36.5,0
76243,SO-1301,Constable Dinesh Panchal,Constable,59,2026-08-03 14:38:40+00:00,81.0,88.0,,21.210647,72.9681951,30.299999237060547,-0.856,0.249,-0.506,,0.0,0.0,0.0,,,,,0.0,0.0,30.0,1.0600000003080368e-05,-1.240000000279906e-05,0.21,88.0,36.5,0
76245,SO-1301,Constable Dinesh Panchal,Constable,59,2026-08-03 14:39:10+00:00,89.0,84.0,,21.2105429,72.9682001,30.299999237060547,-0.866,0.31,-0.49,,0.0,0.0,0.0,,,,,0.0,0.0,30.0,-0.0001041000000014,5.000000001587068e-06,1.39,84.0,36.5,0
76247,SO-1301,Constable Dinesh Panchal,Constable,59,2026-08-03 14:39:40+00:00,89.0,88.0,,21.2106278,72.9682072,30.299999237060547,-0.874,0.257,-0.472,,0.0,0.0,0.0,,,,,0.0,0.0,30.0,8.490000000094255e-05,7.099999990600736e-06,1.13,88.0,36.5,0
76249,SO-1301,Constable Dinesh Panchal,Constable,59,2026-08-03 14:40:10+00:00,100.0,84.0,,21.210623,72.9681998,30.299999237060547,0.147,-0.665,0.561,,0.0,0.0,0.0,,,,,0.0,0.0,30.0,-4.8000000028025624e-06,-7.400000001211993e-06,0.11,84.0,36.5,2
76251,SO-1301,Constable Dinesh Panchal,Constable,59,2026-08-03 14:40:40+00:00,97.0,80.0,,21.2106261,72.9682108,30.299999237060547,-0.999,-0.159,-0.242,,0.0,0.0,0.0,,,,,0.0,0.0,30.0,3.1000000006997652e-06,1.100000000064938e-05,0.14,80.0,36.5,2
76253,SO-1301,Constable Dinesh Panchal,Constable,59,2026-08-03 14:41:10+00:00,89.0,83.0,,21.2106133,72.9681936,30.299999237060547,-0.4,0.929,0.156,,0.0,0.0,0.0,,,,,0.0,0.0,30.0,-1.2800000000368073e-05,-1.7199999987838055e-05,0.27,83.0,36.5,0
76255,SO-1301,Constable Dinesh Panchal,Constable,59,2026-08-03 14:41:40+00:00,96.0,87.0,,21.2106145,72.9681978,31.970732449656595,-0.983,0.001,-0.731,,0.0,0.0,0.0,,,,,0.0,0.0,30.0,1.1999999998124622e-06,4.19999999223819e-06,0.05,87.0,36.5,2
76257,SO-1301,Constable Dinesh Panchal,Constable,59,2026-08-03 14:42:10+00:00,100.0,88.0,,21.2106318,72.9682072,32.014214010800046,-0.796,-0.364,-0.47,,0.0,0.0,0.0,,,,,0.0,0.0,30.0,1.730000000321752e-05,9.399999996162478e-06,0.26,88.0,36.5,2
76259,SO-1301,Constable Dinesh Panchal,Constable,59,2026-08-03 14:42:40+00:00,97.0,87.0,,21.210619,72.9681945,30.299999237060547,-0.466,-0.141,-0.735,,0.0,0.0,0.0,,,,,0.0,0.0,30.0,-1.2800000000368073e-05,-1.2699999999199464e-05,0.23,87.0,36.5,2
76261,SO-1301,Constable Dinesh Panchal,Constable,59,2026-08-03 14:43:10+00:00,96.0,87.0,,21.2106166,72.9681935,30.299999237060547,-0.55,-0.859,-0.216,,0.0,0.0,0.0,,,,,0.0,0.0,30.0,-2.3999999996249244e-06,-9.999999974752427e-07,0.03,87.0,36.5,2
76263,SO-1301,Constable Dinesh Panchal,Constable,59,2026-08-03 14:43:40+00:00,89.0,88.0,,21.2107247,72.9682335,30.299999237060547,-0.543,0.821,-0.049,,0.0,0.0,0.0,,,,,0.0,0.0,30.0,0.0001080999999985,3.999999999848569e-05,1.52,88.0,36.5,0
76265,SO-1301,Constable Dinesh Panchal,Constable,59,2026-08-03 14:44:10+00:00,82.0,88.0,,21.2106129,72.9681942,30.299999237060547,-0.389,-0.774,0.41,,0.0,0.0,0.0,,,,,0.0,0.0,30.0,-0.0001117999999991,-3.929999999741085e-05,1.57,88.0,36.5,0
76267,SO-1301,Constable Dinesh Panchal,Constable,59,2026-08-03 14:44:40+00:00,95.0,83.0,,21.2106176,72.9681944,30.299999237060547,-0.502,0.836,0.126,,0.0,0.0,0.0,,,,,0.0,0.0,30.0,4.699999998081239e-06,2.0000000233721948e-07,0.06,83.0,36.5,2
76269,SO-1301,Constable Dinesh Panchal,Constable,59,2026-08-03 14:45:10+00:00,84.0,88.0,,21.2106136,72.9681965,30.299999237060547,-0.59,0.827,-0.138,,0.0,0.0,0.0,,,,,0.0,0.0,30.0,-4.000000000559112e-06,2.1000000032245225e-06,0.06,88.0,36.5,0
76271,SO-1301,Constable Dinesh Panchal,Constable,59,2026-08-03 14:45:40+00:00,90.0,84.0,,21.2106135,72.9681974,30.299999237060547,-0.527,0.832,0.088,,0.0,0.0,0.0,,,,,0.0,0.0,30.0,-9.999999761589606e-08,8.999999892012056e-07,0.01,84.0,36.5,0
76273,SO-1301,Constable Dinesh Panchal,Constable,59,2026-08-03 14:46:10+00:00,90.0,87.0,,21.2106134,72.9681921,30.299999237060547,-0.818,-0.24,0.195,,0.0,0.0,0.0,,,,,0.0,0.0,30.0,-1.0000000116860974e-07,-5.29999999798747e-06,0.07,87.0,36.5,0
76275,SO-1301,Constable Dinesh Panchal,Constable,59,2026-08-03 14:46:40+00:00,91.0,86.0,,21.2106141,72.96819,30.299999237060547,-1.101,0.332,0.13,,0.0,0.0,0.0,,,,,0.0,0.0,30.0,7.000000010748408e-07,-2.099999989013668e-06,0.03,86.0,36.5,2
76277,SO-1301,Constable Dinesh Panchal,Constable,59,2026-08-03 14:47:10+00:00,97.0,88.0,,21.2106138,72.9681931,30.299999237060547,-0.917,0.019,-0.486,,0.0,0.0,0.0,,,,,0.0,0.0,30.0,-2.999999999531156e-07,3.0999999864889105e-06,0.04,88.0,36.5,2
76279,SO-1301,Constable Dinesh Panchal,Constable,59,2026-08-03 14:47:40+00:00,88.0,88.0,,21.2106138,72.9681902,30.299999237060547,-0.355,-0.186,0.875,,0.0,0.0,0.0,,,,,0.0,0.0,30.0,0.0,-2.8999999983625457e-06,0.04,88.0,36.5,0
76281,SO-1301,Constable Dinesh Panchal,Constable,59,2026-08-03 14:48:10+00:00,94.0,86.0,,21.2106141,72.9681911,30.299999237060547,-0.871,0.07,-0.539,,0.0,0.0,0.0,,,,,0.0,0.0,30.0,2.999999999531156e-07,9.000000034120603e-07,0.01,86.0,36.5,2
76283,SO-1301,Constable Dinesh Panchal,Constable,59,2026-08-03 14:48:40+00:00,100.0,88.0,,21.2106131,72.968197,30.299999237060547,0.797,-0.104,0.377,,0.0,0.0,0.0,,,,,0.0,0.0,30.0,-1.0000000010279564e-06,5.900000004999129e-06,0.07,88.0,36.5,2
76285,SO-1301,Constable Dinesh Panchal,Constable,59,2026-08-03 14:49:10+00:00,83.0,86.0,,21.2106137,72.9681952,30.299999237060547,-0.747,-0.45,0.47,,0.0,0.0,0.0,,,,,0.0,0.0,30.0,5.999999999062311e-07,-1.8000000068241206e-06,0.02,86.0,36.5,0
76287,SO-1301,Constable Dinesh Panchal,Constable,59,2026-08-03 14:49:40+00:00,87.0,88.0,,21.2106127,72.9681926,30.299999237060547,-0.883,-0.312,0.338,,0.0,0.0,0.0,,,,,0.0,0.0,30.0,-1.0000000010279564e-06,-2.600000001962144e-06,0.03,88.0,36.5,0
76290,SO-1301,Constable Dinesh Panchal,Constable,59,2026-08-03 14:50:10+00:00,83.0,88.0,,21.210614,72.9681962,30.299999237060547,0.801,-0.141,0.507,,0.0,0.0,0.0,,,,,0.0,0.0,30.0,1.300000000981072e-06,3.5999999994373866e-06,0.05,88.0,36.5,0
76293,SO-1301,Constable Dinesh Panchal,Constable,59,2026-08-03 14:50:40+00:00,87.0,87.0,,21.2106178,72.9681948,30.299999237060547,-0.722,-0.402,-0.63,,0.0,0.0,0.0,,,,,0.0,0.0,30.0,3.800000001774606e-06,-1.399999987938827e-06,0.05,87.0,36.5,0
76295,SO-1301,Constable Dinesh Panchal,Constable,59,2026-08-03 14:51:11+00:00,85.0,88.0,,21.2106172,72.9681961,30.299999237060547,-0.835,-0.321,-0.496,,0.0,0.0,0.0,,,,,0.0,0.0,31.0,-5.999999999062311e-07,1.2999999938756446e-06,0.02,88.0,36.5,0
76297,SO-1301,Constable Dinesh Panchal,Constable,59,2026-08-03 14:51:40+00:00,86.0,76.0,,21.2106186,72.9681964,30.299999237060547,-0.62,0.819,0.172,,0.0,0.0,0.0,,,,,0.0,0.0,29.0,1.399999998596968e-06,2.999999964004019e-07,0.02,76.0,36.5,0
76299,SO-1301,Constable Dinesh Panchal,Constable,59,2026-08-03 14:52:10+00:00,92.0,88.0,,21.2106176,72.9681971,30.299999237060547,0.933,-0.031,-0.436,,0.0,0.0,0.0,,,,,0.0,0.0,30.0,-1.0000000010279564e-06,7.000000010748408e-07,0.02,88.0,36.5,2
76302,SO-1301,Constable Dinesh Panchal,Constable,59,2026-08-03 14:52:40+00:00,96.0,84.0,,21.2106137,72.9681952,30.299999237060547,-0.849,-0.304,-0.468,,0.0,0.0,0.0,,,,,0.0,0.0,30.0,-3.899999999390502e-06,-1.900000000887303e-06,0.06,84.0,36.5,2
76303,SO-1301,Constable Dinesh Panchal,Constable,59,2026-08-03 14:53:10+00:00,91.0,86.0,,21.2106205,72.9681969,30.299999237060547,-0.775,-0.352,-0.554,,0.0,0.0,0.0,,,,,0.0,0.0,30.0,6.8000000013057615e-06,1.6999999985500835e-06,0.09,86.0,36.5,2
76305,SO-1301,Constable Dinesh Panchal,Constable,59,2026-08-03 14:53:40+00:00,85.0,75.0,,21.2106185,72.9681937,30.299999237060547,-0.926,-0.176,-0.317,,0.0,0.0,0.0,,,,,0.0,0.0,30.0,-2.0000000020559128e-06,-3.1999999947629476e-06,0.05,75.0,36.5,0
76306,SO-1301,Constable Dinesh Panchal,Constable,59,2026-08-03 14:54:10+00:00,87.0,88.0,,21.2106142,72.9681945,30.299999237060547,0.747,-0.225,0.593,,0.0,0.0,0.0,,,,,0.0,0.0,30.0,-4.300000000512227e-06,7.999999951380232e-07,0.06,88.0,36.5,0
76307,SO-1301,Constable Dinesh Panchal,Constable,59,2026-08-03 14:54:40+00:00,88.0,88.0,,21.2106135,72.9681958,30.299999237060547,-0.091,-0.886,0.377,,0.0,0.0,0.0,,,,,0.0,0.0,30.0,-6.999999975221272e-07,1.3000000080864993e-06,0.02,88.0,36.5,0
76308,SO-1301,Constable Dinesh Panchal,Constable,59,2026-08-03 14:55:10+00:00,100.0,87.0,,21.2106137,72.9681942,30.299999237060547,-0.171,-0.941,0.272,,0.0,0.0,0.0,,,,,0.0,0.0,30.0,1.999999987845058e-07,-1.6000000044869012e-06,0.02,87.0,36.5,2
76309,SO-1301,Constable Dinesh Panchal,Constable,59,2026-08-03 14:55:42+00:00,83.0,88.0,,21.2106169,72.9681946,30.299999237060547,-0.798,-0.433,-0.566,,0.0,0.0,0.0,,,,,0.0,0.0,32.0,3.200000001868375e-06,4.0000000467443897e-07,0.04,88.0,36.5,0
76310,SO-1301,Constable Dinesh Panchal,Constable,59,2026-08-03 14:56:10+00:00,86.0,88.0,,21.210614,72.9681979,30.299999237060547,0.449,-0.597,0.629,,0.0,0.0,0.0,,,,,0.0,0.0,28.0,-2.900000001915259e-06,3.3000000030369847e-06,0.06,88.0,36.5,0
76311,SO-1301,Constable Dinesh Panchal,Constable,59,2026-08-03 14:56:40+00:00,95.0,87.0,,21.21062,72.9681941,30.299999237060547,-0.378,-0.842,0.275,,0.0,0.0,0.0,,,,,0.0,0.0,30.0,5.999999999062311e-06,-3.800000001774606e-06,0.09,87.0,36.5,2
76313,SO-1301,Constable Dinesh Panchal,Constable,59,2026-08-03 14:57:10+00:00,82.0,88.0,,21.2106144,72.9681958,30.299999237060547,0.141,-0.903,0.367,,0.0,0.0,0.0,,,,,0.0,0.0,30.0,-5.599999997940586e-06,1.6999999985500835e-06,0.08,88.0,36.5,0
76315,SO-1301,Constable Dinesh Panchal,Constable,59,2026-08-03 14:57:40+00:00,100.0,86.0,,21.2106159,72.9681912,30.299999237060547,0.896,0.103,-0.195,,0.0,0.0,0.0,,,,,0.0,0.0,30.0,1.4999999997655775e-06,-4.599999996912629e-06,0.06,86.0,36.5,2
76317,SO-1301,Constable Dinesh Panchal,Constable,59,2026-08-03 14:58:10+00:00,91.0,83.0,,21.2106213,72.9682003,30.299999237060547,0.982,-0.058,0.455,,0.0,0.0,0.0,,,,,0.0,0.0,30.0,5.39999999915608e-06,9.099999999762076e-06,0.13,83.0,36.5,2
76319,SO-1301,Constable Dinesh Panchal,Constable,59,2026-08-03 14:58:40+00:00,88.0,88.0,,21.2106184,72.968195,30.299999237060547,-0.64,-0.388,0.102,,0.0,0.0,0.0,,,,,0.0,0.0,30.0,-2.8999999983625457e-06,-5.300000012198325e-06,0.08,88.0,36.5,0
76321,SO-1301,Constable Dinesh Panchal,Constable,59,2026-08-03 14:59:10+00:00,87.0,88.0,,21.2106133,72.9681968,30.299999237060547,1.009,0.018,-0.06,,0.0,0.0,0.0,,,,,0.0,0.0,30.0,-5.100000002755678e-06,1.8000000068241206e-06,0.07,88.0,36.5,0
76323,SO-1301,Constable Dinesh Panchal,Constable,59,2026-08-03 14:59:40+00:00,94.0,85.0,,21.2106179,72.9681932,30.299999237060547,-0.076,-0.691,0.69,,0.0,0.0,0.0,,,,,0.0,0.0,30.0,4.600000000465343e-06,-3.5999999994373866e-06,0.08,85.0,36.5,2
76325,SO-1301,Constable Dinesh Panchal,Constable,59,2026-08-03 15:00:10+00:00,90.0,88.0,,21.2106127,72.9681944,30.299999237060547,-0.445,0.156,-0.934,,0.0,0.0,0.0,,,,,0.0,0.0,30.0,-5.200000000371574e-06,1.1999999998124622e-06,0.07,88.0,36.5,0
76328,SO-1301,Constable Dinesh Panchal,Constable,59,2026-08-03 15:00:40+00:00,95.0,80.0,,21.210619,72.9681944,30.299999237060547,-0.4,0.061,-0.964,,0.0,0.0,0.0,,,,,0.0,0.0,30.0,6.30000000256814e-06,0.0,0.08,80.0,36.5,2
76331,SO-1301,Constable Dinesh Panchal,Constable,59,2026-08-03 15:01:10+00:00,86.0,88.0,,21.2106129,72.9681917,30.299999237060547,-0.558,0.127,-0.84,,0.0,0.0,0.0,,,,,0.0,0.0,30.0,-6.100000000230921e-06,-2.6999999960253263e-06,0.09,88.0,36.5,0
76334,SO-1301,Constable Dinesh Panchal,Constable,59,2026-08-03 15:01:39+00:00,94.0,58.0,,21.2106824,72.9681886,30.299999237060547,0.052,-0.872,0.391,,0.0,0.0,0.0,,,,,0.0,0.0,29.0,6.949999999861234e-05,-3.1000000006997652e-06,0.96,58.0,36.5,2
