log_id,badge_id,officer_name,rank,user_id,timestamp,spo2,pulse,temperature,latitude,longitude,altitude,accel_x,accel_y,accel_z,barometer,gyro_x,gyro_y,gyro_z,mag_x,mag_y,mag_z,bat_v,ir,red,time_delta,lat_delta,lon_delta,approx_speed_kmh,heart_rate,skin_temperature,target
477,SO-1202,Head Constable Vivek Joshi,Head Constable,57,2026-07-14 16:45:54+00:00,94.0,88.0,,21.1812674,72.8012571,21.299999237060547,-0.473,-0.028,0.897,,0.0,0.0,0.0,,,,,0.0,0.0,0.0,0.0,0.0,0.0,88.0,36.5,2
488,SO-1202,Head Constable Vivek Joshi,Head Constable,57,2026-07-14 16:46:23+00:00,87.0,88.0,,21.1811957,72.8012516,18.600000381469727,-0.815,-0.065,0.562,,0.0,0.0,0.0,,,,,0.0,0.0,29.0,-7.169999999945276e-05,-5.50000000032469e-06,0.99,88.0,36.5,0
499,SO-1202,Head Constable Vivek Joshi,Head Constable,57,2026-07-14 16:46:53+00:00,93.0,88.0,,21.1811887,72.8012645,18.600000381469727,-0.491,-0.056,0.885,,0.0,0.0,0.0,,,,,0.0,0.0,30.0,-7.000000000090267e-06,1.2900000001536682e-05,0.19,88.0,36.5,2
511,SO-1202,Head Constable Vivek Joshi,Head Constable,57,2026-07-14 16:47:23+00:00,99.0,88.0,,21.1812118,72.8012455,18.600000381469727,-0.969,-0.098,0.108,,0.0,0.0,0.0,,,,,0.0,0.0,30.0,2.309999999994261e-05,-1.900000000887303e-05,0.39,88.0,36.5,2
522,SO-1202,Head Constable Vivek Joshi,Head Constable,57,2026-07-14 16:47:53+00:00,92.0,88.0,,21.1811732,72.8012446,18.600000381469727,-0.634,-0.033,0.778,,0.0,0.0,0.0,,,,,0.0,0.0,30.0,-3.859999999988872e-05,-8.999999892012056e-07,0.51,88.0,36.5,2
535,SO-1202,Head Constable Vivek Joshi,Head Constable,57,2026-07-14 16:48:23+00:00,95.0,88.0,,21.1812269,72.8012247,18.600000381469727,-0.51,-0.14,0.868,,0.0,0.0,0.0,,,,,0.0,0.0,30.0,5.369999999871311e-05,-1.9899999998074236e-05,0.76,88.0,36.5,2
545,SO-1202,Head Constable Vivek Joshi,Head Constable,57,2026-07-14 16:48:53+00:00,86.0,89.0,,21.1812,72.8012364,18.600000381469727,-0.878,-0.048,0.563,,0.0,0.0,0.0,,,,,0.0,0.0,30.0,-2.6899999998164503e-05,1.1699999987513364e-05,0.39,89.0,36.5,0
556,SO-1202,Head Constable Vivek Joshi,Head Constable,57,2026-07-14 16:49:23+00:00,95.0,88.0,,21.1811913,72.8012421,18.600000381469727,-0.828,-0.082,0.533,,0.0,0.0,0.0,,,,,0.0,0.0,30.0,-8.700000002193065e-06,5.700000002661909e-06,0.14,88.0,36.5,2
567,SO-1202,Head Constable Vivek Joshi,Head Constable,57,2026-07-14 16:49:53+00:00,96.0,88.0,,21.1811745,72.8012434,18.600000381469727,-0.558,-0.121,0.828,,0.0,0.0,0.0,,,,,0.0,0.0,30.0,-1.679999999737447e-05,1.3000000080864993e-06,0.22,88.0,36.5,2
579,SO-1202,Head Constable Vivek Joshi,Head Constable,57,2026-07-14 16:50:23+00:00,98.0,86.0,,21.181257,72.8012321,18.600000381469727,-0.95,-0.01,0.263,,0.0,0.0,0.0,,,,,0.0,0.0,30.0,8.249999999776492e-05,-1.1300000011260636e-05,1.11,86.0,36.5,2
592,SO-1202,Head Constable Vivek Joshi,Head Constable,57,2026-07-14 16:50:53+00:00,92.0,88.0,,21.1813285,72.8012322,21.299999237060547,-0.947,-0.018,0.297,,0.0,0.0,0.0,,,,,0.0,0.0,30.0,7.150000000066825e-05,1.000000082740371e-07,0.95,88.0,36.5,2
603,SO-1202,Head Constable Vivek Joshi,Head Constable,57,2026-07-14 16:51:23+00:00,83.0,78.0,,21.1812287,72.8012391,18.600000381469727,-0.865,-0.039,0.491,,0.0,0.0,0.0,,,,,0.0,0.0,30.0,-9.980000000098244e-05,6.900000002474371e-06,1.33,78.0,36.5,0
612,SO-1202,Head Constable Vivek Joshi,Head Constable,57,2026-07-14 16:51:53+00:00,81.0,88.0,,21.1811692,72.8012411,18.600000381469727,-0.789,-0.065,0.619,,0.0,0.0,0.0,,,,,0.0,0.0,30.0,-5.949999999899091e-05,1.9999999949504854e-06,0.79,88.0,36.5,0
622,SO-1202,Head Constable Vivek Joshi,Head Constable,57,2026-07-14 16:52:23+00:00,89.0,88.0,,21.1812153,72.801247,18.600000381469727,-0.497,-0.122,0.875,,0.0,0.0,0.0,,,,,0.0,0.0,30.0,4.6100000002269326e-05,5.900000004999129e-06,0.62,88.0,36.5,0
636,SO-1202,Head Constable Vivek Joshi,Head Constable,57,2026-07-14 16:52:53+00:00,84.0,88.0,,21.1811806,72.8012412,18.600000381469727,-0.822,-0.047,0.57,,0.0,0.0,0.0,,,,,0.0,0.0,30.0,-3.470000000049822e-05,-5.7999999967250915e-06,0.47,88.0,36.5,0
646,SO-1202,Head Constable Vivek Joshi,Head Constable,57,2026-07-14 16:53:23+00:00,92.0,88.0,,21.1811404,72.8012473,18.600000381469727,-0.521,-0.035,0.866,,0.0,0.0,0.0,,,,,0.0,0.0,30.0,-4.020000000082291e-05,6.099999993125493e-06,0.54,88.0,36.5,2
656,SO-1202,Head Constable Vivek Joshi,Head Constable,57,2026-07-14 16:53:54+00:00,97.0,74.0,,21.1811705,72.8012397,18.600000381469727,-0.937,-0.239,0.052,,0.0,0.0,0.0,,,,,0.0,0.0,31.0,3.010000000003288e-05,-7.600000003549212e-06,0.4,74.0,36.5,2
1222,SO-1202,Head Constable Vivek Joshi,Head Constable,57,2026-07-14 17:20:02+00:00,93.0,84.0,,21.181257,72.8012418,18.600000381469727,-0.898,-0.247,-0.302,,0.0,0.0,0.0,,,,,0.0,0.0,1568.0,8.649999999832403e-05,2.1000000032245225e-06,0.0,84.0,36.5,2
1234,SO-1202,Head Constable Vivek Joshi,Head Constable,57,2026-07-14 17:20:32+00:00,82.0,88.0,,21.1811621,72.8012383,18.600000381469727,-0.892,-0.273,-0.35,,0.0,0.0,0.0,,,,,0.0,0.0,30.0,-9.489999999701126e-05,-3.500000005374204e-06,1.26,88.0,36.5,0
1247,SO-1202,Head Constable Vivek Joshi,Head Constable,57,2026-07-14 17:21:00+00:00,84.0,88.0,,21.1811937,72.8012523,18.600000381469727,-0.701,-0.513,-0.669,,0.0,0.0,0.0,,,,,0.0,0.0,28.0,3.1599999999798456e-05,1.4000000007285962e-05,0.49,88.0,36.5,0
1259,SO-1202,Head Constable Vivek Joshi,Head Constable,57,2026-07-14 17:21:30+00:00,99.0,88.0,,21.1811669,72.8012571,18.600000381469727,-0.672,-0.31,-0.619,,0.0,0.0,0.0,,,,,0.0,0.0,30.0,-2.6800000000548607e-05,4.799999999249849e-06,0.36,88.0,36.5,2
1273,SO-1202,Head Constable Vivek Joshi,Head Constable,57,2026-07-14 17:22:00+00:00,83.0,88.0,,21.1811272,72.8012241,18.200000762939453,-0.158,1.117,-0.254,,0.0,0.0,0.0,,,,,0.0,0.0,30.0,-3.970000000208529e-05,-3.300000000194814e-05,0.67,88.0,36.5,0
1285,SO-1202,Head Constable Vivek Joshi,Head Constable,57,2026-07-14 17:22:30+00:00,95.0,88.0,,21.1812418,72.8012392,18.600000381469727,-0.403,0.194,-0.912,,0.0,0.0,0.0,,,,,0.0,0.0,30.0,0.0001145999999998,1.5099999998824389e-05,1.54,88.0,36.5,2
1298,SO-1202,Head Constable Vivek Joshi,Head Constable,57,2026-07-14 17:23:00+00:00,91.0,87.0,,21.1811921,72.8012382,18.600000381469727,-0.285,-0.067,-0.938,,0.0,0.0,0.0,,,,,0.0,0.0,30.0,-4.9699999998154e-05,-9.999999974752427e-07,0.66,87.0,36.5,2
1311,SO-1202,Head Constable Vivek Joshi,Head Constable,57,2026-07-14 17:23:30+00:00,90.0,88.0,,21.1812517,72.8012381,18.600000381469727,-0.71,0.219,-0.636,,0.0,0.0,0.0,,,,,0.0,0.0,30.0,5.9600000000159525e-05,-9.999999406318238e-08,0.79,88.0,36.5,0
1324,SO-1202,Head Constable Vivek Joshi,Head Constable,57,2026-07-14 17:24:00+00:00,85.0,88.0,,21.1811277,72.8012318,18.600000381469727,-0.302,-0.07,-0.91,,0.0,0.0,0.0,,,,,0.0,0.0,30.0,-0.0001239999999995,-6.3000000096735675e-06,1.65,88.0,36.5,0
1336,SO-1202,Head Constable Vivek Joshi,Head Constable,57,2026-07-14 17:24:30+00:00,84.0,88.0,,21.1811757,72.8012484,18.600000381469727,-0.643,0.246,-0.704,,0.0,0.0,0.0,,,,,0.0,0.0,30.0,4.7999999999603915e-05,1.6600000009248106e-05,0.67,88.0,36.5,0
1347,SO-1202,Head Constable Vivek Joshi,Head Constable,57,2026-07-14 17:25:00+00:00,94.0,87.0,,21.1812476,72.8012389,18.600000381469727,-0.746,0.215,-0.588,,0.0,0.0,0.0,,,,,0.0,0.0,30.0,7.189999999823726e-05,-9.500000004436515e-06,0.96,87.0,36.5,2
1360,SO-1202,Head Constable Vivek Joshi,Head Constable,57,2026-07-14 17:25:30+00:00,85.0,83.0,,21.1810963,72.8012188,18.200000762939453,-0.635,-0.395,-0.646,,0.0,0.0,0.0,,,,,0.0,0.0,30.0,-0.0001512999999988,-2.0100000000411455e-05,2.03,83.0,36.5,0
1372,SO-1202,Head Constable Vivek Joshi,Head Constable,57,2026-07-14 17:26:00+00:00,85.0,87.0,,21.1811093,72.8012132,18.200000762939453,-0.496,-0.452,-0.758,,0.0,0.0,0.0,,,,,0.0,0.0,30.0,1.2999999999152578e-05,-5.599999994387872e-06,0.19,87.0,36.5,0
1384,SO-1202,Head Constable Vivek Joshi,Head Constable,57,2026-07-14 17:26:30+00:00,89.0,84.0,,21.1811152,72.8012213,18.200000762939453,-0.275,0.951,-0.151,,0.0,0.0,0.0,,,,,0.0,0.0,30.0,5.900000001446415e-06,8.099999988075979e-06,0.13,84.0,36.5,0
1396,SO-1202,Head Constable Vivek Joshi,Head Constable,57,2026-07-14 17:27:00+00:00,99.0,85.0,,21.181097,72.8011691,18.200000762939453,0.107,1.384,-0.214,,0.0,0.0,0.0,,,,,0.0,0.0,30.0,-1.8199999999524152e-05,-5.219999999894753e-05,0.69,85.0,36.5,2
1408,SO-1202,Head Constable Vivek Joshi,Head Constable,57,2026-07-14 17:27:30+00:00,99.0,72.0,,21.1811921,72.8015501,16.600000381469727,-0.708,1.239,-0.243,,0.0,0.0,0.0,,,,,0.0,0.0,30.0,9.509999999934848e-05,0.0003810000000044,4.9,72.0,36.5,1
1420,SO-1202,Head Constable Vivek Joshi,Head Constable,57,2026-07-14 17:28:00+00:00,87.0,84.0,,21.1811965,72.8015495,16.600000381469727,-0.101,0.772,0.668,,0.0,0.0,0.0,,,,,0.0,0.0,30.0,4.3999999981281235e-06,-6.000000070116585e-07,0.06,84.0,36.5,0
1433,SO-1202,Head Constable Vivek Joshi,Head Constable,57,2026-07-14 17:28:30+00:00,89.0,88.0,,21.1811959,72.801549,16.600000381469727,0.215,0.857,0.512,,0.0,0.0,0.0,,,,,0.0,0.0,30.0,-5.999999999062311e-07,-4.999999987376214e-07,0.01,88.0,36.5,0
1463,SO-1202,Head Constable Vivek Joshi,Head Constable,57,2026-07-14 17:29:30+00:00,94.0,87.0,,21.1812,72.8015476,16.600000381469727,-0.588,0.615,0.539,,0.0,0.0,0.0,,,,,0.0,0.0,60.0,4.100000001727722e-06,-1.399999987938827e-06,0.03,87.0,36.5,2
1469,SO-1202,Head Constable Vivek Joshi,Head Constable,57,2026-07-14 17:30:00+00:00,88.0,87.0,,21.1811958,72.8015432,16.600000381469727,-0.465,0.735,0.522,,0.0,0.0,0.0,,,,,0.0,0.0,30.0,-4.199999999343618e-06,-4.4000000087862645e-06,0.08,87.0,36.5,0
1495,SO-1202,Head Constable Vivek Joshi,Head Constable,57,2026-07-14 17:31:00+00:00,89.0,88.0,,21.1811066,72.8010871,14.799999237060549,-0.118,0.719,-0.146,,0.0,0.0,0.0,,,,,0.0,0.0,60.0,-8.920000000145478e-05,-0.0004560999999938,2.89,88.0,36.5,0
1502,SO-1202,Head Constable Vivek Joshi,Head Constable,57,2026-07-14 17:31:30+00:00,82.0,86.0,,21.1811079,72.8010961,14.799999237060549,-0.442,0.879,-0.249,,0.0,0.0,0.0,,,,,0.0,0.0,30.0,1.300000000981072e-06,8.999999991488039e-06,0.11,86.0,36.5,0
1517,SO-1202,Head Constable Vivek Joshi,Head Constable,57,2026-07-14 17:32:10+00:00,86.0,88.0,,21.1811054,72.8010941,14.799999237060549,-0.596,0.594,0.028,,0.0,0.0,0.0,,,,,0.0,0.0,40.0,-2.500000000793534e-06,-1.9999999949504854e-06,0.03,88.0,36.5,0
1529,SO-1202,Head Constable Vivek Joshi,Head Constable,57,2026-07-14 17:32:43+00:00,92.0,72.0,,21.1811981,72.8015474,16.600000381469727,-0.654,-0.1,-0.679,,0.0,0.0,0.0,,,,,0.0,0.0,33.0,9.269999999972356e-05,0.0004533000000037,5.24,72.0,36.5,1
1540,SO-1202,Head Constable Vivek Joshi,Head Constable,57,2026-07-14 17:33:13+00:00,88.0,85.0,,21.1811987,72.8015454,16.600000381469727,-0.915,-0.252,0.073,,0.0,0.0,0.0,,,,,0.0,0.0,30.0,5.999999999062311e-07,-2.00000000916134e-06,0.03,85.0,36.5,0
1551,SO-1202,Head Constable Vivek Joshi,Head Constable,57,2026-07-14 17:33:43+00:00,82.0,87.0,,21.1811973,72.8015433,16.600000381469727,-0.812,0.593,0.086,,0.0,0.0,0.0,,,,,0.0,0.0,30.0,-1.399999998596968e-06,-2.099999989013668e-06,0.03,87.0,36.5,0
1564,SO-1202,Head Constable Vivek Joshi,Head Constable,57,2026-07-14 17:34:13+00:00,86.0,88.0,,21.1811979,72.8015473,16.600000381469727,-0.822,-0.084,-0.517,,0.0,0.0,0.0,,,,,0.0,0.0,30.0,5.999999999062311e-07,3.999999989900971e-06,0.05,88.0,36.5,0
1604,SO-1202,Head Constable Vivek Joshi,Head Constable,57,2026-07-14 17:35:13+00:00,87.0,88.0,,21.181196,72.801549,16.600000381469727,-0.315,0.851,0.507,,0.0,0.0,0.0,,,,,0.0,0.0,60.0,-1.900000000887303e-06,1.6999999985500835e-06,0.02,88.0,36.5,0
1602,SO-1202,Head Constable Vivek Joshi,Head Constable,57,2026-07-14 17:35:43+00:00,86.0,87.0,,21.1811949,72.8015468,16.600000381469727,-0.796,0.658,-0.007,,0.0,0.0,0.0,,,,,0.0,0.0,30.0,-1.0999999986438525e-06,-2.199999997287705e-06,0.03,87.0,36.5,0
1611,SO-1202,Head Constable Vivek Joshi,Head Constable,57,2026-07-14 17:36:13+00:00,92.0,82.0,,21.1811959,72.801549,16.600000381469727,0.881,0.093,-0.745,,0.0,0.0,0.0,,,,,0.0,0.0,30.0,9.999999974752427e-07,2.199999997287705e-06,0.03,82.0,36.5,2
1623,SO-1202,Head Constable Vivek Joshi,Head Constable,57,2026-07-14 17:36:43+00:00,96.0,81.0,,21.181199,72.8015475,16.600000381469727,0.471,-0.695,0.506,,0.0,0.0,0.0,,,,,0.0,0.0,30.0,3.1000000006997652e-06,-1.499999996212864e-06,0.05,81.0,36.5,2
1635,SO-1202,Head Constable Vivek Joshi,Head Constable,57,2026-07-14 17:37:13+00:00,88.0,88.0,,21.1812207,72.8013261,16.600000381469727,1.316,0.111,0.734,,0.0,0.0,0.0,,,,,0.0,0.0,30.0,2.1700000001345643e-05,-0.0002214000000009,2.76,88.0,36.5,0
1647,SO-1202,Head Constable Vivek Joshi,Head Constable,57,2026-07-14 17:37:43+00:00,84.0,80.0,,21.1812042,72.8013557,13.699996948242188,0.407,-0.794,0.631,,0.0,0.0,0.0,,,,,0.0,0.0,30.0,-1.650000000097407e-05,2.960000000484797e-05,0.43,80.0,36.5,0
9709,SO-1202,Head Constable Vivek Joshi,Head Constable,57,2026-07-15 15:17:27+00:00,81.0,88.0,,21.181193,72.8015391,16.600000381469727,-0.846,0.164,0.504,,0.0,0.0,0.0,,,,,0.0,0.0,77984.0,-1.1199999999433883e-05,0.0001833999999973,0.0,88.0,36.5,0
9716,SO-1202,Head Constable Vivek Joshi,Head Constable,57,2026-07-15 15:17:57+00:00,92.0,88.0,,21.1811943,72.8015399,16.600000381469727,-0.979,-0.112,0.097,,0.0,0.0,0.0,,,,,0.0,0.0,30.0,1.300000000981072e-06,7.999999951380232e-07,0.02,88.0,36.5,2
9721,SO-1202,Head Constable Vivek Joshi,Head Constable,57,2026-07-15 15:18:24+00:00,95.0,88.0,,21.1811985,72.8015335,16.600000381469727,-0.917,-0.137,0.206,,0.0,0.0,0.0,,,,,0.0,0.0,27.0,4.199999999343618e-06,-6.399999989525895e-06,0.11,88.0,36.5,2
9728,SO-1202,Head Constable Vivek Joshi,Head Constable,57,2026-07-15 15:18:54+00:00,93.0,88.0,,21.1811977,72.8015383,16.600000381469727,-0.952,-0.151,-0.107,,0.0,0.0,0.0,,,,,0.0,0.0,30.0,-8.000000022434506e-07,4.799999999249849e-06,0.06,88.0,36.5,2
9753,SO-1202,Head Constable Vivek Joshi,Head Constable,57,2026-07-15 15:19:54+00:00,89.0,88.0,,21.1811925,72.8015432,16.600000381469727,-0.985,-0.077,-0.119,,0.0,0.0,0.0,,,,,0.0,0.0,60.0,-5.19999999681886e-06,4.899999993313031e-06,0.05,88.0,36.5,0
9752,SO-1202,Head Constable Vivek Joshi,Head Constable,57,2026-07-15 15:20:24+00:00,82.0,88.0,,21.1811924,72.8015432,16.600000381469727,-0.596,0.226,0.783,,0.0,0.0,0.0,,,,,0.0,0.0,30.0,-1.0000000116860974e-07,0.0,0.0,88.0,36.5,0
9755,SO-1202,Head Constable Vivek Joshi,Head Constable,57,2026-07-15 15:20:54+00:00,90.0,88.0,,21.1811925,72.8015433,16.600000381469727,-0.975,0.13,-0.101,,0.0,0.0,0.0,,,,,0.0,0.0,30.0,1.0000000116860974e-07,1.000000082740371e-07,0.0,88.0,36.5,0
9762,SO-1202,Head Constable Vivek Joshi,Head Constable,57,2026-07-15 15:21:24+00:00,88.0,88.0,,21.1811985,72.8015269,16.600000381469727,-0.657,0.51,0.495,,0.0,0.0,0.0,,,,,0.0,0.0,30.0,5.999999999062311e-06,-1.6400000006910886e-05,0.22,88.0,36.5,0
9769,SO-1202,Head Constable Vivek Joshi,Head Constable,57,2026-07-15 15:21:54+00:00,88.0,76.0,,21.1811998,72.8015243,16.600000381469727,-0.754,0.386,0.548,,0.0,0.0,0.0,,,,,0.0,0.0,30.0,1.300000000981072e-06,-2.600000001962144e-06,0.04,76.0,36.5,0
9777,SO-1202,Head Constable Vivek Joshi,Head Constable,57,2026-07-15 15:22:27+00:00,97.0,88.0,,21.1811928,72.8015377,16.600000381469727,-0.662,0.068,0.83,,0.0,0.0,0.0,,,,,0.0,0.0,33.0,-7.000000000090267e-06,1.3400000000274304e-05,0.17,88.0,36.5,2
9784,SO-1202,Head Constable Vivek Joshi,Head Constable,57,2026-07-15 15:22:57+00:00,86.0,88.0,,21.1811923,72.8015439,16.600000381469727,0.198,-0.716,0.566,,0.0,0.0,0.0,,,,,0.0,0.0,30.0,-5.00000002290335e-07,6.2000000013995304e-06,0.08,88.0,36.5,0
9791,SO-1202,Head Constable Vivek Joshi,Head Constable,57,2026-07-15 15:23:28+00:00,89.0,,,21.1811251,72.8010984,14.699996948242188,0.026,0.562,-0.147,,0.0,0.0,0.0,,,,,0.0,0.0,31.0,-6.720000000015602e-05,-0.0004454999999978,5.42,88.0,36.5,1
9798,SO-1202,Head Constable Vivek Joshi,Head Constable,57,2026-07-15 15:23:56+00:00,82.0,74.0,,21.1811252,72.8010984,14.699996948242188,-0.432,0.837,-0.325,,0.0,0.0,0.0,,,,,0.0,0.0,28.0,1.0000000116860974e-07,0.0,0.0,74.0,36.5,0
9805,SO-1202,Head Constable Vivek Joshi,Head Constable,57,2026-07-15 15:24:27+00:00,89.0,58.0,,21.181189,72.8015255,16.600000381469727,-0.253,1.19,-0.293,,0.0,0.0,0.0,,,,,0.0,0.0,31.0,6.379999999950314e-05,0.000427099999996,5.2,58.0,36.5,1
9812,SO-1202,Head Constable Vivek Joshi,Head Constable,57,2026-07-15 15:24:57+00:00,89.0,75.0,,21.1810906,72.8012121,18.0,-0.111,0.952,-0.169,,0.0,0.0,0.0,,,,,0.0,0.0,30.0,-9.839999999883275e-05,-0.000313399999996,4.11,75.0,36.5,0
9819,SO-1202,Head Constable Vivek Joshi,Head Constable,57,2026-07-15 15:25:27+00:00,91.0,80.0,,21.1810492,72.8012166,15.199996948242188,-0.875,0.234,0.004,,0.0,0.0,0.0,,,,,0.0,0.0,30.0,-4.140000000063537e-05,4.500000002849447e-06,0.55,80.0,36.5,2
9826,SO-1202,Head Constable Vivek Joshi,Head Constable,57,2026-07-15 15:25:57+00:00,90.0,87.0,,21.1810402,72.801232,15.199996948242188,-0.259,0.965,0.146,,0.0,0.0,0.0,,,,,0.0,0.0,30.0,-8.999999998593466e-06,1.539999999522479e-05,0.23,87.0,36.5,0
9833,SO-1202,Head Constable Vivek Joshi,Head Constable,57,2026-07-15 15:26:27+00:00,87.0,82.0,,21.1810438,72.8012229,15.199996948242188,0.325,1.063,0.322,,0.0,0.0,0.0,,,,,0.0,0.0,30.0,3.5999999994373866e-06,-9.099999999762076e-06,0.12,82.0,36.5,0
9840,SO-1202,Head Constable Vivek Joshi,Head Constable,57,2026-07-15 15:26:57+00:00,83.0,88.0,,21.1810133,72.8011412,15.199996948242188,-0.191,0.946,0.329,,0.0,0.0,0.0,,,,,0.0,0.0,30.0,-3.0500000001154604e-05,-8.169999999552147e-05,1.09,88.0,36.5,0
9847,SO-1202,Head Constable Vivek Joshi,Head Constable,57,2026-07-15 15:27:27+00:00,99.0,88.0,,21.1810197,72.8012137,15.199996948242188,-0.062,0.987,0.151,,0.0,0.0,0.0,,,,,0.0,0.0,30.0,6.400000000184036e-06,7.250000000169621e-05,0.9,88.0,36.5,2
9854,SO-1202,Head Constable Vivek Joshi,Head Constable,57,2026-07-15 15:27:57+00:00,83.0,78.0,,21.181035,72.8012265,15.199996948242188,-0.099,0.988,0.228,,0.0,0.0,0.0,,,,,0.0,0.0,30.0,1.5300000001161607e-05,1.2799999993262643e-05,0.26,78.0,36.5,0
9861,SO-1202,Head Constable Vivek Joshi,Head Constable,57,2026-07-15 15:28:27+00:00,89.0,87.0,,21.1810408,72.8012047,15.199996948242188,-0.382,0.883,-0.26,,0.0,0.0,0.0,,,,,0.0,0.0,30.0,5.800000000277805e-06,-2.179999999896154e-05,0.28,87.0,36.5,0
9867,SO-1202,Head Constable Vivek Joshi,Head Constable,57,2026-07-15 15:28:57+00:00,91.0,62.0,,21.1810286,72.8012242,15.199996948242188,-0.033,0.329,0.939,,0.0,0.0,0.0,,,,,0.0,0.0,30.0,-1.220000000046184e-05,1.9499999993399797e-05,0.29,62.0,36.5,2
9874,SO-1202,Head Constable Vivek Joshi,Head Constable,57,2026-07-15 15:29:27+00:00,83.0,86.0,,21.1810315,72.8012222,15.199996948242188,-0.521,0.271,0.769,,0.0,0.0,0.0,,,,,0.0,0.0,30.0,2.8999999983625457e-06,-1.9999999949504854e-06,0.05,86.0,36.5,0
9881,SO-1202,Head Constable Vivek Joshi,Head Constable,57,2026-07-15 15:29:57+00:00,91.0,87.0,,21.181039,72.8012309,15.199996948242188,-0.873,0.07,-0.351,,0.0,0.0,0.0,,,,,0.0,0.0,30.0,7.499999998827889e-06,8.699999995087637e-06,0.15,87.0,36.5,2
9907,SO-1202,Head Constable Vivek Joshi,Head Constable,57,2026-07-15 15:31:59+00:00,92.0,88.0,,21.1810315,72.8012293,15.199996948242188,-0.852,-0.373,-0.284,,0.0,0.0,0.0,,,,,0.0,0.0,122.0,-7.499999998827889e-06,-1.5999999902760464e-06,0.03,88.0,36.5,2
9912,SO-1202,Head Constable Vivek Joshi,Head Constable,57,2026-07-15 15:32:28+00:00,83.0,87.0,,21.1810267,72.8012212,15.199996948242188,-0.806,-0.423,-0.351,,0.0,0.0,0.0,,,,,0.0,0.0,29.0,-4.799999999249849e-06,-8.100000002286833e-06,0.12,87.0,36.5,0
9925,SO-1202,Head Constable Vivek Joshi,Head Constable,57,2026-07-15 15:33:28+00:00,90.0,86.0,,21.1810437,72.8012077,15.199996948242188,-0.383,0.524,0.774,,0.0,0.0,0.0,,,,,0.0,0.0,60.0,1.699999999971169e-05,-1.3499999994337486e-05,0.14,86.0,36.5,0
9932,SO-1202,Head Constable Vivek Joshi,Head Constable,57,2026-07-15 15:33:57+00:00,98.0,82.0,,21.1810428,72.8012152,15.199996948242188,-0.438,0.123,0.84,,0.0,0.0,0.0,,,,,0.0,0.0,29.0,-8.999999998593466e-07,7.499999995275175e-06,0.1,82.0,36.5,2
9939,SO-1202,Head Constable Vivek Joshi,Head Constable,57,2026-07-15 15:34:27+00:00,85.0,88.0,,21.1810306,72.801214,15.199996948242188,-0.862,-0.035,-0.479,,0.0,0.0,0.0,,,,,0.0,0.0,30.0,-1.220000000046184e-05,-1.1999999998124622e-06,0.16,88.0,36.5,0
9947,SO-1202,Head Constable Vivek Joshi,Head Constable,57,2026-07-15 15:35:03+00:00,80.0,88.0,,21.1810266,72.8011994,15.199996948242188,-0.886,-0.007,-0.129,,0.0,0.0,0.0,,,,,0.0,0.0,36.0,-4.000000000559112e-06,-1.4600000000086766e-05,0.16,88.0,36.5,0
9953,SO-1202,Head Constable Vivek Joshi,Head Constable,57,2026-07-15 15:35:33+00:00,91.0,88.0,,21.1810409,72.8012181,15.199996948242188,-0.55,0.214,0.832,,0.0,0.0,0.0,,,,,0.0,0.0,30.0,1.430000000013365e-05,1.8699999998261777e-05,0.3,88.0,36.5,2
9959,SO-1202,Head Constable Vivek Joshi,Head Constable,57,2026-07-15 15:36:03+00:00,94.0,88.0,,21.1810249,72.8012069,15.199996948242188,-0.404,0.59,0.727,,0.0,0.0,0.0,,,,,0.0,0.0,30.0,-1.5999999998683734e-05,-1.12000000029866e-05,0.25,88.0,36.5,2
9965,SO-1202,Head Constable Vivek Joshi,Head Constable,57,2026-07-15 15:36:33+00:00,91.0,88.0,,21.1810427,72.8012071,15.199996948242188,-0.635,0.67,0.395,,0.0,0.0,0.0,,,,,0.0,0.0,30.0,1.7799999998402427e-05,2.0000000233721948e-07,0.24,88.0,36.5,2
9971,SO-1202,Head Constable Vivek Joshi,Head Constable,57,2026-07-15 15:37:05+00:00,90.0,88.0,,21.1810363,72.8012128,15.199996948242188,-0.55,0.64,0.504,,0.0,0.0,0.0,,,,,0.0,0.0,32.0,-6.400000000184036e-06,5.700000002661909e-06,0.1,88.0,36.5,0
9977,SO-1202,Head Constable Vivek Joshi,Head Constable,57,2026-07-15 15:37:35+00:00,86.0,86.0,,21.1810536,72.8012159,15.199996948242188,-0.765,0.513,0.446,,0.0,0.0,0.0,,,,,0.0,0.0,30.0,1.7299999999664806e-05,3.1000000006997652e-06,0.23,86.0,36.5,0
9982,SO-1202,Head Constable Vivek Joshi,Head Constable,57,2026-07-15 15:38:03+00:00,86.0,88.0,,21.1810331,72.8012165,15.199996948242188,-0.936,0.046,-0.335,,0.0,0.0,0.0,,,,,0.0,0.0,28.0,-2.0499999997980467e-05,5.999999928008037e-07,0.29,88.0,36.5,0
9988,SO-1202,Head Constable Vivek Joshi,Head Constable,57,2026-07-15 15:38:33+00:00,99.0,85.0,,21.181037,72.8012167,15.199996948242188,-0.255,1.009,-0.102,,0.0,0.0,0.0,,,,,0.0,0.0,30.0,3.899999999390502e-06,2.0000000233721948e-07,0.05,85.0,36.5,2
9994,SO-1202,Head Constable Vivek Joshi,Head Constable,57,2026-07-15 15:39:03+00:00,96.0,60.0,,21.1810916,72.8012036,17.899999618530273,0.189,0.644,0.164,,0.0,0.0,0.0,,,,,0.0,0.0,30.0,5.459999999857246e-05,-1.3100000003873902e-05,0.75,60.0,36.5,2
10000,SO-1202,Head Constable Vivek Joshi,Head Constable,57,2026-07-15 15:39:33+00:00,88.0,62.0,,21.181149,72.8011921,21.0,-0.121,1.002,-0.025,,0.0,0.0,0.0,,,,,0.0,0.0,30.0,5.740000000287182e-05,-1.1499999999387e-05,0.78,62.0,36.5,0
10007,SO-1202,Head Constable Vivek Joshi,Head Constable,57,2026-07-15 15:40:04+00:00,96.0,55.0,,21.181194,72.801544,16.600000381469727,-0.369,1.736,0.241,,0.0,0.0,0.0,,,,,0.0,0.0,31.0,4.500000000007276e-05,0.0003519000000125,4.27,55.0,36.5,1
10014,SO-1202,Head Constable Vivek Joshi,Head Constable,57,2026-07-15 15:40:33+00:00,99.0,88.0,,21.1811928,72.8015436,16.600000381469727,-0.321,0.671,0.692,,0.0,0.0,0.0,,,,,0.0,0.0,29.0,-1.1999999998124622e-06,-4.0000000467443897e-07,0.02,88.0,36.5,1
10020,SO-1202,Head Constable Vivek Joshi,Head Constable,57,2026-07-15 15:41:03+00:00,93.0,85.0,,21.1811933,72.8015439,16.600000381469727,-0.348,0.675,0.68,,0.0,0.0,0.0,,,,,0.0,0.0,30.0,4.999999987376214e-07,2.999999964004019e-07,0.01,85.0,36.5,1
10026,SO-1202,Head Constable Vivek Joshi,Head Constable,57,2026-07-15 15:41:35+00:00,84.0,87.0,,21.1811983,72.8015372,16.600000381469727,-0.888,0.07,-0.378,,0.0,0.0,0.0,,,,,0.0,0.0,32.0,4.9999999980343546e-06,-6.700000000137152e-06,0.1,87.0,36.5,1
10032,SO-1202,Head Constable Vivek Joshi,Head Constable,57,2026-07-15 15:42:04+00:00,94.0,86.0,,21.1811928,72.8015436,16.600000381469727,-0.748,-0.406,-0.486,,0.0,0.0,0.0,,,,,0.0,0.0,29.0,-5.499999996771976e-06,6.40000000373675e-06,0.11,86.0,36.5,1
10038,SO-1202,Head Constable Vivek Joshi,Head Constable,57,2026-07-15 15:42:33+00:00,91.0,66.0,,21.181193,72.8015391,16.600000381469727,-0.793,-0.399,-0.428,,0.0,0.0,0.0,,,,,0.0,0.0,29.0,1.999999987845058e-07,-4.500000002849447e-06,0.06,66.0,36.5,2
10044,SO-1202,Head Constable Vivek Joshi,Head Constable,57,2026-07-15 15:43:03+00:00,90.0,78.0,,21.1811968,72.8015424,16.600000381469727,-0.698,-0.493,-0.486,,0.0,0.0,0.0,,,,,0.0,0.0,30.0,3.799999998221893e-06,3.3000000030369847e-06,0.07,78.0,36.5,0
10050,SO-1202,Head Constable Vivek Joshi,Head Constable,57,2026-07-15 15:43:37+00:00,91.0,78.0,,21.1813203,72.80132,16.600000381469727,-0.676,-0.419,-0.597,,0.0,0.0,0.0,,,,,0.0,0.0,34.0,0.0001235000000008,-0.0002223999999984,2.84,78.0,36.5,2
10055,SO-1202,Head Constable Vivek Joshi,Head Constable,57,2026-07-15 15:44:04+00:00,100.0,67.0,,21.1811927,72.8015434,16.600000381469727,0.49,-0.526,0.709,,0.0,0.0,0.0,,,,,0.0,0.0,27.0,-0.000127599999999,0.0002233999999958,3.62,67.0,36.5,2
10061,SO-1202,Head Constable Vivek Joshi,Head Constable,57,2026-07-15 15:44:33+00:00,87.0,81.0,,21.181196,72.8015397,16.600000381469727,-0.581,0.158,0.813,,0.0,0.0,0.0,,,,,0.0,0.0,29.0,3.299999999484271e-06,-3.699999993500569e-06,0.07,81.0,36.5,0
10067,SO-1202,Head Constable Vivek Joshi,Head Constable,57,2026-07-15 15:45:03+00:00,93.0,88.0,,21.181198,72.8015376,16.600000381469727,-0.602,0.155,0.793,,0.0,0.0,0.0,,,,,0.0,0.0,30.0,1.999999998503199e-06,-2.1000000032245225e-06,0.04,88.0,36.5,2
10072,SO-1202,Head Constable Vivek Joshi,Head Constable,57,2026-07-15 15:45:33+00:00,94.0,88.0,,21.1811981,72.8015375,16.600000381469727,-0.621,0.153,0.779,,0.0,0.0,0.0,,,,,0.0,0.0,30.0,1.0000000116860974e-07,-1.000000082740371e-07,0.0,88.0,36.5,2
10077,SO-1202,Head Constable Vivek Joshi,Head Constable,57,2026-07-15 15:46:03+00:00,83.0,88.0,,21.1812554,72.8013994,13.799999237060549,-0.515,0.781,0.375,,0.0,0.0,0.0,,,,,0.0,0.0,30.0,5.730000000170321e-05,-0.0001381000000009,1.88,88.0,36.5,0
10082,SO-1202,Head Constable Vivek Joshi,Head Constable,57,2026-07-15 15:46:33+00:00,95.0,84.0,,21.1811932,72.8015375,16.600000381469727,-0.6,0.641,0.502,,0.0,0.0,0.0,,,,,0.0,0.0,30.0,-6.220000000212167e-05,0.0001381000000009,1.9,84.0,36.5,2
10087,SO-1202,Head Constable Vivek Joshi,Head Constable,57,2026-07-15 15:47:04+00:00,87.0,81.0,,21.1811929,72.8015384,16.600000381469727,-0.54,0.535,0.667,,0.0,0.0,0.0,,,,,0.0,0.0,31.0,-2.999999999531156e-07,9.000000034120603e-07,0.01,81.0,36.5,0
10091,SO-1202,Head Constable Vivek Joshi,Head Constable,57,2026-07-15 15:47:34+00:00,90.0,86.0,,21.1811931,72.8015379,16.600000381469727,-0.471,0.551,0.705,,0.0,0.0,0.0,,,,,0.0,0.0,30.0,2.0000000233721948e-07,-4.999999987376214e-07,0.01,86.0,36.5,0
10097,SO-1202,Head Constable Vivek Joshi,Head Constable,57,2026-07-15 15:48:11+00:00,94.0,87.0,,21.1811938,72.8015418,16.600000381469727,-0.163,0.926,0.677,,0.0,0.0,0.0,,,,,0.0,0.0,37.0,6.999999975221272e-07,3.8999999958377884e-06,0.04,87.0,36.5,2
10102,SO-1202,Head Constable Vivek Joshi,Head Constable,57,2026-07-15 15:48:49+00:00,90.0,87.0,,21.1811935,72.8015373,16.600000381469727,-0.601,0.792,-0.06,,0.0,0.0,0.0,,,,,0.0,0.0,38.0,-2.999999999531156e-07,-4.499999988638592e-06,0.04,87.0,36.5,0
10108,SO-1202,Head Constable Vivek Joshi,Head Constable,57,2026-07-15 15:49:27+00:00,87.0,87.0,,21.1811941,72.8015406,16.600000381469727,-0.722,-0.233,0.653,,0.0,0.0,0.0,,,,,0.0,0.0,38.0,5.999999999062311e-07,3.29999998882613e-06,0.03,87.0,36.5,0
10113,SO-1202,Head Constable Vivek Joshi,Head Constable,57,2026-07-15 15:49:57+00:00,94.0,88.0,,21.1811925,72.8015432,16.600000381469727,-0.474,-0.133,0.76,,0.0,0.0,0.0,,,,,0.0,0.0,30.0,-1.5999999973814738e-06,2.600000001962144e-06,0.04,88.0,36.5,2
10118,SO-1202,Head Constable Vivek Joshi,Head Constable,57,2026-07-15 15:50:27+00:00,94.0,89.0,,21.1811941,72.801541,16.600000381469727,-0.524,0.394,0.77,,0.0,0.0,0.0,,,,,0.0,0.0,30.0,1.5999999973814738e-06,-2.199999997287705e-06,0.03,89.0,36.5,2
10123,SO-1202,Head Constable Vivek Joshi,Head Constable,57,2026-07-15 15:50:57+00:00,84.0,81.0,,21.1811927,72.8015395,16.600000381469727,-0.742,-0.293,0.6,,0.0,0.0,0.0,,,,,0.0,0.0,30.0,-1.399999998596968e-06,-1.499999996212864e-06,0.03,81.0,36.5,0
10128,SO-1202,Head Constable Vivek Joshi,Head Constable,57,2026-07-15 15:51:27+00:00,89.0,88.0,,21.1811933,72.8015411,16.600000381469727,-0.597,-0.338,0.622,,0.0,0.0,0.0,,,,,0.0,0.0,30.0,5.999999999062311e-07,1.5999999902760464e-06,0.02,88.0,36.5,0
10133,SO-1202,Head Constable Vivek Joshi,Head Constable,57,2026-07-15 15:51:57+00:00,99.0,88.0,,21.181193,72.8015391,16.600000381469727,-0.416,-0.164,0.923,,0.0,0.0,0.0,,,,,0.0,0.0,30.0,-2.999999999531156e-07,-1.9999999949504854e-06,0.03,88.0,36.5,2
10138,SO-1202,Head Constable Vivek Joshi,Head Constable,57,2026-07-15 15:52:27+00:00,100.0,85.0,,21.1811915,72.8015428,16.600000381469727,-0.667,-0.32,0.727,,0.0,0.0,0.0,,,,,0.0,0.0,30.0,-1.4999999997655775e-06,3.700000007711424e-06,0.05,85.0,36.5,2
10142,SO-1202,Head Constable Vivek Joshi,Head Constable,57,2026-07-15 15:52:57+00:00,86.0,79.0,,21.1811945,72.8015408,16.600000381469727,-0.4,0.714,0.613,,0.0,0.0,0.0,,,,,0.0,0.0,30.0,2.9999999995311555e-06,-2.00000000916134e-06,0.05,79.0,36.5,0
10147,SO-1202,Head Constable Vivek Joshi,Head Constable,57,2026-07-15 15:53:27+00:00,100.0,88.0,,21.1811927,72.8015439,16.600000381469727,-0.597,0.457,0.671,,0.0,0.0,0.0,,,,,0.0,0.0,30.0,-1.7999999997186933e-06,3.1000000006997652e-06,0.05,88.0,36.5,2
10152,SO-1202,Head Constable Vivek Joshi,Head Constable,57,2026-07-15 15:53:57+00:00,91.0,88.0,,21.1811928,72.8015389,16.600000381469727,-0.525,0.692,0.517,,0.0,0.0,0.0,,,,,0.0,0.0,30.0,1.0000000116860974e-07,-5.000000001587068e-06,0.06,88.0,36.5,2
10157,SO-1202,Head Constable Vivek Joshi,Head Constable,57,2026-07-15 15:54:27+00:00,100.0,87.0,,21.181193,72.8015358,16.600000381469727,-0.256,0.788,0.584,,0.0,0.0,0.0,,,,,0.0,0.0,30.0,1.999999987845058e-07,-3.1000000006997652e-06,0.04,87.0,36.5,2
10162,SO-1202,Head Constable Vivek Joshi,Head Constable,57,2026-07-15 15:54:57+00:00,97.0,88.0,,21.1811927,72.8015438,16.600000381469727,-0.431,0.751,0.529,,0.0,0.0,0.0,,,,,0.0,0.0,30.0,-2.999999999531156e-07,8.000000008223651e-06,0.1,88.0,36.5,2
10167,SO-1202,Head Constable Vivek Joshi,Head Constable,57,2026-07-15 15:55:27+00:00,97.0,88.0,,21.1811935,72.8015408,16.600000381469727,-0.558,0.625,0.579,,0.0,0.0,0.0,,,,,0.0,0.0,30.0,7.999999986907369e-07,-3.000000006636583e-06,0.04,88.0,36.5,2
10172,SO-1202,Head Constable Vivek Joshi,Head Constable,57,2026-07-15 15:55:57+00:00,95.0,79.0,,21.1811966,72.8015399,16.600000381469727,-0.659,-0.109,0.757,,0.0,0.0,0.0,,,,,0.0,0.0,30.0,3.1000000006997652e-06,-9.000000034120603e-07,0.04,79.0,36.5,2
10177,SO-1202,Head Constable Vivek Joshi,Head Constable,57,2026-07-15 15:56:27+00:00,87.0,88.0,,21.1811926,72.8015425,16.600000381469727,-0.57,-0.172,0.812,,0.0,0.0,0.0,,,,,0.0,0.0,30.0,-4.000000000559112e-06,2.600000001962144e-06,0.06,88.0,36.5,0
10181,SO-1202,Head Constable Vivek Joshi,Head Constable,57,2026-07-15 15:56:57+00:00,92.0,85.0,,21.1811969,72.8015426,16.600000381469727,-0.408,0.607,0.708,,0.0,0.0,0.0,,,,,0.0,0.0,30.0,4.300000000512227e-06,1.000000082740371e-07,0.06,85.0,36.5,2
10189,SO-1202,Head Constable Vivek Joshi,Head Constable,57,2026-07-15 15:57:40+00:00,96.0,84.0,,21.1811961,72.8015352,16.600000381469727,-0.684,0.72,0.106,,0.0,0.0,0.0,,,,,0.0,0.0,43.0,-7.999999986907369e-07,-7.400000001211993e-06,0.06,84.0,36.5,2
10194,SO-1202,Head Constable Vivek Joshi,Head Constable,57,2026-07-15 15:58:19+00:00,90.0,85.0,,21.1811998,72.8015371,16.600000381469727,-0.922,-0.284,-0.083,,0.0,0.0,0.0,,,,,0.0,0.0,39.0,3.700000000605996e-06,1.900000000887303e-06,0.04,85.0,36.5,0
10199,SO-1202,Head Constable Vivek Joshi,Head Constable,57,2026-07-15 15:58:48+00:00,87.0,86.0,,21.1811976,72.8015369,16.600000381469727,-0.456,0.735,0.516,,0.0,0.0,0.0,,,,,0.0,0.0,29.0,-2.2000000008404186e-06,-2.0000000233721948e-07,0.03,86.0,36.5,0
10206,SO-1202,Head Constable Vivek Joshi,Head Constable,57,2026-07-15 15:59:49+00:00,86.0,88.0,,21.1811927,72.801544,16.600000381469727,-0.548,0.48,0.723,,0.0,0.0,0.0,,,,,0.0,0.0,61.0,-4.9000000004184585e-06,7.100000004811591e-06,0.05,88.0,36.5,0
10211,SO-1202,Head Constable Vivek Joshi,Head Constable,57,2026-07-15 16:00:21+00:00,87.0,88.0,,21.1811988,72.8015338,16.600000381469727,-0.428,-0.541,0.564,,0.0,0.0,0.0,,,,,0.0,0.0,32.0,6.100000000230921e-06,-1.0200000005511356e-05,0.14,88.0,36.5,0
10216,SO-1202,Head Constable Vivek Joshi,Head Constable,57,2026-07-15 16:00:49+00:00,89.0,88.0,,21.1811925,72.8015434,16.600000381469727,-0.767,-0.391,0.138,,0.0,0.0,0.0,,,,,0.0,0.0,28.0,-6.2999999990154265e-06,9.599999998499698e-06,0.16,88.0,36.5,0
10221,SO-1202,Head Constable Vivek Joshi,Head Constable,57,2026-07-15 16:01:18+00:00,100.0,86.0,,21.1811942,72.8015432,16.600000381469727,0.314,0.93,0.314,,0.0,0.0,0.0,,,,,0.0,0.0,29.0,1.6999999985500835e-06,-2.0000000233721948e-07,0.02,86.0,36.5,2
10226,SO-1202,Head Constable Vivek Joshi,Head Constable,57,2026-07-15 16:01:48+00:00,91.0,87.0,,21.181191,72.8015361,16.600000381469727,-0.315,0.937,0.196,,0.0,0.0,0.0,,,,,0.0,0.0,30.0,-3.200000001868375e-06,-7.099999990600736e-06,0.1,87.0,36.5,2
10231,SO-1202,Head Constable Vivek Joshi,Head Constable,57,2026-07-15 16:02:19+00:00,98.0,86.0,,21.1811947,72.8015401,16.600000381469727,-0.926,-0.246,-0.001,,0.0,0.0,0.0,,,,,0.0,0.0,31.0,3.700000000605996e-06,3.999999989900971e-06,0.07,86.0,36.5,2
10235,SO-1202,Head Constable Vivek Joshi,Head Constable,57,2026-07-15 16:02:48+00:00,81.0,78.0,,21.1811933,72.8015385,16.600000381469727,-0.397,0.812,0.423,,0.0,0.0,0.0,,,,,0.0,0.0,29.0,-1.399999998596968e-06,-1.5999999902760464e-06,0.03,78.0,36.5,0
10240,SO-1202,Head Constable Vivek Joshi,Head Constable,57,2026-07-15 16:03:18+00:00,93.0,87.0,,21.1811924,72.8015432,16.600000381469727,-0.933,0.14,-0.163,,0.0,0.0,0.0,,,,,0.0,0.0,30.0,-8.999999998593466e-07,4.699999990975812e-06,0.06,87.0,36.5,2
10245,SO-1202,Head Constable Vivek Joshi,Head Constable,57,2026-07-15 16:03:48+00:00,94.0,85.0,,21.1811943,72.8015391,16.600000381469727,-0.816,0.147,-0.496,,0.0,0.0,0.0,,,,,0.0,0.0,30.0,1.900000000887303e-06,-4.099999998175008e-06,0.06,85.0,36.5,2
10250,SO-1202,Head Constable Vivek Joshi,Head Constable,57,2026-07-15 16:04:19+00:00,89.0,85.0,,21.1811952,72.8015364,16.600000381469727,-0.131,1.008,0.024,,0.0,0.0,0.0,,,,,0.0,0.0,31.0,8.999999998593466e-07,-2.6999999960253263e-06,0.03,85.0,36.5,0
10263,SO-1202,Head Constable Vivek Joshi,Head Constable,57,2026-07-15 16:05:48+00:00,89.0,88.0,,21.1811933,72.8015375,16.600000381469727,-0.954,-0.114,-0.135,,0.0,0.0,0.0,,,,,0.0,0.0,89.0,-1.900000000887303e-06,1.099999991538425e-06,0.01,88.0,36.5,0
10272,SO-1202,Head Constable Vivek Joshi,Head Constable,57,2026-07-15 16:06:18+00:00,89.0,85.0,,21.1811939,72.8015442,16.600000381469727,0.112,0.681,-0.726,,0.0,0.0,0.0,,,,,0.0,0.0,30.0,5.999999999062311e-07,6.700000000137152e-06,0.08,85.0,36.5,0
10273,SO-1202,Head Constable Vivek Joshi,Head Constable,57,2026-07-15 16:06:49+00:00,88.0,88.0,,21.1811942,72.801537,16.600000381469727,-0.913,-0.144,-0.382,,0.0,0.0,0.0,,,,,0.0,0.0,31.0,2.999999999531156e-07,-7.199999998874773e-06,0.09,88.0,36.5,0
10278,SO-1202,Head Constable Vivek Joshi,Head Constable,57,2026-07-15 16:07:19+00:00,99.0,88.0,,21.1811925,72.8015432,16.600000381469727,-0.947,-0.202,-0.053,,0.0,0.0,0.0,,,,,0.0,0.0,30.0,-1.6999999985500835e-06,6.2000000013995304e-06,0.08,88.0,36.5,2
10283,SO-1202,Head Constable Vivek Joshi,Head Constable,57,2026-07-15 16:07:48+00:00,97.0,82.0,,21.1811931,72.8015372,16.600000381469727,-0.517,0.709,-0.455,,0.0,0.0,0.0,,,,,0.0,0.0,29.0,5.999999999062311e-07,-5.999999999062311e-06,0.08,82.0,36.5,2
10288,SO-1202,Head Constable Vivek Joshi,Head Constable,57,2026-07-15 16:08:19+00:00,97.0,87.0,,21.1811925,72.8015434,16.600000381469727,-0.881,-0.216,-0.45,,0.0,0.0,0.0,,,,,0.0,0.0,31.0,-5.999999999062311e-07,6.2000000013995304e-06,0.07,87.0,36.5,2
10293,SO-1202,Head Constable Vivek Joshi,Head Constable,57,2026-07-15 16:08:49+00:00,90.0,88.0,,21.1811924,72.8015432,16.600000381469727,-0.827,-0.33,-0.414,,0.0,0.0,0.0,,,,,0.0,0.0,30.0,-1.0000000116860974e-07,-2.0000000233721948e-07,0.0,88.0,36.5,0
10298,SO-1202,Head Constable Vivek Joshi,Head Constable,57,2026-07-15 16:09:18+00:00,89.0,88.0,,21.1811939,72.801539,16.600000381469727,-0.543,-0.05,-0.691,,0.0,0.0,0.0,,,,,0.0,0.0,29.0,1.4999999997655775e-06,-4.19999999223819e-06,0.06,88.0,36.5,0
10303,SO-1202,Head Constable Vivek Joshi,Head Constable,57,2026-07-15 16:09:48+00:00,92.0,88.0,,21.1811935,72.8015376,16.600000381469727,-0.396,0.892,0.242,,0.0,0.0,0.0,,,,,0.0,0.0,30.0,-4.000000011217253e-07,-1.4000000021496817e-06,0.02,88.0,36.5,2
10308,SO-1202,Head Constable Vivek Joshi,Head Constable,57,2026-07-15 16:10:18+00:00,92.0,88.0,,21.1812009,72.801534,16.600000381469727,-0.273,0.953,0.128,,0.0,0.0,0.0,,,,,0.0,0.0,30.0,7.400000001211993e-06,-3.5999999994373866e-06,0.11,88.0,36.5,2
10313,SO-1202,Head Constable Vivek Joshi,Head Constable,57,2026-07-15 16:10:49+00:00,83.0,87.0,,21.181193,72.8015401,16.600000381469727,-0.65,0.306,0.706,,0.0,0.0,0.0,,,,,0.0,0.0,31.0,-7.899999999949614e-06,6.099999993125493e-06,0.13,87.0,36.5,0
10317,SO-1202,Head Constable Vivek Joshi,Head Constable,57,2026-07-15 16:11:18+00:00,91.0,88.0,,21.181194,72.8015375,16.600000381469727,-0.643,0.484,-0.654,,0.0,0.0,0.0,,,,,0.0,0.0,29.0,1.0000000010279564e-06,-2.600000001962144e-06,0.04,88.0,36.5,2
10323,SO-1202,Head Constable Vivek Joshi,Head Constable,57,2026-07-15 16:11:48+00:00,95.0,,,21.1811931,72.8015388,16.600000381469727,-0.346,0.462,0.852,,0.0,0.0,0.0,,,,,0.0,0.0,30.0,-8.999999998593466e-07,1.3000000080864993e-06,0.02,88.0,36.5,2
10492,SO-1202,Head Constable Vivek Joshi,Head Constable,57,2026-07-15 16:39:35+00:00,88.0,,,21.1811935,72.8015397,16.600000381469727,-0.143,-0.01,1.005,,0.0,0.0,0.0,,,,,0.0,0.0,1667.0,3.999999975690116e-07,9.000000034120603e-07,0.0,88.0,36.5,0
10496,SO-1202,Head Constable Vivek Joshi,Head Constable,57,2026-07-15 16:40:05+00:00,88.0,82.0,,21.181194,72.8015375,16.600000381469727,-0.143,-0.01,1.017,,0.0,0.0,0.0,,,,,0.0,0.0,30.0,5.00000002290335e-07,-2.2000000114985596e-06,0.03,82.0,36.5,0
10500,SO-1202,Head Constable Vivek Joshi,Head Constable,57,2026-07-15 16:40:36+00:00,88.0,,,21.1811956,72.8015356,16.600000381469727,-0.145,-0.009,1.004,,0.0,0.0,0.0,,,,,0.0,0.0,31.0,1.5999999973814738e-06,-1.900000000887303e-06,0.03,82.0,36.5,0
10504,SO-1202,Head Constable Vivek Joshi,Head Constable,57,2026-07-15 16:41:05+00:00,91.0,85.0,,21.1811925,72.8015432,16.600000381469727,-0.14,-0.007,1.013,,0.0,0.0,0.0,,,,,0.0,0.0,29.0,-3.0999999971470515e-06,7.600000003549212e-06,0.11,85.0,36.5,2
10508,SO-1202,Head Constable Vivek Joshi,Head Constable,57,2026-07-15 16:41:35+00:00,92.0,85.0,,21.181194,72.801544,16.600000381469727,-0.139,-0.012,1.015,,0.0,0.0,0.0,,,,,0.0,0.0,30.0,1.4999999997655775e-06,8.000000093488779e-07,0.02,85.0,36.5,2
10512,SO-1202,Head Constable Vivek Joshi,Head Constable,57,2026-07-15 16:42:05+00:00,88.0,,,21.1811934,72.8015371,16.600000381469727,-0.142,-0.009,1.014,,0.0,0.0,0.0,,,,,0.0,0.0,30.0,-5.999999999062311e-07,-6.900000002474371e-06,0.09,85.0,36.5,0
10516,SO-1202,Head Constable Vivek Joshi,Head Constable,57,2026-07-15 16:42:35+00:00,89.0,,,21.1811988,72.8015321,16.600000381469727,-0.14,-0.009,1.014,,0.0,0.0,0.0,,,,,0.0,0.0,30.0,5.39999999915608e-06,-5.000000001587068e-06,0.1,85.0,36.5,0
10520,SO-1202,Head Constable Vivek Joshi,Head Constable,57,2026-07-15 16:43:05+00:00,88.0,86.0,,21.1811984,72.8015386,16.600000381469727,-0.142,-0.008,1.01,,0.0,0.0,0.0,,,,,0.0,0.0,30.0,-4.000000011217253e-07,6.499999997799932e-06,0.08,86.0,36.5,0
10524,SO-1202,Head Constable Vivek Joshi,Head Constable,57,2026-07-15 16:43:35+00:00,90.0,,,21.1811925,72.8015433,16.600000381469727,-0.143,-0.013,1.013,,0.0,0.0,0.0,,,,,0.0,0.0,30.0,-5.899999997893701e-06,4.700000005186666e-06,0.1,86.0,36.5,0
10528,SO-1202,Head Constable Vivek Joshi,Head Constable,57,2026-07-15 16:44:05+00:00,88.0,,,21.1811925,72.8015432,16.600000381469727,-0.143,-0.01,1.014,,0.0,0.0,0.0,,,,,0.0,0.0,30.0,0.0,-1.000000082740371e-07,0.0,86.0,36.5,0
10532,SO-1202,Head Constable Vivek Joshi,Head Constable,57,2026-07-15 16:44:35+00:00,91.0,,,21.1811925,72.8015433,16.600000381469727,-0.141,-0.015,1.009,,0.0,0.0,0.0,,,,,0.0,0.0,30.0,0.0,1.000000082740371e-07,0.0,86.0,36.5,2
10536,SO-1202,Head Constable Vivek Joshi,Head Constable,57,2026-07-15 16:45:05+00:00,88.0,,,21.181193,72.8015438,16.600000381469727,-0.141,-0.008,1.013,,0.0,0.0,0.0,,,,,0.0,0.0,30.0,4.999999987376214e-07,4.999999987376214e-07,0.01,86.0,36.5,0
10540,SO-1202,Head Constable Vivek Joshi,Head Constable,57,2026-07-15 16:45:35+00:00,87.0,,,21.1811943,72.8015441,16.600000381469727,-0.139,-0.011,1.011,,0.0,0.0,0.0,,,,,0.0,0.0,30.0,1.300000000981072e-06,2.999999964004019e-07,0.02,86.0,36.5,0
10544,SO-1202,Head Constable Vivek Joshi,Head Constable,57,2026-07-15 16:46:05+00:00,91.0,,,21.1811991,72.8015344,16.600000381469727,-0.14,-0.01,1.009,,0.0,0.0,0.0,,,,,0.0,0.0,30.0,4.799999999249849e-06,-9.700000006773736e-06,0.14,86.0,36.5,2
10548,SO-1202,Head Constable Vivek Joshi,Head Constable,57,2026-07-15 16:46:35+00:00,89.0,,,21.1811943,72.8015421,16.600000381469727,-0.147,-0.013,1.009,,0.0,0.0,0.0,,,,,0.0,0.0,30.0,-4.799999999249849e-06,7.70000001182325e-06,0.12,86.0,36.5,0
10551,SO-1202,Head Constable Vivek Joshi,Head Constable,57,2026-07-15 16:47:05+00:00,89.0,,,21.1811925,72.8015434,16.600000381469727,-0.137,-0.008,1.006,,0.0,0.0,0.0,,,,,0.0,0.0,30.0,-1.7999999997186933e-06,1.2999999938756446e-06,0.03,86.0,36.5,0
10555,SO-1202,Head Constable Vivek Joshi,Head Constable,57,2026-07-15 16:47:35+00:00,89.0,,,21.1808306,72.8018791,16.600000381469727,-0.14,-0.009,1.006,,0.0,0.0,0.0,,,,,0.0,0.0,30.0,-0.0003619000000014,0.0003356999999937,6.37,86.0,36.5,1
10559,SO-1202,Head Constable Vivek Joshi,Head Constable,57,2026-07-15 16:48:05+00:00,89.0,,,21.1811933,72.8015439,16.600000381469727,-0.141,-0.008,1.013,,0.0,0.0,0.0,,,,,0.0,0.0,30.0,0.0003627000000001,-0.0003351999999949,6.38,86.0,36.5,1
10563,SO-1202,Head Constable Vivek Joshi,Head Constable,57,2026-07-15 16:48:36+00:00,89.0,,,21.1811937,72.8015381,16.600000381469727,-0.14,-0.012,1.01,,0.0,0.0,0.0,,,,,0.0,0.0,31.0,4.000000011217253e-07,-5.7999999967250915e-06,0.07,86.0,36.5,0
10567,SO-1202,Head Constable Vivek Joshi,Head Constable,57,2026-07-15 16:49:05+00:00,90.0,,,21.1811966,72.8015346,16.600000381469727,-0.142,-0.013,1.009,,0.0,0.0,0.0,,,,,0.0,0.0,29.0,2.8999999983625457e-06,-3.500000005374204e-06,0.06,86.0,36.5,0
10571,SO-1202,Head Constable Vivek Joshi,Head Constable,57,2026-07-15 16:49:35+00:00,93.0,,,21.181203,72.8015276,16.600000381469727,-0.138,-0.008,1.012,,0.0,0.0,0.0,,,,,0.0,0.0,30.0,6.400000000184036e-06,-6.999999996537554e-06,0.12,86.0,36.5,2
10575,SO-1202,Head Constable Vivek Joshi,Head Constable,57,2026-07-15 16:50:05+00:00,90.0,,,21.1811931,72.8015383,16.600000381469727,-0.141,-0.011,1.013,,0.0,0.0,0.0,,,,,0.0,0.0,30.0,-9.899999998452811e-06,1.0700000004248976e-05,0.19,86.0,36.5,0
10579,SO-1202,Head Constable Vivek Joshi,Head Constable,57,2026-07-15 16:50:35+00:00,89.0,,,21.1811945,72.801537,16.600000381469727,-0.144,-0.009,1.01,,0.0,0.0,0.0,,,,,0.0,0.0,30.0,1.399999998596968e-06,-1.3000000080864993e-06,0.02,86.0,36.5,0
10583,SO-1202,Head Constable Vivek Joshi,Head Constable,57,2026-07-15 16:51:05+00:00,87.0,,,21.1811999,72.801532,16.600000381469727,-0.142,-0.009,1.012,,0.0,0.0,0.0,,,,,0.0,0.0,30.0,5.39999999915608e-06,-5.000000001587068e-06,0.1,86.0,36.5,0
10586,SO-1202,Head Constable Vivek Joshi,Head Constable,57,2026-07-15 16:51:35+00:00,89.0,,,21.1811937,72.8015367,16.600000381469727,-0.142,-0.01,1.013,,0.0,0.0,0.0,,,,,0.0,0.0,30.0,-6.199999997846817e-06,4.700000005186666e-06,0.1,86.0,36.5,0
10590,SO-1202,Head Constable Vivek Joshi,Head Constable,57,2026-07-15 16:52:06+00:00,88.0,,,21.181194,72.8015375,16.600000381469727,-0.142,-0.01,1.007,,0.0,0.0,0.0,,,,,0.0,0.0,31.0,2.999999999531156e-07,7.999999951380232e-07,0.01,86.0,36.5,0
10594,SO-1202,Head Constable Vivek Joshi,Head Constable,57,2026-07-15 16:52:35+00:00,92.0,,,21.1811972,72.8015347,16.600000381469727,-0.143,-0.009,1.007,,0.0,0.0,0.0,,,,,0.0,0.0,29.0,3.1999999983156613e-06,-2.7999999900885086e-06,0.06,86.0,36.5,2
10598,SO-1202,Head Constable Vivek Joshi,Head Constable,57,2026-07-15 16:53:05+00:00,87.0,,,21.1812007,72.8015302,16.600000381469727,-0.136,-0.009,1.011,,0.0,0.0,0.0,,,,,0.0,0.0,30.0,3.5000000018214905e-06,-4.500000002849447e-06,0.07,86.0,36.5,0
10602,SO-1202,Head Constable Vivek Joshi,Head Constable,57,2026-07-15 16:53:35+00:00,89.0,,,21.1811944,72.8015406,16.600000381469727,-0.144,-0.012,1.008,,0.0,0.0,0.0,,,,,0.0,0.0,30.0,-6.30000000256814e-06,1.039999999363772e-05,0.15,86.0,36.5,0
10606,SO-1202,Head Constable Vivek Joshi,Head Constable,57,2026-07-15 16:54:05+00:00,90.0,,,21.1811949,72.8015414,16.600000381469727,-0.142,-0.009,1.016,,0.0,0.0,0.0,,,,,0.0,0.0,30.0,5.00000002290335e-07,8.000000093488779e-07,0.01,86.0,36.5,0
10610,SO-1202,Head Constable Vivek Joshi,Head Constable,57,2026-07-15 16:54:35+00:00,90.0,,,21.1811939,72.801536,16.600000381469727,-0.141,-0.007,1.008,,0.0,0.0,0.0,,,,,0.0,0.0,30.0,-1.0000000010279564e-06,-5.400000006261507e-06,0.07,86.0,36.5,0
10614,SO-1202,Head Constable Vivek Joshi,Head Constable,57,2026-07-15 16:55:05+00:00,86.0,,,21.1812034,72.8015296,16.600000381469727,-0.138,-0.011,1.013,,0.0,0.0,0.0,,,,,0.0,0.0,30.0,9.5000000008838e-06,-6.40000000373675e-06,0.15,86.0,36.5,0
10618,SO-1202,Head Constable Vivek Joshi,Head Constable,57,2026-07-15 16:55:35+00:00,85.0,,,21.181194,72.801544,16.600000381469727,-0.137,-0.011,1.015,,0.0,0.0,0.0,,,,,0.0,0.0,30.0,-9.399999999715192e-06,1.44000000119604e-05,0.22,86.0,36.5,0
10622,SO-1202,Head Constable Vivek Joshi,Head Constable,57,2026-07-15 16:56:05+00:00,87.0,,,21.1811961,72.8015425,16.600000381469727,-0.139,-0.014,1.016,,0.0,0.0,0.0,,,,,0.0,0.0,30.0,2.099999999671809e-06,-1.5000000104237188e-06,0.03,86.0,36.5,0
10627,SO-1202,Head Constable Vivek Joshi,Head Constable,57,2026-07-15 16:56:35+00:00,90.0,,,21.1811933,72.8015439,16.600000381469727,-0.14,-0.012,1.012,,0.0,0.0,0.0,,,,,0.0,0.0,30.0,-2.8000000007466497e-06,1.4000000021496817e-06,0.04,86.0,36.5,0
10632,SO-1202,Head Constable Vivek Joshi,Head Constable,57,2026-07-15 16:57:05+00:00,91.0,,,21.1811933,72.8015439,16.600000381469727,-0.141,-0.014,1.016,,0.0,0.0,0.0,,,,,0.0,0.0,30.0,0.0,0.0,0.0,86.0,36.5,2
10636,SO-1202,Head Constable Vivek Joshi,Head Constable,57,2026-07-15 16:57:35+00:00,85.0,,,21.1811927,72.8015434,16.600000381469727,-0.14,-0.014,1.008,,0.0,0.0,0.0,,,,,0.0,0.0,30.0,-5.999999999062311e-07,-4.999999987376214e-07,0.01,86.0,36.5,0
10640,SO-1202,Head Constable Vivek Joshi,Head Constable,57,2026-07-15 16:58:05+00:00,92.0,,,21.1811933,72.8015439,16.600000381469727,-0.141,-0.01,1.014,,0.0,0.0,0.0,,,,,0.0,0.0,30.0,5.999999999062311e-07,4.999999987376214e-07,0.01,86.0,36.5,2
10644,SO-1202,Head Constable Vivek Joshi,Head Constable,57,2026-07-15 16:58:34+00:00,95.0,,,21.1810136,72.8012383,16.600000381469727,-0.141,-0.01,1.009,,0.0,0.0,0.0,,,,,0.0,0.0,29.0,-0.0001797000000003,-0.0003056000000043,4.64,86.0,36.5,1
10648,SO-1202,Head Constable Vivek Joshi,Head Constable,57,2026-07-15 16:59:05+00:00,88.0,,,21.1811926,72.8015433,16.600000381469727,-0.138,-0.008,1.009,,0.0,0.0,0.0,,,,,0.0,0.0,31.0,0.0001789999999992,0.0003050000000115,4.33,86.0,36.5,0
10652,SO-1202,Head Constable Vivek Joshi,Head Constable,57,2026-07-15 16:59:35+00:00,94.0,,,21.1811925,72.8015432,16.600000381469727,-0.14,-0.008,1.015,,0.0,0.0,0.0,,,,,0.0,0.0,30.0,-9.999999761589606e-08,-1.000000082740371e-07,0.0,86.0,36.5,2
10657,SO-1202,Head Constable Vivek Joshi,Head Constable,57,2026-07-15 17:00:06+00:00,88.0,,,21.1811944,72.8015442,16.600000381469727,-0.139,-0.014,1.018,,0.0,0.0,0.0,,,,,0.0,0.0,31.0,1.8999999973345896e-06,9.999999974752427e-07,0.03,86.0,36.5,0
10662,SO-1202,Head Constable Vivek Joshi,Head Constable,57,2026-07-15 17:00:35+00:00,93.0,,,21.1811966,72.8015428,16.600000381469727,-0.137,-0.011,1.018,,0.0,0.0,0.0,,,,,0.0,0.0,29.0,2.2000000008404186e-06,-1.399999987938827e-06,0.04,86.0,36.5,2
10667,SO-1202,Head Constable Vivek Joshi,Head Constable,57,2026-07-15 17:01:05+00:00,90.0,,,21.1811936,72.801544,16.600000381469727,-0.14,-0.013,1.01,,0.0,0.0,0.0,,,,,0.0,0.0,30.0,-2.9999999995311555e-06,1.1999999998124622e-06,0.04,86.0,36.5,0
10672,SO-1202,Head Constable Vivek Joshi,Head Constable,57,2026-07-15 17:01:35+00:00,90.0,,,21.1811934,72.8015441,16.600000381469727,-0.146,-0.012,1.012,,0.0,0.0,0.0,,,,,0.0,0.0,30.0,-1.999999987845058e-07,9.999999406318238e-08,0.0,86.0,36.5,0
10677,SO-1202,Head Constable Vivek Joshi,Head Constable,57,2026-07-15 17:02:05+00:00,93.0,,,21.1812023,72.8015282,16.600000381469727,-0.14,-0.007,1.016,,0.0,0.0,0.0,,,,,0.0,0.0,30.0,8.899999997424857e-06,-1.589999999396241e-05,0.23,86.0,36.5,2
10682,SO-1202,Head Constable Vivek Joshi,Head Constable,57,2026-07-15 17:02:35+00:00,89.0,,,21.181193,72.8015439,16.600000381469727,-0.136,-0.011,1.013,,0.0,0.0,0.0,,,,,0.0,0.0,30.0,-9.299999998546582e-06,1.569999999162519e-05,0.23,86.0,36.5,0
10687,SO-1202,Head Constable Vivek Joshi,Head Constable,57,2026-07-15 17:03:05+00:00,89.0,,,21.1811939,72.8015442,16.600000381469727,-0.138,-0.01,1.013,,0.0,0.0,0.0,,,,,0.0,0.0,30.0,8.999999998593466e-07,2.999999964004019e-07,0.01,86.0,36.5,0
10692,SO-1202,Head Constable Vivek Joshi,Head Constable,57,2026-07-15 17:03:35+00:00,88.0,,,21.1811943,72.8015441,16.600000381469727,-0.145,-0.012,1.011,,0.0,0.0,0.0,,,,,0.0,0.0,30.0,4.000000011217253e-07,-9.999999406318238e-08,0.01,86.0,36.5,0
10697,SO-1202,Head Constable Vivek Joshi,Head Constable,57,2026-07-15 17:04:05+00:00,93.0,,,21.1811934,72.8015441,16.600000381469727,-0.142,-0.011,1.023,,0.0,0.0,0.0,,,,,0.0,0.0,30.0,-8.999999998593466e-07,0.0,0.01,86.0,36.5,2
10702,SO-1202,Head Constable Vivek Joshi,Head Constable,57,2026-07-15 17:04:35+00:00,93.0,,,21.181193,72.8015438,16.600000381469727,-0.139,-0.014,1.016,,0.0,0.0,0.0,,,,,0.0,0.0,30.0,-4.000000011217253e-07,-2.999999964004019e-07,0.01,86.0,36.5,2
10707,SO-1202,Head Constable Vivek Joshi,Head Constable,57,2026-07-15 17:05:05+00:00,92.0,,,21.1811934,72.8015441,16.600000381469727,-0.142,-0.007,1.013,,0.0,0.0,0.0,,,,,0.0,0.0,30.0,4.000000011217253e-07,2.999999964004019e-07,0.01,86.0,36.5,2
10712,SO-1202,Head Constable Vivek Joshi,Head Constable,57,2026-07-15 17:05:35+00:00,89.0,,,21.1811952,72.8015364,16.600000381469727,-0.14,-0.011,1.016,,0.0,0.0,0.0,,,,,0.0,0.0,30.0,1.7999999997186933e-06,-7.699999997612395e-06,0.1,86.0,36.5,0
10717,SO-1202,Head Constable Vivek Joshi,Head Constable,57,2026-07-15 17:06:05+00:00,90.0,,,21.1812074,72.801525,16.600000381469727,-0.139,-0.012,1.002,,0.0,0.0,0.0,,,,,0.0,0.0,30.0,1.220000000046184e-05,-1.1400000005323818e-05,0.22,86.0,36.5,0
10722,SO-1202,Head Constable Vivek Joshi,Head Constable,57,2026-07-15 17:06:35+00:00,90.0,,,21.1811994,72.8015352,16.600000381469727,-0.139,-0.013,1.014,,0.0,0.0,0.0,,,,,0.0,0.0,30.0,-8.000000001118224e-06,1.0200000005511356e-05,0.17,86.0,36.5,0
10727,SO-1202,Head Constable Vivek Joshi,Head Constable,57,2026-07-15 17:07:05+00:00,89.0,,,21.1811923,72.801539,16.600000381469727,-0.142,-0.01,1.018,,0.0,0.0,0.0,,,,,0.0,0.0,30.0,-7.100000001258877e-06,3.800000001774606e-06,0.11,86.0,36.5,0
10732,SO-1202,Head Constable Vivek Joshi,Head Constable,57,2026-07-15 17:07:35+00:00,88.0,,,21.1811966,72.8015323,16.600000381469727,-0.137,-0.004,1.01,,0.0,0.0,0.0,,,,,0.0,0.0,30.0,4.300000000512227e-06,-6.700000000137152e-06,0.1,86.0,36.5,0
10736,SO-1202,Head Constable Vivek Joshi,Head Constable,57,2026-07-15 17:08:05+00:00,88.0,,,21.1811908,72.8015335,16.600000381469727,-0.136,-0.008,1.005,,0.0,0.0,0.0,,,,,0.0,0.0,30.0,-5.800000000277805e-06,1.1999999998124622e-06,0.08,86.0,36.5,0
10741,SO-1202,Head Constable Vivek Joshi,Head Constable,57,2026-07-15 17:08:35+00:00,91.0,,,21.1808306,72.8018791,16.600000381469727,-0.138,-0.011,1.008,,0.0,0.0,0.0,,,,,0.0,0.0,30.0,-0.0003601999999993,0.0003455999999886,6.44,86.0,36.5,1
10747,SO-1202,Head Constable Vivek Joshi,Head Constable,57,2026-07-15 17:09:07+00:00,90.0,,,21.181189,72.8015204,16.600000381469727,-0.141,-0.011,1.013,,0.0,0.0,0.0,,,,,0.0,0.0,32.0,0.0003583999999996,-0.0003586999999924,6.12,86.0,36.5,1
10752,SO-1202,Head Constable Vivek Joshi,Head Constable,57,2026-07-15 17:09:48+00:00,88.0,,,21.1811992,72.8015225,16.600000381469727,-0.14,-0.013,1.012,,0.0,0.0,0.0,,,,,0.0,0.0,41.0,1.0199999998405929e-05,2.1000000032245225e-06,0.1,86.0,36.5,0
10757,SO-1202,Head Constable Vivek Joshi,Head Constable,57,2026-07-15 17:10:24+00:00,90.0,,,21.1811936,72.801544,16.600000381469727,-0.136,-0.008,1.008,,0.0,0.0,0.0,,,,,0.0,0.0,36.0,-5.599999997940586e-06,2.1500000002561137e-05,0.23,86.0,36.5,0
10766,SO-1202,Head Constable Vivek Joshi,Head Constable,57,2026-07-15 17:11:25+00:00,93.0,,,21.181193,72.8015439,16.600000381469727,-0.141,-0.014,1.02,,0.0,0.0,0.0,,,,,0.0,0.0,61.0,-5.999999999062311e-07,-1.000000082740371e-07,0.0,86.0,36.5,2
10774,SO-1202,Head Constable Vivek Joshi,Head Constable,57,2026-07-15 17:11:54+00:00,89.0,,,21.1811927,72.8015434,16.600000381469727,-0.138,-0.013,1.013,,0.0,0.0,0.0,,,,,0.0,0.0,29.0,-2.999999999531156e-07,-4.999999987376214e-07,0.01,86.0,36.5,0
10776,SO-1202,Head Constable Vivek Joshi,Head Constable,57,2026-07-15 17:12:24+00:00,87.0,,,21.1811925,72.8015436,16.600000381469727,-0.14,-0.01,1.008,,0.0,0.0,0.0,,,,,0.0,0.0,30.0,-1.999999987845058e-07,2.0000000233721948e-07,0.0,86.0,36.5,0
10785,SO-1202,Head Constable Vivek Joshi,Head Constable,57,2026-07-15 17:12:54+00:00,89.0,,,21.1811927,72.8015434,16.600000381469727,-0.138,-0.008,1.017,,0.0,0.0,0.0,,,,,0.0,0.0,30.0,1.999999987845058e-07,-2.0000000233721948e-07,0.0,86.0,36.5,0
10786,SO-1202,Head Constable Vivek Joshi,Head Constable,57,2026-07-15 17:13:24+00:00,90.0,,,21.1811949,72.8015374,16.600000381469727,-0.139,-0.009,1.004,,0.0,0.0,0.0,,,,,0.0,0.0,30.0,2.2000000008404186e-06,-5.999999999062311e-06,0.08,86.0,36.5,0
10791,SO-1202,Head Constable Vivek Joshi,Head Constable,57,2026-07-15 17:13:54+00:00,90.0,,,21.1811961,72.8015357,16.600000381469727,-0.139,-0.014,1.013,,0.0,0.0,0.0,,,,,0.0,0.0,30.0,1.1999999998124622e-06,-1.6999999985500835e-06,0.03,86.0,36.5,0
10796,SO-1202,Head Constable Vivek Joshi,Head Constable,57,2026-07-15 17:14:24+00:00,90.0,,,21.1811948,72.8015363,16.600000381469727,-0.142,-0.01,1.016,,0.0,0.0,0.0,,,,,0.0,0.0,30.0,-1.300000000981072e-06,5.999999928008037e-07,0.02,86.0,36.5,0
10801,SO-1202,Head Constable Vivek Joshi,Head Constable,57,2026-07-15 17:14:54+00:00,91.0,,,21.181194,72.801544,16.600000381469727,-0.136,-0.011,1.01,,0.0,0.0,0.0,,,,,0.0,0.0,30.0,-7.999999986907369e-07,7.70000001182325e-06,0.1,86.0,36.5,2
10805,SO-1202,Head Constable Vivek Joshi,Head Constable,57,2026-07-15 17:15:24+00:00,86.0,,,21.1811926,72.8015433,16.600000381469727,-0.14,-0.007,1.015,,0.0,0.0,0.0,,,,,0.0,0.0,30.0,-1.4000000021496817e-06,-7.000000010748408e-07,0.02,86.0,36.5,0
10810,SO-1202,Head Constable Vivek Joshi,Head Constable,57,2026-07-15 17:15:54+00:00,85.0,,,21.1811925,72.8015432,16.600000381469727,-0.136,-0.007,1.009,,0.0,0.0,0.0,,,,,0.0,0.0,30.0,-9.999999761589606e-08,-1.000000082740371e-07,0.0,86.0,36.5,0
10814,SO-1202,Head Constable Vivek Joshi,Head Constable,57,2026-07-15 17:16:24+00:00,89.0,,,21.1811959,72.8015428,16.600000381469727,-0.137,-0.011,1.001,,0.0,0.0,0.0,,,,,0.0,0.0,30.0,3.399999997100167e-06,-3.9999999046358425e-07,0.05,86.0,36.5,0
10821,SO-1202,Head Constable Vivek Joshi,Head Constable,57,2026-07-15 17:17:09+00:00,87.0,,,21.1811911,72.8015374,16.600000381469727,-0.142,-0.01,1.009,,0.0,0.0,0.0,,,,,0.0,0.0,45.0,-4.799999999249849e-06,-5.400000006261507e-06,0.06,86.0,36.5,0
10825,SO-1202,Head Constable Vivek Joshi,Head Constable,57,2026-07-15 17:17:48+00:00,90.0,,,21.181201,72.8015311,16.600000381469727,-0.142,-0.012,1.019,,0.0,0.0,0.0,,,,,0.0,0.0,39.0,9.900000002005528e-06,-6.299999995462713e-06,0.12,86.0,36.5,0
10829,SO-1202,Head Constable Vivek Joshi,Head Constable,57,2026-07-15 17:18:18+00:00,89.0,,,21.1812041,72.8015277,16.600000381469727,-0.138,-0.007,1.01,,0.0,0.0,0.0,,,,,0.0,0.0,30.0,3.0999999971470515e-06,-3.400000011311022e-06,0.06,86.0,36.5,0
10833,SO-1202,Head Constable Vivek Joshi,Head Constable,57,2026-07-15 17:18:48+00:00,94.0,,,21.1811924,72.8015432,16.600000381469727,-0.142,-0.012,1.015,,0.0,0.0,0.0,,,,,0.0,0.0,30.0,-1.1699999998171506e-05,1.5500000003498826e-05,0.25,86.0,36.5,2
10837,SO-1202,Head Constable Vivek Joshi,Head Constable,57,2026-07-15 17:19:18+00:00,87.0,,,21.1811966,72.8015339,16.600000381469727,-0.139,-0.012,1.011,,0.0,0.0,0.0,,,,,0.0,0.0,30.0,4.199999999343618e-06,-9.300000002099296e-06,0.13,86.0,36.5,0
10841,SO-1202,Head Constable Vivek Joshi,Head Constable,57,2026-07-15 17:19:48+00:00,92.0,,,21.1811951,72.8015356,16.600000381469727,-0.137,-0.011,1.01,,0.0,0.0,0.0,,,,,0.0,0.0,30.0,-1.4999999997655775e-06,1.6999999985500835e-06,0.03,86.0,36.5,2
10845,SO-1202,Head Constable Vivek Joshi,Head Constable,57,2026-07-15 17:20:20+00:00,88.0,,,21.1811926,72.8015383,16.600000381469727,-0.14,-0.011,1.011,,0.0,0.0,0.0,,,,,0.0,0.0,32.0,-2.500000000793534e-06,2.700000010236181e-06,0.04,86.0,36.5,0
10848,SO-1202,Head Constable Vivek Joshi,Head Constable,57,2026-07-15 17:20:49+00:00,92.0,,,21.1811928,72.8015389,16.600000381469727,-0.134,-0.01,1.009,,0.0,0.0,0.0,,,,,0.0,0.0,29.0,2.0000000233721948e-07,5.999999928008037e-07,0.01,86.0,36.5,2
10855,SO-1202,Head Constable Vivek Joshi,Head Constable,57,2026-07-15 17:21:48+00:00,94.0,,,21.1811934,72.8015441,16.600000381469727,-0.137,-0.012,1.012,,0.0,0.0,0.0,,,,,0.0,0.0,59.0,5.999999999062311e-07,5.200000003924288e-06,0.03,86.0,36.5,2
10856,SO-1202,Head Constable Vivek Joshi,Head Constable,57,2026-07-15 17:22:19+00:00,87.0,,,21.1811979,72.8015378,16.600000381469727,-0.14,-0.009,1.013,,0.0,0.0,0.0,,,,,0.0,0.0,31.0,4.499999999296733e-06,-6.299999995462713e-06,0.1,86.0,36.5,0
10857,SO-1202,Head Constable Vivek Joshi,Head Constable,57,2026-07-15 17:22:48+00:00,94.0,,,21.1811922,72.8015408,16.600000381469727,-0.14,-0.008,1.011,,0.0,0.0,0.0,,,,,0.0,0.0,29.0,-5.699999999109195e-06,2.999999992425728e-06,0.09,86.0,36.5,2
10860,SO-1202,Head Constable Vivek Joshi,Head Constable,57,2026-07-15 17:23:18+00:00,89.0,,,21.1811926,72.8015383,16.600000381469727,-0.139,-0.008,1.005,,0.0,0.0,0.0,,,,,0.0,0.0,30.0,3.999999975690116e-07,-2.4999999936881068e-06,0.03,86.0,36.5,0
10863,SO-1202,Head Constable Vivek Joshi,Head Constable,57,2026-07-15 17:23:48+00:00,86.0,,,21.1811981,72.8015325,16.600000381469727,-0.142,-0.009,1.011,,0.0,0.0,0.0,,,,,0.0,0.0,30.0,5.50000000032469e-06,-5.800000010935946e-06,0.1,86.0,36.5,0
10866,SO-1202,Head Constable Vivek Joshi,Head Constable,57,2026-07-15 17:24:18+00:00,88.0,,,21.1811961,72.8015432,16.600000381469727,-0.138,-0.01,1.008,,0.0,0.0,0.0,,,,,0.0,0.0,30.0,-1.999999998503199e-06,1.0700000004248976e-05,0.14,86.0,36.5,0
10869,SO-1202,Head Constable Vivek Joshi,Head Constable,57,2026-07-15 17:24:48+00:00,91.0,,,21.181194,72.801544,16.600000381469727,-0.133,-0.009,1.01,,0.0,0.0,0.0,,,,,0.0,0.0,30.0,-2.099999999671809e-06,8.000000093488779e-07,0.03,86.0,36.5,2
10872,SO-1202,Head Constable Vivek Joshi,Head Constable,57,2026-07-15 17:25:18+00:00,88.0,,,21.1808306,72.8018791,16.600000381469727,-0.136,-0.017,1.015,,0.0,0.0,0.0,,,,,0.0,0.0,30.0,-0.0003634000000012,0.0003350999999867,6.38,86.0,36.5,1
10875,SO-1202,Head Constable Vivek Joshi,Head Constable,57,2026-07-15 17:25:48+00:00,90.0,,,21.1811933,72.8015439,16.600000381469727,-0.138,-0.012,1.017,,0.0,0.0,0.0,,,,,0.0,0.0,30.0,0.0003627000000001,-0.0003351999999949,6.38,86.0,36.5,1
10878,SO-1202,Head Constable Vivek Joshi,Head Constable,57,2026-07-15 17:26:18+00:00,89.0,,,21.1811942,72.8015442,16.600000381469727,-0.14,-0.011,1.017,,0.0,0.0,0.0,,,,,0.0,0.0,30.0,8.999999998593466e-07,2.999999964004019e-07,0.01,86.0,36.5,0
10881,SO-1202,Head Constable Vivek Joshi,Head Constable,57,2026-07-15 17:26:52+00:00,89.0,,,21.1811934,72.8015441,16.600000381469727,-0.136,-0.012,1.01,,0.0,0.0,0.0,,,,,0.0,0.0,34.0,-7.999999986907369e-07,-9.999999406318238e-08,0.01,86.0,36.5,0
10884,SO-1202,Head Constable Vivek Joshi,Head Constable,57,2026-07-15 17:27:25+00:00,90.0,,,21.181193,72.8015438,16.600000381469727,-0.139,-0.013,1.008,,0.0,0.0,0.0,,,,,0.0,0.0,33.0,-4.000000011217253e-07,-2.999999964004019e-07,0.01,86.0,36.5,0
10889,SO-1202,Head Constable Vivek Joshi,Head Constable,57,2026-07-15 17:28:05+00:00,88.0,,,21.181194,72.801544,16.600000381469727,-0.137,-0.011,1.013,,0.0,0.0,0.0,,,,,0.0,0.0,40.0,1.0000000010279564e-06,2.0000000233721948e-07,0.01,86.0,36.5,0
10892,SO-1202,Head Constable Vivek Joshi,Head Constable,57,2026-07-15 17:28:46+00:00,92.0,,,21.1811942,72.8015442,16.600000381469727,-0.138,-0.009,1.011,,0.0,0.0,0.0,,,,,0.0,0.0,41.0,1.999999987845058e-07,1.9999998812636477e-07,0.0,86.0,36.5,2
10895,SO-1202,Head Constable Vivek Joshi,Head Constable,57,2026-07-15 17:29:20+00:00,88.0,,,21.1811947,72.8015394,16.600000381469727,-0.135,-0.011,1.012,,0.0,0.0,0.0,,,,,0.0,0.0,34.0,4.999999987376214e-07,-4.799999999249849e-06,0.05,86.0,36.5,0
10899,SO-1202,Head Constable Vivek Joshi,Head Constable,57,2026-07-15 17:29:59+00:00,87.0,,,21.1811934,72.8015441,16.600000381469727,-0.141,-0.008,1.011,,0.0,0.0,0.0,,,,,0.0,0.0,39.0,-1.2999999974283585e-06,4.700000005186666e-06,0.05,86.0,36.5,0
10902,SO-1202,Head Constable Vivek Joshi,Head Constable,57,2026-07-15 17:30:29+00:00,91.0,,,21.181194,72.801544,16.600000381469727,-0.139,-0.009,1.012,,0.0,0.0,0.0,,,,,0.0,0.0,30.0,5.999999999062311e-07,-9.999999406318238e-08,0.01,86.0,36.5,2
10905,SO-1202,Head Constable Vivek Joshi,Head Constable,57,2026-07-15 17:30:59+00:00,89.0,,,21.1811936,72.801544,16.600000381469727,-0.136,-0.008,1.014,,0.0,0.0,0.0,,,,,0.0,0.0,30.0,-4.000000011217253e-07,0.0,0.01,86.0,36.5,0
10908,SO-1202,Head Constable Vivek Joshi,Head Constable,57,2026-07-15 17:31:29+00:00,87.0,,,21.1811974,72.8015381,16.600000381469727,-0.137,-0.008,1.006,,0.0,0.0,0.0,,,,,0.0,0.0,30.0,3.799999998221893e-06,-5.900000004999129e-06,0.09,86.0,36.5,0
10911,SO-1202,Head Constable Vivek Joshi,Head Constable,57,2026-07-15 17:31:59+00:00,91.0,,,21.181193,72.801537,16.600000381469727,-0.139,-0.008,1.006,,0.0,0.0,0.0,,,,,0.0,0.0,30.0,-4.3999999981281235e-06,-1.1000000057492798e-06,0.06,86.0,36.5,2
10914,SO-1202,Head Constable Vivek Joshi,Head Constable,57,2026-07-15 17:32:29+00:00,89.0,,,21.1811929,72.8015367,16.600000381469727,-0.139,-0.012,1.009,,0.0,0.0,0.0,,,,,0.0,0.0,30.0,-1.0000000116860974e-07,-2.999999964004019e-07,0.0,86.0,36.5,0
10917,SO-1202,Head Constable Vivek Joshi,Head Constable,57,2026-07-15 17:32:59+00:00,94.0,,,21.1811951,72.8015436,16.600000381469727,-0.142,-0.01,1.014,,0.0,0.0,0.0,,,,,0.0,0.0,30.0,2.2000000008404186e-06,6.900000002474371e-06,0.09,86.0,36.5,2
10920,SO-1202,Head Constable Vivek Joshi,Head Constable,57,2026-07-15 17:33:29+00:00,92.0,,,21.181194,72.801544,16.600000381469727,0.027,0.067,1.021,,0.0,0.0,0.0,,,,,0.0,0.0,30.0,-1.0999999986438525e-06,4.0000000467443897e-07,0.02,86.0,36.5,2
10923,SO-1202,Head Constable Vivek Joshi,Head Constable,57,2026-07-15 17:33:59+00:00,88.0,85.0,,21.1811942,72.8015442,16.600000381469727,0.014,-0.009,1.028,,0.0,0.0,0.0,,,,,0.0,0.0,30.0,1.999999987845058e-07,1.9999998812636477e-07,0.0,85.0,36.5,0
10926,SO-1202,Head Constable Vivek Joshi,Head Constable,57,2026-07-15 17:34:30+00:00,90.0,,,21.1811939,72.8015442,16.600000381469727,0.013,-0.007,1.022,,0.0,0.0,0.0,,,,,0.0,0.0,31.0,-2.999999999531156e-07,0.0,0.0,85.0,36.5,0
10929,SO-1202,Head Constable Vivek Joshi,Head Constable,57,2026-07-15 17:35:00+00:00,94.0,,,21.1811927,72.8015436,16.600000381469727,0.012,-0.004,1.02,,0.0,0.0,0.0,,,,,0.0,0.0,30.0,-1.1999999998124622e-06,-5.999999928008037e-07,0.02,85.0,36.5,2
10932,SO-1202,Head Constable Vivek Joshi,Head Constable,57,2026-07-15 17:35:30+00:00,88.0,85.0,,21.181194,72.801544,16.600000381469727,0.013,-0.006,1.022,,0.0,0.0,0.0,,,,,0.0,0.0,30.0,1.300000000981072e-06,4.0000000467443897e-07,0.02,85.0,36.5,0
10935,SO-1202,Head Constable Vivek Joshi,Head Constable,57,2026-07-15 17:36:00+00:00,90.0,85.0,,21.181194,72.801544,16.600000381469727,0.012,-0.004,1.021,,0.0,0.0,0.0,,,,,0.0,0.0,30.0,0.0,0.0,0.0,85.0,36.5,0
10938,SO-1202,Head Constable Vivek Joshi,Head Constable,57,2026-07-15 17:36:30+00:00,88.0,,,21.1811944,72.8015442,16.600000381469727,0.013,0.0,1.031,,0.0,0.0,0.0,,,,,0.0,0.0,30.0,3.999999975690116e-07,1.9999998812636477e-07,0.01,85.0,36.5,0
10942,SO-1202,Head Constable Vivek Joshi,Head Constable,57,2026-07-15 17:37:05+00:00,92.0,,,21.1811905,72.8015434,16.600000381469727,0.016,-0.006,1.019,,0.0,0.0,0.0,,,,,0.0,0.0,35.0,-3.899999999390502e-06,-7.999999951380232e-07,0.05,85.0,36.5,2
11171,SO-1202,Head Constable Vivek Joshi,Head Constable,57,2026-07-15 18:10:49+00:00,89.0,,,21.1811927,72.8015366,16.600000381469727,0.368,0.402,-0.857,,0.0,0.0,0.0,,,,,0.0,0.0,2024.0,2.2000000008404186e-06,-6.799999994200334e-06,0.0,85.0,36.5,0
11177,SO-1202,Head Constable Vivek Joshi,Head Constable,57,2026-07-15 18:11:20+00:00,91.0,88.0,,21.1811927,72.8015438,16.600000381469727,0.379,-0.415,0.844,,0.0,0.0,0.0,,,,,0.0,0.0,31.0,0.0,7.199999998874773e-06,0.09,88.0,36.5,2
16579,SO-1202,Head Constable Vivek Joshi,Head Constable,57,2026-07-16 14:30:21+00:00,87.0,88.0,,21.181195,72.8015416,16.600000381469727,-0.981,-0.023,-0.086,,0.0,0.0,0.0,,,,,0.0,0.0,73141.0,2.2999999984563142e-06,-2.2000000114985596e-06,0.0,88.0,36.5,0
16588,SO-1202,Head Constable Vivek Joshi,Head Constable,57,2026-07-16 14:30:54+00:00,100.0,88.0,,21.1811936,72.8015386,16.600000381469727,-0.925,-0.274,-0.153,,0.0,0.0,0.0,,,,,0.0,0.0,33.0,-1.399999998596968e-06,-2.999999992425728e-06,0.04,88.0,36.5,2
16593,SO-1202,Head Constable Vivek Joshi,Head Constable,57,2026-07-16 14:31:23+00:00,89.0,85.0,,21.1811934,72.8015382,16.600000381469727,-0.914,-0.375,-0.019,,0.0,0.0,0.0,,,,,0.0,0.0,29.0,-1.999999987845058e-07,-4.0000000467443897e-07,0.01,85.0,36.5,0
16600,SO-1202,Head Constable Vivek Joshi,Head Constable,57,2026-07-16 14:31:53+00:00,100.0,88.0,,21.1811924,72.8015362,16.600000381469727,-0.735,-0.197,0.635,,0.0,0.0,0.0,,,,,0.0,0.0,30.0,-1.0000000010279564e-06,-1.9999999949504854e-06,0.03,88.0,36.5,2
16606,SO-1202,Head Constable Vivek Joshi,Head Constable,57,2026-07-16 14:32:23+00:00,94.0,88.0,,21.1811926,72.801541,16.600000381469727,-0.903,-0.124,0.397,,0.0,0.0,0.0,,,,,0.0,0.0,30.0,1.999999987845058e-07,4.799999999249849e-06,0.06,88.0,36.5,2
16612,SO-1202,Head Constable Vivek Joshi,Head Constable,57,2026-07-16 14:32:53+00:00,97.0,88.0,,21.1811967,72.8015417,16.600000381469727,-0.919,-0.144,0.333,,0.0,0.0,0.0,,,,,0.0,0.0,30.0,4.100000001727722e-06,7.000000010748408e-07,0.06,88.0,36.5,2
16624,SO-1202,Head Constable Vivek Joshi,Head Constable,57,2026-07-16 14:33:53+00:00,93.0,88.0,,21.181193,72.8015438,16.600000381469727,-0.678,-0.279,0.666,,0.0,0.0,0.0,,,,,0.0,0.0,60.0,-3.700000000605996e-06,2.1000000032245225e-06,0.03,88.0,36.5,2
16629,SO-1202,Head Constable Vivek Joshi,Head Constable,57,2026-07-16 14:34:23+00:00,90.0,83.0,,21.1811915,72.8015414,16.600000381469727,-0.969,0.169,-0.053,,0.0,0.0,0.0,,,,,0.0,0.0,30.0,-1.4999999997655775e-06,-2.3999999996249244e-06,0.04,83.0,36.5,0
16634,SO-1202,Head Constable Vivek Joshi,Head Constable,57,2026-07-16 14:34:53+00:00,98.0,88.0,,21.1811945,72.8015403,16.600000381469727,-0.59,-0.464,0.51,,0.0,0.0,0.0,,,,,0.0,0.0,30.0,2.9999999995311555e-06,-1.1000000057492798e-06,0.04,88.0,36.5,2
16639,SO-1202,Head Constable Vivek Joshi,Head Constable,57,2026-07-16 14:35:23+00:00,100.0,88.0,,21.1811937,72.801537,16.600000381469727,-0.598,0.884,0.169,,0.0,0.0,0.0,,,,,0.0,0.0,30.0,-7.999999986907369e-07,-3.3000000030369847e-06,0.04,88.0,36.5,2
16644,SO-1202,Head Constable Vivek Joshi,Head Constable,57,2026-07-16 14:35:53+00:00,84.0,82.0,,21.1811925,72.8015434,16.600000381469727,-0.739,-0.327,0.583,,0.0,0.0,0.0,,,,,0.0,0.0,30.0,-1.1999999998124622e-06,6.40000000373675e-06,0.08,82.0,36.5,0
16649,SO-1202,Head Constable Vivek Joshi,Head Constable,57,2026-07-16 14:36:23+00:00,82.0,88.0,,21.1811922,72.8015409,16.600000381469727,-0.728,-0.21,0.654,,0.0,0.0,0.0,,,,,0.0,0.0,30.0,-2.999999999531156e-07,-2.4999999936881068e-06,0.03,88.0,36.5,0
16654,SO-1202,Head Constable Vivek Joshi,Head Constable,57,2026-07-16 14:36:53+00:00,98.0,88.0,,21.1811935,72.8015366,16.600000381469727,-0.693,-0.001,0.711,,0.0,0.0,0.0,,,,,0.0,0.0,30.0,1.2999999974283585e-06,-4.300000000512227e-06,0.06,88.0,36.5,2
16660,SO-1202,Head Constable Vivek Joshi,Head Constable,57,2026-07-16 14:37:23+00:00,98.0,86.0,,21.1811903,72.8015441,16.600000381469727,-0.874,-0.46,-0.076,,0.0,0.0,0.0,,,,,0.0,0.0,30.0,-3.1999999983156613e-06,7.499999995275175e-06,0.1,86.0,36.5,2
16666,SO-1202,Head Constable Vivek Joshi,Head Constable,57,2026-07-16 14:37:53+00:00,81.0,88.0,,21.1810114,72.8015311,13.499996185302734,-0.747,-0.191,0.625,,0.0,0.0,0.0,,,,,0.0,0.0,30.0,-0.0001789000000016,-1.2999999995599865e-05,2.39,88.0,36.5,0
16672,SO-1202,Head Constable Vivek Joshi,Head Constable,57,2026-07-16 14:38:23+00:00,90.0,88.0,,21.1812756,72.8012969,18.399999618530273,-0.596,-0.228,0.686,,0.0,0.0,0.0,,,,,0.0,0.0,30.0,0.0002642000000001,-0.0002342000000083,4.57,88.0,36.5,1
16678,SO-1202,Head Constable Vivek Joshi,Head Constable,57,2026-07-16 14:38:53+00:00,96.0,88.0,,21.1812015,72.8015331,16.600000381469727,-0.783,-0.55,0.36,,0.0,0.0,0.0,,,,,0.0,0.0,30.0,-7.409999999907768e-05,0.0002362000000033,3.1,88.0,36.5,2
16684,SO-1202,Head Constable Vivek Joshi,Head Constable,57,2026-07-16 14:39:23+00:00,91.0,88.0,,21.1811925,72.8015432,16.600000381469727,-0.866,-0.417,0.222,,0.0,0.0,0.0,,,,,0.0,0.0,30.0,-8.999999998593466e-06,1.009999999723732e-05,0.17,88.0,36.5,2
16690,SO-1202,Head Constable Vivek Joshi,Head Constable,57,2026-07-16 14:39:53+00:00,94.0,73.0,,21.1811936,72.801544,16.600000381469727,-0.543,0.427,-0.724,,0.0,0.0,0.0,,,,,0.0,0.0,30.0,1.0999999986438525e-06,8.000000093488779e-07,0.02,73.0,36.5,2
23231,SO-1202,Head Constable Vivek Joshi,Head Constable,57,2026-07-17 16:12:08+00:00,94.0,67.0,,21.1811937,72.8015275,16.600000381469727,0.151,0.746,-0.164,,0.0,0.0,0.0,,,,,0.0,0.0,91935.0,1.0000000116860974e-07,-1.650000000097407e-05,0.0,67.0,36.5,2
23235,SO-1202,Head Constable Vivek Joshi,Head Constable,57,2026-07-17 16:12:38+00:00,94.0,54.0,,21.1810915,72.8012006,17.899999618530273,-0.185,0.646,-0.013,,0.0,0.0,0.0,,,,,0.0,0.0,30.0,-0.0001022000000006,-0.0003269000000045,4.28,54.0,36.5,2
23241,SO-1202,Head Constable Vivek Joshi,Head Constable,57,2026-07-17 16:13:08+00:00,89.0,88.0,,21.1811355,72.8012348,17.899999618530273,-1.027,0.286,-0.264,,0.0,0.0,0.0,,,,,0.0,0.0,30.0,4.39999999990448e-05,3.42000000017606e-05,0.72,88.0,36.5,0
23247,SO-1202,Head Constable Vivek Joshi,Head Constable,57,2026-07-17 16:13:38+00:00,83.0,87.0,,21.1810857,72.8012137,17.899999618530273,-0.944,-0.101,-0.271,,0.0,0.0,0.0,,,,,0.0,0.0,30.0,-4.979999999932261e-05,-2.1099999997886695e-05,0.71,87.0,36.5,0
23252,SO-1202,Head Constable Vivek Joshi,Head Constable,57,2026-07-17 16:14:08+00:00,90.0,70.0,,21.1811148,72.8012135,17.899999618530273,0.006,0.938,-0.243,,0.0,0.0,0.0,,,,,0.0,0.0,30.0,2.909999999900492e-05,-2.0000000233721948e-07,0.39,70.0,36.5,0
23258,SO-1202,Head Constable Vivek Joshi,Head Constable,57,2026-07-17 16:14:38+00:00,95.0,80.0,,21.1810821,72.8011677,17.899999618530273,-0.336,0.959,0.017,,0.0,0.0,0.0,,,,,0.0,0.0,30.0,-3.269999999844231e-05,-4.580000000942164e-05,0.72,80.0,36.5,2
23263,SO-1202,Head Constable Vivek Joshi,Head Constable,57,2026-07-17 16:15:08+00:00,88.0,68.0,,21.1810995,72.801204,17.899999618530273,0.999,-0.162,0.286,,0.0,0.0,0.0,,,,,0.0,0.0,30.0,1.7399999997280702e-05,3.630000000498512e-05,0.51,68.0,36.5,0
23268,SO-1202,Head Constable Vivek Joshi,Head Constable,57,2026-07-17 16:15:38+00:00,91.0,88.0,,21.181113,72.8012119,17.899999618530273,-0.514,0.881,0.088,,0.0,0.0,0.0,,,,,0.0,0.0,30.0,1.3500000001442912e-05,7.899999999949614e-06,0.2,88.0,36.5,2
23273,SO-1202,Head Constable Vivek Joshi,Head Constable,57,2026-07-17 16:16:08+00:00,86.0,59.0,,21.1810824,72.8011148,18.0,-0.218,0.853,-0.044,,0.0,0.0,0.0,,,,,0.0,0.0,30.0,-3.05999999987705e-05,-9.710000000495712e-05,1.27,59.0,36.5,0
23278,SO-1202,Head Constable Vivek Joshi,Head Constable,57,2026-07-17 16:16:38+00:00,84.0,85.0,,21.1810841,72.8011048,17.899999618530273,-0.732,0.386,0.561,,0.0,0.0,0.0,,,,,0.0,0.0,30.0,1.6999999985500835e-06,-9.999999988963282e-06,0.13,85.0,36.5,0
23283,SO-1202,Head Constable Vivek Joshi,Head Constable,57,2026-07-17 16:17:08+00:00,89.0,88.0,,21.1810843,72.8011468,17.899999618530273,-0.74,-0.233,-0.59,,0.0,0.0,0.0,,,,,0.0,0.0,30.0,1.999999987845058e-07,4.199999999343618e-05,0.52,88.0,36.5,0
23287,SO-1202,Head Constable Vivek Joshi,Head Constable,57,2026-07-17 16:17:38+00:00,87.0,63.0,,21.1810822,72.8011938,17.899999618530273,-0.466,-0.193,-0.826,,0.0,0.0,0.0,,,,,0.0,0.0,30.0,-2.099999999671809e-06,4.6999999995023245e-05,0.58,63.0,36.5,0
23291,SO-1202,Head Constable Vivek Joshi,Head Constable,57,2026-07-17 16:18:08+00:00,96.0,80.0,,21.1810792,72.8011108,17.899999618530273,0.802,-0.312,0.529,,0.0,0.0,0.0,,,,,0.0,0.0,30.0,-2.9999999995311555e-06,-8.299999998939711e-05,1.03,80.0,36.5,2
23295,SO-1202,Head Constable Vivek Joshi,Head Constable,57,2026-07-17 16:18:38+00:00,88.0,88.0,,21.1810814,72.801176,17.899999618530273,-0.97,0.091,0.122,,0.0,0.0,0.0,,,,,0.0,0.0,30.0,2.2000000008404186e-06,6.51999999945474e-05,0.81,88.0,36.5,0
23299,SO-1202,Head Constable Vivek Joshi,Head Constable,57,2026-07-17 16:19:09+00:00,87.0,83.0,,21.1810833,72.8011721,17.899999618530273,-0.296,-0.792,0.55,,0.0,0.0,0.0,,,,,0.0,0.0,31.0,1.900000000887303e-06,-3.8999999958377884e-06,0.05,83.0,36.5,0
23303,SO-1202,Head Constable Vivek Joshi,Head Constable,57,2026-07-17 16:19:38+00:00,88.0,85.0,,21.1810836,72.801098,17.899999618530273,-0.424,0.024,-0.866,,0.0,0.0,0.0,,,,,0.0,0.0,29.0,2.999999999531156e-07,-7.410000000618311e-05,0.95,85.0,36.5,0
23307,SO-1202,Head Constable Vivek Joshi,Head Constable,57,2026-07-17 16:20:08+00:00,95.0,78.0,,21.1810825,72.801168,17.899999618530273,-0.893,-0.197,0.143,,0.0,0.0,0.0,,,,,0.0,0.0,30.0,-1.100000002196566e-06,7.00000000080081e-05,0.87,78.0,36.5,2
23311,SO-1202,Head Constable Vivek Joshi,Head Constable,57,2026-07-17 16:20:38+00:00,97.0,88.0,,21.1810794,72.8011786,17.899999618530273,-0.939,-0.183,-0.244,,0.0,0.0,0.0,,,,,0.0,0.0,30.0,-3.0999999971470515e-06,1.059999999597494e-05,0.14,88.0,36.5,2
23315,SO-1202,Head Constable Vivek Joshi,Head Constable,57,2026-07-17 16:21:08+00:00,84.0,85.0,,21.1810813,72.8011693,17.899999618530273,-0.913,-0.254,0.148,,0.0,0.0,0.0,,,,,0.0,0.0,30.0,1.8999999973345896e-06,-9.300000002099296e-06,0.12,85.0,36.5,0
23319,SO-1202,Head Constable Vivek Joshi,Head Constable,57,2026-07-17 16:21:38+00:00,91.0,88.0,,21.1810808,72.801152,18.0,-0.714,0.009,0.705,,0.0,0.0,0.0,,,,,0.0,0.0,30.0,-4.999999987376214e-07,-1.7299999996112092e-05,0.21,88.0,36.5,2
23325,SO-1202,Head Constable Vivek Joshi,Head Constable,57,2026-07-17 16:22:08+00:00,100.0,88.0,,21.1810805,72.8011454,18.0,-0.732,0.013,0.686,,0.0,0.0,0.0,,,,,0.0,0.0,30.0,-2.999999999531156e-07,-6.600000006073969e-06,0.08,88.0,36.5,2
23332,SO-1202,Head Constable Vivek Joshi,Head Constable,57,2026-07-17 16:22:38+00:00,87.0,88.0,,21.1810833,72.8011522,17.899999618530273,-0.729,-0.039,0.685,,0.0,0.0,0.0,,,,,0.0,0.0,30.0,2.8000000007466497e-06,6.800000008411189e-06,0.09,88.0,36.5,0
23337,SO-1202,Head Constable Vivek Joshi,Head Constable,57,2026-07-17 16:23:08+00:00,82.0,81.0,,21.181067,72.8011719,17.899999618530273,-0.723,-0.037,0.695,,0.0,0.0,0.0,,,,,0.0,0.0,30.0,-1.6300000002189563e-05,1.9699999995737016e-05,0.33,81.0,36.5,0
23342,SO-1202,Head Constable Vivek Joshi,Head Constable,57,2026-07-17 16:23:38+00:00,87.0,88.0,,21.1810808,72.8011293,17.899999618530273,-0.739,0.012,0.685,,0.0,0.0,0.0,,,,,0.0,0.0,30.0,1.3800000001396027e-05,-4.2600000000447835e-05,0.56,88.0,36.5,0
23347,SO-1202,Head Constable Vivek Joshi,Head Constable,57,2026-07-17 16:24:08+00:00,88.0,88.0,,21.1810813,72.8011108,17.899999618530273,-0.728,0.014,0.683,,0.0,0.0,0.0,,,,,0.0,0.0,30.0,4.999999987376214e-07,-1.849999999592455e-05,0.23,88.0,36.5,0
23351,SO-1202,Head Constable Vivek Joshi,Head Constable,57,2026-07-17 16:24:38+00:00,83.0,85.0,,21.1810858,72.8011591,17.899999618530273,-0.955,-0.177,0.065,,0.0,0.0,0.0,,,,,0.0,0.0,30.0,4.500000002849447e-06,4.8300000003109744e-05,0.6,85.0,36.5,0
23356,SO-1202,Head Constable Vivek Joshi,Head Constable,57,2026-07-17 16:25:08+00:00,83.0,85.0,,21.1810804,72.8011201,17.899999618530273,-0.236,0.928,-0.144,,0.0,0.0,0.0,,,,,0.0,0.0,30.0,-5.4000000027087935e-06,-3.900000000101045e-05,0.49,85.0,36.5,0
23361,SO-1202,Head Constable Vivek Joshi,Head Constable,57,2026-07-17 16:25:38+00:00,82.0,84.0,,21.1810833,72.8010968,17.899999618530273,-0.267,0.815,0.544,,0.0,0.0,0.0,,,,,0.0,0.0,30.0,2.900000001915259e-06,-2.3300000009385254e-05,0.29,84.0,36.5,0
23366,SO-1202,Head Constable Vivek Joshi,Head Constable,57,2026-07-17 16:26:08+00:00,99.0,85.0,,21.1810833,72.8011306,17.899999618530273,-0.71,0.267,0.659,,0.0,0.0,0.0,,,,,0.0,0.0,30.0,0.0,3.379999999708616e-05,0.42,85.0,36.5,2
23370,SO-1202,Head Constable Vivek Joshi,Head Constable,57,2026-07-17 16:26:38+00:00,98.0,77.0,,21.1810828,72.8011579,17.899999618530273,-0.626,0.234,0.73,,0.0,0.0,0.0,,,,,0.0,0.0,30.0,-5.00000002290335e-07,2.7300000013497083e-05,0.34,77.0,36.5,2
23375,SO-1202,Head Constable Vivek Joshi,Head Constable,57,2026-07-17 16:27:08+00:00,89.0,77.0,,21.1810842,72.8011107,17.899999618530273,-0.461,0.215,0.874,,0.0,0.0,0.0,,,,,0.0,0.0,30.0,1.4000000021496817e-06,-4.720000001157132e-05,0.59,77.0,36.5,0
23384,SO-1202,Head Constable Vivek Joshi,Head Constable,57,2026-07-17 16:28:08+00:00,81.0,68.0,,21.1810815,72.8011228,17.899999618530273,-0.071,0.455,-0.893,,0.0,0.0,0.0,,,,,0.0,0.0,60.0,-2.69999999957804e-06,1.210000000639866e-05,0.08,68.0,36.5,0
23389,SO-1202,Head Constable Vivek Joshi,Head Constable,57,2026-07-17 16:28:38+00:00,100.0,85.0,,21.1810857,72.8011925,17.899999618530273,-0.151,0.831,-0.11,,0.0,0.0,0.0,,,,,0.0,0.0,30.0,4.199999999343618e-06,6.969999999739684e-05,0.87,85.0,36.5,2
23394,SO-1202,Head Constable Vivek Joshi,Head Constable,57,2026-07-17 16:29:08+00:00,85.0,80.0,,21.1810333,72.801222,15.199996948242188,-0.759,0.414,0.514,,0.0,0.0,0.0,,,,,0.0,0.0,30.0,-5.240000000128475e-05,2.9499999996573933e-05,0.79,80.0,36.5,0
23398,SO-1202,Head Constable Vivek Joshi,Head Constable,57,2026-07-17 16:29:38+00:00,83.0,73.0,,21.1810272,72.8012256,15.199996948242188,-0.647,0.43,0.652,,0.0,0.0,0.0,,,,,0.0,0.0,30.0,-6.100000000230921e-06,3.5999999994373866e-06,0.09,73.0,36.5,0
23404,SO-1202,Head Constable Vivek Joshi,Head Constable,57,2026-07-17 16:30:08+00:00,83.0,75.0,,21.1810296,72.8012231,15.199996948242188,-0.553,0.46,0.681,,0.0,0.0,0.0,,,,,0.0,0.0,30.0,2.3999999996249244e-06,-2.4999999936881068e-06,0.04,75.0,36.5,0
23409,SO-1202,Head Constable Vivek Joshi,Head Constable,57,2026-07-17 16:30:38+00:00,89.0,67.0,,21.1811158,72.8012199,17.899999618530273,-0.1,0.818,-0.032,,0.0,0.0,0.0,,,,,0.0,0.0,30.0,8.620000000192363e-05,-3.1999999947629476e-06,1.15,67.0,36.5,0
23414,SO-1202,Head Constable Vivek Joshi,Head Constable,57,2026-07-17 16:31:08+00:00,89.0,56.0,,21.181148,72.8011934,22.0,-0.471,1.235,0.134,,0.0,0.0,0.0,,,,,0.0,0.0,30.0,3.219999999970469e-05,-2.6500000004148205e-05,0.54,56.0,36.5,0
23419,SO-1202,Head Constable Vivek Joshi,Head Constable,57,2026-07-17 16:31:40+00:00,100.0,58.0,,21.1811252,72.8010984,14.699996948242188,-0.026,1.115,0.375,,0.0,0.0,0.0,,,,,0.0,0.0,32.0,-2.2799999999989495e-05,-9.50000000017326e-05,1.14,58.0,36.5,2
23424,SO-1202,Head Constable Vivek Joshi,Head Constable,57,2026-07-17 16:32:08+00:00,92.0,88.0,,21.1811252,72.8010984,14.699996948242188,-0.608,0.786,-0.037,,0.0,0.0,0.0,,,,,0.0,0.0,28.0,0.0,0.0,0.0,88.0,36.5,2
23428,SO-1202,Head Constable Vivek Joshi,Head Constable,57,2026-07-17 16:32:39+00:00,92.0,70.0,,21.1811711,72.8014475,16.600000381469727,-0.054,0.913,-0.027,,0.0,0.0,0.0,,,,,0.0,0.0,31.0,4.5899999999932106e-05,0.0003490999999939,4.24,70.0,36.5,2
23432,SO-1202,Head Constable Vivek Joshi,Head Constable,57,2026-07-17 16:33:08+00:00,98.0,53.0,,21.181193,72.8015411,16.600000381469727,-0.757,-0.058,-0.921,,0.0,0.0,0.0,,,,,0.0,0.0,29.0,2.190000000013015e-05,9.35999999995829e-05,1.24,53.0,36.5,2
23436,SO-1202,Head Constable Vivek Joshi,Head Constable,57,2026-07-17 16:33:38+00:00,89.0,88.0,,21.1811863,72.8015467,16.600000381469727,-0.948,0.071,-0.314,,0.0,0.0,0.0,,,,,0.0,0.0,30.0,-6.700000000137152e-06,5.600000008598727e-06,0.11,88.0,36.5,0
23440,SO-1202,Head Constable Vivek Joshi,Head Constable,57,2026-07-17 16:34:08+00:00,82.0,84.0,,21.1811962,72.8015375,16.600000381469727,-0.903,0.03,-0.376,,0.0,0.0,0.0,,,,,0.0,0.0,30.0,9.899999998452811e-06,-9.200000008036112e-06,0.17,84.0,36.5,0
23444,SO-1202,Head Constable Vivek Joshi,Head Constable,57,2026-07-17 16:34:42+00:00,81.0,88.0,,21.1815212,72.8016944,16.600000381469727,-0.84,-0.024,-0.492,,0.0,0.0,0.0,,,,,0.0,0.0,34.0,0.0003250000000001,0.0001569000000074,4.19,88.0,36.5,0
23448,SO-1202,Head Constable Vivek Joshi,Head Constable,57,2026-07-17 16:35:10+00:00,80.0,72.0,,21.1811894,72.8015459,16.600000381469727,-0.775,-0.519,-0.275,,0.0,0.0,0.0,,,,,0.0,0.0,28.0,-0.0003317999999978,-0.0001485000000087,5.13,72.0,36.5,1
23452,SO-1202,Head Constable Vivek Joshi,Head Constable,57,2026-07-17 16:35:38+00:00,81.0,79.0,,21.1811933,72.801538,16.600000381469727,-0.791,-0.516,-0.272,,0.0,0.0,0.0,,,,,0.0,0.0,28.0,3.899999999390502e-06,-7.899999999949614e-06,0.12,79.0,36.5,0
23455,SO-1202,Head Constable Vivek Joshi,Head Constable,57,2026-07-17 16:36:08+00:00,88.0,85.0,,21.181191,72.801544,16.600000381469727,-0.789,-0.502,-0.306,,0.0,0.0,0.0,,,,,0.0,0.0,30.0,-2.3000000020090283e-06,6.000000013273166e-06,0.08,85.0,36.5,0
23458,SO-1202,Head Constable Vivek Joshi,Head Constable,57,2026-07-17 16:36:38+00:00,92.0,86.0,,21.1811996,72.8015352,16.600000381469727,-0.775,-0.51,-0.182,,0.0,0.0,0.0,,,,,0.0,0.0,30.0,8.600000001024455e-06,-8.800000003361674e-06,0.16,86.0,36.5,2
23461,SO-1202,Head Constable Vivek Joshi,Head Constable,57,2026-07-17 16:37:08+00:00,95.0,88.0,,21.1811986,72.8015372,16.600000381469727,-0.93,0.044,-0.301,,0.0,0.0,0.0,,,,,0.0,0.0,30.0,-1.0000000010279564e-06,1.9999999949504854e-06,0.03,88.0,36.5,2
23466,SO-1202,Head Constable Vivek Joshi,Head Constable,57,2026-07-17 16:37:38+00:00,100.0,71.0,,21.1811911,72.8015436,16.600000381469727,-0.92,0.051,-0.35,,0.0,0.0,0.0,,,,,0.0,0.0,30.0,-7.499999998827889e-06,6.40000000373675e-06,0.13,71.0,36.5,2
23469,SO-1202,Head Constable Vivek Joshi,Head Constable,57,2026-07-17 16:38:08+00:00,100.0,84.0,,21.1811953,72.8015365,16.600000381469727,-0.933,0.007,-0.296,,0.0,0.0,0.0,,,,,0.0,0.0,30.0,4.199999999343618e-06,-7.100000004811591e-06,0.1,84.0,36.5,2
23473,SO-1202,Head Constable Vivek Joshi,Head Constable,57,2026-07-17 16:38:38+00:00,81.0,88.0,,21.1811952,72.8015408,16.600000381469727,-0.937,0.022,-0.272,,0.0,0.0,0.0,,,,,0.0,0.0,30.0,-9.999999761589606e-08,4.300000000512227e-06,0.05,88.0,36.5,0
23477,SO-1202,Head Constable Vivek Joshi,Head Constable,57,2026-07-17 16:39:08+00:00,91.0,88.0,,21.1811929,72.8015384,16.600000381469727,-0.982,-0.021,-0.327,,0.0,0.0,0.0,,,,,0.0,0.0,30.0,-2.3000000020090283e-06,-2.3999999996249244e-06,0.04,88.0,36.5,2
23480,SO-1202,Head Constable Vivek Joshi,Head Constable,57,2026-07-17 16:39:38+00:00,95.0,88.0,,21.1812041,72.8015262,16.600000381469727,-0.915,0.01,-0.36,,0.0,0.0,0.0,,,,,0.0,0.0,30.0,1.1199999999433883e-05,-1.220000000046184e-05,0.21,88.0,36.5,2
23483,SO-1202,Head Constable Vivek Joshi,Head Constable,57,2026-07-17 16:40:08+00:00,86.0,85.0,,21.1811912,72.8015431,16.600000381469727,-0.928,-0.006,-0.305,,0.0,0.0,0.0,,,,,0.0,0.0,30.0,-1.2899999997983969e-05,1.6900000005648508e-05,0.27,85.0,36.5,0
23486,SO-1202,Head Constable Vivek Joshi,Head Constable,57,2026-07-17 16:40:38+00:00,89.0,86.0,,21.1811947,72.8015397,16.600000381469727,-0.531,0.621,0.692,,0.0,0.0,0.0,,,,,0.0,0.0,30.0,3.499999998268777e-06,-3.399999997100167e-06,0.06,86.0,36.5,0
23489,SO-1202,Head Constable Vivek Joshi,Head Constable,57,2026-07-17 16:41:08+00:00,92.0,85.0,,21.1811939,72.801536,16.600000381469727,-0.917,-0.04,-0.317,,0.0,0.0,0.0,,,,,0.0,0.0,30.0,-7.999999986907369e-07,-3.700000007711424e-06,0.05,85.0,36.5,2
23492,SO-1202,Head Constable Vivek Joshi,Head Constable,57,2026-07-17 16:41:38+00:00,87.0,88.0,,21.1812407,72.8014735,16.600000381469727,-0.917,0.14,-0.178,,0.0,0.0,0.0,,,,,0.0,0.0,30.0,4.679999999979145e-05,-6.249999999852207e-05,1.0,88.0,36.5,0
23495,SO-1202,Head Constable Vivek Joshi,Head Constable,57,2026-07-17 16:42:08+00:00,87.0,88.0,,21.1811936,72.801544,16.600000381469727,-0.365,-0.555,-0.721,,0.0,0.0,0.0,,,,,0.0,0.0,30.0,-4.709999999974457e-05,7.050000000674572e-05,1.08,88.0,36.5,0
27806,SO-1202,Head Constable Vivek Joshi,Head Constable,57,2026-07-18 17:15:23+00:00,97.0,88.0,,21.1811966,72.801536,16.600000381469727,-0.698,-0.066,0.712,,0.0,0.0,0.0,,,,,0.0,0.0,88395.0,2.9999999995311555e-06,-8.000000008223651e-06,0.0,88.0,36.5,2
27809,SO-1202,Head Constable Vivek Joshi,Head Constable,57,2026-07-18 17:15:53+00:00,93.0,88.0,,21.1811957,72.8015368,16.600000381469727,-0.774,-0.112,0.625,,0.0,0.0,0.0,,,,,0.0,0.0,30.0,-8.999999998593466e-07,7.999999951380232e-07,0.02,88.0,36.5,2
27812,SO-1202,Head Constable Vivek Joshi,Head Constable,57,2026-07-18 17:16:23+00:00,97.0,75.0,,21.1811964,72.8015293,16.600000381469727,-0.772,-0.106,0.623,,0.0,0.0,0.0,,,,,0.0,0.0,30.0,7.000000010748408e-07,-7.499999995275175e-06,0.09,75.0,36.5,2
27814,SO-1202,Head Constable Vivek Joshi,Head Constable,57,2026-07-18 17:16:53+00:00,90.0,88.0,,21.1811916,72.8015328,16.600000381469727,-0.705,-0.116,0.708,,0.0,0.0,0.0,,,,,0.0,0.0,30.0,-4.8000000028025624e-06,3.500000005374204e-06,0.08,88.0,36.5,0
27818,SO-1202,Head Constable Vivek Joshi,Head Constable,57,2026-07-18 17:17:23+00:00,100.0,80.0,,21.1812002,72.801528,16.600000381469727,-0.653,-0.094,0.748,,0.0,0.0,0.0,,,,,0.0,0.0,30.0,8.600000001024455e-06,-4.799999999249849e-06,0.13,80.0,36.5,2
27821,SO-1202,Head Constable Vivek Joshi,Head Constable,57,2026-07-18 17:17:53+00:00,95.0,85.0,,21.1811944,72.8015442,16.600000381469727,-0.68,-0.112,0.727,,0.0,0.0,0.0,,,,,0.0,0.0,30.0,-5.800000000277805e-06,1.6199999990362812e-05,0.22,85.0,36.5,2
27824,SO-1202,Head Constable Vivek Joshi,Head Constable,57,2026-07-18 17:18:23+00:00,90.0,87.0,,21.181192,72.8015404,16.600000381469727,-0.662,0.074,0.749,,0.0,0.0,0.0,,,,,0.0,0.0,30.0,-2.3999999996249244e-06,-3.800000001774606e-06,0.06,87.0,36.5,0
27827,SO-1202,Head Constable Vivek Joshi,Head Constable,57,2026-07-18 17:18:53+00:00,95.0,75.0,,21.1811939,72.801539,16.600000381469727,-0.542,0.036,0.85,,0.0,0.0,0.0,,,,,0.0,0.0,30.0,1.900000000887303e-06,-1.399999987938827e-06,0.03,75.0,36.5,2
27830,SO-1202,Head Constable Vivek Joshi,Head Constable,57,2026-07-18 17:19:23+00:00,82.0,78.0,,21.1811927,72.8015434,16.600000381469727,-0.498,-0.441,0.517,,0.0,0.0,0.0,,,,,0.0,0.0,30.0,-1.1999999998124622e-06,4.39999999457541e-06,0.06,78.0,36.5,0
27832,SO-1202,Head Constable Vivek Joshi,Head Constable,57,2026-07-18 17:19:53+00:00,87.0,84.0,,21.1811925,72.8015432,16.600000381469727,-0.979,-0.037,0.015,,0.0,0.0,0.0,,,,,0.0,0.0,30.0,-1.999999987845058e-07,-2.0000000233721948e-07,0.0,84.0,36.5,0
27836,SO-1202,Head Constable Vivek Joshi,Head Constable,57,2026-07-18 17:20:23+00:00,82.0,54.0,,21.181193,72.8015438,16.600000381469727,-0.983,-0.033,0.012,,0.0,0.0,0.0,,,,,0.0,0.0,30.0,4.999999987376214e-07,6.000000070116585e-07,0.01,54.0,36.5,0
27839,SO-1202,Head Constable Vivek Joshi,Head Constable,57,2026-07-18 17:20:53+00:00,85.0,68.0,,21.1811933,72.8015439,16.600000381469727,-0.982,-0.029,0.012,,0.0,0.0,0.0,,,,,0.0,0.0,30.0,2.999999999531156e-07,9.999999406318238e-08,0.0,68.0,36.5,0
27842,SO-1202,Head Constable Vivek Joshi,Head Constable,57,2026-07-18 17:21:23+00:00,98.0,88.0,,21.1811979,72.8015334,16.600000381469727,-0.869,-0.063,0.466,,0.0,0.0,0.0,,,,,0.0,0.0,30.0,4.600000000465343e-06,-1.0500000001911758e-05,0.14,88.0,36.5,2
27845,SO-1202,Head Constable Vivek Joshi,Head Constable,57,2026-07-18 17:21:53+00:00,88.0,76.0,,21.1811928,72.8015436,16.600000381469727,-0.961,-0.066,0.198,,0.0,0.0,0.0,,,,,0.0,0.0,30.0,-5.099999999202964e-06,1.0200000005511356e-05,0.14,76.0,36.5,0
27848,SO-1202,Head Constable Vivek Joshi,Head Constable,57,2026-07-18 17:22:24+00:00,84.0,88.0,,21.1811926,72.8015437,16.600000381469727,-0.968,-0.062,0.174,,0.0,0.0,0.0,,,,,0.0,0.0,31.0,-2.0000000233721948e-07,9.999999406318238e-08,0.0,88.0,36.5,0
27851,SO-1202,Head Constable Vivek Joshi,Head Constable,57,2026-07-18 17:22:56+00:00,83.0,86.0,,21.1811925,72.8015434,16.600000381469727,-0.963,-0.05,0.177,,0.0,0.0,0.0,,,,,0.0,0.0,32.0,-9.999999761589606e-08,-2.999999964004019e-07,0.0,86.0,36.5,0
27854,SO-1202,Head Constable Vivek Joshi,Head Constable,57,2026-07-18 17:23:23+00:00,81.0,85.0,,21.1811925,72.8015434,16.600000381469727,-0.966,-0.043,0.162,,0.0,0.0,0.0,,,,,0.0,0.0,27.0,0.0,0.0,0.0,85.0,36.5,0
27857,SO-1202,Head Constable Vivek Joshi,Head Constable,57,2026-07-18 17:23:53+00:00,86.0,80.0,,21.1811923,72.8015409,16.600000381469727,-0.965,-0.078,0.166,,0.0,0.0,0.0,,,,,0.0,0.0,30.0,-2.0000000233721948e-07,-2.4999999936881068e-06,0.03,80.0,36.5,0
28876,SO-1202,Head Constable Vivek Joshi,Head Constable,57,2026-07-19 10:49:42+00:00,87.0,88.0,,21.1811944,72.8015379,16.600000381469727,-0.712,0.329,0.638,,0.0,0.0,0.0,,,,,0.0,0.0,62749.0,2.099999999671809e-06,-3.000000006636583e-06,0.0,88.0,36.5,0
28880,SO-1202,Head Constable Vivek Joshi,Head Constable,57,2026-07-19 10:50:12+00:00,88.0,86.0,,21.1811944,72.8015442,16.600000381469727,-0.474,0.444,0.783,,0.0,0.0,0.0,,,,,0.0,0.0,30.0,0.0,6.299999995462713e-06,0.08,86.0,36.5,0
28884,SO-1202,Head Constable Vivek Joshi,Head Constable,57,2026-07-19 10:50:42+00:00,94.0,81.0,,21.1811946,72.8015406,16.600000381469727,-0.491,0.443,0.775,,0.0,0.0,0.0,,,,,0.0,0.0,30.0,2.0000000233721948e-07,-3.5999999994373866e-06,0.04,81.0,36.5,2
28888,SO-1202,Head Constable Vivek Joshi,Head Constable,57,2026-07-19 10:51:12+00:00,98.0,79.0,,21.1811923,72.8015448,16.600000381469727,-0.915,0.133,0.361,,0.0,0.0,0.0,,,,,0.0,0.0,30.0,-2.3000000020090283e-06,4.200000006449045e-06,0.06,79.0,36.5,2
28892,SO-1202,Head Constable Vivek Joshi,Head Constable,57,2026-07-19 10:51:42+00:00,84.0,76.0,,21.1811865,72.8015542,16.600000381469727,-0.812,-0.208,-0.468,,0.0,0.0,0.0,,,,,0.0,0.0,30.0,-5.800000000277805e-06,9.399999996162478e-06,0.14,76.0,36.5,0
28896,SO-1202,Head Constable Vivek Joshi,Head Constable,57,2026-07-19 10:52:12+00:00,85.0,88.0,,21.1811925,72.8015432,16.600000381469727,-0.833,-0.175,-0.482,,0.0,0.0,0.0,,,,,0.0,0.0,30.0,6.000000002615025e-06,-1.100000000064938e-05,0.16,88.0,36.5,0
28900,SO-1202,Head Constable Vivek Joshi,Head Constable,57,2026-07-19 10:52:42+00:00,97.0,71.0,,21.1809622,72.8017135,13.499996185302734,-0.785,-0.18,-0.562,,0.0,0.0,0.0,,,,,0.0,0.0,30.0,-0.0002303000000019,0.0001703000000077,3.73,71.0,36.5,2
28904,SO-1202,Head Constable Vivek Joshi,Head Constable,57,2026-07-19 10:53:12+00:00,92.0,84.0,,21.1811702,72.8015727,16.600000381469727,-0.805,0.251,0.541,,0.0,0.0,0.0,,,,,0.0,0.0,30.0,0.0002080000000006,-0.0001408000000111,3.28,84.0,36.5,2
28908,SO-1202,Head Constable Vivek Joshi,Head Constable,57,2026-07-19 10:53:42+00:00,100.0,88.0,,21.1811918,72.801531,16.600000381469727,-0.816,0.273,0.511,,0.0,0.0,0.0,,,,,0.0,0.0,30.0,2.1600000000177033e-05,-4.1699999997035775e-05,0.59,88.0,36.5,2
28912,SO-1202,Head Constable Vivek Joshi,Head Constable,57,2026-07-19 10:54:12+00:00,88.0,79.0,,21.1811926,72.8015433,16.600000381469727,-0.47,-0.204,0.802,,0.0,0.0,0.0,,,,,0.0,0.0,30.0,7.999999986907369e-07,1.230000000873588e-05,0.15,79.0,36.5,0
28916,SO-1202,Head Constable Vivek Joshi,Head Constable,57,2026-07-19 10:54:42+00:00,85.0,76.0,,21.181192,72.8015431,16.600000381469727,0.534,-0.797,0.305,,0.0,0.0,0.0,,,,,0.0,0.0,30.0,-5.999999999062311e-07,-2.0000000233721948e-07,0.01,76.0,36.5,0
28920,SO-1202,Head Constable Vivek Joshi,Head Constable,57,2026-07-19 10:55:12+00:00,99.0,88.0,,21.1811952,72.8015389,16.600000381469727,0.374,-0.873,0.321,,0.0,0.0,0.0,,,,,0.0,0.0,30.0,3.200000001868375e-06,-4.200000006449045e-06,0.07,88.0,36.5,2
28924,SO-1202,Head Constable Vivek Joshi,Head Constable,57,2026-07-19 10:55:42+00:00,100.0,86.0,,21.1811928,72.8015436,16.600000381469727,-0.813,0.137,0.569,,0.0,0.0,0.0,,,,,0.0,0.0,30.0,-2.3999999996249244e-06,4.700000005186666e-06,0.07,86.0,36.5,2
28928,SO-1202,Head Constable Vivek Joshi,Head Constable,57,2026-07-19 10:56:12+00:00,83.0,85.0,,21.1811963,72.8015395,16.600000381469727,-0.772,0.158,0.614,,0.0,0.0,0.0,,,,,0.0,0.0,30.0,3.499999998268777e-06,-4.099999998175008e-06,0.07,85.0,36.5,0
28932,SO-1202,Head Constable Vivek Joshi,Head Constable,57,2026-07-19 10:56:42+00:00,86.0,88.0,,21.1811922,72.8015428,16.600000381469727,-0.905,0.096,0.42,,0.0,0.0,0.0,,,,,0.0,0.0,30.0,-4.099999998175008e-06,3.3000000030369847e-06,0.07,88.0,36.5,0
28936,SO-1202,Head Constable Vivek Joshi,Head Constable,57,2026-07-19 10:57:12+00:00,82.0,78.0,,21.1811922,72.8015419,16.600000381469727,-0.392,0.813,0.411,,0.0,0.0,0.0,,,,,0.0,0.0,30.0,0.0,-9.000000034120603e-07,0.01,78.0,36.5,0
28940,SO-1202,Head Constable Vivek Joshi,Head Constable,57,2026-07-19 10:57:42+00:00,83.0,76.0,,21.1811999,72.8015265,16.600000381469727,-0.39,0.824,0.432,,0.0,0.0,0.0,,,,,0.0,0.0,30.0,7.699999997612395e-06,-1.5400000009435644e-05,0.22,76.0,36.5,0
28944,SO-1202,Head Constable Vivek Joshi,Head Constable,57,2026-07-19 10:58:12+00:00,98.0,88.0,,21.1811832,72.8015596,16.600000381469727,-0.233,0.569,0.82,,0.0,0.0,0.0,,,,,0.0,0.0,30.0,-1.6699999999758575e-05,3.3100000010222175e-05,0.47,88.0,36.5,2
28948,SO-1202,Head Constable Vivek Joshi,Head Constable,57,2026-07-19 10:58:42+00:00,85.0,86.0,,21.1811706,72.8015703,16.600000381469727,-0.655,0.366,-0.324,,0.0,0.0,0.0,,,,,0.0,0.0,30.0,-1.2599999998030851e-05,1.0699999990038124e-05,0.21,86.0,36.5,0
28952,SO-1202,Head Constable Vivek Joshi,Head Constable,57,2026-07-19 10:59:12+00:00,94.0,85.0,,21.1811943,72.8015441,16.600000381469727,-0.797,-0.302,0.069,,0.0,0.0,0.0,,,,,0.0,0.0,30.0,2.369999999984884e-05,-2.619999999353695e-05,0.45,85.0,36.5,2
28956,SO-1202,Head Constable Vivek Joshi,Head Constable,57,2026-07-19 10:59:42+00:00,91.0,88.0,,21.1811943,72.8015441,16.600000381469727,-0.89,-0.218,-0.331,,0.0,0.0,0.0,,,,,0.0,0.0,30.0,0.0,0.0,0.0,88.0,36.5,2
28960,SO-1202,Head Constable Vivek Joshi,Head Constable,57,2026-07-19 11:00:12+00:00,86.0,86.0,,21.1811859,72.801556,16.600000381469727,-0.333,0.273,-0.76,,0.0,0.0,0.0,,,,,0.0,0.0,30.0,-8.400000002239949e-06,1.190000000406144e-05,0.19,86.0,36.5,0
28964,SO-1202,Head Constable Vivek Joshi,Head Constable,57,2026-07-19 11:00:42+00:00,84.0,85.0,,21.181196,72.8015403,16.600000381469727,-0.452,-0.62,-0.566,,0.0,0.0,0.0,,,,,0.0,0.0,30.0,1.0100000000790033e-05,-1.5700000005836046e-05,0.24,85.0,36.5,0
28968,SO-1202,Head Constable Vivek Joshi,Head Constable,57,2026-07-19 11:01:12+00:00,97.0,88.0,,21.1811933,72.8015439,16.600000381469727,-0.972,-0.098,-0.061,,0.0,0.0,0.0,,,,,0.0,0.0,30.0,-2.69999999957804e-06,3.5999999994373866e-06,0.06,88.0,36.5,2
28972,SO-1202,Head Constable Vivek Joshi,Head Constable,57,2026-07-19 11:01:42+00:00,83.0,88.0,,21.1811751,72.8015674,16.600000381469727,-0.729,-0.347,-0.556,,0.0,0.0,0.0,,,,,0.0,0.0,30.0,-1.8199999999524152e-05,2.3499999997511622e-05,0.38,88.0,36.5,0
28976,SO-1202,Head Constable Vivek Joshi,Head Constable,57,2026-07-19 11:02:12+00:00,93.0,85.0,,21.1812049,72.8015272,16.600000381469727,-0.569,-0.057,-0.738,,0.0,0.0,0.0,,,,,0.0,0.0,30.0,2.9800000000079763e-05,-4.020000000082291e-05,0.64,85.0,36.5,2
28979,SO-1202,Head Constable Vivek Joshi,Head Constable,57,2026-07-19 11:02:42+00:00,93.0,87.0,,21.1811945,72.801537,16.600000381469727,-0.963,0.244,0.016,,0.0,0.0,0.0,,,,,0.0,0.0,30.0,-1.0400000000743148e-05,9.800000000836915e-06,0.18,87.0,36.5,2
28984,SO-1202,Head Constable Vivek Joshi,Head Constable,57,2026-07-19 11:03:12+00:00,94.0,86.0,,21.1811934,72.8015368,16.600000381469727,-0.948,0.243,0.077,,0.0,0.0,0.0,,,,,0.0,0.0,30.0,-1.0999999986438525e-06,-2.0000000233721948e-07,0.01,86.0,36.5,2
28988,SO-1202,Head Constable Vivek Joshi,Head Constable,57,2026-07-19 11:03:42+00:00,81.0,87.0,,21.1811943,72.8015358,16.600000381469727,-0.958,0.249,0.089,,0.0,0.0,0.0,,,,,0.0,0.0,30.0,8.999999998593466e-07,-9.999999974752427e-07,0.02,87.0,36.5,0
28992,SO-1202,Head Constable Vivek Joshi,Head Constable,57,2026-07-19 11:04:12+00:00,90.0,88.0,,21.181198,72.8015371,16.600000381469727,-0.842,-0.485,-0.182,,0.0,0.0,0.0,,,,,0.0,0.0,30.0,3.6999999970532822e-06,1.3000000080864993e-06,0.05,88.0,36.5,0
28996,SO-1202,Head Constable Vivek Joshi,Head Constable,57,2026-07-19 11:04:45+00:00,95.0,88.0,,21.1811926,72.8015433,16.600000381469727,-0.818,0.263,0.536,,0.0,0.0,0.0,,,,,0.0,0.0,33.0,-5.39999999915608e-06,6.2000000013995304e-06,0.1,88.0,36.5,2
29000,SO-1202,Head Constable Vivek Joshi,Head Constable,57,2026-07-19 11:05:15+00:00,95.0,85.0,,21.1811926,72.8015433,16.600000381469727,-0.44,0.884,0.191,,0.0,0.0,0.0,,,,,0.0,0.0,30.0,0.0,0.0,0.0,85.0,36.5,2
29004,SO-1202,Head Constable Vivek Joshi,Head Constable,57,2026-07-19 11:05:45+00:00,94.0,87.0,,21.1811939,72.8015442,16.600000381469727,-0.609,-0.097,-0.74,,0.0,0.0,0.0,,,,,0.0,0.0,30.0,1.300000000981072e-06,8.999999892012056e-07,0.02,87.0,36.5,2
29008,SO-1202,Head Constable Vivek Joshi,Head Constable,57,2026-07-19 11:06:15+00:00,84.0,80.0,,21.1811827,72.8015515,16.600000381469727,-0.799,0.012,-0.578,,0.0,0.0,0.0,,,,,0.0,0.0,30.0,-1.1199999999433883e-05,7.30000000714881e-06,0.17,80.0,36.5,0
29012,SO-1202,Head Constable Vivek Joshi,Head Constable,57,2026-07-19 11:06:45+00:00,99.0,85.0,,21.1811927,72.8015434,16.600000381469727,-0.861,-0.035,-0.739,,0.0,0.0,0.0,,,,,0.0,0.0,30.0,9.999999999621425e-06,-8.100000002286833e-06,0.17,85.0,36.5,2
29016,SO-1202,Head Constable Vivek Joshi,Head Constable,57,2026-07-19 11:07:15+00:00,88.0,81.0,,21.181193,72.8015438,16.600000381469727,-0.916,-0.025,-0.349,,0.0,0.0,0.0,,,,,0.0,0.0,30.0,2.999999999531156e-07,4.0000000467443897e-07,0.01,81.0,36.5,0
29020,SO-1202,Head Constable Vivek Joshi,Head Constable,57,2026-07-19 11:07:45+00:00,93.0,81.0,,21.1811939,72.8015442,16.600000381469727,-0.922,-0.019,-0.344,,0.0,0.0,0.0,,,,,0.0,0.0,30.0,8.999999998593466e-07,3.9999999046358425e-07,0.01,81.0,36.5,2
29024,SO-1202,Head Constable Vivek Joshi,Head Constable,57,2026-07-19 11:08:15+00:00,87.0,88.0,,21.181193,72.8015438,16.600000381469727,-0.922,-0.013,-0.336,,0.0,0.0,0.0,,,,,0.0,0.0,30.0,-8.999999998593466e-07,-3.9999999046358425e-07,0.01,88.0,36.5,0
29028,SO-1202,Head Constable Vivek Joshi,Head Constable,57,2026-07-19 11:08:45+00:00,85.0,79.0,,21.1811947,72.8015384,16.600000381469727,-0.926,-0.014,-0.34,,0.0,0.0,0.0,,,,,0.0,0.0,30.0,1.6999999985500835e-06,-5.400000006261507e-06,0.07,79.0,36.5,0
29032,SO-1202,Head Constable Vivek Joshi,Head Constable,57,2026-07-19 11:09:15+00:00,81.0,84.0,,21.1811928,72.8015436,16.600000381469727,-0.916,-0.016,-0.333,,0.0,0.0,0.0,,,,,0.0,0.0,30.0,-1.8999999973345896e-06,5.200000003924288e-06,0.07,84.0,36.5,0
29036,SO-1202,Head Constable Vivek Joshi,Head Constable,57,2026-07-19 11:09:45+00:00,86.0,80.0,,21.1811943,72.8015441,16.600000381469727,-0.925,-0.018,-0.335,,0.0,0.0,0.0,,,,,0.0,0.0,30.0,1.4999999997655775e-06,4.999999987376214e-07,0.02,80.0,36.5,0
29040,SO-1202,Head Constable Vivek Joshi,Head Constable,57,2026-07-19 11:10:15+00:00,83.0,86.0,,21.1811917,72.8015397,16.600000381469727,0.188,-0.96,0.208,,0.0,0.0,0.0,,,,,0.0,0.0,30.0,-2.600000001962144e-06,-4.39999999457541e-06,0.06,86.0,36.5,0
29044,SO-1202,Head Constable Vivek Joshi,Head Constable,57,2026-07-19 11:10:45+00:00,83.0,68.0,,21.1811922,72.8015412,16.600000381469727,0.197,-0.949,0.213,,0.0,0.0,0.0,,,,,0.0,0.0,30.0,5.00000002290335e-07,1.499999996212864e-06,0.02,68.0,36.5,0
29048,SO-1202,Head Constable Vivek Joshi,Head Constable,57,2026-07-19 11:11:15+00:00,85.0,81.0,,21.1811942,72.8015387,16.600000381469727,0.194,-0.954,0.211,,0.0,0.0,0.0,,,,,0.0,0.0,30.0,1.999999998503199e-06,-2.5000000078989615e-06,0.04,81.0,36.5,0
29052,SO-1202,Head Constable Vivek Joshi,Head Constable,57,2026-07-19 11:11:45+00:00,85.0,59.0,,21.1811921,72.8015408,16.600000381469727,0.203,-0.955,0.218,,0.0,0.0,0.0,,,,,0.0,0.0,30.0,-2.099999999671809e-06,2.1000000032245225e-06,0.04,59.0,36.5,0
29056,SO-1202,Head Constable Vivek Joshi,Head Constable,57,2026-07-19 11:12:15+00:00,85.0,83.0,,21.1811919,72.80154,16.600000381469727,0.199,-0.949,0.21,,0.0,0.0,0.0,,,,,0.0,0.0,30.0,-1.999999987845058e-07,-7.999999951380232e-07,0.01,83.0,36.5,0
29060,SO-1202,Head Constable Vivek Joshi,Head Constable,57,2026-07-19 11:12:45+00:00,82.0,88.0,,21.1811926,72.801536,16.600000381469727,-0.857,0.087,0.477,,0.0,0.0,0.0,,,,,0.0,0.0,30.0,6.999999975221272e-07,-4.0000000041118255e-06,0.05,88.0,36.5,0
29064,SO-1202,Head Constable Vivek Joshi,Head Constable,57,2026-07-19 11:13:15+00:00,100.0,88.0,,21.1811925,72.8015432,16.600000381469727,-0.302,-0.038,0.964,,0.0,0.0,0.0,,,,,0.0,0.0,30.0,-9.999999761589606e-08,7.199999998874773e-06,0.09,88.0,36.5,2
29068,SO-1202,Head Constable Vivek Joshi,Head Constable,57,2026-07-19 11:13:45+00:00,99.0,80.0,,21.1811926,72.8015437,16.600000381469727,-0.896,0.115,0.375,,0.0,0.0,0.0,,,,,0.0,0.0,30.0,9.999999761589606e-08,4.999999987376214e-07,0.01,80.0,36.5,2
29072,SO-1202,Head Constable Vivek Joshi,Head Constable,57,2026-07-19 11:14:15+00:00,91.0,88.0,,21.1811965,72.8015316,16.600000381469727,-0.559,0.319,0.791,,0.0,0.0,0.0,,,,,0.0,0.0,30.0,3.899999999390502e-06,-1.2099999992187804e-05,0.16,88.0,36.5,2
29076,SO-1202,Head Constable Vivek Joshi,Head Constable,57,2026-07-19 11:14:45+00:00,93.0,88.0,,21.1811886,72.8015424,16.600000381469727,-0.548,0.36,0.775,,0.0,0.0,0.0,,,,,0.0,0.0,30.0,-7.899999999949614e-06,1.079999999831216e-05,0.17,88.0,36.5,2
29080,SO-1202,Head Constable Vivek Joshi,Head Constable,57,2026-07-19 11:15:15+00:00,94.0,88.0,,21.1811746,72.8013838,13.499996185302734,-0.536,0.339,0.766,,0.0,0.0,0.0,,,,,0.0,0.0,30.0,-1.4000000000180536e-05,-0.000158600000006,1.98,88.0,36.5,2
29084,SO-1202,Head Constable Vivek Joshi,Head Constable,57,2026-07-19 11:15:45+00:00,100.0,88.0,,21.1811926,72.801544,16.600000381469727,-0.538,0.346,0.789,,0.0,0.0,0.0,,,,,0.0,0.0,30.0,1.8000000000739647e-05,0.0001602000000104,2.0,88.0,36.5,2
29088,SO-1202,Head Constable Vivek Joshi,Head Constable,57,2026-07-19 11:16:15+00:00,97.0,86.0,,21.1811945,72.801531,16.600000381469727,-0.364,0.485,0.954,,0.0,0.0,0.0,,,,,0.0,0.0,30.0,1.900000000887303e-06,-1.300000000981072e-05,0.16,86.0,36.5,2
29092,SO-1202,Head Constable Vivek Joshi,Head Constable,57,2026-07-19 11:16:45+00:00,82.0,82.0,,21.181198,72.801515,16.600000381469727,-0.288,0.011,0.976,,0.0,0.0,0.0,,,,,0.0,0.0,30.0,3.499999998268777e-06,-1.6000000002236447e-05,0.2,82.0,36.5,0
29096,SO-1202,Head Constable Vivek Joshi,Head Constable,57,2026-07-19 11:17:15+00:00,82.0,87.0,,21.1812341,72.8014852,16.600000381469727,-0.305,0.009,0.965,,0.0,0.0,0.0,,,,,0.0,0.0,30.0,3.61000000026479e-05,-2.9799999992974335e-05,0.61,87.0,36.5,0
29100,SO-1202,Head Constable Vivek Joshi,Head Constable,57,2026-07-19 11:17:45+00:00,100.0,88.0,,21.181226,72.8014559,16.600000381469727,-0.306,0.014,0.971,,0.0,0.0,0.0,,,,,0.0,0.0,30.0,-8.100000002286833e-06,-2.930000000844757e-05,0.38,88.0,36.5,2
29104,SO-1202,Head Constable Vivek Joshi,Head Constable,57,2026-07-19 11:18:15+00:00,100.0,78.0,,21.1812,72.8015178,16.600000381469727,-0.279,0.03,0.984,,0.0,0.0,0.0,,,,,0.0,0.0,30.0,-2.5999999998305157e-05,6.190000000572127e-05,0.84,78.0,36.5,2
29108,SO-1202,Head Constable Vivek Joshi,Head Constable,57,2026-07-19 11:18:45+00:00,83.0,63.0,,21.1812101,72.8015177,16.600000381469727,-0.28,0.024,0.982,,0.0,0.0,0.0,,,,,0.0,0.0,30.0,1.0100000000790033e-05,-9.999999406318238e-08,0.13,63.0,36.5,0
29112,SO-1202,Head Constable Vivek Joshi,Head Constable,57,2026-07-19 11:19:15+00:00,100.0,85.0,,21.1811991,72.8015138,16.600000381469727,-0.085,0.146,1.002,,0.0,0.0,0.0,,,,,0.0,0.0,30.0,-1.100000000064938e-05,-3.900000010048643e-06,0.15,85.0,36.5,2
29116,SO-1202,Head Constable Vivek Joshi,Head Constable,57,2026-07-19 11:19:45+00:00,87.0,86.0,,21.1812029,72.8015056,16.600000381469727,-0.198,0.147,0.999,,0.0,0.0,0.0,,,,,0.0,0.0,30.0,3.799999998221893e-06,-8.199999996350016e-06,0.11,86.0,36.5,0
29120,SO-1202,Head Constable Vivek Joshi,Head Constable,57,2026-07-19 11:20:15+00:00,89.0,57.0,,21.1812041,72.8015292,16.600000381469727,-0.216,0.134,0.996,,0.0,0.0,0.0,,,,,0.0,0.0,30.0,1.1999999998124622e-06,2.360000000578566e-05,0.29,57.0,36.5,0
29124,SO-1202,Head Constable Vivek Joshi,Head Constable,57,2026-07-19 11:20:45+00:00,85.0,80.0,,21.1811987,72.8015309,16.600000381469727,0.053,0.112,1.016,,0.0,0.0,0.0,,,,,0.0,0.0,30.0,-5.39999999915608e-06,1.6999999985500835e-06,0.07,80.0,36.5,0
29128,SO-1202,Head Constable Vivek Joshi,Head Constable,57,2026-07-19 11:21:15+00:00,94.0,85.0,,21.1811961,72.8015377,16.600000381469727,-0.024,0.139,1.017,,0.0,0.0,0.0,,,,,0.0,0.0,30.0,-2.59999999840943e-06,6.799999994200334e-06,0.09,85.0,36.5,2
29133,SO-1202,Head Constable Vivek Joshi,Head Constable,57,2026-07-19 11:21:50+00:00,100.0,88.0,,21.1811982,72.8015381,16.600000381469727,-1.055,0.023,0.011,,0.0,0.0,0.0,,,,,0.0,0.0,35.0,2.099999999671809e-06,4.0000000467443897e-07,0.02,88.0,36.5,2
29137,SO-1202,Head Constable Vivek Joshi,Head Constable,57,2026-07-19 11:22:19+00:00,91.0,88.0,,21.1811929,72.8015384,16.600000381469727,-0.989,0.022,0.004,,0.0,0.0,0.0,,,,,0.0,0.0,29.0,-5.300000001540184e-06,2.999999964004019e-07,0.07,88.0,36.5,2
29141,SO-1202,Head Constable Vivek Joshi,Head Constable,57,2026-07-19 11:22:49+00:00,96.0,81.0,,21.1811897,72.8015455,16.600000381469727,-0.984,0.016,0.014,,0.0,0.0,0.0,,,,,0.0,0.0,30.0,-3.1999999983156613e-06,7.100000004811591e-06,0.1,81.0,36.5,2
29145,SO-1202,Head Constable Vivek Joshi,Head Constable,57,2026-07-19 11:23:19+00:00,90.0,88.0,,21.1811926,72.8015383,16.600000381469727,-0.987,0.018,0.046,,0.0,0.0,0.0,,,,,0.0,0.0,30.0,2.8999999983625457e-06,-7.199999998874773e-06,0.1,88.0,36.5,0
29149,SO-1202,Head Constable Vivek Joshi,Head Constable,57,2026-07-19 11:23:49+00:00,96.0,80.0,,21.1811895,72.8015458,16.600000381469727,-0.986,0.002,0.011,,0.0,0.0,0.0,,,,,0.0,0.0,30.0,-3.1000000006997652e-06,7.499999995275175e-06,0.1,80.0,36.5,2
29153,SO-1202,Head Constable Vivek Joshi,Head Constable,57,2026-07-19 11:24:19+00:00,87.0,85.0,,21.1811855,72.8015471,16.600000381469727,-0.894,0.313,0.946,,0.0,0.0,0.0,,,,,0.0,0.0,30.0,-3.999999997006398e-06,1.2999999938756446e-06,0.06,85.0,36.5,0
29157,SO-1202,Head Constable Vivek Joshi,Head Constable,57,2026-07-19 11:24:49+00:00,94.0,81.0,,21.1811981,72.8015326,16.600000381469727,-0.511,0.26,0.841,,0.0,0.0,0.0,,,,,0.0,0.0,30.0,1.2599999998030851e-05,-1.4499999991812729e-05,0.25,81.0,36.5,2
29161,SO-1202,Head Constable Vivek Joshi,Head Constable,57,2026-07-19 11:25:19+00:00,86.0,85.0,,21.1811972,72.8015329,16.600000381469727,-0.861,0.089,0.508,,0.0,0.0,0.0,,,,,0.0,0.0,30.0,-8.999999998593466e-07,2.999999964004019e-07,0.01,85.0,36.5,0
29165,SO-1202,Head Constable Vivek Joshi,Head Constable,57,2026-07-19 11:25:49+00:00,89.0,88.0,,21.1811984,72.8015321,16.600000381469727,-0.729,0.199,0.648,,0.0,0.0,0.0,,,,,0.0,0.0,30.0,1.1999999998124622e-06,-7.999999951380232e-07,0.02,88.0,36.5,0
29169,SO-1202,Head Constable Vivek Joshi,Head Constable,57,2026-07-19 11:26:19+00:00,99.0,89.0,,21.1811909,72.8015374,16.600000381469727,-0.659,0.137,0.721,,0.0,0.0,0.0,,,,,0.0,0.0,30.0,-7.499999998827889e-06,5.29999999798747e-06,0.12,89.0,36.5,2
29173,SO-1202,Head Constable Vivek Joshi,Head Constable,57,2026-07-19 11:26:49+00:00,88.0,83.0,,21.1812019,72.8015236,16.600000381469727,0.157,-0.918,0.417,,0.0,0.0,0.0,,,,,0.0,0.0,30.0,1.100000000064938e-05,-1.3800000004948744e-05,0.23,83.0,36.5,0
29177,SO-1202,Head Constable Vivek Joshi,Head Constable,57,2026-07-19 11:27:19+00:00,93.0,86.0,,21.1811991,72.8015356,16.600000381469727,0.11,-0.957,0.231,,0.0,0.0,0.0,,,,,0.0,0.0,30.0,-2.8000000007466497e-06,1.1999999998124622e-05,0.15,86.0,36.5,2
29181,SO-1202,Head Constable Vivek Joshi,Head Constable,57,2026-07-19 11:27:49+00:00,82.0,84.0,,21.1811992,72.801535,16.600000381469727,0.119,-0.939,0.322,,0.0,0.0,0.0,,,,,0.0,0.0,30.0,9.999999761589606e-08,-5.999999928008037e-07,0.01,84.0,36.5,0
29185,SO-1202,Head Constable Vivek Joshi,Head Constable,57,2026-07-19 11:28:19+00:00,81.0,88.0,,21.1811965,72.8015335,16.600000381469727,0.114,-0.931,0.323,,0.0,0.0,0.0,,,,,0.0,0.0,30.0,-2.69999999957804e-06,-1.499999996212864e-06,0.04,88.0,36.5,0
29189,SO-1202,Head Constable Vivek Joshi,Head Constable,57,2026-07-19 11:28:49+00:00,99.0,84.0,,21.1811966,72.8015339,16.600000381469727,0.114,-0.931,0.334,,0.0,0.0,0.0,,,,,0.0,0.0,30.0,1.0000000116860974e-07,3.9999999046358425e-07,0.01,84.0,36.5,2
29193,SO-1202,Head Constable Vivek Joshi,Head Constable,57,2026-07-19 11:29:19+00:00,80.0,67.0,,21.1811943,72.8015358,16.600000381469727,0.114,-0.926,0.344,,0.0,0.0,0.0,,,,,0.0,0.0,30.0,-2.2999999984563142e-06,1.900000000887303e-06,0.04,67.0,36.5,0
29197,SO-1202,Head Constable Vivek Joshi,Head Constable,57,2026-07-19 11:29:49+00:00,99.0,69.0,,21.1811952,72.8015428,16.600000381469727,0.003,-0.461,0.926,,0.0,0.0,0.0,,,,,0.0,0.0,30.0,8.999999998593466e-07,7.000000010748408e-06,0.09,69.0,36.5,2
29201,SO-1202,Head Constable Vivek Joshi,Head Constable,57,2026-07-19 11:30:19+00:00,96.0,85.0,,21.1811936,72.8015386,16.600000381469727,0.208,-0.392,0.688,,0.0,0.0,0.0,,,,,0.0,0.0,30.0,-1.6000000009341877e-06,-4.200000006449045e-06,0.06,85.0,36.5,2
29205,SO-1202,Head Constable Vivek Joshi,Head Constable,57,2026-07-19 11:30:49+00:00,88.0,73.0,,21.1811934,72.8015382,16.600000381469727,-0.947,0.039,-0.264,,0.0,0.0,0.0,,,,,0.0,0.0,30.0,-1.999999987845058e-07,-4.0000000467443897e-07,0.01,73.0,36.5,0
29209,SO-1202,Head Constable Vivek Joshi,Head Constable,57,2026-07-19 11:31:19+00:00,90.0,88.0,,21.181195,72.8015351,16.600000381469727,-0.836,0.022,-0.526,,0.0,0.0,0.0,,,,,0.0,0.0,30.0,1.5999999973814738e-06,-3.1000000006997652e-06,0.04,88.0,36.5,0
29213,SO-1202,Head Constable Vivek Joshi,Head Constable,57,2026-07-19 11:31:49+00:00,91.0,87.0,,21.1811926,72.8015373,16.600000381469727,-0.807,0.246,0.542,,0.0,0.0,0.0,,,,,0.0,0.0,30.0,-2.3999999996249244e-06,2.2000000114985596e-06,0.04,87.0,36.5,2
29217,SO-1202,Head Constable Vivek Joshi,Head Constable,57,2026-07-19 11:32:19+00:00,85.0,68.0,,21.1811594,72.8015584,16.600000381469727,-0.847,0.228,0.467,,0.0,0.0,0.0,,,,,0.0,0.0,30.0,-3.3200000000732643e-05,2.1099999997886695e-05,0.51,68.0,36.5,0
29221,SO-1202,Head Constable Vivek Joshi,Head Constable,57,2026-07-19 11:32:49+00:00,89.0,72.0,,21.1811829,72.8015468,16.600000381469727,-0.853,0.241,0.461,,0.0,0.0,0.0,,,,,0.0,0.0,30.0,2.3500000001064336e-05,-1.1600000007661038e-05,0.34,72.0,36.5,0
29225,SO-1202,Head Constable Vivek Joshi,Head Constable,57,2026-07-19 11:33:21+00:00,87.0,88.0,,21.1811987,72.8015303,16.600000381469727,-0.294,0.684,0.692,,0.0,0.0,0.0,,,,,0.0,0.0,32.0,1.5799999999899228e-05,-1.650000000097407e-05,0.28,88.0,36.5,0
29229,SO-1202,Head Constable Vivek Joshi,Head Constable,57,2026-07-19 11:33:50+00:00,82.0,88.0,,21.1811979,72.8015334,16.600000381469727,-0.671,0.236,0.567,,0.0,0.0,0.0,,,,,0.0,0.0,29.0,-7.999999986907369e-07,3.1000000006997652e-06,0.04,88.0,36.5,0
29233,SO-1202,Head Constable Vivek Joshi,Head Constable,57,2026-07-19 11:34:19+00:00,98.0,88.0,,21.1811824,72.8015591,16.600000381469727,-0.4,-0.026,-0.901,,0.0,0.0,0.0,,,,,0.0,0.0,29.0,-1.5499999999946112e-05,2.5700000009010185e-05,0.39,88.0,36.5,2
29237,SO-1202,Head Constable Vivek Joshi,Head Constable,57,2026-07-19 11:34:49+00:00,82.0,86.0,,21.181159,72.8015831,16.600000381469727,-0.36,0.063,0.941,,0.0,0.0,0.0,,,,,0.0,0.0,30.0,-2.3399999999895726e-05,2.3999999996249244e-05,0.43,86.0,36.5,0
29241,SO-1202,Head Constable Vivek Joshi,Head Constable,57,2026-07-19 11:35:19+00:00,93.0,88.0,,21.1811877,72.8015531,16.600000381469727,-0.815,-0.305,0.353,,0.0,0.0,0.0,,,,,0.0,0.0,30.0,2.8699999997883197e-05,-2.9999999995311555e-05,0.53,88.0,36.5,2
29245,SO-1202,Head Constable Vivek Joshi,Head Constable,57,2026-07-19 11:35:49+00:00,98.0,86.0,,21.1811898,72.8015497,16.600000381469727,-0.919,0.053,-0.358,,0.0,0.0,0.0,,,,,0.0,0.0,30.0,2.099999999671809e-06,-3.400000011311022e-06,0.05,86.0,36.5,2
29249,SO-1202,Head Constable Vivek Joshi,Head Constable,57,2026-07-19 11:36:19+00:00,85.0,88.0,,21.1811931,72.8015379,16.600000381469727,-0.922,0.08,-0.329,,0.0,0.0,0.0,,,,,0.0,0.0,30.0,3.3000000030369847e-06,-1.1799999995787402e-05,0.15,88.0,36.5,0
29253,SO-1202,Head Constable Vivek Joshi,Head Constable,57,2026-07-19 11:36:49+00:00,94.0,88.0,,21.1811933,72.8015385,16.600000381469727,-0.928,0.08,-0.297,,0.0,0.0,0.0,,,,,0.0,0.0,30.0,1.999999987845058e-07,6.000000070116585e-07,0.01,88.0,36.5,2
29257,SO-1202,Head Constable Vivek Joshi,Head Constable,57,2026-07-19 11:37:19+00:00,96.0,88.0,,21.1811889,72.8015381,16.600000381469727,-0.969,-0.033,-0.169,,0.0,0.0,0.0,,,,,0.0,0.0,30.0,-4.400000001680837e-06,-4.0000000467443897e-07,0.06,88.0,36.5,2
29261,SO-1202,Head Constable Vivek Joshi,Head Constable,57,2026-07-19 11:37:49+00:00,90.0,85.0,,21.1811976,72.8015321,16.600000381469727,-0.982,-0.05,-0.185,,0.0,0.0,0.0,,,,,0.0,0.0,30.0,8.700000002193065e-06,-5.999999999062311e-06,0.14,85.0,36.5,0
29265,SO-1202,Head Constable Vivek Joshi,Head Constable,57,2026-07-19 11:38:19+00:00,90.0,88.0,,21.18119,72.8015274,16.600000381469727,-0.976,-0.045,-0.134,,0.0,0.0,0.0,,,,,0.0,0.0,30.0,-7.599999999996499e-06,-4.700000005186666e-06,0.12,88.0,36.5,0
29269,SO-1202,Head Constable Vivek Joshi,Head Constable,57,2026-07-19 11:38:49+00:00,94.0,83.0,,21.1811957,72.8015279,16.600000381469727,-0.912,0.224,0.432,,0.0,0.0,0.0,,,,,0.0,0.0,30.0,5.699999999109195e-06,4.999999987376214e-07,0.08,83.0,36.5,2
29273,SO-1202,Head Constable Vivek Joshi,Head Constable,57,2026-07-19 11:39:19+00:00,81.0,87.0,,21.1811921,72.8015395,16.600000381469727,-0.352,-0.037,-0.924,,0.0,0.0,0.0,,,,,0.0,0.0,30.0,-3.5999999994373866e-06,1.1600000007661038e-05,0.15,87.0,36.5,0
29277,SO-1202,Head Constable Vivek Joshi,Head Constable,57,2026-07-19 11:39:49+00:00,83.0,88.0,,21.1811964,72.8015388,16.600000381469727,-0.808,0.206,0.559,,0.0,0.0,0.0,,,,,0.0,0.0,30.0,4.300000000512227e-06,-7.000000010748408e-07,0.06,88.0,36.5,0
29281,SO-1202,Head Constable Vivek Joshi,Head Constable,57,2026-07-19 11:40:19+00:00,91.0,75.0,,21.1811912,72.8015378,16.600000381469727,-0.804,0.202,0.558,,0.0,0.0,0.0,,,,,0.0,0.0,30.0,-5.200000000371574e-06,-9.999999974752427e-07,0.07,75.0,36.5,2
29285,SO-1202,Head Constable Vivek Joshi,Head Constable,57,2026-07-19 11:40:49+00:00,92.0,86.0,,21.1811924,72.8015432,16.600000381469727,-0.984,0.034,0.026,,0.0,0.0,0.0,,,,,0.0,0.0,30.0,1.1999999998124622e-06,5.3999999920506525e-06,0.07,86.0,36.5,2
29289,SO-1202,Head Constable Vivek Joshi,Head Constable,57,2026-07-19 11:41:19+00:00,94.0,87.0,,21.1811952,72.8015364,16.600000381469727,-0.983,0.041,0.022,,0.0,0.0,0.0,,,,,0.0,0.0,30.0,2.8000000007466497e-06,-6.799999994200334e-06,0.09,87.0,36.5,2
29293,SO-1202,Head Constable Vivek Joshi,Head Constable,57,2026-07-19 11:41:49+00:00,100.0,83.0,,21.1811885,72.8015448,16.600000381469727,-0.804,0.144,0.582,,0.0,0.0,0.0,,,,,0.0,0.0,30.0,-6.700000000137152e-06,8.399999998687235e-06,0.14,83.0,36.5,2
29297,SO-1202,Head Constable Vivek Joshi,Head Constable,57,2026-07-19 11:42:19+00:00,92.0,87.0,,21.1811926,72.8015433,16.600000381469727,-0.421,0.008,-0.896,,0.0,0.0,0.0,,,,,0.0,0.0,30.0,4.099999998175008e-06,-1.499999996212864e-06,0.06,87.0,36.5,2
29301,SO-1202,Head Constable Vivek Joshi,Head Constable,57,2026-07-19 11:42:49+00:00,89.0,88.0,,21.1811921,72.8015387,16.600000381469727,-0.431,0.018,-0.898,,0.0,0.0,0.0,,,,,0.0,0.0,30.0,-4.999999987376214e-07,-4.600000011123484e-06,0.06,88.0,36.5,0
29305,SO-1202,Head Constable Vivek Joshi,Head Constable,57,2026-07-19 11:43:19+00:00,93.0,88.0,,21.1811911,72.8015383,16.600000381469727,-0.42,0.01,-0.898,,0.0,0.0,0.0,,,,,0.0,0.0,30.0,-1.0000000010279564e-06,-3.9999999046358425e-07,0.01,88.0,36.5,2
29309,SO-1202,Head Constable Vivek Joshi,Head Constable,57,2026-07-19 11:43:49+00:00,86.0,88.0,,21.1811884,72.8015425,16.600000381469727,-0.433,0.008,-0.889,,0.0,0.0,0.0,,,,,0.0,0.0,30.0,-2.69999999957804e-06,4.19999999223819e-06,0.06,88.0,36.5,0
29314,SO-1202,Head Constable Vivek Joshi,Head Constable,57,2026-07-19 11:44:19+00:00,92.0,88.0,,21.1811925,72.8015433,16.600000381469727,-0.968,-0.071,-0.168,,0.0,0.0,0.0,,,,,0.0,0.0,30.0,4.100000001727722e-06,8.000000093488779e-07,0.06,88.0,36.5,2
29319,SO-1202,Head Constable Vivek Joshi,Head Constable,57,2026-07-19 11:44:50+00:00,98.0,82.0,,21.1811921,72.8015391,16.600000381469727,-0.858,0.402,0.508,,0.0,0.0,0.0,,,,,0.0,0.0,31.0,-4.000000011217253e-07,-4.200000006449045e-06,0.05,82.0,36.5,2
29324,SO-1202,Head Constable Vivek Joshi,Head Constable,57,2026-07-19 11:45:19+00:00,83.0,87.0,,21.1811969,72.8015397,16.600000381469727,-0.615,0.331,0.731,,0.0,0.0,0.0,,,,,0.0,0.0,29.0,4.799999999249849e-06,6.000000070116585e-07,0.07,87.0,36.5,0
29330,SO-1202,Head Constable Vivek Joshi,Head Constable,57,2026-07-19 11:45:49+00:00,88.0,88.0,,21.1811928,72.8015436,16.600000381469727,-0.586,0.217,0.801,,0.0,0.0,0.0,,,,,0.0,0.0,30.0,-4.099999998175008e-06,3.8999999958377884e-06,0.07,88.0,36.5,0
29336,SO-1202,Head Constable Vivek Joshi,Head Constable,57,2026-07-19 11:46:19+00:00,92.0,82.0,,21.1811939,72.8015442,16.600000381469727,-0.39,0.856,0.488,,0.0,0.0,0.0,,,,,0.0,0.0,30.0,1.0999999986438525e-06,5.999999928008037e-07,0.02,82.0,36.5,2
29342,SO-1202,Head Constable Vivek Joshi,Head Constable,57,2026-07-19 11:46:49+00:00,84.0,86.0,,21.1811991,72.8015344,16.600000381469727,-1.011,-0.042,-0.377,,0.0,0.0,0.0,,,,,0.0,0.0,30.0,5.200000000371574e-06,-9.800000000836915e-06,0.14,86.0,36.5,0
29348,SO-1202,Head Constable Vivek Joshi,Head Constable,57,2026-07-19 11:47:19+00:00,97.0,88.0,,21.1811256,72.8015938,13.499996185302734,-1.061,0.414,-0.255,,0.0,0.0,0.0,,,,,0.0,0.0,30.0,-7.349999999917145e-05,5.940000001203316e-05,1.23,88.0,36.5,2
29354,SO-1202,Head Constable Vivek Joshi,Head Constable,57,2026-07-19 11:47:49+00:00,86.0,81.0,,21.1811963,72.8015406,16.600000381469727,-0.201,0.254,0.961,,0.0,0.0,0.0,,,,,0.0,0.0,30.0,7.06999999984248e-05,-5.320000001063363e-05,1.15,81.0,36.5,0
29360,SO-1202,Head Constable Vivek Joshi,Head Constable,57,2026-07-19 11:48:19+00:00,88.0,88.0,,21.181193,72.8015439,16.600000381469727,-0.59,-0.75,-0.202,,0.0,0.0,0.0,,,,,0.0,0.0,30.0,-3.299999999484271e-06,3.3000000030369847e-06,0.06,88.0,36.5,0
29366,SO-1202,Head Constable Vivek Joshi,Head Constable,57,2026-07-19 11:48:49+00:00,88.0,58.0,,21.1811523,72.8012491,22.0,-0.349,1.0,0.017,,0.0,0.0,0.0,,,,,0.0,0.0,30.0,-4.069999999956053e-05,-0.0002947999999918,3.7,58.0,36.5,0
29372,SO-1202,Head Constable Vivek Joshi,Head Constable,57,2026-07-19 11:49:27+00:00,82.0,88.0,,21.1810824,72.8011911,17.899999618530273,-0.251,0.927,-0.086,,0.0,0.0,0.0,,,,,0.0,0.0,38.0,-6.989999999973406e-05,-5.800000000988348e-05,0.93,88.0,36.5,0
29382,SO-1202,Head Constable Vivek Joshi,Head Constable,57,2026-07-19 11:50:18+00:00,100.0,82.0,,21.1811358,72.8011728,22.0,-0.482,0.669,-0.293,,0.0,0.0,0.0,,,,,0.0,0.0,51.0,5.3399999998759995e-05,-1.8299999993587335e-05,0.44,82.0,36.5,2
29550,SO-1202,Head Constable Vivek Joshi,Head Constable,57,2026-07-19 12:08:03+00:00,95.0,87.0,,21.181125,72.8010978,14.699996948242188,-0.781,-0.132,0.62,,0.0,0.0,0.0,,,,,0.0,0.0,1065.0,-1.079999999831216e-05,-7.500000000959517e-05,0.0,87.0,36.5,2
29587,SO-1202,Head Constable Vivek Joshi,Head Constable,57,2026-07-19 12:11:33+00:00,98.0,88.0,,21.1811907,72.8015432,16.600000381469727,0.076,-0.899,0.424,,0.0,0.0,0.0,,,,,0.0,0.0,210.0,6.569999999683773e-05,0.0004454000000038,0.8,88.0,36.5,2
29593,SO-1202,Head Constable Vivek Joshi,Head Constable,57,2026-07-19 12:12:03+00:00,84.0,85.0,,21.1811899,72.8015452,16.600000381469727,0.084,-0.9,0.417,,0.0,0.0,0.0,,,,,0.0,0.0,30.0,-7.999999986907369e-07,2.00000000916134e-06,0.03,85.0,36.5,0
29599,SO-1202,Head Constable Vivek Joshi,Head Constable,57,2026-07-19 12:12:33+00:00,83.0,64.0,,21.1811944,72.8015442,16.600000381469727,-0.692,0.293,-0.637,,0.0,0.0,0.0,,,,,0.0,0.0,30.0,4.499999999296733e-06,-1.0000000116860974e-06,0.06,64.0,36.5,0
29605,SO-1202,Head Constable Vivek Joshi,Head Constable,57,2026-07-19 12:13:04+00:00,93.0,87.0,,21.1811966,72.801536,16.600000381469727,-1.009,0.027,0.057,,0.0,0.0,0.0,,,,,0.0,0.0,31.0,2.2000000008404186e-06,-8.199999996350016e-06,0.1,87.0,36.5,2
29610,SO-1202,Head Constable Vivek Joshi,Head Constable,57,2026-07-19 12:13:33+00:00,82.0,81.0,,21.1812548,72.80129,15.199996948242188,-0.901,-0.167,0.37,,0.0,0.0,0.0,,,,,0.0,0.0,29.0,5.820000000156256e-05,-0.0002460000000041,3.26,81.0,36.5,0
29617,SO-1202,Head Constable Vivek Joshi,Head Constable,57,2026-07-19 12:14:03+00:00,96.0,84.0,,21.1811706,72.8015703,16.600000381469727,-0.917,-0.058,0.388,,0.0,0.0,0.0,,,,,0.0,0.0,30.0,-8.419999999986771e-05,0.0002803,3.66,84.0,36.5,2
29624,SO-1202,Head Constable Vivek Joshi,Head Constable,57,2026-07-19 12:14:33+00:00,91.0,88.0,,21.1811926,72.8015433,16.600000381469727,-0.776,-0.364,-0.479,,0.0,0.0,0.0,,,,,0.0,0.0,30.0,2.1999999997746045e-05,-2.6999999988674972e-05,0.45,88.0,36.5,2
29630,SO-1202,Head Constable Vivek Joshi,Head Constable,57,2026-07-19 12:15:03+00:00,85.0,88.0,,21.1811808,72.8015543,16.600000381469727,-0.913,-0.184,-0.76,,0.0,0.0,0.0,,,,,0.0,0.0,30.0,-1.1799999999340116e-05,1.100000000064938e-05,0.21,88.0,36.5,0
29636,SO-1202,Head Constable Vivek Joshi,Head Constable,57,2026-07-19 12:15:33+00:00,90.0,87.0,,21.1811943,72.8015441,16.600000381469727,-0.684,0.039,-0.693,,0.0,0.0,0.0,,,,,0.0,0.0,30.0,1.3500000001442912e-05,-1.0200000005511356e-05,0.22,87.0,36.5,0
29642,SO-1202,Head Constable Vivek Joshi,Head Constable,57,2026-07-19 12:16:03+00:00,98.0,86.0,,21.1811959,72.8015257,16.600000381469727,-0.275,0.545,0.814,,0.0,0.0,0.0,,,,,0.0,0.0,30.0,1.5999999973814738e-06,-1.8400000001861372e-05,0.23,86.0,36.5,2
29648,SO-1202,Head Constable Vivek Joshi,Head Constable,57,2026-07-19 12:16:33+00:00,98.0,88.0,,21.1811979,72.8015334,16.600000381469727,-0.918,-0.268,-0.209,,0.0,0.0,0.0,,,,,0.0,0.0,30.0,2.0000000020559128e-06,7.699999997612395e-06,0.1,88.0,36.5,2
29654,SO-1202,Head Constable Vivek Joshi,Head Constable,57,2026-07-19 12:17:03+00:00,91.0,73.0,,21.1811935,72.8015397,16.600000381469727,-0.937,-0.159,-0.254,,0.0,0.0,0.0,,,,,0.0,0.0,30.0,-4.400000001680837e-06,6.3000000096735675e-06,0.1,73.0,36.5,2
29660,SO-1202,Head Constable Vivek Joshi,Head Constable,57,2026-07-19 12:17:33+00:00,87.0,81.0,,21.1811925,72.8015433,16.600000381469727,-0.934,-0.157,-0.257,,0.0,0.0,0.0,,,,,0.0,0.0,30.0,-9.999999974752427e-07,3.5999999994373866e-06,0.05,81.0,36.5,0
29666,SO-1202,Head Constable Vivek Joshi,Head Constable,57,2026-07-19 12:18:03+00:00,90.0,69.0,,21.1811943,72.8015391,16.600000381469727,-0.937,-0.151,-0.265,,0.0,0.0,0.0,,,,,0.0,0.0,30.0,1.7999999997186933e-06,-4.200000006449045e-06,0.06,69.0,36.5,0
29672,SO-1202,Head Constable Vivek Joshi,Head Constable,57,2026-07-19 12:18:33+00:00,97.0,88.0,,21.1811933,72.8015392,16.600000381469727,-0.932,-0.161,-0.268,,0.0,0.0,0.0,,,,,0.0,0.0,30.0,-1.0000000010279564e-06,9.999999406318238e-08,0.01,88.0,36.5,2
29678,SO-1202,Head Constable Vivek Joshi,Head Constable,57,2026-07-19 12:19:03+00:00,87.0,72.0,,21.1811925,72.8015432,16.600000381469727,-0.931,-0.151,-0.264,,0.0,0.0,0.0,,,,,0.0,0.0,30.0,-7.999999986907369e-07,4.0000000041118255e-06,0.05,72.0,36.5,0
29684,SO-1202,Head Constable Vivek Joshi,Head Constable,57,2026-07-19 12:19:33+00:00,87.0,79.0,,21.1811936,72.8015394,16.600000381469727,-0.934,-0.159,-0.271,,0.0,0.0,0.0,,,,,0.0,0.0,30.0,1.0999999986438525e-06,-3.800000001774606e-06,0.05,79.0,36.5,0
29690,SO-1202,Head Constable Vivek Joshi,Head Constable,57,2026-07-19 12:20:03+00:00,97.0,84.0,,21.1811898,72.8015497,16.600000381469727,-0.935,-0.156,-0.267,,0.0,0.0,0.0,,,,,0.0,0.0,30.0,-3.800000001774606e-06,1.0299999999574538e-05,0.14,84.0,36.5,2
29696,SO-1202,Head Constable Vivek Joshi,Head Constable,57,2026-07-19 12:20:33+00:00,99.0,79.0,,21.1811956,72.8015356,16.600000381469727,-0.213,-0.037,0.996,,0.0,0.0,0.0,,,,,0.0,0.0,30.0,5.800000000277805e-06,-1.4100000001349144e-05,0.19,79.0,36.5,2
29702,SO-1202,Head Constable Vivek Joshi,Head Constable,57,2026-07-19 12:21:03+00:00,94.0,88.0,,21.181193,72.8015347,16.600000381469727,-0.336,-0.179,0.944,,0.0,0.0,0.0,,,,,0.0,0.0,30.0,-2.59999999840943e-06,-8.999999892012056e-07,0.04,88.0,36.5,2
29708,SO-1202,Head Constable Vivek Joshi,Head Constable,57,2026-07-19 12:21:33+00:00,85.0,71.0,,21.1811944,72.8015362,16.600000381469727,-0.334,-0.169,0.94,,0.0,0.0,0.0,,,,,0.0,0.0,30.0,1.399999998596968e-06,1.499999996212864e-06,0.03,71.0,36.5,0
29714,SO-1202,Head Constable Vivek Joshi,Head Constable,57,2026-07-19 12:22:03+00:00,85.0,68.0,,21.1811903,72.8015447,16.600000381469727,-0.335,-0.169,0.939,,0.0,0.0,0.0,,,,,0.0,0.0,30.0,-4.099999998175008e-06,8.499999992750418e-06,0.12,68.0,36.5,0
29720,SO-1202,Head Constable Vivek Joshi,Head Constable,57,2026-07-19 12:22:33+00:00,82.0,75.0,,21.1811894,72.8015524,16.600000381469727,-0.328,-0.167,0.946,,0.0,0.0,0.0,,,,,0.0,0.0,30.0,-8.999999998593466e-07,7.70000001182325e-06,0.1,75.0,36.5,0
29726,SO-1202,Head Constable Vivek Joshi,Head Constable,57,2026-07-19 12:23:03+00:00,85.0,86.0,,21.1811918,72.801539,16.600000381469727,-0.333,-0.159,0.941,,0.0,0.0,0.0,,,,,0.0,0.0,30.0,2.3999999996249244e-06,-1.3400000000274304e-05,0.17,86.0,36.5,0
29732,SO-1202,Head Constable Vivek Joshi,Head Constable,57,2026-07-19 12:23:33+00:00,82.0,77.0,,21.1811961,72.8015345,16.600000381469727,-0.326,-0.154,0.942,,0.0,0.0,0.0,,,,,0.0,0.0,30.0,4.300000000512227e-06,-4.500000002849447e-06,0.08,77.0,36.5,0
29738,SO-1202,Head Constable Vivek Joshi,Head Constable,57,2026-07-19 12:24:03+00:00,85.0,69.0,,21.1811879,72.8015451,16.600000381469727,-0.283,-0.144,0.966,,0.0,0.0,0.0,,,,,0.0,0.0,30.0,-8.19999999990273e-06,1.059999999597494e-05,0.17,69.0,36.5,0
29744,SO-1202,Head Constable Vivek Joshi,Head Constable,57,2026-07-19 12:24:33+00:00,88.0,74.0,,21.1811918,72.8015432,16.600000381469727,-0.28,-0.141,0.968,,0.0,0.0,0.0,,,,,0.0,0.0,30.0,3.899999999390502e-06,-1.900000000887303e-06,0.06,74.0,36.5,0
29750,SO-1202,Head Constable Vivek Joshi,Head Constable,57,2026-07-19 12:25:03+00:00,88.0,74.0,,21.1811915,72.8015412,16.600000381469727,-0.26,-0.118,0.976,,0.0,0.0,0.0,,,,,0.0,0.0,30.0,-2.999999999531156e-07,-1.9999999949504854e-06,0.03,74.0,36.5,0
29756,SO-1202,Head Constable Vivek Joshi,Head Constable,57,2026-07-19 12:25:33+00:00,82.0,70.0,,21.1811903,72.8015448,16.600000381469727,-0.247,-0.118,0.977,,0.0,0.0,0.0,,,,,0.0,0.0,30.0,-1.1999999998124622e-06,3.5999999994373866e-06,0.05,70.0,36.5,0
29762,SO-1202,Head Constable Vivek Joshi,Head Constable,57,2026-07-19 12:26:05+00:00,88.0,88.0,,21.181197,72.801542,16.600000381469727,-0.055,0.341,0.97,,0.0,0.0,0.0,,,,,0.0,0.0,32.0,6.700000000137152e-06,-2.8000000042993634e-06,0.09,88.0,36.5,0
29768,SO-1202,Head Constable Vivek Joshi,Head Constable,57,2026-07-19 12:26:33+00:00,97.0,76.0,,21.1812051,72.8015251,16.600000381469727,-0.505,0.116,0.864,,0.0,0.0,0.0,,,,,0.0,0.0,28.0,8.09999999873412e-06,-1.6899999991437653e-05,0.25,76.0,36.5,2
29774,SO-1202,Head Constable Vivek Joshi,Head Constable,57,2026-07-19 12:27:03+00:00,87.0,88.0,,21.1811977,72.8015389,16.600000381469727,0.091,-0.046,1.06,,0.0,0.0,0.0,,,,,0.0,0.0,30.0,-7.400000001211993e-06,1.3799999990737888e-05,0.2,88.0,36.5,0
29780,SO-1202,Head Constable Vivek Joshi,Head Constable,57,2026-07-19 12:27:33+00:00,100.0,88.0,,21.1811935,72.8015376,16.600000381469727,1.106,0.629,0.959,,0.0,0.0,0.0,,,,,0.0,0.0,30.0,-4.199999999343618e-06,-1.2999999938756446e-06,0.06,88.0,36.5,2
29786,SO-1202,Head Constable Vivek Joshi,Head Constable,57,2026-07-19 12:28:03+00:00,95.0,82.0,,21.1811932,72.8015415,16.600000381469727,-0.169,-0.025,1.011,,0.0,0.0,0.0,,,,,0.0,0.0,30.0,-2.999999999531156e-07,3.8999999958377884e-06,0.05,82.0,36.5,2
29792,SO-1202,Head Constable Vivek Joshi,Head Constable,57,2026-07-19 12:28:33+00:00,100.0,84.0,,21.1811961,72.801537,16.600000381469727,-0.396,0.608,0.716,,0.0,0.0,0.0,,,,,0.0,0.0,30.0,2.900000001915259e-06,-4.500000002849447e-06,0.07,84.0,36.5,2
29798,SO-1202,Head Constable Vivek Joshi,Head Constable,57,2026-07-19 12:29:03+00:00,87.0,88.0,,21.1811927,72.8015251,16.600000381469727,-0.621,-0.451,-0.696,,0.0,0.0,0.0,,,,,0.0,0.0,30.0,-3.4000000006528808e-06,-1.1899999989850585e-05,0.15,88.0,36.5,0
29804,SO-1202,Head Constable Vivek Joshi,Head Constable,57,2026-07-19 12:29:34+00:00,88.0,88.0,,21.1812158,72.8014904,16.600000381469727,-0.778,0.379,0.511,,0.0,0.0,0.0,,,,,0.0,0.0,31.0,2.309999999994261e-05,-3.470000000049822e-05,0.51,88.0,36.5,0
29810,SO-1202,Head Constable Vivek Joshi,Head Constable,57,2026-07-19 12:30:03+00:00,91.0,85.0,,21.1812087,72.8015213,16.600000381469727,-0.571,0.476,0.692,,0.0,0.0,0.0,,,,,0.0,0.0,29.0,-7.100000001258877e-06,3.0899999998723615e-05,0.41,85.0,36.5,2
29816,SO-1202,Head Constable Vivek Joshi,Head Constable,57,2026-07-19 12:30:33+00:00,88.0,87.0,,21.1812145,72.8015143,16.600000381469727,-0.58,-0.173,-0.773,,0.0,0.0,0.0,,,,,0.0,0.0,30.0,5.800000000277805e-06,-7.000000010748408e-06,0.12,87.0,36.5,0
29822,SO-1202,Head Constable Vivek Joshi,Head Constable,57,2026-07-19 12:31:03+00:00,84.0,84.0,,21.1812113,72.8015185,16.600000381469727,-0.579,-0.171,-0.784,,0.0,0.0,0.0,,,,,0.0,0.0,30.0,-3.1999999983156613e-06,4.200000006449045e-06,0.07,84.0,36.5,0
29828,SO-1202,Head Constable Vivek Joshi,Head Constable,57,2026-07-19 12:31:33+00:00,82.0,85.0,,21.1812035,72.8015274,16.600000381469727,-0.625,-0.155,-0.746,,0.0,0.0,0.0,,,,,0.0,0.0,30.0,-7.800000002333718e-06,8.899999997424857e-06,0.15,85.0,36.5,0
29834,SO-1202,Head Constable Vivek Joshi,Head Constable,57,2026-07-19 12:32:03+00:00,81.0,85.0,,21.1811853,72.8015477,16.600000381469727,-0.627,-0.166,-0.749,,0.0,0.0,0.0,,,,,0.0,0.0,30.0,-1.8199999999524152e-05,2.0300000002748675e-05,0.35,85.0,36.5,0
29840,SO-1202,Head Constable Vivek Joshi,Head Constable,57,2026-07-19 12:32:33+00:00,81.0,79.0,,21.1811943,72.8015441,16.600000381469727,-0.633,-0.156,-0.737,,0.0,0.0,0.0,,,,,0.0,0.0,30.0,9.00000000214618e-06,-3.5999999994373866e-06,0.13,79.0,36.5,0
29845,SO-1202,Head Constable Vivek Joshi,Head Constable,57,2026-07-19 12:33:03+00:00,89.0,83.0,,21.181233,72.80148,16.600000381469727,-0.633,0.472,0.635,,0.0,0.0,0.0,,,,,0.0,0.0,30.0,3.869999999750462e-05,-6.410000000300897e-05,0.95,83.0,36.5,0
29853,SO-1202,Head Constable Vivek Joshi,Head Constable,57,2026-07-19 12:33:33+00:00,97.0,81.0,,21.1812204,72.8015059,16.600000381469727,-0.712,0.433,0.572,,0.0,0.0,0.0,,,,,0.0,0.0,30.0,-1.2599999998030851e-05,2.5899999997136547e-05,0.36,81.0,36.5,2
29860,SO-1202,Head Constable Vivek Joshi,Head Constable,57,2026-07-19 12:34:03+00:00,89.0,76.0,,21.1812107,72.801519,16.600000381469727,-0.737,0.437,0.527,,0.0,0.0,0.0,,,,,0.0,0.0,30.0,-9.699999999668307e-06,1.3100000003873902e-05,0.21,76.0,36.5,0
29867,SO-1202,Head Constable Vivek Joshi,Head Constable,57,2026-07-19 12:34:33+00:00,96.0,88.0,,21.181194,72.8015375,16.600000381469727,-0.298,-0.108,0.963,,0.0,0.0,0.0,,,,,0.0,0.0,30.0,-1.6699999999758575e-05,1.849999999592455e-05,0.32,88.0,36.5,2
29874,SO-1202,Head Constable Vivek Joshi,Head Constable,57,2026-07-19 12:35:03+00:00,93.0,88.0,,21.1811944,72.8015362,16.600000381469727,-0.616,0.488,0.628,,0.0,0.0,0.0,,,,,0.0,0.0,30.0,3.999999975690116e-07,-1.2999999938756446e-06,0.02,88.0,36.5,2
29881,SO-1202,Head Constable Vivek Joshi,Head Constable,57,2026-07-19 12:35:33+00:00,93.0,82.0,,21.1811918,72.8015396,16.600000381469727,-0.674,0.492,0.569,,0.0,0.0,0.0,,,,,0.0,0.0,30.0,-2.59999999840943e-06,3.399999997100167e-06,0.05,82.0,36.5,2
29888,SO-1202,Head Constable Vivek Joshi,Head Constable,57,2026-07-19 12:36:03+00:00,96.0,85.0,,21.1811879,72.8015464,16.600000381469727,-0.627,0.477,0.63,,0.0,0.0,0.0,,,,,0.0,0.0,30.0,-3.899999999390502e-06,6.800000008411189e-06,0.1,85.0,36.5,2
29895,SO-1202,Head Constable Vivek Joshi,Head Constable,57,2026-07-19 12:36:34+00:00,85.0,85.0,,21.1811944,72.8015442,16.600000381469727,-0.804,-0.265,-0.485,,0.0,0.0,0.0,,,,,0.0,0.0,31.0,6.499999997799932e-06,-2.2000000114985596e-06,0.09,85.0,36.5,0
29901,SO-1202,Head Constable Vivek Joshi,Head Constable,57,2026-07-19 12:37:03+00:00,81.0,72.0,,21.1811927,72.8015434,16.600000381469727,-0.717,-0.235,-0.63,,0.0,0.0,0.0,,,,,0.0,0.0,29.0,-1.6999999985500835e-06,-7.999999951380232e-07,0.03,72.0,36.5,0
29908,SO-1202,Head Constable Vivek Joshi,Head Constable,57,2026-07-19 12:37:33+00:00,93.0,77.0,,21.1809638,72.801718,13.499996185302734,-0.659,-0.234,-0.694,,0.0,0.0,0.0,,,,,0.0,0.0,30.0,-0.0002288999999997,0.000174599999994,3.74,77.0,36.5,2
29914,SO-1202,Head Constable Vivek Joshi,Head Constable,57,2026-07-19 12:38:03+00:00,83.0,68.0,,21.1811936,72.801544,16.600000381469727,-0.639,-0.235,-0.709,,0.0,0.0,0.0,,,,,0.0,0.0,30.0,0.0002297999999996,-0.000173999999987,3.75,68.0,36.5,0
29920,SO-1202,Head Constable Vivek Joshi,Head Constable,57,2026-07-19 12:38:33+00:00,96.0,68.0,,21.1811022,72.8016172,13.499996185302734,-0.591,-0.383,-0.69,,0.0,0.0,0.0,,,,,0.0,0.0,30.0,-9.139999999874247e-05,7.31999999885602e-05,1.52,68.0,36.5,2
29926,SO-1202,Head Constable Vivek Joshi,Head Constable,57,2026-07-19 12:39:03+00:00,94.0,88.0,,21.1811925,72.8015391,16.600000381469727,-0.759,-0.43,-0.422,,0.0,0.0,0.0,,,,,0.0,0.0,30.0,9.030000000009863e-05,-7.809999999608408e-05,1.55,88.0,36.5,2
29932,SO-1202,Head Constable Vivek Joshi,Head Constable,57,2026-07-19 12:39:33+00:00,87.0,87.0,,21.1811909,72.8015361,16.600000381469727,-0.592,-0.473,-0.659,,0.0,0.0,0.0,,,,,0.0,0.0,30.0,-1.6000000009341877e-06,-2.999999992425728e-06,0.04,87.0,36.5,0
29938,SO-1202,Head Constable Vivek Joshi,Head Constable,57,2026-07-19 12:40:03+00:00,92.0,88.0,,21.1811948,72.8015373,16.600000381469727,-1.028,0.169,0.038,,0.0,0.0,0.0,,,,,0.0,0.0,30.0,3.899999999390502e-06,1.1999999998124622e-06,0.05,88.0,36.5,2
29944,SO-1202,Head Constable Vivek Joshi,Head Constable,57,2026-07-19 12:40:33+00:00,92.0,76.0,,21.1811896,72.8015457,16.600000381469727,-0.979,0.09,-0.107,,0.0,0.0,0.0,,,,,0.0,0.0,30.0,-5.200000000371574e-06,8.399999998687235e-06,0.13,76.0,36.5,2
29950,SO-1202,Head Constable Vivek Joshi,Head Constable,57,2026-07-19 12:41:03+00:00,100.0,88.0,,21.1811928,72.8015401,16.600000381469727,-0.895,0.28,-0.302,,0.0,0.0,0.0,,,,,0.0,0.0,30.0,3.200000001868375e-06,-5.600000008598727e-06,0.08,88.0,36.5,2
29956,SO-1202,Head Constable Vivek Joshi,Head Constable,57,2026-07-19 12:41:33+00:00,97.0,88.0,,21.1811929,72.8015357,16.600000381469727,-0.887,0.271,-0.33,,0.0,0.0,0.0,,,,,0.0,0.0,30.0,9.999999761589606e-08,-4.39999999457541e-06,0.05,88.0,36.5,2
29962,SO-1202,Head Constable Vivek Joshi,Head Constable,57,2026-07-19 12:42:03+00:00,92.0,88.0,,21.181193,72.8015407,16.600000381469727,-0.893,0.267,-0.312,,0.0,0.0,0.0,,,,,0.0,0.0,30.0,1.0000000116860974e-07,5.000000001587068e-06,0.06,88.0,36.5,2
29968,SO-1202,Head Constable Vivek Joshi,Head Constable,57,2026-07-19 12:42:33+00:00,98.0,66.0,,21.1811894,72.8015452,16.600000381469727,-0.891,0.275,-0.32,,0.0,0.0,0.0,,,,,0.0,0.0,30.0,-3.5999999994373866e-06,4.500000002849447e-06,0.07,66.0,36.5,2
29974,SO-1202,Head Constable Vivek Joshi,Head Constable,57,2026-07-19 12:43:03+00:00,94.0,78.0,,21.1811629,72.8015793,16.600000381469727,-0.174,0.308,0.989,,0.0,0.0,0.0,,,,,0.0,0.0,30.0,-2.650000000059549e-05,3.409999999348656e-05,0.55,78.0,36.5,2
29980,SO-1202,Head Constable Vivek Joshi,Head Constable,57,2026-07-19 12:43:33+00:00,89.0,88.0,,21.1811868,72.8015153,16.600000381469727,-0.495,0.002,0.882,,0.0,0.0,0.0,,,,,0.0,0.0,30.0,2.3899999998633348e-05,-6.399999999473494e-05,0.86,88.0,36.5,0
29986,SO-1202,Head Constable Vivek Joshi,Head Constable,57,2026-07-19 12:44:03+00:00,83.0,88.0,,21.1811921,72.8015422,16.600000381469727,-0.554,0.295,0.793,,0.0,0.0,0.0,,,,,0.0,0.0,30.0,5.300000001540184e-06,2.689999999461179e-05,0.34,88.0,36.5,0
29992,SO-1202,Head Constable Vivek Joshi,Head Constable,57,2026-07-19 12:44:37+00:00,88.0,84.0,,21.1811913,72.8015433,16.600000381469727,-0.723,0.476,0.512,,0.0,0.0,0.0,,,,,0.0,0.0,34.0,-8.000000022434506e-07,1.1000000057492798e-06,0.02,84.0,36.5,0
29998,SO-1202,Head Constable Vivek Joshi,Head Constable,57,2026-07-19 12:45:07+00:00,90.0,88.0,,21.1811935,72.8015376,16.600000381469727,-0.263,0.748,0.643,,0.0,0.0,0.0,,,,,0.0,0.0,30.0,2.2000000008404186e-06,-5.700000002661909e-06,0.08,88.0,36.5,0
30004,SO-1202,Head Constable Vivek Joshi,Head Constable,57,2026-07-19 12:45:37+00:00,87.0,83.0,,21.1811939,72.8015363,16.600000381469727,-0.28,0.736,0.646,,0.0,0.0,0.0,,,,,0.0,0.0,30.0,4.000000011217253e-07,-1.3000000080864993e-06,0.02,83.0,36.5,0
30010,SO-1202,Head Constable Vivek Joshi,Head Constable,57,2026-07-19 12:46:07+00:00,91.0,78.0,,21.1811966,72.8015339,16.600000381469727,-0.395,1.277,-0.176,,0.0,0.0,0.0,,,,,0.0,0.0,30.0,2.69999999957804e-06,-2.3999999996249244e-06,0.05,78.0,36.5,2
30016,SO-1202,Head Constable Vivek Joshi,Head Constable,57,2026-07-19 12:46:37+00:00,86.0,86.0,,21.1811939,72.8015363,16.600000381469727,-0.31,0.765,0.595,,0.0,0.0,0.0,,,,,0.0,0.0,30.0,-2.69999999957804e-06,2.3999999996249244e-06,0.05,86.0,36.5,0
30022,SO-1202,Head Constable Vivek Joshi,Head Constable,57,2026-07-19 12:47:07+00:00,83.0,80.0,,21.1811941,72.8015362,16.600000381469727,-0.305,0.756,0.599,,0.0,0.0,0.0,,,,,0.0,0.0,30.0,1.999999987845058e-07,-9.999999406318238e-08,0.0,80.0,36.5,0
30028,SO-1202,Head Constable Vivek Joshi,Head Constable,57,2026-07-19 12:47:37+00:00,88.0,88.0,,21.1812061,72.8015244,16.600000381469727,-0.254,0.984,-0.215,,0.0,0.0,0.0,,,,,0.0,0.0,30.0,1.2000000001677336e-05,-1.1799999995787402e-05,0.22,88.0,36.5,0
30034,SO-1202,Head Constable Vivek Joshi,Head Constable,57,2026-07-19 12:48:07+00:00,96.0,88.0,,21.1811933,72.8015385,16.600000381469727,-0.921,0.095,-0.323,,0.0,0.0,0.0,,,,,0.0,0.0,30.0,-1.2800000000368073e-05,1.4100000001349144e-05,0.24,88.0,36.5,2
30040,SO-1202,Head Constable Vivek Joshi,Head Constable,57,2026-07-19 12:48:37+00:00,100.0,88.0,,21.1811934,72.8015391,16.600000381469727,-0.946,0.172,-0.211,,0.0,0.0,0.0,,,,,0.0,0.0,30.0,1.0000000116860974e-07,5.999999928008037e-07,0.01,88.0,36.5,2
30046,SO-1202,Head Constable Vivek Joshi,Head Constable,57,2026-07-19 12:49:07+00:00,91.0,85.0,,21.1811929,72.8015381,16.600000381469727,-0.911,0.225,-0.312,,0.0,0.0,0.0,,,,,0.0,0.0,30.0,-5.00000002290335e-07,-9.999999974752427e-07,0.01,85.0,36.5,2
30052,SO-1202,Head Constable Vivek Joshi,Head Constable,57,2026-07-19 12:49:37+00:00,91.0,79.0,,21.1811935,72.8015368,16.600000381469727,-0.909,0.236,-0.318,,0.0,0.0,0.0,,,,,0.0,0.0,30.0,5.999999999062311e-07,-1.3000000080864993e-06,0.02,79.0,36.5,2
30058,SO-1202,Head Constable Vivek Joshi,Head Constable,57,2026-07-19 12:50:11+00:00,84.0,88.0,,21.1811935,72.8015368,16.600000381469727,-0.95,0.226,-0.157,,0.0,0.0,0.0,,,,,0.0,0.0,34.0,0.0,0.0,0.0,88.0,36.5,0
30063,SO-1202,Head Constable Vivek Joshi,Head Constable,57,2026-07-19 12:50:37+00:00,100.0,86.0,,21.1811926,72.8015437,16.600000381469727,-0.92,0.281,0.247,,0.0,0.0,0.0,,,,,0.0,0.0,26.0,-8.999999998593466e-07,6.900000002474371e-06,0.1,86.0,36.5,2
30068,SO-1202,Head Constable Vivek Joshi,Head Constable,57,2026-07-19 12:51:07+00:00,92.0,78.0,,21.1811927,72.8015385,16.600000381469727,-0.945,0.224,-0.185,,0.0,0.0,0.0,,,,,0.0,0.0,30.0,1.0000000116860974e-07,-5.199999989713433e-06,0.06,78.0,36.5,2
30074,SO-1202,Head Constable Vivek Joshi,Head Constable,57,2026-07-19 12:51:37+00:00,90.0,84.0,,21.1811887,72.8015462,16.600000381469727,-0.944,0.237,-0.175,,0.0,0.0,0.0,,,,,0.0,0.0,30.0,-4.000000000559112e-06,7.699999997612395e-06,0.11,84.0,36.5,0
30080,SO-1202,Head Constable Vivek Joshi,Head Constable,57,2026-07-19 12:52:07+00:00,87.0,80.0,,21.1811821,72.8015529,16.600000381469727,-0.885,0.198,-0.399,,0.0,0.0,0.0,,,,,0.0,0.0,30.0,-6.599999998968542e-06,6.700000000137152e-06,0.12,80.0,36.5,0
30086,SO-1202,Head Constable Vivek Joshi,Head Constable,57,2026-07-19 12:52:39+00:00,93.0,85.0,,21.1811927,72.8015438,16.600000381469727,-0.88,0.187,-0.397,,0.0,0.0,0.0,,,,,0.0,0.0,32.0,1.0599999999527654e-05,-9.099999999762076e-06,0.17,85.0,36.5,2
30815,SO-1202,Head Constable Vivek Joshi,Head Constable,57,2026-07-19 14:22:24+00:00,90.0,88.0,,21.1811966,72.8015346,16.600000381469727,-0.587,-0.207,-0.825,,0.0,0.0,0.0,,,,,0.0,0.0,5385.0,3.899999999390502e-06,-9.200000008036112e-06,0.0,88.0,36.5,0
30818,SO-1202,Head Constable Vivek Joshi,Head Constable,57,2026-07-19 14:22:54+00:00,99.0,88.0,,21.1811916,72.8015423,16.600000381469727,0.009,-0.969,0.23,,0.0,0.0,0.0,,,,,0.0,0.0,30.0,-5.000000001587068e-06,7.699999997612395e-06,0.12,88.0,36.5,2
30821,SO-1202,Head Constable Vivek Joshi,Head Constable,57,2026-07-19 14:23:24+00:00,82.0,88.0,,21.1811933,72.8015375,16.600000381469727,0.044,-0.973,0.177,,0.0,0.0,0.0,,,,,0.0,0.0,30.0,1.7000000021027972e-06,-4.799999999249849e-06,0.06,88.0,36.5,0
30824,SO-1202,Head Constable Vivek Joshi,Head Constable,57,2026-07-19 14:23:54+00:00,91.0,80.0,,21.1811928,72.8015394,16.600000381469727,0.037,-0.976,0.177,,0.0,0.0,0.0,,,,,0.0,0.0,30.0,-4.999999987376214e-07,1.900000000887303e-06,0.02,80.0,36.5,2
30827,SO-1202,Head Constable Vivek Joshi,Head Constable,57,2026-07-19 14:24:24+00:00,96.0,85.0,,21.1811976,72.8015435,16.600000381469727,0.022,-0.976,0.181,,0.0,0.0,0.0,,,,,0.0,0.0,30.0,4.799999999249849e-06,4.099999998175008e-06,0.08,85.0,36.5,2
30830,SO-1202,Head Constable Vivek Joshi,Head Constable,57,2026-07-19 14:24:54+00:00,87.0,75.0,,21.1811933,72.8015413,16.600000381469727,0.025,-0.969,0.19,,0.0,0.0,0.0,,,,,0.0,0.0,30.0,-4.300000000512227e-06,-2.199999997287705e-06,0.06,75.0,36.5,0
30833,SO-1202,Head Constable Vivek Joshi,Head Constable,57,2026-07-19 14:25:24+00:00,87.0,66.0,,21.1811929,72.8015393,16.600000381469727,0.029,-0.976,0.18,,0.0,0.0,0.0,,,,,0.0,0.0,30.0,-4.000000011217253e-07,-1.9999999949504854e-06,0.03,66.0,36.5,0
30836,SO-1202,Head Constable Vivek Joshi,Head Constable,57,2026-07-19 14:25:54+00:00,84.0,62.0,,21.1811926,72.8015437,16.600000381469727,0.028,-0.977,0.181,,0.0,0.0,0.0,,,,,0.0,0.0,30.0,-2.999999999531156e-07,4.39999999457541e-06,0.05,62.0,36.5,0
30839,SO-1202,Head Constable Vivek Joshi,Head Constable,57,2026-07-19 14:26:24+00:00,91.0,66.0,,21.18119,72.8015448,16.600000381469727,0.022,-0.977,0.185,,0.0,0.0,0.0,,,,,0.0,0.0,30.0,-2.59999999840943e-06,1.1000000057492798e-06,0.04,66.0,36.5,2
30842,SO-1202,Head Constable Vivek Joshi,Head Constable,57,2026-07-19 14:26:54+00:00,90.0,88.0,,21.1811925,72.8015432,16.600000381469727,-0.703,0.102,0.704,,0.0,0.0,0.0,,,,,0.0,0.0,30.0,2.500000000793534e-06,-1.6000000044869012e-06,0.04,88.0,36.5,0
30845,SO-1202,Head Constable Vivek Joshi,Head Constable,57,2026-07-19 14:27:24+00:00,95.0,84.0,,21.1811877,72.8015531,16.600000381469727,-0.785,0.096,0.613,,0.0,0.0,0.0,,,,,0.0,0.0,30.0,-4.8000000028025624e-06,9.900000009110954e-06,0.14,84.0,36.5,2
30848,SO-1202,Head Constable Vivek Joshi,Head Constable,57,2026-07-19 14:27:54+00:00,93.0,75.0,,21.1811925,72.8015432,16.600000381469727,-0.677,0.076,0.738,,0.0,0.0,0.0,,,,,0.0,0.0,30.0,4.8000000028025624e-06,-9.900000009110954e-06,0.14,75.0,36.5,2
30851,SO-1202,Head Constable Vivek Joshi,Head Constable,57,2026-07-19 14:28:24+00:00,83.0,54.0,,21.1811852,72.801556,16.600000381469727,-0.697,0.102,0.717,,0.0,0.0,0.0,,,,,0.0,0.0,30.0,-7.300000000043383e-06,1.28000000074735e-05,0.19,54.0,36.5,0
30854,SO-1202,Head Constable Vivek Joshi,Head Constable,57,2026-07-19 14:28:54+00:00,86.0,80.0,,21.1811814,72.8015603,16.600000381469727,-0.69,0.091,0.726,,0.0,0.0,0.0,,,,,0.0,0.0,30.0,-3.800000001774606e-06,4.300000000512227e-06,0.07,80.0,36.5,0
30857,SO-1202,Head Constable Vivek Joshi,Head Constable,57,2026-07-19 14:29:24+00:00,88.0,60.0,,21.1811841,72.8015579,16.600000381469727,-0.692,0.086,0.727,,0.0,0.0,0.0,,,,,0.0,0.0,30.0,2.69999999957804e-06,-2.3999999996249244e-06,0.05,60.0,36.5,0
30860,SO-1202,Head Constable Vivek Joshi,Head Constable,57,2026-07-19 14:29:54+00:00,84.0,86.0,,21.1811892,72.8015459,16.600000381469727,-0.748,0.123,0.655,,0.0,0.0,0.0,,,,,0.0,0.0,30.0,5.099999999202964e-06,-1.2000000012335477e-05,0.16,86.0,36.5,0
30863,SO-1202,Head Constable Vivek Joshi,Head Constable,57,2026-07-19 14:30:24+00:00,84.0,80.0,,21.1811705,72.8015723,16.600000381469727,-0.749,0.124,0.655,,0.0,0.0,0.0,,,,,0.0,0.0,30.0,-1.8699999998261777e-05,2.6400000010085023e-05,0.41,80.0,36.5,0
30866,SO-1202,Head Constable Vivek Joshi,Head Constable,57,2026-07-19 14:30:54+00:00,90.0,86.0,,21.1811933,72.8015439,16.600000381469727,-0.749,0.12,0.654,,0.0,0.0,0.0,,,,,0.0,0.0,30.0,2.2799999999989495e-05,-2.840000000503551e-05,0.47,86.0,36.5,0
30869,SO-1202,Head Constable Vivek Joshi,Head Constable,57,2026-07-19 14:31:24+00:00,92.0,52.0,,21.1811944,72.8015442,16.600000381469727,-0.743,0.13,0.665,,0.0,0.0,0.0,,,,,0.0,0.0,30.0,1.0999999986438525e-06,2.999999964004019e-07,0.02,52.0,36.5,2
30873,SO-1202,Head Constable Vivek Joshi,Head Constable,57,2026-07-19 14:31:54+00:00,85.0,73.0,,21.1811933,72.8015439,16.600000381469727,-0.746,0.116,0.658,,0.0,0.0,0.0,,,,,0.0,0.0,30.0,-1.0999999986438525e-06,-2.999999964004019e-07,0.02,73.0,36.5,0
30877,SO-1202,Head Constable Vivek Joshi,Head Constable,57,2026-07-19 14:32:24+00:00,97.0,83.0,,21.1811898,72.8015451,16.600000381469727,0.129,-0.974,0.12,,0.0,0.0,0.0,,,,,0.0,0.0,30.0,-3.5000000018214905e-06,1.1999999998124622e-06,0.05,83.0,36.5,2
30881,SO-1202,Head Constable Vivek Joshi,Head Constable,57,2026-07-19 14:32:54+00:00,94.0,65.0,,21.1811925,72.8015433,16.600000381469727,0.143,-0.979,0.118,,0.0,0.0,0.0,,,,,0.0,0.0,30.0,2.7000000031307536e-06,-1.799999992613266e-06,0.04,65.0,36.5,2
30885,SO-1202,Head Constable Vivek Joshi,Head Constable,57,2026-07-19 14:33:24+00:00,89.0,84.0,,21.1811933,72.8015392,16.600000381469727,0.144,-0.973,0.121,,0.0,0.0,0.0,,,,,0.0,0.0,30.0,7.999999986907369e-07,-4.100000012385863e-06,0.05,84.0,36.5,0
30889,SO-1202,Head Constable Vivek Joshi,Head Constable,57,2026-07-19 14:33:54+00:00,98.0,62.0,,21.1811899,72.8015447,16.600000381469727,0.138,-0.977,0.112,,0.0,0.0,0.0,,,,,0.0,0.0,30.0,-3.4000000006528808e-06,5.50000000032469e-06,0.08,62.0,36.5,2
30893,SO-1202,Head Constable Vivek Joshi,Head Constable,57,2026-07-19 14:34:24+00:00,90.0,71.0,,21.1811893,72.8015505,16.600000381469727,0.143,-0.974,0.13,,0.0,0.0,0.0,,,,,0.0,0.0,30.0,-5.999999999062311e-07,5.800000010935946e-06,0.07,71.0,36.5,0
30897,SO-1202,Head Constable Vivek Joshi,Head Constable,57,2026-07-19 14:34:54+00:00,89.0,75.0,,21.1811978,72.8015383,16.600000381469727,0.137,-0.979,0.124,,0.0,0.0,0.0,,,,,0.0,0.0,30.0,8.499999999855845e-06,-1.220000000046184e-05,0.19,75.0,36.5,0
30901,SO-1202,Head Constable Vivek Joshi,Head Constable,57,2026-07-19 14:35:24+00:00,91.0,64.0,,21.1811936,72.8015372,16.600000381469727,0.136,-0.976,0.117,,0.0,0.0,0.0,,,,,0.0,0.0,30.0,-4.199999999343618e-06,-1.1000000057492798e-06,0.06,64.0,36.5,2
30920,SO-1202,Head Constable Vivek Joshi,Head Constable,57,2026-07-19 14:38:24+00:00,93.0,87.0,,21.181125,72.8010978,14.699996948242188,-0.113,-0.284,-0.942,,0.0,0.0,0.0,,,,,0.0,0.0,180.0,-6.859999999875299e-05,-0.0004394000000047,0.92,87.0,36.5,2
30924,SO-1202,Head Constable Vivek Joshi,Head Constable,57,2026-07-19 14:38:54+00:00,84.0,86.0,,21.181125,72.8010983,14.699996948242188,-0.406,0.602,-0.624,,0.0,0.0,0.0,,,,,0.0,0.0,30.0,0.0,5.000000129484761e-07,0.01,86.0,36.5,0
30928,SO-1202,Head Constable Vivek Joshi,Head Constable,57,2026-07-19 14:39:25+00:00,89.0,77.0,,21.1811911,72.8015423,16.600000381469727,-0.323,0.702,-0.384,,0.0,0.0,0.0,,,,,0.0,0.0,31.0,6.609999999795946e-05,0.0004439999999874,5.4,77.0,36.5,1
30931,SO-1202,Head Constable Vivek Joshi,Head Constable,57,2026-07-19 14:39:55+00:00,83.0,71.0,,21.1811936,72.8015372,16.600000381469727,-0.497,0.757,-0.243,,0.0,0.0,0.0,,,,,0.0,0.0,30.0,2.500000000793534e-06,-5.099999995650251e-06,0.07,71.0,36.5,0
30935,SO-1202,Head Constable Vivek Joshi,Head Constable,57,2026-07-19 14:40:25+00:00,89.0,85.0,,21.1811925,72.8015432,16.600000381469727,-0.721,0.208,0.667,,0.0,0.0,0.0,,,,,0.0,0.0,30.0,-1.0999999986438525e-06,5.999999999062311e-06,0.08,85.0,36.5,0
30939,SO-1202,Head Constable Vivek Joshi,Head Constable,57,2026-07-19 14:40:55+00:00,95.0,88.0,,21.1811942,72.8015442,16.600000381469727,-0.918,0.138,0.215,,0.0,0.0,0.0,,,,,0.0,0.0,30.0,1.6999999985500835e-06,9.999999974752427e-07,0.03,88.0,36.5,2
30943,SO-1202,Head Constable Vivek Joshi,Head Constable,57,2026-07-19 14:41:25+00:00,100.0,87.0,,21.1811943,72.8015441,16.600000381469727,-0.65,0.011,-0.732,,0.0,0.0,0.0,,,,,0.0,0.0,30.0,1.0000000116860974e-07,-9.999999406318238e-08,0.0,87.0,36.5,2
30947,SO-1202,Head Constable Vivek Joshi,Head Constable,57,2026-07-19 14:41:55+00:00,94.0,84.0,,21.1811702,72.80157,16.600000381469727,-0.232,-0.15,-1.026,,0.0,0.0,0.0,,,,,0.0,0.0,30.0,-2.4100000000970567e-05,2.5899999997136547e-05,0.45,84.0,36.5,2
30951,SO-1202,Head Constable Vivek Joshi,Head Constable,57,2026-07-19 14:42:25+00:00,98.0,87.0,,21.1811952,72.8015425,16.600000381469727,-0.797,0.034,-0.591,,0.0,0.0,0.0,,,,,0.0,0.0,30.0,2.500000000082991e-05,-2.7500000001623448e-05,0.48,87.0,36.5,2
30955,SO-1202,Head Constable Vivek Joshi,Head Constable,57,2026-07-19 14:42:55+00:00,83.0,88.0,,21.1811872,72.8015559,16.600000381469727,-0.865,-0.049,-0.458,,0.0,0.0,0.0,,,,,0.0,0.0,30.0,-8.000000001118224e-06,1.3400000000274304e-05,0.2,88.0,36.5,0
30959,SO-1202,Head Constable Vivek Joshi,Head Constable,57,2026-07-19 14:43:25+00:00,89.0,88.0,,21.1811944,72.801544,16.600000381469727,-0.839,-0.022,-0.508,,0.0,0.0,0.0,,,,,0.0,0.0,30.0,7.199999998874773e-06,-1.1899999989850585e-05,0.18,88.0,36.5,0
30963,SO-1202,Head Constable Vivek Joshi,Head Constable,57,2026-07-19 14:43:55+00:00,82.0,88.0,,21.1811927,72.8015436,16.600000381469727,-0.872,0.0,-0.463,,0.0,0.0,0.0,,,,,0.0,0.0,30.0,-1.6999999985500835e-06,-4.0000000467443897e-07,0.02,88.0,36.5,0
30967,SO-1202,Head Constable Vivek Joshi,Head Constable,57,2026-07-19 14:44:25+00:00,90.0,88.0,,21.1811985,72.8015335,16.600000381469727,-0.719,-0.043,-0.67,,0.0,0.0,0.0,,,,,0.0,0.0,30.0,5.800000000277805e-06,-1.009999999723732e-05,0.15,88.0,36.5,0
30971,SO-1202,Head Constable Vivek Joshi,Head Constable,57,2026-07-19 14:44:55+00:00,93.0,87.0,,21.1811976,72.8015371,16.600000381469727,-0.719,-0.048,-0.672,,0.0,0.0,0.0,,,,,0.0,0.0,30.0,-8.999999998593466e-07,3.5999999994373866e-06,0.05,87.0,36.5,2
30975,SO-1202,Head Constable Vivek Joshi,Head Constable,57,2026-07-19 14:45:26+00:00,93.0,87.0,,21.181194,72.801544,16.600000381469727,-0.698,-0.059,-0.682,,0.0,0.0,0.0,,,,,0.0,0.0,31.0,-3.5999999994373866e-06,6.900000002474371e-06,0.1,87.0,36.5,2
30979,SO-1202,Head Constable Vivek Joshi,Head Constable,57,2026-07-19 14:45:55+00:00,93.0,88.0,,21.1811942,72.8015442,16.600000381469727,-0.924,0.154,0.291,,0.0,0.0,0.0,,,,,0.0,0.0,29.0,1.999999987845058e-07,1.9999998812636477e-07,0.0,88.0,36.5,2
30983,SO-1202,Head Constable Vivek Joshi,Head Constable,57,2026-07-19 14:46:26+00:00,92.0,84.0,,21.18119,72.8015538,16.600000381469727,-0.641,-0.176,-0.643,,0.0,0.0,0.0,,,,,0.0,0.0,31.0,-4.199999999343618e-06,9.599999998499698e-06,0.13,84.0,36.5,2
30987,SO-1202,Head Constable Vivek Joshi,Head Constable,57,2026-07-19 14:46:55+00:00,82.0,86.0,,21.1811944,72.8015442,16.600000381469727,0.032,-0.955,0.25,,0.0,0.0,0.0,,,,,0.0,0.0,29.0,4.3999999981281235e-06,-9.599999998499698e-06,0.14,86.0,36.5,0
30991,SO-1202,Head Constable Vivek Joshi,Head Constable,57,2026-07-19 14:47:25+00:00,93.0,87.0,,21.1812071,72.8015249,16.600000381469727,0.212,-0.967,0.096,,0.0,0.0,0.0,,,,,0.0,0.0,30.0,1.2700000002752176e-05,-1.9299999991062577e-05,0.29,87.0,36.5,2
30995,SO-1202,Head Constable Vivek Joshi,Head Constable,57,2026-07-19 14:47:55+00:00,85.0,88.0,,21.181193,72.8015439,16.600000381469727,0.142,-0.976,0.115,,0.0,0.0,0.0,,,,,0.0,0.0,30.0,-1.4100000001349144e-05,1.8999999994662176e-05,0.3,88.0,36.5,0
30999,SO-1202,Head Constable Vivek Joshi,Head Constable,57,2026-07-19 14:48:25+00:00,88.0,88.0,,21.1811993,72.8015351,16.600000381469727,0.177,-0.982,0.016,,0.0,0.0,0.0,,,,,0.0,0.0,30.0,6.2999999990154265e-06,-8.800000003361674e-06,0.14,88.0,36.5,0
31003,SO-1202,Head Constable Vivek Joshi,Head Constable,57,2026-07-19 14:48:55+00:00,99.0,88.0,,21.181193,72.8015439,16.600000381469727,0.176,-0.97,0.04,,0.0,0.0,0.0,,,,,0.0,0.0,30.0,-6.2999999990154265e-06,8.800000003361674e-06,0.14,88.0,36.5,2
31007,SO-1202,Head Constable Vivek Joshi,Head Constable,57,2026-07-19 14:49:25+00:00,96.0,74.0,,21.1811915,72.8015382,16.600000381469727,0.182,-0.979,0.042,,0.0,0.0,0.0,,,,,0.0,0.0,30.0,-1.4999999997655775e-06,-5.700000002661909e-06,0.07,74.0,36.5,2
31011,SO-1202,Head Constable Vivek Joshi,Head Constable,57,2026-07-19 14:49:55+00:00,96.0,88.0,,21.1811941,72.8015438,16.600000381469727,0.07,-0.988,0.068,,0.0,0.0,0.0,,,,,0.0,0.0,30.0,2.59999999840943e-06,5.600000008598727e-06,0.08,88.0,36.5,2
31015,SO-1202,Head Constable Vivek Joshi,Head Constable,57,2026-07-19 14:50:25+00:00,93.0,86.0,,21.1811933,72.8015439,16.600000381469727,-0.722,-0.012,-0.672,,0.0,0.0,0.0,,,,,0.0,0.0,30.0,-7.999999986907369e-07,9.999999406318238e-08,0.01,86.0,36.5,2
31019,SO-1202,Head Constable Vivek Joshi,Head Constable,57,2026-07-19 14:50:55+00:00,92.0,69.0,,21.1811993,72.8015351,16.600000381469727,-0.587,-0.679,-0.418,,0.0,0.0,0.0,,,,,0.0,0.0,30.0,5.999999999062311e-06,-8.800000003361674e-06,0.14,69.0,36.5,2
31023,SO-1202,Head Constable Vivek Joshi,Head Constable,57,2026-07-19 14:51:25+00:00,98.0,60.0,,21.181194,72.801544,16.600000381469727,-0.977,0.122,-0.111,,0.0,0.0,0.0,,,,,0.0,0.0,30.0,-5.29999999798747e-06,8.900000011635711e-06,0.13,60.0,36.5,2
31027,SO-1202,Head Constable Vivek Joshi,Head Constable,57,2026-07-19 14:51:55+00:00,100.0,87.0,,21.1811926,72.8015433,16.600000381469727,-0.649,-0.278,-0.69,,0.0,0.0,0.0,,,,,0.0,0.0,30.0,-1.4000000021496817e-06,-7.000000010748408e-07,0.02,87.0,36.5,2
31031,SO-1202,Head Constable Vivek Joshi,Head Constable,57,2026-07-19 14:52:25+00:00,87.0,88.0,,21.1811934,72.8015441,16.600000381469727,-0.615,-0.302,-0.714,,0.0,0.0,0.0,,,,,0.0,0.0,30.0,8.000000022434506e-07,7.999999951380232e-07,0.01,88.0,36.5,0
31035,SO-1202,Head Constable Vivek Joshi,Head Constable,57,2026-07-19 14:52:55+00:00,93.0,85.0,,21.1811927,72.8015434,16.600000381469727,-0.439,-0.216,-0.858,,0.0,0.0,0.0,,,,,0.0,0.0,30.0,-7.000000010748408e-07,-7.000000010748408e-07,0.01,85.0,36.5,2
31039,SO-1202,Head Constable Vivek Joshi,Head Constable,57,2026-07-19 14:53:25+00:00,81.0,72.0,,21.1811927,72.8015434,16.600000381469727,-0.93,0.165,0.275,,0.0,0.0,0.0,,,,,0.0,0.0,30.0,0.0,0.0,0.0,72.0,36.5,0
31043,SO-1202,Head Constable Vivek Joshi,Head Constable,57,2026-07-19 14:53:55+00:00,94.0,86.0,,21.1811925,72.8015432,16.600000381469727,-0.935,0.169,0.25,,0.0,0.0,0.0,,,,,0.0,0.0,30.0,-1.999999987845058e-07,-2.0000000233721948e-07,0.0,86.0,36.5,2
31047,SO-1202,Head Constable Vivek Joshi,Head Constable,57,2026-07-19 14:54:25+00:00,95.0,81.0,,21.1811925,72.8015432,16.600000381469727,-0.946,0.187,0.242,,0.0,0.0,0.0,,,,,0.0,0.0,30.0,0.0,0.0,0.0,81.0,36.5,2
31051,SO-1202,Head Constable Vivek Joshi,Head Constable,57,2026-07-19 14:54:55+00:00,92.0,79.0,,21.1811925,72.8015432,16.600000381469727,-0.946,0.179,0.233,,0.0,0.0,0.0,,,,,0.0,0.0,30.0,0.0,0.0,0.0,79.0,36.5,2
31054,SO-1202,Head Constable Vivek Joshi,Head Constable,57,2026-07-19 14:55:25+00:00,92.0,78.0,,21.1811985,72.8015335,16.600000381469727,-0.947,0.173,0.24,,0.0,0.0,0.0,,,,,0.0,0.0,30.0,5.999999999062311e-06,-9.69999999256288e-06,0.14,78.0,36.5,2
31058,SO-1202,Head Constable Vivek Joshi,Head Constable,57,2026-07-19 14:55:55+00:00,88.0,87.0,,21.1811995,72.8015319,16.600000381469727,-0.949,0.176,0.205,,0.0,0.0,0.0,,,,,0.0,0.0,30.0,1.0000000010279564e-06,-1.6000000044869012e-06,0.02,87.0,36.5,0
31062,SO-1202,Head Constable Vivek Joshi,Head Constable,57,2026-07-19 14:56:25+00:00,95.0,88.0,,21.1811966,72.8015346,16.600000381469727,-0.954,0.161,0.202,,0.0,0.0,0.0,,,,,0.0,0.0,30.0,-2.900000001915259e-06,2.6999999960253263e-06,0.05,88.0,36.5,2
31066,SO-1202,Head Constable Vivek Joshi,Head Constable,57,2026-07-19 14:56:55+00:00,87.0,88.0,,21.1811966,72.8015346,16.600000381469727,-0.959,0.228,-0.075,,0.0,0.0,0.0,,,,,0.0,0.0,30.0,0.0,0.0,0.0,88.0,36.5,0
31070,SO-1202,Head Constable Vivek Joshi,Head Constable,57,2026-07-19 14:57:25+00:00,86.0,86.0,,21.1811979,72.8015334,16.600000381469727,-0.956,0.225,-0.076,,0.0,0.0,0.0,,,,,0.0,0.0,30.0,1.300000000981072e-06,-1.1999999998124622e-06,0.02,86.0,36.5,0
31074,SO-1202,Head Constable Vivek Joshi,Head Constable,57,2026-07-19 14:57:55+00:00,84.0,78.0,,21.1811964,72.8015363,16.600000381469727,-0.961,0.227,-0.069,,0.0,0.0,0.0,,,,,0.0,0.0,30.0,-1.4999999997655775e-06,2.8999999983625457e-06,0.04,78.0,36.5,0
31078,SO-1202,Head Constable Vivek Joshi,Head Constable,57,2026-07-19 14:58:25+00:00,91.0,82.0,,21.1811919,72.8015429,16.600000381469727,-0.956,0.222,-0.055,,0.0,0.0,0.0,,,,,0.0,0.0,30.0,-4.499999999296733e-06,6.600000006073969e-06,0.1,82.0,36.5,2
31082,SO-1202,Head Constable Vivek Joshi,Head Constable,57,2026-07-19 14:58:55+00:00,91.0,81.0,,21.1811916,72.8015437,16.600000381469727,-0.962,0.223,-0.065,,0.0,0.0,0.0,,,,,0.0,0.0,30.0,-3.000000035058293e-07,7.999999951380232e-07,0.01,81.0,36.5,2
31086,SO-1202,Head Constable Vivek Joshi,Head Constable,57,2026-07-19 14:59:25+00:00,92.0,88.0,,21.1811962,72.8015372,16.600000381469727,-0.959,0.203,0.005,,0.0,0.0,0.0,,,,,0.0,0.0,30.0,4.600000000465343e-06,-6.499999997799932e-06,0.1,88.0,36.5,2
31090,SO-1202,Head Constable Vivek Joshi,Head Constable,57,2026-07-19 14:59:55+00:00,89.0,86.0,,21.1811953,72.8015391,16.600000381469727,-0.967,0.194,0.003,,0.0,0.0,0.0,,,,,0.0,0.0,30.0,-8.999999998593466e-07,1.900000000887303e-06,0.03,86.0,36.5,0
31094,SO-1202,Head Constable Vivek Joshi,Head Constable,57,2026-07-19 15:00:25+00:00,84.0,75.0,,21.1811956,72.8015356,16.600000381469727,-0.968,0.202,-0.092,,0.0,0.0,0.0,,,,,0.0,0.0,30.0,2.999999999531156e-07,-3.500000005374204e-06,0.04,75.0,36.5,0
31098,SO-1202,Head Constable Vivek Joshi,Head Constable,57,2026-07-19 15:00:55+00:00,89.0,75.0,,21.181199,72.8015325,16.600000381469727,-0.965,0.198,-0.004,,0.0,0.0,0.0,,,,,0.0,0.0,30.0,3.4000000006528808e-06,-3.1000000006997652e-06,0.06,75.0,36.5,0
31103,SO-1202,Head Constable Vivek Joshi,Head Constable,57,2026-07-19 15:01:28+00:00,90.0,88.0,,21.181199,72.8015325,16.600000381469727,-0.954,0.157,0.082,,0.0,0.0,0.0,,,,,0.0,0.0,33.0,0.0,0.0,0.0,88.0,36.5,0
31106,SO-1202,Head Constable Vivek Joshi,Head Constable,57,2026-07-19 15:01:56+00:00,84.0,88.0,,21.1811939,72.8015442,16.600000381469727,-0.935,-0.103,0.0,,0.0,0.0,0.0,,,,,0.0,0.0,28.0,-5.099999999202964e-06,1.170000000172422e-05,0.17,88.0,36.5,0
31110,SO-1202,Head Constable Vivek Joshi,Head Constable,57,2026-07-19 15:02:25+00:00,94.0,88.0,,21.1811898,72.8015534,16.600000381469727,-0.844,0.055,-0.383,,0.0,0.0,0.0,,,,,0.0,0.0,29.0,-4.100000001727722e-06,9.200000008036112e-06,0.13,88.0,36.5,2
31114,SO-1202,Head Constable Vivek Joshi,Head Constable,57,2026-07-19 15:02:55+00:00,94.0,85.0,,21.1811896,72.8015377,16.600000381469727,0.331,-0.869,0.375,,0.0,0.0,0.0,,,,,0.0,0.0,30.0,-1.999999987845058e-07,-1.5700000005836046e-05,0.2,85.0,36.5,2
31118,SO-1202,Head Constable Vivek Joshi,Head Constable,57,2026-07-19 15:03:25+00:00,95.0,87.0,,21.1811937,72.8015435,16.600000381469727,0.321,-0.851,0.404,,0.0,0.0,0.0,,,,,0.0,0.0,30.0,4.100000001727722e-06,5.7999999967250915e-06,0.09,87.0,36.5,2
31122,SO-1202,Head Constable Vivek Joshi,Head Constable,57,2026-07-19 15:03:55+00:00,90.0,87.0,,21.1811944,72.8015442,16.600000381469727,0.271,-0.86,0.433,,0.0,0.0,0.0,,,,,0.0,0.0,30.0,6.999999975221272e-07,7.000000010748408e-07,0.01,87.0,36.5,0
31126,SO-1202,Head Constable Vivek Joshi,Head Constable,57,2026-07-19 15:04:25+00:00,88.0,76.0,,21.1811853,72.8015512,16.600000381469727,-1.186,0.326,0.15,,0.0,0.0,0.0,,,,,0.0,0.0,30.0,-9.099999999762076e-06,7.000000010748408e-06,0.15,76.0,36.5,0
31130,SO-1202,Head Constable Vivek Joshi,Head Constable,57,2026-07-19 15:04:55+00:00,88.0,88.0,,21.1811942,72.8015432,16.600000381469727,-0.968,0.126,0.074,,0.0,0.0,0.0,,,,,0.0,0.0,30.0,8.90000000097757e-06,-8.000000008223651e-06,0.15,88.0,36.5,0
31133,SO-1202,Head Constable Vivek Joshi,Head Constable,57,2026-07-19 15:05:25+00:00,86.0,79.0,,21.1811942,72.8015432,16.600000381469727,-0.968,0.142,0.235,,0.0,0.0,0.0,,,,,0.0,0.0,30.0,0.0,0.0,0.0,79.0,36.5,0
31136,SO-1202,Head Constable Vivek Joshi,Head Constable,57,2026-07-19 15:05:55+00:00,90.0,87.0,,21.1811944,72.8015442,16.600000381469727,-0.953,0.219,-0.106,,0.0,0.0,0.0,,,,,0.0,0.0,30.0,1.999999987845058e-07,9.999999974752427e-07,0.01,87.0,36.5,0
31139,SO-1202,Head Constable Vivek Joshi,Head Constable,57,2026-07-19 15:06:26+00:00,88.0,81.0,,21.181193,72.8015438,16.600000381469727,-0.426,-0.078,-0.893,,0.0,0.0,0.0,,,,,0.0,0.0,31.0,-1.399999998596968e-06,-3.9999999046358425e-07,0.02,81.0,36.5,0
31142,SO-1202,Head Constable Vivek Joshi,Head Constable,57,2026-07-19 15:06:55+00:00,83.0,80.0,,21.1811933,72.8015439,16.600000381469727,-0.517,-0.114,-0.827,,0.0,0.0,0.0,,,,,0.0,0.0,29.0,2.999999999531156e-07,9.999999406318238e-08,0.0,80.0,36.5,0
31145,SO-1202,Head Constable Vivek Joshi,Head Constable,57,2026-07-19 15:07:25+00:00,97.0,88.0,,21.1811934,72.8015441,16.600000381469727,-0.802,-0.142,-0.347,,0.0,0.0,0.0,,,,,0.0,0.0,30.0,1.0000000116860974e-07,2.0000000233721948e-07,0.0,88.0,36.5,2
31148,SO-1202,Head Constable Vivek Joshi,Head Constable,57,2026-07-19 15:07:55+00:00,84.0,88.0,,21.1811942,72.8015442,16.600000381469727,-0.909,-0.146,-0.51,,0.0,0.0,0.0,,,,,0.0,0.0,30.0,7.999999986907369e-07,9.999999406318238e-08,0.01,88.0,36.5,0
31151,SO-1202,Head Constable Vivek Joshi,Head Constable,57,2026-07-19 15:08:25+00:00,92.0,88.0,,21.1811944,72.8015442,16.600000381469727,-0.845,-0.171,-0.471,,0.0,0.0,0.0,,,,,0.0,0.0,30.0,1.999999987845058e-07,0.0,0.0,88.0,36.5,2
31154,SO-1202,Head Constable Vivek Joshi,Head Constable,57,2026-07-19 15:08:55+00:00,94.0,88.0,,21.1811875,72.8015538,16.600000381469727,-0.826,-0.169,-0.493,,0.0,0.0,0.0,,,,,0.0,0.0,30.0,-6.899999998921658e-06,9.599999998499698e-06,0.15,88.0,36.5,2
31157,SO-1202,Head Constable Vivek Joshi,Head Constable,57,2026-07-19 15:09:25+00:00,91.0,88.0,,21.1811933,72.8015385,16.600000381469727,-0.849,-0.496,-0.036,,0.0,0.0,0.0,,,,,0.0,0.0,30.0,5.800000000277805e-06,-1.5299999986950752e-05,0.21,88.0,36.5,2
31160,SO-1202,Head Constable Vivek Joshi,Head Constable,57,2026-07-19 15:09:55+00:00,87.0,88.0,,21.181194,72.8015375,16.600000381469727,-0.835,-0.463,-0.096,,0.0,0.0,0.0,,,,,0.0,0.0,30.0,7.000000010748408e-07,-1.0000000116860974e-06,0.02,88.0,36.5,0
31163,SO-1202,Head Constable Vivek Joshi,Head Constable,57,2026-07-19 15:10:25+00:00,94.0,88.0,,21.1811834,72.8015587,16.600000381469727,-0.766,-0.134,-0.615,,0.0,0.0,0.0,,,,,0.0,0.0,30.0,-1.0600000003080368e-05,2.1200000006160735e-05,0.3,88.0,36.5,2
31166,SO-1202,Head Constable Vivek Joshi,Head Constable,57,2026-07-19 15:10:55+00:00,100.0,88.0,,21.1811833,72.8015594,16.600000381469727,-0.853,-0.112,-0.467,,0.0,0.0,0.0,,,,,0.0,0.0,30.0,-9.999999761589606e-08,7.000000010748408e-07,0.01,88.0,36.5,2
31169,SO-1202,Head Constable Vivek Joshi,Head Constable,57,2026-07-19 15:11:25+00:00,96.0,88.0,,21.1811621,72.8015773,16.600000381469727,-0.82,-0.155,-0.501,,0.0,0.0,0.0,,,,,0.0,0.0,30.0,-2.1199999999055308e-05,1.790000000312375e-05,0.36,88.0,36.5,2
31172,SO-1202,Head Constable Vivek Joshi,Head Constable,57,2026-07-19 15:11:55+00:00,90.0,88.0,,21.181189,72.8015462,16.600000381469727,-0.786,-0.139,-0.565,,0.0,0.0,0.0,,,,,0.0,0.0,30.0,2.6899999998164503e-05,-3.1100000001060835e-05,0.53,88.0,36.5,0
31175,SO-1202,Head Constable Vivek Joshi,Head Constable,57,2026-07-19 15:12:25+00:00,80.0,88.0,,21.181219,72.8015072,16.600000381469727,-0.774,-0.155,-0.599,,0.0,0.0,0.0,,,,,0.0,0.0,30.0,2.999999999886427e-05,-3.900000000101045e-05,0.63,88.0,36.5,0
31178,SO-1202,Head Constable Vivek Joshi,Head Constable,57,2026-07-19 15:12:55+00:00,80.0,88.0,,21.1811966,72.801534,16.600000381469727,-0.775,-0.151,-0.592,,0.0,0.0,0.0,,,,,0.0,0.0,30.0,-2.239999999886777e-05,2.6800000000548607e-05,0.45,88.0,36.5,0
31181,SO-1202,Head Constable Vivek Joshi,Head Constable,57,2026-07-19 15:13:25+00:00,96.0,88.0,,21.1811876,72.8015426,16.600000381469727,-0.874,-0.184,-0.453,,0.0,0.0,0.0,,,,,0.0,0.0,30.0,-8.999999998593466e-06,8.600000001024455e-06,0.16,88.0,36.5,2
31184,SO-1202,Head Constable Vivek Joshi,Head Constable,57,2026-07-19 15:13:55+00:00,100.0,88.0,,21.1811903,72.801542,16.600000381469727,-0.838,-0.161,-0.495,,0.0,0.0,0.0,,,,,0.0,0.0,30.0,2.69999999957804e-06,-6.000000070116585e-07,0.04,88.0,36.5,2
31187,SO-1202,Head Constable Vivek Joshi,Head Constable,57,2026-07-19 15:14:25+00:00,85.0,88.0,,21.1812412,72.8014655,16.600000381469727,-0.796,-0.149,-0.577,,0.0,0.0,0.0,,,,,0.0,0.0,30.0,5.089999999796646e-05,-7.649999999159718e-05,1.17,88.0,36.5,0
31190,SO-1202,Head Constable Vivek Joshi,Head Constable,57,2026-07-19 15:14:55+00:00,89.0,87.0,,21.1811931,72.8015419,16.600000381469727,-0.779,-0.139,-0.592,,0.0,0.0,0.0,,,,,0.0,0.0,30.0,-4.809999999721981e-05,7.6399999997534e-05,1.14,87.0,36.5,0
31193,SO-1202,Head Constable Vivek Joshi,Head Constable,57,2026-07-19 15:15:25+00:00,84.0,85.0,,21.1812037,72.8015275,16.600000381469727,-0.77,-0.19,-0.603,,0.0,0.0,0.0,,,,,0.0,0.0,30.0,1.0599999999527654e-05,-1.4399999997749546e-05,0.23,85.0,36.5,0
31196,SO-1202,Head Constable Vivek Joshi,Head Constable,57,2026-07-19 15:15:55+00:00,81.0,88.0,,21.1811829,72.8015475,16.600000381469727,-0.706,-0.144,-0.662,,0.0,0.0,0.0,,,,,0.0,0.0,30.0,-2.0800000001486296e-05,1.9999999992137415e-05,0.37,88.0,36.5,0
31199,SO-1202,Head Constable Vivek Joshi,Head Constable,57,2026-07-19 15:16:25+00:00,93.0,87.0,,21.181193,72.8015438,16.600000381469727,-0.745,-0.178,-0.599,,0.0,0.0,0.0,,,,,0.0,0.0,30.0,1.0100000000790033e-05,-3.699999993500569e-06,0.14,87.0,36.5,2
31202,SO-1202,Head Constable Vivek Joshi,Head Constable,57,2026-07-19 15:16:55+00:00,96.0,81.0,,21.1811988,72.8015338,16.600000381469727,-0.167,0.354,0.908,,0.0,0.0,0.0,,,,,0.0,0.0,30.0,5.800000000277805e-06,-1.0000000003174137e-05,0.15,81.0,36.5,2
31205,SO-1202,Head Constable Vivek Joshi,Head Constable,57,2026-07-19 15:17:28+00:00,90.0,82.0,,21.1811988,72.8015338,16.600000381469727,-0.904,0.317,-0.244,,0.0,0.0,0.0,,,,,0.0,0.0,33.0,0.0,0.0,0.0,82.0,36.5,0
31208,SO-1202,Head Constable Vivek Joshi,Head Constable,57,2026-07-19 15:17:55+00:00,85.0,76.0,,21.1811912,72.8015504,16.600000381469727,-0.896,0.276,-0.3,,0.0,0.0,0.0,,,,,0.0,0.0,27.0,-7.599999999996499e-06,1.659999999503725e-05,0.26,76.0,36.5,0
31211,SO-1202,Head Constable Vivek Joshi,Head Constable,57,2026-07-19 15:18:25+00:00,100.0,88.0,,21.1811885,72.8015539,16.600000381469727,-0.894,0.274,-0.302,,0.0,0.0,0.0,,,,,0.0,0.0,30.0,-2.69999999957804e-06,3.500000005374204e-06,0.06,88.0,36.5,2
31214,SO-1202,Head Constable Vivek Joshi,Head Constable,57,2026-07-19 15:18:55+00:00,91.0,88.0,,21.1811918,72.8015492,16.600000381469727,-0.952,0.223,-0.049,,0.0,0.0,0.0,,,,,0.0,0.0,30.0,3.299999999484271e-06,-4.700000005186666e-06,0.07,88.0,36.5,2
31217,SO-1202,Head Constable Vivek Joshi,Head Constable,57,2026-07-19 15:19:25+00:00,90.0,88.0,,21.1811928,72.8015436,16.600000381469727,-0.575,-0.64,0.434,,0.0,0.0,0.0,,,,,0.0,0.0,30.0,1.0000000010279564e-06,-5.599999994387872e-06,0.07,88.0,36.5,0
31220,SO-1202,Head Constable Vivek Joshi,Head Constable,57,2026-07-19 15:19:55+00:00,96.0,88.0,,21.1811923,72.801548,16.600000381469727,-0.935,0.286,-0.131,,0.0,0.0,0.0,,,,,0.0,0.0,30.0,-5.00000002290335e-07,4.39999999457541e-06,0.06,88.0,36.5,2
31223,SO-1202,Head Constable Vivek Joshi,Head Constable,57,2026-07-19 15:20:25+00:00,93.0,88.0,,21.1811943,72.8015378,16.600000381469727,-0.941,0.152,-0.237,,0.0,0.0,0.0,,,,,0.0,0.0,30.0,2.0000000020559128e-06,-1.01999999913005e-05,0.13,88.0,36.5,2
31226,SO-1202,Head Constable Vivek Joshi,Head Constable,57,2026-07-19 15:20:56+00:00,86.0,87.0,,21.1811928,72.8015436,16.600000381469727,-0.641,0.526,0.572,,0.0,0.0,0.0,,,,,0.0,0.0,31.0,-1.4999999997655775e-06,5.7999999967250915e-06,0.07,87.0,36.5,0
31229,SO-1202,Head Constable Vivek Joshi,Head Constable,57,2026-07-19 15:21:25+00:00,99.0,78.0,,21.181193,72.8015438,16.600000381469727,-0.933,0.33,0.197,,0.0,0.0,0.0,,,,,0.0,0.0,29.0,1.999999987845058e-07,2.0000000233721948e-07,0.0,78.0,36.5,2
31232,SO-1202,Head Constable Vivek Joshi,Head Constable,57,2026-07-19 15:21:56+00:00,100.0,88.0,,21.1811933,72.8015392,16.600000381469727,-0.881,-0.411,-0.15,,0.0,0.0,0.0,,,,,0.0,0.0,31.0,2.999999999531156e-07,-4.600000011123484e-06,0.06,88.0,36.5,2
31235,SO-1202,Head Constable Vivek Joshi,Head Constable,57,2026-07-19 15:22:25+00:00,86.0,88.0,,21.1812018,72.8015304,16.600000381469727,-0.396,0.339,0.634,,0.0,0.0,0.0,,,,,0.0,0.0,29.0,8.499999999855845e-06,-8.79999998915082e-06,0.16,88.0,36.5,0
31239,SO-1202,Head Constable Vivek Joshi,Head Constable,57,2026-07-19 15:22:55+00:00,91.0,88.0,,21.1812038,72.8015279,16.600000381469727,-0.864,-0.182,-0.313,,0.0,0.0,0.0,,,,,0.0,0.0,30.0,1.999999998503199e-06,-2.5000000078989615e-06,0.04,88.0,36.5,2
31243,SO-1202,Head Constable Vivek Joshi,Head Constable,57,2026-07-19 15:23:25+00:00,92.0,88.0,,21.1811944,72.8015442,16.600000381469727,-0.935,0.285,0.237,,0.0,0.0,0.0,,,,,0.0,0.0,30.0,-9.399999999715192e-06,1.629999999863685e-05,0.24,88.0,36.5,2
31247,SO-1202,Head Constable Vivek Joshi,Head Constable,57,2026-07-19 15:23:55+00:00,89.0,88.0,,21.181191,72.801552,16.600000381469727,-0.792,-0.106,-0.572,,0.0,0.0,0.0,,,,,0.0,0.0,30.0,-3.4000000006528808e-06,7.800000005886432e-06,0.11,88.0,36.5,0
31251,SO-1202,Head Constable Vivek Joshi,Head Constable,57,2026-07-19 15:24:25+00:00,93.0,88.0,,21.1809627,72.8017097,13.499996185302734,-0.945,-0.199,-0.445,,0.0,0.0,0.0,,,,,0.0,0.0,30.0,-0.0002282999999998,0.0001577000000025,3.62,88.0,36.5,2
31255,SO-1202,Head Constable Vivek Joshi,Head Constable,57,2026-07-19 15:24:55+00:00,100.0,88.0,,21.1811922,72.8015504,16.600000381469727,-0.727,-0.156,-0.638,,0.0,0.0,0.0,,,,,0.0,0.0,30.0,0.0002295000000032,-0.000159300000007,3.64,88.0,36.5,2
31259,SO-1202,Head Constable Vivek Joshi,Head Constable,57,2026-07-19 15:25:25+00:00,91.0,88.0,,21.1811927,72.8015434,16.600000381469727,-0.8,-0.139,-0.549,,0.0,0.0,0.0,,,,,0.0,0.0,30.0,4.999999987376214e-07,-6.999999996537554e-06,0.09,88.0,36.5,2
31263,SO-1202,Head Constable Vivek Joshi,Head Constable,57,2026-07-19 15:25:55+00:00,90.0,88.0,,21.1811926,72.8015433,16.600000381469727,-0.791,-0.143,-0.565,,0.0,0.0,0.0,,,,,0.0,0.0,30.0,-1.0000000116860974e-07,-9.999999406318238e-08,0.0,88.0,36.5,0
31267,SO-1202,Head Constable Vivek Joshi,Head Constable,57,2026-07-19 15:26:25+00:00,81.0,78.0,,21.1811901,72.8015512,16.600000381469727,-0.781,-0.142,-0.57,,0.0,0.0,0.0,,,,,0.0,0.0,30.0,-2.500000000793534e-06,7.899999999949614e-06,0.1,78.0,36.5,0
31271,SO-1202,Head Constable Vivek Joshi,Head Constable,57,2026-07-19 15:26:56+00:00,83.0,88.0,,21.1811918,72.8015492,16.600000381469727,-0.835,-0.11,-0.515,,0.0,0.0,0.0,,,,,0.0,0.0,31.0,1.7000000021027972e-06,-2.00000000916134e-06,0.03,88.0,36.5,0
31275,SO-1202,Head Constable Vivek Joshi,Head Constable,57,2026-07-19 15:27:25+00:00,93.0,88.0,,21.1811925,72.8015433,16.600000381469727,0.338,-0.797,0.52,,0.0,0.0,0.0,,,,,0.0,0.0,29.0,7.000000010748408e-07,-5.899999990788274e-06,0.08,88.0,36.5,2
31279,SO-1202,Head Constable Vivek Joshi,Head Constable,57,2026-07-19 15:27:55+00:00,100.0,87.0,,21.1811926,72.8015433,16.600000381469727,0.392,-0.841,0.374,,0.0,0.0,0.0,,,,,0.0,0.0,30.0,9.999999761589606e-08,0.0,0.0,87.0,36.5,2
31283,SO-1202,Head Constable Vivek Joshi,Head Constable,57,2026-07-19 15:28:25+00:00,100.0,87.0,,21.1811927,72.8015434,16.600000381469727,-0.112,-0.813,0.83,,0.0,0.0,0.0,,,,,0.0,0.0,30.0,1.0000000116860974e-07,9.999999406318238e-08,0.0,87.0,36.5,2
31287,SO-1202,Head Constable Vivek Joshi,Head Constable,57,2026-07-19 15:28:55+00:00,99.0,87.0,,21.1811908,72.8015446,16.600000381469727,0.409,-0.849,0.332,,0.0,0.0,0.0,,,,,0.0,0.0,30.0,-1.900000000887303e-06,1.1999999998124622e-06,0.03,87.0,36.5,2
31291,SO-1202,Head Constable Vivek Joshi,Head Constable,57,2026-07-19 15:29:25+00:00,94.0,87.0,,21.1811936,72.801544,16.600000381469727,0.225,-0.865,0.442,,0.0,0.0,0.0,,,,,0.0,0.0,30.0,2.8000000007466497e-06,-5.999999928008037e-07,0.04,87.0,36.5,2
31295,SO-1202,Head Constable Vivek Joshi,Head Constable,57,2026-07-19 15:29:55+00:00,96.0,88.0,,21.181193,72.8015438,16.600000381469727,-0.17,-0.852,0.482,,0.0,0.0,0.0,,,,,0.0,0.0,30.0,-5.999999999062311e-07,-2.0000000233721948e-07,0.01,88.0,36.5,2
31299,SO-1202,Head Constable Vivek Joshi,Head Constable,57,2026-07-19 15:30:25+00:00,90.0,83.0,,21.1811942,72.8015442,16.600000381469727,-0.989,-0.061,-0.08,,0.0,0.0,0.0,,,,,0.0,0.0,30.0,1.1999999998124622e-06,3.9999999046358425e-07,0.02,83.0,36.5,0
31303,SO-1202,Head Constable Vivek Joshi,Head Constable,57,2026-07-19 15:30:55+00:00,89.0,88.0,,21.1811896,72.801553,16.600000381469727,-0.712,0.187,-0.656,,0.0,0.0,0.0,,,,,0.0,0.0,30.0,-4.600000000465343e-06,8.800000003361674e-06,0.13,88.0,36.5,0
31307,SO-1202,Head Constable Vivek Joshi,Head Constable,57,2026-07-19 15:31:25+00:00,94.0,88.0,,21.1811928,72.8015436,16.600000381469727,-0.703,0.193,-0.667,,0.0,0.0,0.0,,,,,0.0,0.0,30.0,3.200000001868375e-06,-9.399999996162478e-06,0.12,88.0,36.5,2
31311,SO-1202,Head Constable Vivek Joshi,Head Constable,57,2026-07-19 15:31:55+00:00,97.0,88.0,,21.1811962,72.8015372,16.600000381469727,-0.661,0.397,0.648,,0.0,0.0,0.0,,,,,0.0,0.0,30.0,3.399999997100167e-06,-6.40000000373675e-06,0.09,88.0,36.5,2
31315,SO-1202,Head Constable Vivek Joshi,Head Constable,57,2026-07-19 15:32:25+00:00,94.0,88.0,,21.1811988,72.8015338,16.600000381469727,-0.652,0.406,0.637,,0.0,0.0,0.0,,,,,0.0,0.0,30.0,2.600000001962144e-06,-3.399999997100167e-06,0.05,88.0,36.5,2
31318,SO-1202,Head Constable Vivek Joshi,Head Constable,57,2026-07-19 15:32:55+00:00,98.0,88.0,,21.1811999,72.801532,16.600000381469727,-0.66,0.399,0.653,,0.0,0.0,0.0,,,,,0.0,0.0,30.0,1.0999999986438525e-06,-1.8000000068241206e-06,0.03,88.0,36.5,2
31321,SO-1202,Head Constable Vivek Joshi,Head Constable,57,2026-07-19 15:33:25+00:00,90.0,84.0,,21.1812037,72.8015275,16.600000381469727,-0.775,0.274,0.57,,0.0,0.0,0.0,,,,,0.0,0.0,30.0,3.800000001774606e-06,-4.499999988638592e-06,0.08,84.0,36.5,0
31324,SO-1202,Head Constable Vivek Joshi,Head Constable,57,2026-07-19 15:33:55+00:00,95.0,88.0,,21.1811927,72.8015434,16.600000381469727,-0.819,0.258,0.519,,0.0,0.0,0.0,,,,,0.0,0.0,30.0,-1.100000000064938e-05,1.589999999396241e-05,0.25,88.0,36.5,2
31327,SO-1202,Head Constable Vivek Joshi,Head Constable,57,2026-07-19 15:34:25+00:00,89.0,88.0,,21.1811914,72.801551,16.600000381469727,-0.838,0.278,0.473,,0.0,0.0,0.0,,,,,0.0,0.0,30.0,-1.300000000981072e-06,7.600000003549212e-06,0.1,88.0,36.5,0
31330,SO-1202,Head Constable Vivek Joshi,Head Constable,57,2026-07-19 15:34:55+00:00,83.0,71.0,,21.1811953,72.8015396,16.600000381469727,-0.846,0.258,0.471,,0.0,0.0,0.0,,,,,0.0,0.0,30.0,3.899999999390502e-06,-1.1400000005323818e-05,0.15,71.0,36.5,0
31333,SO-1202,Head Constable Vivek Joshi,Head Constable,57,2026-07-19 15:35:25+00:00,85.0,70.0,,21.1811913,72.8015487,16.600000381469727,-0.842,0.256,0.47,,0.0,0.0,0.0,,,,,0.0,0.0,30.0,-4.000000000559112e-06,9.099999999762076e-06,0.12,70.0,36.5,0
31336,SO-1202,Head Constable Vivek Joshi,Head Constable,57,2026-07-19 15:35:55+00:00,89.0,81.0,,21.1811933,72.8015439,16.600000381469727,-0.205,-0.938,0.225,,0.0,0.0,0.0,,,,,0.0,0.0,30.0,2.0000000020559128e-06,-4.799999999249849e-06,0.07,81.0,36.5,0
31339,SO-1202,Head Constable Vivek Joshi,Head Constable,57,2026-07-19 15:36:25+00:00,91.0,80.0,,21.1811933,72.8015439,16.600000381469727,-0.25,-0.946,0.128,,0.0,0.0,0.0,,,,,0.0,0.0,30.0,0.0,0.0,0.0,80.0,36.5,2
31342,SO-1202,Head Constable Vivek Joshi,Head Constable,57,2026-07-19 15:36:55+00:00,92.0,74.0,,21.1811936,72.801544,16.600000381469727,-0.44,-0.873,-0.11,,0.0,0.0,0.0,,,,,0.0,0.0,30.0,2.999999999531156e-07,1.000000082740371e-07,0.0,74.0,36.5,2
31345,SO-1202,Head Constable Vivek Joshi,Head Constable,57,2026-07-19 15:37:25+00:00,91.0,85.0,,21.1811928,72.8015436,16.600000381469727,-0.766,-0.198,-0.027,,0.0,0.0,0.0,,,,,0.0,0.0,30.0,-7.999999986907369e-07,-4.0000000467443897e-07,0.01,85.0,36.5,2
31348,SO-1202,Head Constable Vivek Joshi,Head Constable,57,2026-07-19 15:37:55+00:00,96.0,88.0,,21.181192,72.8015424,16.600000381469727,-0.854,-0.086,-0.481,,0.0,0.0,0.0,,,,,0.0,0.0,30.0,-8.000000022434506e-07,-1.1999999998124622e-06,0.02,88.0,36.5,2
31351,SO-1202,Head Constable Vivek Joshi,Head Constable,57,2026-07-19 15:38:25+00:00,87.0,85.0,,21.1812018,72.8015325,16.600000381469727,-0.876,0.366,0.29,,0.0,0.0,0.0,,,,,0.0,0.0,30.0,9.800000000836915e-06,-9.900000009110954e-06,0.18,85.0,36.5,0
31354,SO-1202,Head Constable Vivek Joshi,Head Constable,57,2026-07-19 15:38:55+00:00,89.0,83.0,,21.1811927,72.8015436,16.600000381469727,-0.406,0.051,-0.9,,0.0,0.0,0.0,,,,,0.0,0.0,30.0,-9.099999999762076e-06,1.1100000008923416e-05,0.18,83.0,36.5,0
31357,SO-1202,Head Constable Vivek Joshi,Head Constable,57,2026-07-19 15:39:25+00:00,91.0,86.0,,21.1811917,72.8015415,16.600000381469727,-0.85,0.054,-0.485,,0.0,0.0,0.0,,,,,0.0,0.0,30.0,-1.0000000010279564e-06,-2.1000000032245225e-06,0.03,86.0,36.5,2
31360,SO-1202,Head Constable Vivek Joshi,Head Constable,57,2026-07-19 15:39:55+00:00,86.0,88.0,,21.1811692,72.8015707,16.600000381469727,-0.545,0.11,-0.823,,0.0,0.0,0.0,,,,,0.0,0.0,30.0,-2.250000000003638e-05,2.920000000017353e-05,0.47,88.0,36.5,0
31363,SO-1202,Head Constable Vivek Joshi,Head Constable,57,2026-07-19 15:40:25+00:00,86.0,88.0,,21.1811939,72.8015442,16.600000381469727,-0.531,0.106,-0.821,,0.0,0.0,0.0,,,,,0.0,0.0,30.0,2.47000000008768e-05,-2.6500000004148205e-05,0.47,88.0,36.5,0
31366,SO-1202,Head Constable Vivek Joshi,Head Constable,57,2026-07-19 15:40:55+00:00,89.0,88.0,,21.1811803,72.8015624,16.600000381469727,-0.862,-0.23,-0.382,,0.0,0.0,0.0,,,,,0.0,0.0,30.0,-1.359999999905881e-05,1.8199999999524152e-05,0.29,88.0,36.5,0
31369,SO-1202,Head Constable Vivek Joshi,Head Constable,57,2026-07-19 15:41:25+00:00,97.0,88.0,,21.1811889,72.8015548,16.600000381469727,-0.726,0.396,0.522,,0.0,0.0,0.0,,,,,0.0,0.0,30.0,8.599999997471741e-06,-7.599999989338357e-06,0.15,88.0,36.5,2
31372,SO-1202,Head Constable Vivek Joshi,Head Constable,57,2026-07-19 15:41:55+00:00,83.0,88.0,,21.181214,72.801515,16.600000381469727,-0.605,-0.105,-0.762,,0.0,0.0,0.0,,,,,0.0,0.0,30.0,2.5100000001998524e-05,-3.9800000010359327e-05,0.6,88.0,36.5,0
31375,SO-1202,Head Constable Vivek Joshi,Head Constable,57,2026-07-19 15:42:25+00:00,80.0,88.0,,21.1812268,72.801495,16.600000381469727,-0.608,-0.109,-0.767,,0.0,0.0,0.0,,,,,0.0,0.0,30.0,1.2800000000368073e-05,-1.9999999992137415e-05,0.3,88.0,36.5,0
31378,SO-1202,Head Constable Vivek Joshi,Head Constable,57,2026-07-19 15:42:55+00:00,97.0,85.0,,21.181193,72.8015439,16.600000381469727,-0.881,0.376,0.302,,0.0,0.0,0.0,,,,,0.0,0.0,30.0,-3.3800000000638875e-05,4.889999999591055e-05,0.76,85.0,36.5,2
31381,SO-1202,Head Constable Vivek Joshi,Head Constable,57,2026-07-19 15:43:25+00:00,97.0,88.0,,21.1811949,72.8015374,16.600000381469727,-0.85,0.412,0.318,,0.0,0.0,0.0,,,,,0.0,0.0,30.0,1.900000000887303e-06,-6.499999997799932e-06,0.08,88.0,36.5,2
31384,SO-1202,Head Constable Vivek Joshi,Head Constable,57,2026-07-19 15:43:55+00:00,96.0,89.0,,21.1812028,72.8015263,16.600000381469727,-0.814,-0.105,-0.538,,0.0,0.0,0.0,,,,,0.0,0.0,30.0,7.899999999949614e-06,-1.1099999994712562e-05,0.17,89.0,36.5,2
31387,SO-1202,Head Constable Vivek Joshi,Head Constable,57,2026-07-19 15:44:25+00:00,91.0,88.0,,21.1811927,72.8015434,16.600000381469727,-0.905,0.184,0.375,,0.0,0.0,0.0,,,,,0.0,0.0,30.0,-1.0100000000790033e-05,1.7099999993774873e-05,0.25,88.0,36.5,2
31390,SO-1202,Head Constable Vivek Joshi,Head Constable,57,2026-07-19 15:44:55+00:00,100.0,88.0,,21.181198,72.80154,16.600000381469727,-0.818,-0.056,0.576,,0.0,0.0,0.0,,,,,0.0,0.0,30.0,5.29999999798747e-06,-3.399999997100167e-06,0.08,88.0,36.5,2
31393,SO-1202,Head Constable Vivek Joshi,Head Constable,57,2026-07-19 15:45:25+00:00,90.0,88.0,,21.181193,72.8015438,16.600000381469727,-0.871,-0.045,0.496,,0.0,0.0,0.0,,,,,0.0,0.0,30.0,-4.9999999980343546e-06,3.800000001774606e-06,0.08,88.0,36.5,0
31396,SO-1202,Head Constable Vivek Joshi,Head Constable,57,2026-07-19 15:45:55+00:00,91.0,88.0,,21.1811934,72.8015443,16.600000381469727,-0.54,0.131,-0.808,,0.0,0.0,0.0,,,,,0.0,0.0,30.0,4.000000011217253e-07,4.999999987376214e-07,0.01,88.0,36.5,2
31399,SO-1202,Head Constable Vivek Joshi,Head Constable,57,2026-07-19 15:46:27+00:00,88.0,88.0,,21.1811936,72.801544,16.600000381469727,-0.551,0.125,-0.809,,0.0,0.0,0.0,,,,,0.0,0.0,32.0,1.999999987845058e-07,-2.999999964004019e-07,0.0,88.0,36.5,0
34053,SO-1202,Head Constable Vivek Joshi,Head Constable,57,2026-07-20 11:30:31+00:00,90.0,86.0,,21.1811762,72.8015666,16.600000381469727,-0.462,-0.271,0.854,,0.0,0.0,0.0,,,,,0.0,0.0,71044.0,-1.7400000000833415e-05,2.259999999409956e-05,0.0,86.0,36.5,0
34056,SO-1202,Head Constable Vivek Joshi,Head Constable,57,2026-07-20 11:31:01+00:00,98.0,80.0,,21.1811942,72.8015368,16.600000381469727,-0.695,-0.057,0.716,,0.0,0.0,0.0,,,,,0.0,0.0,30.0,1.8000000000739647e-05,-2.980000000718519e-05,0.44,80.0,36.5,2
34059,SO-1202,Head Constable Vivek Joshi,Head Constable,57,2026-07-20 11:31:31+00:00,83.0,82.0,,21.1811906,72.8015488,16.600000381469727,-0.159,0.211,1.011,,0.0,0.0,0.0,,,,,0.0,0.0,30.0,-3.5999999994373866e-06,1.2000000012335477e-05,0.16,82.0,36.5,0
34062,SO-1202,Head Constable Vivek Joshi,Head Constable,57,2026-07-20 11:32:01+00:00,99.0,88.0,,21.1808306,72.8018791,16.600000381469727,-0.189,0.212,0.986,,0.0,0.0,0.0,,,,,0.0,0.0,30.0,-0.0003600000000005,0.0003302999999874,6.31,88.0,36.5,1
34065,SO-1202,Head Constable Vivek Joshi,Head Constable,57,2026-07-20 11:32:31+00:00,85.0,88.0,,21.1811901,72.8015454,16.600000381469727,-0.429,-0.224,0.894,,0.0,0.0,0.0,,,,,0.0,0.0,30.0,0.0003594999999982,-0.0003336999999987,6.33,88.0,36.5,1
34068,SO-1202,Head Constable Vivek Joshi,Head Constable,57,2026-07-20 11:33:01+00:00,84.0,83.0,,21.1811933,72.8015375,16.600000381469727,-0.933,-0.097,0.285,,0.0,0.0,0.0,,,,,0.0,0.0,30.0,3.200000001868375e-06,-7.899999999949614e-06,0.11,83.0,36.5,0
34071,SO-1202,Head Constable Vivek Joshi,Head Constable,57,2026-07-20 11:33:31+00:00,89.0,87.0,,21.1811924,72.8015432,16.600000381469727,-0.939,-0.073,0.281,,0.0,0.0,0.0,,,,,0.0,0.0,30.0,-8.999999998593466e-07,5.700000002661909e-06,0.07,87.0,36.5,0
34074,SO-1202,Head Constable Vivek Joshi,Head Constable,57,2026-07-20 11:34:01+00:00,92.0,78.0,,21.1811927,72.8015434,16.600000381469727,-0.109,-1.358,0.057,,0.0,0.0,0.0,,,,,0.0,0.0,30.0,2.999999999531156e-07,2.0000000233721948e-07,0.0,78.0,36.5,2
34077,SO-1202,Head Constable Vivek Joshi,Head Constable,57,2026-07-20 11:34:31+00:00,90.0,88.0,,21.1811942,72.8015442,16.600000381469727,0.47,-0.84,0.28,,0.0,0.0,0.0,,,,,0.0,0.0,30.0,1.4999999997655775e-06,7.999999951380232e-07,0.02,88.0,36.5,0
34081,SO-1202,Head Constable Vivek Joshi,Head Constable,57,2026-07-20 11:35:05+00:00,84.0,86.0,,21.1811636,72.8015768,16.600000381469727,0.494,-0.812,0.32,,0.0,0.0,0.0,,,,,0.0,0.0,34.0,-3.05999999987705e-05,3.2600000011484553e-05,0.51,86.0,36.5,0
34085,SO-1202,Head Constable Vivek Joshi,Head Constable,57,2026-07-20 11:35:35+00:00,96.0,87.0,,21.1811916,72.8015477,16.600000381469727,-0.588,0.221,0.794,,0.0,0.0,0.0,,,,,0.0,0.0,30.0,2.7999999996808356e-05,-2.910000000611035e-05,0.52,87.0,36.5,2
34089,SO-1202,Head Constable Vivek Joshi,Head Constable,57,2026-07-20 11:36:05+00:00,90.0,86.0,,21.181192,72.8015433,16.600000381469727,-0.744,0.062,-0.754,,0.0,0.0,0.0,,,,,0.0,0.0,30.0,4.000000011217253e-07,-4.39999999457541e-06,0.05,86.0,36.5,0
34092,SO-1202,Head Constable Vivek Joshi,Head Constable,57,2026-07-20 11:36:35+00:00,87.0,87.0,,21.1811913,72.8015487,16.600000381469727,-0.795,0.639,0.187,,0.0,0.0,0.0,,,,,0.0,0.0,30.0,-7.000000010748408e-07,5.3999999920506525e-06,0.07,87.0,36.5,0
34096,SO-1202,Head Constable Vivek Joshi,Head Constable,57,2026-07-20 11:37:05+00:00,98.0,86.0,,21.1811916,72.8015432,16.600000381469727,-0.49,0.105,0.903,,0.0,0.0,0.0,,,,,0.0,0.0,30.0,2.999999999531156e-07,-5.50000000032469e-06,0.07,86.0,36.5,2
34100,SO-1202,Head Constable Vivek Joshi,Head Constable,57,2026-07-20 11:37:35+00:00,100.0,86.0,,21.1811956,72.8015356,16.600000381469727,-0.815,0.203,0.541,,0.0,0.0,0.0,,,,,0.0,0.0,30.0,4.000000000559112e-06,-7.600000003549212e-06,0.11,86.0,36.5,2
34103,SO-1202,Head Constable Vivek Joshi,Head Constable,57,2026-07-20 11:38:05+00:00,85.0,86.0,,21.181193,72.8015438,16.600000381469727,-0.482,0.115,0.896,,0.0,0.0,0.0,,,,,0.0,0.0,30.0,-2.59999999840943e-06,8.20000001056087e-06,0.11,86.0,36.5,0
34107,SO-1202,Head Constable Vivek Joshi,Head Constable,57,2026-07-20 11:38:35+00:00,84.0,76.0,,21.1811919,72.8015442,16.600000381469727,-0.491,-0.102,0.654,,0.0,0.0,0.0,,,,,0.0,0.0,30.0,-1.0999999986438525e-06,3.9999999046358425e-07,0.02,76.0,36.5,0
34112,SO-1202,Head Constable Vivek Joshi,Head Constable,57,2026-07-20 11:39:05+00:00,82.0,88.0,,21.1811876,72.8015186,16.600000381469727,-0.575,0.756,-0.001,,0.0,0.0,0.0,,,,,0.0,0.0,30.0,-4.300000000512227e-06,-2.5600000000736145e-05,0.32,88.0,36.5,0
34116,SO-1202,Head Constable Vivek Joshi,Head Constable,57,2026-07-20 11:39:36+00:00,82.0,65.0,,21.1811243,72.8010987,14.699996948242188,-0.744,1.021,0.274,,0.0,0.0,0.0,,,,,0.0,0.0,31.0,-6.330000000076552e-05,-0.0004198999999971,5.11,65.0,36.5,1
34120,SO-1202,Head Constable Vivek Joshi,Head Constable,57,2026-07-20 11:40:05+00:00,89.0,78.0,,21.181125,72.8010978,14.699996948242188,-0.9,0.436,0.011,,0.0,0.0,0.0,,,,,0.0,0.0,29.0,7.000000010748408e-07,-9.000000034120603e-07,0.02,78.0,36.5,0
34123,SO-1202,Head Constable Vivek Joshi,Head Constable,57,2026-07-20 11:40:35+00:00,90.0,73.0,,21.1811912,72.8015422,16.600000381469727,-0.515,0.979,0.271,,0.0,0.0,0.0,,,,,0.0,0.0,30.0,6.619999999912807e-05,0.0004444000000063,5.59,73.0,36.5,1
34127,SO-1202,Head Constable Vivek Joshi,Head Constable,57,2026-07-20 11:41:05+00:00,94.0,55.0,,21.1811905,72.8015442,16.600000381469727,-0.374,0.963,0.127,,0.0,0.0,0.0,,,,,0.0,0.0,30.0,-7.000000010748408e-07,1.9999999949504854e-06,0.03,55.0,36.5,2
34131,SO-1202,Head Constable Vivek Joshi,Head Constable,57,2026-07-20 11:41:35+00:00,84.0,83.0,,21.1811934,72.8015424,16.600000381469727,-0.612,0.79,-0.021,,0.0,0.0,0.0,,,,,0.0,0.0,30.0,2.900000001915259e-06,-1.799999992613266e-06,0.04,83.0,36.5,0
34135,SO-1202,Head Constable Vivek Joshi,Head Constable,57,2026-07-20 11:42:05+00:00,82.0,87.0,,21.1811906,72.8015501,16.600000381469727,-0.556,0.828,0.032,,0.0,0.0,0.0,,,,,0.0,0.0,30.0,-2.8000000007466497e-06,7.699999997612395e-06,0.1,87.0,36.5,0
34139,SO-1202,Head Constable Vivek Joshi,Head Constable,57,2026-07-20 11:42:35+00:00,97.0,84.0,,21.1811903,72.8015452,16.600000381469727,-0.491,0.067,0.878,,0.0,0.0,0.0,,,,,0.0,0.0,30.0,-2.999999999531156e-07,-4.899999993313031e-06,0.06,84.0,36.5,2
34143,SO-1202,Head Constable Vivek Joshi,Head Constable,57,2026-07-20 11:43:05+00:00,89.0,61.0,,21.1811936,72.8015386,16.600000381469727,-0.48,0.063,0.896,,0.0,0.0,0.0,,,,,0.0,0.0,30.0,3.299999999484271e-06,-6.600000006073969e-06,0.09,61.0,36.5,0
34147,SO-1202,Head Constable Vivek Joshi,Head Constable,57,2026-07-20 11:43:35+00:00,99.0,85.0,,21.1811939,72.8015442,16.600000381469727,-0.406,0.195,0.908,,0.0,0.0,0.0,,,,,0.0,0.0,30.0,2.999999999531156e-07,5.599999994387872e-06,0.07,85.0,36.5,2
34151,SO-1202,Head Constable Vivek Joshi,Head Constable,57,2026-07-20 11:44:05+00:00,81.0,81.0,,21.1811929,72.8015381,16.600000381469727,-0.98,0.065,0.003,,0.0,0.0,0.0,,,,,0.0,0.0,30.0,-1.0000000010279564e-06,-6.099999993125493e-06,0.08,81.0,36.5,0
34155,SO-1202,Head Constable Vivek Joshi,Head Constable,57,2026-07-20 11:44:35+00:00,92.0,88.0,,21.1811912,72.8015378,16.600000381469727,-0.451,0.205,0.886,,0.0,0.0,0.0,,,,,0.0,0.0,30.0,-1.6999999985500835e-06,-2.999999964004019e-07,0.02,88.0,36.5,2
34160,SO-1202,Head Constable Vivek Joshi,Head Constable,57,2026-07-20 11:45:05+00:00,92.0,87.0,,21.1811893,72.8015455,16.600000381469727,-0.436,0.217,0.887,,0.0,0.0,0.0,,,,,0.0,0.0,30.0,-1.900000000887303e-06,7.699999997612395e-06,0.1,87.0,36.5,2
34164,SO-1202,Head Constable Vivek Joshi,Head Constable,57,2026-07-20 11:45:38+00:00,100.0,76.0,,21.181191,72.8015437,16.600000381469727,-1.023,0.104,0.265,,0.0,0.0,0.0,,,,,0.0,0.0,33.0,1.6999999985500835e-06,-1.8000000068241206e-06,0.03,76.0,36.5,2
34168,SO-1202,Head Constable Vivek Joshi,Head Constable,57,2026-07-20 11:46:05+00:00,97.0,84.0,,21.1811929,72.8015393,16.600000381469727,-0.972,0.128,0.002,,0.0,0.0,0.0,,,,,0.0,0.0,27.0,1.900000000887303e-06,-4.39999999457541e-06,0.07,84.0,36.5,2
34171,SO-1202,Head Constable Vivek Joshi,Head Constable,57,2026-07-20 11:46:35+00:00,93.0,85.0,,21.1811914,72.8015441,16.600000381469727,-0.969,0.151,0.024,,0.0,0.0,0.0,,,,,0.0,0.0,30.0,-1.4999999997655775e-06,4.799999999249849e-06,0.06,85.0,36.5,2
34175,SO-1202,Head Constable Vivek Joshi,Head Constable,57,2026-07-20 11:47:05+00:00,87.0,86.0,,21.1811936,72.8015422,16.600000381469727,-0.826,0.026,-0.529,,0.0,0.0,0.0,,,,,0.0,0.0,30.0,2.2000000008404186e-06,-1.900000000887303e-06,0.04,86.0,36.5,0
34179,SO-1202,Head Constable Vivek Joshi,Head Constable,57,2026-07-20 11:47:35+00:00,85.0,77.0,,21.1811929,72.8015393,16.600000381469727,-0.938,-0.126,-0.237,,0.0,0.0,0.0,,,,,0.0,0.0,30.0,-7.000000010748408e-07,-2.8999999983625457e-06,0.04,77.0,36.5,0
34184,SO-1202,Head Constable Vivek Joshi,Head Constable,57,2026-07-20 11:48:05+00:00,85.0,88.0,,21.1811926,72.8015437,16.600000381469727,-0.935,-0.141,-0.251,,0.0,0.0,0.0,,,,,0.0,0.0,30.0,-2.999999999531156e-07,4.39999999457541e-06,0.05,88.0,36.5,0
34188,SO-1202,Head Constable Vivek Joshi,Head Constable,57,2026-07-20 11:48:36+00:00,85.0,86.0,,21.1811902,72.8015447,16.600000381469727,-0.93,-0.137,-0.25,,0.0,0.0,0.0,,,,,0.0,0.0,31.0,-2.3999999996249244e-06,9.999999974752427e-07,0.03,86.0,36.5,0
34191,SO-1202,Head Constable Vivek Joshi,Head Constable,57,2026-07-20 11:49:05+00:00,85.0,88.0,,21.1811931,72.8015397,16.600000381469727,-0.933,-0.136,-0.256,,0.0,0.0,0.0,,,,,0.0,0.0,29.0,2.900000001915259e-06,-4.9999999873762135e-06,0.08,88.0,36.5,0
34195,SO-1202,Head Constable Vivek Joshi,Head Constable,57,2026-07-20 11:49:35+00:00,95.0,87.0,,21.1811926,72.8015437,16.600000381469727,-0.934,-0.173,-0.277,,0.0,0.0,0.0,,,,,0.0,0.0,30.0,-5.00000002290335e-07,3.999999989900971e-06,0.05,87.0,36.5,2
34199,SO-1202,Head Constable Vivek Joshi,Head Constable,57,2026-07-20 11:50:07+00:00,100.0,88.0,,21.1811926,72.8015437,16.600000381469727,-0.928,-0.153,-0.266,,0.0,0.0,0.0,,,,,0.0,0.0,32.0,0.0,0.0,0.0,88.0,36.5,2
34203,SO-1202,Head Constable Vivek Joshi,Head Constable,57,2026-07-20 11:50:39+00:00,94.0,88.0,,21.1811995,72.8015319,16.600000381469727,-0.549,0.646,1.562,,0.0,0.0,0.0,,,,,0.0,0.0,32.0,6.900000002474371e-06,-1.1799999995787402e-05,0.16,88.0,36.5,1
34207,SO-1202,Head Constable Vivek Joshi,Head Constable,57,2026-07-20 11:51:10+00:00,100.0,87.0,,21.1811979,72.8015334,16.600000381469727,-1.055,-0.149,-0.101,,0.0,0.0,0.0,,,,,0.0,0.0,31.0,-1.6000000009341877e-06,1.499999996212864e-06,0.03,87.0,36.5,1
34211,SO-1202,Head Constable Vivek Joshi,Head Constable,57,2026-07-20 11:51:40+00:00,96.0,85.0,,21.1811928,72.8015436,16.600000381469727,-0.937,-0.081,0.316,,0.0,0.0,0.0,,,,,0.0,0.0,30.0,-5.099999999202964e-06,1.0200000005511356e-05,0.14,85.0,36.5,2
34215,SO-1202,Head Constable Vivek Joshi,Head Constable,57,2026-07-20 11:52:10+00:00,92.0,76.0,,21.1811927,72.8015438,16.600000381469727,-0.905,0.054,0.402,,0.0,0.0,0.0,,,,,0.0,0.0,30.0,-1.0000000116860974e-07,2.0000000233721948e-07,0.0,76.0,36.5,2
34219,SO-1202,Head Constable Vivek Joshi,Head Constable,57,2026-07-20 11:52:40+00:00,99.0,88.0,,21.181194,72.801544,16.600000381469727,-0.832,0.327,-0.403,,0.0,0.0,0.0,,,,,0.0,0.0,30.0,1.300000000981072e-06,2.0000000233721948e-07,0.02,88.0,36.5,2
34223,SO-1202,Head Constable Vivek Joshi,Head Constable,57,2026-07-20 11:53:10+00:00,90.0,87.0,,21.1811949,72.8015374,16.600000381469727,-0.478,0.164,0.867,,0.0,0.0,0.0,,,,,0.0,0.0,30.0,8.999999998593466e-07,-6.600000006073969e-06,0.08,87.0,36.5,0
34227,SO-1202,Head Constable Vivek Joshi,Head Constable,57,2026-07-20 11:53:40+00:00,88.0,80.0,,21.1811972,72.8015347,16.600000381469727,-0.781,0.252,0.586,,0.0,0.0,0.0,,,,,0.0,0.0,30.0,2.2999999984563142e-06,-2.6999999960253263e-06,0.05,80.0,36.5,0
34230,SO-1202,Head Constable Vivek Joshi,Head Constable,57,2026-07-20 11:54:10+00:00,100.0,84.0,,21.1811961,72.8015357,16.600000381469727,-0.672,0.138,0.732,,0.0,0.0,0.0,,,,,0.0,0.0,30.0,-1.0999999986438525e-06,9.999999974752427e-07,0.02,84.0,36.5,2
34234,SO-1202,Head Constable Vivek Joshi,Head Constable,57,2026-07-20 11:54:41+00:00,82.0,,,21.1812002,72.8015323,16.600000381469727,-0.687,0.137,0.723,,0.0,0.0,0.0,,,,,0.0,0.0,31.0,4.099999998175008e-06,-3.399999997100167e-06,0.07,84.0,36.5,0
34239,SO-1202,Head Constable Vivek Joshi,Head Constable,57,2026-07-20 11:55:26+00:00,96.0,88.0,,21.1811933,72.8015439,16.600000381469727,-0.781,-0.306,0.233,,0.0,0.0,0.0,,,,,0.0,0.0,45.0,-6.899999998921658e-06,1.1599999993450185e-05,0.11,88.0,36.5,2
34243,SO-1202,Head Constable Vivek Joshi,Head Constable,57,2026-07-20 11:56:06+00:00,90.0,88.0,,21.1811962,72.8015359,16.600000381469727,-0.695,-0.309,-0.067,,0.0,0.0,0.0,,,,,0.0,0.0,40.0,2.8999999983625457e-06,-7.999999994012796e-06,0.08,88.0,36.5,0
34247,SO-1202,Head Constable Vivek Joshi,Head Constable,57,2026-07-20 11:56:36+00:00,82.0,87.0,,21.1811885,72.8015527,16.600000381469727,-0.971,-0.302,-0.314,,0.0,0.0,0.0,,,,,0.0,0.0,30.0,-7.699999997612395e-06,1.679999999737447e-05,0.23,87.0,36.5,0
34251,SO-1202,Head Constable Vivek Joshi,Head Constable,57,2026-07-20 11:57:06+00:00,93.0,88.0,,21.1811933,72.801538,16.600000381469727,-0.543,0.099,0.922,,0.0,0.0,0.0,,,,,0.0,0.0,30.0,4.799999999249849e-06,-1.4700000008360805e-05,0.19,88.0,36.5,2
34255,SO-1202,Head Constable Vivek Joshi,Head Constable,57,2026-07-20 11:57:36+00:00,95.0,87.0,,21.1811934,72.8015382,16.600000381469727,-0.915,-0.097,0.427,,0.0,0.0,0.0,,,,,0.0,0.0,30.0,1.0000000116860974e-07,2.0000000233721948e-07,0.0,87.0,36.5,2
34259,SO-1202,Head Constable Vivek Joshi,Head Constable,57,2026-07-20 11:58:06+00:00,90.0,88.0,,21.1811916,72.8015477,16.600000381469727,-1.004,-0.117,0.789,,0.0,0.0,0.0,,,,,0.0,0.0,30.0,-1.800000003271407e-06,9.500000004436515e-06,0.12,88.0,36.5,0
34263,SO-1202,Head Constable Vivek Joshi,Head Constable,57,2026-07-20 11:58:36+00:00,92.0,88.0,,21.1811916,72.8015477,16.600000381469727,-0.963,-0.155,0.19,,0.0,0.0,0.0,,,,,0.0,0.0,30.0,0.0,0.0,0.0,88.0,36.5,2
34267,SO-1202,Head Constable Vivek Joshi,Head Constable,57,2026-07-20 11:59:06+00:00,86.0,88.0,,21.1811925,72.8015436,16.600000381469727,-0.4,-0.196,1.212,,0.0,0.0,0.0,,,,,0.0,0.0,30.0,9.000000034120603e-07,-4.099999998175008e-06,0.05,88.0,36.5,0
34271,SO-1202,Head Constable Vivek Joshi,Head Constable,57,2026-07-20 11:59:37+00:00,91.0,85.0,,21.1811927,72.8015439,16.600000381469727,-0.594,-0.186,-0.852,,0.0,0.0,0.0,,,,,0.0,0.0,31.0,1.999999987845058e-07,2.999999964004019e-07,0.0,85.0,36.5,2
34275,SO-1202,Head Constable Vivek Joshi,Head Constable,57,2026-07-20 12:00:06+00:00,89.0,88.0,,21.1811927,72.8015439,16.600000381469727,-0.348,-0.038,-0.939,,0.0,0.0,0.0,,,,,0.0,0.0,29.0,0.0,0.0,0.0,88.0,36.5,0
34279,SO-1202,Head Constable Vivek Joshi,Head Constable,57,2026-07-20 12:00:36+00:00,88.0,87.0,,21.1811928,72.8015394,16.600000381469727,-0.891,0.053,-0.418,,0.0,0.0,0.0,,,,,0.0,0.0,30.0,1.0000000116860974e-07,-4.500000002849447e-06,0.06,87.0,36.5,0
34284,SO-1202,Head Constable Vivek Joshi,Head Constable,57,2026-07-20 12:01:06+00:00,85.0,88.0,,21.1811926,72.8015418,16.600000381469727,-0.945,0.014,-0.252,,0.0,0.0,0.0,,,,,0.0,0.0,30.0,-2.0000000233721948e-07,2.3999999996249244e-06,0.03,88.0,36.5,0
34288,SO-1202,Head Constable Vivek Joshi,Head Constable,57,2026-07-20 12:01:36+00:00,84.0,88.0,,21.1811916,72.8015431,16.600000381469727,-0.983,0.069,-0.03,,0.0,0.0,0.0,,,,,0.0,0.0,30.0,-1.0000000010279564e-06,1.3000000080864993e-06,0.02,88.0,36.5,0
34292,SO-1202,Head Constable Vivek Joshi,Head Constable,57,2026-07-20 12:02:06+00:00,88.0,83.0,,21.1811925,72.8015434,16.600000381469727,-0.935,0.008,-0.294,,0.0,0.0,0.0,,,,,0.0,0.0,30.0,9.000000034120603e-07,2.999999964004019e-07,0.01,83.0,36.5,0
34296,SO-1202,Head Constable Vivek Joshi,Head Constable,57,2026-07-20 12:02:36+00:00,96.0,83.0,,21.1812035,72.8015274,16.600000381469727,-0.541,-0.142,0.835,,0.0,0.0,0.0,,,,,0.0,0.0,30.0,1.0999999997096666e-05,-1.6000000002236447e-05,0.25,83.0,36.5,2
34300,SO-1202,Head Constable Vivek Joshi,Head Constable,57,2026-07-20 12:03:06+00:00,84.0,87.0,,21.1811954,72.8015345,16.600000381469727,-0.413,0.885,0.267,,0.0,0.0,0.0,,,,,0.0,0.0,30.0,-8.09999999873412e-06,7.100000004811591e-06,0.14,87.0,36.5,0
34304,SO-1202,Head Constable Vivek Joshi,Head Constable,57,2026-07-20 12:03:36+00:00,93.0,88.0,,21.1811932,72.8015395,16.600000381469727,-0.578,0.72,-0.422,,0.0,0.0,0.0,,,,,0.0,0.0,30.0,-2.2000000008404186e-06,5.000000001587068e-06,0.07,88.0,36.5,2
34308,SO-1202,Head Constable Vivek Joshi,Head Constable,57,2026-07-20 12:04:04+00:00,93.0,76.0,,21.18114,72.8011847,21.0,-0.383,0.688,0.095,,0.0,0.0,0.0,,,,,0.0,0.0,28.0,-5.319999999997549e-05,-0.0003548000000108,4.78,76.0,36.5,1
34312,SO-1202,Head Constable Vivek Joshi,Head Constable,57,2026-07-20 12:04:36+00:00,83.0,87.0,,21.1811258,72.8011917,21.0,-0.625,0.785,0.011,,0.0,0.0,0.0,,,,,0.0,0.0,32.0,-1.419999999896504e-05,7.000000010748408e-06,0.2,87.0,36.5,0
34316,SO-1202,Head Constable Vivek Joshi,Head Constable,57,2026-07-20 12:05:07+00:00,91.0,70.0,,21.1810995,72.8011833,17.899999618530273,-0.444,0.88,0.051,,0.0,0.0,0.0,,,,,0.0,0.0,31.0,-2.6300000001810982e-05,-8.399999998687235e-06,0.35,70.0,36.5,2
34320,SO-1202,Head Constable Vivek Joshi,Head Constable,57,2026-07-20 12:05:36+00:00,96.0,79.0,,21.1811347,72.8012354,18.0,-0.653,0.807,0.027,,0.0,0.0,0.0,,,,,0.0,0.0,29.0,3.5200000002788556e-05,5.2099999990673496e-05,0.83,79.0,36.5,2
34324,SO-1202,Head Constable Vivek Joshi,Head Constable,57,2026-07-20 12:06:06+00:00,89.0,57.0,,21.1811095,72.8011657,18.399999618530273,-0.319,0.911,0.033,,0.0,0.0,0.0,,,,,0.0,0.0,30.0,-2.519999999961442e-05,-6.969999999739684e-05,0.93,57.0,36.5,0
34328,SO-1202,Head Constable Vivek Joshi,Head Constable,57,2026-07-20 12:06:36+00:00,88.0,68.0,,21.1811672,72.8014393,16.600000381469727,-0.188,0.591,0.246,,0.0,0.0,0.0,,,,,0.0,0.0,30.0,5.769999999927222e-05,0.0002735999999998,3.48,68.0,36.5,0
34332,SO-1202,Head Constable Vivek Joshi,Head Constable,57,2026-07-20 12:07:06+00:00,93.0,79.0,,21.181193,72.8015438,16.600000381469727,-0.669,0.594,0.151,,0.0,0.0,0.0,,,,,0.0,0.0,30.0,2.579999999952065e-05,0.0001045000000061,1.34,79.0,36.5,2
34336,SO-1202,Head Constable Vivek Joshi,Head Constable,57,2026-07-20 12:07:36+00:00,88.0,83.0,,21.1811969,72.8015412,16.600000381469727,-0.193,1.003,0.315,,0.0,0.0,0.0,,,,,0.0,0.0,30.0,3.899999999390502e-06,-2.600000001962144e-06,0.06,83.0,36.5,0
34341,SO-1202,Head Constable Vivek Joshi,Head Constable,57,2026-07-20 12:08:06+00:00,85.0,71.0,,21.181199,72.8015362,16.600000381469727,-0.985,0.096,-0.164,,0.0,0.0,0.0,,,,,0.0,0.0,30.0,2.099999999671809e-06,-5.000000001587068e-06,0.07,71.0,36.5,0
34346,SO-1202,Head Constable Vivek Joshi,Head Constable,57,2026-07-20 12:08:36+00:00,94.0,83.0,,21.1811988,72.8015364,16.600000381469727,-0.956,0.051,-0.206,,0.0,0.0,0.0,,,,,0.0,0.0,30.0,-1.999999987845058e-07,2.0000000233721948e-07,0.0,83.0,36.5,2
34351,SO-1202,Head Constable Vivek Joshi,Head Constable,57,2026-07-20 12:09:06+00:00,92.0,84.0,,21.1811998,72.801532,16.600000381469727,-0.771,0.595,0.548,,0.0,0.0,0.0,,,,,0.0,0.0,30.0,1.0000000010279564e-06,-4.4000000087862645e-06,0.06,84.0,36.5,2
34355,SO-1202,Head Constable Vivek Joshi,Head Constable,57,2026-07-20 12:09:36+00:00,93.0,85.0,,21.1812043,72.8015211,16.600000381469727,-0.689,0.013,0.74,,0.0,0.0,0.0,,,,,0.0,0.0,30.0,4.499999999296733e-06,-1.0899999992375342e-05,0.15,85.0,36.5,2
34361,SO-1202,Head Constable Vivek Joshi,Head Constable,57,2026-07-20 12:10:08+00:00,92.0,73.0,,21.1811989,72.8015369,16.600000381469727,-0.826,-0.024,-0.596,,0.0,0.0,0.0,,,,,0.0,0.0,32.0,-5.4000000027087935e-06,1.5799999999899228e-05,0.2,73.0,36.5,2
34367,SO-1202,Head Constable Vivek Joshi,Head Constable,57,2026-07-20 12:10:49+00:00,100.0,86.0,,21.1811983,72.8015393,16.600000381469727,-0.706,-0.086,0.718,,0.0,0.0,0.0,,,,,0.0,0.0,41.0,-5.999999999062311e-07,2.3999999996249244e-06,0.02,86.0,36.5,2
34372,SO-1202,Head Constable Vivek Joshi,Head Constable,57,2026-07-20 12:11:19+00:00,92.0,79.0,,21.1811939,72.8015363,16.600000381469727,-0.669,-0.005,0.727,,0.0,0.0,0.0,,,,,0.0,0.0,30.0,-4.3999999981281235e-06,-3.000000006636583e-06,0.07,79.0,36.5,2
34377,SO-1202,Head Constable Vivek Joshi,Head Constable,57,2026-07-20 12:11:56+00:00,92.0,73.0,,21.1811978,72.8015226,16.600000381469727,-0.714,0.191,0.67,,0.0,0.0,0.0,,,,,0.0,0.0,37.0,3.899999999390502e-06,-1.3699999996674704e-05,0.14,73.0,36.5,2
34382,SO-1202,Head Constable Vivek Joshi,Head Constable,57,2026-07-20 12:12:26+00:00,94.0,86.0,,21.1811933,72.801534,16.600000381469727,-0.629,0.222,0.192,,0.0,0.0,0.0,,,,,0.0,0.0,30.0,-4.499999999296733e-06,1.1400000005323818e-05,0.15,86.0,36.5,2
34386,SO-1202,Head Constable Vivek Joshi,Head Constable,57,2026-07-20 12:12:56+00:00,84.0,85.0,,21.181207,72.8015113,16.600000381469727,-1.132,-0.073,-0.11,,0.0,0.0,0.0,,,,,0.0,0.0,30.0,1.370000000022742e-05,-2.27000000023736e-05,0.34,85.0,36.5,0
34390,SO-1202,Head Constable Vivek Joshi,Head Constable,57,2026-07-20 12:13:26+00:00,89.0,86.0,,21.1811966,72.8015419,16.600000381469727,-1.041,0.007,0.141,,0.0,0.0,0.0,,,,,0.0,0.0,30.0,-1.0400000000743148e-05,3.060000000232321e-05,0.4,86.0,36.5,0
34396,SO-1202,Head Constable Vivek Joshi,Head Constable,57,2026-07-20 12:13:56+00:00,86.0,88.0,,21.1811957,72.8015256,16.600000381469727,-1.016,0.076,0.212,,0.0,0.0,0.0,,,,,0.0,0.0,30.0,-8.999999998593466e-07,-1.629999999863685e-05,0.2,88.0,36.5,0
34401,SO-1202,Head Constable Vivek Joshi,Head Constable,57,2026-07-20 12:14:26+00:00,85.0,88.0,,21.1811939,72.801536,16.600000381469727,-0.931,0.061,0.374,,0.0,0.0,0.0,,,,,0.0,0.0,30.0,-1.7999999997186933e-06,1.039999999363772e-05,0.13,88.0,36.5,0
34406,SO-1202,Head Constable Vivek Joshi,Head Constable,57,2026-07-20 12:14:56+00:00,92.0,88.0,,21.1811979,72.8015329,16.600000381469727,-0.84,0.075,-0.493,,0.0,0.0,0.0,,,,,0.0,0.0,30.0,4.000000000559112e-06,-3.1000000006997652e-06,0.07,88.0,36.5,2
34411,SO-1202,Head Constable Vivek Joshi,Head Constable,57,2026-07-20 12:15:27+00:00,82.0,87.0,,21.181199,72.801522,16.600000381469727,-0.665,0.154,0.748,,0.0,0.0,0.0,,,,,0.0,0.0,31.0,1.0999999986438525e-06,-1.0899999992375342e-05,0.13,87.0,36.5,0
34419,SO-1202,Head Constable Vivek Joshi,Head Constable,57,2026-07-20 12:16:05+00:00,84.0,88.0,,21.1811936,72.801534,16.600000381469727,-0.824,0.019,-0.519,,0.0,0.0,0.0,,,,,0.0,0.0,38.0,-5.39999999915608e-06,1.1999999998124622e-05,0.13,88.0,36.5,0
34423,SO-1202,Head Constable Vivek Joshi,Head Constable,57,2026-07-20 12:16:35+00:00,83.0,86.0,,21.181193,72.8015283,16.600000381469727,-0.74,0.144,0.658,,0.0,0.0,0.0,,,,,0.0,0.0,30.0,-5.999999999062311e-07,-5.700000002661909e-06,0.07,86.0,36.5,0
34429,SO-1202,Head Constable Vivek Joshi,Head Constable,57,2026-07-20 12:17:05+00:00,87.0,75.0,,21.1812002,72.8015327,16.600000381469727,-0.718,0.14,0.634,,0.0,0.0,0.0,,,,,0.0,0.0,30.0,7.199999998874773e-06,4.39999999457541e-06,0.11,75.0,36.5,0
34434,SO-1202,Head Constable Vivek Joshi,Head Constable,57,2026-07-20 12:17:35+00:00,82.0,78.0,,21.181197,72.8015152,16.600000381469727,-0.747,0.161,0.645,,0.0,0.0,0.0,,,,,0.0,0.0,30.0,-3.1999999983156613e-06,-1.749999999844931e-05,0.22,78.0,36.5,0
34439,SO-1202,Head Constable Vivek Joshi,Head Constable,57,2026-07-20 12:18:05+00:00,95.0,,,21.181207,72.8015113,16.600000381469727,-0.762,0.15,0.645,,0.0,0.0,0.0,,,,,0.0,0.0,30.0,9.999999999621425e-06,-3.8999999958377884e-06,0.14,78.0,36.5,2
34444,SO-1202,Head Constable Vivek Joshi,Head Constable,57,2026-07-20 12:18:35+00:00,80.0,84.0,,21.1812041,72.8015198,16.600000381469727,-0.791,0.131,0.624,,0.0,0.0,0.0,,,,,0.0,0.0,30.0,-2.900000001915259e-06,8.499999992750418e-06,0.11,84.0,36.5,0
34449,SO-1202,Head Constable Vivek Joshi,Head Constable,57,2026-07-20 12:19:05+00:00,84.0,84.0,,21.1811995,72.8015311,16.600000381469727,-0.754,0.136,0.642,,0.0,0.0,0.0,,,,,0.0,0.0,30.0,-4.599999996912629e-06,1.1300000011260636e-05,0.15,84.0,36.5,0
34454,SO-1202,Head Constable Vivek Joshi,Head Constable,57,2026-07-20 12:19:35+00:00,83.0,57.0,,21.1811985,72.8015385,16.600000381469727,-0.747,0.133,0.635,,0.0,0.0,0.0,,,,,0.0,0.0,30.0,-1.0000000010279564e-06,7.400000001211993e-06,0.09,57.0,36.5,0
34459,SO-1202,Head Constable Vivek Joshi,Head Constable,57,2026-07-20 12:20:05+00:00,95.0,80.0,,21.1811937,72.8015348,16.600000381469727,-0.817,0.027,-0.661,,0.0,0.0,0.0,,,,,0.0,0.0,30.0,-4.799999999249849e-06,-3.700000007711424e-06,0.08,80.0,36.5,2
34464,SO-1202,Head Constable Vivek Joshi,Head Constable,57,2026-07-20 12:20:39+00:00,100.0,86.0,,21.1811937,72.8015348,16.600000381469727,-0.873,-0.027,-0.431,,0.0,0.0,0.0,,,,,0.0,0.0,34.0,0.0,0.0,0.0,86.0,36.5,2
34469,SO-1202,Head Constable Vivek Joshi,Head Constable,57,2026-07-20 12:21:07+00:00,85.0,87.0,,21.1811915,72.8015437,16.600000381469727,-0.908,-0.307,-0.131,,0.0,0.0,0.0,,,,,0.0,0.0,28.0,-2.2000000008404186e-06,8.899999997424857e-06,0.12,87.0,36.5,0
34474,SO-1202,Head Constable Vivek Joshi,Head Constable,57,2026-07-20 12:21:35+00:00,100.0,88.0,,21.1811836,72.8015587,16.600000381469727,-0.925,-0.052,-0.302,,0.0,0.0,0.0,,,,,0.0,0.0,28.0,-7.899999999949614e-06,1.5000000004761205e-05,0.23,88.0,36.5,2
34479,SO-1202,Head Constable Vivek Joshi,Head Constable,57,2026-07-20 12:22:05+00:00,92.0,85.0,,21.1811933,72.8015439,16.600000381469727,-1.347,0.313,-0.13,,0.0,0.0,0.0,,,,,0.0,0.0,30.0,9.699999999668307e-06,-1.4800000002423984e-05,0.22,85.0,36.5,2
34484,SO-1202,Head Constable Vivek Joshi,Head Constable,57,2026-07-20 12:22:35+00:00,85.0,88.0,,21.1811849,72.8015448,16.600000381469727,-0.916,-0.12,-0.036,,0.0,0.0,0.0,,,,,0.0,0.0,30.0,-8.399999998687235e-06,9.000000034120603e-07,0.11,88.0,36.5,0
34488,SO-1202,Head Constable Vivek Joshi,Head Constable,57,2026-07-20 12:23:05+00:00,81.0,88.0,,21.1811922,72.8015408,16.600000381469727,-0.998,-0.124,-0.108,,0.0,0.0,0.0,,,,,0.0,0.0,30.0,7.300000000043383e-06,-4.0000000041118255e-06,0.11,88.0,36.5,0
34494,SO-1202,Head Constable Vivek Joshi,Head Constable,57,2026-07-20 12:23:35+00:00,88.0,87.0,,21.1811926,72.8015433,16.600000381469727,-0.957,-0.068,-0.149,,0.0,0.0,0.0,,,,,0.0,0.0,30.0,3.999999975690116e-07,2.5000000078989615e-06,0.03,87.0,36.5,0
34498,SO-1202,Head Constable Vivek Joshi,Head Constable,57,2026-07-20 12:24:06+00:00,93.0,84.0,,21.1811949,72.8015374,16.600000381469727,-0.653,0.117,0.779,,0.0,0.0,0.0,,,,,0.0,0.0,31.0,2.3000000020090283e-06,-5.900000004999129e-06,0.08,84.0,36.5,2
34503,SO-1202,Head Constable Vivek Joshi,Head Constable,57,2026-07-20 12:24:35+00:00,83.0,81.0,,21.1811902,72.8015264,16.600000381469727,-0.843,-0.361,-0.288,,0.0,0.0,0.0,,,,,0.0,0.0,29.0,-4.700000001633953e-06,-1.100000000064938e-05,0.16,81.0,36.5,0
34509,SO-1202,Head Constable Vivek Joshi,Head Constable,57,2026-07-20 12:25:05+00:00,98.0,66.0,,21.1811862,72.8015486,16.600000381469727,-0.95,0.053,-0.648,,0.0,0.0,0.0,,,,,0.0,0.0,30.0,-4.000000000559112e-06,2.2200000003635975e-05,0.28,66.0,36.5,2
34514,SO-1202,Head Constable Vivek Joshi,Head Constable,57,2026-07-20 12:25:35+00:00,91.0,76.0,,21.1811969,72.8015207,16.600000381469727,-0.89,-0.452,0.015,,0.0,0.0,0.0,,,,,0.0,0.0,30.0,1.0700000000696264e-05,-2.7900000006297887e-05,0.37,76.0,36.5,2
34519,SO-1202,Head Constable Vivek Joshi,Head Constable,57,2026-07-20 12:26:05+00:00,91.0,85.0,,21.1811854,72.8015316,16.600000381469727,-0.88,-0.444,-0.034,,0.0,0.0,0.0,,,,,0.0,0.0,30.0,-1.1499999999387e-05,1.0900000006586197e-05,0.2,85.0,36.5,2
34524,SO-1202,Head Constable Vivek Joshi,Head Constable,57,2026-07-20 12:26:35+00:00,81.0,87.0,,21.1811238,72.8015526,13.499996185302734,-0.909,-0.377,-0.09,,0.0,0.0,0.0,,,,,0.0,0.0,30.0,-6.159999999866272e-05,2.099999998961266e-05,0.86,87.0,36.5,0
34529,SO-1202,Head Constable Vivek Joshi,Head Constable,57,2026-07-20 12:27:05+00:00,100.0,88.0,,21.1811946,72.8015353,16.600000381469727,-0.92,-0.072,-0.336,,0.0,0.0,0.0,,,,,0.0,0.0,30.0,7.079999999959341e-05,-1.7299999996112092e-05,0.97,88.0,36.5,2
34533,SO-1202,Head Constable Vivek Joshi,Head Constable,57,2026-07-20 12:27:35+00:00,100.0,88.0,,21.1811971,72.8015341,16.600000381469727,-0.664,-0.099,0.704,,0.0,0.0,0.0,,,,,0.0,0.0,30.0,2.4999999972408204e-06,-1.1999999998124622e-06,0.04,88.0,36.5,2
34539,SO-1202,Head Constable Vivek Joshi,Head Constable,57,2026-07-20 12:28:05+00:00,87.0,86.0,,21.1811949,72.8015374,16.600000381469727,-0.722,-0.034,0.701,,0.0,0.0,0.0,,,,,0.0,0.0,30.0,-2.199999997287705e-06,3.3000000030369847e-06,0.05,86.0,36.5,0
34544,SO-1202,Head Constable Vivek Joshi,Head Constable,57,2026-07-20 12:28:35+00:00,98.0,88.0,,21.1811974,72.8015384,16.600000381469727,-0.734,-0.055,0.674,,0.0,0.0,0.0,,,,,0.0,0.0,30.0,2.4999999972408204e-06,9.999999974752427e-07,0.04,88.0,36.5,2
34549,SO-1202,Head Constable Vivek Joshi,Head Constable,57,2026-07-20 12:29:05+00:00,85.0,85.0,,21.1811936,72.8015372,16.600000381469727,-0.72,-0.105,0.684,,0.0,0.0,0.0,,,,,0.0,0.0,30.0,-3.799999998221893e-06,-1.1999999998124622e-06,0.05,85.0,36.5,0
34553,SO-1202,Head Constable Vivek Joshi,Head Constable,57,2026-07-20 12:29:35+00:00,95.0,88.0,,21.181193,72.8015399,16.600000381469727,-0.64,0.291,0.722,,0.0,0.0,0.0,,,,,0.0,0.0,30.0,-5.999999999062311e-07,2.6999999960253263e-06,0.03,88.0,36.5,2
34558,SO-1202,Head Constable Vivek Joshi,Head Constable,57,2026-07-20 12:30:05+00:00,100.0,88.0,,21.1811975,72.8015446,16.600000381469727,-0.741,0.276,0.625,,0.0,0.0,0.0,,,,,0.0,0.0,30.0,4.499999999296733e-06,4.700000005186666e-06,0.08,88.0,36.5,2
34563,SO-1202,Head Constable Vivek Joshi,Head Constable,57,2026-07-20 12:30:35+00:00,82.0,81.0,,21.1811915,72.8015397,16.600000381469727,-0.993,0.135,-0.163,,0.0,0.0,0.0,,,,,0.0,0.0,30.0,-5.999999999062311e-06,-4.899999993313031e-06,0.1,81.0,36.5,0
34568,SO-1202,Head Constable Vivek Joshi,Head Constable,57,2026-07-20 12:31:05+00:00,95.0,85.0,,21.1811966,72.8015381,16.600000381469727,-0.943,0.056,-0.282,,0.0,0.0,0.0,,,,,0.0,0.0,30.0,5.099999999202964e-06,-1.6000000044869012e-06,0.07,85.0,36.5,2
34573,SO-1202,Head Constable Vivek Joshi,Head Constable,57,2026-07-20 12:31:35+00:00,92.0,83.0,,21.1811928,72.8015389,16.600000381469727,-0.654,0.075,-0.335,,0.0,0.0,0.0,,,,,0.0,0.0,30.0,-3.799999998221893e-06,7.999999951380232e-07,0.05,83.0,36.5,2
34578,SO-1202,Head Constable Vivek Joshi,Head Constable,57,2026-07-20 12:32:05+00:00,84.0,87.0,,21.181197,72.8015455,16.600000381469727,-0.761,0.023,-0.649,,0.0,0.0,0.0,,,,,0.0,0.0,30.0,4.199999999343618e-06,6.600000006073969e-06,0.1,87.0,36.5,0
34583,SO-1202,Head Constable Vivek Joshi,Head Constable,57,2026-07-20 12:32:35+00:00,97.0,80.0,,21.1811967,72.8015446,16.600000381469727,-0.653,0.192,-0.815,,0.0,0.0,0.0,,,,,0.0,0.0,30.0,-2.999999999531156e-07,-9.000000034120603e-07,0.01,80.0,36.5,2
34588,SO-1202,Head Constable Vivek Joshi,Head Constable,57,2026-07-20 12:33:05+00:00,86.0,86.0,,21.1813217,72.8013257,16.600000381469727,-0.706,0.078,-0.505,,0.0,0.0,0.0,,,,,0.0,0.0,30.0,0.0001250000000005,-0.000218899999993,3.19,86.0,36.5,0
34594,SO-1202,Head Constable Vivek Joshi,Head Constable,57,2026-07-20 12:33:50+00:00,80.0,74.0,,21.1811941,72.8015362,16.600000381469727,-0.929,-0.245,-0.77,,0.0,0.0,0.0,,,,,0.0,0.0,45.0,-0.0001276000000025,0.0002104999999943,2.08,74.0,36.5,0
34602,SO-1202,Head Constable Vivek Joshi,Head Constable,57,2026-07-20 12:34:39+00:00,91.0,87.0,,21.1811955,72.8015408,16.600000381469727,-0.863,-0.2,-0.35,,0.0,0.0,0.0,,,,,0.0,0.0,49.0,1.4000000021496817e-06,4.599999996912629e-06,0.04,87.0,36.5,2
34608,SO-1202,Head Constable Vivek Joshi,Head Constable,57,2026-07-20 12:35:18+00:00,86.0,87.0,,21.181195,72.8015419,16.600000381469727,-0.947,-0.043,1.048,,0.0,0.0,0.0,,,,,0.0,0.0,39.0,-5.00000002290335e-07,1.1000000057492798e-06,0.01,87.0,36.5,0
34613,SO-1202,Head Constable Vivek Joshi,Head Constable,57,2026-07-20 12:35:48+00:00,91.0,88.0,,21.1811931,72.8015379,16.600000381469727,-0.956,0.097,-0.357,,0.0,0.0,0.0,,,,,0.0,0.0,30.0,-1.8999999973345896e-06,-4.0000000041118255e-06,0.06,88.0,36.5,2
34618,SO-1202,Head Constable Vivek Joshi,Head Constable,57,2026-07-20 12:36:18+00:00,90.0,88.0,,21.1812415,72.8014724,16.600000381469727,-0.839,-0.387,0.317,,0.0,0.0,0.0,,,,,0.0,0.0,30.0,4.839999999717293e-05,-6.550000000515865e-05,1.04,88.0,36.5,0
34623,SO-1202,Head Constable Vivek Joshi,Head Constable,57,2026-07-20 12:36:48+00:00,86.0,87.0,,21.1811956,72.8015356,16.600000381469727,-0.789,-0.666,-0.57,,0.0,0.0,0.0,,,,,0.0,0.0,30.0,-4.5899999999932106e-05,6.319999999959691e-05,0.99,87.0,36.5,0
34628,SO-1202,Head Constable Vivek Joshi,Head Constable,57,2026-07-20 12:37:18+00:00,99.0,81.0,,21.1811944,72.8015362,16.600000381469727,-0.304,-0.001,-0.947,,0.0,0.0,0.0,,,,,0.0,0.0,30.0,-1.1999999998124622e-06,6.000000070116585e-07,0.02,81.0,36.5,2
34632,SO-1202,Head Constable Vivek Joshi,Head Constable,57,2026-07-20 12:37:48+00:00,90.0,88.0,,21.1811948,72.8015363,16.600000381469727,-0.655,0.092,-0.731,,0.0,0.0,0.0,,,,,0.0,0.0,30.0,4.000000011217253e-07,9.999999406318238e-08,0.01,88.0,36.5,0
34637,SO-1202,Head Constable Vivek Joshi,Head Constable,57,2026-07-20 12:38:25+00:00,82.0,88.0,,21.1811996,72.8015307,16.600000381469727,-0.845,-0.201,0.075,,0.0,0.0,0.0,,,,,0.0,0.0,37.0,4.799999999249849e-06,-5.599999994387872e-06,0.08,88.0,36.5,0
34642,SO-1202,Head Constable Vivek Joshi,Head Constable,57,2026-07-20 12:38:57+00:00,82.0,83.0,,21.181203,72.8015208,16.600000381469727,-0.879,-0.029,-0.455,,0.0,0.0,0.0,,,,,0.0,0.0,32.0,3.4000000006528808e-06,-9.8999999949001e-06,0.12,83.0,36.5,0
34650,SO-1202,Head Constable Vivek Joshi,Head Constable,57,2026-07-20 12:39:37+00:00,87.0,88.0,,21.1812058,72.8015246,16.600000381469727,-0.917,-0.052,0.341,,0.0,0.0,0.0,,,,,0.0,0.0,40.0,2.8000000007466497e-06,3.7999999875637513e-06,0.05,88.0,36.5,0
34664,SO-1202,Head Constable Vivek Joshi,Head Constable,57,2026-07-20 12:41:07+00:00,87.0,83.0,,21.1811926,72.8015433,16.600000381469727,-0.687,0.001,-0.64,,0.0,0.0,0.0,,,,,0.0,0.0,90.0,-1.3200000001489798e-05,1.870000001247263e-05,0.1,83.0,36.5,0
34668,SO-1202,Head Constable Vivek Joshi,Head Constable,57,2026-07-20 12:41:37+00:00,86.0,86.0,,21.1811925,72.8015436,16.600000381469727,-0.752,-0.155,-0.553,,0.0,0.0,0.0,,,,,0.0,0.0,30.0,-9.999999761589606e-08,2.999999964004019e-07,0.0,86.0,36.5,0
34673,SO-1202,Head Constable Vivek Joshi,Head Constable,57,2026-07-20 12:42:07+00:00,95.0,87.0,,21.1799943,72.8007711,16.600000381469727,-0.849,0.119,-0.341,,0.0,0.0,0.0,,,,,0.0,0.0,30.0,-0.001198200000001,-0.0007724999999965,18.62,87.0,36.5,1
34677,SO-1202,Head Constable Vivek Joshi,Head Constable,57,2026-07-20 12:42:37+00:00,98.0,85.0,,21.1811925,72.8015433,16.600000381469727,-1.012,-0.023,-0.213,,0.0,0.0,0.0,,,,,0.0,0.0,30.0,0.001198200000001,0.0007722000000001,18.62,85.0,36.5,1
34684,SO-1202,Head Constable Vivek Joshi,Head Constable,57,2026-07-20 12:43:25+00:00,93.0,82.0,,21.1811925,72.8015434,16.600000381469727,-0.675,0.055,0.089,,0.0,0.0,0.0,,,,,0.0,0.0,48.0,0.0,9.999999406318238e-08,0.0,82.0,36.5,2
35316,SO-1202,Head Constable Vivek Joshi,Head Constable,57,2026-07-20 14:29:14+00:00,86.0,,,21.1812017,72.801523,16.600000381469727,-0.848,-0.56,-0.169,,0.0,0.0,0.0,,,,,0.0,0.0,6349.0,9.199999997377972e-06,-2.0399999996811857e-05,0.0,82.0,36.5,0
35319,SO-1202,Head Constable Vivek Joshi,Head Constable,57,2026-07-20 14:29:44+00:00,86.0,79.0,,21.1812035,72.8015274,16.600000381469727,-0.646,0.006,-0.758,,0.0,0.0,0.0,,,,,0.0,0.0,30.0,1.7999999997186933e-06,4.39999999457541e-06,0.06,79.0,36.5,0
35322,SO-1202,Head Constable Vivek Joshi,Head Constable,57,2026-07-20 14:30:14+00:00,81.0,88.0,,21.1811915,72.8015404,16.600000381469727,-0.977,-0.054,-0.145,,0.0,0.0,0.0,,,,,0.0,0.0,30.0,-1.1999999998124622e-05,1.2999999995599865e-05,0.23,88.0,36.5,0
35325,SO-1202,Head Constable Vivek Joshi,Head Constable,57,2026-07-20 14:30:44+00:00,82.0,75.0,,21.1811934,72.8015441,16.600000381469727,-0.979,-0.062,-0.141,,0.0,0.0,0.0,,,,,0.0,0.0,30.0,1.900000000887303e-06,3.700000007711424e-06,0.05,75.0,36.5,0
35328,SO-1202,Head Constable Vivek Joshi,Head Constable,57,2026-07-20 14:31:14+00:00,92.0,88.0,,21.1811929,72.8015384,16.600000381469727,-0.944,0.196,-0.229,,0.0,0.0,0.0,,,,,0.0,0.0,30.0,-5.00000002290335e-07,-5.700000002661909e-06,0.07,88.0,36.5,2
35331,SO-1202,Head Constable Vivek Joshi,Head Constable,57,2026-07-20 14:31:44+00:00,90.0,88.0,,21.1811929,72.8015388,16.600000381469727,-0.943,0.194,-0.217,,0.0,0.0,0.0,,,,,0.0,0.0,30.0,0.0,4.0000000467443897e-07,0.0,88.0,36.5,0
35333,SO-1202,Head Constable Vivek Joshi,Head Constable,57,2026-07-20 14:32:14+00:00,93.0,86.0,,21.1811939,72.8015367,16.600000381469727,-0.899,0.192,-0.326,,0.0,0.0,0.0,,,,,0.0,0.0,30.0,1.0000000010279564e-06,-2.1000000032245225e-06,0.03,86.0,36.5,2
35336,SO-1202,Head Constable Vivek Joshi,Head Constable,57,2026-07-20 14:32:44+00:00,94.0,88.0,,21.1811926,72.8015433,16.600000381469727,-0.907,0.199,-0.344,,0.0,0.0,0.0,,,,,0.0,0.0,30.0,-1.300000000981072e-06,6.600000006073969e-06,0.08,88.0,36.5,2
35338,SO-1202,Head Constable Vivek Joshi,Head Constable,57,2026-07-20 14:33:14+00:00,91.0,88.0,,21.181194,72.8015375,16.600000381469727,-0.76,0.304,-0.56,,0.0,0.0,0.0,,,,,0.0,0.0,30.0,1.4000000021496817e-06,-5.800000010935946e-06,0.07,88.0,36.5,2
35340,SO-1202,Head Constable Vivek Joshi,Head Constable,57,2026-07-20 14:33:44+00:00,93.0,88.0,,21.1811928,72.8015401,16.600000381469727,-0.761,0.249,-0.544,,0.0,0.0,0.0,,,,,0.0,0.0,30.0,-1.1999999998124622e-06,2.600000001962144e-06,0.04,88.0,36.5,2
35342,SO-1202,Head Constable Vivek Joshi,Head Constable,57,2026-07-20 14:34:14+00:00,91.0,88.0,,21.1811931,72.8015383,16.600000381469727,-0.851,0.271,-0.447,,0.0,0.0,0.0,,,,,0.0,0.0,30.0,2.999999999531156e-07,-1.799999992613266e-06,0.02,88.0,36.5,2
35344,SO-1202,Head Constable Vivek Joshi,Head Constable,57,2026-07-20 14:34:44+00:00,84.0,88.0,,21.1811929,72.80154,16.600000381469727,-0.84,0.269,-0.441,,0.0,0.0,0.0,,,,,0.0,0.0,30.0,-2.0000000233721948e-07,1.6999999985500835e-06,0.02,88.0,36.5,0
35346,SO-1202,Head Constable Vivek Joshi,Head Constable,57,2026-07-20 14:35:14+00:00,90.0,88.0,,21.1811927,72.8015438,16.600000381469727,-0.836,0.26,-0.457,,0.0,0.0,0.0,,,,,0.0,0.0,30.0,-1.999999987845058e-07,3.800000001774606e-06,0.05,88.0,36.5,0
35348,SO-1202,Head Constable Vivek Joshi,Head Constable,57,2026-07-20 14:35:44+00:00,83.0,79.0,,21.1811909,72.8015439,16.600000381469727,0.407,-0.841,0.363,,0.0,0.0,0.0,,,,,0.0,0.0,30.0,-1.7999999997186933e-06,9.999999406318238e-08,0.02,79.0,36.5,0
35350,SO-1202,Head Constable Vivek Joshi,Head Constable,57,2026-07-20 14:36:15+00:00,89.0,66.0,,21.1811986,72.8015333,16.600000381469727,-0.84,-0.184,0.515,,0.0,0.0,0.0,,,,,0.0,0.0,31.0,7.699999997612395e-06,-1.059999999597494e-05,0.16,66.0,36.5,0
35352,SO-1202,Head Constable Vivek Joshi,Head Constable,57,2026-07-20 14:36:45+00:00,85.0,85.0,,21.1812061,72.8015244,16.600000381469727,-0.833,-0.114,0.601,,0.0,0.0,0.0,,,,,0.0,0.0,30.0,7.500000002380602e-06,-8.899999997424857e-06,0.15,85.0,36.5,0
35354,SO-1202,Head Constable Vivek Joshi,Head Constable,57,2026-07-20 14:37:15+00:00,96.0,84.0,,21.18119,72.801538,16.600000381469727,-0.475,1.079,0.619,,0.0,0.0,0.0,,,,,0.0,0.0,30.0,-1.6099999999852344e-05,1.3599999988400668e-05,0.27,84.0,36.5,2
35356,SO-1202,Head Constable Vivek Joshi,Head Constable,57,2026-07-20 14:37:45+00:00,90.0,88.0,,21.1811906,72.8015488,16.600000381469727,-1.021,0.04,0.06,,0.0,0.0,0.0,,,,,0.0,0.0,30.0,5.999999999062311e-07,1.0800000012523014e-05,0.13,88.0,36.5,0
35358,SO-1202,Head Constable Vivek Joshi,Head Constable,57,2026-07-20 14:38:15+00:00,85.0,87.0,,21.1812013,72.80153,16.600000381469727,0.384,-0.879,0.277,,0.0,0.0,0.0,,,,,0.0,0.0,30.0,1.0700000000696264e-05,-1.880000000653581e-05,0.27,87.0,36.5,0
35360,SO-1202,Head Constable Vivek Joshi,Head Constable,57,2026-07-20 14:38:55+00:00,83.0,82.0,,21.1812173,72.8015105,16.600000381469727,-0.006,0.126,1.022,,0.0,0.0,0.0,,,,,0.0,0.0,40.0,1.5999999998683734e-05,-1.9499999993399797e-05,0.24,82.0,36.5,0
35363,SO-1202,Head Constable Vivek Joshi,Head Constable,57,2026-07-20 14:39:32+00:00,95.0,62.0,,21.1812016,72.80153,16.600000381469727,-0.804,-0.055,0.592,,0.0,0.0,0.0,,,,,0.0,0.0,37.0,-1.5699999998730618e-05,1.9499999993399797e-05,0.26,62.0,36.5,2
35365,SO-1202,Head Constable Vivek Joshi,Head Constable,57,2026-07-20 14:40:11+00:00,93.0,88.0,,21.1811927,72.8015434,16.600000381469727,-0.959,0.031,-0.375,,0.0,0.0,0.0,,,,,0.0,0.0,39.0,-8.90000000097757e-06,1.3400000000274304e-05,0.16,88.0,36.5,2
35367,SO-1202,Head Constable Vivek Joshi,Head Constable,57,2026-07-20 14:40:40+00:00,97.0,88.0,,21.1811926,72.8015433,16.600000381469727,-0.751,-0.089,0.069,,0.0,0.0,0.0,,,,,0.0,0.0,29.0,-1.0000000116860974e-07,-9.999999406318238e-08,0.0,88.0,36.5,2
35369,SO-1202,Head Constable Vivek Joshi,Head Constable,57,2026-07-20 14:41:10+00:00,84.0,88.0,,21.1811925,72.8015432,16.600000381469727,-0.826,-0.009,-0.327,,0.0,0.0,0.0,,,,,0.0,0.0,30.0,-9.999999761589606e-08,-1.000000082740371e-07,0.0,88.0,36.5,0
35371,SO-1202,Head Constable Vivek Joshi,Head Constable,57,2026-07-20 14:41:39+00:00,88.0,88.0,,21.1811884,72.8015518,16.600000381469727,-0.855,0.399,0.35,,0.0,0.0,0.0,,,,,0.0,0.0,29.0,-4.100000001727722e-06,8.600000001024455e-06,0.12,88.0,36.5,0
35373,SO-1202,Head Constable Vivek Joshi,Head Constable,57,2026-07-20 14:42:09+00:00,100.0,88.0,,21.1811906,72.8015482,16.600000381469727,-0.85,0.395,0.342,,0.0,0.0,0.0,,,,,0.0,0.0,30.0,2.2000000008404186e-06,-3.5999999994373866e-06,0.05,88.0,36.5,2
35375,SO-1202,Head Constable Vivek Joshi,Head Constable,57,2026-07-20 14:42:39+00:00,99.0,87.0,,21.1811919,72.8015456,16.600000381469727,-0.81,0.332,0.483,,0.0,0.0,0.0,,,,,0.0,0.0,30.0,1.300000000981072e-06,-2.600000001962144e-06,0.04,87.0,36.5,2
35377,SO-1202,Head Constable Vivek Joshi,Head Constable,57,2026-07-20 14:43:09+00:00,99.0,88.0,,21.1811925,72.8015432,16.600000381469727,-0.816,0.336,0.475,,0.0,0.0,0.0,,,,,0.0,0.0,30.0,5.999999999062311e-07,-2.3999999996249244e-06,0.03,88.0,36.5,2
35379,SO-1202,Head Constable Vivek Joshi,Head Constable,57,2026-07-20 14:43:40+00:00,86.0,88.0,,21.181191,72.8015309,16.600000381469727,-0.84,0.043,-0.541,,0.0,0.0,0.0,,,,,0.0,0.0,31.0,-1.5000000033182914e-06,-1.2299999994525024e-05,0.15,88.0,36.5,0
35381,SO-1202,Head Constable Vivek Joshi,Head Constable,57,2026-07-20 14:44:09+00:00,83.0,87.0,,21.1812,72.8015268,16.600000381469727,0.354,-0.921,-0.1,,0.0,0.0,0.0,,,,,0.0,0.0,29.0,9.00000000214618e-06,-4.099999998175008e-06,0.13,87.0,36.5,0
35383,SO-1202,Head Constable Vivek Joshi,Head Constable,57,2026-07-20 14:44:39+00:00,96.0,88.0,,21.1811931,72.8015271,16.600000381469727,0.365,-0.924,-0.067,,0.0,0.0,0.0,,,,,0.0,0.0,30.0,-6.899999998921658e-06,2.999999964004019e-07,0.09,88.0,36.5,2
35385,SO-1202,Head Constable Vivek Joshi,Head Constable,57,2026-07-20 14:45:09+00:00,83.0,87.0,,21.1811901,72.8015347,16.600000381469727,0.36,-0.925,0.031,,0.0,0.0,0.0,,,,,0.0,0.0,30.0,-3.000000003083869e-06,7.600000003549212e-06,0.1,87.0,36.5,0
35387,SO-1202,Head Constable Vivek Joshi,Head Constable,57,2026-07-20 14:45:39+00:00,89.0,88.0,,21.1811967,72.8015411,16.600000381469727,0.29,-0.926,0.217,,0.0,0.0,0.0,,,,,0.0,0.0,30.0,6.600000002521256e-06,6.399999989525895e-06,0.12,88.0,36.5,0
35389,SO-1202,Head Constable Vivek Joshi,Head Constable,57,2026-07-20 14:46:09+00:00,89.0,86.0,,21.1811964,72.8015413,16.600000381469727,0.391,-0.91,0.067,,0.0,0.0,0.0,,,,,0.0,0.0,30.0,-2.999999999531156e-07,2.0000000233721948e-07,0.0,86.0,36.5,0
35493,SO-1202,Head Constable Vivek Joshi,Head Constable,57,2026-07-20 15:32:54+00:00,86.0,88.0,,21.18119,72.8015448,16.600000381469727,-0.525,-0.137,-0.84,,0.0,0.0,0.0,,,,,0.0,0.0,2805.0,-6.400000000184036e-06,3.500000005374204e-06,0.0,88.0,36.5,0
35496,SO-1202,Head Constable Vivek Joshi,Head Constable,57,2026-07-20 15:33:25+00:00,89.0,89.0,,21.1811943,72.8015441,16.600000381469727,-0.609,0.021,-0.778,,0.0,0.0,0.0,,,,,0.0,0.0,31.0,4.300000000512227e-06,-7.000000010748408e-07,0.06,89.0,36.5,0
35499,SO-1202,Head Constable Vivek Joshi,Head Constable,57,2026-07-20 15:33:52+00:00,96.0,81.0,,21.1811917,72.8015386,16.600000381469727,-0.781,0.008,-0.592,,0.0,0.0,0.0,,,,,0.0,0.0,27.0,-2.600000001962144e-06,-5.50000000032469e-06,0.09,81.0,36.5,2
35502,SO-1202,Head Constable Vivek Joshi,Head Constable,57,2026-07-20 15:34:22+00:00,98.0,88.0,,21.1811941,72.8015362,16.600000381469727,-0.935,0.008,-0.277,,0.0,0.0,0.0,,,,,0.0,0.0,30.0,2.3999999996249244e-06,-2.3999999996249244e-06,0.04,88.0,36.5,2
35505,SO-1202,Head Constable Vivek Joshi,Head Constable,57,2026-07-20 15:34:51+00:00,93.0,84.0,,21.1811943,72.8015358,16.600000381469727,-0.888,-0.058,-0.405,,0.0,0.0,0.0,,,,,0.0,0.0,29.0,2.0000000233721948e-07,-4.0000000467443897e-07,0.01,84.0,36.5,2
35508,SO-1202,Head Constable Vivek Joshi,Head Constable,57,2026-07-20 15:35:21+00:00,88.0,85.0,,21.1811925,72.8015432,16.600000381469727,-0.542,0.01,-0.839,,0.0,0.0,0.0,,,,,0.0,0.0,30.0,-1.7999999997186933e-06,7.400000001211993e-06,0.09,85.0,36.5,0
35511,SO-1202,Head Constable Vivek Joshi,Head Constable,57,2026-07-20 15:35:51+00:00,81.0,86.0,,21.1811955,72.8015392,16.600000381469727,-1.431,0.772,0.234,,0.0,0.0,0.0,,,,,0.0,0.0,30.0,2.9999999995311555e-06,-4.0000000041118255e-06,0.06,86.0,36.5,0
35514,SO-1202,Head Constable Vivek Joshi,Head Constable,57,2026-07-20 15:36:22+00:00,90.0,88.0,,21.1811943,72.8015378,16.600000381469727,-0.725,0.223,0.615,,0.0,0.0,0.0,,,,,0.0,0.0,31.0,-1.1999999998124622e-06,-1.399999987938827e-06,0.02,88.0,36.5,0
35517,SO-1202,Head Constable Vivek Joshi,Head Constable,57,2026-07-20 15:36:52+00:00,93.0,87.0,,21.1811913,72.801548,16.600000381469727,-0.819,0.051,0.575,,0.0,0.0,0.0,,,,,0.0,0.0,30.0,-3.000000003083869e-06,1.01999999913005e-05,0.13,87.0,36.5,2
35520,SO-1202,Head Constable Vivek Joshi,Head Constable,57,2026-07-20 15:37:22+00:00,100.0,87.0,,21.1811896,72.8015424,16.600000381469727,-0.881,0.256,0.386,,0.0,0.0,0.0,,,,,0.0,0.0,30.0,-1.6999999985500835e-06,-5.599999994387872e-06,0.07,87.0,36.5,2
35523,SO-1202,Head Constable Vivek Joshi,Head Constable,57,2026-07-20 15:37:52+00:00,100.0,86.0,,21.1811936,72.801544,16.600000381469727,-0.939,0.202,0.281,,0.0,0.0,0.0,,,,,0.0,0.0,30.0,4.000000000559112e-06,1.6000000044869012e-06,0.06,86.0,36.5,2
35526,SO-1202,Head Constable Vivek Joshi,Head Constable,57,2026-07-20 15:38:22+00:00,87.0,86.0,,21.1811912,72.8015504,16.600000381469727,-0.945,0.247,0.167,,0.0,0.0,0.0,,,,,0.0,0.0,30.0,-2.3999999996249244e-06,6.399999989525895e-06,0.09,86.0,36.5,0
35529,SO-1202,Head Constable Vivek Joshi,Head Constable,57,2026-07-20 15:38:52+00:00,86.0,88.0,,21.1811916,72.801544,16.600000381469727,-0.949,0.235,0.173,,0.0,0.0,0.0,,,,,0.0,0.0,30.0,3.999999975690116e-07,-6.399999989525895e-06,0.08,88.0,36.5,0
35532,SO-1202,Head Constable Vivek Joshi,Head Constable,57,2026-07-20 15:39:22+00:00,99.0,85.0,,21.181194,72.801544,16.600000381469727,-1.075,0.158,0.037,,0.0,0.0,0.0,,,,,0.0,0.0,30.0,2.400000003177638e-06,0.0,0.03,85.0,36.5,2
35535,SO-1202,Head Constable Vivek Joshi,Head Constable,57,2026-07-20 15:39:52+00:00,95.0,88.0,,21.1811993,72.8015351,16.600000381469727,-0.637,0.193,-0.72,,0.0,0.0,0.0,,,,,0.0,0.0,30.0,5.29999999798747e-06,-8.900000011635711e-06,0.13,88.0,36.5,2
35538,SO-1202,Head Constable Vivek Joshi,Head Constable,57,2026-07-20 15:40:22+00:00,96.0,88.0,,21.1811918,72.8015432,16.600000381469727,-0.986,-0.159,0.732,,0.0,0.0,0.0,,,,,0.0,0.0,30.0,-7.499999998827889e-06,8.100000002286833e-06,0.14,88.0,36.5,2
35541,SO-1202,Head Constable Vivek Joshi,Head Constable,57,2026-07-20 15:40:52+00:00,84.0,88.0,,21.1812016,72.80153,16.600000381469727,-0.604,-0.386,-0.655,,0.0,0.0,0.0,,,,,0.0,0.0,30.0,9.800000000836915e-06,-1.3199999997937084e-05,0.21,88.0,36.5,0
35544,SO-1202,Head Constable Vivek Joshi,Head Constable,57,2026-07-20 15:41:22+00:00,87.0,88.0,,21.1812013,72.80153,16.600000381469727,-0.397,-0.059,-0.915,,0.0,0.0,0.0,,,,,0.0,0.0,30.0,-2.999999999531156e-07,0.0,0.0,88.0,36.5,0
35547,SO-1202,Head Constable Vivek Joshi,Head Constable,57,2026-07-20 15:41:53+00:00,87.0,88.0,,21.1811906,72.8015448,16.600000381469727,-0.719,-0.093,-0.73,,0.0,0.0,0.0,,,,,0.0,0.0,31.0,-1.0700000000696264e-05,1.4800000002423984e-05,0.23,88.0,36.5,0
35550,SO-1202,Head Constable Vivek Joshi,Head Constable,57,2026-07-20 15:42:28+00:00,87.0,89.0,,21.1811931,72.801542,16.600000381469727,-0.833,-0.067,-0.528,,0.0,0.0,0.0,,,,,0.0,0.0,35.0,2.500000000793534e-06,-2.8000000042993634e-06,0.04,89.0,36.5,0
35553,SO-1202,Head Constable Vivek Joshi,Head Constable,57,2026-07-20 15:42:58+00:00,95.0,88.0,,21.1811898,72.8015534,16.600000381469727,-0.79,-0.056,-0.458,,0.0,0.0,0.0,,,,,0.0,0.0,30.0,-3.3000000030369847e-06,1.1400000005323818e-05,0.15,88.0,36.5,2
35556,SO-1202,Head Constable Vivek Joshi,Head Constable,57,2026-07-20 15:43:28+00:00,86.0,88.0,,21.1811711,72.801506,13.499996185302734,-0.719,-0.051,-0.668,,0.0,0.0,0.0,,,,,0.0,0.0,30.0,-1.8699999998261777e-05,-4.739999999969768e-05,0.64,88.0,36.5,0
35559,SO-1202,Head Constable Vivek Joshi,Head Constable,57,2026-07-20 15:43:58+00:00,98.0,88.0,,21.1811925,72.8015424,16.600000381469727,-1.026,0.001,0.18,,0.0,0.0,0.0,,,,,0.0,0.0,30.0,2.1400000001392527e-05,3.6399999999048305e-05,0.53,88.0,36.5,2
35562,SO-1202,Head Constable Vivek Joshi,Head Constable,57,2026-07-20 15:44:28+00:00,88.0,83.0,,21.1811925,72.8015432,16.600000381469727,-0.556,-0.254,-0.771,,0.0,0.0,0.0,,,,,0.0,0.0,30.0,0.0,7.999999951380232e-07,0.01,83.0,36.5,0
35565,SO-1202,Head Constable Vivek Joshi,Head Constable,57,2026-07-20 15:44:58+00:00,85.0,88.0,,21.1811927,72.8015434,16.600000381469727,-0.879,-0.107,-0.429,,0.0,0.0,0.0,,,,,0.0,0.0,30.0,1.999999987845058e-07,2.0000000233721948e-07,0.0,88.0,36.5,0
35568,SO-1202,Head Constable Vivek Joshi,Head Constable,57,2026-07-20 15:45:28+00:00,88.0,88.0,,21.1811907,72.8015445,16.600000381469727,-0.755,-0.391,-0.623,,0.0,0.0,0.0,,,,,0.0,0.0,30.0,-2.0000000020559128e-06,1.1000000057492798e-06,0.03,88.0,36.5,0
35571,SO-1202,Head Constable Vivek Joshi,Head Constable,57,2026-07-20 15:45:58+00:00,96.0,88.0,,21.1811949,72.8015374,16.600000381469727,-0.854,-0.051,0.489,,0.0,0.0,0.0,,,,,0.0,0.0,30.0,4.200000002896331e-06,-7.100000004811591e-06,0.1,88.0,36.5,2
35574,SO-1202,Head Constable Vivek Joshi,Head Constable,57,2026-07-20 15:46:28+00:00,97.0,88.0,,21.1811919,72.8015435,16.600000381469727,-0.973,-0.148,0.042,,0.0,0.0,0.0,,,,,0.0,0.0,30.0,-2.9999999995311555e-06,6.099999993125493e-06,0.09,88.0,36.5,2
35578,SO-1202,Head Constable Vivek Joshi,Head Constable,57,2026-07-20 15:47:02+00:00,86.0,88.0,,21.1811933,72.8015439,16.600000381469727,-0.818,-0.106,0.577,,0.0,0.0,0.0,,,,,0.0,0.0,34.0,1.399999998596968e-06,4.0000000467443897e-07,0.02,88.0,36.5,0
35582,SO-1202,Head Constable Vivek Joshi,Head Constable,57,2026-07-20 15:47:42+00:00,93.0,84.0,,21.1811906,72.8015529,16.600000381469727,-0.871,-0.063,0.423,,0.0,0.0,0.0,,,,,0.0,0.0,40.0,-2.69999999957804e-06,9.000000005698894e-06,0.09,84.0,36.5,2
35585,SO-1202,Head Constable Vivek Joshi,Head Constable,57,2026-07-20 15:48:12+00:00,85.0,87.0,,21.181193,72.8015439,16.600000381469727,-0.502,-0.187,-0.861,,0.0,0.0,0.0,,,,,0.0,0.0,30.0,2.3999999996249244e-06,-9.000000005698894e-06,0.12,87.0,36.5,0
35588,SO-1202,Head Constable Vivek Joshi,Head Constable,57,2026-07-20 15:48:42+00:00,90.0,88.0,,21.1811857,72.8015571,16.600000381469727,-0.95,-0.184,-0.21,,0.0,0.0,0.0,,,,,0.0,0.0,30.0,-7.300000000043383e-06,1.3199999997937084e-05,0.19,88.0,36.5,0
35591,SO-1202,Head Constable Vivek Joshi,Head Constable,57,2026-07-20 15:49:12+00:00,95.0,87.0,,21.1811928,72.8015436,16.600000381469727,-0.963,-0.115,0.144,,0.0,0.0,0.0,,,,,0.0,0.0,30.0,7.100000001258877e-06,-1.3499999994337486e-05,0.19,87.0,36.5,2
35594,SO-1202,Head Constable Vivek Joshi,Head Constable,57,2026-07-20 15:49:42+00:00,100.0,88.0,,21.1811928,72.8015436,16.600000381469727,-0.926,-0.222,-0.268,,0.0,0.0,0.0,,,,,0.0,0.0,30.0,0.0,0.0,0.0,88.0,36.5,2
35598,SO-1202,Head Constable Vivek Joshi,Head Constable,57,2026-07-20 15:50:12+00:00,82.0,88.0,,21.1811928,72.8015436,16.600000381469727,-0.708,-0.093,0.714,,0.0,0.0,0.0,,,,,0.0,0.0,30.0,0.0,0.0,0.0,88.0,36.5,0
35602,SO-1202,Head Constable Vivek Joshi,Head Constable,57,2026-07-20 15:50:42+00:00,86.0,88.0,,21.1811923,72.8015433,16.600000381469727,-1.015,0.085,0.257,,0.0,0.0,0.0,,,,,0.0,0.0,30.0,-5.00000002290335e-07,-2.999999964004019e-07,0.01,88.0,36.5,0
35606,SO-1202,Head Constable Vivek Joshi,Head Constable,57,2026-07-20 15:51:12+00:00,98.0,83.0,,21.1811894,72.8015524,16.600000381469727,-0.682,0.033,0.591,,0.0,0.0,0.0,,,,,0.0,0.0,30.0,-2.8999999983625457e-06,9.099999999762076e-06,0.12,83.0,36.5,2
35610,SO-1202,Head Constable Vivek Joshi,Head Constable,57,2026-07-20 15:51:42+00:00,83.0,87.0,,21.1811933,72.8015385,16.600000381469727,-0.775,0.176,0.624,,0.0,0.0,0.0,,,,,0.0,0.0,30.0,3.899999999390502e-06,-1.3899999999011923e-05,0.18,87.0,36.5,0
35615,SO-1202,Head Constable Vivek Joshi,Head Constable,57,2026-07-20 15:52:15+00:00,96.0,88.0,,21.1811928,72.8015436,16.600000381469727,-0.837,0.132,0.502,,0.0,0.0,0.0,,,,,0.0,0.0,33.0,-4.999999987376214e-07,5.099999995650251e-06,0.06,88.0,36.5,2
35619,SO-1202,Head Constable Vivek Joshi,Head Constable,57,2026-07-20 15:52:45+00:00,91.0,88.0,,21.1811873,72.8015545,16.600000381469727,-1.023,0.123,-0.193,,0.0,0.0,0.0,,,,,0.0,0.0,30.0,-5.50000000032469e-06,1.0899999992375342e-05,0.15,88.0,36.5,2
35623,SO-1202,Head Constable Vivek Joshi,Head Constable,57,2026-07-20 15:53:15+00:00,91.0,88.0,,21.1811916,72.8015434,16.600000381469727,-0.985,0.201,-0.013,,0.0,0.0,0.0,,,,,0.0,0.0,30.0,4.299999996959514e-06,-1.1099999994712562e-05,0.15,88.0,36.5,2
35627,SO-1202,Head Constable Vivek Joshi,Head Constable,57,2026-07-20 15:53:45+00:00,88.0,89.0,,21.1811896,72.801553,16.600000381469727,-0.953,0.229,0.116,,0.0,0.0,0.0,,,,,0.0,0.0,30.0,-1.999999998503199e-06,9.599999998499698e-06,0.12,89.0,36.5,0
35630,SO-1202,Head Constable Vivek Joshi,Head Constable,57,2026-07-20 15:54:15+00:00,85.0,88.0,,21.1811952,72.8015364,16.600000381469727,-0.962,0.232,0.047,,0.0,0.0,0.0,,,,,0.0,0.0,30.0,5.600000001493299e-06,-1.659999999503725e-05,0.22,88.0,36.5,0
35635,SO-1202,Head Constable Vivek Joshi,Head Constable,57,2026-07-20 15:54:53+00:00,93.0,87.0,,21.1811936,72.8015386,16.600000381469727,0.293,-0.732,-0.847,,0.0,0.0,0.0,,,,,0.0,0.0,38.0,-1.6000000009341877e-06,2.199999997287705e-06,0.03,87.0,36.5,2
35639,SO-1202,Head Constable Vivek Joshi,Head Constable,57,2026-07-20 15:55:23+00:00,94.0,86.0,,21.1811925,72.8015432,16.600000381469727,-0.847,0.203,-0.805,,0.0,0.0,0.0,,,,,0.0,0.0,30.0,-1.0999999986438525e-06,4.599999996912629e-06,0.06,86.0,36.5,2
35645,SO-1202,Head Constable Vivek Joshi,Head Constable,57,2026-07-20 15:56:10+00:00,92.0,87.0,,21.1811939,72.8015367,16.600000381469727,-0.494,0.121,-0.776,,0.0,0.0,0.0,,,,,0.0,0.0,47.0,1.399999998596968e-06,-6.499999997799932e-06,0.05,87.0,36.5,2
35650,SO-1202,Head Constable Vivek Joshi,Head Constable,57,2026-07-20 15:56:51+00:00,91.0,88.0,,21.1811918,72.8015507,16.600000381469727,-0.787,-0.027,0.333,,0.0,0.0,0.0,,,,,0.0,0.0,41.0,-2.099999999671809e-06,1.4000000007285962e-05,0.13,88.0,36.5,2
35654,SO-1202,Head Constable Vivek Joshi,Head Constable,57,2026-07-20 15:57:29+00:00,85.0,88.0,,21.1811925,72.8015432,16.600000381469727,-0.863,0.331,-0.795,,0.0,0.0,0.0,,,,,0.0,0.0,38.0,7.000000010748408e-07,-7.50000000948603e-06,0.07,88.0,36.5,0
35658,SO-1202,Head Constable Vivek Joshi,Head Constable,57,2026-07-20 15:57:59+00:00,97.0,85.0,,21.1811911,72.8015439,16.600000381469727,-0.811,0.069,-0.516,,0.0,0.0,0.0,,,,,0.0,0.0,30.0,-1.4000000021496817e-06,7.000000010748408e-07,0.02,85.0,36.5,2
35662,SO-1202,Head Constable Vivek Joshi,Head Constable,57,2026-07-20 15:58:29+00:00,96.0,88.0,,21.181193,72.8015438,16.600000381469727,-0.971,0.066,-0.275,,0.0,0.0,0.0,,,,,0.0,0.0,30.0,1.900000000887303e-06,-9.999999406318238e-08,0.03,88.0,36.5,2
35666,SO-1202,Head Constable Vivek Joshi,Head Constable,57,2026-07-20 15:58:59+00:00,92.0,81.0,,21.1811931,72.8015388,16.600000381469727,-0.83,0.086,0.538,,0.0,0.0,0.0,,,,,0.0,0.0,30.0,1.0000000116860974e-07,-5.000000001587068e-06,0.06,81.0,36.5,2
35670,SO-1202,Head Constable Vivek Joshi,Head Constable,57,2026-07-20 15:59:29+00:00,91.0,88.0,,21.1811925,72.8015432,16.600000381469727,-0.893,0.047,-0.02,,0.0,0.0,0.0,,,,,0.0,0.0,30.0,-5.999999999062311e-07,4.39999999457541e-06,0.06,88.0,36.5,2
35674,SO-1202,Head Constable Vivek Joshi,Head Constable,57,2026-07-20 15:59:59+00:00,92.0,85.0,,21.1811947,72.8015384,16.600000381469727,-1.002,0.067,-0.036,,0.0,0.0,0.0,,,,,0.0,0.0,30.0,2.199999997287705e-06,-4.799999999249849e-06,0.07,85.0,36.5,2
35678,SO-1202,Head Constable Vivek Joshi,Head Constable,57,2026-07-20 16:00:32+00:00,92.0,87.0,,21.1811926,72.8015437,16.600000381469727,-0.928,0.104,-0.276,,0.0,0.0,0.0,,,,,0.0,0.0,33.0,-2.099999999671809e-06,5.29999999798747e-06,0.07,87.0,36.5,2
35682,SO-1202,Head Constable Vivek Joshi,Head Constable,57,2026-07-20 16:01:02+00:00,91.0,88.0,,21.1811925,72.8015432,16.600000381469727,-0.772,0.696,-0.334,,0.0,0.0,0.0,,,,,0.0,0.0,30.0,-9.999999761589606e-08,-4.999999987376214e-07,0.01,88.0,36.5,2
35686,SO-1202,Head Constable Vivek Joshi,Head Constable,57,2026-07-20 16:01:32+00:00,99.0,72.0,,21.1811915,72.8015494,16.600000381469727,-0.228,1.006,-0.068,,0.0,0.0,0.0,,,,,0.0,0.0,30.0,-1.0000000010279564e-06,6.2000000013995304e-06,0.08,72.0,36.5,2
35691,SO-1202,Head Constable Vivek Joshi,Head Constable,57,2026-07-20 16:02:02+00:00,88.0,,,21.181194,72.8015375,16.600000381469727,-0.75,0.595,-0.044,,0.0,0.0,0.0,,,,,0.0,0.0,30.0,2.500000000793534e-06,-1.190000000406144e-05,0.15,72.0,36.5,0
39472,SO-1202,Head Constable Vivek Joshi,Head Constable,57,2026-07-21 12:57:25+00:00,89.0,88.0,,21.1811991,72.8015344,16.600000381469727,-0.698,0.169,0.699,,0.0,0.0,0.0,,,,,0.0,0.0,75323.0,5.099999999202964e-06,-3.1000000006997652e-06,0.0,88.0,36.5,0
39477,SO-1202,Head Constable Vivek Joshi,Head Constable,57,2026-07-21 12:57:55+00:00,91.0,88.0,,21.1811944,72.8015442,16.600000381469727,0.092,0.423,-0.9,,0.0,0.0,0.0,,,,,0.0,0.0,30.0,-4.700000001633953e-06,9.800000000836915e-06,0.14,88.0,36.5,2
39482,SO-1202,Head Constable Vivek Joshi,Head Constable,57,2026-07-21 12:58:25+00:00,82.0,86.0,,21.1811939,72.8015367,16.600000381469727,-0.761,1.101,0.079,,0.0,0.0,0.0,,,,,0.0,0.0,30.0,-4.999999987376214e-07,-7.499999995275175e-06,0.09,86.0,36.5,0
39487,SO-1202,Head Constable Vivek Joshi,Head Constable,57,2026-07-21 12:58:55+00:00,89.0,86.0,,21.1811911,72.801544,16.600000381469727,-0.387,0.27,-0.805,,0.0,0.0,0.0,,,,,0.0,0.0,30.0,-2.8000000007466497e-06,7.30000000714881e-06,0.1,86.0,36.5,0
39567,SO-1202,Head Constable Vivek Joshi,Head Constable,57,2026-07-21 13:17:18+00:00,97.0,82.0,,21.1811618,72.8015798,16.600000381469727,-0.616,0.364,0.796,,0.0,0.0,0.0,,,,,0.0,0.0,1103.0,-2.9299999997789428e-05,3.5799999992036646e-05,0.0,82.0,36.5,2
39570,SO-1202,Head Constable Vivek Joshi,Head Constable,57,2026-07-21 13:17:48+00:00,84.0,88.0,,21.1811933,72.8015427,16.600000381469727,-0.516,0.015,-0.855,,0.0,0.0,0.0,,,,,0.0,0.0,30.0,3.1499999998629846e-05,-3.7100000000123146e-05,0.62,88.0,36.5,0
39573,SO-1202,Head Constable Vivek Joshi,Head Constable,57,2026-07-21 13:18:18+00:00,98.0,83.0,,21.1811762,72.8015662,16.600000381469727,-0.691,0.322,0.66,,0.0,0.0,0.0,,,,,0.0,0.0,30.0,-1.71000000008803e-05,2.3499999997511622e-05,0.37,83.0,36.5,2
39576,SO-1202,Head Constable Vivek Joshi,Head Constable,57,2026-07-21 13:18:48+00:00,93.0,88.0,,21.1811924,72.8015432,16.600000381469727,-0.763,-0.029,-0.615,,0.0,0.0,0.0,,,,,0.0,0.0,30.0,1.6200000001020953e-05,-2.2999999998774e-05,0.36,88.0,36.5,2
39579,SO-1202,Head Constable Vivek Joshi,Head Constable,57,2026-07-21 13:19:18+00:00,92.0,88.0,,21.181192,72.801545,16.600000381469727,-0.756,-0.044,-0.613,,0.0,0.0,0.0,,,,,0.0,0.0,30.0,-4.000000011217253e-07,1.8000000068241206e-06,0.02,88.0,36.5,2
39582,SO-1202,Head Constable Vivek Joshi,Head Constable,57,2026-07-21 13:19:48+00:00,90.0,88.0,,21.181141,72.8015951,16.600000381469727,-0.81,-0.036,-0.566,,0.0,0.0,0.0,,,,,0.0,0.0,30.0,-5.099999999913507e-05,5.009999999572301e-05,0.92,88.0,36.5,0
39585,SO-1202,Head Constable Vivek Joshi,Head Constable,57,2026-07-21 13:20:18+00:00,94.0,89.0,,21.1811922,72.8015419,16.600000381469727,-0.305,-0.208,-0.912,,0.0,0.0,0.0,,,,,0.0,0.0,30.0,5.120000000147229e-05,-5.3199999996422775e-05,0.95,89.0,36.5,2
39588,SO-1202,Head Constable Vivek Joshi,Head Constable,57,2026-07-21 13:20:48+00:00,100.0,88.0,,21.1811947,72.8015394,16.600000381469727,-0.585,-0.871,-0.258,,0.0,0.0,0.0,,,,,0.0,0.0,30.0,2.4999999972408204e-06,-2.5000000078989615e-06,0.05,88.0,36.5,2
39591,SO-1202,Head Constable Vivek Joshi,Head Constable,57,2026-07-21 13:21:18+00:00,88.0,88.0,,21.1811926,72.8015433,16.600000381469727,-0.876,0.142,0.098,,0.0,0.0,0.0,,,,,0.0,0.0,30.0,-2.099999999671809e-06,3.900000010048643e-06,0.06,88.0,36.5,0
39595,SO-1202,Head Constable Vivek Joshi,Head Constable,57,2026-07-21 13:21:51+00:00,100.0,88.0,,21.1811926,72.8015433,16.600000381469727,-0.923,0.46,0.236,,0.0,0.0,0.0,,,,,0.0,0.0,33.0,0.0,0.0,0.0,88.0,36.5,2
39597,SO-1202,Head Constable Vivek Joshi,Head Constable,57,2026-07-21 13:22:18+00:00,99.0,85.0,,21.1811925,72.8015433,16.600000381469727,-0.778,0.274,0.562,,0.0,0.0,0.0,,,,,0.0,0.0,27.0,-9.999999761589606e-08,0.0,0.0,85.0,36.5,2
39601,SO-1202,Head Constable Vivek Joshi,Head Constable,57,2026-07-21 13:22:48+00:00,97.0,83.0,,21.1811927,72.8015438,16.600000381469727,-0.55,0.075,-0.816,,0.0,0.0,0.0,,,,,0.0,0.0,30.0,1.999999987845058e-07,4.999999987376214e-07,0.01,83.0,36.5,2
39605,SO-1202,Head Constable Vivek Joshi,Head Constable,57,2026-07-21 13:23:18+00:00,89.0,86.0,,21.1811896,72.8015455,16.600000381469727,-0.946,0.313,0.09,,0.0,0.0,0.0,,,,,0.0,0.0,30.0,-3.1000000006997652e-06,1.6999999985500835e-06,0.05,86.0,36.5,0
39609,SO-1202,Head Constable Vivek Joshi,Head Constable,57,2026-07-21 13:23:48+00:00,92.0,88.0,,21.1811922,72.801542,16.600000381469727,-0.825,0.32,0.243,,0.0,0.0,0.0,,,,,0.0,0.0,30.0,2.600000001962144e-06,-3.500000005374204e-06,0.06,88.0,36.5,2
39613,SO-1202,Head Constable Vivek Joshi,Head Constable,57,2026-07-21 13:24:18+00:00,93.0,88.0,,21.1811926,72.8015433,16.600000381469727,-0.32,0.153,-0.913,,0.0,0.0,0.0,,,,,0.0,0.0,30.0,3.999999975690116e-07,1.3000000080864993e-06,0.02,88.0,36.5,2
39617,SO-1202,Head Constable Vivek Joshi,Head Constable,57,2026-07-21 13:24:48+00:00,85.0,87.0,,21.1812058,72.8015246,16.600000381469727,-0.74,0.043,0.668,,0.0,0.0,0.0,,,,,0.0,0.0,30.0,1.3200000001489798e-05,-1.870000001247263e-05,0.29,87.0,36.5,0
39621,SO-1202,Head Constable Vivek Joshi,Head Constable,57,2026-07-21 13:25:18+00:00,94.0,88.0,,21.1812145,72.8015143,16.600000381469727,-0.748,0.656,0.074,,0.0,0.0,0.0,,,,,0.0,0.0,30.0,8.699999998640351e-06,-1.0299999999574538e-05,0.17,88.0,36.5,2
39625,SO-1202,Head Constable Vivek Joshi,Head Constable,57,2026-07-21 13:25:48+00:00,100.0,88.0,,21.1811995,72.8015371,16.600000381469727,-0.845,0.532,0.115,,0.0,0.0,0.0,,,,,0.0,0.0,30.0,-1.4999999997655776e-05,2.2800000010647636e-05,0.35,88.0,36.5,2
39629,SO-1202,Head Constable Vivek Joshi,Head Constable,57,2026-07-21 13:26:18+00:00,88.0,88.0,,21.1811927,72.8015415,16.600000381469727,-0.945,0.256,0.056,,0.0,0.0,0.0,,,,,0.0,0.0,30.0,-6.8000000013057615e-06,4.39999999457541e-06,0.11,88.0,36.5,0
39633,SO-1202,Head Constable Vivek Joshi,Head Constable,57,2026-07-21 13:26:48+00:00,86.0,88.0,,21.1811943,72.8015378,16.600000381469727,-0.466,-0.248,-0.837,,0.0,0.0,0.0,,,,,0.0,0.0,30.0,1.6000000009341877e-06,-3.699999993500569e-06,0.05,88.0,36.5,0
39637,SO-1202,Head Constable Vivek Joshi,Head Constable,57,2026-07-21 13:27:18+00:00,82.0,87.0,,21.1811933,72.8015439,16.600000381469727,-0.491,-0.135,-0.834,,0.0,0.0,0.0,,,,,0.0,0.0,30.0,-1.0000000010279564e-06,6.099999993125493e-06,0.08,87.0,36.5,0
39641,SO-1202,Head Constable Vivek Joshi,Head Constable,57,2026-07-21 13:27:48+00:00,91.0,88.0,,21.1811936,72.8015405,16.600000381469727,-0.505,0.107,-0.835,,0.0,0.0,0.0,,,,,0.0,0.0,30.0,2.999999999531156e-07,-3.399999997100167e-06,0.04,88.0,36.5,2
39645,SO-1202,Head Constable Vivek Joshi,Head Constable,57,2026-07-21 13:28:18+00:00,96.0,85.0,,21.18119,72.8015448,16.600000381469727,-0.479,0.123,-0.864,,0.0,0.0,0.0,,,,,0.0,0.0,30.0,-3.5999999994373866e-06,4.300000000512227e-06,0.07,85.0,36.5,2
39648,SO-1202,Head Constable Vivek Joshi,Head Constable,57,2026-07-21 13:28:48+00:00,91.0,88.0,,21.1811936,72.801544,16.600000381469727,-0.769,0.149,-0.591,,0.0,0.0,0.0,,,,,0.0,0.0,30.0,3.5999999994373866e-06,-7.999999951380232e-07,0.05,88.0,36.5,2
39651,SO-1202,Head Constable Vivek Joshi,Head Constable,57,2026-07-21 13:29:18+00:00,86.0,84.0,,21.181193,72.8015438,16.600000381469727,-0.207,0.949,0.289,,0.0,0.0,0.0,,,,,0.0,0.0,30.0,-5.999999999062311e-07,-2.0000000233721948e-07,0.01,84.0,36.5,0
39654,SO-1202,Head Constable Vivek Joshi,Head Constable,57,2026-07-21 13:29:48+00:00,97.0,88.0,,21.1811924,72.8015432,16.600000381469727,-0.539,0.716,0.371,,0.0,0.0,0.0,,,,,0.0,0.0,30.0,-5.999999999062311e-07,-6.000000070116585e-07,0.01,88.0,36.5,2
39658,SO-1202,Head Constable Vivek Joshi,Head Constable,57,2026-07-21 13:30:18+00:00,91.0,86.0,,21.1811935,72.8015366,16.600000381469727,-0.141,0.933,-0.213,,0.0,0.0,0.0,,,,,0.0,0.0,30.0,1.0999999986438525e-06,-6.599999991863115e-06,0.08,86.0,36.5,2
39662,SO-1202,Head Constable Vivek Joshi,Head Constable,57,2026-07-21 13:30:48+00:00,93.0,88.0,,21.1811914,72.8015394,16.600000381469727,-0.677,-0.017,-0.777,,0.0,0.0,0.0,,,,,0.0,0.0,30.0,-2.099999999671809e-06,2.7999999900885086e-06,0.04,88.0,36.5,2
39666,SO-1202,Head Constable Vivek Joshi,Head Constable,57,2026-07-21 13:31:18+00:00,96.0,88.0,,21.1811412,72.8012317,21.600000381469727,-0.515,0.0,-0.574,,0.0,0.0,0.0,,,,,0.0,0.0,30.0,-5.0200000000444334e-05,-0.0003076999999933,3.88,88.0,36.5,2
39670,SO-1202,Head Constable Vivek Joshi,Head Constable,57,2026-07-21 13:31:48+00:00,90.0,86.0,,21.1812433,72.8013519,21.299999237060547,-0.751,0.177,-0.623,,0.0,0.0,0.0,,,,,0.0,0.0,30.0,0.0001020999999994,0.0001201999999977,2.02,86.0,36.5,0
39674,SO-1202,Head Constable Vivek Joshi,Head Constable,57,2026-07-21 13:32:18+00:00,95.0,77.0,,21.1811928,72.8015436,16.600000381469727,-0.909,0.355,0.269,,0.0,0.0,0.0,,,,,0.0,0.0,30.0,-5.0499999996844736e-05,0.000191700000002,2.47,77.0,36.5,2
39678,SO-1202,Head Constable Vivek Joshi,Head Constable,57,2026-07-21 13:32:48+00:00,93.0,88.0,,21.1811954,72.8015291,16.600000381469727,-0.941,0.3,-0.007,,0.0,0.0,0.0,,,,,0.0,0.0,30.0,2.59999999840943e-06,-1.4500000006023583e-05,0.18,88.0,36.5,2
39682,SO-1202,Head Constable Vivek Joshi,Head Constable,57,2026-07-21 13:33:18+00:00,94.0,88.0,,21.1811979,72.8015338,16.600000381469727,-0.239,0.157,0.873,,0.0,0.0,0.0,,,,,0.0,0.0,30.0,2.500000000793534e-06,4.700000005186666e-06,0.07,88.0,36.5,2
39685,SO-1202,Head Constable Vivek Joshi,Head Constable,57,2026-07-21 13:33:48+00:00,97.0,88.0,,21.1812095,72.8015129,16.600000381469727,-0.874,0.487,0.074,,0.0,0.0,0.0,,,,,0.0,0.0,30.0,1.160000000055561e-05,-2.089999999554948e-05,0.3,88.0,36.5,2
39689,SO-1202,Head Constable Vivek Joshi,Head Constable,57,2026-07-21 13:34:18+00:00,97.0,83.0,,21.1812234,72.8013965,21.299999237060547,-0.935,0.157,0.434,,0.0,0.0,0.0,,,,,0.0,0.0,30.0,1.3899999999011923e-05,-0.0001164000000102,1.46,83.0,36.5,2
39694,SO-1202,Head Constable Vivek Joshi,Head Constable,57,2026-07-21 13:34:52+00:00,86.0,85.0,,21.1812464,72.8014051,21.299999237060547,-0.771,0.442,0.468,,0.0,0.0,0.0,,,,,0.0,0.0,34.0,2.2999999998774e-05,8.600000001024455e-06,0.29,85.0,36.5,0
39698,SO-1202,Head Constable Vivek Joshi,Head Constable,57,2026-07-21 13:35:22+00:00,92.0,88.0,,21.1812245,72.801346,21.299999237060547,-0.803,0.311,0.475,,0.0,0.0,0.0,,,,,0.0,0.0,30.0,-2.190000000013015e-05,-5.9100000001421904e-05,0.79,88.0,36.5,2
39702,SO-1202,Head Constable Vivek Joshi,Head Constable,57,2026-07-21 13:35:52+00:00,86.0,88.0,,21.181213,72.8014278,21.299999237060547,-0.784,0.384,0.494,,0.0,0.0,0.0,,,,,0.0,0.0,30.0,-1.1499999999387e-05,8.18000000037955e-05,1.03,88.0,36.5,0
39706,SO-1202,Head Constable Vivek Joshi,Head Constable,57,2026-07-21 13:36:22+00:00,92.0,88.0,,21.1812039,72.8015221,16.600000381469727,-0.763,0.418,0.498,,0.0,0.0,0.0,,,,,0.0,0.0,30.0,-9.099999999762076e-06,9.430000000065776e-05,1.18,88.0,36.5,2
39709,SO-1202,Head Constable Vivek Joshi,Head Constable,57,2026-07-21 13:36:52+00:00,91.0,88.0,,21.1812097,72.8014787,16.600000381469727,-0.259,-0.5,0.794,,0.0,0.0,0.0,,,,,0.0,0.0,30.0,5.800000000277805e-06,-4.339999999558586e-05,0.54,88.0,36.5,2
39712,SO-1202,Head Constable Vivek Joshi,Head Constable,57,2026-07-21 13:37:22+00:00,93.0,88.0,,21.1812025,72.8012769,21.399999618530273,-0.911,0.188,0.39,,0.0,0.0,0.0,,,,,0.0,0.0,30.0,-7.199999998874773e-06,-0.0002017999999992,2.51,88.0,36.5,2
39715,SO-1202,Head Constable Vivek Joshi,Head Constable,57,2026-07-21 13:37:52+00:00,82.0,88.0,,21.1811961,72.8015135,16.600000381469727,-0.674,0.529,0.498,,0.0,0.0,0.0,,,,,0.0,0.0,30.0,-6.400000000184036e-06,0.0002365999999938,2.94,88.0,36.5,0
39718,SO-1202,Head Constable Vivek Joshi,Head Constable,57,2026-07-21 13:38:22+00:00,85.0,86.0,,21.1812056,72.8014837,16.600000381469727,-0.762,0.439,0.457,,0.0,0.0,0.0,,,,,0.0,0.0,30.0,9.499999997331088e-06,-2.9799999992974335e-05,0.39,86.0,36.5,0
39721,SO-1202,Head Constable Vivek Joshi,Head Constable,57,2026-07-21 13:38:52+00:00,87.0,87.0,,21.1812115,72.8014215,21.299999237060547,-0.734,0.497,0.458,,0.0,0.0,0.0,,,,,0.0,0.0,30.0,5.900000001446415e-06,-6.220000000212167e-05,0.78,87.0,36.5,0
39724,SO-1202,Head Constable Vivek Joshi,Head Constable,57,2026-07-21 13:39:22+00:00,95.0,88.0,,21.1811991,72.8015103,16.600000381469727,-0.957,-0.087,-0.216,,0.0,0.0,0.0,,,,,0.0,0.0,30.0,-1.2399999999246347e-05,8.880000000033306e-05,1.12,88.0,36.5,2
39729,SO-1202,Head Constable Vivek Joshi,Head Constable,57,2026-07-21 13:40:01+00:00,86.0,88.0,,21.1811961,72.8015156,16.600000381469727,-1.001,0.13,-0.162,,0.0,0.0,0.0,,,,,0.0,0.0,39.0,-2.9999999995311555e-06,5.29999999798747e-06,0.06,88.0,36.5,0
39733,SO-1202,Head Constable Vivek Joshi,Head Constable,57,2026-07-21 13:40:31+00:00,94.0,85.0,,21.1812019,72.8015204,16.600000381469727,-0.966,0.097,0.193,,0.0,0.0,0.0,,,,,0.0,0.0,30.0,5.800000000277805e-06,4.799999999249849e-06,0.1,85.0,36.5,2
39737,SO-1202,Head Constable Vivek Joshi,Head Constable,57,2026-07-21 13:41:01+00:00,91.0,88.0,,21.1812055,72.8014171,21.299999237060547,-0.846,0.341,0.419,,0.0,0.0,0.0,,,,,0.0,0.0,30.0,3.5999999994373866e-06,-0.0001033000000063,1.28,88.0,36.5,2
39740,SO-1202,Head Constable Vivek Joshi,Head Constable,57,2026-07-21 13:41:31+00:00,86.0,88.0,,21.1812028,72.8014824,21.299999237060547,-0.847,0.353,0.409,,0.0,0.0,0.0,,,,,0.0,0.0,30.0,-2.69999999957804e-06,6.530000000282143e-05,0.81,88.0,36.5,0
39742,SO-1202,Head Constable Vivek Joshi,Head Constable,57,2026-07-21 13:42:01+00:00,86.0,88.0,,21.1812272,72.8014228,21.299999237060547,-0.829,0.366,0.39,,0.0,0.0,0.0,,,,,0.0,0.0,30.0,2.439999999737097e-05,-5.9600000000159525e-05,0.81,88.0,36.5,0
39745,SO-1202,Head Constable Vivek Joshi,Head Constable,57,2026-07-21 13:42:31+00:00,88.0,84.0,,21.1812125,72.8015185,16.600000381469727,-0.833,0.398,0.374,,0.0,0.0,0.0,,,,,0.0,0.0,30.0,-1.4699999997702662e-05,9.570000000280744e-05,1.2,84.0,36.5,0
39750,SO-1202,Head Constable Vivek Joshi,Head Constable,57,2026-07-21 13:43:01+00:00,90.0,88.0,,21.1812075,72.8014966,16.600000381469727,-0.835,0.381,0.412,,0.0,0.0,0.0,,,,,0.0,0.0,30.0,-5.000000001587068e-06,-2.1900000007235576e-05,0.28,88.0,36.5,0
39754,SO-1202,Head Constable Vivek Joshi,Head Constable,57,2026-07-21 13:43:31+00:00,94.0,88.0,,21.1811914,72.8015393,16.600000381469727,-0.792,0.46,0.398,,0.0,0.0,0.0,,,,,0.0,0.0,30.0,-1.6099999999852344e-05,4.270000000872187e-05,0.57,88.0,36.5,2
39758,SO-1202,Head Constable Vivek Joshi,Head Constable,57,2026-07-21 13:44:01+00:00,89.0,88.0,,21.1812471,72.8014808,16.600000381469727,-0.822,0.4,0.409,,0.0,0.0,0.0,,,,,0.0,0.0,30.0,5.570000000076902e-05,-5.85000000086211e-05,1.04,88.0,36.5,0
39761,SO-1202,Head Constable Vivek Joshi,Head Constable,57,2026-07-21 13:44:31+00:00,85.0,88.0,,21.1811988,72.8015096,16.600000381469727,-0.959,0.192,0.204,,0.0,0.0,0.0,,,,,0.0,0.0,30.0,-4.829999999955703e-05,2.8800000009709947e-05,0.74,88.0,36.5,0
39764,SO-1202,Head Constable Vivek Joshi,Head Constable,57,2026-07-21 13:45:09+00:00,95.0,88.0,,21.1812031,72.8015167,16.600000381469727,-1.08,0.117,0.362,,0.0,0.0,0.0,,,,,0.0,0.0,38.0,4.300000000512227e-06,7.099999990600736e-06,0.08,88.0,36.5,2
39769,SO-1202,Head Constable Vivek Joshi,Head Constable,57,2026-07-21 13:45:39+00:00,91.0,87.0,,21.1812061,72.8014925,16.600000381469727,-1.619,0.041,0.289,,0.0,0.0,0.0,,,,,0.0,0.0,30.0,2.9999999995311555e-06,-2.4199999998586463e-05,0.3,87.0,36.5,2
39773,SO-1202,Head Constable Vivek Joshi,Head Constable,57,2026-07-21 13:46:09+00:00,92.0,85.0,,21.1812914,72.8013998,16.600000381469727,-1.167,0.312,-0.05,,0.0,0.0,0.0,,,,,0.0,0.0,30.0,8.529999999851157e-05,-9.269999999617085e-05,1.62,85.0,36.5,2
39778,SO-1202,Head Constable Vivek Joshi,Head Constable,57,2026-07-21 13:46:39+00:00,98.0,86.0,,21.1812039,72.8015066,16.600000381469727,-0.482,0.833,0.198,,0.0,0.0,0.0,,,,,0.0,0.0,30.0,-8.749999999935199e-05,0.0001067999999975,1.77,86.0,36.5,2
39783,SO-1202,Head Constable Vivek Joshi,Head Constable,57,2026-07-21 13:47:09+00:00,87.0,88.0,,21.1811915,72.8015297,16.600000381469727,-0.695,0.46,-0.039,,0.0,0.0,0.0,,,,,0.0,0.0,30.0,-1.2399999999246347e-05,2.310000000704804e-05,0.33,88.0,36.5,0
39787,SO-1202,Head Constable Vivek Joshi,Head Constable,57,2026-07-21 13:47:39+00:00,95.0,88.0,,21.1811903,72.8015301,16.600000381469727,-0.809,0.208,0.398,,0.0,0.0,0.0,,,,,0.0,0.0,30.0,-1.1999999998124622e-06,3.9999999046358425e-07,0.02,88.0,36.5,2
39793,SO-1202,Head Constable Vivek Joshi,Head Constable,57,2026-07-21 13:48:09+00:00,87.0,84.0,,21.1811952,72.8015302,16.600000381469727,-0.747,0.661,0.044,,0.0,0.0,0.0,,,,,0.0,0.0,30.0,4.9000000004184585e-06,1.000000082740371e-07,0.07,84.0,36.5,0
39797,SO-1202,Head Constable Vivek Joshi,Head Constable,57,2026-07-21 13:48:39+00:00,89.0,87.0,,21.1811911,72.8015501,16.600000381469727,-0.294,1.383,-0.105,,0.0,0.0,0.0,,,,,0.0,0.0,30.0,-4.100000001727722e-06,1.9899999998074236e-05,0.25,87.0,36.5,0
39801,SO-1202,Head Constable Vivek Joshi,Head Constable,57,2026-07-21 13:49:09+00:00,89.0,56.0,,21.1811252,72.8010984,14.699996948242188,-0.143,-0.694,0.75,,0.0,0.0,0.0,,,,,0.0,0.0,30.0,-6.589999999917495e-05,-0.0004516999999992,5.68,56.0,36.5,1
39806,SO-1202,Head Constable Vivek Joshi,Head Constable,57,2026-07-21 13:49:39+00:00,83.0,88.0,,21.1811248,72.8010981,14.699996948242188,-0.93,-0.314,-0.097,,0.0,0.0,0.0,,,,,0.0,0.0,30.0,-4.000000011217253e-07,-2.999999964004019e-07,0.01,88.0,36.5,0
39812,SO-1202,Head Constable Vivek Joshi,Head Constable,57,2026-07-21 13:50:15+00:00,97.0,85.0,,21.1811254,72.801098,14.699996948242188,-0.385,0.943,-0.022,,0.0,0.0,0.0,,,,,0.0,0.0,36.0,5.999999999062311e-07,-1.000000082740371e-07,0.01,85.0,36.5,2
39822,SO-1202,Head Constable Vivek Joshi,Head Constable,57,2026-07-21 13:51:21+00:00,87.0,80.0,,21.1811575,72.8014275,16.600000381469727,-0.183,0.981,-0.23,,0.0,0.0,0.0,,,,,0.0,0.0,66.0,3.210000000208879e-05,0.0003295000000065,1.87,80.0,36.5,0
39827,SO-1202,Head Constable Vivek Joshi,Head Constable,57,2026-07-21 13:51:51+00:00,93.0,68.0,,21.1811918,72.8015286,16.600000381469727,-0.305,0.96,-0.157,,0.0,0.0,0.0,,,,,0.0,0.0,30.0,3.4299999999376496e-05,0.0001010999999948,1.34,68.0,36.5,2
39831,SO-1202,Head Constable Vivek Joshi,Head Constable,57,2026-07-21 13:52:21+00:00,90.0,88.0,,21.1811925,72.8015433,16.600000381469727,-0.963,-0.183,-0.189,,0.0,0.0,0.0,,,,,0.0,0.0,30.0,7.000000010748408e-07,1.4700000008360805e-05,0.18,88.0,36.5,0
39835,SO-1202,Head Constable Vivek Joshi,Head Constable,57,2026-07-21 13:52:51+00:00,95.0,88.0,,21.1811933,72.8015439,16.600000381469727,-0.815,-0.142,-0.692,,0.0,0.0,0.0,,,,,0.0,0.0,30.0,7.999999986907369e-07,5.999999928008037e-07,0.01,88.0,36.5,2
39839,SO-1202,Head Constable Vivek Joshi,Head Constable,57,2026-07-21 13:53:21+00:00,93.0,87.0,,21.1811951,72.8015308,16.600000381469727,-0.666,-0.114,-0.794,,0.0,0.0,0.0,,,,,0.0,0.0,30.0,1.7999999997186933e-06,-1.3100000003873902e-05,0.16,87.0,36.5,2
39843,SO-1202,Head Constable Vivek Joshi,Head Constable,57,2026-07-21 13:53:51+00:00,91.0,88.0,,21.181193,72.8015438,16.600000381469727,-0.66,-0.084,-0.708,,0.0,0.0,0.0,,,,,0.0,0.0,30.0,-2.099999999671809e-06,1.300000000981072e-05,0.16,88.0,36.5,2
39848,SO-1202,Head Constable Vivek Joshi,Head Constable,57,2026-07-21 13:54:21+00:00,84.0,88.0,,21.1811936,72.801544,16.600000381469727,-0.67,-0.087,-0.721,,0.0,0.0,0.0,,,,,0.0,0.0,30.0,5.999999999062311e-07,2.0000000233721948e-07,0.01,88.0,36.5,0
39853,SO-1202,Head Constable Vivek Joshi,Head Constable,57,2026-07-21 13:54:51+00:00,90.0,87.0,,21.1811933,72.8015439,16.600000381469727,-0.752,-0.084,-0.623,,0.0,0.0,0.0,,,,,0.0,0.0,30.0,-2.999999999531156e-07,-1.000000082740371e-07,0.0,87.0,36.5,0
39859,SO-1202,Head Constable Vivek Joshi,Head Constable,57,2026-07-21 13:55:26+00:00,91.0,88.0,,21.1811927,72.8015434,16.600000381469727,-0.648,-0.172,-0.779,,0.0,0.0,0.0,,,,,0.0,0.0,35.0,-5.999999999062311e-07,-4.999999987376214e-07,0.01,88.0,36.5,2
39864,SO-1202,Head Constable Vivek Joshi,Head Constable,57,2026-07-21 13:55:56+00:00,88.0,87.0,,21.1811936,72.801544,16.600000381469727,-0.879,-0.161,-0.432,,0.0,0.0,0.0,,,,,0.0,0.0,30.0,8.999999998593466e-07,6.000000070116585e-07,0.01,87.0,36.5,0
39869,SO-1202,Head Constable Vivek Joshi,Head Constable,57,2026-07-21 13:56:26+00:00,93.0,88.0,,21.1811933,72.8015439,16.600000381469727,-0.874,-0.126,-0.49,,0.0,0.0,0.0,,,,,0.0,0.0,30.0,-2.999999999531156e-07,-1.000000082740371e-07,0.0,88.0,36.5,2
39874,SO-1202,Head Constable Vivek Joshi,Head Constable,57,2026-07-21 13:56:56+00:00,91.0,86.0,,21.181193,72.8015438,16.600000381469727,-0.883,-0.116,-0.41,,0.0,0.0,0.0,,,,,0.0,0.0,30.0,-2.999999999531156e-07,-9.999999406318238e-08,0.0,86.0,36.5,2
39879,SO-1202,Head Constable Vivek Joshi,Head Constable,57,2026-07-21 13:57:26+00:00,94.0,88.0,,21.1811996,72.8015299,16.600000381469727,-0.524,-0.586,-0.462,,0.0,0.0,0.0,,,,,0.0,0.0,30.0,6.599999998968542e-06,-1.3899999999011923e-05,0.19,88.0,36.5,2
39884,SO-1202,Head Constable Vivek Joshi,Head Constable,57,2026-07-21 13:57:56+00:00,89.0,88.0,,21.1811926,72.8015433,16.600000381469727,-0.663,-0.146,-0.634,,0.0,0.0,0.0,,,,,0.0,0.0,30.0,-7.000000000090267e-06,1.3400000000274304e-05,0.19,88.0,36.5,0
39889,SO-1202,Head Constable Vivek Joshi,Head Constable,57,2026-07-21 13:58:26+00:00,93.0,88.0,,21.1811933,72.8015439,16.600000381469727,-0.774,-0.377,-0.393,,0.0,0.0,0.0,,,,,0.0,0.0,30.0,7.000000010748408e-07,5.999999928008037e-07,0.01,88.0,36.5,2
39894,SO-1202,Head Constable Vivek Joshi,Head Constable,57,2026-07-21 13:58:56+00:00,96.0,86.0,,21.1812002,72.8015323,16.600000381469727,-0.256,0.99,-0.37,,0.0,0.0,0.0,,,,,0.0,0.0,30.0,6.899999998921658e-06,-1.1599999993450185e-05,0.17,86.0,36.5,2
39899,SO-1202,Head Constable Vivek Joshi,Head Constable,57,2026-07-21 13:59:26+00:00,87.0,88.0,,21.1811959,72.8015364,16.600000381469727,-1.058,0.088,-0.337,,0.0,0.0,0.0,,,,,0.0,0.0,30.0,-4.300000000512227e-06,4.099999998175008e-06,0.08,88.0,36.5,0
39904,SO-1202,Head Constable Vivek Joshi,Head Constable,57,2026-07-21 13:59:56+00:00,87.0,57.0,,21.1811253,72.8010979,14.699996948242188,-0.438,0.721,-0.388,,0.0,0.0,0.0,,,,,0.0,0.0,30.0,-7.059999999725619e-05,-0.0004385000000013,5.53,57.0,36.5,1
39910,SO-1202,Head Constable Vivek Joshi,Head Constable,57,2026-07-21 14:00:26+00:00,94.0,84.0,,21.1811252,72.8010983,14.699996948242188,-0.716,0.685,-0.106,,0.0,0.0,0.0,,,,,0.0,0.0,30.0,-1.0000000116860974e-07,4.0000000467443897e-07,0.01,84.0,36.5,2
39914,SO-1202,Head Constable Vivek Joshi,Head Constable,57,2026-07-21 14:00:56+00:00,87.0,87.0,,21.1811489,72.801355,16.600000381469727,-0.55,-0.227,-1.083,,0.0,0.0,0.0,,,,,0.0,0.0,30.0,2.369999999984884e-05,0.0002566999999942,3.2,87.0,36.5,0
39919,SO-1202,Head Constable Vivek Joshi,Head Constable,57,2026-07-21 14:01:26+00:00,84.0,80.0,,21.1811925,72.8015436,16.600000381469727,-0.458,0.983,0.238,,0.0,0.0,0.0,,,,,0.0,0.0,30.0,4.360000000147579e-05,0.0001886000000013,2.41,80.0,36.5,0
39924,SO-1202,Head Constable Vivek Joshi,Head Constable,57,2026-07-21 14:01:56+00:00,88.0,84.0,,21.1811957,72.80154,16.600000381469727,-0.896,0.264,0.352,,0.0,0.0,0.0,,,,,0.0,0.0,30.0,3.1999999983156613e-06,-3.5999999994373866e-06,0.06,84.0,36.5,0
39929,SO-1202,Head Constable Vivek Joshi,Head Constable,57,2026-07-21 14:02:26+00:00,88.0,82.0,,21.1811926,72.8015437,16.600000381469727,-0.678,-0.686,-0.132,,0.0,0.0,0.0,,,,,0.0,0.0,30.0,-3.1000000006997652e-06,3.699999993500569e-06,0.06,82.0,36.5,0
39934,SO-1202,Head Constable Vivek Joshi,Head Constable,57,2026-07-21 14:02:56+00:00,91.0,87.0,,21.1811927,72.801544,16.600000381469727,-0.485,-0.584,0.621,,0.0,0.0,0.0,,,,,0.0,0.0,30.0,1.0000000116860974e-07,3.000000106112566e-07,0.0,87.0,36.5,2
39939,SO-1202,Head Constable Vivek Joshi,Head Constable,57,2026-07-21 14:03:26+00:00,89.0,85.0,,21.1811937,72.8015376,16.600000381469727,-0.86,0.261,0.444,,0.0,0.0,0.0,,,,,0.0,0.0,30.0,1.0000000010279564e-06,-6.40000000373675e-06,0.08,85.0,36.5,0
39944,SO-1202,Head Constable Vivek Joshi,Head Constable,57,2026-07-21 14:03:56+00:00,86.0,84.0,,21.1811925,72.8015436,16.600000381469727,-0.875,0.235,0.415,,0.0,0.0,0.0,,,,,0.0,0.0,30.0,-1.1999999998124622e-06,5.999999999062311e-06,0.08,84.0,36.5,0
39949,SO-1202,Head Constable Vivek Joshi,Head Constable,57,2026-07-21 14:04:26+00:00,91.0,88.0,,21.1811927,72.8015434,16.600000381469727,-0.895,0.24,0.36,,0.0,0.0,0.0,,,,,0.0,0.0,30.0,1.999999987845058e-07,-2.0000000233721948e-07,0.0,88.0,36.5,2
39954,SO-1202,Head Constable Vivek Joshi,Head Constable,57,2026-07-21 14:04:56+00:00,82.0,88.0,,21.181199,72.8015314,16.600000381469727,-0.936,0.157,-0.259,,0.0,0.0,0.0,,,,,0.0,0.0,30.0,6.2999999990154265e-06,-1.1999999998124622e-05,0.17,88.0,36.5,0
39959,SO-1202,Head Constable Vivek Joshi,Head Constable,57,2026-07-21 14:05:26+00:00,85.0,88.0,,21.1811926,72.8015437,16.600000381469727,-0.99,0.056,0.01,,0.0,0.0,0.0,,,,,0.0,0.0,30.0,-6.400000000184036e-06,1.2299999994525024e-05,0.17,88.0,36.5,0
39964,SO-1202,Head Constable Vivek Joshi,Head Constable,57,2026-07-21 14:05:56+00:00,95.0,52.0,,21.1811933,72.8015385,16.600000381469727,-0.983,0.058,0.02,,0.0,0.0,0.0,,,,,0.0,0.0,30.0,7.000000010748408e-07,-5.199999989713433e-06,0.07,52.0,36.5,2
39969,SO-1202,Head Constable Vivek Joshi,Head Constable,57,2026-07-21 14:06:27+00:00,92.0,88.0,,21.1811927,72.8015438,16.600000381469727,-0.478,0.828,-0.248,,0.0,0.0,0.0,,,,,0.0,0.0,31.0,-5.999999999062311e-07,5.29999999798747e-06,0.06,88.0,36.5,2
39974,SO-1202,Head Constable Vivek Joshi,Head Constable,57,2026-07-21 14:06:56+00:00,91.0,84.0,,21.1811927,72.8015434,16.600000381469727,-0.968,0.065,-0.292,,0.0,0.0,0.0,,,,,0.0,0.0,29.0,0.0,-4.0000000467443897e-07,0.01,84.0,36.5,2
39979,SO-1202,Head Constable Vivek Joshi,Head Constable,57,2026-07-21 14:07:26+00:00,93.0,88.0,,21.181193,72.8015438,16.600000381469727,-0.947,-0.091,0.348,,0.0,0.0,0.0,,,,,0.0,0.0,30.0,2.999999999531156e-07,4.0000000467443897e-07,0.01,88.0,36.5,2
39985,SO-1202,Head Constable Vivek Joshi,Head Constable,57,2026-07-21 14:07:59+00:00,99.0,86.0,,21.1811942,72.8015442,16.600000381469727,-0.736,0.603,0.301,,0.0,0.0,0.0,,,,,0.0,0.0,33.0,1.1999999998124622e-06,3.9999999046358425e-07,0.02,86.0,36.5,2
39989,SO-1202,Head Constable Vivek Joshi,Head Constable,57,2026-07-21 14:08:36+00:00,88.0,88.0,,21.1811943,72.8015441,16.600000381469727,-0.471,0.759,-0.443,,0.0,0.0,0.0,,,,,0.0,0.0,37.0,1.0000000116860974e-07,-9.999999406318238e-08,0.0,88.0,36.5,0
39994,SO-1202,Head Constable Vivek Joshi,Head Constable,57,2026-07-21 14:09:20+00:00,83.0,85.0,,21.181193,72.8015439,16.600000381469727,-0.848,-0.012,-0.413,,0.0,0.0,0.0,,,,,0.0,0.0,44.0,-1.300000000981072e-06,-2.0000000233721948e-07,0.01,85.0,36.5,0
40000,SO-1202,Head Constable Vivek Joshi,Head Constable,57,2026-07-21 14:10:00+00:00,92.0,88.0,,21.1811925,72.8015433,16.600000381469727,-0.799,0.195,-0.362,,0.0,0.0,0.0,,,,,0.0,0.0,40.0,-4.999999987376214e-07,-5.999999928008037e-07,0.01,88.0,36.5,2
40005,SO-1202,Head Constable Vivek Joshi,Head Constable,57,2026-07-21 14:10:30+00:00,91.0,88.0,,21.1812022,72.8015326,16.600000381469727,-0.462,0.01,-0.873,,0.0,0.0,0.0,,,,,0.0,0.0,30.0,9.699999999668307e-06,-1.0700000004248976e-05,0.19,88.0,36.5,2
40010,SO-1202,Head Constable Vivek Joshi,Head Constable,57,2026-07-21 14:11:00+00:00,87.0,88.0,,21.1811929,72.8015345,16.600000381469727,-0.929,0.077,0.461,,0.0,0.0,0.0,,,,,0.0,0.0,30.0,-9.300000002099296e-06,1.900000000887303e-06,0.13,88.0,36.5,0
40015,SO-1202,Head Constable Vivek Joshi,Head Constable,57,2026-07-21 14:11:30+00:00,94.0,88.0,,21.1811926,72.8015437,16.600000381469727,-0.448,-0.036,-0.858,,0.0,0.0,0.0,,,,,0.0,0.0,30.0,-2.999999999531156e-07,9.19999999382526e-06,0.11,88.0,36.5,2
40020,SO-1202,Head Constable Vivek Joshi,Head Constable,57,2026-07-21 14:12:00+00:00,89.0,88.0,,21.1811931,72.8015379,16.600000381469727,-0.358,0.005,-0.914,,0.0,0.0,0.0,,,,,0.0,0.0,30.0,5.00000002290335e-07,-5.7999999967250915e-06,0.07,88.0,36.5,0
40025,SO-1202,Head Constable Vivek Joshi,Head Constable,57,2026-07-21 14:12:30+00:00,92.0,88.0,,21.1811925,72.8015434,16.600000381469727,-0.152,-0.05,-0.974,,0.0,0.0,0.0,,,,,0.0,0.0,30.0,-5.999999999062311e-07,5.50000000032469e-06,0.07,88.0,36.5,2
40030,SO-1202,Head Constable Vivek Joshi,Head Constable,57,2026-07-21 14:13:00+00:00,90.0,88.0,,21.1811925,72.8015432,16.600000381469727,-0.304,-0.295,-0.884,,0.0,0.0,0.0,,,,,0.0,0.0,30.0,0.0,-2.0000000233721948e-07,0.0,88.0,36.5,0
40035,SO-1202,Head Constable Vivek Joshi,Head Constable,57,2026-07-21 14:13:30+00:00,86.0,88.0,,21.1811925,72.8015436,16.600000381469727,-0.393,-0.244,-0.859,,0.0,0.0,0.0,,,,,0.0,0.0,30.0,0.0,4.0000000467443897e-07,0.0,88.0,36.5,0
40039,SO-1202,Head Constable Vivek Joshi,Head Constable,57,2026-07-21 14:14:00+00:00,83.0,87.0,,21.1811931,72.8015383,16.600000381469727,-0.733,0.052,-0.675,,0.0,0.0,0.0,,,,,0.0,0.0,30.0,5.999999999062311e-07,-5.29999999798747e-06,0.07,87.0,36.5,0
40043,SO-1202,Head Constable Vivek Joshi,Head Constable,57,2026-07-21 14:14:30+00:00,95.0,88.0,,21.1811945,72.8015403,16.600000381469727,-0.751,0.525,0.206,,0.0,0.0,0.0,,,,,0.0,0.0,30.0,1.399999998596968e-06,1.9999999949504854e-06,0.03,88.0,36.5,2
40047,SO-1202,Head Constable Vivek Joshi,Head Constable,57,2026-07-21 14:15:00+00:00,90.0,88.0,,21.1811926,72.8015433,16.600000381469727,-0.73,-0.158,-0.647,,0.0,0.0,0.0,,,,,0.0,0.0,30.0,-1.900000000887303e-06,3.000000006636583e-06,0.05,88.0,36.5,0
40051,SO-1202,Head Constable Vivek Joshi,Head Constable,57,2026-07-21 14:15:30+00:00,88.0,83.0,,21.1812023,72.8015282,16.600000381469727,-0.877,0.005,-0.419,,0.0,0.0,0.0,,,,,0.0,0.0,30.0,9.699999999668307e-06,-1.5099999998824389e-05,0.23,83.0,36.5,0
40055,SO-1202,Head Constable Vivek Joshi,Head Constable,57,2026-07-21 14:16:00+00:00,89.0,88.0,,21.1811943,72.8015358,16.600000381469727,-0.498,0.049,-0.85,,0.0,0.0,0.0,,,,,0.0,0.0,30.0,-7.99999999756551e-06,7.599999989338357e-06,0.14,88.0,36.5,0
40059,SO-1202,Head Constable Vivek Joshi,Head Constable,57,2026-07-21 14:16:30+00:00,86.0,88.0,,21.1811925,72.8015432,16.600000381469727,-0.859,0.041,-0.422,,0.0,0.0,0.0,,,,,0.0,0.0,30.0,-1.7999999997186933e-06,7.400000001211993e-06,0.09,88.0,36.5,0
40063,SO-1202,Head Constable Vivek Joshi,Head Constable,57,2026-07-21 14:17:00+00:00,81.0,88.0,,21.1811925,72.8015432,16.600000381469727,-0.782,0.023,-0.59,,0.0,0.0,0.0,,,,,0.0,0.0,30.0,0.0,0.0,0.0,88.0,36.5,0
40067,SO-1202,Head Constable Vivek Joshi,Head Constable,57,2026-07-21 14:17:30+00:00,92.0,88.0,,21.1811956,72.8015356,16.600000381469727,-0.594,0.098,-0.788,,0.0,0.0,0.0,,,,,0.0,0.0,30.0,3.0999999971470515e-06,-7.600000003549212e-06,0.1,88.0,36.5,2
40071,SO-1202,Head Constable Vivek Joshi,Head Constable,57,2026-07-21 14:18:00+00:00,96.0,86.0,,21.1811926,72.8015437,16.600000381469727,-0.351,0.889,-0.073,,0.0,0.0,0.0,,,,,0.0,0.0,30.0,-2.9999999995311555e-06,8.100000002286833e-06,0.11,86.0,36.5,2
40075,SO-1202,Head Constable Vivek Joshi,Head Constable,57,2026-07-21 14:18:30+00:00,91.0,88.0,,21.181196,72.8015347,16.600000381469727,-0.554,0.067,-0.79,,0.0,0.0,0.0,,,,,0.0,0.0,30.0,3.4000000006528808e-06,-8.999999991488039e-06,0.12,88.0,36.5,2
40078,SO-1202,Head Constable Vivek Joshi,Head Constable,57,2026-07-21 14:19:00+00:00,91.0,88.0,,21.1811933,72.8015375,16.600000381469727,-0.626,0.013,-0.759,,0.0,0.0,0.0,,,,,0.0,0.0,30.0,-2.69999999957804e-06,2.7999999900885086e-06,0.05,88.0,36.5,2
40083,SO-1202,Head Constable Vivek Joshi,Head Constable,57,2026-07-21 14:19:30+00:00,89.0,87.0,,21.181193,72.8015378,16.600000381469727,-0.975,-0.474,-0.488,,0.0,0.0,0.0,,,,,0.0,0.0,30.0,-2.999999999531156e-07,3.000000106112566e-07,0.01,87.0,36.5,0
40086,SO-1202,Head Constable Vivek Joshi,Head Constable,57,2026-07-21 14:20:00+00:00,91.0,86.0,,21.1811999,72.8015349,16.600000381469727,-0.314,0.03,-0.94,,0.0,0.0,0.0,,,,,0.0,0.0,30.0,6.899999998921658e-06,-2.9000000125734005e-06,0.1,86.0,36.5,2
40090,SO-1202,Head Constable Vivek Joshi,Head Constable,57,2026-07-21 14:20:30+00:00,84.0,88.0,,21.1811927,72.8015434,16.600000381469727,-0.601,-0.414,-0.729,,0.0,0.0,0.0,,,,,0.0,0.0,30.0,-7.199999998874773e-06,8.500000006961272e-06,0.14,88.0,36.5,0
40093,SO-1202,Head Constable Vivek Joshi,Head Constable,57,2026-07-21 14:21:00+00:00,84.0,78.0,,21.1812061,72.8015246,16.600000381469727,-0.202,0.063,-0.961,,0.0,0.0,0.0,,,,,0.0,0.0,30.0,1.3400000000274304e-05,-1.880000000653581e-05,0.29,78.0,36.5,0
40098,SO-1202,Head Constable Vivek Joshi,Head Constable,57,2026-07-21 14:21:30+00:00,92.0,88.0,,21.1811939,72.8015382,16.600000381469727,-0.417,0.104,-0.882,,0.0,0.0,0.0,,,,,0.0,0.0,30.0,-1.220000000046184e-05,1.3600000002611525e-05,0.23,88.0,36.5,2
40101,SO-1202,Head Constable Vivek Joshi,Head Constable,57,2026-07-21 14:22:00+00:00,88.0,88.0,,21.181193,72.8015378,16.600000381469727,-0.584,-0.042,-0.759,,0.0,0.0,0.0,,,,,0.0,0.0,30.0,-8.999999998593466e-07,-3.9999999046358425e-07,0.01,88.0,36.5,0
40104,SO-1202,Head Constable Vivek Joshi,Head Constable,57,2026-07-21 14:22:30+00:00,90.0,88.0,,21.1811995,72.8015356,16.600000381469727,-0.858,0.459,0.206,,0.0,0.0,0.0,,,,,0.0,0.0,30.0,6.500000001352646e-06,-2.2000000114985596e-06,0.09,88.0,36.5,0
40106,SO-1202,Head Constable Vivek Joshi,Head Constable,57,2026-07-21 14:23:00+00:00,82.0,85.0,,21.1811924,72.8015432,16.600000381469727,-0.943,0.297,0.11,,0.0,0.0,0.0,,,,,0.0,0.0,30.0,-7.100000001258877e-06,7.600000003549212e-06,0.13,85.0,36.5,0
40108,SO-1202,Head Constable Vivek Joshi,Head Constable,57,2026-07-21 14:23:30+00:00,83.0,88.0,,21.1799943,72.8007711,16.600000381469727,-0.966,0.238,0.086,,0.0,0.0,0.0,,,,,0.0,0.0,30.0,-0.0011980999999998,-0.0007720999999918,18.62,88.0,36.5,1
40110,SO-1202,Head Constable Vivek Joshi,Head Constable,57,2026-07-21 14:24:00+00:00,91.0,75.0,,21.1811987,72.801531,16.600000381469727,-0.899,0.277,0.091,,0.0,0.0,0.0,,,,,0.0,0.0,30.0,0.0012043999999988,0.0007598999999913,18.61,75.0,36.5,1
40113,SO-1202,Head Constable Vivek Joshi,Head Constable,57,2026-07-21 14:24:30+00:00,88.0,88.0,,21.1811927,72.8015434,16.600000381469727,-0.328,-0.393,-0.888,,0.0,0.0,0.0,,,,,0.0,0.0,30.0,-5.999999999062311e-06,1.240000000279906e-05,0.17,88.0,36.5,0
40117,SO-1202,Head Constable Vivek Joshi,Head Constable,57,2026-07-21 14:25:00+00:00,85.0,88.0,,21.1812007,72.8015302,16.600000381469727,-0.577,-0.338,-0.705,,0.0,0.0,0.0,,,,,0.0,0.0,30.0,8.000000001118224e-06,-1.3199999997937084e-05,0.2,88.0,36.5,0
40120,SO-1202,Head Constable Vivek Joshi,Head Constable,57,2026-07-21 14:25:30+00:00,92.0,88.0,,21.1811916,72.8015392,16.600000381469727,-0.569,-0.018,-0.801,,0.0,0.0,0.0,,,,,0.0,0.0,30.0,-9.10000000331479e-06,8.999999991488039e-06,0.16,88.0,36.5,2
40123,SO-1202,Head Constable Vivek Joshi,Head Constable,57,2026-07-21 14:26:00+00:00,98.0,88.0,,21.1811968,72.8015417,16.600000381469727,-0.947,0.059,0.255,,0.0,0.0,0.0,,,,,0.0,0.0,30.0,5.200000000371574e-06,2.5000000078989615e-06,0.08,88.0,36.5,2
40127,SO-1202,Head Constable Vivek Joshi,Head Constable,57,2026-07-21 14:26:30+00:00,81.0,88.0,,21.1811936,72.801544,16.600000381469727,-0.972,0.059,0.128,,0.0,0.0,0.0,,,,,0.0,0.0,30.0,-3.1999999983156613e-06,2.300000005561742e-06,0.05,88.0,36.5,0
40131,SO-1202,Head Constable Vivek Joshi,Head Constable,57,2026-07-21 14:27:00+00:00,82.0,88.0,,21.1811943,72.8015441,16.600000381469727,-0.846,0.496,0.176,,0.0,0.0,0.0,,,,,0.0,0.0,30.0,7.000000010748408e-07,9.999999406318238e-08,0.01,88.0,36.5,0
40134,SO-1202,Head Constable Vivek Joshi,Head Constable,57,2026-07-21 14:27:30+00:00,90.0,86.0,,21.1811926,72.801539,16.600000381469727,-0.573,0.805,0.136,,0.0,0.0,0.0,,,,,0.0,0.0,30.0,-1.7000000021027972e-06,-5.099999995650251e-06,0.07,86.0,36.5,0
40139,SO-1202,Head Constable Vivek Joshi,Head Constable,57,2026-07-21 14:28:00+00:00,91.0,88.0,,21.181194,72.801544,16.600000381469727,-0.569,0.75,0.312,,0.0,0.0,0.0,,,,,0.0,0.0,30.0,1.4000000021496817e-06,5.000000001587068e-06,0.06,88.0,36.5,2
40143,SO-1202,Head Constable Vivek Joshi,Head Constable,57,2026-07-21 14:28:30+00:00,87.0,85.0,,21.1811943,72.8015441,16.600000381469727,-0.894,-0.177,0.365,,0.0,0.0,0.0,,,,,0.0,0.0,30.0,2.999999999531156e-07,9.999999406318238e-08,0.0,85.0,36.5,0
40147,SO-1202,Head Constable Vivek Joshi,Head Constable,57,2026-07-21 14:29:00+00:00,91.0,88.0,,21.1811968,72.8015424,16.600000381469727,-0.408,-0.416,-0.857,,0.0,0.0,0.0,,,,,0.0,0.0,30.0,2.4999999972408204e-06,-1.6999999985500835e-06,0.04,88.0,36.5,2
40151,SO-1202,Head Constable Vivek Joshi,Head Constable,57,2026-07-21 14:29:30+00:00,87.0,88.0,,21.1812258,72.801483,16.600000381469727,-0.554,0.669,0.466,,0.0,0.0,0.0,,,,,0.0,0.0,30.0,2.9000000001389022e-05,-5.9399999997822306e-05,0.83,88.0,36.5,0
40155,SO-1202,Head Constable Vivek Joshi,Head Constable,57,2026-07-21 14:30:00+00:00,92.0,88.0,,21.1811928,72.8015436,16.600000381469727,-0.42,0.761,0.521,,0.0,0.0,0.0,,,,,0.0,0.0,30.0,-3.2999999998395424e-05,6.059999999763477e-05,0.87,88.0,36.5,2
40159,SO-1202,Head Constable Vivek Joshi,Head Constable,57,2026-07-21 14:30:30+00:00,88.0,85.0,,21.1811933,72.8015439,16.600000381469727,-0.327,0.946,0.053,,0.0,0.0,0.0,,,,,0.0,0.0,30.0,4.999999987376214e-07,2.999999964004019e-07,0.01,85.0,36.5,0
40163,SO-1202,Head Constable Vivek Joshi,Head Constable,57,2026-07-21 14:31:10+00:00,84.0,88.0,,21.1811924,72.8015432,16.600000381469727,-0.623,0.448,0.654,,0.0,0.0,0.0,,,,,0.0,0.0,40.0,-8.999999998593466e-07,-7.000000010748408e-07,0.01,88.0,36.5,0
40168,SO-1202,Head Constable Vivek Joshi,Head Constable,57,2026-07-21 14:31:40+00:00,90.0,86.0,,21.181193,72.8015411,16.600000381469727,-0.425,0.798,0.448,,0.0,0.0,0.0,,,,,0.0,0.0,30.0,5.999999999062311e-07,-2.1000000032245225e-06,0.03,86.0,36.5,0
40171,SO-1202,Head Constable Vivek Joshi,Head Constable,57,2026-07-21 14:32:10+00:00,90.0,87.0,,21.1811927,72.8015434,16.600000381469727,-0.827,0.553,0.316,,0.0,0.0,0.0,,,,,0.0,0.0,30.0,-2.999999999531156e-07,2.300000005561742e-06,0.03,87.0,36.5,0
40175,SO-1202,Head Constable Vivek Joshi,Head Constable,57,2026-07-21 14:32:40+00:00,93.0,88.0,,21.1811968,72.8015424,16.600000381469727,-0.961,-0.008,0.25,,0.0,0.0,0.0,,,,,0.0,0.0,30.0,4.099999998175008e-06,-9.999999974752427e-07,0.06,88.0,36.5,2
40179,SO-1202,Head Constable Vivek Joshi,Head Constable,57,2026-07-21 14:33:10+00:00,100.0,86.0,,21.1811924,72.8015432,16.600000381469727,-0.452,-0.082,0.902,,0.0,0.0,0.0,,,,,0.0,0.0,30.0,-4.3999999981281235e-06,7.999999951380232e-07,0.06,86.0,36.5,2
40183,SO-1202,Head Constable Vivek Joshi,Head Constable,57,2026-07-21 14:33:40+00:00,90.0,87.0,,21.1812008,72.8015335,16.600000381469727,-0.969,0.121,-0.124,,0.0,0.0,0.0,,,,,0.0,0.0,30.0,8.399999998687235e-06,-9.69999999256288e-06,0.16,87.0,36.5,0
40188,SO-1202,Head Constable Vivek Joshi,Head Constable,57,2026-07-21 14:34:10+00:00,83.0,88.0,,21.1811924,72.8015432,16.600000381469727,-0.767,0.406,0.509,,0.0,0.0,0.0,,,,,0.0,0.0,30.0,-8.399999998687235e-06,9.69999999256288e-06,0.16,88.0,36.5,0
40193,SO-1202,Head Constable Vivek Joshi,Head Constable,57,2026-07-21 14:34:40+00:00,87.0,88.0,,21.1811926,72.8015433,16.600000381469727,-0.607,-0.044,0.796,,0.0,0.0,0.0,,,,,0.0,0.0,30.0,1.999999987845058e-07,1.000000082740371e-07,0.0,88.0,36.5,0
40198,SO-1202,Head Constable Vivek Joshi,Head Constable,57,2026-07-21 14:35:12+00:00,87.0,88.0,,21.1812023,72.8015282,16.600000381469727,-0.55,0.022,-0.794,,0.0,0.0,0.0,,,,,0.0,0.0,32.0,9.699999999668307e-06,-1.5099999998824389e-05,0.21,88.0,36.5,0
40203,SO-1202,Head Constable Vivek Joshi,Head Constable,57,2026-07-21 14:35:48+00:00,83.0,88.0,,21.1811942,72.8015368,16.600000381469727,-0.815,0.546,0.167,,0.0,0.0,0.0,,,,,0.0,0.0,36.0,-8.09999999873412e-06,8.5999999868136e-06,0.13,88.0,36.5,0
40207,SO-1202,Head Constable Vivek Joshi,Head Constable,57,2026-07-21 14:36:18+00:00,93.0,88.0,,21.1812007,72.8015302,16.600000381469727,-0.936,0.134,-0.253,,0.0,0.0,0.0,,,,,0.0,0.0,30.0,6.500000001352646e-06,-6.599999991863115e-06,0.12,88.0,36.5,2
40211,SO-1202,Head Constable Vivek Joshi,Head Constable,57,2026-07-21 14:36:48+00:00,92.0,88.0,,21.1812007,72.8015302,16.600000381469727,-0.967,0.186,0.051,,0.0,0.0,0.0,,,,,0.0,0.0,30.0,0.0,0.0,0.0,88.0,36.5,2
40215,SO-1202,Head Constable Vivek Joshi,Head Constable,57,2026-07-21 14:37:18+00:00,89.0,87.0,,21.1811939,72.8015442,16.600000381469727,-0.835,-0.186,0.508,,0.0,0.0,0.0,,,,,0.0,0.0,30.0,-6.8000000013057615e-06,1.3999999993075107e-05,0.2,87.0,36.5,0
40219,SO-1202,Head Constable Vivek Joshi,Head Constable,57,2026-07-21 14:37:48+00:00,85.0,88.0,,21.1811942,72.8015413,16.600000381469727,-0.85,0.079,-0.498,,0.0,0.0,0.0,,,,,0.0,0.0,30.0,2.999999999531156e-07,-2.8999999983625457e-06,0.04,88.0,36.5,0
40223,SO-1202,Head Constable Vivek Joshi,Head Constable,57,2026-07-21 14:38:18+00:00,100.0,88.0,,21.1811935,72.8015376,16.600000381469727,-0.757,0.538,0.366,,0.0,0.0,0.0,,,,,0.0,0.0,30.0,-7.000000010748408e-07,-3.699999993500569e-06,0.05,88.0,36.5,2
40227,SO-1202,Head Constable Vivek Joshi,Head Constable,57,2026-07-21 14:38:48+00:00,86.0,84.0,,21.1811918,72.8015413,16.600000381469727,-0.776,0.764,0.149,,0.0,0.0,0.0,,,,,0.0,0.0,30.0,-1.6999999985500835e-06,3.699999993500569e-06,0.05,84.0,36.5,0
40231,SO-1202,Head Constable Vivek Joshi,Head Constable,57,2026-07-21 14:39:18+00:00,91.0,89.0,,21.1811993,72.8015357,16.600000381469727,-0.793,-0.027,0.572,,0.0,0.0,0.0,,,,,0.0,0.0,30.0,7.499999998827889e-06,-5.599999994387872e-06,0.12,89.0,36.5,2
40235,SO-1202,Head Constable Vivek Joshi,Head Constable,57,2026-07-21 14:39:48+00:00,90.0,88.0,,21.1811941,72.8015362,16.600000381469727,-1.293,0.11,-0.127,,0.0,0.0,0.0,,,,,0.0,0.0,30.0,-5.200000000371574e-06,4.999999987376214e-07,0.07,88.0,36.5,0
40239,SO-1202,Head Constable Vivek Joshi,Head Constable,57,2026-07-21 14:40:18+00:00,94.0,81.0,,21.1811924,72.8015432,16.600000381469727,-0.084,1.076,-0.053,,0.0,0.0,0.0,,,,,0.0,0.0,30.0,-1.6999999985500835e-06,6.999999996537554e-06,0.09,81.0,36.5,2
40244,SO-1202,Head Constable Vivek Joshi,Head Constable,57,2026-07-21 14:40:48+00:00,91.0,81.0,,21.1811925,72.8015416,16.600000381469727,-0.766,0.514,-0.372,,0.0,0.0,0.0,,,,,0.0,0.0,30.0,1.0000000116860974e-07,-1.6000000044869012e-06,0.02,81.0,36.5,2
40249,SO-1202,Head Constable Vivek Joshi,Head Constable,57,2026-07-21 14:41:18+00:00,90.0,89.0,,21.1811926,72.8015433,16.600000381469727,-0.643,-0.459,-0.678,,0.0,0.0,0.0,,,,,0.0,0.0,30.0,9.999999761589606e-08,1.7000000127609385e-06,0.02,89.0,36.5,0
40253,SO-1202,Head Constable Vivek Joshi,Head Constable,57,2026-07-21 14:41:48+00:00,82.0,88.0,,21.1811944,72.8015442,16.600000381469727,-0.423,-0.274,-0.843,,0.0,0.0,0.0,,,,,0.0,0.0,30.0,1.7999999997186933e-06,8.999999892012056e-07,0.03,88.0,36.5,0
40258,SO-1202,Head Constable Vivek Joshi,Head Constable,57,2026-07-21 14:42:18+00:00,83.0,88.0,,21.1811973,72.8015336,16.600000381469727,-0.535,-0.204,-0.822,,0.0,0.0,0.0,,,,,0.0,0.0,30.0,2.900000001915259e-06,-1.059999999597494e-05,0.14,88.0,36.5,0
40263,SO-1202,Head Constable Vivek Joshi,Head Constable,57,2026-07-21 14:42:48+00:00,81.0,88.0,,21.181193,72.8015438,16.600000381469727,-0.462,-0.334,-0.8,,0.0,0.0,0.0,,,,,0.0,0.0,30.0,-4.300000000512227e-06,1.0200000005511356e-05,0.14,88.0,36.5,0
40268,SO-1202,Head Constable Vivek Joshi,Head Constable,57,2026-07-21 14:43:18+00:00,100.0,88.0,,21.1811937,72.8015378,16.600000381469727,-0.496,0.883,0.075,,0.0,0.0,0.0,,,,,0.0,0.0,30.0,7.000000010748408e-07,-5.999999999062311e-06,0.08,88.0,36.5,2
40273,SO-1202,Head Constable Vivek Joshi,Head Constable,57,2026-07-21 14:43:48+00:00,91.0,63.0,,21.1811431,72.8012507,16.600000381469727,-0.097,0.804,-0.228,,0.0,0.0,0.0,,,,,0.0,0.0,30.0,-5.060000000156606e-05,-0.0002871000000084,3.63,63.0,36.5,2
40278,SO-1202,Head Constable Vivek Joshi,Head Constable,57,2026-07-21 14:44:18+00:00,91.0,69.0,,21.181125,72.8011945,17.899999618530273,-0.271,0.663,-0.189,,0.0,0.0,0.0,,,,,0.0,0.0,30.0,-1.8099999998355543e-05,-5.620000000305936e-05,0.74,69.0,36.5,2
40283,SO-1202,Head Constable Vivek Joshi,Head Constable,57,2026-07-21 14:44:48+00:00,94.0,81.0,,21.1810424,72.8012175,15.199996948242188,-0.083,0.91,-0.224,,0.0,0.0,0.0,,,,,0.0,0.0,30.0,-8.260000000248624e-05,2.3000000012984856e-05,1.14,81.0,36.5,2
40287,SO-1202,Head Constable Vivek Joshi,Head Constable,57,2026-07-21 14:45:19+00:00,89.0,77.0,,21.1810253,72.801227,15.199996948242188,-0.683,0.726,0.023,,0.0,0.0,0.0,,,,,0.0,0.0,31.0,-1.7099999997327586e-05,9.49999999022566e-06,0.25,77.0,36.5,0
40291,SO-1202,Head Constable Vivek Joshi,Head Constable,57,2026-07-21 14:45:49+00:00,93.0,88.0,,21.1810116,72.8012098,15.199996948242188,-0.699,0.715,0.039,,0.0,0.0,0.0,,,,,0.0,0.0,30.0,-1.370000000022742e-05,-1.720000000204891e-05,0.28,88.0,36.5,2
40295,SO-1202,Head Constable Vivek Joshi,Head Constable,57,2026-07-21 14:46:19+00:00,100.0,88.0,,21.1810277,72.8012172,15.199996948242188,-0.636,0.196,0.751,,0.0,0.0,0.0,,,,,0.0,0.0,30.0,1.6099999999852344e-05,7.400000001211993e-06,0.23,88.0,36.5,2
40299,SO-1202,Head Constable Vivek Joshi,Head Constable,57,2026-07-21 14:46:49+00:00,93.0,88.0,,21.1810294,72.8012175,15.199996948242188,-0.631,0.182,0.757,,0.0,0.0,0.0,,,,,0.0,0.0,30.0,1.6999999985500835e-06,3.000000106112566e-07,0.02,88.0,36.5,2
40304,SO-1202,Head Constable Vivek Joshi,Head Constable,57,2026-07-21 14:47:19+00:00,87.0,88.0,,21.1810573,72.801248,15.199996948242188,-0.435,0.144,0.9,,0.0,0.0,0.0,,,,,0.0,0.0,30.0,2.789999999919246e-05,3.0499999994049176e-05,0.53,88.0,36.5,0
40308,SO-1202,Head Constable Vivek Joshi,Head Constable,57,2026-07-21 14:47:49+00:00,83.0,88.0,,21.1810731,72.8012772,15.199996948242188,-0.434,0.162,0.91,,0.0,0.0,0.0,,,,,0.0,0.0,30.0,1.5799999999899228e-05,2.920000000017353e-05,0.42,88.0,36.5,0
40313,SO-1202,Head Constable Vivek Joshi,Head Constable,57,2026-07-21 14:48:19+00:00,88.0,88.0,,21.1810645,72.8012429,15.199996948242188,-0.438,0.159,0.905,,0.0,0.0,0.0,,,,,0.0,0.0,30.0,-8.599999997471741e-06,-3.429999999582378e-05,0.44,88.0,36.5,0
40317,SO-1202,Head Constable Vivek Joshi,Head Constable,57,2026-07-21 14:48:49+00:00,88.0,88.0,,21.1810924,72.8013006,15.199996948242188,-0.434,0.151,0.932,,0.0,0.0,0.0,,,,,0.0,0.0,30.0,2.789999999919246e-05,5.769999999927222e-05,0.81,88.0,36.5,0
40321,SO-1202,Head Constable Vivek Joshi,Head Constable,57,2026-07-21 14:49:19+00:00,87.0,88.0,,21.1810354,72.8012662,15.199996948242188,-0.364,0.125,0.933,,0.0,0.0,0.0,,,,,0.0,0.0,30.0,-5.7000000001750095e-05,-3.440000000409782e-05,0.87,88.0,36.5,0
40325,SO-1202,Head Constable Vivek Joshi,Head Constable,57,2026-07-21 14:49:49+00:00,89.0,88.0,,21.1810651,72.8013928,15.199996948242188,-0.307,0.138,0.963,,0.0,0.0,0.0,,,,,0.0,0.0,30.0,2.9700000002463867e-05,0.0001266000000015,1.62,88.0,36.5,0
40328,SO-1202,Head Constable Vivek Joshi,Head Constable,57,2026-07-21 14:50:19+00:00,91.0,88.0,,21.1810241,72.8012538,15.199996948242188,-0.328,0.168,0.944,,0.0,0.0,0.0,,,,,0.0,0.0,30.0,-4.100000000306636e-05,-0.0001390000000043,1.81,88.0,36.5,2
40333,SO-1202,Head Constable Vivek Joshi,Head Constable,57,2026-07-21 14:50:49+00:00,90.0,88.0,,21.1810344,72.8012549,15.199996948242188,-0.338,0.177,0.941,,0.0,0.0,0.0,,,,,0.0,0.0,30.0,1.0300000003127252e-05,1.1000000057492798e-06,0.14,88.0,36.5,0
40337,SO-1202,Head Constable Vivek Joshi,Head Constable,57,2026-07-21 14:51:19+00:00,87.0,88.0,,21.1810479,72.801249,15.199996948242188,-0.344,0.191,0.938,,0.0,0.0,0.0,,,,,0.0,0.0,30.0,1.34999999978902e-05,-5.900000004999129e-06,0.19,88.0,36.5,0
40341,SO-1202,Head Constable Vivek Joshi,Head Constable,57,2026-07-21 14:51:49+00:00,98.0,86.0,,21.1810315,72.8012125,15.199996948242188,-0.567,1.328,-0.372,,0.0,0.0,0.0,,,,,0.0,0.0,30.0,-1.639999999980546e-05,-3.649999999311149e-05,0.5,86.0,36.5,2
40344,SO-1202,Head Constable Vivek Joshi,Head Constable,57,2026-07-21 14:52:19+00:00,86.0,56.0,,21.1811041,72.8012039,18.399999618530273,-0.203,1.06,-0.265,,0.0,0.0,0.0,,,,,0.0,0.0,30.0,7.25999999993121e-05,-8.600000001024455e-06,0.97,56.0,36.5,0
40347,SO-1202,Head Constable Vivek Joshi,Head Constable,57,2026-07-21 14:52:53+00:00,85.0,62.0,,21.181173,72.8014681,16.600000381469727,-0.058,1.132,-0.156,,0.0,0.0,0.0,,,,,0.0,0.0,34.0,6.890000000225882e-05,0.0002641999999895,3.01,62.0,36.5,0
40351,SO-1202,Head Constable Vivek Joshi,Head Constable,57,2026-07-21 14:53:25+00:00,95.0,88.0,,21.181125,72.8010978,14.699996948242188,-0.551,0.805,-0.3,,0.0,0.0,0.0,,,,,0.0,0.0,32.0,-4.7999999999603915e-05,-0.0003703000000001,4.35,88.0,36.5,2
40354,SO-1202,Head Constable Vivek Joshi,Head Constable,57,2026-07-21 14:54:06+00:00,89.0,88.0,,21.1811902,72.8015371,16.600000381469727,-1.207,0.487,-0.646,,0.0,0.0,0.0,,,,,0.0,0.0,41.0,6.519999999810011e-05,0.0004393000000106,4.04,88.0,36.5,0
40360,SO-1202,Head Constable Vivek Joshi,Head Constable,57,2026-07-21 14:54:52+00:00,99.0,75.0,,21.181193,72.8015439,16.600000381469727,-0.646,0.61,0.393,,0.0,0.0,0.0,,,,,0.0,0.0,46.0,2.8000000007466497e-06,6.799999994200334e-06,0.06,75.0,36.5,2
40365,SO-1202,Head Constable Vivek Joshi,Head Constable,57,2026-07-21 14:55:26+00:00,97.0,88.0,,21.1811927,72.801544,16.600000381469727,-0.889,0.056,-0.399,,0.0,0.0,0.0,,,,,0.0,0.0,34.0,-2.999999999531156e-07,1.000000082740371e-07,0.0,88.0,36.5,2
40369,SO-1202,Head Constable Vivek Joshi,Head Constable,57,2026-07-21 14:55:54+00:00,88.0,88.0,,21.1811979,72.8015334,16.600000381469727,-0.47,0.585,0.684,,0.0,0.0,0.0,,,,,0.0,0.0,28.0,5.200000000371574e-06,-1.0600000010185797e-05,0.16,88.0,36.5,0
40373,SO-1202,Head Constable Vivek Joshi,Head Constable,57,2026-07-21 14:56:23+00:00,90.0,87.0,,21.1811924,72.8015432,16.600000381469727,-0.584,0.718,0.399,,0.0,0.0,0.0,,,,,0.0,0.0,29.0,-5.50000000032469e-06,9.800000000836915e-06,0.15,87.0,36.5,0
40377,SO-1202,Head Constable Vivek Joshi,Head Constable,57,2026-07-21 14:56:53+00:00,96.0,88.0,,21.181194,72.801544,16.600000381469727,-0.623,0.678,0.418,,0.0,0.0,0.0,,,,,0.0,0.0,30.0,1.6000000009341877e-06,8.000000093488779e-07,0.02,88.0,36.5,2
40381,SO-1202,Head Constable Vivek Joshi,Head Constable,57,2026-07-21 14:57:24+00:00,90.0,88.0,,21.1812107,72.801519,16.600000381469727,-0.922,0.02,-0.357,,0.0,0.0,0.0,,,,,0.0,0.0,31.0,1.6699999999758575e-05,-2.500000000793534e-05,0.37,88.0,36.5,0
40385,SO-1202,Head Constable Vivek Joshi,Head Constable,57,2026-07-21 14:57:53+00:00,86.0,88.0,,21.1812013,72.80153,16.600000381469727,-0.938,-0.026,-0.308,,0.0,0.0,0.0,,,,,0.0,0.0,29.0,-9.399999999715192e-06,1.100000000064938e-05,0.19,88.0,36.5,0
40388,SO-1202,Head Constable Vivek Joshi,Head Constable,57,2026-07-21 14:58:23+00:00,89.0,88.0,,21.1811941,72.8015362,16.600000381469727,-0.768,0.036,-0.618,,0.0,0.0,0.0,,,,,0.0,0.0,30.0,-7.200000002427487e-06,6.2000000013995304e-06,0.12,88.0,36.5,0
40394,SO-1202,Head Constable Vivek Joshi,Head Constable,57,2026-07-21 14:58:53+00:00,100.0,88.0,,21.1811914,72.801539,16.600000381469727,-0.854,0.499,0.101,,0.0,0.0,0.0,,,,,0.0,0.0,30.0,-2.69999999957804e-06,2.8000000042993634e-06,0.05,88.0,36.5,2
40398,SO-1202,Head Constable Vivek Joshi,Head Constable,57,2026-07-21 14:59:23+00:00,86.0,88.0,,21.1811935,72.8015379,16.600000381469727,-0.159,-0.706,0.704,,0.0,0.0,0.0,,,,,0.0,0.0,30.0,2.099999999671809e-06,-1.1000000057492798e-06,0.03,88.0,36.5,0
40402,SO-1202,Head Constable Vivek Joshi,Head Constable,57,2026-07-21 14:59:53+00:00,85.0,87.0,,21.1811935,72.8015365,16.600000381469727,-0.613,0.684,0.395,,0.0,0.0,0.0,,,,,0.0,0.0,30.0,0.0,-1.4000000021496817e-06,0.02,87.0,36.5,0
40406,SO-1202,Head Constable Vivek Joshi,Head Constable,57,2026-07-21 15:00:23+00:00,92.0,85.0,,21.1811909,72.8015405,16.600000381469727,-0.666,0.406,0.636,,0.0,0.0,0.0,,,,,0.0,0.0,30.0,-2.59999999840943e-06,4.0000000041118255e-06,0.06,85.0,36.5,2
40410,SO-1202,Head Constable Vivek Joshi,Head Constable,57,2026-07-21 15:00:53+00:00,92.0,85.0,,21.1811923,72.8015439,16.600000381469727,-0.67,0.407,0.634,,0.0,0.0,0.0,,,,,0.0,0.0,30.0,1.399999998596968e-06,3.399999997100167e-06,0.05,85.0,36.5,2
40414,SO-1202,Head Constable Vivek Joshi,Head Constable,57,2026-07-21 15:01:23+00:00,88.0,87.0,,21.1811977,72.8015446,16.600000381469727,-0.687,0.4,0.626,,0.0,0.0,0.0,,,,,0.0,0.0,30.0,5.39999999915608e-06,7.000000010748408e-07,0.07,87.0,36.5,0
40417,SO-1202,Head Constable Vivek Joshi,Head Constable,57,2026-07-21 15:01:53+00:00,98.0,88.0,,21.1811934,72.8015389,16.600000381469727,-0.46,0.207,0.898,,0.0,0.0,0.0,,,,,0.0,0.0,30.0,-4.299999996959514e-06,-5.700000002661909e-06,0.09,88.0,36.5,2
40420,SO-1202,Head Constable Vivek Joshi,Head Constable,57,2026-07-21 15:02:23+00:00,89.0,82.0,,21.1811925,72.8015436,16.600000381469727,-0.454,0.189,0.893,,0.0,0.0,0.0,,,,,0.0,0.0,30.0,-8.999999998593466e-07,4.700000005186666e-06,0.06,82.0,36.5,0
40423,SO-1202,Head Constable Vivek Joshi,Head Constable,57,2026-07-21 15:02:54+00:00,93.0,88.0,,21.181193,72.8015438,16.600000381469727,-0.455,0.1,0.897,,0.0,0.0,0.0,,,,,0.0,0.0,31.0,4.999999987376214e-07,2.0000000233721948e-07,0.01,88.0,36.5,2
41015,SO-1202,Head Constable Vivek Joshi,Head Constable,57,2026-07-21 17:31:32+00:00,86.0,,,21.1811925,72.8015434,16.600000381469727,-0.004,-0.009,1.026,,0.0,0.0,0.0,,,,,0.0,0.0,8918.0,-4.999999987376214e-07,-4.0000000467443897e-07,0.0,88.0,36.5,0
41018,SO-1202,Head Constable Vivek Joshi,Head Constable,57,2026-07-21 17:32:02+00:00,81.0,86.0,,21.181193,72.8015394,16.600000381469727,-0.003,-0.018,1.028,,0.0,0.0,0.0,,,,,0.0,0.0,30.0,4.999999987376214e-07,-4.0000000041118255e-06,0.05,86.0,36.5,0
41022,SO-1202,Head Constable Vivek Joshi,Head Constable,57,2026-07-21 17:32:36+00:00,84.0,,,21.181193,72.8015394,16.600000381469727,-0.005,-0.02,1.029,,0.0,0.0,0.0,,,,,0.0,0.0,34.0,0.0,0.0,0.0,86.0,36.5,0
41025,SO-1202,Head Constable Vivek Joshi,Head Constable,57,2026-07-21 17:33:03+00:00,84.0,,,21.1811955,72.8015349,16.600000381469727,-0.008,-0.013,1.024,,0.0,0.0,0.0,,,,,0.0,0.0,27.0,2.500000000793534e-06,-4.500000002849447e-06,0.07,86.0,36.5,0
41029,SO-1202,Head Constable Vivek Joshi,Head Constable,57,2026-07-21 17:33:32+00:00,85.0,,,21.181193,72.8015438,16.600000381469727,-0.003,-0.02,1.026,,0.0,0.0,0.0,,,,,0.0,0.0,29.0,-2.500000000793534e-06,8.900000011635711e-06,0.12,86.0,36.5,0
41035,SO-1202,Head Constable Vivek Joshi,Head Constable,57,2026-07-21 17:34:02+00:00,86.0,,,21.1811939,72.8015442,16.600000381469727,-0.006,-0.017,1.029,,0.0,0.0,0.0,,,,,0.0,0.0,30.0,8.999999998593466e-07,3.9999999046358425e-07,0.01,86.0,36.5,0
41040,SO-1202,Head Constable Vivek Joshi,Head Constable,57,2026-07-21 17:34:32+00:00,89.0,,,21.1811933,72.8015439,16.600000381469727,-0.008,-0.016,1.028,,0.0,0.0,0.0,,,,,0.0,0.0,30.0,-5.999999999062311e-07,-2.999999964004019e-07,0.01,86.0,36.5,0
41045,SO-1202,Head Constable Vivek Joshi,Head Constable,57,2026-07-21 17:35:02+00:00,89.0,,,21.1812023,72.8015282,16.600000381469727,-0.009,-0.01,1.023,,0.0,0.0,0.0,,,,,0.0,0.0,30.0,8.999999998593466e-06,-1.569999999162519e-05,0.23,86.0,36.5,0
41050,SO-1202,Head Constable Vivek Joshi,Head Constable,57,2026-07-21 17:35:35+00:00,88.0,,,21.1811933,72.8015439,16.600000381469727,-0.011,-0.015,1.026,,0.0,0.0,0.0,,,,,0.0,0.0,33.0,-8.999999998593466e-06,1.569999999162519e-05,0.21,86.0,36.5,0
41055,SO-1202,Head Constable Vivek Joshi,Head Constable,57,2026-07-21 17:36:09+00:00,83.0,,,21.1811927,72.8015434,16.600000381469727,-0.01,-0.017,1.02,,0.0,0.0,0.0,,,,,0.0,0.0,34.0,-5.999999999062311e-07,-4.999999987376214e-07,0.01,86.0,36.5,0
41059,SO-1202,Head Constable Vivek Joshi,Head Constable,57,2026-07-21 17:36:39+00:00,93.0,,,21.181194,72.801544,16.600000381469727,-0.009,-0.014,1.03,,0.0,0.0,0.0,,,,,0.0,0.0,30.0,1.300000000981072e-06,6.000000070116585e-07,0.02,86.0,36.5,2
41063,SO-1202,Head Constable Vivek Joshi,Head Constable,57,2026-07-21 17:37:09+00:00,93.0,,,21.1811939,72.8015442,16.600000381469727,-0.009,-0.015,1.025,,0.0,0.0,0.0,,,,,0.0,0.0,30.0,-1.0000000116860974e-07,1.9999998812636477e-07,0.0,86.0,36.5,2
41067,SO-1202,Head Constable Vivek Joshi,Head Constable,57,2026-07-21 17:37:39+00:00,85.0,,,21.1811939,72.8015442,16.600000381469727,-0.01,-0.014,1.027,,0.0,0.0,0.0,,,,,0.0,0.0,30.0,0.0,0.0,0.0,86.0,36.5,0
41071,SO-1202,Head Constable Vivek Joshi,Head Constable,57,2026-07-21 17:38:09+00:00,86.0,,,21.1811943,72.8015441,16.600000381469727,-0.013,-0.015,1.016,,0.0,0.0,0.0,,,,,0.0,0.0,30.0,4.000000011217253e-07,-9.999999406318238e-08,0.01,86.0,36.5,0
41075,SO-1202,Head Constable Vivek Joshi,Head Constable,57,2026-07-21 17:38:39+00:00,90.0,,,21.1811924,72.8015431,16.600000381469727,-0.012,-0.011,1.016,,0.0,0.0,0.0,,,,,0.0,0.0,30.0,-1.900000000887303e-06,-9.999999974752427e-07,0.03,86.0,36.5,0
41079,SO-1202,Head Constable Vivek Joshi,Head Constable,57,2026-07-21 17:39:09+00:00,88.0,,,21.181193,72.8015439,16.600000381469727,-0.013,-0.015,1.021,,0.0,0.0,0.0,,,,,0.0,0.0,30.0,5.999999999062311e-07,7.999999951380232e-07,0.01,86.0,36.5,0
41083,SO-1202,Head Constable Vivek Joshi,Head Constable,57,2026-07-21 17:39:39+00:00,83.0,,,21.1811917,72.8015415,16.600000381469727,-0.012,-0.011,1.017,,0.0,0.0,0.0,,,,,0.0,0.0,30.0,-1.300000000981072e-06,-2.3999999996249244e-06,0.03,86.0,36.5,0
41087,SO-1202,Head Constable Vivek Joshi,Head Constable,57,2026-07-21 17:40:09+00:00,86.0,,,21.1811924,72.8015431,16.600000381469727,-0.016,-0.017,1.027,,0.0,0.0,0.0,,,,,0.0,0.0,30.0,7.000000010748408e-07,1.6000000044869012e-06,0.02,86.0,36.5,0
41093,SO-1202,Head Constable Vivek Joshi,Head Constable,57,2026-07-21 17:40:44+00:00,89.0,,,21.1811917,72.8015371,16.600000381469727,-0.017,-0.015,1.017,,0.0,0.0,0.0,,,,,0.0,0.0,35.0,-7.000000010748408e-07,-5.999999999062311e-06,0.06,86.0,36.5,0
41097,SO-1202,Head Constable Vivek Joshi,Head Constable,57,2026-07-21 17:41:29+00:00,86.0,,,21.1811934,72.8015441,16.600000381469727,-0.015,-0.02,1.019,,0.0,0.0,0.0,,,,,0.0,0.0,45.0,1.7000000021027972e-06,6.999999996537554e-06,0.06,86.0,36.5,0
41102,SO-1202,Head Constable Vivek Joshi,Head Constable,57,2026-07-21 17:42:09+00:00,86.0,,,21.1811927,72.8015436,16.600000381469727,-0.015,-0.015,1.017,,0.0,0.0,0.0,,,,,0.0,0.0,40.0,-7.000000010748408e-07,-4.999999987376214e-07,0.01,86.0,36.5,0
41106,SO-1202,Head Constable Vivek Joshi,Head Constable,57,2026-07-21 17:42:39+00:00,86.0,,,21.181192,72.8015424,16.600000381469727,-0.016,-0.013,1.02,,0.0,0.0,0.0,,,,,0.0,0.0,30.0,-7.000000010748408e-07,-1.1999999998124622e-06,0.02,86.0,36.5,0
41110,SO-1202,Head Constable Vivek Joshi,Head Constable,57,2026-07-21 17:43:09+00:00,87.0,,,21.1811939,72.8015442,16.600000381469727,-0.017,-0.01,1.015,,0.0,0.0,0.0,,,,,0.0,0.0,30.0,1.900000000887303e-06,1.799999992613266e-06,0.03,86.0,36.5,0
41114,SO-1202,Head Constable Vivek Joshi,Head Constable,57,2026-07-21 17:43:39+00:00,84.0,,,21.181192,72.8015424,16.600000381469727,-0.014,-0.016,1.021,,0.0,0.0,0.0,,,,,0.0,0.0,30.0,-1.900000000887303e-06,-1.799999992613266e-06,0.03,86.0,36.5,0
41119,SO-1202,Head Constable Vivek Joshi,Head Constable,57,2026-07-21 17:44:09+00:00,84.0,,,21.1811927,72.8015436,16.600000381469727,-0.019,-0.009,1.022,,0.0,0.0,0.0,,,,,0.0,0.0,30.0,7.000000010748408e-07,1.1999999998124622e-06,0.02,86.0,36.5,0
41124,SO-1202,Head Constable Vivek Joshi,Head Constable,57,2026-07-21 17:44:39+00:00,84.0,,,21.181192,72.8015424,16.600000381469727,-0.019,-0.019,1.017,,0.0,0.0,0.0,,,,,0.0,0.0,30.0,-7.000000010748408e-07,-1.1999999998124622e-06,0.02,86.0,36.5,0
41129,SO-1202,Head Constable Vivek Joshi,Head Constable,57,2026-07-21 17:45:09+00:00,88.0,,,21.1811917,72.8015415,16.600000381469727,-0.019,-0.012,1.026,,0.0,0.0,0.0,,,,,0.0,0.0,30.0,-2.999999999531156e-07,-9.000000034120603e-07,0.01,86.0,36.5,0
41137,SO-1202,Head Constable Vivek Joshi,Head Constable,57,2026-07-21 17:45:45+00:00,88.0,,,21.1811924,72.8015431,16.600000381469727,-0.019,-0.015,1.02,,0.0,0.0,0.0,,,,,0.0,0.0,36.0,7.000000010748408e-07,1.6000000044869012e-06,0.02,86.0,36.5,0
41142,SO-1202,Head Constable Vivek Joshi,Head Constable,57,2026-07-21 17:46:23+00:00,84.0,76.0,,21.1811942,72.8015442,16.600000381469727,-0.018,-0.019,1.024,,0.0,0.0,0.0,,,,,0.0,0.0,38.0,1.7999999997186933e-06,1.099999991538425e-06,0.02,76.0,36.5,0
41148,SO-1202,Head Constable Vivek Joshi,Head Constable,57,2026-07-21 17:46:53+00:00,84.0,,,21.1811917,72.8015415,16.600000381469727,-0.019,-0.013,1.02,,0.0,0.0,0.0,,,,,0.0,0.0,30.0,-2.500000000793534e-06,-2.6999999960253263e-06,0.05,76.0,36.5,0
41154,SO-1202,Head Constable Vivek Joshi,Head Constable,57,2026-07-21 17:47:23+00:00,88.0,,,21.1811939,72.8015442,16.600000381469727,-0.015,-0.015,1.019,,0.0,0.0,0.0,,,,,0.0,0.0,30.0,2.2000000008404186e-06,2.6999999960253263e-06,0.04,76.0,36.5,0
41160,SO-1202,Head Constable Vivek Joshi,Head Constable,57,2026-07-21 17:47:53+00:00,86.0,,,21.1811944,72.8015442,16.600000381469727,-0.019,-0.007,1.015,,0.0,0.0,0.0,,,,,0.0,0.0,30.0,4.999999987376214e-07,0.0,0.01,76.0,36.5,0
41166,SO-1202,Head Constable Vivek Joshi,Head Constable,57,2026-07-21 17:48:23+00:00,85.0,,,21.1811942,72.8015442,16.600000381469727,-0.018,-0.012,1.015,,0.0,0.0,0.0,,,,,0.0,0.0,30.0,-1.999999987845058e-07,0.0,0.0,76.0,36.5,0
41171,SO-1202,Head Constable Vivek Joshi,Head Constable,57,2026-07-21 17:48:53+00:00,87.0,,,21.1811933,72.8015439,16.600000381469727,-0.017,-0.015,1.02,,0.0,0.0,0.0,,,,,0.0,0.0,30.0,-8.999999998593466e-07,-2.999999964004019e-07,0.01,76.0,36.5,0
41176,SO-1202,Head Constable Vivek Joshi,Head Constable,57,2026-07-21 17:49:23+00:00,85.0,,,21.181194,72.801544,16.600000381469727,-0.022,-0.015,1.016,,0.0,0.0,0.0,,,,,0.0,0.0,30.0,7.000000010748408e-07,1.000000082740371e-07,0.01,76.0,36.5,0
41181,SO-1202,Head Constable Vivek Joshi,Head Constable,57,2026-07-21 17:49:53+00:00,87.0,,,21.1811924,72.8015431,16.600000381469727,-0.022,-0.009,1.022,,0.0,0.0,0.0,,,,,0.0,0.0,30.0,-1.6000000009341877e-06,-9.000000034120603e-07,0.02,76.0,36.5,0
41186,SO-1202,Head Constable Vivek Joshi,Head Constable,57,2026-07-21 17:50:23+00:00,86.0,,,21.1811928,72.8015436,16.600000381469727,-0.021,-0.013,1.019,,0.0,0.0,0.0,,,,,0.0,0.0,30.0,4.000000011217253e-07,4.999999987376214e-07,0.01,76.0,36.5,0
41191,SO-1202,Head Constable Vivek Joshi,Head Constable,57,2026-07-21 17:50:56+00:00,87.0,,,21.1811917,72.8015361,16.600000381469727,-0.023,-0.007,1.02,,0.0,0.0,0.0,,,,,0.0,0.0,33.0,-1.100000002196566e-06,-7.499999995275175e-06,0.09,76.0,36.5,0
41196,SO-1202,Head Constable Vivek Joshi,Head Constable,57,2026-07-21 17:51:26+00:00,89.0,,,21.1811933,72.8015439,16.600000381469727,-0.024,-0.011,1.02,,0.0,0.0,0.0,,,,,0.0,0.0,30.0,1.6000000009341877e-06,7.799999991675577e-06,0.1,76.0,36.5,0
41201,SO-1202,Head Constable Vivek Joshi,Head Constable,57,2026-07-21 17:51:56+00:00,88.0,,,21.1811943,72.8015441,16.600000381469727,-0.022,-0.015,1.015,,0.0,0.0,0.0,,,,,0.0,0.0,30.0,1.0000000010279564e-06,2.0000000233721948e-07,0.01,76.0,36.5,0
41206,SO-1202,Head Constable Vivek Joshi,Head Constable,57,2026-07-21 17:52:26+00:00,86.0,,,21.1811943,72.8015441,16.600000381469727,-0.019,-0.014,1.019,,0.0,0.0,0.0,,,,,0.0,0.0,30.0,0.0,0.0,0.0,76.0,36.5,0
41211,SO-1202,Head Constable Vivek Joshi,Head Constable,57,2026-07-21 17:52:56+00:00,87.0,,,21.181193,72.8015438,16.600000381469727,-0.021,-0.015,1.012,,0.0,0.0,0.0,,,,,0.0,0.0,30.0,-1.300000000981072e-06,-2.999999964004019e-07,0.02,76.0,36.5,0
41218,SO-1202,Head Constable Vivek Joshi,Head Constable,57,2026-07-21 17:53:33+00:00,87.0,75.0,,21.1811917,72.8015371,16.600000381469727,-0.022,-0.014,1.012,,0.0,0.0,0.0,,,,,0.0,0.0,37.0,-1.300000000981072e-06,-6.700000000137152e-06,0.07,75.0,36.5,0
41224,SO-1202,Head Constable Vivek Joshi,Head Constable,57,2026-07-21 17:54:03+00:00,87.0,85.0,,21.1811915,72.8015404,16.600000381469727,-0.02,-0.015,1.017,,0.0,0.0,0.0,,,,,0.0,0.0,30.0,-1.999999987845058e-07,3.29999998882613e-06,0.04,85.0,36.5,0
41230,SO-1202,Head Constable Vivek Joshi,Head Constable,57,2026-07-21 17:54:33+00:00,91.0,,,21.1811915,72.8015404,16.600000381469727,-0.023,-0.013,1.016,,0.0,0.0,0.0,,,,,0.0,0.0,30.0,0.0,0.0,0.0,85.0,36.5,2
41235,SO-1202,Head Constable Vivek Joshi,Head Constable,57,2026-07-21 17:55:03+00:00,88.0,,,21.181193,72.8015439,16.600000381469727,-0.023,-0.013,1.015,,0.0,0.0,0.0,,,,,0.0,0.0,30.0,1.4999999997655775e-06,3.500000005374204e-06,0.05,85.0,36.5,0
41240,SO-1202,Head Constable Vivek Joshi,Head Constable,57,2026-07-21 17:55:33+00:00,86.0,,,21.1811944,72.8015442,16.600000381469727,-0.027,-0.01,1.012,,0.0,0.0,0.0,,,,,0.0,0.0,30.0,1.399999998596968e-06,2.999999964004019e-07,0.02,85.0,36.5,0
41245,SO-1202,Head Constable Vivek Joshi,Head Constable,57,2026-07-21 17:56:03+00:00,89.0,,,21.1808306,72.8018791,16.600000381469727,-0.026,-0.011,1.02,,0.0,0.0,0.0,,,,,0.0,0.0,30.0,-0.0003637999999988,0.0003348999999985,6.39,85.0,36.5,1
41250,SO-1202,Head Constable Vivek Joshi,Head Constable,57,2026-07-21 17:56:33+00:00,89.0,,,21.1811943,72.8015441,16.600000381469727,-0.018,-0.016,1.018,,0.0,0.0,0.0,,,,,0.0,0.0,30.0,0.0003637000000011,-0.0003349999999926,6.39,85.0,36.5,1
41256,SO-1202,Head Constable Vivek Joshi,Head Constable,57,2026-07-21 17:57:03+00:00,95.0,86.0,,21.1812203,72.8015077,16.600000381469727,-0.019,-0.012,1.014,,0.0,0.0,0.0,,,,,0.0,0.0,30.0,2.5999999998305157e-05,-3.6399999999048305e-05,0.57,86.0,36.5,2
41262,SO-1202,Head Constable Vivek Joshi,Head Constable,57,2026-07-21 17:57:33+00:00,84.0,86.0,,21.18121,72.8015187,16.600000381469727,-0.02,-0.013,1.008,,0.0,0.0,0.0,,,,,0.0,0.0,30.0,-1.0299999999574538e-05,1.100000000064938e-05,0.19,86.0,36.5,0
41268,SO-1202,Head Constable Vivek Joshi,Head Constable,57,2026-07-21 17:58:03+00:00,88.0,,,21.181195,72.8015348,16.600000381469727,-0.015,-0.012,1.016,,0.0,0.0,0.0,,,,,0.0,0.0,30.0,-1.5000000001208493e-05,1.609999999629963e-05,0.28,86.0,36.5,0
41274,SO-1202,Head Constable Vivek Joshi,Head Constable,57,2026-07-21 17:58:38+00:00,86.0,87.0,,21.1811938,72.8015399,16.600000381469727,-0.015,-0.001,1.009,,0.0,0.0,0.0,,,,,0.0,0.0,35.0,-1.1999999998124622e-06,5.099999995650251e-06,0.06,87.0,36.5,0
41279,SO-1202,Head Constable Vivek Joshi,Head Constable,57,2026-07-21 17:59:08+00:00,86.0,87.0,,21.1811944,72.8015442,16.600000381469727,-0.014,0.002,1.016,,0.0,0.0,0.0,,,,,0.0,0.0,30.0,5.999999999062311e-07,4.300000000512227e-06,0.05,87.0,36.5,0
41285,SO-1202,Head Constable Vivek Joshi,Head Constable,57,2026-07-21 17:59:38+00:00,88.0,,,21.1811928,72.8015371,16.600000381469727,-0.016,0.003,1.025,,0.0,0.0,0.0,,,,,0.0,0.0,30.0,-1.5999999973814738e-06,-7.099999990600736e-06,0.09,87.0,36.5,0
41291,SO-1202,Head Constable Vivek Joshi,Head Constable,57,2026-07-21 18:00:08+00:00,88.0,,,21.1811944,72.8015442,16.600000381469727,-0.011,-0.001,1.018,,0.0,0.0,0.0,,,,,0.0,0.0,30.0,1.5999999973814738e-06,7.099999990600736e-06,0.09,87.0,36.5,0
41297,SO-1202,Head Constable Vivek Joshi,Head Constable,57,2026-07-21 18:00:38+00:00,88.0,,,21.1811946,72.8015353,16.600000381469727,-0.011,0.001,1.018,,0.0,0.0,0.0,,,,,0.0,0.0,30.0,2.0000000233721948e-07,-8.899999997424857e-06,0.11,87.0,36.5,0
41303,SO-1202,Head Constable Vivek Joshi,Head Constable,57,2026-07-21 18:01:08+00:00,88.0,,,21.1811934,72.8015371,16.600000381469727,-0.016,-0.004,1.018,,0.0,0.0,0.0,,,,,0.0,0.0,30.0,-1.1999999998124622e-06,1.8000000068241206e-06,0.03,87.0,36.5,0
41309,SO-1202,Head Constable Vivek Joshi,Head Constable,57,2026-07-21 18:01:38+00:00,88.0,,,21.1811914,72.8015393,16.600000381469727,-0.012,0.004,1.018,,0.0,0.0,0.0,,,,,0.0,0.0,30.0,-2.0000000020559128e-06,2.199999997287705e-06,0.04,87.0,36.5,0
41315,SO-1202,Head Constable Vivek Joshi,Head Constable,57,2026-07-21 18:02:08+00:00,88.0,,,21.1811926,72.8015433,16.600000381469727,-0.016,0.0,1.015,,0.0,0.0,0.0,,,,,0.0,0.0,30.0,1.1999999998124622e-06,4.0000000041118255e-06,0.05,87.0,36.5,0
41321,SO-1202,Head Constable Vivek Joshi,Head Constable,57,2026-07-21 18:02:38+00:00,89.0,,,21.1811925,72.8015413,16.600000381469727,-0.013,-0.001,1.02,,0.0,0.0,0.0,,,,,0.0,0.0,30.0,-9.999999761589606e-08,-2.00000000916134e-06,0.02,87.0,36.5,0
41327,SO-1202,Head Constable Vivek Joshi,Head Constable,57,2026-07-21 18:03:08+00:00,88.0,,,21.1811933,72.8015375,16.600000381469727,-0.015,0.002,1.02,,0.0,0.0,0.0,,,,,0.0,0.0,30.0,7.999999986907369e-07,-3.800000001774606e-06,0.05,87.0,36.5,0
41333,SO-1202,Head Constable Vivek Joshi,Head Constable,57,2026-07-21 18:03:38+00:00,88.0,,,21.1811974,72.8015415,16.600000381469727,-0.01,-0.002,1.01,,0.0,0.0,0.0,,,,,0.0,0.0,30.0,4.099999998175008e-06,4.0000000041118255e-06,0.07,87.0,36.5,0
41339,SO-1202,Head Constable Vivek Joshi,Head Constable,57,2026-07-21 18:04:08+00:00,88.0,,,21.1811933,72.8015439,16.600000381469727,-0.014,0.003,1.02,,0.0,0.0,0.0,,,,,0.0,0.0,30.0,-4.099999998175008e-06,2.3999999996249244e-06,0.06,87.0,36.5,0
41345,SO-1202,Head Constable Vivek Joshi,Head Constable,57,2026-07-21 18:04:38+00:00,89.0,,,21.181193,72.8015439,16.600000381469727,-0.014,-0.001,1.016,,0.0,0.0,0.0,,,,,0.0,0.0,30.0,-2.999999999531156e-07,0.0,0.0,87.0,36.5,0
41351,SO-1202,Head Constable Vivek Joshi,Head Constable,57,2026-07-21 18:05:08+00:00,89.0,,,21.1796724,72.8011404,16.600000381469727,-0.01,0.003,1.021,,0.0,0.0,0.0,,,,,0.0,0.0,30.0,-0.0015205999999992,-0.0004035000000044,20.87,87.0,36.5,1
41357,SO-1202,Head Constable Vivek Joshi,Head Constable,57,2026-07-21 18:05:38+00:00,89.0,,,21.1811934,72.8015441,16.600000381469727,-0.013,0.003,1.01,,0.0,0.0,0.0,,,,,0.0,0.0,30.0,0.0015210000000003,0.0004037000000067,20.87,87.0,36.5,1
41363,SO-1202,Head Constable Vivek Joshi,Head Constable,57,2026-07-21 18:06:08+00:00,86.0,,,21.1811943,72.8015441,16.600000381469727,-0.012,0.003,1.013,,0.0,0.0,0.0,,,,,0.0,0.0,30.0,8.999999998593466e-07,0.0,0.01,87.0,36.5,0
41370,SO-1202,Head Constable Vivek Joshi,Head Constable,57,2026-07-21 18:06:39+00:00,89.0,,,21.1811934,72.8015441,16.600000381469727,-0.01,0.001,1.02,,0.0,0.0,0.0,,,,,0.0,0.0,31.0,-8.999999998593466e-07,0.0,0.01,87.0,36.5,0
41376,SO-1202,Head Constable Vivek Joshi,Head Constable,57,2026-07-21 18:07:12+00:00,84.0,,,21.181197,72.8015402,16.600000381469727,-0.014,0.001,1.024,,0.0,0.0,0.0,,,,,0.0,0.0,33.0,3.5999999994373866e-06,-3.8999999958377884e-06,0.06,87.0,36.5,0
41385,SO-1202,Head Constable Vivek Joshi,Head Constable,57,2026-07-21 18:07:42+00:00,90.0,,,21.1811925,72.8015433,16.600000381469727,-0.015,0.003,1.019,,0.0,0.0,0.0,,,,,0.0,0.0,30.0,-4.499999999296733e-06,3.1000000006997652e-06,0.07,87.0,36.5,0
41393,SO-1202,Head Constable Vivek Joshi,Head Constable,57,2026-07-21 18:08:12+00:00,86.0,,,21.1811925,72.8015432,16.600000381469727,-0.014,0.001,1.013,,0.0,0.0,0.0,,,,,0.0,0.0,30.0,0.0,-1.000000082740371e-07,0.0,87.0,36.5,0
41399,SO-1202,Head Constable Vivek Joshi,Head Constable,57,2026-07-21 18:08:42+00:00,83.0,,,21.1811936,72.801544,16.600000381469727,-0.01,0.003,1.017,,0.0,0.0,0.0,,,,,0.0,0.0,30.0,1.0999999986438525e-06,8.000000093488779e-07,0.02,87.0,36.5,0
41406,SO-1202,Head Constable Vivek Joshi,Head Constable,57,2026-07-21 18:09:12+00:00,83.0,,,21.1811995,72.8015319,16.600000381469727,-0.012,0.003,1.016,,0.0,0.0,0.0,,,,,0.0,0.0,30.0,5.900000001446415e-06,-1.210000000639866e-05,0.17,87.0,36.5,0
41413,SO-1202,Head Constable Vivek Joshi,Head Constable,57,2026-07-21 18:09:42+00:00,87.0,,,21.1811925,72.8015432,16.600000381469727,-0.006,0.005,1.012,,0.0,0.0,0.0,,,,,0.0,0.0,30.0,-7.000000000090267e-06,1.129999999704978e-05,0.17,87.0,36.5,0
41420,SO-1202,Head Constable Vivek Joshi,Head Constable,57,2026-07-21 18:10:12+00:00,83.0,,,21.1811933,72.8015439,16.600000381469727,-0.009,0.001,1.013,,0.0,0.0,0.0,,,,,0.0,0.0,30.0,7.999999986907369e-07,7.000000010748408e-07,0.01,87.0,36.5,0
41427,SO-1202,Head Constable Vivek Joshi,Head Constable,57,2026-07-21 18:10:42+00:00,87.0,87.0,,21.1811924,72.8015432,16.600000381469727,-0.005,0.002,1.016,,0.0,0.0,0.0,,,,,0.0,0.0,30.0,-8.999999998593466e-07,-7.000000010748408e-07,0.01,87.0,36.5,0
41433,SO-1202,Head Constable Vivek Joshi,Head Constable,57,2026-07-21 18:11:12+00:00,89.0,,,21.1811966,72.8015346,16.600000381469727,-0.012,0.001,1.017,,0.0,0.0,0.0,,,,,0.0,0.0,30.0,4.199999999343618e-06,-8.600000001024455e-06,0.12,87.0,36.5,0
41439,SO-1202,Head Constable Vivek Joshi,Head Constable,57,2026-07-21 18:11:42+00:00,86.0,87.0,,21.1811945,72.801537,16.600000381469727,-0.009,0.002,1.022,,0.0,0.0,0.0,,,,,0.0,0.0,30.0,-2.099999999671809e-06,2.3999999996249244e-06,0.04,87.0,36.5,0
41445,SO-1202,Head Constable Vivek Joshi,Head Constable,57,2026-07-21 18:12:12+00:00,88.0,87.0,,21.1811934,72.8015399,16.600000381469727,-0.012,0.0,1.017,,0.0,0.0,0.0,,,,,0.0,0.0,30.0,-1.0999999986438525e-06,2.8999999983625457e-06,0.04,87.0,36.5,0
41452,SO-1202,Head Constable Vivek Joshi,Head Constable,57,2026-07-21 18:12:42+00:00,85.0,,,21.1811928,72.8015436,16.600000381469727,-0.011,0.003,1.014,,0.0,0.0,0.0,,,,,0.0,0.0,30.0,-5.999999999062311e-07,3.700000007711424e-06,0.05,87.0,36.5,0
41459,SO-1202,Head Constable Vivek Joshi,Head Constable,57,2026-07-21 18:13:12+00:00,86.0,86.0,,21.1811925,72.8015436,16.600000381469727,-0.009,0.0,1.014,,0.0,0.0,0.0,,,,,0.0,0.0,30.0,-2.999999999531156e-07,0.0,0.0,86.0,36.5,0
41466,SO-1202,Head Constable Vivek Joshi,Head Constable,57,2026-07-21 18:13:42+00:00,88.0,86.0,,21.1811927,72.8015434,16.600000381469727,-0.01,0.001,1.021,,0.0,0.0,0.0,,,,,0.0,0.0,30.0,1.999999987845058e-07,-2.0000000233721948e-07,0.0,86.0,36.5,0
41473,SO-1202,Head Constable Vivek Joshi,Head Constable,57,2026-07-21 18:14:12+00:00,89.0,,,21.1811948,72.8015403,16.600000381469727,-0.01,0.003,1.022,,0.0,0.0,0.0,,,,,0.0,0.0,30.0,2.099999999671809e-06,-3.1000000006997652e-06,0.05,86.0,36.5,0
41480,SO-1202,Head Constable Vivek Joshi,Head Constable,57,2026-07-21 18:14:42+00:00,85.0,,,21.181194,72.801544,16.600000381469727,-0.012,-0.001,1.018,,0.0,0.0,0.0,,,,,0.0,0.0,30.0,-7.999999986907369e-07,3.700000007711424e-06,0.05,86.0,36.5,0
41488,SO-1202,Head Constable Vivek Joshi,Head Constable,57,2026-07-21 18:15:12+00:00,85.0,,,21.181193,72.8015438,16.600000381469727,-0.388,0.552,0.35,,0.0,0.0,0.0,,,,,0.0,0.0,30.0,-1.0000000010279564e-06,-2.0000000233721948e-07,0.01,86.0,36.5,0
43657,SO-1202,Head Constable Vivek Joshi,Head Constable,57,2026-07-22 13:15:43+00:00,93.0,83.0,,21.1811926,72.8015433,16.600000381469727,-0.97,0.065,0.068,,0.0,0.0,0.0,,,,,0.0,0.0,68431.0,-4.000000011217253e-07,-4.999999987376214e-07,0.0,83.0,36.5,2
43658,SO-1202,Head Constable Vivek Joshi,Head Constable,57,2026-07-22 13:16:13+00:00,83.0,83.0,,21.1811834,72.8015587,16.600000381469727,-0.978,0.094,0.114,,0.0,0.0,0.0,,,,,0.0,0.0,30.0,-9.200000000930686e-06,1.539999999522479e-05,0.23,83.0,36.5,0
43659,SO-1202,Head Constable Vivek Joshi,Head Constable,57,2026-07-22 13:16:43+00:00,96.0,86.0,,21.1811936,72.801544,16.600000381469727,-0.973,0.098,0.118,,0.0,0.0,0.0,,,,,0.0,0.0,30.0,1.0200000001958642e-05,-1.4699999994149948e-05,0.23,86.0,36.5,2
43660,SO-1202,Head Constable Vivek Joshi,Head Constable,57,2026-07-22 13:17:13+00:00,83.0,86.0,,21.181195,72.8015418,16.600000381469727,-0.969,0.099,0.107,,0.0,0.0,0.0,,,,,0.0,0.0,30.0,1.399999998596968e-06,-2.2000000114985596e-06,0.03,86.0,36.5,0
43661,SO-1202,Head Constable Vivek Joshi,Head Constable,57,2026-07-22 13:17:43+00:00,83.0,,,21.1811945,72.8015403,16.600000381469727,-0.974,0.103,0.116,,0.0,0.0,0.0,,,,,0.0,0.0,30.0,-4.999999987376214e-07,-1.499999996212864e-06,0.02,86.0,36.5,0
43662,SO-1202,Head Constable Vivek Joshi,Head Constable,57,2026-07-22 13:18:13+00:00,83.0,,,21.1811944,72.801543,16.600000381469727,-0.981,0.1,0.107,,0.0,0.0,0.0,,,,,0.0,0.0,30.0,-1.0000000116860974e-07,2.6999999960253263e-06,0.03,86.0,36.5,0
43663,SO-1202,Head Constable Vivek Joshi,Head Constable,57,2026-07-22 13:18:43+00:00,86.0,77.0,,21.1811935,72.8015434,16.600000381469727,0.7,-0.257,0.481,,0.0,0.0,0.0,,,,,0.0,0.0,30.0,-8.999999998593466e-07,4.0000000467443897e-07,0.01,77.0,36.5,0
43664,SO-1202,Head Constable Vivek Joshi,Head Constable,57,2026-07-22 13:19:13+00:00,87.0,84.0,,21.1811858,72.801547,16.600000381469727,-0.952,-0.188,-0.115,,0.0,0.0,0.0,,,,,0.0,0.0,30.0,-7.699999997612395e-06,3.5999999994373866e-06,0.11,84.0,36.5,0
43665,SO-1202,Head Constable Vivek Joshi,Head Constable,57,2026-07-22 13:19:43+00:00,90.0,84.0,,21.1811935,72.8015388,16.600000381469727,-0.957,-0.173,-0.122,,0.0,0.0,0.0,,,,,0.0,0.0,30.0,7.699999997612395e-06,-8.199999996350016e-06,0.14,84.0,36.5,0
43666,SO-1202,Head Constable Vivek Joshi,Head Constable,57,2026-07-22 13:20:13+00:00,91.0,86.0,,21.1811925,72.8015449,16.600000381469727,-0.956,-0.172,-0.117,,0.0,0.0,0.0,,,,,0.0,0.0,30.0,-9.999999974752427e-07,6.099999993125493e-06,0.08,86.0,36.5,2
43667,SO-1202,Head Constable Vivek Joshi,Head Constable,57,2026-07-22 13:20:43+00:00,81.0,88.0,,21.1811927,72.8015454,16.600000381469727,-0.962,-0.168,-0.104,,0.0,0.0,0.0,,,,,0.0,0.0,30.0,1.999999987845058e-07,4.999999987376214e-07,0.01,88.0,36.5,0
43668,SO-1202,Head Constable Vivek Joshi,Head Constable,57,2026-07-22 13:21:13+00:00,93.0,86.0,,21.1811927,72.8015438,16.600000381469727,-0.962,-0.168,-0.09,,0.0,0.0,0.0,,,,,0.0,0.0,30.0,0.0,-1.5999999902760464e-06,0.02,86.0,36.5,2
43669,SO-1202,Head Constable Vivek Joshi,Head Constable,57,2026-07-22 13:21:43+00:00,95.0,88.0,,21.1811935,72.8015388,16.600000381469727,-0.964,-0.164,-0.082,,0.0,0.0,0.0,,,,,0.0,0.0,30.0,7.999999986907369e-07,-5.000000001587068e-06,0.06,88.0,36.5,2
43670,SO-1202,Head Constable Vivek Joshi,Head Constable,57,2026-07-22 13:22:13+00:00,88.0,88.0,,21.1811932,72.8015431,16.600000381469727,-0.969,-0.169,-0.083,,0.0,0.0,0.0,,,,,0.0,0.0,30.0,-2.999999999531156e-07,4.300000000512227e-06,0.05,88.0,36.5,0
43671,SO-1202,Head Constable Vivek Joshi,Head Constable,57,2026-07-22 13:22:43+00:00,92.0,88.0,,21.1811927,72.8015438,16.600000381469727,-0.961,-0.168,-0.076,,0.0,0.0,0.0,,,,,0.0,0.0,30.0,-4.999999987376214e-07,7.000000010748408e-07,0.01,88.0,36.5,2
43672,SO-1202,Head Constable Vivek Joshi,Head Constable,57,2026-07-22 13:23:13+00:00,98.0,88.0,,21.1811867,72.8015424,16.600000381469727,-0.96,-0.138,-0.18,,0.0,0.0,0.0,,,,,0.0,0.0,30.0,-5.999999999062311e-06,-1.4000000021496817e-06,0.08,88.0,36.5,2
43673,SO-1202,Head Constable Vivek Joshi,Head Constable,57,2026-07-22 13:23:43+00:00,91.0,86.0,,21.1811924,72.8015432,16.600000381469727,-0.955,-0.157,-0.158,,0.0,0.0,0.0,,,,,0.0,0.0,30.0,5.699999999109195e-06,7.999999951380232e-07,0.08,86.0,36.5,2
43674,SO-1202,Head Constable Vivek Joshi,Head Constable,57,2026-07-22 13:24:13+00:00,87.0,88.0,,21.1811949,72.80154,16.600000381469727,-0.93,-0.092,-0.298,,0.0,0.0,0.0,,,,,0.0,0.0,30.0,2.500000000793534e-06,-3.1999999947629476e-06,0.05,88.0,36.5,0
43675,SO-1202,Head Constable Vivek Joshi,Head Constable,57,2026-07-22 13:24:44+00:00,94.0,88.0,,21.1811772,72.801565,16.600000381469727,-0.774,0.535,0.529,,0.0,0.0,0.0,,,,,0.0,0.0,31.0,-1.770000000078653e-05,2.4999999993724487e-05,0.38,88.0,36.5,2
43676,SO-1202,Head Constable Vivek Joshi,Head Constable,57,2026-07-22 13:25:13+00:00,100.0,84.0,,21.1811942,72.8015442,16.600000381469727,-0.729,0.504,0.468,,0.0,0.0,0.0,,,,,0.0,0.0,29.0,1.699999999971169e-05,-2.0800000001486296e-05,0.36,84.0,36.5,2
43677,SO-1202,Head Constable Vivek Joshi,Head Constable,57,2026-07-22 13:25:43+00:00,88.0,88.0,,21.1811924,72.8015432,16.600000381469727,-0.396,0.103,-0.862,,0.0,0.0,0.0,,,,,0.0,0.0,30.0,-1.7999999997186933e-06,-9.999999974752427e-07,0.03,88.0,36.5,0
43678,SO-1202,Head Constable Vivek Joshi,Head Constable,57,2026-07-22 13:26:13+00:00,88.0,88.0,,21.1811839,72.8015464,16.600000381469727,-0.961,0.328,-0.422,,0.0,0.0,0.0,,,,,0.0,0.0,30.0,-8.499999999855845e-06,3.2000000089738023e-06,0.12,88.0,36.5,0
43679,SO-1202,Head Constable Vivek Joshi,Head Constable,57,2026-07-22 13:26:43+00:00,92.0,88.0,,21.1811925,72.8015432,16.600000381469727,-0.034,0.069,1.004,,0.0,0.0,0.0,,,,,0.0,0.0,30.0,8.600000001024455e-06,-3.2000000089738023e-06,0.12,88.0,36.5,2
43680,SO-1202,Head Constable Vivek Joshi,Head Constable,57,2026-07-22 13:27:13+00:00,89.0,86.0,,21.1811968,72.8015408,16.600000381469727,-0.486,-0.225,0.852,,0.0,0.0,0.0,,,,,0.0,0.0,30.0,4.299999996959514e-06,-2.3999999996249244e-06,0.06,86.0,36.5,0
43681,SO-1202,Head Constable Vivek Joshi,Head Constable,57,2026-07-22 13:27:43+00:00,87.0,88.0,,21.1812087,72.8015216,16.600000381469727,-0.592,-0.115,-0.729,,0.0,0.0,0.0,,,,,0.0,0.0,30.0,1.1900000000508726e-05,-1.9199999996999395e-05,0.29,88.0,36.5,0
43682,SO-1202,Head Constable Vivek Joshi,Head Constable,57,2026-07-22 13:28:13+00:00,87.0,87.0,,21.1811936,72.801544,16.600000381469727,-0.766,0.001,-0.63,,0.0,0.0,0.0,,,,,0.0,0.0,30.0,-1.5099999998824389e-05,2.2400000005973197e-05,0.34,87.0,36.5,0
43683,SO-1202,Head Constable Vivek Joshi,Head Constable,57,2026-07-22 13:28:43+00:00,80.0,87.0,,21.1811928,72.8015436,16.600000381469727,-0.791,-0.04,-0.588,,0.0,0.0,0.0,,,,,0.0,0.0,30.0,-7.999999986907369e-07,-4.0000000467443897e-07,0.01,87.0,36.5,0
43684,SO-1202,Head Constable Vivek Joshi,Head Constable,57,2026-07-22 13:29:13+00:00,80.0,86.0,,21.1811927,72.8015434,16.600000381469727,-0.779,0.0,-0.593,,0.0,0.0,0.0,,,,,0.0,0.0,30.0,-1.0000000116860974e-07,-2.0000000233721948e-07,0.0,86.0,36.5,0
43685,SO-1202,Head Constable Vivek Joshi,Head Constable,57,2026-07-22 13:29:43+00:00,84.0,81.0,,21.1811913,72.801536,16.600000381469727,-0.883,-0.051,-0.417,,0.0,0.0,0.0,,,,,0.0,0.0,30.0,-1.4000000021496817e-06,-7.400000001211993e-06,0.09,81.0,36.5,0
43686,SO-1202,Head Constable Vivek Joshi,Head Constable,57,2026-07-22 13:30:13+00:00,82.0,88.0,,21.1808306,72.8018791,16.600000381469727,-0.895,-0.004,-0.405,,0.0,0.0,0.0,,,,,0.0,0.0,30.0,-0.0003606999999981,0.0003430999999949,6.42,88.0,36.5,1
43687,SO-1202,Head Constable Vivek Joshi,Head Constable,57,2026-07-22 13:30:43+00:00,95.0,70.0,,21.1811884,72.8015206,16.600000381469727,-0.9,0.007,-0.4,,0.0,0.0,0.0,,,,,0.0,0.0,30.0,0.0003577999999997,-0.0003584999999901,6.52,70.0,36.5,1
43688,SO-1202,Head Constable Vivek Joshi,Head Constable,57,2026-07-22 13:31:13+00:00,89.0,54.0,,21.1811943,72.8015441,16.600000381469727,-0.904,0.012,-0.397,,0.0,0.0,0.0,,,,,0.0,0.0,30.0,5.900000001446415e-06,2.3499999997511622e-05,0.3,54.0,36.5,0
43689,SO-1202,Head Constable Vivek Joshi,Head Constable,57,2026-07-22 13:31:47+00:00,93.0,60.0,,21.1808306,72.8018791,16.600000381469727,-0.492,0.065,-0.851,,0.0,0.0,0.0,,,,,0.0,0.0,34.0,-0.0003637000000011,0.0003349999999926,5.63,60.0,36.5,1
43690,SO-1202,Head Constable Vivek Joshi,Head Constable,57,2026-07-22 13:32:13+00:00,82.0,88.0,,21.1811702,72.80157,16.600000381469727,-0.482,0.099,-0.854,,0.0,0.0,0.0,,,,,0.0,0.0,26.0,0.0003396000000002,-0.0003090999999955,6.85,88.0,36.5,1
43691,SO-1202,Head Constable Vivek Joshi,Head Constable,57,2026-07-22 13:32:43+00:00,97.0,75.0,,21.1811936,72.8015386,16.600000381469727,-0.235,0.971,-0.063,,0.0,0.0,0.0,,,,,0.0,0.0,30.0,2.3399999999895726e-05,-3.1399999997461236e-05,0.5,75.0,36.5,2
43692,SO-1202,Head Constable Vivek Joshi,Head Constable,57,2026-07-22 13:33:14+00:00,84.0,84.0,,21.1811924,72.8015432,16.600000381469727,-0.27,0.963,-0.09,,0.0,0.0,0.0,,,,,0.0,0.0,31.0,-1.1999999998124622e-06,4.599999996912629e-06,0.06,84.0,36.5,0
43693,SO-1202,Head Constable Vivek Joshi,Head Constable,57,2026-07-22 13:33:44+00:00,96.0,79.0,,21.1811924,72.8015421,16.600000381469727,-0.82,-0.142,-0.562,,0.0,0.0,0.0,,,,,0.0,0.0,30.0,0.0,-1.099999991538425e-06,0.01,79.0,36.5,2
43694,SO-1202,Head Constable Vivek Joshi,Head Constable,57,2026-07-22 13:34:13+00:00,91.0,88.0,,21.181194,72.8015375,16.600000381469727,-0.646,-0.154,-0.71,,0.0,0.0,0.0,,,,,0.0,0.0,29.0,1.6000000009341877e-06,-4.600000011123484e-06,0.06,88.0,36.5,2
43695,SO-1202,Head Constable Vivek Joshi,Head Constable,57,2026-07-22 13:34:46+00:00,86.0,88.0,,21.1811934,72.8015414,16.600000381469727,-0.966,-0.009,0.092,,0.0,0.0,0.0,,,,,0.0,0.0,33.0,-5.999999999062311e-07,3.900000010048643e-06,0.04,88.0,36.5,0
43696,SO-1202,Head Constable Vivek Joshi,Head Constable,57,2026-07-22 13:35:13+00:00,93.0,64.0,,21.1811891,72.8015343,16.600000381469727,-0.239,-0.084,-0.947,,0.0,0.0,0.0,,,,,0.0,0.0,27.0,-4.300000000512227e-06,-7.100000004811591e-06,0.12,64.0,36.5,2
43697,SO-1202,Head Constable Vivek Joshi,Head Constable,57,2026-07-22 13:35:43+00:00,96.0,81.0,,21.1811898,72.8015451,16.600000381469727,-0.472,-0.315,-0.643,,0.0,0.0,0.0,,,,,0.0,0.0,30.0,6.999999975221272e-07,1.079999999831216e-05,0.13,81.0,36.5,2
43698,SO-1202,Head Constable Vivek Joshi,Head Constable,57,2026-07-22 13:36:13+00:00,99.0,83.0,,21.1811938,72.801537,16.600000381469727,-0.79,-0.05,-0.588,,0.0,0.0,0.0,,,,,0.0,0.0,30.0,4.000000000559112e-06,-8.100000002286833e-06,0.11,83.0,36.5,2
43699,SO-1202,Head Constable Vivek Joshi,Head Constable,57,2026-07-22 13:37:13+00:00,93.0,88.0,,21.1811896,72.8015367,16.600000381469727,-0.853,0.507,0.009,,0.0,0.0,0.0,,,,,0.0,0.0,60.0,-4.199999999343618e-06,-2.999999964004019e-07,0.03,88.0,36.5,2
43700,SO-1202,Head Constable Vivek Joshi,Head Constable,57,2026-07-22 13:37:44+00:00,87.0,81.0,,21.1811926,72.8015437,16.600000381469727,-0.772,-0.052,-0.605,,0.0,0.0,0.0,,,,,0.0,0.0,31.0,2.9999999995311555e-06,6.999999996537554e-06,0.09,81.0,36.5,0
43701,SO-1202,Head Constable Vivek Joshi,Head Constable,57,2026-07-22 13:38:13+00:00,86.0,74.0,,21.181193,72.8015391,16.600000381469727,-0.854,-0.118,-0.486,,0.0,0.0,0.0,,,,,0.0,0.0,29.0,4.000000011217253e-07,-4.599999996912629e-06,0.06,74.0,36.5,0
43702,SO-1202,Head Constable Vivek Joshi,Head Constable,57,2026-07-22 13:38:43+00:00,100.0,88.0,,21.1811927,72.8015438,16.600000381469727,-0.875,0.359,0.291,,0.0,0.0,0.0,,,,,0.0,0.0,30.0,-2.999999999531156e-07,4.700000005186666e-06,0.06,88.0,36.5,2
43703,SO-1202,Head Constable Vivek Joshi,Head Constable,57,2026-07-22 13:39:13+00:00,96.0,86.0,,21.1811927,72.8015438,16.600000381469727,-0.682,-0.157,-0.704,,0.0,0.0,0.0,,,,,0.0,0.0,30.0,0.0,0.0,0.0,86.0,36.5,2
43704,SO-1202,Head Constable Vivek Joshi,Head Constable,57,2026-07-22 13:39:43+00:00,84.0,75.0,,21.1811927,72.8015438,16.600000381469727,-0.768,-0.127,-0.597,,0.0,0.0,0.0,,,,,0.0,0.0,30.0,0.0,0.0,0.0,75.0,36.5,0
43705,SO-1202,Head Constable Vivek Joshi,Head Constable,57,2026-07-22 13:40:13+00:00,88.0,62.0,,21.1811926,72.8015437,16.600000381469727,-0.755,-0.125,-0.624,,0.0,0.0,0.0,,,,,0.0,0.0,30.0,-1.0000000116860974e-07,-1.000000082740371e-07,0.0,62.0,36.5,0
43706,SO-1202,Head Constable Vivek Joshi,Head Constable,57,2026-07-22 13:40:43+00:00,81.0,76.0,,21.1811925,72.8015436,16.600000381469727,-0.742,-0.117,-0.636,,0.0,0.0,0.0,,,,,0.0,0.0,30.0,-9.999999761589606e-08,-9.999999406318238e-08,0.0,76.0,36.5,0
43707,SO-1202,Head Constable Vivek Joshi,Head Constable,57,2026-07-22 13:41:13+00:00,91.0,57.0,,21.1811939,72.801539,16.600000381469727,-0.735,-0.111,-0.64,,0.0,0.0,0.0,,,,,0.0,0.0,30.0,1.399999998596968e-06,-4.599999996912629e-06,0.06,57.0,36.5,2
43725,SO-1202,Head Constable Vivek Joshi,Head Constable,57,2026-07-22 14:07:10+00:00,86.0,88.0,,21.1810677,72.8015673,14.299999237060549,-0.93,-0.178,-0.249,,0.0,0.0,0.0,,,,,0.0,0.0,1557.0,-0.0001262000000004,2.829999999676147e-05,0.0,88.0,36.5,0
43727,SO-1202,Head Constable Vivek Joshi,Head Constable,57,2026-07-22 14:07:41+00:00,91.0,72.0,,21.1810527,72.8014911,15.199996948242188,-0.878,-0.377,-0.196,,0.0,0.0,0.0,,,,,0.0,0.0,31.0,-1.5000000001208493e-05,-7.619999999519678e-05,0.94,72.0,36.5,2
43729,SO-1202,Head Constable Vivek Joshi,Head Constable,57,2026-07-22 14:08:10+00:00,81.0,88.0,,21.181028,72.8014522,15.099998474121094,-0.575,0.235,0.798,,0.0,0.0,0.0,,,,,0.0,0.0,29.0,-2.4699999997324085e-05,-3.8900000006947266e-05,0.6,88.0,36.5,0
43731,SO-1202,Head Constable Vivek Joshi,Head Constable,57,2026-07-22 14:08:40+00:00,86.0,85.0,,21.1810457,72.8014196,15.199996948242188,-0.437,0.158,0.901,,0.0,0.0,0.0,,,,,0.0,0.0,30.0,1.7699999997233817e-05,-3.25999999972737e-05,0.47,85.0,36.5,0
43733,SO-1202,Head Constable Vivek Joshi,Head Constable,57,2026-07-22 14:09:10+00:00,86.0,85.0,,21.1810805,72.8013557,15.199996948242188,-0.478,0.112,0.883,,0.0,0.0,0.0,,,,,0.0,0.0,30.0,3.480000000166683e-05,-6.390000000067175e-05,0.92,85.0,36.5,0
43735,SO-1202,Head Constable Vivek Joshi,Head Constable,57,2026-07-22 14:09:40+00:00,93.0,75.0,,21.181138,72.8012824,15.199996948242188,-0.441,0.114,0.906,,0.0,0.0,0.0,,,,,0.0,0.0,30.0,5.750000000048772e-05,-7.329999999683423e-05,1.19,75.0,36.5,2
43737,SO-1202,Head Constable Vivek Joshi,Head Constable,57,2026-07-22 14:10:10+00:00,93.0,83.0,,21.1810321,72.8012827,15.199996948242188,-0.423,0.113,0.922,,0.0,0.0,0.0,,,,,0.0,0.0,30.0,-0.0001059000000012,2.999999964004019e-07,1.41,83.0,36.5,2
43739,SO-1202,Head Constable Vivek Joshi,Head Constable,57,2026-07-22 14:10:40+00:00,82.0,88.0,,21.1811068,72.8013223,15.199996948242188,-0.431,0.11,0.917,,0.0,0.0,0.0,,,,,0.0,0.0,30.0,7.469999999898391e-05,3.959999999381125e-05,1.11,88.0,36.5,0
43741,SO-1202,Head Constable Vivek Joshi,Head Constable,57,2026-07-22 14:11:10+00:00,88.0,84.0,,21.1810745,72.8015157,15.099998474121094,-0.425,0.107,0.919,,0.0,0.0,0.0,,,,,0.0,0.0,30.0,-3.229999999732058e-05,0.0001934000000005,2.44,84.0,36.5,0
43743,SO-1202,Head Constable Vivek Joshi,Head Constable,57,2026-07-22 14:11:41+00:00,89.0,86.0,,21.1810236,72.8012826,15.199996948242188,-0.602,0.173,0.809,,0.0,0.0,0.0,,,,,0.0,0.0,31.0,-5.0900000001519174e-05,-0.0002331000000026,2.88,86.0,36.5,0
43745,SO-1202,Head Constable Vivek Joshi,Head Constable,57,2026-07-22 14:12:10+00:00,91.0,88.0,,21.1810848,72.8013773,15.199996948242188,-0.392,0.107,0.933,,0.0,0.0,0.0,,,,,0.0,0.0,29.0,6.120000000109371e-05,9.47000000053322e-05,1.48,88.0,36.5,2
43747,SO-1202,Head Constable Vivek Joshi,Head Constable,57,2026-07-22 14:12:40+00:00,98.0,88.0,,21.1810821,72.8015169,15.099998474121094,-0.377,0.133,0.934,,0.0,0.0,0.0,,,,,0.0,0.0,30.0,-2.69999999957804e-06,0.0001395999999971,1.73,88.0,36.5,2
43749,SO-1202,Head Constable Vivek Joshi,Head Constable,57,2026-07-22 14:13:10+00:00,98.0,88.0,,21.1811043,72.8014625,15.099998474121094,-0.354,0.163,0.942,,0.0,0.0,0.0,,,,,0.0,0.0,30.0,2.2200000000083264e-05,-5.439999999623524e-05,0.74,88.0,36.5,2
43751,SO-1202,Head Constable Vivek Joshi,Head Constable,57,2026-07-22 14:13:40+00:00,100.0,88.0,,21.1810974,72.8013127,15.199996948242188,-0.354,0.158,0.942,,0.0,0.0,0.0,,,,,0.0,0.0,30.0,-6.900000002474371e-06,-0.0001498000000026,1.86,88.0,36.5,2
43753,SO-1202,Head Constable Vivek Joshi,Head Constable,57,2026-07-22 14:14:10+00:00,87.0,88.0,,21.1810846,72.8014545,15.099998474121094,-0.34,0.15,0.948,,0.0,0.0,0.0,,,,,0.0,0.0,30.0,-1.2800000000368073e-05,0.0001418000000086,1.77,88.0,36.5,0
43755,SO-1202,Head Constable Vivek Joshi,Head Constable,57,2026-07-22 14:14:40+00:00,94.0,88.0,,21.1810703,72.8014492,15.199996948242188,-0.335,0.138,0.949,,0.0,0.0,0.0,,,,,0.0,0.0,30.0,-1.430000000013365e-05,-5.300000012198325e-06,0.2,88.0,36.5,2
43757,SO-1202,Head Constable Vivek Joshi,Head Constable,57,2026-07-22 14:15:10+00:00,98.0,88.0,,21.1810634,72.8013726,15.199996948242188,-0.327,0.155,0.952,,0.0,0.0,0.0,,,,,0.0,0.0,30.0,-6.899999998921658e-06,-7.659999999987122e-05,0.96,88.0,36.5,2
43759,SO-1202,Head Constable Vivek Joshi,Head Constable,57,2026-07-22 14:15:40+00:00,100.0,88.0,,21.1810701,72.8014537,15.199996948242188,-0.34,0.152,0.956,,0.0,0.0,0.0,,,,,0.0,0.0,30.0,6.700000000137152e-06,8.110000000272066e-05,1.01,88.0,36.5,2
43761,SO-1202,Head Constable Vivek Joshi,Head Constable,57,2026-07-22 14:16:10+00:00,95.0,85.0,,21.1810821,72.8014634,15.099998474121094,-0.952,-0.164,-0.075,,0.0,0.0,0.0,,,,,0.0,0.0,30.0,1.2000000001677336e-05,9.700000006773736e-06,0.2,85.0,36.5,2
43763,SO-1202,Head Constable Vivek Joshi,Head Constable,57,2026-07-22 14:16:40+00:00,89.0,88.0,,21.1807986,72.8008271,15.199996948242188,-0.391,1.067,-0.218,,0.0,0.0,0.0,,,,,0.0,0.0,30.0,-0.0002835000000018,-0.0006362999999964,8.76,88.0,36.5,1
43765,SO-1202,Head Constable Vivek Joshi,Head Constable,57,2026-07-22 14:17:10+00:00,83.0,88.0,,21.1811633,72.8012579,15.199996948242188,-0.52,0.273,0.829,,0.0,0.0,0.0,,,,,0.0,0.0,30.0,0.0003647000000022,0.0004307999999895,7.23,88.0,36.5,1
43767,SO-1202,Head Constable Vivek Joshi,Head Constable,57,2026-07-22 14:17:40+00:00,93.0,88.0,,21.1810152,72.8012152,15.099998474121094,-0.089,0.713,1.118,,0.0,0.0,0.0,,,,,0.0,0.0,30.0,-0.0001481000000005,-4.269999999451102e-05,2.04,88.0,36.5,2
43769,SO-1202,Head Constable Vivek Joshi,Head Constable,57,2026-07-22 14:18:11+00:00,88.0,70.0,,21.1810346,72.8012408,15.199996948242188,0.021,0.688,-0.703,,0.0,0.0,0.0,,,,,0.0,0.0,31.0,1.9399999999336615e-05,2.5600000000736145e-05,0.4,70.0,36.5,0
43771,SO-1202,Head Constable Vivek Joshi,Head Constable,57,2026-07-22 14:18:40+00:00,95.0,88.0,,21.1810547,72.8012944,15.199996948242188,-0.973,-0.065,-0.277,,0.0,0.0,0.0,,,,,0.0,0.0,29.0,2.0100000000411455e-05,5.3600000001097214e-05,0.74,88.0,36.5,2
43774,SO-1202,Head Constable Vivek Joshi,Head Constable,57,2026-07-22 14:19:43+00:00,89.0,88.0,,21.181026,72.8012262,15.199996948242188,-0.479,0.626,-0.646,,0.0,0.0,0.0,,,,,0.0,0.0,63.0,-2.870000000143591e-05,-6.820000000118398e-05,0.44,88.0,36.5,0
43776,SO-1202,Head Constable Vivek Joshi,Head Constable,57,2026-07-22 14:20:10+00:00,94.0,88.0,,21.1810514,72.8012902,15.199996948242188,-0.454,0.14,0.902,,0.0,0.0,0.0,,,,,0.0,0.0,27.0,2.540000000195164e-05,6.399999999473494e-05,0.96,88.0,36.5,2
43778,SO-1202,Head Constable Vivek Joshi,Head Constable,57,2026-07-22 14:20:40+00:00,85.0,88.0,,21.1810151,72.8012737,15.199996948242188,-0.396,0.273,0.891,,0.0,0.0,0.0,,,,,0.0,0.0,30.0,-3.630000000143241e-05,-1.650000000097407e-05,0.53,88.0,36.5,0
43780,SO-1202,Head Constable Vivek Joshi,Head Constable,57,2026-07-22 14:21:10+00:00,90.0,88.0,,21.1810405,72.8013007,15.199996948242188,-0.401,0.286,0.892,,0.0,0.0,0.0,,,,,0.0,0.0,30.0,2.540000000195164e-05,2.7000000002885827e-05,0.48,88.0,36.5,0
43781,SO-1202,Head Constable Vivek Joshi,Head Constable,57,2026-07-22 14:21:40+00:00,88.0,86.0,,21.1810318,72.8013066,15.199996948242188,-0.374,0.266,0.915,,0.0,0.0,0.0,,,,,0.0,0.0,30.0,-8.700000002193065e-06,5.900000004999129e-06,0.14,86.0,36.5,0
43784,SO-1202,Head Constable Vivek Joshi,Head Constable,57,2026-07-22 14:22:10+00:00,82.0,86.0,,21.1810584,72.8013087,15.199996948242188,-0.141,0.982,-0.162,,0.0,0.0,0.0,,,,,0.0,0.0,30.0,2.66000000017641e-05,2.1000000032245225e-06,0.36,86.0,36.5,0
43787,SO-1202,Head Constable Vivek Joshi,Head Constable,57,2026-07-22 14:22:40+00:00,88.0,88.0,,21.1810421,72.8013362,15.199996948242188,-0.467,0.042,0.891,,0.0,0.0,0.0,,,,,0.0,0.0,30.0,-1.6300000002189563e-05,2.7499999987412593e-05,0.4,88.0,36.5,0
43790,SO-1202,Head Constable Vivek Joshi,Head Constable,57,2026-07-22 14:23:10+00:00,85.0,88.0,,21.1809655,72.8016894,13.799999237060549,-0.673,-0.232,0.757,,0.0,0.0,0.0,,,,,0.0,0.0,30.0,-7.659999999987122e-05,0.0003532000000063,4.5,88.0,36.5,0
43793,SO-1202,Head Constable Vivek Joshi,Head Constable,57,2026-07-22 14:23:40+00:00,87.0,71.0,,21.1811409,72.8012329,15.199996948242188,-0.33,0.89,0.066,,0.0,0.0,0.0,,,,,0.0,0.0,30.0,0.0001753999999998,-0.0004564999999985,6.13,71.0,36.5,1
43796,SO-1202,Head Constable Vivek Joshi,Head Constable,57,2026-07-22 14:24:10+00:00,100.0,76.0,,21.1811465,72.801247,18.399999618530273,-1.118,-0.399,-0.546,,0.0,0.0,0.0,,,,,0.0,0.0,30.0,5.600000001493299e-06,1.4100000001349144e-05,0.19,76.0,36.5,2
43800,SO-1202,Head Constable Vivek Joshi,Head Constable,57,2026-07-22 14:24:40+00:00,87.0,88.0,,21.1812135,72.8012527,18.399999618530273,-0.705,0.285,0.666,,0.0,0.0,0.0,,,,,0.0,0.0,30.0,6.69999999978188e-05,5.700000002661909e-06,0.9,88.0,36.5,0
43803,SO-1202,Head Constable Vivek Joshi,Head Constable,57,2026-07-22 14:25:10+00:00,88.0,88.0,,21.1811324,72.8014378,16.600000381469727,-0.758,-0.208,0.614,,0.0,0.0,0.0,,,,,0.0,0.0,30.0,-8.109999999916795e-05,0.0001850999999959,2.54,88.0,36.5,0
43806,SO-1202,Head Constable Vivek Joshi,Head Constable,57,2026-07-22 14:25:40+00:00,96.0,86.0,,21.1812638,72.8013364,18.399999618530273,-0.778,0.29,0.622,,0.0,0.0,0.0,,,,,0.0,0.0,30.0,0.0001314000000007,-0.0001014000000054,2.16,86.0,36.5,2
43809,SO-1202,Head Constable Vivek Joshi,Head Constable,57,2026-07-22 14:26:10+00:00,83.0,82.0,,21.1813912,72.801205,21.299999237060547,0.227,0.522,-0.856,,0.0,0.0,0.0,,,,,0.0,0.0,30.0,0.0001274000000002,-0.0001314000000007,2.35,82.0,36.5,0
43812,SO-1202,Head Constable Vivek Joshi,Head Constable,57,2026-07-22 14:26:40+00:00,87.0,88.0,,21.1811408,72.8012508,18.399999618530273,-0.433,0.616,0.68,,0.0,0.0,0.0,,,,,0.0,0.0,30.0,-0.0002503999999987,4.580000000942164e-05,3.38,88.0,36.5,0
43814,SO-1202,Head Constable Vivek Joshi,Head Constable,57,2026-07-22 14:27:10+00:00,88.0,86.0,,21.1813911,72.8011816,19.799999237060547,-0.701,-0.078,-0.159,,0.0,0.0,0.0,,,,,0.0,0.0,30.0,0.0002502999999975,-6.919999999865922e-05,3.44,86.0,36.5,0
43816,SO-1202,Head Constable Vivek Joshi,Head Constable,57,2026-07-22 14:27:40+00:00,91.0,86.0,,21.1811691,72.8015084,16.600000381469727,-0.789,0.372,0.489,,0.0,0.0,0.0,,,,,0.0,0.0,30.0,-0.0002219999999972,0.0003267999999962,5.02,86.0,36.5,1
43818,SO-1202,Head Constable Vivek Joshi,Head Constable,57,2026-07-22 14:28:10+00:00,92.0,79.0,,21.1812554,72.8012828,18.399999618530273,-0.97,-0.131,0.004,,0.0,0.0,0.0,,,,,0.0,0.0,30.0,8.629999999953952e-05,-0.0002256000000073,3.03,79.0,36.5,2
43820,SO-1202,Head Constable Vivek Joshi,Head Constable,57,2026-07-22 14:28:40+00:00,90.0,67.0,,21.1812516,72.8012462,18.399999618530273,-0.975,-0.126,-0.076,,0.0,0.0,0.0,,,,,0.0,0.0,30.0,-3.800000001774606e-06,-3.660000000138552e-05,0.46,67.0,36.5,0
43822,SO-1202,Head Constable Vivek Joshi,Head Constable,57,2026-07-22 14:29:10+00:00,94.0,80.0,,21.1812325,72.8012548,18.399999618530273,-0.985,-0.11,-0.077,,0.0,0.0,0.0,,,,,0.0,0.0,30.0,-1.90999999993835e-05,8.600000001024455e-06,0.28,80.0,36.5,2
43824,SO-1202,Head Constable Vivek Joshi,Head Constable,57,2026-07-22 14:29:40+00:00,91.0,85.0,,21.1814062,72.8012197,21.299999237060547,-0.411,0.916,0.04,,0.0,0.0,0.0,,,,,0.0,0.0,30.0,0.0001737000000012,-3.5099999990961805e-05,2.35,85.0,36.5,2
43826,SO-1202,Head Constable Vivek Joshi,Head Constable,57,2026-07-22 14:30:10+00:00,95.0,88.0,,21.181152,72.8012977,18.399999618530273,-0.516,0.508,-0.077,,0.0,0.0,0.0,,,,,0.0,0.0,30.0,-0.0002542000000005,7.80000000020209e-05,3.52,88.0,36.5,2
43828,SO-1202,Head Constable Vivek Joshi,Head Constable,57,2026-07-22 14:30:40+00:00,82.0,73.0,,21.1814008,72.8012165,21.299999237060547,0.085,0.395,-0.912,,0.0,0.0,0.0,,,,,0.0,0.0,30.0,0.0002487999999978,-8.12000000109947e-05,3.46,73.0,36.5,0
43830,SO-1202,Head Constable Vivek Joshi,Head Constable,57,2026-07-22 14:31:15+00:00,87.0,87.0,,21.1814229,72.801198,21.299999237060547,-0.824,0.461,0.335,,0.0,0.0,0.0,,,,,0.0,0.0,35.0,2.2100000002467368e-05,-1.849999999592455e-05,0.32,87.0,36.5,0
43833,SO-1202,Head Constable Vivek Joshi,Head Constable,57,2026-07-22 14:31:45+00:00,97.0,88.0,,21.1813256,72.8012366,18.399999618530273,-0.665,0.116,0.75,,0.0,0.0,0.0,,,,,0.0,0.0,30.0,-9.73000000001889e-05,3.859999999633601e-05,1.38,88.0,36.5,2
43836,SO-1202,Head Constable Vivek Joshi,Head Constable,57,2026-07-22 14:32:15+00:00,97.0,88.0,,21.1811152,72.8013235,18.399999618530273,-0.473,0.224,0.543,,0.0,0.0,0.0,,,,,0.0,0.0,30.0,-0.0002104000000002,8.689999999944575e-05,3.0,88.0,36.5,2
43840,SO-1202,Head Constable Vivek Joshi,Head Constable,57,2026-07-22 14:32:45+00:00,96.0,88.0,,21.1811291,72.8012323,18.399999618530273,-0.424,0.235,0.904,,0.0,0.0,0.0,,,,,0.0,0.0,30.0,1.3899999999011923e-05,-9.119999999995798e-05,1.15,88.0,36.5,2
43843,SO-1202,Head Constable Vivek Joshi,Head Constable,57,2026-07-22 14:33:15+00:00,97.0,88.0,,21.1813029,72.8012193,18.399999618530273,-0.395,0.268,0.896,,0.0,0.0,0.0,,,,,0.0,0.0,30.0,0.0001737999999988,-1.2999999995599865e-05,2.32,88.0,36.5,2
43846,SO-1202,Head Constable Vivek Joshi,Head Constable,57,2026-07-22 14:33:45+00:00,90.0,88.0,,21.181379,72.801222,18.399999618530273,-0.402,0.295,0.898,,0.0,0.0,0.0,,,,,0.0,0.0,30.0,7.61000000011336e-05,2.6999999960253263e-06,1.01,88.0,36.5,0
43849,SO-1202,Head Constable Vivek Joshi,Head Constable,57,2026-07-22 14:34:16+00:00,100.0,88.0,,21.1812248,72.801239,18.399999618530273,-0.495,0.232,0.85,,0.0,0.0,0.0,,,,,0.0,0.0,31.0,-0.0001542000000007,1.699999999971169e-05,2.0,88.0,36.5,2
43851,SO-1202,Head Constable Vivek Joshi,Head Constable,57,2026-07-22 14:34:46+00:00,100.0,87.0,,21.1813546,72.8012304,18.399999618530273,-0.486,0.235,0.864,,0.0,0.0,0.0,,,,,0.0,0.0,30.0,0.0001297999999998,-8.600000001024455e-06,1.73,87.0,36.5,2
43854,SO-1202,Head Constable Vivek Joshi,Head Constable,57,2026-07-22 14:35:16+00:00,100.0,88.0,,21.1812293,72.8012524,18.399999618530273,-0.495,0.233,0.852,,0.0,0.0,0.0,,,,,0.0,0.0,30.0,-0.0001253000000005,2.200000000129876e-05,1.69,88.0,36.5,2
43857,SO-1202,Head Constable Vivek Joshi,Head Constable,57,2026-07-22 14:35:45+00:00,94.0,77.0,,21.181246,72.8012419,18.399999618530273,0.07,0.376,-0.923,,0.0,0.0,0.0,,,,,0.0,0.0,29.0,1.670000000331129e-05,-1.0500000001911758e-05,0.27,77.0,36.5,2
43861,SO-1202,Head Constable Vivek Joshi,Head Constable,57,2026-07-22 14:36:27+00:00,90.0,84.0,,21.1812893,72.8014852,18.399999618530273,0.015,0.504,-0.865,,0.0,0.0,0.0,,,,,0.0,0.0,42.0,4.329999999796996e-05,0.0002433000000081,2.2,84.0,36.5,0
43864,SO-1202,Head Constable Vivek Joshi,Head Constable,57,2026-07-22 14:37:02+00:00,87.0,88.0,,21.1813252,72.8012376,18.399999618530273,-0.414,-0.829,-0.23,,0.0,0.0,0.0,,,,,0.0,0.0,35.0,3.5900000000310683e-05,-0.0002476000000086,2.67,88.0,36.5,0
43867,SO-1202,Head Constable Vivek Joshi,Head Constable,57,2026-07-22 14:37:32+00:00,100.0,88.0,,21.1813248,72.8012433,18.399999618530273,-0.871,0.406,0.032,,0.0,0.0,0.0,,,,,0.0,0.0,30.0,-4.000000011217253e-07,5.700000002661909e-06,0.07,88.0,36.5,2
43871,SO-1202,Head Constable Vivek Joshi,Head Constable,57,2026-07-22 14:38:10+00:00,91.0,83.0,,21.1812925,72.8012821,18.399999618530273,-0.348,0.897,-0.107,,0.0,0.0,0.0,,,,,0.0,0.0,38.0,-3.229999999732058e-05,3.879999999867323e-05,0.51,83.0,36.5,2
43875,SO-1202,Head Constable Vivek Joshi,Head Constable,57,2026-07-22 14:38:52+00:00,86.0,88.0,,21.1812284,72.8012646,15.199996948242188,0.099,0.223,-1.114,,0.0,0.0,0.0,,,,,0.0,0.0,42.0,-6.410000000300897e-05,-1.749999999844931e-05,0.63,88.0,36.5,0
43878,SO-1202,Head Constable Vivek Joshi,Head Constable,57,2026-07-22 14:39:35+00:00,85.0,73.0,,21.1812504,72.8012564,18.399999618530273,-0.649,0.149,-0.248,,0.0,0.0,0.0,,,,,0.0,0.0,43.0,2.200000000129876e-05,-8.199999996350016e-06,0.22,73.0,36.5,0
43882,SO-1202,Head Constable Vivek Joshi,Head Constable,57,2026-07-22 14:40:18+00:00,91.0,88.0,,21.1811369,72.8012372,18.399999618530273,-0.729,0.726,0.108,,0.0,0.0,0.0,,,,,0.0,0.0,43.0,-0.0001135000000012,-1.9199999996999395e-05,1.07,88.0,36.5,2
43886,SO-1202,Head Constable Vivek Joshi,Head Constable,57,2026-07-22 14:40:53+00:00,92.0,66.0,,21.1810523,72.8012066,15.199996948242188,-0.022,1.016,-0.324,,0.0,0.0,0.0,,,,,0.0,0.0,35.0,-8.459999999743673e-05,-3.060000000232321e-05,1.02,66.0,36.5,2
43889,SO-1202,Head Constable Vivek Joshi,Head Constable,57,2026-07-22 14:41:24+00:00,92.0,77.0,,21.1811027,72.8011726,18.399999618530273,-0.316,1.032,-0.204,,0.0,0.0,0.0,,,,,0.0,0.0,31.0,5.039999999922884e-05,-3.399999999942338e-05,0.77,77.0,36.5,2
43892,SO-1202,Head Constable Vivek Joshi,Head Constable,57,2026-07-22 14:41:53+00:00,92.0,72.0,,21.1811915,72.8015472,16.600000381469727,-0.151,0.849,-0.27,,0.0,0.0,0.0,,,,,0.0,0.0,29.0,8.880000000033306e-05,0.0003746000000006,4.97,72.0,36.5,1
43895,SO-1202,Head Constable Vivek Joshi,Head Constable,57,2026-07-22 14:42:24+00:00,96.0,76.0,,21.1811933,72.8015439,16.600000381469727,0.737,0.652,-0.327,,0.0,0.0,0.0,,,,,0.0,0.0,31.0,1.7999999997186933e-06,-3.3000000030369847e-06,0.05,76.0,36.5,2
43898,SO-1202,Head Constable Vivek Joshi,Head Constable,57,2026-07-22 14:42:53+00:00,93.0,88.0,,21.1811933,72.8015398,16.600000381469727,-0.874,-0.003,-0.457,,0.0,0.0,0.0,,,,,0.0,0.0,29.0,0.0,-4.099999998175008e-06,0.05,88.0,36.5,2
43901,SO-1202,Head Constable Vivek Joshi,Head Constable,57,2026-07-22 14:43:24+00:00,89.0,88.0,,21.1811952,72.8015428,16.600000381469727,-0.354,-0.944,-0.008,,0.0,0.0,0.0,,,,,0.0,0.0,31.0,1.900000000887303e-06,3.000000006636583e-06,0.04,88.0,36.5,0
43904,SO-1202,Head Constable Vivek Joshi,Head Constable,57,2026-07-22 14:43:57+00:00,81.0,88.0,,21.1811952,72.8015428,16.600000381469727,-0.887,0.1,-0.407,,0.0,0.0,0.0,,,,,0.0,0.0,33.0,0.0,0.0,0.0,88.0,36.5,0
43907,SO-1202,Head Constable Vivek Joshi,Head Constable,57,2026-07-22 14:44:23+00:00,91.0,88.0,,21.1811952,72.8015425,16.600000381469727,-0.956,0.073,-0.22,,0.0,0.0,0.0,,,,,0.0,0.0,26.0,0.0,-3.000000106112566e-07,0.0,88.0,36.5,2
43910,SO-1202,Head Constable Vivek Joshi,Head Constable,57,2026-07-22 14:44:54+00:00,93.0,87.0,,21.1811993,72.8015357,16.600000381469727,-0.818,0.559,-0.041,,0.0,0.0,0.0,,,,,0.0,0.0,31.0,4.099999998175008e-06,-6.799999994200334e-06,0.1,87.0,36.5,2
43913,SO-1202,Head Constable Vivek Joshi,Head Constable,57,2026-07-22 14:45:23+00:00,94.0,85.0,,21.1811833,72.8015593,16.600000381469727,-0.859,0.48,-0.114,,0.0,0.0,0.0,,,,,0.0,0.0,29.0,-1.5999999998683734e-05,2.3599999991574805e-05,0.37,85.0,36.5,2
43915,SO-1202,Head Constable Vivek Joshi,Head Constable,57,2026-07-22 14:45:53+00:00,96.0,88.0,,21.18119,72.8015506,16.600000381469727,-0.912,0.386,0.0,,0.0,0.0,0.0,,,,,0.0,0.0,30.0,6.700000000137152e-06,-8.699999995087637e-06,0.14,88.0,36.5,2
43919,SO-1202,Head Constable Vivek Joshi,Head Constable,57,2026-07-22 14:46:23+00:00,93.0,85.0,,21.181189,72.8015545,16.600000381469727,-0.882,0.441,-0.076,,0.0,0.0,0.0,,,,,0.0,0.0,30.0,-1.0000000010279564e-06,3.8999999958377884e-06,0.05,85.0,36.5,2
43922,SO-1202,Head Constable Vivek Joshi,Head Constable,57,2026-07-22 14:46:53+00:00,89.0,88.0,,21.1811933,72.8015439,16.600000381469727,-0.603,0.25,-0.734,,0.0,0.0,0.0,,,,,0.0,0.0,30.0,4.300000000512227e-06,-1.059999999597494e-05,0.14,88.0,36.5,0
43925,SO-1202,Head Constable Vivek Joshi,Head Constable,57,2026-07-22 14:47:23+00:00,89.0,85.0,,21.1811922,72.8015517,16.600000381469727,-0.597,0.198,-0.755,,0.0,0.0,0.0,,,,,0.0,0.0,30.0,-1.0999999986438525e-06,7.800000005886432e-06,0.1,85.0,36.5,0
43928,SO-1202,Head Constable Vivek Joshi,Head Constable,57,2026-07-22 14:47:53+00:00,93.0,88.0,,21.181193,72.8015438,16.600000381469727,-0.612,0.214,-0.751,,0.0,0.0,0.0,,,,,0.0,0.0,30.0,7.999999986907369e-07,-7.899999999949614e-06,0.1,88.0,36.5,2
43931,SO-1202,Head Constable Vivek Joshi,Head Constable,57,2026-07-22 14:48:24+00:00,90.0,88.0,,21.1811956,72.801541,16.600000381469727,-0.416,-0.679,-0.104,,0.0,0.0,0.0,,,,,0.0,0.0,31.0,2.59999999840943e-06,-2.8000000042993634e-06,0.05,88.0,36.5,0
43934,SO-1202,Head Constable Vivek Joshi,Head Constable,57,2026-07-22 14:48:53+00:00,96.0,88.0,,21.1812003,72.801533,16.600000381469727,-0.138,0.14,-0.967,,0.0,0.0,0.0,,,,,0.0,0.0,29.0,4.700000001633953e-06,-7.999999994012796e-06,0.12,88.0,36.5,2
43937,SO-1202,Head Constable Vivek Joshi,Head Constable,57,2026-07-22 14:49:23+00:00,92.0,88.0,,21.181193,72.8015386,16.600000381469727,-0.993,0.162,-0.019,,0.0,0.0,0.0,,,,,0.0,0.0,30.0,-7.300000000043383e-06,5.599999994387872e-06,0.12,88.0,36.5,2
43940,SO-1202,Head Constable Vivek Joshi,Head Constable,57,2026-07-22 14:49:53+00:00,92.0,88.0,,21.1811935,72.8015376,16.600000381469727,-0.651,-0.092,-0.737,,0.0,0.0,0.0,,,,,0.0,0.0,30.0,4.999999987376214e-07,-9.999999974752427e-07,0.01,88.0,36.5,2
43942,SO-1202,Head Constable Vivek Joshi,Head Constable,57,2026-07-22 14:50:23+00:00,93.0,61.0,,21.1811926,72.8015437,16.600000381469727,-0.467,0.134,-0.815,,0.0,0.0,0.0,,,,,0.0,0.0,30.0,-8.999999998593466e-07,6.099999993125493e-06,0.08,61.0,36.5,2
43946,SO-1202,Head Constable Vivek Joshi,Head Constable,57,2026-07-22 14:50:53+00:00,91.0,88.0,,21.1811924,72.8015457,16.600000381469727,-0.649,-0.111,-0.743,,0.0,0.0,0.0,,,,,0.0,0.0,30.0,-1.999999987845058e-07,2.00000000916134e-06,0.02,88.0,36.5,2
43949,SO-1202,Head Constable Vivek Joshi,Head Constable,57,2026-07-22 14:51:23+00:00,99.0,88.0,,21.1811932,72.8015395,16.600000381469727,-0.071,-0.128,-0.969,,0.0,0.0,0.0,,,,,0.0,0.0,30.0,7.999999986907369e-07,-6.2000000013995304e-06,0.08,88.0,36.5,2
43952,SO-1202,Head Constable Vivek Joshi,Head Constable,57,2026-07-22 14:51:53+00:00,98.0,88.0,,21.1811925,72.8015436,16.600000381469727,0.52,0.767,-0.578,,0.0,0.0,0.0,,,,,0.0,0.0,30.0,-6.999999975221272e-07,4.099999998175008e-06,0.05,88.0,36.5,2
43954,SO-1202,Head Constable Vivek Joshi,Head Constable,57,2026-07-22 14:52:26+00:00,90.0,88.0,,21.1811976,72.8015356,16.600000381469727,-0.594,-0.091,-0.779,,0.0,0.0,0.0,,,,,0.0,0.0,33.0,5.099999999202964e-06,-8.000000008223651e-06,0.11,88.0,36.5,0
43956,SO-1202,Head Constable Vivek Joshi,Head Constable,57,2026-07-22 14:52:57+00:00,92.0,88.0,,21.1811916,72.8015439,16.600000381469727,-0.373,0.056,-0.902,,0.0,0.0,0.0,,,,,0.0,0.0,31.0,-6.000000002615025e-06,8.300000004624053e-06,0.13,88.0,36.5,2
43958,SO-1202,Head Constable Vivek Joshi,Head Constable,57,2026-07-22 14:53:27+00:00,90.0,88.0,,21.1811955,72.8015387,16.600000381469727,0.236,-0.831,0.509,,0.0,0.0,0.0,,,,,0.0,0.0,30.0,3.900000002943216e-06,-5.200000003924288e-06,0.08,88.0,36.5,0
43961,SO-1202,Head Constable Vivek Joshi,Head Constable,57,2026-07-22 14:53:57+00:00,96.0,85.0,,21.1811918,72.8015433,16.600000381469727,0.216,-0.827,0.544,,0.0,0.0,0.0,,,,,0.0,0.0,30.0,-3.700000000605996e-06,4.600000011123484e-06,0.08,85.0,36.5,2
43963,SO-1202,Head Constable Vivek Joshi,Head Constable,57,2026-07-22 14:54:27+00:00,96.0,89.0,,21.181192,72.8015429,16.600000381469727,-0.967,0.504,0.595,,0.0,0.0,0.0,,,,,0.0,0.0,30.0,1.999999987845058e-07,-4.0000000467443897e-07,0.01,89.0,36.5,2
43966,SO-1202,Head Constable Vivek Joshi,Head Constable,57,2026-07-22 14:54:57+00:00,82.0,88.0,,21.1811925,72.8015433,16.600000381469727,-0.926,0.164,0.331,,0.0,0.0,0.0,,,,,0.0,0.0,30.0,5.00000002290335e-07,4.0000000467443897e-07,0.01,88.0,36.5,0
43969,SO-1202,Head Constable Vivek Joshi,Head Constable,57,2026-07-22 14:55:27+00:00,83.0,87.0,,21.1811924,72.8015432,16.600000381469727,-0.935,0.148,0.314,,0.0,0.0,0.0,,,,,0.0,0.0,30.0,-1.0000000116860974e-07,-1.000000082740371e-07,0.0,87.0,36.5,0
43972,SO-1202,Head Constable Vivek Joshi,Head Constable,57,2026-07-22 14:55:57+00:00,99.0,88.0,,21.1811918,72.8015507,16.600000381469727,-0.553,0.844,-0.118,,0.0,0.0,0.0,,,,,0.0,0.0,30.0,-5.999999999062311e-07,7.50000000948603e-06,0.09,88.0,36.5,2
43975,SO-1202,Head Constable Vivek Joshi,Head Constable,57,2026-07-22 14:56:29+00:00,88.0,88.0,,21.1811912,72.8015471,16.600000381469727,-0.612,0.012,-0.763,,0.0,0.0,0.0,,,,,0.0,0.0,32.0,-5.999999999062311e-07,-3.6000000136482413e-06,0.04,88.0,36.5,0
43978,SO-1202,Head Constable Vivek Joshi,Head Constable,57,2026-07-22 14:56:57+00:00,90.0,88.0,,21.1811909,72.8015476,16.600000381469727,-0.562,0.076,-0.804,,0.0,0.0,0.0,,,,,0.0,0.0,28.0,-2.999999999531156e-07,5.000000129484761e-07,0.01,88.0,36.5,0
43981,SO-1202,Head Constable Vivek Joshi,Head Constable,57,2026-07-22 14:57:27+00:00,94.0,87.0,,21.1811925,72.8015436,16.600000381469727,-0.567,0.088,-0.811,,0.0,0.0,0.0,,,,,0.0,0.0,30.0,1.6000000009341877e-06,-4.0000000041118255e-06,0.05,87.0,36.5,2
43984,SO-1202,Head Constable Vivek Joshi,Head Constable,57,2026-07-22 14:57:57+00:00,91.0,84.0,,21.1811925,72.8015433,16.600000381469727,-0.544,0.07,-0.82,,0.0,0.0,0.0,,,,,0.0,0.0,30.0,0.0,-2.999999964004019e-07,0.0,84.0,36.5,2
43987,SO-1202,Head Constable Vivek Joshi,Head Constable,57,2026-07-22 14:58:26+00:00,93.0,88.0,,21.1811933,72.8015439,16.600000381469727,-0.54,0.074,-0.824,,0.0,0.0,0.0,,,,,0.0,0.0,29.0,7.999999986907369e-07,5.999999928008037e-07,0.01,88.0,36.5,2
43990,SO-1202,Head Constable Vivek Joshi,Head Constable,57,2026-07-22 14:58:56+00:00,91.0,81.0,,21.1811945,72.8015394,16.600000381469727,-0.604,0.01,-0.773,,0.0,0.0,0.0,,,,,0.0,0.0,30.0,1.1999999998124622e-06,-4.500000002849447e-06,0.06,81.0,36.5,2
43992,SO-1202,Head Constable Vivek Joshi,Head Constable,57,2026-07-22 14:59:26+00:00,88.0,87.0,,21.1811927,72.8015438,16.600000381469727,-0.602,0.016,-0.782,,0.0,0.0,0.0,,,,,0.0,0.0,30.0,-1.7999999997186933e-06,4.4000000087862645e-06,0.06,87.0,36.5,0
43994,SO-1202,Head Constable Vivek Joshi,Head Constable,57,2026-07-22 14:59:56+00:00,91.0,83.0,,21.181192,72.8015394,16.600000381469727,-0.597,0.028,-0.779,,0.0,0.0,0.0,,,,,0.0,0.0,30.0,-7.000000010748408e-07,-4.4000000087862645e-06,0.06,83.0,36.5,2
43996,SO-1202,Head Constable Vivek Joshi,Head Constable,57,2026-07-22 15:00:27+00:00,95.0,88.0,,21.181192,72.8015285,16.600000381469727,-0.733,0.629,0.252,,0.0,0.0,0.0,,,,,0.0,0.0,31.0,0.0,-1.0899999992375342e-05,0.13,88.0,36.5,2
43998,SO-1202,Head Constable Vivek Joshi,Head Constable,57,2026-07-22 15:00:57+00:00,95.0,88.0,,21.1811936,72.8015412,16.600000381469727,-0.797,0.599,0.22,,0.0,0.0,0.0,,,,,0.0,0.0,30.0,1.6000000009341877e-06,1.2699999999199464e-05,0.16,88.0,36.5,2
44000,SO-1202,Head Constable Vivek Joshi,Head Constable,57,2026-07-22 15:01:27+00:00,88.0,88.0,,21.1811925,72.8015432,16.600000381469727,-0.791,0.572,0.22,,0.0,0.0,0.0,,,,,0.0,0.0,30.0,-1.0999999986438525e-06,1.9999999949504854e-06,0.03,88.0,36.5,0
44695,SO-1202,Head Constable Vivek Joshi,Head Constable,57,2026-07-22 17:48:19+00:00,85.0,89.0,,21.1811731,72.8015605,16.600000381469727,-0.947,0.214,0.315,,0.0,0.0,0.0,,,,,0.0,0.0,10012.0,-1.9400000002889328e-05,1.7299999996112092e-05,0.0,89.0,36.5,0
44697,SO-1202,Head Constable Vivek Joshi,Head Constable,57,2026-07-22 17:48:49+00:00,84.0,65.0,,21.1811925,72.8015433,16.600000381469727,-0.731,-0.633,0.188,,0.0,0.0,0.0,,,,,0.0,0.0,30.0,1.9400000002889328e-05,-1.7199999987838055e-05,0.34,65.0,36.5,0
44700,SO-1202,Head Constable Vivek Joshi,Head Constable,57,2026-07-22 17:49:19+00:00,94.0,88.0,,21.1811898,72.801538,16.600000381469727,-0.765,0.665,0.054,,0.0,0.0,0.0,,,,,0.0,0.0,30.0,-2.7000000031307536e-06,-5.300000012198325e-06,0.08,88.0,36.5,2
44703,SO-1202,Head Constable Vivek Joshi,Head Constable,57,2026-07-22 17:49:49+00:00,91.0,88.0,,21.1811925,72.8015432,16.600000381469727,-0.691,0.676,0.236,,0.0,0.0,0.0,,,,,0.0,0.0,30.0,2.7000000031307536e-06,5.200000003924288e-06,0.07,88.0,36.5,2
44706,SO-1202,Head Constable Vivek Joshi,Head Constable,57,2026-07-22 17:50:19+00:00,88.0,84.0,,21.1811928,72.8015436,16.600000381469727,-0.765,0.614,0.085,,0.0,0.0,0.0,,,,,0.0,0.0,30.0,2.999999999531156e-07,4.0000000467443897e-07,0.01,84.0,36.5,0
44709,SO-1202,Head Constable Vivek Joshi,Head Constable,57,2026-07-22 17:50:49+00:00,95.0,86.0,,21.1811943,72.8015441,16.600000381469727,-0.299,0.693,0.662,,0.0,0.0,0.0,,,,,0.0,0.0,30.0,1.4999999997655775e-06,4.999999987376214e-07,0.02,86.0,36.5,2
44713,SO-1202,Head Constable Vivek Joshi,Head Constable,57,2026-07-22 17:51:23+00:00,90.0,81.0,,21.181193,72.8015438,16.600000381469727,-0.292,0.812,0.484,,0.0,0.0,0.0,,,,,0.0,0.0,34.0,-1.300000000981072e-06,-2.999999964004019e-07,0.02,81.0,36.5,0
44716,SO-1202,Head Constable Vivek Joshi,Head Constable,57,2026-07-22 17:51:59+00:00,88.0,84.0,,21.1811927,72.8015434,16.600000381469727,-0.624,0.555,0.561,,0.0,0.0,0.0,,,,,0.0,0.0,36.0,-2.999999999531156e-07,-4.0000000467443897e-07,0.01,84.0,36.5,0
44719,SO-1202,Head Constable Vivek Joshi,Head Constable,57,2026-07-22 17:52:29+00:00,85.0,88.0,,21.1811924,72.8015432,16.600000381469727,-0.676,0.652,0.1,,0.0,0.0,0.0,,,,,0.0,0.0,30.0,-2.999999999531156e-07,-2.0000000233721948e-07,0.0,88.0,36.5,0
44722,SO-1202,Head Constable Vivek Joshi,Head Constable,57,2026-07-22 17:52:59+00:00,85.0,87.0,,21.1811925,72.8015436,16.600000381469727,-0.169,-0.97,0.091,,0.0,0.0,0.0,,,,,0.0,0.0,30.0,1.0000000116860974e-07,4.0000000467443897e-07,0.01,87.0,36.5,0
44725,SO-1202,Head Constable Vivek Joshi,Head Constable,57,2026-07-22 17:53:29+00:00,100.0,88.0,,21.1811977,72.801535,16.600000381469727,0.986,0.147,0.09,,0.0,0.0,0.0,,,,,0.0,0.0,30.0,5.19999999681886e-06,-8.600000001024455e-06,0.13,88.0,36.5,2
44728,SO-1202,Head Constable Vivek Joshi,Head Constable,57,2026-07-22 17:53:59+00:00,82.0,88.0,,21.1812055,72.8015293,16.600000381469727,-0.906,0.406,0.046,,0.0,0.0,0.0,,,,,0.0,0.0,30.0,7.800000002333718e-06,-5.700000002661909e-06,0.13,88.0,36.5,0
44731,SO-1202,Head Constable Vivek Joshi,Head Constable,57,2026-07-22 17:54:29+00:00,86.0,88.0,,21.1811951,72.8015356,16.600000381469727,-0.733,0.528,0.638,,0.0,0.0,0.0,,,,,0.0,0.0,30.0,-1.0400000000743148e-05,6.299999995462713e-06,0.16,88.0,36.5,0
44734,SO-1202,Head Constable Vivek Joshi,Head Constable,57,2026-07-22 17:54:59+00:00,85.0,80.0,,21.1811932,72.8015386,16.600000381469727,-0.313,-0.721,-0.656,,0.0,0.0,0.0,,,,,0.0,0.0,30.0,-1.900000000887303e-06,3.000000006636583e-06,0.05,80.0,36.5,0
44740,SO-1202,Head Constable Vivek Joshi,Head Constable,57,2026-07-22 17:56:00+00:00,92.0,88.0,,21.1811925,72.8015417,16.600000381469727,-0.218,0.594,-0.734,,0.0,0.0,0.0,,,,,0.0,0.0,61.0,-6.999999975221272e-07,3.1000000006997652e-06,0.02,88.0,36.5,2
44742,SO-1202,Head Constable Vivek Joshi,Head Constable,57,2026-07-22 17:56:29+00:00,95.0,87.0,,21.1811914,72.8015416,16.600000381469727,-0.968,0.092,-0.076,,0.0,0.0,0.0,,,,,0.0,0.0,29.0,-1.100000002196566e-06,-1.000000082740371e-07,0.02,87.0,36.5,2
44746,SO-1202,Head Constable Vivek Joshi,Head Constable,57,2026-07-22 17:57:00+00:00,97.0,87.0,,21.1811975,72.8015408,16.600000381469727,-0.957,0.128,0.221,,0.0,0.0,0.0,,,,,0.0,0.0,31.0,6.100000000230921e-06,-7.999999951380232e-07,0.08,87.0,36.5,2
44748,SO-1202,Head Constable Vivek Joshi,Head Constable,57,2026-07-22 17:57:29+00:00,99.0,88.0,,21.1811927,72.8015395,16.600000381469727,0.004,0.961,0.319,,0.0,0.0,0.0,,,,,0.0,0.0,29.0,-4.799999999249849e-06,-1.2999999938756446e-06,0.07,88.0,36.5,2
44751,SO-1202,Head Constable Vivek Joshi,Head Constable,57,2026-07-22 17:57:59+00:00,88.0,69.0,,21.1811927,72.8015439,16.600000381469727,0.262,0.921,0.313,,0.0,0.0,0.0,,,,,0.0,0.0,30.0,0.0,4.39999999457541e-06,0.05,69.0,36.5,0
44754,SO-1202,Head Constable Vivek Joshi,Head Constable,57,2026-07-22 17:58:29+00:00,88.0,88.0,,21.1811939,72.8015442,16.600000381469727,0.047,0.968,0.258,,0.0,0.0,0.0,,,,,0.0,0.0,30.0,1.1999999998124622e-06,2.999999964004019e-07,0.02,88.0,36.5,0
59613,SO-1202,Head Constable Vivek Joshi,Head Constable,57,2026-07-27 12:46:03+00:00,93.0,86.0,,21.1811811,72.8016244,16.80000114440918,-0.438,0.004,0.91,,0.0,0.0,0.0,,,,,0.0,0.0,413254.0,-1.2800000000368073e-05,8.01999999993086e-05,0.0,86.0,36.5,2
59617,SO-1202,Head Constable Vivek Joshi,Head Constable,57,2026-07-27 12:46:33+00:00,92.0,88.0,,21.1811824,72.8016289,16.80000114440918,-0.646,-0.028,0.777,,0.0,0.0,0.0,,,,,0.0,0.0,30.0,1.300000000981072e-06,4.500000002849447e-06,0.06,88.0,36.5,2
59622,SO-1202,Head Constable Vivek Joshi,Head Constable,57,2026-07-27 12:47:03+00:00,95.0,87.0,,21.1811754,72.8015599,16.80000114440918,-0.615,-0.064,0.795,,0.0,0.0,0.0,,,,,0.0,0.0,30.0,-7.000000000090267e-06,-6.8999999996322e-05,0.86,87.0,36.5,2
59624,SO-1202,Head Constable Vivek Joshi,Head Constable,57,2026-07-27 12:47:33+00:00,93.0,86.0,,21.1811856,72.8016221,16.80000114440918,-0.522,0.754,0.674,,0.0,0.0,0.0,,,,,0.0,0.0,30.0,1.0199999998405929e-05,6.220000000212167e-05,0.78,86.0,36.5,2
59628,SO-1202,Head Constable Vivek Joshi,Head Constable,57,2026-07-27 12:48:03+00:00,92.0,85.0,,21.1811811,72.8016241,16.80000114440918,-0.335,0.73,0.752,,0.0,0.0,0.0,,,,,0.0,0.0,30.0,-4.499999999296733e-06,1.9999999949504854e-06,0.06,85.0,36.5,2
59632,SO-1202,Head Constable Vivek Joshi,Head Constable,57,2026-07-27 12:48:33+00:00,100.0,79.0,,21.1811827,72.801627,16.80000114440918,-0.875,-0.071,0.161,,0.0,0.0,0.0,,,,,0.0,0.0,30.0,1.6000000009341877e-06,2.8999999983625457e-06,0.04,79.0,36.5,2
59636,SO-1202,Head Constable Vivek Joshi,Head Constable,57,2026-07-27 12:49:03+00:00,84.0,88.0,,21.1811654,72.801604,16.80000114440918,-0.389,0.703,0.562,,0.0,0.0,0.0,,,,,0.0,0.0,30.0,-1.7299999999664806e-05,-2.2999999998774e-05,0.37,88.0,36.5,0
59640,SO-1202,Head Constable Vivek Joshi,Head Constable,57,2026-07-27 12:49:33+00:00,82.0,88.0,,21.1811818,72.8016285,16.80000114440918,-0.007,0.787,-0.621,,0.0,0.0,0.0,,,,,0.0,0.0,30.0,1.639999999980546e-05,2.450000000919772e-05,0.37,88.0,36.5,0
59644,SO-1202,Head Constable Vivek Joshi,Head Constable,57,2026-07-27 12:50:03+00:00,86.0,88.0,,21.18118,72.8016241,16.80000114440918,-0.039,0.793,-0.607,,0.0,0.0,0.0,,,,,0.0,0.0,30.0,-1.7999999997186933e-06,-4.4000000087862645e-06,0.06,88.0,36.5,0
59648,SO-1202,Head Constable Vivek Joshi,Head Constable,57,2026-07-27 12:50:33+00:00,89.0,,,21.1811841,72.8016272,16.80000114440918,-0.03,0.793,-0.612,,0.0,0.0,0.0,,,,,0.0,0.0,30.0,4.099999998175008e-06,3.1000000006997652e-06,0.07,88.0,36.5,0
59652,SO-1202,Head Constable Vivek Joshi,Head Constable,57,2026-07-27 12:51:03+00:00,96.0,88.0,,21.1811839,72.8016312,16.80000114440918,0.514,-0.723,0.448,,0.0,0.0,0.0,,,,,0.0,0.0,30.0,-1.999999987845058e-07,4.0000000041118255e-06,0.05,88.0,36.5,2
59656,SO-1202,Head Constable Vivek Joshi,Head Constable,57,2026-07-27 12:51:33+00:00,94.0,87.0,,21.1811855,72.8016213,16.80000114440918,-0.979,0.042,0.029,,0.0,0.0,0.0,,,,,0.0,0.0,30.0,1.6000000009341877e-06,-9.900000009110954e-06,0.12,87.0,36.5,2
59660,SO-1202,Head Constable Vivek Joshi,Head Constable,57,2026-07-27 12:52:03+00:00,92.0,86.0,,21.1811851,72.8016244,16.80000114440918,-0.497,0.685,0.438,,0.0,0.0,0.0,,,,,0.0,0.0,30.0,-4.000000011217253e-07,3.1000000006997652e-06,0.04,86.0,36.5,2
59664,SO-1202,Head Constable Vivek Joshi,Head Constable,57,2026-07-27 12:52:33+00:00,98.0,88.0,,21.1811856,72.8016214,16.80000114440918,-0.598,0.283,0.757,,0.0,0.0,0.0,,,,,0.0,0.0,30.0,4.999999987376214e-07,-2.999999992425728e-06,0.04,88.0,36.5,2
59668,SO-1202,Head Constable Vivek Joshi,Head Constable,57,2026-07-27 12:53:03+00:00,92.0,86.0,,21.1811844,72.8016246,16.80000114440918,-0.975,-0.11,0.102,,0.0,0.0,0.0,,,,,0.0,0.0,30.0,-1.1999999998124622e-06,3.1999999947629476e-06,0.04,86.0,36.5,2
59672,SO-1202,Head Constable Vivek Joshi,Head Constable,57,2026-07-27 12:53:33+00:00,97.0,85.0,,21.1811828,72.8016256,16.80000114440918,0.014,0.095,1.201,,0.0,0.0,0.0,,,,,0.0,0.0,30.0,-1.6000000009341877e-06,9.999999974752427e-07,0.02,85.0,36.5,2
59676,SO-1202,Head Constable Vivek Joshi,Head Constable,57,2026-07-27 12:54:03+00:00,98.0,86.0,,21.1811848,72.8016252,16.80000114440918,-0.855,0.05,0.48,,0.0,0.0,0.0,,,,,0.0,0.0,30.0,2.0000000020559128e-06,-3.9999999046358425e-07,0.03,86.0,36.5,2
59680,SO-1202,Head Constable Vivek Joshi,Head Constable,57,2026-07-27 12:54:33+00:00,87.0,87.0,,21.1811932,72.8016271,16.80000114440918,-0.913,0.042,0.387,,0.0,0.0,0.0,,,,,0.0,0.0,30.0,8.399999998687235e-06,1.900000000887303e-06,0.11,87.0,36.5,0
59684,SO-1202,Head Constable Vivek Joshi,Head Constable,57,2026-07-27 12:55:03+00:00,93.0,84.0,,21.1811843,72.8016275,16.80000114440918,-0.977,-0.146,0.151,,0.0,0.0,0.0,,,,,0.0,0.0,30.0,-8.899999997424857e-06,3.9999999046358425e-07,0.12,84.0,36.5,2
59688,SO-1202,Head Constable Vivek Joshi,Head Constable,57,2026-07-27 12:55:33+00:00,96.0,88.0,,21.1811887,72.8016113,16.80000114440918,-0.961,-0.027,0.218,,0.0,0.0,0.0,,,,,0.0,0.0,30.0,4.3999999981281235e-06,-1.6199999990362812e-05,0.21,88.0,36.5,2
59692,SO-1202,Head Constable Vivek Joshi,Head Constable,57,2026-07-27 12:56:03+00:00,98.0,87.0,,21.1811839,72.8016261,16.80000114440918,-0.419,0.829,0.247,,0.0,0.0,0.0,,,,,0.0,0.0,30.0,-4.799999999249849e-06,1.479999998821313e-05,0.19,87.0,36.5,2
59696,SO-1202,Head Constable Vivek Joshi,Head Constable,57,2026-07-27 12:56:33+00:00,94.0,88.0,,21.1811851,72.8016264,16.80000114440918,-0.927,-0.031,0.35,,0.0,0.0,0.0,,,,,0.0,0.0,30.0,1.1999999998124622e-06,3.000000106112566e-07,0.02,88.0,36.5,2
59700,SO-1202,Head Constable Vivek Joshi,Head Constable,57,2026-07-27 12:57:03+00:00,84.0,86.0,,21.1811841,72.8016274,16.80000114440918,-0.393,0.021,0.931,,0.0,0.0,0.0,,,,,0.0,0.0,30.0,-1.0000000010279564e-06,9.999999974752427e-07,0.02,86.0,36.5,0
59791,SO-1202,Head Constable Vivek Joshi,Head Constable,57,2026-07-27 13:12:04+00:00,100.0,85.0,,21.1811837,72.8016251,16.80000114440918,-0.952,-0.164,-0.242,,0.0,0.0,0.0,,,,,0.0,0.0,901.0,-4.000000011217253e-07,-2.300000005561742e-06,0.0,85.0,36.5,2
59795,SO-1202,Head Constable Vivek Joshi,Head Constable,57,2026-07-27 13:12:33+00:00,99.0,88.0,,21.1811154,72.8012404,24.299999237060547,-0.906,-0.312,-0.177,,0.0,0.0,0.0,,,,,0.0,0.0,29.0,-6.829999999879988e-05,-0.0003846999999979,5.03,88.0,36.5,1
59799,SO-1202,Head Constable Vivek Joshi,Head Constable,57,2026-07-27 13:13:03+00:00,100.0,88.0,,21.181185,72.8016243,16.80000114440918,-0.879,0.149,-0.445,,0.0,0.0,0.0,,,,,0.0,0.0,30.0,6.959999999978095e-05,0.0003839000000027,4.86,88.0,36.5,1
59802,SO-1202,Head Constable Vivek Joshi,Head Constable,57,2026-07-27 13:13:34+00:00,88.0,85.0,,21.1811847,72.801625,16.80000114440918,-0.552,0.159,0.817,,0.0,0.0,0.0,,,,,0.0,0.0,31.0,-2.999999999531156e-07,7.000000010748408e-07,0.01,85.0,36.5,0
60211,SO-1202,Head Constable Vivek Joshi,Head Constable,57,2026-07-27 15:03:37+00:00,87.0,76.0,,21.1811823,72.8016271,16.80000114440918,-0.553,0.436,0.717,,0.0,0.0,0.0,,,,,0.0,0.0,6603.0,-2.3999999996249244e-06,2.1000000032245225e-06,0.0,76.0,36.5,0
60214,SO-1202,Head Constable Vivek Joshi,Head Constable,57,2026-07-27 15:04:07+00:00,98.0,89.0,,21.1811838,72.8016295,16.80000114440918,0.682,0.958,0.743,,0.0,0.0,0.0,,,,,0.0,0.0,30.0,1.4999999997655775e-06,2.3999999996249244e-06,0.04,89.0,36.5,2
60218,SO-1202,Head Constable Vivek Joshi,Head Constable,57,2026-07-27 15:04:37+00:00,87.0,88.0,,21.1811813,72.8016224,16.80000114440918,-0.921,-0.004,-0.305,,0.0,0.0,0.0,,,,,0.0,0.0,30.0,-2.500000000793534e-06,-7.100000004811591e-06,0.09,88.0,36.5,0
60222,SO-1202,Head Constable Vivek Joshi,Head Constable,57,2026-07-27 15:05:07+00:00,81.0,74.0,,21.1811829,72.8016255,16.80000114440918,-0.945,-0.001,-0.238,,0.0,0.0,0.0,,,,,0.0,0.0,30.0,1.6000000009341877e-06,3.1000000006997652e-06,0.04,74.0,36.5,0
60226,SO-1202,Head Constable Vivek Joshi,Head Constable,57,2026-07-27 15:05:37+00:00,85.0,53.0,,21.1811791,72.8016203,16.80000114440918,-0.931,0.004,-0.289,,0.0,0.0,0.0,,,,,0.0,0.0,30.0,-3.799999998221893e-06,-5.200000003924288e-06,0.08,53.0,36.5,0
60229,SO-1202,Head Constable Vivek Joshi,Head Constable,57,2026-07-27 15:06:07+00:00,83.0,50.0,,21.1811539,72.8014054,16.80000114440918,-0.932,0.003,-0.291,,0.0,0.0,0.0,,,,,0.0,0.0,30.0,-2.519999999961442e-05,-0.0002149000000031,2.69,50.0,36.5,0
60232,SO-1202,Head Constable Vivek Joshi,Head Constable,57,2026-07-27 15:06:37+00:00,83.0,51.0,,21.1811842,72.8016264,16.80000114440918,-0.958,0.18,-0.208,,0.0,0.0,0.0,,,,,0.0,0.0,30.0,3.0299999998817384e-05,0.0002210000000104,2.77,51.0,36.5,0
60235,SO-1202,Head Constable Vivek Joshi,Head Constable,57,2026-07-27 15:07:07+00:00,90.0,88.0,,21.181183,72.8016264,16.80000114440918,-0.896,-0.043,-0.395,,0.0,0.0,0.0,,,,,0.0,0.0,30.0,-1.1999999998124622e-06,0.0,0.02,88.0,36.5,0
60238,SO-1202,Head Constable Vivek Joshi,Head Constable,57,2026-07-27 15:07:37+00:00,83.0,88.0,,21.1811839,72.8016269,16.80000114440918,-0.89,-0.051,-0.399,,0.0,0.0,0.0,,,,,0.0,0.0,30.0,8.999999998593466e-07,4.999999987376214e-07,0.01,88.0,36.5,0
60241,SO-1202,Head Constable Vivek Joshi,Head Constable,57,2026-07-27 15:08:07+00:00,84.0,,,21.1811845,72.8016286,16.80000114440918,-0.891,-0.053,-0.395,,0.0,0.0,0.0,,,,,0.0,0.0,30.0,5.999999999062311e-07,1.6999999985500835e-06,0.02,88.0,36.5,0
60244,SO-1202,Head Constable Vivek Joshi,Head Constable,57,2026-07-27 15:08:37+00:00,84.0,78.0,,21.1811841,72.8016262,16.80000114440918,-0.894,-0.051,-0.399,,0.0,0.0,0.0,,,,,0.0,0.0,30.0,-4.000000011217253e-07,-2.3999999996249244e-06,0.03,78.0,36.5,0
60247,SO-1202,Head Constable Vivek Joshi,Head Constable,57,2026-07-27 15:09:07+00:00,81.0,78.0,,21.1811847,72.801625,16.80000114440918,-0.894,-0.055,-0.4,,0.0,0.0,0.0,,,,,0.0,0.0,30.0,5.999999999062311e-07,-1.1999999998124622e-06,0.02,78.0,36.5,0
60250,SO-1202,Head Constable Vivek Joshi,Head Constable,57,2026-07-27 15:09:37+00:00,81.0,,,21.1811842,72.8016264,16.80000114440918,-0.891,-0.06,-0.393,,0.0,0.0,0.0,,,,,0.0,0.0,30.0,-4.999999987376214e-07,1.4000000021496817e-06,0.02,78.0,36.5,0
60253,SO-1202,Head Constable Vivek Joshi,Head Constable,57,2026-07-27 15:10:07+00:00,82.0,79.0,,21.1811844,72.8016257,16.80000114440918,-0.893,-0.054,-0.391,,0.0,0.0,0.0,,,,,0.0,0.0,30.0,1.999999987845058e-07,-7.000000010748408e-07,0.01,79.0,36.5,0
60256,SO-1202,Head Constable Vivek Joshi,Head Constable,57,2026-07-27 15:10:37+00:00,82.0,86.0,,21.1811637,72.8014961,16.80000114440918,-0.164,-0.168,0.789,,0.0,0.0,0.0,,,,,0.0,0.0,30.0,-2.0700000000317686e-05,-0.0001296000000081,1.63,86.0,36.5,0
60259,SO-1202,Head Constable Vivek Joshi,Head Constable,57,2026-07-27 15:11:07+00:00,92.0,88.0,,21.1811799,72.8016247,16.80000114440918,-0.738,0.636,0.456,,0.0,0.0,0.0,,,,,0.0,0.0,30.0,1.6200000001020953e-05,0.0001286000000106,1.61,88.0,36.5,2
60262,SO-1202,Head Constable Vivek Joshi,Head Constable,57,2026-07-27 15:11:37+00:00,86.0,82.0,,21.1811781,72.8014026,16.80000114440918,-0.756,0.289,0.249,,0.0,0.0,0.0,,,,,0.0,0.0,30.0,-1.7999999997186933e-06,-0.000222100000002,2.76,82.0,36.5,0
60265,SO-1202,Head Constable Vivek Joshi,Head Constable,57,2026-07-27 15:12:07+00:00,89.0,88.0,,21.1811214,72.8012358,24.299999237060547,-0.049,1.238,-0.176,,0.0,0.0,0.0,,,,,0.0,0.0,30.0,-5.670000000179698e-05,-0.0001668000000023,2.21,88.0,36.5,0
60268,SO-1202,Head Constable Vivek Joshi,Head Constable,57,2026-07-27 15:12:37+00:00,85.0,77.0,,21.1811448,72.8011867,21.799999237060547,-0.033,0.77,-0.009,,0.0,0.0,0.0,,,,,0.0,0.0,30.0,2.3399999999895726e-05,-4.909999999824777e-05,0.68,77.0,36.5,0
60271,SO-1202,Head Constable Vivek Joshi,Head Constable,57,2026-07-27 15:13:07+00:00,96.0,75.0,,21.1811407,72.8012483,17.799999237060547,-0.523,0.755,-0.344,,0.0,0.0,0.0,,,,,0.0,0.0,30.0,-4.099999998175008e-06,6.159999999511001e-05,0.77,75.0,36.5,2
60274,SO-1202,Head Constable Vivek Joshi,Head Constable,57,2026-07-27 15:13:37+00:00,96.0,82.0,,21.1810387,72.8012216,15.099998474121094,-0.345,0.547,-0.139,,0.0,0.0,0.0,,,,,0.0,0.0,30.0,-0.0001020000000018,-2.669999999227457e-05,1.4,82.0,36.5,2
60277,SO-1202,Head Constable Vivek Joshi,Head Constable,57,2026-07-27 15:14:07+00:00,96.0,69.0,,21.1810716,72.8013143,14.999996185302734,-0.096,0.82,-0.155,,0.0,0.0,0.0,,,,,0.0,0.0,30.0,3.290000000077953e-05,9.269999999617085e-05,1.23,69.0,36.5,2
60280,SO-1202,Head Constable Vivek Joshi,Head Constable,57,2026-07-27 15:14:37+00:00,90.0,82.0,,21.1811143,72.8013744,14.999996185302734,-0.237,-0.724,0.646,,0.0,0.0,0.0,,,,,0.0,0.0,30.0,4.2700000001616445e-05,6.009999999889715e-05,0.94,82.0,36.5,0
60283,SO-1202,Head Constable Vivek Joshi,Head Constable,57,2026-07-27 15:15:07+00:00,89.0,88.0,,21.1811197,72.801307,15.199996948242188,-0.216,-0.815,0.544,,0.0,0.0,0.0,,,,,0.0,0.0,30.0,5.39999999915608e-06,-6.740000000604596e-05,0.84,88.0,36.5,0
60286,SO-1202,Head Constable Vivek Joshi,Head Constable,57,2026-07-27 15:15:37+00:00,97.0,87.0,,21.1810862,72.8014591,14.999996185302734,-0.573,0.477,0.682,,0.0,0.0,0.0,,,,,0.0,0.0,30.0,-3.350000000068576e-05,0.0001521000000082,1.94,87.0,36.5,2
60289,SO-1202,Head Constable Vivek Joshi,Head Constable,57,2026-07-27 15:16:07+00:00,99.0,88.0,,21.181098,72.8013501,14.999996185302734,-0.286,0.475,0.953,,0.0,0.0,0.0,,,,,0.0,0.0,30.0,1.1799999999340116e-05,-0.000109000000009,1.36,88.0,36.5,2
60292,SO-1202,Head Constable Vivek Joshi,Head Constable,57,2026-07-27 15:16:37+00:00,100.0,88.0,,21.1810634,72.8013122,14.999996185302734,-0.624,0.751,-0.199,,0.0,0.0,0.0,,,,,0.0,0.0,30.0,-3.459999999932961e-05,-3.789999999526117e-05,0.66,88.0,36.5,2
60295,SO-1202,Head Constable Vivek Joshi,Head Constable,57,2026-07-27 15:17:07+00:00,100.0,88.0,,21.1810534,72.8013119,14.999996185302734,-0.639,0.748,-0.225,,0.0,0.0,0.0,,,,,0.0,0.0,30.0,-9.999999999621425e-06,-2.999999964004019e-07,0.13,88.0,36.5,2
60298,SO-1202,Head Constable Vivek Joshi,Head Constable,57,2026-07-27 15:17:38+00:00,96.0,88.0,,21.181045,72.8012949,14.999996185302734,-1.203,0.176,0.082,,0.0,0.0,0.0,,,,,0.0,0.0,31.0,-8.399999998687235e-06,-1.699999999971169e-05,0.23,88.0,36.5,2
60301,SO-1202,Head Constable Vivek Joshi,Head Constable,57,2026-07-27 15:18:07+00:00,87.0,88.0,,21.1813774,72.8041714,17.19999885559082,-0.484,0.041,0.891,,0.0,0.0,0.0,,,,,0.0,0.0,29.0,0.0003323999999977,0.0028764999999992,37.24,88.0,36.5,1
60304,SO-1202,Head Constable Vivek Joshi,Head Constable,57,2026-07-27 15:18:37+00:00,91.0,88.0,,21.1810804,72.8014603,14.999996185302734,-0.47,0.037,0.895,,0.0,0.0,0.0,,,,,0.0,0.0,30.0,-0.0002969999999997,-0.002711099999999,33.9,88.0,36.5,1
60307,SO-1202,Head Constable Vivek Joshi,Head Constable,57,2026-07-27 15:19:07+00:00,92.0,88.0,,21.1810688,72.8013997,15.099998474121094,-0.477,0.039,0.897,,0.0,0.0,0.0,,,,,0.0,0.0,30.0,-1.160000000055561e-05,-6.059999999763477e-05,0.77,88.0,36.5,2
60310,SO-1202,Head Constable Vivek Joshi,Head Constable,57,2026-07-27 15:19:37+00:00,93.0,88.0,,21.1811003,72.8014503,14.999996185302734,-0.472,0.049,0.896,,0.0,0.0,0.0,,,,,0.0,0.0,30.0,3.150000000218256e-05,5.059999999446063e-05,0.76,88.0,36.5,2
60313,SO-1202,Head Constable Vivek Joshi,Head Constable,57,2026-07-27 15:20:07+00:00,100.0,88.0,,21.1813832,72.8041678,17.19999885559082,0.132,0.521,-0.832,,0.0,0.0,0.0,,,,,0.0,0.0,30.0,0.0002828999999984,0.0027175000000028,33.96,88.0,36.5,1
60316,SO-1202,Head Constable Vivek Joshi,Head Constable,57,2026-07-27 15:20:37+00:00,98.0,83.0,,21.1811984,72.8012828,17.499998092651367,-1.792,-0.004,0.293,,0.0,0.0,0.0,,,,,0.0,0.0,30.0,-0.0001847999999995,-0.0028850000000062,35.92,83.0,36.5,1
60319,SO-1202,Head Constable Vivek Joshi,Head Constable,57,2026-07-27 15:21:07+00:00,96.0,85.0,,21.1811759,72.8012509,18.0,-0.856,0.32,0.387,,0.0,0.0,0.0,,,,,0.0,0.0,30.0,-2.250000000003638e-05,-3.189999999619886e-05,0.5,85.0,36.5,1
60322,SO-1202,Head Constable Vivek Joshi,Head Constable,57,2026-07-27 15:21:37+00:00,86.0,83.0,,21.1811328,72.8013072,18.0,-0.45,0.153,0.896,,0.0,0.0,0.0,,,,,0.0,0.0,30.0,-4.3099999999185457e-05,5.629999999712254e-05,0.9,83.0,36.5,1
60325,SO-1202,Head Constable Vivek Joshi,Head Constable,57,2026-07-27 15:22:07+00:00,91.0,72.0,,21.1811679,72.8012562,18.0,-0.871,0.484,0.652,,0.0,0.0,0.0,,,,,0.0,0.0,30.0,3.509999999806723e-05,-5.099999999913507e-05,0.79,72.0,36.5,1
60328,SO-1202,Head Constable Vivek Joshi,Head Constable,57,2026-07-27 15:22:37+00:00,96.0,83.0,,21.1811872,72.8012522,17.499998092651367,-0.369,-0.878,0.211,,0.0,0.0,0.0,,,,,0.0,0.0,30.0,1.930000000172072e-05,-4.0000000041118255e-06,0.26,83.0,36.5,1
60331,SO-1202,Head Constable Vivek Joshi,Head Constable,57,2026-07-27 15:23:07+00:00,97.0,88.0,,21.1811729,72.8012706,17.499998092651367,-0.947,0.256,0.218,,0.0,0.0,0.0,,,,,0.0,0.0,30.0,-1.430000000013365e-05,1.8400000001861372e-05,0.3,88.0,36.5,2
60334,SO-1202,Head Constable Vivek Joshi,Head Constable,57,2026-07-27 15:23:37+00:00,100.0,88.0,,21.1811549,72.8012536,18.0,-0.873,-0.08,0.491,,0.0,0.0,0.0,,,,,0.0,0.0,30.0,-1.8000000000739647e-05,-1.699999999971169e-05,0.32,88.0,36.5,2
60337,SO-1202,Head Constable Vivek Joshi,Head Constable,57,2026-07-27 15:24:07+00:00,99.0,77.0,,21.1811857,72.8012492,17.499998092651367,0.265,0.651,-0.715,,0.0,0.0,0.0,,,,,0.0,0.0,30.0,3.080000000110772e-05,-4.39999999457541e-06,0.41,77.0,36.5,2
60340,SO-1202,Head Constable Vivek Joshi,Head Constable,57,2026-07-27 15:24:37+00:00,80.0,79.0,,21.1811859,72.8012454,17.499998092651367,0.143,0.574,-0.801,,0.0,0.0,0.0,,,,,0.0,0.0,30.0,1.999999987845058e-07,-3.800000001774606e-06,0.05,79.0,36.5,0
60343,SO-1202,Head Constable Vivek Joshi,Head Constable,57,2026-07-27 15:25:07+00:00,83.0,87.0,,21.1813799,72.8041733,17.19999885559082,-0.199,0.791,-0.187,,0.0,0.0,0.0,,,,,0.0,0.0,30.0,0.0001940000000004,0.002927900000003,36.46,87.0,36.5,1
60346,SO-1202,Head Constable Vivek Joshi,Head Constable,57,2026-07-27 15:25:37+00:00,83.0,75.0,,21.1810401,72.8012167,15.099998474121094,-0.175,0.825,-0.084,,0.0,0.0,0.0,,,,,0.0,0.0,30.0,-0.000339799999999,-0.0029566000000045,37.0,75.0,36.5,1
60350,SO-1202,Head Constable Vivek Joshi,Head Constable,57,2026-07-27 15:26:07+00:00,99.0,88.0,,21.1810207,72.8012421,15.099998474121094,-0.278,0.707,0.678,,0.0,0.0,0.0,,,,,0.0,0.0,30.0,-1.9399999999336615e-05,2.539999999839893e-05,0.41,88.0,36.5,2
60355,SO-1202,Head Constable Vivek Joshi,Head Constable,57,2026-07-27 15:26:37+00:00,94.0,88.0,,21.1810544,72.8012164,15.099998474121094,-0.273,0.595,0.787,,0.0,0.0,0.0,,,,,0.0,0.0,30.0,3.3699999999470265e-05,-2.5699999994799327e-05,0.55,88.0,36.5,2
60360,SO-1202,Head Constable Vivek Joshi,Head Constable,57,2026-07-27 15:27:07+00:00,96.0,88.0,,21.1810464,72.8012122,15.099998474121094,-0.309,0.679,0.688,,0.0,0.0,0.0,,,,,0.0,0.0,30.0,-8.000000001118224e-06,-4.200000006449045e-06,0.12,88.0,36.5,2
60367,SO-1202,Head Constable Vivek Joshi,Head Constable,57,2026-07-27 15:27:50+00:00,100.0,88.0,,21.1810267,72.8012285,15.099998474121094,-0.231,0.706,0.7,,0.0,0.0,0.0,,,,,0.0,0.0,43.0,-1.969999999928973e-05,1.629999999863685e-05,0.23,88.0,36.5,2
60372,SO-1202,Head Constable Vivek Joshi,Head Constable,57,2026-07-27 15:28:22+00:00,88.0,88.0,,21.1810528,72.8012149,15.099998474121094,-0.31,0.67,0.7,,0.0,0.0,0.0,,,,,0.0,0.0,32.0,2.6099999999473766e-05,-1.3599999988400668e-05,0.36,88.0,36.5,0
60379,SO-1202,Head Constable Vivek Joshi,Head Constable,57,2026-07-27 15:28:52+00:00,91.0,88.0,,21.1810486,72.8012204,15.099998474121094,-0.307,0.644,0.721,,0.0,0.0,0.0,,,,,0.0,0.0,30.0,-4.199999999343618e-06,5.50000000032469e-06,0.09,88.0,36.5,2
60385,SO-1202,Head Constable Vivek Joshi,Head Constable,57,2026-07-27 15:29:22+00:00,89.0,88.0,,21.181052,72.8012171,15.099998474121094,-0.311,0.645,0.718,,0.0,0.0,0.0,,,,,0.0,0.0,30.0,3.4000000006528808e-06,-3.3000000030369847e-06,0.06,88.0,36.5,0
60391,SO-1202,Head Constable Vivek Joshi,Head Constable,57,2026-07-27 15:29:52+00:00,90.0,88.0,,21.1810216,72.8012376,15.099998474121094,-1.124,0.27,-0.188,,0.0,0.0,0.0,,,,,0.0,0.0,30.0,-3.039999999998599e-05,2.049999999087504e-05,0.48,88.0,36.5,0
60397,SO-1202,Head Constable Vivek Joshi,Head Constable,57,2026-07-27 15:30:22+00:00,91.0,84.0,,21.1810309,72.8012214,15.099998474121094,-0.263,1.04,-0.194,,0.0,0.0,0.0,,,,,0.0,0.0,30.0,9.299999998546582e-06,-1.6199999990362812e-05,0.24,84.0,36.5,2
60404,SO-1202,Head Constable Vivek Joshi,Head Constable,57,2026-07-27 15:30:52+00:00,94.0,88.0,,21.1810213,72.8012308,15.099998474121094,-0.962,-0.091,-0.159,,0.0,0.0,0.0,,,,,0.0,0.0,30.0,-9.599999998499698e-06,9.399999996162478e-06,0.17,88.0,36.5,2
60411,SO-1202,Head Constable Vivek Joshi,Head Constable,57,2026-07-27 15:31:22+00:00,86.0,89.0,,21.1810193,72.8012378,15.099998474121094,-0.88,0.261,0.427,,0.0,0.0,0.0,,,,,0.0,0.0,30.0,-2.0000000020559128e-06,6.999999996537554e-06,0.09,89.0,36.5,0
60418,SO-1202,Head Constable Vivek Joshi,Head Constable,57,2026-07-27 15:31:52+00:00,83.0,88.0,,21.1810218,72.8012364,15.099998474121094,-0.884,0.267,0.405,,0.0,0.0,0.0,,,,,0.0,0.0,30.0,2.500000000793534e-06,-1.4000000021496817e-06,0.04,88.0,36.5,0
60425,SO-1202,Head Constable Vivek Joshi,Head Constable,57,2026-07-27 15:32:25+00:00,95.0,83.0,,21.1810523,72.801216,15.099998474121094,-0.586,0.688,0.204,,0.0,0.0,0.0,,,,,0.0,0.0,33.0,3.0500000001154604e-05,-2.0399999996811857e-05,0.44,83.0,36.5,2
60432,SO-1202,Head Constable Vivek Joshi,Head Constable,57,2026-07-27 15:32:55+00:00,82.0,88.0,,21.1810281,72.8011971,15.099998474121094,-0.981,-0.078,-0.272,,0.0,0.0,0.0,,,,,0.0,0.0,30.0,-2.4200000002139177e-05,-1.8900000000598993e-05,0.4,88.0,36.5,0
60439,SO-1202,Head Constable Vivek Joshi,Head Constable,57,2026-07-27 15:33:25+00:00,86.0,87.0,,21.1810393,72.801181,15.099998474121094,-0.821,-0.345,-0.409,,0.0,0.0,0.0,,,,,0.0,0.0,30.0,1.1199999999433883e-05,-1.609999999629963e-05,0.25,87.0,36.5,0
60446,SO-1202,Head Constable Vivek Joshi,Head Constable,57,2026-07-27 15:33:55+00:00,91.0,86.0,,21.1810223,72.8012275,15.099998474121094,-0.729,0.661,-0.174,,0.0,0.0,0.0,,,,,0.0,0.0,30.0,-1.699999999971169e-05,4.6499999996285624e-05,0.62,86.0,36.5,2
60453,SO-1202,Head Constable Vivek Joshi,Head Constable,57,2026-07-27 15:34:25+00:00,94.0,86.0,,21.1810171,72.8012185,15.099998474121094,-0.364,0.933,-0.03,,0.0,0.0,0.0,,,,,0.0,0.0,30.0,-5.200000000371574e-06,-8.999999991488039e-06,0.13,86.0,36.5,2
60460,SO-1202,Head Constable Vivek Joshi,Head Constable,57,2026-07-27 15:34:55+00:00,92.0,88.0,,21.1810229,72.8012271,15.099998474121094,-0.317,0.978,0.011,,0.0,0.0,0.0,,,,,0.0,0.0,30.0,5.800000000277805e-06,8.600000001024455e-06,0.13,88.0,36.5,2
60467,SO-1202,Head Constable Vivek Joshi,Head Constable,57,2026-07-27 15:35:25+00:00,86.0,86.0,,21.1810304,72.8012254,15.099998474121094,-0.135,0.895,-0.084,,0.0,0.0,0.0,,,,,0.0,0.0,30.0,7.500000002380602e-06,-1.6999999985500835e-06,0.1,86.0,36.5,0
60474,SO-1202,Head Constable Vivek Joshi,Head Constable,57,2026-07-27 15:35:55+00:00,95.0,72.0,,21.1810988,72.8012081,17.799999237060547,-0.458,1.189,-0.087,,0.0,0.0,0.0,,,,,0.0,0.0,30.0,6.839999999996849e-05,-1.7300000010322947e-05,0.94,72.0,36.5,2
60481,SO-1202,Head Constable Vivek Joshi,Head Constable,57,2026-07-27 15:36:25+00:00,83.0,69.0,,21.1811161,72.8012361,24.299999237060547,-0.156,1.42,-0.28,,0.0,0.0,0.0,,,,,0.0,0.0,30.0,1.7299999999664806e-05,2.800000000036107e-05,0.42,69.0,36.5,0
60488,SO-1202,Head Constable Vivek Joshi,Head Constable,57,2026-07-27 15:36:55+00:00,93.0,87.0,,21.1811412,72.8011425,14.799999237060549,-0.522,0.814,-0.245,,0.0,0.0,0.0,,,,,0.0,0.0,30.0,2.509999999844581e-05,-9.35999999995829e-05,1.21,87.0,36.5,2
60495,SO-1202,Head Constable Vivek Joshi,Head Constable,57,2026-07-27 15:37:26+00:00,88.0,63.0,,21.1811155,72.8012428,24.299999237060547,-0.481,1.097,-0.054,,0.0,0.0,0.0,,,,,0.0,0.0,31.0,-2.569999999835204e-05,0.0001002999999997,1.25,63.0,36.5,0
60503,SO-1202,Head Constable Vivek Joshi,Head Constable,57,2026-07-27 15:38:03+00:00,85.0,84.0,,21.1811857,72.8016297,16.80000114440918,-0.207,0.831,0.402,,0.0,0.0,0.0,,,,,0.0,0.0,37.0,7.019999999968718e-05,0.0003869000000094,3.97,84.0,36.5,0
60510,SO-1202,Head Constable Vivek Joshi,Head Constable,57,2026-07-27 15:38:33+00:00,86.0,81.0,,21.1811842,72.8016264,16.80000114440918,-0.627,0.554,0.835,,0.0,0.0,0.0,,,,,0.0,0.0,30.0,-1.4999999997655775e-06,-3.3000000030369847e-06,0.05,81.0,36.5,0
60517,SO-1202,Head Constable Vivek Joshi,Head Constable,57,2026-07-27 15:39:03+00:00,82.0,84.0,,21.181184,72.8016244,16.80000114440918,-0.938,0.129,-0.293,,0.0,0.0,0.0,,,,,0.0,0.0,30.0,-2.0000000233721948e-07,-2.00000000916134e-06,0.02,84.0,36.5,0
60524,SO-1202,Head Constable Vivek Joshi,Head Constable,57,2026-07-27 15:39:33+00:00,100.0,88.0,,21.1811847,72.8016249,16.80000114440918,-0.218,0.417,0.907,,0.0,0.0,0.0,,,,,0.0,0.0,30.0,7.000000010748408e-07,4.999999987376214e-07,0.01,88.0,36.5,2
60531,SO-1202,Head Constable Vivek Joshi,Head Constable,57,2026-07-27 15:40:03+00:00,81.0,86.0,,21.1811842,72.8016267,16.80000114440918,0.625,-0.669,-0.466,,0.0,0.0,0.0,,,,,0.0,0.0,30.0,-4.999999987376214e-07,1.8000000068241206e-06,0.02,86.0,36.5,0
60538,SO-1202,Head Constable Vivek Joshi,Head Constable,57,2026-07-27 15:40:33+00:00,91.0,79.0,,21.181184,72.8016283,16.80000114440918,-0.765,0.409,-0.467,,0.0,0.0,0.0,,,,,0.0,0.0,30.0,-2.0000000233721948e-07,1.6000000044869012e-06,0.02,79.0,36.5,2
60545,SO-1202,Head Constable Vivek Joshi,Head Constable,57,2026-07-27 15:41:03+00:00,100.0,88.0,,21.1811779,72.8016202,16.80000114440918,-0.255,0.407,-0.87,,0.0,0.0,0.0,,,,,0.0,0.0,30.0,-6.099999996678207e-06,-8.100000002286833e-06,0.13,88.0,36.5,2
60552,SO-1202,Head Constable Vivek Joshi,Head Constable,57,2026-07-27 15:41:33+00:00,92.0,81.0,,21.1811852,72.8016303,16.80000114440918,-0.826,0.066,-0.709,,0.0,0.0,0.0,,,,,0.0,0.0,30.0,7.300000000043383e-06,1.009999999723732e-05,0.16,81.0,36.5,2
60559,SO-1202,Head Constable Vivek Joshi,Head Constable,57,2026-07-27 15:42:03+00:00,94.0,85.0,,21.181184,72.8016244,16.80000114440918,-0.318,0.288,0.178,,0.0,0.0,0.0,,,,,0.0,0.0,30.0,-1.200000003365176e-06,-5.900000004999129e-06,0.08,85.0,36.5,2
60566,SO-1202,Head Constable Vivek Joshi,Head Constable,57,2026-07-27 15:42:33+00:00,86.0,75.0,,21.1811851,72.8016233,16.80000114440918,-0.941,0.317,-0.114,,0.0,0.0,0.0,,,,,0.0,0.0,30.0,1.100000002196566e-06,-1.099999991538425e-06,0.02,75.0,36.5,0
60572,SO-1202,Head Constable Vivek Joshi,Head Constable,57,2026-07-27 15:43:03+00:00,91.0,87.0,,21.1811829,72.8016255,16.80000114440918,-0.818,0.293,-0.45,,0.0,0.0,0.0,,,,,0.0,0.0,30.0,-2.2000000008404186e-06,2.199999997287705e-06,0.04,87.0,36.5,2
60578,SO-1202,Head Constable Vivek Joshi,Head Constable,57,2026-07-27 15:43:33+00:00,86.0,88.0,,21.181185,72.801629,16.80000114440918,-0.971,0.043,0.256,,0.0,0.0,0.0,,,,,0.0,0.0,30.0,2.099999999671809e-06,3.500000005374204e-06,0.05,88.0,36.5,0
60584,SO-1202,Head Constable Vivek Joshi,Head Constable,57,2026-07-27 15:44:03+00:00,90.0,88.0,,21.1811839,72.8016225,16.80000114440918,-0.866,0.256,-0.406,,0.0,0.0,0.0,,,,,0.0,0.0,30.0,-1.0999999986438525e-06,-6.500000012010787e-06,0.08,88.0,36.5,0
60590,SO-1202,Head Constable Vivek Joshi,Head Constable,57,2026-07-27 15:44:33+00:00,91.0,87.0,,21.1811829,72.8016255,16.80000114440918,-0.824,0.303,-0.476,,0.0,0.0,0.0,,,,,0.0,0.0,30.0,-1.0000000010279564e-06,3.000000006636583e-06,0.04,87.0,36.5,2
60596,SO-1202,Head Constable Vivek Joshi,Head Constable,57,2026-07-27 15:45:10+00:00,88.0,84.0,,21.1811837,72.8016251,16.80000114440918,-0.89,0.208,-0.35,,0.0,0.0,0.0,,,,,0.0,0.0,37.0,7.999999986907369e-07,-4.0000000467443897e-07,0.01,84.0,36.5,0
60603,SO-1202,Head Constable Vivek Joshi,Head Constable,57,2026-07-27 15:45:43+00:00,86.0,88.0,,21.1811831,72.8016248,16.80000114440918,-0.528,0.51,0.696,,0.0,0.0,0.0,,,,,0.0,0.0,33.0,-5.999999999062311e-07,-2.999999964004019e-07,0.01,88.0,36.5,0
60612,SO-1202,Head Constable Vivek Joshi,Head Constable,57,2026-07-27 15:46:26+00:00,81.0,88.0,,21.1811843,72.801621,16.80000114440918,-0.731,0.277,-0.606,,0.0,0.0,0.0,,,,,0.0,0.0,43.0,1.200000003365176e-06,-3.800000001774606e-06,0.03,88.0,36.5,0
60620,SO-1202,Head Constable Vivek Joshi,Head Constable,57,2026-07-27 15:47:13+00:00,94.0,88.0,,21.1811859,72.8016263,16.80000114440918,0.033,0.641,-0.739,,0.0,0.0,0.0,,,,,0.0,0.0,47.0,1.5999999973814738e-06,5.29999999798747e-06,0.04,88.0,36.5,2
60629,SO-1202,Head Constable Vivek Joshi,Head Constable,57,2026-07-27 15:47:57+00:00,100.0,86.0,,21.1811245,72.8013316,16.80000114440918,0.208,0.693,-0.681,,0.0,0.0,0.0,,,,,0.0,0.0,44.0,-6.139999999987822e-05,-0.0002946999999977,2.56,86.0,36.5,2
60636,SO-1202,Head Constable Vivek Joshi,Head Constable,57,2026-07-27 15:48:41+00:00,93.0,88.0,,21.1811843,72.8016255,16.80000114440918,-0.653,0.468,0.588,,0.0,0.0,0.0,,,,,0.0,0.0,44.0,5.9800000002496745e-05,0.0002939000000026,2.55,88.0,36.5,2
60643,SO-1202,Head Constable Vivek Joshi,Head Constable,57,2026-07-27 15:49:11+00:00,93.0,88.0,,21.1811798,72.801619,16.80000114440918,-0.889,-0.529,-0.446,,0.0,0.0,0.0,,,,,0.0,0.0,30.0,-4.500000002849447e-06,-6.499999997799932e-06,0.1,88.0,36.5,2
60648,SO-1202,Head Constable Vivek Joshi,Head Constable,57,2026-07-27 15:49:40+00:00,96.0,88.0,,21.1811831,72.8016248,16.80000114440918,-0.377,0.296,-0.866,,0.0,0.0,0.0,,,,,0.0,0.0,29.0,3.299999999484271e-06,5.7999999967250915e-06,0.09,88.0,36.5,2
60655,SO-1202,Head Constable Vivek Joshi,Head Constable,57,2026-07-27 15:50:11+00:00,85.0,88.0,,21.1811859,72.8016227,16.80000114440918,0.067,1.021,0.861,,0.0,0.0,0.0,,,,,0.0,0.0,31.0,2.8000000007466497e-06,-2.1000000032245225e-06,0.04,88.0,36.5,0
60661,SO-1202,Head Constable Vivek Joshi,Head Constable,57,2026-07-27 15:50:41+00:00,91.0,88.0,,21.1811847,72.8016252,16.80000114440918,-0.715,-0.046,-0.592,,0.0,0.0,0.0,,,,,0.0,0.0,30.0,-1.1999999998124622e-06,2.5000000078989615e-06,0.03,88.0,36.5,2
60667,SO-1202,Head Constable Vivek Joshi,Head Constable,57,2026-07-27 15:51:11+00:00,93.0,88.0,,21.1811855,72.801622,16.80000114440918,-0.597,0.142,-0.75,,0.0,0.0,0.0,,,,,0.0,0.0,30.0,8.000000022434506e-07,-3.2000000089738023e-06,0.04,88.0,36.5,2
60672,SO-1202,Head Constable Vivek Joshi,Head Constable,57,2026-07-27 15:51:41+00:00,84.0,88.0,,21.1811848,72.8016239,16.80000114440918,-0.745,0.242,-0.589,,0.0,0.0,0.0,,,,,0.0,0.0,30.0,-7.000000010748408e-07,1.900000000887303e-06,0.03,88.0,36.5,0
60676,SO-1202,Head Constable Vivek Joshi,Head Constable,57,2026-07-27 15:52:11+00:00,84.0,88.0,,21.1811852,72.8016235,16.80000114440918,-0.768,0.255,-0.499,,0.0,0.0,0.0,,,,,0.0,0.0,30.0,4.000000011217253e-07,-3.9999999046358425e-07,0.01,88.0,36.5,0
60681,SO-1202,Head Constable Vivek Joshi,Head Constable,57,2026-07-27 15:52:40+00:00,94.0,88.0,,21.1811841,72.8016279,16.80000114440918,-0.827,0.305,-0.412,,0.0,0.0,0.0,,,,,0.0,0.0,29.0,-1.100000002196566e-06,4.39999999457541e-06,0.06,88.0,36.5,2
60686,SO-1202,Head Constable Vivek Joshi,Head Constable,57,2026-07-27 15:53:11+00:00,81.0,88.0,,21.1811927,72.8016194,16.80000114440918,-0.814,0.237,-0.482,,0.0,0.0,0.0,,,,,0.0,0.0,31.0,8.600000001024455e-06,-8.499999992750418e-06,0.15,88.0,36.5,0
60690,SO-1202,Head Constable Vivek Joshi,Head Constable,57,2026-07-27 15:53:40+00:00,85.0,86.0,,21.1811849,72.8016265,16.80000114440918,-0.702,0.228,-0.703,,0.0,0.0,0.0,,,,,0.0,0.0,29.0,-7.799999998781004e-06,7.099999990600736e-06,0.14,86.0,36.5,0
60695,SO-1202,Head Constable Vivek Joshi,Head Constable,57,2026-07-27 15:54:11+00:00,99.0,88.0,,21.181184,72.8016277,16.80000114440918,-0.697,0.297,-0.631,,0.0,0.0,0.0,,,,,0.0,0.0,31.0,-9.000000034120603e-07,1.1999999998124622e-06,0.02,88.0,36.5,2
60699,SO-1202,Head Constable Vivek Joshi,Head Constable,57,2026-07-27 15:54:41+00:00,98.0,87.0,,21.1811863,72.8016255,16.80000114440918,-0.732,0.255,-0.616,,0.0,0.0,0.0,,,,,0.0,0.0,30.0,2.3000000020090283e-06,-2.199999997287705e-06,0.04,87.0,36.5,2
60707,SO-1202,Head Constable Vivek Joshi,Head Constable,57,2026-07-27 15:55:20+00:00,100.0,61.0,,21.181185,72.801629,16.80000114440918,-0.09,-0.494,-0.833,,0.0,0.0,0.0,,,,,0.0,0.0,39.0,-1.300000000981072e-06,3.500000005374204e-06,0.04,61.0,36.5,2
60711,SO-1202,Head Constable Vivek Joshi,Head Constable,57,2026-07-27 15:55:50+00:00,91.0,85.0,,21.1811874,72.8016287,16.80000114440918,-0.163,0.996,-0.027,,0.0,0.0,0.0,,,,,0.0,0.0,30.0,2.3999999996249244e-06,-3.000000106112566e-07,0.03,85.0,36.5,2
60715,SO-1202,Head Constable Vivek Joshi,Head Constable,57,2026-07-27 15:56:20+00:00,95.0,85.0,,21.1812413,72.8013935,16.80000114440918,-0.316,0.947,0.178,,0.0,0.0,0.0,,,,,0.0,0.0,30.0,5.390000000105033e-05,-0.0002351999999916,3.01,85.0,36.5,2
60719,SO-1202,Head Constable Vivek Joshi,Head Constable,57,2026-07-27 15:56:50+00:00,93.0,87.0,,21.1811839,72.8016269,16.80000114440918,-0.536,-0.198,-0.869,,0.0,0.0,0.0,,,,,0.0,0.0,30.0,-5.739999999931911e-05,0.000233399999999,3.0,87.0,36.5,2
60723,SO-1202,Head Constable Vivek Joshi,Head Constable,57,2026-07-27 15:57:21+00:00,97.0,85.0,,21.1811841,72.8016273,16.80000114440918,-0.916,-0.206,-0.212,,0.0,0.0,0.0,,,,,0.0,0.0,31.0,1.999999987845058e-07,4.0000000467443897e-07,0.01,85.0,36.5,2
60727,SO-1202,Head Constable Vivek Joshi,Head Constable,57,2026-07-27 15:57:51+00:00,92.0,86.0,,21.1811755,72.8016196,16.80000114440918,-0.783,-0.032,-0.608,,0.0,0.0,0.0,,,,,0.0,0.0,30.0,-8.600000001024455e-06,-7.70000001182325e-06,0.15,86.0,36.5,2
60731,SO-1202,Head Constable Vivek Joshi,Head Constable,57,2026-07-27 15:58:21+00:00,91.0,88.0,,21.1811842,72.8016281,16.80000114440918,-0.812,0.171,-0.538,,0.0,0.0,0.0,,,,,0.0,0.0,30.0,8.700000002193065e-06,8.500000006961272e-06,0.16,88.0,36.5,2
60734,SO-1202,Head Constable Vivek Joshi,Head Constable,57,2026-07-27 15:58:50+00:00,93.0,87.0,,21.1811849,72.8016241,16.80000114440918,-0.77,0.181,-0.597,,0.0,0.0,0.0,,,,,0.0,0.0,29.0,7.000000010748408e-07,-4.0000000041118255e-06,0.05,87.0,36.5,2
60738,SO-1202,Head Constable Vivek Joshi,Head Constable,57,2026-07-27 15:59:20+00:00,94.0,87.0,,21.1811851,72.8016294,16.80000114440918,-0.571,0.766,0.326,,0.0,0.0,0.0,,,,,0.0,0.0,30.0,1.999999987845058e-07,5.29999999798747e-06,0.07,87.0,36.5,2
60742,SO-1202,Head Constable Vivek Joshi,Head Constable,57,2026-07-27 15:59:50+00:00,94.0,88.0,,21.1811856,72.8016296,16.80000114440918,-0.885,0.113,-0.263,,0.0,0.0,0.0,,,,,0.0,0.0,30.0,4.999999987376214e-07,2.0000000233721948e-07,0.01,88.0,36.5,2
60745,SO-1202,Head Constable Vivek Joshi,Head Constable,57,2026-07-27 16:00:20+00:00,91.0,88.0,,21.1811867,72.80163,16.80000114440918,-0.615,0.454,-0.61,,0.0,0.0,0.0,,,,,0.0,0.0,30.0,1.100000002196566e-06,4.0000000467443897e-07,0.02,88.0,36.5,2
60750,SO-1202,Head Constable Vivek Joshi,Head Constable,57,2026-07-27 16:00:51+00:00,95.0,88.0,,21.1811867,72.8016299,16.80000114440918,-0.947,0.495,0.365,,0.0,0.0,0.0,,,,,0.0,0.0,31.0,0.0,-1.000000082740371e-07,0.0,88.0,36.5,2
60754,SO-1202,Head Constable Vivek Joshi,Head Constable,57,2026-07-27 16:01:20+00:00,91.0,88.0,,21.1811848,72.801629,16.80000114440918,-0.694,0.32,0.573,,0.0,0.0,0.0,,,,,0.0,0.0,29.0,-1.900000000887303e-06,-8.999999892012056e-07,0.03,88.0,36.5,2
60758,SO-1202,Head Constable Vivek Joshi,Head Constable,57,2026-07-27 16:01:50+00:00,91.0,88.0,,21.1811849,72.8016287,16.80000114440918,-0.897,0.002,-0.382,,0.0,0.0,0.0,,,,,0.0,0.0,30.0,1.0000000116860974e-07,-3.000000106112566e-07,0.0,88.0,36.5,2
60762,SO-1202,Head Constable Vivek Joshi,Head Constable,57,2026-07-27 16:02:20+00:00,89.0,79.0,,21.181185,72.801629,16.80000114440918,-0.563,0.471,0.641,,0.0,0.0,0.0,,,,,0.0,0.0,30.0,9.999999761589606e-08,3.000000106112566e-07,0.0,79.0,36.5,0
60766,SO-1202,Head Constable Vivek Joshi,Head Constable,57,2026-07-27 16:02:51+00:00,95.0,88.0,,21.1811829,72.8016255,16.80000114440918,-0.953,-0.091,-0.199,,0.0,0.0,0.0,,,,,0.0,0.0,31.0,-2.099999999671809e-06,-3.500000005374204e-06,0.05,88.0,36.5,2
60768,SO-1202,Head Constable Vivek Joshi,Head Constable,57,2026-07-27 16:03:20+00:00,83.0,87.0,,21.181184,72.8016277,16.80000114440918,-0.953,-0.122,-0.233,,0.0,0.0,0.0,,,,,0.0,0.0,29.0,1.0999999986438525e-06,2.199999997287705e-06,0.03,87.0,36.5,0
60772,SO-1202,Head Constable Vivek Joshi,Head Constable,57,2026-07-27 16:03:50+00:00,90.0,51.0,,21.181185,72.8016284,16.80000114440918,-0.857,0.114,-0.683,,0.0,0.0,0.0,,,,,0.0,0.0,30.0,1.0000000010279564e-06,7.000000010748408e-07,0.02,51.0,36.5,0
60775,SO-1202,Head Constable Vivek Joshi,Head Constable,57,2026-07-27 16:04:20+00:00,92.0,88.0,,21.1811841,72.8016273,16.80000114440918,-0.615,0.084,-0.763,,0.0,0.0,0.0,,,,,0.0,0.0,30.0,-8.999999998593466e-07,-1.099999991538425e-06,0.02,88.0,36.5,2
60778,SO-1202,Head Constable Vivek Joshi,Head Constable,57,2026-07-27 16:04:51+00:00,88.0,87.0,,21.1811845,72.8016259,16.80000114440918,-0.645,0.082,-0.75,,0.0,0.0,0.0,,,,,0.0,0.0,31.0,4.000000011217253e-07,-1.4000000021496817e-06,0.02,87.0,36.5,0
60781,SO-1202,Head Constable Vivek Joshi,Head Constable,57,2026-07-27 16:05:21+00:00,87.0,88.0,,21.181184,72.8016277,16.80000114440918,-0.835,0.089,-0.523,,0.0,0.0,0.0,,,,,0.0,0.0,30.0,-5.00000002290335e-07,1.799999992613266e-06,0.02,88.0,36.5,0
60784,SO-1202,Head Constable Vivek Joshi,Head Constable,57,2026-07-27 16:05:51+00:00,90.0,88.0,,21.181184,72.801627,16.80000114440918,-0.834,0.087,-0.496,,0.0,0.0,0.0,,,,,0.0,0.0,30.0,0.0,-7.000000010748408e-07,0.01,88.0,36.5,0
60786,SO-1202,Head Constable Vivek Joshi,Head Constable,57,2026-07-27 16:06:19+00:00,89.0,88.0,,21.181184,72.801627,16.80000114440918,-0.828,0.078,-0.525,,0.0,0.0,0.0,,,,,0.0,0.0,28.0,0.0,0.0,0.0,88.0,36.5,0
60789,SO-1202,Head Constable Vivek Joshi,Head Constable,57,2026-07-27 16:06:49+00:00,95.0,88.0,,21.1808306,72.8018791,16.80000114440918,-0.857,0.097,-0.472,,0.0,0.0,0.0,,,,,0.0,0.0,30.0,-0.000353399999998,0.0002520999999973,5.65,88.0,36.5,1
60792,SO-1202,Head Constable Vivek Joshi,Head Constable,57,2026-07-27 16:07:19+00:00,87.0,79.0,,21.1808306,72.8018791,16.80000114440918,-0.844,0.092,-0.503,,0.0,0.0,0.0,,,,,0.0,0.0,30.0,0.0,0.0,0.0,79.0,36.5,0
60796,SO-1202,Head Constable Vivek Joshi,Head Constable,57,2026-07-27 16:07:49+00:00,97.0,88.0,,21.1808306,72.8018791,16.80000114440918,-0.84,0.086,-0.505,,0.0,0.0,0.0,,,,,0.0,0.0,30.0,0.0,0.0,0.0,88.0,36.5,2
60800,SO-1202,Head Constable Vivek Joshi,Head Constable,57,2026-07-27 16:08:19+00:00,94.0,88.0,,21.1808306,72.8018791,16.80000114440918,-0.846,0.101,-0.504,,0.0,0.0,0.0,,,,,0.0,0.0,30.0,0.0,0.0,0.0,88.0,36.5,2
60804,SO-1202,Head Constable Vivek Joshi,Head Constable,57,2026-07-27 16:08:49+00:00,93.0,88.0,,21.1808306,72.8018791,16.80000114440918,-0.653,0.118,-0.73,,0.0,0.0,0.0,,,,,0.0,0.0,30.0,0.0,0.0,0.0,88.0,36.5,2
60809,SO-1202,Head Constable Vivek Joshi,Head Constable,57,2026-07-27 16:09:19+00:00,91.0,82.0,,21.1808306,72.8018791,16.80000114440918,-0.895,-0.03,-0.391,,0.0,0.0,0.0,,,,,0.0,0.0,30.0,0.0,0.0,0.0,82.0,36.5,2
60812,SO-1202,Head Constable Vivek Joshi,Head Constable,57,2026-07-27 16:09:49+00:00,92.0,88.0,,21.1808306,72.8018791,16.80000114440918,-0.948,-0.154,-0.212,,0.0,0.0,0.0,,,,,0.0,0.0,30.0,0.0,0.0,0.0,88.0,36.5,2
60817,SO-1202,Head Constable Vivek Joshi,Head Constable,57,2026-07-27 16:10:20+00:00,92.0,88.0,,21.1811841,72.8016279,16.80000114440918,0.447,-0.75,0.625,,0.0,0.0,0.0,,,,,0.0,0.0,31.0,0.0003534999999992,-0.0002511999999939,5.47,88.0,36.5,1
60821,SO-1202,Head Constable Vivek Joshi,Head Constable,57,2026-07-27 16:10:54+00:00,94.0,88.0,,21.1811853,72.801628,16.80000114440918,0.482,-0.697,0.548,,0.0,0.0,0.0,,,,,0.0,0.0,34.0,1.1999999998124622e-06,9.999999406318238e-08,0.01,88.0,36.5,2
60825,SO-1202,Head Constable Vivek Joshi,Head Constable,57,2026-07-27 16:11:21+00:00,85.0,89.0,,21.1811852,72.8016288,16.80000114440918,-0.968,0.347,-0.134,,0.0,0.0,0.0,,,,,0.0,0.0,27.0,-9.999999761589606e-08,8.000000093488779e-07,0.01,89.0,36.5,0
60829,SO-1202,Head Constable Vivek Joshi,Head Constable,57,2026-07-27 16:11:50+00:00,99.0,88.0,,21.1811849,72.801623,16.80000114440918,-0.889,0.195,-0.414,,0.0,0.0,0.0,,,,,0.0,0.0,29.0,-2.999999999531156e-07,-5.7999999967250915e-06,0.07,88.0,36.5,2
60833,SO-1202,Head Constable Vivek Joshi,Head Constable,57,2026-07-27 16:12:20+00:00,99.0,86.0,,21.1811859,72.8016263,16.80000114440918,-0.378,0.195,-0.996,,0.0,0.0,0.0,,,,,0.0,0.0,30.0,9.999999974752427e-07,3.29999998882613e-06,0.04,86.0,36.5,2
60837,SO-1202,Head Constable Vivek Joshi,Head Constable,57,2026-07-27 16:12:50+00:00,87.0,88.0,,21.181113,72.8012422,24.299999237060547,-0.9,0.019,-0.388,,0.0,0.0,0.0,,,,,0.0,0.0,30.0,-7.289999999926522e-05,-0.0003840999999908,4.87,88.0,36.5,1
60841,SO-1202,Head Constable Vivek Joshi,Head Constable,57,2026-07-27 16:13:21+00:00,87.0,83.0,,21.1808306,72.8018791,24.299999237060547,-0.904,0.031,-0.415,,0.0,0.0,0.0,,,,,0.0,0.0,31.0,-0.0002823999999996,0.0006368999999892,8.48,83.0,36.5,1
60845,SO-1202,Head Constable Vivek Joshi,Head Constable,57,2026-07-27 16:13:51+00:00,93.0,88.0,,21.1811146,72.8012437,24.299999237060547,-0.917,0.026,-0.372,,0.0,0.0,0.0,,,,,0.0,0.0,30.0,0.0002840000000006,-0.000635399999993,8.75,88.0,36.5,1
60850,SO-1202,Head Constable Vivek Joshi,Head Constable,57,2026-07-27 16:14:21+00:00,83.0,88.0,,21.1811133,72.8012428,24.299999237060547,-0.909,0.026,-0.397,,0.0,0.0,0.0,,,,,0.0,0.0,30.0,-1.300000000981072e-06,-9.000000034120603e-07,0.02,88.0,36.5,0
60855,SO-1202,Head Constable Vivek Joshi,Head Constable,57,2026-07-27 16:14:51+00:00,84.0,88.0,,21.1811853,72.8016236,16.80000114440918,-0.596,-0.799,0.108,,0.0,0.0,0.0,,,,,0.0,0.0,30.0,7.199999999940587e-05,0.000380800000002,4.83,88.0,36.5,1
60859,SO-1202,Head Constable Vivek Joshi,Head Constable,57,2026-07-27 16:15:21+00:00,87.0,83.0,,21.1811852,72.8016272,16.80000114440918,-0.813,0.195,0.262,,0.0,0.0,0.0,,,,,0.0,0.0,30.0,-9.999999761589606e-08,3.5999999994373866e-06,0.04,83.0,36.5,0
60863,SO-1202,Head Constable Vivek Joshi,Head Constable,57,2026-07-27 16:15:51+00:00,96.0,86.0,,21.1811852,72.8016288,16.80000114440918,-1.5,0.178,-0.633,,0.0,0.0,0.0,,,,,0.0,0.0,30.0,0.0,1.6000000044869012e-06,0.02,86.0,36.5,2
60867,SO-1202,Head Constable Vivek Joshi,Head Constable,57,2026-07-27 16:16:21+00:00,84.0,88.0,,21.1811854,72.801625,16.80000114440918,-0.603,0.348,-0.69,,0.0,0.0,0.0,,,,,0.0,0.0,30.0,1.999999987845058e-07,-3.800000001774606e-06,0.05,88.0,36.5,0
60871,SO-1202,Head Constable Vivek Joshi,Head Constable,57,2026-07-27 16:16:51+00:00,94.0,88.0,,21.1811856,72.8016297,16.80000114440918,-0.925,0.259,0.328,,0.0,0.0,0.0,,,,,0.0,0.0,30.0,1.999999987845058e-07,4.700000005186666e-06,0.06,88.0,36.5,2
60874,SO-1202,Head Constable Vivek Joshi,Head Constable,57,2026-07-27 16:17:21+00:00,88.0,88.0,,21.1811841,72.8016274,16.80000114440918,-0.868,-0.353,-0.379,,0.0,0.0,0.0,,,,,0.0,0.0,30.0,-1.4999999997655775e-06,-2.300000005561742e-06,0.03,88.0,36.5,0
60877,SO-1202,Head Constable Vivek Joshi,Head Constable,57,2026-07-27 16:17:53+00:00,81.0,88.0,,21.1811867,72.8016238,16.80000114440918,-0.818,0.652,0.738,,0.0,0.0,0.0,,,,,0.0,0.0,32.0,2.600000001962144e-06,-3.5999999994373866e-06,0.05,88.0,36.5,0
60880,SO-1202,Head Constable Vivek Joshi,Head Constable,57,2026-07-27 16:18:23+00:00,97.0,88.0,,21.1811856,72.8016271,16.80000114440918,-1.073,0.007,-0.39,,0.0,0.0,0.0,,,,,0.0,0.0,30.0,-1.100000002196566e-06,3.3000000030369847e-06,0.04,88.0,36.5,2
60883,SO-1202,Head Constable Vivek Joshi,Head Constable,57,2026-07-27 16:18:53+00:00,96.0,84.0,,21.1811852,72.8016303,16.80000114440918,-0.43,0.017,-0.907,,0.0,0.0,0.0,,,,,0.0,0.0,30.0,-3.999999975690116e-07,3.1999999947629476e-06,0.04,84.0,36.5,2
60886,SO-1202,Head Constable Vivek Joshi,Head Constable,57,2026-07-27 16:19:23+00:00,90.0,84.0,,21.1811852,72.8016295,16.80000114440918,-0.287,0.157,0.758,,0.0,0.0,0.0,,,,,0.0,0.0,30.0,0.0,-7.999999951380232e-07,0.01,84.0,36.5,0
60889,SO-1202,Head Constable Vivek Joshi,Head Constable,57,2026-07-27 16:19:53+00:00,90.0,86.0,,21.1811859,72.8016263,16.80000114440918,-0.442,-0.014,-0.806,,0.0,0.0,0.0,,,,,0.0,0.0,30.0,6.999999975221272e-07,-3.2000000089738023e-06,0.04,86.0,36.5,0
60893,SO-1202,Head Constable Vivek Joshi,Head Constable,57,2026-07-27 16:20:39+00:00,91.0,84.0,,21.1811843,72.8016267,16.80000114440918,-0.876,0.177,-0.309,,0.0,0.0,0.0,,,,,0.0,0.0,46.0,-1.5999999973814738e-06,4.0000000467443897e-07,0.01,84.0,36.5,2
60897,SO-1202,Head Constable Vivek Joshi,Head Constable,57,2026-07-27 16:21:27+00:00,98.0,87.0,,21.1811847,72.8016273,16.80000114440918,-0.794,-0.048,-0.576,,0.0,0.0,0.0,,,,,0.0,0.0,48.0,3.999999975690116e-07,6.000000070116585e-07,0.01,87.0,36.5,2
60900,SO-1202,Head Constable Vivek Joshi,Head Constable,57,2026-07-27 16:22:14+00:00,93.0,89.0,,21.1811861,72.801624,16.80000114440918,-0.818,0.118,-0.109,,0.0,0.0,0.0,,,,,0.0,0.0,47.0,1.4000000021496817e-06,-3.3000000030369847e-06,0.03,89.0,36.5,2
60903,SO-1202,Head Constable Vivek Joshi,Head Constable,57,2026-07-27 16:23:01+00:00,86.0,81.0,,21.1811865,72.8016246,16.80000114440918,-0.942,0.185,0.153,,0.0,0.0,0.0,,,,,0.0,0.0,47.0,3.999999975690116e-07,5.999999928008037e-07,0.01,81.0,36.5,0
60905,SO-1202,Head Constable Vivek Joshi,Head Constable,57,2026-07-27 16:23:46+00:00,91.0,89.0,,21.1808306,72.8018791,16.80000114440918,-0.688,0.248,0.639,,0.0,0.0,0.0,,,,,0.0,0.0,45.0,-0.0003558999999988,0.0002544999999969,3.8,89.0,36.5,2
60907,SO-1202,Head Constable Vivek Joshi,Head Constable,57,2026-07-27 16:24:16+00:00,92.0,87.0,,21.1811848,72.8016252,16.80000114440918,-0.897,0.035,-0.425,,0.0,0.0,0.0,,,,,0.0,0.0,30.0,0.0003542000000003,-0.0002538999999899,5.67,87.0,36.5,1
60909,SO-1202,Head Constable Vivek Joshi,Head Constable,57,2026-07-27 16:24:46+00:00,83.0,87.0,,21.1811852,72.8016244,16.80000114440918,-0.773,-0.062,-0.237,,0.0,0.0,0.0,,,,,0.0,0.0,30.0,4.000000011217253e-07,-8.000000093488779e-07,0.01,87.0,36.5,0
60911,SO-1202,Head Constable Vivek Joshi,Head Constable,57,2026-07-27 16:25:16+00:00,91.0,88.0,,21.181185,72.8016244,16.80000114440918,-0.975,0.131,0.436,,0.0,0.0,0.0,,,,,0.0,0.0,30.0,-2.0000000233721948e-07,0.0,0.0,88.0,36.5,2
60913,SO-1202,Head Constable Vivek Joshi,Head Constable,57,2026-07-27 16:25:46+00:00,91.0,87.0,,21.1811862,72.8016225,16.80000114440918,-0.739,-0.079,-0.676,,0.0,0.0,0.0,,,,,0.0,0.0,30.0,1.1999999998124622e-06,-1.900000000887303e-06,0.03,87.0,36.5,2
60915,SO-1202,Head Constable Vivek Joshi,Head Constable,57,2026-07-27 16:26:17+00:00,96.0,88.0,,21.1811842,72.8016265,16.80000114440918,-0.842,0.006,-0.512,,0.0,0.0,0.0,,,,,0.0,0.0,31.0,-1.999999998503199e-06,4.0000000041118255e-06,0.05,88.0,36.5,2
60917,SO-1202,Head Constable Vivek Joshi,Head Constable,57,2026-07-27 16:26:47+00:00,88.0,70.0,,21.181185,72.8016244,16.80000114440918,-0.78,0.134,-0.581,,0.0,0.0,0.0,,,,,0.0,0.0,30.0,7.999999986907369e-07,-2.1000000032245225e-06,0.03,70.0,36.5,0
60919,SO-1202,Head Constable Vivek Joshi,Head Constable,57,2026-07-27 16:27:16+00:00,88.0,89.0,,21.181184,72.801627,16.80000114440918,-1.399,0.266,0.007,,0.0,0.0,0.0,,,,,0.0,0.0,29.0,-1.0000000010279564e-06,2.600000001962144e-06,0.04,89.0,36.5,0
60921,SO-1202,Head Constable Vivek Joshi,Head Constable,57,2026-07-27 16:27:46+00:00,89.0,88.0,,21.1811841,72.8016272,16.80000114440918,-0.485,0.08,-0.861,,0.0,0.0,0.0,,,,,0.0,0.0,30.0,1.0000000116860974e-07,2.0000000233721948e-07,0.0,88.0,36.5,0
60923,SO-1202,Head Constable Vivek Joshi,Head Constable,57,2026-07-27 16:28:16+00:00,81.0,88.0,,21.1811813,72.8016224,16.80000114440918,-0.826,-0.09,-0.546,,0.0,0.0,0.0,,,,,0.0,0.0,30.0,-2.8000000007466497e-06,-4.799999999249849e-06,0.07,88.0,36.5,0
60925,SO-1202,Head Constable Vivek Joshi,Head Constable,57,2026-07-27 16:28:46+00:00,100.0,88.0,,21.1811813,72.8016224,16.80000114440918,-0.869,0.015,-0.416,,0.0,0.0,0.0,,,,,0.0,0.0,30.0,0.0,0.0,0.0,88.0,36.5,2
60927,SO-1202,Head Constable Vivek Joshi,Head Constable,57,2026-07-27 16:29:16+00:00,90.0,88.0,,21.1811842,72.8016265,16.80000114440918,-0.307,-0.24,-0.928,,0.0,0.0,0.0,,,,,0.0,0.0,30.0,2.900000001915259e-06,4.099999998175008e-06,0.06,88.0,36.5,0
60929,SO-1202,Head Constable Vivek Joshi,Head Constable,57,2026-07-27 16:29:46+00:00,81.0,88.0,,21.1811855,72.8016218,16.80000114440918,-0.956,0.253,0.128,,0.0,0.0,0.0,,,,,0.0,0.0,30.0,1.300000000981072e-06,-4.699999990975812e-06,0.06,88.0,36.5,0
60931,SO-1202,Head Constable Vivek Joshi,Head Constable,57,2026-07-27 16:30:16+00:00,91.0,86.0,,21.1811852,72.8016288,16.80000114440918,-0.642,-0.174,-0.238,,0.0,0.0,0.0,,,,,0.0,0.0,30.0,-2.999999999531156e-07,6.999999996537554e-06,0.09,86.0,36.5,2
60933,SO-1202,Head Constable Vivek Joshi,Head Constable,57,2026-07-27 16:30:46+00:00,92.0,88.0,,21.1811865,72.8016246,16.80000114440918,-1.057,0.344,0.122,,0.0,0.0,0.0,,,,,0.0,0.0,30.0,1.2999999974283585e-06,-4.200000006449045e-06,0.05,88.0,36.5,2
60935,SO-1202,Head Constable Vivek Joshi,Head Constable,57,2026-07-27 16:31:16+00:00,96.0,86.0,,21.1811853,72.801628,16.80000114440918,-0.927,0.141,-0.308,,0.0,0.0,0.0,,,,,0.0,0.0,30.0,-1.1999999998124622e-06,3.399999997100167e-06,0.05,86.0,36.5,2
60938,SO-1202,Head Constable Vivek Joshi,Head Constable,57,2026-07-27 16:31:46+00:00,86.0,88.0,,21.1811859,72.8016263,16.80000114440918,-0.956,-0.022,0.377,,0.0,0.0,0.0,,,,,0.0,0.0,30.0,5.999999999062311e-07,-1.6999999985500835e-06,0.02,88.0,36.5,0
60941,SO-1202,Head Constable Vivek Joshi,Head Constable,57,2026-07-27 16:32:16+00:00,85.0,88.0,,21.1811847,72.801625,16.80000114440918,-1.2,0.13,-0.14,,0.0,0.0,0.0,,,,,0.0,0.0,30.0,-1.1999999998124622e-06,-1.2999999938756446e-06,0.02,88.0,36.5,0
60944,SO-1202,Head Constable Vivek Joshi,Head Constable,57,2026-07-27 16:32:46+00:00,88.0,88.0,,21.1811852,72.8016234,16.80000114440918,-0.963,0.198,-0.228,,0.0,0.0,0.0,,,,,0.0,0.0,30.0,5.00000002290335e-07,-1.6000000044869012e-06,0.02,88.0,36.5,0
60947,SO-1202,Head Constable Vivek Joshi,Head Constable,57,2026-07-27 16:33:16+00:00,89.0,87.0,,21.1811846,72.801626,16.80000114440918,-0.781,0.104,-0.514,,0.0,0.0,0.0,,,,,0.0,0.0,30.0,-5.999999999062311e-07,2.600000001962144e-06,0.03,87.0,36.5,0
60950,SO-1202,Head Constable Vivek Joshi,Head Constable,57,2026-07-27 16:33:46+00:00,90.0,81.0,,21.1811387,72.8013516,16.80000114440918,-0.773,-0.261,-0.543,,0.0,0.0,0.0,,,,,0.0,0.0,30.0,-4.5899999999932106e-05,-0.000274399999995,3.46,81.0,36.5,0
60953,SO-1202,Head Constable Vivek Joshi,Head Constable,57,2026-07-27 16:34:16+00:00,92.0,85.0,,21.1811438,72.8013572,16.80000114440918,-0.748,-0.089,-0.307,,0.0,0.0,0.0,,,,,0.0,0.0,30.0,5.099999999202964e-06,5.599999994387872e-06,0.1,85.0,36.5,2
60956,SO-1202,Head Constable Vivek Joshi,Head Constable,57,2026-07-27 16:34:46+00:00,94.0,84.0,,21.1811844,72.8016283,16.80000114440918,-0.616,0.152,-0.827,,0.0,0.0,0.0,,,,,0.0,0.0,30.0,4.059999999839192e-05,0.0002711000000061,3.41,84.0,36.5,2
60959,SO-1202,Head Constable Vivek Joshi,Head Constable,57,2026-07-27 16:35:16+00:00,94.0,89.0,,21.1811843,72.8016255,16.80000114440918,-0.91,0.007,-0.401,,0.0,0.0,0.0,,,,,0.0,0.0,30.0,-9.999999761589606e-08,-2.8000000042993634e-06,0.03,89.0,36.5,2
60961,SO-1202,Head Constable Vivek Joshi,Head Constable,57,2026-07-27 16:35:46+00:00,93.0,88.0,,21.1811844,72.8016246,16.80000114440918,-0.712,-0.037,-0.577,,0.0,0.0,0.0,,,,,0.0,0.0,30.0,9.999999761589606e-08,-9.000000034120603e-07,0.01,88.0,36.5,2
60963,SO-1202,Head Constable Vivek Joshi,Head Constable,57,2026-07-27 16:36:16+00:00,93.0,87.0,,21.1811826,72.8016234,16.80000114440918,-0.863,0.019,-0.522,,0.0,0.0,0.0,,,,,0.0,0.0,30.0,-1.7999999997186933e-06,-1.1999999998124622e-06,0.03,87.0,36.5,2
60965,SO-1202,Head Constable Vivek Joshi,Head Constable,57,2026-07-27 16:36:46+00:00,88.0,83.0,,21.1811847,72.8016221,16.80000114440918,-0.899,0.46,0.056,,0.0,0.0,0.0,,,,,0.0,0.0,30.0,2.099999999671809e-06,-1.2999999938756446e-06,0.03,83.0,36.5,0
60967,SO-1202,Head Constable Vivek Joshi,Head Constable,57,2026-07-27 16:37:16+00:00,94.0,82.0,,21.1811839,72.8016261,16.80000114440918,-0.789,0.181,-0.584,,0.0,0.0,0.0,,,,,0.0,0.0,30.0,-7.999999986907369e-07,3.999999989900971e-06,0.05,82.0,36.5,2
60969,SO-1202,Head Constable Vivek Joshi,Head Constable,57,2026-07-27 16:37:46+00:00,90.0,84.0,,21.1811844,72.8016246,16.80000114440918,-0.479,0.065,-0.855,,0.0,0.0,0.0,,,,,0.0,0.0,30.0,4.999999987376214e-07,-1.499999996212864e-06,0.02,84.0,36.5,0
60971,SO-1202,Head Constable Vivek Joshi,Head Constable,57,2026-07-27 16:38:16+00:00,85.0,88.0,,21.1811836,72.8016232,16.80000114440918,-0.788,0.594,0.079,,0.0,0.0,0.0,,,,,0.0,0.0,30.0,-7.999999986907369e-07,-1.4000000021496817e-06,0.02,88.0,36.5,0
60973,SO-1202,Head Constable Vivek Joshi,Head Constable,57,2026-07-27 16:38:52+00:00,95.0,86.0,,21.181184,72.8016244,16.80000114440918,-1.03,0.475,0.112,,0.0,0.0,0.0,,,,,0.0,0.0,36.0,3.999999975690116e-07,1.1999999998124622e-06,0.01,86.0,36.5,2
60975,SO-1202,Head Constable Vivek Joshi,Head Constable,57,2026-07-27 16:39:22+00:00,89.0,88.0,,21.1811856,72.8016271,16.80000114440918,-0.696,0.341,0.381,,0.0,0.0,0.0,,,,,0.0,0.0,30.0,1.6000000009341877e-06,2.700000010236181e-06,0.04,88.0,36.5,0
60977,SO-1202,Head Constable Vivek Joshi,Head Constable,57,2026-07-27 16:39:52+00:00,86.0,88.0,,21.1811867,72.80163,16.80000114440918,-0.943,0.072,-0.669,,0.0,0.0,0.0,,,,,0.0,0.0,30.0,1.100000002196566e-06,2.8999999983625457e-06,0.04,88.0,36.5,0
60979,SO-1202,Head Constable Vivek Joshi,Head Constable,57,2026-07-27 16:40:22+00:00,92.0,87.0,,21.1811875,72.8016319,16.80000114440918,-0.777,0.11,-0.583,,0.0,0.0,0.0,,,,,0.0,0.0,30.0,7.999999986907369e-07,1.900000000887303e-06,0.03,87.0,36.5,2
60981,SO-1202,Head Constable Vivek Joshi,Head Constable,57,2026-07-27 16:40:52+00:00,90.0,86.0,,21.1811868,72.8016297,16.80000114440918,-0.561,-0.415,-0.213,,0.0,0.0,0.0,,,,,0.0,0.0,30.0,-7.000000010748408e-07,-2.199999997287705e-06,0.03,86.0,36.5,0
60983,SO-1202,Head Constable Vivek Joshi,Head Constable,57,2026-07-27 16:41:22+00:00,88.0,88.0,,21.1811845,72.801626,16.80000114440918,-0.588,0.061,-0.8,,0.0,0.0,0.0,,,,,0.0,0.0,30.0,-2.2999999984563142e-06,-3.700000007711424e-06,0.06,88.0,36.5,0
60985,SO-1202,Head Constable Vivek Joshi,Head Constable,57,2026-07-27 16:41:53+00:00,85.0,86.0,,21.1811843,72.8016255,16.80000114440918,-0.947,-0.048,-0.278,,0.0,0.0,0.0,,,,,0.0,0.0,31.0,-1.999999987845058e-07,-4.999999987376214e-07,0.01,86.0,36.5,0
60987,SO-1202,Head Constable Vivek Joshi,Head Constable,57,2026-07-27 16:42:22+00:00,100.0,88.0,,21.1811841,72.8016263,16.80000114440918,-2.0,0.5,0.291,,0.0,0.0,0.0,,,,,0.0,0.0,29.0,-2.0000000233721948e-07,7.999999951380232e-07,0.01,88.0,36.5,1
60989,SO-1202,Head Constable Vivek Joshi,Head Constable,57,2026-07-27 16:42:52+00:00,90.0,88.0,,21.1811844,72.8016256,16.80000114440918,-1.058,0.057,-0.381,,0.0,0.0,0.0,,,,,0.0,0.0,30.0,2.999999999531156e-07,-7.000000010748408e-07,0.01,88.0,36.5,1
60991,SO-1202,Head Constable Vivek Joshi,Head Constable,57,2026-07-27 16:43:22+00:00,80.0,86.0,,21.1811844,72.8016257,16.80000114440918,-0.42,-0.144,-0.86,,0.0,0.0,0.0,,,,,0.0,0.0,30.0,0.0,1.000000082740371e-07,0.0,86.0,36.5,1
60993,SO-1202,Head Constable Vivek Joshi,Head Constable,57,2026-07-27 16:43:52+00:00,91.0,88.0,,21.1811862,72.8016297,16.80000114440918,-0.778,0.466,0.577,,0.0,0.0,0.0,,,,,0.0,0.0,30.0,1.7999999997186933e-06,4.0000000041118255e-06,0.06,88.0,36.5,1
60995,SO-1202,Head Constable Vivek Joshi,Head Constable,57,2026-07-27 16:44:22+00:00,97.0,88.0,,21.1811802,72.8016213,16.80000114440918,-0.701,-0.038,-0.679,,0.0,0.0,0.0,,,,,0.0,0.0,30.0,-5.999999999062311e-06,-8.40000001289809e-06,0.13,88.0,36.5,1
60997,SO-1202,Head Constable Vivek Joshi,Head Constable,57,2026-07-27 16:44:52+00:00,92.0,78.0,,21.1811875,72.8016288,16.80000114440918,-0.191,-0.744,0.657,,0.0,0.0,0.0,,,,,0.0,0.0,30.0,7.300000000043383e-06,7.50000000948603e-06,0.13,78.0,36.5,2
60999,SO-1202,Head Constable Vivek Joshi,Head Constable,57,2026-07-27 16:45:22+00:00,97.0,88.0,,21.1812111,72.8013115,16.80000114440918,-0.509,0.096,-0.856,,0.0,0.0,0.0,,,,,0.0,0.0,30.0,2.3599999998680232e-05,-0.000317300000006,3.95,88.0,36.5,2
61001,SO-1202,Head Constable Vivek Joshi,Head Constable,57,2026-07-27 16:45:52+00:00,91.0,82.0,,21.1811852,72.8016235,16.80000114440918,-0.9,0.063,-0.408,,0.0,0.0,0.0,,,,,0.0,0.0,30.0,-2.5899999997136547e-05,0.000312000000008,3.89,82.0,36.5,2
61003,SO-1202,Head Constable Vivek Joshi,Head Constable,57,2026-07-27 16:46:22+00:00,89.0,80.0,,21.1811856,72.8016221,16.80000114440918,-1.056,0.29,0.25,,0.0,0.0,0.0,,,,,0.0,0.0,30.0,3.999999975690116e-07,-1.4000000021496817e-06,0.02,80.0,36.5,0
61005,SO-1202,Head Constable Vivek Joshi,Head Constable,57,2026-07-27 16:46:52+00:00,81.0,,,21.181185,72.8016244,16.80000114440918,-1.135,0.578,0.266,,0.0,0.0,0.0,,,,,0.0,0.0,30.0,-5.999999999062311e-07,2.2999999913508873e-06,0.03,80.0,36.5,0
61007,SO-1202,Head Constable Vivek Joshi,Head Constable,57,2026-07-27 16:47:22+00:00,94.0,,,21.1811853,72.801628,16.80000114440918,-0.435,0.16,-0.831,,0.0,0.0,0.0,,,,,0.0,0.0,30.0,2.999999999531156e-07,3.5999999994373866e-06,0.04,80.0,36.5,2
61009,SO-1202,Head Constable Vivek Joshi,Head Constable,57,2026-07-27 16:47:52+00:00,87.0,88.0,,21.1811849,72.8016252,16.80000114440918,-0.972,0.058,-0.101,,0.0,0.0,0.0,,,,,0.0,0.0,30.0,-3.999999975690116e-07,-2.7999999900885086e-06,0.04,88.0,36.5,0
61011,SO-1202,Head Constable Vivek Joshi,Head Constable,57,2026-07-27 16:48:22+00:00,83.0,88.0,,21.1811135,72.8012436,24.299999237060547,-0.322,-0.682,0.661,,0.0,0.0,0.0,,,,,0.0,0.0,30.0,-7.140000000305236e-05,-0.0003815999999972,4.83,88.0,36.5,1
61013,SO-1202,Head Constable Vivek Joshi,Head Constable,57,2026-07-27 16:48:52+00:00,100.0,88.0,,21.1811852,72.8016235,16.80000114440918,-0.556,0.357,0.615,,0.0,0.0,0.0,,,,,0.0,0.0,30.0,7.170000000300547e-05,0.0003798999999986,4.81,88.0,36.5,1
61015,SO-1202,Head Constable Vivek Joshi,Head Constable,57,2026-07-27 16:49:22+00:00,92.0,76.0,,21.1811857,72.8016297,16.80000114440918,-0.944,0.381,0.143,,0.0,0.0,0.0,,,,,0.0,0.0,30.0,4.999999987376214e-07,6.2000000013995304e-06,0.08,76.0,36.5,2
61017,SO-1202,Head Constable Vivek Joshi,Head Constable,57,2026-07-27 16:49:52+00:00,95.0,83.0,,21.1811844,72.8016257,16.80000114440918,-0.884,-0.273,-0.343,,0.0,0.0,0.0,,,,,0.0,0.0,30.0,-1.300000000981072e-06,-4.0000000041118255e-06,0.05,83.0,36.5,2
61019,SO-1202,Head Constable Vivek Joshi,Head Constable,57,2026-07-27 16:50:22+00:00,92.0,88.0,,21.1811841,72.8016263,16.80000114440918,-0.939,0.379,0.191,,0.0,0.0,0.0,,,,,0.0,0.0,30.0,-2.999999999531156e-07,5.999999928008037e-07,0.01,88.0,36.5,2
61021,SO-1202,Head Constable Vivek Joshi,Head Constable,57,2026-07-27 16:50:52+00:00,92.0,88.0,,21.181185,72.8016243,16.80000114440918,-0.895,0.102,-0.411,,0.0,0.0,0.0,,,,,0.0,0.0,30.0,8.999999998593466e-07,-1.9999999949504854e-06,0.03,88.0,36.5,2
61023,SO-1202,Head Constable Vivek Joshi,Head Constable,57,2026-07-27 16:51:23+00:00,94.0,87.0,,21.1811846,72.8016259,16.80000114440918,-0.839,0.09,-0.507,,0.0,0.0,0.0,,,,,0.0,0.0,31.0,-3.999999975690116e-07,1.6000000044869012e-06,0.02,87.0,36.5,2
61025,SO-1202,Head Constable Vivek Joshi,Head Constable,57,2026-07-27 16:51:52+00:00,95.0,87.0,,21.1811847,72.8016251,16.80000114440918,-0.766,0.065,-0.596,,0.0,0.0,0.0,,,,,0.0,0.0,29.0,9.999999761589606e-08,-8.000000093488779e-07,0.01,87.0,36.5,2
61027,SO-1202,Head Constable Vivek Joshi,Head Constable,57,2026-07-27 16:52:22+00:00,92.0,87.0,,21.1811859,72.8016263,16.80000114440918,-0.677,0.234,-0.687,,0.0,0.0,0.0,,,,,0.0,0.0,30.0,1.1999999998124622e-06,1.1999999998124622e-06,0.02,87.0,36.5,2
61029,SO-1202,Head Constable Vivek Joshi,Head Constable,57,2026-07-27 16:52:52+00:00,94.0,82.0,,21.1811852,72.8016295,16.80000114440918,-0.775,0.261,-0.552,,0.0,0.0,0.0,,,,,0.0,0.0,30.0,-6.999999975221272e-07,3.2000000089738023e-06,0.04,82.0,36.5,2
61031,SO-1202,Head Constable Vivek Joshi,Head Constable,57,2026-07-27 16:53:22+00:00,87.0,88.0,,21.1811851,72.8016251,16.80000114440918,-0.94,0.161,-0.396,,0.0,0.0,0.0,,,,,0.0,0.0,30.0,-1.0000000116860974e-07,-4.4000000087862645e-06,0.05,88.0,36.5,0
61033,SO-1202,Head Constable Vivek Joshi,Head Constable,57,2026-07-27 16:53:52+00:00,97.0,86.0,,21.1811865,72.8016246,16.80000114440918,-0.733,0.01,-0.66,,0.0,0.0,0.0,,,,,0.0,0.0,30.0,1.399999998596968e-06,-4.999999987376214e-07,0.02,86.0,36.5,2
61035,SO-1202,Head Constable Vivek Joshi,Head Constable,57,2026-07-27 16:54:22+00:00,92.0,88.0,,21.1811863,72.8016255,16.80000114440918,-0.958,0.286,-0.129,,0.0,0.0,0.0,,,,,0.0,0.0,30.0,-1.999999987845058e-07,9.000000034120603e-07,0.01,88.0,36.5,2
61037,SO-1202,Head Constable Vivek Joshi,Head Constable,57,2026-07-27 16:54:52+00:00,92.0,86.0,,21.1811855,72.8016249,16.80000114440918,-0.838,0.758,-0.066,,0.0,0.0,0.0,,,,,0.0,0.0,30.0,-7.999999986907369e-07,-6.000000070116585e-07,0.01,86.0,36.5,2
61039,SO-1202,Head Constable Vivek Joshi,Head Constable,57,2026-07-27 16:55:22+00:00,92.0,85.0,,21.1811845,72.8016266,16.80000114440918,-0.991,0.119,-0.313,,0.0,0.0,0.0,,,,,0.0,0.0,30.0,-1.0000000010279564e-06,1.7000000127609385e-06,0.02,85.0,36.5,2
61041,SO-1202,Head Constable Vivek Joshi,Head Constable,57,2026-07-27 16:56:00+00:00,89.0,68.0,,21.1811851,72.8016244,16.80000114440918,-0.733,0.231,0.276,,0.0,0.0,0.0,,,,,0.0,0.0,38.0,5.999999999062311e-07,-2.2000000114985596e-06,0.02,68.0,36.5,0
61044,SO-1202,Head Constable Vivek Joshi,Head Constable,57,2026-07-27 16:56:38+00:00,92.0,89.0,,21.1811842,72.8016267,16.80000114440918,-0.8,0.103,-0.579,,0.0,0.0,0.0,,,,,0.0,0.0,38.0,-8.999999998593466e-07,2.300000005561742e-06,0.02,89.0,36.5,2
61046,SO-1202,Head Constable Vivek Joshi,Head Constable,57,2026-07-27 16:57:09+00:00,85.0,88.0,,21.1811853,72.801628,16.80000114440918,-0.7,-0.728,0.062,,0.0,0.0,0.0,,,,,0.0,0.0,31.0,1.0999999986438525e-06,1.2999999938756446e-06,0.02,88.0,36.5,0
